-0.0115967	8.77106	
0.00274658	8.77563	
-0.00274658	8.78235	
-0.00183105	8.78143	
-0.0177002	8.77808	
-0.0012207	8.76373	
-0.00854492	8.78448	
-0.00854492	8.78204	
-0.00976562	8.78998	
-0.00427246	8.76526	
-0.00823975	8.78601	
-0.00976562	8.76953	
0.00335693	8.75763	
-0.0100708	8.78723	
0.000610352	8.77991	
-0.00915527	8.7793	
0	8.78845	
0.00610352	8.76465	
-0.00640869	8.78357	
0.000305176	8.77106	
-0.00579834	8.79517	
0.000305176	8.79059	
-0.0119019	8.79181	
-0.00579834	8.77808	
-0.00640869	8.79547	
0	8.80646	
-0.0106812	8.79211	
0.00274658	8.78754	
-0.00946045	8.78754	
0.00183105	8.79028	
-0.0125122	8.7735	
0.00549316	8.7735	
-0.00274658	8.78723	
-0.00854492	8.7735	
-0.00457764	8.78632	
-0.00518799	8.76892	
-0.00946045	8.79211	
0.00305176	8.78052	
-0.00335693	8.7677	
-0.0088501	8.76343	
-0.0112915	8.78235	
-0.00396729	8.79761	
-0.00915527	8.77472	
0.00274658	8.76678	
0.00244141	8.76984	
-0.00915527	8.76099	
0.00671387	8.76373	
0.11261	8.77777	
-0.00732422	8.78479	
0.00457764	8.78174	
-0.0131226	8.75854	
-0.00671387	8.76343	
-0.00610352	8.74023	
0.00152588	8.7561	
-0.00915527	8.72864	
-0.00823975	8.75275	
0.00152588	8.77167	
-0.017395	8.76617	
0.00396729	8.76251	
-0.00305176	8.76129	
-0.00457764	8.77075	
-0.0109863	8.77411	
-0.000915527	8.77228	
-0.00366211	8.75397	
-0.0125122	8.77106	
0.0100708	8.76801	
-0.000610352	8.7674	
-0.00396729	8.75793	
0.00152588	8.72375	
-0.0100708	8.73718	
-0.00640869	8.77258	
0	8.7619	
-0.00640869	8.76862	
-0.00457764	8.7677	
-0.00274658	8.74847	
-0.00457764	8.73474	
0.000610352	8.75549	
-0.00671387	8.74756	
0.00579834	8.74237	
-0.00946045	8.75763	
0.00152588	8.7677	
-0.00183105	8.76404	
-0.0115967	8.77869	
0.00335693	8.77319	
-0.00671387	8.7619	
-0.00793457	8.76617	
-0.00488281	8.77533	
-0.00213623	8.76343	
0.000305176	8.7738	
-0.00579834	8.75763	
-0.0115967	8.76495	
-0.00610352	8.78296	
-0.000305176	8.78448	
0.00274658	8.78906	
-0.00823975	8.76007	
0.0012207	8.75977	
-0.00549316	8.74786	
-0.000610352	8.77045	
0.00152588	8.74817	
-0.00488281	8.74725	
-0.00488281	8.75793	
0	8.7558	
-0.00518799	8.74603	
-0.0161743	8.75305	
-0.00610352	8.75153	
0.000305176	8.77289	
-0.00579834	8.76526	
-0.0140381	8.75519	
0.000305176	8.76648	
-0.00671387	8.7619	
-0.00701904	8.7735	
0.00701904	8.75702	
-0.00213623	8.77502	
-0.00366211	8.76831	
-0.0106812	8.76007	
0.0100708	8.74451	
-0.010376	8.76251	
0.000915527	8.75031	
-0.00762939	8.74115	
0.000610352	8.74115	
-0.0100708	8.74115	
-0.012207	8.74695	
-0.00427246	8.75793	
-0.00762939	8.74817	
-0.00671387	8.74603	
-0.000610352	8.73566	
-0.00457764	8.74573	
-0.00152588	8.73901	
0.00488281	8.74268	
-0.00793457	8.74878	
-0.00152588	8.74146	
-0.000610352	8.7558	
-0.0119019	8.76251	
-0.00579834	8.78235	
-0.00366211	8.74969	
-0.000610352	8.74908	
-0.00732422	8.73383	
0	8.74084	
0.00152588	8.72986	
-0.00732422	8.73077	
-0.00335693	8.7439	
-0.00488281	8.73993	
-0.010376	8.75824	
-0.000915527	8.74237	
-0.00213623	8.75031	
-0.015564	8.74481	
-0.00793457	8.73901	
-0.00396729	8.75153	
0	8.74939	
0.00305176	8.76007	
-0.0112915	8.75092	
-0.00823975	8.75305	
-0.000610352	8.76007	
-0.017395	8.7677	
0.000915527	8.76282	
-0.000915527	8.76984	
-0.00762939	8.75305	
-0.0170898	8.77655	
-0.00274658	8.78143	
0	8.7558	
-0.00793457	8.76831	
0.00946045	8.75854	
-0.00701904	8.76068	
-0.00457764	8.77625	
0.0012207	8.77869	
0.00793457	8.76373	
-0.00640869	8.76892	
0.00396729	8.7674	
-0.00366211	8.76648	
-0.0106812	8.77411	
0.00213623	8.75824	
-0.0119019	8.77625	
-0.00488281	8.77502	
-0.000305176	8.74115	
-0.0152588	8.74146	
-0.00579834	8.76648	
-0.0012207	8.76251	
-0.0100708	8.7796	
0.00823975	8.7735	
-0.00396729	8.77258	
-0.0128174	8.75153	
-0.00640869	8.75336	
0.0109863	8.77197	
-0.00640869	8.75031	
-0.000915527	8.73871	
0.000915527	8.74786	
-0.00457764	8.74664	
-0.00610352	8.74603	
0.000610352	8.74329	
0.000610352	8.77075	
-0.0088501	8.74939	
0	8.74451	
-0.00762939	8.74908	
-0.00366211	8.7561	
0.00152588	8.77014	
-0.0115967	8.77838	
-0.0119019	8.76953	
-0.00335693	8.7793	
-0.0012207	8.76587	
-0.0161743	8.78815	
0.00183105	8.77655	
0.00213623	8.75946	
-0.0131226	8.7558	
0	8.76801	
0.00152588	8.76404	
-0.0128174	8.76526	
0.0012207	8.76221	
0.00152588	8.77838	
-0.00244141	8.76007	
0.00183105	8.75641	
-0.00366211	8.76801	
-0.00915527	8.77228	
-0.00579834	8.7912	
-0.00457764	8.77808	
-0.0100708	8.75824	
0.00244141	8.75214	
-0.0100708	8.76343	
-0.00701904	8.7619	
-0.0088501	8.75702	
-0.00976562	8.75397	
0.00335693	8.76129	
-0.0109863	8.74268	
-0.00549316	8.75031	
-0.00305176	8.75061	
-0.0164795	8.7439	
-0.00457764	8.77014	
-0.00396729	8.77167	
-0.00183105	8.77197	
0.00244141	8.77106	
-0.00213623	8.79364	
0.00183105	8.77075	
-0.0109863	8.75458	
-0.00701904	8.7738	
0.00152588	8.76373	
0.00213623	8.73779	
-0.00335693	8.75549	
-0.00610352	8.74634	
0	8.73535	
0.000610352	8.73077	
-0.00335693	8.7439	
-0.00488281	8.75732	
0.00396729	8.75977	
0.00305176	8.75244	
-0.0012207	8.76038	
-0.0088501	8.76343	
-0.00335693	8.75031	
-0.0012207	8.74481	
0.00701904	8.72803	
-0.00335693	8.74817	
-0.0106812	8.74847	
-0.0106812	8.74329	
-0.010376	8.75732	
-0.00366211	8.73169	
-0.00244141	8.74146	
-0.00457764	8.74786	
-0.00335693	8.74603	
-0.00640869	8.73047	
-0.0088501	8.75854	
-0.0106812	8.75488	
-0.00335693	8.75214	
0.00335693	8.75671	
0.000915527	8.76892	
-0.00427246	8.75336	
-0.00823975	8.77167	
-0.00366211	8.76801	
-0.00305176	8.75305	
0.00915527	8.75946	
0.0012207	8.75671	
-0.00335693	8.7558	
-0.00579834	8.75732	
-0.0149536	8.75885	
-0.00640869	8.76526	
-0.00549316	8.75885	
-0.00244141	8.76495	
-0.00335693	8.75824	
0.00213623	8.74512	
-0.00335693	8.74298	
-0.00976562	8.75061	
0	8.75092	
-0.00396729	8.74298	
-0.000915527	8.75519	
-0.0100708	8.76129	
0.00183105	8.76495	
-0.00213623	8.75519	
-0.00518799	8.75519	
-0.0088501	8.74878	
-0.000610352	8.72833	
-0.00854492	8.73688	
-0.00793457	8.74847	
-0.00274658	8.7439	
0.00244141	8.74298	
-0.0106812	8.73657	
-0.0088501	8.72803	
-0.00427246	8.73779	
0.00244141	8.73962	
-0.00915527	8.73962	
-0.00610352	8.74054	
-0.0106812	8.75763	
-0.00640869	8.73901	
-0.00274658	8.74207	
-0.00701904	8.74115	
-0.00396729	8.73474	
-0.00915527	8.74512	
0.00213623	8.75122	
-0.0012207	8.72742	
0.00152588	8.72253	
-0.00854492	8.71674	
-0.00793457	8.73291	
-0.00274658	8.73444	
0.00854492	8.71979	
-0.00732422	8.71857	
-0.00244141	8.71948	
-0.000305176	8.72559	
0.0115967	8.72101	
0.000915527	8.72833	
-0.00305176	8.71765	
-0.00579834	8.72955	
-0.0109863	8.72925	
0.0012207	8.70636	
-0.00915527	8.71643	
-0.0100708	8.70453	
-0.00274658	8.71643	
0.00183105	8.72955	
-0.0012207	8.72467	
-0.00274658	8.72986	
-0.0161743	8.73322	
-0.00823975	8.72772	
-0.00640869	8.72223	
0.0012207	8.71887	
0.00549316	8.72467	
-0.00701904	8.73291	
-0.00488281	8.73657	
-0.000915527	8.75153	
0.00640869	8.73749	
-0.00213623	8.72314	
-0.00274658	8.74725	
-0.00335693	8.73169	
-0.00823975	8.73413	
-0.00915527	8.73291	
-0.00152588	8.75183	
0.0109863	8.73322	
-0.00823975	8.72986	
-0.00396729	8.73444	
0.00335693	8.72772	
0.00183105	8.72406	
-0.00610352	8.74176	
-0.00427246	8.75092	
0.000915527	8.75183	
0.00976562	8.74054	
-0.00579834	8.73871	
-0.00946045	8.74817	
0.00183105	8.73322	
0.000305176	8.73688	
0.000305176	8.73291	
-0.000305176	8.72986	
0.00152588	8.71429	
-0.00640869	8.73077	
-0.00183105	8.7323	
0.00274658	8.71307	
-0.00335693	8.72803	
-0.00823975	8.71307	
-0.00701904	8.70728	
-0.00488281	8.71277	
0.0012207	8.71216	
-0.0109863	8.73749	
-0.00915527	8.70514	
-0.00213623	8.70117	
0.00244141	8.71002	
-0.00305176	8.71979	
-0.00640869	8.72681	
-0.00213623	8.72925	
0.00518799	8.71155	
0.000305176	8.70789	
-0.00335693	8.71246	
-0.00579834	8.70148	
-0.0115967	8.69843	
-0.00579834	8.69446	
0.00579834	8.68408	
-0.00274658	8.6972	
-0.012207	8.70636	
0.00274658	8.70056	
0.00335693	8.70392	
-0.00335693	8.70483	
-0.0088501	8.70056	
0.00213623	8.71185	
-0.00640869	8.72437	
-0.00610352	8.72162	
-0.0088501	8.73047	
0.00640869	8.74207	
-0.00152588	8.72589	
-0.000915527	8.74146	
-0.00457764	8.74725	
0.00274658	8.74268	
-0.0128174	8.75092	
-0.00518799	8.73779	
-0.00213623	8.73871	
-0.0146484	8.71979	
-0.00946045	8.74756	
-0.00640869	8.73932	
-0.0100708	8.73138	
-0.00579834	8.73199	
0.00244141	8.72559	
0.00518799	8.71582	
0.00549316	8.73901	
-0.0012207	8.74512	
-0.00152588	8.73108	
-0.00549316	8.75824	
-0.0131226	8.70941	
-0.00823975	8.72009	
-0.00457764	8.73596	
0.000915527	8.74146	
-0.00610352	8.72345	
-0.00823975	8.73169	
0.000610352	8.74268	
-0.0109863	8.73657	
-0.00610352	8.74023	
-0.00396729	8.73291	
0.000915527	8.73993	
0.0143433	8.73596	
-0.00976562	8.72955	
-0.010376	8.7323	
-0.0100708	8.72925	
0.00915527	8.73138	
0.000305176	8.7326	
0.00152588	8.73688	
0	8.7265	
0.00244141	8.73657	
-0.00244141	8.72955	
0.00488281	8.73779	
0.00335693	8.72742	
-0.00701904	8.73932	
0.00183105	8.75183	
0.000610352	8.74023	
0.00579834	8.72772	
0.00335693	8.73749	
-0.000610352	8.75092	
0.00366211	8.74329	
0.00335693	8.74542	
-0.00732422	8.72345	
-0.00579834	8.74268	
-0.0143433	8.75153	
-0.00915527	8.72833	
-0.000915527	8.74115	
-0.00213623	8.73932	
0.00335693	8.73444	
-0.000305176	8.74847	
0.00396729	8.73596	
0.000915527	8.7265	
0	8.73169	
-0.00488281	8.74512	
0.00213623	8.73596	
0.00518799	8.7442	
-0.00732422	8.75793	
0.000610352	8.7439	
-0.0167847	8.74329	
-0.0158691	8.73962	
-0.00366211	8.73688	
-0.00213623	8.72131	
-0.0012207	8.71552	
-0.00183105	8.72009	
0.0012207	8.7384	
0.0012207	8.70667	
0.00183105	8.72284	
0.00183105	8.72375	
0.00274658	8.72925	
0.00152588	8.71368	
0.00152588	8.73535	
-0.00823975	8.72772	
-0.00946045	8.70514	
0.00396729	8.69568	
-0.0119019	8.71033	
-0.0109863	8.7146	
-0.00976562	8.7088	
-0.0140381	8.69659	
-0.00701904	8.71399	
-0.00640869	8.70972	
-0.00457764	8.69324	
-0.00427246	8.71124	
0.000610352	8.71796	
-0.00183105	8.72955	
0.00152588	8.72498	
0.00213623	8.70728	
-0.00396729	8.70331	
-0.00457764	8.71704	
-0.00213623	8.7088	
-0.00579834	8.69507	
-0.00488281	8.7085	
-0.0106812	8.69934	
-0.00427246	8.68835	
-0.000915527	8.71002	
-0.000610352	8.71796	
0.0143433	8.70605	
0.00213623	8.71887	
0.00488281	8.71033	
-0.00274658	8.71124	
-0.0115967	8.71216	
-0.00640869	8.71521	
0.00305176	8.70239	
-0.00762939	8.69659	
-0.00701904	8.71185	
-0.0134277	8.7027	
-0.0100708	8.70392	
-0.00976562	8.70117	
-0.00244141	8.70209	
-0.00579834	8.71521	
-0.00671387	8.72375	
0.0012207	8.71613	
0.0012207	8.70178	
-0.00457764	8.72375	
0.00854492	8.71155	
-0.00152588	8.71582	
-0.00701904	8.69019	
-0.00701904	8.7146	
-0.015564	8.70331	
0.00152588	8.71429	
-0.00183105	8.70819	
0.00549316	8.70941	
-0.00854492	8.71368	
-0.0128174	8.7265	
-0.00366211	8.71887	
-0.00366211	8.73138	
-0.000915527	8.72894	
-0.012207	8.71613	
-0.000610352	8.72711	
-0.00946045	8.71552	
-0.00244141	8.72864	
0.00152588	8.69385	
0.00274658	8.71704	
0.00274658	8.73199	
-0.00762939	8.73505	
0.000915527	8.7323	
-0.00610352	8.72375	
0.00793457	8.70422	
0.00152588	8.72437	
-0.00457764	8.71002	
-0.00701904	8.72589	
0.00579834	8.72345	
-0.000610352	8.71185	
-0.000610352	8.72772	
-0.00854492	8.71582	
-0.0115967	8.69568	
-0.00793457	8.70819	
-0.00457764	8.7085	
0.000610352	8.70514	
0.00335693	8.69934	
0	8.69812	
-0.00915527	8.69263	
-0.0088501	8.6969	
-0.000610352	8.68835	
-0.00152588	8.68683	
-0.00427246	8.703	
0.0137329	8.68958	
0.000610352	8.69629	
-0.00946045	8.71002	
-0.0115967	8.71613	
-0.00793457	8.7088	
0.00152588	8.70972	
0.000305176	8.71765	
-0.00823975	8.71857	
0.0100708	8.70514	
-0.00427246	8.72437	
-0.00701904	8.71918	
-0.00915527	8.72498	
-0.00854492	8.72589	
-0.00579834	8.72559	
0.00305176	8.71887	
-0.00396729	8.73199	
-0.0158691	8.73932	
-0.0119019	8.75183	
-0.00579834	8.7439	
-0.00457764	8.75763	
-0.00854492	8.74481	
0.00152588	8.71613	
0.00335693	8.72925	
-0.00366211	8.72162	
-0.00854492	8.71094	
-0.0088501	8.71704	
-0.010376	8.72375	
-0.00946045	8.73138	
-0.00793457	8.73077	
-0.00396729	8.72864	
0.0012207	8.72833	
-0.000610352	8.73169	
-0.00213623	8.74115	
-0.00488281	8.71704	
-0.00823975	8.73566	
-0.00579834	8.73566	
0.00396729	8.7323	
0.000610352	8.7561	
-0.00152588	8.74084	
-0.00701904	8.74725	
-0.0152588	8.73138	
-0.0143433	8.75854	
0.00640869	8.76617	
-0.00152588	8.75305	
-0.00213623	8.74756	
-0.00457764	8.74451	
-0.00946045	8.74115	
-0.00732422	8.73413	
-0.00946045	8.75183	
-0.00915527	8.74603	
-0.00976562	8.74786	
-0.00213623	8.73871	
0.00244141	8.75061	
0.00427246	8.7381	
0.00488281	8.76465	
-0.010376	8.79395	
-0.00701904	8.76923	
-0.0125122	8.75275	
-0.000915527	8.74176	
0.000305176	8.74634	
0.000610352	8.75214	
-0.0183105	8.73077	
-0.00762939	8.75305	
-0.00274658	8.73932	
-0.00823975	8.73779	
-0.00793457	8.73169	
-0.00610352	8.75732	
-0.00213623	8.7558	
0.00946045	8.75336	
0.00305176	8.72772	
0.00152588	8.74298	
-0.00274658	8.74969	
-0.00274658	8.74542	
0.00610352	8.75275	
-0.00244141	8.75702	
0.00732422	8.73352	
-0.00549316	8.74298	
-0.00274658	8.72559	
-0.00335693	8.7207	
0.00701904	8.72986	
0.000305176	8.73627	
-0.000305176	8.72375	
-0.00457764	8.74329	
-0.00976562	8.74084	
-0.00915527	8.72528	
-0.00549316	8.73077	
-0.00244141	8.74115	
-0.00976562	8.71033	
-0.00396729	8.7265	
-0.0100708	8.72894	
-0.00701904	8.72559	
-0.00335693	8.74023	
-0.00671387	8.72925	
-0.00396729	8.74115	
0.00244141	8.73566	
0.00244141	8.73291	
0.000305176	8.74115	
-0.00244141	8.73444	
-0.00152588	8.74451	
0.00488281	8.74512	
0.00427246	8.74664	
0.0100708	8.74512	
-0.0128174	8.74512	
-0.0100708	8.72009	
-0.00579834	8.74054	
-0.0149536	8.74908	
0.00244141	8.76221	
-0.00335693	8.74847	
-0.00366211	8.75214	
-0.00335693	8.74054	
-0.00305176	8.73352	
0.00396729	8.74634	
0.00610352	8.74146	
-0.000915527	8.75	
-0.00946045	8.75916	
-0.00976562	8.75214	
-0.015564	8.72833	
-0.00946045	8.7265	
0.00579834	8.72833	
-0.000915527	8.72009	
-0.00183105	8.72192	
0.00518799	8.74084	
0.0012207	8.71857	
0.00244141	8.74115	
0.00213623	8.74084	
0.00549316	8.74268	
-0.00457764	8.74542	
-0.00549316	8.73535	
-0.00640869	8.72375	
-0.00762939	8.70361	
-0.0088501	8.71521	
-0.00213623	8.72986	
-0.00305176	8.73047	
-0.00549316	8.71979	
-0.000915527	8.73108	
0.00671387	8.72375	
0.00152588	8.72955	
0.00366211	8.71643	
-0.00854492	8.74115	
-0.00396729	8.72162	
-0.00823975	8.71124	
-0.0167847	8.703	
-0.00610352	8.71643	
-0.0112915	8.71246	
-0.00762939	8.7207	
-0.00579834	8.73718	
-0.00976562	8.71399	
-0.0119019	8.69476	
-0.00701904	8.71613	
-0.00732422	8.71552	
-0.00488281	8.71033	
0.00183105	8.71094	
-0.00152588	8.69781	
-0.00488281	8.71857	
0.00335693	8.7088	
0.0146484	8.69934	
0.0012207	8.70178	
0.00213623	8.71552	
0.00213623	8.70819	
-0.00244141	8.69965	
-0.00244141	8.70697	
-0.00366211	8.71094	
0.00518799	8.71185	
-0.00701904	8.70758	
-0.00366211	8.69873	
-0.000610352	8.71033	
-0.0115967	8.70819	
-0.00854492	8.71063	
-0.00396729	8.70514	
0.00366211	8.71521	
-0.00213623	8.69843	
0	8.70422	
0.00244141	8.70331	
0.00213623	8.6969	
-0.00762939	8.6969	
-0.00823975	8.71002	
-0.00244141	8.69476	
-0.000305176	8.72986	
-0.00335693	8.71552	
0.00274658	8.69934	
0.00793457	8.70392	
0.0012207	8.69812	
-0.00579834	8.70819	
-0.00457764	8.70331	
-0.00213623	8.71185	
-0.00518799	8.70361	
-0.00701904	8.70941	
-0.0112915	8.70697	
-0.00976562	8.71307	
-0.00579834	8.70239	
-0.00335693	8.72284	
-0.00640869	8.69965	
-0.00946045	8.71338	
-0.00457764	8.7085	
-0.0186157	8.70392	
-0.0112915	8.68835	
-0.00579834	8.67493	
-0.0106812	8.69385	
-0.00732422	8.70331	
-0.0125122	8.68866	
-0.00579834	8.68591	
-0.0192261	8.69232	
-0.010376	8.6795	
-0.00732422	8.69659	
0.0012207	8.6853	
-0.00457764	8.6795	
0	8.67676	
-0.0088501	8.68378	
0.00823975	8.68774	
0.000610352	8.67798	
-0.00732422	8.66882	
-0.00640869	8.68927	
0.00335693	8.67615	
0.00274658	8.68073	
0.000915527	8.67462	
-0.00671387	8.68805	
0.00671387	8.68469	
-0.00366211	8.69812	
0.00518799	8.67737	
0.0012207	8.68378	
-0.00305176	8.67859	
0.00213623	8.68011	
0.00640869	8.68469	
-0.00213623	8.6792	
0.000305176	8.67859	
0.00335693	8.68225	
0.00579834	8.6731	
0.00335693	8.67004	
0.00244141	8.67493	
0.0128174	8.67004	
0.00488281	8.66699	
0.00213623	8.69171	
-0.00915527	8.68591	
-0.00335693	8.68958	
-0.00183105	8.71002	
-0.00152588	8.69781	
-0.0143433	8.68988	
-0.00457764	8.69965	
-0.00854492	8.67981	
0.00457764	8.6969	
-0.00732422	8.69141	
0.000610352	8.68774	
0.00488281	8.69415	
-0.00640869	8.70148	
-0.00518799	8.71094	
-0.00549316	8.7146	
-0.00427246	8.69934	
0.00183105	8.69171	
-0.000305176	8.71155	
-0.00671387	8.71307	
0.00549316	8.70819	
0.00457764	8.70758	
0.00396729	8.70239	
0.00610352	8.69537	
0.00366211	8.69812	
-0.00457764	8.68469	
-0.0198364	8.70209	
-0.00152588	8.69263	
-0.00732422	8.68896	
-0.010376	8.69385	
-0.00701904	8.703	
0.00335693	8.70972	
-0.00579834	8.6969	
-0.0134277	8.70422	
-0.0100708	8.70941	
-0.00366211	8.68256	
-0.00976562	8.70331	
-0.00244141	8.68317	
-0.00701904	8.69995	
-0.00732422	8.71918	
-0.0213623	8.70514	
-0.0100708	8.71674	
-0.00152588	8.71246	
0.0119019	8.7146	
0.00518799	8.70758	
-0.00366211	8.71857	
-0.00305176	8.72589	
-0.00427246	8.71155	
-0.0143433	8.70911	
0.00244141	8.73444	
-0.000305176	8.71796	
-0.00549316	8.72253	
-0.00518799	8.73535	
-0.00366211	8.72406	
-0.0115967	8.72101	
-0.00183105	8.71796	
0.00457764	8.72345	
-0.00335693	8.72955	
-0.00976562	8.73291	
0.00213623	8.72162	
0.000610352	8.7146	
-0.00366211	8.71918	
-0.00183105	8.73383	
0.0012207	8.71613	
0.00305176	8.72314	
-0.00976562	8.7323	
-0.00946045	8.72498	
0.00274658	8.71246	
0	8.71674	
-0.00854492	8.72467	
-0.000305176	8.71735	
0.00183105	8.71582	
0.00915527	8.72375	
-0.00213623	8.74023	
-0.000305176	8.73383	
0.00213623	8.74176	
-0.00579834	8.73291	
-0.00823975	8.72498	
-0.0012207	8.73199	
0	8.74481	
0.00488281	8.74329	
-0.000305176	8.72253	
0.000610352	8.72864	
-0.00518799	8.72314	
-0.00854492	8.74817	
-0.0106812	8.75031	
-0.00213623	8.77228	
0.000305176	8.76526	
-0.0143433	8.74329	
-0.00335693	8.73749	
-0.00396729	8.72498	
-0.00579834	8.73657	
-0.010376	8.74207	
-0.0088501	8.69629	
0.000305176	8.72101	
0.0109863	8.71185	
0.000610352	8.72742	
0.00335693	8.72101	
0.00274658	8.7085	
-0.00183105	8.71857	
-0.00274658	8.71826	
-0.00946045	8.73383	
-0.0119019	8.72131	
-0.00274658	8.71613	
0.00610352	8.70789	
0.0106812	8.71277	
0.00152588	8.70392	
0.00183105	8.71277	
0.000915527	8.71552	
-0.00274658	8.71033	
-0.0012207	8.7149	
0.000305176	8.7262	
-0.000915527	8.73108	
-0.00274658	8.7262	
-0.00701904	8.71674	
-0.00732422	8.71735	
-0.00518799	8.72467	
-0.00640869	8.72131	
-0.0106812	8.72742	
-0.0134277	8.72009	
-0.0012207	8.72955	
0.00305176	8.71399	
0.00610352	8.72284	
-0.00274658	8.73413	
-0.00793457	8.73291	
-0.0088501	8.72131	
-0.0186157	8.72711	
0.00152588	8.7326	
0.000305176	8.72833	
0.0137329	8.7326	
0.00518799	8.72375	
-0.000610352	8.72772	
0.00274658	8.72528	
0.000610352	8.72498	
0	8.72253	
-0.0106812	8.72742	
-0.010376	8.7326	
-0.0088501	8.73993	
-0.00274658	8.7207	
-0.000610352	8.72742	
-0.00579834	8.71277	
-0.00976562	8.72314	
-0.00762939	8.72131	
-0.00793457	8.70636	
0.00335693	8.70728	
0.00366211	8.70911	
0.00549316	8.71826	
0.00213623	8.7204	
0.00244141	8.73413	
-0.00518799	8.72345	
-0.0170898	8.73047	
-0.0119019	8.72986	
-0.0012207	8.72559	
0.0109863	8.72131	
0.000610352	8.71399	
0.000610352	8.71765	
0.00213623	8.71826	
-0.000610352	8.73413	
0.00335693	8.72589	
0.00152588	8.72711	
0.0012207	8.7146	
-0.00335693	8.73077	
-0.000610352	8.72955	
0.000915527	8.72833	
-0.00305176	8.72406	
0.00488281	8.73199	
-0.0106812	8.7204	
0.0012207	8.71735	
0.00274658	8.73596	
-0.00549316	8.73077	
-0.0170898	8.72375	
-0.0100708	8.71246	
-0.00396729	8.71033	
-0.00854492	8.71399	
-0.00793457	8.71582	
-0.00793457	8.70667	
-0.00946045	8.71826	
-0.0115967	8.71613	
-0.00244141	8.71674	
0.0012207	8.74146	
0.00793457	8.73291	
-0.00579834	8.72742	
-0.000915527	8.71887	
-0.00488281	8.73535	
-0.00457764	8.71979	
-0.00976562	8.7262	
-0.00762939	8.70483	
-0.00152588	8.70697	
0.000305176	8.70514	
-0.00183105	8.71033	
-0.00396729	8.72009	
0.000915527	8.72131	
0.00427246	8.71948	
0.000305176	8.72559	
-0.0100708	8.72131	
-0.0115967	8.72498	
0.00274658	8.71185	
0.00366211	8.71429	
-0.000305176	8.73627	
-0.00915527	8.72803	
-0.0100708	8.73596	
-0.0012207	8.71674	
-0.00274658	8.72314	
-0.0106812	8.72253	
-0.00701904	8.72803	
-0.00976562	8.72131	
-0.00701904	8.72803	
0.000915527	8.72589	
0.00518799	8.73505	
-0.00457764	8.73627	
0.00488281	8.71918	
-0.00823975	8.71704	
-0.00671387	8.72223	
-0.0112915	8.72345	
-0.00701904	8.72955	
0.00213623	8.73016	
-0.00701904	8.72314	
0.00732422	8.72345	
-0.00183105	8.74969	
0.0161743	8.72467	
0.0506592	8.70331	
0.102539	8.66913	
0.264282	8.6026	
0.616455	8.51868	
1.05743	8.42255	
1.47552	8.39905	
1.81122	8.3548	
2.07031	8.33099	
2.27051	8.34015	
2.40204	8.32794	
2.40173	8.30505	
2.26196	8.33282	
2.21558	8.33954	
2.27356	8.3374	
2.35596	8.35358	
2.44324	8.32886	
2.50763	8.33313	
2.56042	8.33496	
2.59125	8.32153	
2.62085	8.31573	
2.64008	8.31909	
2.66357	8.31146	
2.66357	8.31573	
2.67914	8.32611	
2.68127	8.33649	
2.6825	8.33893	
2.68219	8.33954	
2.68738	8.34015	
2.68707	8.31757	
2.68982	8.31543	
2.68524	8.3194	
2.69867	8.32336	
2.68738	8.32458	
2.68738	8.34015	
2.67578	8.31909	
2.68219	8.33496	
2.68066	8.31146	
2.68127	8.3078	
2.68555	8.29926	
2.67944	8.30566	
2.67944	8.31421	
2.68921	8.30566	
2.68585	8.30353	
2.68372	8.29742	
2.68616	8.30963	
2.68799	8.31024	
2.69531	8.32916	
2.67975	8.32153	
2.67914	8.30597	
2.68616	8.3075	
2.68188	8.30414	
2.67731	8.29773	
2.68127	8.32001	
2.68372	8.32062	
2.68158	8.32245	
2.67426	8.33008	
2.68005	8.31848	
2.69104	8.3194	
2.69806	8.31909	
2.68402	8.30688	
2.68646	8.30872	
2.68799	8.31726	
2.68829	8.32153	
2.68341	8.32642	
2.67853	8.33099	
2.6712	8.31207	
2.67731	8.31329	
2.6828	8.31604	
2.69806	8.32336	
2.68951	8.31787	
2.68219	8.32306	
2.67822	8.33374	
2.68463	8.31909	
2.67853	8.33008	
2.6886	8.31024	
2.68707	8.31665	
2.68951	8.31879	
2.67731	8.31299	
2.67334	8.3316	
2.67517	8.32489	
2.68005	8.3316	
2.68677	8.33527	
2.68646	8.33893	
2.68494	8.32916	
2.67822	8.32672	
2.67914	8.3139	
2.6828	8.30353	
2.68982	8.31146	
2.69073	8.30811	
2.68738	8.34076	
2.68463	8.34137	
2.67242	8.31635	
2.68494	8.31268	
2.68921	8.31604	
2.69684	8.30292	
2.6889	8.30994	
2.6767	8.31116	
2.68402	8.31726	
2.68097	8.32092	
2.68829	8.32367	
2.68616	8.31421	
2.68188	8.31116	
2.6828	8.30658	
2.68677	8.3194	
2.69073	8.31787	
2.69531	8.2962	
2.67792	8.30933	
2.67456	8.3075	
2.68341	8.30444	
2.69684	8.30841	
2.67944	8.2959	
2.67853	8.29437	
2.68829	8.29193	
2.68402	8.30017	
2.68768	8.32367	
2.68616	8.30475	
2.67883	8.31421	
2.67975	8.29987	
2.68158	8.29102	
2.68066	8.29285	
2.68829	8.28888	
2.69104	8.27881	
2.67944	8.29895	
2.67975	8.27972	
2.67975	8.28247	
2.67914	8.28247	
2.68738	8.28217	
2.68799	8.30261	
2.69104	8.29956	
2.677	8.26294	
2.6828	8.27942	
2.67914	8.28918	
2.69287	8.2724	
2.69165	8.29254	
2.68341	8.29315	
2.68005	8.29773	
2.69073	8.2962	
2.68005	8.30444	
2.68402	8.30139	
2.6886	8.29041	
2.68005	8.30902	
2.6886	8.29865	
2.68372	8.29834	
2.68341	8.26904	
2.68036	8.29498	
2.68127	8.29468	
2.67029	8.29285	
2.67944	8.27606	
2.68768	8.28583	
2.68524	8.27911	
2.69012	8.28247	
2.6825	8.29926	
2.68097	8.30231	
2.68188	8.29285	
2.68066	8.28247	
2.67914	8.27576	
2.67761	8.28613	
2.69257	8.29315	
2.68341	8.2843	
2.68555	8.26569	
2.67853	8.28094	
2.6886	8.27332	
2.69592	8.28278	
2.67822	8.28064	
2.68219	8.27972	
2.68768	8.28735	
2.68311	8.26996	
2.6889	8.25958	
2.68982	8.27179	
2.6825	8.2782	
2.67883	8.27209	
2.69012	8.2959	
2.68585	8.30353	
2.67212	8.28949	
2.68433	8.28644	
2.69196	8.2785	
2.68799	8.28857	
2.67822	8.2843	
2.67395	8.2962	
2.67914	8.29132	
2.68524	8.29651	
2.68158	8.29407	
2.68372	8.27423	
2.68524	8.2843	
2.6944	8.2959	
2.68951	8.27759	
2.68433	8.26904	
2.67914	8.28735	
2.68799	8.29895	
2.68585	8.29193	
2.6944	8.29437	
2.69287	8.29437	
2.68036	8.30811	
2.68311	8.29712	
2.68311	8.31238	
2.68616	8.29071	
2.69073	8.29681	
2.69043	8.28094	
2.69592	8.29865	
2.69135	8.31268	
2.68707	8.31909	
2.66846	8.30475	
2.68219	8.30048	
2.68921	8.31482	
2.69531	8.30414	
2.68463	8.28827	
2.67456	8.29803	
2.68738	8.28827	
2.68982	8.30811	
2.68799	8.30139	
2.68219	8.30505	
2.66144	8.31085	
2.68768	8.30109	
2.68951	8.29834	
2.68433	8.29163	
2.67761	8.29926	
2.67975	8.29865	
2.68219	8.30719	
2.67731	8.3078	
2.68829	8.29895	
2.69775	8.3017	
2.6886	8.29956	
2.68829	8.31085	
2.68188	8.30658	
2.68341	8.2962	
2.68097	8.29681	
2.68494	8.29559	
2.69135	8.30597	
2.69165	8.29651	
2.67975	8.30475	
2.67212	8.28308	
2.68616	8.28857	
2.68463	8.28094	
2.67334	8.28339	
2.67914	8.29102	
2.6889	8.30505	
2.67975	8.30841	
2.68219	8.28796	
2.68066	8.29041	
2.68738	8.28766	
2.68707	8.29224	
2.68707	8.2959	
2.69135	8.27942	
2.68738	8.28217	
2.69775	8.27301	
2.68768	8.28796	
2.67853	8.28278	
2.68494	8.27972	
2.67975	8.27789	
2.6828	8.27362	
2.68219	8.28888	
2.68616	8.27301	
2.68707	8.26263	
2.68372	8.27026	
2.68036	8.2666	
2.68433	8.27728	
2.68707	8.25897	
2.6886	8.28705	
2.68921	8.29437	
2.68799	8.2843	
2.6828	8.28735	
2.69257	8.2547	
2.69806	8.27118	
2.68585	8.28125	
2.67731	8.28888	
2.69806	8.28796	
2.69073	8.26965	
2.68829	8.26874	
2.68585	8.29254	
2.68311	8.27545	
2.69196	8.27972	
2.68646	8.26874	
2.68219	8.29132	
2.68097	8.2785	
2.67761	8.28217	
2.67883	8.28491	
2.69165	8.29956	
2.6889	8.27972	
2.67334	8.28979	
2.69043	8.29102	
2.68616	8.30566	
2.69226	8.31116	
2.68219	8.31268	
2.69012	8.31665	
2.69348	8.31299	
2.67883	8.3017	
2.68188	8.3075	
2.69562	8.3197	
2.68921	8.30627	
2.68372	8.31604	
2.68036	8.31177	
2.68219	8.30597	
2.6889	8.32947	
2.69073	8.31635	
2.68951	8.3139	
2.68219	8.31818	
2.69104	8.32275	
2.68768	8.31024	
2.68311	8.30719	
2.69012	8.30078	
2.69043	8.29437	
2.6828	8.31909	
2.67853	8.29407	
2.67792	8.30414	
2.69287	8.31543	
2.68463	8.31451	
2.67578	8.31238	
2.69073	8.29987	
2.68616	8.29437	
2.68066	8.30963	
2.67853	8.31207	
2.69073	8.30261	
2.67578	8.3078	
2.68738	8.3078	
2.68341	8.30811	
2.67914	8.33313	
2.67914	8.29529	
2.68677	8.30688	
2.6947	8.31085	
2.68127	8.3252	
2.68158	8.31238	
2.69348	8.32153	
2.68921	8.28949	
2.68097	8.3197	
2.69531	8.29407	
2.69196	8.29437	
2.69012	8.30322	
2.69043	8.31268	
2.68707	8.29376	
2.6944	8.31909	
2.68402	8.31787	
2.67853	8.30627	
2.69318	8.31757	
2.677	8.29987	
2.67792	8.29773	
2.69348	8.31207	
2.677	8.30536	
2.69043	8.29285	
2.69318	8.28796	
2.68951	8.28613	
2.68311	8.27484	
2.67944	8.29132	
2.69043	8.28522	
2.6889	8.27362	
2.67639	8.28979	
2.69073	8.27881	
2.67426	8.29712	
2.69714	8.27301	
2.68158	8.26996	
2.67395	8.28796	
2.69531	8.28979	
2.6828	8.28217	
2.67487	8.28247	
2.68372	8.28705	
2.6889	8.29407	
2.69012	8.2962	
2.68219	8.2959	
2.68921	8.27728	
2.69745	8.28247	
2.68127	8.29437	
2.68188	8.28064	
2.68341	8.26019	
2.68829	8.26599	
2.6825	8.26385	
2.68982	8.26508	
2.69043	8.26385	
2.68158	8.26111	
2.69409	8.25439	
2.69073	8.27057	
2.68005	8.26416	
2.69684	8.24615	
2.6947	8.24402	
2.68585	8.26416	
2.68066	8.25409	
2.67975	8.25775	
2.68646	8.25256	
2.67975	8.26263	
2.68524	8.24921	
2.69409	8.25043	
2.6886	8.27393	
2.68829	8.25836	
2.69379	8.26569	
2.67639	8.26416	
2.68097	8.25928	
2.68555	8.25714	
2.68951	8.26569	
2.67242	8.26813	
2.69348	8.25165	
2.67487	8.26447	
2.67578	8.25348	
2.69287	8.27148	
2.68036	8.2666	
2.69135	8.25531	
2.68982	8.25562	
2.68768	8.26324	
2.67242	8.27759	
2.68066	8.26233	
2.68982	8.25531	
2.68066	8.26141	
2.68463	8.24371	
2.69043	8.25928	
2.67365	8.26233	
2.67517	8.26508	
2.69379	8.2666	
2.68188	8.26904	
2.6944	8.25745	
2.6886	8.26813	
2.68066	8.25958	
2.69318	8.27576	
2.69348	8.26019	
2.68066	8.25867	
2.68585	8.26385	
2.68799	8.26477	
2.69257	8.25897	
2.67883	8.26782	
2.67883	8.25531	
2.69165	8.2605	
2.68433	8.25134	
2.69196	8.26233	
2.6828	8.26691	
2.68494	8.25684	
2.67975	8.26233	
2.68311	8.26294	
2.68219	8.25531	
2.68311	8.26263	
2.68341	8.25104	
2.67914	8.25928	
2.69043	8.25256	
2.6828	8.25409	
2.68188	8.25592	
2.69287	8.24371	
2.69165	8.25165	
2.68951	8.25623	
2.68158	8.25592	
2.69257	8.25623	
2.67853	8.24524	
2.68951	8.23944	
2.6828	8.24982	
2.68036	8.26263	
2.69287	8.2605	
2.68372	8.27026	
2.6825	8.26385	
2.69073	8.26477	
2.68402	8.24829	
2.68677	8.25836	
2.68646	8.26508	
2.69287	8.2431	
2.6828	8.26111	
2.6947	8.25958	
2.6886	8.26477	
2.68646	8.26874	
2.69196	8.25409	
2.69257	8.27118	
2.68585	8.26721	
2.68311	8.26904	
2.68768	8.26843	
2.68433	8.25287	
2.68951	8.29315	
2.68524	8.2843	
2.67822	8.27454	
2.68982	8.25348	
2.68799	8.26996	
2.68616	8.27759	
2.68646	8.28156	
2.68433	8.27728	
2.68097	8.27911	
2.69073	8.27728	
2.6944	8.28339	
2.68188	8.27972	
2.68982	8.27332	
2.69073	8.25928	
2.68097	8.26111	
2.69135	8.25287	
2.68463	8.25989	
2.68646	8.23303	
2.69073	8.23273	
2.6825	8.24371	
2.68311	8.25623	
2.69165	8.23792	
2.68219	8.26111	
2.6825	8.25836	
2.67975	8.25806	
2.69135	8.25958	
2.67944	8.25958	
2.68951	8.26538	
2.68707	8.26416	
2.67944	8.26843	
2.69318	8.25012	
2.69257	8.26324	
2.68036	8.26721	
2.6947	8.26782	
2.6889	8.26324	
2.68066	8.26569	
2.69348	8.26111	
2.68097	8.26416	
2.68829	8.25592	
2.68799	8.26965	
2.68433	8.25989	
2.68951	8.27606	
2.68127	8.26263	
2.68799	8.27698	
2.69196	8.26996	
2.67975	8.25867	
2.68829	8.28796	
2.69043	8.26843	
2.67822	8.28217	
2.69135	8.28766	
2.68524	8.26782	
2.68921	8.27148	
2.69165	8.27332	
2.68707	8.27179	
2.67761	8.2724	
2.68433	8.25714	
2.68829	8.26996	
2.6889	8.25806	
2.6944	8.26447	
2.6828	8.25836	
2.69531	8.25409	
2.68982	8.26263	
2.68402	8.27271	
2.68463	8.25653	
2.68768	8.25409	
2.68402	8.26172	
2.6828	8.25897	
2.69104	8.26752	
2.69135	8.26294	
2.68707	8.25989	
2.69196	8.26874	
2.68066	8.25653	
2.69562	8.27179	
2.69043	8.25714	
2.69043	8.26813	
2.7005	8.26599	
2.68036	8.2782	
2.68982	8.28094	
2.67242	8.26965	
2.69348	8.28674	
2.68402	8.27759	
2.68433	8.29224	
2.69348	8.30139	
2.6944	8.28766	
2.67822	8.29834	
2.69104	8.29315	
2.68188	8.29407	
2.68768	8.28766	
2.68127	8.27911	
2.70081	8.28979	
2.68311	8.28278	
2.69012	8.29559	
2.68555	8.28735	
2.68585	8.29498	
2.68372	8.27881	
2.68097	8.27271	
2.69318	8.29834	
2.6886	8.28491	
2.68799	8.30536	
2.68433	8.28491	
2.68097	8.29773	
2.69104	8.28217	
2.68341	8.29193	
2.70081	8.284	
2.68707	8.28278	
2.69073	8.28949	
2.69958	8.28522	
2.68524	8.28308	
2.69135	8.28705	
2.67517	8.29437	
2.69836	8.28766	
2.6944	8.28094	
2.68585	8.28094	
2.68463	8.28461	
2.69043	8.28735	
2.68555	8.30261	
2.68341	8.30139	
2.70386	8.29041	
2.68982	8.27423	
2.68768	8.28186	
2.70233	8.27637	
2.68036	8.29498	
2.68585	8.28949	
2.69684	8.29987	
2.69318	8.28552	
2.68433	8.27759	
2.68402	8.28583	
2.69409	8.28033	
2.67975	8.28613	
2.69165	8.27942	
2.67792	8.27423	
2.6889	8.28064	
2.68219	8.28369	
2.68616	8.27362	
2.68738	8.29163	
2.68127	8.30322	
2.69287	8.27972	
2.69073	8.28461	
2.68005	8.2663	
2.68951	8.29315	
2.69226	8.29163	
2.68829	8.29163	
2.68982	8.27881	
2.68402	8.27209	
2.68738	8.26172	
2.7002	8.26233	
2.68463	8.26569	
2.68127	8.25256	
2.68829	8.26904	
2.68707	8.28491	
2.68463	8.28033	
2.69165	8.26721	
2.68097	8.26843	
2.69836	8.26385	
2.68005	8.27576	
2.69318	8.27209	
2.67578	8.27026	
2.69165	8.28156	
2.68738	8.28339	
2.68158	8.28522	
2.68982	8.29468	
2.68066	8.28613	
2.69196	8.28979	
2.6825	8.28827	
2.70477	8.28033	
2.69226	8.28369	
2.6886	8.28949	
2.69684	8.28094	
2.67731	8.28552	
2.69043	8.28491	
2.69318	8.28644	
2.68127	8.2901	
2.69287	8.28094	
2.67731	8.29742	
2.68951	8.27789	
2.67731	8.27148	
2.6886	8.26019	
2.69196	8.28827	
2.68951	8.2782	
2.68463	8.29224	
2.6828	8.28735	
2.6886	8.28308	
2.68188	8.28491	
2.68982	8.29651	
2.67975	8.28583	
2.68677	8.28156	
2.69165	8.27179	
2.68158	8.28766	
2.69043	8.28888	
2.6886	8.29346	
2.68372	8.27972	
2.68555	8.27393	
2.67975	8.26691	
2.68951	8.27301	
2.6886	8.28644	
2.68768	8.2901	
2.68677	8.28461	
2.69165	8.2666	
2.68555	8.28003	
2.6944	8.28278	
2.68219	8.26965	
2.69989	8.27789	
2.67944	8.28949	
2.69348	8.28522	
2.68158	8.2724	
2.68372	8.26843	
2.69196	8.28522	
2.69318	8.27881	
2.68127	8.27454	
2.69287	8.28308	
2.68097	8.27484	
2.69043	8.27759	
2.68036	8.27057	
2.69135	8.27789	
2.68646	8.27301	
2.69501	8.26263	
2.69379	8.27087	
2.6828	8.25714	
2.67914	8.26874	
2.69165	8.26355	
2.68463	8.2608	
2.69745	8.26782	
2.68097	8.2785	
2.6886	8.26965	
2.68372	8.26416	
2.69501	8.28094	
2.68127	8.26721	
2.69653	8.27271	
2.68982	8.255	
2.69867	8.26721	
2.68311	8.27423	
2.68799	8.25928	
2.68494	8.25104	
2.68768	8.26691	
2.68158	8.26141	
2.67822	8.27057	
2.69562	8.25104	
2.68738	8.26752	
2.69104	8.26111	
2.68829	8.26141	
2.68768	8.27026	
2.68158	8.26355	
2.68188	8.28094	
2.70172	8.26019	
2.67487	8.27393	
2.68585	8.27606	
2.67395	8.27728	
2.69745	8.26019	
2.68005	8.27881	
2.68646	8.27057	
2.68738	8.26355	
2.69196	8.26965	
2.68311	8.27362	
2.68524	8.27789	
2.68585	8.25623	
2.68219	8.26111	
2.68433	8.27148	
2.68219	8.26569	
2.69104	8.27148	
2.68433	8.26965	
2.70081	8.2782	
2.68951	8.28247	
2.68829	8.27057	
2.68494	8.26813	
2.68402	8.29132	
2.69196	8.28247	
2.67792	8.26233	
2.69287	8.2724	
2.68768	8.26508	
2.68127	8.28217	
2.68585	8.27515	
2.70111	8.2785	
2.68494	8.27454	
2.68341	8.2785	
2.69348	8.28796	
2.68524	8.27576	
2.68494	8.27698	
2.69165	8.27576	
2.6944	8.26813	
2.69135	8.29773	
2.68463	8.28613	
2.69104	8.28613	
2.6828	8.26996	
2.68555	8.25287	
2.69287	8.27484	
2.68005	8.28003	
2.69165	8.26447	
2.68707	8.26782	
2.68677	8.25256	
2.68616	8.25958	
2.68341	8.26172	
2.69196	8.25989	
2.68433	8.2605	
2.68494	8.26691	
2.69531	8.26691	
2.69165	8.25378	
2.68402	8.26813	
2.68646	8.27515	
2.68555	8.27728	
2.68188	8.27057	
2.69073	8.2547	
2.67822	8.27209	
2.68616	8.26111	
2.68311	8.26355	
2.6889	8.26599	
2.69073	8.26782	
2.69257	8.28735	
2.68097	8.28247	
2.69562	8.28827	
2.68066	8.28491	
2.68982	8.2605	
2.69104	8.25745	
2.68188	8.25012	
2.68616	8.2547	
2.68494	8.26843	
2.68799	8.26233	
2.67914	8.26111	
2.69684	8.2608	
2.68646	8.2608	
2.70599	8.25378	
2.68341	8.25531	
2.69257	8.26477	
2.67578	8.26324	
2.68921	8.26782	
2.68982	8.26691	
2.6825	8.26416	
2.68951	8.25684	
2.68341	8.25134	
2.69257	8.26355	
2.68585	8.23914	
2.67761	8.2489	
2.69714	8.24799	
2.68311	8.25562	
2.69348	8.25653	
2.68829	8.25867	
2.69226	8.25928	
2.68616	8.2489	
2.68829	8.25562	
2.68219	8.24524	
2.68707	8.24829	
2.69318	8.26263	
2.67639	8.26569	
2.69684	8.25348	
2.67853	8.26904	
2.68555	8.26508	
2.69196	8.26508	
2.68951	8.25195	
2.68433	8.26538	
2.69348	8.27362	
2.68311	8.27026	
2.68585	8.2547	
2.69196	8.25104	
2.66968	8.24921	
2.69196	8.25043	
2.68494	8.24463	
2.68921	8.23425	
2.68433	8.2489	
2.69745	8.237	
2.69562	8.24341	
2.68768	8.24982	
2.68127	8.25256	
2.68707	8.24799	
2.68127	8.25012	
2.69318	8.25134	
2.69287	8.23883	
2.68799	8.23914	
2.68433	8.24463	
2.68646	8.25104	
2.67975	8.24615	
2.69379	8.25104	
2.68524	8.24402	
2.69958	8.2428	
2.68005	8.2428	
2.69135	8.24646	
2.67487	8.24829	
2.69348	8.24341	
2.67822	8.25226	
2.69318	8.24463	
2.68677	8.25928	
2.68738	8.25684	
2.68951	8.25378	
2.68982	8.26813	
2.69104	8.26263	
2.69135	8.2608	
2.68036	8.26355	
2.69104	8.26263	
2.6825	8.26294	
2.68494	8.26141	
2.68433	8.26019	
2.68158	8.27271	
2.69897	8.26263	
2.68463	8.26965	
2.69562	8.26477	
2.68158	8.26385	
2.69714	8.25897	
2.68127	8.25989	
2.69623	8.26019	
2.6825	8.255	
2.69196	8.25531	
2.68341	8.25531	
2.68707	8.25928	
2.68372	8.27087	
2.69135	8.27332	
2.69226	8.26324	
2.67609	8.24829	
2.68433	8.25195	
2.6944	8.25836	
2.69043	8.25562	
2.68188	8.26508	
2.70081	8.26813	
2.68036	8.26569	
2.69257	8.26355	
2.68066	8.26477	
2.68463	8.27637	
2.69165	8.26599	
2.68311	8.26447	
2.69409	8.26447	
2.68433	8.25653	
2.68951	8.26599	
2.69073	8.26874	
2.69989	8.26233	
2.68799	8.26782	
2.68494	8.27789	
2.68982	8.27728	
2.68311	8.26538	
2.69257	8.25439	
2.68616	8.26965	
2.68219	8.2547	
2.69501	8.26355	
2.69348	8.25867	
2.68433	8.26691	
2.69135	8.2785	
2.69226	8.26843	
2.69165	8.2666	
2.69379	8.28308	
2.68463	8.26477	
2.69318	8.25562	
2.68494	8.26355	
2.6886	8.27332	
2.69836	8.2724	
2.68433	8.27301	
2.69348	8.27911	
2.67822	8.26965	
2.6886	8.27789	
2.6947	8.28827	
2.68829	8.28766	
2.68341	8.26477	
2.70172	8.28217	
2.68463	8.28369	
2.67822	8.28064	
2.69073	8.26965	
2.68707	8.27454	
2.68677	8.26782	
2.69135	8.25348	
2.6828	8.26874	
2.69409	8.27423	
2.68066	8.28125	
2.68341	8.27332	
2.69623	8.29437	
2.68005	8.27881	
2.68494	8.27545	
2.68677	8.27179	
2.68463	8.27271	
2.70325	8.2782	
2.68677	8.27179	
2.68738	8.26904	
2.67456	8.28125	
2.68585	8.28705	
2.69226	8.28308	
2.68707	8.29346	
2.69257	8.31085	
2.68341	8.29041	
2.69409	8.27667	
2.69012	8.30475	
2.68188	8.30261	
2.69623	8.29773	
2.6886	8.28094	
2.68738	8.30719	
2.69073	8.27881	
2.69958	8.28918	
2.68585	8.29559	
2.68555	8.2782	
2.69501	8.28247	
2.6944	8.28979	
2.69226	8.28552	
2.6944	8.28247	
2.69348	8.27087	
2.67944	8.28613	
2.69501	8.27087	
2.68738	8.27209	
2.68402	8.27148	
2.68341	8.27667	
2.68158	8.28644	
2.69073	8.30658	
2.68738	8.29285	
2.67548	8.29376	
2.69348	8.29407	
2.68311	8.30505	
2.6886	8.28857	
2.68585	8.29773	
2.68616	8.29132	
2.69196	8.31238	
2.69135	8.3075	
2.67578	8.29102	
2.68433	8.29407	
2.68738	8.29529	
2.68433	8.29041	
2.6889	8.28735	
2.69196	8.28339	
2.68768	8.2901	
2.69226	8.28949	
2.67487	8.31543	
2.6947	8.30475	
2.69623	8.30627	
2.6828	8.30353	
2.68707	8.31848	
2.69562	8.29651	
2.6825	8.29926	
2.69165	8.30414	
2.6825	8.30231	
2.67883	8.31573	
2.6889	8.29193	
2.68738	8.27759	
2.68372	8.28857	
2.69928	8.27911	
2.6825	8.28033	
2.68372	8.29102	
2.69348	8.28644	
2.68768	8.29956	
2.68036	8.31268	
2.69073	8.29376	
2.69501	8.29193	
2.67914	8.29132	
2.68372	8.31635	
2.6889	8.31055	
2.69318	8.30902	
2.68951	8.28064	
2.68097	8.30444	
2.69501	8.30231	
2.68311	8.30475	
2.68372	8.29956	
2.69287	8.29376	
2.70111	8.30658	
2.6828	8.29803	
2.68463	8.29742	
2.69196	8.30261	
2.68799	8.30475	
2.68372	8.29346	
2.68646	8.29651	
2.68127	8.29041	
2.69348	8.2959	
2.6828	8.28491	
2.68951	8.29315	
2.68677	8.30048	
2.68585	8.28033	
2.70172	8.28857	
2.68799	8.29254	
2.68219	8.28949	
2.68982	8.29926	
2.69287	8.30139	
2.69501	8.29803	
2.68585	8.29102	
2.69897	8.30231	
2.67517	8.302	
2.69684	8.28888	
2.69226	8.29285	
2.68982	8.29254	
2.68524	8.29468	
2.67639	8.3136	
2.6889	8.3197	
2.69043	8.31512	
2.68829	8.33282	
2.68311	8.32886	
2.677	8.32855	
2.69348	8.32581	
2.69531	8.30811	
2.6947	8.30994	
2.68707	8.31512	
2.6828	8.31482	
2.6947	8.32184	
2.69501	8.31238	
2.6825	8.3194	
2.68311	8.3316	
2.69806	8.32855	
2.68921	8.33374	
2.68402	8.32184	
2.68951	8.32306	
2.69104	8.32001	
2.69806	8.32672	
2.68921	8.33435	
2.68707	8.3313	
2.68402	8.33618	
2.69409	8.32428	
2.69928	8.32764	
2.6828	8.32184	
2.68097	8.34778	
2.69867	8.33191	
2.68433	8.33374	
2.68372	8.33344	
2.68768	8.34534	
2.69226	8.33527	
2.67853	8.32764	
2.68097	8.33191	
2.69135	8.3139	
2.69196	8.33008	
2.6889	8.31665	
2.68646	8.30994	
2.69318	8.30566	
2.69562	8.31116	
2.68494	8.32672	
2.68494	8.31818	
2.70477	8.31177	
2.6825	8.30963	
2.67975	8.32428	
2.69501	8.32275	
2.69196	8.33282	
2.68585	8.33496	
2.69135	8.30444	
2.69226	8.32092	
2.68829	8.31879	
2.67944	8.32245	
2.68127	8.33252	
2.69409	8.31146	
2.69562	8.32092	
2.68951	8.31818	
2.68738	8.31879	
2.68768	8.31604	
2.68921	8.3194	
2.69531	8.32733	
2.68494	8.32062	
2.69226	8.31604	
2.68402	8.32184	
2.68158	8.31177	
2.67975	8.32367	
2.69409	8.28705	
2.69318	8.29742	
2.69562	8.29346	
2.68372	8.29681	
2.69226	8.30078	
2.69318	8.29346	
2.69409	8.30566	
2.69379	8.30109	
2.68219	8.31085	
2.68372	8.30597	
2.69348	8.29956	
2.69165	8.29529	
2.69897	8.302	
2.68738	8.30505	
2.68616	8.30933	
2.69226	8.302	
2.69073	8.31268	
2.69196	8.3136	
2.68219	8.3075	
2.68219	8.31543	
2.69135	8.3136	
2.68951	8.31146	
2.6889	8.30078	
2.68921	8.30383	
2.68463	8.31543	
2.68921	8.30994	
2.69226	8.31146	
2.69348	8.32062	
2.68707	8.32306	
2.68433	8.31177	
2.68799	8.33374	
2.66113	8.30841	
2.69135	8.29651	
2.69501	8.32001	
2.69012	8.32275	
2.67822	8.32214	
2.68799	8.32367	
2.68829	8.3017	
2.68036	8.32397	
2.69073	8.31848	
2.69684	8.29712	
2.68951	8.30261	
2.67853	8.3078	
2.69775	8.29498	
2.69867	8.30627	
2.69135	8.29651	
2.6889	8.30719	
2.69562	8.29102	
2.69592	8.31146	
2.69562	8.3139	
2.68707	8.30688	
2.68707	8.32275	
2.70172	8.31757	
2.69623	8.32275	
2.69318	8.31451	
2.68677	8.32184	
2.68768	8.31543	
2.70111	8.30963	
2.68311	8.31146	
2.68646	8.32153	
2.6886	8.3197	
2.68738	8.30719	
2.68311	8.31329	
2.68738	8.30872	
2.68341	8.31451	
2.69226	8.29681	
2.69043	8.30841	
2.69989	8.29315	
2.68585	8.30719	
2.68372	8.30322	
2.69104	8.30933	
2.69073	8.31146	
2.70264	8.30994	
2.68921	8.32336	
2.69257	8.31451	
2.69043	8.31573	
2.6889	8.31268	
2.67822	8.30811	
2.68433	8.29865	
2.68311	8.30627	
2.68951	8.32092	
2.69196	8.31146	
2.69623	8.3075	
2.68829	8.30841	
2.68219	8.31879	
2.68799	8.2959	
2.6947	8.30536	
2.68768	8.3194	
2.68158	8.32703	
2.69409	8.31268	
2.68829	8.32672	
2.6828	8.31329	
2.6825	8.32092	
2.68616	8.32947	
2.68341	8.30292	
2.69073	8.32458	
2.69257	8.3139	
2.69073	8.31818	
2.6889	8.31512	
2.69958	8.30688	
2.68188	8.3078	
2.69135	8.30994	
2.68585	8.34747	
2.68799	8.33069	
2.70294	8.31421	
2.69684	8.32458	
2.69073	8.32458	
2.68921	8.30872	
2.69501	8.3429	
2.68188	8.33221	
2.68097	8.33984	
2.68127	8.33252	
2.68646	8.35205	
2.68311	8.33252	
2.6944	8.32703	
2.69257	8.32367	
2.70325	8.33435	
2.69165	8.32336	
2.69501	8.31726	
2.69318	8.32123	
2.69531	8.32306	
2.67487	8.31482	
2.69562	8.32306	
2.69073	8.32489	
2.68372	8.32062	
2.68494	8.31757	
2.70325	8.32062	
2.69043	8.34839	
2.68372	8.32947	
2.68585	8.3432	
2.68646	8.32245	
2.69775	8.33984	
2.69928	8.33618	
2.68982	8.31451	
2.68555	8.33374	
2.6886	8.33374	
2.67914	8.3493	
2.69348	8.3316	
2.68738	8.34564	
2.68951	8.32031	
2.68372	8.3255	
2.68524	8.32184	
2.69836	8.3194	
2.69531	8.31604	
2.69043	8.32855	
2.68799	8.32001	
2.68005	8.3432	
2.69562	8.33893	
2.69287	8.3316	
2.68616	8.33069	
2.68433	8.31909	
2.68005	8.34412	
2.68951	8.34381	
2.68768	8.3371	
2.69348	8.35541	
2.68616	8.36304	
2.68707	8.35236	
2.6947	8.35602	
2.69196	8.35297	
2.68585	8.34106	
2.69501	8.34045	
2.69623	8.33374	
2.68188	8.32611	
2.68158	8.33923	
2.68311	8.32275	
2.68005	8.33374	
2.69958	8.33893	
2.69318	8.3371	
2.70294	8.34167	
2.69562	8.33557	
2.69012	8.31818	
2.68829	8.33923	
2.69592	8.33038	
2.68585	8.3313	
2.68463	8.32733	
2.69989	8.33923	
2.68372	8.3313	
2.6889	8.3374	
2.68463	8.33099	
2.68341	8.31635	
2.68005	8.31696	
2.69257	8.31146	
2.69257	8.31726	
2.69531	8.33038	
2.69379	8.33405	
2.68127	8.32367	
2.69043	8.34351	
2.68219	8.31268	
2.69196	8.30017	
2.69226	8.31879	
2.6947	8.33282	
2.6828	8.32214	
2.67761	8.34503	
2.69287	8.34076	
2.69409	8.33038	
2.69287	8.34778	
2.69226	8.32275	
2.70355	8.32184	
2.68616	8.3194	
2.68402	8.32275	
2.68829	8.31573	
2.69135	8.31604	
2.69257	8.31207	
2.69135	8.32153	
2.69348	8.33313	
2.69287	8.31207	
2.69592	8.31421	
2.677	8.32092	
2.6828	8.31482	
2.68463	8.31268	
2.68829	8.32397	
2.68982	8.30292	
2.69714	8.31787	
2.69379	8.32977	
2.70142	8.33893	
2.69379	8.32458	
2.69562	8.34442	
2.69379	8.33496	
2.69348	8.34595	
2.6947	8.34442	
2.69104	8.34137	
2.7005	8.34686	
2.69928	8.34747	
2.69318	8.33527	
2.69379	8.35327	
2.6944	8.33252	
2.68585	8.3316	
2.69165	8.34595	
2.69379	8.34656	
2.68799	8.33679	
2.6886	8.32397	
2.67883	8.32092	
2.69257	8.31146	
2.6944	8.32947	
2.69226	8.31909	
2.68677	8.30933	
2.6767	8.30048	
2.69379	8.30719	
2.69318	8.30475	
2.68311	8.29651	
2.68341	8.29407	
2.68921	8.29956	
2.69135	8.29437	
2.7005	8.29071	
2.68372	8.29803	
2.68341	8.29437	
2.68768	8.31573	
2.68341	8.30719	
2.67822	8.28705	
2.68921	8.29437	
2.69135	8.31757	
2.68951	8.33008	
2.69684	8.33618	
2.69226	8.34534	
2.69257	8.34717	
2.69653	8.33008	
2.68433	8.3316	
2.6825	8.33618	
2.68616	8.33771	
2.68585	8.34808	
2.67914	8.34564	
2.6886	8.34412	
2.69318	8.31512	
2.6947	8.31238	
2.6947	8.3136	
2.67609	8.3252	
2.68494	8.30353	
2.68066	8.29681	
2.68677	8.31085	
2.68829	8.33527	
2.68982	8.33252	
2.68311	8.31268	
2.6767	8.30963	
2.68372	8.33435	
2.7002	8.30811	
2.68402	8.30353	
2.68494	8.31116	
2.68463	8.29773	
2.68677	8.30658	
2.67853	8.30414	
2.6828	8.30383	
2.68463	8.31726	
2.6886	8.30444	
2.68616	8.31085	
2.69165	8.30261	
2.69257	8.3136	
2.7066	8.30658	
2.69623	8.29803	
2.68341	8.31207	
2.68951	8.31635	
2.68494	8.31665	
2.68829	8.31116	
2.68463	8.32855	
2.67914	8.30566	
2.6828	8.302	
2.69989	8.32214	
2.68707	8.32458	
2.6947	8.32062	
2.69135	8.30078	
2.69135	8.32367	
2.6889	8.30353	
2.69287	8.31268	
2.69806	8.30048	
2.69257	8.30994	
2.68555	8.31207	
2.69043	8.29559	
2.68921	8.29773	
2.68219	8.29285	
2.68646	8.30841	
2.68494	8.31818	
2.68951	8.31848	
2.68311	8.30811	
2.68372	8.28827	
2.68829	8.3075	
2.67731	8.29865	
2.68707	8.30597	
2.70264	8.29437	
2.69287	8.29315	
2.69806	8.30566	
2.68768	8.3075	
2.69348	8.30353	
2.69653	8.29956	
2.69104	8.29803	
2.68982	8.28979	
2.68646	8.28857	
2.6886	8.29468	
2.69073	8.28033	
2.69287	8.30688	
2.6944	8.30322	
2.68768	8.29437	
2.70294	8.28674	
2.69592	8.31207	
2.6944	8.30505	
2.69318	8.31909	
2.68616	8.33679	
2.69226	8.31512	
2.68616	8.32306	
2.68188	8.31299	
2.68372	8.31238	
2.69196	8.32642	
2.68433	8.29803	
2.68982	8.3075	
2.68555	8.29529	
2.6886	8.29132	
2.69684	8.29102	
2.69501	8.30719	
2.69043	8.30627	
2.68372	8.30841	
2.68799	8.29681	
2.69104	8.31024	
2.69318	8.33191	
2.6944	8.32428	
2.68951	8.32245	
2.6828	8.29926	
2.69806	8.29529	
2.69012	8.31055	
2.68921	8.30933	
2.69501	8.28979	
2.68799	8.29742	
2.69012	8.31909	
2.70416	8.30536	
2.69775	8.30719	
2.68799	8.31207	
2.69409	8.30719	
2.6944	8.30963	
2.68768	8.31696	
2.68219	8.29468	
2.68372	8.30231	
2.68097	8.31573	
2.67853	8.32611	
2.68982	8.29407	
2.68982	8.31085	
2.67853	8.31818	
2.6889	8.31268	
2.69226	8.31879	
2.69379	8.3078	
2.69165	8.31421	
2.69928	8.31055	
2.68829	8.29803	
2.70325	8.30902	
2.69623	8.30658	
2.69562	8.29224	
2.6947	8.28156	
2.69226	8.30017	
2.69165	8.31238	
2.69501	8.30261	
2.68799	8.29407	
2.6947	8.30688	
2.6889	8.3078	
2.69989	8.30627	
2.69318	8.28827	
2.68829	8.28949	
2.68829	8.28796	
2.69745	8.2843	
2.69348	8.284	
2.68463	8.29132	
2.68951	8.28979	
2.68311	8.29102	
2.68463	8.28674	
2.68951	8.28735	
2.68066	8.28217	
2.68311	8.26569	
2.6886	8.28583	
2.68677	8.27393	
2.6886	8.27454	
2.6944	8.28278	
2.7005	8.29132	
2.69806	8.28918	
2.69135	8.28369	
2.70264	8.29681	
2.69775	8.284	
2.68311	8.28705	
2.68951	8.27881	
2.7002	8.29559	
2.69379	8.27789	
2.68829	8.28339	
2.68524	8.28827	
2.68341	8.28583	
2.67761	8.2962	
2.68341	8.26416	
2.69043	8.28125	
2.68524	8.28186	
2.68768	8.27881	
2.69867	8.28308	
2.68616	8.28369	
2.69196	8.2962	
2.68188	8.27209	
2.68127	8.28125	
2.68402	8.28033	
2.68982	8.26843	
2.68646	8.28064	
2.69073	8.2724	
2.68799	8.27911	
2.69135	8.26996	
2.6889	8.2843	
2.69287	8.28308	
2.68982	8.27698	
2.6886	8.28094	
2.69043	8.28186	
2.68341	8.25897	
2.6828	8.26477	
2.70111	8.26599	
2.69135	8.26813	
2.68372	8.29071	
2.68616	8.29041	
2.69196	8.31055	
2.69562	8.28918	
2.68219	8.29285	
2.67639	8.29834	
2.68372	8.31055	
2.6944	8.28278	
2.68311	8.30597	
2.6944	8.28217	
2.68951	8.27667	
2.69531	8.28979	
2.69287	8.28369	
2.69745	8.30109	
2.70294	8.29071	
2.69745	8.29712	
2.69897	8.28949	
2.69348	8.29132	
2.69409	8.28033	
2.69287	8.28461	
2.68738	8.29285	
2.67761	8.28979	
2.68707	8.29437	
2.69501	8.29742	
2.68951	8.29803	
2.68829	8.2901	
2.6886	8.28522	
2.67639	8.30353	
2.6828	8.28888	
2.68524	8.284	
2.67883	8.27515	
2.68127	8.29437	
2.68158	8.31024	
2.68341	8.29681	
2.69714	8.29834	
2.69714	8.28491	
2.69165	8.30261	
2.69379	8.32306	
2.69226	8.30688	
2.67792	8.2962	
2.69287	8.28552	
2.69196	8.30353	
2.69135	8.30505	
2.68921	8.29651	
2.68311	8.29437	
2.68311	8.29681	
2.68738	8.30017	
2.7005	8.30719	
2.68646	8.31451	
2.68738	8.30139	
2.67517	8.28949	
2.68341	8.29041	
2.69501	8.2782	
2.69043	8.27789	
2.67731	8.28674	
2.67883	8.28644	
2.69135	8.27942	
2.69623	8.28827	
2.69196	8.30414	
2.6886	8.31329	
2.68677	8.31329	
2.68616	8.32184	
2.68555	8.31085	
2.70508	8.30658	
2.69318	8.30719	
2.69714	8.30292	
2.6947	8.30475	
2.69135	8.32123	
2.6944	8.31665	
2.69165	8.31177	
2.70111	8.31055	
2.70233	8.31146	
2.6828	8.30719	
2.6825	8.29926	
2.68616	8.30994	
2.69562	8.30994	
2.69409	8.30963	
2.68829	8.32825	
2.68677	8.31268	
2.68677	8.32367	
2.69104	8.32611	
2.69318	8.32184	
2.68616	8.31879	
2.70081	8.33008	
2.69806	8.30841	
2.68677	8.31116	
2.68311	8.30597	
2.68982	8.30078	
2.69379	8.3075	
2.69897	8.31726	
2.69958	8.32306	
2.69684	8.32001	
2.68982	8.31238	
2.6889	8.31909	
2.68951	8.30627	
2.69104	8.32611	
2.69562	8.31146	
2.6889	8.31207	
2.6889	8.30139	
2.68799	8.30231	
2.68677	8.30933	
2.68433	8.30872	
2.6944	8.31299	
2.69379	8.31879	
2.68982	8.3252	
2.69165	8.31055	
2.68158	8.32062	
2.69623	8.3075	
2.69104	8.30475	
2.68768	8.31543	
2.68158	8.30872	
2.68921	8.30994	
2.69043	8.30261	
2.68524	8.29987	
2.69073	8.29498	
2.68982	8.29895	
2.68768	8.30902	
2.68341	8.29895	
2.68494	8.29285	
2.68463	8.28949	
2.69623	8.30231	
2.69775	8.29773	
2.68311	8.28644	
2.68005	8.28064	
2.68646	8.28186	
2.70752	8.28888	
2.69897	8.29132	
2.69379	8.30444	
2.68646	8.30414	
2.6828	8.28888	
2.68768	8.29376	
2.68982	8.3017	
2.69104	8.30933	
2.6947	8.30841	
2.69928	8.31329	
2.68921	8.30933	
2.69073	8.3078	
2.69775	8.31421	
2.69409	8.32245	
2.68097	8.32672	
2.68982	8.30414	
2.69226	8.32245	
2.68494	8.30933	
2.69012	8.30475	
2.68463	8.30872	
2.67883	8.30994	
2.69226	8.3136	
2.69684	8.30963	
2.69684	8.30933	
2.69562	8.31268	
2.69287	8.30811	
2.68738	8.30688	
2.69012	8.31665	
2.68524	8.29987	
2.67975	8.30902	
2.68585	8.29926	
2.70386	8.30261	
2.69653	8.29773	
2.68829	8.30475	
2.68158	8.30078	
2.69318	8.30353	
2.69287	8.3078	
2.69379	8.31238	
2.69318	8.32764	
2.68768	8.30933	
2.67334	8.3252	
2.6944	8.31879	
2.70325	8.30597	
2.69165	8.29224	
2.68127	8.31238	
2.68494	8.31268	
2.70081	8.32092	
2.69562	8.31635	
2.69684	8.31329	
2.68097	8.31268	
2.69257	8.30444	
2.69379	8.3255	
2.68677	8.30322	
2.68219	8.30566	
2.69135	8.3017	
2.70294	8.30414	
2.69928	8.31238	
2.68402	8.30994	
2.68494	8.2959	
2.68799	8.30048	
2.70111	8.30444	
2.69562	8.30048	
2.69135	8.30719	
2.69257	8.30566	
2.69684	8.31055	
2.69257	8.30933	
2.6828	8.30658	
2.68585	8.30872	
2.69318	8.30475	
2.69318	8.29926	
2.68738	8.29224	
2.69409	8.28033	
2.69623	8.29193	
2.6944	8.30353	
2.68555	8.29163	
2.69775	8.29315	
2.69073	8.302	
2.67914	8.28522	
2.69196	8.29041	
2.67792	8.29559	
2.69043	8.29834	
2.68402	8.29315	
2.68585	8.28369	
2.69958	8.30109	
2.68921	8.28491	
2.68677	8.2782	
2.70172	8.28247	
2.68799	8.27301	
2.69653	8.28522	
2.69012	8.29285	
2.6947	8.28613	
2.68341	8.26996	
2.69226	8.27332	
2.69318	8.27728	
2.68524	8.28766	
2.68616	8.28033	
2.69623	8.27454	
2.69531	8.28857	
2.68829	8.29041	
2.68982	8.29926	
2.68799	8.29468	
2.69104	8.28247	
2.67761	8.28735	
2.69043	8.28033	
2.68738	8.27728	
2.68341	8.26385	
2.69531	8.26202	
2.69318	8.2608	
2.69379	8.27332	
2.69104	8.27393	
2.68524	8.27057	
2.68433	8.26416	
2.69531	8.27362	
2.69348	8.28094	
2.6889	8.28125	
2.70233	8.29498	
2.68799	8.28247	
2.6889	8.29193	
2.6825	8.27271	
2.67731	8.27698	
2.6889	8.28827	
2.7002	8.27789	
2.68555	8.26904	
2.70386	8.26965	
2.69592	8.26324	
2.68768	8.26019	
2.69379	8.27881	
2.68341	8.26019	
2.69836	8.27332	
2.68585	8.28339	
2.68616	8.27179	
2.69501	8.28156	
2.6889	8.26477	
2.68372	8.27271	
2.69379	8.26447	
2.69196	8.25928	
2.69318	8.29376	
2.68646	8.27393	
2.68066	8.29437	
2.68646	8.27728	
2.70386	8.3017	
2.69562	8.28613	
2.68463	8.28583	
2.69745	8.29041	
2.69836	8.28308	
2.6947	8.29041	
2.68524	8.30261	
2.68311	8.27454	
2.69653	8.28796	
2.68616	8.28857	
2.69257	8.29681	
2.69135	8.27881	
2.68311	8.28552	
2.69196	8.27972	
2.69318	8.27087	
2.68951	8.29956	
2.70081	8.29315	
2.68585	8.2959	
2.68616	8.28979	
2.69287	8.29132	
2.69379	8.28033	
2.69196	8.28308	
2.68188	8.28613	
2.70599	8.29315	
2.6944	8.27484	
2.6947	8.29254	
2.69867	8.29498	
2.68677	8.28674	
2.69623	8.27911	
2.69775	8.2959	
2.68555	8.30719	
2.69073	8.30505	
2.68951	8.29224	
2.69043	8.28461	
2.68951	8.30261	
2.69135	8.29529	
2.69257	8.28766	
2.68738	8.27972	
2.69287	8.27179	
2.69257	8.27332	
2.69043	8.2901	
2.68555	8.26996	
2.67517	8.26935	
2.69775	8.28217	
2.68921	8.27515	
2.68158	8.27667	
2.70294	8.28766	
2.68494	8.29529	
2.7002	8.30963	
2.69714	8.29773	
2.69409	8.3017	
2.68555	8.2785	
2.69135	8.28552	
2.69409	8.3017	
2.69318	8.28186	
2.6944	8.28217	
2.68463	8.26996	
2.69257	8.27637	
2.69775	8.28949	
2.68616	8.29254	
2.69257	8.28094	
2.69196	8.27209	
2.68707	8.26752	
2.69562	8.27484	
2.69257	8.29865	
2.67822	8.27759	
2.69104	8.27881	
2.70477	8.28217	
2.68738	8.28827	
2.70325	8.29498	
2.69623	8.31177	
2.70325	8.29041	
2.69043	8.27972	
2.68433	8.27393	
2.69745	8.27637	
2.68768	8.28918	
2.68372	8.27606	
2.68951	8.28003	
2.69379	8.27271	
2.68677	8.27606	
2.69104	8.284	
2.69379	8.27667	
2.68463	8.27881	
2.69501	8.27484	
2.69562	8.29376	
2.69135	8.29224	
2.69226	8.27911	
2.69043	8.29834	
2.68219	8.27301	
2.68799	8.26324	
2.67822	8.25562	
2.6947	8.26477	
2.69257	8.28278	
2.68463	8.26599	
2.7121	8.27332	
2.69257	8.27637	
2.70172	8.2785	
2.69836	8.28583	
2.68402	8.28674	
2.69806	8.27911	
2.69501	8.28522	
2.69348	8.27545	
2.68982	8.26721	
2.68494	8.27942	
2.69287	8.28705	
2.69257	8.26355	
2.69379	8.27423	
2.67944	8.27484	
2.69379	8.27881	
2.68707	8.25073	
2.69287	8.25531	
2.68097	8.25775	
2.6889	8.27332	
2.68951	8.26874	
2.68433	8.25806	
2.69989	8.28278	
2.68463	8.28613	
2.69165	8.28522	
2.69562	8.26813	
2.6889	8.27484	
2.69135	8.2724	
2.6825	8.26233	
2.69287	8.28308	
2.69012	8.27515	
2.68799	8.25684	
2.68829	8.27515	
2.69592	8.26477	
2.68402	8.27576	
2.69226	8.28369	
2.68829	8.28857	
2.69409	8.28186	
2.6944	8.27362	
2.68707	8.26996	
2.69989	8.26416	
2.69623	8.27667	
2.68799	8.25867	
2.69196	8.27637	
2.69867	8.27789	
2.69684	8.27576	
2.69867	8.26599	
2.69867	8.2724	
2.68677	8.26538	
2.69562	8.28247	
2.68341	8.29407	
2.68982	8.29102	
2.69806	8.28308	
2.68951	8.29651	
2.68585	8.30414	
2.68768	8.29132	
2.68341	8.30597	
2.6947	8.29926	
2.68402	8.28705	
2.69287	8.28613	
2.69012	8.28766	
2.68768	8.28552	
2.70142	8.29803	
2.69196	8.27881	
2.69653	8.29498	
2.6886	8.29865	
2.68799	8.29926	
2.69775	8.29254	
2.68768	8.28369	
2.69104	8.28888	
2.68219	8.28857	
2.69012	8.28979	
2.68646	8.29468	
2.68341	8.29254	
2.69409	8.29346	
2.67578	8.30872	
2.68677	8.3078	
2.70569	8.29254	
2.68982	8.29803	
2.69562	8.29865	
2.68677	8.29926	
2.70447	8.31665	
2.69257	8.31573	
2.68524	8.30811	
2.69165	8.30566	
2.68646	8.3017	
2.6825	8.32275	
2.68585	8.30261	
2.69012	8.30017	
2.69135	8.2901	
2.69379	8.29987	
2.69653	8.30353	
2.68799	8.29498	
2.69257	8.29254	
2.68616	8.302	
2.69318	8.29926	
2.68494	8.29254	
2.6889	8.29163	
2.68463	8.28918	
2.69104	8.2962	
2.69775	8.30292	
2.68585	8.30109	
2.69562	8.3078	
2.68463	8.30688	
2.69897	8.2901	
2.68341	8.3075	
2.69623	8.29742	
2.68158	8.30231	
2.70172	8.30841	
2.6886	8.29895	
2.69745	8.29651	
2.69531	8.29498	
2.69226	8.29437	
2.68402	8.29071	
2.68829	8.29132	
2.69012	8.29834	
2.69257	8.29834	
2.68127	8.29865	
2.69318	8.30627	
2.68311	8.31055	
2.69073	8.31848	
2.68707	8.32001	
2.68585	8.30109	
2.69714	8.3017	
2.68951	8.30109	
2.69104	8.30841	
2.68921	8.31146	
2.69806	8.30078	
2.68799	8.29559	
2.69836	8.29163	
2.68799	8.29651	
2.6944	8.30139	
2.68646	8.31451	
2.69653	8.28949	
2.69104	8.28796	
2.69287	8.28186	
2.69226	8.29498	
2.69745	8.28705	
2.68738	8.29987	
2.69775	8.31482	
2.68585	8.29681	
2.69714	8.29407	
2.69623	8.29681	
2.6828	8.29742	
2.69836	8.30597	
2.68585	8.31085	
2.70111	8.30627	
2.68402	8.29315	
2.69073	8.31146	
2.6889	8.29468	
2.68768	8.29437	
2.69318	8.31909	
2.6889	8.31818	
2.69135	8.31757	
2.69165	8.32428	
2.68707	8.32001	
2.68677	8.3255	
2.69318	8.31635	
2.67761	8.30475	
2.69379	8.32397	
2.67944	8.32825	
2.69409	8.31299	
2.6944	8.30627	
2.68616	8.32886	
2.70416	8.33313	
2.69104	8.32336	
2.7063	8.31329	
2.68188	8.30322	
2.70508	8.28918	
2.68951	8.30597	
2.70447	8.29956	
2.68219	8.31512	
2.70386	8.31543	
2.68494	8.29956	
2.69684	8.3194	
2.69592	8.31329	
2.69562	8.32123	
2.68494	8.31635	
2.68921	8.31451	
2.68921	8.3316	
2.69592	8.32245	
2.6825	8.31757	
2.69501	8.30444	
2.68433	8.3194	
2.6947	8.30627	
2.68738	8.30902	
2.69592	8.30597	
2.6886	8.31299	
2.69257	8.31665	
2.68616	8.29285	
2.69073	8.31238	
2.68707	8.31482	
2.69104	8.32275	
2.68799	8.3197	
2.68738	8.32855	
2.68433	8.31726	
2.69684	8.31512	
2.68463	8.32947	
2.70416	8.3252	
2.69196	8.3139	
2.69257	8.31055	
2.69043	8.31696	
2.67456	8.3017	
2.69531	8.31024	
2.68768	8.30414	
2.6947	8.31726	
2.69653	8.30688	
2.69379	8.32153	
2.67944	8.31085	
2.69501	8.30963	
2.67883	8.28766	
2.69409	8.3017	
2.67822	8.30292	
2.69012	8.29224	
2.68158	8.29346	
2.69714	8.31055	
2.69196	8.31085	
2.69165	8.29529	
2.67975	8.31848	
2.68341	8.32367	
2.69562	8.3139	
2.68524	8.32214	
2.69104	8.32306	
2.69745	8.29895	
2.68768	8.30994	
2.69073	8.29498	
2.70416	8.29865	
2.68921	8.30475	
2.70264	8.30139	
2.68677	8.3017	
2.70111	8.31055	
2.69043	8.29498	
2.69806	8.30505	
2.68585	8.29926	
2.70538	8.30902	
2.68494	8.29254	
2.69318	8.30658	
2.68951	8.30231	
2.70447	8.29468	
2.69623	8.29437	
2.68341	8.30902	
2.70233	8.28949	
2.68463	8.2962	
2.6947	8.284	
2.68036	8.29376	
2.68951	8.30139	
2.69409	8.28094	
2.68768	8.28552	
2.69012	8.29224	
2.68829	8.28278	
2.69012	8.26874	
2.69135	8.27637	
2.68158	8.28583	
2.68555	8.30475	
2.6828	8.29224	
2.69257	8.31238	
2.68646	8.30475	
2.69196	8.29498	
2.70844	8.30353	
2.69073	8.30505	
2.70355	8.31085	
2.69806	8.30872	
2.69043	8.30719	
2.69348	8.29803	
2.70233	8.30688	
2.68707	8.28583	
2.68555	8.29468	
2.69501	8.31085	
2.67853	8.31146	
2.69501	8.29285	
2.67853	8.30261	
2.68463	8.31573	
2.69379	8.31451	
2.69135	8.31665	
2.69653	8.29834	
2.6886	8.31726	
2.68829	8.29926	
2.68799	8.30963	
2.69409	8.3194	
2.68646	8.31451	
2.69867	8.3139	
2.69073	8.31299	
2.69012	8.31543	
2.69043	8.31177	
2.68707	8.30566	
2.68921	8.29651	
2.69531	8.30383	
2.6889	8.30719	
2.68799	8.30841	
2.69104	8.30414	
2.68524	8.31696	
2.69897	8.32886	
2.68768	8.3197	
2.6889	8.3139	
2.69318	8.30963	
2.69257	8.32214	
2.68921	8.3197	
2.7002	8.31238	
2.69348	8.30292	
2.69165	8.33313	
2.68494	8.3429	
2.68463	8.32397	
2.69196	8.31757	
2.6886	8.31207	
2.68982	8.32916	
2.69196	8.32184	
2.68982	8.32703	
2.68463	8.32336	
2.69379	8.33527	
2.69409	8.33435	
2.68433	8.3313	
2.68555	8.33344	
2.68829	8.33557	
2.68951	8.32703	
2.69226	8.31726	
2.68219	8.3136	
2.69409	8.33099	
2.68646	8.34595	
2.6944	8.3252	
2.69012	8.31696	
2.68738	8.31116	
2.68311	8.33191	
2.68677	8.33099	
2.69501	8.31451	
2.68524	8.31726	
2.69897	8.31268	
2.68646	8.31818	
2.69409	8.3313	
2.68311	8.32184	
2.6889	8.32947	
2.68982	8.31696	
2.69501	8.31268	
2.68219	8.31787	
2.69501	8.32825	
2.68433	8.31604	
2.6944	8.32001	
2.68799	8.32062	
2.69684	8.32703	
2.69043	8.31573	
2.68341	8.31024	
2.69836	8.32092	
2.68555	8.31055	
2.6947	8.31482	
2.69012	8.32123	
2.68677	8.30872	
2.69684	8.31848	
2.69592	8.31573	
2.6886	8.30078	
2.69684	8.30872	
2.68372	8.31787	
2.6947	8.29987	
2.68707	8.30139	
2.6947	8.30353	
2.69318	8.302	
2.69501	8.30444	
2.69104	8.29346	
2.69287	8.30933	
2.68433	8.29834	
2.68768	8.31055	
2.68768	8.30322	
2.6947	8.30322	
2.68616	8.28461	
2.68646	8.28613	
2.69165	8.28766	
2.68158	8.29041	
2.69196	8.28674	
2.68463	8.28979	
2.69531	8.29681	
2.68158	8.29865	
2.69501	8.30688	
2.68066	8.29468	
2.68982	8.31604	
2.6825	8.31329	
2.68463	8.31543	
2.69104	8.31635	
2.68829	8.31879	
2.69592	8.33496	
2.68707	8.31573	
2.69653	8.33832	
2.68768	8.32489	
2.68646	8.33038	
2.6947	8.32275	
2.69043	8.33344	
2.68463	8.31696	
2.69836	8.32092	
2.68616	8.31238	
2.69257	8.31238	
2.6886	8.3017	
2.69806	8.29651	
2.68982	8.32001	
2.69196	8.30841	
2.68829	8.31451	
2.69806	8.30109	
2.68829	8.302	
2.69592	8.29437	
2.6947	8.29803	
2.69165	8.30902	
2.69287	8.3139	
2.68799	8.3017	
2.68982	8.31299	
2.69592	8.32733	
2.69073	8.30811	
2.6889	8.30109	
2.69592	8.31329	
2.68494	8.30688	
2.69592	8.30597	
2.68616	8.31573	
2.69226	8.31848	
2.69409	8.29041	
2.68799	8.30414	
2.6889	8.30658	
2.69958	8.30048	
2.6889	8.32001	
2.69318	8.32825	
2.69531	8.33435	
2.68311	8.33252	
2.69592	8.32611	
2.6889	8.31451	
2.7005	8.32306	
2.69104	8.32184	
2.6886	8.3197	
2.7063	8.31635	
2.6886	8.31146	
2.69928	8.30536	
2.68677	8.32153	
2.7005	8.30963	
2.69348	8.3255	
2.68158	8.3017	
2.68585	8.33191	
2.69562	8.30444	
2.6889	8.31329	
2.69104	8.30902	
2.69684	8.30109	
2.68951	8.31543	
2.69226	8.30078	
2.69196	8.3075	
2.68463	8.30475	
2.69592	8.29346	
2.68707	8.29987	
2.68158	8.29803	
2.69531	8.2901	
2.69287	8.28644	
2.68127	8.28552	
2.68951	8.29193	
2.70477	8.28888	
2.68738	8.2901	
2.70111	8.29407	
2.68463	8.28308	
2.69348	8.29987	
2.69043	8.30292	
2.67944	8.31055	
2.6886	8.30688	
2.68951	8.29376	
2.69073	8.30719	
2.6889	8.31512	
2.68372	8.30536	
2.69592	8.29834	
2.69379	8.32367	
2.68524	8.31268	
2.69135	8.32306	
2.68738	8.31482	
2.68555	8.30139	
2.69531	8.30872	
2.69348	8.31879	
2.69043	8.30994	
2.68738	8.30353	
2.68951	8.3078	
2.69043	8.30627	
2.68982	8.30872	
2.69653	8.30597	
2.6947	8.30017	
2.69073	8.32489	
2.69562	8.29285	
2.70599	8.30505	
2.69104	8.30444	
2.69348	8.31085	
2.68768	8.30933	
2.68158	8.30963	
2.69379	8.30383	
2.6947	8.29987	
2.68799	8.30688	
2.69836	8.31024	
2.68768	8.3075	
2.68707	8.33618	
2.69745	8.31635	
2.68585	8.3194	
2.69836	8.3316	
2.68707	8.3197	
2.68402	8.31818	
2.6947	8.31055	
2.69714	8.31451	
2.68402	8.31604	
2.68463	8.30536	
2.69836	8.31329	
2.70355	8.29468	
2.68799	8.30688	
2.68524	8.30536	
2.69196	8.3136	
2.69806	8.3197	
2.6886	8.32062	
2.69409	8.29926	
2.69196	8.28949	
2.69104	8.2959	
2.69409	8.3078	
2.68921	8.32794	
2.6947	8.31329	
2.68951	8.29987	
2.68677	8.29315	
2.69989	8.2901	
2.68372	8.31055	
2.69257	8.31299	
2.69836	8.30872	
2.68463	8.30383	
2.68921	8.28125	
2.69958	8.29315	
2.69409	8.31268	
2.69562	8.30841	
2.6947	8.28644	
2.7002	8.29315	
2.69287	8.28735	
2.68982	8.30322	
2.69806	8.29926	
2.68768	8.31055	
2.69318	8.31116	
2.68982	8.29834	
2.67975	8.30597	
2.69562	8.28827	
2.67944	8.30475	
2.6944	8.302	
2.68463	8.30872	
2.69653	8.30017	
2.67975	8.29407	
2.69318	8.302	
2.67822	8.31818	
2.69012	8.30078	
2.69348	8.3017	
2.68738	8.29224	
2.69989	8.30353	
2.6886	8.30353	
2.69318	8.31421	
2.69714	8.30627	
2.68829	8.32062	
2.69897	8.30505	
2.68707	8.30933	
2.69531	8.30353	
2.69196	8.28766	
2.69196	8.30597	
2.68494	8.29285	
2.68707	8.29773	
2.70081	8.29132	
2.69592	8.30383	
2.6889	8.30444	
2.70111	8.30078	
2.68585	8.30322	
2.68951	8.30872	
2.69135	8.30719	
2.68768	8.29254	
2.68738	8.28644	
2.69531	8.29468	
2.68219	8.30048	
2.68768	8.30994	
2.69775	8.29285	
2.69012	8.29193	
2.6886	8.30048	
2.69287	8.29956	
2.68585	8.30048	
2.69623	8.30353	
2.68768	8.30658	
2.68494	8.30536	
2.6886	8.29468	
2.68982	8.29651	
2.68463	8.30353	
2.69379	8.30505	
2.68982	8.32275	
2.69531	8.29468	
2.7002	8.30963	
2.68799	8.29773	
2.69867	8.31085	
2.69409	8.31451	
2.6889	8.31635	
2.68524	8.30475	
2.69379	8.302	
2.6886	8.31543	
2.68921	8.30811	
2.69836	8.32611	
2.68585	8.32764	
2.69684	8.31146	
2.68372	8.33527	
2.69135	8.32916	
2.69165	8.31177	
2.68799	8.32581	
2.68982	8.3197	
2.69592	8.33038	
2.69745	8.32245	
2.69745	8.33099	
2.6889	8.34381	
2.6886	8.34503	
2.6947	8.31818	
2.6889	8.34625	
2.69409	8.33862	
2.70538	8.34656	
2.68494	8.34564	
2.68921	8.36334	
2.6944	8.32336	
2.6889	8.33588	
2.68311	8.33069	
2.69135	8.33069	
2.69531	8.34015	
2.69073	8.34015	
2.6889	8.32581	
2.69623	8.35175	
2.69348	8.34259	
2.6886	8.36151	
2.69257	8.34137	
2.69775	8.33588	
2.6947	8.33405	
2.68768	8.35632	
2.69562	8.34747	
2.69745	8.35022	
2.67548	8.33038	
2.69196	8.32458	
2.68982	8.33801	
2.68738	8.33557	
2.68494	8.35541	
2.69348	8.32703	
2.6947	8.34808	
2.6825	8.34442	
2.68433	8.35815	
2.69135	8.34229	
2.69165	8.34412	
2.69073	8.33801	
2.6947	8.3374	
2.70538	8.34106	
2.6944	8.34045	
2.68707	8.3432	
2.68707	8.34473	
2.69043	8.34747	
2.69501	8.35754	
2.68738	8.35144	
2.68951	8.33679	
2.69287	8.34625	
2.69562	8.33008	
2.69043	8.34808	
2.68616	8.34137	
2.69806	8.34015	
2.69867	8.34564	
2.6947	8.34351	
2.68158	8.3075	
2.69196	8.32672	
2.69653	8.32947	
2.6944	8.34076	
2.69165	8.33099	
2.69928	8.33374	
2.69196	8.32733	
2.69806	8.32489	
2.69897	8.3255	
2.68829	8.33282	
2.68677	8.33221	
2.69989	8.31512	
2.69562	8.33984	
2.70142	8.34717	
2.68585	8.34229	
2.67944	8.33679	
2.68768	8.32977	
2.69196	8.34167	
2.69226	8.33801	
2.69531	8.36365	
2.6947	8.35236	
2.69135	8.3432	
2.70844	8.34106	
2.69165	8.34686	
2.67639	8.33893	
2.68311	8.3493	
2.6886	8.35327	
2.69043	8.34106	
2.69562	8.33557	
2.6947	8.33984	
2.69867	8.34808	
2.70172	8.34259	
2.69562	8.35632	
2.68066	8.31573	
2.68585	8.32581	
2.68463	8.34076	
2.68707	8.35052	
2.69531	8.32703	
2.69531	8.33984	
2.69836	8.32184	
2.69562	8.34137	
2.68677	8.35663	
2.69073	8.3316	
2.69196	8.34625	
2.69745	8.3255	
2.69287	8.32886	
2.69653	8.34595	
2.68524	8.33893	
2.69135	8.34534	
2.69501	8.34229	
2.7005	8.33984	
2.70264	8.34534	
2.68738	8.35175	
2.6767	8.33923	
2.68829	8.3432	
2.69897	8.32764	
2.69318	8.33069	
2.69409	8.33313	
2.69318	8.35236	
2.69745	8.34015	
2.68158	8.3194	
2.68555	8.34106	
2.70111	8.34076	
2.69348	8.34991	
2.67761	8.34381	
2.68982	8.33618	
2.68646	8.33374	
2.68494	8.33771	
2.69714	8.34686	
2.69073	8.33862	
2.69592	8.35358	
2.7066	8.34534	
2.6889	8.34717	
2.68463	8.36456	
2.69135	8.35083	
2.69104	8.34534	
2.68616	8.35114	
2.69592	8.35541	
2.69135	8.32581	
2.68799	8.33588	
2.68494	8.35022	
2.69684	8.35541	
2.68494	8.34045	
2.6828	8.34229	
2.69928	8.32886	
2.69348	8.34015	
2.69165	8.35785	
2.68097	8.34351	
2.68127	8.33466	
2.6944	8.33862	
2.70142	8.34991	
2.69958	8.35388	
2.69165	8.34869	
2.67975	8.34686	
2.69104	8.34778	
2.68585	8.33893	
2.69562	8.33832	
2.69623	8.34747	
2.69592	8.35724	
2.68372	8.35052	
2.69043	8.3551	
2.6947	8.3374	
2.70172	8.33252	
2.69135	8.34229	
2.6886	8.3255	
2.69196	8.31879	
2.69409	8.33069	
2.69653	8.31696	
2.69257	8.33099	
2.68463	8.33252	
2.69806	8.31818	
2.69775	8.31543	
2.68921	8.31635	
2.68951	8.31848	
2.69104	8.30963	
2.68372	8.31543	
2.68829	8.32611	
2.69135	8.32458	
2.67944	8.34198	
2.69897	8.32275	
2.68463	8.30658	
2.69775	8.31818	
2.69043	8.32306	
2.69104	8.33649	
2.68585	8.32001	
2.69714	8.32245	
2.70416	8.3252	
2.6947	8.32306	
2.70142	8.31482	
2.69135	8.31635	
2.6889	8.31207	
2.68646	8.31696	
2.69684	8.31451	
2.68829	8.32642	
2.6889	8.31543	
2.68677	8.33008	
2.70233	8.33496	
2.70599	8.33221	
2.68768	8.32153	
2.68646	8.33099	
2.69073	8.3197	
2.69073	8.33893	
2.68982	8.32581	
2.68982	8.32672	
2.69257	8.35022	
2.69806	8.35663	
2.69409	8.33923	
2.68799	8.34595	
2.68646	8.34106	
2.70081	8.33344	
2.70203	8.34625	
2.6947	8.33008	
2.69867	8.31787	
2.69409	8.31482	
2.69501	8.32275	
2.69501	8.30963	
2.69043	8.32367	
2.6947	8.30688	
2.68372	8.31116	
2.69012	8.32245	
2.69928	8.30261	
2.70264	8.3252	
2.68188	8.32458	
2.69165	8.30719	
2.68677	8.30994	
2.69501	8.31207	
2.69836	8.3313	
2.68707	8.35541	
2.68311	8.34351	
2.69287	8.33679	
2.69104	8.3252	
2.69989	8.30353	
2.70782	8.30933	
2.69409	8.29651	
2.69196	8.30994	
2.68738	8.30658	
2.69104	8.30261	
2.6889	8.32001	
2.69409	8.30566	
2.69592	8.32886	
2.68707	8.30841	
2.70081	8.30139	
2.68585	8.30902	
2.67944	8.30475	
2.68555	8.29681	
2.69867	8.29773	
2.69745	8.28674	
2.69409	8.29895	
2.68127	8.30292	
2.69226	8.30414	
2.6944	8.2959	
2.69409	8.29407	
2.68646	8.29193	
2.6825	8.29712	
2.69409	8.30444	
2.69257	8.29865	
2.69287	8.30231	
2.68463	8.29315	
2.68707	8.30139	
2.69531	8.28339	
2.70081	8.29468	
2.69836	8.28949	
2.69714	8.29315	
2.69684	8.2901	
2.68768	8.30414	
2.68707	8.29254	
2.69287	8.28888	
2.69714	8.302	
2.6947	8.30994	
2.69318	8.29285	
2.68646	8.30475	
2.69104	8.31055	
2.68524	8.29956	
2.68524	8.29437	
2.69867	8.30963	
2.69562	8.3136	
2.69745	8.3139	
2.69531	8.30383	
2.69806	8.31024	
2.70294	8.31146	
2.6944	8.30139	
2.6889	8.302	
2.68982	8.31818	
2.68921	8.29712	
2.69287	8.3075	
2.69684	8.31818	
2.69775	8.30627	
2.69928	8.30597	
2.70172	8.31238	
2.69165	8.31818	
2.68433	8.30688	
2.69531	8.31604	
2.68799	8.32153	
2.69165	8.31543	
2.6947	8.3078	
2.69531	8.32825	
2.70111	8.32855	
2.70447	8.32855	
2.6947	8.3252	
2.69775	8.31635	
2.6947	8.31482	
2.69379	8.30841	
2.69043	8.32916	
2.69409	8.31543	
2.70111	8.2962	
2.69592	8.30048	
2.69623	8.31055	
2.69623	8.31848	
2.69409	8.32062	
2.69775	8.31085	
2.69775	8.32977	
2.70477	8.30933	
2.69714	8.3194	
2.68402	8.3136	
2.68921	8.32062	
2.69379	8.31665	
2.69745	8.31299	
2.69562	8.3197	
2.69958	8.31268	
2.68921	8.30841	
2.70355	8.32001	
2.68616	8.31787	
2.67487	8.31726	
2.68555	8.31329	
2.68646	8.31299	
2.69104	8.30994	
2.69226	8.32245	
2.69958	8.30963	
2.69836	8.32123	
2.69928	8.30994	
2.69592	8.30231	
2.69043	8.31665	
2.69012	8.32275	
2.69775	8.3139	
2.68738	8.32306	
2.68829	8.32123	
2.68616	8.31848	
2.68677	8.31299	
2.67914	8.30353	
2.69165	8.33771	
2.68921	8.30963	
2.6886	8.32642	
2.68921	8.31696	
2.6828	8.32794	
2.69501	8.32275	
2.69287	8.31696	
2.6886	8.31329	
2.68921	8.31085	
2.68555	8.31909	
2.68829	8.32703	
2.70721	8.32947	
2.69104	8.31665	
2.69379	8.32214	
2.68829	8.34503	
2.69073	8.32886	
2.68494	8.3432	
2.69836	8.31451	
2.68524	8.32184	
2.69165	8.32825	
2.68616	8.33313	
2.68555	8.3432	
2.68555	8.34503	
2.68738	8.32397	
2.68524	8.33344	
2.67914	8.33954	
2.69318	8.32794	
2.68677	8.30658	
2.68921	8.30536	
2.69409	8.31573	
2.70447	8.31116	
2.68738	8.31604	
2.68768	8.32062	
2.68646	8.30261	
2.69257	8.29926	
2.69104	8.30231	
2.7002	8.29742	
2.7063	8.30963	
2.69653	8.31818	
2.69562	8.33405	
2.70142	8.32428	
2.6947	8.32703	
2.69531	8.31451	
2.7002	8.3313	
2.68768	8.3136	
2.68768	8.31085	
2.68738	8.32428	
2.69531	8.31848	
2.69653	8.32062	
2.70386	8.29681	
2.69501	8.31818	
2.69623	8.30414	
2.69135	8.30658	
2.68433	8.30872	
2.69592	8.31818	
2.6886	8.31696	
2.67792	8.32062	
2.69012	8.31879	
2.68829	8.33313	
2.68402	8.32214	
2.68616	8.34259	
2.68921	8.33984	
2.68311	8.33466	
2.68951	8.33344	
2.69745	8.34198	
2.69562	8.34961	
2.69775	8.35175	
2.6944	8.35632	
2.70691	8.33008	
2.69012	8.31818	
2.68372	8.33557	
2.69257	8.32092	
2.69135	8.34717	
2.69745	8.33466	
2.68829	8.33801	
2.69867	8.33679	
2.6889	8.34473	
2.68555	8.35266	
2.69409	8.33954	
2.69196	8.33679	
2.69073	8.34717	
2.68982	8.3429	
2.68921	8.34229	
2.69531	8.34167	
2.69989	8.34625	
2.69623	8.33984	
2.69836	8.3374	
2.69318	8.34259	
2.69409	8.3313	
2.68829	8.3432	
2.68433	8.34198	
2.69623	8.34595	
2.69531	8.34961	
2.69226	8.35297	
2.69226	8.3548	
2.69714	8.33984	
2.6944	8.34869	
2.69989	8.32611	
2.69958	8.33374	
2.69135	8.34473	
2.69196	8.3313	
2.68341	8.31696	
2.68799	8.34869	
2.68402	8.34778	
2.68738	8.34503	
2.68097	8.33221	
2.69318	8.32703	
2.69318	8.33099	
2.69379	8.32001	
2.68402	8.33374	
2.70416	8.34015	
2.70142	8.33435	
2.70081	8.3316	
2.69012	8.32275	
2.68494	8.32123	
2.70752	8.32123	
2.68433	8.31909	
2.68921	8.33832	
2.68799	8.33893	
2.6886	8.34778	
2.69104	8.35358	
2.68433	8.35693	
2.68066	8.33313	
2.69745	8.33221	
2.69623	8.32703	
2.69196	8.31421	
2.6947	8.3252	
2.6767	8.33679	
2.69073	8.31696	
2.69714	8.32886	
2.69684	8.33069	
2.69836	8.31177	
2.69257	8.32825	
2.68738	8.34229	
2.68402	8.32428	
2.69623	8.35175	
2.7005	8.33893	
2.69104	8.33557	
2.6944	8.32733	
2.68982	8.32245	
2.70081	8.3313	
2.69714	8.33649	
2.68341	8.34473	
2.68829	8.33405	
2.69135	8.33405	
2.68402	8.34564	
2.68555	8.35968	
2.70294	8.35358	
2.6944	8.34625	
2.69806	8.35388	
2.69073	8.3548	
2.68677	8.35449	
2.68463	8.35968	
2.68585	8.36426	
2.68524	8.35205	
2.69806	8.34869	
2.69836	8.36548	
2.68982	8.36243	
2.69623	8.36121	
2.70355	8.35083	
2.69043	8.32916	
2.68646	8.35785	
2.69196	8.35632	
2.69989	8.34839	
2.70905	8.35175	
2.69043	8.36395	
2.68982	8.36456	
2.68585	8.3548	
2.68494	8.34869	
2.69806	8.35693	
2.68768	8.349	
2.69592	8.3551	
2.69836	8.35052	
2.69409	8.35449	
2.69867	8.35144	
2.6947	8.3609	
2.69806	8.35602	
2.68219	8.35602	
2.68799	8.34686	
2.70233	8.34412	
2.6944	8.36731	
2.70142	8.35236	
2.68738	8.34198	
2.68616	8.33191	
2.69379	8.35999	
2.69836	8.35419	
2.68951	8.37219	
2.68738	8.35724	
2.68768	8.3667	
2.70691	8.3606	
2.6944	8.3432	
2.68951	8.35114	
2.69836	8.36456	
2.68951	8.35663	
2.68799	8.34412	
2.69348	8.33588	
2.69287	8.34045	
2.69226	8.35419	
2.70111	8.3313	
2.70386	8.3313	
2.68188	8.33527	
2.69165	8.36853	
2.69562	8.35022	
2.69592	8.34534	
2.68555	8.33984	
2.68219	8.35175	
2.69318	8.35876	
2.68463	8.34839	
2.68646	8.35602	
2.70477	8.34351	
2.69653	8.33649	
2.69531	8.34564	
2.69012	8.36304	
2.69104	8.34961	
2.68341	8.33008	
2.68616	8.35999	
2.67853	8.35022	
2.69653	8.33405	
2.69928	8.34869	
2.68829	8.35541	
2.69012	8.34137	
2.67822	8.33923	
2.69531	8.34747	
2.69379	8.35419	
2.69653	8.35449	
2.70172	8.36365	
2.6828	8.33618	
2.69196	8.35571	
2.69775	8.34625	
2.69165	8.36273	
2.68402	8.35236	
2.68494	8.3667	
2.68799	8.36731	
2.69531	8.36029	
2.69958	8.35205	
2.69104	8.35449	
2.69501	8.35876	
2.6886	8.34778	
2.68677	8.349	
2.68311	8.33862	
2.69073	8.34259	
2.70325	8.35266	
2.69043	8.35632	
2.68738	8.35785	
2.68799	8.36121	
2.68555	8.35602	
2.68951	8.35297	
2.68799	8.35999	
2.68433	8.35602	
2.69592	8.36792	
2.69073	8.3667	
2.6944	8.34564	
2.69836	8.36304	
2.70264	8.35541	
2.70142	8.35236	
2.69348	8.3606	
2.69104	8.35938	
2.68463	8.35327	
2.71179	8.35846	
2.67456	8.36243	
2.68768	8.35266	
2.69653	8.36487	
2.69867	8.37402	
2.69836	8.35236	
2.68494	8.36395	
2.69043	8.36334	
2.68494	8.36792	
2.68524	8.3783	
2.69836	8.36639	
2.68616	8.36609	
2.69623	8.34106	
2.69196	8.37128	
2.68463	8.37219	
2.69318	8.36395	
2.69562	8.37402	
2.69531	8.37219	
2.68555	8.38776	
2.68951	8.3786	
2.69775	8.36243	
2.68585	8.36487	
2.69714	8.34717	
2.69012	8.36884	
2.69592	8.34991	
2.67517	8.36823	
2.7005	8.36243	
2.68585	8.35236	
2.70172	8.35785	
2.69104	8.34106	
2.69989	8.36578	
2.69196	8.35358	
2.68402	8.35297	
2.69958	8.37006	
2.68707	8.3609	
2.68463	8.32733	
2.69836	8.33832	
2.69562	8.34442	
2.68982	8.3667	
2.69196	8.35632	
2.69196	8.37433	
2.70142	8.367	
2.68463	8.36823	
2.69714	8.33588	
2.7005	8.35052	
2.69958	8.35999	
2.69104	8.34839	
2.69775	8.32794	
2.69562	8.32031	
2.68768	8.33466	
2.6889	8.33527	
2.69775	8.33588	
2.6944	8.34167	
2.69043	8.33313	
2.68585	8.30994	
2.69684	8.3313	
2.68921	8.33435	
2.69043	8.34045	
2.68951	8.34015	
2.70538	8.35175	
2.68829	8.34381	
2.68555	8.3313	
2.70081	8.33374	
2.7005	8.33496	
2.68372	8.33069	
2.69836	8.32733	
2.69379	8.31482	
2.69226	8.32214	
2.7002	8.33984	
2.68066	8.34045	
2.69012	8.31421	
2.68829	8.33679	
2.69867	8.32275	
2.69531	8.33405	
2.69165	8.32397	
2.69592	8.32581	
2.69684	8.31451	
2.69562	8.3374	
2.69531	8.33008	
2.68372	8.33252	
2.6944	8.34778	
2.6889	8.33466	
2.69104	8.32825	
2.69562	8.34076	
2.68921	8.33221	
2.69318	8.32275	
2.69806	8.32184	
2.70447	8.33435	
2.69531	8.33038	
2.68677	8.32733	
2.69775	8.32062	
2.7005	8.33588	
2.69165	8.33008	
2.68372	8.3316	
2.68951	8.31635	
2.68829	8.32123	
2.69257	8.31635	
2.6828	8.30719	
2.69012	8.3017	
2.69287	8.30963	
2.69958	8.31238	
2.69928	8.32306	
2.69409	8.31818	
2.68829	8.3197	
2.6889	8.36334	
2.68768	8.32672	
2.69653	8.32367	
2.70996	8.32367	
2.69745	8.32916	
2.69379	8.32825	
2.69257	8.32581	
2.68707	8.31299	
2.70874	8.32397	
2.68616	8.32245	
2.69165	8.31238	
2.69745	8.31879	
2.70233	8.32306	
2.68066	8.30933	
2.69928	8.31177	
2.69592	8.30688	
2.68982	8.32123	
2.69684	8.32947	
2.69257	8.32153	
2.68921	8.31726	
2.69867	8.31726	
2.7063	8.32336	
2.68951	8.32977	
2.69318	8.33313	
2.69073	8.35052	
2.68982	8.35968	
2.69775	8.33588	
2.68768	8.32336	
2.6947	8.31909	
2.68524	8.31665	
2.69684	8.31665	
2.69836	8.32184	
2.6889	8.33008	
2.69623	8.33282	
2.69867	8.33496	
2.68555	8.33313	
2.69714	8.35327	
2.70355	8.32458	
2.69775	8.32123	
2.69348	8.34198	
2.69379	8.33221	
2.69165	8.32947	
2.69104	8.34686	
2.70081	8.33771	
2.70325	8.34778	
2.67822	8.33069	
2.69318	8.35388	
2.6947	8.3374	
2.68677	8.32825	
2.69684	8.3252	
2.69562	8.31757	
2.69653	8.32123	
2.70081	8.31909	
2.69531	8.31787	
2.68768	8.32581	
2.69226	8.32153	
2.68646	8.32642	
2.69257	8.32214	
2.69806	8.34961	
2.68402	8.33771	
2.70203	8.3371	
2.6825	8.35175	
2.69562	8.35388	
2.69226	8.3371	
2.6889	8.32245	
2.68494	8.31543	
2.67822	8.32336	
2.69745	8.31848	
2.68646	8.32611	
2.70416	8.32489	
2.69104	8.33954	
2.68921	8.33893	
2.69562	8.3139	
2.68951	8.33862	
2.69897	8.3255	
2.68524	8.33588	
2.6947	8.34259	
2.68433	8.35388	
2.69653	8.35999	
2.69104	8.349	
2.68646	8.35114	
2.68799	8.32733	
2.69653	8.35388	
2.69104	8.34625	
2.69684	8.3432	
2.69043	8.35846	
2.68951	8.35236	
2.6886	8.3432	
2.7005	8.35083	
2.6947	8.35999	
2.69073	8.33038	
2.68799	8.33435	
2.70142	8.34564	
2.68433	8.33893	
2.69196	8.33984	
2.68646	8.3374	
2.70325	8.35022	
2.68951	8.34106	
2.69531	8.33618	
2.6889	8.31207	
2.69562	8.33435	
2.69073	8.34198	
2.69257	8.34229	
2.7005	8.31787	
2.68066	8.32642	
2.69623	8.33649	
2.68799	8.33557	
2.6889	8.33405	
2.69653	8.32214	
2.69043	8.32764	
2.69318	8.33008	
2.70081	8.32397	
2.68341	8.32123	
2.69958	8.32306	
2.68738	8.31848	
2.70599	8.33527	
2.6886	8.31512	
2.69836	8.30872	
2.69867	8.32062	
2.68524	8.31268	
2.70081	8.31177	
2.68951	8.32306	
2.68616	8.29529	
2.70508	8.29437	
2.68982	8.29773	
2.69165	8.30963	
2.69226	8.33435	
2.6886	8.31177	
2.69806	8.30811	
2.68951	8.32214	
2.69073	8.32184	
2.7005	8.3551	
2.68585	8.3371	
2.69714	8.34137	
2.68616	8.33588	
2.69501	8.31482	
2.68707	8.32123	
2.68951	8.32245	
2.69989	8.32336	
2.68433	8.31726	
2.69379	8.32733	
2.69745	8.31909	
2.70111	8.3075	
2.69409	8.30322	
2.69806	8.30322	
2.68311	8.31146	
2.69684	8.32001	
2.69226	8.3075	
2.68738	8.32703	
2.69653	8.34839	
2.6944	8.32581	
2.69562	8.34015	
2.69379	8.32581	
2.69806	8.35846	
2.69775	8.34412	
2.68799	8.32825	
2.68494	8.34656	
2.69653	8.33221	
2.70264	8.33038	
2.69043	8.32428	
2.69165	8.33466	
2.69714	8.30048	
2.68707	8.32275	
2.6947	8.31482	
2.68768	8.30048	
2.69409	8.31909	
2.69623	8.31696	
2.69775	8.32062	
2.69714	8.32703	
2.69043	8.3194	
2.6944	8.32367	
2.6944	8.31085	
2.69806	8.32306	
2.69653	8.31818	
2.68646	8.32306	
2.68646	8.30933	
2.7002	8.30902	
2.70233	8.30688	
2.69257	8.31818	
2.68707	8.31848	
2.70935	8.3136	
2.69562	8.31848	
2.69012	8.32245	
2.6944	8.32092	
2.69501	8.31909	
2.67792	8.34137	
2.69653	8.34167	
2.68616	8.32214	
2.70782	8.3429	
2.68921	8.33252	
2.6889	8.33649	
2.6944	8.32489	
2.68768	8.32306	
2.68311	8.32062	
2.70111	8.32855	
2.68799	8.31268	
2.69409	8.3316	
2.69226	8.33344	
2.69043	8.32489	
2.69287	8.32977	
2.69135	8.32611	
2.68982	8.33801	
2.68921	8.30719	
2.70172	8.31085	
2.68982	8.3017	
2.6889	8.31757	
2.69928	8.31543	
2.68677	8.30261	
2.69592	8.33435	
2.68829	8.32611	
2.6889	8.31757	
2.69836	8.33099	
2.6886	8.32428	
2.68768	8.31696	
2.69836	8.3136	
2.68951	8.35022	
2.68463	8.31421	
2.70203	8.30261	
2.68768	8.31787	
2.7002	8.31207	
2.69592	8.30475	
2.68707	8.31787	
2.6886	8.32703	
2.70203	8.32581	
2.68829	8.32428	
2.69501	8.3194	
2.68768	8.32214	
2.69867	8.33405	
2.69928	8.32184	
2.68677	8.32092	
2.7002	8.33221	
2.69012	8.3197	
2.68768	8.34656	
2.69104	8.32062	
2.6825	8.30353	
2.69653	8.31604	
2.69257	8.32916	
2.70355	8.31818	
2.69135	8.3139	
2.68768	8.3136	
2.69745	8.32214	
2.70111	8.31787	
2.68463	8.32275	
2.69989	8.31116	
2.68982	8.31879	
2.70416	8.31757	
2.69196	8.32306	
2.69836	8.32336	
2.68951	8.31848	
2.68799	8.3136	
2.69958	8.30261	
2.69226	8.30353	
2.69958	8.30872	
2.69073	8.32275	
2.69104	8.31482	
2.6944	8.30627	
2.70264	8.32001	
2.68829	8.31909	
2.69257	8.30627	
2.69318	8.29834	
2.68951	8.30048	
2.69867	8.30536	
2.68982	8.3139	
2.69196	8.31543	
2.7002	8.3017	
2.70111	8.32367	
2.69318	8.30292	
2.69684	8.3078	
2.69226	8.31512	
2.68982	8.30261	
2.69531	8.29529	
2.68951	8.3017	
2.70111	8.31451	
2.68829	8.29498	
2.69409	8.30475	
2.6828	8.31055	
2.69745	8.31299	
2.69501	8.28674	
2.69684	8.28033	
2.69531	8.29712	
2.68829	8.31116	
2.6944	8.30475	
2.68677	8.31696	
2.69714	8.31238	
2.6886	8.30902	
2.69836	8.31604	
2.68005	8.302	
2.69806	8.31512	
2.68433	8.30811	
2.69928	8.30017	
2.68951	8.29468	
2.69165	8.29437	
2.69104	8.27942	
2.68311	8.28979	
2.68494	8.3075	
2.69135	8.27881	
2.68951	8.29651	
2.70721	8.29041	
2.69287	8.28918	
2.68951	8.28918	
2.7005	8.2843	
2.68677	8.29742	
2.69409	8.29895	
2.69501	8.28827	
2.69745	8.29041	
2.68616	8.28918	
2.69073	8.284	
2.69043	8.28461	
2.6944	8.30597	
2.69623	8.30719	
2.69775	8.31848	
2.69958	8.30627	
2.68829	8.30811	
2.70111	8.30017	
2.68585	8.32062	
2.69104	8.32123	
2.69135	8.30658	
2.68982	8.30811	
2.6947	8.29926	
2.68921	8.29376	
2.6944	8.31451	
2.69104	8.33496	
2.69958	8.31757	
2.68799	8.31329	
2.70111	8.32642	
2.6825	8.3197	
2.6944	8.3316	
2.69348	8.30566	
2.68524	8.30658	
2.70203	8.31055	
2.68982	8.31207	
2.69531	8.33252	
2.69714	8.32764	
2.69073	8.29742	
2.6947	8.29712	
2.69073	8.29773	
2.69379	8.29712	
2.68311	8.29529	
2.69318	8.30261	
2.68158	8.32611	
2.68921	8.29498	
2.69806	8.31604	
2.67975	8.3255	
2.69287	8.30231	
2.69592	8.30597	
2.68005	8.30841	
2.69745	8.31146	
2.70142	8.30719	
2.68219	8.31146	
2.69073	8.32062	
2.7002	8.30627	
2.67883	8.31421	
2.69775	8.30872	
2.69196	8.31696	
2.70752	8.32489	
2.69257	8.32214	
2.68768	8.3136	
2.70203	8.31482	
2.68738	8.32306	
2.69714	8.30811	
2.68768	8.302	
2.69775	8.30994	
2.69135	8.30231	
2.69012	8.29895	
2.69745	8.30322	
2.68616	8.3139	
2.68829	8.32184	
2.69714	8.31635	
2.69318	8.3255	
2.68738	8.33038	
2.69867	8.32977	
2.68066	8.31238	
2.6944	8.32245	
2.68585	8.33038	
2.69379	8.33801	
2.68555	8.32825	
2.69806	8.32306	
2.68951	8.30444	
2.69562	8.30566	
2.69348	8.3194	
2.68829	8.29468	
2.69165	8.31116	
2.69684	8.30292	
2.68433	8.29315	
2.70142	8.30017	
2.68158	8.3075	
2.69714	8.31543	
2.69257	8.29895	
2.7005	8.30505	
2.69775	8.31085	
2.68829	8.302	
2.70416	8.3078	
2.69135	8.30688	
2.69592	8.31635	
2.69165	8.32153	
2.68616	8.31268	
2.69531	8.32367	
2.69318	8.31451	
2.69196	8.30109	
2.68005	8.30566	
2.68585	8.29865	
2.69165	8.29163	
2.67944	8.30261	
2.69501	8.30627	
2.68524	8.30292	
2.68646	8.32458	
2.69928	8.30231	
2.69165	8.31482	
2.70142	8.29956	
2.6886	8.3139	
2.68707	8.32336	
2.70569	8.30963	
2.6889	8.3078	
2.69928	8.32367	
2.69745	8.3252	
2.69318	8.31635	
2.69409	8.31604	
2.6886	8.30383	
2.69135	8.32275	
2.69073	8.31848	
2.69379	8.30933	
2.68768	8.29407	
2.69073	8.3078	
2.69684	8.32489	
2.68738	8.33374	
2.6825	8.33099	
2.69012	8.31512	
2.69928	8.32001	
2.68799	8.30017	
2.69806	8.30902	
2.69348	8.3139	
2.70538	8.31451	
2.68646	8.3139	
2.69897	8.32397	
2.6886	8.33008	
2.69104	8.30841	
2.68616	8.3313	
2.69348	8.32275	
2.69043	8.31818	
2.69348	8.31787	
2.69684	8.30872	
2.69073	8.31116	
2.7005	8.3136	
2.68921	8.32367	
2.69928	8.30658	
2.69073	8.31543	
2.6889	8.3255	
2.69684	8.30963	
2.6889	8.33374	
2.68585	8.30963	
2.69379	8.31024	
2.6944	8.33191	
2.68646	8.32855	
2.69806	8.32458	
2.68433	8.31543	
2.69897	8.31573	
2.68829	8.34625	
2.69928	8.3252	
2.69958	8.32581	
2.6886	8.32703	
2.68219	8.32092	
2.69897	8.31909	
2.69196	8.31726	
2.69501	8.30994	
2.69836	8.30109	
2.68463	8.30902	
2.70081	8.34808	
2.69562	8.30536	
2.69287	8.30658	
2.70569	8.33862	
2.69348	8.29773	
2.69775	8.32001	
2.69958	8.32306	
2.68921	8.32458	
2.69958	8.29803	
2.69714	8.32947	
2.68616	8.30261	
2.69684	8.30566	
2.68738	8.3017	
2.69745	8.29407	
2.69012	8.30872	
2.69257	8.30261	
2.69806	8.30811	
2.68982	8.29254	
2.69958	8.29193	
2.6886	8.29956	
2.68829	8.26691	
2.69196	8.28827	
2.69531	8.28735	
2.69257	8.28949	
2.69714	8.28888	
2.70111	8.26752	
2.69867	8.29041	
2.68799	8.28033	
2.7002	8.27972	
2.69165	8.27881	
2.68677	8.27209	
2.69989	8.26691	
2.68982	8.28705	
2.6944	8.27637	
2.69012	8.29742	
2.68372	8.27881	
2.69928	8.29651	
2.68677	8.26477	
2.70813	8.2959	
2.69318	8.28827	
2.69897	8.29132	
2.69684	8.28705	
2.68799	8.28613	
2.69897	8.29407	
2.68738	8.29132	
2.69287	8.28949	
2.6944	8.28064	
2.68768	8.31116	
2.69684	8.29224	
2.69012	8.29742	
2.68585	8.28278	
2.69836	8.3017	
2.68951	8.29315	
2.69348	8.29315	
2.68646	8.28094	
2.69348	8.33405	
2.69806	8.30933	
2.68951	8.31573	
2.69196	8.30505	
2.69653	8.2962	
2.69379	8.28369	
2.69226	8.28033	
2.69745	8.28003	
2.69073	8.27606	
2.69623	8.27667	
2.69287	8.28644	
2.70142	8.28217	
2.69745	8.27606	
2.6886	8.27515	
2.70233	8.29437	
2.68219	8.28613	
2.69379	8.28796	
2.68829	8.29315	
2.68097	8.2901	
2.69745	8.29773	
2.68158	8.28033	
2.6889	8.28217	
2.69012	8.29315	
2.69989	8.302	
2.6886	8.30109	
2.68768	8.32031	
2.7005	8.31085	
2.69653	8.3136	
2.68768	8.29926	
2.69531	8.29071	
2.70691	8.32428	
2.69775	8.30475	
2.68646	8.32947	
2.71149	8.3255	
2.69836	8.32642	
2.68677	8.34015	
2.68341	8.32062	
2.70142	8.31635	
2.6889	8.31909	
2.7005	8.31421	
2.7005	8.31573	
2.68768	8.31696	
2.69684	8.29956	
2.69958	8.33557	
2.6886	8.31055	
2.6828	8.30505	
2.69958	8.31268	
2.68707	8.31665	
2.70142	8.3255	
2.69073	8.29834	
2.68951	8.3017	
2.69989	8.31329	
2.69958	8.33099	
2.69135	8.30658	
2.70203	8.30383	
2.69531	8.31116	
2.68707	8.3255	
2.68463	8.3139	
2.69958	8.31635	
2.68707	8.31207	
2.68188	8.30109	
2.68829	8.3075	
2.69806	8.30902	
2.69806	8.31665	
2.68799	8.32611	
2.69836	8.31909	
2.68463	8.31909	
2.68646	8.33862	
2.70081	8.33466	
2.68677	8.3197	
2.68768	8.34045	
2.70111	8.33038	
2.69836	8.3313	
2.68738	8.34167	
2.70081	8.33344	
2.68097	8.3371	
2.69318	8.34045	
2.70325	8.33435	
2.7002	8.33344	
2.68585	8.35541	
2.70264	8.34381	
2.6947	8.33862	
2.6947	8.35693	
2.6947	8.35175	
2.68188	8.35114	
2.6944	8.34961	
2.69958	8.35052	
2.6828	8.36609	
2.69928	8.33374	
2.68524	8.33099	
2.68829	8.33649	
2.70142	8.30811	
2.68524	8.33679	
2.71057	8.33282	
2.69226	8.32977	
2.6947	8.32855	
2.70264	8.32184	
2.68829	8.3316	
2.69104	8.32306	
2.69287	8.30292	
2.69409	8.3075	
2.69531	8.31665	
2.70782	8.30414	
2.69073	8.32184	
2.69714	8.31635	
2.68494	8.34625	
2.69745	8.33923	
2.68982	8.32947	
2.6886	8.34198	
2.69501	8.31543	
2.69379	8.3313	
2.68921	8.32886	
2.69165	8.34503	
2.69806	8.32184	
2.68219	8.31909	
2.69928	8.30841	
2.69073	8.32336	
2.6947	8.32825	
2.69623	8.32611	
2.69257	8.32275	
2.69562	8.32001	
2.70294	8.33069	
2.68738	8.3371	
2.68738	8.34534	
2.69928	8.31818	
2.67914	8.3075	
2.68951	8.31024	
2.69958	8.32123	
2.69287	8.31879	
2.6947	8.31787	
2.70233	8.31268	
2.69012	8.3194	
2.68555	8.33374	
2.69073	8.32672	
2.69867	8.32367	
2.68646	8.30597	
2.70203	8.29712	
2.68463	8.30627	
2.68768	8.31238	
2.69318	8.30688	
2.69745	8.31696	
2.6886	8.33008	
2.68616	8.29834	
2.68982	8.30872	
2.69989	8.3075	
2.68768	8.29865	
2.69409	8.30231	
2.69592	8.3136	
2.69043	8.32581	
2.69073	8.29926	
2.68646	8.30811	
2.68951	8.28827	
2.70416	8.27179	
2.69379	8.30505	
2.69623	8.30505	
2.70142	8.302	
2.69531	8.29651	
2.68921	8.29559	
2.69531	8.30872	
2.6886	8.29987	
2.6947	8.27789	
2.68829	8.28827	
2.69226	8.28033	
2.69714	8.28888	
2.68707	8.29193	
2.69653	8.32184	
2.68646	8.28735	
2.69836	8.28979	
2.69745	8.31696	
2.68768	8.349	
2.69165	8.32886	
2.68829	8.30261	
2.69287	8.29285	
2.69958	8.31696	
2.68494	8.31787	
2.69165	8.31512	
2.69745	8.31757	
2.68982	8.33374	
2.68951	8.31421	
2.69592	8.32184	
2.70447	8.32275	
2.6889	8.31635	
2.69684	8.32397	
2.69104	8.32825	
2.68799	8.3316	
2.68951	8.32794	
2.68066	8.33221	
2.69073	8.33984	
2.68585	8.33679	
2.68738	8.34961	
2.68707	8.33984	
2.69806	8.32581	
2.68951	8.34595	
2.69165	8.32458	
2.70233	8.32245	
2.6886	8.32733	
2.68646	8.33008	
2.68616	8.32642	
2.69318	8.33374	
2.69775	8.34625	
2.68951	8.31573	
2.69073	8.31238	
2.68951	8.31268	
2.69745	8.30536	
2.69073	8.32245	
2.69257	8.34381	
2.69745	8.33252	
2.6886	8.33618	
2.6947	8.32855	
2.69684	8.31879	
2.69714	8.3252	
2.68829	8.31726	
2.68646	8.30353	
2.69958	8.31238	
2.70233	8.3194	
2.6886	8.3313	
2.68646	8.3197	
2.69379	8.34412	
2.69684	8.33008	
2.68707	8.3429	
2.6828	8.32489	
2.69104	8.31512	
2.70111	8.34198	
2.69714	8.3493	
2.68005	8.35114	
2.68646	8.35876	
2.69318	8.33954	
2.69775	8.32428	
2.69867	8.3252	
2.69653	8.33496	
2.69745	8.35114	
2.69073	8.31177	
2.68799	8.30505	
2.70233	8.31268	
2.69867	8.32397	
2.69348	8.3252	
2.68707	8.31299	
2.69623	8.32306	
2.70233	8.3252	
2.69653	8.31451	
2.69623	8.31635	
2.69318	8.3313	
2.69836	8.3139	
2.6944	8.32611	
2.69196	8.32062	
2.68707	8.33832	
2.69287	8.35724	
2.69775	8.34961	
2.6886	8.34381	
2.68433	8.34412	
2.68646	8.35175	
2.70233	8.35175	
2.69592	8.3316	
2.69684	8.32947	
2.69043	8.34015	
2.69897	8.31757	
2.68921	8.32153	
2.69928	8.31696	
2.69684	8.32397	
2.69806	8.31482	
2.69501	8.31268	
2.6889	8.33588	
2.68341	8.34167	
2.7005	8.33038	
2.6886	8.32642	
2.68829	8.3551	
2.70264	8.32336	
2.69897	8.33984	
2.70721	8.33923	
2.68921	8.32916	
2.69135	8.29529	
2.69073	8.30872	
2.69928	8.3255	
2.69958	8.31238	
2.68707	8.32092	
2.69257	8.32794	
2.68768	8.3255	
2.68829	8.32031	
2.68768	8.32611	
2.69379	8.34229	
2.7002	8.34595	
2.69836	8.31085	
2.68372	8.32977	
2.68921	8.30933	
2.69653	8.32123	
2.69867	8.29865	
2.68066	8.33099	
2.68921	8.32581	
2.69958	8.33984	
2.69135	8.32184	
2.69135	8.32306	
2.69135	8.33313	
2.69012	8.32581	
2.6889	8.3371	
2.68127	8.32153	
2.68616	8.33679	
2.6886	8.34473	
2.69348	8.32947	
2.68982	8.32123	
2.69379	8.32123	
2.6886	8.30658	
2.68555	8.32336	
2.69012	8.34167	
2.69318	8.34229	
2.69226	8.33282	
2.69836	8.32916	
2.69165	8.3255	
2.69897	8.31421	
2.69226	8.31818	
2.69592	8.30658	
2.69287	8.30658	
2.70172	8.30383	
2.70111	8.3194	
2.68646	8.32153	
2.67761	8.31177	
2.68799	8.33649	
2.69318	8.32245	
2.68829	8.31299	
2.69165	8.30475	
2.68585	8.32916	
2.69226	8.30994	
2.69745	8.32031	
2.69165	8.30261	
2.68982	8.32428	
2.68768	8.32306	
2.69562	8.30292	
2.69562	8.30231	
2.70203	8.31421	
2.70203	8.31207	
2.68829	8.30322	
2.68402	8.29254	
2.69104	8.3139	
2.68921	8.31543	
2.68799	8.32733	
2.69257	8.31421	
2.68799	8.30322	
2.68707	8.31573	
2.68616	8.31085	
2.68982	8.30414	
2.70111	8.3255	
2.68951	8.32153	
2.68524	8.31421	
2.69379	8.32336	
2.69318	8.30841	
2.70294	8.32153	
2.69745	8.32275	
2.69287	8.31482	
2.68768	8.32062	
2.69226	8.31543	
2.68494	8.30109	
2.69257	8.3136	
2.6947	8.28888	
2.69836	8.29437	
2.68219	8.29132	
2.69073	8.29407	
2.69714	8.29681	
2.69806	8.3075	
2.69867	8.32428	
2.69592	8.33313	
2.69714	8.31757	
2.68707	8.32184	
2.69135	8.31573	
2.69775	8.29041	
2.70416	8.30322	
2.70447	8.32153	
2.69287	8.30475	
2.69928	8.3139	
2.69379	8.31635	
2.69135	8.32306	
2.69043	8.32397	
2.69165	8.32397	
2.69714	8.31726	
2.69165	8.31055	
2.68555	8.32764	
2.69226	8.32275	
2.69318	8.33496	
2.68494	8.34534	
2.69257	8.3197	
2.70081	8.33038	
2.69562	8.32489	
2.68738	8.31879	
2.69073	8.33038	
2.6886	8.30566	
2.69379	8.31207	
2.69135	8.31573	
2.68494	8.30902	
2.68066	8.31573	
2.68738	8.31818	
2.68707	8.30994	
2.68799	8.30872	
2.69409	8.31482	
2.69348	8.31024	
2.68585	8.30536	
2.6944	8.31573	
2.69104	8.30597	
2.70111	8.30536	
2.69928	8.302	
2.69806	8.32062	
2.69745	8.32001	
2.69501	8.30994	
2.70538	8.29071	
2.70203	8.29376	
2.70142	8.29407	
2.68707	8.29254	
2.68494	8.29712	
2.68524	8.29315	
2.69165	8.28918	
2.69104	8.28674	
2.69501	8.28735	
2.69775	8.29834	
2.7066	8.28918	
2.69653	8.29437	
2.68707	8.29224	
2.70172	8.29559	
2.69684	8.27545	
2.69684	8.29468	
2.69287	8.28461	
2.68433	8.2962	
2.69379	8.29926	
2.69318	8.30902	
2.70447	8.28674	
2.7005	8.31299	
2.69806	8.28369	
2.69318	8.2724	
2.69257	8.28156	
2.69104	8.28796	
2.69653	8.30109	
2.70416	8.30505	
2.69257	8.29926	
2.69684	8.29895	
2.69714	8.30688	
2.69928	8.28644	
2.69653	8.30627	
2.69745	8.30627	
2.70569	8.29895	
2.69836	8.30719	
2.6944	8.30383	
2.69135	8.29773	
2.69226	8.30231	
2.6889	8.29803	
2.6944	8.30444	
2.70264	8.30444	
2.68951	8.30658	
2.68463	8.31787	
2.6825	8.30933	
2.68707	8.29712	
2.69257	8.29956	
2.69104	8.29437	
2.69623	8.31055	
2.69104	8.29498	
2.68829	8.30353	
2.68005	8.28796	
2.68372	8.28827	
2.68829	8.28674	
2.6886	8.28522	
2.68707	8.28705	
2.69196	8.29376	
2.68829	8.29498	
2.68707	8.29529	
2.69806	8.30658	
2.69714	8.32092	
2.69806	8.30963	
2.70081	8.32367	
2.6947	8.31299	
2.68524	8.30994	
2.6828	8.30688	
2.69257	8.30994	
2.69592	8.31299	
2.69867	8.29712	
2.70508	8.29742	
2.69073	8.28949	
2.70172	8.27942	
2.69653	8.28979	
2.69562	8.29865	
2.69104	8.31879	
2.68982	8.31726	
2.69806	8.30963	
2.69165	8.30658	
2.69135	8.29346	
2.69775	8.30017	
2.6886	8.31207	
2.6947	8.29437	
2.70081	8.29834	
2.70569	8.29773	
2.69836	8.29712	
2.69196	8.2962	
2.68707	8.29498	
2.6825	8.31024	
2.68829	8.30505	
2.6889	8.29926	
2.68799	8.30597	
2.68829	8.29437	
2.69196	8.29315	
2.68982	8.28644	
2.69714	8.31543	
2.69531	8.29468	
2.68921	8.30902	
2.69623	8.31451	
2.69623	8.31879	
2.69775	8.31207	
2.70264	8.31665	
2.69836	8.34015	
2.69623	8.31085	
2.69775	8.29742	
2.69684	8.31024	
2.69257	8.3194	
2.69501	8.30292	
2.70477	8.30078	
2.69867	8.31665	
2.70386	8.30597	
2.69653	8.30963	
2.69562	8.3078	
2.69409	8.30963	
2.69104	8.30414	
2.70386	8.30597	
2.70142	8.32123	
2.70538	8.30902	
2.6947	8.30414	
2.68555	8.29102	
2.68707	8.29071	
2.69775	8.30933	
2.69958	8.30841	
2.69958	8.30505	
2.69562	8.3075	
2.69714	8.31482	
2.70996	8.30841	
2.69928	8.29742	
2.68829	8.31024	
2.68555	8.30292	
2.69196	8.30231	
2.68555	8.30414	
2.68799	8.30963	
2.68433	8.30902	
2.6889	8.30597	
2.69348	8.31299	
2.69165	8.3197	
2.69104	8.30872	
2.68829	8.31085	
2.69043	8.32703	
2.68219	8.29895	
2.68951	8.30017	
2.68555	8.29437	
2.68738	8.29529	
2.69196	8.29712	
2.69348	8.29437	
2.70142	8.30322	
2.69928	8.3017	
2.69287	8.30536	
2.69501	8.30688	
2.69806	8.29742	
2.70477	8.30811	
2.69989	8.32001	
2.69836	8.31787	
2.69287	8.30933	
2.6886	8.31329	
2.68921	8.31116	
2.68799	8.2959	
2.68677	8.30048	
2.68646	8.3078	
2.68677	8.31146	
2.69104	8.3136	
2.69745	8.30017	
2.69531	8.30322	
2.69867	8.29437	
2.69714	8.30902	
2.69714	8.32428	
2.69989	8.31451	
2.69958	8.31146	
2.70691	8.32581	
2.69928	8.33557	
2.69714	8.31177	
2.69745	8.32123	
2.70142	8.34412	
2.69531	8.32001	
2.69836	8.31451	
2.70538	8.31329	
2.69531	8.31573	
2.69867	8.31177	
2.70355	8.32123	
2.69501	8.31024	
2.69653	8.29071	
2.69836	8.29193	
2.70081	8.29742	
2.69623	8.30292	
2.69745	8.29895	
2.6886	8.29803	
2.68738	8.28796	
2.69409	8.27118	
2.68585	8.29254	
2.68463	8.28644	
2.69836	8.2785	
2.69562	8.29102	
2.69073	8.31329	
2.68982	8.32001	
2.68921	8.33496	
2.68616	8.32092	
2.68219	8.3313	
2.6886	8.30933	
2.68829	8.30872	
2.69287	8.30017	
2.70599	8.30597	
2.69318	8.29041	
2.69196	8.30688	
2.69714	8.31451	
2.69928	8.30872	
2.69379	8.31329	
2.69958	8.30688	
2.68799	8.30475	
2.68677	8.30902	
2.68616	8.33191	
2.69043	8.33008	
2.69073	8.31635	
2.69043	8.33832	
2.69104	8.3255	
2.69379	8.33344	
2.69867	8.30566	
2.69165	8.31238	
2.7005	8.32855	
2.6889	8.30627	
2.68372	8.29285	
2.68616	8.29712	
2.69104	8.31451	
2.71118	8.2782	
2.69806	8.30139	
2.69379	8.29895	
2.69165	8.29712	
2.69714	8.30536	
2.69165	8.32153	
2.69257	8.30536	
2.69501	8.30658	
2.69562	8.30597	
2.69928	8.31146	
2.69897	8.30994	
2.70355	8.31207	
2.70355	8.29468	
2.69714	8.30536	
2.69745	8.29346	
2.69623	8.28705	
2.69958	8.30444	
2.69379	8.30994	
2.68829	8.31818	
2.69012	8.31451	
2.69867	8.31909	
2.70386	8.30963	
2.69928	8.29803	
2.68951	8.31482	
2.69623	8.32336	
2.68921	8.31726	
2.69043	8.3255	
2.69379	8.32123	
2.68616	8.33893	
2.68799	8.33588	
2.70172	8.32062	
2.69501	8.34076	
2.69836	8.31696	
2.68372	8.32855	
2.69135	8.32977	
2.69073	8.34198	
2.69989	8.33313	
2.70905	8.32672	
2.69501	8.32306	
2.69379	8.32672	
2.69165	8.30841	
2.68921	8.32672	
2.68951	8.30841	
2.68219	8.3139	
2.68311	8.31299	
2.69287	8.3194	
2.69379	8.3255	
2.69714	8.31512	
2.6886	8.30963	
2.6947	8.31787	
2.69623	8.32611	
2.69775	8.33344	
2.70935	8.33099	
2.69684	8.33435	
2.69775	8.33435	
2.69287	8.33069	
2.68921	8.33191	
2.68707	8.32855	
2.68768	8.30933	
2.68829	8.33374	
2.7005	8.33801	
2.69012	8.34015	
2.68555	8.33282	
2.68402	8.33038	
2.68951	8.33588	
2.69135	8.34106	
2.6889	8.35236	
2.70233	8.33984	
2.7005	8.32367	
2.69714	8.32947	
2.69287	8.33557	
2.68921	8.33588	
2.6947	8.32275	
2.70081	8.33496	
2.69806	8.32031	
2.69348	8.31848	
2.69135	8.32062	
2.68799	8.31818	
2.69043	8.30933	
2.69897	8.31604	
2.69196	8.32489	
2.69623	8.3313	
2.68677	8.3136	
2.68829	8.32184	
2.6889	8.31665	
2.69012	8.32642	
2.71088	8.32397	
2.69562	8.32275	
2.69989	8.33405	
2.69104	8.32825	
2.6886	8.32001	
2.69043	8.31451	
2.68341	8.32672	
2.68341	8.32794	
2.69379	8.33069	
2.70264	8.31635	
2.69806	8.31299	
2.70233	8.31268	
2.68982	8.30322	
2.68982	8.34167	
2.68982	8.32794	
2.70081	8.32336	
2.70203	8.30872	
2.70386	8.31177	
2.69104	8.29712	
2.69012	8.29956	
2.6944	8.32611	
2.7002	8.31879	
2.69592	8.33435	
2.69806	8.32611	
2.69165	8.31604	
2.69287	8.32642	
2.68494	8.30322	
2.69867	8.31451	
2.68921	8.31757	
2.68829	8.31421	
2.69287	8.31421	
2.70264	8.33344	
2.69531	8.3374	
2.69501	8.31909	
2.70752	8.32764	
2.69684	8.31207	
2.69257	8.31482	
2.69379	8.30353	
2.68982	8.3197	
2.69287	8.31848	
2.6947	8.30505	
2.69745	8.29651	
2.70264	8.30811	
2.69379	8.3017	
2.69745	8.31757	
2.6825	8.29285	
2.68799	8.29681	
2.69501	8.32123	
2.70172	8.31512	
2.69409	8.30872	
2.68616	8.30994	
2.69073	8.32764	
2.69684	8.32001	
2.70721	8.31787	
2.68738	8.32642	
2.6886	8.33191	
2.6947	8.33313	
2.7063	8.35327	
2.70203	8.33679	
2.69684	8.33008	
2.69226	8.31787	
2.68707	8.30536	
2.69348	8.32489	
2.6947	8.34808	
2.69562	8.32642	
2.68646	8.32733	
2.68982	8.31207	
2.69318	8.33923	
2.69897	8.34534	
2.69165	8.3316	
2.68951	8.32306	
2.69012	8.32397	
2.68219	8.33344	
2.70294	8.32672	
2.69501	8.31482	
2.69806	8.31879	
2.69714	8.32245	
2.68616	8.34473	
2.68646	8.33954	
2.69836	8.36609	
2.70569	8.35968	
2.69623	8.36151	
2.68829	8.35052	
2.70142	8.3316	
2.70782	8.35846	
2.69501	8.34747	
2.6886	8.32062	
2.68951	8.33405	
2.6889	8.32397	
2.69562	8.32001	
2.69928	8.34473	
2.69867	8.33374	
2.69073	8.33954	
2.69073	8.33527	
2.70111	8.34473	
2.69653	8.34625	
2.68311	8.34198	
2.68921	8.33618	
2.69073	8.32703	
2.67914	8.30963	
2.69348	8.30505	
2.6947	8.3136	
2.69135	8.30841	
2.68097	8.32336	
2.69562	8.31116	
2.68616	8.32153	
2.69531	8.30963	
2.69653	8.29926	
2.6944	8.3252	
2.69196	8.32367	
2.69623	8.32397	
2.69592	8.30444	
2.68829	8.3017	
2.69501	8.31268	
2.7005	8.31696	
2.68951	8.31909	
2.69012	8.33221	
2.68982	8.32764	
2.69196	8.30688	
2.69073	8.31726	
2.6947	8.30139	
2.68768	8.30994	
2.69989	8.32581	
2.69592	8.31665	
2.70264	8.31055	
2.69287	8.3139	
2.68738	8.29803	
2.70111	8.30353	
2.7002	8.30963	
2.69196	8.3075	
2.69775	8.31665	
2.68799	8.3078	
2.68372	8.29895	
2.69226	8.28522	
2.69348	8.30444	
2.69928	8.29224	
2.68311	8.29437	
2.68646	8.30444	
2.69775	8.29071	
2.6947	8.28339	
2.68524	8.29346	
2.69836	8.29712	
2.6889	8.30353	
2.68463	8.28705	
2.68311	8.29895	
2.69867	8.29407	
2.68768	8.29865	
2.69379	8.31299	
2.69806	8.32367	
2.69531	8.30597	
2.69836	8.30475	
2.69806	8.31177	
2.68768	8.31818	
2.7066	8.30444	
2.68738	8.29681	
2.69562	8.29376	
2.6889	8.3075	
2.68829	8.31207	
2.69775	8.30872	
2.6886	8.30261	
2.69104	8.28827	
2.69958	8.31482	
2.69012	8.302	
2.70081	8.32306	
2.69165	8.31146	
2.69348	8.31116	
2.70447	8.30322	
2.68677	8.29224	
2.69226	8.29956	
2.69714	8.30536	
2.68219	8.29803	
2.69165	8.30963	
2.68951	8.30566	
2.68372	8.30017	
2.69257	8.32611	
2.7005	8.2901	
2.69836	8.29437	
2.68799	8.31146	
2.68402	8.30139	
2.69257	8.3136	
2.69867	8.31177	
2.69287	8.32214	
2.68066	8.31207	
2.69867	8.31665	
2.69318	8.32153	
2.69257	8.34229	
2.6944	8.31482	
2.69226	8.31848	
2.68463	8.32062	
2.69867	8.3374	
2.68829	8.32397	
2.70966	8.30383	
2.68616	8.32764	
2.69714	8.32092	
2.68463	8.29803	
2.69928	8.31848	
2.68616	8.32306	
2.68768	8.30017	
2.69867	8.29987	
2.69135	8.3255	
2.71027	8.32886	
2.69501	8.32886	
2.69104	8.32703	
2.69562	8.32062	
2.70874	8.31421	
2.68402	8.33466	
2.69653	8.31604	
2.68585	8.32825	
2.6886	8.32825	
2.69562	8.31512	
2.69318	8.30078	
2.70172	8.30902	
2.68799	8.30048	
2.68982	8.30109	
2.69836	8.29773	
2.69775	8.29742	
2.69745	8.29926	
2.69409	8.30475	
2.69775	8.29315	
2.6947	8.29193	
2.69775	8.30444	
2.69012	8.30719	
2.70844	8.29773	
2.69196	8.302	
2.68982	8.29712	
2.69653	8.29254	
2.68768	8.30566	
2.70294	8.2962	
2.7005	8.31879	
2.69501	8.31726	
2.68951	8.30353	
2.70721	8.29742	
2.69043	8.29163	
2.69318	8.28644	
2.69775	8.29468	
2.70599	8.29315	
2.68921	8.28766	
2.68982	8.29407	
2.70752	8.31299	
2.71027	8.302	
2.69623	8.29651	
2.6886	8.29987	
2.69592	8.30017	
2.68921	8.3017	
2.68616	8.3139	
2.69196	8.30658	
2.69012	8.3252	
2.68341	8.30688	
2.69501	8.3136	
2.69257	8.29773	
2.69165	8.29651	
2.69714	8.32458	
2.71027	8.31482	
2.69043	8.29956	
2.69897	8.33282	
2.69897	8.32184	
2.68402	8.30963	
2.68646	8.31024	
2.69531	8.34473	
2.69379	8.32703	
2.69104	8.33527	
2.70782	8.32336	
2.69318	8.31848	
2.69623	8.3139	
2.68921	8.32947	
2.69257	8.32062	
2.68982	8.33344	
2.69043	8.31848	
2.70325	8.33252	
2.69318	8.34503	
2.69775	8.34381	
2.69073	8.32245	
2.69226	8.32947	
2.69623	8.34259	
2.68555	8.33527	
2.69653	8.3255	
2.69562	8.32306	
2.69867	8.33344	
2.69379	8.31879	
2.68951	8.31818	
2.69135	8.33282	
2.69073	8.33588	
2.69836	8.32733	
2.68341	8.32611	
2.69867	8.3316	
2.69257	8.3374	
2.6886	8.32092	
2.70172	8.33649	
2.69684	8.32733	
2.69897	8.2962	
2.68707	8.31512	
2.69684	8.32336	
2.6828	8.30139	
2.68921	8.31146	
2.6947	8.30597	
2.68494	8.30841	
2.69867	8.3313	
2.68616	8.35114	
2.69958	8.33893	
2.69379	8.33588	
2.69196	8.33801	
2.70752	8.3429	
2.69684	8.31421	
2.69196	8.31512	
2.70081	8.3139	
2.68829	8.31268	
2.69409	8.30475	
2.68829	8.30444	
2.69928	8.30994	
2.70111	8.31055	
2.69592	8.32489	
2.69043	8.32001	
2.68921	8.31268	
2.69897	8.31055	
2.68097	8.29559	
2.69989	8.31238	
2.69165	8.30322	
2.6944	8.30994	
2.69928	8.31757	
2.6886	8.29468	
2.69104	8.29315	
2.70172	8.31116	
2.68799	8.29224	
2.69501	8.29468	
2.68768	8.30261	
2.68646	8.30597	
2.69867	8.31421	
2.6828	8.29193	
2.70294	8.28735	
2.6889	8.3078	
2.68707	8.31116	
2.69562	8.27759	
2.69226	8.30933	
2.69104	8.30444	
2.68951	8.29376	
2.69867	8.29987	
2.69196	8.30597	
2.68372	8.29956	
2.69379	8.29529	
2.69562	8.28339	
2.68188	8.29803	
2.68921	8.29742	
2.6889	8.29285	
2.69897	8.28949	
2.6889	8.28674	
2.70813	8.284	
2.68585	8.29254	
2.69897	8.29559	
2.6947	8.30536	
2.68921	8.30444	
2.69806	8.29376	
2.69226	8.29773	
2.69653	8.29224	
2.69348	8.28705	
2.69684	8.27332	
2.7002	8.28918	
2.68677	8.30292	
2.69867	8.29651	
2.69196	8.30017	
2.69196	8.30109	
2.69867	8.30414	
2.68677	8.28888	
2.69714	8.28918	
2.70538	8.28918	
2.6886	8.29498	
2.69318	8.29407	
2.69257	8.29498	
2.69623	8.29865	
2.7002	8.30475	
2.69318	8.29651	
2.7005	8.29559	
2.68616	8.28644	
2.69867	8.31207	
2.68707	8.29926	
2.69531	8.30353	
2.69806	8.3078	
2.68982	8.30292	
2.69867	8.2959	
2.69867	8.30109	
2.69196	8.31543	
2.69012	8.32703	
2.68707	8.31482	
2.69958	8.31909	
2.69348	8.31299	
2.69104	8.31207	
2.6947	8.29895	
2.68677	8.302	
2.69592	8.30292	
2.69287	8.29742	
2.69836	8.30048	
2.69257	8.29987	
2.70111	8.31482	
2.69684	8.28918	
2.6889	8.30536	
2.7002	8.31268	
2.69714	8.31116	
2.69043	8.31726	
2.70416	8.30414	
2.68341	8.30322	
2.70203	8.30414	
2.69318	8.31635	
2.68829	8.31726	
2.70203	8.31573	
2.69562	8.33038	
2.69623	8.3194	
2.68951	8.30994	
2.70691	8.32214	
2.68372	8.30475	
2.69623	8.30292	
2.69287	8.32764	
2.70081	8.30902	
2.68921	8.31085	
2.71057	8.31635	
2.6889	8.3136	
2.69012	8.30444	
2.70172	8.3194	
2.69623	8.31848	
2.69043	8.30414	
2.69348	8.302	
2.69287	8.30017	
2.69836	8.30414	
2.68463	8.30292	
2.69928	8.31635	
2.68646	8.29437	
2.69897	8.30353	
2.69165	8.28949	
2.70874	8.29712	
2.68768	8.2959	
2.69806	8.27515	
2.6889	8.30261	
2.69745	8.29651	
2.69165	8.29193	
2.69714	8.28949	
2.69073	8.31238	
2.69745	8.31604	
2.68311	8.32245	
2.68829	8.30505	
2.6944	8.302	
2.69165	8.31421	
2.70081	8.30902	
2.69196	8.31116	
2.69958	8.31299	
2.69165	8.32153	
2.7005	8.31451	
2.68494	8.33221	
2.69806	8.33527	
2.69287	8.31482	
2.69257	8.31879	
2.69531	8.33374	
2.70538	8.31482	
2.69165	8.32916	
2.69623	8.30902	
2.70538	8.302	
2.69226	8.29742	
2.70905	8.29987	
2.69073	8.32123	
2.69043	8.31299	
2.69379	8.29834	
2.68524	8.28979	
2.70538	8.29224	
2.69073	8.31543	
2.68768	8.30627	
2.7005	8.30383	
2.69043	8.3139	
2.68677	8.30505	
2.69745	8.2959	
2.69012	8.30566	
2.69348	8.29895	
2.69043	8.3017	
2.70416	8.29407	
2.68555	8.30353	
2.68799	8.29742	
2.69623	8.30078	
2.69836	8.31024	
2.6947	8.30505	
2.69318	8.302	
2.69287	8.3017	
2.69867	8.29956	
2.67639	8.3017	
2.6947	8.3075	
2.69409	8.31116	
2.69928	8.31177	
2.69653	8.31055	
2.70752	8.29132	
2.68921	8.31757	
2.70111	8.30475	
2.68951	8.30597	
2.69745	8.31146	
2.68402	8.31635	
2.7002	8.30414	
2.68585	8.29681	
2.70081	8.31329	
2.6947	8.31268	
2.70355	8.32764	
2.6886	8.30719	
2.69836	8.30719	
2.69318	8.3017	
2.69775	8.28857	
2.69073	8.29437	
2.6944	8.30261	
2.69043	8.29681	
2.69318	8.30231	
2.70172	8.29498	
2.68921	8.29193	
2.6947	8.302	
2.68799	8.3017	
2.7002	8.30902	
2.68707	8.32123	
2.69348	8.30994	
2.69012	8.31848	
2.69836	8.31879	
2.68555	8.33282	
2.69104	8.33099	
2.69409	8.33221	
2.69135	8.32825	
2.69928	8.32153	
2.6828	8.33191	
2.7005	8.3194	
2.69012	8.32153	
2.7002	8.30963	
2.68951	8.30139	
2.70599	8.30292	
2.68951	8.31268	
2.69043	8.31024	
2.6886	8.30078	
2.69989	8.29926	
2.68677	8.29102	
2.69775	8.29254	
2.69287	8.30597	
2.69073	8.31451	
2.68799	8.3139	
2.68921	8.31177	
2.69745	8.30902	
2.69928	8.32489	
2.69073	8.31757	
2.68555	8.30078	
2.7005	8.29132	
2.69684	8.30048	
2.70203	8.30933	
2.69043	8.31482	
2.69806	8.29926	
2.68555	8.31665	
2.69745	8.30444	
2.68616	8.32214	
2.69165	8.31421	
2.68738	8.29437	
2.69653	8.29926	
2.69165	8.30139	
2.69989	8.31635	
2.6828	8.31085	
2.69745	8.2962	
2.69043	8.30933	
2.70355	8.30658	
2.69501	8.31787	
2.69653	8.31726	
2.69257	8.32886	
2.68799	8.3194	
2.69897	8.3078	
2.69135	8.3255	
2.69104	8.30627	
2.70142	8.32275	
2.69684	8.33252	
2.69653	8.32825	
2.69714	8.31848	
2.68921	8.33038	
2.69531	8.32245	
2.69012	8.30627	
2.69501	8.30444	
2.6889	8.32062	
2.70599	8.33038	
2.69257	8.32001	
2.69043	8.31329	
2.69379	8.3136	
2.69745	8.31055	
2.69867	8.31909	
2.69806	8.31482	
2.6947	8.3194	
2.69775	8.31665	
2.68585	8.30658	
2.69806	8.2962	
2.70081	8.31177	
2.70355	8.30627	
2.70386	8.29224	
2.68433	8.28979	
2.69775	8.30414	
2.69165	8.29102	
2.69135	8.29041	
2.69196	8.28461	
2.69104	8.27881	
2.68829	8.29681	
2.69562	8.28766	
2.69806	8.27362	
2.6944	8.29468	
2.69012	8.28094	
2.6947	8.28796	
2.7005	8.28888	
2.69196	8.29803	
2.69653	8.29529	
2.69684	8.29132	
2.69226	8.28888	
2.6944	8.29742	
2.69714	8.31207	
2.70721	8.30566	
2.69806	8.29712	
2.69196	8.29376	
2.68616	8.29742	
2.6947	8.29437	
2.69409	8.28491	
2.69989	8.29742	
2.68372	8.29346	
2.69897	8.2901	
2.69196	8.29041	
2.69287	8.28857	
2.70294	8.30048	
2.68829	8.30292	
2.69348	8.29803	
2.68585	8.28186	
2.69379	8.29712	
2.6944	8.28705	
2.68677	8.30139	
2.69684	8.30475	
2.69623	8.29681	
2.68768	8.30383	
2.69531	8.31421	
2.69745	8.30902	
2.69226	8.32123	
2.69592	8.3139	
2.69135	8.30841	
2.7005	8.31116	
2.69318	8.30902	
2.69714	8.32397	
2.69348	8.30475	
2.68921	8.31818	
2.69867	8.32245	
2.68219	8.30292	
2.68494	8.31329	
2.69379	8.32062	
2.70538	8.32397	
2.69196	8.32428	
2.69653	8.30719	
2.69531	8.3017	
2.69257	8.3139	
2.69684	8.30444	
2.69867	8.30963	
2.68829	8.31421	
2.68982	8.29865	
2.69958	8.29651	
2.69989	8.31146	
2.68951	8.30505	
2.68799	8.31848	
2.69257	8.30597	
2.69623	8.32031	
2.69745	8.32428	
2.70111	8.32794	
2.69318	8.31146	
2.69379	8.32642	
2.69928	8.32275	
2.68738	8.33008	
2.68982	8.32611	
2.69806	8.33344	
2.68799	8.34076	
2.68768	8.32886	
2.69684	8.34076	
2.69958	8.32062	
2.69318	8.33832	
2.69562	8.34351	
2.69806	8.33313	
2.69165	8.33496	
2.69318	8.3432	
2.69928	8.34015	
2.69775	8.32428	
2.69073	8.33344	
2.69745	8.33344	
2.70172	8.33038	
2.68921	8.32001	
2.69562	8.3313	
2.69043	8.33008	
2.69409	8.32825	
2.69958	8.33618	
2.6947	8.34076	
2.69806	8.32336	
2.69745	8.3316	
2.69379	8.31635	
2.69104	8.32214	
2.68433	8.31146	
2.69867	8.32153	
2.6944	8.32367	
2.70294	8.32489	
2.6947	8.32642	
2.6825	8.32611	
2.70203	8.31757	
2.69531	8.32184	
2.69562	8.33038	
2.70111	8.3313	
2.69592	8.32611	
2.69379	8.32703	
2.68524	8.31299	
2.68982	8.3139	
2.7005	8.32001	
2.69501	8.32947	
2.68005	8.32581	
2.7005	8.31635	
2.6944	8.32428	
2.69257	8.32397	
2.69104	8.32306	
2.69531	8.32306	
2.70447	8.33679	
2.69226	8.32001	
2.6886	8.32062	
2.70233	8.32275	
2.69684	8.32489	
2.69104	8.33221	
2.68585	8.33008	
2.69348	8.33313	
2.69745	8.32642	
2.68921	8.31696	
2.69226	8.31879	
2.69836	8.3136	
2.6944	8.31909	
2.68982	8.33496	
2.70081	8.3255	
2.69806	8.32092	
2.7066	8.32001	
2.68646	8.31085	
2.69135	8.29132	
2.69653	8.31116	
2.69226	8.31482	
2.68738	8.31757	
2.69714	8.34106	
2.69897	8.31757	
2.68951	8.33252	
2.69043	8.3252	
2.69348	8.3255	
2.6947	8.33282	
2.7066	8.32855	
2.68768	8.3255	
2.69684	8.32642	
2.6889	8.32947	
2.69653	8.31879	
2.7124	8.3139	
2.69592	8.31696	
2.69318	8.32245	
2.69073	8.30902	
2.69226	8.31635	
2.68951	8.31116	
2.68677	8.32825	
2.69623	8.32672	
2.69684	8.31055	
2.69836	8.32428	
2.69379	8.33435	
2.68158	8.31543	
2.69104	8.32031	
2.69501	8.30994	
2.69684	8.3255	
2.68616	8.32184	
2.69043	8.3197	
2.71118	8.32916	
2.6944	8.33618	
2.69379	8.33679	
2.69073	8.32123	
2.69928	8.33405	
2.68707	8.33252	
2.69226	8.33832	
2.68799	8.32733	
2.68951	8.33649	
2.69836	8.33038	
2.69135	8.3371	
2.68616	8.33405	
2.6886	8.3371	
2.69653	8.34076	
2.69318	8.33893	
2.69409	8.32611	
2.69287	8.33679	
2.68921	8.33984	
2.69196	8.32703	
2.68768	8.32886	
2.68951	8.3252	
2.70233	8.33099	
2.70081	8.33588	
2.69836	8.32306	
2.69165	8.32214	
2.68768	8.33893	
2.6944	8.35022	
2.69775	8.34045	
2.7002	8.34503	
2.70081	8.34717	
2.70264	8.34473	
2.69073	8.34747	
2.69196	8.34015	
2.69684	8.34076	
2.69653	8.33527	
2.69073	8.34412	
2.69684	8.33771	
2.69836	8.35571	
2.68921	8.33496	
2.68829	8.32642	
2.69135	8.32825	
2.7002	8.32916	
2.69379	8.32733	
2.69165	8.33374	
2.70203	8.34167	
2.69531	8.33923	
2.69714	8.3429	
2.68951	8.34076	
2.69714	8.33618	
2.69867	8.32733	
2.69714	8.34778	
2.69379	8.33099	
2.68219	8.3371	
2.69714	8.3432	
2.69531	8.35663	
2.69073	8.33313	
2.69257	8.32397	
2.7005	8.3252	
2.70691	8.33527	
2.69165	8.3371	
2.69897	8.34167	
2.70599	8.3548	
2.69958	8.35022	
2.68585	8.32886	
2.68646	8.35114	
2.69836	8.34015	
2.69958	8.34717	
2.68616	8.32764	
2.69348	8.33984	
2.70081	8.33923	
2.7005	8.33984	
2.70081	8.33435	
2.69409	8.33984	
2.69684	8.33496	
2.69867	8.32916	
2.6889	8.33191	
2.7002	8.31635	
2.69379	8.32489	
2.69287	8.31085	
2.69592	8.32855	
2.70874	8.31268	
2.69775	8.31085	
2.69684	8.31299	
2.69043	8.32184	
2.68982	8.31482	
2.69562	8.32275	
2.70569	8.33557	
2.69623	8.3194	
2.69501	8.33008	
2.69135	8.32397	
2.69989	8.32581	
2.69745	8.33008	
2.6886	8.32153	
2.69836	8.33466	
2.69287	8.31604	
2.69897	8.32947	
2.70264	8.3316	
2.69531	8.32184	
2.69043	8.32855	
2.70233	8.33221	
2.69409	8.31787	
2.68829	8.34381	
2.69928	8.31451	
2.70752	8.32184	
2.69318	8.33496	
2.69226	8.32306	
2.69653	8.32336	
2.7005	8.32611	
2.69958	8.32672	
2.70844	8.32397	
2.68982	8.33496	
2.69379	8.31757	
2.70081	8.32214	
2.6947	8.33923	
2.68585	8.3432	
2.6947	8.34198	
2.70081	8.34229	
2.69684	8.33954	
2.69379	8.33771	
2.69257	8.34808	
2.70203	8.34625	
2.70142	8.34595	
2.69989	8.34045	
2.68951	8.3371	
2.68951	8.32733	
2.69318	8.32214	
2.70752	8.33679	
2.68951	8.3432	
2.69012	8.33496	
2.69104	8.32886	
2.68951	8.3313	
2.6944	8.3432	
2.70752	8.34656	
2.69623	8.32245	
2.6947	8.33008	
2.69073	8.3429	
2.69897	8.34656	
2.69958	8.31665	
2.70966	8.32855	
2.68829	8.3316	
2.69165	8.33282	
2.6947	8.33618	
2.69501	8.32916	
2.68799	8.32458	
2.70203	8.33801	
2.7002	8.33191	
2.69684	8.33435	
2.68799	8.33374	
2.6886	8.32367	
2.69348	8.3252	
2.7066	8.32886	
2.69562	8.31573	
2.6886	8.31879	
2.7005	8.32672	
2.7002	8.32672	
2.69775	8.32336	
2.7002	8.32214	
2.68738	8.32794	
2.69073	8.32916	
2.69928	8.33069	
2.69867	8.32886	
2.69318	8.33862	
2.68707	8.33405	
2.69623	8.33649	
2.7002	8.33588	
2.69958	8.34045	
2.69135	8.34137	
2.69623	8.3371	
2.69714	8.34534	
2.70172	8.33618	
2.69196	8.33527	
2.68921	8.34961	
2.6889	8.33344	
2.70905	8.35205	
2.69897	8.36365	
2.69745	8.35968	
2.68982	8.35968	
2.69806	8.3432	
2.70081	8.33832	
2.70508	8.33893	
2.70081	8.32886	
2.70142	8.3371	
2.6889	8.3313	
2.69287	8.34045	
2.69653	8.33618	
2.6828	8.33252	
2.70081	8.32916	
2.69867	8.32947	
2.69867	8.33038	
2.7002	8.32489	
2.69775	8.33527	
2.69806	8.32886	
2.7063	8.32245	
2.70111	8.31848	
2.69867	8.32794	
2.69501	8.32031	
2.70233	8.3194	
2.69989	8.32062	
2.69775	8.32275	
2.69958	8.32245	
2.69043	8.3255	
2.69348	8.32336	
2.68799	8.31635	
2.69714	8.32275	
2.70203	8.32275	
2.70172	8.31299	
2.69958	8.32642	
2.69592	8.33954	
2.6889	8.32123	
2.69501	8.33923	
2.69104	8.35327	
2.70111	8.34045	
2.70111	8.3374	
2.69928	8.33893	
2.69867	8.32581	
2.69897	8.3197	
2.69775	8.33435	
2.68951	8.33466	
2.69196	8.31757	
2.69318	8.33984	
2.68921	8.3255	
2.68982	8.32611	
2.69318	8.32336	
2.69104	8.31177	
2.7005	8.31726	
2.69867	8.31238	
2.69928	8.30902	
2.69653	8.32214	
2.69806	8.32764	
2.68524	8.32489	
2.69409	8.3374	
2.69836	8.33893	
2.69836	8.32306	
2.69775	8.33618	
2.69226	8.32214	
2.6886	8.33344	
2.6889	8.32825	
2.68768	8.33466	
2.68921	8.32062	
2.69531	8.3197	
2.69104	8.33313	
2.68219	8.32611	
2.68982	8.31604	
2.69836	8.30994	
2.69653	8.29407	
2.69958	8.29773	
2.69135	8.31268	
2.68829	8.31543	
2.69867	8.32153	
2.69867	8.31879	
2.69653	8.31421	
2.69196	8.3139	
2.69135	8.30414	
2.6825	8.31024	
2.69135	8.31573	
2.6886	8.33008	
2.69562	8.32916	
2.69348	8.31787	
2.69165	8.30841	
2.69165	8.31635	
2.70386	8.32092	
2.69623	8.31757	
2.70264	8.30658	
2.69409	8.33801	
2.69073	8.32123	
2.68829	8.31757	
2.68585	8.32611	
2.69348	8.31573	
2.69928	8.32947	
2.69409	8.31177	
2.69897	8.32031	
2.69867	8.32306	
2.69196	8.32397	
2.70447	8.33588	
2.7002	8.33252	
2.6947	8.3252	
2.69714	8.3313	
2.69409	8.34351	
2.69043	8.3313	
2.68982	8.33649	
2.69012	8.33649	
2.68829	8.3313	
2.69714	8.34534	
2.70233	8.3313	
2.69745	8.33984	
2.70172	8.33679	
2.70569	8.34595	
2.69928	8.35144	
2.69836	8.34625	
2.69135	8.34351	
2.69714	8.35968	
2.69043	8.33649	
2.69501	8.34473	
2.69989	8.33832	
2.69928	8.3429	
2.69135	8.3493	
2.68921	8.32275	
2.69073	8.3255	
2.68951	8.3316	
2.69165	8.32825	
2.68829	8.3194	
2.69501	8.32977	
2.68921	8.33771	
2.6947	8.34045	
2.70233	8.33527	
2.70508	8.3432	
2.69653	8.32947	
2.69867	8.32733	
2.69287	8.33832	
2.69165	8.32275	
2.7005	8.31451	
2.69653	8.33313	
2.70935	8.33069	
2.69562	8.33893	
2.69714	8.33008	
2.7005	8.3255	
2.70172	8.33221	
2.70081	8.33008	
2.69562	8.3316	
2.70538	8.33221	
2.69897	8.32153	
2.69745	8.31573	
2.69409	8.3017	
2.69592	8.31421	
2.70294	8.31635	
2.68982	8.3194	
2.70233	8.33954	
2.68829	8.32825	
2.69318	8.31726	
2.69043	8.32733	
2.6944	8.31024	
2.69012	8.31512	
2.68555	8.29742	
2.69684	8.30658	
2.69379	8.32275	
2.69379	8.3139	
2.7002	8.32703	
2.69867	8.33282	
2.69806	8.3374	
2.68158	8.3374	
2.68738	8.33405	
2.69806	8.32581	
2.70294	8.34229	
2.68982	8.32794	
2.69348	8.3371	
2.70203	8.33771	
2.7002	8.34351	
2.70752	8.33923	
2.69409	8.33832	
2.69836	8.34106	
2.69531	8.3429	
2.69379	8.33862	
2.69165	8.34015	
2.68982	8.33618	
2.68951	8.31848	
2.69104	8.33099	
2.7005	8.33008	
2.69226	8.34015	
2.70111	8.33435	
2.70294	8.33649	
2.70508	8.33221	
2.70844	8.34991	
2.69714	8.33771	
2.70111	8.33679	
2.6947	8.35144	
2.6944	8.33649	
2.70691	8.35938	
2.71057	8.36731	
2.7002	8.34869	
2.69012	8.33832	
2.6947	8.34351	
2.68951	8.33099	
2.69501	8.33923	
2.68402	8.33832	
2.69104	8.34778	
2.69012	8.33069	
2.69073	8.35083	
2.6947	8.33679	
2.69379	8.33923	
2.6947	8.31909	
2.7066	8.32672	
2.7002	8.32275	
2.69928	8.33679	
2.6947	8.32153	
2.68951	8.32916	
2.69257	8.32977	
2.70874	8.32703	
2.70111	8.33954	
2.69592	8.34625	
2.68738	8.34747	
2.6944	8.33099	
2.7002	8.3136	
2.70599	8.33801	
2.69989	8.32672	
2.6828	8.32062	
2.68921	8.32916	
2.68524	8.32306	
2.69806	8.32306	
2.69165	8.31268	
2.70416	8.30811	
2.69135	8.31421	
2.69409	8.31573	
2.6889	8.30963	
2.68738	8.3197	
2.6944	8.32153	
2.68677	8.30658	
2.69287	8.32306	
2.69379	8.32825	
2.69348	8.34961	
2.6886	8.33984	
2.68982	8.33405	
2.68951	8.33771	
2.69348	8.33344	
2.6889	8.34442	
2.6886	8.32062	
2.7002	8.33313	
2.6947	8.31573	
2.67914	8.33038	
2.69012	8.32062	
2.69714	8.33252	
2.69379	8.31848	
2.69592	8.32184	
2.70355	8.32703	
2.7002	8.3316	
2.70203	8.33923	
2.69287	8.33191	
2.69135	8.32886	
2.69775	8.33038	
2.70782	8.31146	
2.69806	8.33435	
2.69897	8.33099	
2.69409	8.32489	
2.69714	8.32886	
2.68921	8.32611	
2.69409	8.32886	
2.68372	8.31635	
2.69318	8.32428	
2.69531	8.31635	
2.70416	8.32458	
2.69958	8.33557	
2.70142	8.32428	
2.6947	8.32947	
2.69653	8.31726	
2.70172	8.32397	
2.70111	8.31329	
2.69958	8.31879	
2.69104	8.31635	
2.69318	8.32672	
2.69592	8.31848	
2.69958	8.32184	
2.69867	8.32214	
2.70691	8.32764	
2.68829	8.33344	
2.69928	8.32672	
2.69653	8.32611	
2.69836	8.3429	
2.69623	8.33221	
2.68646	8.33496	
2.68646	8.33191	
2.6947	8.34747	
2.69257	8.3551	
2.69348	8.35083	
2.70172	8.33069	
2.70233	8.34961	
2.69958	8.35144	
2.70905	8.35266	
2.69653	8.35175	
2.69867	8.35754	
2.69653	8.3609	
2.7005	8.367	
2.69928	8.35022	
2.69531	8.3493	
2.69623	8.35327	
2.69257	8.34717	
2.69867	8.32733	
2.69867	8.34167	
2.70081	8.35052	
2.69928	8.33832	
2.69806	8.32581	
2.69073	8.33679	
2.69104	8.35022	
2.69531	8.3316	
2.70203	8.32611	
2.69684	8.30505	
2.69775	8.33405	
2.69714	8.32977	
2.70233	8.31085	
2.70355	8.32123	
2.69806	8.32275	
2.69958	8.31879	
2.69928	8.31299	
2.70203	8.3194	
2.6947	8.32489	
2.69135	8.31512	
2.68799	8.33191	
2.68707	8.3252	
2.69196	8.33282	
2.69196	8.32794	
2.68921	8.32733	
2.69684	8.33893	
2.69562	8.34076	
2.69714	8.33008	
2.68555	8.32916	
2.69318	8.33862	
2.68555	8.34808	
2.69775	8.33588	
2.69897	8.33496	
2.68494	8.33862	
2.68921	8.32794	
2.69531	8.33374	
2.69653	8.3255	
2.69318	8.32581	
2.69196	8.34473	
2.69775	8.33374	
2.69684	8.33435	
2.69958	8.32703	
2.6944	8.32367	
2.69623	8.32336	
2.7002	8.33282	
2.71057	8.3374	
2.69867	8.34198	
2.68616	8.33405	
2.68707	8.33038	
2.69348	8.32428	
2.69196	8.33466	
2.69196	8.34015	
2.70355	8.32275	
2.70966	8.32703	
2.69257	8.31665	
2.68951	8.32825	
2.70233	8.33344	
2.69897	8.31726	
2.69806	8.31879	
2.68829	8.32825	
2.69501	8.31726	
2.69653	8.3136	
2.69531	8.30536	
2.68951	8.31818	
2.7002	8.29895	
2.69928	8.31757	
2.69806	8.32733	
2.69135	8.31421	
2.68921	8.32275	
2.69775	8.31787	
2.69257	8.3139	
2.68494	8.3075	
2.69501	8.29987	
2.70142	8.30994	
2.69806	8.30658	
2.70142	8.29865	
2.69714	8.31146	
2.69562	8.32947	
2.6889	8.32886	
2.69287	8.33313	
2.70844	8.3316	
2.69775	8.32001	
2.68951	8.32092	
2.7002	8.31604	
2.70081	8.3197	
2.69958	8.32336	
2.68768	8.31635	
2.69958	8.32977	
2.69684	8.3313	
2.68524	8.32855	
2.69623	8.32428	
2.70081	8.31573	
2.69928	8.30719	
2.69684	8.31879	
2.69379	8.31604	
2.69592	8.31909	
2.69104	8.3139	
2.69318	8.30994	
2.69318	8.302	
2.70355	8.29773	
2.69196	8.30261	
2.69135	8.29773	
2.69196	8.30414	
2.70142	8.31085	
2.69684	8.31421	
2.68799	8.30231	
2.69928	8.32062	
2.69318	8.29712	
2.69714	8.29773	
2.69196	8.2962	
2.69531	8.30902	
2.7002	8.30139	
2.69501	8.29559	
2.69958	8.30902	
2.68921	8.30292	
2.69012	8.2959	
2.69775	8.29651	
2.70203	8.31299	
2.69287	8.29376	
2.68524	8.30078	
2.69623	8.30475	
2.69806	8.31146	
2.69592	8.2962	
2.69104	8.29315	
2.69104	8.30566	
2.69501	8.3194	
2.70721	8.31696	
2.69165	8.32336	
2.68768	8.30505	
2.7002	8.32336	
2.69989	8.30597	
2.69958	8.31299	
2.69592	8.30688	
2.68982	8.32062	
2.69012	8.30444	
2.70874	8.29498	
2.69257	8.30475	
2.6886	8.32367	
2.69165	8.32306	
2.6886	8.30475	
2.68982	8.29956	
2.69836	8.30627	
2.7005	8.31207	
2.69928	8.3017	
2.69318	8.32764	
2.68951	8.3194	
2.69684	8.31665	
2.69836	8.31665	
2.7063	8.31818	
2.69867	8.32916	
2.69196	8.31024	
2.68219	8.31451	
2.68829	8.3139	
2.69836	8.31757	
2.70142	8.32397	
2.69165	8.31573	
2.70294	8.32214	
2.69379	8.33496	
2.69562	8.33008	
2.68372	8.32642	
2.70172	8.32001	
2.69775	8.33527	
2.6889	8.31848	
2.69806	8.32489	
2.70203	8.29712	
2.69684	8.3075	
2.69897	8.31268	
2.69104	8.33344	
2.68372	8.31299	
2.69012	8.32428	
2.68951	8.32916	
2.69562	8.33496	
2.70233	8.3313	
2.69745	8.3194	
2.68555	8.28705	
2.69745	8.28918	
2.70264	8.27942	
2.69714	8.28156	
2.69135	8.30841	
2.68829	8.29163	
2.69653	8.29346	
2.6944	8.28247	
2.69226	8.27728	
2.68646	8.27545	
2.69928	8.27698	
2.70294	8.26904	
2.70752	8.27728	
2.69592	8.2785	
2.6889	8.29346	
2.69592	8.28491	
2.69257	8.29865	
2.69653	8.27545	
2.69348	8.29224	
2.69958	8.29163	
2.69135	8.28217	
2.69562	8.28491	
2.70782	8.2962	
2.70142	8.30322	
2.69379	8.29559	
2.69104	8.29193	
2.69501	8.29163	
2.70142	8.28705	
2.69897	8.28369	
2.69257	8.27789	
2.68982	8.28369	
2.70386	8.27545	
2.6889	8.28888	
2.68524	8.30109	
2.69165	8.29803	
2.7002	8.28949	
2.69958	8.29193	
2.69043	8.3078	
2.69775	8.29681	
2.68829	8.31299	
2.68707	8.30841	
2.70874	8.3136	
2.6889	8.30719	
2.70325	8.3197	
2.6886	8.29224	
2.68951	8.30597	
2.69775	8.30994	
2.70081	8.32001	
2.69073	8.30353	
2.69287	8.29468	
2.69958	8.28949	
2.70203	8.302	
2.69653	8.30261	
2.69867	8.29193	
2.69531	8.3017	
2.68707	8.30353	
2.69196	8.29803	
2.69897	8.30444	
2.69257	8.30933	
2.69135	8.3075	
2.7005	8.30048	
2.68341	8.30109	
2.70142	8.29102	
2.69958	8.32489	
2.69409	8.30688	
2.69257	8.30444	
2.69348	8.3078	
2.68707	8.31757	
2.70172	8.31421	
2.69348	8.32489	
2.69501	8.31085	
2.70142	8.32428	
2.68829	8.3078	
2.70782	8.31299	
2.69623	8.29193	
2.6889	8.30566	
2.70142	8.31512	
2.69318	8.2959	
2.69745	8.29742	
2.69501	8.30109	
2.70081	8.30322	
2.70416	8.28796	
2.68951	8.29285	
2.68707	8.29773	
2.69501	8.30078	
2.69684	8.29346	
2.69165	8.31238	
2.70233	8.30658	
2.69897	8.3136	
2.68738	8.31421	
2.69562	8.30719	
2.69165	8.3075	
2.68829	8.30902	
2.71332	8.29132	
2.6886	8.29346	
2.68951	8.29407	
2.69989	8.29742	
2.6889	8.29163	
2.69745	8.30261	
2.70569	8.29681	
2.70416	8.30658	
2.69104	8.30414	
2.69928	8.29498	
2.68127	8.31299	
2.70721	8.30505	
2.69287	8.30078	
2.69501	8.31116	
2.69897	8.29102	
2.69745	8.31207	
2.69562	8.31268	
2.68799	8.30627	
2.69257	8.29987	
2.69989	8.32642	
2.6947	8.32031	
2.69043	8.31177	
2.69501	8.3136	
2.70813	8.30841	
2.6889	8.32092	
2.7005	8.31116	
2.68829	8.3194	
2.69165	8.30902	
2.69806	8.3316	
2.70416	8.31757	
2.68677	8.32672	
2.69196	8.32153	
2.69775	8.30048	
2.69104	8.2959	
2.68982	8.30566	
2.70233	8.31543	
2.69073	8.32001	
2.68585	8.30078	
2.69867	8.3139	
2.69745	8.30383	
2.68799	8.32092	
2.69867	8.31329	
2.69958	8.31573	
2.69073	8.30566	
2.69653	8.31329	
2.69714	8.31665	
2.69836	8.31818	
2.68738	8.31726	
2.68829	8.32367	
2.68951	8.30658	
2.7002	8.32733	
2.69073	8.3252	
2.70233	8.32123	
2.68951	8.33221	
2.70538	8.32794	
2.7005	8.33008	
2.69165	8.31757	
2.69348	8.32642	
2.69623	8.31787	
2.7005	8.32001	
2.68646	8.31238	
2.69165	8.35266	
2.69958	8.3316	
2.69714	8.32611	
2.68402	8.32214	
2.69745	8.33496	
2.6947	8.32825	
2.68951	8.32947	
2.70233	8.3313	
2.70142	8.31757	
2.69684	8.32916	
2.7005	8.30994	
2.69073	8.32764	
2.70111	8.32214	
2.68036	8.33374	
2.70447	8.3197	
2.69318	8.30933	
2.69165	8.30231	
2.69806	8.30627	
2.69623	8.32214	
2.69836	8.3316	
2.69928	8.32245	
2.69135	8.32062	
2.69409	8.34778	
2.69562	8.34869	
2.70142	8.33832	
2.68829	8.30994	
2.70142	8.31116	
2.69836	8.32367	
2.69623	8.3316	
2.6944	8.32062	
2.68646	8.33679	
2.6886	8.31635	
2.70142	8.31146	
2.69043	8.31482	
2.68951	8.3197	
2.70905	8.32397	
2.68951	8.31573	
2.69379	8.31543	
2.69104	8.31635	
2.69409	8.32458	
2.69836	8.32397	
2.69867	8.32428	
2.68738	8.31787	
2.69409	8.33984	
2.70477	8.34564	
2.68433	8.33313	
2.69043	8.31726	
2.69836	8.30963	
2.70111	8.29559	
2.69531	8.32367	
2.69287	8.31116	
2.70264	8.30414	
2.70081	8.33466	
2.7002	8.33191	
2.7005	8.32153	
2.69165	8.33923	
2.69562	8.31635	
2.68738	8.32245	
2.69348	8.31757	
2.69043	8.30688	
2.68646	8.3139	
2.70233	8.29926	
2.69928	8.28918	
2.68951	8.28888	
2.70203	8.30902	
2.70203	8.30109	
2.69531	8.3136	
2.69562	8.3255	
2.69989	8.33099	
2.70569	8.3139	
2.69775	8.31482	
2.68646	8.31085	
2.70325	8.33862	
2.69196	8.31543	
2.69073	8.32855	
2.70477	8.33405	
2.69409	8.31909	
2.7002	8.3078	
2.68768	8.31177	
2.69684	8.30719	
2.68341	8.31696	
2.71027	8.31085	
2.69592	8.31085	
2.69714	8.29803	
2.68768	8.31085	
2.68677	8.29895	
2.68829	8.30536	
2.69562	8.3139	
2.69348	8.30627	
2.69653	8.30383	
2.69836	8.30048	
2.68524	8.30231	
2.70721	8.32306	
2.69043	8.31604	
2.69836	8.3075	
2.6889	8.30353	
2.69806	8.29651	
2.70081	8.29803	
2.68707	8.30811	
2.69745	8.29712	
2.69104	8.29773	
2.70081	8.29468	
2.69379	8.3017	
2.70172	8.28552	
2.67792	8.29193	
2.71271	8.26599	
2.68646	8.27667	
2.70264	8.28766	
2.69501	8.28979	
2.70111	8.28247	
2.69318	8.28217	
2.69684	8.29102	
2.6889	8.30383	
2.70264	8.29987	
2.68494	8.28766	
2.69592	8.30261	
2.69012	8.29803	
2.70325	8.29193	
2.70599	8.30353	
2.69196	8.30292	
2.70081	8.29407	
2.70111	8.28949	
2.7002	8.28522	
2.69196	8.27759	
2.69592	8.27698	
2.7002	8.28949	
2.69043	8.28064	
2.69836	8.30292	
2.69745	8.29346	
2.68433	8.28613	
2.70142	8.27179	
2.69196	8.27637	
2.7005	8.29254	
2.68829	8.2785	
2.70447	8.29437	
2.6889	8.27759	
2.6944	8.29437	
2.6889	8.2843	
2.70111	8.28583	
2.6889	8.26141	
2.70264	8.28644	
2.69531	8.29407	
2.69775	8.28247	
2.69928	8.28918	
2.69867	8.29285	
2.69379	8.30627	
2.69867	8.29895	
2.69714	8.29315	
2.69409	8.28003	
2.69928	8.28033	
2.7002	8.26813	
2.69775	8.25897	
2.69745	8.27393	
2.69287	8.27393	
2.70081	8.28217	
2.68494	8.26752	
2.71027	8.27209	
2.69073	8.28796	
2.70538	8.25409	
2.68951	8.27271	
2.69562	8.28583	
2.69714	8.26416	
2.69226	8.27209	
2.6947	8.26599	
2.69623	8.2785	
2.69073	8.2605	
2.69653	8.28613	
2.69379	8.27148	
2.69348	8.28125	
2.69409	8.27515	
2.69501	8.2724	
2.69775	8.28186	
2.68951	8.28705	
2.69531	8.28033	
2.69135	8.28369	
2.69684	8.29651	
2.69562	8.27698	
2.69196	8.28217	
2.70721	8.2724	
2.68341	8.26416	
2.69928	8.26721	
2.69043	8.27728	
2.69196	8.25684	
2.68921	8.26813	
2.70172	8.26385	
2.70355	8.27881	
2.6947	8.29712	
2.69379	8.2901	
2.70294	8.2843	
2.69257	8.28979	
2.69165	8.29437	
2.69501	8.30292	
2.69714	8.29315	
2.6886	8.29376	
2.70081	8.28918	
2.69196	8.28827	
2.70264	8.27911	
2.68616	8.28705	
2.70325	8.28247	
2.69653	8.29773	
2.69501	8.30688	
2.69684	8.30414	
2.69379	8.30383	
2.70752	8.30444	
2.68616	8.30627	
2.69958	8.29498	
2.69562	8.29437	
2.70233	8.28796	
2.68585	8.26721	
2.68555	8.26538	
2.6944	8.27484	
2.7005	8.26691	
2.69043	8.27789	
2.69958	8.28003	
2.69531	8.28888	
2.69684	8.27881	
2.69257	8.2843	
2.69928	8.28156	
2.68616	8.28308	
2.69867	8.2843	
2.68982	8.27545	
2.69623	8.26965	
2.68494	8.27972	
2.70355	8.26355	
2.68921	8.25653	
2.69897	8.26416	
2.69135	8.27087	
2.70355	8.26538	
2.68738	8.28888	
2.69745	8.29468	
2.70355	8.28369	
2.69501	8.26813	
2.70203	8.26477	
2.69073	8.27667	
2.70325	8.27881	
2.69165	8.2901	
2.69531	8.28491	
2.7063	8.2962	
2.69257	8.29834	
2.69806	8.29895	
2.69745	8.28491	
2.69104	8.27362	
2.6944	8.27576	
2.69379	8.27789	
2.7005	8.29834	
2.69684	8.30475	
2.7005	8.29803	
2.69531	8.28644	
2.6947	8.29071	
2.68951	8.30841	
2.70111	8.30688	
2.69348	8.32428	
2.68829	8.29376	
2.7063	8.29865	
2.69775	8.31024	
2.69196	8.30566	
2.69775	8.30963	
2.68677	8.29773	
2.69318	8.30963	
2.69348	8.28918	
2.70172	8.30261	
2.70142	8.30414	
2.69836	8.31024	
2.68982	8.31329	
2.69897	8.31726	
2.68341	8.30414	
2.70996	8.31146	
2.68646	8.30414	
2.69562	8.30139	
2.69501	8.30688	
2.69257	8.29681	
2.6947	8.29742	
2.69623	8.3139	
2.70538	8.31726	
2.69165	8.29803	
2.68829	8.31635	
2.70508	8.31451	
2.68921	8.3252	
2.70508	8.33069	
2.70782	8.33435	
2.68738	8.30627	
2.69775	8.31635	
2.69806	8.32489	
2.70203	8.3194	
2.69989	8.31329	
2.69958	8.30383	
2.69775	8.32123	
2.69226	8.31299	
2.69562	8.3136	
2.68372	8.33496	
2.70874	8.34503	
2.6886	8.33435	
2.69958	8.32123	
2.68646	8.33191	
2.7005	8.32275	
2.69379	8.29742	
2.69867	8.31268	
2.69531	8.29468	
2.68921	8.31238	
2.7002	8.33344	
2.69531	8.31238	
2.69684	8.29102	
2.6944	8.29437	
2.69684	8.29163	
2.70294	8.31696	
2.68799	8.31238	
2.70538	8.30627	
2.70142	8.32642	
2.68829	8.31543	
2.69897	8.30933	
2.68799	8.30963	
2.69775	8.31421	
2.69135	8.31482	
2.69745	8.29987	
2.69043	8.31818	
2.69867	8.30109	
2.69073	8.31573	
2.69928	8.3252	
2.68738	8.30231	
2.69287	8.31207	
2.69012	8.29163	
2.68097	8.30566	
2.69684	8.30414	
2.69562	8.29376	
2.70081	8.30658	
2.68951	8.29956	
2.69836	8.2785	
2.6947	8.27789	
2.69958	8.29163	
2.68951	8.28735	
2.69958	8.29346	
2.69196	8.2782	
2.69897	8.28339	
2.69043	8.29529	
2.69104	8.29529	
2.69714	8.27789	
2.68921	8.27148	
2.71057	8.27911	
2.69196	8.28156	
2.69714	8.28461	
2.69806	8.28461	
2.69165	8.27972	
2.69897	8.28796	
2.70538	8.29407	
2.70355	8.28674	
2.69073	8.27423	
2.69623	8.26355	
2.69562	8.27759	
2.69775	8.27759	
2.68463	8.29285	
2.69012	8.2785	
2.70111	8.27606	
2.69684	8.27698	
2.69226	8.28247	
2.69745	8.28918	
2.69928	8.28796	
2.69562	8.27545	
2.6886	8.28766	
2.69104	8.29407	
2.70203	8.27118	
2.6947	8.28644	
2.70477	8.27179	
2.69531	8.27637	
2.7002	8.26172	
2.68951	8.27423	
2.69165	8.27057	
2.70691	8.284	
2.68402	8.28033	
2.70538	8.28186	
2.69379	8.28064	
2.69104	8.26935	
2.69592	8.27148	
2.7002	8.27942	
2.69104	8.28918	
2.69287	8.2785	
2.69348	8.28186	
2.68829	8.26782	
2.70203	8.26385	
2.68616	8.27728	
2.69836	8.27606	
2.69165	8.2724	
2.69257	8.28247	
2.70203	8.27301	
2.69257	8.26385	
2.69928	8.27332	
2.70813	8.26172	
2.69836	8.25775	
2.68616	8.26233	
2.70386	8.25592	
2.69043	8.27972	
2.70111	8.27332	
2.66113	8.27667	
2.69623	8.27484	
2.69989	8.27026	
2.69318	8.26935	
2.69135	8.27179	
2.69318	8.2782	
2.69135	8.27637	
2.69836	8.25836	
2.69775	8.26111	
2.69287	8.26569	
2.68524	8.24921	
2.7005	8.2605	
2.70752	8.26202	
2.68646	8.26721	
2.68585	8.26416	
2.69989	8.27484	
2.68951	8.28217	
2.83478	8.28491	
2.69104	8.28613	
2.69684	8.28247	
2.69073	8.27545	
2.70416	8.29163	
2.69806	8.27972	
2.68829	8.28491	
2.69318	8.27637	
2.70447	8.27362	
2.69409	8.28094	
2.69592	8.28918	
2.6886	8.27728	
2.68738	8.29254	
2.71393	8.26538	
2.6947	8.28613	
2.69012	8.28186	
2.69135	8.28308	
2.69104	8.28033	
2.69836	8.27881	
2.69257	8.27728	
2.69623	8.29468	
2.6886	8.30322	
2.69928	8.30048	
2.70111	8.28979	
2.69165	8.29803	
2.69379	8.30994	
2.69867	8.31116	
2.69165	8.3078	
2.69806	8.29285	
2.68555	8.3078	
2.71057	8.29224	
2.68982	8.29437	
2.69653	8.29926	
2.6886	8.31818	
2.70081	8.284	
2.69531	8.28827	
2.69073	8.28796	
2.70233	8.28491	
2.69409	8.29498	
2.70081	8.29651	
2.70142	8.29681	
2.68005	8.30322	
2.70111	8.34442	
2.69196	8.3252	
2.69531	8.349	
2.69806	8.35022	
2.67944	8.33405	
2.69928	8.32611	
2.7063	8.32855	
2.68616	8.32245	
2.70203	8.33344	
2.69257	8.35327	
2.69135	8.34381	
2.69592	8.31787	
2.6944	8.33435	
2.68677	8.3197	
2.69775	8.32733	
2.68677	8.3194	
2.70599	8.32031	
2.69196	8.31055	
2.68982	8.29712	
2.69989	8.31116	
2.70325	8.30566	
2.69836	8.29681	
2.68982	8.31879	
2.6947	8.31085	
2.70386	8.28979	
2.70355	8.28644	
2.69714	8.27911	
2.6825	8.2782	
2.68402	8.29529	
2.70508	8.28766	
2.69989	8.27271	
2.69501	8.29437	
2.68768	8.30719	
2.69348	8.31543	
2.69287	8.3194	
2.69836	8.3075	
2.69653	8.30627	
2.68799	8.29926	
2.69531	8.31238	
2.69714	8.30109	
2.70081	8.3075	
2.69989	8.30566	
2.69135	8.32245	
2.69897	8.30475	
2.69165	8.32611	
2.69196	8.30811	
2.69775	8.29865	
2.69958	8.31909	
2.69592	8.31421	
2.6889	8.31696	
2.69104	8.32733	
2.69897	8.31055	
2.69562	8.3194	
2.69135	8.32001	
2.69775	8.31848	
2.69409	8.32397	
2.70538	8.34076	
2.6889	8.32001	
2.68707	8.31726	
2.71118	8.31848	
2.69073	8.32214	
2.70447	8.32001	
2.69653	8.30414	
2.69928	8.32123	
2.69501	8.31757	
2.68829	8.31573	
2.69806	8.31116	
2.70142	8.30292	
2.70111	8.32245	
2.68982	8.32184	
2.69104	8.32733	
2.69073	8.33496	
2.69318	8.33588	
2.68829	8.3374	
2.70172	8.33649	
2.69836	8.34167	
2.68829	8.34869	
2.70111	8.34961	
2.70325	8.33038	
2.69287	8.3139	
2.69226	8.31329	
2.68982	8.32123	
2.69623	8.33282	
2.69867	8.34808	
2.69562	8.30536	
2.68585	8.30292	
2.69318	8.32214	
2.68829	8.3136	
2.68066	8.31421	
2.70172	8.32703	
2.70264	8.33008	
2.6947	8.32275	
2.68646	8.32886	
2.69257	8.33313	
2.69592	8.32794	
2.68707	8.3548	
2.69043	8.34351	
2.70142	8.33008	
2.69165	8.32336	
2.69287	8.32214	
2.69714	8.3374	
2.7005	8.33374	
2.69714	8.32184	
2.69623	8.34839	
2.68707	8.33313	
2.69318	8.33771	
2.70172	8.33221	
2.70477	8.35724	
2.69806	8.34747	
2.69135	8.33801	
2.68829	8.32642	
2.69287	8.3432	
2.69318	8.33618	
2.69928	8.34412	
2.7002	8.32336	
2.69257	8.32214	
2.69775	8.32214	
2.70081	8.34259	
2.6947	8.32703	
2.68585	8.31635	
2.69135	8.30536	
2.70782	8.30658	
2.7002	8.29437	
2.69714	8.29865	
2.6889	8.30688	
2.68677	8.30109	
2.69318	8.30597	
2.69257	8.29987	
2.69226	8.30505	
2.69196	8.3017	
2.69867	8.31482	
2.68829	8.31635	
2.69073	8.30536	
2.69531	8.30658	
2.69379	8.30902	
2.69287	8.30902	
2.6944	8.29865	
2.69135	8.30688	
2.69379	8.3197	
2.69623	8.31482	
2.69989	8.30109	
2.70325	8.31207	
2.68738	8.30017	
2.69135	8.30353	
2.69135	8.31482	
2.70386	8.30902	
2.70111	8.30414	
2.6947	8.30719	
2.68646	8.30902	
2.69653	8.31085	
2.69653	8.30719	
2.69348	8.31512	
2.7002	8.30475	
2.68677	8.30261	
2.68982	8.3017	
2.69257	8.29956	
2.69409	8.29742	
2.70294	8.3078	
2.70325	8.30566	
2.6944	8.30353	
2.68982	8.30963	
2.68433	8.30322	
2.68585	8.3197	
2.7066	8.31421	
2.70721	8.31909	
2.6886	8.3255	
2.68463	8.32184	
2.69531	8.31604	
2.70203	8.33008	
2.70294	8.33038	
2.69775	8.33435	
2.69012	8.30902	
2.69562	8.31543	
2.69226	8.31696	
2.69928	8.33374	
2.70721	8.32245	
2.69684	8.32611	
2.69073	8.32123	
2.69775	8.32275	
2.69348	8.32031	
2.69775	8.31268	
2.68799	8.31451	
2.69623	8.31726	
2.69531	8.30963	
2.6947	8.31146	
2.69684	8.31421	
2.69165	8.32611	
2.69501	8.31146	
2.70264	8.30536	
2.69073	8.31055	
2.69135	8.30139	
2.69379	8.3255	
2.70111	8.32855	
2.70294	8.31055	
2.7002	8.32062	
2.70172	8.32886	
2.70111	8.33069	
2.72125	8.31512	
2.68921	8.31238	
2.68494	8.30902	
2.70172	8.32764	
2.69775	8.32397	
2.69531	8.33008	
2.6947	8.30139	
2.69287	8.30444	
2.68707	8.29437	
2.69379	8.31207	
2.69257	8.29193	
2.69379	8.27728	
2.7002	8.27759	
2.7002	8.29529	
2.70447	8.29224	
2.69806	8.30322	
2.70386	8.29376	
2.70721	8.29803	
2.69745	8.3017	
2.7002	8.30566	
2.69806	8.28888	
2.6944	8.28156	
2.6828	8.28613	
2.67761	8.29529	
2.68646	8.28735	
2.69196	8.2959	
2.69257	8.29834	
2.69928	8.28918	
2.69989	8.28857	
2.70966	8.29102	
2.70905	8.29468	
2.6944	8.29773	
2.69104	8.28369	
2.7002	8.2901	
2.69958	8.30475	
2.68951	8.28705	
2.68311	8.29529	
2.69745	8.30414	
2.69562	8.29987	
2.69135	8.30597	
2.69287	8.28735	
2.6886	8.30017	
2.70233	8.29254	
2.69897	8.29468	
2.69348	8.28003	
2.69073	8.27148	
2.69287	8.29193	
2.69806	8.29193	
2.69531	8.2843	
2.69745	8.29742	
2.69928	8.30017	
2.69287	8.29437	
2.69348	8.30292	
2.69073	8.30994	
2.68921	8.30048	
2.69653	8.30994	
2.69318	8.28888	
2.6944	8.28735	
2.69836	8.28552	
2.69836	8.28827	
2.69775	8.29102	
2.6889	8.284	
2.69409	8.28125	
2.69104	8.29224	
2.69897	8.29437	
2.69836	8.28003	
2.69836	8.28125	
2.69958	8.28186	
2.69806	8.29193	
2.6944	8.29041	
2.70294	8.28094	
2.69165	8.28094	
2.7005	8.27332	
2.69592	8.28522	
2.70111	8.2663	
2.69806	8.27667	
2.69531	8.2724	
2.68951	8.27515	
2.69196	8.28979	
2.68982	8.28522	
2.69745	8.29712	
2.69501	8.26599	
2.69897	8.27332	
2.69501	8.27789	
2.69348	8.26691	
2.68555	8.27545	
2.6944	8.27026	
2.70691	8.27576	
2.70294	8.27972	
2.70416	8.29163	
2.70325	8.29285	
2.70813	8.27667	
2.70416	8.28918	
2.69226	8.26813	
2.68829	8.27393	
2.68951	8.27179	
2.69775	8.27911	
2.70203	8.26935	
2.6944	8.27271	
2.68463	8.26965	
2.69135	8.27301	
2.69745	8.27057	
2.69226	8.27179	
2.7002	8.26691	
2.70172	8.2843	
2.6944	8.29041	
2.69318	8.28888	
2.69196	8.27271	
2.68799	8.27393	
2.6944	8.26447	
2.69531	8.25348	
2.69745	8.27301	
2.69928	8.28247	
2.69318	8.27606	
2.68677	8.29437	
2.69012	8.27698	
2.70142	8.27759	
2.70081	8.28156	
2.69012	8.27118	
2.69409	8.26324	
2.6947	8.27148	
2.69867	8.26904	
2.70172	8.26935	
2.69501	8.26202	
2.69958	8.27423	
2.69745	8.26355	
2.69958	8.26569	
2.69379	8.26752	
2.69379	8.28278	
2.69287	8.26813	
2.68707	8.28308	
2.70508	8.27637	
2.69684	8.27942	
2.69531	8.27271	
2.69928	8.27393	
2.69897	8.2666	
2.69836	8.27179	
2.68829	8.27026	
2.70203	8.26782	
2.6889	8.27606	
2.68646	8.28339	
2.68768	8.27515	
2.70508	8.28247	
2.69653	8.27667	
2.70569	8.29285	
2.70813	8.28033	
2.71423	8.30841	
2.70203	8.3078	
2.6886	8.29315	
2.69318	8.29926	
2.68921	8.30322	
2.70172	8.29651	
2.68829	8.30078	
2.69196	8.28888	
2.68982	8.30627	
2.69806	8.30505	
2.7002	8.28857	
2.69989	8.30597	
2.70172	8.31024	
2.69562	8.29926	
2.69012	8.28979	
2.68982	8.28827	
2.69379	8.29041	
2.68951	8.29529	
2.69867	8.28735	
2.68768	8.29651	
2.69257	8.28979	
2.69775	8.28918	
2.6944	8.27545	
2.69989	8.29529	
2.70081	8.2962	
2.70264	8.29163	
2.69867	8.29681	
2.70172	8.29346	
2.69653	8.29865	
2.6889	8.29102	
2.69104	8.28552	
2.69257	8.2959	
2.68585	8.29285	
2.68738	8.29773	
2.68341	8.27972	
2.69135	8.29529	
2.69135	8.29376	
2.69165	8.29315	
2.68951	8.29498	
2.68646	8.27423	
2.68555	8.28369	
2.70172	8.28674	
2.69684	8.27972	
2.70569	8.28033	
2.70294	8.26599	
2.69928	8.26263	
2.70111	8.26813	
2.69867	8.27515	
2.70874	8.26691	
2.71271	8.27362	
2.71118	8.27515	
2.71057	8.26508	
2.70142	8.26202	
2.70813	8.26172	
2.69073	8.24951	
2.68616	8.26569	
2.68829	8.27789	
2.68433	8.26111	
2.68372	8.25378	
2.68982	8.26447	
2.69409	8.28064	
2.6886	8.27454	
2.70081	8.27271	
2.70172	8.27332	
2.69287	8.26477	
2.70203	8.26538	
2.69684	8.27881	
2.7005	8.26935	
2.70355	8.27576	
2.70111	8.27789	
2.68768	8.28369	
2.69409	8.27789	
2.69318	8.27484	
2.6947	8.26813	
2.70111	8.27301	
2.70538	8.2843	
2.69623	8.26599	
2.69287	8.27332	
2.69836	8.28278	
2.69257	8.27576	
2.69226	8.27148	
2.68738	8.27972	
2.69684	8.28522	
2.7005	8.284	
2.69409	8.28949	
2.70111	8.28705	
2.70081	8.26843	
2.69806	8.27301	
2.70447	8.2785	
2.70081	8.25928	
2.69592	8.27301	
2.70447	8.27881	
2.69165	8.28461	
2.68463	8.27728	
2.68677	8.29041	
2.68921	8.28217	
2.69806	8.2843	
2.69745	8.28827	
2.69318	8.29285	
2.7002	8.29376	
2.70294	8.2959	
2.70172	8.29376	
2.69073	8.2843	
2.69348	8.28094	
2.69165	8.29498	
2.7005	8.29224	
2.70325	8.28949	
2.7066	8.29071	
2.70111	8.29193	
2.69958	8.29712	
2.7002	8.30109	
2.69531	8.28857	
2.68799	8.27271	
2.69073	8.27698	
2.6889	8.28888	
2.69196	8.28217	
2.68066	8.27606	
2.69165	8.30078	
2.69897	8.28491	
2.69409	8.28278	
2.69348	8.30139	
2.70081	8.29498	
2.7005	8.29437	
2.69501	8.29285	
2.69928	8.28979	
2.69531	8.31116	
2.70111	8.30444	
2.69867	8.3075	
2.69562	8.30414	
2.69531	8.29712	
2.69867	8.2959	
2.70081	8.30017	
2.69806	8.3136	
2.70172	8.30505	
2.6944	8.30383	
2.69775	8.32733	
2.69958	8.30719	
2.69165	8.30627	
2.6889	8.32214	
2.68951	8.31085	
2.69165	8.31757	
2.68951	8.29956	
2.69043	8.32336	
2.69623	8.30322	
2.69714	8.30078	
2.69714	8.31085	
2.69226	8.31238	
2.6886	8.30536	
2.68829	8.31085	
2.69165	8.302	
2.69287	8.30353	
2.69348	8.28827	
2.6889	8.27576	
2.69409	8.2901	
2.7005	8.28156	
2.70203	8.28094	
2.70111	8.26874	
2.69989	8.30078	
2.70081	8.27667	
2.70294	8.284	
2.7066	8.26416	
2.69928	8.29254	
2.69775	8.27271	
2.70081	8.29315	
2.69501	8.28461	
2.68829	8.2843	
2.69562	8.29285	
2.68982	8.29163	
2.69897	8.27759	
2.70264	8.28766	
2.69714	8.29681	
2.70111	8.28613	
2.70111	8.2962	
2.69501	8.28186	
2.69226	8.29498	
2.6944	8.29803	
2.69135	8.29651	
2.69348	8.27393	
2.69257	8.27759	
2.69836	8.28613	
2.69897	8.28888	
2.69867	8.29224	
2.69714	8.29926	
2.69653	8.27484	
2.69348	8.2782	
2.69409	8.27118	
2.69073	8.28339	
2.70294	8.28461	
2.69257	8.25592	
2.69073	8.27118	
2.69348	8.26477	
2.6944	8.26782	
2.69836	8.27454	
2.69806	8.26813	
2.70111	8.27209	
2.69958	8.26935	
2.70599	8.2843	
2.70142	8.26447	
2.70447	8.28857	
2.70844	8.27209	
2.69318	8.2782	
2.70508	8.27301	
2.69165	8.27637	
2.69379	8.27454	
2.69104	8.27728	
2.69501	8.29681	
2.68829	8.29956	
2.6889	8.29102	
2.6947	8.284	
2.69348	8.27972	
2.69073	8.26996	
2.69409	8.27301	
2.70294	8.26416	
2.69928	8.27667	
2.69836	8.26813	
2.69348	8.27423	
2.69043	8.28003	
2.69165	8.28217	
2.70111	8.28156	
2.71027	8.27484	
2.71301	8.26508	
2.70935	8.27972	
2.70844	8.28918	
2.70447	8.28186	
2.70782	8.27881	
2.68372	8.27972	
2.69562	8.2724	
2.69287	8.27881	
2.7002	8.26843	
2.69684	8.26416	
2.69775	8.27087	
2.69104	8.26538	
2.69653	8.2605	
2.69745	8.29071	
2.69714	8.26935	
2.70264	8.27515	
2.69592	8.284	
2.69012	8.28979	
2.68738	8.27972	
2.6944	8.28125	
2.69531	8.29407	
2.69928	8.28766	
2.7063	8.284	
2.69867	8.30078	
2.7005	8.29681	
2.70203	8.28186	
2.69409	8.27881	
2.69714	8.27789	
2.70264	8.27789	
2.69928	8.29102	
2.69196	8.28156	
2.69653	8.28949	
2.6947	8.28613	
2.7002	8.28033	
2.70447	8.28918	
2.69623	8.284	
2.69043	8.28339	
2.68341	8.30231	
2.68768	8.28247	
2.69501	8.27728	
2.69257	8.2724	
2.69073	8.27026	
2.70203	8.26996	
2.70081	8.26263	
2.7002	8.26904	
2.69958	8.28369	
2.69684	8.27698	
2.69531	8.27209	
2.69775	8.27484	
2.69653	8.26843	
2.70264	8.26233	
2.70081	8.27881	
2.69104	8.2724	
2.69623	8.27423	
2.70416	8.27087	
2.71027	8.26569	
2.70721	8.28766	
2.69287	8.27545	
2.68219	8.28369	
2.68005	8.2724	
2.68311	8.26782	
2.68341	8.27576	
2.68311	8.29285	
2.68646	8.29315	
2.69257	8.28949	
2.69531	8.28094	
2.69958	8.28125	
2.69165	8.28125	
2.69043	8.30322	
2.69348	8.28369	
2.69348	8.30719	
2.69775	8.30505	
2.69806	8.3139	
2.69379	8.30048	
2.68433	8.31482	
2.69348	8.31543	
2.70294	8.29346	
2.70508	8.28827	
2.70172	8.2901	
2.69348	8.29407	
2.69958	8.30688	
2.69836	8.28033	
2.69531	8.28613	
2.6944	8.27148	
2.69043	8.26904	
2.69135	8.29102	
2.69409	8.27423	
2.70111	8.25592	
2.70203	8.25531	
2.69684	8.25684	
2.69348	8.25592	
2.69287	8.2608	
2.69012	8.26874	
2.68738	8.2666	
2.69745	8.26447	
2.7005	8.26843	
2.70172	8.26538	
2.69897	8.284	
2.70172	8.26965	
2.69623	8.26843	
2.69318	8.25256	
2.69409	8.25073	
2.69501	8.26508	
2.69348	8.26355	
2.7066	8.27759	
2.69073	8.27789	
2.68555	8.28522	
2.68677	8.28278	
2.69012	8.27454	
2.69196	8.28461	
2.69409	8.26263	
2.70172	8.28674	
2.69043	8.27789	
2.69958	8.26752	
2.7002	8.26263	
2.69806	8.26813	
2.6947	8.27057	
2.69714	8.30658	
2.69806	8.29895	
2.69348	8.29803	
2.69196	8.29956	
2.69989	8.2843	
2.69135	8.26965	
2.7005	8.2843	
2.69745	8.28278	
2.69318	8.27728	
2.69165	8.28674	
2.69318	8.28583	
2.69348	8.27759	
2.69135	8.27545	
2.6886	8.27271	
2.69318	8.29803	
2.69745	8.27454	
2.69379	8.28064	
2.69012	8.26385	
2.69073	8.27057	
2.70447	8.2782	
2.70172	8.28491	
2.69989	8.29468	
2.68646	8.30505	
2.69226	8.28552	
2.68738	8.29529	
2.68951	8.29468	
2.68921	8.26813	
2.69836	8.27911	
2.7005	8.29132	
2.69928	8.27911	
2.69592	8.30078	
2.69073	8.29376	
2.70508	8.27667	
2.70477	8.29224	
2.69592	8.28827	
2.68097	8.28156	
2.68219	8.30139	
2.69867	8.29651	
2.70233	8.28522	
2.69775	8.284	
2.69104	8.27179	
2.69775	8.26782	
2.69836	8.28125	
2.70294	8.29346	
2.70081	8.27637	
2.69928	8.27881	
2.69073	8.28308	
2.69073	8.29773	
2.68951	8.29742	
2.69531	8.29559	
2.70294	8.28156	
2.69928	8.27667	
2.68799	8.27942	
2.7005	8.27637	
2.69745	8.27881	
2.69562	8.28918	
2.69196	8.26691	
2.6889	8.27423	
2.69531	8.26935	
2.7005	8.27911	
2.69714	8.29407	
2.69684	8.29132	
2.69318	8.27667	
2.69318	8.30383	
2.69867	8.27698	
2.69348	8.30261	
2.69196	8.29803	
2.69928	8.30902	
2.7063	8.31177	
2.70447	8.29651	
2.68433	8.30933	
2.68158	8.30933	
2.69348	8.29376	
2.70386	8.31421	
2.69287	8.31299	
2.69714	8.29987	
2.7005	8.29834	
2.69257	8.29407	
2.70355	8.28522	
2.7002	8.29132	
2.68738	8.29559	
2.69012	8.29681	
2.70172	8.29285	
2.69073	8.28033	
2.69623	8.26996	
2.69806	8.25531	
2.70111	8.26752	
2.69165	8.2901	
2.69012	8.26996	
2.69623	8.26996	
2.69745	8.27881	
2.7005	8.26813	
2.68951	8.27728	
2.70294	8.26019	
2.70905	8.26569	
2.68951	8.27484	
2.68341	8.26324	
2.68494	8.26294	
2.70172	8.2547	
2.69867	8.26782	
2.69562	8.26691	
2.68951	8.27515	
2.69379	8.25958	
2.70264	8.25836	
2.69135	8.28339	
2.69073	8.27209	
2.69653	8.27667	
2.69958	8.25928	
2.69104	8.27148	
2.69745	8.27362	
2.69196	8.26782	
2.69226	8.25623	
2.7005	8.24646	
2.68616	8.25043	
2.6886	8.25867	
2.6947	8.24524	
2.69989	8.25409	
2.69806	8.25714	
2.69531	8.25745	
2.7066	8.26721	
2.71118	8.24005	
2.68982	8.25745	
2.68555	8.25592	
2.69501	8.25378	
2.69958	8.26111	
2.69318	8.27148	
2.68982	8.2666	
2.69745	8.27881	
2.70081	8.25836	
2.68829	8.25562	
2.7002	8.255	
2.70325	8.26721	
2.69043	8.24677	
2.69043	8.26508	
2.69653	8.2431	
2.69958	8.26935	
2.69135	8.25653	
2.69104	8.25562	
2.70233	8.25226	
2.7005	8.23517	
2.69135	8.25195	
2.6947	8.24585	
2.69501	8.24768	
2.69043	8.25195	
2.68951	8.2486	
2.70477	8.23944	
2.69653	8.25378	
2.6825	8.23273	
2.70447	8.23853	
2.69806	8.23944	
2.69653	8.24371	
2.69196	8.24493	
2.69958	8.24646	
2.69592	8.22876	
2.68829	8.25958	
2.68951	8.24768	
2.69684	8.22693	
2.70386	8.237	
2.69928	8.24585	
2.69653	8.25226	
2.69623	8.2486	
2.7002	8.25195	
2.69928	8.25195	
2.70142	8.25348	
2.69531	8.25287	
2.69165	8.2428	
2.69348	8.23792	
2.69073	8.24677	
2.70142	8.23761	
2.69592	8.25012	
2.68951	8.25226	
2.69348	8.23517	
2.6947	8.24829	
2.70203	8.25195	
2.69409	8.25897	
2.69073	8.2605	
2.70538	8.255	
2.71027	8.23914	
2.69379	8.24921	
2.6944	8.23975	
2.6828	8.23792	
2.70081	8.24951	
2.69348	8.24493	
2.69257	8.22815	
2.69958	8.23151	
2.70416	8.24249	
2.69501	8.25073	
2.68707	8.23456	
2.7002	8.24799	
2.70111	8.24707	
2.69379	8.23822	
2.70264	8.25012	
2.69501	8.25653	
2.69928	8.26019	
2.69073	8.24219	
2.69318	8.25195	
2.69806	8.25195	
2.69836	8.24738	
2.69287	8.26721	
2.70905	8.2605	
2.6886	8.25134	
2.70294	8.25745	
2.69714	8.25592	
2.69379	8.26904	
2.69714	8.26752	
2.69684	8.26416	
2.68768	8.27454	
2.69318	8.24951	
2.70172	8.28156	
2.69257	8.25897	
2.69318	8.26202	
2.69592	8.27148	
2.69928	8.28949	
2.69012	8.29529	
2.69531	8.2782	
2.69836	8.29102	
2.69073	8.29163	
2.69226	8.28491	
2.7002	8.28156	
2.69196	8.2605	
2.7066	8.27301	
2.6825	8.2962	
2.68982	8.27637	
2.70142	8.284	
2.69409	8.28613	
2.69196	8.26965	
2.69989	8.28705	
2.7005	8.28003	
2.69043	8.26691	
2.68951	8.27209	
2.70325	8.26996	
2.69653	8.26294	
2.69684	8.27576	
2.70172	8.27362	
2.68951	8.26447	
2.69989	8.26599	
2.69165	8.27698	
2.69775	8.26782	
2.69958	8.26508	
2.69928	8.26813	
2.70844	8.26508	
2.68494	8.27057	
2.70447	8.25958	
2.69196	8.27118	
2.69867	8.27972	
2.69348	8.26569	
2.69348	8.26965	
2.6889	8.27515	
2.69623	8.28094	
2.70172	8.27362	
2.7005	8.27698	
2.69501	8.28491	
2.68768	8.27087	
2.69684	8.284	
2.69043	8.28369	
2.69623	8.28552	
2.7002	8.27423	
2.68768	8.27148	
2.70294	8.2724	
2.69196	8.26996	
2.70294	8.25592	
2.70691	8.25226	
2.68372	8.26172	
2.69714	8.25104	
2.70294	8.27057	
2.69379	8.25592	
2.69989	8.25287	
2.69806	8.25562	
2.69562	8.255	
2.69348	8.26813	
2.70172	8.26447	
2.68799	8.26111	
2.6947	8.26447	
2.70081	8.26599	
2.68951	8.27087	
2.69165	8.28491	
2.70203	8.27667	
2.69348	8.27881	
2.68921	8.28278	
2.69958	8.28278	
2.69867	8.28308	
2.69165	8.29254	
2.69043	8.30322	
2.70447	8.29529	
2.69043	8.28735	
2.69226	8.28644	
2.6944	8.30109	
2.69745	8.30383	
2.69897	8.27423	
2.69531	8.28857	
2.70203	8.27606	
2.68921	8.26508	
2.69592	8.25714	
2.69989	8.25684	
2.69318	8.26263	
2.7002	8.27545	
2.68951	8.26599	
2.69165	8.2608	
2.69928	8.26538	
2.69318	8.24921	
2.7005	8.2608	
2.70874	8.28247	
2.69623	8.2608	
2.68372	8.27026	
2.69714	8.25897	
2.69043	8.27576	
2.70081	8.27423	
2.69226	8.26599	
2.69714	8.28491	
2.70203	8.27301	
2.69257	8.27698	
2.69684	8.26202	
2.69287	8.27362	
2.69989	8.26447	
2.69043	8.26996	
2.69653	8.24646	
2.70111	8.25836	
2.69196	8.26447	
2.69104	8.26355	
2.71088	8.28522	
2.7002	8.26721	
2.69562	8.27789	
2.7005	8.27789	
2.69531	8.28369	
2.69226	8.27484	
2.68768	8.26843	
2.69928	8.26111	
2.69989	8.27057	
2.6889	8.28156	
2.6944	8.27698	
2.70111	8.26355	
2.70172	8.26874	
2.69409	8.25562	
2.69592	8.27362	
2.69257	8.26111	
2.69836	8.27667	
2.68951	8.28888	
2.69348	8.27637	
2.69867	8.26935	
2.70508	8.28247	
2.70813	8.27545	
2.68463	8.28094	
2.70325	8.27942	
2.69592	8.27728	
2.6947	8.28522	
2.69623	8.27393	
2.7002	8.27576	
2.70294	8.27454	
2.69562	8.26599	
2.6944	8.26691	
2.69775	8.28217	
2.69226	8.28247	
2.69714	8.27972	
2.69379	8.27789	
2.69806	8.27881	
2.70081	8.29407	
2.69104	8.27271	
2.69684	8.27637	
2.6944	8.27942	
2.69714	8.27179	
2.69501	8.27759	
2.68433	8.25287	
2.69897	8.2666	
2.68463	8.27576	
2.69867	8.28705	
2.69043	8.26874	
2.69745	8.28064	
2.70203	8.27881	
2.69043	8.28094	
2.70142	8.28247	
2.68707	8.28186	
2.71027	8.26019	
2.69135	8.26111	
2.7002	8.25806	
2.68829	8.25165	
2.70111	8.2666	
2.69226	8.26782	
2.70264	8.26416	
2.68768	8.28339	
2.6944	8.29285	
2.70325	8.27728	
2.68982	8.29163	
2.7005	8.28339	
2.68921	8.29102	
2.70813	8.2901	
2.68311	8.27484	
2.6944	8.28339	
2.69348	8.26355	
2.70081	8.27606	
2.68921	8.27545	
2.69623	8.27179	
2.69592	8.25897	
2.69562	8.27332	
2.69012	8.26385	
2.6886	8.27728	
2.70203	8.2663	
2.69226	8.2724	
2.69043	8.27606	
2.6944	8.25714	
2.68921	8.25989	
2.70081	8.26752	
2.69165	8.26569	
2.69714	8.27332	
2.68921	8.26691	
2.69348	8.26294	
2.69318	8.27423	
2.69897	8.25714	
2.69501	8.25714	
2.7005	8.25623	
2.69836	8.25928	
2.70782	8.25958	
2.6828	8.2782	
2.7002	8.2666	
2.69165	8.2666	
2.7005	8.25165	
2.68951	8.25867	
2.69623	8.2605	
2.69623	8.25043	
2.68799	8.255	
2.69928	8.24402	
2.6889	8.25226	
2.70081	8.27667	
2.69226	8.27911	
2.69073	8.26416	
2.69867	8.29498	
2.68951	8.27881	
2.69806	8.30017	
2.70355	8.30475	
2.69806	8.28766	
2.69348	8.29651	
2.69623	8.29498	
2.6886	8.28217	
2.69836	8.28461	
2.69104	8.28857	
2.69135	8.28125	
2.69135	8.284	
2.69775	8.27148	
2.6947	8.26263	
2.69135	8.25714	
2.70325	8.27393	
2.68372	8.26385	
2.69958	8.26538	
2.69836	8.2608	
2.69867	8.26263	
2.69043	8.27576	
2.69928	8.27911	
2.69928	8.2782	
2.7002	8.2666	
2.69379	8.27576	
2.7002	8.28705	
2.70233	8.27393	
2.68982	8.29468	
2.70142	8.2843	
2.68768	8.29803	
2.70996	8.30109	
2.70081	8.29803	
2.68341	8.30261	
2.70386	8.2962	
2.69714	8.28583	
2.69745	8.29132	
2.69012	8.29712	
2.70294	8.28339	
2.69409	8.29071	
2.7002	8.29681	
2.68707	8.29163	
2.69684	8.29285	
2.68768	8.30994	
2.70203	8.31055	
2.69928	8.31268	
2.70325	8.30261	
2.68799	8.32123	
2.69775	8.31299	
2.69104	8.30139	
2.7002	8.31329	
2.70081	8.3075	
2.70294	8.3017	
2.69928	8.29803	
2.69958	8.29956	
2.7002	8.28644	
2.69043	8.29102	
2.69653	8.30994	
2.69653	8.29376	
2.70996	8.29468	
2.68494	8.30139	
2.70172	8.29376	
2.69867	8.30536	
2.69623	8.30872	
2.69745	8.31879	
2.69196	8.3136	
2.70081	8.31238	
2.69745	8.31635	
2.69257	8.29956	
2.69348	8.31573	
2.69745	8.31268	
2.68402	8.28766	
2.70813	8.30078	
2.68799	8.30292	
2.69745	8.30688	
2.69226	8.29773	
2.69592	8.30872	
2.6947	8.30719	
2.69012	8.30414	
2.69531	8.31207	
2.69775	8.30139	
2.6947	8.30109	
2.69958	8.30444	
2.6889	8.30566	
2.70569	8.30719	
2.68341	8.32825	
2.69501	8.31238	
2.6944	8.32367	
2.69897	8.31116	
2.69043	8.32153	
2.69653	8.32672	
2.69806	8.33221	
2.69623	8.34747	
2.69043	8.33313	
2.70264	8.3316	
2.69073	8.32886	
2.7002	8.32214	
2.68951	8.3197	
2.69958	8.31482	
2.70752	8.32703	
2.68402	8.30933	
2.70508	8.31512	
2.69409	8.31604	
2.7005	8.32703	
2.69775	8.30902	
2.7121	8.30261	
2.69165	8.29834	
2.70477	8.302	
2.69379	8.29132	
2.6886	8.29468	
2.70294	8.28613	
2.68311	8.30902	
2.69165	8.30231	
2.69165	8.30963	
2.69836	8.30353	
2.69592	8.27942	
2.69531	8.29315	
2.70172	8.29163	
2.69318	8.27881	
2.70081	8.28461	
2.69592	8.28674	
2.70538	8.27332	
2.69745	8.28217	
2.69104	8.28857	
2.69135	8.28949	
2.70844	8.29926	
2.6947	8.2782	
2.69379	8.27362	
2.6944	8.28796	
2.6889	8.29285	
2.69836	8.28949	
2.7121	8.26874	
2.69165	8.3017	
2.68768	8.28827	
2.69165	8.27576	
2.69684	8.28278	
2.69196	8.28094	
2.70172	8.28064	
2.69623	8.29834	
2.69379	8.28491	
2.69501	8.28735	
2.69073	8.27789	
2.70844	8.28857	
2.68097	8.284	
2.69043	8.2782	
2.70111	8.28674	
2.70264	8.27545	
2.69196	8.28949	
2.69562	8.29132	
2.70416	8.27301	
2.6886	8.27698	
2.69958	8.28583	
2.70233	8.28491	
2.68494	8.28003	
2.7002	8.25897	
2.69958	8.26935	
2.7005	8.26202	
2.69196	8.27759	
2.69714	8.25745	
2.68951	8.24127	
2.69409	8.2724	
2.6886	8.27393	
2.68829	8.26996	
2.71057	8.25714	
2.68646	8.2724	
2.69623	8.25195	
2.69196	8.28552	
2.7005	8.27393	
2.70294	8.27209	
2.69928	8.25836	
2.69104	8.27271	
2.69409	8.2666	
2.7005	8.27484	
2.70294	8.28796	
2.70294	8.27393	
2.7002	8.27179	
2.7005	8.26843	
2.69257	8.26782	
2.70111	8.28491	
2.70111	8.27393	
2.69684	8.27606	
2.69623	8.28949	
2.70172	8.27576	
2.71271	8.28796	
2.69379	8.26904	
2.69287	8.26385	
2.69928	8.25256	
2.69196	8.255	
2.69348	8.26569	
2.7002	8.26263	
2.69928	8.26996	
2.69409	8.28613	
2.70233	8.26813	
2.68951	8.28461	
2.69165	8.28339	
2.7002	8.25592	
2.69836	8.2605	
2.6886	8.28644	
2.69775	8.27423	
2.7002	8.25775	
2.69867	8.24982	
2.69165	8.26233	
2.69348	8.26996	
2.68951	8.27515	
2.70691	8.27454	
2.7002	8.26508	
2.69012	8.26965	
2.69043	8.26996	
2.69806	8.26599	
2.69592	8.26874	
2.69073	8.27637	
2.69928	8.27454	
2.69165	8.28247	
2.70416	8.26508	
2.69836	8.27881	
2.69287	8.27057	
2.69531	8.26111	
2.69318	8.26569	
2.70599	8.2782	
2.6889	8.27271	
2.69623	8.28735	
2.70081	8.28949	
2.69135	8.26019	
2.70172	8.27057	
2.7063	8.26141	
2.69287	8.26447	
2.70111	8.26324	
2.69623	8.28339	
2.68646	8.29163	
2.69501	8.29407	
2.69958	8.29407	
2.69653	8.30597	
2.69104	8.29254	
2.69165	8.31085	
2.70233	8.27179	
2.69043	8.27301	
2.69409	8.27484	
2.69714	8.27362	
2.69379	8.28033	
2.6944	8.26752	
2.7005	8.27881	
2.69073	8.28064	
2.69867	8.27393	
2.69318	8.27454	
2.69135	8.27972	
2.70782	8.26904	
2.68372	8.26416	
2.69653	8.26172	
2.69745	8.25745	
2.69043	8.27881	
2.69684	8.27728	
2.69623	8.28369	
2.69501	8.28949	
2.69592	8.28003	
2.69684	8.27362	
2.69135	8.28857	
2.68982	8.28339	
2.69897	8.28094	
2.70081	8.28064	
2.69196	8.28766	
2.69745	8.28064	
2.7005	8.26843	
2.6889	8.28522	
2.69653	8.27332	
2.69836	8.27759	
2.68982	8.2608	
2.69928	8.28339	
2.68677	8.2666	
2.70874	8.27881	
2.68433	8.29407	
2.69745	8.28674	
2.69928	8.29224	
2.68951	8.31085	
2.70355	8.30414	
2.69104	8.29651	
2.69867	8.29498	
2.69562	8.28857	
2.69348	8.30444	
2.7002	8.29437	
2.68951	8.30658	
2.70599	8.30383	
2.70447	8.29193	
2.69135	8.29926	
2.69867	8.29651	
2.6889	8.30719	
2.69745	8.29498	
2.7005	8.30109	
2.69684	8.30231	
2.69135	8.28705	
2.69592	8.29437	
2.68768	8.30109	
2.70477	8.30231	
2.6889	8.30658	
2.6944	8.29803	
2.7005	8.32245	
2.68951	8.30688	
2.69775	8.29346	
2.69928	8.29163	
2.70325	8.30963	
2.69745	8.30414	
2.68982	8.28949	
2.70355	8.3078	
2.69073	8.30292	
2.69226	8.30353	
2.69012	8.31177	
2.69897	8.3139	
2.69135	8.31543	
2.68829	8.31299	
2.69714	8.31024	
2.70081	8.30383	
2.70691	8.30902	
2.68524	8.30536	
2.69714	8.31024	
2.69653	8.29926	
2.69165	8.32245	
2.68951	8.3197	
2.69165	8.31299	
2.68951	8.31482	
2.69592	8.32092	
2.69379	8.31604	
2.68951	8.32581	
2.70294	8.31879	
2.69073	8.32153	
2.69562	8.30963	
2.70386	8.32703	
2.69775	8.31635	
2.69165	8.29803	
2.70142	8.31177	
2.70111	8.30414	
2.6886	8.30261	
2.70905	8.29498	
2.68433	8.29529	
2.69318	8.29498	
2.69714	8.31238	
2.7002	8.32336	
2.69714	8.30566	
2.69623	8.2962	
2.69135	8.30078	
2.69043	8.31848	
2.70416	8.31635	
2.69684	8.30292	
2.69348	8.3194	
2.68951	8.31055	
2.69836	8.32001	
2.69287	8.31024	
2.70416	8.29651	
2.69196	8.31085	
2.6947	8.31329	
2.70996	8.3197	
2.68921	8.31909	
2.69226	8.30627	
2.69653	8.31421	
2.70355	8.29651	
2.69806	8.31268	
2.7005	8.31757	
2.6886	8.30597	
2.69043	8.3139	
2.68982	8.3078	
2.70203	8.32306	
2.7005	8.29834	
2.69135	8.33008	
2.68738	8.32092	
2.69196	8.33191	
2.69226	8.31512	
2.69836	8.32184	
2.70905	8.30719	
2.68372	8.30566	
2.69043	8.30719	
2.69867	8.31146	
2.69714	8.30231	
2.69165	8.30872	
2.69196	8.31848	
2.69928	8.33008	
2.6889	8.33435	
2.69196	8.34412	
2.69562	8.34381	
2.70233	8.34229	
2.70233	8.33435	
2.69836	8.34015	
2.69104	8.32947	
2.69379	8.34808	
2.70081	8.34045	
2.68829	8.32123	
2.68829	8.32336	
2.68463	8.34167	
2.7002	8.32153	
2.70142	8.32062	
2.70294	8.31024	
2.69653	8.31909	
2.69104	8.31512	
2.69257	8.31543	
2.70233	8.30688	
2.71027	8.31818	
2.69745	8.30444	
2.69714	8.30627	
2.6944	8.33435	
2.6944	8.29681	
2.7002	8.30017	
2.69287	8.30353	
2.68677	8.30811	
2.69226	8.3197	
2.69531	8.29529	
2.69836	8.30658	
2.69287	8.32642	
2.69165	8.30597	
2.69196	8.31696	
2.69196	8.29712	
2.69958	8.31879	
2.70142	8.29742	
2.7121	8.31055	
2.68494	8.30658	
2.69531	8.29132	
2.69409	8.31573	
2.68982	8.31665	
2.69165	8.34167	
2.69501	8.31818	
2.6947	8.32489	
2.70721	8.29254	
2.69806	8.30658	
2.69287	8.31329	
2.68982	8.31818	
2.70111	8.32306	
2.69287	8.31451	
2.69928	8.32275	
2.69287	8.32794	
2.69409	8.35205	
2.69257	8.33069	
2.69318	8.32611	
2.69806	8.31665	
2.69073	8.31757	
2.68738	8.33801	
2.69531	8.3194	
2.69897	8.34259	
2.69226	8.33771	
2.70416	8.33466	
2.70172	8.33191	
2.69714	8.31268	
2.68829	8.32031	
2.69073	8.3136	
2.69104	8.32275	
2.69379	8.29956	
2.69073	8.3136	
2.70142	8.31696	
2.69531	8.34045	
2.69836	8.3075	
2.70599	8.32489	
2.69592	8.31085	
2.69012	8.32184	
2.69196	8.30841	
2.69714	8.29803	
2.70294	8.31329	
2.69379	8.31085	
2.69867	8.3078	
2.70233	8.2962	
2.69287	8.30719	
2.69928	8.29956	
2.70142	8.31055	
2.71088	8.30902	
2.69775	8.30811	
2.69318	8.31177	
2.6947	8.302	
2.69531	8.31177	
2.69043	8.32092	
2.69104	8.31329	
2.69348	8.31848	
2.69012	8.32977	
2.69775	8.34076	
2.69745	8.32367	
2.70294	8.32367	
2.70203	8.30841	
2.70325	8.32062	
2.69897	8.33527	
2.7005	8.31757	
2.70081	8.3255	
2.70142	8.32977	
2.69989	8.3197	
2.69501	8.31421	
2.69531	8.30353	
2.69928	8.29346	
2.70905	8.2901	
2.69836	8.30902	
2.69958	8.31146	
2.68982	8.29926	
2.68768	8.29651	
2.69958	8.29773	
2.69775	8.31726	
2.69287	8.32123	
2.68677	8.30231	
2.69409	8.31177	
2.69775	8.32123	
2.70172	8.33954	
2.69226	8.3197	
2.69287	8.32306	
2.68951	8.31726	
2.69104	8.33069	
2.70203	8.32428	
2.7005	8.3313	
2.69928	8.33527	
2.69531	8.32703	
2.6944	8.32703	
2.69928	8.33954	
2.69745	8.32855	
2.70233	8.35571	
2.7063	8.35388	
2.68738	8.3371	
2.69379	8.34991	
2.69257	8.34686	
2.69684	8.33893	
2.69409	8.34747	
2.69897	8.33038	
2.70325	8.34747	
2.70782	8.3139	
2.69562	8.3429	
2.69836	8.33618	
2.68921	8.31879	
2.68921	8.33374	
2.68829	8.32123	
2.69379	8.33496	
2.69257	8.33344	
2.68372	8.32428	
2.69104	8.32642	
2.69104	8.32642	
2.69531	8.32764	
2.69104	8.31818	
2.68951	8.33496	
2.68646	8.32855	
2.6828	8.33649	
2.6944	8.32916	
2.69775	8.32703	
2.6889	8.3194	
2.69196	8.30841	
2.69073	8.32153	
2.69684	8.34412	
2.68707	8.32062	
2.68921	8.3316	
2.69348	8.30872	
2.68829	8.33557	
2.69165	8.31848	
2.69928	8.33282	
2.70966	8.33496	
2.69897	8.31848	
2.6947	8.31116	
2.7005	8.32611	
2.6947	8.31116	
2.69196	8.31848	
2.69958	8.29987	
2.69226	8.31696	
2.69196	8.31299	
2.68951	8.32306	
2.70233	8.30505	
2.69501	8.3078	
2.69989	8.30017	
2.7002	8.30109	
2.69714	8.29987	
2.68646	8.31543	
2.69196	8.31726	
2.69012	8.33557	
2.69165	8.29254	
2.69287	8.28979	
2.69592	8.30566	
2.6886	8.29071	
2.68158	8.31451	
2.69745	8.29773	
2.7002	8.30139	
2.69348	8.30017	
2.69775	8.29254	
2.6886	8.30261	
2.69318	8.2843	
2.68951	8.28522	
2.69592	8.28674	
2.69043	8.2959	
2.6944	8.30566	
2.69928	8.29132	
2.69226	8.27728	
2.71179	8.28156	
2.69623	8.27026	
2.70416	8.28613	
2.70691	8.29529	
2.69165	8.30048	
2.69714	8.30994	
2.69226	8.29987	
2.69104	8.29102	
2.68646	8.28918	
2.6886	8.28583	
2.68921	8.28613	
2.68585	8.29102	
2.68829	8.28674	
2.70081	8.28186	
2.70874	8.30048	
2.69928	8.28033	
2.70111	8.28949	
2.7002	8.30353	
2.69592	8.28827	
2.69989	8.27972	
2.69531	8.30902	
2.70111	8.31268	
2.69928	8.31696	
2.69836	8.30261	
2.69867	8.32611	
2.69501	8.31299	
2.69714	8.32245	
2.69135	8.31055	
2.70081	8.31207	
2.68066	8.31268	
2.69989	8.30139	
2.69836	8.29163	
2.69196	8.31421	
2.68677	8.3136	
2.68707	8.29254	
2.6947	8.2782	
2.68799	8.30658	
2.6944	8.29468	
2.69592	8.31757	
2.69501	8.27911	
2.70142	8.31055	
2.69989	8.2959	
2.68433	8.3194	
2.69775	8.29346	
2.69989	8.28613	
2.70142	8.32336	
2.70264	8.30627	
2.70264	8.32397	
2.69775	8.30902	
2.70233	8.30048	
2.70508	8.32489	
2.69806	8.30536	
2.70142	8.30719	
2.69897	8.30688	
2.69867	8.28857	
2.7005	8.3017	
2.70294	8.32153	
2.70111	8.30872	
2.70111	8.30872	
2.70264	8.30811	
2.69257	8.31238	
2.69348	8.30109	
2.68768	8.31635	
2.68921	8.32336	
2.71057	8.30597	
2.69684	8.31696	
2.70111	8.31451	
2.69989	8.32611	
2.69562	8.30994	
2.68982	8.32367	
2.69623	8.32275	
2.69806	8.32733	
2.69806	8.33282	
2.7066	8.31848	
2.69562	8.31573	
2.69104	8.31757	
2.68585	8.31543	
2.69348	8.30688	
2.69562	8.30688	
2.69287	8.31055	
2.69592	8.31512	
2.69836	8.31451	
2.68616	8.31818	
2.69226	8.30719	
2.69623	8.30719	
2.69226	8.30841	
2.69287	8.30688	
2.69043	8.31848	
2.69073	8.31635	
2.69196	8.31757	
2.69684	8.30475	
2.69562	8.30292	
2.68951	8.29803	
2.70233	8.31543	
2.70081	8.31207	
2.70203	8.30627	
2.69318	8.29712	
2.69165	8.30322	
2.70142	8.30261	
2.7005	8.30994	
2.69775	8.30017	
2.69958	8.29956	
2.69287	8.30109	
2.68921	8.2959	
2.69531	8.28888	
2.69775	8.28156	
2.69714	8.31055	
2.68524	8.3017	
2.69714	8.29834	
2.69684	8.31757	
2.70172	8.30597	
2.7002	8.32581	
2.70355	8.28918	
2.70203	8.2901	
2.71057	8.28949	
2.69531	8.28979	
2.69836	8.30353	
2.69196	8.31146	
2.69562	8.31329	
2.68829	8.28979	
2.69226	8.29865	
2.68799	8.29895	
2.6947	8.30139	
2.6947	8.30872	
2.68646	8.32123	
2.70142	8.32825	
2.69562	8.30505	
2.71027	8.30444	
2.69409	8.30109	
2.70233	8.32214	
2.69348	8.3139	
2.70355	8.31146	
2.69409	8.29956	
2.68677	8.3078	
2.70264	8.32153	
2.69714	8.30811	
2.69135	8.3194	
2.69104	8.32458	
2.69226	8.32642	
2.69775	8.31329	
2.69958	8.29834	
2.70477	8.30902	
2.69623	8.30292	
2.69318	8.29803	
2.69165	8.29834	
2.69348	8.29712	
2.68982	8.31268	
2.69592	8.302	
2.6825	8.30902	
2.70142	8.31055	
2.7005	8.30627	
2.69897	8.31268	
2.7002	8.3136	
2.70111	8.30688	
2.71179	8.30109	
2.69897	8.28979	
2.7005	8.29681	
2.70386	8.30414	
2.69592	8.3078	
2.69043	8.29346	
2.68951	8.31024	
2.70538	8.31665	
2.6944	8.30414	
2.68982	8.3139	
2.69073	8.31146	
2.69409	8.31543	
2.68951	8.31726	
2.68982	8.30505	
2.68463	8.31635	
2.69653	8.30505	
2.70325	8.31604	
2.69745	8.32245	
2.69165	8.32153	
2.69135	8.31635	
2.68372	8.30231	
2.68951	8.30841	
2.69867	8.31879	
2.69379	8.31055	
2.69806	8.30444	
2.69684	8.3139	
2.69653	8.30566	
2.69562	8.29437	
2.69043	8.29376	
2.68829	8.29163	
2.70111	8.28186	
2.69073	8.30597	
2.69348	8.28979	
2.67883	8.284	
2.69623	8.28552	
2.69196	8.30383	
2.70142	8.30566	
2.69501	8.30475	
2.68921	8.31146	
2.69165	8.31726	
2.70294	8.30444	
2.70447	8.30566	
2.69165	8.30231	
2.68951	8.30566	
2.69165	8.30933	
2.6889	8.32092	
2.6944	8.30444	
2.70233	8.32062	
2.69531	8.30627	
2.69348	8.30658	
2.68921	8.30902	
2.6825	8.29803	
2.69135	8.29468	
2.69165	8.31696	
2.6886	8.31573	
2.69836	8.3252	
2.7002	8.31726	
2.70935	8.31146	
2.69165	8.32367	
2.69012	8.33099	
2.69409	8.32184	
2.70233	8.32428	
2.70081	8.33221	
2.69196	8.30627	
2.69287	8.32581	
2.69379	8.31757	
2.69379	8.32062	
2.70111	8.32306	
2.69623	8.31451	
2.68616	8.32336	
2.69348	8.31421	
2.69684	8.31848	
2.69897	8.28674	
2.69562	8.31604	
2.69531	8.32947	
2.69653	8.32703	
2.69958	8.30505	
2.69562	8.30017	
2.69073	8.29926	
2.69775	8.29651	
2.70721	8.32581	
2.6947	8.31329	
2.69379	8.31085	
2.69073	8.31848	
2.69043	8.31665	
2.69592	8.32611	
2.70691	8.3255	
2.69714	8.32306	
2.69928	8.32092	
2.69775	8.31543	
2.68982	8.30566	
2.68982	8.29712	
2.69928	8.31909	
2.69714	8.32092	
2.69165	8.31146	
2.69073	8.31451	
2.70111	8.30017	
2.69653	8.31635	
2.68585	8.31696	
2.69592	8.30475	
2.69135	8.32977	
2.69562	8.3139	
2.69928	8.30841	
2.70111	8.302	
2.70142	8.31024	
2.69318	8.30933	
2.69806	8.31268	
2.70172	8.3078	
2.69653	8.29193	
2.69836	8.30109	
2.70477	8.30566	
2.70111	8.29803	
2.70508	8.29376	
2.69318	8.29163	
2.68951	8.2901	
2.70996	8.28979	
2.69867	8.30688	
2.69989	8.31665	
2.69073	8.30658	
2.69318	8.30383	
2.6886	8.29834	
2.6947	8.31909	
2.70325	8.30902	
2.7005	8.31421	
2.6886	8.31207	
2.69226	8.31787	
2.6889	8.32031	
2.69318	8.30963	
2.69958	8.31268	
2.70142	8.3197	
2.69897	8.3017	
2.69623	8.31512	
2.70386	8.31299	
2.69684	8.31726	
2.69196	8.28522	
2.69592	8.29742	
2.7005	8.29559	
2.69073	8.30322	
2.69348	8.30475	
2.68524	8.30231	
2.69653	8.28583	
2.69257	8.30475	
2.69135	8.31543	
2.70386	8.30719	
2.70294	8.30841	
2.71301	8.30444	
2.69745	8.30933	
2.69318	8.31757	
2.69531	8.30933	
2.69745	8.29102	
2.69989	8.30048	
2.71027	8.29956	
2.69196	8.30872	
2.69684	8.28857	
2.69775	8.2959	
2.7002	8.30994	
2.69196	8.30536	
2.68341	8.31146	
2.69958	8.30688	
2.70477	8.31421	
2.69562	8.31207	
2.69562	8.32184	
2.70874	8.31207	
2.70172	8.29742	
2.68646	8.30048	
2.69226	8.31268	
2.70081	8.30048	
2.69836	8.28735	
2.68707	8.29132	
2.70325	8.302	
2.70844	8.30261	
2.69226	8.31055	
2.68707	8.31696	
2.71088	8.30902	
2.70386	8.29559	
2.69196	8.30109	
2.68738	8.3075	
2.7005	8.30719	
2.69836	8.29956	
2.68768	8.29407	
2.69531	8.30292	
2.70233	8.29437	
2.69226	8.31299	
2.7002	8.29224	
2.69562	8.29376	
2.69531	8.29834	
2.69043	8.28674	
2.70203	8.29285	
2.68982	8.29712	
2.69318	8.29193	
2.69379	8.29895	
2.69928	8.3017	
2.69379	8.30414	
2.69745	8.31665	
2.69287	8.31879	
2.70142	8.31512	
2.69135	8.34656	
2.68677	8.30658	
2.69989	8.30872	
2.69806	8.31726	
2.69318	8.31726	
2.7002	8.31482	
2.70325	8.33099	
2.69196	8.31848	
2.69592	8.32001	
2.69775	8.30566	
2.69043	8.28857	
2.70081	8.28186	
2.69531	8.29102	
2.69867	8.2959	
2.69531	8.28369	
2.6828	8.27759	
2.70386	8.28766	
2.69684	8.28491	
2.69318	8.29529	
2.7005	8.27515	
2.69653	8.2782	
2.6947	8.29376	
2.70294	8.28796	
2.69379	8.29956	
2.69806	8.29712	
2.69775	8.3139	
2.6944	8.30688	
2.68951	8.28461	
2.69928	8.30048	
2.69867	8.31055	
2.69745	8.30231	
2.70447	8.31482	
2.69226	8.30872	
2.69043	8.29865	
2.70081	8.30017	
2.69043	8.30414	
2.70538	8.29651	
2.69257	8.29681	
2.68646	8.29376	
2.70142	8.29102	
2.70111	8.3078	
2.69562	8.29468	
2.69104	8.28918	
2.68799	8.27515	
2.69714	8.27942	
2.69287	8.29651	
2.68707	8.28644	
2.69287	8.29834	
2.70142	8.27606	
2.69409	8.29254	
2.69684	8.29163	
2.70081	8.29773	
2.68707	8.29529	
2.6947	8.30048	
2.70538	8.29376	
2.69196	8.27972	
2.68799	8.30719	
2.7124	8.3017	
2.69226	8.29987	
2.69562	8.29895	
2.70142	8.27972	
2.68799	8.30597	
2.70935	8.28278	
2.70081	8.30231	
2.69806	8.30475	
2.69287	8.31635	
2.69623	8.31177	
2.70508	8.3017	
2.68829	8.30231	
2.68982	8.30383	
2.69928	8.29468	
2.69958	8.302	
2.69531	8.30536	
2.69135	8.29742	
2.69684	8.30017	
2.69043	8.27637	
2.69989	8.28949	
2.6944	8.29651	
2.69104	8.30109	
2.69714	8.29681	
2.7005	8.29529	
2.69073	8.29895	
2.69867	8.30322	
2.70111	8.29956	
2.68982	8.29529	
2.70294	8.29163	
2.7002	8.28857	
2.68646	8.29681	
2.71057	8.27881	
2.69897	8.28857	
2.69348	8.28705	
2.69775	8.31055	
2.69073	8.302	
2.69623	8.30322	
2.70325	8.29498	
2.69592	8.30811	
2.69714	8.30688	
2.69196	8.30566	
2.68555	8.30078	
2.68616	8.31573	
2.69775	8.31848	
2.69745	8.32001	
2.70142	8.31055	
2.69043	8.31757	
2.69043	8.31726	
2.69989	8.32123	
2.68951	8.30658	
2.70264	8.3078	
2.69989	8.30933	
2.69684	8.31146	
2.68707	8.30627	
2.70447	8.32062	
2.69043	8.32184	
2.70477	8.32153	
2.6944	8.30963	
2.69226	8.31116	
2.70111	8.31177	
2.70081	8.29346	
2.6947	8.31055	
2.69043	8.29529	
2.68921	8.302	
2.69989	8.29865	
2.69409	8.29742	
2.70294	8.29865	
2.69531	8.27911	
2.68524	8.28491	
2.6889	8.302	
2.71057	8.30261	
2.6944	8.30353	
2.69958	8.3017	
2.68433	8.29681	
2.6947	8.32275	
2.70477	8.30963	
2.69135	8.30017	
2.69562	8.30353	
2.70111	8.29803	
2.69257	8.29895	
2.69409	8.30048	
2.69867	8.3078	
2.6889	8.30048	
2.70996	8.30017	
2.69501	8.29803	
2.69135	8.31573	
2.69928	8.30658	
2.69775	8.30566	
2.7002	8.30872	
2.68982	8.30139	
2.70325	8.3136	
2.68982	8.30261	
2.69562	8.30475	
2.7066	8.29895	
2.6947	8.30383	
2.69745	8.31146	
2.6947	8.30475	
2.69501	8.29529	
2.71057	8.30322	
2.69226	8.2959	
2.6947	8.31055	
2.69348	8.31024	
2.68921	8.31268	
2.70355	8.31635	
2.68982	8.30292	
2.69989	8.29956	
2.69501	8.30536	
2.69684	8.29926	
2.68341	8.29193	
2.7005	8.28705	
2.6944	8.29163	
2.69562	8.3017	
2.69653	8.28552	
2.70142	8.30811	
2.68951	8.29498	
2.69989	8.29437	
2.69928	8.29987	
2.69928	8.28766	
2.69989	8.30261	
2.68951	8.29926	
2.70264	8.28735	
2.70142	8.28552	
2.69531	8.29163	
2.7005	8.29987	
2.69592	8.28491	
2.69043	8.28949	
2.7002	8.28278	
2.69897	8.29224	
2.68372	8.28033	
2.69958	8.27911	
2.69073	8.28247	
2.69867	8.28522	
2.69562	8.28156	
2.68463	8.29712	
2.69745	8.27362	
2.69379	8.28674	
2.69958	8.29102	
2.6944	8.29712	
2.69897	8.29773	
2.70203	8.30505	
2.69073	8.3255	
2.69745	8.32611	
2.7002	8.31207	
2.69684	8.30902	
2.6886	8.302	
2.69592	8.31268	
2.69714	8.30902	
2.69073	8.31207	
2.69836	8.29651	
2.69897	8.30292	
2.6947	8.29742	
2.69104	8.31268	
2.70081	8.31909	
2.70081	8.30109	
2.69196	8.28461	
2.69348	8.29468	
2.70416	8.27881	
2.6944	8.28583	
2.70203	8.30353	
2.69165	8.30383	
2.69745	8.3255	
2.69257	8.31726	
2.70966	8.31207	
2.69348	8.31482	
2.69348	8.31055	
2.69714	8.31024	
2.69989	8.30444	
2.70172	8.302	
2.70142	8.30505	
2.69135	8.3075	
2.69714	8.30505	
2.69073	8.30597	
2.71027	8.30933	
2.69531	8.3197	
2.69592	8.32642	
2.69714	8.30933	
2.69592	8.3194	
2.69226	8.29803	
2.69714	8.3136	
2.69073	8.30963	
2.69867	8.30536	
2.69348	8.31085	
2.70966	8.30872	
2.6944	8.31543	
2.69043	8.31848	
2.70111	8.31482	
2.69012	8.29193	
2.70905	8.29865	
2.69318	8.29834	
2.69989	8.29834	
2.69592	8.29376	
2.69012	8.29468	
2.70294	8.28674	
2.69836	8.28613	
2.70172	8.3078	
2.69226	8.31543	
2.69409	8.32672	
2.70569	8.31909	
2.69257	8.31879	
2.69775	8.31543	
2.69989	8.3075	
2.69257	8.31177	
2.71179	8.31757	
2.69531	8.3197	
2.69287	8.31329	
2.6944	8.31482	
2.6947	8.31329	
2.69012	8.31329	
2.70111	8.33252	
2.68951	8.31665	
2.70233	8.31696	
2.69531	8.30811	
2.70111	8.30658	
2.69684	8.31146	
2.69867	8.30505	
2.69714	8.30627	
2.69135	8.30353	
2.68982	8.28918	
2.69623	8.29468	
2.6947	8.30475	
2.69989	8.2901	
2.70355	8.2724	
2.68402	8.30261	
2.69562	8.30383	
2.6944	8.30261	
2.6944	8.31421	
2.69409	8.30963	
2.68921	8.31116	
2.69745	8.30933	
2.69562	8.31238	
2.69806	8.30078	
2.6944	8.29376	
2.70508	8.28796	
2.69165	8.29895	
2.70386	8.30902	
2.69196	8.31482	
2.70111	8.31818	
2.6944	8.29681	
2.70355	8.31512	
2.69104	8.32001	
2.69501	8.31421	
2.70111	8.31604	
2.69318	8.30414	
2.69562	8.30414	
2.69379	8.31818	
2.69928	8.29224	
2.68311	8.30383	
2.69684	8.302	
2.69196	8.29468	
2.70386	8.30109	
2.6889	8.30994	
2.70294	8.29163	
2.68829	8.2785	
2.69714	8.28705	
2.70172	8.28156	
2.6947	8.28918	
2.69073	8.28552	
2.70203	8.29468	
2.69592	8.30566	
2.69714	8.29407	
2.68036	8.30353	
2.70081	8.28186	
2.69287	8.29651	
2.69745	8.29376	
2.69104	8.28064	
2.69104	8.30353	
2.70172	8.29376	
2.69196	8.29102	
2.70142	8.2962	
2.69257	8.29407	
2.70264	8.29681	
2.68982	8.30078	
2.69897	8.30688	
2.70264	8.29895	
2.68982	8.29285	
2.70233	8.30017	
2.69348	8.29041	
2.69867	8.29895	
2.69348	8.30322	
2.70844	8.28308	
2.69379	8.28796	
2.70172	8.29529	
2.7002	8.30261	
2.69348	8.30322	
2.70233	8.30505	
2.69196	8.29498	
2.69745	8.30048	
2.69592	8.29651	
2.69073	8.28461	
2.69379	8.3075	
2.70599	8.29132	
2.69196	8.26599	
2.69196	8.27911	
2.69073	8.30231	
2.7002	8.27972	
2.69501	8.29468	
2.69409	8.3075	
2.7066	8.28705	
2.6944	8.28796	
2.70355	8.28827	
2.69287	8.29193	
2.69501	8.30109	
2.70172	8.29926	
2.68921	8.28186	
2.69684	8.28644	
2.69257	8.26904	
2.70813	8.25897	
2.69226	8.28583	
2.69836	8.27148	
2.70142	8.28003	
2.68982	8.29315	
2.70416	8.30353	
2.69318	8.27789	
2.68951	8.27667	
2.7002	8.28278	
2.68555	8.30383	
2.7005	8.29163	
2.69135	8.29346	
2.69135	8.28064	
2.70782	8.28705	
2.69226	8.284	
2.70325	8.29407	
2.69257	8.2901	
2.70172	8.28369	
2.68311	8.28735	
2.7002	8.28064	
2.69287	8.27972	
2.69104	8.27698	
2.70203	8.28339	
2.69073	8.28949	
2.70142	8.27271	
2.6944	8.28827	
2.69928	8.28491	
2.68616	8.28979	
2.69989	8.28674	
2.69653	8.28308	
2.69379	8.27911	
2.69135	8.28888	
2.69867	8.27728	
2.69653	8.29132	
2.69196	8.284	
2.69501	8.28918	
2.69989	8.27698	
2.69928	8.28522	
2.6889	8.28094	
2.70416	8.27301	
2.69135	8.25989	
2.7063	8.28217	
2.69653	8.27789	
2.69989	8.29407	
2.69745	8.2959	
2.68921	8.28461	
2.68433	8.28247	
2.70233	8.2782	
2.69012	8.28827	
2.69684	8.30566	
2.69653	8.29926	
2.69714	8.28949	
2.70447	8.27362	
2.68921	8.29651	
2.70172	8.27087	
2.70172	8.27332	
2.69318	8.28979	
2.70447	8.28522	
2.69745	8.29102	
2.69135	8.27698	
2.69501	8.284	
2.69897	8.28827	
2.69226	8.27911	
2.69287	8.27759	
2.68341	8.2843	
2.70233	8.29773	
2.70142	8.2962	
2.69012	8.30963	
2.70538	8.30536	
2.69165	8.29224	
2.70294	8.29773	
2.7005	8.30139	
2.69073	8.28552	
2.70386	8.29468	
2.69135	8.30444	
2.68768	8.30841	
2.70264	8.29803	
2.70386	8.28979	
2.69623	8.29498	
2.70294	8.27423	
2.69928	8.29102	
2.69043	8.29224	
2.69958	8.3078	
2.68524	8.29346	
2.69745	8.29651	
2.70294	8.28522	
2.70386	8.28583	
2.69073	8.28125	
2.70264	8.29498	
2.69806	8.284	
2.69989	8.28949	
2.68585	8.28705	
2.70233	8.28583	
2.69104	8.28033	
2.69501	8.26447	
2.69562	8.26935	
2.69592	8.26233	
2.69562	8.25836	
2.6947	8.26569	
2.70081	8.27057	
2.68311	8.27362	
2.69623	8.25958	
2.69287	8.27332	
2.70172	8.25409	
2.70142	8.27576	
2.69562	8.29315	
2.69196	8.26843	
2.69409	8.255	
2.7005	8.255	
2.68829	8.26141	
2.69897	8.26874	
2.69348	8.28094	
2.7005	8.27972	
2.69257	8.28217	
2.70416	8.28125	
2.69043	8.27148	
2.6947	8.26813	
2.70386	8.26996	
2.69226	8.28033	
2.69684	8.26477	
2.69745	8.26599	
2.69592	8.27454	
2.69867	8.27087	
2.70081	8.25348	
2.69073	8.28766	
2.69409	8.29468	
2.7005	8.26599	
2.68097	8.28796	
2.70203	8.27454	
2.69135	8.28735	
2.68738	8.28705	
2.70599	8.28979	
2.69348	8.29681	
2.69928	8.28552	
2.70111	8.29956	
2.69135	8.25531	
2.70111	8.26599	
2.68799	8.25745	
2.69989	8.26599	
2.69379	8.2547	
2.70416	8.28003	
2.69318	8.25531	
2.69958	8.2666	
2.69653	8.26111	
2.69501	8.2608	
2.7005	8.26385	
2.69409	8.26385	
2.69348	8.26599	
2.70081	8.27606	
2.68311	8.27026	
2.69409	8.26752	
2.69775	8.27148	
2.70203	8.26691	
2.6889	8.2843	
2.69653	8.27332	
2.69928	8.28613	
2.69348	8.28583	
2.70844	8.27179	
2.69287	8.27972	
2.69806	8.28552	
2.69226	8.28552	
2.69623	8.27271	
2.68311	8.28552	
2.69653	8.29498	
2.7002	8.284	
2.6889	8.27728	
2.70691	8.27423	
2.69043	8.28918	
2.7002	8.27179	
2.69806	8.28522	
2.69623	8.28369	
2.68463	8.28094	
2.69958	8.27667	
2.6947	8.28247	
2.69806	8.2843	
2.70111	8.27179	
2.6944	8.2724	
2.70325	8.29224	
2.69592	8.29346	
2.69196	8.30322	
2.70477	8.28308	
2.69043	8.29803	
2.6944	8.31879	
2.69989	8.30597	
2.6828	8.30811	
2.69958	8.29559	
2.6944	8.29559	
2.70264	8.29041	
2.6889	8.28918	
2.69836	8.30048	
2.68433	8.28979	
2.69958	8.30017	
2.70325	8.28339	
2.68982	8.28766	
2.70294	8.29437	
2.69714	8.28735	
2.68616	8.29376	
2.70721	8.29651	
2.6947	8.30231	
2.70203	8.28705	
2.70081	8.29773	
2.7063	8.29529	
2.68799	8.29285	
2.68799	8.29468	
2.69592	8.29346	
2.71027	8.28339	
2.69165	8.29163	
2.70325	8.2962	
2.70416	8.30414	
2.69928	8.30933	
2.69104	8.28888	
2.70416	8.27972	
2.69897	8.2959	
2.6944	8.30292	
2.69135	8.28583	
2.69806	8.28613	
2.69379	8.28094	
2.68951	8.28735	
2.69012	8.27881	
2.70294	8.2724	
2.69989	8.29315	
2.69287	8.28705	
2.69928	8.28583	
2.69318	8.28827	
2.69257	8.29163	
2.72034	8.2959	
2.69104	8.30811	
2.7066	8.29437	
2.69348	8.30811	
2.71271	8.31055	
2.7121	8.28857	
2.6947	8.28369	
2.70081	8.29468	
2.70172	8.29834	
2.69409	8.30231	
2.69806	8.2962	
2.69684	8.29163	
2.69318	8.29346	
2.69653	8.29315	
2.69989	8.29559	
2.69073	8.27576	
2.7005	8.28705	
2.69196	8.28522	
2.68738	8.30231	
2.70264	8.28766	
2.69012	8.29834	
2.6889	8.3017	
2.68982	8.30139	
2.69501	8.29773	
2.69745	8.30078	
2.68921	8.28491	
2.69043	8.29834	
2.70355	8.29102	
2.69226	8.29803	
2.68921	8.29681	
2.70386	8.31177	
2.70172	8.3017	
2.69531	8.30475	
2.69409	8.31451	
2.70721	8.31055	
2.69135	8.31055	
2.70233	8.30719	
2.69989	8.3078	
2.69409	8.29346	
2.69623	8.32123	
2.70538	8.31085	
2.7005	8.31055	
2.69196	8.30719	
2.69348	8.3078	
2.70142	8.29773	
2.7005	8.29315	
2.69287	8.29468	
2.69928	8.29498	
2.6889	8.29742	
2.69653	8.2959	
2.70172	8.30475	
2.68188	8.29041	
2.69379	8.28674	
2.70264	8.30505	
2.68982	8.28705	
2.68616	8.30292	
2.70081	8.30109	
2.69745	8.30719	
2.68951	8.29529	
2.70172	8.30261	
2.69867	8.29468	
2.69531	8.29285	
2.69226	8.29803	
2.71057	8.29742	
2.6947	8.31207	
2.69043	8.30383	
2.69226	8.29681	
2.70233	8.30902	
2.7002	8.30627	
2.69318	8.29132	
2.70111	8.29163	
2.71149	8.30414	
2.6944	8.30963	
2.68646	8.30536	
2.69653	8.32153	
2.70874	8.32367	
2.69653	8.32489	
2.68951	8.29895	
2.68768	8.3136	
2.70935	8.30414	
2.69562	8.3078	
2.69287	8.30536	
2.69592	8.30475	
2.68646	8.32306	
2.69348	8.31696	
2.69287	8.30444	
2.69501	8.32397	
2.69287	8.31604	
2.70264	8.31635	
2.70111	8.3197	
2.70477	8.31421	
2.69196	8.31085	
2.69287	8.31085	
2.68829	8.31268	
2.70416	8.30475	
2.69867	8.30597	
2.69165	8.30719	
2.6947	8.30017	
2.68677	8.2959	
2.69836	8.30475	
2.69714	8.3078	
2.70172	8.29651	
2.7063	8.31604	
2.70416	8.3316	
2.70233	8.32306	
2.7066	8.32001	
2.69104	8.33588	
2.69043	8.30872	
2.69348	8.32275	
2.69989	8.31604	
2.70294	8.31116	
2.7002	8.31451	
2.68921	8.31818	
2.69897	8.32703	
2.70416	8.3255	
2.69653	8.32672	
2.69684	8.30719	
2.68341	8.29224	
2.69745	8.3075	
2.69836	8.30505	
2.70081	8.30017	
2.69775	8.29651	
2.69165	8.29926	
2.69257	8.30933	
2.69135	8.30444	
2.70081	8.31116	
2.69928	8.30017	
2.69135	8.302	
2.69592	8.31146	
2.69867	8.31146	
2.68982	8.32397	
2.6947	8.31268	
2.69257	8.32001	
2.70142	8.30963	
2.69379	8.28674	
2.69196	8.30048	
2.70172	8.31146	
2.69653	8.30231	
2.7005	8.30658	
2.69348	8.30994	
2.68951	8.30933	
2.69592	8.3017	
2.7002	8.30414	
2.69775	8.30597	
2.69165	8.30292	
2.70416	8.29987	
2.6889	8.29651	
2.69653	8.29437	
2.69958	8.30719	
2.68707	8.29346	
2.69043	8.29987	
2.70111	8.29437	
2.68707	8.29956	
2.68799	8.30872	
2.69867	8.29681	
2.6947	8.30444	
2.68921	8.29956	
2.69745	8.29834	
2.69958	8.30566	
2.69043	8.27667	
2.68951	8.30627	
2.70477	8.2901	
2.69806	8.29102	
2.69043	8.29926	
2.69745	8.3017	
2.70721	8.27972	
2.69562	8.29987	
2.70233	8.28522	
2.69867	8.30261	
2.71057	8.29254	
2.69531	8.27576	
2.69318	8.27087	
2.69104	8.27484	
2.68311	8.29132	
2.69714	8.2901	
2.6944	8.29834	
2.69653	8.29529	
2.69318	8.29803	
2.68982	8.30231	
2.69257	8.30566	
2.69196	8.29346	
2.70355	8.29987	
2.70111	8.2843	
2.69348	8.29529	
2.68768	8.29407	
2.69897	8.2962	
2.7066	8.28766	
2.7005	8.29315	
2.69073	8.28949	
2.69104	8.27728	
2.70416	8.29102	
2.6947	8.28339	
2.70172	8.29285	
2.70172	8.28308	
2.69562	8.28979	
2.68982	8.28735	
2.68585	8.30078	
2.69348	8.29376	
2.69989	8.27789	
2.69592	8.29681	
2.69531	8.28644	
2.69318	8.28613	
2.6944	8.27728	
2.6886	8.27667	
2.69684	8.28461	
2.70294	8.29041	
2.69958	8.26477	
2.68951	8.29163	
2.69196	8.28827	
2.70416	8.2843	
2.70233	8.27393	
2.70813	8.2843	
2.69653	8.27301	
2.68829	8.27667	
2.69257	8.27026	
2.69318	8.28552	
2.70294	8.26996	
2.69989	8.28522	
2.69623	8.28186	
2.68341	8.27209	
2.69196	8.27972	
2.69012	8.27759	
2.69287	8.28735	
2.69348	8.27362	
2.69653	8.28613	
2.69745	8.28156	
2.70569	8.29071	
2.70142	8.27271	
2.70538	8.2782	
2.69592	8.28461	
2.68555	8.27972	
2.69928	8.27545	
2.69531	8.27118	
2.69775	8.28613	
2.68219	8.27637	
2.69287	8.27881	
2.69653	8.26141	
2.69775	8.26019	
2.69745	8.27545	
2.69623	8.27637	
2.69806	8.26385	
2.69196	8.26202	
2.69897	8.25684	
2.69836	8.27209	
2.69897	8.26935	
2.7066	8.2724	
2.69806	8.28461	
2.69287	8.2782	
2.69409	8.25897	
2.68677	8.28339	
2.69348	8.27423	
2.69928	8.26569	
2.69928	8.26324	
2.68341	8.26385	
2.68982	8.28247	
2.69379	8.27911	
2.69318	8.2666	
2.69653	8.26508	
2.69836	8.26416	
2.70172	8.26874	
2.69379	8.26569	
2.69379	8.2663	
2.69928	8.26508	
2.70142	8.26263	
2.70569	8.28156	
2.70111	8.27393	
2.69073	8.27179	
2.68951	8.27301	
2.68494	8.27454	
2.69623	8.27545	
2.70142	8.28552	
2.69897	8.28491	
2.70081	8.26599	
2.70416	8.28339	
2.70355	8.28156	
2.70355	8.29407	
2.6944	8.28644	
2.69135	8.28522	
2.69257	8.29376	
2.69623	8.26965	
2.7002	8.25562	
2.69684	8.27545	
2.69257	8.28278	
2.68402	8.28461	
2.70416	8.28766	
2.69897	8.29651	
2.70081	8.27637	
2.68402	8.28308	
2.69226	8.27759	
2.69287	8.27667	
2.69806	8.28064	
2.70203	8.29285	
2.70325	8.28369	
2.7005	8.28491	
2.69531	8.29254	
2.69775	8.30383	
2.69653	8.29132	
2.7066	8.29865	
2.70081	8.28339	
2.6944	8.27972	
2.68982	8.2785	
2.69348	8.28888	
2.69867	8.28278	
2.69257	8.26477	
2.69867	8.27637	
2.68768	8.27789	
2.68921	8.29102	
2.69623	8.28674	
2.68555	8.27362	
2.69043	8.28278	
2.69073	8.27545	
2.69135	8.28766	
2.67883	8.27759	
2.68921	8.27179	
2.69501	8.28156	
2.69623	8.27972	
2.69745	8.28217	
2.70416	8.29681	
2.69897	8.28613	
2.71179	8.29773	
2.70081	8.2785	
2.69562	8.27789	
2.69806	8.28949	
2.69745	8.28583	
2.69409	8.28644	
2.69897	8.28247	
2.70935	8.29529	
2.69043	8.28979	
2.69073	8.284	
2.68921	8.27698	
2.68463	8.28705	
2.69073	8.28125	
2.69745	8.29376	
2.69287	8.29163	
2.69562	8.29468	
2.69684	8.27271	
2.7005	8.28308	
2.70508	8.30048	
2.70508	8.28979	
2.69775	8.28705	
2.68921	8.29407	
2.7002	8.29559	
2.70325	8.28705	
2.68738	8.28552	
2.68829	8.27728	
2.68921	8.28583	
2.69318	8.28796	
2.69379	8.28003	
2.68982	8.25989	
2.69501	8.27637	
2.69531	8.28827	
2.70538	8.27576	
2.70081	8.27545	
2.70233	8.29529	
2.7124	8.26691	
2.70172	8.28461	
2.70264	8.29437	
2.70233	8.29041	
2.69836	8.29865	
2.70691	8.28522	
2.69196	8.28705	
2.69165	8.29529	
2.69165	8.28278	
2.6889	8.28461	
2.69043	8.28003	
2.70691	8.29224	
2.69653	8.28094	
2.6944	8.27332	
2.69501	8.29529	
2.69379	8.29315	
2.69562	8.29895	
2.69135	8.29376	
2.68829	8.29926	
2.69562	8.29926	
2.6944	8.28491	
2.69135	8.28491	
2.69745	8.2782	
2.70538	8.2843	
2.70081	8.27393	
2.69531	8.28461	
2.68799	8.27545	
2.69379	8.29224	
2.69165	8.30139	
2.69501	8.29102	
2.68799	8.28857	
2.69165	8.29163	
2.69897	8.29315	
2.69501	8.28522	
2.69531	8.26324	
2.69592	8.28308	
2.69775	8.28308	
2.70569	8.26965	
2.69989	8.26874	
2.70782	8.27972	
2.69745	8.28094	
2.70782	8.29285	
2.69623	8.28339	
2.7002	8.28491	
2.69714	8.28217	
2.69135	8.29712	
2.70905	8.27179	
2.70081	8.28217	
2.69806	8.2901	
2.69836	8.27362	
2.69745	8.29193	
2.69531	8.29498	
2.69135	8.28644	
2.69653	8.28918	
2.70081	8.27393	
2.7005	8.29163	
2.69867	8.28888	
2.68646	8.27087	
2.70111	8.27332	
2.6947	8.27789	
2.68829	8.28217	
2.69379	8.27148	
2.6944	8.2962	
2.68921	8.28918	
2.68707	8.30658	
2.69135	8.30597	
2.69318	8.27911	
2.68921	8.28705	
2.69318	8.28369	
2.69775	8.27698	
2.70203	8.28033	
2.71362	8.28827	
2.69867	8.28125	
2.69348	8.2843	
2.69257	8.28522	
2.69928	8.28674	
2.69501	8.28674	
2.69012	8.28491	
2.69653	8.28491	
2.69318	8.28491	
2.69379	8.28918	
2.69043	8.28491	
2.69653	8.26904	
2.70203	8.28644	
2.70081	8.30353	
2.70416	8.302	
2.69836	8.29803	
2.69196	8.30994	
2.69806	8.29376	
2.69623	8.28064	
2.7002	8.29041	
2.69684	8.26355	
2.69836	8.28491	
2.70294	8.28705	
2.68951	8.29193	
2.68585	8.27454	
2.6947	8.27667	
2.70142	8.28583	
2.71027	8.29773	
2.70111	8.2843	
2.69989	8.29285	
2.69958	8.27942	
2.7005	8.29468	
2.70294	8.28979	
2.70325	8.28735	
2.71088	8.28491	
2.70325	8.28491	
2.69928	8.27545	
2.69958	8.28461	
2.70325	8.26935	
2.70294	8.29041	
2.70233	8.27484	
2.70447	8.28369	
2.69806	8.28674	
2.69989	8.29071	
2.70294	8.29376	
2.69714	8.29376	
2.70416	8.30414	
2.7002	8.2901	
2.69989	8.29956	
2.69928	8.29102	
2.69226	8.29407	
2.69165	8.29346	
2.69318	8.29803	
2.6889	8.31207	
2.69196	8.30566	
2.68646	8.29865	
2.69073	8.29193	
2.69073	8.3017	
2.69104	8.30322	
2.6944	8.2724	
2.69196	8.30353	
2.69623	8.30536	
2.68463	8.29681	
2.68982	8.30048	
2.69318	8.29529	
2.69348	8.30719	
2.69348	8.30048	
2.69196	8.31604	
2.6944	8.30719	
2.69684	8.30719	
2.69409	8.32245	
2.70172	8.3252	
2.69165	8.31329	
2.69165	8.30933	
2.68921	8.31177	
2.69379	8.31207	
2.70172	8.30505	
2.69684	8.30475	
2.69867	8.30658	
2.70081	8.30414	
2.70325	8.30261	
2.70264	8.29987	
2.70294	8.302	
2.70752	8.30933	
2.69684	8.29132	
2.69745	8.28308	
2.69318	8.31177	
2.69775	8.29834	
2.70172	8.30292	
2.69226	8.29926	
2.68372	8.29468	
2.69592	8.30902	
2.69226	8.31329	
2.69348	8.30475	
2.69867	8.33008	
2.69989	8.31573	
2.69867	8.31268	
2.69989	8.30872	
2.70416	8.33252	
2.69379	8.31726	
2.6828	8.32397	
2.69073	8.31909	
2.69653	8.29224	
2.70782	8.29834	
2.69897	8.302	
2.70203	8.29407	
2.69897	8.31055	
2.70447	8.32306	
2.70416	8.31055	
2.70203	8.30811	
2.70294	8.29956	
2.69928	8.30261	
2.6947	8.29132	
2.69684	8.28918	
2.69989	8.26416	
2.70081	8.28156	
2.68799	8.27515	
2.68402	8.29041	
2.69135	8.29834	
2.69775	8.30688	
2.70203	8.30719	
2.69897	8.29559	
2.6944	8.30261	
2.69318	8.30414	
2.69257	8.31757	
2.69165	8.29559	
2.69043	8.32153	
2.69379	8.31146	
2.69073	8.29437	
2.69409	8.31207	
2.6947	8.30261	
2.69867	8.30078	
2.69897	8.30292	
2.70142	8.31146	
2.69775	8.30688	
2.69073	8.32062	
2.69104	8.29315	
2.69257	8.2962	
2.70111	8.31177	
2.7002	8.31055	
2.70844	8.3078	
2.70111	8.31787	
2.69623	8.30505	
2.70142	8.3075	
2.69653	8.29315	
2.69287	8.30109	
2.69135	8.29529	
2.68829	8.30963	
2.69775	8.30139	
2.69806	8.30902	
2.69135	8.32123	
2.69409	8.3075	
2.69104	8.29926	
2.6886	8.29803	
2.68402	8.2962	
2.69135	8.31543	
2.69623	8.30353	
2.7002	8.30444	
2.69897	8.31299	
2.6947	8.32214	
2.6947	8.30719	
2.7005	8.31726	
2.69928	8.30872	
2.68829	8.32123	
2.68463	8.31543	
2.68951	8.30811	
2.69775	8.31177	
2.7063	8.32245	
2.70111	8.3197	
2.69379	8.31329	
2.69714	8.30536	
2.70111	8.32001	
2.7005	8.32184	
2.69745	8.32214	
2.70782	8.31909	
2.70111	8.31299	
2.69958	8.31024	
2.6947	8.30688	
2.69897	8.30688	
2.69257	8.30231	
2.68616	8.30658	
2.69348	8.30963	
2.69653	8.32642	
2.70203	8.32367	
2.70477	8.30963	
2.69745	8.32306	
2.69287	8.31909	
2.69257	8.32916	
2.69196	8.32703	
2.6944	8.31757	
2.69897	8.31696	
2.70599	8.31451	
2.70233	8.29956	
2.69165	8.30658	
2.68921	8.31879	
2.69196	8.3136	
2.69196	8.3139	
2.6944	8.31268	
2.69592	8.31085	
2.69409	8.3194	
2.69714	8.33313	
2.69989	8.3255	
2.70081	8.33038	
2.69043	8.33405	
2.68585	8.32214	
2.69073	8.32092	
2.69958	8.33527	
2.70203	8.33527	
2.69806	8.32947	
2.69836	8.34991	
2.69806	8.33282	
2.69257	8.3255	
2.6886	8.32611	
2.7002	8.32672	
2.69836	8.32214	
2.70203	8.33069	
2.70355	8.31848	
2.71423	8.32245	
2.7005	8.31451	
2.7005	8.32703	
2.69257	8.31543	
2.69531	8.32336	
2.69196	8.32794	
2.69531	8.3255	
2.68707	8.32489	
2.7005	8.32672	
2.70203	8.32703	
2.71301	8.33099	
2.69806	8.32642	
2.69196	8.32458	
2.71393	8.31909	
2.69592	8.30475	
2.69562	8.31879	
2.69379	8.32306	
2.69989	8.31573	
2.69714	8.32916	
2.69318	8.31848	
2.70172	8.31299	
2.69226	8.31207	
2.70172	8.31635	
2.70172	8.30841	
2.70172	8.32092	
2.69043	8.31848	
2.68555	8.30658	
2.69287	8.31238	
2.69836	8.30627	
2.71027	8.30963	
2.69623	8.30505	
2.69287	8.32092	
2.69226	8.31848	
2.69958	8.33099	
2.70111	8.30872	
2.69165	8.32275	
2.69318	8.31055	
2.68921	8.3075	
2.69226	8.31757	
2.70111	8.31085	
2.69104	8.30048	
2.69165	8.31482	
2.69928	8.30414	
2.6944	8.32001	
2.69012	8.3017	
2.69867	8.3252	
2.7005	8.302	
2.69623	8.30231	
2.68311	8.3255	
2.70538	8.31909	
2.70142	8.3075	
2.69745	8.28979	
2.69928	8.31421	
2.7002	8.30261	
2.70538	8.31482	
2.70111	8.30139	
2.70142	8.31207	
2.70813	8.32092	
2.69897	8.31757	
2.6944	8.31299	
2.70233	8.32458	
2.70264	8.31635	
2.69562	8.3197	
2.69104	8.31604	
2.69562	8.32184	
2.70569	8.34991	
2.69135	8.33069	
2.6944	8.34412	
2.69623	8.34534	
2.69073	8.32886	
2.69073	8.33557	
2.68951	8.32031	
2.69836	8.34717	
2.70508	8.33954	
2.69257	8.32794	
2.69836	8.33099	
2.7005	8.32916	
2.69501	8.32703	
2.68585	8.32245	
2.70172	8.32062	
2.69562	8.3197	
2.7005	8.32703	
2.69653	8.3194	
2.69073	8.34198	
2.6889	8.33527	
2.70081	8.33893	
2.69348	8.32367	
2.70569	8.31116	
2.70081	8.33099	
2.69318	8.32245	
2.69806	8.31757	
2.69653	8.32428	
2.69714	8.3606	
2.69989	8.34167	
2.69775	8.33771	
2.69592	8.33099	
2.69867	8.34839	
2.69928	8.33588	
2.70142	8.31421	
2.69043	8.3429	
2.70172	8.33923	
2.69989	8.35114	
2.68799	8.33038	
2.68738	8.34167	
2.69226	8.34259	
2.70325	8.36426	
2.68738	8.3551	
2.69257	8.3609	
2.69897	8.35999	
2.68585	8.34869	
2.68585	8.36395	
2.70203	8.36121	
2.69409	8.36456	
2.69806	8.3493	
2.70111	8.33282	
2.68799	8.35388	
2.6886	8.35846	
2.7005	8.33282	
2.68768	8.34534	
2.70111	8.32184	
2.69745	8.33771	
2.70569	8.33679	
2.69531	8.33252	
2.69409	8.34595	
2.70691	8.35083	
2.69714	8.35052	
2.69073	8.35724	
2.70905	8.34503	
2.70782	8.34778	
2.68433	8.33923	
2.69501	8.34351	
2.69653	8.33221	
2.69379	8.33588	
2.69104	8.33557	
2.7002	8.33679	
2.69745	8.34259	
2.69043	8.34473	
2.69958	8.33893	
2.7002	8.31573	
2.69135	8.32825	
2.70447	8.35175	
2.69135	8.33405	
2.68738	8.33679	
2.70081	8.34564	
2.69653	8.36182	
2.69104	8.34045	
2.6947	8.35083	
2.6944	8.35327	
2.69928	8.34442	
2.69897	8.36395	
2.69653	8.35266	
2.70355	8.35663	
2.69562	8.35815	
2.69043	8.34412	
2.71027	8.33923	
2.7002	8.35083	
2.70203	8.32794	
2.71027	8.33923	
2.69226	8.34167	
2.69318	8.32916	
2.71118	8.3313	
2.69348	8.32672	
2.6947	8.33374	
2.71027	8.33344	
2.69409	8.33282	
2.7005	8.34534	
2.69196	8.349	
2.69562	8.35144	
2.69928	8.34076	
2.68219	8.35358	
2.70599	8.3429	
2.69409	8.33221	
2.69287	8.33069	
2.70538	8.32855	
2.69287	8.32825	
2.70172	8.35236	
2.69348	8.35846	
2.70325	8.34137	
2.69165	8.34656	
2.69196	8.34473	
2.70569	8.32947	
2.69104	8.34229	
2.69836	8.32092	
2.69867	8.33282	
2.69592	8.33557	
2.69928	8.3429	
2.70233	8.33221	
2.7005	8.3255	
2.69196	8.3255	
2.70172	8.31482	
2.69806	8.31421	
2.69135	8.32947	
2.7002	8.31604	
2.7066	8.31207	
2.69073	8.32306	
2.70294	8.31146	
2.69165	8.3255	
2.69684	8.32733	
2.7005	8.32336	
2.70752	8.31177	
2.69287	8.29773	
2.69196	8.29987	
2.7066	8.31635	
2.68921	8.29285	
2.69287	8.3075	
2.70142	8.30505	
2.69257	8.31055	
2.70294	8.29254	
2.70355	8.30627	
2.69226	8.31818	
2.70386	8.29102	
2.70172	8.30597	
2.69012	8.29956	
2.6947	8.30933	
2.69226	8.30902	
2.69928	8.31451	
2.69806	8.31421	
2.6944	8.31085	
2.69501	8.30353	
2.69958	8.30872	
2.69196	8.30658	
2.6889	8.31726	
2.69348	8.31726	
2.69226	8.30231	
2.70172	8.30627	
2.69806	8.3017	
2.69104	8.31726	
2.69897	8.30902	
2.69531	8.29407	
2.68982	8.32245	
2.69348	8.31482	
2.70233	8.31787	
2.69501	8.31635	
2.69714	8.31818	
2.69775	8.32275	
2.69165	8.32092	
2.70233	8.30933	
2.70355	8.31818	
2.69623	8.30353	
2.69409	8.3197	
2.69989	8.30414	
2.69165	8.31299	
2.69684	8.31055	
2.69928	8.32153	
2.69409	8.32153	
2.69653	8.32092	
2.69928	8.32458	
2.70447	8.30933	
2.69379	8.32123	
2.69775	8.32092	
2.70142	8.30963	
2.68768	8.32153	
2.69653	8.31055	
2.70355	8.30383	
2.6944	8.31482	
2.68616	8.30505	
2.70294	8.30719	
2.69379	8.302	
2.69196	8.30841	
2.7005	8.29681	
2.69348	8.30505	
2.68738	8.29987	
2.70325	8.30597	
2.68768	8.29681	
2.69165	8.28766	
2.70264	8.30231	
2.69379	8.30109	
2.70416	8.30719	
2.69165	8.27637	
2.70111	8.28522	
2.69165	8.29102	
2.69165	8.29529	
2.70172	8.29773	
2.69073	8.3136	
2.69958	8.30872	
2.68982	8.30719	
2.70203	8.30078	
2.69012	8.28339	
2.69348	8.28644	
2.70081	8.28705	
2.70142	8.30017	
2.69409	8.30566	
2.69287	8.28888	
2.69867	8.31268	
2.68921	8.32916	
2.69684	8.30292	
2.69379	8.31879	
2.70599	8.32245	
2.69592	8.31268	
2.7002	8.32611	
2.70569	8.31757	
2.69318	8.31512	
2.70355	8.30597	
2.70203	8.31604	
2.69348	8.32245	
2.69928	8.30292	
2.68829	8.31146	
2.70569	8.30017	
2.69073	8.32001	
2.70325	8.31238	
2.6944	8.3017	
2.69531	8.31879	
2.69409	8.32153	
2.7005	8.33069	
2.70233	8.30627	
2.70142	8.32184	
2.69043	8.32184	
2.69989	8.32184	
2.69531	8.3252	
2.69928	8.33893	
2.70844	8.32764	
2.69531	8.32245	
2.69836	8.30872	
2.70416	8.3078	
2.68951	8.30505	
2.6944	8.31146	
2.69318	8.30261	
2.69012	8.32092	
2.69867	8.28705	
2.68372	8.30505	
2.70111	8.31329	
2.68585	8.30963	
2.69806	8.29529	
2.70111	8.29803	
2.69653	8.29407	
2.69836	8.30139	
2.68951	8.29468	
2.6947	8.30414	
2.69897	8.30475	
2.69623	8.3139	
2.71149	8.31787	
2.69348	8.30505	
2.7002	8.31635	
2.69226	8.30902	
2.70111	8.30994	
2.6889	8.31482	
2.70508	8.32123	
2.69562	8.31116	
2.70111	8.32245	
2.69196	8.31451	
2.69592	8.30322	
2.69043	8.31543	
2.69348	8.32153	
2.70477	8.31085	
2.68372	8.31543	
2.70416	8.3136	
2.69379	8.3139	
2.70111	8.32642	
2.70325	8.31482	
2.69165	8.33344	
2.69562	8.30933	
2.69318	8.30353	
2.69287	8.30261	
2.70386	8.32733	
2.69257	8.31635	
2.71179	8.3432	
2.7005	8.3316	
2.69928	8.35419	
2.69928	8.33099	
2.69623	8.34961	
2.69562	8.32153	
2.69623	8.3316	
2.70721	8.32977	
2.69531	8.33405	
2.70325	8.32306	
2.68616	8.33618	
2.69806	8.34076	
2.69196	8.30933	
2.69897	8.32764	
2.69104	8.33618	
2.68921	8.33862	
2.6944	8.31329	
2.69073	8.32153	
2.69684	8.32123	
2.69592	8.32672	
2.69073	8.33618	
2.70203	8.33832	
2.69318	8.32245	
2.71301	8.33984	
2.69226	8.31909	
2.70142	8.33862	
2.69989	8.33649	
2.69867	8.32581	
2.6947	8.32062	
2.69867	8.3255	
2.69806	8.3136	
2.70325	8.31085	
2.69653	8.31421	
2.69501	8.32092	
2.69165	8.31573	
2.69836	8.32306	
2.69257	8.31604	
2.7063	8.31299	
2.69867	8.31879	
2.7002	8.32153	
2.70721	8.32184	
2.69379	8.3197	
2.70386	8.33282	
2.69257	8.33252	
2.69623	8.3606	
2.68829	8.33099	
2.70386	8.31268	
2.69714	8.33496	
2.70111	8.31848	
2.69379	8.32275	
2.69623	8.31818	
2.68677	8.31146	
2.69684	8.3255	
2.69318	8.32672	
2.71118	8.31573	
2.69653	8.31726	
2.70081	8.31848	
2.68188	8.31635	
2.70508	8.31543	
2.69226	8.31573	
2.70813	8.32672	
2.70111	8.31543	
2.69012	8.31696	
2.69501	8.31085	
2.69592	8.32611	
2.7066	8.33496	
2.69257	8.33191	
2.70721	8.32336	
2.68677	8.33008	
2.70294	8.31543	
2.69653	8.30688	
2.69562	8.31482	
2.69501	8.30963	
2.69226	8.31451	
2.70233	8.31757	
2.69196	8.31512	
2.70813	8.3194	
2.69287	8.33038	
2.69958	8.34564	
2.69409	8.32245	
2.69714	8.32184	
2.69836	8.34137	
2.69745	8.33374	
2.69775	8.3374	
2.69653	8.31879	
2.6944	8.33374	
2.69684	8.32184	
2.69836	8.31757	
2.6886	8.33435	
2.69775	8.32581	
2.69409	8.33496	
2.70111	8.33527	
2.70874	8.34961	
2.69775	8.35052	
2.6944	8.34778	
2.70142	8.34656	
2.6947	8.33984	
2.70355	8.34076	
2.69623	8.35938	
2.69226	8.36243	
2.7066	8.34656	
2.69257	8.34137	
2.68951	8.33649	
2.7002	8.34991	
2.69226	8.34869	
2.7005	8.33282	
2.69928	8.34717	
2.69165	8.35724	
2.70203	8.33099	
2.7002	8.33466	
2.69165	8.3197	
2.69501	8.33038	
2.69073	8.34412	
2.69714	8.34076	
2.69562	8.34534	
2.70081	8.33008	
2.70294	8.32855	
2.6944	8.33099	
2.69012	8.34503	
2.69806	8.31848	
2.69592	8.3313	
2.69012	8.3429	
2.69958	8.34076	
2.69257	8.33252	
2.70142	8.33344	
2.69806	8.32642	
2.69379	8.3371	
2.70081	8.34045	
2.68707	8.35205	
2.69958	8.33221	
2.69989	8.32672	
2.68951	8.33099	
2.6944	8.31055	
2.70386	8.30963	
2.68677	8.31604	
2.69501	8.30505	
2.70172	8.30414	
2.68951	8.32336	
2.70233	8.31848	
2.7002	8.31665	
2.69745	8.33099	
2.69806	8.30475	
2.69379	8.31848	
2.69775	8.30933	
2.69257	8.30658	
2.7002	8.28644	
2.69196	8.29224	
2.69897	8.30292	
2.69531	8.29651	
2.69257	8.29651	
2.69989	8.3136	
2.69592	8.31757	
2.68982	8.31787	
2.69836	8.31055	
2.69348	8.31085	
2.69684	8.31665	
2.70721	8.33344	
2.69684	8.3136	
2.69653	8.30292	
2.69836	8.32336	
2.70355	8.31665	
2.69104	8.32642	
2.7002	8.32458	
2.6947	8.31787	
2.70172	8.31879	
2.69043	8.30841	
2.70111	8.30841	
2.69348	8.31635	
2.69409	8.29559	
2.70142	8.32153	
2.68707	8.31635	
2.69135	8.31696	
2.69745	8.30139	
2.69257	8.32245	
2.69836	8.3078	
2.7002	8.3136	
2.6947	8.3078	
2.69836	8.33099	
2.69073	8.32855	
2.70721	8.31726	
2.69623	8.32703	
2.69653	8.31268	
2.69531	8.32855	
2.71027	8.30994	
2.69379	8.32245	
2.69897	8.32153	
2.68677	8.3255	
2.70294	8.33405	
2.69714	8.33099	
2.69379	8.33344	
2.69775	8.33252	
2.68646	8.32367	
2.70203	8.34442	
2.69043	8.32428	
2.70782	8.32428	
2.69745	8.31024	
2.70416	8.32458	
2.68524	8.32275	
2.70203	8.33221	
2.69623	8.32153	
2.6944	8.3139	
2.68982	8.31635	
2.69348	8.33588	
2.69867	8.32947	
2.68921	8.32794	
2.69714	8.31818	
2.69989	8.33221	
2.70142	8.34442	
2.70508	8.34045	
2.68829	8.3432	
2.68555	8.33008	
2.70508	8.31909	
2.69287	8.34778	
2.69653	8.3429	
2.70081	8.34167	
2.69348	8.3429	
2.69165	8.34198	
2.69379	8.3429	
2.70172	8.33679	
2.69653	8.3255	
2.69836	8.32214	
2.69928	8.33038	
2.68097	8.33862	
2.70325	8.3252	
2.69135	8.32825	
2.70325	8.31787	
2.69073	8.30566	
2.6947	8.31818	
2.69104	8.31604	
2.69501	8.31421	
2.69348	8.31116	
2.6944	8.32916	
2.69897	8.30902	
2.68402	8.30963	
2.70111	8.30963	
2.69409	8.30811	
2.70416	8.31848	
2.70233	8.31635	
2.70538	8.32092	
2.6886	8.31268	
2.69257	8.32275	
2.71362	8.33496	
2.69806	8.3078	
2.70447	8.3136	
2.70508	8.30597	
2.69623	8.29742	
2.69257	8.30139	
2.68707	8.32703	
2.70386	8.31879	
2.69562	8.31909	
2.69653	8.30078	
2.69318	8.29346	
2.68738	8.31757	
2.70782	8.30383	
2.70111	8.30597	
2.70203	8.31085	
2.69318	8.30902	
2.69714	8.31757	
2.69806	8.33313	
2.69165	8.31665	
2.69745	8.32275	
2.70081	8.31604	
2.68951	8.32062	
2.71057	8.31635	
2.68982	8.3313	
2.69318	8.3255	
2.7005	8.33344	
2.7005	8.33435	
2.69623	8.32733	
2.70386	8.32092	
2.69287	8.31543	
2.70142	8.31299	
2.70569	8.31482	
2.6889	8.33099	
2.69836	8.31146	
2.69592	8.33557	
2.69409	8.32703	
2.70264	8.33221	
2.6944	8.32336	
2.70447	8.32916	
2.69653	8.32794	
2.69592	8.33435	
2.69745	8.32336	
2.70081	8.33038	
2.69379	8.32184	
2.70203	8.31451	
2.69897	8.31055	
2.68616	8.31787	
2.69012	8.34229	
2.70142	8.3252	
2.69348	8.33679	
2.6886	8.32581	
2.70386	8.33038	
2.69531	8.32886	
2.70569	8.32397	
2.69775	8.33496	
2.69684	8.33252	
2.69135	8.3316	
2.69867	8.33496	
2.69104	8.33008	
2.69501	8.33252	
2.70386	8.3255	
2.69196	8.33344	
2.70813	8.33252	
2.69073	8.3429	
2.70203	8.33405	
2.68768	8.32703	
2.70233	8.32703	
2.6944	8.3252	
2.70172	8.34076	
2.7066	8.33344	
2.69196	8.32733	
2.69867	8.33954	
2.6947	8.34991	
2.69806	8.31543	
2.7002	8.33038	
2.69531	8.33954	
2.70782	8.32794	
2.69012	8.33771	
2.70172	8.35205	
2.67914	8.32733	
2.69379	8.33801	
2.70294	8.32001	
2.69562	8.3255	
2.69714	8.34198	
2.70935	8.32306	
2.69806	8.32947	
2.69562	8.32123	
2.68402	8.33313	
2.69958	8.32764	
2.69897	8.31482	
2.69409	8.34534	
2.69165	8.33862	
2.70538	8.32367	
2.70294	8.35602	
2.69287	8.35022	
2.70508	8.34625	
2.6825	8.34473	
2.69836	8.3548	
2.69836	8.35114	
2.69073	8.3374	
2.68463	8.33405	
2.70203	8.36243	
2.69165	8.36884	
2.69958	8.37128	
2.69257	8.36334	
2.70905	8.35144	
2.68646	8.34808	
2.69928	8.35358	
2.68524	8.35938	
2.7002	8.34686	
2.70172	8.34595	
2.69623	8.34351	
2.69165	8.33405	
2.70508	8.33557	
2.70081	8.32977	
2.68921	8.35693	
2.6947	8.34778	
2.7002	8.36365	
2.70935	8.35419	
2.69348	8.35449	
2.69287	8.3429	
2.70386	8.33649	
2.68829	8.36151	
2.69623	8.3548	
2.6944	8.35907	
2.69562	8.34564	
2.69318	8.33344	
2.70142	8.34259	
2.69836	8.34656	
2.69958	8.32947	
2.70233	8.33191	
2.68677	8.33344	
2.69379	8.33191	
2.7002	8.32764	
2.69836	8.33496	
2.70264	8.34351	
2.7005	8.33069	
2.69257	8.35785	
2.69165	8.3374	
2.69379	8.33679	
2.69623	8.34656	
2.69745	8.34778	
2.71149	8.33893	
2.69287	8.3316	
2.6947	8.33405	
2.69043	8.34503	
2.69897	8.3374	
2.70172	8.33649	
2.69684	8.34198	
2.6947	8.33282	
2.70782	8.32947	
2.6947	8.33344	
2.69623	8.30841	
2.69104	8.31787	
2.69897	8.32642	
2.70081	8.3075	
2.70233	8.32855	
2.69531	8.31879	
2.6889	8.31421	
2.69745	8.32672	
2.70691	8.31268	
2.68829	8.30719	
2.69135	8.31482	
2.69989	8.32428	
2.70172	8.32489	
2.69745	8.33038	
2.69043	8.29407	
2.69409	8.30292	
2.7005	8.31879	
2.68982	8.33405	
2.69684	8.33252	
2.7066	8.30902	
2.69501	8.32275	
2.69257	8.31268	
2.70782	8.33282	
2.70233	8.31085	
2.69196	8.31482	
2.69836	8.32977	
2.70721	8.31909	
2.69073	8.32092	
2.6947	8.33282	
2.70782	8.3197	
2.68982	8.33344	
2.69775	8.32275	
2.70386	8.34991	
2.69653	8.34045	
2.68555	8.33435	
2.68951	8.32977	
2.69684	8.32611	
2.70081	8.33801	
2.69836	8.31635	
2.69196	8.32062	
2.69226	8.31879	
2.69867	8.30963	
2.69714	8.32123	
2.69745	8.31848	
2.68921	8.32977	
2.69897	8.31696	
2.7005	8.31879	
2.69867	8.30322	
2.6944	8.32001	
2.70935	8.30475	
2.69684	8.3316	
2.69318	8.33282	
2.70111	8.33832	
2.69348	8.33618	
2.69165	8.32428	
2.70264	8.32916	
2.70477	8.32916	
2.68433	8.32245	
2.70264	8.32916	
2.70142	8.33313	
2.69592	8.33984	
2.69409	8.32703	
2.70355	8.31482	
2.69165	8.32031	
2.69409	8.3136	
2.70111	8.31787	
2.70111	8.34747	
2.70355	8.31848	
2.69165	8.33405	
2.69867	8.33557	
2.70203	8.32367	
2.69287	8.32184	
2.68829	8.33466	
2.69409	8.33344	
2.69531	8.3429	
2.69531	8.33344	
2.69287	8.35022	
2.68585	8.34869	
2.70264	8.33893	
2.70355	8.33374	
2.70355	8.31909	
2.69531	8.33527	
2.7002	8.32825	
2.69775	8.33771	
2.69287	8.33984	
2.6947	8.3197	
2.69592	8.32581	
2.70844	8.3252	
2.6886	8.32733	
2.69623	8.31879	
2.69714	8.33221	
2.69318	8.31909	
2.69073	8.31757	
2.70325	8.31879	
2.69836	8.32367	
2.68738	8.31238	
2.69073	8.32275	
2.69836	8.31757	
2.69714	8.3432	
2.69379	8.30872	
2.68707	8.31635	
2.70294	8.31757	
2.70294	8.33496	
2.69226	8.32001	
2.69165	8.30811	
2.69867	8.33374	
2.70172	8.32092	
2.70416	8.31116	
2.70294	8.32733	
2.69745	8.31329	
2.68585	8.33649	
2.69684	8.33405	
2.69348	8.32275	
2.70233	8.34503	
2.70081	8.3374	
2.68066	8.3252	
2.69104	8.33038	
2.69226	8.32733	
2.69867	8.31635	
2.69806	8.34167	
2.70264	8.33679	
2.70111	8.3316	
2.69348	8.31421	
2.69073	8.3194	
2.69989	8.32794	
2.69836	8.32855	
2.7002	8.34167	
2.70172	8.33618	
2.69165	8.33038	
2.69135	8.33862	
2.69287	8.32703	
2.69348	8.32672	
2.68372	8.33649	
2.69653	8.33923	
2.6944	8.34351	
2.70142	8.34137	
2.70111	8.3429	
2.68463	8.32397	
2.6889	8.34381	
2.69653	8.32336	
2.70111	8.32947	
2.69562	8.32489	
2.68677	8.32397	
2.69226	8.33527	
2.69958	8.33923	
2.69958	8.33954	
2.69287	8.3255	
2.6947	8.34778	
2.70294	8.32581	
2.69379	8.32886	
2.6947	8.32825	
2.69409	8.32275	
2.7124	8.32306	
2.69012	8.32855	
2.69135	8.33435	
2.69226	8.33466	
2.69409	8.32581	
2.70905	8.32123	
2.70081	8.32672	
2.70111	8.31421	
2.69897	8.33374	
2.69531	8.32306	
2.69836	8.32428	
2.70203	8.32733	
2.69806	8.32031	
2.70142	8.32397	
2.69196	8.33099	
2.68707	8.33191	
2.68951	8.31696	
2.69562	8.33588	
2.69928	8.32214	
2.70386	8.32306	
2.69897	8.32764	
2.69745	8.33374	
2.71088	8.32214	
2.69775	8.32825	
2.68738	8.31207	
2.69196	8.32977	
2.6886	8.32703	
2.68707	8.32764	
2.69257	8.32886	
2.69348	8.32214	
2.69318	8.32214	
2.68677	8.33191	
2.68951	8.3313	
2.6944	8.32672	
2.70294	8.35175	
2.69867	8.33771	
2.6886	8.34778	
2.69318	8.33588	
2.69562	8.32367	
2.70142	8.33252	
2.69287	8.32581	
2.69073	8.32886	
2.69928	8.33069	
2.70508	8.3429	
2.69958	8.33862	
2.69745	8.33099	
2.70844	8.33405	
2.69623	8.32672	
2.69043	8.32794	
2.69348	8.32581	
2.69623	8.3371	
2.70996	8.32458	
2.70081	8.3429	
2.70264	8.34717	
2.70325	8.32245	
2.70294	8.31848	
2.7002	8.3252	
2.70233	8.32001	
2.70813	8.32184	
2.70355	8.32001	
2.69196	8.3197	
2.69196	8.32001	
2.69409	8.32336	
2.68768	8.32855	
2.69562	8.32794	
2.68951	8.33008	
2.7005	8.31421	
2.70416	8.33099	
2.70142	8.32275	
2.69897	8.32184	
2.69897	8.33557	
2.69012	8.32642	
2.70203	8.3197	
2.69958	8.31177	
2.69073	8.31757	
2.69989	8.33771	
2.69196	8.32642	
2.6889	8.30811	
2.69623	8.31909	
2.69287	8.31146	
2.70416	8.31329	
2.69989	8.32947	
2.69287	8.30444	
2.69196	8.32916	
2.69653	8.3255	
2.68555	8.32306	
2.6889	8.31757	
2.69592	8.32306	
2.68921	8.32397	
2.68768	8.32062	
2.70294	8.32581	
2.69623	8.30963	
2.70447	8.31421	
2.70111	8.32367	
2.70111	8.33771	
2.69989	8.33344	
2.69928	8.32336	
2.69257	8.3316	
2.69379	8.32306	
2.69135	8.33374	
2.68921	8.32886	
2.68707	8.33618	
2.6944	8.34686	
2.69928	8.3136	
2.70691	8.33221	
2.69653	8.31451	
2.68799	8.32001	
2.68921	8.31604	
2.69501	8.31757	
2.70142	8.32916	
2.69318	8.31818	
2.68982	8.32977	
2.69623	8.33252	
2.70172	8.33527	
2.69684	8.33984	
2.69867	8.33313	
2.69165	8.32794	
2.69012	8.33588	
2.69135	8.33069	
2.69501	8.31757	
2.69836	8.33313	
2.69226	8.3194	
2.69958	8.30566	
2.71301	8.31055	
2.69653	8.31787	
2.69928	8.32581	
2.69897	8.33344	
2.69897	8.32642	
2.69653	8.32855	
2.69867	8.32794	
2.68799	8.31848	
2.69592	8.32367	
2.70355	8.3313	
2.70386	8.33496	
2.70233	8.33557	
2.69623	8.34167	
2.69836	8.33496	
2.7066	8.32855	
2.70325	8.34442	
2.7005	8.33191	
2.70111	8.32916	
2.7005	8.34412	
2.70447	8.33527	
2.70294	8.34534	
2.70874	8.32672	
2.69043	8.33252	
2.6886	8.32764	
2.69531	8.32855	
2.69928	8.32336	
2.70264	8.34961	
2.69867	8.33313	
2.69073	8.3313	
2.69562	8.33984	
2.69043	8.3429	
2.69836	8.33557	
2.70111	8.3371	
2.70477	8.34442	
2.70142	8.34381	
2.70172	8.3432	
2.7002	8.33954	
2.70203	8.34259	
2.7002	8.34717	
2.69836	8.33496	
2.70508	8.34045	
2.70599	8.3252	
2.69958	8.32794	
2.69714	8.32825	
2.69562	8.31573	
2.69043	8.31604	
2.69104	8.32001	
2.69318	8.34473	
2.69409	8.34198	
2.6889	8.32428	
2.69257	8.32825	
2.69135	8.34473	
2.69562	8.35083	
2.69257	8.3316	
2.69073	8.33252	
2.69135	8.33405	
2.69318	8.33496	
2.69409	8.34839	
2.69226	8.34351	
2.70447	8.34351	
2.70325	8.32397	
2.69501	8.3429	
2.7002	8.34076	
2.70172	8.3374	
2.69836	8.34503	
2.69562	8.33038	
2.70447	8.34717	
2.70721	8.34076	
2.6947	8.34595	
2.69989	8.33282	
2.70172	8.32794	
2.70386	8.34351	
2.69653	8.33191	
2.71515	8.3551	
2.70172	8.33466	
2.70294	8.34167	
2.69775	8.34015	
2.69165	8.33588	
2.68646	8.3316	
2.69165	8.3432	
2.68829	8.33344	
2.69653	8.33466	
2.69104	8.34015	
2.69562	8.33893	
2.69653	8.33588	
2.70844	8.3313	
2.70325	8.34534	
2.70142	8.33862	
2.70264	8.35144	
2.70294	8.33832	
2.70203	8.35297	
2.70081	8.32397	
2.70691	8.3197	
2.69379	8.32794	
2.69348	8.33405	
2.69531	8.35175	
2.69562	8.34259	
2.69592	8.36243	
2.69012	8.32703	
2.68585	8.32642	
2.6947	8.31116	
2.68768	8.32031	
2.69348	8.30811	
2.68982	8.29956	
2.68646	8.32458	
2.69409	8.31696	
2.71271	8.33954	
2.70691	8.30292	
2.69073	8.29773	
2.69135	8.3017	
2.69531	8.30872	
2.70111	8.3197	
2.70203	8.31604	
2.69348	8.30902	
2.69287	8.30719	
2.68372	8.29926	
2.69531	8.31085	
2.70905	8.31085	
2.70172	8.31268	
2.70508	8.31207	
2.69958	8.30353	
2.69562	8.3078	
2.69806	8.30566	
2.6944	8.29468	
2.68951	8.30292	
2.69379	8.3017	
2.68951	8.3139	
2.70142	8.29773	
2.69989	8.30109	
2.70508	8.29803	
2.69653	8.29102	
2.69287	8.29834	
2.69379	8.30658	
2.68219	8.30444	
2.69257	8.29742	
2.69775	8.30109	
2.69104	8.31482	
2.7002	8.29803	
2.70172	8.29346	
2.70508	8.30719	
2.70264	8.29834	
2.69897	8.30963	
2.71576	8.3136	
2.69928	8.32306	
2.70538	8.32611	
2.69684	8.31329	
2.69379	8.31726	
2.69562	8.31848	
2.69409	8.29987	
2.70081	8.33344	
2.69928	8.30597	
2.70844	8.32794	
2.70416	8.32703	
2.7002	8.31146	
2.69501	8.33191	
2.69409	8.31818	
2.69287	8.31177	
2.69073	8.32428	
2.68494	8.32611	
2.69745	8.30658	
2.70721	8.31818	
2.6889	8.3139	
2.69043	8.31421	
2.6947	8.31329	
2.6947	8.31329	
2.69318	8.31848	
2.70508	8.3197	
2.70325	8.30536	
2.70294	8.31635	
2.70172	8.31146	
2.69836	8.30872	
2.69348	8.30383	
2.69073	8.28186	
2.69012	8.29865	
2.69318	8.29376	
2.69501	8.29041	
2.70355	8.29529	
2.6947	8.302	
2.69928	8.29651	
2.69684	8.29803	
2.69653	8.31329	
2.69806	8.30872	
2.69958	8.31055	
2.6947	8.32123	
2.6889	8.30078	
2.6944	8.30994	
2.70142	8.30811	
2.69196	8.29132	
2.68555	8.28766	
2.70447	8.30322	
2.70996	8.30078	
2.70691	8.3075	
2.68585	8.30444	
2.69012	8.30933	
2.69653	8.32123	
2.70325	8.31696	
2.70294	8.31696	
2.69867	8.31635	
2.70447	8.33252	
2.7121	8.33527	
2.70294	8.32123	
2.69501	8.30353	
2.69196	8.3078	
2.69073	8.30322	
2.69104	8.3136	
2.69043	8.30872	
2.68768	8.32306	
2.69958	8.31879	
2.69257	8.32245	
2.6947	8.31635	
2.69867	8.32336	
2.70264	8.31055	
2.70233	8.3078	
2.69958	8.31787	
2.70081	8.3139	
2.70691	8.30994	
2.70447	8.30872	
2.7005	8.3316	
2.70172	8.3252	
2.7002	8.31146	
2.7066	8.32428	
2.69379	8.32062	
2.6947	8.30994	
2.69989	8.33099	
2.69775	8.30719	
2.70752	8.32062	
2.69135	8.30566	
2.69592	8.31696	
2.69836	8.31635	
2.69348	8.31177	
2.7005	8.32153	
2.69836	8.32367	
2.70172	8.30139	
2.7066	8.31543	
2.70508	8.31268	
2.69318	8.30994	
2.69501	8.32947	
2.7002	8.30231	
2.70081	8.31635	
2.69775	8.32275	
2.6944	8.31421	
2.69073	8.32001	
2.68463	8.31268	
2.69714	8.30872	
2.7124	8.31635	
2.70569	8.32184	
2.7002	8.30597	
2.7005	8.30292	
2.69165	8.29712	
2.69226	8.28461	
2.69104	8.31421	
2.69867	8.3313	
2.70111	8.32336	
2.70203	8.30231	
2.69928	8.29895	
2.69104	8.3017	
2.6944	8.2959	
2.70264	8.30872	
2.69928	8.29773	
2.70416	8.30475	
2.69623	8.29315	
2.7002	8.30597	
2.70172	8.30933	
2.69928	8.29315	
2.69226	8.30902	
2.69012	8.30231	
2.70081	8.28156	
2.70355	8.28735	
2.69379	8.27179	
2.68982	8.28552	
2.69836	8.29742	
2.6889	8.30109	
2.69104	8.3194	
2.70599	8.31055	
2.69989	8.30475	
2.7005	8.31604	
2.69928	8.30322	
2.6889	8.32367	
2.69257	8.31665	
2.69318	8.31207	
2.70721	8.31879	
2.69531	8.31787	
2.69775	8.3078	
2.6886	8.31696	
2.70386	8.31177	
2.69684	8.30841	
2.69196	8.29956	
2.69714	8.30902	
2.69867	8.31146	
2.69287	8.31268	
2.69714	8.3136	
2.70233	8.31665	
2.70447	8.31726	
2.6947	8.32367	
2.69104	8.31055	
2.6828	8.30994	
2.69379	8.3136	
2.70477	8.30566	
2.70325	8.31757	
2.70294	8.30872	
2.69531	8.31421	
2.6889	8.31207	
2.69714	8.32306	
2.70233	8.30139	
2.69257	8.32672	
2.70111	8.32245	
2.70233	8.32245	
2.70081	8.30414	
2.71179	8.31299	
2.69196	8.32062	
2.70996	8.31665	
2.70508	8.32825	
2.68951	8.31207	
2.69012	8.3316	
2.70172	8.31696	
2.70172	8.33862	
2.70233	8.32642	
2.69836	8.33466	
2.69196	8.31329	
2.68585	8.31635	
2.69287	8.32947	
2.70874	8.3017	
2.70172	8.32672	
2.69318	8.31787	
2.69897	8.30536	
2.69104	8.31329	
2.69684	8.32642	
2.69958	8.31726	
2.69684	8.31329	
2.69928	8.31818	
2.70477	8.30963	
2.69135	8.31116	
2.70966	8.30383	
2.69684	8.31024	
2.69531	8.30688	
2.69714	8.31207	
2.69775	8.28308	
2.69775	8.28735	
2.7005	8.28461	
2.70416	8.29895	
2.69531	8.29742	
2.69531	8.284	
2.70508	8.29193	
2.70355	8.28613	
2.69165	8.29559	
2.68341	8.30231	
2.69257	8.28857	
2.69775	8.29651	
2.70081	8.29498	
2.7005	8.31085	
2.68768	8.31177	
2.69135	8.32092	
2.69775	8.31146	
2.69135	8.32825	
2.69165	8.32916	
2.69623	8.32764	
2.70172	8.31177	
2.6944	8.31635	
2.68097	8.3139	
2.69196	8.30597	
2.70935	8.32367	
2.70081	8.30719	
2.68799	8.32245	
2.69287	8.32916	
2.70294	8.32825	
2.69379	8.32855	
2.69989	8.32458	
2.69989	8.32947	
2.69012	8.31268	
2.69501	8.30322	
2.69806	8.31085	
2.69501	8.31482	
2.69165	8.30994	
2.68219	8.29987	
2.70142	8.32031	
2.7066	8.30688	
2.70233	8.31635	
2.69196	8.31055	
2.69897	8.302	
2.70081	8.3139	
2.69226	8.31085	
2.69196	8.30841	
2.6944	8.30505	
2.70081	8.30048	
2.69348	8.30719	
2.69989	8.30292	
2.7002	8.29956	
2.69501	8.31177	
2.69775	8.29803	
2.68585	8.31421	
2.6947	8.30811	
2.69867	8.31268	
2.70874	8.30231	
2.69562	8.32397	
2.68829	8.30109	
2.69165	8.30841	
2.70172	8.30109	
2.70172	8.31329	
2.68707	8.31635	
2.7002	8.3075	
2.7002	8.31573	
2.69104	8.31329	
2.69592	8.31848	
2.69958	8.33069	
2.69287	8.32703	
2.69257	8.33099	
2.69348	8.33588	
2.68768	8.33557	
2.70081	8.32672	
2.69958	8.32245	
2.69928	8.31512	
2.6944	8.32153	
2.70325	8.31543	
2.70081	8.30322	
2.6889	8.32428	
2.69379	8.31055	
2.69135	8.29681	
2.69928	8.28094	
2.68951	8.30261	
2.69897	8.30566	
2.69501	8.3078	
2.6886	8.29987	
2.70325	8.29407	
2.6944	8.32275	
2.69257	8.30688	
2.69745	8.31268	
2.69867	8.30933	
2.7005	8.30597	
2.69348	8.28339	
2.69104	8.30841	
2.70905	8.28918	
2.70416	8.30048	
2.69104	8.3017	
2.68677	8.3078	
2.69958	8.29193	
2.69836	8.3078	
2.69043	8.29681	
2.69318	8.31451	
2.69684	8.30231	
2.70477	8.30902	
2.69592	8.30872	
2.68982	8.30292	
2.69562	8.31299	
2.70844	8.29681	
2.7066	8.31512	
2.69196	8.3139	
2.68616	8.29681	
2.69653	8.30841	
2.70325	8.30994	
2.69836	8.31268	
2.69196	8.3136	
2.7005	8.32397	
2.70081	8.31696	
2.69226	8.33435	
2.6944	8.32092	
2.70172	8.30566	
2.70782	8.32855	
2.70172	8.31268	
2.69073	8.31879	
2.68982	8.30658	
2.70142	8.32275	
2.69836	8.30841	
2.69196	8.3136	
2.69684	8.31024	
2.70203	8.31116	
2.70386	8.2962	
2.69318	8.28766	
2.69348	8.29224	
2.69592	8.29254	
2.68921	8.28918	
2.69196	8.284	
2.69257	8.32001	
2.69165	8.29102	
2.69562	8.29926	
2.69867	8.28583	
2.69196	8.3194	
2.69165	8.31207	
2.70447	8.32031	
2.69836	8.3139	
2.69287	8.29102	
2.69562	8.30261	
2.7005	8.31116	
2.70416	8.29865	
2.69562	8.29834	
2.69073	8.30597	
2.69501	8.30688	
2.7005	8.29742	
2.69775	8.31207	
2.69165	8.3017	
2.69531	8.29742	
2.69623	8.29895	
2.69592	8.29712	
2.69684	8.31299	
2.70691	8.3017	
2.70203	8.29346	
2.69623	8.3017	
2.68646	8.31238	
2.71027	8.31573	
2.69958	8.31268	
2.69104	8.29834	
2.70355	8.31329	
2.68951	8.31482	
2.69867	8.32336	
2.69348	8.32764	
2.69165	8.32611	
2.69897	8.31848	
2.69104	8.32306	
2.69684	8.32184	
2.70081	8.31909	
2.6889	8.33496	
2.69531	8.32062	
2.69958	8.32245	
2.69562	8.31116	
2.68799	8.32581	
2.68982	8.32642	
2.69501	8.302	
2.68494	8.30231	
2.69684	8.30841	
2.69257	8.32123	
2.69104	8.30841	
2.70935	8.31055	
2.69684	8.30231	
2.69073	8.33252	
2.66754	8.30536	
2.52625	8.30933	
2.2049	8.34137	
1.77765	8.36121	
1.33789	8.37341	
0.962524	8.41888	
0.67749	8.47412	
0.469971	8.5321	
0.314026	8.57483	
0.216064	8.61084	
0.133667	8.6676	
0.100708	8.68958	
0.0585938	8.6853	
0.0335693	8.70361	
0.0314331	8.70178	
0.00579834	8.71246	
0.0106812	8.7149	
0.00183105	8.72131	
-0.00946045	8.73993	
-0.00610352	8.72864	
0.00671387	8.74054	
0.000915527	8.73718	
0.0100708	8.73047	
0.000915527	8.7381	
-0.00823975	8.73199	
-0.0134277	8.73779	
0.00183105	8.72345	
-0.00946045	8.74603	
-0.0106812	8.75244	
-0.00335693	8.75397	
-0.00793457	8.72955	
0.00213623	8.74512	
-0.00793457	8.7442	
-0.00640869	8.75	
-0.000305176	8.74939	
-0.00610352	8.74115	
-0.00366211	8.76465	
-0.000305176	8.76648	
-0.00671387	8.75458	
0.00427246	8.7442	
-0.00854492	8.74878	
-0.000610352	8.74481	
-0.00335693	8.74329	
-0.00823975	8.74237	
-0.000610352	8.75031	
0.00579834	8.73962	
-0.00823975	8.75244	
0.00823975	8.73505	
0.00427246	8.74695	
-0.0106812	8.74176	
-0.000915527	8.73871	
-0.00213623	8.73871	
-0.00579834	8.7439	
0.000610352	8.74329	
-0.0128174	8.75153	
0.000305176	8.74176	
-0.00366211	8.74359	
-0.00823975	8.71307	
-0.00213623	8.73718	
0.00549316	8.72528	
-0.00701904	8.73718	
0.000305176	8.74939	
-0.00640869	8.7439	
0.00213623	8.74176	
-0.00732422	8.74237	
-0.00762939	8.72894	
0.00335693	8.74969	
-0.00335693	8.72894	
-0.00152588	8.7442	
-0.00732422	8.75244	
-0.00244141	8.74512	
-0.00152588	8.72528	
-0.0143433	8.72498	
-0.00732422	8.75122	
0.0100708	8.73291	
0.00183105	8.72589	
-0.00457764	8.73688	
0.00488281	8.72772	
-0.0125122	8.74054	
-0.00366211	8.74176	
-0.00946045	8.73932	
-0.0115967	8.74023	
-0.000915527	8.74268	
-0.00946045	8.75275	
0.0012207	8.73596	
-0.00488281	8.75092	
0.00335693	8.74664	
-0.00854492	8.75061	
0.000610352	8.74512	
-0.00152588	8.74603	
-0.00579834	8.73932	
-0.00488281	8.72314	
-0.00274658	8.73505	
-0.000305176	8.74725	
-0.0109863	8.73657	
0.0012207	8.73657	
-0.00671387	8.72498	
-0.00549316	8.73138	
-0.00183105	8.71765	
-0.00732422	8.74451	
-0.00335693	8.73749	
0.00213623	8.7323	
-0.0112915	8.72528	
0.00244141	8.72101	
-0.00457764	8.73566	
-0.0128174	8.7265	
-0.00854492	8.73077	
-0.0143433	8.72742	
-0.00488281	8.71246	
-0.0088501	8.73535	
-0.00213623	8.73596	
0.000305176	8.72681	
-0.00823975	8.73627	
0.00244141	8.73291	
-0.00274658	8.72803	
0.000610352	8.72955	
-0.000305176	8.72681	
-0.00762939	8.72284	
-0.00610352	8.71216	
0.0012207	8.72711	
-0.00823975	8.72681	
0.000305176	8.72345	
-0.00701904	8.73962	
-0.00274658	8.74695	
0.000915527	8.74847	
-0.00366211	8.75214	
0.000610352	8.74268	
0.0012207	8.74725	
-0.00274658	8.73993	
-0.00183105	8.73535	
-0.00183105	8.74512	
-0.00579834	8.76495	
-0.00305176	8.75092	
-0.00915527	8.74786	
-0.00213623	8.74359	
-0.00549316	8.73962	
-0.00427246	8.73962	
-0.00183105	8.75275	
-0.00946045	8.73901	
0.00213623	8.75	
-0.0112915	8.74756	
0	8.73993	
0.000305176	8.74237	
-0.00610352	8.74329	
-0.00915527	8.73505	
0.0012207	8.7442	
-0.0119019	8.74359	
0.00183105	8.72375	
-0.0100708	8.74298	
0.00213623	8.74664	
-0.00305176	8.73047	
-0.00213623	8.72498	
-0.000610352	8.73596	
-0.010376	8.72589	
-0.00213623	8.7207	
-0.00671387	8.72192	
-0.000610352	8.73444	
-0.00213623	8.73383	
0.000915527	8.72833	
0	8.73169	
0.000915527	8.72559	
-0.0088501	8.72284	
-0.000305176	8.72742	
-0.010376	8.74298	
-0.00335693	8.73718	
-0.00823975	8.74939	
-0.00274658	8.7439	
-0.000305176	8.73169	
-0.0128174	8.7381	
0.00244141	8.72498	
-0.0112915	8.72101	
0.000610352	8.7384	
-0.0012207	8.74451	
0.00427246	8.73779	
0.000305176	8.73474	
-0.00213623	8.74268	
0.00152588	8.74634	
-0.00244141	8.75214	
-0.00549316	8.74084	
-0.000305176	8.74603	
0.00701904	8.74176	
-0.00457764	8.73383	
0.00579834	8.7384	
-0.00152588	8.75092	
-0.00701904	8.72955	
0.000915527	8.73474	
-0.00610352	8.72986	
0.0012207	8.75153	
0.00823975	8.75092	
-0.000610352	8.75336	
0.0088501	8.75641	
-0.00701904	8.75458	
0.00579834	8.75305	
-0.00854492	8.75916	
0.00366211	8.76556	
-0.00976562	8.76587	
0.0112915	8.75549	
-0.0109863	8.73871	
0.00305176	8.73535	
-0.00946045	8.75366	
0.00213623	8.73749	
-0.00640869	8.74298	
0.0146484	8.74786	
-0.00823975	8.75092	
0.00640869	8.73779	
0.00457764	8.74146	
-0.00762939	8.73322	
0.00427246	8.7561	
-0.00915527	8.73932	
-0.000915527	8.72803	
-0.00427246	8.72253	
-0.000610352	8.71613	
0.000610352	8.72131	
-0.010376	8.73505	
-0.00366211	8.73047	
-0.0140381	8.74817	
-0.00671387	8.73749	
-0.00640869	8.72681	
-0.00152588	8.74573	
-0.00610352	8.74084	
-0.00793457	8.73199	
0.00335693	8.72742	
-0.00244141	8.74268	
-0.00244141	8.7381	
0.00640869	8.74329	
-0.0134277	8.7384	
0.00915527	8.7439	
-0.010376	8.72925	
0.00274658	8.74939	
0.00213623	8.75366	
-0.0128174	8.76038	
-0.000915527	8.75336	
-0.0137329	8.74878	
-0.00488281	8.75519	
0.00671387	8.74481	
-0.00457764	8.75427	
0.00579834	8.73444	
-0.00610352	8.74603	
0.00213623	8.74878	
-0.00823975	8.76099	
-0.00549316	8.73627	
0.00640869	8.75	
-0.00701904	8.74084	
-0.000915527	8.77228	
-0.00549316	8.74969	
0.00274658	8.75519	
-0.00579834	8.7442	
0.00183105	8.75336	
-0.00457764	8.74908	
-0.0012207	8.74451	
0.0012207	8.74603	
-0.00701904	8.74847	
0.0012207	8.74786	
-0.00457764	8.75397	
-0.00427246	8.75793	
0.000305176	8.76312	
-0.00976562	8.76373	
-0.000305176	8.74847	
-0.0106812	8.7616	
-0.00579834	8.75885	
-0.00274658	8.74664	
-0.0109863	8.75977	
-0.00701904	8.75366	
-0.00427246	8.75244	
-0.00701904	8.76587	
0.0112915	8.7793	
-0.00915527	8.77319	
0.00976562	8.77075	
-0.0106812	8.74908	
-0.00823975	8.75366	
-0.00854492	8.74817	
0.000915527	8.75702	
-0.00762939	8.7561	
-0.0192261	8.76007	
0.00244141	8.74786	
-0.00976562	8.76343	
-0.00793457	8.74725	
-0.0119019	8.73657	
-0.00579834	8.75732	
-0.0234985	8.74695	
-0.00274658	8.74054	
-0.00213623	8.73352	
-0.00518799	8.7326	
-0.00366211	8.73444	
0.000305176	8.73962	
-0.0088501	8.74146	
-0.00762939	8.74725	
-0.00244141	8.73871	
-0.00610352	8.7323	
-0.0161743	8.74695	
-0.00793457	8.75061	
0.000610352	8.73871	
-0.0183105	8.7439	
0.00183105	8.75366	
-0.00671387	8.72864	
-0.00579834	8.74573	
-0.00518799	8.73047	
0.00213623	8.75153	
-0.00671387	8.74023	
-0.012207	8.73322	
-0.00366211	8.73108	
-0.00213623	8.74634	
-0.0088501	8.75153	
0.00274658	8.75671	
-0.0128174	8.75153	
0	8.75031	
0	8.74634	
-0.0119019	8.74817	
-0.000305176	8.75122	
-0.00640869	8.75366	
0.00274658	8.75397	
-0.00396729	8.74664	
0.000305176	8.75336	
-0.00152588	8.76007	
-0.0149536	8.75397	
-0.0088501	8.78418	
-0.00183105	8.77014	
0.00366211	8.75641	
-0.00274658	8.75092	
-0.0106812	8.77045	
0.00183105	8.76343	
-0.00823975	8.76617	
-0.00244141	8.76953	
0.00213623	8.75305	
-0.0115967	8.76526	
0.000305176	8.7854	
-0.00305176	8.75824	
-0.00793457	8.75397	
0.00488281	8.77075	
0.00762939	8.76129	
-0.00793457	8.75488	
-0.0177002	8.74634	
-0.00854492	8.76007	
-0.000305176	8.7558	
-0.00854492	8.75549	
-0.00396729	8.76312	
0.00244141	8.74969	
-0.00518799	8.74603	
-0.0100708	8.76007	
0.00183105	8.76617	
0.000915527	8.76373	
-0.0088501	8.75519	
-0.0125122	8.7677	
-0.000305176	8.75519	
-0.00854492	8.75183	
-0.00183105	8.75061	
0.0100708	8.75763	
-0.00274658	8.75305	
-0.00213623	8.75946	
-0.00183105	8.74451	
-0.0183105	8.74969	
0.000915527	8.76373	
-0.00915527	8.74695	
-0.0109863	8.74969	
-0.00335693	8.72681	
-0.00732422	8.75275	
-0.00244141	8.74512	
0.00427246	8.75641	
0.000305176	8.76282	
-0.00610352	8.75427	
-0.00732422	8.73871	
0.000305176	8.73901	
-0.010376	8.74542	
-0.000610352	8.74268	
-0.00854492	8.73535	
-0.012207	8.74207	
-0.00183105	8.75153	
0.00671387	8.75244	
-0.00946045	8.7561	
0.00793457	8.74359	
-0.00457764	8.73657	
-0.0167847	8.72742	
-0.00488281	8.74908	
0.00244141	8.74207	
-0.000915527	8.74908	
-0.00640869	8.74115	
-0.00976562	8.74084	
-0.0210571	8.73871	
-0.00488281	8.72986	
-0.012207	8.73138	
-0.00396729	8.73535	
0.00610352	8.74115	
0.0012207	8.73688	
-0.00366211	8.73627	
0.00213623	8.74146	
-0.00152588	8.75	
-0.0152588	8.76007	
-0.00854492	8.7558	
-0.00335693	8.74878	
0.00305176	8.74756	
-0.00274658	8.75641	
0.000610352	8.75763	
-0.000610352	8.75763	
-0.00823975	8.76038	
-0.00366211	8.76648	
0.00152588	8.75244	
-0.00946045	8.73596	
-0.00701904	8.7439	
0.0012207	8.7381	
0.0119019	8.74084	
-0.0100708	8.72772	
-0.00183105	8.73993	
-0.00427246	8.73871	
-0.00671387	8.73535	
-0.00793457	8.73444	
-0.00274658	8.72894	
-0.00305176	8.7323	
-0.00366211	8.73871	
-0.00915527	8.72894	
0.00213623	8.73138	
-0.00823975	8.74603	
-0.00793457	8.73779	
0.00366211	8.73352	
-0.00946045	8.73199	
-0.0115967	8.74146	
0.00671387	8.7326	
0.00793457	8.73383	
-0.00915527	8.7442	
0.00305176	8.73779	
-0.00671387	8.71002	
-0.00335693	8.71887	
-0.00183105	8.7384	
-0.0170898	8.71948	
-0.00518799	8.71765	
0.00213623	8.71796	
-0.00701904	8.72253	
-0.0012207	8.72498	
0.0012207	8.72864	
-0.00823975	8.73138	
-0.00579834	8.75061	
-0.000915527	8.74359	
-0.0088501	8.74817	
-0.00732422	8.74512	
-0.00701904	8.7439	
-0.00213623	8.7381	
-0.00640869	8.73749	
-0.00457764	8.72467	
-0.00213623	8.73383	
-0.00335693	8.73444	
-0.00335693	8.7561	
-0.000610352	8.74176	
-0.00396729	8.74542	
0.000610352	8.7326	
0.00213623	8.73596	
-0.00732422	8.73322	
-0.0115967	8.73322	
-0.0109863	8.75427	
0.00183105	8.75214	
0.0112915	8.7323	
-0.000305176	8.75488	
-0.000305176	8.73016	
-0.00366211	8.74756	
-0.00976562	8.73077	
-0.00488281	8.73749	
0	8.73932	
-0.00274658	8.75488	
-0.00457764	8.74268	
0.0012207	8.73413	
-0.0112915	8.7442	
-0.0192261	8.74969	
-0.00610352	8.7381	
0.00305176	8.73566	
-0.00183105	8.74359	
-0.00518799	8.74878	
-0.0115967	8.74908	
0.00183105	8.74603	
0.00366211	8.73779	
-0.00579834	8.73932	
-0.00762939	8.73779	
0.00152588	8.72925	
-0.00671387	8.72314	
-0.00274658	8.72589	
0.00976562	8.7207	
-0.00427246	8.72345	
-0.000915527	8.7265	
-0.00305176	8.72528	
-0.0158691	8.71674	
-0.00274658	8.72162	
-0.00488281	8.72406	
-0.00183105	8.73657	
0.00152588	8.73077	
0.00640869	8.71674	
-0.0140381	8.72437	
-0.0128174	8.74786	
-0.00579834	8.71735	
0.00305176	8.72803	
-0.0088501	8.72559	
-0.00457764	8.73291	
-0.00732422	8.73199	
0.00396729	8.73688	
-0.00579834	8.7442	
-0.00213623	8.74146	
-0.00244141	8.74634	
0.000915527	8.73657	
-0.00671387	8.76038	
-0.00152588	8.76404	
0.00762939	8.74634	
-0.0140381	8.76495	
-0.0119019	8.74908	
0.00305176	8.7561	
-0.00488281	8.74542	
-0.00213623	8.73596	
0.00640869	8.74207	
-0.00335693	8.74512	
-0.00305176	8.7558	
-0.00488281	8.75	
-0.00366211	8.75275	
0.000305176	8.7619	
-0.00823975	8.75549	
-0.00854492	8.7442	
-0.00823975	8.7326	
0.00274658	8.73657	
0.00305176	8.73413	
-0.00946045	8.73932	
-0.015564	8.74451	
-0.00335693	8.72864	
0.000610352	8.73352	
-0.00274658	8.75458	
-0.012207	8.75427	
-0.00518799	8.75092	
-0.00701904	8.74908	
0.00213623	8.77228	
-0.00701904	8.75214	
-0.00274658	8.76221	
0.0134277	8.75397	
-0.00305176	8.74817	
-0.0161743	8.74146	
0.000305176	8.75824	
-0.00305176	8.74908	
-0.00549316	8.73657	
-0.00579834	8.74115	
0.00183105	8.73932	
-0.00335693	8.74268	
-0.00976562	8.7384	
-0.010376	8.75275	
-0.0100708	8.73383	
-0.00549316	8.7323	
0.00640869	8.73291	
-0.000305176	8.74481	
-0.00610352	8.73383	
-0.0112915	8.74817	
-0.00488281	8.75427	
-0.00366211	8.74725	
-0.000305176	8.75519	
0.00152588	8.74634	
-0.0088501	8.7326	
-0.00823975	8.75244	
0.000610352	8.74329	
0.00854492	8.76099	
-0.00305176	8.73108	
0.000610352	8.75916	
-0.000610352	8.73413	
-0.0115967	8.74725	
-0.0088501	8.73291	
-0.00183105	8.73688	
0.00244141	8.73169	
0.00335693	8.75122	
0.000305176	8.75641	
-0.00854492	8.75305	
0.00213623	8.7381	
0.00305176	8.73627	
-0.00457764	8.76526	
0.00549316	8.75916	
0.00427246	8.75702	
0.00183105	8.74786	
0.000305176	8.74817	
-0.00183105	8.75183	
-0.00701904	8.75397	
-0.0106812	8.73657	
-0.0012207	8.75092	
-0.00457764	8.73779	
-0.010376	8.74481	
-0.00732422	8.74268	
-0.00152588	8.73718	
0.00915527	8.73474	
-0.00579834	8.74878	
-0.0125122	8.74573	
-0.00488281	8.74207	
0.00518799	8.74115	
-0.00335693	8.73535	
-0.00427246	8.73352	
-0.010376	8.73444	
0.0012207	8.73474	
-0.00366211	8.72345	
0.0012207	8.73199	
-0.00518799	8.75763	
-0.00244141	8.73169	
0.0112915	8.75	
-0.00549316	8.73413	
-0.0106812	8.72681	
-0.00335693	8.74237	
-0.000305176	8.75854	
-0.00732422	8.75854	
-0.00305176	8.74939	
0.00274658	8.74542	
-0.00213623	8.75427	
-0.0112915	8.74023	
-0.000305176	8.75183	
-0.00671387	8.74878	
-0.0131226	8.76312	
-0.00152588	8.74176	
0.00427246	8.74481	
0.00946045	8.74847	
-0.00854492	8.75031	
-0.00915527	8.74542	
-0.00701904	8.75153	
0.00152588	8.75641	
0.00244141	8.76282	
-0.0012207	8.74481	
-0.00579834	8.75244	
-0.0106812	8.75214	
-0.00823975	8.7619	
0.00579834	8.73688	
0.0100708	8.75488	
0	8.74573	
-0.00976562	8.75671	
-0.00976562	8.7326	
0.00274658	8.7619	
0.00213623	8.76068	
-0.00549316	8.7326	
-0.00305176	8.75977	
0.000305176	8.75366	
0.0012207	8.76648	
-0.00610352	8.77228	
-0.00762939	8.7674	
0.000610352	8.77106	
0.00976562	8.75092	
-0.010376	8.76465	
-0.0146484	8.75336	
-0.00854492	8.76556	
-0.00732422	8.76831	
-0.00793457	8.76038	
-0.00671387	8.77319	
-0.00335693	8.78113	
-0.00335693	8.76251	
0.00213623	8.75885	
-0.00671387	8.77106	
-0.00396729	8.7854	
-0.00244141	8.78632	
-0.000610352	8.76984	
0.00152588	8.77441	
0.00274658	8.75793	
-0.00183105	8.75244	
-0.00976562	8.77716	
-0.00946045	8.77228	
0.00335693	8.7735	
-0.00335693	8.77472	
-0.012207	8.76831	
-0.00701904	8.77502	
-0.00244141	8.77991	
-0.0088501	8.7677	
-0.0012207	8.75214	
-0.00610352	8.75366	
-0.00762939	8.76831	
-0.00366211	8.77869	
-0.0088501	8.77991	
-0.0106812	8.79913	
0.000915527	8.76862	
0.00396729	8.75916	
-0.00915527	8.76556	
-0.0012207	8.75885	
-0.0125122	8.76007	
-0.00854492	8.74512	
-0.00579834	8.77625	
-0.00854492	8.76923	
-0.000915527	8.7558	
0.0012207	8.75183	
-0.00152588	8.77441	
-0.00213623	8.7677	
0.00213623	8.76099	
-0.00213623	8.77441	
-0.012207	8.7561	
0.000305176	8.77289	
0.00396729	8.73505	
-0.000610352	8.75732	
-0.00274658	8.75854	
0	8.74786	
0.00671387	8.7442	
-0.00457764	8.74695	
-0.0158691	8.75366	
-0.00488281	8.75305	
-0.00335693	8.7442	
-0.00427246	8.73566	
-0.00183105	8.75153	
-0.00244141	8.74512	
0.0012207	8.75397	
0.000305176	8.75214	
-0.00427246	8.75824	
-0.012207	8.75549	
-0.000915527	8.75519	
-0.0170898	8.74542	
-0.00549316	8.75153	
-0.00640869	8.75763	
-0.00732422	8.74023	
-0.000610352	8.76465	
0.00305176	8.75793	
-0.000610352	8.7561	
-0.00793457	8.7616	
0.00152588	8.76373	
0.00823975	8.76312	
-0.00976562	8.74573	
-0.0106812	8.76678	
-0.00396729	8.76343	
0.000610352	8.75122	
-0.000610352	8.75275	
-0.00732422	8.74786	
-0.0112915	8.74603	
-0.00305176	8.76282	
0.00152588	8.75946	
-0.00579834	8.7735	
-0.0125122	8.76678	
-0.00366211	8.74878	
-0.00488281	8.74847	
-0.00213623	8.75549	
0	8.7677	
0.00244141	8.76282	
-0.00732422	8.75824	
-0.00976562	8.75885	
-0.0088501	8.7677	
-0.0115967	8.76068	
-0.0134277	8.75427	
0.00946045	8.75488	
-0.00488281	8.75793	
-0.00335693	8.74908	
-0.00274658	8.75519	
-0.00793457	8.74023	
-0.00152588	8.74359	
-0.00488281	8.74817	
0.00152588	8.73322	
-0.00793457	8.74695	
-0.00274658	8.74451	
-0.00427246	8.72955	
0.00732422	8.74634	
-0.0012207	8.7384	
-0.0152588	8.74817	
-0.00366211	8.74969	
-0.00946045	8.75305	
-0.00213623	8.75092	
-0.00640869	8.73627	
0.000915527	8.73688	
0.00274658	8.74664	
-0.00549316	8.72955	
-0.0088501	8.73566	
-0.00976562	8.72437	
-0.00213623	8.74237	
0.0125122	8.73383	
-0.00823975	8.72925	
-0.0137329	8.73138	
-0.00335693	8.71796	
-0.00671387	8.7381	
-0.00183105	8.7381	
0.00518799	8.74054	
0.000610352	8.76831	
-0.00335693	8.77319	
-0.00457764	8.75854	
0.00305176	8.76099	
0.0100708	8.75732	
-0.00335693	8.74847	
0.00701904	8.75458	
-0.00335693	8.75793	
-0.0106812	8.74146	
-0.0131226	8.76099	
-0.00915527	8.75793	
-0.0109863	8.75	
-0.0088501	8.74847	
-0.00366211	8.75824	
-0.00946045	8.75824	
-0.00457764	8.7561	
-0.00213623	8.76221	
0.00152588	8.76648	
0.00366211	8.76953	
0.00183105	8.77777	
-0.010376	8.74969	
-0.00427246	8.75458	
-0.00152588	8.75671	
0.00335693	8.75854	
-0.0115967	8.7558	
-0.000915527	8.74573	
-0.00793457	8.74268	
0.0012207	8.74084	
-0.00976562	8.72986	
-0.0137329	8.73077	
-0.00854492	8.74573	
-0.00457764	8.74329	
-0.00549316	8.73566	
0.000915527	8.75336	
0.00244141	8.74451	
-0.00183105	8.73535	
-0.00457764	8.74268	
-0.00823975	8.76404	
-0.00701904	8.75336	
0.00457764	8.74512	
0.00732422	8.74908	
0.00213623	8.75061	
-0.0158691	8.76404	
-0.00152588	8.7558	
-0.00183105	8.76984	
-0.0115967	8.75549	
-0.00305176	8.75031	
0.00274658	8.7619	
0.00213623	8.75458	
0.00976562	8.74634	
-0.00915527	8.75702	
-0.00610352	8.75275	
-0.012207	8.7558	
-0.00396729	8.75061	
-0.00213623	8.76251	
0.00213623	8.76434	
0.00152588	8.75549	
0.00152588	8.75458	
0.00396729	8.75824	
-0.00701904	8.75061	
-0.000610352	8.76556	
-0.00396729	8.74847	
-0.00946045	8.7561	
-0.00793457	8.74146	
-0.00976562	8.75366	
-0.010376	8.75671	
-0.00732422	8.75854	
-0.00823975	8.75183	
-0.00366211	8.75214	
-0.00976562	8.75336	
-0.0106812	8.7561	
-0.00366211	8.76648	
-0.00396729	8.75671	
-0.000610352	8.76465	
0.00915527	8.77045	
0.00152588	8.75122	
-0.00610352	8.7619	
0.00457764	8.76251	
-0.00671387	8.7793	
-0.0131226	8.77411	
-0.0112915	8.74603	
-0.00823975	8.7442	
-0.0106812	8.75397	
-0.0140381	8.75122	
-0.0100708	8.7619	
-0.00915527	8.75854	
-0.0109863	8.77075	
0.000305176	8.76312	
-0.00244141	8.76404	
-0.000610352	8.74847	
0.00213623	8.75366	
-0.00762939	8.76038	
