-0.00640869	8.75702	
-0.00671387	8.74847	
-0.00335693	8.75885	
0.00183105	8.7558	
-0.0106812	8.76221	
-0.00579834	8.76678	
0.0106812	8.76007	
-0.00488281	8.75885	
-0.0012207	8.76068	
-0.00213623	8.76221	
-0.00366211	8.76373	
0.00305176	8.75366	
-0.00793457	8.75244	
0.00732422	8.75458	
-0.012207	8.76862	
-0.00457764	8.76801	
0.00762939	8.76984	
-0.00854492	8.78479	
0.00488281	8.75305	
-0.00671387	8.76923	
0.00488281	8.7677	
0.000305176	8.77197	
0.00701904	8.77563	
0.00732422	8.77625	
-0.00427246	8.7796	
0.00244141	8.7793	
-0.00640869	8.77472	
0.00701904	8.7796	
-0.00213623	8.76678	
-0.000915527	8.76495	
0.00793457	8.77533	
-0.00244141	8.76282	
0.00183105	8.76648	
-0.00213623	8.7796	
-0.00854492	8.77594	
0.00457764	8.77838	
-0.00488281	8.76648	
0.00762939	8.77747	
0.00274658	8.77533	
-0.0109863	8.78021	
0.00579834	8.7851	
-0.00549316	8.77319	
0.00823975	8.78326	
-0.00457764	8.77655	
0.00671387	8.77808	
-0.00671387	8.79028	
0.00274658	8.78448	
0.00457764	8.78571	
-0.00701904	8.78601	
0.00335693	8.7915	
-0.00305176	8.79089	
0.00579834	8.79517	
0.00152588	8.79608	
-0.00579834	8.79517	
0.00518799	8.78265	
-0.00793457	8.7851	
0.0106812	8.78418	
-0.00213623	8.77106	
0.00427246	8.77289	
-0.00701904	8.77258	
0.00518799	8.77441	
-0.00366211	8.77686	
0.00427246	8.77319	
-0.00396729	8.7851	
0.00183105	8.77655	
-0.00152588	8.78235	
0.00488281	8.76923	
0.00427246	8.77869	
-0.000610352	8.79333	
0.00457764	8.77777	
-0.0140381	8.79089	
0.00396729	8.78052	
-0.00183105	8.79242	
0.000915527	8.7854	
-0.00274658	8.77808	
0.00457764	8.77563	
-0.00488281	8.77716	
0.00213623	8.79059	
0.00305176	8.77441	
0.000610352	8.7793	
-0.00366211	8.78204	
0	8.78082	
-0.00671387	8.78662	
0.00610352	8.76007	
-0.00640869	8.75763	
0.00488281	8.75671	
-0.00396729	8.75854	
0.00396729	8.7558	
-0.00793457	8.75793	
0.00305176	8.76923	
-0.00946045	8.76221	
-0.00213623	8.75336	
-0.00518799	8.7674	
0.010376	8.75916	
0.00305176	8.75854	
-0.00549316	8.7796	
0.0158691	8.7796	
-0.00335693	8.75854	
0.00396729	8.78235	
-0.00671387	8.76801	
-0.00244141	8.76526	
-0.000915527	8.7677	
0.00183105	8.76221	
0.000305176	8.76312	
-0.00152588	8.77014	
0.00305176	8.76556	
-0.00366211	8.76343	
0.00732422	8.77289	
-0.0109863	8.75977	
-0.00701904	8.75977	
0.00610352	8.75122	
-0.0119019	8.75854	
0.0012207	8.76465	
0.00549316	8.76373	
0.00152588	8.76862	
0.0012207	8.7793	
-0.00213623	8.78418	
-0.000915527	8.77838	
-0.00274658	8.77106	
-0.0109863	8.77106	
0.00549316	8.77808	
-0.000610352	8.78082	
0.00549316	8.76892	
-0.00213623	8.76038	
0.00671387	8.76434	
0.00915527	8.7738	
0.00488281	8.77014	
-0.000915527	8.7677	
0.0161743	8.75397	
-0.00244141	8.76953	
0.00305176	8.75366	
-0.00366211	8.77014	
0.00244141	8.76831	
-0.000610352	8.77563	
-0.00671387	8.78296	
0.00335693	8.78204	
-0.00152588	8.80341	
0.00579834	8.77747	
-0.00579834	8.797	
0.00549316	8.75763	
-0.00152588	8.76953	
0.00793457	8.76801	
-0.000915527	8.76831	
0.00152588	8.77441	
-0.000915527	8.76801	
-0.010376	8.77411	
-0.00274658	8.77167	
0.0112915	8.76038	
-0.00579834	8.7677	
0.000305176	8.76129	
0.00518799	8.76678	
-0.00701904	8.7677	
0.00671387	8.76556	
-0.00152588	8.76495	
0.00854492	8.77502	
-0.00335693	8.7677	
0.00244141	8.76465	
0.0161743	8.76648	
-0.00671387	8.77441	
0.00549316	8.75824	
-0.00427246	8.77441	
0	8.77258	
-0.00762939	8.77747	
-0.00640869	8.77655	
0.00244141	8.76617	
-0.000915527	8.7674	
-0.00366211	8.76556	
0.00488281	8.76068	
0.00488281	8.7793	
-0.0088501	8.76862	
0.00610352	8.76129	
-0.00640869	8.75153	
0.00701904	8.76801	
0.00762939	8.77472	
0.00915527	8.76831	
-0.00183105	8.76343	
0	8.77197	
-0.00701904	8.76984	
0.00213623	8.76465	
-0.00488281	8.76068	
-0.00610352	8.76556	
0.00213623	8.77045	
0.00640869	8.77991	
-0.00335693	8.78479	
0.00305176	8.7738	
-0.00793457	8.77014	
0.00152588	8.77808	
-0.00671387	8.78204	
0.00732422	8.7854	
0.0088501	8.78021	
-0.00427246	8.77472	
0.0012207	8.78021	
-0.00305176	8.77594	
0.0012207	8.77472	
0.00610352	8.78052	
-0.00244141	8.79028	
0.000610352	8.77228	
-0.00213623	8.78693	
0	8.77441	
0.00183105	8.79028	
-0.00305176	8.77655	
0	8.77228	
-0.00793457	8.78632	
0.010376	8.76465	
-0.0106812	8.76373	
0.00762939	8.75549	
-0.00457764	8.77716	
-0.00823975	8.77625	
-0.00213623	8.76984	
0.00549316	8.7851	
-0.00915527	8.78723	
0.00488281	8.78204	
-0.00640869	8.77716	
0.00335693	8.77472	
-0.00274658	8.77869	
-0.000610352	8.78021	
0.00701904	8.78815	
-0.0106812	8.78723	
0.00396729	8.79456	
-0.00366211	8.79364	
-0.0088501	8.78418	
0.00640869	8.78265	
-0.000915527	8.76343	
-0.00457764	8.77533	
0.0119019	8.76923	
0.00457764	8.77136	
0.0109863	8.77441	
0.00305176	8.77441	
-0.0100708	8.76373	
0.0088501	8.77228	
-0.00549316	8.76984	
0.00335693	8.79059	
-0.00213623	8.78052	
-0.00640869	8.78174	
0.00793457	8.77533	
0.00976562	8.76587	
-0.00152588	8.76892	
0.0100708	8.77258	
-0.00854492	8.77441	
-0.00396729	8.77136	
0.00305176	8.76312	
-0.00457764	8.7677	
-0.00457764	8.76465	
0.000915527	8.75702	
0.00701904	8.7738	
-0.00488281	8.76587	
0.00518799	8.78204	
0.0152588	8.77869	
-0.00152588	8.76831	
0.00213623	8.76862	
0.0131226	8.7619	
0.000610352	8.76587	
-0.00457764	8.76587	
-0.00213623	8.75	
0.00549316	8.75336	
-0.00366211	8.75641	
-0.00671387	8.75641	
0.00518799	8.76495	
-0.00518799	8.75763	
0.0119019	8.76221	
0.00427246	8.7616	
0.00335693	8.76648	
-0.0012207	8.7616	
-0.00579834	8.76007	
0.00396729	8.77441	
-0.00762939	8.77472	
-0.00762939	8.76831	
0.00366211	8.7561	
0.00823975	8.75244	
-0.00427246	8.75061	
0.00427246	8.77228	
0.00244141	8.76038	
-0.00335693	8.75458	
0.00457764	8.76556	
0.0125122	8.76099	
-0.00488281	8.77014	
0.00335693	8.74786	
0.0131226	8.76251	
-0.000305176	8.77289	
-0.00854492	8.75854	
0.000915527	8.75977	
0.00488281	8.75824	
-0.000915527	8.7616	
-0.00305176	8.74878	
0.00610352	8.76678	
0.000610352	8.7561	
-0.00518799	8.76007	
0.00274658	8.75916	
-0.00518799	8.76068	
0.0100708	8.74878	
0.00793457	8.75305	
0.00396729	8.75854	
-0.0137329	8.74298	
0.00610352	8.74634	
-0.00518799	8.74115	
-0.010376	8.75	
0.00244141	8.74664	
0.00579834	8.75427	
-0.0115967	8.75122	
-0.000610352	8.73901	
0.00793457	8.7442	
-0.00762939	8.73749	
-0.00823975	8.75763	
0.00366211	8.74115	
-0.00152588	8.74146	
-0.00671387	8.74207	
-0.0012207	8.74542	
0.00244141	8.74359	
0.00640869	8.73718	
0.00213623	8.75	
0.00152588	8.74908	
-0.00823975	8.75763	
0.00213623	8.75122	
-0.00152588	8.75122	
-0.00335693	8.74908	
0	8.75031	
0.00274658	8.77045	
-0.00793457	8.76007	
-0.00610352	8.75183	
0.00762939	8.77106	
0.00701904	8.74786	
-0.000915527	8.74542	
0.000305176	8.76678	
0.0149536	8.75183	
0.00305176	8.74451	
0	8.72833	
0.00701904	8.74054	
0.00396729	8.75671	
-0.0012207	8.75	
-0.0140381	8.76007	
-0.00610352	8.75916	
0.0012207	8.76434	
0.00183105	8.75793	
0.00701904	8.76373	
-0.00549316	8.75183	
0.0012207	8.75427	
0.00549316	8.74146	
0	8.7439	
-0.00152588	8.7439	
-0.00183105	8.74023	
-0.00274658	8.73108	
0.00640869	8.73535	
0.00671387	8.73169	
-0.00640869	8.74054	
0.00427246	8.74146	
-0.00183105	8.73566	
-0.00488281	8.74817	
-0.00701904	8.74176	
0.00183105	8.73932	
0.00732422	8.73962	
0.00366211	8.74756	
-0.00976562	8.73444	
0.00640869	8.7384	
0.00549316	8.74176	
-0.0088501	8.73962	
0.00579834	8.74786	
0.0012207	8.74542	
-0.0131226	8.73657	
-0.00640869	8.72253	
-0.000610352	8.73566	
0.00366211	8.73383	
0.00427246	8.75061	
-0.00427246	8.73535	
-0.00244141	8.75305	
-0.00640869	8.7442	
-0.00610352	8.74817	
0.00427246	8.75488	
0.0109863	8.74573	
0.00457764	8.74847	
-0.00854492	8.74329	
-0.00732422	8.74725	
-0.00640869	8.76556	
-0.00244141	8.73749	
-0.00366211	8.74939	
0.00640869	8.74786	
-0.00976562	8.74481	
0.00335693	8.75763	
0.00244141	8.74542	
-0.0088501	8.7558	
-0.00976562	8.75824	
0.00244141	8.75275	
0.00213623	8.75275	
0.00274658	8.75275	
0.0140381	8.7439	
0.00274658	8.75671	
-0.00701904	8.75183	
-0.0088501	8.75519	
-0.00213623	8.75671	
0.0088501	8.74725	
0.00213623	8.75183	
-0.00427246	8.74695	
0.00427246	8.75763	
0.00762939	8.75061	
0.00396729	8.75305	
-0.00366211	8.74939	
-0.00488281	8.75183	
0.00366211	8.76984	
0.00549316	8.76984	
0.00152588	8.76251	
0.00427246	8.75793	
0.000305176	8.77228	
0.00396729	8.76678	
0.00518799	8.76892	
0.00579834	8.76801	
0.00213623	8.7674	
-0.00671387	8.77441	
-0.00762939	8.75397	
0.00305176	8.76038	
0.00732422	8.74512	
-0.00488281	8.75977	
0.00274658	8.77563	
0.00671387	8.76648	
-0.00274658	8.74786	
-0.000915527	8.76373	
0.00549316	8.74207	
0.00701904	8.74451	
-0.00335693	8.7381	
-0.00335693	8.75549	
-0.00488281	8.74359	
-0.000305176	8.74634	
0.000305176	8.72589	
0.00701904	8.74329	
-0.00610352	8.7442	
-0.010376	8.73657	
0.0088501	8.72925	
0.00396729	8.74084	
-0.00274658	8.72864	
-0.00640869	8.73413	
0.00152588	8.75214	
0.00579834	8.74146	
0.00701904	8.74481	
-0.000305176	8.74847	
0.00335693	8.7561	
-0.00244141	8.74695	
-0.000305176	8.74054	
-0.00701904	8.73566	
0.00244141	8.74359	
0.00701904	8.73596	
-0.00732422	8.73169	
-0.0088501	8.74054	
0.00640869	8.73291	
0.00152588	8.75275	
0.00396729	8.75763	
0.00305176	8.73138	
0.00640869	8.7439	
-0.00183105	8.74847	
-0.0137329	8.75732	
-0.010376	8.75214	
-0.00457764	8.73962	
-0.00335693	8.74939	
-0.000915527	8.74084	
-0.00610352	8.7561	
-0.00946045	8.74939	
0.00488281	8.75671	
-0.00457764	8.74329	
-0.00244141	8.74573	
-0.00579834	8.7561	
0.00244141	8.75397	
-0.00579834	8.75427	
-0.0012207	8.76801	
0.0012207	8.74207	
0.00244141	8.71948	
0.00396729	8.75366	
0	8.75397	
-0.00671387	8.75671	
-0.00213623	8.75427	
0.000915527	8.75977	
0.00518799	8.75214	
-0.00854492	8.75336	
-0.000305176	8.75732	
-0.00488281	8.76984	
-0.00457764	8.74023	
-0.00396729	8.75031	
-0.00366211	8.7558	
0.00213623	8.76495	
0.00610352	8.76068	
0.00457764	8.7558	
0.00305176	8.74634	
0.0131226	8.75397	
-0.00427246	8.7561	
-0.00732422	8.76129	
-0.00335693	8.75092	
-0.000610352	8.76312	
0.00274658	8.75427	
-0.00640869	8.75214	
-0.010376	8.75366	
-0.00457764	8.75671	
-0.00457764	8.75488	
-0.00457764	8.75183	
-0.00762939	8.75092	
0.0012207	8.75214	
0.0088501	8.74634	
0.00976562	8.76343	
0.00488281	8.76038	
0.000915527	8.75092	
-0.000610352	8.76526	
0.00335693	8.75153	
-0.00396729	8.76953	
-0.00274658	8.77594	
-0.00762939	8.77472	
0.00518799	8.78082	
0.00396729	8.7851	
0.00579834	8.77716	
-0.00213623	8.77686	
-0.0149536	8.78571	
-0.00366211	8.77411	
0.000305176	8.77594	
0.00335693	8.76373	
0.00671387	8.77014	
-0.000915527	8.76709	
-0.00396729	8.77014	
-0.00671387	8.76953	
-0.00732422	8.77594	
0.00762939	8.75397	
0.00244141	8.76587	
-0.00183105	8.77838	
-0.00457764	8.78235	
-0.00457764	8.77441	
-0.00274658	8.78937	
-0.00488281	8.77502	
0.00457764	8.77472	
0.0119019	8.78296	
0.00549316	8.76556	
-0.00640869	8.77594	
-0.000305176	8.7735	
-0.00396729	8.77075	
0.00518799	8.79303	
0.00579834	8.77838	
-0.00152588	8.79486	
-0.000610352	8.78357	
-0.00274658	8.79028	
0.0112915	8.80981	
-0.00335693	8.79608	
0.00213623	8.78387	
0.00671387	8.7796	
-0.00396729	8.77991	
-0.00793457	8.78052	
-0.0012207	8.79395	
0.00457764	8.79303	
0.00274658	8.79272	
0.00610352	8.80035	
0.000610352	8.78754	
-0.00213623	8.79272	
-0.00244141	8.80157	
-0.00915527	8.77808	
0.00427246	8.78204	
-0.00549316	8.79364	
-0.00305176	8.78998	
-0.00244141	8.77686	
0.00305176	8.79852	
0.0115967	8.79456	
-0.00274658	8.79486	
-0.00396729	8.80463	
0.00518799	8.78632	
-0.0012207	8.80157	
-0.00671387	8.79242	
-0.00396729	8.79639	
0.000305176	8.79791	
0.00671387	8.7915	
0.00793457	8.79486	
0.000610352	8.79913	
-0.00701904	8.78815	
-0.00396729	8.79456	
-0.00823975	8.78876	
-0.00549316	8.79089	
-0.00488281	8.79028	
-0.00366211	8.79425	
0.000610352	8.78601	
0.00549316	8.80219	
0.00701904	8.79272	
0.00274658	8.80157	
-0.00610352	8.80035	
-0.00335693	8.78906	
-0.00701904	8.77991	
0.00305176	8.77716	
0	8.78754	
-0.010376	8.78723	
0	8.79456	
0.00488281	8.79974	
0.00976562	8.78876	
0.00335693	8.78784	
-0.000305176	8.78845	
-0.00946045	8.78357	
-0.00579834	8.78448	
-0.00610352	8.79608	
-0.00396729	8.7912	
-0.00488281	8.76923	
-0.00244141	8.76007	
-0.00457764	8.76831	
0.00457764	8.77075	
-0.00152588	8.76801	
0.00274658	8.7735	
-0.00213623	8.76617	
-0.00183105	8.76465	
0.00366211	8.77747	
0.00610352	8.76495	
0.0149536	8.77686	
-0.00305176	8.77441	
-0.00610352	8.77716	
-0.0119019	8.77777	
-0.00152588	8.76984	
0.00305176	8.77411	
-0.00549316	8.77655	
-0.000915527	8.78387	
0.00305176	8.79303	
0	8.78448	
-0.00183105	8.77167	
-0.00488281	8.7738	
-0.00274658	8.76068	
-0.0143433	8.76587	
-0.00488281	8.77808	
-0.00640869	8.78448	
-0.00274658	8.77319	
0.00946045	8.77319	
0.00396729	8.76617	
-0.00579834	8.76556	
0.00366211	8.76587	
0.00549316	8.7561	
0.00274658	8.76404	
-0.00396729	8.75824	
-0.00701904	8.76373	
-0.00732422	8.77197	
-0.00366211	8.76312	
-0.00396729	8.77258	
-0.000610352	8.76007	
0.00518799	8.75763	
0.0106812	8.76892	
0.00213623	8.75885	
0.00335693	8.75793	
0.00396729	8.78021	
0.00152588	8.76953	
-0.0012207	8.77106	
0.00640869	8.78082	
0.0143433	8.78937	
-0.000610352	8.79303	
-0.00305176	8.78998	
-0.0119019	8.79425	
0.00213623	8.79974	
0.00305176	8.80402	
0.00152588	8.79456	
0.00488281	8.80493	
0.00274658	8.79028	
-0.00244141	8.80707	
-0.00793457	8.79181	
-0.00488281	8.78235	
0.00427246	8.78357	
-0.0119019	8.78479	
-0.00549316	8.78784	
0.00305176	8.77319	
0.00640869	8.77502	
-0.000915527	8.77228	
-0.00701904	8.78845	
-0.00671387	8.78723	
-0.00366211	8.78082	
-0.00457764	8.7738	
0.00518799	8.76526	
0.0131226	8.77167	
0.00640869	8.77899	
0.00518799	8.77869	
0.00427246	8.7796	
0.00610352	8.76617	
-0.00579834	8.77991	
0.00213623	8.7793	
-0.00579834	8.7619	
-0.00244141	8.75397	
-0.00610352	8.78693	
0.00701904	8.76709	
0.00518799	8.77319	
0.000610352	8.76648	
-0.00732422	8.76862	
-0.00518799	8.75549	
-0.00823975	8.77441	
-0.00427246	8.77106	
0.00213623	8.76923	
-0.000915527	8.77411	
-0.00579834	8.77319	
-0.000305176	8.7674	
-0.00152588	8.76953	
-0.000305176	8.7854	
0.0128174	8.77502	
0.00488281	8.77228	
-0.00335693	8.78113	
-0.0125122	8.78845	
-0.00579834	8.76526	
-0.00823975	8.78052	
0.00457764	8.76587	
0.00457764	8.75763	
-0.00793457	8.76068	
-0.00213623	8.75916	
0.00427246	8.7738	
-0.00762939	8.77075	
0.00183105	8.77167	
0.0146484	8.77106	
-0.0112915	8.77533	
-0.00183105	8.75977	
-0.00274658	8.76862	
0.00457764	8.76068	
0.0115967	8.77441	
-0.00579834	8.77167	
-0.00640869	8.76984	
0	8.76892	
-0.000305176	8.76251	
0.00671387	8.77319	
0.00183105	8.76465	
0.00274658	8.7793	
0.0012207	8.77319	
0.00366211	8.77228	
-0.00152588	8.77045	
-0.00244141	8.77289	
-0.00640869	8.77869	
-0.00762939	8.77228	
-0.00335693	8.76129	
-0.00549316	8.7439	
-0.000305176	8.7616	
0.00183105	8.76282	
0.0134277	8.76434	
0.00427246	8.76648	
-0.00518799	8.76556	
-0.00610352	8.76617	
-0.00274658	8.76007	
-0.00335693	8.76526	
-0.00244141	8.76587	
-0.00762939	8.76465	
-0.00152588	8.77045	
0.00671387	8.77319	
0.0131226	8.77991	
0.000305176	8.78845	
-0.00915527	8.77991	
-0.00762939	8.78387	
0.00183105	8.7912	
0.00823975	8.78845	
0.00518799	8.78082	
0.00183105	8.79303	
0.000610352	8.77441	
0.00152588	8.78876	
0.0100708	8.78052	
0.00793457	8.79517	
-0.00671387	8.77045	
-0.0112915	8.78479	
-0.0088501	8.78357	
-0.00640869	8.7735	
-0.00152588	8.78571	
0.00244141	8.76862	
0.00335693	8.76953	
0.0012207	8.77655	
0.0128174	8.7677	
0.00549316	8.77838	
-0.00213623	8.7793	
-0.0100708	8.77563	
0.00305176	8.79181	
0.000305176	8.77106	
-0.00366211	8.77472	
-0.00213623	8.77228	
0.00488281	8.76678	
0.00457764	8.78052	
0.00701904	8.77777	
-0.00213623	8.76953	
-0.00335693	8.77838	
-0.012207	8.78174	
0.00213623	8.7851	
0.00183105	8.77472	
-0.0134277	8.77594	
-0.00427246	8.77594	
-0.00640869	8.78265	
-0.00396729	8.76831	
0.00549316	8.78113	
0.00518799	8.77594	
0.00183105	8.75854	
0.00427246	8.78143	
0.000610352	8.77594	
-0.00671387	8.76617	
-0.00152588	8.78265	
-0.00488281	8.7851	
0.00701904	8.78967	
0.00396729	8.78021	
0.00762939	8.78021	
-0.00366211	8.77167	
-0.000915527	8.7674	
-0.000610352	8.77197	
0.0012207	8.77075	
-0.00213623	8.78601	
-0.012207	8.76923	
-0.00457764	8.77991	
-0.00732422	8.76404	
0	8.77533	
0.0137329	8.7619	
-0.00244141	8.7738	
-0.00762939	8.77594	
-0.00579834	8.76587	
-0.00671387	8.77777	
-0.012207	8.76984	
-0.00457764	8.77441	
-0.00701904	8.78052	
-0.00610352	8.77899	
-0.00946045	8.78357	
-0.00976562	8.7735	
-0.00457764	8.77472	
-0.00427246	8.77167	
-0.00335693	8.78204	
0.00305176	8.77869	
0.00457764	8.76953	
0.00183105	8.78967	
0.00640869	8.78601	
0.00671387	8.77014	
0.00579834	8.78448	
-0.00244141	8.79425	
0.00701904	8.78845	
0.00152588	8.78998	
0.000305176	8.78632	
0.0112915	8.77716	
-0.00396729	8.77716	
-0.00701904	8.77472	
-0.00946045	8.78723	
-0.0088501	8.78235	
-0.00396729	8.78815	
-0.00457764	8.77594	
0.000915527	8.79272	
-0.00457764	8.77625	
0.00274658	8.79333	
0.00335693	8.77808	
0.00549316	8.7677	
0.00549316	8.79456	
0.00427246	8.76892	
0.00396729	8.77686	
0.00274658	8.78479	
0.000915527	8.76953	
-0.00152588	8.78021	
-0.00396729	8.76495	
-0.00793457	8.76953	
-0.00457764	8.77991	
0.00396729	8.77655	
0.00732422	8.77411	
0.00640869	8.79761	
0.00183105	8.77747	
-0.00457764	8.77808	
-0.00671387	8.76373	
-0.00976562	8.7677	
-0.00213623	8.77014	
-0.00274658	8.77075	
0.000915527	8.76678	
0.00457764	8.77014	
0.000305176	8.78448	
-0.0115967	8.77167	
-0.00671387	8.7854	
-0.00213623	8.77991	
-0.00335693	8.77869	
0.00488281	8.78052	
0.00183105	8.78693	
-0.00335693	8.76221	
-0.00701904	8.78876	
-0.00366211	8.78113	
-0.00579834	8.78876	
0.00244141	8.77747	
0.00671387	8.79913	
0.00213623	8.78174	
-0.00549316	8.77899	
-0.00244141	8.77197	
-0.00549316	8.76953	
-0.00640869	8.78143	
0.00152588	8.78479	
0.000915527	8.79181	
-0.000915527	8.78815	
-0.000305176	8.77472	
-0.00274658	8.78113	
-0.00518799	8.79028	
-0.0100708	8.79028	
0.000305176	8.78754	
0.00274658	8.78143	
0	8.77258	
0.00701904	8.7735	
0.00152588	8.77716	
-0.00823975	8.7738	
-0.00457764	8.78082	
-0.00579834	8.78052	
0.00427246	8.7619	
0.00213623	8.76038	
0.00488281	8.76282	
0.00457764	8.7674	
-0.00152588	8.79242	
0.00915527	8.78479	
-0.00366211	8.78632	
-0.00518799	8.78418	
-0.0128174	8.78723	
-0.0109863	8.77716	
0.000610352	8.78235	
-0.00915527	8.79211	
-0.000915527	8.77991	
-0.00366211	8.76678	
-0.0012207	8.79456	
0.00274658	8.78662	
-0.00152588	8.75427	
0.0109863	8.77991	
-0.00457764	8.77625	
-0.00671387	8.77289	
-0.00732422	8.77441	
-0.00488281	8.7793	
0.00793457	8.76923	
0.00183105	8.78021	
0.000915527	8.78235	
0.00762939	8.7619	
0.00274658	8.75427	
0	8.77655	
0.00244141	8.77838	
0.0106812	8.78754	
-0.0012207	8.77686	
0.00396729	8.7973	
0.00152588	8.78357	
0.00671387	8.78845	
-0.000305176	8.78937	
0.00244141	8.78571	
0.0088501	8.79852	
0.00274658	8.797	
0.00274658	8.79791	
0.00488281	8.78845	
0.00335693	8.79333	
-0.00427246	8.77716	
0.00488281	8.78601	
-0.00946045	8.79822	
-0.00335693	8.80066	
-0.00335693	8.80127	
0.00152588	8.79608	
-0.00427246	8.78998	
-0.0119019	8.79669	
-0.00335693	8.77411	
-0.000610352	8.80615	
-0.00213623	8.80127	
0.00305176	8.79211	
0.00579834	8.79639	
-0.00213623	8.78662	
-0.0012207	8.78082	
-0.0125122	8.77838	
-0.00671387	8.77258	
0.00152588	8.77655	
-0.00457764	8.78357	
0.00701904	8.7561	
-0.00671387	8.78754	
0.00305176	8.79456	
0.00427246	8.78143	
0.00549316	8.77106	
0.00335693	8.76709	
0.00823975	8.76984	
0.0140381	8.7796	
0.00213623	8.77838	
-0.0012207	8.77502	
-0.00915527	8.78082	
0.00213623	8.77258	
-0.00854492	8.77502	
-0.00457764	8.76099	
0.0012207	8.76404	
0.00427246	8.76587	
0.00579834	8.7674	
0.00274658	8.75854	
0.00244141	8.75427	
0.00579834	8.75732	
0.0137329	8.75549	
0.00701904	8.75	
-0.00213623	8.76984	
0.00946045	8.75519	
-0.00152588	8.75885	
-0.00640869	8.75092	
-0.0012207	8.75824	
0.00427246	8.76068	
0.0131226	8.74878	
0.00335693	8.75549	
0.00854492	8.76221	
-0.000915527	8.75885	
-0.000305176	8.75854	
-0.000610352	8.74329	
0.00518799	8.74969	
0.0137329	8.7619	
0.00396729	8.75214	
-0.00915527	8.74176	
-0.0112915	8.75305	
-0.00610352	8.75916	
0.00335693	8.74878	
0.00518799	8.74084	
0.00579834	8.75122	
0.00457764	8.7616	
0.00976562	8.75793	
0.0012207	8.76556	
-0.00183105	8.76343	
-0.00183105	8.75641	
-0.00396729	8.76343	
0.00305176	8.76556	
0.00762939	8.75824	
0.00762939	8.75702	
0.00762939	8.75061	
0.00366211	8.76251	
0.00488281	8.74786	
0.000610352	8.76343	
0.0195312	8.7616	
0.00518799	8.76465	
-0.00335693	8.7796	
-0.0088501	8.7735	
0.00457764	8.77411	
0.00305176	8.76617	
0.00366211	8.76831	
0.0115967	8.75305	
0.00335693	8.76068	
-0.000915527	8.75244	
-0.00183105	8.75641	
-0.0106812	8.76312	
-0.00396729	8.7674	
0.00579834	8.76068	
0.0146484	8.75641	
0.00488281	8.76129	
0.00549316	8.76984	
0.00732422	8.75702	
-0.00854492	8.76373	
-0.00488281	8.75977	
0.00335693	8.76831	
0.00671387	8.76678	
-0.000915527	8.76312	
-0.0100708	8.77686	
-0.0115967	8.78021	
-0.00640869	8.78662	
-0.00579834	8.77899	
0.00366211	8.77441	
0.00305176	8.78021	
-0.00305176	8.77075	
0.00701904	8.76465	
0.0115967	8.76526	
-0.00610352	8.78082	
-0.000915527	8.7796	
-0.00366211	8.77319	
-0.00793457	8.75763	
0.00152588	8.76556	
-0.00305176	8.76434	
0.0112915	8.7735	
-0.00640869	8.76678	
-0.00213623	8.77625	
-0.00274658	8.74634	
-0.00305176	8.76038	
-0.00457764	8.76068	
0.00152588	8.77441	
0.00396729	8.76556	
0.00274658	8.77319	
0.0088501	8.75366	
0.0012207	8.74603	
0.0222778	8.75427	
-0.00762939	8.75824	
0.00183105	8.75183	
-0.00579834	8.75885	
0.00152588	8.75854	
0.00701904	8.75	
0.00549316	8.75519	
0.00305176	8.77289	
0.00518799	8.7619	
-0.00915527	8.74329	
0.0109863	8.75244	
0.00427246	8.74908	
-0.00274658	8.76007	
0.00946045	8.75793	
-0.00152588	8.77167	
-0.000610352	8.76282	
0.00518799	8.76526	
0.0088501	8.76587	
-0.00274658	8.75488	
-0.00488281	8.76068	
-0.00946045	8.7677	
0.00213623	8.75885	
-0.00579834	8.75427	
-0.00274658	8.75153	
-0.00183105	8.76892	
-0.00579834	8.75977	
-0.00915527	8.75275	
-0.00762939	8.75793	
-0.00732422	8.74969	
0.000915527	8.74603	
0.00579834	8.75397	
0.0134277	8.74817	
0.00366211	8.74969	
0.00244141	8.76129	
0.00274658	8.74786	
0.00701904	8.74207	
0.00457764	8.76404	
0.00396729	8.7616	
-0.00305176	8.75366	
-0.00152588	8.75427	
-0.00366211	8.76587	
-0.00305176	8.76831	
-0.00762939	8.76862	
0.00213623	8.7619	
0.00305176	8.76801	
0.00366211	8.76953	
-0.000305176	8.7558	
0.00793457	8.75793	
0.00579834	8.76221	
0.00213623	8.76129	
-0.00335693	8.75366	
0.00579834	8.74756	
0.000610352	8.75641	
0.00366211	8.75793	
0.00305176	8.7619	
0.0125122	8.73322	
0.00762939	8.72833	
-0.00610352	8.75305	
-0.0161743	8.75061	
-0.0012207	8.74359	
-0.00640869	8.76373	
-0.00335693	8.75275	
-0.0109863	8.75031	
-0.00549316	8.74634	
-0.000610352	8.74481	
-0.012207	8.74176	
-0.00366211	8.75671	
-0.00640869	8.7561	
-0.00335693	8.75854	
-0.00488281	8.76831	
-0.00366211	8.75732	
-0.00762939	8.76587	
-0.0109863	8.77045	
0.00244141	8.76312	
0.00579834	8.75549	
-0.000915527	8.76587	
0.000915527	8.75641	
0.000305176	8.75671	
0.0012207	8.7616	
0.00183105	8.75671	
-0.00335693	8.75702	
-0.00274658	8.75061	
-0.00610352	8.75732	
0.00610352	8.75366	
-0.0012207	8.75061	
0.00213623	8.7439	
0.00427246	8.74207	
-0.00854492	8.74481	
-0.00823975	8.74176	
-0.00274658	8.75793	
0.0134277	8.75641	
0.00518799	8.75641	
0.00213623	8.75549	
-0.00152588	8.75	
0.000305176	8.74512	
-0.00244141	8.75549	
-0.0088501	8.75732	
-0.00671387	8.76404	
-0.000915527	8.75031	
-0.00244141	8.74298	
-0.0012207	8.74023	
-0.00549316	8.75427	
-0.00457764	8.75244	
-0.00244141	8.74237	
-0.0131226	8.74634	
-0.00427246	8.75427	
-0.00549316	8.74969	
-0.000610352	8.7381	
0.00305176	8.75488	
-0.00671387	8.74664	
-0.00610352	8.75977	
-0.0161743	8.75916	
-0.00701904	8.74786	
0.00762939	8.74725	
0.00213623	8.76343	
0.00366211	8.75305	
-0.000610352	8.75214	
-0.00183105	8.74908	
-0.00366211	8.74634	
0.00396729	8.74023	
-0.00457764	8.74146	
-0.000915527	8.74512	
0.000915527	8.74634	
0.00274658	8.74176	
0.00152588	8.75702	
0.00854492	8.76923	
0.00488281	8.74603	
0.00671387	8.75427	
-0.000610352	8.73932	
0.00854492	8.75244	
0.000305176	8.74634	
-0.00274658	8.76129	
-0.00335693	8.76312	
-0.00488281	8.76007	
-0.00274658	8.76831	
0.00213623	8.76526	
0.000610352	8.74725	
-0.00549316	8.75	
0.00213623	8.75549	
-0.0134277	8.75671	
-0.00549316	8.74878	
-0.000915527	8.75366	
0.00274658	8.76312	
0.0100708	8.75671	
0.000305176	8.76862	
-0.00366211	8.76312	
-0.00671387	8.75183	
-0.00152588	8.76831	
0.00488281	8.76373	
0.00244141	8.7674	
-0.000915527	8.75763	
-0.00335693	8.75702	
0.00915527	8.76465	
0.00946045	8.76221	
0.00183105	8.77228	
0.00793457	8.76831	
-0.00823975	8.7619	
-0.00335693	8.7735	
0.00427246	8.77594	
0.00823975	8.7616	
0.012207	8.75061	
0.000915527	8.75641	
-0.00335693	8.75916	
-0.0140381	8.76678	
-0.00671387	8.77228	
-0.0012207	8.77472	
0.00183105	8.76495	
0.00396729	8.76678	
0.00854492	8.75702	
0.000610352	8.77319	
0.00671387	8.76434	
-0.00213623	8.75336	
-0.00549316	8.7558	
-0.00244141	8.75275	
-0.00701904	8.77106	
-0.00213623	8.75854	
-0.00579834	8.7616	
-0.0119019	8.75275	
0.00213623	8.76129	
-0.00518799	8.75732	
-0.00305176	8.76556	
0.00274658	8.76495	
0.00366211	8.77136	
0.00610352	8.75916	
0.0088501	8.77991	
-0.00396729	8.76526	
0.00274658	8.76434	
-0.0012207	8.76526	
-0.000610352	8.77136	
0.00518799	8.77625	
0.00335693	8.76343	
0.000610352	8.76587	
0.00183105	8.77686	
0	8.74908	
0.00335693	8.75854	
0.0115967	8.77289	
0.00762939	8.7738	
-0.00457764	8.77136	
-0.0112915	8.77106	
-0.000915527	8.76068	
0.00244141	8.76495	
-0.00579834	8.76251	
-0.00640869	8.76526	
-0.00335693	8.77106	
-0.00701904	8.77747	
-0.00976562	8.7851	
-0.00244141	8.76282	
-0.00732422	8.7796	
0.00183105	8.77167	
-0.00701904	8.77563	
0.000610352	8.76984	
-0.00549316	8.77014	
-0.00823975	8.77167	
0.000915527	8.76465	
-0.00213623	8.76465	
0.00457764	8.77045	
0.0119019	8.77289	
0.00244141	8.77167	
0.00305176	8.78418	
-0.00396729	8.77777	
0.00640869	8.77228	
0.00518799	8.75488	
0.00488281	8.76709	
0.00213623	8.75092	
0	8.75061	
-0.00335693	8.7738	
-0.000305176	8.7851	
-0.015564	8.7677	
-0.00701904	8.75885	
-0.00610352	8.76648	
0.0012207	8.76678	
0	8.7738	
-0.00396729	8.76404	
-0.00152588	8.74939	
-0.000915527	8.76099	
0.0143433	8.76831	
0.00244141	8.75671	
0.0119019	8.76007	
0.0012207	8.76953	
0.000915527	8.75183	
0	8.76282	
-0.00549316	8.7561	
-0.0134277	8.75183	
0.00213623	8.74542	
0.00274658	8.75275	
0.00396729	8.74786	
-0.00457764	8.74542	
-0.0100708	8.75244	
-0.00396729	8.75641	
-0.00274658	8.75671	
0.0088501	8.7558	
-0.00396729	8.77167	
-0.000610352	8.75854	
-0.00305176	8.75549	
-0.00640869	8.74451	
-0.00518799	8.74634	
-0.00244141	8.75458	
0.00549316	8.76617	
0.000915527	8.74756	
-0.00427246	8.74512	
-0.00732422	8.74603	
0.00640869	8.74512	
0.00335693	8.74542	
-0.00152588	8.75366	
0	8.73901	
-0.0012207	8.75671	
-0.00305176	8.74878	
-0.00762939	8.74512	
-0.00152588	8.74847	
-0.00152588	8.74573	
-0.00305176	8.75	
0.000915527	8.75305	
0.000305176	8.75183	
0.00335693	8.74359	
-0.00396729	8.75122	
-0.0100708	8.74786	
0.00274658	8.75763	
-0.00335693	8.75977	
-0.00366211	8.76068	
0.000610352	8.76221	
0.00488281	8.74725	
-0.00488281	8.75031	
-0.0143433	8.75061	
-0.00427246	8.74176	
-0.000305176	8.75549	
-0.00366211	8.76007	
0.00640869	8.75214	
0.00244141	8.75763	
-0.00457764	8.74298	
0.00762939	8.72467	
-0.000610352	8.7323	
0.00335693	8.73779	
0.00457764	8.73627	
0.015564	8.74664	
0.00549316	8.75366	
0.00183105	8.75732	
0.00793457	8.76038	
0.00274658	8.74847	
0.00671387	8.75305	
0.00457764	8.75275	
0.0137329	8.7558	
0.00518799	8.74359	
0.00640869	8.75092	
-0.00213623	8.74817	
-0.00518799	8.74176	
0.0012207	8.74817	
0.00457764	8.74268	
0.00549316	8.74237	
0.0012207	8.74573	
0.00183105	8.74298	
-0.000915527	8.74023	
-0.0115967	8.7381	
0.000305176	8.74146	
0.00823975	8.73962	
0.00305176	8.74756	
0.015564	8.73627	
0.0012207	8.74695	
0.00488281	8.75305	
0.00701904	8.73871	
-0.00640869	8.73962	
-0.00366211	8.73657	
-0.00152588	8.72589	
0.00335693	8.74756	
0.00274658	8.7326	
-0.00183105	8.73169	
0.0112915	8.73016	
0.00732422	8.7381	
0.00457764	8.73444	
0.00274658	8.73108	
0.00854492	8.72467	
0.0125122	8.74054	
0.000305176	8.74054	
0.00915527	8.74115	
0.00244141	8.74542	
-0.000305176	8.74817	
0.00183105	8.73962	
-0.000610352	8.73566	
-0.00305176	8.74634	
-0.0112915	8.74786	
-0.00152588	8.74603	
-0.00396729	8.74756	
0.0119019	8.75671	
0.00549316	8.75671	
0.0100708	8.73505	
0	8.7439	
-0.00549316	8.74817	
0.00549316	8.73199	
0.00396729	8.73749	
0.00640869	8.73993	
0.00305176	8.73413	
0.00427246	8.73291	
0.00640869	8.72681	
0.00305176	8.74054	
-0.0100708	8.74237	
-0.00183105	8.7442	
0.000915527	8.74512	
0.0115967	8.7262	
-0.0088501	8.73627	
-0.00610352	8.74634	
0.00305176	8.73749	
0.0119019	8.73199	
0.0012207	8.73291	
-0.00671387	8.74054	
-0.00213623	8.74725	
0.0088501	8.74573	
-0.000610352	8.73657	
0.00701904	8.73688	
0.00396729	8.73108	
-0.00579834	8.74786	
-0.00549316	8.7326	
-0.000610352	8.75732	
0.00579834	8.75732	
-0.00366211	8.75244	
-0.00457764	8.75366	
-0.00305176	8.73596	
0.00427246	8.73962	
0.00152588	8.73932	
0.00244141	8.73962	
0.00366211	8.72894	
0.0106812	8.73016	
0.000305176	8.74634	
-0.00762939	8.73566	
-0.00671387	8.74298	
0.00610352	8.74481	
0.00579834	8.74237	
0.00183105	8.73566	
0.000915527	8.72803	
-0.000305176	8.73901	
-0.00335693	8.74542	
0.00152588	8.75458	
-0.00976562	8.74817	
-0.00427246	8.74542	
-0.00335693	8.76587	
-0.00274658	8.74146	
0.0109863	8.74786	
0.00640869	8.74908	
0.00640869	8.74939	
0.00518799	8.74725	
-0.00610352	8.75275	
-0.0012207	8.75549	
0.000915527	8.74817	
0.00762939	8.76068	
-0.00305176	8.7735	
-0.000610352	8.76251	
-0.00244141	8.75275	
-0.0088501	8.75793	
-0.00488281	8.74969	
-0.00915527	8.75214	
-0.00183105	8.75214	
-0.00549316	8.75214	
-0.00366211	8.74695	
-0.00335693	8.76129	
-0.00335693	8.75336	
0.00274658	8.75275	
-0.00396729	8.74817	
-0.00488281	8.73383	
-0.0131226	8.73474	
-0.00579834	8.74359	
-0.00366211	8.74146	
0.00793457	8.73596	
0.00579834	8.74176	
0.00396729	8.74512	
0.00671387	8.72894	
0.00305176	8.7326	
0.00579834	8.73657	
0.000305176	8.73352	
0.00396729	8.72772	
-0.00701904	8.74725	
-0.00762939	8.73413	
-0.00823975	8.71674	
-0.000915527	8.72681	
0.0152588	8.71429	
-0.00610352	8.71765	
-0.00671387	8.7265	
0.000305176	8.71857	
0.012207	8.71643	
0.00732422	8.72833	
0.00671387	8.72406	
0.000305176	8.73505	
0.00762939	8.72284	
0.00732422	8.74023	
0.00335693	8.73932	
-0.0115967	8.74664	
-0.00976562	8.75275	
0.00152588	8.74878	
0.00518799	8.74939	
0.0125122	8.75061	
0.00335693	8.74725	
-0.00244141	8.75671	
-0.00488281	8.7381	
0.00732422	8.74634	
0.00366211	8.75763	
0.00152588	8.75031	
-0.00640869	8.75458	
-0.00701904	8.76678	
0.000305176	8.75916	
0.00732422	8.76099	
0.00305176	8.76434	
0	8.74603	
-0.00549316	8.7442	
-0.00518799	8.75916	
-0.0106812	8.76556	
0.00366211	8.75366	
-0.00335693	8.75671	
0.0149536	8.74725	
0.0350952	8.73566	
0.0488281	8.72894	
0.128784	8.69812	
0.311279	8.61908	
0.654297	8.53851	
1.08276	8.46619	
1.47186	8.41583	
1.79688	8.41431	
2.05139	8.37921	
2.22839	8.38654	
2.35565	8.37067	
2.44141	8.36517	
2.49512	8.36121	
2.53906	8.36578	
2.56256	8.35938	
2.5827	8.37036	
2.59888	8.36761	
2.60284	8.37402	
2.60406	8.36609	
2.61963	8.38074	
2.60956	8.37036	
2.61383	8.36823	
2.60895	8.367	
2.60345	8.36182	
2.60559	8.36517	
2.61108	8.36548	
2.61566	8.35571	
2.60834	8.35968	
2.6062	8.35419	
2.60468	8.37067	
2.61261	8.35358	
2.61353	8.37555	
2.60651	8.37341	
2.60712	8.37128	
2.60864	8.35999	
2.60284	8.36517	
2.61475	8.38654	
2.61566	8.38257	
2.612	8.37677	
2.6236	8.37891	
2.61719	8.35052	
2.60986	8.3786	
2.61108	8.38074	
2.62238	8.38043	
2.61047	8.37219	
2.60315	8.37128	
2.6062	8.3667	
2.62817	8.37494	
2.61292	8.37189	
2.60651	8.38135	
2.61139	8.38501	
2.60559	8.37616	
2.60406	8.37433	
2.60193	8.36487	
2.60498	8.36121	
2.61688	8.37433	
2.61169	8.39478	
2.61688	8.37067	
2.60742	8.3609	
2.61017	8.35449	
2.6123	8.37006	
2.61688	8.37189	
2.6123	8.37708	
2.60193	8.36853	
2.61139	8.35846	
2.60712	8.36456	
2.61841	8.37219	
2.60864	8.37799	
2.60773	8.35907	
2.61322	8.37341	
2.59888	8.37646	
2.60132	8.37433	
2.61017	8.36761	
2.61566	8.36731	
2.62177	8.36578	
2.612	8.36212	
2.60529	8.36395	
2.61383	8.37219	
2.61841	8.37067	
2.60956	8.3667	
2.6059	8.36212	
2.60834	8.36731	
2.62085	8.37036	
2.6123	8.35785	
2.61627	8.3606	
2.61292	8.35175	
2.61017	8.36426	
2.60925	8.36212	
2.60284	8.35999	
2.60071	8.36609	
2.60803	8.36823	
2.6123	8.37036	
2.61414	8.36761	
2.6239	8.35663	
2.62238	8.36975	
2.61932	8.37402	
2.61749	8.36334	
2.61169	8.35144	
2.61017	8.37067	
2.60925	8.3551	
2.61871	8.36639	
2.61444	8.37555	
2.60925	8.37769	
2.60956	8.37524	
2.60651	8.37006	
2.60742	8.3847	
2.61688	8.38043	
2.61597	8.40118	
2.60651	8.40424	
2.60925	8.39508	
2.62115	8.38531	
2.62115	8.39783	
2.61475	8.40363	
2.61993	8.40179	
2.61353	8.38287	
2.61139	8.39966	
2.62299	8.38715	
2.61719	8.38318	
2.61963	8.37372	
2.61108	8.38318	
2.60345	8.38409	
2.60864	8.38715	
2.6123	8.38715	
2.62207	8.38409	
2.61383	8.37646	
2.60834	8.39233	
2.60803	8.38409	
2.61963	8.38318	
2.61444	8.3963	
2.60925	8.39813	
2.61078	8.38348	
2.61169	8.37982	
2.61475	8.36761	
2.61749	8.3847	
2.61749	8.38226	
2.61597	8.39142	
2.60681	8.38867	
2.60559	8.39569	
2.62207	8.38531	
2.62329	8.39355	
2.60712	8.39874	
2.60559	8.38989	
2.61292	8.38806	
2.62878	8.38745	
2.61597	8.39111	
2.61322	8.3783	
2.61017	8.37372	
2.61871	8.37769	
2.61444	8.38074	
2.62329	8.40027	
2.62024	8.38684	
2.60834	8.37799	
2.61658	8.39539	
2.62482	8.37463	
2.612	8.37311	
2.60742	8.37158	
2.60864	8.37006	
2.60742	8.37463	
2.62817	8.38959	
2.61536	8.40546	
2.61322	8.39722	
2.61292	8.39111	
2.61658	8.39111	
2.60773	8.40088	
2.61261	8.4137	
2.62238	8.41309	
2.61749	8.39966	
2.62299	8.39783	
2.6178	8.40363	
2.61627	8.40942	
2.60773	8.41064	
2.6181	8.39111	
2.6178	8.41187	
2.61658	8.4082	
2.61627	8.40485	
2.61353	8.41614	
2.61261	8.414	
2.60956	8.41125	
2.62604	8.42468	
2.61902	8.42163	
2.61749	8.41858	
2.62054	8.43262	
2.6239	8.40851	
2.61627	8.42346	
2.61627	8.41675	
2.61566	8.40912	
2.61261	8.41339	
2.61169	8.39996	
2.61505	8.40302	
2.63214	8.38837	
2.62054	8.41919	
2.61932	8.39478	
2.61322	8.39264	
2.61414	8.40912	
2.62512	8.40332	
2.62177	8.41003	
2.61627	8.40118	
2.61993	8.4082	
2.60681	8.3844	
2.6123	8.38562	
2.6062	8.39752	
2.61993	8.37891	
2.6236	8.38318	
2.62054	8.38379	
2.6059	8.39539	
2.61169	8.3905	
2.61047	8.39935	
2.61658	8.40637	
2.62634	8.4021	
2.6236	8.38226	
2.61688	8.40057	
2.62177	8.396	
2.6123	8.40973	
2.61322	8.40332	
2.61169	8.40424	
2.60529	8.41034	
2.61261	8.41156	
2.61505	8.39874	
2.62146	8.39691	
2.62909	8.40363	
2.60864	8.40179	
2.61353	8.4021	
2.612	8.41431	
2.62604	8.4137	
2.61536	8.40576	
2.60742	8.41797	
2.61719	8.41461	
2.60925	8.40881	
2.62726	8.42133	
2.61383	8.41217	
2.62024	8.41675	
2.62634	8.40698	
2.60986	8.40057	
2.6239	8.40546	
2.61627	8.40698	
2.61475	8.42773	
2.61261	8.4256	
2.62054	8.41125	
2.61871	8.40942	
2.61932	8.41339	
2.6236	8.41736	
2.61719	8.42926	
2.61169	8.40942	
2.61414	8.40698	
2.6181	8.40515	
2.62268	8.40271	
2.62573	8.39783	
2.63123	8.41553	
2.62512	8.4024	
2.61658	8.39783	
2.61658	8.40668	
2.63458	8.39264	
2.62177	8.39783	
2.61414	8.40118	
2.61475	8.40759	
2.62909	8.40424	
2.62421	8.40973	
2.62299	8.39844	
2.61292	8.39844	
2.61993	8.39996	
2.62695	8.40576	
2.6123	8.396	
2.62421	8.38745	
2.63428	8.39355	
2.61688	8.38379	
2.61353	8.39172	
2.62482	8.38898	
2.61414	8.39447	
2.61017	8.38562	
2.62085	8.39691	
2.62482	8.39935	
2.63824	8.39325	
2.62329	8.39355	
2.6123	8.40942	
2.61963	8.40179	
2.62726	8.39417	
2.61078	8.39813	
2.62085	8.38043	
2.62512	8.38806	
2.60895	8.39447	
2.61353	8.38959	
2.6239	8.41583	
2.62207	8.40546	
2.6059	8.40668	
2.61627	8.40363	
2.62207	8.39142	
2.62085	8.40149	
2.60864	8.38959	
2.61993	8.39447	
2.62115	8.39233	
2.61902	8.39691	
2.62451	8.38348	
2.6181	8.38226	
2.61841	8.38165	
2.62787	8.36823	
2.612	8.3725	
2.62115	8.38196	
2.62329	8.37372	
2.62817	8.37555	
2.62421	8.37006	
2.61139	8.37708	
2.61841	8.37433	
2.62543	8.38074	
2.62421	8.38806	
2.62024	8.39111	
2.62299	8.38806	
2.62177	8.39844	
2.61536	8.39386	
2.60468	8.3902	
2.62268	8.36792	
2.62634	8.38654	
2.62451	8.38104	
2.62482	8.38684	
2.62482	8.39539	
2.62177	8.38654	
2.62207	8.39142	
2.61292	8.396	
2.62207	8.38959	
2.62634	8.40363	
2.61627	8.38409	
2.60773	8.39661	
2.62421	8.38837	
2.61536	8.39447	
2.61566	8.38898	
2.62299	8.37799	
2.62177	8.38348	
2.62695	8.37585	
2.62451	8.3902	
2.61749	8.38715	
2.63458	8.38776	
2.61444	8.38074	
2.61627	8.38867	
2.61841	8.37921	
2.6355	8.38043	
2.62085	8.39142	
2.61627	8.38867	
2.62024	8.38715	
2.62848	8.37982	
2.62177	8.37708	
2.62665	8.37524	
2.62268	8.37067	
2.612	8.38074	
2.62817	8.38074	
2.62543	8.39172	
2.61627	8.36761	
2.60895	8.38531	
2.62726	8.38562	
2.61566	8.37708	
2.62878	8.37982	
2.61871	8.38165	
2.62054	8.38593	
2.62787	8.38409	
2.62817	8.3847	
2.62085	8.38135	
2.63397	8.38135	
2.62726	8.38104	
2.61871	8.38593	
2.62787	8.38074	
2.62756	8.37189	
2.61688	8.39722	
2.62146	8.37799	
2.61932	8.3725	
2.61749	8.37097	
2.6181	8.38409	
2.62146	8.37769	
2.62878	8.37585	
2.62512	8.38165	
2.62085	8.37677	
2.62817	8.38165	
2.62726	8.38318	
2.61871	8.37921	
2.63702	8.37402	
2.61475	8.38135	
2.61505	8.36853	
2.62909	8.3786	
2.62634	8.39081	
2.62054	8.38196	
2.62177	8.37769	
2.6178	8.38806	
2.63123	8.38348	
2.61627	8.38501	
2.62604	8.38867	
2.62909	8.38898	
2.6181	8.3786	
2.63458	8.38318	
2.62115	8.38562	
2.61932	8.37921	
2.62329	8.37494	
2.61597	8.38043	
2.62909	8.38257	
2.61902	8.37921	
2.61658	8.38043	
2.62299	8.38074	
2.62878	8.38623	
2.6181	8.37616	
2.61444	8.39325	
2.61932	8.38867	
2.62238	8.37708	
2.62421	8.37799	
2.63092	8.38867	
2.61932	8.3847	
2.6358	8.39874	
2.61749	8.39386	
2.62146	8.39844	
2.63062	8.39508	
2.62421	8.40424	
2.62878	8.39722	
2.62299	8.40332	
2.61932	8.38776	
2.63275	8.38226	
2.62299	8.38379	
2.61932	8.38043	
2.62085	8.37738	
2.63031	8.38318	
2.61871	8.38379	
2.62848	8.3963	
2.63123	8.38318	
2.61963	8.38409	
2.63489	8.38837	
2.61841	8.39142	
2.61963	8.3902	
2.63092	8.37585	
2.61902	8.37677	
2.62543	8.38165	
2.61963	8.3905	
2.62665	8.40668	
2.62604	8.38348	
2.61841	8.39569	
2.63184	8.38806	
2.62604	8.38593	
2.62665	8.396	
2.62024	8.40057	
2.6181	8.39081	
2.62756	8.40515	
2.62177	8.38867	
2.61627	8.39539	
2.63123	8.38562	
2.61932	8.38837	
2.61475	8.37616	
2.62726	8.39722	
2.62329	8.39813	
2.63458	8.39569	
2.61932	8.39569	
2.62421	8.38593	
2.63123	8.40057	
2.61963	8.40363	
2.62634	8.38959	
2.62817	8.38318	
2.63092	8.4079	
2.62878	8.38989	
2.62024	8.39691	
2.61993	8.40912	
2.63184	8.37952	
2.62207	8.37799	
2.63458	8.39569	
2.62512	8.38257	
2.61841	8.39325	
2.63336	8.38196	
2.62512	8.38348	
2.62085	8.40515	
2.62177	8.38562	
2.61871	8.39294	
2.63031	8.37402	
2.62238	8.38257	
2.62939	8.37006	
2.61688	8.38226	
2.63092	8.37738	
2.61261	8.37097	
2.62695	8.37433	
2.61749	8.36609	
2.62787	8.36914	
2.63	8.37402	
2.62024	8.37585	
2.63092	8.38226	
2.61871	8.36792	
2.62787	8.3728	
2.63214	8.37219	
2.61993	8.37433	
2.6236	8.3847	
2.62939	8.36823	
2.62085	8.37128	
2.61627	8.367	
2.62726	8.37646	
2.61749	8.37708	
2.62726	8.37189	
2.62543	8.37128	
2.62085	8.37799	
2.62756	8.36273	
2.62421	8.38257	
2.62695	8.3783	
2.61566	8.37799	
2.62604	8.3725	
2.63153	8.3844	
2.62299	8.35815	
2.62726	8.35907	
2.62817	8.36975	
2.61841	8.37006	
2.62909	8.37769	
2.61963	8.37219	
2.6239	8.38867	
2.62573	8.38623	
2.62848	8.38226	
2.62451	8.37158	
2.62756	8.3902	
2.63031	8.37982	
2.62146	8.38654	
2.63824	8.37097	
2.6178	8.36761	
2.6297	8.36334	
2.61871	8.37677	
2.62177	8.39172	
2.62573	8.37189	
2.61932	8.40454	
2.62817	8.38531	
2.62909	8.37708	
2.62238	8.38654	
2.63733	8.38959	
2.61627	8.36578	
2.62054	8.37219	
2.62817	8.36121	
2.64496	8.37189	
2.6239	8.35602	
2.61963	8.35052	
2.63	8.36334	
2.61383	8.38257	
2.62878	8.39661	
2.63153	8.39661	
2.62909	8.36853	
2.61902	8.39783	
2.62909	8.40393	
2.6178	8.4137	
2.62573	8.41064	
2.63062	8.38409	
2.61749	8.40332	
2.63123	8.38287	
2.63062	8.37769	
2.62726	8.3844	
2.63184	8.38379	
2.63	8.3847	
2.61597	8.38623	
2.63184	8.38013	
2.61536	8.38806	
2.62054	8.37708	
2.62665	8.36731	
2.63428	8.38745	
2.62817	8.38043	
2.6416	8.38501	
2.62238	8.38501	
2.62177	8.38806	
2.63214	8.38623	
2.61444	8.40271	
2.63397	8.39996	
2.62177	8.38593	
2.63336	8.39539	
2.6178	8.38715	
2.63672	8.38226	
2.62878	8.39172	
2.61597	8.39417	
2.6297	8.37708	
2.62878	8.3728	
2.6236	8.38898	
2.6355	8.37921	
2.62268	8.39294	
2.61658	8.38409	
2.62878	8.39752	
2.63153	8.38867	
2.62695	8.37646	
2.62909	8.38623	
2.62238	8.37708	
2.63153	8.36517	
2.62146	8.36884	
2.62421	8.37158	
2.63153	8.37219	
2.64099	8.37494	
2.62543	8.37616	
2.62573	8.37555	
2.63123	8.3725	
2.61475	8.38623	
2.62543	8.37677	
2.63123	8.37311	
2.62939	8.37799	
2.63092	8.37494	
2.61566	8.37952	
2.63275	8.38165	
2.62634	8.39233	
2.63336	8.36975	
2.62207	8.36609	
2.62421	8.36975	
2.63245	8.38409	
2.6355	8.3728	
2.62146	8.38501	
2.65625	8.3963	
2.6239	8.40363	
2.62939	8.38074	
2.61932	8.37067	
2.62421	8.37769	
2.63458	8.37311	
2.62024	8.38898	
2.6297	8.37952	
2.63153	8.37616	
2.62115	8.37067	
2.62604	8.36639	
2.62207	8.35876	
2.62146	8.36609	
2.63275	8.38013	
2.61932	8.3725	
2.63184	8.36426	
2.64038	8.3667	
2.6236	8.37311	
2.64374	8.37921	
2.63	8.35846	
2.62604	8.37738	
2.62543	8.35999	
2.62695	8.367	
2.62482	8.36517	
2.62726	8.37311	
2.62421	8.3786	
2.63397	8.3844	
2.62238	8.37128	
2.6297	8.36334	
2.63367	8.37463	
2.63336	8.36975	
2.61993	8.38623	
2.62909	8.37494	
2.62482	8.37646	
2.63702	8.37189	
2.62573	8.37921	
2.64252	8.39874	
2.62573	8.37769	
2.62451	8.40118	
2.63184	8.40546	
2.6355	8.38074	
2.62573	8.39661	
2.63489	8.38959	
2.62268	8.38562	
2.62848	8.38104	
2.61993	8.39355	
2.62512	8.38867	
2.6297	8.39905	
2.63031	8.39996	
2.63123	8.41522	
2.61993	8.39844	
2.63519	8.39478	
2.63397	8.39172	
2.63275	8.38654	
2.63367	8.38135	
2.62543	8.38928	
2.63092	8.38013	
2.62085	8.38196	
2.63428	8.39539	
2.62115	8.40057	
2.63214	8.38074	
2.63275	8.39508	
2.62848	8.37646	
2.62512	8.38562	
2.63	8.37433	
2.63062	8.37463	
2.62177	8.38287	
2.63184	8.38196	
2.62695	8.38562	
2.63824	8.40179	
2.62207	8.39844	
2.63397	8.38531	
2.62177	8.40302	
2.63062	8.37341	
2.62848	8.37585	
2.63855	8.39142	
2.62726	8.39111	
2.63977	8.39508	
2.62329	8.39661	
2.62787	8.38654	
2.6239	8.3963	
2.62848	8.40546	
2.63123	8.41583	
2.62756	8.41095	
2.62329	8.37769	
2.63336	8.40607	
2.62238	8.40027	
2.63	8.39691	
2.62909	8.40485	
2.6236	8.38287	
2.63428	8.40637	
2.62573	8.3847	
2.62939	8.39386	
2.6358	8.38989	
2.63031	8.38989	
2.6413	8.4082	
2.62573	8.39569	
2.63062	8.39478	
2.62634	8.39752	
2.62329	8.38318	
2.63092	8.39539	
2.62543	8.39661	
2.63702	8.41217	
2.62329	8.3728	
2.64038	8.39203	
2.62756	8.37982	
2.63641	8.36853	
2.62421	8.38165	
2.63611	8.38562	
2.62695	8.39569	
2.63367	8.38867	
2.63794	8.38684	
2.62451	8.38745	
2.63794	8.38409	
2.63641	8.367	
2.62451	8.34442	
2.63	8.37189	
2.62115	8.37006	
2.63062	8.39539	
2.63214	8.38409	
2.6355	8.38165	
2.63031	8.38379	
2.61475	8.39783	
2.6236	8.38867	
2.63397	8.38715	
2.62482	8.367	
2.63245	8.3725	
2.62207	8.40393	
2.63489	8.3847	
2.62238	8.37189	
2.63763	8.37891	
2.62726	8.37921	
2.6355	8.37372	
2.6236	8.37036	
2.63336	8.37341	
2.62604	8.36823	
2.62909	8.36823	
2.62146	8.35846	
2.63733	8.35144	
2.62421	8.36334	
2.63611	8.35602	
2.61658	8.37463	
2.6358	8.36792	
2.62299	8.36578	
2.63855	8.37158	
2.62695	8.3667	
2.64038	8.37341	
2.62817	8.37341	
2.63702	8.36487	
2.62482	8.36731	
2.63336	8.38196	
2.61871	8.37219	
2.63306	8.37463	
2.62573	8.37616	
2.63275	8.38196	
2.62817	8.37158	
2.62909	8.36517	
2.63489	8.37677	
2.62512	8.36914	
2.63763	8.38226	
2.61688	8.38501	
2.63428	8.37524	
2.62878	8.37677	
2.63855	8.36182	
2.63092	8.37677	
2.61963	8.38379	
2.63763	8.39478	
2.63	8.38684	
2.63489	8.38715	
2.63702	8.38501	
2.6358	8.37769	
2.63184	8.38531	
2.63641	8.37769	
2.63031	8.38318	
2.62482	8.37097	
2.63794	8.38593	
2.63275	8.38226	
2.63062	8.39691	
2.63489	8.39935	
2.62695	8.39905	
2.63367	8.39447	
2.62604	8.3963	
2.63519	8.39172	
2.63733	8.39203	
2.6358	8.38715	
2.61993	8.36975	
2.6355	8.38684	
2.63428	8.38776	
2.63275	8.39722	
2.63977	8.3963	
2.62024	8.39081	
2.63458	8.39233	
2.63275	8.38776	
2.64252	8.3728	
2.63397	8.39325	
2.61993	8.40057	
2.63763	8.39783	
2.62726	8.38898	
2.64069	8.36212	
2.63	8.38104	
2.64435	8.39325	
2.62451	8.39508	
2.63458	8.38531	
2.62573	8.37219	
2.63336	8.38715	
2.62604	8.37036	
2.63763	8.3847	
2.63336	8.37677	
2.62695	8.38013	
2.63428	8.37921	
2.6239	8.37494	
2.6355	8.37463	
2.62604	8.36945	
2.63702	8.39294	
2.6236	8.38715	
2.6297	8.36975	
2.62695	8.36945	
2.63885	8.37219	
2.62329	8.36945	
2.64496	8.38013	
2.62451	8.37036	
2.63062	8.37341	
2.63855	8.36945	
2.63092	8.38562	
2.62573	8.38745	
2.63824	8.38684	
2.63184	8.38867	
2.63031	8.38898	
2.6413	8.41644	
2.63062	8.38593	
2.63672	8.39447	
2.63458	8.39478	
2.63428	8.39569	
2.6239	8.40424	
2.63733	8.39752	
2.63794	8.39294	
2.63092	8.40454	
2.63245	8.40302	
2.62756	8.39935	
2.6416	8.40607	
2.62848	8.40118	
2.63794	8.39661	
2.64099	8.38745	
2.63275	8.3905	
2.63336	8.39478	
2.62665	8.39386	
2.62817	8.39935	
2.62878	8.39172	
2.63336	8.4024	
2.63885	8.39966	
2.63092	8.38104	
2.64679	8.39966	
2.62604	8.40485	
2.63367	8.41705	
2.63	8.40485	
2.63458	8.40179	
2.63733	8.40668	
2.6358	8.39417	
2.63062	8.39142	
2.63458	8.4021	
2.64343	8.39539	
2.63702	8.396	
2.63733	8.39172	
2.63763	8.39569	
2.63397	8.39447	
2.64099	8.3725	
2.63153	8.37891	
2.63428	8.40363	
2.63702	8.3902	
2.62756	8.4024	
2.63367	8.39447	
2.65076	8.40424	
2.62878	8.39355	
2.63092	8.3963	
2.63397	8.39478	
2.63763	8.38745	
2.63458	8.38806	
2.63123	8.38287	
2.63092	8.39874	
2.63306	8.40698	
2.63367	8.39569	
2.62848	8.40759	
2.64038	8.39752	
2.62512	8.41125	
2.63916	8.42529	
2.62299	8.41858	
2.62634	8.41827	
2.63367	8.42072	
2.64008	8.42773	
2.64099	8.4082	
2.63153	8.42224	
2.6355	8.42346	
2.63824	8.40942	
2.62329	8.40546	
2.64069	8.4024	
2.62054	8.41736	
2.62848	8.40302	
2.64221	8.40424	
2.63397	8.40057	
2.64313	8.40515	
2.62207	8.40881	
2.63702	8.40149	
2.62878	8.39386	
2.64435	8.41095	
2.63062	8.40027	
2.64893	8.41705	
2.6236	8.3905	
2.63855	8.40027	
2.63245	8.40057	
2.64191	8.39935	
2.62817	8.39264	
2.63489	8.3847	
2.64374	8.37463	
2.64374	8.37708	
2.62512	8.396	
2.6297	8.39966	
2.64099	8.38776	
2.62878	8.38531	
2.62451	8.38898	
2.63214	8.39508	
2.64343	8.37646	
2.6416	8.38623	
2.62665	8.38806	
2.63794	8.39905	
2.63397	8.38623	
2.62238	8.39111	
2.63977	8.38928	
2.62909	8.37799	
2.64069	8.37982	
2.63062	8.38959	
2.62878	8.38837	
2.6416	8.39172	
2.63428	8.38501	
2.63489	8.38226	
2.62909	8.39508	
2.65045	8.38867	
2.62512	8.3963	
2.63641	8.39172	
2.63031	8.37646	
2.63794	8.38989	
2.64008	8.39355	
2.63947	8.38318	
2.62939	8.39813	
2.63824	8.40607	
2.62146	8.39172	
2.63977	8.40607	
2.62878	8.40698	
2.63336	8.39539	
2.62878	8.38806	
2.64465	8.39081	
2.62848	8.38318	
2.63184	8.39478	
2.6355	8.38287	
2.63763	8.38165	
2.64374	8.39813	
2.62939	8.38959	
2.63733	8.39142	
2.63306	8.39844	
2.63947	8.39111	
2.63885	8.39905	
2.64282	8.39508	
2.63458	8.40912	
2.63062	8.40088	
2.63611	8.39233	
2.63977	8.39783	
2.63062	8.39935	
2.62878	8.39325	
2.63214	8.39386	
2.63885	8.3902	
2.6297	8.39447	
2.64038	8.38715	
2.64526	8.40729	
2.64221	8.41309	
2.62421	8.40912	
2.63611	8.40576	
2.63123	8.40546	
2.64404	8.40698	
2.63977	8.41522	
2.62726	8.39294	
2.64038	8.39111	
2.64313	8.38776	
2.63397	8.37311	
2.64069	8.37311	
2.62238	8.38257	
2.64038	8.38501	
2.63489	8.38501	
2.64374	8.37799	
2.63092	8.37524	
2.63062	8.37463	
2.63794	8.39142	
2.63367	8.4024	
2.63977	8.39478	
2.63977	8.38928	
2.64191	8.39325	
2.63367	8.40759	
2.62817	8.39569	
2.64252	8.39722	
2.62848	8.42285	
2.6297	8.40881	
2.64832	8.40271	
2.62878	8.4082	
2.63062	8.40881	
2.63763	8.40546	
2.63184	8.40668	
2.64404	8.41217	
2.6358	8.40393	
2.64038	8.40424	
2.63641	8.39325	
2.63275	8.39996	
2.64832	8.40698	
2.63916	8.41705	
2.63489	8.41309	
2.63	8.40485	
2.64221	8.40271	
2.63092	8.39111	
2.62909	8.3963	
2.63611	8.40759	
2.63977	8.40759	
2.63672	8.41064	
2.64221	8.39691	
2.6239	8.41522	
2.64435	8.40393	
2.62939	8.40607	
2.63916	8.39935	
2.63184	8.4024	
2.63855	8.40363	
2.64069	8.38623	
2.63367	8.40729	
2.64557	8.40485	
2.63275	8.40393	
2.6413	8.41064	
2.64069	8.39813	
2.6413	8.38348	
2.64221	8.38684	
2.62695	8.40546	
2.63611	8.39569	
2.63641	8.41125	
2.64069	8.39874	
2.63672	8.38409	
2.63458	8.39172	
2.63672	8.40027	
2.64679	8.39081	
2.63611	8.37769	
2.63519	8.40546	
2.64099	8.3847	
2.64435	8.39417	
2.63458	8.38623	
2.62512	8.37494	
2.63794	8.38684	
2.63519	8.38531	
2.63611	8.37555	
2.62878	8.38867	
2.64496	8.3902	
2.6358	8.4024	
2.63092	8.38562	
2.63641	8.39111	
2.63672	8.38287	
2.63947	8.38776	
2.63336	8.38562	
2.63519	8.40424	
2.64008	8.3725	
2.63336	8.38867	
2.64282	8.38196	
2.63733	8.39386	
2.63214	8.40118	
2.63214	8.38562	
2.65137	8.38196	
2.64313	8.3905	
2.63824	8.3902	
2.64984	8.39386	
2.6416	8.39417	
2.63397	8.39996	
2.63123	8.3902	
2.64587	8.38745	
2.63672	8.38776	
2.64282	8.39355	
2.62726	8.39996	
2.62878	8.40881	
2.63824	8.41064	
2.64282	8.40515	
2.63428	8.40973	
2.63245	8.39691	
2.65167	8.39966	
2.6355	8.39386	
2.64526	8.38501	
2.63977	8.39691	
2.64557	8.38715	
2.63	8.39661	
2.63733	8.396	
2.63611	8.38409	
2.63519	8.38287	
2.64679	8.38501	
2.63519	8.38867	
2.64008	8.36884	
2.63428	8.3844	
2.63733	8.39081	
2.63062	8.37799	
2.64618	8.38654	
2.63092	8.38287	
2.63977	8.38287	
2.64282	8.37433	
2.64191	8.3728	
2.63214	8.38867	
2.63336	8.37677	
2.64465	8.38257	
2.63245	8.38348	
2.64252	8.37769	
2.6413	8.38623	
2.64709	8.36578	
2.6416	8.39172	
2.64038	8.38257	
2.64404	8.3786	
2.63458	8.37769	
2.63214	8.38043	
2.64404	8.38043	
2.63306	8.38043	
2.63611	8.38379	
2.64374	8.37494	
2.62939	8.37219	
2.63397	8.37219	
2.63916	8.37616	
2.63519	8.36578	
2.63702	8.36639	
2.64618	8.38257	
2.63824	8.38898	
2.64343	8.37494	
2.6413	8.3667	
2.63275	8.38104	
2.6358	8.3725	
2.65686	8.37128	
2.63428	8.38989	
2.64709	8.37585	
2.63062	8.37799	
2.63611	8.38684	
2.6474	8.37341	
2.62848	8.38287	
2.63977	8.38043	
2.64496	8.38715	
2.64038	8.38531	
2.63519	8.38837	
2.63214	8.38318	
2.64526	8.37067	
2.64099	8.37036	
2.63367	8.38013	
2.64282	8.3847	
2.63458	8.37708	
2.63428	8.37646	
2.64099	8.38074	
2.63855	8.37433	
2.6355	8.36151	
2.63916	8.36823	
2.65259	8.37585	
2.63977	8.36395	
2.63641	8.37738	
2.64709	8.36365	
2.63977	8.38104	
2.63123	8.38287	
2.63702	8.38745	
2.64252	8.37402	
2.65045	8.37433	
2.63275	8.38074	
2.6358	8.38043	
2.63733	8.37189	
2.64557	8.37158	
2.63885	8.3551	
2.64038	8.37311	
2.6474	8.37708	
2.64801	8.37799	
2.6416	8.37006	
2.63733	8.36487	
2.63763	8.36456	
2.63916	8.3667	
2.63916	8.37097	
2.65594	8.36212	
2.64709	8.37616	
2.64221	8.36884	
2.63885	8.36243	
2.64221	8.36548	
2.6474	8.37402	
2.64984	8.38409	
2.63214	8.38654	
2.63733	8.38318	
2.64282	8.38654	
2.63947	8.39203	
2.62909	8.3963	
2.64587	8.36792	
2.63397	8.38287	
2.63519	8.38593	
2.63794	8.3902	
2.64557	8.39417	
2.65381	8.39142	
2.63977	8.38379	
2.63184	8.38013	
2.64801	8.3667	
2.63885	8.38348	
2.63885	8.3725	
2.6413	8.38379	
2.63489	8.3728	
2.64038	8.37128	
2.64832	8.3725	
2.64313	8.38562	
2.65472	8.37677	
2.64465	8.37067	
2.63367	8.38348	
2.6474	8.37494	
2.63916	8.38867	
2.62695	8.37769	
2.64465	8.37677	
2.64526	8.36487	
2.64069	8.3725	
2.64435	8.38104	
2.63763	8.37097	
2.64923	8.36823	
2.64221	8.3783	
2.6413	8.36975	
2.64526	8.37219	
2.64648	8.37097	
2.63123	8.36853	
2.63275	8.36731	
2.63824	8.38257	
2.64832	8.37708	
2.64526	8.38196	
2.64587	8.3725	
2.63947	8.37036	
2.64282	8.367	
2.63702	8.37646	
2.63916	8.3786	
2.6474	8.38165	
2.64801	8.38623	
2.63092	8.39783	
2.63733	8.38867	
2.64038	8.37524	
2.6416	8.38013	
2.64679	8.37616	
2.64709	8.37311	
2.64221	8.3786	
2.63367	8.37372	
2.63519	8.37433	
2.64374	8.37372	
2.64191	8.37677	
2.64038	8.37891	
2.63062	8.3728	
2.64221	8.37006	
2.64771	8.36304	
2.64343	8.36273	
2.63519	8.36395	
2.63794	8.35419	
2.63672	8.34869	
2.6355	8.3609	
2.63885	8.3609	
2.6416	8.36151	
2.64435	8.36395	
2.64069	8.36945	
2.64954	8.36792	
2.64679	8.37158	
2.64282	8.36182	
2.6358	8.36945	
2.63397	8.3725	
2.63947	8.37524	
2.64313	8.37646	
2.64313	8.3728	
2.63855	8.37494	
2.64832	8.38318	
2.64618	8.38318	
2.64832	8.37341	
2.6474	8.37677	
2.63611	8.37158	
2.64191	8.38409	
2.64862	8.37799	
2.64099	8.37341	
2.65289	8.37189	
2.64679	8.36639	
2.65045	8.38593	
2.64404	8.36914	
2.64313	8.36945	
2.63702	8.35907	
2.63611	8.36639	
2.6358	8.37738	
2.64313	8.36151	
2.64008	8.36334	
2.64587	8.36792	
2.64954	8.37341	
2.64893	8.37219	
2.64038	8.36609	
2.63947	8.37799	
2.64313	8.37463	
2.63947	8.36914	
2.63947	8.36517	
2.62787	8.36578	
2.6358	8.36914	
2.64771	8.37036	
2.63947	8.36334	
2.6474	8.37555	
2.65137	8.37921	
2.64465	8.38226	
2.63733	8.37738	
2.63702	8.37494	
2.64679	8.37921	
2.64557	8.37433	
2.63153	8.38104	
2.63733	8.37769	
2.64954	8.38684	
2.63611	8.38501	
2.63733	8.37738	
2.64954	8.37402	
2.65839	8.3783	
2.64709	8.39142	
2.63977	8.37799	
2.64496	8.39172	
2.64801	8.38226	
2.6413	8.37769	
2.63824	8.3667	
2.63794	8.36731	
2.64008	8.36975	
2.63916	8.37372	
2.63641	8.37219	
2.63916	8.37921	
2.63	8.39783	
2.6358	8.36731	
2.64679	8.37006	
2.64191	8.35907	
2.64893	8.36456	
2.64465	8.36273	
2.64709	8.35968	
2.64526	8.36456	
2.63428	8.36365	
2.63885	8.35358	
2.6474	8.36823	
2.6416	8.36761	
2.63275	8.36029	
2.63733	8.35632	
2.64252	8.35358	
2.64648	8.35663	
2.64038	8.36121	
2.64587	8.36945	
2.65076	8.38379	
2.63489	8.37677	
2.63824	8.36639	
2.64923	8.3905	
2.64984	8.37616	
2.65167	8.3847	
2.63855	8.367	
2.63611	8.37311	
2.64038	8.37128	
2.64771	8.3728	
2.64893	8.38043	
2.63763	8.37799	
2.64038	8.38318	
2.64099	8.38135	
2.64038	8.37311	
2.64526	8.37677	
2.64709	8.38257	
2.63428	8.3847	
2.63916	8.38989	
2.63947	8.38593	
2.64801	8.39233	
2.64984	8.37128	
2.64221	8.37524	
2.63519	8.37677	
2.64404	8.37494	
2.65076	8.37067	
2.64648	8.35754	
2.64618	8.35754	
2.64679	8.36945	
2.64282	8.35907	
2.64709	8.36517	
2.64191	8.38257	
2.64587	8.38684	
2.64618	8.38593	
2.64404	8.38593	
2.63855	8.39569	
2.64191	8.39203	
2.63947	8.38898	
2.6416	8.39447	
2.65228	8.40363	
2.64252	8.39996	
2.63641	8.40698	
2.63672	8.3905	
2.64496	8.38928	
2.6474	8.38959	
2.64069	8.40088	
2.64252	8.40302	
2.63428	8.38715	
2.64648	8.38165	
2.64221	8.39142	
2.64191	8.39691	
2.64252	8.40515	
2.63855	8.38226	
2.65259	8.38684	
2.65778	8.39569	
2.64435	8.39874	
2.64008	8.39569	
2.64099	8.39722	
2.63519	8.396	
2.64435	8.38654	
2.64008	8.39691	
2.64099	8.38776	
2.64679	8.38135	
2.64526	8.38867	
2.65076	8.39111	
2.6416	8.38135	
2.64496	8.38196	
2.65778	8.38501	
2.65381	8.37891	
2.64648	8.37738	
2.63977	8.38562	
2.63733	8.39966	
2.64252	8.39478	
2.63702	8.39813	
2.63428	8.40485	
2.63947	8.40668	
2.64435	8.39752	
2.65106	8.38959	
2.64954	8.39874	
2.63794	8.40179	
2.64526	8.38745	
2.63763	8.37738	
2.64435	8.39996	
2.65198	8.40912	
2.64709	8.41797	
2.65228	8.39539	
2.65991	8.39081	
2.65533	8.39935	
2.64801	8.39996	
2.6416	8.39813	
2.64069	8.38928	
2.64648	8.39172	
2.64221	8.40088	
2.65167	8.39417	
2.64587	8.41003	
2.65137	8.39813	
2.64679	8.40851	
2.64984	8.38776	
2.64465	8.3905	
2.65533	8.40027	
2.64526	8.4024	
2.64374	8.40454	
2.63855	8.41095	
2.6532	8.40027	
2.64526	8.38379	
2.64435	8.38257	
2.64038	8.39386	
2.64252	8.40332	
2.64771	8.40179	
2.65198	8.3847	
2.64923	8.39294	
2.64252	8.38623	
2.63519	8.4021	
2.64557	8.38684	
2.64313	8.38715	
2.6532	8.4021	
2.6416	8.39233	
2.6474	8.39233	
2.6474	8.40057	
2.64099	8.38623	
2.64038	8.39081	
2.64526	8.39874	
2.64191	8.39386	
2.64099	8.38806	
2.64191	8.39386	
2.63977	8.40088	
2.63824	8.40424	
2.64496	8.39325	
2.64801	8.39355	
2.65259	8.39905	
2.65564	8.39813	
2.64984	8.38623	
2.66022	8.40149	
2.63916	8.41248	
2.64557	8.39874	
2.64282	8.38654	
2.64618	8.38409	
2.64679	8.39935	
2.64526	8.40027	
2.64832	8.37921	
2.64832	8.38959	
2.64099	8.38165	
2.65198	8.39447	
2.65503	8.38287	
2.65442	8.40393	
2.66266	8.39996	
2.65198	8.39355	
2.64374	8.3905	
2.64557	8.39142	
2.6535	8.38379	
2.64313	8.38562	
2.63428	8.38165	
2.64099	8.38898	
2.63885	8.3844	
2.64679	8.38135	
2.63855	8.39233	
2.63916	8.3728	
2.64618	8.38409	
2.63367	8.38318	
2.63733	8.38135	
2.64191	8.37616	
2.64435	8.37128	
2.65747	8.37769	
2.64862	8.38684	
2.64648	8.38501	
2.65778	8.38348	
2.64343	8.38257	
2.64404	8.40302	
2.64252	8.39081	
2.64191	8.37372	
2.64526	8.38043	
2.6474	8.38348	
2.65228	8.36334	
2.65289	8.37097	
2.65259	8.36426	
2.64648	8.37677	
2.65472	8.37219	
2.64923	8.3847	
2.65594	8.37189	
2.65686	8.37372	
2.65228	8.37433	
2.64435	8.36914	
2.64771	8.37921	
2.64801	8.39264	
2.64343	8.38013	
2.65137	8.38409	
2.65106	8.39386	
2.64771	8.40363	
2.65106	8.39661	
2.64679	8.36884	
2.64862	8.38135	
2.64984	8.40454	
2.65686	8.39233	
2.65808	8.38684	
2.64923	8.36853	
2.64435	8.3844	
2.64679	8.3844	
2.64801	8.37341	
2.6474	8.3606	
2.63855	8.36823	
2.64648	8.36975	
2.65228	8.37585	
2.65869	8.37677	
2.65045	8.35815	
2.64465	8.3783	
2.64465	8.38104	
2.64008	8.36517	
2.65167	8.36823	
2.64435	8.35815	
2.64252	8.37799	
2.64496	8.38867	
2.63733	8.36914	
2.65167	8.38196	
2.64465	8.37921	
2.64069	8.37799	
2.64557	8.37952	
2.64252	8.36731	
2.64374	8.3728	
2.63916	8.36517	
2.64191	8.37646	
2.64191	8.35449	
2.64587	8.36365	
2.64648	8.37189	
2.65137	8.36975	
2.65045	8.37708	
2.64618	8.37799	
2.65076	8.367	
2.64343	8.35754	
2.64374	8.36487	
2.64191	8.37738	
2.64465	8.37219	
2.65594	8.36548	
2.65381	8.35846	
2.65076	8.36609	
2.64099	8.35815	
2.6416	8.36426	
2.64893	8.35632	
2.63824	8.37646	
2.65686	8.35754	
2.65472	8.3551	
2.65228	8.36517	
2.66022	8.3548	
2.65442	8.38196	
2.65198	8.35327	
2.64679	8.36548	
2.65289	8.36334	
2.65228	8.36731	
2.64191	8.35785	
2.64587	8.36456	
2.64465	8.3606	
2.64191	8.35114	
2.63947	8.35266	
2.64832	8.35327	
2.64435	8.36029	
2.63367	8.35846	
2.65686	8.35724	
2.64526	8.37799	
2.64618	8.37006	
2.64374	8.35297	
2.64252	8.3725	
2.64679	8.37128	
2.63794	8.36182	
2.64343	8.36121	
2.63947	8.3725	
2.65289	8.37494	
2.65289	8.36975	
2.65167	8.38318	
2.65259	8.38165	
2.6416	8.37921	
2.64435	8.37219	
2.64587	8.37463	
2.64648	8.35815	
2.64709	8.39142	
2.64313	8.38196	
2.64709	8.3783	
2.64069	8.38531	
2.65198	8.37708	
2.64648	8.36334	
2.64435	8.37219	
2.64862	8.37555	
2.64465	8.35846	
2.64679	8.38287	
2.6413	8.36945	
2.64587	8.37097	
2.64954	8.37921	
2.64679	8.36945	
2.64435	8.37402	
2.64923	8.38379	
2.65106	8.38562	
2.64252	8.37738	
2.64343	8.37921	
2.63885	8.37067	
2.64679	8.37189	
2.64679	8.39447	
2.65259	8.38562	
2.64313	8.38715	
2.64282	8.38287	
2.64496	8.39691	
2.64709	8.39691	
2.6416	8.38562	
2.65656	8.39508	
2.6532	8.37891	
2.65686	8.38318	
2.66266	8.38318	
2.65686	8.40179	
2.65472	8.39813	
2.64618	8.39111	
2.65503	8.37952	
2.65564	8.36273	
2.65167	8.37585	
2.65198	8.38654	
2.65259	8.38837	
2.65106	8.38684	
2.65533	8.3847	
2.65472	8.38959	
2.65228	8.38593	
2.65656	8.38196	
2.66327	8.37891	
2.64343	8.38257	
2.64832	8.37067	
2.64709	8.38928	
2.64923	8.38593	
2.65076	8.38928	
2.65137	8.38867	
2.65167	8.36182	
2.64709	8.37799	
2.64435	8.36578	
2.63916	8.36761	
2.64191	8.38745	
2.64435	8.36517	
2.64587	8.3783	
2.64465	8.36548	
2.64862	8.37524	
2.64618	8.38593	
2.64313	8.37067	
2.64771	8.37067	
2.64587	8.35327	
2.64648	8.36395	
2.65717	8.36975	
2.64465	8.3609	
2.6535	8.36823	
2.64435	8.35632	
2.64587	8.36639	
2.65533	8.35846	
2.6474	8.36334	
2.65503	8.35846	
2.66724	8.36426	
2.65533	8.36731	
2.64771	8.35632	
2.64801	8.36212	
2.64526	8.3609	
2.64832	8.36395	
2.63885	8.37341	
2.64496	8.36456	
2.64771	8.35541	
2.64648	8.37097	
2.65808	8.37006	
2.64374	8.3847	
2.65533	8.37616	
2.66449	8.3725	
2.64893	8.37158	
2.64923	8.38013	
2.65289	8.367	
2.65472	8.39478	
2.65137	8.3725	
2.65656	8.37799	
2.65381	8.36761	
2.65381	8.36914	
2.65869	8.38165	
2.65656	8.37219	
2.65808	8.3847	
2.65686	8.37067	
2.65442	8.37921	
2.6593	8.37555	
2.65015	8.37555	
2.65106	8.38135	
2.65015	8.3728	
2.65411	8.3844	
2.65381	8.36639	
2.65137	8.38318	
2.66479	8.3725	
2.64862	8.3728	
2.65289	8.38989	
2.65228	8.38898	
2.65808	8.39233	
2.65198	8.37708	
2.64984	8.41339	
2.65106	8.39569	
2.64465	8.38684	
2.64984	8.38959	
2.65198	8.37341	
2.6532	8.38867	
2.65259	8.38318	
2.64923	8.3905	
2.65167	8.37769	
2.66022	8.37311	
2.64099	8.39569	
2.65289	8.40057	
2.65289	8.39569	
2.65594	8.40424	
2.65472	8.39081	
2.65625	8.39203	
2.66449	8.40424	
2.64984	8.40393	
2.64526	8.40271	
2.64618	8.3963	
2.64557	8.40332	
2.65137	8.40393	
2.64954	8.39996	
2.64282	8.40881	
2.66571	8.39966	
2.659	8.39722	
2.66418	8.39417	
2.65259	8.40332	
2.659	8.39752	
2.64557	8.38867	
2.64709	8.38867	
2.64923	8.39905	
2.65869	8.38989	
2.6532	8.40057	
2.64954	8.39539	
2.64679	8.4024	
2.65594	8.40302	
2.65717	8.40607	
2.66022	8.40302	
2.65167	8.39905	
2.64679	8.38623	
2.65472	8.39783	
2.65869	8.37494	
2.64862	8.38165	
2.64526	8.37952	
2.64862	8.39264	
2.64496	8.41614	
2.65015	8.37891	
2.65564	8.39752	
2.66388	8.38501	
2.66327	8.38623	
2.6535	8.38867	
2.65259	8.38654	
2.65686	8.3963	
2.64374	8.38226	
2.65076	8.38257	
2.6593	8.37036	
2.65656	8.38898	
2.65259	8.37891	
2.64923	8.38074	
2.65228	8.37708	
2.65656	8.38379	
2.65839	8.38043	
2.66083	8.36731	
2.6532	8.38562	
2.65869	8.37769	
2.64923	8.37646	
2.64893	8.38715	
2.65381	8.38318	
2.65167	8.38806	
2.64923	8.37585	
2.64832	8.3847	
2.65381	8.39447	
2.66602	8.37372	
2.65686	8.37738	
2.65472	8.36945	
2.64771	8.38684	
2.65656	8.39233	
2.64923	8.38348	
2.65411	8.3783	
2.64008	8.38135	
2.6474	8.35785	
2.64862	8.37463	
2.65717	8.36914	
2.65656	8.36243	
2.66174	8.37006	
2.65442	8.367	
2.6535	8.37982	
2.64343	8.3606	
2.65381	8.36761	
2.65717	8.35693	
2.64496	8.36456	
2.65137	8.36823	
2.65015	8.3606	
2.65259	8.36121	
2.64648	8.36121	
2.6532	8.36609	
2.65656	8.36029	
2.65045	8.36517	
2.65289	8.35358	
2.659	8.36487	
2.64954	8.37036	
2.65564	8.37402	
2.64679	8.37219	
2.65076	8.3786	
2.65472	8.37311	
2.6651	8.37067	
2.65869	8.38928	
2.66022	8.38318	
2.65076	8.38989	
2.66052	8.38287	
2.64862	8.37494	
2.65442	8.37097	
2.64679	8.36548	
2.66754	8.35449	
2.65717	8.36823	
2.65289	8.36548	
2.64893	8.37646	
2.6535	8.37067	
2.659	8.37952	
2.65503	8.37677	
2.65045	8.36731	
2.64771	8.37311	
2.66327	8.38013	
2.65564	8.38074	
2.65472	8.37952	
2.64893	8.37189	
2.65839	8.37616	
2.64709	8.37952	
2.65106	8.3725	
2.65747	8.36975	
2.65198	8.36365	
2.65808	8.36243	
2.6474	8.35876	
2.65686	8.36395	
2.659	8.3606	
2.64923	8.37036	
2.65015	8.37219	
2.65686	8.38013	
2.65045	8.37219	
2.64893	8.3728	
2.64343	8.37646	
2.66541	8.35785	
2.65656	8.3551	
2.64923	8.36578	
2.65228	8.37128	
2.65747	8.37067	
2.66113	8.38257	
2.65015	8.36639	
2.6593	8.38226	
2.65533	8.38501	
2.65106	8.37524	
2.64282	8.37677	
2.65137	8.38806	
2.65411	8.37585	
2.65778	8.37646	
2.65961	8.37189	
2.65045	8.37555	
2.65167	8.36426	
2.6416	8.37616	
2.66663	8.35876	
2.65717	8.35358	
2.64771	8.36731	
2.64923	8.36456	
2.6535	8.3606	
2.65198	8.35602	
2.65747	8.36029	
2.65259	8.35938	
2.64526	8.38745	
2.66693	8.36548	
2.64954	8.36914	
2.64709	8.36975	
2.65869	8.36273	
2.65106	8.35999	
2.65137	8.37006	
2.65747	8.38104	
2.65839	8.37799	
2.64557	8.35358	
2.64771	8.35632	
2.66174	8.36914	
2.64771	8.36731	
2.64709	8.36426	
2.66266	8.37463	
2.65625	8.36975	
2.6532	8.36639	
2.66327	8.35754	
2.65991	8.38104	
2.65961	8.36365	
2.64008	8.35663	
2.66724	8.36334	
2.659	8.37677	
2.65625	8.37463	
2.65106	8.37067	
2.64557	8.35419	
2.65167	8.37097	
2.65564	8.36182	
2.65839	8.36334	
2.67334	8.35724	
2.65289	8.34137	
2.64954	8.37158	
2.64893	8.37463	
2.64923	8.36456	
2.65442	8.35785	
2.64893	8.36792	
2.65289	8.36395	
2.65717	8.37219	
2.66418	8.39752	
2.65137	8.37738	
2.64923	8.36212	
2.6651	8.3728	
2.65472	8.37677	
2.66327	8.37036	
2.65533	8.37006	
2.65411	8.37891	
2.64221	8.38654	
2.66632	8.36975	
2.65961	8.37769	
2.659	8.37006	
2.659	8.36761	
2.66113	8.36548	
2.64801	8.36853	
2.65198	8.37738	
2.64923	8.37097	
2.66296	8.3667	
2.66052	8.3609	
2.65686	8.35114	
2.65259	8.36639	
2.65533	8.35419	
2.65198	8.36304	
2.65411	8.37067	
2.6532	8.36426	
2.65564	8.37982	
2.66205	8.35602	
2.66144	8.37158	
2.65442	8.35785	
2.65442	8.35693	
2.66052	8.35052	
2.65198	8.35724	
2.659	8.35602	
2.65656	8.35419	
2.65015	8.33801	
2.65106	8.33588	
2.66266	8.36304	
2.65625	8.35266	
2.65564	8.35327	
2.65289	8.32611	
2.65686	8.35754	
2.66052	8.35754	
2.6709	8.36975	
2.66144	8.35236	
2.66144	8.34503	
2.65137	8.36151	
2.65198	8.35785	
2.65442	8.35297	
2.66388	8.33588	
2.65381	8.3609	
2.66083	8.33771	
2.6709	8.35052	
2.66022	8.35785	
2.66083	8.3316	
2.66113	8.34137	
2.66388	8.34473	
2.66052	8.34747	
2.65747	8.33466	
2.64679	8.34167	
2.64954	8.34686	
2.65381	8.35236	
2.66052	8.33893	
2.6593	8.34076	
2.65991	8.34198	
2.65167	8.35602	
2.65381	8.35663	
2.65015	8.3609	
2.66876	8.35175	
2.65717	8.3551	
2.66327	8.35815	
2.65259	8.35754	
2.65137	8.3551	
2.64862	8.35968	
2.65137	8.35785	
2.65503	8.35571	
2.6712	8.36731	
2.65717	8.36823	
2.659	8.35693	
2.65289	8.349	
2.65198	8.37189	
2.65503	8.35388	
2.65991	8.35175	
2.65381	8.35022	
2.64954	8.36334	
2.66663	8.35907	
2.65991	8.36975	
2.64954	8.36853	
2.65411	8.35144	
2.65198	8.35083	
2.66022	8.35815	
2.66022	8.36975	
2.65625	8.37585	
2.65259	8.35754	
2.66602	8.36304	
2.64893	8.35846	
2.65869	8.34717	
2.65228	8.35541	
2.65472	8.35175	
2.65533	8.34778	
2.65594	8.35419	
2.66174	8.35144	
2.65839	8.33679	
2.64252	8.34686	
2.66876	8.3548	
2.65839	8.35358	
2.65137	8.35724	
2.66144	8.36151	
2.65137	8.34961	
2.65717	8.34473	
2.66266	8.36517	
2.65259	8.3606	
2.65106	8.36823	
2.65869	8.3551	
2.66632	8.35999	
2.65869	8.38257	
2.65167	8.37128	
2.65686	8.37799	
2.66113	8.38409	
2.65778	8.36609	
2.65137	8.35632	
2.65686	8.37982	
2.65472	8.34991	
2.66388	8.36029	
2.64313	8.35693	
2.66022	8.35724	
2.66327	8.35022	
2.65045	8.35815	
2.6593	8.367	
2.65289	8.3609	
2.65442	8.35693	
2.66418	8.34991	
2.6532	8.34808	
2.65259	8.36182	
2.65045	8.36395	
2.67212	8.35815	
2.65533	8.36273	
2.66083	8.35236	
2.65778	8.35114	
2.64801	8.35388	
2.66022	8.37311	
2.65778	8.35327	
2.65381	8.35999	
2.64832	8.34778	
2.66235	8.34869	
2.6474	8.35144	
2.66327	8.3548	
2.66113	8.3432	
2.65686	8.33923	
2.65747	8.34076	
2.65625	8.35785	
2.65564	8.35571	
2.65289	8.36609	
2.65289	8.35632	
2.6651	8.35693	
2.65869	8.35175	
2.65442	8.34503	
2.65259	8.33374	
2.66571	8.35083	
2.65472	8.34412	
2.65228	8.33801	
2.66205	8.35236	
2.66571	8.34656	
2.65472	8.33344	
2.65442	8.3548	
2.66846	8.33496	
2.66144	8.33282	
2.65594	8.34106	
2.65381	8.34534	
2.66083	8.34595	
2.65564	8.35114	
2.6474	8.33832	
2.6593	8.34534	
2.66388	8.34808	
2.65228	8.34686	
2.65259	8.34015	
2.66388	8.35388	
2.65045	8.3548	
2.66174	8.34991	
2.65472	8.35938	
2.65045	8.36029	
2.66479	8.35419	
2.6593	8.35663	
2.65839	8.36761	
2.65594	8.35205	
2.64282	8.3429	
2.66541	8.35022	
2.65991	8.34015	
2.65198	8.34991	
2.66052	8.3371	
2.65045	8.35602	
2.66235	8.34534	
2.65228	8.34137	
2.66663	8.34076	
2.65839	8.34473	
2.65472	8.34564	
2.65594	8.35297	
2.66632	8.34229	
2.65259	8.34778	
2.65289	8.34595	
2.66632	8.35205	
2.65503	8.36151	
2.65411	8.34961	
2.66327	8.35785	
2.65411	8.35541	
2.66571	8.35358	
2.65625	8.35632	
2.66663	8.35602	
2.64679	8.35541	
2.66937	8.36029	
2.65442	8.37585	
2.65594	8.35754	
2.65747	8.36029	
2.66113	8.36273	
2.65747	8.35754	
2.65472	8.36487	
2.66144	8.35693	
2.66388	8.35114	
2.65289	8.36792	
2.66113	8.36212	
2.65381	8.36731	
2.66235	8.35785	
2.65259	8.36304	
2.65625	8.37219	
2.67181	8.38318	
2.65442	8.38409	
2.65869	8.35449	
2.65808	8.35205	
2.65442	8.35602	
2.65991	8.36365	
2.65076	8.36243	
2.66296	8.36761	
2.6535	8.37036	
2.65839	8.36304	
2.65503	8.3551	
2.64954	8.34961	
2.66846	8.36243	
2.65259	8.35541	
2.65869	8.35693	
2.64923	8.35968	
2.66418	8.36243	
2.65442	8.36914	
2.66541	8.35358	
2.65106	8.36578	
2.65503	8.33954	
2.66449	8.34961	
2.65778	8.35022	
2.66602	8.34839	
2.64679	8.35297	
2.67303	8.36182	
2.65228	8.3548	
2.65289	8.34778	
2.66327	8.35175	
2.65533	8.35541	
2.6532	8.35083	
2.65167	8.36945	
2.66296	8.36517	
2.65778	8.37189	
2.66541	8.37067	
2.65259	8.3551	
2.66174	8.36395	
2.64954	8.35846	
2.67273	8.36823	
2.65503	8.36792	
2.66144	8.33618	
2.65564	8.36395	
2.66052	8.34747	
2.66205	8.35693	
2.65381	8.35022	
2.66693	8.35785	
2.65594	8.36395	
2.65961	8.35266	
2.65167	8.35724	
2.66632	8.34381	
2.65411	8.35571	
2.66968	8.34015	
2.66815	8.33679	
2.65839	8.34778	
2.6651	8.35297	
2.65137	8.34351	
2.66418	8.35175	
2.65991	8.35205	
2.65228	8.35419	
2.66418	8.35236	
2.6535	8.33832	
2.66602	8.34991	
2.65533	8.34961	
2.66846	8.34534	
2.65106	8.35327	
2.67212	8.35724	
2.65228	8.34656	
2.66449	8.35052	
2.6651	8.35907	
2.65533	8.35052	
2.65717	8.35175	
2.66724	8.3493	
2.66327	8.34961	
2.65656	8.3493	
2.65625	8.36609	
2.67365	8.36334	
2.65198	8.35388	
2.65869	8.35052	
2.66235	8.35999	
2.65686	8.35052	
2.66693	8.35266	
2.65503	8.36639	
2.65625	8.36578	
2.6651	8.36243	
2.66663	8.35114	
2.65564	8.34991	
2.65808	8.34076	
2.66144	8.34808	
2.6712	8.35022	
2.65717	8.3551	
2.65411	8.35083	
2.66602	8.35815	
2.65717	8.35083	
2.6532	8.33466	
2.66876	8.34747	
2.65625	8.36548	
2.65961	8.33191	
2.66418	8.33252	
2.64709	8.33679	
2.6709	8.34503	
2.66724	8.33862	
2.65198	8.33496	
2.66571	8.33832	
2.65533	8.32458	
2.6651	8.3197	
2.65869	8.33008	
2.65961	8.33344	
2.66541	8.33069	
2.65594	8.34717	
2.66907	8.33282	
2.6535	8.3432	
2.66541	8.34076	
2.66418	8.33405	
2.65564	8.34808	
2.66541	8.33466	
2.65381	8.3429	
2.65991	8.34686	
2.65533	8.34747	
2.66571	8.34625	
2.6532	8.35052	
2.66266	8.33862	
2.65472	8.34839	
2.66632	8.33618	
2.65472	8.33405	
2.66357	8.33923	
2.66296	8.33801	
2.66296	8.3374	
2.65717	8.33771	
2.66266	8.34595	
2.65625	8.34839	
2.6651	8.33344	
2.65198	8.32947	
2.66754	8.33923	
2.66052	8.32825	
2.66479	8.33618	
2.65656	8.33069	
2.66785	8.32916	
2.64801	8.35236	
2.66235	8.34991	
2.659	8.33008	
2.66602	8.33557	
2.65717	8.3432	
2.66205	8.34137	
2.65625	8.34595	
2.65533	8.33588	
2.66632	8.33435	
2.65991	8.33496	
2.66541	8.33618	
2.6651	8.33984	
2.65045	8.34167	
2.67303	8.34198	
2.65533	8.35602	
2.66815	8.35144	
2.65808	8.35571	
2.65625	8.3429	
2.66479	8.35663	
2.65778	8.34473	
2.66876	8.34625	
2.65808	8.33832	
2.66022	8.32886	
2.66876	8.34717	
2.67151	8.3493	
2.6593	8.34656	
2.66602	8.36212	
2.65442	8.3606	
2.6651	8.34961	
2.65472	8.33618	
2.65656	8.34686	
2.66479	8.33527	
2.65533	8.3432	
2.6651	8.34747	
2.65411	8.3255	
2.66907	8.3371	
2.64923	8.34198	
2.67242	8.3374	
2.65381	8.34961	
2.66571	8.34076	
2.65167	8.34473	
2.66724	8.3432	
2.6532	8.34076	
2.66571	8.33832	
2.65656	8.34229	
2.66968	8.34961	
2.66174	8.33679	
2.65686	8.34473	
2.66479	8.34381	
2.66174	8.34473	
2.66602	8.34869	
2.64923	8.33923	
2.66113	8.3429	
2.67151	8.34625	
2.65625	8.34961	
2.66632	8.349	
2.65533	8.34564	
2.66449	8.35938	
2.66144	8.33344	
2.66052	8.34595	
2.66418	8.35541	
2.65839	8.35022	
2.66815	8.35083	
2.65625	8.34747	
2.66815	8.34625	
2.65808	8.34045	
2.66693	8.34534	
2.64984	8.35632	
2.67303	8.34747	
2.66418	8.33679	
2.66144	8.34625	
2.65961	8.33649	
2.66388	8.35571	
2.66083	8.36182	
2.66144	8.35754	
2.66571	8.36304	
2.65747	8.36243	
2.66693	8.36182	
2.65717	8.35907	
2.66266	8.35175	
2.659	8.33313	
2.66266	8.35144	
2.6532	8.35876	
2.677	8.34808	
2.65839	8.35022	
2.66632	8.35663	
2.66083	8.349	
2.65686	8.33923	
2.66205	8.35388	
2.65625	8.35724	
2.66754	8.35846	
2.65869	8.33984	
2.66541	8.3432	
2.65625	8.34381	
2.66144	8.3374	
2.64954	8.34503	
2.67365	8.35449	
2.65869	8.35449	
2.66632	8.3667	
2.66327	8.35938	
2.67029	8.35175	
2.66022	8.34351	
2.66266	8.35419	
2.65594	8.34473	
2.66785	8.35266	
2.659	8.33801	
2.66815	8.34595	
2.65839	8.35571	
2.6709	8.32764	
2.65869	8.34229	
2.65137	8.34076	
2.67456	8.33496	
2.65289	8.33496	
2.66632	8.33923	
2.65594	8.33893	
2.66388	8.33618	
2.66663	8.3313	
2.65686	8.33771	
2.66388	8.35754	
2.65656	8.35297	
2.66754	8.36212	
2.65594	8.36304	
2.66479	8.35724	
2.65717	8.35602	
2.67212	8.35236	
2.64893	8.35602	
2.67761	8.35846	
2.65625	8.3609	
2.66754	8.36395	
2.65289	8.36578	
2.66602	8.36029	
2.66205	8.36517	
2.66052	8.3667	
2.66602	8.38776	
2.65564	8.35297	
2.66174	8.36731	
2.66937	8.37372	
2.65747	8.37524	
2.65076	8.35602	
2.67059	8.367	
2.65686	8.35632	
2.66052	8.36578	
2.66876	8.36029	
2.65564	8.35144	
2.66418	8.36182	
2.66602	8.35083	
2.66388	8.36456	
2.65594	8.35297	
2.67059	8.367	
2.65686	8.36121	
2.66022	8.35999	
2.66357	8.35754	
2.66144	8.38806	
2.65167	8.37219	
2.67029	8.37402	
2.66296	8.35876	
2.65808	8.35968	
2.66693	8.37189	
2.65808	8.35297	
2.65991	8.35785	
2.66266	8.37708	
2.65594	8.37311	
2.66571	8.367	
2.65686	8.36121	
2.66876	8.35602	
2.659	8.3551	
2.66388	8.35144	
2.66846	8.35358	
2.65778	8.34991	
2.66998	8.35114	
2.65076	8.36853	
2.67731	8.35205	
2.66083	8.35632	
2.66266	8.35419	
2.66724	8.36151	
2.65747	8.36395	
2.65472	8.35358	
2.66144	8.3493	
2.67059	8.36517	
2.66266	8.37708	
2.66022	8.37708	
2.65686	8.35999	
2.66968	8.3606	
2.66571	8.36273	
2.65625	8.37341	
2.66815	8.36914	
2.65869	8.37067	
2.66998	8.36029	
2.65503	8.34808	
2.67914	8.36456	
2.66907	8.36395	
2.66113	8.3609	
2.66479	8.36365	
2.66022	8.36426	
2.66479	8.35999	
2.65869	8.37006	
2.66449	8.37921	
2.66266	8.36884	
2.65625	8.35785	
2.67181	8.37128	
2.65625	8.3783	
2.66235	8.36914	
2.66174	8.37738	
2.66815	8.36517	
2.65137	8.36517	
2.66876	8.35999	
2.67578	8.35968	
2.66632	8.3609	
2.66571	8.37952	
2.66815	8.36914	
2.6651	8.36243	
2.659	8.36273	
2.66327	8.36029	
2.66815	8.35724	
2.65594	8.36273	
2.66022	8.36884	
2.66693	8.36243	
2.66266	8.36151	
2.66449	8.36487	
2.67426	8.34808	
2.66968	8.36517	
2.65137	8.37494	
2.67487	8.3548	
2.66785	8.37463	
2.65594	8.36151	
2.67029	8.35632	
2.65808	8.3667	
2.66907	8.36853	
2.66632	8.35571	
2.66174	8.35663	
2.66724	8.34229	
2.66052	8.35815	
2.65808	8.35358	
2.66174	8.37158	
2.66968	8.35205	
2.66937	8.3493	
2.65808	8.36121	
2.66418	8.34351	
2.67181	8.35968	
2.66144	8.34381	
2.66724	8.35358	
2.66663	8.35358	
2.65076	8.35052	
2.66724	8.34961	
2.6767	8.36273	
2.66327	8.34656	
2.65808	8.34167	
2.66052	8.34473	
2.66785	8.34839	
2.66296	8.34412	
2.67029	8.34259	
2.66388	8.34961	
2.65869	8.3609	
2.66876	8.36487	
2.66174	8.37433	
2.65717	8.35266	
2.66846	8.35632	
2.66022	8.37036	
2.66632	8.3725	
2.66968	8.36731	
2.66388	8.34839	
2.67151	8.3551	
2.66296	8.37036	
2.66418	8.35388	
2.67639	8.35876	
2.65625	8.36945	
2.659	8.36609	
2.66815	8.37463	
2.66571	8.36365	
2.66052	8.37219	
2.66266	8.36487	
2.6712	8.36853	
2.66052	8.37189	
2.66144	8.36456	
2.66296	8.36029	
2.66876	8.36273	
2.67212	8.36853	
2.65778	8.35693	
2.66449	8.38135	
2.66968	8.37006	
2.65869	8.37372	
2.66663	8.37067	
2.67029	8.38074	
2.65533	8.37921	
2.65411	8.3902	
2.67731	8.37311	
2.677	8.3606	
2.67365	8.36731	
2.6651	8.37433	
2.66632	8.37433	
2.65778	8.36823	
2.66937	8.36853	
2.67029	8.36273	
2.65961	8.35968	
2.6651	8.36212	
2.66205	8.37341	
2.65747	8.36182	
2.66937	8.38196	
2.67212	8.37219	
2.65991	8.37769	
2.66846	8.37128	
2.66998	8.36823	
2.659	8.36182	
2.66937	8.36548	
2.66205	8.36212	
2.66052	8.35358	
2.67914	8.35938	
2.659	8.36548	
2.66907	8.36456	
2.66907	8.36365	
2.65991	8.36884	
2.66998	8.36212	
2.66876	8.36609	
2.66113	8.35419	
2.65259	8.35266	
2.66602	8.36151	
2.6593	8.36761	
2.66327	8.36334	
2.67029	8.37524	
2.66663	8.36212	
2.65594	8.367	
2.67242	8.35968	
2.66663	8.36517	
2.66724	8.36151	
2.67456	8.36212	
2.65869	8.37097	
2.65442	8.37219	
2.68372	8.35541	
2.66266	8.35663	
2.65839	8.34808	
2.66937	8.3551	
2.66785	8.34259	
2.65961	8.35022	
2.66968	8.35693	
2.66876	8.36609	
2.66052	8.34381	
2.66266	8.34961	
2.6651	8.34991	
2.67303	8.36243	
2.66052	8.35876	
2.67365	8.35358	
2.66541	8.3551	
2.66174	8.37311	
2.6651	8.37494	
2.66998	8.36456	
2.66815	8.35571	
2.66418	8.35541	
2.66846	8.35541	
2.66296	8.35968	
2.65411	8.35754	
2.65289	8.33984	
2.67639	8.3609	
2.6712	8.36823	
2.66785	8.35205	
2.66174	8.3728	
2.66205	8.37555	
2.67395	8.36395	
2.66235	8.36426	
2.66846	8.37555	
2.66418	8.36365	
2.66418	8.37067	
2.66937	8.35938	
2.6709	8.35999	
2.67456	8.37311	
2.66113	8.37769	
2.6712	8.37433	
2.65839	8.36761	
2.659	8.37921	
2.67456	8.37097	
2.67151	8.35297	
2.67914	8.36639	
2.66327	8.37128	
2.66724	8.35541	
2.66418	8.35205	
2.65869	8.3551	
2.67365	8.35876	
2.67212	8.3606	
2.66144	8.36395	
2.66754	8.37463	
2.66174	8.37494	
2.67273	8.37006	
2.67212	8.35999	
2.66327	8.35968	
2.67059	8.36365	
2.66205	8.35938	
2.659	8.36975	
2.6709	8.35693	
2.66327	8.35541	
2.66052	8.3667	
2.67639	8.36456	
2.66022	8.3609	
2.6709	8.37494	
2.66449	8.37952	
2.66663	8.36548	
2.67212	8.37616	
2.66998	8.36975	
2.66113	8.36304	
2.66388	8.38196	
2.66663	8.36975	
2.65594	8.38562	
2.66754	8.36578	
2.67181	8.38104	
2.65442	8.36853	
2.66418	8.3609	
2.67029	8.36731	
2.66907	8.36395	
2.67059	8.36334	
2.66541	8.36273	
2.66357	8.36945	
2.67822	8.35938	
2.67548	8.35632	
2.66418	8.3609	
2.66296	8.36761	
2.66876	8.35724	
2.66235	8.36517	
2.65747	8.36823	
2.66754	8.3609	
2.6709	8.35419	
2.66937	8.34991	
2.65991	8.35754	
2.66388	8.35785	
2.66754	8.37219	
2.66449	8.37219	
2.66937	8.37006	
2.67487	8.38196	
2.66907	8.36731	
2.66205	8.34778	
2.66235	8.35327	
2.6651	8.34839	
2.67303	8.35419	
2.66449	8.34778	
2.66296	8.36212	
2.66876	8.35022	
2.66724	8.33374	
2.65747	8.35938	
2.66602	8.34351	
2.68066	8.35236	
2.67761	8.35083	
2.66388	8.35815	
2.66327	8.35663	
2.67242	8.35052	
2.65717	8.33374	
2.66022	8.35846	
2.67303	8.35846	
2.66724	8.35327	
2.66022	8.35693	
2.66205	8.35968	
2.66602	8.3551	
2.66754	8.3609	
2.66083	8.34259	
2.66113	8.34747	
2.67242	8.36029	
2.66205	8.349	
2.66266	8.35022	
2.66815	8.35083	
2.66357	8.35907	
2.66724	8.36761	
2.66418	8.36517	
2.66205	8.36945	
2.66785	8.35449	
2.66663	8.36212	
2.66754	8.36609	
2.66998	8.349	
2.66693	8.3606	
2.65656	8.35785	
2.66174	8.35541	
2.68127	8.36975	
2.68127	8.36243	
2.67975	8.35663	
2.68158	8.35175	
2.67059	8.35724	
2.67731	8.36029	
2.6825	8.36182	
2.67792	8.35602	
2.67578	8.35388	
2.66083	8.35938	
2.66754	8.36212	
2.66418	8.37341	
2.66449	8.35968	
2.66632	8.37128	
2.66846	8.36151	
2.6709	8.367	
2.66968	8.35052	
2.66876	8.36334	
2.66174	8.36578	
2.66174	8.36243	
2.66846	8.35022	
2.67303	8.35144	
2.67242	8.36761	
2.66449	8.35327	
2.66022	8.33954	
2.66602	8.34015	
2.65961	8.35297	
2.659	8.34351	
2.66968	8.35114	
2.67456	8.34381	
2.65808	8.34351	
2.66052	8.33008	
2.67273	8.33862	
2.67029	8.34808	
2.67029	8.33923	
2.67273	8.34717	
2.66632	8.33374	
2.66327	8.3432	
2.66998	8.35876	
2.67487	8.34351	
2.66754	8.34564	
2.66449	8.34473	
2.65564	8.34534	
2.6651	8.35083	
2.67853	8.34198	
2.67944	8.34442	
2.67487	8.35144	
2.67151	8.35144	
2.66205	8.35449	
2.66815	8.35297	
2.66479	8.34259	
2.67365	8.34167	
2.66754	8.32306	
2.66785	8.34412	
2.67456	8.34167	
2.67059	8.34167	
2.66296	8.33527	
2.66571	8.34351	
2.66052	8.33984	
2.66388	8.35297	
2.66632	8.35052	
2.67181	8.33618	
2.66907	8.349	
2.66449	8.33832	
2.67242	8.34381	
2.6712	8.3374	
2.67181	8.34076	
2.6709	8.34076	
2.66144	8.33862	
2.6651	8.32733	
2.66754	8.34869	
2.66937	8.34442	
2.66327	8.34625	
2.67059	8.33679	
2.66815	8.35022	
2.67029	8.33923	
2.6712	8.35602	
2.66876	8.3371	
2.66266	8.3493	
2.6709	8.35785	
2.66418	8.34259	
2.66418	8.34259	
2.66449	8.33862	
2.67487	8.3371	
2.67456	8.36548	
2.67487	8.34778	
2.66632	8.3429	
2.66266	8.36487	
2.67426	8.349	
2.66815	8.35327	
2.66998	8.34869	
2.67151	8.34961	
2.66998	8.32916	
2.66754	8.33649	
2.66846	8.34991	
2.66266	8.34808	
2.66388	8.34015	
2.65869	8.3371	
2.66418	8.32489	
2.66693	8.34015	
2.66449	8.35052	
2.67212	8.34717	
2.67609	8.34503	
2.65991	8.33557	
2.65839	8.34106	
2.65594	8.34656	
2.65442	8.33374	
2.66449	8.35175	
2.68097	8.34076	
2.68097	8.33466	
2.67181	8.33099	
2.65411	8.34167	
2.66479	8.34656	
2.66937	8.34625	
2.67395	8.32855	
2.67822	8.3429	
2.65747	8.3374	
2.66113	8.32672	
2.66235	8.33282	
2.65717	8.33954	
2.66174	8.34137	
2.66418	8.33923	
2.66083	8.35236	
2.66235	8.34686	
2.66327	8.35693	
2.67426	8.33496	
2.67303	8.34045	
2.67761	8.34961	
2.67303	8.33527	
2.6709	8.33588	
2.66968	8.33862	
2.66663	8.34686	
2.66663	8.3493	
2.66907	8.33618	
2.66693	8.35114	
2.66876	8.35052	
2.66418	8.34747	
2.6651	8.34808	
2.66083	8.3548	
2.66113	8.35663	
2.66754	8.37311	
2.6712	8.35846	
2.67731	8.35144	
2.67487	8.34991	
2.67487	8.34167	
2.66632	8.35449	
2.66663	8.34503	
2.66449	8.35449	
2.67181	8.34045	
2.66327	8.34869	
2.6651	8.33618	
2.67426	8.34839	
2.6709	8.33221	
2.66754	8.34625	
2.66724	8.34442	
2.67303	8.34473	
2.67334	8.34473	
2.66907	8.34839	
2.66693	8.35297	
2.66418	8.36487	
2.66327	8.35052	
2.67029	8.36304	
2.67578	8.35663	
2.66418	8.36304	
2.66815	8.36456	
2.66022	8.35724	
2.65991	8.35663	
2.65625	8.3548	
2.65991	8.35693	
2.6712	8.35327	
2.66113	8.35541	
2.67548	8.35205	
2.68127	8.3493	
2.6828	8.36151	
2.67731	8.35022	
2.67181	8.34839	
2.67944	8.34717	
2.68036	8.35419	
2.66693	8.36273	
2.66449	8.35052	
2.67853	8.34198	
2.66541	8.36121	
2.66541	8.35876	
2.66479	8.35144	
2.66937	8.36578	
2.6709	8.35083	
2.66998	8.34839	
2.67212	8.34137	
2.67365	8.35144	
2.67212	8.34198	
2.66724	8.34015	
2.67365	8.34106	
2.6712	8.34869	
2.67609	8.33649	
2.67365	8.34778	
2.67029	8.349	
2.6709	8.34808	
2.66449	8.34869	
2.66968	8.34076	
2.66998	8.34412	
2.66418	8.33832	
2.66388	8.34473	
2.66541	8.35358	
2.66907	8.34747	
2.67426	8.35876	
2.67365	8.34137	
2.66876	8.33374	
2.66876	8.34717	
2.66785	8.34412	
2.67212	8.34961	
2.66602	8.35022	
2.66449	8.36273	
2.66602	8.35938	
2.66785	8.33832	
2.66846	8.33893	
2.66907	8.3316	
2.6712	8.35052	
2.66785	8.349	
2.66998	8.34656	
2.67212	8.34137	
2.66693	8.33282	
2.66571	8.33099	
2.66541	8.32977	
2.66327	8.32458	
2.66876	8.34351	
2.68005	8.34808	
2.6767	8.33496	
2.67731	8.3255	
2.67548	8.32123	
2.67517	8.33313	
2.66663	8.33038	
2.66724	8.3316	
2.67609	8.3313	
2.67792	8.3316	
2.68036	8.34656	
2.67578	8.33435	
2.67212	8.3316	
2.6709	8.33099	
2.67578	8.33038	
2.67426	8.3374	
2.67029	8.34106	
2.67487	8.32916	
2.67303	8.3493	
2.68402	8.34442	
2.6651	8.34381	
2.66479	8.34015	
2.6651	8.33649	
2.66205	8.33527	
2.66266	8.32977	
2.66693	8.34015	
2.66388	8.32855	
2.66602	8.33862	
2.68005	8.3313	
2.67731	8.33221	
2.67578	8.33069	
2.67181	8.32184	
2.66602	8.33496	
2.67334	8.33527	
2.6712	8.33435	
2.66846	8.32947	
2.66174	8.33008	
2.6651	8.33649	
2.67395	8.34473	
2.67365	8.33771	
2.67334	8.33832	
2.67426	8.32581	
2.66693	8.3255	
2.67395	8.34229	
2.66663	8.34442	
2.66693	8.33557	
2.66266	8.32092	
2.66785	8.33313	
2.67303	8.32214	
2.66785	8.33435	
2.66754	8.3432	
2.66449	8.32611	
2.66785	8.32123	
2.66937	8.3255	
2.67151	8.33954	
2.66235	8.33405	
2.66846	8.31848	
2.67059	8.32977	
2.66449	8.32581	
2.66846	8.33557	
2.66724	8.32825	
2.66693	8.32153	
2.67395	8.32367	
2.67456	8.31146	
2.67639	8.31268	
2.67487	8.32733	
2.67212	8.31696	
2.66785	8.32062	
2.66632	8.33588	
2.66357	8.33771	
2.66235	8.33069	
2.66998	8.3197	
2.67395	8.32855	
2.67578	8.32306	
2.66571	8.33923	
2.67578	8.33282	
2.67395	8.32306	
2.67151	8.31268	
2.6709	8.31177	
2.66846	8.32306	
2.66815	8.32001	
2.66602	8.31848	
2.67059	8.32184	
2.67395	8.31055	
2.66815	8.32336	
2.65991	8.32764	
2.66235	8.31787	
2.66296	8.33588	
2.66388	8.31268	
2.68219	8.31329	
2.68219	8.3075	
2.68463	8.30811	
2.67303	8.3197	
2.677	8.31512	
2.67059	8.302	
2.66998	8.32275	
2.67334	8.31055	
2.66907	8.3136	
2.66327	8.30811	
2.66724	8.30811	
2.66357	8.32275	
2.66785	8.30139	
2.67761	8.30383	
2.67273	8.31146	
2.67334	8.33038	
2.67365	8.31329	
2.67609	8.33313	
2.67456	8.30902	
2.67609	8.32214	
2.66968	8.32397	
2.67578	8.31146	
2.67731	8.32367	
2.66632	8.32733	
2.6651	8.32794	
2.66388	8.33191	
2.66296	8.32336	
2.67578	8.32245	
2.68372	8.33557	
2.66998	8.33313	
2.68219	8.32245	
2.68158	8.32306	
2.68005	8.3075	
2.6825	8.31299	
2.67883	8.30078	
2.65961	8.302	
2.65686	8.31635	
2.6593	8.31207	
2.6651	8.29956	
2.65686	8.31879	
2.66144	8.31207	
2.68097	8.31848	
2.6712	8.3197	
2.66632	8.30719	
2.65686	8.31818	
2.67303	8.30292	
2.67731	8.32581	
2.67548	8.32245	
2.67242	8.31207	
2.67365	8.34137	
2.66968	8.3252	
2.6709	8.32153	
2.66663	8.31055	
2.6712	8.3194	
2.67151	8.31573	
2.66663	8.29132	
2.66632	8.30902	
2.6709	8.31116	
2.67426	8.31482	
2.6767	8.32062	
2.67303	8.30078	
2.67212	8.29468	
2.67426	8.30933	
2.68127	8.31573	
2.677	8.32336	
2.6767	8.31299	
2.67944	8.30444	
2.66998	8.32428	
2.67395	8.31116	
2.67578	8.31543	
2.66876	8.31879	
2.66479	8.31116	
2.66327	8.30017	
2.66235	8.30353	
2.66388	8.3017	
2.66541	8.3197	
2.66205	8.32123	
2.66693	8.32214	
2.67578	8.3194	
2.67242	8.31726	
2.67548	8.32275	
2.67578	8.31512	
2.67456	8.31024	
2.67181	8.30719	
2.68158	8.30231	
2.66998	8.31024	
2.67151	8.29681	
2.67029	8.30322	
2.66663	8.31451	
2.66235	8.30627	
2.66418	8.31055	
2.66754	8.30261	
2.66724	8.31177	
2.66479	8.30414	
2.67334	8.33069	
2.67029	8.30994	
2.66632	8.31665	
2.66449	8.31909	
2.66113	8.31116	
2.66693	8.30444	
2.66968	8.32764	
2.66998	8.29987	
2.66815	8.31299	
2.66754	8.31879	
2.66846	8.30933	
2.66449	8.31055	
2.67548	8.32489	
2.67426	8.33374	
2.68341	8.32092	
2.68036	8.31512	
2.677	8.32581	
2.67395	8.32367	
2.66876	8.31573	
2.66602	8.31207	
2.67029	8.31238	
2.66388	8.32275	
2.66693	8.30261	
2.67761	8.31879	
2.66724	8.31818	
2.66663	8.31757	
2.6709	8.31421	
2.66449	8.31909	
2.66663	8.31726	
2.67487	8.33313	
2.67517	8.33069	
2.67181	8.31726	
2.677	8.3136	
2.6767	8.30841	
2.67853	8.30658	
2.67426	8.31604	
2.66998	8.30688	
2.67151	8.31299	
2.6712	8.30139	
2.66418	8.3075	
2.67181	8.3139	
2.66418	8.30719	
2.66846	8.3017	
2.66449	8.32825	
2.66785	8.32306	
2.67426	8.32397	
2.67731	8.31818	
2.67578	8.32947	
2.6828	8.31665	
2.67731	8.31696	
2.67181	8.34015	
2.67517	8.3316	
2.66815	8.32367	
2.66602	8.32733	
2.66663	8.32611	
2.67029	8.30261	
2.67517	8.30902	
2.67059	8.30719	
2.67242	8.31207	
2.67609	8.30536	
2.67273	8.31238	
2.66907	8.30322	
2.66815	8.30353	
2.66785	8.30902	
2.67761	8.3136	
2.67731	8.2962	
2.67822	8.31146	
2.67303	8.31085	
2.67944	8.31207	
2.68005	8.32214	
2.67517	8.30902	
2.6767	8.33038	
2.67212	8.32916	
2.66724	8.33191	
2.66876	8.33557	
2.67242	8.32062	
2.67334	8.32275	
2.66846	8.31848	
2.66632	8.33191	
2.67212	8.32245	
2.66205	8.3255	
2.66571	8.3252	
2.66632	8.31116	
2.67059	8.31207	
2.66998	8.31848	
2.66541	8.31512	
2.67365	8.31451	
2.67212	8.31085	
2.67456	8.32336	
2.67548	8.32733	
2.6712	8.30719	
2.67181	8.3136	
2.68158	8.32397	
2.66907	8.3197	
2.67792	8.30994	
2.66998	8.31085	
2.67761	8.31543	
2.67822	8.3078	
2.67944	8.31696	
2.67242	8.3252	
2.67548	8.33527	
2.66449	8.33374	
2.66937	8.31757	
2.66541	8.32245	
2.67517	8.32275	
2.66968	8.33099	
2.6767	8.32916	
2.69073	8.34167	
2.68707	8.34595	
2.67914	8.33801	
2.68768	8.3252	
2.66357	8.33344	
2.65594	8.31146	
2.67548	8.33069	
2.67303	8.33923	
2.67212	8.33099	
2.66815	8.3374	
2.67883	8.32916	
2.67273	8.32703	
2.67578	8.32428	
2.67273	8.31024	
2.677	8.33466	
2.67181	8.32886	
2.67853	8.33954	
2.67792	8.33099	
2.68127	8.31757	
2.677	8.32642	
2.67303	8.34534	
2.66876	8.32428	
2.68158	8.32611	
2.67883	8.33069	
2.67548	8.33282	
2.66785	8.32642	
2.66846	8.33344	
2.67517	8.31635	
2.66968	8.32916	
2.67456	8.33069	
2.66876	8.3252	
2.66968	8.32062	
2.67426	8.32611	
2.68219	8.32642	
2.67853	8.33771	
2.67883	8.32794	
2.67151	8.32092	
2.66998	8.32062	
2.66541	8.32367	
2.67212	8.3197	
2.66632	8.32214	
2.66602	8.30933	
2.67151	8.30597	
2.67639	8.3197	
2.67731	8.31329	
2.67975	8.3078	
2.67273	8.3078	
2.66754	8.30688	
2.66815	8.31421	
2.6651	8.32336	
2.67426	8.3194	
2.6889	8.30627	
2.68768	8.3194	
2.68341	8.3075	
2.677	8.31543	
2.67731	8.32397	
2.67609	8.31116	
2.66602	8.30627	
2.66907	8.29987	
2.66449	8.29376	
2.65747	8.32153	
2.66571	8.30566	
2.66418	8.31635	
2.67334	8.29803	
2.67975	8.32062	
2.67029	8.31299	
2.66998	8.29315	
2.67456	8.31055	
2.67914	8.31879	
2.68097	8.32794	
2.66693	8.32642	
2.66541	8.31543	
2.68097	8.31451	
2.66876	8.31177	
2.6709	8.31482	
2.6709	8.32184	
2.67456	8.31238	
2.66754	8.302	
2.67975	8.31543	
2.66785	8.32153	
2.6767	8.31177	
2.67517	8.31696	
2.67334	8.32916	
2.66846	8.32947	
2.67822	8.32825	
2.6712	8.34717	
2.68463	8.33527	
2.67944	8.33649	
2.68707	8.33771	
2.67334	8.33862	
2.66083	8.33832	
2.659	8.34747	
2.67395	8.33832	
2.67242	8.33771	
2.67731	8.34229	
2.67975	8.34015	
2.66937	8.34015	
2.67212	8.32947	
2.67273	8.33466	
2.67761	8.32397	
2.67853	8.32397	
2.67487	8.32703	
2.66754	8.32367	
2.66815	8.31757	
2.67365	8.31848	
2.68219	8.33038	
2.6767	8.33557	
2.66815	8.33466	
2.677	8.32703	
2.67181	8.32916	
2.67242	8.32764	
2.677	8.33801	
2.67426	8.34564	
2.66876	8.33893	
2.66876	8.33527	
2.67426	8.33008	
2.67609	8.32947	
2.67731	8.31879	
2.66754	8.32642	
2.6712	8.32642	
2.6767	8.33252	
2.67761	8.34503	
2.67365	8.32367	
2.67426	8.32794	
2.67303	8.33099	
2.68616	8.32947	
2.67242	8.3252	
2.66296	8.3194	
2.66113	8.32642	
2.67242	8.33618	
2.6828	8.33771	
2.67273	8.3316	
2.67059	8.31726	
2.67853	8.3197	
2.67731	8.32642	
2.67273	8.32092	
2.66815	8.32184	
2.67822	8.31543	
2.67609	8.31421	
2.67792	8.30963	
2.66754	8.31818	
2.67731	8.33466	
2.67731	8.34015	
2.67242	8.33771	
2.66815	8.33496	
2.67853	8.32214	
2.677	8.32092	
2.66724	8.3255	
2.67517	8.30963	
2.67365	8.32184	
2.66968	8.31757	
2.68616	8.32672	
2.66998	8.3197	
2.66235	8.33344	
2.66632	8.32367	
2.67944	8.3252	
2.67242	8.33099	
2.66998	8.33374	
2.68066	8.33923	
2.67212	8.32245	
2.66815	8.31696	
2.68311	8.30505	
2.68188	8.31787	
2.66876	8.31665	
2.67761	8.32428	
2.66754	8.33008	
2.67548	8.32916	
2.68158	8.33282	
2.67365	8.33649	
2.66754	8.33282	
2.6767	8.34656	
2.67456	8.33099	
2.66754	8.34656	
2.67578	8.32764	
2.68616	8.31848	
2.67975	8.33282	
2.66327	8.34015	
2.67212	8.31909	
2.68158	8.32825	
2.67456	8.33466	
2.66846	8.33527	
2.67212	8.32397	
2.67944	8.32153	
2.67731	8.32336	
2.67365	8.32489	
2.67456	8.31635	
2.67578	8.32397	
2.67731	8.32855	
2.66541	8.32123	
2.67792	8.32733	
2.67975	8.33405	
2.68127	8.31818	
2.67456	8.32123	
2.66968	8.31512	
2.677	8.32703	
2.68127	8.3194	
2.67395	8.31787	
2.67059	8.31909	
2.67853	8.31604	
2.68005	8.31451	
2.67792	8.31665	
2.67151	8.31116	
2.67303	8.3136	
2.68158	8.32703	
2.69135	8.32367	
2.68127	8.32001	
2.66296	8.31604	
2.67822	8.31848	
2.67242	8.32123	
2.66907	8.31543	
2.67456	8.30963	
2.68005	8.31116	
2.68036	8.32123	
2.68219	8.3316	
2.67609	8.33191	
2.67303	8.32275	
2.67151	8.33344	
2.68219	8.3194	
2.68219	8.33466	
2.67395	8.32031	
2.67059	8.33466	
2.66998	8.33954	
2.67822	8.33618	
2.67822	8.33191	
2.67334	8.33649	
2.67242	8.33313	
2.67273	8.33557	
2.67181	8.33832	
2.67426	8.34137	
2.67853	8.34167	
2.66937	8.34595	
2.66632	8.34564	
2.67029	8.33588	
2.66846	8.34442	
2.67303	8.33679	
2.68585	8.33405	
2.68799	8.35144	
2.6825	8.35571	
2.66846	8.34259	
2.66235	8.34717	
2.66602	8.35052	
2.67975	8.34625	
2.67242	8.33435	
2.677	8.32855	
2.66876	8.33923	
2.67181	8.35083	
2.67914	8.33771	
2.67273	8.34106	
2.67792	8.3432	
2.67761	8.35815	
2.66815	8.34137	
2.67975	8.34747	
2.6825	8.33893	
2.67517	8.33374	
2.6712	8.34503	
2.67792	8.33099	
2.66876	8.33862	
2.67639	8.34076	
2.67303	8.34961	
2.66479	8.32672	
2.66907	8.33893	
2.67822	8.35205	
2.67731	8.35052	
2.66876	8.34808	
2.67914	8.34717	
2.67853	8.33771	
2.67548	8.32581	
2.68097	8.33069	
2.67181	8.32794	
2.68066	8.3432	
2.67303	8.35052	
2.66724	8.32428	
2.68097	8.33191	
2.68311	8.33618	
2.67273	8.32672	
2.67731	8.34259	
2.67883	8.32245	
2.66815	8.34656	
2.67456	8.33984	
2.67365	8.33771	
2.66602	8.32825	
2.68005	8.3316	
2.66937	8.33344	
2.67273	8.33984	
2.68188	8.32794	
2.6886	8.33893	
2.6886	8.33191	
2.65961	8.33954	
2.67731	8.33649	
2.67395	8.33649	
2.67334	8.33282	
2.67578	8.33496	
2.67578	8.33557	
2.67059	8.32764	
2.677	8.33923	
2.6828	8.34259	
2.66968	8.34137	
2.67914	8.34686	
2.67029	8.33649	
2.67365	8.33649	
2.68036	8.3371	
2.67944	8.33618	
2.68219	8.3313	
2.67212	8.33344	
2.677	8.33252	
2.68097	8.34137	
2.677	8.35754	
2.66571	8.34412	
2.67334	8.34839	
2.6828	8.33984	
2.66266	8.34991	
2.6712	8.33832	
2.67334	8.32703	
2.67242	8.32611	
2.67212	8.34503	
2.66754	8.34503	
2.68097	8.33649	
2.66998	8.35419	
2.67303	8.33862	
2.68402	8.34198	
2.67426	8.33069	
2.67487	8.33038	
2.67914	8.31024	
2.68402	8.32886	
2.66815	8.32886	
2.67853	8.32855	
2.67731	8.33832	
2.67487	8.32916	
2.68921	8.33801	
2.66602	8.34686	
2.67914	8.3316	
2.68066	8.31787	
2.67334	8.3374	
2.67029	8.3429	
2.67029	8.32886	
2.67548	8.33557	
2.67944	8.34015	
2.66754	8.33832	
2.67029	8.3313	
2.6767	8.3374	
2.68311	8.32794	
2.67517	8.33099	
2.6712	8.33984	
2.67914	8.32642	
2.67365	8.32581	
2.67853	8.34076	
2.68402	8.33405	
2.68158	8.32642	
2.67731	8.32214	
2.67212	8.33191	
2.66693	8.32703	
2.68066	8.33618	
2.66693	8.30963	
2.68555	8.32733	
2.677	8.33649	
2.66418	8.34076	
2.67151	8.32794	
2.6828	8.32581	
2.67334	8.32123	
2.66998	8.33649	
2.67517	8.32794	
2.68036	8.32886	
2.66754	8.33557	
2.67395	8.33618	
2.6828	8.32153	
2.66479	8.33191	
2.66998	8.33771	
2.67975	8.33893	
2.66968	8.32703	
2.67212	8.33527	
2.67456	8.32397	
2.67639	8.31146	
2.68127	8.32153	
2.67883	8.34381	
2.66968	8.34412	
2.6825	8.33923	
2.6825	8.31787	
2.66876	8.33008	
2.66937	8.32367	
2.68585	8.3371	
2.68799	8.34167	
2.6651	8.33405	
2.67303	8.33252	
2.67548	8.32153	
2.67273	8.34015	
2.67822	8.32275	
2.68158	8.33435	
2.68158	8.3374	
2.6767	8.32916	
2.67059	8.32092	
2.66907	8.35327	
2.67487	8.34076	
2.67334	8.33984	
2.68066	8.33923	
2.68097	8.34473	
2.66907	8.33923	
2.67303	8.33862	
2.67487	8.34564	
2.67212	8.3374	
2.677	8.34229	
2.67914	8.34839	
2.66937	8.33588	
2.6712	8.34778	
2.68555	8.32733	
2.66449	8.32825	
2.67792	8.33344	
2.66998	8.34198	
2.67731	8.3371	
2.67426	8.33008	
2.66754	8.3374	
2.68097	8.34625	
2.67151	8.34167	
2.66937	8.33008	
2.67609	8.34045	
2.67731	8.34503	
2.66907	8.35541	
2.67395	8.3313	
2.68158	8.33984	
2.66724	8.34106	
2.67365	8.34259	
2.68097	8.32153	
2.67029	8.34381	
2.68402	8.3255	
2.68066	8.31635	
2.67242	8.32336	
2.67303	8.31665	
2.68524	8.34198	
2.67456	8.31848	
2.67181	8.31787	
2.68158	8.32794	
2.67487	8.32153	
2.68066	8.32245	
2.68341	8.32672	
2.66998	8.32153	
2.67853	8.32092	
2.66937	8.33099	
2.67792	8.31818	
2.68097	8.31879	
2.67517	8.32001	
2.67151	8.32672	
2.67944	8.32886	
2.66846	8.32703	
2.68768	8.31757	
2.67181	8.33527	
2.6709	8.32947	
2.68097	8.33588	
2.67151	8.33862	
2.68158	8.32367	
2.66968	8.33618	
2.67303	8.34076	
2.68402	8.33618	
2.67731	8.34839	
2.67395	8.33038	
2.67853	8.32886	
2.67426	8.32428	
2.68433	8.33618	
2.66785	8.35175	
2.67029	8.34991	
2.68097	8.34045	
2.67487	8.33923	
2.68341	8.3493	
2.67548	8.32764	
2.66235	8.34473	
2.68127	8.35236	
2.6712	8.34198	
2.67609	8.33588	
2.6825	8.33435	
2.66846	8.34778	
2.67426	8.34808	
2.68158	8.33191	
2.67303	8.34076	
2.67822	8.33221	
2.67731	8.33374	
2.6709	8.33618	
2.6712	8.33984	
2.68066	8.34991	
2.66693	8.3432	
2.69165	8.33252	
2.69165	8.31482	
2.67548	8.32489	
2.66876	8.33557	
2.67822	8.34045	
2.67609	8.31665	
2.67822	8.32733	
2.68158	8.31604	
2.67273	8.32062	
2.68707	8.31421	
2.67883	8.33588	
2.67059	8.31696	
2.67883	8.31482	
2.67639	8.31757	
2.67426	8.32153	
2.67944	8.34167	
2.67853	8.3313	
2.66998	8.31696	
2.67975	8.32458	
2.67548	8.31787	
2.68677	8.35175	
2.68494	8.3429	
2.6651	8.33801	
2.68402	8.33923	
2.67334	8.33374	
2.67761	8.33405	
2.67731	8.33801	
2.68433	8.32886	
2.67975	8.32275	
2.67609	8.33191	
2.67914	8.32886	
2.67609	8.33099	
2.67639	8.3197	
2.68097	8.32397	
2.66876	8.33801	
2.68372	8.32794	
2.6886	8.33588	
2.66418	8.33954	
2.68341	8.33038	
2.6712	8.33344	
2.67761	8.34595	
2.6825	8.33527	
2.6712	8.32275	
2.68005	8.34747	
2.68311	8.35419	
2.66998	8.35083	
2.68188	8.33405	
2.67273	8.32947	
2.67914	8.34686	
2.6825	8.3374	
2.67609	8.34869	
2.67822	8.36304	
2.67395	8.33618	
2.68372	8.34259	
2.67761	8.31848	
2.67029	8.32062	
2.68158	8.32916	
2.69104	8.34015	
2.66388	8.33313	
2.66602	8.32336	
2.68829	8.33649	
2.67822	8.33923	
2.6825	8.33466	
2.67914	8.33282	
2.68097	8.35358	
2.68463	8.33588	
2.67975	8.33069	
2.67365	8.32977	
2.67578	8.34778	
2.68036	8.33649	
2.66907	8.33435	
2.67761	8.34412	
2.67426	8.35266	
2.68677	8.35632	
2.67487	8.33191	
2.66937	8.34534	
2.67639	8.33862	
2.67639	8.3374	
2.68463	8.34869	
2.6709	8.35022	
2.68524	8.34656	
2.68372	8.3429	
2.67212	8.32977	
2.67487	8.33069	
2.67792	8.34473	
2.68158	8.35785	
2.67853	8.35052	
2.67395	8.34503	
2.68219	8.35449	
2.68829	8.36823	
2.6889	8.37769	
2.66693	8.36914	
2.68066	8.367	
2.67365	8.36731	
2.68005	8.37799	
2.67365	8.37585	
2.68555	8.36548	
2.6712	8.37311	
2.68127	8.37158	
2.67181	8.38257	
2.68188	8.37708	
2.68402	8.38623	
2.67517	8.39111	
2.68311	8.38715	
2.68005	8.38257	
2.66571	8.37616	
2.68158	8.36731	
2.67456	8.37708	
2.67975	8.37036	
2.67456	8.35938	
2.66968	8.36578	
2.68036	8.37433	
2.67181	8.36273	
2.68036	8.37891	
2.67395	8.37067	
2.6709	8.37067	
2.67303	8.38867	
2.68799	8.37433	
2.66815	8.33954	
2.67242	8.3429	
2.68036	8.35815	
2.67365	8.35266	
2.68188	8.34503	
2.68036	8.35907	
2.67731	8.35052	
2.68616	8.33923	
2.67609	8.3316	
2.67334	8.35022	
2.67273	8.3429	
2.68463	8.35663	
2.67212	8.33191	
2.67914	8.33221	
2.67334	8.32916	
2.69073	8.35327	
2.66479	8.33313	
2.66571	8.349	
2.68585	8.34991	
2.67395	8.34747	
2.677	8.33344	
2.67975	8.33466	
2.68341	8.33893	
2.67853	8.34564	
2.66968	8.34198	
2.68402	8.35327	
2.67456	8.34534	
2.68433	8.33649	
2.68066	8.31604	
2.6712	8.33496	
2.69043	8.33618	
2.67059	8.31635	
2.68372	8.31787	
2.67395	8.33313	
2.68372	8.33496	
2.66998	8.32001	
2.67883	8.33862	
2.66998	8.32306	
2.67822	8.34412	
2.68036	8.34137	
2.67639	8.34503	
2.68036	8.34747	
2.67761	8.34381	
2.68738	8.33557	
2.69287	8.32306	
2.66785	8.32794	
2.68188	8.33557	
2.67456	8.33557	
2.68066	8.33313	
2.65747	8.33679	
2.6825	8.33221	
2.68158	8.32458	
2.68433	8.33679	
2.67365	8.3432	
2.68005	8.34991	
2.67334	8.33099	
2.6825	8.33801	
2.67395	8.34106	
2.69196	8.34625	
2.66571	8.3371	
2.67975	8.3252	
2.67639	8.32764	
2.68005	8.34534	
2.68127	8.34808	
2.67151	8.34747	
2.68066	8.34808	
2.6709	8.36182	
2.68311	8.35175	
2.68066	8.36243	
2.66663	8.35297	
2.68829	8.36334	
2.66693	8.34991	
2.67517	8.35846	
2.67914	8.36304	
2.67975	8.36517	
2.66968	8.36304	
2.68677	8.38226	
2.67273	8.38654	
2.6767	8.38654	
2.6828	8.38074	
2.67426	8.38226	
2.68036	8.38318	
2.6712	8.3606	
2.69226	8.36945	
2.66388	8.37921	
2.68951	8.36548	
2.68066	8.3609	
2.6825	8.349	
2.68768	8.35785	
2.6712	8.35236	
2.67944	8.37402	
2.67517	8.3551	
2.68433	8.34564	
2.67517	8.37372	
2.68311	8.38379	
2.67731	8.3609	
2.67242	8.34381	
2.67273	8.35571	
2.67151	8.35846	
2.68707	8.35602	
2.67578	8.34991	
2.68219	8.34808	
2.6767	8.34381	
2.67944	8.3429	
2.67151	8.34473	
2.67609	8.34412	
2.6712	8.34656	
2.67792	8.34656	
2.6825	8.34045	
2.67639	8.35297	
2.67456	8.35876	
2.68341	8.34412	
2.67426	8.35205	
2.67883	8.34412	
2.67242	8.34351	
2.67517	8.35571	
2.6828	8.3374	
2.67761	8.34747	
2.68524	8.35175	
2.66663	8.34625	
2.68311	8.32703	
2.67975	8.34137	
2.68524	8.32947	
2.68799	8.32916	
2.67792	8.31909	
2.67639	8.33191	
2.67639	8.32001	
2.68158	8.34229	
2.68158	8.32306	
2.67548	8.31482	
2.6828	8.32886	
2.68158	8.31573	
2.68951	8.32764	
2.68616	8.31604	
2.67853	8.32611	
2.67822	8.33679	
2.67212	8.33832	
2.67487	8.34625	
2.67761	8.3374	
2.68494	8.33496	
2.67151	8.33862	
2.67059	8.33191	
2.69073	8.32794	
2.67761	8.32916	
2.68311	8.33038	
2.68524	8.32703	
2.68036	8.33282	
2.67456	8.34137	
2.67822	8.33801	
2.67426	8.34229	
2.67914	8.32977	
2.6828	8.31787	
2.67273	8.31665	
2.67853	8.32428	
2.66998	8.33313	
2.69073	8.31726	
2.66418	8.32275	
2.67853	8.33832	
2.68402	8.35175	
2.68066	8.35663	
2.67456	8.34137	
2.68616	8.35388	
2.67792	8.3429	
2.67548	8.34412	
2.67761	8.34442	
2.68097	8.35815	
2.6825	8.33771	
2.6828	8.34625	
2.68463	8.35358	
2.67639	8.35938	
2.68799	8.34564	
2.67578	8.34869	
2.68616	8.3548	
2.67578	8.36334	
2.68585	8.34473	
2.677	8.35754	
2.68005	8.3493	
2.67975	8.34839	
2.66907	8.34381	
2.68372	8.35693	
2.6712	8.34961	
2.67883	8.34015	
2.66815	8.35266	
2.68463	8.33069	
2.67975	8.34106	
2.67395	8.34564	
2.68585	8.34625	
2.6712	8.35602	
2.68097	8.34351	
2.6825	8.34351	
2.67029	8.35693	
2.66907	8.34839	
2.69257	8.33954	
2.66968	8.34412	
2.68829	8.33435	
2.67487	8.32581	
2.677	8.33374	
2.67517	8.35327	
2.68677	8.35175	
2.67426	8.34961	
2.67548	8.34625	
2.6825	8.34961	
2.68097	8.35144	
2.68677	8.35449	
2.66632	8.35358	
2.68585	8.34198	
2.67578	8.33374	
2.6828	8.34106	
2.67181	8.35083	
2.68341	8.35052	
2.67639	8.33984	
2.67944	8.33954	
2.68402	8.34259	
2.67365	8.34869	
2.67426	8.35022	
2.69104	8.33435	
2.66632	8.35876	
2.68646	8.34869	
2.67609	8.33313	
2.67853	8.34686	
2.67487	8.34747	
2.68585	8.3609	
2.68005	8.34808	
2.68341	8.36304	
2.67731	8.34686	
2.68738	8.34686	
2.67609	8.3551	
2.67761	8.35724	
2.68555	8.36639	
2.6767	8.33954	
2.6825	8.35388	
2.68372	8.35327	
2.67303	8.35327	
2.6825	8.34747	
2.67822	8.3548	
2.68646	8.34534	
2.677	8.33344	
2.68188	8.35785	
2.6828	8.34534	
2.67944	8.35602	
2.6825	8.35632	
2.67334	8.36182	
2.68188	8.35266	
2.68463	8.35541	
2.67639	8.35754	
2.67517	8.35571	
2.6712	8.35602	
2.67944	8.34595	
2.68158	8.33649	
2.69409	8.34869	
2.66968	8.34106	
2.68219	8.34229	
2.67517	8.34625	
2.68341	8.34625	
2.6767	8.33832	
2.68921	8.35175	
2.68036	8.35083	
2.67883	8.35815	
2.67151	8.35876	
2.68463	8.35938	
2.68036	8.34778	
2.66754	8.34229	
2.68616	8.35663	
2.67303	8.35175	
2.69043	8.35144	
2.68921	8.3551	
2.67944	8.3609	
2.67853	8.36761	
2.68463	8.36426	
2.68158	8.36365	
2.68158	8.35693	
2.69409	8.36243	
2.66815	8.35266	
2.68524	8.36365	
2.6825	8.3609	
2.67242	8.36731	
2.67395	8.36212	
2.68097	8.37463	
2.68341	8.36975	
2.67334	8.35693	
2.68066	8.35663	
2.69226	8.37433	
2.67395	8.36517	
2.67761	8.36975	
2.6828	8.37036	
2.67883	8.38348	
2.67487	8.38104	
2.68127	8.39233	
2.68066	8.37372	
2.67426	8.3844	
2.67639	8.37311	
2.69348	8.38318	
2.68219	8.36761	
2.68097	8.36761	
2.68097	8.37646	
2.68829	8.37311	
2.68188	8.39111	
2.68433	8.37158	
2.67731	8.39966	
2.67273	8.37952	
2.6947	8.37433	
2.68433	8.37189	
2.67914	8.37891	
2.67395	8.36761	
2.6828	8.36121	
2.67578	8.36151	
2.67609	8.34686	
2.68738	8.36945	
2.67731	8.36212	
2.67456	8.35754	
2.67975	8.35968	
2.68372	8.3725	
2.67792	8.36517	
2.67517	8.36975	
2.68066	8.36121	
2.67517	8.35724	
2.68768	8.34808	
2.67517	8.3551	
2.68707	8.36151	
2.67822	8.36151	
2.67517	8.35175	
2.67365	8.36182	
2.68311	8.34778	
2.67853	8.35327	
2.67792	8.34045	
2.68066	8.34473	
2.677	8.35144	
2.677	8.35602	
2.6828	8.35327	
2.68158	8.3374	
2.67181	8.34381	
2.68311	8.33832	
2.68402	8.34412	
2.67914	8.33038	
2.6767	8.34167	
2.68219	8.3371	
2.67914	8.3374	
2.68005	8.34106	
2.68707	8.33618	
2.66998	8.33923	
2.67639	8.33435	
2.68921	8.34412	
2.67792	8.33313	
2.67975	8.34747	
2.68005	8.35266	
2.67639	8.33954	
2.68158	8.3432	
2.68311	8.34076	
2.67151	8.34015	
2.67487	8.35205	
2.67944	8.35876	
2.68616	8.34412	
2.68127	8.35571	
2.68005	8.34076	
2.67578	8.35052	
2.66998	8.35876	
2.67609	8.34961	
2.68585	8.35419	
2.67395	8.36029	
2.67059	8.36029	
2.68738	8.36853	
2.67365	8.3609	
2.65961	8.36426	
2.68707	8.36456	
2.68372	8.3606	
2.67731	8.34106	
2.68066	8.34747	
2.68341	8.35541	
2.68463	8.35083	
2.6828	8.35632	
2.66968	8.34595	
2.70416	8.34137	
2.68585	8.35144	
2.67822	8.35083	
2.67456	8.35815	
2.67761	8.35022	
2.68402	8.34106	
2.68158	8.36151	
2.677	8.33954	
2.677	8.34534	
2.68585	8.34595	
2.68188	8.35449	
2.67487	8.35327	
2.677	8.34625	
2.68341	8.34595	
2.68463	8.35052	
2.6767	8.3548	
2.67151	8.35236	
2.67242	8.35724	
2.68524	8.34167	
2.68402	8.35724	
2.67883	8.36121	
2.67365	8.34747	
2.68402	8.34412	
2.68463	8.34686	
2.67303	8.35876	
2.68433	8.35724	
2.69348	8.35907	
2.67792	8.35876	
2.68127	8.35938	
2.68433	8.36945	
2.68738	8.37311	
2.68494	8.36914	
2.67731	8.36334	
2.67487	8.37372	
2.6825	8.36914	
2.69043	8.36304	
2.68646	8.37006	
2.68341	8.38654	
2.67426	8.38287	
2.67273	8.38318	
2.67487	8.36456	
2.68555	8.36792	
2.68799	8.36456	
2.68433	8.36182	
2.67426	8.36578	
2.67792	8.37036	
2.68707	8.38654	
2.68005	8.38257	
2.67609	8.38318	
2.68188	8.39233	
2.68158	8.3902	
2.67548	8.38654	
2.67822	8.38654	
2.69379	8.3902	
2.68463	8.38318	
2.68555	8.38806	
2.67181	8.40179	
2.68585	8.3902	
2.67792	8.38287	
2.67456	8.39172	
2.68036	8.39569	
2.68463	8.39569	
2.68738	8.39233	
2.67426	8.40271	
2.67792	8.39111	
2.68585	8.40027	
2.69012	8.39844	
2.68494	8.40485	
2.69348	8.40424	
2.68738	8.40424	
2.67883	8.40057	
2.66663	8.40271	
2.68066	8.40118	
2.68524	8.40027	
2.67487	8.39935	
2.6886	8.4082	
2.68372	8.40668	
2.67944	8.4021	
2.6825	8.39844	
2.68555	8.4021	
2.69287	8.4082	
2.66296	8.40088	
2.677	8.39233	
2.69104	8.3902	
2.67914	8.38776	
2.68188	8.39233	
2.68677	8.3902	
2.68494	8.39386	
2.68311	8.39661	
2.67944	8.38715	
2.67059	8.38623	
2.68463	8.39142	
2.67853	8.37463	
2.67914	8.37677	
2.67761	8.37982	
2.68341	8.39447	
2.68768	8.38257	
2.6767	8.4082	
2.67822	8.38928	
2.69562	8.39661	
2.68219	8.39722	
2.67944	8.39691	
2.67517	8.37738	
2.67517	8.38684	
2.68066	8.39783	
2.68738	8.38593	
2.67975	8.38318	
2.67334	8.38776	
2.68311	8.3905	
2.68372	8.39325	
2.68219	8.36456	
2.67609	8.38226	
2.6828	8.37463	
2.68372	8.3667	
2.68677	8.38501	
2.67365	8.36945	
2.67609	8.38928	
2.68463	8.37708	
2.68585	8.38226	
2.68372	8.37708	
2.67731	8.39233	
2.68372	8.3905	
2.68158	8.38409	
2.68768	8.37769	
2.67761	8.39142	
2.68311	8.37677	
2.6947	8.38562	
2.68921	8.38501	
2.68005	8.37036	
2.68463	8.38867	
2.68219	8.38684	
2.67853	8.38562	
2.67761	8.35754	
2.68768	8.37769	
2.68433	8.38379	
2.67761	8.36945	
2.67395	8.36517	
2.68372	8.3725	
2.68677	8.38135	
2.67761	8.38196	
2.68341	8.36151	
2.68829	8.36853	
2.68005	8.36609	
2.68127	8.36487	
2.6828	8.36761	
2.67944	8.36578	
2.68463	8.35541	
2.67853	8.35724	
2.67609	8.35663	
2.68402	8.36334	
2.68341	8.36578	
2.68799	8.36853	
2.68372	8.35358	
2.68555	8.35785	
2.6825	8.34656	
2.67914	8.34717	
2.67822	8.36273	
2.69043	8.35297	
2.68341	8.34808	
2.68829	8.35632	
2.6825	8.35266	
2.67944	8.34747	
2.69409	8.35297	
2.67395	8.34412	
2.68524	8.35632	
2.67975	8.34686	
2.67853	8.3548	
2.6828	8.34198	
2.67487	8.34381	
2.68219	8.349	
2.69501	8.34778	
2.68951	8.35602	
2.67578	8.35785	
2.67609	8.36578	
2.67975	8.35419	
2.67914	8.36151	
2.67426	8.34564	
2.67853	8.36029	
2.67639	8.35846	
2.68585	8.36517	
2.68677	8.35388	
2.68463	8.35541	
2.67273	8.35419	
2.67944	8.35419	
2.68219	8.36456	
2.68188	8.36548	
2.69104	8.3548	
2.68402	8.36487	
2.68341	8.34259	
2.67609	8.35541	
2.67578	8.35876	
2.68372	8.36639	
2.68829	8.35175	
2.68036	8.33984	
2.67426	8.35175	
2.69867	8.35358	
2.67517	8.33496	
2.68097	8.3548	
2.67487	8.33191	
2.68494	8.34076	
2.68158	8.35083	
2.67914	8.34503	
2.68372	8.35266	
2.68219	8.34778	
2.69165	8.34381	
2.66937	8.34717	
2.6825	8.33893	
2.68829	8.33221	
2.67731	8.33557	
2.68005	8.34534	
2.68188	8.34595	
2.68494	8.34839	
2.68585	8.3371	
2.69531	8.35083	
2.67151	8.32642	
2.68036	8.33313	
2.68616	8.32733	
2.68921	8.33893	
2.68738	8.33405	
2.6828	8.33893	
2.67853	8.32947	
2.67487	8.33832	
2.69073	8.32703	
2.68463	8.34259	
2.67883	8.33527	
2.67426	8.34045	
2.68799	8.35175	
2.68646	8.34198	
2.68433	8.35175	
2.67731	8.34534	
2.677	8.33832	
2.67151	8.33221	
2.67731	8.32642	
2.67883	8.32916	
2.68646	8.33832	
2.68005	8.35083	
2.68616	8.34717	
2.68951	8.37067	
2.69745	8.34564	
2.68829	8.3606	
2.68341	8.35297	
2.68829	8.34961	
2.68524	8.35541	
2.68555	8.35083	
2.68127	8.34595	
2.68341	8.35724	
2.67883	8.34229	
2.67975	8.33832	
2.68494	8.34137	
2.68951	8.34778	
2.6828	8.349	
2.68555	8.34686	
2.68402	8.33588	
2.69318	8.34717	
2.68311	8.34595	
2.68799	8.3551	
2.67761	8.35754	
2.68097	8.35724	
2.6828	8.34778	
2.67578	8.35144	
2.6825	8.35663	
2.68127	8.34381	
2.68341	8.35754	
2.67609	8.35022	
2.68311	8.3551	
2.6767	8.35052	
2.67487	8.34717	
2.67609	8.35022	
2.68707	8.35297	
2.69135	8.3606	
2.68127	8.34229	
2.68066	8.34503	
2.68677	8.35327	
2.68463	8.35846	
2.6825	8.35175	
2.68555	8.34595	
2.69531	8.36151	
2.67029	8.3667	
2.68311	8.3667	
2.67792	8.35602	
2.68555	8.36548	
2.67761	8.36548	
2.68219	8.36121	
2.68372	8.3548	
2.67883	8.35419	
2.68799	8.36639	
2.68646	8.35846	
2.68616	8.35571	
2.67181	8.35907	
2.68005	8.36121	
2.67731	8.35571	
2.68555	8.35144	
2.67822	8.34808	
2.67456	8.35327	
2.67853	8.37585	
2.67731	8.36365	
2.68066	8.36609	
2.6825	8.3606	
2.68494	8.35052	
2.68555	8.37158	
2.69714	8.36243	
2.68616	8.37128	
2.6825	8.36365	
2.6886	8.37006	
2.68372	8.35419	
2.68646	8.3609	
2.67792	8.35083	
2.67517	8.36853	
2.67731	8.36548	
2.69165	8.36029	
2.68616	8.35999	
2.67426	8.37097	
2.68127	8.36182	
2.68372	8.36731	
2.68799	8.36761	
2.68524	8.36365	
2.69043	8.38867	
2.66876	8.36639	
2.68066	8.36487	
2.68066	8.35358	
2.67853	8.34778	
2.68433	8.34869	
2.68372	8.35419	
2.68219	8.33008	
2.68616	8.3493	
2.69592	8.34015	
2.68433	8.34991	
2.68738	8.35022	
2.6825	8.34869	
2.68341	8.33862	
2.6828	8.34442	
2.67883	8.34686	
2.67822	8.33588	
2.67303	8.35449	
2.68372	8.34473	
2.68555	8.34045	
2.6828	8.34259	
2.68097	8.35236	
2.68433	8.3432	
2.67853	8.35541	
2.67822	8.34076	
2.677	8.34808	
2.67944	8.33923	
2.6828	8.33862	
2.68127	8.33771	
2.68738	8.35449	
2.68829	8.34808	
2.6947	8.33618	
2.68555	8.35052	
2.68738	8.34717	
2.68921	8.34686	
2.6828	8.35327	
2.6886	8.35266	
2.68341	8.35785	
2.68372	8.36304	
2.67242	8.3606	
2.67792	8.35602	
2.68524	8.34412	
2.68524	8.349	
2.68372	8.34412	
2.68616	8.34869	
2.6825	8.36029	
2.69745	8.34778	
2.68585	8.35052	
2.68768	8.34808	
2.67609	8.35632	
2.67548	8.35297	
2.67426	8.35144	
2.67853	8.3551	
2.67761	8.3606	
2.67761	8.3548	
2.67883	8.34656	
2.677	8.34839	
2.67578	8.35449	
2.67975	8.34259	
2.67639	8.34534	
2.67761	8.35205	
2.67914	8.34625	
2.68158	8.34747	
2.6828	8.34167	
2.68951	8.3432	
2.68005	8.33618	
2.68311	8.34198	
2.67761	8.33313	
2.67151	8.34686	
2.67975	8.34595	
2.68738	8.35236	
2.69104	8.34961	
2.68494	8.33588	
2.68677	8.32977	
2.69257	8.34167	
2.69745	8.35052	
2.6828	8.34137	
2.68402	8.35327	
2.68707	8.33618	
2.6828	8.35022	
2.68616	8.35266	
2.6889	8.33862	
2.6947	8.33954	
2.6825	8.34351	
2.68341	8.33374	
2.6825	8.33984	
2.67853	8.33557	
2.67914	8.34137	
2.67792	8.35541	
2.67212	8.34076	
2.67395	8.33862	
2.67456	8.34595	
2.69226	8.35052	
2.68768	8.34808	
2.68738	8.35571	
2.68829	8.34442	
2.68402	8.32764	
2.68188	8.32703	
2.6886	8.3313	
2.68738	8.33405	
2.68219	8.33954	
2.68066	8.34137	
2.6944	8.33435	
2.67578	8.34839	
2.68188	8.34137	
2.68921	8.3316	
2.68555	8.33527	
2.68921	8.34106	
2.68616	8.3316	
2.69501	8.34991	
2.68921	8.3374	
2.68921	8.33374	
2.6889	8.33374	
2.67548	8.35083	
2.67365	8.35693	
2.67975	8.36426	
2.68341	8.34473	
2.68097	8.34137	
2.68005	8.34534	
2.67853	8.32916	
2.68005	8.33405	
2.68372	8.34564	
2.68097	8.34137	
2.68799	8.33435	
2.67456	8.34259	
2.67975	8.32153	
2.67914	8.34503	
2.67853	8.33282	
2.68036	8.33923	
2.68066	8.33771	
2.68341	8.34412	
2.67761	8.35175	
2.67822	8.34656	
2.67517	8.34473	
2.68188	8.33557	
2.68921	8.35785	
2.68616	8.33618	
2.68616	8.35175	
2.68372	8.35236	
2.68677	8.34198	
2.68585	8.35144	
2.68433	8.35266	
2.68616	8.36243	
2.68463	8.35602	
2.69897	8.34991	
2.68311	8.35876	
2.68829	8.36182	
2.68707	8.36456	
2.68463	8.34961	
2.6886	8.35358	
2.68768	8.3609	
2.69562	8.35175	
2.6825	8.35144	
2.68555	8.36243	
2.68585	8.35327	
2.67944	8.36792	
2.68402	8.36151	
2.67975	8.35663	
2.68524	8.34015	
2.68799	8.35754	
2.68768	8.35541	
2.6886	8.3551	
2.68127	8.35052	
2.68555	8.35815	
2.68768	8.35449	
2.7002	8.3606	
2.68341	8.35297	
2.68188	8.35632	
2.68433	8.35358	
2.67914	8.3374	
2.67303	8.34167	
2.67761	8.34381	
2.6767	8.36853	
2.6828	8.36761	
2.67761	8.35236	
2.67761	8.35449	
2.67975	8.36334	
2.67883	8.35358	
2.69226	8.37158	
2.66937	8.35358	
2.67944	8.36517	
2.67944	8.36731	
2.68341	8.34717	
2.68402	8.37189	
2.68677	8.37158	
2.7005	8.3667	
2.68921	8.36212	
2.68768	8.3725	
2.6886	8.37494	
2.69226	8.37311	
2.68768	8.38379	
2.6828	8.35297	
2.677	8.35968	
2.67517	8.37799	
2.68463	8.37891	
2.68127	8.37372	
2.68768	8.39264	
2.67944	8.38989	
2.68005	8.38409	
2.67365	8.38806	
2.68433	8.36945	
2.68616	8.36609	
2.68433	8.37219	
2.68433	8.36731	
2.67914	8.36609	
2.68616	8.3728	
2.68463	8.37799	
2.68219	8.37006	
2.68463	8.36914	
2.68372	8.36639	
2.68799	8.37189	
2.68646	8.367	
2.68555	8.36853	
2.67883	8.37158	
2.68341	8.3667	
2.68311	8.36914	
2.68982	8.35754	
2.69714	8.37311	
2.68402	8.36548	
2.68921	8.36884	
2.69196	8.36365	
2.68677	8.35297	
2.69012	8.35175	
2.69135	8.36792	
2.68005	8.35968	
2.68097	8.37341	
2.68341	8.3725	
2.68066	8.36456	
2.68158	8.3728	
2.677	8.36456	
2.67792	8.36212	
2.67242	8.35724	
2.68402	8.3609	
2.68951	8.35815	
2.68372	8.37128	
2.67761	8.37006	
2.68402	8.35266	
2.68311	8.36029	
2.68829	8.35815	
2.69287	8.36426	
2.67944	8.36304	
2.67944	8.36334	
2.67975	8.37128	
2.67212	8.35571	
2.68005	8.349	
2.67731	8.33984	
2.67944	8.34076	
2.69104	8.35022	
2.67761	8.35602	
2.6709	8.33832	
2.67944	8.34686	
2.67822	8.34625	
2.68738	8.33679	
2.67975	8.34686	
2.67975	8.35114	
2.69379	8.35571	
2.69043	8.33801	
2.69104	8.34381	
2.69226	8.34991	
2.68402	8.35297	
2.67975	8.34106	
2.68127	8.34839	
2.67426	8.34717	
2.68433	8.34839	
2.68768	8.33557	
2.68494	8.34351	
2.67822	8.33466	
2.6828	8.32947	
2.67212	8.33862	
2.68341	8.33771	
2.69043	8.34961	
2.68494	8.34076	
2.68829	8.33618	
2.68799	8.33527	
2.68311	8.34106	
2.68188	8.35083	
2.67822	8.35297	
2.67975	8.3374	
2.6825	8.34351	
2.6886	8.34381	
2.68433	8.35724	
2.68188	8.33588	
2.68433	8.34686	
2.68707	8.36212	
2.69012	8.35541	
2.68372	8.34351	
2.69531	8.35571	
2.68402	8.35175	
2.67944	8.35175	
2.68646	8.34076	
2.68066	8.34381	
2.68585	8.33832	
2.69257	8.34564	
2.68585	8.33557	
2.68799	8.33893	
2.68921	8.32306	
2.67975	8.32306	
2.68066	8.32611	
2.68799	8.32611	
2.68494	8.32092	
2.68921	8.30444	
2.6886	8.32275	
2.68463	8.3139	
2.68158	8.33221	
2.68127	8.3139	
2.67487	8.31207	
2.68616	8.34198	
2.67761	8.31635	
2.69135	8.30963	
2.69073	8.32428	
2.68402	8.32794	
2.69165	8.32092	
2.68433	8.32458	
2.68433	8.33191	
2.68066	8.32825	
2.68555	8.32153	
2.67914	8.32733	
2.68372	8.32672	
2.67395	8.33038	
2.68402	8.3255	
2.67792	8.3371	
2.68829	8.32489	
2.68463	8.3255	
2.68829	8.30902	
2.67212	8.30688	
2.6825	8.31848	
2.68127	8.31421	
2.68829	8.32428	
2.69043	8.33282	
2.68158	8.31909	
2.69806	8.32489	
2.69073	8.31482	
2.68158	8.32947	
2.68066	8.33282	
2.68921	8.32428	
2.68066	8.32611	
2.69714	8.3374	
2.69135	8.32245	
2.68066	8.31848	
2.67761	8.32581	
2.68738	8.33527	
2.67883	8.33771	
2.67609	8.33893	
2.67456	8.33862	
2.68951	8.34717	
2.68585	8.33801	
2.6825	8.35571	
2.67792	8.3374	
2.67822	8.34808	
2.67792	8.34961	
2.68036	8.35724	
2.69073	8.3429	
2.68402	8.34045	
2.68311	8.34137	
2.68524	8.34503	
2.68616	8.33832	
2.68677	8.32672	
2.6947	8.33832	
2.68768	8.34595	
2.6825	8.35175	
2.68677	8.33984	
2.69562	8.34351	
2.68677	8.34198	
2.68677	8.33527	
2.6886	8.34503	
2.68982	8.35114	
2.67975	8.33252	
2.68616	8.33344	
2.6886	8.32092	
2.68707	8.32153	
2.68402	8.3371	
2.68127	8.32672	
2.67151	8.35175	
2.68402	8.33466	
2.68524	8.33466	
2.68188	8.3374	
2.67853	8.35144	
2.6944	8.33771	
2.68494	8.33282	
2.67853	8.34106	
2.68921	8.33069	
2.69928	8.33862	
2.68372	8.32336	
2.67273	8.32672	
2.68585	8.34015	
2.69073	8.33221	
2.68097	8.33069	
2.68494	8.32855	
2.68463	8.33099	
2.7002	8.34229	
2.68097	8.33405	
2.69653	8.32275	
2.69409	8.33038	
2.69104	8.32611	
2.6886	8.3316	
2.67487	8.33466	
2.6886	8.32947	
2.69226	8.32611	
2.68219	8.33801	
2.68097	8.33557	
2.69714	8.33038	
2.68646	8.33496	
2.69043	8.33099	
2.68951	8.32703	
2.68463	8.31696	
2.68005	8.32397	
2.69928	8.33038	
2.68799	8.31116	
2.68677	8.30841	
2.68646	8.3136	
2.68829	8.31451	
2.68982	8.31848	
2.68463	8.32001	
2.69775	8.3374	
2.68738	8.32367	
2.6886	8.31726	
2.6825	8.31573	
2.68982	8.32611	
2.68494	8.32642	
2.677	8.32764	
2.68097	8.32703	
2.67792	8.3255	
2.68066	8.32764	
2.68707	8.33313	
2.68677	8.32642	
2.68707	8.3374	
2.67853	8.32703	
2.67853	8.33008	
2.67975	8.32367	
2.68158	8.32184	
2.68005	8.32275	
2.69958	8.32184	
2.68341	8.32672	
2.67975	8.32306	
2.67792	8.31757	
2.68677	8.3374	
2.68494	8.33588	
2.69836	8.30902	
2.69592	8.30994	
2.68799	8.3194	
2.6889	8.31299	
2.68097	8.3139	
2.67975	8.31818	
2.67975	8.31604	
2.677	8.30231	
2.69318	8.33191	
2.69226	8.33435	
2.68494	8.30475	
2.68158	8.3252	
2.68433	8.32611	
2.67487	8.32245	
2.69287	8.3078	
2.69379	8.32123	
2.6828	8.3371	
2.68005	8.32458	
2.69073	8.32397	
2.69135	8.34229	
2.68555	8.33221	
2.68585	8.31268	
2.6889	8.31207	
2.67944	8.3136	
2.67639	8.30505	
2.68311	8.30902	
2.68677	8.32489	
2.68524	8.3136	
2.68341	8.3252	
2.67792	8.32855	
2.67578	8.31848	
2.68951	8.31665	
2.68463	8.31635	
2.69135	8.30658	
2.68219	8.30353	
2.67822	8.31482	
2.68555	8.30811	
2.69043	8.29712	
2.68158	8.30353	
2.68341	8.31512	
2.67944	8.31055	
2.68372	8.32001	
2.68951	8.30353	
2.68951	8.30414	
2.67792	8.30719	
2.67914	8.31146	
2.69165	8.30231	
2.68616	8.31177	
2.6825	8.29498	
2.68829	8.302	
2.68341	8.30383	
2.67426	8.3075	
2.68433	8.2901	
2.69348	8.3078	
2.68677	8.30383	
2.68738	8.28857	
2.67609	8.30536	
2.69043	8.29956	
2.68311	8.30383	
2.67792	8.3075	
2.68677	8.30017	
2.68799	8.30414	
2.69714	8.31207	
2.6828	8.30719	
2.68066	8.3017	
2.68707	8.3017	
2.68433	8.29437	
2.67822	8.31055	
2.677	8.31268	
2.68372	8.31848	
2.68768	8.30963	
2.69043	8.30933	
2.68341	8.3139	
2.68036	8.30658	
2.69104	8.31268	
2.69073	8.31696	
2.68646	8.30811	
2.68616	8.31055	
2.68982	8.30292	
2.69897	8.29865	
2.68707	8.30475	
2.68463	8.32458	
2.68524	8.30841	
2.68341	8.30109	
2.68585	8.30658	
2.66968	8.31116	
2.69165	8.31116	
2.68188	8.29773	
2.67914	8.31573	
2.68341	8.28888	
2.69165	8.29498	
2.68738	8.30109	
2.68463	8.31116	
2.69196	8.2962	
2.68005	8.31299	
2.72491	8.30627	
2.68768	8.30872	
2.68616	8.30627	
2.67822	8.30444	
2.69653	8.30719	
2.69135	8.29956	
2.67456	8.31146	
2.6886	8.31482	
2.68982	8.30292	
2.68341	8.31482	
2.68707	8.32001	
2.68951	8.31238	
2.68372	8.29865	
2.69531	8.30414	
2.68707	8.29315	
2.68921	8.28735	
2.68707	8.3017	
2.69867	8.29468	
2.68677	8.30719	
2.68829	8.30841	
2.6889	8.30902	
2.68494	8.3078	
2.69165	8.30841	
2.70294	8.31573	
2.69348	8.31055	
2.68921	8.32153	
2.6825	8.30109	
2.68585	8.30536	
2.69073	8.29803	
2.6886	8.2901	
2.68005	8.29407	
2.68677	8.30109	
2.69043	8.30688	
2.68066	8.31177	
2.69135	8.30139	
2.69318	8.30383	
2.68158	8.30933	
2.67883	8.30627	
2.69012	8.30139	
2.6944	8.3194	
2.67578	8.29956	
2.68768	8.31329	
2.69592	8.30353	
2.68341	8.30536	
2.68646	8.31299	
2.677	8.32703	
2.68677	8.31421	
2.68951	8.29865	
2.68707	8.29895	
2.69073	8.30688	
2.67029	8.29773	
2.68524	8.31299	
2.69104	8.30536	
2.68097	8.31299	
2.68555	8.30261	
2.68768	8.29926	
2.6828	8.28827	
2.68707	8.30261	
2.68921	8.32458	
2.68005	8.32123	
2.69196	8.3136	
2.68707	8.31146	
2.67975	8.32092	
2.68677	8.32367	
2.68616	8.29834	
2.67975	8.31879	
2.68921	8.31848	
2.68463	8.32214	
2.68188	8.32092	
2.6825	8.32611	
2.68982	8.31665	
2.68829	8.30536	
2.68402	8.30719	
2.69104	8.29193	
2.68616	8.30261	
2.6828	8.31055	
2.68066	8.32153	
2.67181	8.32214	
2.68127	8.31573	
2.68311	8.31635	
2.68494	8.30963	
2.68768	8.31299	
2.68616	8.31818	
2.68219	8.32916	
2.68463	8.29498	
2.68951	8.32123	
2.67853	8.31879	
2.67639	8.31909	
2.69226	8.30872	
2.68982	8.30414	
2.68677	8.30597	
2.67853	8.30963	
2.69073	8.29437	
2.68066	8.31421	
2.6886	8.31482	
2.68311	8.33099	
2.68707	8.31146	
2.69073	8.31665	
2.67395	8.31512	
2.69165	8.31085	
2.69257	8.30902	
2.68372	8.30841	
2.68463	8.31818	
2.69531	8.30109	
2.69379	8.29895	
2.68738	8.30658	
2.68646	8.31451	
2.68372	8.3136	
2.69165	8.31787	
2.69257	8.31787	
2.67822	8.31635	
2.68341	8.302	
2.69073	8.29926	
2.68188	8.31299	
2.6825	8.31421	
2.68219	8.31818	
2.69135	8.31757	
2.68799	8.302	
2.68219	8.32397	
2.68677	8.31085	
2.68555	8.31512	
2.68402	8.30322	
2.68494	8.31146	
2.69135	8.28094	
2.69226	8.29407	
2.68188	8.29803	
2.68127	8.28949	
2.69684	8.29254	
2.6886	8.30261	
2.68402	8.2901	
2.68311	8.29834	
2.7005	8.28857	
2.68433	8.27606	
2.68097	8.30383	
2.68433	8.28156	
2.68707	8.29407	
2.68127	8.28125	
2.6825	8.29468	
2.69012	8.28827	
2.68158	8.29041	
2.69135	8.29651	
2.69043	8.30261	
2.69226	8.29834	
2.68524	8.30719	
2.69501	8.28644	
2.69043	8.29132	
2.67853	8.29376	
2.68494	8.28125	
2.68768	8.28735	
2.68433	8.29956	
2.68982	8.27759	
2.68829	8.28705	
2.68005	8.26172	
2.68219	8.27332	
2.69165	8.27301	
2.6947	8.28094	
2.68341	8.27026	
2.68036	8.27271	
2.69836	8.26782	
2.6947	8.29651	
2.69165	8.29498	
2.69073	8.28522	
2.68158	8.26813	
2.6889	8.28278	
2.68127	8.29468	
2.67487	8.28308	
2.68494	8.2782	
2.6944	8.27759	
2.69104	8.28705	
2.68982	8.28064	
2.68127	8.27911	
2.67395	8.28491	
2.68463	8.29346	
2.69257	8.27881	
2.69318	8.26965	
2.68127	8.27148	
2.68158	8.28766	
2.69623	8.29926	
2.6825	8.28369	
2.69379	8.27271	
2.69287	8.2785	
2.67914	8.27484	
2.68616	8.28735	
2.68005	8.28308	
2.68158	8.29346	
2.69379	8.30017	
2.6828	8.29895	
2.67365	8.29254	
2.69104	8.30078	
2.69379	8.29254	
2.68768	8.29224	
2.68646	8.28979	
2.67395	8.29254	
2.68921	8.28186	
2.69165	8.28369	
2.6825	8.28033	
2.68158	8.28217	
2.68921	8.28491	
2.69348	8.28064	
2.69043	8.28949	
2.68158	8.29224	
2.68799	8.28308	
2.69043	8.28491	
2.67303	8.27606	
2.68921	8.27118	
2.69379	8.27362	
2.68402	8.27545	
2.68219	8.27698	
2.70264	8.27271	
2.68494	8.28705	
2.6828	8.29651	
2.69318	8.27667	
2.68677	8.28217	
2.69165	8.26782	
2.69043	8.29315	
2.68372	8.28918	
2.68585	8.29102	
2.68951	8.29926	
2.68707	8.30353	
2.67212	8.29437	
2.68768	8.29834	
2.69318	8.28888	
2.68646	8.28918	
2.68677	8.29193	
2.67426	8.27789	
2.68738	8.27545	
2.69073	8.28522	
2.67914	8.30536	
2.68768	8.29895	
2.69867	8.28064	
2.68524	8.28033	
2.68127	8.28613	
2.69012	8.28064	
2.67853	8.29956	
2.70142	8.29865	
2.6944	8.29834	
2.6825	8.28766	
2.68188	8.29742	
2.68311	8.28888	
2.70294	8.29651	
2.69135	8.30658	
2.68219	8.29163	
2.69165	8.30109	
2.6825	8.30475	
2.70294	8.2962	
2.68555	8.30902	
2.68951	8.30231	
2.68219	8.28644	
2.69501	8.30292	
2.68066	8.29285	
2.69348	8.29254	
2.67944	8.31146	
2.68921	8.3075	
2.68555	8.30719	
2.69012	8.30841	
2.68005	8.28918	
2.6886	8.29956	
2.68066	8.29376	
2.69836	8.29926	
2.6828	8.29987	
2.68951	8.29681	
2.6889	8.29529	
2.68555	8.28003	
2.6825	8.28491	
2.69012	8.30475	
2.6886	8.28827	
2.69379	8.29865	
2.67731	8.30109	
2.69745	8.30261	
2.69623	8.28491	
2.69165	8.29224	
2.68005	8.28094	
2.69012	8.29559	
2.67975	8.27057	
2.68799	8.28796	
2.68829	8.29956	
2.68585	8.28461	
2.68768	8.29041	
2.69104	8.28552	
2.69043	8.28888	
2.68494	8.29773	
2.68799	8.30231	
2.68463	8.29102	
2.69226	8.29285	
2.68311	8.31726	
2.69073	8.29865	
2.6825	8.28827	
2.6944	8.29254	
2.68646	8.29468	
2.68341	8.3078	
2.68982	8.31268	
2.68738	8.30444	
2.68616	8.30627	
2.68311	8.30078	
2.69348	8.29224	
2.69196	8.29315	
2.68127	8.2959	
2.69165	8.3017	
2.6886	8.29987	
2.67578	8.31085	
2.6947	8.2901	
2.68463	8.29865	
2.69226	8.28552	
2.6825	8.29987	
2.69531	8.28918	
2.68311	8.30048	
2.69073	8.31055	
2.67883	8.31787	
2.69928	8.31329	
2.6889	8.29895	
2.68372	8.30841	
2.68585	8.29376	
2.68005	8.29651	
2.69989	8.30902	
2.68799	8.30292	
2.69073	8.30353	
2.68585	8.30475	
2.69257	8.302	
2.67487	8.29712	
2.69196	8.30536	
2.68066	8.30261	
2.6947	8.30231	
2.68097	8.29529	
2.68219	8.29437	
2.6886	8.29681	
2.67853	8.27911	
2.69348	8.28888	
2.68402	8.28094	
2.67303	8.27789	
2.69104	8.28125	
2.68372	8.28674	
2.69562	8.27545	
2.68707	8.27423	
2.68768	8.29102	
2.68341	8.28461	
2.69165	8.30017	
2.68524	8.2962	
2.67914	8.2901	
2.69592	8.29407	
2.68921	8.30414	
2.69196	8.29468	
2.6886	8.29742	
2.67944	8.2959	
2.69104	8.30994	
2.68097	8.30597	
2.68707	8.29895	
2.68066	8.30139	
2.6825	8.31543	
2.68768	8.30627	
2.67914	8.30536	
2.69165	8.31665	
2.68799	8.31421	
2.69531	8.29773	
2.68311	8.29834	
2.69257	8.29712	
2.68372	8.29468	
2.6947	8.30841	
2.69531	8.29712	
2.677	8.31329	
2.69287	8.30017	
2.69196	8.30566	
2.69287	8.29102	
2.6889	8.29987	
2.68982	8.29712	
2.68616	8.31329	
2.68555	8.30872	
2.69073	8.29681	
2.68799	8.30048	
2.68188	8.3194	
2.6947	8.30872	
2.68768	8.31177	
2.68494	8.30505	
2.69196	8.3017	
2.6825	8.3078	
2.6886	8.30261	
2.68066	8.29773	
2.68616	8.30048	
2.68127	8.30505	
2.69073	8.29926	
2.68494	8.3017	
2.70508	8.31055	
2.68585	8.30261	
2.68494	8.30566	
2.68341	8.30444	
2.69073	8.30994	
2.68921	8.30963	
2.68555	8.28857	
2.68921	8.2962	
2.69257	8.31299	
2.68677	8.29834	
2.69043	8.29956	
2.68311	8.2962	
2.69043	8.31146	
2.68646	8.302	
2.68341	8.302	
2.68646	8.30994	
2.69196	8.30414	
2.67944	8.30231	
2.69165	8.29285	
2.69104	8.30048	
2.68982	8.29376	
2.69196	8.29315	
2.68616	8.28674	
2.69287	8.2962	
2.68799	8.28552	
2.67944	8.29681	
2.6944	8.29712	
2.6828	8.29651	
2.69348	8.28766	
2.68188	8.29407	
2.69348	8.28094	
2.68311	8.26813	
2.69348	8.28796	
2.68158	8.26874	
2.69348	8.27881	
2.68738	8.27698	
2.68402	8.27423	
2.69318	8.26874	
2.6825	8.26996	
2.68158	8.2843	
2.70081	8.26447	
2.68524	8.25867	
2.69104	8.26141	
2.69135	8.27332	
2.68707	8.27759	
2.68494	8.28247	
2.69196	8.29437	
2.68768	8.28949	
2.68646	8.27484	
2.7005	8.28644	
2.68463	8.29559	
2.69562	8.28705	
2.6886	8.28949	
2.69287	8.29132	
2.67914	8.28552	
2.68555	8.29102	
2.68707	8.29437	
2.6825	8.29529	
2.70142	8.2901	
2.68341	8.30017	
2.68188	8.28827	
2.68646	8.29346	
2.69867	8.29498	
2.68402	8.26202	
2.69165	8.28583	
2.6828	8.29895	
2.69012	8.30872	
2.69135	8.3017	
2.68372	8.31329	
2.69135	8.30292	
2.68402	8.30414	
2.69379	8.29987	
2.69135	8.30261	
2.6825	8.29559	
2.69562	8.28613	
2.6825	8.2901	
2.6947	8.29315	
2.69165	8.29773	
2.68982	8.27667	
2.67975	8.29041	
2.70538	8.29254	
2.68829	8.30505	
2.6825	8.30688	
2.68829	8.30719	
2.70203	8.27423	
2.68463	8.29559	
2.69318	8.31299	
2.68768	8.30292	
2.68799	8.31635	
2.68463	8.32703	
2.69043	8.31177	
2.69226	8.29468	
2.67975	8.28766	
2.69989	8.31238	
2.68951	8.3139	
2.69104	8.29895	
2.69165	8.28186	
2.68372	8.29865	
2.67853	8.29987	
2.68524	8.27301	
2.69257	8.31207	
2.68127	8.29224	
2.6825	8.29346	
2.69165	8.29803	
2.68677	8.29285	
2.67914	8.28796	
2.6944	8.29376	
2.68951	8.27484	
2.69043	8.29132	
2.69318	8.29468	
2.6825	8.29346	
2.69531	8.29163	
2.68036	8.28827	
2.6828	8.29102	
2.69501	8.28308	
2.67731	8.28857	
2.6886	8.29102	
2.69318	8.29498	
2.68127	8.31604	
2.70111	8.29224	
2.68433	8.28705	
2.69501	8.30566	
2.69501	8.28705	
2.68097	8.29926	
2.69318	8.29376	
2.68066	8.28949	
2.6886	8.29742	
2.68768	8.30139	
2.67914	8.29193	
2.69226	8.29926	
2.6828	8.30231	
2.68402	8.29712	
2.69623	8.29224	
2.68463	8.30353	
2.69562	8.29376	
2.68341	8.30658	
2.69135	8.30994	
2.68219	8.30688	
2.68188	8.31604	
2.68829	8.30994	
2.6828	8.30994	
2.7005	8.31329	
2.68372	8.3197	
2.69135	8.31635	
2.69684	8.30963	
2.68433	8.302	
2.6944	8.29987	
2.68433	8.29926	
2.68402	8.30688	
2.69562	8.31177	
2.67914	8.30627	
2.69135	8.30597	
2.68219	8.30811	
2.6944	8.31635	
2.68524	8.30902	
2.69684	8.3197	
2.68127	8.29956	
2.69165	8.30719	
2.6886	8.29834	
2.67761	8.29987	
2.68646	8.30261	
2.69257	8.28918	
2.68005	8.3017	
2.69928	8.3136	
2.68921	8.30261	
2.68585	8.3078	
2.69379	8.30078	
2.68066	8.29865	
2.69104	8.2959	
2.68341	8.30994	
2.69135	8.31085	
2.68646	8.32672	
2.70172	8.3078	
2.68341	8.31024	
2.69531	8.31696	
2.69135	8.31573	
2.68188	8.30383	
2.69745	8.3197	
2.68341	8.31818	
2.69043	8.31604	
2.68341	8.31268	
2.7005	8.30078	
2.69012	8.31177	
2.69348	8.30353	
2.69379	8.31146	
2.69592	8.31573	
2.68707	8.32397	
2.69562	8.3075	
2.68951	8.29987	
2.6828	8.31116	
2.69104	8.3075	
2.68433	8.30566	
2.68707	8.30963	
2.68188	8.29956	
2.69012	8.31329	
2.67975	8.30933	
2.68494	8.31635	
2.68799	8.30292	
2.68341	8.30902	
2.6947	8.32123	
2.68311	8.3136	
2.68768	8.31116	
2.7005	8.30841	
2.68402	8.30994	
2.69257	8.30475	
2.69592	8.29712	
2.69928	8.30872	
2.6825	8.30109	
2.69348	8.30261	
2.69073	8.31299	
2.68799	8.31879	
2.69318	8.31177	
2.6828	8.31543	
2.68372	8.2962	
2.69562	8.30933	
2.677	8.31879	
2.69562	8.32184	
2.68677	8.31268	
2.68158	8.30383	
2.70508	8.31085	
2.68524	8.30994	
2.68463	8.31299	
2.69806	8.30994	
2.68219	8.31055	
2.68707	8.32886	
2.68555	8.32611	
2.69409	8.31665	
2.6889	8.31238	
2.68768	8.32062	
2.68768	8.31848	
2.69104	8.34686	
2.69409	8.33923	
2.68158	8.32947	
2.69043	8.32367	
2.69592	8.32825	
2.68707	8.3255	
2.68677	8.32886	
2.69226	8.32947	
2.69379	8.31879	
2.68372	8.32275	
2.69165	8.31543	
2.69104	8.32214	
2.68402	8.32367	
2.6825	8.3313	
2.68463	8.32062	
2.69318	8.3194	
2.69196	8.30719	
2.68982	8.32367	
2.68921	8.32642	
2.67975	8.32092	
2.69562	8.31787	
2.69104	8.30963	
2.68524	8.31238	
2.67853	8.32001	
2.69257	8.32184	
2.69501	8.32092	
2.69165	8.32367	
2.68005	8.31207	
2.68433	8.31238	
2.69073	8.30261	
2.68799	8.3194	
2.68036	8.31177	
2.69348	8.32672	
2.69165	8.32123	
2.69135	8.31024	
2.6767	8.32977	
2.68829	8.32611	
2.69318	8.31451	
2.68463	8.32153	
2.6767	8.33008	
2.69135	8.31482	
2.69318	8.32214	
2.6889	8.31421	
2.67944	8.32428	
2.6828	8.33862	
2.69287	8.32306	
2.69196	8.32153	
2.68677	8.34198	
2.69379	8.3255	
2.69318	8.33282	
2.6825	8.30383	
2.68768	8.32245	
2.69562	8.29498	
2.69104	8.3078	
2.68646	8.31085	
2.67761	8.30902	
2.68982	8.31024	
2.69104	8.31116	
2.68738	8.3017	
2.68494	8.30597	
2.68585	8.30231	
2.69287	8.29346	
2.68311	8.29651	
2.677	8.28674	
2.69714	8.29193	
2.69104	8.2962	
2.67975	8.29987	
2.69104	8.28888	
2.69592	8.29285	
2.69043	8.284	
2.68524	8.27698	
2.67883	8.27942	
2.69592	8.26965	
2.69379	8.29712	
2.68158	8.28186	
2.70538	8.30109	
2.68646	8.28888	
2.69623	8.28979	
2.69196	8.28888	
2.68555	8.29285	
2.69501	8.29712	
2.6828	8.28583	
2.69196	8.29315	
2.69226	8.30109	
2.67761	8.29437	
2.68951	8.29681	
2.69287	8.30231	
2.69348	8.28857	
2.67975	8.28156	
2.68372	8.30261	
2.68799	8.30017	
2.69196	8.31329	
2.69257	8.30933	
2.68311	8.31177	
2.68677	8.3078	
2.69073	8.3139	
2.68005	8.29773	
2.69135	8.28827	
2.69196	8.28217	
2.69531	8.29376	
2.69073	8.28369	
2.68127	8.2962	
2.68311	8.2901	
2.68372	8.30017	
2.69501	8.28949	
2.68707	8.3136	
2.68311	8.29926	
2.69348	8.31543	
2.68707	8.31024	
2.68402	8.31055	
2.68982	8.31635	
2.69592	8.29132	
2.67548	8.30383	
2.68677	8.29254	
2.68768	8.29742	
2.6944	8.3075	
2.6886	8.31635	
2.69379	8.31299	
2.69196	8.31329	
2.69531	8.31299	
2.68158	8.30139	
2.68951	8.29285	
2.68616	8.30597	
2.6825	8.29041	
2.68982	8.29224	
2.69501	8.2959	
2.69379	8.30078	
2.70233	8.28766	
2.68799	8.29224	
2.69531	8.29224	
2.69135	8.30231	
2.70233	8.28217	
2.68799	8.28918	
2.68524	8.29956	
2.69348	8.2959	
2.70294	8.3017	
2.69257	8.30231	
2.68768	8.30933	
2.68372	8.3017	
2.68799	8.28369	
2.69135	8.2962	
2.69165	8.29132	
2.69653	8.28461	
2.69287	8.28674	
2.69104	8.28461	
2.69714	8.30383	
2.68433	8.29987	
2.68951	8.30017	
2.69196	8.29041	
2.68738	8.29254	
2.68555	8.29193	
2.68677	8.29742	
2.69318	8.28491	
2.69012	8.2959	
2.70172	8.28278	
2.69043	8.29224	
2.68646	8.28339	
2.68372	8.28796	
2.69043	8.29132	
2.69409	8.28674	
2.69379	8.30017	
2.68433	8.29712	
2.6889	8.28918	
2.69775	8.30688	
2.69165	8.2962	
2.68341	8.28644	
2.68555	8.28125	
2.68982	8.29987	
2.6944	8.29224	
2.69531	8.28949	
2.68738	8.30505	
2.68677	8.28613	
2.68433	8.28949	
2.70325	8.3017	
2.69073	8.29193	
2.68433	8.28827	
2.68311	8.28339	
2.68463	8.28705	
2.69409	8.29895	
2.68463	8.28857	
2.68433	8.27637	
2.69104	8.2785	
2.69043	8.27332	
2.68433	8.28705	
2.6886	8.28186	
2.70355	8.28949	
2.68524	8.29132	
2.69501	8.29102	
2.69653	8.29254	
2.69073	8.28247	
2.68402	8.27423	
2.69073	8.27576	
2.68463	8.28156	
2.69226	8.25409	
2.69501	8.26508	
2.68799	8.27271	
2.69318	8.29468	
2.68341	8.27454	
2.69653	8.27728	
2.68738	8.27087	
2.69287	8.28949	
2.68799	8.28735	
2.6889	8.27789	
2.69012	8.28674	
2.6944	8.28308	
2.69287	8.30292	
2.68799	8.29437	
2.69836	8.28247	
2.69592	8.29803	
2.69196	8.28308	
2.68585	8.29559	
2.6886	8.27881	
2.69073	8.29865	
2.70538	8.29041	
2.68921	8.29254	
2.68707	8.27118	
2.68951	8.28735	
2.69348	8.29987	
2.69379	8.29437	
2.69257	8.2843	
2.69073	8.3017	
2.67639	8.2962	
2.69592	8.29712	
2.69501	8.30933	
2.6886	8.30231	
2.68066	8.30841	
2.6825	8.32092	
2.6886	8.31329	
2.69073	8.31055	
2.69806	8.31604	
2.68433	8.29468	
2.68616	8.29102	
2.69287	8.29865	
2.69165	8.29987	
2.69531	8.30658	
2.69775	8.29559	
2.68799	8.30902	
2.68677	8.31421	
2.69775	8.30261	
2.69379	8.30444	
2.7005	8.28949	
2.68738	8.29651	
2.6944	8.30109	
2.68707	8.2959	
2.68097	8.31482	
2.68219	8.30261	
2.68585	8.30841	
2.69684	8.29681	
2.67914	8.30688	
2.68372	8.29041	
2.68524	8.30719	
2.68829	8.30566	
2.6944	8.29895	
2.68677	8.30322	
2.68555	8.30231	
2.68311	8.30933	
2.68707	8.29742	
2.69287	8.31451	
2.69867	8.3075	
2.70477	8.3078	
2.69104	8.30322	
2.68646	8.29254	
2.68829	8.30627	
2.68219	8.31116	
2.68768	8.29834	
2.69165	8.29437	
2.6947	8.30017	
2.69714	8.30597	
2.69196	8.29956	
2.69135	8.30109	
2.6944	8.29468	
2.68646	8.29224	
2.68585	8.2959	
2.68158	8.27515	
2.67731	8.29285	
2.68463	8.29651	
2.69196	8.29163	
2.6947	8.2962	
2.69714	8.2962	
2.69653	8.30505	
2.69623	8.29102	
2.70355	8.30536	
2.68738	8.29742	
2.68738	8.29712	
2.68311	8.29712	
2.68768	8.28918	
2.69531	8.3017	
2.69043	8.29773	
2.68188	8.29742	
2.68127	8.29987	
2.69348	8.2962	
2.69623	8.2959	
2.68555	8.28827	
2.67883	8.28339	
2.69104	8.27789	
2.69684	8.27667	
2.69836	8.28857	
2.69531	8.29346	
2.68524	8.27209	
2.68311	8.28674	
2.69623	8.28918	
2.69104	8.28033	
2.68738	8.29315	
2.69745	8.29285	
2.70447	8.28522	
2.69012	8.30841	
2.6886	8.29407	
2.68646	8.30475	
2.69897	8.30902	
2.68311	8.30536	
2.69562	8.30963	
2.69287	8.30383	
2.70142	8.2962	
2.69104	8.29163	
2.69287	8.30658	
2.69562	8.31573	
2.70325	8.31757	
2.68616	8.29498	
2.68097	8.30719	
2.6828	8.29926	
2.7002	8.29987	
2.68585	8.30719	
2.68066	8.29956	
2.68433	8.28674	
2.69745	8.30353	
2.69928	8.30994	
2.68829	8.31726	
2.68433	8.29346	
2.67365	8.30231	
2.68219	8.3017	
2.68707	8.31207	
2.68921	8.2962	
2.68646	8.30658	
2.69257	8.29315	
2.69684	8.31146	
2.70111	8.3139	
2.69592	8.31482	
2.69684	8.30475	
2.69562	8.3139	
2.69409	8.30933	
2.69135	8.30017	
2.69257	8.302	
2.69165	8.30078	
2.68738	8.31055	
2.68585	8.31024	
2.68341	8.29895	
2.70691	8.30475	
2.7002	8.29926	
2.69379	8.31299	
2.69531	8.29437	
2.69379	8.30292	
2.69928	8.3139	
2.69287	8.29926	
2.68127	8.30872	
2.68677	8.30322	
2.68951	8.29376	
2.68799	8.30963	
2.68158	8.29315	
2.6947	8.29895	
2.69653	8.3075	
2.6886	8.29254	
2.69562	8.302	
2.69592	8.29834	
2.69348	8.30994	
2.68951	8.29895	
2.68707	8.31207	
2.69806	8.31757	
2.69714	8.30963	
2.6886	8.29468	
2.69043	8.30475	
2.68738	8.3078	
2.68158	8.31726	
2.69897	8.32397	
2.69073	8.3139	
2.69257	8.31512	
2.68341	8.30231	
2.69379	8.31024	
2.69531	8.31635	
2.68768	8.31146	
2.68585	8.31329	
2.70508	8.32306	
2.69684	8.32397	
2.69836	8.32336	
2.69897	8.3255	
2.68768	8.32123	
2.6886	8.31512	
2.6947	8.31879	
2.68738	8.31604	
2.68494	8.32642	
2.69714	8.32214	
2.68738	8.33344	
2.68768	8.31635	
2.69409	8.31604	
2.6889	8.33557	
2.69348	8.32245	
2.68768	8.32458	
2.68982	8.32062	
2.6944	8.3252	
2.70081	8.33313	
2.69562	8.33008	
2.68738	8.32642	
2.68799	8.32794	
2.69043	8.31665	
2.69287	8.33496	
2.69165	8.3316	
2.69318	8.32611	
2.6947	8.31573	
2.69348	8.32245	
2.6889	8.31818	
2.69043	8.32153	
2.69287	8.31879	
2.6947	8.31909	
2.69104	8.31177	
2.69135	8.33038	
2.69409	8.31451	
2.69135	8.31604	
2.69379	8.29803	
2.67944	8.30688	
2.69165	8.32336	
2.69043	8.30536	
2.69745	8.32245	
2.68066	8.32245	
2.6889	8.31757	
2.68616	8.32825	
2.68524	8.32428	
2.69135	8.32062	
2.69592	8.3075	
2.69592	8.32306	
2.7066	8.31879	
2.68799	8.31909	
2.68463	8.32458	
2.68433	8.32489	
2.68768	8.32825	
2.68616	8.33282	
2.69836	8.32428	
2.69592	8.3194	
2.69684	8.33405	
2.69714	8.31848	
2.69104	8.3255	
2.69135	8.31238	
2.69745	8.32336	
2.69135	8.3252	
2.6947	8.32092	
2.69379	8.32672	
2.70142	8.32245	
2.7002	8.32825	
2.69806	8.31207	
2.69623	8.31818	
2.68921	8.31665	
2.69012	8.31726	
2.68616	8.32947	
2.69501	8.33313	
2.68585	8.32062	
2.67761	8.3313	
2.68524	8.32123	
2.69043	8.31787	
2.69104	8.3139	
2.68097	8.33282	
2.68707	8.32733	
2.69165	8.32153	
2.67792	8.32672	
2.69073	8.34045	
2.6944	8.34595	
2.69257	8.33557	
2.69287	8.33649	
2.69562	8.34442	
2.68646	8.3371	
2.68311	8.34656	
2.69257	8.33771	
2.69196	8.34442	
2.68616	8.32458	
2.68616	8.33588	
2.68951	8.349	
2.69165	8.35999	
2.69958	8.33679	
2.69867	8.3429	
2.69745	8.33405	
2.70172	8.32123	
2.69257	8.3194	
2.69073	8.3194	
2.68494	8.33679	
2.68951	8.32916	
2.69165	8.33496	
2.69287	8.33069	
2.69653	8.31726	
2.69928	8.3374	
2.68921	8.32123	
2.67639	8.3313	
2.69287	8.33557	
2.69135	8.33038	
2.69684	8.32825	
2.68402	8.32428	
2.68799	8.32489	
2.68677	8.32733	
2.68677	8.31299	
2.68341	8.31909	
2.68646	8.3139	
2.68341	8.31635	
2.69073	8.31238	
2.6944	8.30658	
2.6944	8.31116	
2.68768	8.31024	
2.68555	8.3139	
2.70416	8.32031	
2.69623	8.30963	
2.68616	8.32275	
2.69135	8.32275	
2.69623	8.30505	
2.69135	8.31665	
2.68829	8.33252	
2.68677	8.32062	
2.68707	8.30627	
2.68707	8.31085	
2.68738	8.31238	
2.69379	8.3197	
2.69257	8.31329	
2.69562	8.32184	
2.68829	8.31146	
2.68494	8.31329	
2.68372	8.31268	
2.69623	8.31329	
2.69806	8.30719	
2.6944	8.31665	
2.70111	8.32153	
2.69684	8.30994	
2.68768	8.3194	
2.69745	8.31818	
2.69653	8.33252	
2.69714	8.31573	
2.69684	8.31604	
2.70721	8.31451	
2.69501	8.31726	
2.6944	8.31848	
2.6944	8.31665	
2.69714	8.32397	
2.69531	8.31909	
2.70081	8.31696	
2.70233	8.31268	
2.69318	8.31268	
2.68677	8.31543	
2.68433	8.31055	
2.68494	8.31421	
2.68463	8.31451	
2.68646	8.29834	
2.68372	8.31879	
2.69135	8.30292	
2.68738	8.30139	
2.68951	8.29926	
2.69135	8.29041	
2.68494	8.29346	
2.68494	8.30994	
2.68402	8.30292	
2.68768	8.3139	
2.6947	8.32184	
2.70355	8.3197	
2.69775	8.302	
2.68738	8.31451	
2.69073	8.29224	
2.69104	8.30231	
2.69653	8.30322	
2.69196	8.31482	
2.69989	8.3078	
2.69714	8.31696	
2.69562	8.3136	
2.69012	8.302	
2.68982	8.30292	
2.69653	8.30475	
2.6886	8.30627	
2.69135	8.30597	
2.69379	8.31238	
2.69379	8.30017	
2.68524	8.30475	
2.69348	8.31055	
2.69104	8.33221	
2.68494	8.31116	
2.68158	8.3136	
2.68921	8.31299	
2.69501	8.30505	
2.69531	8.3139	
2.69562	8.30994	
2.69379	8.30261	
2.69806	8.31635	
2.69379	8.30811	
2.69379	8.30261	
2.68433	8.30658	
2.67975	8.31787	
2.68921	8.3197	
2.68646	8.31848	
2.68921	8.32275	
2.68585	8.32123	
2.68616	8.30078	
2.68707	8.31329	
2.68585	8.31146	
2.69073	8.32275	
2.69684	8.31696	
2.7066	8.30627	
2.69745	8.30719	
2.69531	8.32153	
2.6944	8.32428	
2.69775	8.32733	
2.69745	8.32367	
2.68829	8.31787	
2.69714	8.32428	
2.68646	8.32611	
2.68768	8.33038	
2.69073	8.32855	
2.69165	8.33313	
2.69287	8.32977	
2.69043	8.32214	
2.68646	8.32062	
2.69043	8.33008	
2.68707	8.3432	
2.69073	8.33832	
2.69531	8.34137	
2.68555	8.33435	
2.68707	8.33435	
2.68066	8.32672	
2.69043	8.33496	
2.69684	8.31818	
2.70294	8.33008	
2.69806	8.34167	
2.69073	8.33405	
2.68677	8.33038	
2.69012	8.34503	
2.68707	8.33405	
2.69897	8.3371	
2.6944	8.33008	
2.68768	8.3493	
2.7002	8.33893	
2.70721	8.33893	
2.69379	8.32306	
2.68738	8.32092	
2.69958	8.3255	
2.69196	8.31909	
2.68616	8.32092	
2.68799	8.32428	
2.67731	8.31024	
2.69653	8.32062	
2.69165	8.30933	
2.6886	8.32825	
2.68463	8.33008	
2.68982	8.32245	
2.6889	8.32489	
2.69653	8.33618	
2.69196	8.32214	
2.68585	8.33221	
2.68799	8.32214	
2.6947	8.32764	
2.69104	8.30597	
2.69501	8.31909	
2.68707	8.33557	
2.68768	8.32001	
2.69623	8.31604	
2.6889	8.31116	
2.68463	8.3194	
2.68311	8.3197	
2.68768	8.30231	
2.68829	8.31085	
2.6947	8.30048	
2.69104	8.3136	
2.69836	8.31146	
2.6944	8.31238	
2.69592	8.302	
2.6889	8.31604	
2.68768	8.28644	
2.68616	8.29895	
2.68097	8.2843	
2.68982	8.31757	
2.69257	8.31177	
2.69287	8.32062	
2.6947	8.3252	
2.68707	8.31268	
2.69958	8.31573	
2.69379	8.32092	
2.7005	8.33069	
2.7005	8.29376	
2.70599	8.3078	
2.69318	8.3075	
2.68951	8.29895	
2.6886	8.31757	
2.7005	8.31329	
2.70142	8.30566	
2.69623	8.31635	
2.70081	8.30231	
2.69775	8.31329	
2.69409	8.3136	
2.69653	8.30505	
2.69897	8.28461	
2.69806	8.30292	
2.69714	8.29956	
2.70325	8.29651	
2.6944	8.32275	
2.6944	8.30017	
2.68738	8.30963	
2.69012	8.28369	
2.6886	8.30322	
2.68829	8.29315	
2.68677	8.3075	
2.69379	8.29681	
2.69867	8.28674	
2.70416	8.3017	
2.69531	8.31055	
2.69592	8.3075	
2.69165	8.31787	
2.68646	8.32397	
2.68829	8.31207	
2.69104	8.31848	
2.68311	8.30566	
2.69196	8.31329	
2.69928	8.30292	
2.70813	8.31024	
2.69684	8.30109	
2.69226	8.30475	
2.68738	8.30444	
2.69135	8.30688	
2.69745	8.32794	
2.6886	8.31268	
2.68463	8.29742	
2.68463	8.28857	
2.69165	8.31024	
2.6889	8.29681	
2.6947	8.30933	
2.69012	8.31696	
2.70111	8.30566	
2.69775	8.31512	
2.70081	8.31055	
2.69806	8.31329	
2.70172	8.30048	
2.69653	8.31238	
2.68585	8.30475	
2.69043	8.3075	
2.69379	8.32123	
2.68494	8.32001	
2.6886	8.31818	
2.68524	8.33008	
2.68494	8.30872	
2.68463	8.32092	
2.69379	8.31848	
2.69318	8.32397	
2.68768	8.32214	
2.69806	8.30139	
2.69623	8.31696	
2.69318	8.32581	
2.68738	8.31757	
2.68158	8.32733	
2.69287	8.32184	
2.69562	8.32611	
2.69836	8.3255	
2.69287	8.31818	
2.7005	8.32367	
2.69165	8.33954	
2.6828	8.32245	
2.69135	8.30963	
2.68463	8.3313	
2.68188	8.32733	
2.68951	8.33038	
2.69867	8.31116	
2.6889	8.3429	
2.68829	8.34961	
2.68982	8.33313	
2.69836	8.32947	
2.69226	8.33069	
2.6828	8.32367	
2.70599	8.33923	
2.6947	8.33557	
2.69531	8.33801	
2.6886	8.34045	
2.68707	8.32916	
2.69196	8.35175	
2.69684	8.33008	
2.69684	8.33923	
2.69165	8.33374	
2.68768	8.34564	
2.69836	8.3432	
2.69409	8.34015	
2.68921	8.32947	
2.69073	8.32123	
2.7002	8.32672	
2.69806	8.34778	
2.70569	8.33313	
2.69958	8.34717	
2.68982	8.34381	
2.68341	8.33435	
2.69165	8.33313	
2.68646	8.32825	
2.68768	8.34381	
2.69653	8.32947	
2.69897	8.33069	
2.70325	8.31818	
2.70172	8.31451	
2.69318	8.33893	
2.69043	8.32123	
2.68982	8.32916	
2.69623	8.32947	
2.68616	8.3197	
2.68341	8.33557	
2.68677	8.32123	
2.69318	8.3313	
2.69897	8.32825	
2.69897	8.32733	
2.69409	8.3255	
2.68768	8.33344	
2.68219	8.33557	
2.69958	8.3316	
2.6889	8.33984	
2.68524	8.33405	
2.68494	8.35114	
2.69623	8.32306	
2.69135	8.32611	
2.69623	8.31451	
2.69287	8.32703	
2.68463	8.32214	
2.69043	8.32458	
2.69318	8.31879	
2.69409	8.33435	
2.6944	8.31329	
2.69684	8.33405	
2.69104	8.32245	
2.69348	8.32184	
2.69775	8.32611	
2.68463	8.32947	
2.68311	8.33588	
2.68616	8.32977	
2.69592	8.32458	
2.7063	8.33557	
2.69104	8.33527	
2.68677	8.33099	
2.68372	8.32397	
2.68494	8.3313	
2.6947	8.31604	
2.69806	8.30322	
2.69531	8.3136	
2.6886	8.29163	
2.6944	8.29834	
2.70294	8.31116	
2.7002	8.31268	
2.68158	8.29529	
2.69501	8.32184	
2.69684	8.31879	
2.69501	8.31665	
2.69165	8.3078	
2.68494	8.31482	
2.69653	8.32397	
2.70569	8.32886	
2.6947	8.31543	
2.69073	8.3197	
2.6944	8.29895	
2.69562	8.31543	
2.69287	8.31543	
2.69043	8.31207	
2.68951	8.31085	
2.69745	8.31543	
2.68219	8.31482	
2.67487	8.31818	
2.69714	8.30261	
2.68616	8.30566	
2.6944	8.31573	
2.69348	8.31177	
2.68555	8.31299	
2.68921	8.31757	
2.69196	8.32672	
2.69165	8.3197	
2.68158	8.31146	
2.69135	8.33282	
2.69653	8.29498	
2.70203	8.31726	
2.68829	8.32275	
2.69714	8.32153	
2.69684	8.31207	
2.69592	8.3017	
2.68585	8.31726	
2.69623	8.31299	
2.7002	8.30566	
2.69226	8.3374	
2.68585	8.31512	
2.69318	8.30353	
2.68707	8.32092	
2.69287	8.32031	
2.69348	8.32367	
2.69714	8.32886	
2.69928	8.3197	
2.70447	8.33008	
2.70081	8.33374	
2.69409	8.30475	
2.68677	8.31573	
2.68433	8.3139	
2.68524	8.31482	
2.69318	8.3139	
2.69958	8.3255	
2.69806	8.32855	
2.68402	8.31696	
2.68127	8.31818	
2.68707	8.32275	
2.69684	8.30658	
2.70538	8.31543	
2.69745	8.30353	
2.6886	8.3078	
2.68372	8.29315	
2.68951	8.3139	
2.69379	8.3255	
2.69653	8.30505	
2.69073	8.31421	
2.69043	8.32306	
2.68341	8.31421	
2.68677	8.31909	
2.69501	8.30902	
2.7002	8.29865	
2.70111	8.30566	
2.68799	8.29254	
2.68951	8.3136	
2.70569	8.3194	
2.7002	8.3078	
2.68829	8.30505	
2.68616	8.30292	
2.69135	8.32031	
2.69379	8.31757	
2.68799	8.31787	
2.69531	8.3139	
2.69623	8.30444	
2.69318	8.31726	
2.69257	8.30566	
2.69775	8.31543	
2.69836	8.29193	
2.69348	8.32458	
2.69623	8.30841	
2.68494	8.30505	
2.68341	8.30536	
2.69623	8.30444	
2.69897	8.31451	
2.70752	8.30292	
2.6944	8.30444	
2.68555	8.31665	
2.69958	8.30994	
2.69714	8.32489	
2.68799	8.33588	
2.68585	8.32153	
2.69196	8.30872	
2.69165	8.29742	
2.69928	8.31879	
2.69562	8.32245	
2.68829	8.302	
2.6886	8.30902	
2.68372	8.31207	
2.69409	8.30963	
2.6947	8.3078	
2.69806	8.31146	
2.68707	8.31848	
2.69623	8.29681	
2.70386	8.30719	
2.6889	8.30902	
2.68829	8.32184	
2.70538	8.31268	
2.69775	8.3197	
2.6947	8.32031	
2.68951	8.33099	
2.68707	8.33405	
2.69531	8.35114	
2.69104	8.3252	
2.68738	8.34229	
2.68768	8.33344	
2.68738	8.32611	
2.69287	8.33038	
2.70233	8.33496	
2.68738	8.33374	
2.68219	8.33679	
2.68646	8.3432	
2.69897	8.33313	
2.68738	8.3316	
2.68951	8.35022	
2.6886	8.32916	
2.70538	8.33252	
2.70111	8.32672	
2.69348	8.32825	
2.69135	8.33099	
2.68677	8.32458	
2.69745	8.34503	
2.69653	8.34015	
2.6886	8.34351	
2.69226	8.33344	
2.70081	8.34534	
2.68951	8.34351	
2.69165	8.35236	
2.69623	8.34045	
2.69806	8.34015	
2.69531	8.33832	
2.68555	8.33221	
2.69318	8.33679	
2.69684	8.33344	
2.69501	8.32672	
2.68066	8.32245	
2.69318	8.32001	
2.69531	8.33679	
2.68982	8.34106	
2.68585	8.33191	
2.7002	8.33221	
2.7005	8.33496	
2.69104	8.33588	
2.69897	8.31604	
2.70508	8.32703	
2.69836	8.32275	
2.69135	8.33008	
2.68555	8.32733	
2.69684	8.3194	
2.69928	8.32672	
2.69379	8.32825	
2.6947	8.34442	
2.69653	8.34656	
2.69226	8.33832	
2.68829	8.31879	
2.69745	8.3429	
2.69501	8.32123	
2.69135	8.33923	
2.69836	8.33252	
2.6947	8.32916	
2.68951	8.32367	
2.69653	8.3252	
2.68738	8.32703	
2.7005	8.33069	
2.69196	8.32916	
2.68463	8.31848	
2.69745	8.30994	
2.69836	8.30627	
2.68921	8.33313	
2.69501	8.32031	
2.69257	8.32336	
2.68646	8.31787	
2.69775	8.31055	
2.68646	8.30933	
2.70355	8.32611	
2.69867	8.3194	
2.6886	8.30597	
2.70691	8.31604	
2.69745	8.33038	
2.68616	8.32153	
2.6886	8.33405	
2.69806	8.30963	
2.69012	8.31787	
2.68494	8.33527	
2.69409	8.31238	
2.69257	8.32275	
2.69348	8.30048	
2.69684	8.31207	
2.68768	8.3075	
2.70416	8.31055	
2.68555	8.3255	
2.69806	8.33038	
2.6947	8.31207	
2.68707	8.3255	
2.70142	8.33862	
2.69196	8.32153	
2.68707	8.32855	
2.70111	8.32245	
2.6825	8.33984	
2.69928	8.32397	
2.68829	8.34015	
2.68005	8.33405	
2.69958	8.3136	
2.69104	8.32367	
2.68097	8.32428	
2.69684	8.33008	
2.68707	8.33954	
2.69653	8.32489	
2.6947	8.32947	
2.69073	8.32764	
2.6947	8.33649	
2.68921	8.32794	
2.69745	8.30719	
2.69287	8.31451	
2.68677	8.32245	
2.69806	8.30353	
2.69196	8.33496	
2.68494	8.31482	
2.69409	8.31268	
2.69165	8.3075	
2.68829	8.30353	
2.69531	8.32245	
2.69135	8.31116	
2.69501	8.30322	
2.68707	8.29895	
2.6944	8.32397	
2.69043	8.30017	
2.68677	8.31329	
2.69531	8.29834	
2.69287	8.30566	
2.68707	8.31635	
2.69562	8.29956	
2.69379	8.29163	
2.68372	8.30719	
2.68951	8.30597	
2.70111	8.31909	
2.68494	8.31177	
2.69958	8.31421	
2.69165	8.33008	
2.7005	8.33191	
2.68494	8.33313	
2.69562	8.33679	
2.69135	8.32306	
2.68646	8.32275	
2.7005	8.32642	
2.68707	8.30994	
2.69257	8.32428	
2.68799	8.31451	
2.69257	8.31573	
2.69531	8.32367	
2.68616	8.32062	
2.6944	8.31848	
2.6947	8.30597	
2.68829	8.31329	
2.69775	8.32581	
2.69196	8.33221	
2.70355	8.32581	
2.69226	8.32031	
2.69257	8.30505	
2.70508	8.29651	
2.69196	8.30383	
2.68799	8.31268	
2.70538	8.31238	
2.68951	8.30719	
2.69897	8.30566	
2.69165	8.3075	
2.69989	8.29742	
2.68768	8.3078	
2.6944	8.31299	
2.68677	8.31268	
2.70081	8.31757	
2.69165	8.32733	
2.68982	8.32153	
2.6947	8.30261	
2.6886	8.31818	
2.69196	8.31116	
2.69043	8.32031	
2.69867	8.30292	
2.69318	8.31146	
2.69257	8.3194	
2.68829	8.31146	
2.69684	8.34198	
2.69135	8.3255	
2.70172	8.33405	
2.68799	8.33801	
2.69867	8.3313	
2.68738	8.33618	
2.69501	8.34564	
2.69348	8.3255	
2.69623	8.32092	
2.69867	8.32916	
2.68982	8.31726	
2.69379	8.32672	
2.68829	8.31604	
2.69562	8.31024	
2.68829	8.31177	
2.70691	8.31726	
2.68829	8.31909	
2.69867	8.32367	
2.69592	8.32947	
2.68646	8.31787	
2.69775	8.3197	
2.68158	8.3252	
2.69684	8.31696	
2.68799	8.32184	
2.70081	8.32306	
2.69165	8.31085	
2.69806	8.33435	
2.6889	8.33496	
2.69653	8.31726	
2.70203	8.33069	
2.69531	8.33069	
2.69745	8.31024	
2.69653	8.32214	
2.68585	8.32703	
2.69196	8.32916	
2.6889	8.31848	
2.68372	8.31451	
2.69958	8.32489	
2.69836	8.31207	
2.69135	8.33618	
2.69806	8.32886	
2.69257	8.33008	
2.68616	8.32703	
2.69287	8.33588	
2.69226	8.349	
2.69043	8.33893	
2.69409	8.34869	
2.69012	8.33099	
2.69684	8.34106	
2.68921	8.34015	
2.69745	8.3432	
2.6886	8.33191	
2.70386	8.32764	
2.68646	8.33832	
2.68951	8.32794	
2.69318	8.33527	
2.69836	8.32245	
2.68463	8.3252	
2.69867	8.32611	
2.69196	8.33466	
2.69501	8.3136	
2.69653	8.33099	
2.68921	8.32367	
2.68707	8.32458	
2.69897	8.32642	
2.6947	8.32947	
2.69684	8.32001	
2.69867	8.33984	
2.68677	8.34259	
2.7005	8.31818	
2.68921	8.3197	
2.69897	8.33405	
2.69104	8.32794	
2.69684	8.32458	
2.68616	8.32184	
2.69623	8.32184	
2.69348	8.33801	
2.70142	8.33008	
2.69562	8.32245	
2.6947	8.32062	
2.69287	8.33984	
2.7005	8.34015	
2.68829	8.34503	
2.69714	8.34747	
2.68707	8.32977	
2.69806	8.31329	
2.69073	8.31879	
2.69775	8.31207	
2.68433	8.32214	
2.69989	8.32306	
2.69073	8.33984	
2.70844	8.32886	
2.69379	8.33008	
2.69623	8.33618	
2.69684	8.33679	
2.69592	8.34198	
2.69836	8.33679	
2.69012	8.31604	
2.69257	8.33679	
2.69928	8.3316	
2.69745	8.35144	
2.6886	8.31848	
2.69592	8.33252	
2.68677	8.33618	
2.69165	8.32581	
2.6828	8.35327	
2.70111	8.34106	
2.69348	8.33191	
2.69409	8.33282	
2.68616	8.32367	
2.68463	8.32336	
2.69806	8.33862	
2.68921	8.32153	
2.70752	8.33893	
2.69562	8.34045	
2.69806	8.33191	
2.68738	8.33771	
2.68524	8.31604	
2.69257	8.32764	
2.6889	8.33405	
2.69806	8.33588	
2.68707	8.33099	
2.70142	8.33954	
2.68402	8.32367	
2.69867	8.3255	
2.6889	8.32947	
2.69745	8.32886	
2.68799	8.32947	
2.69928	8.32153	
2.68646	8.32397	
2.70538	8.32062	
2.6947	8.32367	
2.69135	8.33221	
2.70172	8.31299	
2.68402	8.32031	
2.69562	8.31177	
2.67853	8.31909	
2.69928	8.31818	
2.68616	8.30353	
2.70172	8.31818	
2.6886	8.3374	
2.69318	8.31512	
2.6944	8.31116	
2.6947	8.3194	
2.69928	8.30627	
2.69653	8.31696	
2.68524	8.32245	
2.70966	8.32275	
2.69531	8.32581	
2.69684	8.32642	
2.68341	8.33557	
2.69867	8.32794	
2.68799	8.32245	
2.69623	8.34595	
2.70172	8.33588	
2.69196	8.33588	
2.69867	8.32611	
2.68951	8.31329	
2.69775	8.31726	
2.69165	8.32764	
2.68768	8.32184	
2.6886	8.3432	
2.69592	8.30994	
2.69012	8.3374	
2.70844	8.33862	
2.68372	8.33252	
2.69531	8.33282	
2.68127	8.33282	
2.69806	8.32275	
2.68829	8.3313	
2.69928	8.32367	
2.68646	8.34076	
2.69745	8.349	
2.68982	8.33099	
2.69379	8.32886	
2.69897	8.33923	
2.69623	8.33984	
2.69104	8.32642	
2.6944	8.33221	
2.68982	8.33557	
2.69592	8.34015	
2.69073	8.34076	
2.69714	8.3429	
2.69104	8.33679	
2.69012	8.32703	
2.69043	8.33801	
2.68921	8.32703	
2.69318	8.33435	
2.69287	8.33313	
2.68738	8.34076	
2.69836	8.34259	
2.68829	8.34442	
2.70691	8.34808	
2.6886	8.34869	
2.68738	8.34656	
2.7002	8.33893	
2.69012	8.3429	
2.69592	8.33252	
2.6944	8.32733	
2.68921	8.3374	
2.70721	8.34198	
2.69165	8.32977	
2.68738	8.33008	
2.70081	8.33618	
2.69043	8.33435	
2.69165	8.33893	
2.69318	8.33588	
2.69043	8.34808	
2.7063	8.33069	
2.68982	8.33588	
2.69104	8.33588	
2.68066	8.32764	
2.70172	8.3316	
2.69592	8.33069	
2.69623	8.32611	
2.69287	8.33008	
2.6944	8.34045	
2.69714	8.33435	
2.69073	8.33344	
2.70386	8.32336	
2.69501	8.32825	
2.68768	8.34351	
2.69989	8.33374	
2.69501	8.32947	
2.69409	8.33252	
2.6944	8.32703	
2.69989	8.31421	
2.68829	8.31146	
2.69806	8.3139	
2.69348	8.31848	
2.69104	8.31665	
2.69775	8.31848	
2.69196	8.30536	
2.69257	8.32794	
2.69073	8.30017	
2.69806	8.32153	
2.68921	8.32336	
2.69531	8.32092	
2.68768	8.3139	
2.69562	8.33618	
2.69165	8.32428	
2.68463	8.31482	
2.69897	8.28979	
2.69348	8.30078	
2.68951	8.31726	
2.69379	8.32458	
2.69348	8.32306	
2.69806	8.31268	
2.69684	8.31879	
2.68036	8.31787	
2.69989	8.31573	
2.69501	8.32764	
2.69287	8.32062	
2.69409	8.29926	
2.68372	8.3194	
2.69653	8.32245	
2.69073	8.32397	
2.71057	8.32367	
2.69226	8.3197	
2.69196	8.32062	
2.69135	8.32001	
2.68799	8.32184	
2.69775	8.31573	
2.69592	8.3136	
2.69165	8.31116	
2.68646	8.31207	
2.69745	8.29376	
2.68524	8.3255	
2.7002	8.31879	
2.6886	8.31177	
2.69043	8.31085	
2.69897	8.32336	
2.69348	8.3197	
2.6825	8.32489	
2.6947	8.32611	
2.68768	8.30872	
2.69775	8.3075	
2.69196	8.32092	
2.69043	8.32458	
2.69684	8.31512	
2.68799	8.32153	
2.70416	8.3139	
2.6886	8.33252	
2.69684	8.32977	
2.68097	8.30383	
2.70447	8.31055	
2.69775	8.3136	
2.69196	8.31207	
2.68951	8.31543	
2.69135	8.30933	
2.69043	8.31329	
2.69287	8.32214	
2.70691	8.33221	
2.68616	8.31635	
2.69592	8.2962	
2.69073	8.31116	
2.67975	8.31909	
2.69653	8.32367	
2.69043	8.31909	
2.68951	8.32184	
2.70874	8.30627	
2.69226	8.32916	
2.69379	8.32642	
2.68555	8.31421	
2.69257	8.32306	
2.69257	8.3255	
2.69531	8.3194	
2.69592	8.32794	
2.70233	8.33191	
2.70538	8.32397	
2.69867	8.32581	
2.68768	8.32062	
2.69806	8.30292	
2.68738	8.31482	
2.69165	8.30963	
2.68677	8.31238	
2.69775	8.31268	
2.69531	8.31451	
2.70477	8.31146	
2.70935	8.31848	
2.68616	8.31238	
2.69745	8.3194	
2.68951	8.32092	
2.70477	8.29559	
2.69531	8.30292	
2.6944	8.30536	
2.68768	8.30902	
2.69684	8.30597	
2.69531	8.30902	
2.68738	8.30292	
2.69867	8.32092	
2.6944	8.31116	
2.68494	8.31299	
2.69043	8.3078	
2.69135	8.30322	
2.68677	8.3136	
2.70172	8.32001	
2.6889	8.30963	
2.70935	8.30109	
2.69257	8.29102	
2.69775	8.30658	
2.69196	8.29834	
2.69867	8.29529	
2.68768	8.28827	
2.69196	8.28949	
2.68433	8.31482	
2.68951	8.29102	
2.69745	8.31177	
2.68738	8.31146	
2.69409	8.30719	
2.70386	8.2962	
2.6889	8.30078	
2.69043	8.31573	
2.68707	8.30231	
2.7002	8.30231	
2.68921	8.30994	
2.69714	8.30841	
2.6886	8.30597	
2.69257	8.31024	
2.69897	8.30383	
2.68127	8.31299	
2.69989	8.30292	
2.70142	8.30963	
2.6889	8.3075	
2.69257	8.31757	
2.70325	8.30414	
2.69775	8.30139	
2.70142	8.29651	
2.6825	8.28766	
2.70325	8.30414	
2.69196	8.29468	
2.6947	8.29224	
2.69958	8.3017	
2.69257	8.3075	
2.69989	8.30017	
2.69592	8.30658	
2.69775	8.31451	
2.69684	8.31482	
2.68646	8.30048	
2.70752	8.29193	
2.69867	8.31299	
2.7002	8.30475	
2.69592	8.30841	
2.69501	8.30688	
2.6947	8.31909	
2.70325	8.30353	
2.69043	8.30658	
2.69623	8.30963	
2.69623	8.30933	
2.69043	8.31879	
2.68951	8.31696	
2.69989	8.31421	
2.68646	8.31543	
2.70081	8.30933	
2.70142	8.3139	
2.69165	8.30627	
2.69226	8.31909	
2.70996	8.29834	
2.68921	8.31146	
2.69775	8.30811	
2.6828	8.29926	
2.7005	8.32031	
2.69531	8.29956	
2.69165	8.31421	
2.69623	8.31604	
2.69623	8.33252	
2.68829	8.3194	
2.69196	8.31604	
2.69684	8.3136	
2.68951	8.31848	
2.69653	8.31573	
2.70142	8.31329	
2.68677	8.32031	
2.7063	8.31268	
2.68646	8.31146	
2.69135	8.31543	
2.70081	8.30688	
2.68677	8.29315	
2.68951	8.31024	
2.69836	8.31055	
2.6944	8.3075	
2.71118	8.31055	
2.69226	8.31329	
2.69165	8.29987	
2.68402	8.31543	
2.70081	8.31482	
2.68982	8.31604	
2.6947	8.31268	
2.69775	8.33466	
2.68921	8.32489	
2.69775	8.3252	
2.69318	8.32855	
2.69806	8.31726	
2.69867	8.32947	
2.69379	8.32428	
2.69684	8.32092	
2.69348	8.32855	
2.69592	8.32764	
2.69775	8.31116	
2.6947	8.33099	
2.70203	8.32275	
2.69348	8.31879	
2.7002	8.3252	
2.68127	8.33099	
2.6886	8.33405	
2.69379	8.31085	
2.69958	8.3139	
2.69806	8.30902	
2.68402	8.32428	
2.69562	8.32153	
2.68982	8.31909	
2.69928	8.32672	
2.69196	8.32642	
2.68768	8.32886	
2.69867	8.33466	
2.69653	8.32336	
2.6828	8.31543	
2.70111	8.32916	
2.69226	8.32062	
2.69287	8.31421	
2.69867	8.31177	
2.69684	8.3197	
2.69867	8.32031	
2.69714	8.31848	
2.68524	8.31207	
2.69623	8.30597	
2.69623	8.30994	
2.69501	8.31848	
2.69196	8.30688	
2.70355	8.31085	
2.69104	8.30902	
2.68768	8.30353	
2.69592	8.31421	
2.69012	8.31299	
2.68829	8.30383	
2.69897	8.31451	
2.69165	8.31482	
2.69043	8.32886	
2.70325	8.31848	
2.69043	8.32092	
2.69684	8.31573	
2.68982	8.30505	
2.69043	8.29132	
2.69775	8.31207	
2.69012	8.30475	
2.70844	8.30597	
2.69836	8.31665	
2.68982	8.31238	
2.69348	8.30872	
2.69958	8.30872	
2.69897	8.32886	
2.68951	8.32672	
2.6889	8.33435	
2.69775	8.30627	
2.69989	8.30811	
2.70813	8.31909	
2.69928	8.33954	
2.6886	8.31512	
2.7002	8.32672	
2.69165	8.32123	
2.68768	8.33069	
2.69958	8.3075	
2.69531	8.31696	
2.68158	8.31543	
2.69714	8.32397	
2.69104	8.29193	
2.69775	8.30688	
2.69897	8.32214	
2.69196	8.32855	
2.69714	8.32214	
2.69867	8.3194	
2.69562	8.31696	
2.70264	8.31146	
2.69897	8.33344	
2.70081	8.31482	
2.68921	8.31726	
2.70721	8.33191	
2.69775	8.30994	
2.68524	8.32458	
2.69562	8.30902	
2.69684	8.30444	
2.70691	8.3136	
2.69073	8.32062	
2.69073	8.31696	
2.69958	8.33405	
2.6947	8.3313	
2.68982	8.32153	
2.69043	8.34259	
2.69897	8.32306	
2.69958	8.33527	
2.69867	8.32092	
2.68768	8.33374	
2.70325	8.32031	
2.69196	8.33679	
2.70691	8.32672	
2.6889	8.32397	
2.69897	8.3136	
2.69745	8.32947	
2.69073	8.31787	
2.6886	8.32306	
2.69958	8.32916	
2.69928	8.34869	
2.69043	8.30719	
2.6889	8.32245	
2.68799	8.30292	
2.7005	8.32367	
2.69928	8.30688	
2.69592	8.31787	
2.69104	8.33496	
2.69348	8.32611	
2.7002	8.33252	
2.70172	8.32855	
2.69989	8.30872	
2.6944	8.30139	
2.70447	8.31146	
2.6947	8.31268	
2.68585	8.32275	
2.69623	8.31146	
2.6947	8.3197	
2.68768	8.3136	
2.69684	8.3075	
2.69897	8.30597	
2.68646	8.30566	
2.69623	8.31085	
2.69684	8.31696	
2.69745	8.31207	
2.69104	8.31238	
2.68372	8.31482	
2.69867	8.31726	
2.68738	8.30383	
2.69684	8.32367	
2.6947	8.3252	
2.70813	8.32123	
2.69135	8.33099	
2.68738	8.32275	
2.69287	8.33405	
2.69562	8.30261	
2.70905	8.31085	
2.68921	8.29742	
2.69928	8.32764	
2.68494	8.32367	
2.70355	8.33832	
2.69653	8.31726	
2.69257	8.31482	
2.68921	8.31909	
2.71515	8.3316	
2.68799	8.3075	
2.69836	8.31451	
2.69653	8.32855	
2.69806	8.31451	
2.69501	8.30109	
2.70294	8.32367	
2.6944	8.31482	
2.69043	8.31238	
2.69714	8.31329	
2.70538	8.30719	
2.68921	8.32886	
2.68951	8.33221	
2.7063	8.32764	
2.68982	8.31329	
2.69745	8.3197	
2.68585	8.32703	
2.70081	8.31329	
2.70142	8.31299	
2.68951	8.31482	
2.69043	8.30688	
2.70325	8.31573	
2.69409	8.32184	
2.69287	8.31512	
2.68982	8.34106	
2.69714	8.30841	
2.70233	8.31329	
2.69348	8.32306	
2.69226	8.31635	
2.70752	8.3075	
2.69043	8.32581	
2.69104	8.31909	
2.70111	8.31085	
2.69897	8.31085	
2.68402	8.31024	
2.69318	8.30597	
2.69806	8.30658	
2.69836	8.31177	
2.69562	8.30261	
2.69257	8.32306	
2.69409	8.32062	
2.68951	8.32642	
2.69257	8.33191	
2.69867	8.33405	
2.68219	8.32825	
2.68677	8.31177	
2.68616	8.3136	
2.69836	8.31604	
2.69775	8.3078	
2.69653	8.29773	
2.69501	8.29315	
2.69165	8.30505	
2.7002	8.31421	
2.69409	8.32947	
2.70386	8.32123	
2.6944	8.32367	
2.68707	8.32397	
2.68799	8.30566	
2.69073	8.30383	
2.7002	8.28705	
2.69958	8.29895	
2.69165	8.31604	
2.68951	8.31055	
2.70081	8.31451	
2.69135	8.3136	
2.69867	8.29987	
2.70691	8.29529	
2.6825	8.31299	
2.69867	8.3197	
2.69531	8.30994	
2.69287	8.31787	
2.68951	8.31512	
2.70416	8.34381	
2.68951	8.32733	
2.69165	8.29987	
2.69989	8.29956	
2.69989	8.30658	
2.69836	8.29865	
2.69318	8.30353	
2.70447	8.30414	
2.70294	8.30475	
2.69043	8.29773	
2.70233	8.2962	
2.69623	8.30017	
2.68982	8.31055	
2.71149	8.29102	
2.69714	8.2959	
2.69073	8.30261	
2.69958	8.29102	
2.68799	8.29285	
2.69501	8.31757	
2.70447	8.30841	
2.69226	8.3078	
2.68097	8.28705	
2.70569	8.29987	
2.69836	8.30597	
2.69897	8.2959	
2.6889	8.29651	
2.70264	8.30902	
2.6944	8.29315	
2.68646	8.29346	
2.69348	8.28979	
2.69836	8.29865	
2.70569	8.31085	
2.68402	8.30261	
2.68707	8.31299	
2.69958	8.31024	
2.70325	8.31329	
2.7063	8.31207	
2.69196	8.32184	
2.68799	8.29834	
2.69531	8.29803	
2.69043	8.28796	
2.69073	8.30505	
2.70111	8.29559	
2.69531	8.28033	
2.69196	8.30688	
2.68921	8.302	
2.70538	8.28003	
2.70294	8.29773	
2.70325	8.29529	
2.69073	8.30597	
2.69104	8.302	
2.6889	8.30322	
2.69714	8.30597	
2.69165	8.30353	
2.69897	8.29376	
2.70203	8.29224	
2.69928	8.29132	
2.69775	8.29529	
2.69348	8.2962	
2.69165	8.29437	
2.68982	8.3017	
2.69287	8.30292	
2.69745	8.31604	
2.70935	8.27148	
2.69226	8.28949	
2.69806	8.31726	
2.69196	8.29498	
2.68982	8.27454	
2.69257	8.2843	
2.7005	8.30048	
2.69806	8.29071	
2.69196	8.29193	
2.69775	8.30048	
2.70538	8.29926	
2.70355	8.30963	
2.70538	8.29865	
2.6947	8.28491	
2.70172	8.29437	
2.7005	8.30963	
2.70203	8.29773	
2.71149	8.28308	
2.69836	8.27942	
2.69318	8.30078	
2.69043	8.29224	
2.68829	8.27667	
2.69196	8.29712	
2.69592	8.29681	
2.70782	8.2782	
2.6947	8.30383	
2.69409	8.31696	
2.6886	8.31543	
2.69379	8.29224	
2.68677	8.2901	
2.70111	8.28003	
2.70142	8.31787	
2.69836	8.302	
2.70264	8.30933	
2.6825	8.2959	
2.69684	8.30414	
2.70508	8.30475	
2.69592	8.29865	
2.7005	8.28278	
2.68097	8.30231	
2.68585	8.28217	
2.68829	8.28827	
2.69104	8.29803	
2.70111	8.28918	
2.7005	8.28644	
2.69806	8.27484	
2.70264	8.28003	
2.70355	8.29651	
2.7002	8.30444	
2.6947	8.30048	
2.69409	8.30231	
2.68372	8.29163	
2.7002	8.29712	
2.70233	8.28461	
2.69958	8.28949	
2.69562	8.2901	
2.68585	8.28339	
2.69623	8.27911	
2.69684	8.28949	
2.69867	8.30841	
2.69806	8.30658	
2.70355	8.27454	
2.70142	8.3017	
2.70538	8.27301	
2.68738	8.30292	
2.69012	8.29437	
2.69806	8.29407	
2.69318	8.29926	
2.7002	8.28308	
2.70386	8.2962	
2.70203	8.24982	
2.69928	8.26874	
2.69653	8.29224	
2.68646	8.30933	
2.70294	8.28552	
2.69867	8.29254	
2.69592	8.30109	
2.69501	8.28064	
2.69592	8.27789	
2.7005	8.27637	
2.69165	8.29742	
2.69623	8.30719	
2.69958	8.2959	
2.70935	8.284	
2.70325	8.28979	
2.69714	8.29834	
2.69348	8.27728	
2.6889	8.28613	
2.70508	8.29346	
2.69562	8.27606	
2.69409	8.28888	
2.69287	8.30078	
2.69562	8.30078	
2.70905	8.30475	
2.69409	8.31116	
2.68616	8.2843	
2.69226	8.29285	
2.68982	8.27728	
2.69653	8.29529	
2.70386	8.29163	
2.7002	8.30353	
2.69867	8.29956	
2.69379	8.30505	
2.70386	8.30872	
2.69714	8.31177	
2.70447	8.30475	
2.70172	8.302	
2.7005	8.3252	
2.70233	8.31238	
2.70264	8.30963	
2.69135	8.31726	
2.69348	8.31421	
2.70844	8.29681	
2.69806	8.30109	
2.69073	8.28979	
2.69043	8.29407	
2.69104	8.28949	
2.68951	8.30261	
2.69836	8.30353	
2.70203	8.30658	
2.70142	8.29315	
2.69958	8.30658	
2.68372	8.29895	
2.68738	8.30505	
2.69287	8.302	
2.69318	8.29956	
2.69165	8.30444	
2.69257	8.29803	
2.70081	8.29559	
2.70172	8.31207	
2.69897	8.3136	
2.69562	8.29681	
2.69958	8.31085	
2.6944	8.30475	
2.69958	8.30383	
2.7002	8.30383	
2.70538	8.28247	
2.70142	8.31085	
2.69745	8.28247	
2.70203	8.26996	
2.7005	8.26996	
2.70142	8.27209	
2.69165	8.26111	
2.69043	8.28674	
2.69318	8.29529	
2.68982	8.29651	
2.69897	8.27332	
2.69531	8.27423	
2.69897	8.2843	
2.70294	8.28583	
2.70386	8.28949	
2.69745	8.28949	
2.70172	8.29407	
2.7002	8.29407	
2.70081	8.29895	
2.70935	8.30261	
2.69806	8.28735	
2.69196	8.27271	
2.68951	8.27759	
2.69287	8.29956	
2.68951	8.29407	
2.6947	8.29407	
2.69196	8.32001	
2.68768	8.28918	
2.68951	8.30353	
2.69257	8.30688	
2.6944	8.29987	
2.71149	8.29437	
2.70325	8.29224	
2.70081	8.30688	
2.69775	8.28064	
2.70386	8.28827	
2.69867	8.29407	
2.70111	8.29529	
2.70294	8.28766	
2.68982	8.29193	
2.68921	8.28461	
2.69684	8.29987	
2.69745	8.30292	
2.68311	8.302	
2.69012	8.28857	
2.69562	8.28705	
2.69379	8.29651	
2.68982	8.30109	
2.69135	8.30566	
2.69775	8.3075	
2.68463	8.30627	
2.68524	8.30902	
2.69287	8.27637	
2.7005	8.29651	
2.69714	8.29834	
2.69867	8.3017	
2.7005	8.29132	
2.71118	8.29437	
2.69226	8.30139	
2.6947	8.29681	
2.69073	8.29529	
2.69562	8.29651	
2.68494	8.3078	
2.69562	8.30505	
2.69775	8.30811	
2.69897	8.29742	
2.70203	8.30414	
2.70172	8.29529	
2.69318	8.2785	
2.69836	8.29498	
2.68921	8.28979	
2.69562	8.30872	
2.69379	8.29956	
2.69501	8.31329	
2.69409	8.31207	
2.70081	8.30322	
2.6947	8.30048	
2.69287	8.28156	
2.69257	8.284	
2.69012	8.29102	
2.68982	8.29987	
2.6886	8.29773	
2.69073	8.29437	
2.68982	8.30444	
2.69592	8.3078	
2.69043	8.30017	
2.69104	8.29865	
2.69806	8.30475	
2.69073	8.30383	
2.69958	8.30292	
2.70142	8.30353	
2.70416	8.31879	
2.69928	8.30231	
2.70599	8.28339	
2.69104	8.29865	
2.68951	8.29346	
2.69745	8.30231	
2.69379	8.30811	
2.69379	8.3017	
2.70203	8.29437	
2.70172	8.28583	
2.70111	8.29651	
2.70416	8.28552	
2.70111	8.29224	
2.70172	8.26904	
2.70081	8.26355	
2.70355	8.29193	
2.69958	8.29224	
2.69684	8.31207	
2.69897	8.29193	
2.69714	8.29315	
2.69135	8.30078	
2.69775	8.29865	
2.68951	8.27728	
2.7005	8.29285	
2.69592	8.2785	
2.69196	8.2962	
2.69806	8.28644	
2.69897	8.29926	
2.6886	8.28888	
2.69775	8.29681	
2.69531	8.30719	
2.69196	8.29773	
2.7005	8.27362	
2.70508	8.29803	
2.70569	8.29559	
2.69958	8.30322	
2.69989	8.31207	
2.70111	8.3017	
2.69989	8.29956	
2.70142	8.29681	
2.70538	8.29315	
2.69287	8.30566	
2.69073	8.31055	
2.69409	8.30322	
2.69714	8.29559	
2.71057	8.28827	
2.70416	8.30078	
2.7066	8.30109	
2.69928	8.30902	
2.70325	8.31085	
2.69226	8.29468	
2.70325	8.3078	
2.70874	8.31543	
2.69531	8.2901	
2.7005	8.29315	
2.70203	8.29102	
2.69745	8.28674	
2.69928	8.30292	
2.70111	8.29651	
2.69775	8.29651	
2.7002	8.31543	
2.68524	8.31207	
2.69165	8.29468	
2.68738	8.31238	
2.6947	8.31482	
2.69104	8.3139	
2.68799	8.30261	
2.68951	8.31024	
2.70477	8.30658	
2.69226	8.31512	
2.69135	8.30963	
2.69958	8.30872	
2.69958	8.30505	
2.70233	8.29987	
2.69989	8.29712	
2.70447	8.27576	
2.70508	8.28522	
2.68707	8.29193	
2.68921	8.29437	
2.69318	8.28827	
2.69836	8.3017	
2.7066	8.29315	
2.70081	8.28583	
2.70142	8.29926	
2.69348	8.29895	
2.69073	8.31177	
2.69165	8.2962	
2.68951	8.28796	
2.68951	8.29376	
2.69623	8.29071	
2.69989	8.29132	
2.70386	8.29132	
2.69958	8.30109	
2.70813	8.30322	
2.70355	8.2901	
2.70325	8.30505	
2.70416	8.30902	
2.70294	8.30139	
2.70142	8.29529	
2.69196	8.29437	
2.70142	8.2901	
2.70294	8.29529	
2.69745	8.29285	
2.70081	8.28583	
2.70294	8.29956	
2.69867	8.29437	
2.7002	8.29346	
2.71027	8.28949	
2.70416	8.28705	
2.70264	8.28461	
2.69714	8.29895	
2.69073	8.29376	
2.68524	8.2959	
2.69684	8.29681	
2.68921	8.29041	
2.68982	8.28888	
2.69867	8.28766	
2.69958	8.28308	
2.70477	8.29132	
2.70386	8.29071	
2.69745	8.29498	
2.70508	8.302	
2.69989	8.30505	
2.69653	8.28705	
2.69836	8.30444	
2.70386	8.30353	
2.70325	8.28705	
2.69592	8.28888	
2.68738	8.3136	
2.6886	8.30292	
2.69897	8.31482	
2.70142	8.31635	
2.69714	8.31238	
2.69165	8.30383	
2.68921	8.29712	
2.69196	8.29468	
2.69165	8.30475	
2.68768	8.30353	
2.69318	8.30963	
2.70905	8.32092	
2.70264	8.28979	
2.69073	8.30139	
2.69409	8.30414	
2.68921	8.29285	
2.70142	8.29163	
2.69409	8.28705	
2.69348	8.29193	
2.69379	8.28033	
2.69623	8.2901	
2.70111	8.29163	
2.69897	8.2724	
2.69867	8.29834	
2.69165	8.29315	
2.68982	8.28369	
2.69531	8.30963	
2.69653	8.27484	
2.69989	8.28064	
2.69409	8.30444	
2.69623	8.29803	
2.69043	8.29498	
2.69745	8.30078	
2.70782	8.29041	
2.69745	8.29681	
2.68707	8.29529	
2.69318	8.31909	
2.69318	8.30841	
2.69592	8.31055	
2.69836	8.31757	
2.69104	8.31543	
2.68982	8.32031	
2.68341	8.30536	
2.69409	8.31116	
2.70599	8.30627	
2.7005	8.31696	
2.69409	8.30994	
2.6947	8.30719	
2.70325	8.30475	
2.69928	8.30811	
2.69165	8.30353	
2.68982	8.30048	
2.6944	8.29559	
2.70569	8.30658	
2.69379	8.29803	
2.68494	8.27972	
2.69135	8.28491	
2.68646	8.3017	
2.69043	8.2962	
2.6947	8.2901	
2.69653	8.30353	
2.70172	8.29742	
2.69775	8.29193	
2.69318	8.30414	
2.68768	8.29681	
2.68829	8.30994	
2.69836	8.29651	
2.69348	8.30261	
2.69562	8.28705	
2.69135	8.29834	
2.69714	8.28247	
2.70142	8.28735	
2.69196	8.30994	
2.7063	8.29224	
2.70233	8.28491	
2.69806	8.29041	
2.70111	8.284	
2.7002	8.29712	
2.69806	8.31421	
2.69165	8.30963	
2.68341	8.31268	
2.6947	8.31787	
2.69897	8.28461	
2.69623	8.28308	
2.69989	8.28339	
2.7002	8.29285	
2.69714	8.30139	
2.69592	8.28339	
2.69592	8.26385	
2.68646	8.284	
2.69348	8.28949	
2.68951	8.29346	
2.69562	8.28064	
2.69806	8.28033	
2.6947	8.29041	
2.69287	8.29987	
2.69531	8.31451	
2.69501	8.31268	
2.70386	8.30231	
2.6947	8.30353	
2.70233	8.31421	
2.70111	8.3078	
2.69897	8.29346	
2.70111	8.30994	
2.69867	8.31024	
2.7124	8.30322	
2.69806	8.3075	
2.69379	8.32947	
2.68921	8.30292	
2.68951	8.30841	
2.70111	8.29803	
2.69867	8.29132	
2.68829	8.30658	
2.69318	8.29468	
2.6828	8.30841	
2.69714	8.302	
2.70905	8.31421	
2.70416	8.29712	
2.69989	8.29376	
2.70264	8.29193	
2.70569	8.31573	
2.69562	8.30536	
2.69989	8.29498	
2.69592	8.29407	
2.69043	8.30963	
2.68951	8.28461	
2.6944	8.31268	
2.69653	8.29102	
2.69531	8.29773	
2.68738	8.3136	
2.69775	8.29742	
2.69714	8.30292	
2.69684	8.29529	
2.68768	8.31879	
2.68402	8.31635	
2.69257	8.32428	
2.71423	8.30536	
2.70355	8.31573	
2.69073	8.30719	
2.69501	8.31543	
2.68921	8.30841	
2.69257	8.31573	
2.69501	8.32275	
2.6947	8.31726	
2.69867	8.31055	
2.70599	8.31909	
2.69653	8.30902	
2.69531	8.31543	
2.69836	8.30353	
2.69562	8.30292	
2.69226	8.30658	
2.69012	8.29315	
2.70142	8.30933	
2.69409	8.30841	
2.69531	8.28766	
2.69836	8.31055	
2.68799	8.31573	
2.69257	8.32031	
2.69928	8.29529	
2.70599	8.28674	
2.69836	8.31085	
2.69348	8.29468	
2.68799	8.29895	
2.69257	8.2962	
2.69592	8.30261	
2.70477	8.29926	
2.69043	8.29865	
2.68585	8.30139	
2.69073	8.30933	
2.69073	8.29285	
2.68982	8.29956	
2.69836	8.29346	
2.70569	8.29102	
2.69073	8.29773	
2.69135	8.30627	
2.69379	8.30261	
2.68951	8.29926	
2.6944	8.31879	
2.68951	8.31177	
2.69562	8.29651	
2.69775	8.3136	
2.70081	8.28827	
2.69806	8.30322	
2.69043	8.29407	
2.69104	8.30902	
2.69379	8.31909	
2.69379	8.30505	
2.71118	8.30627	
2.70447	8.30566	
2.70325	8.29742	
2.7002	8.3194	
2.70081	8.31055	
2.69501	8.29285	
2.7002	8.29956	
2.70081	8.30963	
2.69348	8.30475	
2.69043	8.3136	
2.69043	8.31085	
2.70416	8.2843	
2.69745	8.30994	
2.69745	8.30658	
2.70142	8.3075	
2.6947	8.30872	
2.69287	8.30231	
2.70233	8.32458	
2.70386	8.31329	
2.70111	8.31085	
2.68951	8.31848	
2.69592	8.30902	
2.70172	8.3136	
2.70538	8.32672	
2.70325	8.32153	
2.6944	8.32153	
2.69775	8.31757	
2.70081	8.3371	
2.70172	8.3194	
2.69287	8.32428	
2.69257	8.3371	
2.7002	8.32031	
2.70233	8.31482	
2.6947	8.31482	
2.69379	8.30811	
2.70111	8.31573	
2.70569	8.32001	
2.70111	8.31879	
2.70111	8.30627	
2.69287	8.32764	
2.69928	8.33862	
2.70172	8.33496	
2.7005	8.3139	
2.6889	8.31543	
2.69531	8.31116	
2.69745	8.31696	
2.70172	8.30688	
2.69043	8.30841	
2.69989	8.3139	
2.70233	8.31848	
2.69684	8.32458	
2.69623	8.3255	
2.69379	8.31055	
2.69318	8.28766	
2.69958	8.29865	
2.70203	8.31543	
2.69287	8.31573	
2.68402	8.28979	
2.69806	8.29041	
2.69348	8.27698	
2.70264	8.31299	
2.69348	8.30902	
2.69073	8.32764	
2.69318	8.30688	
2.69775	8.30658	
2.70111	8.31024	
2.69196	8.31421	
2.70508	8.31116	
2.70569	8.31146	
2.69104	8.33221	
2.70782	8.28888	
2.70355	8.30719	
2.6886	8.30841	
2.68799	8.30902	
2.70203	8.34106	
2.69989	8.31421	
2.69928	8.32001	
2.69531	8.31177	
2.69135	8.3078	
2.68372	8.33221	
2.69012	8.3139	
2.69989	8.3255	
2.70844	8.3255	
2.69562	8.34991	
2.6944	8.32886	
2.69409	8.33435	
2.70386	8.33099	
2.70203	8.32855	
2.69257	8.33282	
2.69135	8.3136	
2.69745	8.28705	
2.70142	8.32184	
2.70813	8.32794	
2.69745	8.30933	
2.69806	8.33557	
2.69714	8.29865	
2.70233	8.31512	
2.69897	8.33588	
2.69806	8.3078	
2.69562	8.30261	
2.70294	8.30994	
2.70203	8.3374	
2.69684	8.30719	
2.68616	8.32306	
2.69257	8.30933	
2.70782	8.31604	
2.70447	8.33405	
2.69165	8.32153	
2.70264	8.32245	
2.6947	8.31726	
2.7002	8.29224	
2.70447	8.30963	
2.69531	8.29865	
2.69135	8.30505	
2.68158	8.32214	
2.70477	8.30414	
2.69775	8.30109	
2.69562	8.33008	
2.70447	8.30536	
2.70325	8.30902	
2.69714	8.30383	
2.69867	8.32703	
2.69012	8.31665	
2.69989	8.30078	
2.69928	8.31146	
2.69775	8.30444	
2.69409	8.32336	
2.69623	8.30658	
2.69958	8.33008	
2.71057	8.2901	
2.70508	8.29742	
2.69043	8.28247	
2.6947	8.29132	
2.70203	8.29315	
2.69073	8.30597	
2.70416	8.29285	
2.69073	8.29346	
2.69623	8.28766	
2.70203	8.28918	
2.70233	8.30353	
2.69653	8.29132	
2.69257	8.2901	
2.69135	8.29071	
2.69897	8.30109	
2.70477	8.31055	
2.70264	8.31604	
2.69135	8.32001	
2.69348	8.30933	
2.69409	8.29956	
2.70111	8.30353	
2.70325	8.29437	
2.69958	8.30627	
2.69867	8.29865	
2.69043	8.3078	
2.6947	8.30872	
2.70874	8.30566	
2.69867	8.28491	
2.70782	8.28735	
2.70233	8.28827	
2.69104	8.29163	
2.68921	8.28918	
2.69775	8.28979	
2.69501	8.32367	
2.68799	8.31238	
2.70111	8.32184	
2.69012	8.32794	
2.70203	8.30414	
2.70203	8.31787	
2.70599	8.31146	
2.69592	8.30597	
2.71118	8.29956	
2.69135	8.32214	
2.69958	8.31177	
2.70355	8.33496	
2.68677	8.31055	
2.69379	8.32825	
2.69745	8.30841	
2.69714	8.34015	
2.69165	8.33038	
2.69745	8.31482	
2.7005	8.29102	
2.69592	8.32336	
2.69226	8.33466	
2.68799	8.30353	
2.69989	8.32977	
2.7063	8.32886	
2.69592	8.32245	
2.70721	8.33313	
2.70142	8.3075	
2.69836	8.31635	
2.69196	8.31757	
2.69714	8.32336	
2.69806	8.31604	
2.68707	8.33344	
2.69653	8.33191	
2.70325	8.32336	
2.69928	8.3313	
2.69989	8.34167	
2.70721	8.33099	
2.68707	8.31573	
2.70782	8.32184	
2.70111	8.32397	
2.69989	8.32794	
2.69958	8.31757	
2.69012	8.31299	
2.70111	8.32336	
2.6947	8.31818	
2.69257	8.31543	
2.70355	8.32703	
2.69867	8.32031	
2.6947	8.31604	
2.6828	8.32153	
2.69012	8.32031	
2.7066	8.33313	
2.6944	8.31909	
2.69135	8.30353	
2.69165	8.31665	
2.69531	8.3194	
2.70447	8.33313	
2.69196	8.33008	
2.6947	8.35785	
2.70294	8.34808	
2.69287	8.34167	
2.69318	8.32794	
2.69043	8.31879	
2.68768	8.32306	
2.70599	8.32397	
2.70416	8.32428	
2.69928	8.31696	
2.69379	8.3139	
2.69043	8.33313	
2.69806	8.32733	
2.69836	8.32397	
2.70264	8.31726	
2.7005	8.33557	
2.68768	8.31726	
2.69104	8.32397	
2.70355	8.34442	
2.70264	8.33923	
2.69409	8.32825	
2.69104	8.31909	
2.68616	8.30688	
2.69989	8.30475	
2.6947	8.31848	
2.6889	8.31421	
2.69897	8.31421	
2.70477	8.3255	
2.69836	8.30353	
2.68402	8.32367	
2.69257	8.32733	
2.70782	8.29834	
2.70325	8.31818	
2.70294	8.32397	
2.69135	8.3255	
2.69623	8.31421	
2.70264	8.31085	
2.69043	8.31787	
2.69653	8.31329	
2.70386	8.32062	
2.69592	8.31207	
2.69257	8.31055	
2.7002	8.30963	
2.69501	8.3136	
2.6825	8.31543	
2.70111	8.32611	
2.71393	8.3197	
2.69714	8.33069	
2.69104	8.31421	
2.6944	8.32062	
2.70203	8.32581	
2.69928	8.32397	
2.6947	8.3252	
2.69501	8.31482	
2.69226	8.32214	
2.69714	8.31543	
2.70172	8.30902	
2.69135	8.33069	
2.69623	8.33191	
2.69104	8.32703	
2.69958	8.31757	
2.69531	8.31024	
2.69623	8.29712	
2.69806	8.31787	
2.6947	8.31726	
2.69745	8.30566	
2.69623	8.31268	
2.68951	8.29681	
2.69806	8.28461	
2.69073	8.29529	
2.69714	8.31146	
2.70142	8.31665	
2.69897	8.30261	
2.69531	8.29041	
2.70599	8.30261	
2.68921	8.30017	
2.69867	8.30688	
2.69623	8.28522	
2.68494	8.28522	
2.70203	8.29468	
2.69897	8.29315	
2.69196	8.3017	
2.71393	8.29132	
2.70447	8.30109	
2.6944	8.29987	
2.7005	8.30231	
2.69714	8.29346	
2.6947	8.29224	
2.70081	8.30872	
2.70142	8.31238	
2.69287	8.31512	
2.69775	8.30841	
2.6947	8.30872	
2.69348	8.31635	
2.6947	8.30505	
2.7005	8.31116	
2.69928	8.30444	
2.70355	8.30109	
2.69165	8.30597	
2.70081	8.3139	
2.69073	8.32886	
2.68219	8.31512	
2.69989	8.3139	
2.71088	8.30109	
2.69287	8.30688	
2.6944	8.33008	
2.70844	8.32306	
2.6947	8.32397	
2.69135	8.30994	
2.68555	8.32306	
2.69592	8.32214	
2.69562	8.31451	
2.69348	8.30109	
2.69684	8.30109	
2.7005	8.31116	
2.69135	8.31696	
2.70142	8.31299	
2.69958	8.30475	
2.68463	8.302	
2.69836	8.29224	
2.68738	8.31177	
2.70264	8.31085	
2.69714	8.30811	
2.6944	8.31085	
2.69379	8.31665	
2.69775	8.31116	
2.69623	8.30994	
2.70203	8.30933	
2.7063	8.3197	
2.69379	8.30231	
2.7124	8.30505	
2.70081	8.32947	
2.69165	8.32153	
2.70447	8.31635	
2.69287	8.31146	
2.69287	8.3078	
2.69958	8.31024	
2.69836	8.32092	
2.69165	8.32764	
2.69653	8.31696	
2.70538	8.33344	
2.69745	8.32916	
2.7002	8.31451	
2.70264	8.3252	
2.69653	8.32031	
2.70355	8.3255	
2.69531	8.29956	
2.68463	8.30078	
2.69714	8.31085	
2.69196	8.30231	
2.70233	8.29987	
2.70447	8.30872	
2.68951	8.30902	
2.7124	8.3252	
2.69531	8.33344	
2.69623	8.3255	
2.69806	8.31451	
2.7002	8.30841	
2.70111	8.31879	
2.69226	8.32733	
2.69867	8.31787	
2.69226	8.30933	
2.69562	8.33191	
2.70447	8.30383	
2.69562	8.3078	
2.69836	8.31207	
2.70691	8.33313	
2.69684	8.32458	
2.69287	8.32977	
2.70142	8.33344	
2.69073	8.32123	
2.69257	8.3197	
2.71118	8.32458	
2.68951	8.31696	
2.70172	8.31787	
2.69348	8.35236	
2.69623	8.34747	
2.7002	8.34869	
2.69806	8.33374	
2.6889	8.34076	
2.70111	8.33832	
2.69623	8.32092	
2.69073	8.3136	
2.69562	8.31787	
2.69714	8.33282	
2.69745	8.3252	
2.70294	8.34198	
2.6947	8.32672	
2.70142	8.34473	
2.69958	8.33282	
2.69653	8.32611	
2.70477	8.33008	
2.69409	8.32245	
2.68646	8.33557	
2.69348	8.3374	
2.7121	8.3252	
2.70233	8.31451	
2.69806	8.33954	
2.70599	8.33313	
2.6944	8.33313	
2.69501	8.32794	
2.69928	8.32703	
2.69196	8.34015	
2.70355	8.33405	
2.69379	8.33069	
2.69714	8.31329	
2.70477	8.33069	
2.69684	8.34137	
2.69775	8.3255	
2.69104	8.32916	
2.69867	8.32489	
2.70264	8.31604	
2.70172	8.31696	
2.69623	8.31451	
2.69043	8.31085	
2.69897	8.3252	
2.68616	8.31329	
2.69501	8.30719	
2.69226	8.3197	
2.69379	8.30963	
2.68921	8.32306	
2.70203	8.32062	
2.69531	8.30109	
2.69073	8.3075	
2.71179	8.30414	
2.69318	8.29041	
2.70447	8.3197	
2.70416	8.32275	
2.68707	8.30322	
2.70569	8.30566	
2.68982	8.30322	
2.69226	8.30994	
2.69806	8.31696	
2.70264	8.32428	
2.68677	8.33405	
2.70111	8.3313	
2.70294	8.32031	
2.6947	8.31573	
2.70386	8.32825	
2.69989	8.32581	
2.69287	8.32001	
2.70172	8.34473	
2.69958	8.3548	
2.69226	8.32733	
2.70142	8.31604	
2.70142	8.32489	
2.69531	8.32062	
2.71179	8.32672	
2.70538	8.32306	
2.7002	8.3374	
2.70203	8.33649	
2.69073	8.32306	
2.70447	8.3316	
2.69073	8.32703	
2.69196	8.32123	
2.70264	8.33496	
2.70172	8.33221	
2.69684	8.32947	
2.69897	8.32916	
2.69012	8.32367	
2.70325	8.33984	
2.69257	8.35236	
2.70294	8.32733	
2.68982	8.32977	
2.6944	8.31421	
2.70294	8.3139	
2.69653	8.3136	
2.69318	8.32123	
2.70081	8.31177	
2.69623	8.33344	
2.69318	8.3136	
2.69379	8.31482	
2.68951	8.31787	
2.69623	8.31848	
2.70264	8.30872	
2.68829	8.32855	
2.69867	8.31238	
2.69623	8.30536	
2.70355	8.32306	
2.70172	8.32825	
2.70813	8.3194	
2.69592	8.3078	
2.71301	8.31421	
2.69409	8.3252	
2.70996	8.3194	
2.69012	8.31879	
2.71149	8.3078	
2.70111	8.30566	
2.69867	8.31573	
2.70386	8.32581	
2.69501	8.33557	
2.69318	8.3197	
2.69318	8.32092	
2.69135	8.3139	
2.69623	8.31909	
2.6947	8.31665	
2.70203	8.31909	
2.6886	8.31726	
2.70264	8.3139	
2.69623	8.32092	
2.7002	8.33618	
2.70142	8.3017	
2.69989	8.30505	
2.69714	8.31085	
2.70508	8.31177	
2.70111	8.32458	
2.69287	8.31604	
2.69623	8.3197	
2.69012	8.33221	
2.70233	8.32764	
2.69226	8.31421	
2.69348	8.31818	
2.70386	8.31757	
2.69531	8.3252	
2.70386	8.32275	
2.69836	8.31573	
2.69836	8.32642	
2.70142	8.33771	
2.70386	8.32031	
2.7002	8.32581	
2.68951	8.32428	
2.69958	8.31604	
2.68921	8.30078	
2.70325	8.3194	
2.69318	8.32123	
2.69684	8.31146	
2.69287	8.31757	
2.70355	8.33588	
2.69073	8.35571	
2.70111	8.33832	
2.6944	8.34625	
2.69165	8.34045	
2.69806	8.32916	
2.69165	8.32214	
2.6947	8.33649	
2.6944	8.31879	
2.7005	8.32489	
2.69806	8.32214	
2.69714	8.32855	
2.69958	8.33221	
2.6886	8.34259	
2.70081	8.33862	
2.68921	8.349	
2.70355	8.33771	
2.69135	8.32977	
2.7005	8.3194	
2.68982	8.34076	
2.69897	8.33221	
2.69104	8.33496	
2.69379	8.34167	
2.69653	8.33221	
2.70142	8.34351	
2.69989	8.33069	
2.69196	8.3493	
2.70416	8.35144	
2.68982	8.32275	
2.70203	8.33618	
2.70294	8.3255	
2.69165	8.34778	
2.70599	8.31787	
2.68921	8.31635	
2.6889	8.31757	
2.69806	8.32642	
2.69379	8.35266	
2.70081	8.3551	
2.69745	8.36121	
2.69684	8.35785	
2.69775	8.3255	
2.69196	8.34473	
2.70081	8.35297	
2.70111	8.33923	
2.69806	8.3374	
2.69958	8.33374	
2.69928	8.34015	
2.69501	8.33221	
2.70172	8.32458	
2.69562	8.34534	
2.69806	8.33191	
2.69043	8.34747	
2.69897	8.35388	
2.69684	8.3429	
2.70477	8.34015	
2.70172	8.33374	
2.70264	8.33832	
2.70386	8.34656	
2.6944	8.34686	
2.70569	8.33527	
2.69379	8.34503	
2.70416	8.34259	
2.69165	8.33618	
2.70325	8.31848	
2.69379	8.33221	
2.69836	8.33466	
2.6886	8.31482	
2.70172	8.33954	
2.6944	8.35022	
2.69684	8.34106	
2.70264	8.33923	
2.69653	8.33191	
2.69409	8.33771	
2.69165	8.33771	
2.70477	8.34198	
2.69501	8.3371	
2.70355	8.34167	
2.69775	8.34686	
2.70081	8.35022	
2.69348	8.33557	
2.69409	8.3432	
2.69775	8.33618	
2.70172	8.34259	
2.69684	8.33221	
2.69836	8.33496	
2.70355	8.33801	
2.69196	8.33832	
2.69257	8.33099	
2.70172	8.32825	
2.68524	8.34015	
2.70355	8.33435	
2.69409	8.34106	
2.70203	8.34381	
2.69806	8.34442	
2.69745	8.34991	
2.70447	8.35541	
2.70203	8.35144	
2.70416	8.34656	
2.70966	8.35266	
2.68799	8.34351	
2.7066	8.33893	
2.7005	8.34229	
2.70508	8.31482	
2.69928	8.33282	
2.70416	8.32642	
2.69958	8.32123	
2.70264	8.34961	
2.70905	8.34961	
2.69043	8.3374	
2.70416	8.35663	
2.69379	8.35327	
2.68372	8.34747	
2.69714	8.33984	
2.69104	8.35358	
2.70569	8.35663	
2.69775	8.34808	
2.69958	8.34778	
2.69165	8.33679	
2.70142	8.33679	
2.68951	8.34656	
2.69867	8.35388	
2.69257	8.36548	
2.69745	8.35876	
2.70874	8.35754	
2.69592	8.36121	
2.6944	8.33801	
2.69836	8.35205	
2.68707	8.3432	
2.70294	8.35693	
2.69043	8.35327	
2.69287	8.35022	
2.70203	8.34442	
2.69806	8.34686	
2.6944	8.34229	
2.69928	8.34747	
2.69623	8.34503	
2.70142	8.34473	
2.69531	8.37982	
2.70355	8.36456	
2.69684	8.36975	
2.7005	8.37189	
2.70172	8.33496	
2.69012	8.35663	
2.70142	8.35938	
2.6944	8.35541	
2.69684	8.35907	
2.69867	8.37341	
2.69165	8.36029	
2.69623	8.35114	
2.70752	8.34473	
2.6889	8.34381	
2.70325	8.34564	
2.70782	8.36365	
2.69653	8.36365	
2.70691	8.35144	
2.6947	8.35968	
2.70996	8.34564	
2.69135	8.35083	
2.68707	8.34259	
2.70203	8.34259	
2.70569	8.35632	
2.69836	8.36548	
2.69165	8.34381	
2.70111	8.36182	
2.69531	8.34869	
2.70355	8.34381	
2.69531	8.33191	
2.69043	8.36639	
2.69623	8.34137	
2.69958	8.35266	
2.69928	8.36304	
2.68677	8.35602	
2.69928	8.36792	
2.69928	8.35175	
2.6947	8.36151	
2.69714	8.35297	
2.70477	8.36334	
2.70142	8.35815	
2.68982	8.3667	
2.69745	8.36456	
2.69836	8.34747	
2.70538	8.35083	
2.69226	8.35358	
2.69989	8.34381	
2.69531	8.33466	
2.69348	8.34595	
2.69958	8.35175	
2.69318	8.34198	
2.70752	8.35785	
2.7005	8.3548	
2.69745	8.35419	
2.71149	8.349	
2.69806	8.34473	
2.71301	8.3548	
2.69135	8.34839	
2.71057	8.34869	
2.69135	8.33405	
2.6944	8.32916	
2.69745	8.3316	
2.6886	8.3255	
2.69836	8.34381	
2.68616	8.34106	
2.69196	8.34229	
2.70569	8.33649	
2.69257	8.33405	
2.69775	8.32947	
2.69836	8.32947	
2.7063	8.34412	
2.69196	8.33679	
2.70538	8.33008	
2.69684	8.34747	
2.69806	8.33618	
2.70325	8.35052	
2.69287	8.33435	
2.69379	8.33618	
2.70325	8.34961	
2.70172	8.33221	
2.7005	8.33008	
2.70813	8.34381	
2.69623	8.31879	
2.69104	8.3371	
2.70294	8.33679	
2.69287	8.32642	
2.69531	8.3371	
2.69806	8.34381	
2.70416	8.33557	
2.69348	8.3374	
2.69989	8.34229	
2.70416	8.34106	
2.69196	8.34198	
2.68829	8.33588	
2.70142	8.35541	
2.69867	8.34503	
2.69562	8.34045	
2.70386	8.34503	
2.71362	8.32245	
2.7002	8.33099	
2.70386	8.32428	
2.69928	8.3197	
2.68768	8.33344	
2.69775	8.33435	
2.68524	8.33801	
2.7002	8.35419	
2.69623	8.34076	
2.70081	8.36029	
2.70752	8.34015	
2.69318	8.34869	
2.70538	8.34045	
2.69348	8.34351	
2.69562	8.35083	
2.7005	8.35297	
2.6886	8.35022	
2.70111	8.34015	
2.69043	8.3432	
2.69958	8.35205	
2.68799	8.34869	
2.7005	8.33252	
2.69775	8.35327	
2.70294	8.33221	
2.70172	8.33466	
2.70813	8.33618	
2.70172	8.35022	
2.68677	8.35388	
2.69684	8.35266	
2.69836	8.34991	
2.69379	8.34961	
2.70325	8.35724	
2.69958	8.35205	
2.70538	8.34442	
2.70447	8.35632	
2.69531	8.36029	
2.70203	8.35571	
2.69043	8.33252	
2.69867	8.34869	
2.7005	8.36426	
2.69012	8.3429	
2.69348	8.34961	
2.70264	8.36914	
2.69562	8.35236	
2.69257	8.35541	
2.70874	8.33618	
2.69806	8.35327	
2.70477	8.34076	
2.69775	8.33618	
2.69714	8.3551	
2.71454	8.34198	
2.69501	8.35236	
2.70691	8.3667	
2.69287	8.36029	
2.69043	8.35266	
2.69501	8.35571	
2.70691	8.35327	
2.70172	8.35907	
2.70203	8.36975	
2.7002	8.36212	
2.69897	8.35083	
2.70325	8.36243	
2.69501	8.33984	
2.70325	8.35419	
2.69806	8.35144	
2.69623	8.33588	
2.69836	8.34778	
2.69318	8.34778	
2.69836	8.35022	
2.70111	8.35388	
2.7066	8.35022	
2.69348	8.33069	
2.70508	8.33679	
2.70081	8.34167	
2.70447	8.3313	
2.69775	8.34045	
2.70325	8.34381	
2.7121	8.35327	
2.69135	8.34717	
2.71545	8.33801	
2.69653	8.36151	
2.68616	8.33527	
2.69989	8.33405	
2.68707	8.34595	
2.69257	8.34442	
2.70569	8.35266	
2.7066	8.35144	
2.69623	8.35754	
2.69897	8.36151	
2.70203	8.33466	
2.68829	8.34412	
2.69714	8.35144	
2.70203	8.34747	
2.69196	8.35205	
2.70172	8.36243	
2.69623	8.35083	
2.69073	8.35083	
2.70203	8.34473	
2.69623	8.34015	
2.70203	8.34442	
2.7121	8.36182	
2.69226	8.34351	
2.70966	8.35175	
2.7005	8.34808	
2.68707	8.35327	
2.70203	8.35785	
2.70325	8.35236	
2.69928	8.35449	
2.70233	8.34839	
2.70447	8.3429	
2.70355	8.33984	
2.70569	8.34656	
2.70203	8.34381	
2.69287	8.34534	
2.70172	8.34412	
2.69379	8.34076	
2.7063	8.33221	
2.7063	8.35327	
2.7066	8.35876	
2.71118	8.35083	
2.69196	8.35602	
2.70599	8.37189	
2.70294	8.35907	
2.70569	8.34351	
2.69684	8.35999	
2.70081	8.34747	
2.69714	8.34717	
2.69531	8.35693	
2.70416	8.35388	
2.69257	8.33893	
2.70477	8.34259	
2.69501	8.35144	
2.69653	8.35388	
2.69806	8.34229	
2.7002	8.33801	
2.70569	8.35541	
2.69287	8.36517	
2.70538	8.35907	
2.69714	8.35815	
2.69073	8.34808	
2.69135	8.34137	
2.7063	8.34473	
2.69165	8.34595	
2.70447	8.35327	
2.70538	8.35236	
2.69531	8.34259	
2.71179	8.32947	
2.69928	8.32428	
2.7121	8.31238	
2.69135	8.33069	
2.71149	8.3255	
2.69562	8.32855	
2.69928	8.31665	
2.70294	8.29895	
2.68494	8.31573	
2.69958	8.32733	
2.69104	8.32916	
2.70233	8.32214	
2.68738	8.32397	
2.70142	8.33618	
2.69073	8.31512	
2.69501	8.3197	
2.70203	8.31055	
2.69653	8.32123	
2.70691	8.32123	
2.6944	8.3429	
2.70325	8.32703	
2.69287	8.31726	
2.70416	8.34076	
2.69806	8.33313	
2.6947	8.3313	
2.70233	8.35449	
2.70111	8.32733	
2.69806	8.32977	
2.69623	8.35297	
2.69806	8.3429	
2.7063	8.35541	
2.70142	8.33588	
2.69104	8.33862	
2.7124	8.34259	
2.69501	8.33862	
2.69989	8.34442	
2.70386	8.3493	
2.68707	8.33618	
2.69928	8.33069	
2.7063	8.3374	
2.69318	8.32672	
2.70874	8.34076	
2.69928	8.349	
2.69836	8.34229	
2.70386	8.33862	
2.69775	8.3429	
2.70203	8.35205	
2.69592	8.35327	
2.70203	8.34717	
2.69592	8.3371	
2.70508	8.34259	
2.69867	8.33405	
2.69714	8.34167	
2.70294	8.34106	
2.70081	8.34351	
2.69714	8.33923	
2.69714	8.3316	
2.69073	8.33496	
2.70111	8.3255	
2.6947	8.31482	
2.69196	8.3252	
2.70264	8.33527	
2.69897	8.35083	
2.69623	8.34137	
2.70813	8.32977	
2.69226	8.32764	
2.70721	8.32336	
2.69104	8.33649	
2.69196	8.34656	
2.70325	8.32123	
2.68921	8.35663	
2.69623	8.3548	
2.69806	8.35327	
2.69501	8.34137	
2.70264	8.3374	
2.70416	8.35449	
2.69653	8.34412	
2.69836	8.33252	
2.70386	8.33252	
2.69653	8.33466	
2.69409	8.34686	
2.70233	8.33496	
2.69775	8.34351	
2.6947	8.34442	
2.70386	8.34137	
2.70508	8.34747	
2.69562	8.35052	
2.68738	8.34137	
2.7002	8.34381	
2.69958	8.3371	
2.70172	8.32916	
2.69836	8.32794	
2.70477	8.30994	
2.69562	8.32184	
2.6944	8.33496	
2.70325	8.34106	
2.69379	8.33649	
2.69897	8.33588	
2.70294	8.32336	
2.6947	8.34259	
2.68951	8.32916	
2.7005	8.33038	
2.71271	8.32336	
2.69775	8.33008	
2.71027	8.33466	
2.69653	8.3429	
2.69135	8.35602	
2.69623	8.32764	
2.7066	8.33008	
2.69104	8.3371	
2.70569	8.33618	
2.69623	8.32947	
2.70203	8.32062	
2.70264	8.32428	
2.69531	8.32886	
2.70416	8.33557	
2.69409	8.32184	
2.69348	8.33801	
2.70233	8.33984	
2.70111	8.3493	
2.69806	8.34015	
2.69379	8.35144	
2.70691	8.35632	
2.6947	8.33801	
2.70569	8.34412	
2.69836	8.33923	
2.70355	8.35022	
2.71118	8.33191	
2.69867	8.34808	
2.68951	8.34625	
2.69165	8.34198	
2.70691	8.3374	
2.70538	8.33069	
2.69684	8.34045	
2.7002	8.35327	
2.70355	8.33038	
2.69226	8.33954	
2.7002	8.34717	
2.70386	8.34473	
2.69714	8.35205	
2.70325	8.35449	
2.70294	8.33862	
2.69165	8.33496	
2.70691	8.33771	
2.69592	8.34473	
2.69745	8.349	
2.70386	8.3374	
2.70721	8.33954	
2.68646	8.33801	
2.69165	8.33923	
2.70294	8.33832	
2.70172	8.34381	
2.69379	8.33313	
2.69226	8.33923	
2.7066	8.33435	
2.70111	8.33466	
2.69348	8.34198	
2.69867	8.33649	
2.70203	8.34198	
2.69287	8.32367	
2.70325	8.32733	
2.69836	8.3313	
2.6944	8.32886	
2.70844	8.33618	
2.69135	8.32245	
2.68799	8.34198	
2.70203	8.33801	
2.70325	8.32916	
2.69531	8.33405	
2.70355	8.34778	
2.70386	8.34167	
2.70264	8.3551	
2.69318	8.35297	
2.70203	8.34778	
2.70142	8.33649	
2.69257	8.35815	
2.69836	8.34625	
2.70355	8.33069	
2.69257	8.34076	
2.70721	8.35114	
2.70782	8.35297	
2.69348	8.34106	
2.71393	8.33527	
2.68982	8.35388	
2.69806	8.33649	
2.70294	8.34045	
2.68738	8.32672	
2.70294	8.34351	
2.70111	8.34381	
2.70386	8.34564	
2.69592	8.34778	
2.69287	8.32367	
2.70416	8.35602	
2.69867	8.35327	
2.69775	8.349	
2.69958	8.33099	
2.70325	8.34015	
2.69928	8.33466	
2.7005	8.35022	
2.71393	8.34167	
2.69287	8.35175	
2.7002	8.3374	
2.70813	8.34412	
2.6944	8.35571	
2.69928	8.36212	
2.6944	8.36182	
2.69165	8.3548	
2.69653	8.35449	
2.69806	8.35449	
2.69348	8.37067	
2.69928	8.35724	
2.70142	8.36182	
2.69135	8.36609	
2.69775	8.35663	
2.70599	8.34656	
2.70447	8.35449	
2.69073	8.33862	
2.70691	8.35754	
2.7121	8.3313	
2.69806	8.35571	
2.68768	8.35266	
2.69958	8.34503	
2.69989	8.36334	
2.7002	8.35052	
2.7066	8.36975	
2.70294	8.35999	
2.69562	8.34106	
2.70538	8.34717	
2.70355	8.34381	
2.70203	8.35449	
2.69745	8.34137	
2.69806	8.35541	
2.7005	8.35327	
2.71606	8.33588	
2.69501	8.34106	
2.68951	8.33191	
2.69836	8.35022	
2.70844	8.33923	
2.70599	8.35052	
2.70477	8.36151	
2.69928	8.34473	
2.69958	8.34106	
2.69104	8.33649	
2.70691	8.33221	
2.69379	8.33618	
2.70233	8.3316	
2.70355	8.34381	
2.69714	8.34778	
2.70111	8.33527	
2.70477	8.3374	
2.70447	8.32123	
2.69806	8.32916	
2.69714	8.34595	
2.70233	8.34076	
2.70477	8.33008	
2.70752	8.33832	
2.70416	8.33771	
2.71118	8.33984	
2.70538	8.34229	
2.68707	8.32977	
2.69714	8.33221	
2.70905	8.33557	
2.70447	8.33832	
2.69806	8.35419	
2.69562	8.32581	
2.69348	8.31635	
2.69989	8.32916	
2.70508	8.34686	
2.71149	8.33099	
2.69135	8.33496	
2.68982	8.31604	
2.69775	8.33832	
2.7002	8.33527	
2.70721	8.33679	
2.7005	8.3374	
2.70538	8.34808	
2.69958	8.349	
2.6947	8.33405	
2.69531	8.33862	
2.69165	8.34686	
2.69867	8.32153	
2.70264	8.35114	
2.69592	8.34259	
2.69928	8.34717	
2.7066	8.34595	
2.70172	8.35297	
2.69318	8.3371	
2.70752	8.34625	
2.69836	8.33923	
2.69287	8.35663	
2.7005	8.35602	
2.69806	8.35541	
2.71271	8.35297	
2.69897	8.34869	
2.6947	8.35602	
2.69867	8.36639	
2.70355	8.35938	
2.70569	8.34625	
2.70538	8.35968	
2.69745	8.35632	
2.70569	8.35785	
2.69867	8.35236	
2.69348	8.35175	
2.69623	8.35663	
2.70264	8.34167	
2.70264	8.35571	
2.6947	8.34076	
2.7063	8.3371	
2.69867	8.35602	
2.6944	8.33893	
2.69165	8.33282	
2.7063	8.33618	
2.70264	8.35114	
2.70111	8.34961	
2.69775	8.36639	
2.70325	8.3551	
2.71332	8.34869	
2.69409	8.33435	
2.69745	8.33374	
2.70782	8.34442	
2.68951	8.35327	
2.69806	8.34381	
2.70416	8.32916	
2.70599	8.34595	
2.69653	8.35968	
2.70142	8.33496	
2.70691	8.33832	
2.70508	8.34595	
2.69226	8.34473	
2.69318	8.33984	
2.69318	8.34198	
2.6886	8.34351	
2.69867	8.35571	
2.69989	8.34808	
2.69958	8.34381	
2.69775	8.33588	
2.6944	8.35449	
2.70142	8.34747	
2.7005	8.35236	
2.7063	8.35236	
2.7121	8.33984	
2.69531	8.36212	
2.69257	8.35938	
2.70569	8.35358	
2.69989	8.34015	
2.70508	8.34076	
2.69501	8.34839	
2.69623	8.35968	
2.69806	8.34808	
2.69897	8.35114	
2.69501	8.36029	
2.69287	8.3432	
2.71088	8.33984	
2.7124	8.35876	
2.7063	8.36365	
2.69287	8.36823	
2.69745	8.36884	
2.70905	8.35419	
2.69318	8.35693	
2.69867	8.34717	
2.70599	8.36182	
2.70233	8.367	
2.69928	8.35236	
2.69226	8.35907	
2.70325	8.37524	
2.7063	8.3429	
2.71057	8.35754	
2.7005	8.3609	
2.69196	8.35297	
2.69348	8.34717	
2.70477	8.35724	
2.69928	8.37708	
2.70203	8.36121	
2.70081	8.36426	
2.6944	8.37433	
2.69714	8.36365	
2.70081	8.35693	
2.6889	8.37372	
2.69409	8.36761	
2.70874	8.3667	
2.70081	8.35693	
2.69867	8.35327	
2.70294	8.35327	
2.70142	8.37219	
2.70081	8.36823	
2.69135	8.37891	
2.69287	8.35663	
2.69501	8.3667	
2.69989	8.35358	
2.70355	8.35785	
2.70721	8.36456	
2.69867	8.35266	
2.6947	8.36731	
2.69073	8.35846	
2.7063	8.34869	
2.71118	8.3609	
2.69409	8.37402	
2.68829	8.36731	
2.69409	8.3847	
2.69745	8.36823	
2.70294	8.34167	
2.71179	8.35266	
2.70294	8.34412	
2.69623	8.37402	
2.71332	8.37372	
2.69531	8.37006	
2.69257	8.35968	
2.69623	8.3551	
2.69897	8.35297	
2.7005	8.34747	
2.69623	8.36334	
2.70538	8.36121	
2.69928	8.3667	
2.69043	8.34351	
2.70386	8.34259	
2.70142	8.34808	
2.69409	8.35815	
2.69409	8.35968	
2.6947	8.36304	
2.70233	8.35388	
2.70294	8.35083	
2.70111	8.35815	
2.70538	8.35175	
2.6944	8.35266	
2.69257	8.34534	
2.69104	8.34839	
2.69592	8.34778	
2.70264	8.34015	
2.70844	8.34259	
2.69562	8.35785	
2.68494	8.35266	
2.69653	8.35114	
2.69531	8.35144	
2.7005	8.35144	
2.70264	8.35876	
2.69287	8.35785	
2.70203	8.34351	
2.70325	8.349	
2.70782	8.35693	
2.71332	8.35358	
2.70447	8.35632	
2.70752	8.32184	
2.70996	8.32886	
2.70142	8.33374	
2.70081	8.34167	
2.6947	8.32916	
2.70538	8.34229	
2.69531	8.32825	
2.70905	8.35144	
2.70599	8.34961	
2.68494	8.36426	
2.69226	8.36426	
2.70538	8.35876	
2.7066	8.34717	
2.70508	8.35022	
2.69867	8.33069	
2.70172	8.33832	
2.70538	8.32062	
2.70355	8.34991	
2.71423	8.3252	
2.69348	8.34198	
2.69287	8.33923	
2.69806	8.33801	
2.69653	8.34137	
2.70416	8.33771	
2.70782	8.33984	
2.70233	8.33588	
2.69226	8.34381	
2.6944	8.33374	
2.70172	8.31818	
2.70294	8.32733	
2.70172	8.33313	
2.68829	8.32977	
2.69531	8.32153	
2.69196	8.32581	
2.69623	8.33038	
2.70233	8.33191	
2.70172	8.33313	
2.70508	8.33008	
2.70782	8.31512	
2.70081	8.31604	
2.70691	8.32306	
2.70294	8.33099	
2.7066	8.33649	
2.70905	8.3252	
2.70508	8.32397	
2.70844	8.30536	
2.70142	8.31512	
2.69653	8.31726	
2.70264	8.31512	
2.69836	8.32642	
2.69653	8.32611	
2.69287	8.32367	
2.69562	8.32153	
2.7002	8.32489	
2.70325	8.32855	
2.70111	8.32977	
2.68494	8.32794	
2.70325	8.32214	
2.70752	8.31879	
2.70599	8.31299	
2.70172	8.3194	
2.69165	8.32275	
2.69257	8.34656	
2.68799	8.34595	
2.70386	8.3429	
2.71423	8.33008	
2.69714	8.34015	
2.69348	8.34259	
2.69867	8.33557	
2.7121	8.32336	
2.69958	8.34381	
2.69897	8.31451	
2.69714	8.3316	
2.70355	8.32275	
2.70874	8.33649	
2.69287	8.34045	
2.68677	8.33435	
2.69714	8.33099	
2.69775	8.32916	
2.69745	8.33282	
2.7002	8.32153	
2.7066	8.32886	
2.69348	8.31604	
2.69928	8.32672	
2.6944	8.31635	
2.68127	8.3252	
2.7002	8.30872	
2.70203	8.30139	
2.69745	8.33099	
2.70233	8.32489	
2.70142	8.33588	
2.70813	8.33191	
2.71759	8.35022	
2.70172	8.34106	
2.70538	8.33252	
2.69928	8.36182	
2.69196	8.35052	
2.69318	8.34961	
2.7002	8.36243	
2.70172	8.35632	
2.69867	8.35144	
2.70599	8.35419	
2.69897	8.35449	
2.69073	8.34259	
2.70691	8.34961	
2.70233	8.31909	
2.70142	8.33954	
2.70691	8.31879	
2.70996	8.34534	
2.69684	8.35297	
2.70813	8.35693	
2.69623	8.33435	
2.70233	8.34564	
2.70142	8.33771	
2.6944	8.34625	
2.70508	8.34839	
2.70172	8.36151	
2.7005	8.34961	
2.69684	8.35938	
2.69653	8.35114	
2.70264	8.35327	
2.69562	8.35968	
2.69531	8.36792	
2.69135	8.34778	
2.69104	8.36853	
2.69531	8.34869	
2.70355	8.35602	
2.70111	8.36578	
2.70325	8.35602	
2.70264	8.34442	
2.69836	8.35846	
2.71118	8.36182	
2.69806	8.36578	
2.69287	8.37708	
2.69623	8.35541	
2.69501	8.35541	
2.6947	8.35297	
2.69135	8.3432	
2.70294	8.36853	
2.69623	8.37524	
2.69287	8.3606	
2.69684	8.36914	
2.69501	8.35266	
2.69104	8.37646	
2.69043	8.35785	
2.69379	8.36182	
2.70355	8.35449	
2.70172	8.36121	
2.69623	8.37524	
2.6947	8.36945	
2.69745	8.35724	
2.69073	8.36456	
2.69073	8.36029	
2.70203	8.36761	
2.68707	8.36304	
2.69379	8.3606	
2.69104	8.3728	
2.69135	8.34503	
2.69379	8.36517	
2.69836	8.38318	
2.6947	8.36731	
2.69806	8.36304	
2.7063	8.35815	
2.70142	8.34961	
2.70508	8.35419	
2.70386	8.34595	
2.7002	8.367	
2.69165	8.38013	
2.69012	8.36456	
2.69714	8.36395	
2.70325	8.37524	
2.69836	8.35724	
2.69073	8.34991	
2.70172	8.34167	
2.69318	8.35571	
2.68951	8.3374	
2.7005	8.349	
2.69928	8.34076	
2.70325	8.33588	
2.70416	8.32123	
2.71301	8.3548	
2.70447	8.34045	
2.69562	8.35236	
2.70538	8.3313	
2.70325	8.32306	
2.70386	8.35083	
2.70416	8.34198	
2.71149	8.33832	
2.70264	8.34961	
2.69653	8.34442	
2.69714	8.35968	
2.70081	8.34778	
2.69897	8.35022	
2.70477	8.34808	
2.69714	8.34503	
2.69806	8.34778	
2.69745	8.35449	
2.69562	8.34991	
2.6886	8.33221	
2.69592	8.32428	
2.69348	8.34229	
2.68341	8.33038	
2.70111	8.33435	
2.70355	8.33038	
2.69958	8.34106	
2.7002	8.33588	
2.70905	8.34961	
2.69745	8.34015	
2.68799	8.36243	
2.70172	8.34747	
2.70477	8.34106	
2.70355	8.35266	
2.70599	8.35449	
2.71027	8.34961	
2.70081	8.35327	
2.70386	8.33832	
2.70477	8.35541	
2.70447	8.34961	
2.6944	8.33923	
2.70294	8.35846	
2.70844	8.34076	
2.7005	8.35114	
2.70691	8.35358	
2.70325	8.35297	
2.69409	8.35724	
2.69287	8.34076	
2.69226	8.35876	
2.68738	8.35907	
2.69379	8.3548	
2.70111	8.35876	
2.69562	8.3316	
2.69348	8.35297	
2.70935	8.35419	
2.70447	8.34686	
2.70355	8.34808	
2.70386	8.36182	
2.70325	8.35663	
2.70721	8.33557	
2.69867	8.36365	
2.70905	8.35266	
2.69501	8.35358	
2.69531	8.34442	
2.69562	8.34869	
2.69714	8.34198	
2.69867	8.35846	
2.69623	8.33862	
2.69073	8.349	
2.70172	8.35419	
2.70203	8.35907	
2.70447	8.349	
2.7002	8.34808	
2.71332	8.33649	
2.69928	8.33679	
2.7005	8.35358	
2.69531	8.34351	
2.70081	8.36151	
2.69318	8.35541	
2.69226	8.35205	
2.69135	8.36548	
2.69775	8.34656	
2.69653	8.34961	
2.69104	8.36182	
2.69714	8.33893	
2.69836	8.33984	
2.70111	8.33557	
2.68921	8.34229	
2.6944	8.34076	
2.6947	8.32855	
2.6944	8.33649	
2.7002	8.34717	
2.70721	8.33527	
2.6947	8.33435	
2.69165	8.3316	
2.69806	8.34045	
2.69806	8.34534	
2.69135	8.32703	
2.69562	8.35846	
2.69043	8.34442	
2.69501	8.33984	
2.69379	8.3371	
2.69989	8.34412	
2.69714	8.33496	
2.70081	8.33038	
2.69867	8.33527	
2.70416	8.33954	
2.69592	8.32367	
2.68829	8.31573	
2.69806	8.33557	
2.69562	8.31726	
2.69226	8.32062	
2.69287	8.31238	
2.69379	8.31604	
2.70813	8.31543	
2.70905	8.30933	
2.70142	8.31268	
2.69501	8.30688	
2.69623	8.33618	
2.70142	8.32489	
2.69806	8.33862	
2.70721	8.3374	
2.70203	8.3371	
2.69043	8.31207	
2.69592	8.32214	
2.69257	8.32001	
2.6947	8.34137	
2.69379	8.32825	
2.69379	8.32855	
2.70966	8.32916	
2.6947	8.31207	
2.69745	8.34137	
2.70172	8.32123	
2.70416	8.33099	
2.69562	8.3075	
2.70233	8.31757	
2.68921	8.32367	
2.7002	8.34259	
2.69623	8.31268	
2.69226	8.32428	
2.69562	8.33496	
2.69409	8.32947	
2.70325	8.32642	
2.70386	8.33252	
2.7002	8.31604	
2.69623	8.33649	
2.68799	8.32611	
2.69226	8.31879	
2.70081	8.32886	
2.70416	8.30902	
2.6947	8.32123	
2.69348	8.33374	
2.69104	8.34534	
2.6886	8.30627	
2.69928	8.32489	
2.70386	8.32733	
2.6947	8.32916	
2.70142	8.35083	
2.68494	8.36212	
2.70111	8.34259	
2.70477	8.35938	
2.70599	8.33282	
2.70691	8.34656	
2.69806	8.34717	
2.70142	8.33801	
2.69928	8.34717	
2.70508	8.32733	
2.70233	8.32916	
2.6886	8.31329	
2.69409	8.31329	
2.69684	8.31665	
2.70325	8.3136	
2.70477	8.32306	
2.71454	8.33008	
2.69989	8.32886	
2.6944	8.32275	
2.69257	8.33008	
2.69318	8.31085	
2.71698	8.33221	
2.70416	8.31757	
2.69592	8.31085	
2.69867	8.31726	
2.70111	8.30292	
2.70264	8.32703	
2.6944	8.32489	
2.70111	8.34259	
2.70233	8.31482	
2.69409	8.3252	
2.69409	8.32275	
2.70508	8.33496	
2.70325	8.30933	
2.6947	8.32306	
2.69287	8.33679	
2.68768	8.34717	
2.70569	8.3374	
2.70599	8.33405	
2.69775	8.32703	
2.69409	8.3197	
2.69562	8.31451	
2.70508	8.32214	
2.70416	8.31879	
2.6944	8.32306	
2.70294	8.33832	
2.70844	8.32672	
2.69379	8.30414	
2.69623	8.28247	
2.7121	8.29559	
2.69989	8.30994	
2.69867	8.30414	
2.69318	8.31116	
2.69836	8.31177	
2.71606	8.29437	
2.70172	8.31787	
2.70508	8.29224	
2.70203	8.32397	
2.69562	8.31573	
2.69287	8.2959	
2.69196	8.30139	
2.70599	8.30414	
2.70294	8.3078	
2.6944	8.32306	
2.69531	8.30414	
2.70386	8.29498	
2.70782	8.30658	
2.69165	8.30505	
2.69653	8.29193	
2.70508	8.30383	
2.70294	8.29071	
2.70538	8.32672	
2.69592	8.31726	
2.69592	8.32062	
2.71332	8.31482	
2.69775	8.31482	
2.69836	8.31451	
2.69226	8.31482	
2.69348	8.31116	
2.70874	8.30994	
2.70569	8.31421	
2.71027	8.32642	
2.69257	8.32794	
2.69348	8.31116	
2.69928	8.3197	
2.70081	8.29803	
2.7066	8.31268	
2.69745	8.31512	
2.69623	8.31909	
2.69257	8.30658	
2.70142	8.30841	
2.70264	8.31268	
2.69257	8.31818	
2.69165	8.32275	
2.70386	8.3374	
2.70172	8.31879	
2.70111	8.30933	
2.69806	8.31879	
2.69409	8.31024	
2.71423	8.3017	
2.70477	8.30627	
2.70142	8.30811	
2.69897	8.31177	
2.70142	8.302	
2.71301	8.30566	
2.69958	8.30688	
2.69714	8.32794	
2.70081	8.33099	
2.7063	8.28766	
2.69775	8.30353	
2.69653	8.31848	
2.69287	8.31451	
2.70477	8.30658	
2.71057	8.32184	
2.70447	8.31696	
2.69745	8.32184	
2.69958	8.31512	
2.70752	8.32336	
2.70172	8.32062	
2.6947	8.33038	
2.69714	8.34076	
2.70111	8.31757	
2.70844	8.32184	
2.69836	8.31787	
2.68677	8.32245	
2.70294	8.31116	
2.7063	8.30414	
2.69775	8.30688	
2.6944	8.32428	
2.69867	8.32062	
2.70355	8.32336	
2.70081	8.32123	
2.69165	8.31177	
2.69501	8.32062	
2.68707	8.31635	
2.69989	8.33038	
2.69684	8.302	
2.69287	8.3136	
2.69714	8.30902	
2.71088	8.32825	
2.69867	8.32855	
2.70172	8.30841	
2.7063	8.3316	
2.70752	8.32977	
2.69135	8.33038	
2.69745	8.32703	
2.69989	8.32184	
2.70569	8.33313	
2.70416	8.31421	
2.69257	8.32367	
2.69775	8.31696	
2.70538	8.31299	
2.70416	8.32245	
2.7005	8.32489	
2.69073	8.32825	
2.70447	8.31848	
2.70355	8.31085	
2.70203	8.33099	
2.70355	8.32733	
2.68799	8.30658	
2.70538	8.3136	
2.70111	8.3075	
2.6944	8.3017	
2.70447	8.3017	
2.7005	8.30719	
2.69287	8.28644	
2.69867	8.30048	
2.69562	8.31085	
2.69958	8.31573	
2.70203	8.31329	
2.70355	8.31268	
2.70294	8.29865	
2.6947	8.32336	
2.69348	8.32611	
2.69409	8.31573	
2.70233	8.31207	
2.70874	8.31726	
2.70905	8.33313	
2.69592	8.33344	
2.69806	8.3316	
2.7063	8.32031	
2.70508	8.31696	
2.70538	8.32642	
2.69836	8.33099	
2.6947	8.33252	
2.71362	8.31635	
2.69806	8.33038	
2.69623	8.31421	
2.69897	8.32428	
2.70813	8.31543	
2.69775	8.31909	
2.70081	8.32947	
2.70203	8.32642	
2.69562	8.30994	
2.69836	8.30811	
2.70752	8.32397	
2.69562	8.3252	
2.6947	8.32458	
2.7005	8.32977	
2.70203	8.32397	
2.69806	8.33191	
2.6944	8.33099	
2.70416	8.32733	
2.7121	8.34106	
2.6947	8.32794	
2.70416	8.32642	
2.69928	8.30933	
2.70172	8.33832	
2.70294	8.31696	
2.70569	8.32397	
2.69318	8.32275	
2.69531	8.32794	
2.69684	8.28552	
2.69684	8.32245	
2.69135	8.33313	
2.70721	8.33282	
2.68677	8.31451	
2.70264	8.33252	
2.69775	8.32062	
2.69745	8.30963	
2.69257	8.31207	
2.7005	8.31573	
2.70386	8.32336	
2.69409	8.3078	
2.70355	8.31879	
2.70081	8.3197	
2.6947	8.33405	
2.70233	8.34229	
2.70691	8.33069	
2.70203	8.31512	
2.69806	8.30322	
2.69928	8.29926	
2.70569	8.33435	
2.69379	8.30597	
2.69653	8.302	
2.70782	8.31879	
2.69989	8.33527	
2.69348	8.33282	
2.6944	8.31818	
2.70538	8.30811	
2.70264	8.31543	
2.69623	8.32001	
2.71301	8.31818	
2.6944	8.31543	
2.69775	8.31116	
2.70477	8.30292	
2.70813	8.32489	
2.70569	8.32977	
2.69501	8.33801	
2.7002	8.32245	
2.69836	8.33221	
2.69196	8.31268	
2.70905	8.32794	
2.69836	8.32489	
2.69714	8.32367	
2.71362	8.32764	
2.69775	8.34229	
2.70203	8.34045	
2.70142	8.33527	
2.6944	8.31543	
2.70203	8.34229	
2.7005	8.32031	
2.69897	8.30627	
2.69867	8.31635	
2.70294	8.30841	
2.69867	8.33313	
2.69714	8.31665	
2.7066	8.32001	
2.68555	8.33649	
2.70325	8.32672	
2.70599	8.29285	
2.70416	8.30444	
2.69714	8.30841	
2.69592	8.3136	
2.70782	8.30261	
2.69348	8.30688	
2.71454	8.30566	
2.7005	8.31726	
2.70233	8.31482	
2.70203	8.31085	
2.69623	8.30658	
2.69714	8.2962	
2.69104	8.31116	
2.70721	8.30841	
2.68829	8.31055	
2.71027	8.32062	
2.70599	8.3017	
2.69318	8.32092	
2.69623	8.31085	
2.69653	8.30322	
2.70416	8.32062	
2.70813	8.3194	
2.68768	8.31512	
2.70294	8.3255	
2.69104	8.33618	
2.71179	8.33405	
2.69623	8.32092	
2.70142	8.3316	
2.69897	8.3252	
2.69928	8.30933	
2.70721	8.3255	
2.69501	8.34198	
2.70294	8.33649	
2.70416	8.33466	
2.70111	8.32611	
2.69928	8.33252	
2.71179	8.34167	
2.69745	8.3432	
2.70538	8.32611	
2.69897	8.32458	
2.6944	8.32733	
2.70538	8.31726	
2.7002	8.31573	
2.69379	8.32184	
2.70844	8.32214	
2.69928	8.32123	
2.69653	8.32794	
2.7005	8.32275	
2.69592	8.33679	
2.70142	8.35236	
2.69531	8.35419	
2.70599	8.34473	
2.6947	8.3551	
2.70905	8.34778	
2.69501	8.34076	
2.71545	8.34045	
2.7002	8.34259	
2.69714	8.34534	
2.70508	8.3374	
2.70477	8.34167	
2.69165	8.34106	
2.69867	8.34656	
2.70813	8.33984	
2.69287	8.33618	
2.70416	8.3316	
2.69928	8.33801	
2.70569	8.3432	
2.69501	8.33344	
2.70203	8.33191	
2.69531	8.34167	
2.70752	8.34961	
2.6889	8.34198	
2.69318	8.33649	
2.70813	8.35205	
2.69745	8.36029	
2.70416	8.35938	
2.69836	8.3429	
2.69318	8.33496	
2.70874	8.33679	
2.69379	8.34351	
2.69775	8.34381	
2.70294	8.35083	
2.69318	8.3316	
2.70905	8.3432	
2.69623	8.32397	
2.70294	8.31573	
2.69806	8.34015	
2.6947	8.35175	
2.69958	8.33527	
2.70081	8.32581	
2.70782	8.32886	
2.69836	8.32336	
2.70447	8.33984	
2.69745	8.32428	
2.70355	8.35327	
2.69928	8.34381	
2.70599	8.34015	
2.69348	8.33221	
2.69135	8.32764	
2.70233	8.32062	
2.69836	8.33344	
2.71484	8.34564	
2.69653	8.32947	
2.70416	8.32977	
2.69836	8.31512	
2.70294	8.32764	
2.69775	8.33252	
2.70844	8.31818	
2.69501	8.33038	
2.69592	8.32916	
2.69562	8.31635	
2.69531	8.33282	
2.71332	8.33588	
2.6947	8.33344	
2.69684	8.33527	
2.70508	8.32123	
2.69348	8.32703	
2.70203	8.33435	
2.6947	8.34991	
2.70569	8.33069	
2.68707	8.32886	
2.70508	8.34015	
2.70142	8.34412	
2.71118	8.34137	
2.7063	8.34595	
2.69562	8.32794	
2.70477	8.32489	
2.69836	8.33679	
2.70294	8.33893	
2.70264	8.33313	
2.69684	8.33923	
2.71393	8.33588	
2.70233	8.31909	
2.69409	8.33374	
2.70691	8.33679	
2.70569	8.33466	
2.70508	8.33771	
2.7002	8.34198	
2.70569	8.32458	
2.69836	8.33649	
2.70782	8.32855	
2.69806	8.29437	
2.70416	8.31299	
2.69775	8.31879	
2.70386	8.32245	
2.69409	8.33954	
2.69806	8.32947	
2.69745	8.33771	
2.69897	8.32611	
2.70721	8.33405	
2.68616	8.31757	
2.70386	8.31787	
2.70538	8.32062	
2.69745	8.31299	
2.70264	8.30475	
2.69592	8.33344	
2.69653	8.33038	
2.70782	8.31238	
2.68982	8.34015	
2.70416	8.33527	
2.69684	8.32733	
2.69592	8.29651	
2.70538	8.31512	
2.69196	8.30292	
2.70233	8.31635	
2.7005	8.32672	
2.69653	8.33313	
2.69501	8.33527	
2.69836	8.3252	
2.71179	8.32092	
2.69562	8.3313	
2.70691	8.32062	
2.69196	8.33282	
2.70477	8.32977	
2.69745	8.32489	
2.70325	8.33099	
2.70569	8.34625	
2.69653	8.33588	
2.69012	8.31543	
2.69592	8.32214	
2.70813	8.31573	
2.69562	8.32947	
2.70142	8.31665	
2.6886	8.31482	
2.70752	8.3252	
2.69836	8.33344	
2.71393	8.34045	
2.6944	8.32153	
2.71027	8.32184	
2.70538	8.32916	
2.70142	8.32825	
2.70142	8.34167	
2.70386	8.31024	
2.70447	8.33954	
2.69806	8.32855	
2.70111	8.32062	
2.7002	8.32367	
2.70233	8.33618	
2.70264	8.32642	
2.70691	8.31604	
2.69104	8.32306	
2.70477	8.32642	
2.70416	8.32336	
2.69836	8.32153	
2.70325	8.3432	
2.69531	8.35358	
2.69806	8.33344	
2.69348	8.34259	
2.71118	8.32123	
2.69684	8.32336	
2.70721	8.3252	
2.70172	8.32428	
2.69867	8.31757	
2.70294	8.33588	
2.69714	8.31787	
2.70081	8.33313	
2.69287	8.36151	
2.70203	8.35144	
2.69806	8.33984	
2.71271	8.35907	
2.70355	8.33435	
2.70203	8.34778	
2.70569	8.34991	
2.70538	8.33984	
2.69684	8.33893	
2.70111	8.34015	
2.6947	8.33557	
2.70874	8.35663	
2.69745	8.35205	
2.7063	8.33832	
2.68707	8.35052	
2.70691	8.33191	
2.69958	8.3136	
2.7002	8.34015	
2.70508	8.34229	
2.69928	8.34503	
2.6947	8.33435	
2.7005	8.35327	
2.70264	8.33862	
2.69806	8.30597	
2.70691	8.33282	
2.7005	8.32916	
2.7005	8.32397	
2.70844	8.34045	
2.69226	8.31757	
2.70477	8.32245	
2.69714	8.32611	
2.68524	8.33344	
2.70508	8.34076	
2.70294	8.33313	
2.71759	8.32977	
2.69867	8.32794	
2.69745	8.33191	
2.71088	8.31848	
2.69196	8.32672	
2.7063	8.30536	
2.69043	8.31146	
2.70355	8.30444	
2.68402	8.31085	
2.70325	8.3371	
2.69379	8.30872	
2.70721	8.30658	
2.69714	8.33527	
2.70325	8.31696	
2.71667	8.3078	
2.69562	8.31482	
2.71057	8.31787	
2.69623	8.31757	
2.70294	8.3194	
2.69623	8.33496	
2.70203	8.33435	
2.69531	8.34534	
2.69867	8.33557	
2.70142	8.32825	
2.70203	8.32275	
2.7005	8.32123	
2.70477	8.32825	
2.6947	8.3197	
2.68738	8.33282	
2.70111	8.33984	
2.70966	8.33038	
2.6886	8.3194	
2.70142	8.31329	
2.69653	8.31665	
2.7121	8.32855	
2.69531	8.33588	
2.70752	8.34747	
2.69836	8.33374	
2.70325	8.32916	
2.69745	8.33069	
2.70569	8.33527	
2.69897	8.3075	
2.70081	8.31665	
2.69714	8.33923	
2.6944	8.32214	
2.71088	8.34808	
2.70416	8.34656	
2.69989	8.33344	
2.69745	8.33405	
2.70294	8.33282	
2.69653	8.31757	
2.70538	8.33557	
2.69348	8.3252	
2.7063	8.32703	
2.68982	8.34717	
2.70142	8.34442	
2.69714	8.34503	
2.69989	8.34076	
2.70416	8.33466	
2.70721	8.33099	
2.69073	8.31482	
2.69653	8.34045	
2.70569	8.3136	
2.6944	8.31024	
2.70721	8.33221	
2.69836	8.33221	
2.69836	8.3316	
2.68738	8.32092	
2.70386	8.31757	
2.69684	8.32367	
2.69135	8.31055	
2.70264	8.32642	
2.69775	8.3194	
2.71759	8.32184	
2.70142	8.3313	
2.70294	8.32794	
2.69897	8.35449	
2.69836	8.34595	
2.70752	8.33954	
2.69165	8.32336	
2.69562	8.33008	
2.70294	8.33405	
2.68768	8.34137	
2.70325	8.3197	
2.69165	8.32947	
2.70447	8.32642	
2.69714	8.31329	
2.70111	8.32703	
2.70599	8.3252	
2.70203	8.33221	
2.69012	8.3255	
2.70569	8.32825	
2.70081	8.34015	
2.72034	8.32733	
2.69989	8.32733	
2.70569	8.32642	
2.70905	8.31604	
2.7063	8.31635	
2.70294	8.32245	
2.68707	8.32886	
2.70172	8.33954	
2.69623	8.33649	
2.70813	8.32947	
2.69196	8.32611	
2.7002	8.30963	
2.70325	8.32642	
2.70477	8.31604	
2.6947	8.31268	
2.70569	8.3313	
2.7005	8.32153	
2.69806	8.33374	
2.70599	8.31451	
2.69714	8.32855	
2.70325	8.31726	
2.69745	8.33099	
2.70508	8.34076	
2.7002	8.32886	
2.7002	8.3255	
2.70721	8.32458	
2.69989	8.3252	
2.69562	8.31879	
2.69409	8.32367	
2.71973	8.3194	
2.7063	8.32733	
2.69501	8.33344	
2.70477	8.32916	
2.70264	8.33008	
2.69623	8.31207	
2.70782	8.31848	
2.7063	8.32367	
2.6944	8.32489	
2.71515	8.31573	
2.70142	8.3194	
2.69043	8.32031	
2.71576	8.33588	
2.70172	8.32611	
2.70721	8.32306	
2.71301	8.32397	
2.69653	8.33099	
2.70294	8.32458	
2.69348	8.32214	
2.70111	8.31635	
2.69928	8.32306	
2.69714	8.32001	
2.70508	8.32092	
2.69684	8.31635	
2.70569	8.31757	
2.69958	8.31787	
2.69745	8.32611	
2.69348	8.30139	
2.70081	8.33252	
2.70294	8.31482	
2.68524	8.30109	
2.70172	8.30383	
2.70599	8.302	
2.69592	8.30505	
2.70538	8.30566	
2.69928	8.31665	
2.6947	8.30536	
2.70294	8.31146	
2.69928	8.31848	
2.69653	8.31909	
2.70111	8.3017	
2.6947	8.29681	
2.7066	8.31726	
2.69867	8.32581	
2.70569	8.32092	
2.69104	8.31696	
2.70325	8.32611	
2.70508	8.32306	
2.7002	8.31665	
2.6944	8.33191	
2.69714	8.32428	
2.69562	8.30322	
2.69562	8.30872	
2.7005	8.30566	
2.70081	8.33008	
2.7005	8.3139	
2.70813	8.3139	
2.70294	8.31329	
2.69592	8.31696	
2.69989	8.32275	
2.70508	8.32611	
2.70844	8.31879	
2.69775	8.32397	
2.70996	8.31848	
2.69958	8.32336	
2.70477	8.32092	
2.70233	8.32031	
2.70447	8.31116	
2.70905	8.32031	
2.70264	8.3197	
2.70355	8.31818	
2.7002	8.31726	
2.70294	8.31726	
2.69562	8.31757	
2.70447	8.31909	
2.69592	8.31421	
2.69287	8.3075	
2.6944	8.31482	
2.70447	8.31787	
2.69806	8.31879	
2.70172	8.31299	
2.69592	8.30902	
2.70203	8.3078	
2.70203	8.30627	
2.69745	8.30566	
2.70111	8.29102	
2.70935	8.31787	
2.70874	8.32367	
2.69714	8.3197	
2.70325	8.32245	
2.71423	8.32367	
2.7005	8.32367	
2.70905	8.32611	
2.71271	8.30841	
2.70355	8.33344	
2.69928	8.32184	
2.71667	8.29926	
2.70111	8.30414	
2.70355	8.31116	
2.68738	8.32764	
2.69867	8.31451	
2.70905	8.33374	
2.69501	8.32367	
2.69562	8.30505	
2.70264	8.30627	
2.70447	8.30353	
2.70813	8.3313	
2.70599	8.3252	
2.70172	8.31604	
2.69501	8.30963	
2.69775	8.32855	
2.70203	8.31146	
2.70996	8.31177	
2.69531	8.31696	
2.70325	8.30322	
2.71393	8.29163	
2.71027	8.3136	
2.69562	8.33008	
2.71484	8.3194	
2.70386	8.31299	
2.69653	8.3017	
2.70416	8.31146	
2.70111	8.31848	
2.69867	8.31543	
2.6944	8.31818	
2.70264	8.32397	
2.70813	8.31329	
2.6889	8.31238	
2.6947	8.30963	
2.70691	8.32916	
2.70294	8.32214	
2.69409	8.31177	
2.70721	8.31268	
2.70844	8.31757	
2.6947	8.31604	
2.70599	8.33099	
2.70752	8.31726	
2.69958	8.31696	
2.69562	8.30597	
2.70477	8.32092	
2.69623	8.31604	
2.70142	8.31909	
2.7066	8.30627	
2.70569	8.30994	
2.69501	8.33618	
2.69592	8.32703	
2.70691	8.34229	
2.70355	8.34534	
2.70294	8.34442	
2.70447	8.33191	
2.69836	8.33954	
2.69409	8.35541	
2.70477	8.32245	
2.7002	8.34564	
2.70508	8.3548	
2.69257	8.34045	
2.70508	8.35785	
2.70355	8.34351	
2.69745	8.32336	
2.69745	8.34595	
2.70935	8.32855	
2.69653	8.33038	
2.70447	8.32733	
2.69592	8.3429	
2.6944	8.35449	
2.70294	8.34229	
2.70203	8.34473	
2.69806	8.33099	
2.69623	8.33771	
2.70752	8.33405	
2.69348	8.3374	
2.69745	8.3078	
2.7066	8.31299	
2.71393	8.32825	
2.7005	8.32214	
2.69379	8.31604	
2.70142	8.32703	
2.70721	8.32825	
2.7063	8.3255	
2.68982	8.31909	
2.69501	8.32306	
2.70782	8.32031	
2.69989	8.33801	
2.6947	8.33466	
2.70233	8.34076	
2.70447	8.35114	
2.70172	8.38104	
2.70172	8.35358	
2.7066	8.3551	
2.70416	8.34442	
2.69958	8.33099	
2.70386	8.32581	
2.70691	8.34137	
2.69745	8.34076	
2.7002	8.34045	
2.70355	8.35297	
2.70447	8.33313	
2.70264	8.34015	
2.69623	8.33313	
2.69989	8.35052	
2.70172	8.34717	
2.71149	8.34503	
2.70325	8.34076	
2.69928	8.32397	
2.70721	8.34167	
2.70386	8.31116	
2.69684	8.3313	
2.71393	8.33282	
2.69867	8.32916	
2.69165	8.3313	
2.69745	8.3371	
2.70752	8.33984	
2.70935	8.33649	
2.69287	8.34869	
2.70294	8.33679	
2.70691	8.34564	
2.69409	8.32611	
2.69775	8.34778	
2.70691	8.32794	
2.71301	8.34686	
2.69623	8.34869	
2.69196	8.34198	
2.70355	8.34167	
2.70447	8.33038	
2.69318	8.33923	
2.70142	8.31604	
2.7063	8.34869	
2.69623	8.3371	
2.69897	8.33069	
2.70599	8.33557	
2.70935	8.33191	
2.69928	8.34351	
2.69135	8.33344	
2.69745	8.34198	
2.70508	8.33282	
2.70416	8.3313	
2.69775	8.34381	
2.69745	8.34106	
2.70538	8.33588	
2.70782	8.33771	
2.69684	8.33893	
2.68829	8.33496	
2.70416	8.33618	
2.7063	8.33649	
2.69409	8.33893	
2.69653	8.32916	
2.7066	8.32886	
2.70264	8.34137	
2.6947	8.32153	
2.70416	8.33862	
2.70691	8.34412	
2.70325	8.34381	
2.69714	8.33008	
2.70142	8.32642	
2.70691	8.32794	
2.69531	8.32153	
2.69592	8.33496	
2.70081	8.32886	
2.69989	8.32245	
2.69653	8.32703	
2.69653	8.31787	
2.70386	8.31909	
2.70538	8.32703	
2.71484	8.32825	
2.69623	8.32611	
2.69623	8.34076	
2.71484	8.32245	
2.70447	8.30902	
2.69379	8.33771	
2.71545	8.30994	
2.69897	8.32825	
2.69318	8.3194	
2.69043	8.34015	
2.70111	8.30994	
2.71179	8.32001	
2.71179	8.34686	
2.7005	8.32092	
2.69714	8.33344	
2.70111	8.31726	
2.70691	8.34137	
2.69592	8.32764	
2.69135	8.34229	
2.70477	8.31573	
2.71179	8.31268	
2.70447	8.34167	
2.68768	8.32062	
2.68921	8.32397	
2.70142	8.32001	
2.69257	8.33344	
2.70294	8.32886	
2.70355	8.34137	
2.70416	8.34106	
2.70691	8.32642	
2.69653	8.35022	
2.70233	8.34351	
2.7005	8.34503	
2.70294	8.34351	
2.69928	8.34534	
2.70325	8.30383	
2.69745	8.32184	
2.70721	8.31146	
2.70691	8.3194	
2.69714	8.34808	
2.70294	8.34869	
2.71484	8.33344	
2.70264	8.34381	
2.6947	8.32458	
2.69409	8.33832	
2.69775	8.33527	
2.71088	8.3374	
2.71179	8.30139	
2.70874	8.34045	
2.69684	8.31451	
2.6947	8.33862	
2.70233	8.33191	
2.7063	8.3374	
2.7066	8.32733	
2.70844	8.31818	
2.69836	8.33435	
2.69409	8.33344	
2.69409	8.34808	
2.70477	8.30811	
2.70782	8.34076	
2.70477	8.33405	
2.6947	8.32062	
2.69714	8.33832	
2.70294	8.34564	
2.70844	8.3194	
2.70447	8.35846	
2.69745	8.32245	
2.69104	8.34442	
2.70111	8.34381	
2.69958	8.35419	
2.69348	8.34656	
2.69714	8.32764	
2.70264	8.33038	
2.70874	8.34076	
2.70386	8.33191	
2.69562	8.35205	
2.68646	8.33893	
2.69104	8.33008	
2.69806	8.33191	
2.70782	8.35205	
2.70935	8.33008	
2.69684	8.3374	
2.69531	8.35052	
2.69196	8.34778	
2.69989	8.36334	
2.70172	8.35815	
2.71179	8.33221	
2.7063	8.34839	
2.7124	8.33771	
2.70813	8.3374	
2.70325	8.35602	
2.69836	8.34473	
2.70142	8.33984	
2.69684	8.33099	
2.69806	8.33984	
2.69531	8.35571	
2.69592	8.3548	
2.69257	8.36639	
2.70081	8.36609	
2.69775	8.36395	
2.70538	8.35938	
2.66083	8.35266	
2.55035	8.35022	
2.29309	8.36487	
1.90399	8.39172	
1.46393	8.40851	
1.0675	8.46985	
0.766296	8.52966	
0.52948	8.58154	
0.365601	8.62274	
0.245056	8.66547	
0.164185	8.67554	
0.104675	8.71277	
0.065918	8.73657	
0.0396729	8.73138	
0.0335693	8.75153	
0.022583	8.76953	
0.0137329	8.77594	
0.0158691	8.76648	
0.0128174	8.75183	
0.0125122	8.78235	
0.00823975	8.76617	
-0.00518799	8.78265	
-0.010376	8.7738	
0.00152588	8.74542	
0.0119019	8.76709	
0.0106812	8.75977	
0.00518799	8.76221	
0.00732422	8.75885	
0.00671387	8.77228	
0.015564	8.78571	
0.00183105	8.77136	
0.00335693	8.77716	
0.00335693	8.78632	
-0.00183105	8.79578	
-0.00213623	8.75916	
-0.00244141	8.77472	
0.000305176	8.77625	
0.00274658	8.78448	
0.00854492	8.78967	
0.0164795	8.77655	
0.00854492	8.79211	
0.0109863	8.78998	
0.00640869	8.79456	
0.00793457	8.79944	
0.00915527	8.78967	
0.00549316	8.78937	
-0.00366211	8.76678	
0.00640869	8.76892	
0.0109863	8.78235	
-0.000610352	8.75397	
-0.00396729	8.77472	
0.00274658	8.76312	
0.000610352	8.77563	
0.00610352	8.77655	
0.00274658	8.76434	
-0.00305176	8.75793	
-0.0088501	8.76343	
0.00549316	8.76587	
0.0088501	8.76953	
0.0100708	8.76129	
0.00732422	8.75854	
0.00183105	8.78021	
0.00396729	8.7674	
-0.00366211	8.75397	
-0.00396729	8.78021	
-0.00549316	8.76343	
-0.00915527	8.77014	
0.00579834	8.75854	
0.00457764	8.77838	
0.00183105	8.77869	
0.00549316	8.75641	
0.00305176	8.77869	
0.00183105	8.77594	
0.00671387	8.78021	
0.00610352	8.77869	
0.000915527	8.78448	
0.00579834	8.75488	
0.00579834	8.77869	
-0.00213623	8.7851	
-0.00274658	8.80066	
-0.00457764	8.7851	
-0.00488281	8.7851	
-0.00305176	8.78387	
-0.00701904	8.78082	
-0.00762939	8.76648	
-0.000610352	8.77197	
0.00671387	8.77289	
0.00610352	8.76923	
-0.00274658	8.76923	
-0.00274658	8.75824	
-0.00366211	8.7796	
0.000610352	8.78204	
0.00488281	8.75977	
0.00762939	8.7677	
-0.00183105	8.76678	
-0.00549316	8.78052	
0.00854492	8.76617	
0.00640869	8.75885	
-0.00518799	8.76373	
-0.000915527	8.76282	
0.00518799	8.76282	
0.00366211	8.74847	
-0.00305176	8.7561	
0.00152588	8.76648	
0.0106812	8.75458	
0.00579834	8.75427	
-0.00549316	8.76404	
-0.00579834	8.74115	
-0.000305176	8.74939	
0.00549316	8.74603	
-0.00274658	8.74969	
-0.000915527	8.75458	
-0.000610352	8.75854	
-0.00152588	8.74664	
-0.0012207	8.7439	
0.00549316	8.74969	
0.00640869	8.75824	
0.00396729	8.76892	
-0.00946045	8.74573	
-0.00152588	8.74542	
0.00549316	8.74695	
0.00335693	8.75031	
0.00823975	8.7616	
-0.000610352	8.7616	
0.00701904	8.76984	
0.0134277	8.77441	
0.00823975	8.77075	
0.00335693	8.76007	
0	8.77472	
0.00640869	8.77289	
-0.00366211	8.77075	
0.00457764	8.78113	
0.0152588	8.78448	
0.00549316	8.79242	
0.00488281	8.78662	
0.000610352	8.78235	
0.00244141	8.77472	
0.000305176	8.77472	
0.00244141	8.7738	
0.0161743	8.76953	
0.00640869	8.78571	
0.000305176	8.76465	
-0.0119019	8.77594	
-0.00274658	8.76129	
-0.00335693	8.77136	
-0.00366211	8.76984	
-0.00183105	8.77777	
-0.000610352	8.77228	
-0.00305176	8.76892	
-0.00366211	8.7674	
0.00274658	8.78265	
0.00762939	8.77075	
0.00610352	8.76648	
-0.00396729	8.76678	
0.00213623	8.77625	
0.000610352	8.77563	
-0.00366211	8.77533	
-0.000915527	8.75824	
-0.000305176	8.7616	
0.00549316	8.75824	
0.00274658	8.76312	
0.00793457	8.77777	
0.00915527	8.77747	
0.00213623	8.77563	
0.00427246	8.77075	
0.00549316	8.7619	
0.0134277	8.77899	
0.00213623	8.77991	
0.00518799	8.77045	
0.00213623	8.76678	
-0.000305176	8.77289	
-0.00152588	8.77319	
0.00366211	8.7674	
-0.000915527	8.76495	
-0.000305176	8.77228	
-0.00396729	8.78204	
-0.00671387	8.77441	
0.00152588	8.77167	
0.00640869	8.75427	
0.00335693	8.77472	
0.00579834	8.76099	
0.00183105	8.76923	
0.00823975	8.7558	
0.00671387	8.77625	
0.00823975	8.76587	
0.00213623	8.77228	
0.00244141	8.76434	
-0.00274658	8.76617	
0.000915527	8.77106	
0.00305176	8.76678	
0.0012207	8.78235	
-0.00183105	8.77869	
-0.00488281	8.78296	
0.00335693	8.77655	
0	8.7912	
0.000305176	8.77808	
0.00366211	8.7738	
0.00427246	8.79089	
0.00518799	8.78204	
0.00457764	8.77869	
0.017395	8.77075	
0.00610352	8.78052	
0.00518799	8.77289	
-0.0143433	8.77289	
-0.00488281	8.76984	
-0.00274658	8.78235	
-0.00335693	8.77045	
-0.00488281	8.77472	
0.0012207	8.76892	
0.00488281	8.76007	
0.00762939	8.76801	
0.00183105	8.77502	
0.00640869	8.78204	
0.00305176	8.76923	
0.00518799	8.76862	
0.000305176	8.77228	
0.00579834	8.76434	
0.0192261	8.76831	
0.00610352	8.78418	
0.00823975	8.80493	
-0.0012207	8.77716	
-0.00457764	8.77197	
0.00274658	8.76617	
0.00701904	8.7616	
0.015564	8.76648	
-0.00396729	8.76251	
0.00152588	8.76312	
0.00518799	8.75641	
0.00579834	8.75427	
0.00732422	8.75305	
0.00518799	8.74878	
0.012207	8.75732	
0.00457764	8.76373	
0.00701904	8.76434	
-0.00335693	8.76587	
-0.00396729	8.77441	
-0.00335693	8.77533	
0.00640869	8.76312	
0.0161743	8.75946	
0.000305176	8.77228	
-0.00244141	8.77808	
-0.00427246	8.77319	
-0.00457764	8.77197	
-0.000305176	8.76892	
0.000305176	8.75977	
0	8.7677	
0.0012207	8.75122	
0.00427246	8.75854	
-0.00274658	8.76831	
0.00701904	8.74939	
0.00305176	8.75946	
0.00427246	8.75885	
0.0112915	8.77197	
0.00488281	8.74664	
0.0100708	8.7619	
0.00244141	8.75488	
-0.00610352	8.75153	
0.00305176	8.74634	
0.0012207	8.76465	
0.00396729	8.75885	
0.0088501	8.75671	
-0.00366211	8.77106	
-0.00244141	8.7558	
-0.0109863	8.77319	
-0.00701904	8.76556	
-0.000305176	8.76801	
0.00762939	8.78296	
0.0128174	8.77319	
0.0012207	8.77228	
0.0088501	8.77411	
0.000305176	8.7674	
-0.00396729	8.7619	
0.00274658	8.78387	
-0.00244141	8.76709	
-0.00366211	8.76312	
-0.00335693	8.74847	
-0.000610352	8.76373	
-0.000305176	8.74847	
0.00823975	8.74756	
-0.00244141	8.7442	
-0.00518799	8.75183	
-0.00793457	8.75061	
-0.00549316	8.76862	
-0.00274658	8.76465	
0.00579834	8.7619	
0.0146484	8.75671	
0.000915527	8.7558	
0.00366211	8.74847	
0.00640869	8.75183	
0.00183105	8.76099	
0.000915527	8.76221	
0.000305176	8.75885	
-0.00183105	8.77045	
0.0106812	8.76801	
0.00335693	8.79761	
0.00579834	8.76556	
-0.00305176	8.76373	
0.0012207	8.7677	
0.00244141	8.76617	
0.00701904	8.78662	
0.00671387	8.76312	
-0.000915527	8.77899	
-0.00152588	8.78479	
-0.00152588	8.76709	
-0.00396729	8.76801	
-0.00274658	8.77808	
-0.00213623	8.79456	
-0.00915527	8.77777	
-0.00396729	8.76495	
-0.00549316	8.76556	
0.00549316	8.78632	
0.0177002	8.77899	
0.00976562	8.77411	
0.0109863	8.76434	
0.00488281	8.77502	
0.00366211	8.77289	
0.00518799	8.76099	
0.00793457	8.76831	
0.00610352	8.77472	
0.000305176	8.76526	
0.00488281	8.76862	
-0.00152588	8.75336	
0.00244141	8.76434	
0.00762939	8.77411	
0.00183105	8.76434	
-0.00793457	8.77441	
-0.00762939	8.76678	
-0.00183105	8.77838	
-0.00396729	8.78448	
-0.00427246	8.77655	
-0.00732422	8.79517	
-0.000305176	8.78693	
-0.00793457	8.77167	
-0.00305176	8.78052	
0.0012207	8.77411	
0.00457764	8.77808	
0.00244141	8.79333	
-0.00274658	8.78448	
-0.00274658	8.76587	
-0.00366211	8.77899	
-0.00427246	8.76801	
0.00274658	8.76862	
0.00915527	8.76343	
0.00549316	8.77106	
-0.00488281	8.77472	
0.00335693	8.77716	
-0.00457764	8.77197	
-0.00335693	8.77106	
-0.00549316	8.76984	
0.00518799	8.76587	
0.00427246	8.76465	
0.0164795	8.76801	
0.00823975	8.7677	
0.00854492	8.78601	
0.000305176	8.79211	
-0.00244141	8.77991	
-0.00244141	8.77747	
0.00152588	8.77502	
-0.0088501	8.76495	
0.000915527	8.77106	
-0.00518799	8.7912	
-0.00152588	8.78998	
0.0115967	8.78265	
0.00915527	8.7854	
0.00488281	8.77594	
0.00335693	8.78906	
0.00488281	8.79181	
0.00274658	8.7851	
0	8.77625	
-0.00518799	8.78326	
0.0112915	8.77655	
0.00152588	8.77228	
0.00488281	8.78845	
0.00518799	8.77472	
0.00213623	8.76953	
-0.00183105	8.78632	
0.00762939	8.77838	
0.017395	8.76801	
0.00549316	8.78296	
0.0119019	8.76801	
0.00518799	8.78357	
0.00457764	8.79333	
0.00946045	8.78387	
-0.00335693	8.79883	
-0.00305176	8.7854	
-0.0119019	8.77808	
-0.00427246	8.77625	
0.00152588	8.79639	
0.0244141	8.78448	
0.00976562	8.7796	
-0.00152588	8.78998	
0.00213623	8.77716	
0.00213623	8.77991	
0.00640869	8.77625	
0.00213623	8.78998	
0.00305176	8.78601	
0.00274658	8.77716	
0.00396729	8.76648	
0.000305176	8.78204	
-0.00366211	8.79089	
0.00305176	8.79791	
-0.00152588	8.77686	
-0.00640869	8.77563	
-0.000305176	8.76495	
-0.00396729	8.76129	
-0.00183105	8.76526	
0.00762939	8.76831	
0.00457764	8.76984	
0.00976562	8.78052	
0.00854492	8.76892	
0.00305176	8.77869	
0.00183105	8.76251	
0.00610352	8.77808	
-0.00305176	8.76556	
-0.00274658	8.7796	
-0.00335693	8.76678	
-0.00640869	8.77167	
-0.00305176	8.75793	
0.0012207	8.76038	
0.00640869	8.76343	
-0.00396729	8.74817	
-0.00610352	8.77594	
-0.00213623	8.76526	
-0.00152588	8.77838	
-0.00305176	8.78387	
-0.00366211	8.78265	
0.00213623	8.7735	
-0.012207	8.77441	
-0.00213623	8.77167	
0.00732422	8.77533	
0.00579834	8.78296	
-0.00732422	8.77838	
-0.00396729	8.76984	
0.00488281	8.77716	
0.00640869	8.7677	
0.0125122	8.75092	
0.00915527	8.7558	
-0.00183105	8.76282	
0.00579834	8.76038	
-0.00274658	8.76129	
0.00274658	8.75763	
-0.00457764	8.76129	
-0.00946045	8.75854	
0.00244141	8.74817	
0.00274658	8.7558	
0.00366211	8.75	
0.0125122	8.76404	
-0.0088501	8.75122	
-0.00457764	8.75366	
0.00823975	8.76038	
0.0183105	8.77014	
0.00427246	8.76129	
0	8.75153	
0.00549316	8.7616	
0.0146484	8.76312	
0.00915527	8.7674	
0.00305176	8.76404	
-0.00213623	8.78326	
-0.00518799	8.76373	
0.00305176	8.76373	
0.00793457	8.76099	
0.00640869	8.76801	
0.010376	8.77014	
0.00335693	8.76251	
-0.00213623	8.76007	
-0.00701904	8.7616	
-0.00274658	8.75885	
-0.00305176	8.75824	
-0.00274658	8.75458	
0.010376	8.74207	
0.00488281	8.7619	
0.0112915	8.76587	
0.00244141	8.76495	
-0.00366211	8.77289	
0.00640869	8.75061	
0.000610352	8.76312	
0.00793457	8.74115	
-0.00488281	8.74664	
-0.00152588	8.75763	
-0.000610352	8.75397	
-0.00152588	8.75824	
0.00549316	8.76343	
0.00213623	8.77411	
0.00762939	8.75763	
0.00427246	8.76862	
-0.00274658	8.74542	
0.00152588	8.75	
-0.0222778	8.75275	
0.0125122	8.74756	
0.00427246	8.75153	
-0.00549316	8.7616	
0.000915527	8.76068	
0.015564	8.75458	
0.0119019	8.74451	
0.00762939	8.76068	
-0.00213623	8.74969	
0.00701904	8.74908	
0.00427246	8.74756	
0.0115967	8.76617	
0.000305176	8.74054	
-0.00152588	8.77472	
0.00366211	8.7677	
0.00854492	8.77258	
0.00213623	8.76007	
-0.00549316	8.77777	
0.00335693	8.75183	
0.0088501	8.75763	
0.00762939	8.75763	
0.00427246	8.74115	
-0.00549316	8.75427	
0.00427246	8.75244	
-0.0112915	8.74084	
-0.00213623	8.75122	
-0.000305176	8.75244	
0.00732422	8.73749	
0.00183105	8.74969	
-0.00396729	8.74969	
-0.00274658	8.72925	
-0.00274658	8.7616	
0.0115967	8.7616	
0.00762939	8.75763	
0.00671387	8.7854	
0.00244141	8.78021	
-0.00183105	8.77747	
-0.00244141	8.77228	
-0.000915527	8.76709	
0.00701904	8.76434	
-0.00579834	8.76251	
0.00427246	8.76831	
0.000915527	8.78479	
0.00579834	8.77289	
-0.00305176	8.78418	
-0.000915527	8.77167	
-0.00335693	8.78174	
-0.0134277	8.77838	
0.00457764	8.76526	
-0.000305176	8.77289	
0.00335693	8.77625	
-0.00488281	8.77594	
0.00335693	8.77289	
0.00518799	8.76862	
0.00335693	8.77045	
0.015564	8.78723	
0.00183105	8.78021	
0.000305176	8.78418	
-0.00396729	8.76068	
0.0128174	8.77502	
0.00518799	8.77533	
0.00244141	8.75427	
-0.0012207	8.76007	
0.0119019	8.78052	
0.00152588	8.76221	
0.00427246	8.76038	
0.000305176	8.76099	
0.0128174	8.76129	
-0.000610352	8.76099	
-0.00427246	8.7558	
0.00335693	8.77075	
0.0112915	8.77136	
-0.00579834	8.77777	
-0.00213623	8.76129	
0.00335693	8.7677	
0.0146484	8.7619	
0.00610352	8.76312	
0.00274658	8.76251	
-0.00183105	8.76709	
-0.00305176	8.73962	
0.00305176	8.74542	
0.00762939	8.75183	
-0.000915527	8.74908	
0.00152588	8.74359	
0.00701904	8.74542	
0.00671387	8.74756	
0.00366211	8.7619	
0.00335693	8.77625	
-0.00488281	8.75824	
-0.00549316	8.77533	
0.00762939	8.77258	
0.00854492	8.78204	
-0.00518799	8.76099	
0.000915527	8.76526	
0.00701904	8.75671	
0.0088501	8.77197	
0	8.75977	
-0.00549316	8.75885	
0.00823975	8.7735	
0.00427246	8.7561	
0.000610352	8.77045	
-0.00183105	8.75244	
-0.00976562	8.75854	
0.000610352	8.75061	
0.00579834	8.76099	
0.00549316	8.74756	
-0.0137329	8.74817	
-0.00213623	8.74451	
0.00518799	8.74908	
0.00305176	8.75031	
-0.0088501	8.75031	
0.0012207	8.7677	
0.00305176	8.77289	
0.00335693	8.76801	
-0.00823975	8.78052	
-0.00335693	8.76434	
-0.00305176	8.75671	
0.00640869	8.77533	
-0.010376	8.76953	
0.00457764	8.76556	
0.00579834	8.7619	
-0.00457764	8.76007	
-0.00457764	8.75275	
0.00579834	8.74939	
-0.00183105	8.74664	
0.00915527	8.75092	
0.00823975	8.76129	
0.000610352	8.75763	
-0.00274658	8.76617	
0.00549316	8.75824	
0.0012207	8.75366	
0.000915527	8.75732	
-0.00366211	8.74207	
0.00366211	8.74603	
-0.000305176	8.76312	
-0.00579834	8.7674	
-0.000915527	8.77258	
0.0100708	8.78082	
-0.00366211	8.76068	
0.0140381	8.77228	
-0.000915527	8.76648	
-0.00549316	8.76465	
0.00305176	8.7796	
0.0131226	8.77258	
0.00152588	8.77014	
-0.00213623	8.76556	
0.00640869	8.75977	
-0.00244141	8.75031	
