-0.00274658	8.78174	
0.00427246	8.79272	
0.00213623	8.80066	
-0.00488281	8.77777	
0.00762939	8.76648	
-0.0106812	8.78082	
-0.00183105	8.76953	
0.00640869	8.75763	
0.00183105	8.80219	
-0.00305176	8.76099	
0.00396729	8.78723	
-0.00305176	8.76831	
0.00671387	8.77075	
0.000915527	8.76404	
0.00152588	8.77472	
-0.00183105	8.77533	
-0.000305176	8.77075	
0.00396729	8.78387	
-0.00854492	8.7912	
0.00579834	8.7912	
-0.00183105	8.76953	
0.00976562	8.79211	
-0.00213623	8.76312	
-0.00579834	8.77197	
0.00274658	8.78601	
0	8.77869	
0.00854492	8.77655	
-0.0012207	8.75763	
0.0152588	8.7912	
-0.00427246	8.79211	
0.00915527	8.79578	
-0.00366211	8.7619	
0.00762939	8.78204	
0.00457764	8.77991	
0.000915527	8.77441	
0.00549316	8.78296	
0.000610352	8.77563	
-0.00823975	8.77594	
0.00549316	8.797	
-0.00335693	8.78845	
0.012207	8.76007	
-0.0012207	8.77472	
0.00335693	8.77838	
0.00549316	8.77838	
-0.00366211	8.79883	
0.0088501	8.77777	
0	8.78937	
0.0125122	8.77808	
-0.00183105	8.77228	
-0.00152588	8.77991	
0.0088501	8.78235	
0.00274658	8.7616	
0.0137329	8.79089	
-0.00610352	8.78876	
0.00305176	8.79028	
0.00640869	8.78967	
-0.00823975	8.77808	
0.0012207	8.77136	
0.00732422	8.77869	
-0.00488281	8.78265	
0.00793457	8.7674	
-0.00823975	8.7851	
0.00396729	8.76984	
0.00335693	8.75824	
0.00274658	8.77319	
0.00610352	8.76404	
-0.00793457	8.77075	
0.0088501	8.7851	
-0.00274658	8.78052	
0.00823975	8.77319	
0.00274658	8.78784	
-0.00579834	8.76953	
0.00732422	8.76038	
0.00488281	8.77838	
-0.00152588	8.75854	
-0.00305176	8.76709	
0.00640869	8.77808	
0.0146484	8.78418	
-0.00274658	8.76282	
0.00335693	8.77869	
0.00335693	8.76984	
-0.00213623	8.75916	
0.0134277	8.77228	
-0.00152588	8.78326	
0.00366211	8.78723	
-0.00183105	8.77167	
0.0088501	8.78174	
-0.00396729	8.78448	
0.00793457	8.77716	
-0.00396729	8.75641	
0.00396729	8.76251	
-0.00244141	8.77686	
-0.000915527	8.77533	
0.00671387	8.78052	
0.00427246	8.78815	
-0.00610352	8.77716	
0.00396729	8.7854	
0.000610352	8.76068	
-0.00152588	8.77258	
0.0088501	8.78937	
-0.000305176	8.80005	
0.00701904	8.78845	
0.015564	8.77502	
-0.00244141	8.76221	
-0.00335693	8.76495	
0.00701904	8.76587	
-0.00457764	8.7442	
0.00854492	8.7674	
0.00457764	8.74329	
-0.00701904	8.75824	
0.0106812	8.74908	
0.00518799	8.75153	
-0.0115967	8.73932	
-0.00396729	8.74023	
0.00701904	8.75488	
-0.00427246	8.73077	
0.00701904	8.75488	
0.00579834	8.75336	
-0.00549316	8.7442	
-0.000305176	8.74817	
0.00518799	8.75214	
-0.00366211	8.76343	
-0.000915527	8.7616	
0.0158691	8.74603	
0.00671387	8.76099	
-0.0012207	8.75397	
0.00732422	8.78632	
0.00244141	8.76129	
0.00915527	8.75824	
-0.00366211	8.74939	
0.0012207	8.7616	
0.000305176	8.75671	
-0.00366211	8.76221	
0.0180054	8.75488	
-0.00213623	8.75977	
0.00274658	8.75214	
0.00366211	8.75397	
-0.00335693	8.7616	
0.00976562	8.75397	
-0.00366211	8.7561	
0	8.76495	
-0.00244141	8.73444	
0.00854492	8.75946	
-0.00488281	8.76373	
-0.00366211	8.7439	
0.00488281	8.76007	
-0.00396729	8.7616	
0	8.74756	
-0.00488281	8.73962	
0.00152588	8.75671	
-0.00579834	8.76343	
-0.000610352	8.72711	
0.00488281	8.72345	
-0.00183105	8.73718	
0.00732422	8.74146	
0.00793457	8.72101	
0.00305176	8.75824	
-0.00946045	8.72894	
0.00274658	8.75549	
0.00396729	8.76099	
0.00640869	8.74176	
-0.000915527	8.74023	
-0.00335693	8.73047	
0.00457764	8.73901	
-0.000610352	8.72681	
0.00854492	8.73993	
0.000305176	8.7674	
-0.00671387	8.76007	
0.00640869	8.74817	
-0.000305176	8.75977	
0.00396729	8.74176	
0.00488281	8.73199	
-0.0137329	8.77228	
0.00610352	8.77625	
-0.000610352	8.75519	
0.00793457	8.74725	
0.00305176	8.75702	
-0.00732422	8.75977	
0.00549316	8.77502	
0.000610352	8.75153	
-0.00244141	8.75763	
0.00366211	8.77228	
-0.00854492	8.74634	
0.00183105	8.75427	
-0.00305176	8.76953	
0.00427246	8.76312	
-0.000610352	8.75763	
-0.0012207	8.74817	
0.00579834	8.75671	
0.00244141	8.73871	
0.00335693	8.75854	
0.010376	8.7384	
-0.00854492	8.71887	
0.0088501	8.74146	
0.00152588	8.73016	
0.010376	8.72009	
0.00396729	8.74542	
-0.00823975	8.71796	
-0.00152588	8.7442	
0.00793457	8.73718	
-0.00732422	8.75031	
-0.000305176	8.72284	
-0.00549316	8.72498	
-0.00274658	8.71979	
0.00579834	8.73322	
-0.00152588	8.7262	
0.00701904	8.74084	
-0.00915527	8.72528	
-0.00244141	8.7262	
0.00610352	8.71826	
-0.00488281	8.73505	
0.00244141	8.7265	
0.00152588	8.72467	
-0.00152588	8.72955	
-0.00274658	8.73657	
0.00488281	8.73901	
0	8.74481	
-0.00396729	8.73291	
0.0106812	8.73169	
-0.00396729	8.74664	
-0.00518799	8.72284	
0.00976562	8.7381	
0.00396729	8.75702	
-0.00946045	8.75031	
-0.000305176	8.74512	
0.00640869	8.75153	
-0.00152588	8.7677	
0.0088501	8.74207	
-0.0100708	8.74298	
0.00579834	8.75397	
0.00518799	8.76038	
0.00183105	8.7677	
-0.00671387	8.75275	
0.00579834	8.73505	
0.00152588	8.75702	
-0.000610352	8.74664	
0.00823975	8.76404	
-0.00427246	8.75458	
0.00305176	8.78174	
0.00823975	8.77991	
-0.00152588	8.77228	
0.00579834	8.75671	
-0.000610352	8.76404	
0	8.74939	
0.0164795	8.75916	
-0.00366211	8.76404	
-0.00152588	8.75824	
0.0012207	8.74725	
-0.00213623	8.75366	
0.0134277	8.75549	
-0.00549316	8.77747	
0.00274658	8.75702	
0.00183105	8.75916	
-0.00152588	8.77228	
0.00976562	8.76251	
-0.00274658	8.7442	
0	8.75397	
0.00518799	8.7558	
0.000915527	8.73566	
0.0131226	8.75519	
-0.00366211	8.77167	
-0.00457764	8.7619	
0.00549316	8.76251	
0.00183105	8.77106	
-0.0125122	8.75092	
0.00610352	8.75031	
-0.00213623	8.73901	
0.00549316	8.75153	
-0.00366211	8.75244	
-0.00213623	8.74664	
0.00274658	8.74817	
-0.00152588	8.75854	
0.000610352	8.7561	
0.00579834	8.75061	
-0.000610352	8.76343	
-0.00213623	8.74847	
0.00823975	8.75031	
-0.00518799	8.72528	
0.000610352	8.7326	
0.00793457	8.72894	
0.012207	8.74573	
-0.00274658	8.73322	
-0.00183105	8.74329	
0.0088501	8.74664	
0.00396729	8.73016	
0.00854492	8.74268	
-0.00396729	8.75	
0.00976562	8.74878	
-0.00488281	8.73962	
0.00610352	8.75122	
-0.00854492	8.75732	
0.000305176	8.74817	
0.00305176	8.74908	
0.00305176	8.77533	
-0.00518799	8.76984	
-0.000305176	8.76068	
0.017395	8.75641	
0.00762939	8.7619	
-0.000610352	8.75977	
0.00488281	8.74878	
0.0088501	8.76495	
0.00457764	8.74725	
-0.00579834	8.75305	
0.00915527	8.75641	
0.00244141	8.75702	
-0.00457764	8.73444	
-0.00183105	8.76434	
0.0128174	8.74084	
0.00396729	8.73657	
0.000915527	8.72742	
0.00549316	8.72437	
0.00549316	8.75854	
-0.0137329	8.74298	
0.00244141	8.75946	
0.00610352	8.74725	
-0.000610352	8.75244	
-0.00427246	8.7558	
0	8.74908	
0.00976562	8.76709	
-0.00183105	8.75458	
-0.00244141	8.73474	
0.0100708	8.77136	
0.00366211	8.74451	
-0.010376	8.74786	
-0.00213623	8.77686	
0.000610352	8.76343	
-0.00244141	8.75641	
-0.00305176	8.75061	
0.0012207	8.74878	
0.0164795	8.77197	
-0.00305176	8.76526	
-0.00488281	8.74207	
0.00457764	8.75305	
0.00549316	8.75061	
-0.00732422	8.75244	
-0.00244141	8.75824	
0.00610352	8.7384	
0.00152588	8.73474	
0.00640869	8.74298	
0.00854492	8.73047	
0.00762939	8.74146	
-0.00671387	8.74573	
0.0012207	8.7323	
0	8.73749	
0.00244141	8.74023	
0.0149536	8.76068	
-0.00457764	8.73932	
0.00213623	8.74664	
-0.00152588	8.74298	
-0.00213623	8.75153	
0.000305176	8.75763	
0.00854492	8.76068	
0.00762939	8.72223	
0.00640869	8.74817	
-0.00396729	8.73993	
0.00701904	8.74176	
0.00976562	8.72711	
0.00701904	8.72253	
-0.00152588	8.71155	
0.00915527	8.7262	
0.00488281	8.73932	
0.00244141	8.73566	
-0.00518799	8.72803	
0	8.73779	
-0.00152588	8.72498	
0.00671387	8.73901	
0.00244141	8.74695	
-0.00671387	8.72833	
0.00457764	8.75275	
0.00274658	8.75366	
0.000610352	8.75122	
0	8.74329	
0.00305176	8.7326	
-0.0012207	8.75305	
-0.00488281	8.74359	
-0.000305176	8.75549	
0.00640869	8.73138	
0.00823975	8.75427	
0.00701904	8.76678	
0.0161743	8.75336	
0.00549316	8.75885	
-0.00244141	8.75763	
0.00518799	8.74603	
0.000915527	8.74847	
0.00152588	8.7439	
0.0119019	8.72559	
-0.00610352	8.74908	
-0.00183105	8.75031	
0.0100708	8.72559	
0.00305176	8.73718	
-0.000915527	8.7262	
0.00274658	8.75397	
0.00854492	8.74329	
-0.00152588	8.75153	
0.00518799	8.7439	
0.00457764	8.73474	
0.0189209	8.74573	
0.00427246	8.7616	
-0.00152588	8.75519	
0.00335693	8.74695	
0.00579834	8.75153	
0.00793457	8.73871	
0.00457764	8.73352	
0	8.72559	
-0.00244141	8.73993	
-0.00366211	8.75702	
0.0012207	8.75641	
0.00335693	8.76465	
0.00549316	8.76892	
0.00244141	8.7561	
0.00610352	8.75031	
-0.00732422	8.76465	
0.000305176	8.77258	
0.00427246	8.74878	
0.00579834	8.75305	
0.00518799	8.74603	
-0.00701904	8.75549	
-0.00213623	8.75702	
0.00915527	8.7558	
0.0112915	8.74969	
-0.0012207	8.74847	
-0.00488281	8.75305	
0.0112915	8.75732	
0.00488281	8.76862	
-0.00854492	8.75519	
-0.00213623	8.75977	
0.00549316	8.74786	
0.00640869	8.75793	
-0.00396729	8.75122	
-0.00518799	8.76587	
-0.00427246	8.75061	
0.00579834	8.76709	
0.00213623	8.76678	
-0.00518799	8.76373	
0.00213623	8.76526	
0.00518799	8.76099	
0.0012207	8.76373	
-0.00549316	8.75793	
0.0012207	8.75641	
0.00518799	8.74969	
-0.00274658	8.75885	
0.0119019	8.75641	
-0.00640869	8.76129	
-0.00183105	8.75275	
-0.00579834	8.75061	
-0.000610352	8.75946	
0.00305176	8.75031	
0.00335693	8.74817	
-0.00671387	8.75488	
-0.000305176	8.75549	
0.000610352	8.75458	
0.010376	8.75336	
-0.00457764	8.75122	
-0.00488281	8.74573	
0.00549316	8.74878	
0.00213623	8.73993	
-0.00305176	8.74115	
0.00335693	8.75031	
0.00946045	8.75275	
0.00793457	8.75732	
-0.0012207	8.74664	
-0.00183105	8.75641	
0.00518799	8.76892	
0.00640869	8.75061	
0.0112915	8.77655	
-0.00457764	8.75122	
-0.00152588	8.74512	
-0.00183105	8.75366	
-0.00518799	8.75183	
-0.00213623	8.73932	
-0.0125122	8.75031	
0.00244141	8.75275	
-0.00549316	8.73779	
0	8.74969	
0.000610352	8.74451	
0.00762939	8.74603	
0.00244141	8.75763	
0.00213623	8.7442	
-0.00518799	8.75702	
0	8.7439	
-0.0012207	8.75549	
-0.00396729	8.73657	
-0.00274658	8.74054	
0.00976562	8.73077	
0.00274658	8.73901	
-0.00244141	8.7558	
0.00732422	8.75336	
0.00640869	8.74451	
-0.012207	8.74268	
-0.00152588	8.75031	
0.00274658	8.75458	
0.00457764	8.75824	
0.00213623	8.76251	
-0.00152588	8.75336	
-0.000610352	8.75458	
0.00183105	8.7561	
0.00335693	8.75	
0.00152588	8.75061	
-0.00427246	8.75885	
0.00274658	8.76343	
0.00762939	8.7616	
0.00335693	8.7616	
-0.000610352	8.76007	
-0.00457764	8.7439	
-0.00732422	8.76129	
-0.000610352	8.74847	
0.0140381	8.76953	
0.00396729	8.76617	
0.0012207	8.75305	
0.00823975	8.7442	
0.00793457	8.75336	
-0.0125122	8.74359	
-0.000305176	8.73901	
0.00457764	8.7442	
-0.00457764	8.76434	
-0.00213623	8.76526	
-0.000610352	8.74939	
0.0152588	8.75793	
0.00335693	8.75366	
0.00152588	8.74969	
0.00518799	8.76038	
0.00610352	8.74481	
0.00152588	8.76251	
0.00274658	8.74542	
-0.00457764	8.7561	
0.00396729	8.74878	
0.00854492	8.75641	
0.00213623	8.73749	
-0.00976562	8.7558	
-0.00457764	8.75	
-0.000610352	8.76801	
0.00244141	8.73444	
0.00762939	8.76099	
0.0012207	8.74207	
-0.0106812	8.75763	
0.00549316	8.73871	
0.00671387	8.75183	
0.00152588	8.76038	
-0.00366211	8.72833	
0.00732422	8.73657	
-0.00518799	8.72131	
0.00488281	8.72009	
-0.00366211	8.7323	
-0.00488281	8.70514	
-0.000610352	8.73688	
0.000915527	8.71979	
0.00457764	8.71521	
0.00671387	8.73993	
0.00396729	8.74329	
0.00244141	8.72223	
-0.00457764	8.74023	
-0.0109863	8.74634	
0.00213623	8.74115	
0.00457764	8.73718	
-0.00152588	8.73169	
-0.00488281	8.73535	
0.00274658	8.73657	
0.0125122	8.74237	
0.00549316	8.74847	
-0.00213623	8.74603	
0.00610352	8.72467	
0.00518799	8.72925	
-0.00640869	8.73932	
-0.0012207	8.7262	
0.00518799	8.73596	
-0.00305176	8.74969	
0.00518799	8.73535	
0.00488281	8.74878	
0.0106812	8.76068	
0.00183105	8.75	
0.00335693	8.74542	
-0.00579834	8.75671	
0.0112915	8.7381	
0.00732422	8.73657	
-0.00244141	8.74542	
0.00457764	8.75977	
-0.00335693	8.76099	
-0.00274658	8.76038	
-0.000305176	8.74268	
0.00457764	8.75641	
0.00366211	8.74451	
-0.00183105	8.76007	
-0.00213623	8.74847	
0.000305176	8.76709	
0.0158691	8.73016	
-0.00579834	8.72498	
0.000305176	8.73047	
0.00823975	8.72986	
0.00732422	8.74359	
0.00640869	8.7262	
0.0100708	8.7262	
0.00640869	8.75153	
0.00244141	8.74542	
-0.00488281	8.73322	
0.0012207	8.75244	
-0.000915527	8.74207	
-0.00701904	8.75031	
-0.00427246	8.74359	
-0.00305176	8.75244	
-0.00366211	8.74695	
0.0115967	8.74298	
0.00793457	8.74786	
0.00152588	8.74237	
-0.00854492	8.75977	
0.00274658	8.73932	
0.0012207	8.73047	
-0.0012207	8.74573	
-0.000305176	8.76587	
-0.00946045	8.73535	
-0.00549316	8.74359	
0.00732422	8.71918	
-0.00213623	8.74786	
-0.00457764	8.73871	
-0.000610352	8.74054	
0.0134277	8.73749	
0.000305176	8.73322	
-0.00274658	8.73047	
0.00244141	8.74207	
0.00518799	8.72833	
0.00701904	8.74023	
0.0012207	8.7384	
0	8.75153	
0.00396729	8.72925	
0.0088501	8.7262	
-0.00366211	8.73444	
-0.0115967	8.73016	
-0.00274658	8.72864	
0.0109863	8.75031	
0.000915527	8.74847	
-0.00640869	8.74146	
-0.00396729	8.74176	
0.0088501	8.7384	
-0.00152588	8.74298	
0.00366211	8.72986	
-0.00701904	8.72162	
-0.00366211	8.73688	
0.00213623	8.73047	
0.00549316	8.72314	
0.00427246	8.71521	
0.000915527	8.70667	
0.00762939	8.73962	
0.00366211	8.7326	
-0.0131226	8.73199	
0	8.72101	
0.00793457	8.72498	
-0.00610352	8.73383	
-0.00244141	8.72681	
0.000305176	8.72803	
0.0146484	8.72375	
0.00640869	8.73169	
0.0012207	8.73749	
-0.00366211	8.72528	
0.00335693	8.72467	
0.00793457	8.73932	
0.00610352	8.73718	
-0.00518799	8.71918	
0.00183105	8.7265	
0.00915527	8.73627	
0.00549316	8.72437	
-0.0125122	8.74268	
-0.00335693	8.73688	
-0.0012207	8.73779	
0.00274658	8.7439	
0.0106812	8.74146	
0.00579834	8.72894	
-0.00701904	8.75183	
-0.00640869	8.74054	
0.00640869	8.73779	
0.00335693	8.74969	
-0.00762939	8.73657	
-0.00244141	8.72681	
-0.012207	8.72284	
-0.00671387	8.73596	
-0.00549316	8.72864	
-0.00396729	8.73627	
0.00457764	8.7262	
0.00427246	8.73291	
0.00915527	8.7085	
0.0152588	8.72131	
0.00549316	8.72406	
0.000610352	8.7439	
-0.00213623	8.73169	
-0.00488281	8.70819	
-0.00457764	8.72345	
-0.00701904	8.71155	
0.00305176	8.70575	
0.00579834	8.70819	
0.00244141	8.72162	
-0.00244141	8.70209	
0.00183105	8.72345	
-0.00518799	8.71124	
0.00274658	8.73383	
0.00579834	8.74847	
0.00671387	8.75061	
0.00640869	8.74725	
0.00549316	8.73596	
0.010376	8.74939	
-0.00152588	8.73749	
0.00701904	8.73657	
0.00671387	8.72101	
0.00671387	8.73077	
-0.00610352	8.75549	
0.00244141	8.75214	
-0.00946045	8.73932	
0.00335693	8.72742	
0.00152588	8.72711	
-0.000915527	8.73901	
-0.00335693	8.75	
-0.00488281	8.75519	
-0.000915527	8.74939	
-0.00823975	8.75336	
0.00305176	8.75854	
0.0088501	8.75549	
0.00579834	8.76709	
0.00854492	8.75946	
0.00579834	8.74634	
0.00915527	8.75671	
0.00183105	8.76251	
0.00793457	8.76099	
0.00762939	8.76556	
-0.00457764	8.75916	
0.00427246	8.77533	
0.00488281	8.76221	
-0.0012207	8.7439	
-0.00396729	8.75214	
-0.00244141	8.75122	
-0.00244141	8.7439	
-0.000610352	8.75641	
-0.00488281	8.75031	
-0.00427246	8.74725	
-0.00762939	8.7561	
-0.00579834	8.75702	
-0.000915527	8.75275	
0.00640869	8.75	
0.00366211	8.74939	
-0.00366211	8.76526	
-0.0131226	8.77441	
-0.00640869	8.75519	
-0.00305176	8.74054	
0	8.74146	
0.00946045	8.7616	
0.00579834	8.74023	
0.00854492	8.73962	
0.0137329	8.74237	
0.00671387	8.7439	
-0.00213623	8.7442	
-0.00701904	8.74359	
-0.00488281	8.73993	
-0.000915527	8.73199	
0.00579834	8.74023	
0.0167847	8.74451	
0.00762939	8.74268	
0.0119019	8.73749	
-0.00213623	8.73962	
0.00762939	8.73138	
0.00335693	8.74542	
-0.00305176	8.73047	
0.00274658	8.71368	
-0.00152588	8.71857	
-0.000915527	8.72284	
-0.00671387	8.73535	
-0.000610352	8.71979	
0	8.71857	
-0.00640869	8.72681	
0.00457764	8.72101	
0.00549316	8.70544	
0.00640869	8.71277	
-0.00366211	8.71429	
-0.00335693	8.72467	
-0.00213623	8.70331	
-0.00366211	8.6853	
-0.0012207	8.70178	
-0.000305176	8.69354	
-0.00305176	8.68988	
0.000915527	8.70911	
0.0012207	8.70422	
-0.00427246	8.70056	
0.00152588	8.6969	
0.00366211	8.71429	
0.00488281	8.69354	
0.0109863	8.68286	
0.00366211	8.70575	
-0.00274658	8.70026	
0.00701904	8.69141	
0.00366211	8.71582	
0.00274658	8.71643	
-0.00335693	8.70911	
-0.00274658	8.70728	
0.00457764	8.72681	
0.000305176	8.72833	
-0.00396729	8.74451	
-0.00549316	8.7207	
-0.000915527	8.72955	
0.00244141	8.73535	
0.000915527	8.72925	
0.000305176	8.73718	
0.00305176	8.74817	
0.0119019	8.73596	
0.00701904	8.73596	
0.00244141	8.71674	
0.00366211	8.71979	
0.00366211	8.72437	
-0.00976562	8.72253	
-0.000305176	8.72528	
0	8.73871	
0.000610352	8.72772	
0.00335693	8.71765	
0.00213623	8.72437	
-0.0012207	8.71216	
0.00579834	8.71185	
0.00427246	8.73047	
0.00854492	8.72345	
0.0100708	8.71735	
0.00213623	8.71338	
0.000610352	8.72009	
0.00274658	8.73047	
0.00579834	8.72864	
-0.000915527	8.73566	
0.00305176	8.72528	
0.000915527	8.72498	
0.00335693	8.72711	
0	8.7265	
-0.0109863	8.72559	
-0.00396729	8.72711	
0.00183105	8.75031	
-0.00183105	8.71582	
0.00396729	8.7207	
0.00732422	8.71124	
0.00671387	8.69965	
0.0131226	8.70178	
0.00762939	8.71857	
0.00457764	8.72009	
-0.00274658	8.73322	
-0.000915527	8.71124	
0.00274658	8.73749	
-0.012207	8.7326	
0.00335693	8.72375	
-0.00396729	8.7146	
0.0012207	8.73413	
-0.000915527	8.71643	
-0.00579834	8.69293	
0.00396729	8.70667	
0.00915527	8.73383	
-0.000305176	8.72009	
-0.00396729	8.73871	
-0.00823975	8.71704	
0.00274658	8.71643	
0.00335693	8.73749	
-0.00701904	8.71887	
0.0112915	8.7323	
0.000610352	8.72955	
0.00793457	8.71735	
-0.00396729	8.72894	
-0.00946045	8.71704	
-0.00457764	8.73566	
-0.0119019	8.73047	
-0.00427246	8.7323	
-0.00640869	8.72253	
-0.00152588	8.72772	
-0.0012207	8.72467	
-0.0100708	8.72162	
-0.00244141	8.72955	
0.00244141	8.71857	
0.0106812	8.72406	
0.00610352	8.71246	
-0.00244141	8.73047	
0.00518799	8.72223	
-0.00152588	8.7326	
0.00274658	8.73627	
0.000610352	8.72894	
-0.00152588	8.73352	
-0.00244141	8.73383	
0.0012207	8.7384	
0.00274658	8.73749	
0.00183105	8.71582	
0.0012207	8.7326	
0.00915527	8.71277	
0.00549316	8.7265	
-0.00579834	8.72681	
0.00305176	8.7323	
0.00335693	8.73901	
0.0131226	8.72955	
0.0100708	8.72925	
0.00671387	8.72223	
0.00488281	8.72101	
0.00457764	8.72864	
0.00152588	8.73627	
0	8.72925	
-0.000610352	8.71918	
0.00213623	8.73779	
-0.00335693	8.71948	
0.00732422	8.72437	
0.00610352	8.73199	
0.00427246	8.72314	
0.00823975	8.72925	
0.00640869	8.7149	
-0.00396729	8.73169	
0.00518799	8.73077	
0.00671387	8.74451	
0.00640869	8.73352	
0.0131226	8.73535	
-0.00366211	8.74115	
-0.00213623	8.72742	
-0.00610352	8.73444	
-0.00152588	8.7384	
0.00244141	8.73596	
-0.00610352	8.73962	
-0.00305176	8.7619	
-0.00244141	8.73077	
0.00244141	8.74634	
0.0088501	8.76251	
0.0012207	8.76495	
0.00488281	8.73932	
0.0158691	8.7381	
-0.00518799	8.73932	
-0.00457764	8.73138	
0.000915527	8.73657	
0.0100708	8.73169	
0.00610352	8.72498	
0.00244141	8.71887	
0.00488281	8.72253	
0.0012207	8.73749	
0.00213623	8.73749	
-0.00274658	8.7265	
-0.00579834	8.72803	
-0.00701904	8.72681	
-0.00640869	8.73444	
-0.00213623	8.73199	
0.00701904	8.75244	
0.00457764	8.73627	
0.00274658	8.73627	
0.00366211	8.73413	
0.000915527	8.72284	
-0.00305176	8.71796	
0.00762939	8.71826	
0.00671387	8.72162	
-0.012207	8.71399	
0.00518799	8.70575	
0.0112915	8.71094	
0.0012207	8.71796	
-0.00396729	8.7265	
-0.00762939	8.71948	
-0.00305176	8.72406	
0.00152588	8.73291	
0.0100708	8.73749	
0.00732422	8.7326	
-0.00457764	8.71307	
-0.00427246	8.72864	
-0.00213623	8.71979	
0.00610352	8.74878	
-0.00396729	8.72864	
0.00793457	8.73901	
0.00701904	8.72833	
0.00762939	8.72864	
0.0146484	8.72864	
0.00549316	8.7088	
0.00579834	8.71826	
-0.00244141	8.73322	
-0.00640869	8.72681	
-0.00183105	8.72864	
0.00640869	8.74481	
-0.00396729	8.73138	
0.00579834	8.72253	
0.00244141	8.71643	
0.00457764	8.72375	
0.000305176	8.73047	
0.00152588	8.72345	
0.00549316	8.73047	
-0.00640869	8.73383	
-0.00427246	8.72742	
0.000915527	8.71918	
0.00579834	8.70728	
0.000610352	8.72925	
0.0119019	8.71948	
0.00335693	8.72437	
0.00946045	8.73047	
0.00549316	8.72406	
0.00701904	8.73108	
-0.00244141	8.7381	
-0.00671387	8.72528	
0.00183105	8.73108	
-0.00305176	8.74298	
0.00457764	8.74512	
0.00152588	8.73505	
0.00610352	8.71918	
0.00183105	8.73413	
-0.00396729	8.74084	
-0.00518799	8.72192	
-0.00152588	8.73016	
0.00244141	8.7323	
0.00762939	8.73169	
0.00579834	8.72375	
-0.00976562	8.7442	
-0.000915527	8.75214	
0.000610352	8.7439	
0.00305176	8.74237	
-0.00396729	8.74451	
0.00274658	8.72223	
-0.00244141	8.73749	
-0.0088501	8.72498	
-0.000915527	8.73169	
-0.00976562	8.72681	
-0.000610352	8.70605	
0.012207	8.73688	
0.00579834	8.72986	
0.000305176	8.74023	
0.015564	8.7207	
0.000305176	8.73169	
-0.00305176	8.72711	
-0.00549316	8.72589	
-0.0128174	8.72498	
-0.00305176	8.7262	
-0.00183105	8.72986	
0.00396729	8.73169	
0.00762939	8.72406	
-0.00305176	8.72467	
-0.00213623	8.72559	
0.00762939	8.72803	
0.00854492	8.73383	
0.0152588	8.74084	
-0.000305176	8.75214	
0.00396729	8.74695	
-0.00396729	8.74084	
-0.00183105	8.73627	
-0.00152588	8.74451	
-0.010376	8.73138	
-0.000305176	8.73199	
0.00152588	8.75153	
0.0012207	8.74725	
0.00823975	8.74359	
0.00152588	8.75336	
0.00518799	8.73657	
0.00640869	8.73932	
-0.00823975	8.74329	
-0.00152588	8.73596	
0.000610352	8.74176	
-0.00396729	8.72894	
-0.00305176	8.72375	
-0.0088501	8.73627	
-0.00305176	8.73138	
0.00183105	8.72772	
0.00549316	8.73932	
0.00946045	8.72589	
0.00396729	8.72742	
0.00640869	8.73352	
0.0125122	8.72192	
0	8.74573	
-0.00457764	8.72833	
-0.00305176	8.74451	
-0.000305176	8.74054	
0.00244141	8.75641	
0.00427246	8.75122	
0.00457764	8.73749	
0.0012207	8.72772	
-0.00946045	8.72894	
-0.00579834	8.73505	
-0.00244141	8.73505	
-0.00671387	8.72864	
-0.000610352	8.72009	
-0.000915527	8.73657	
-0.00152588	8.74207	
-0.00488281	8.73383	
-0.00366211	8.74023	
-0.000610352	8.73108	
-0.00793457	8.74786	
0.00305176	8.73962	
-0.00396729	8.74054	
-0.00183105	8.74512	
0.00457764	8.75214	
0.00732422	8.73169	
0.00549316	8.72406	
0.0131226	8.73596	
0.00305176	8.73627	
0.00518799	8.70911	
-0.00183105	8.72406	
-0.00305176	8.71826	
0.00671387	8.71063	
0.000305176	8.71094	
0.0170898	8.73413	
-0.00213623	8.73566	
-0.00274658	8.73169	
0.00427246	8.75122	
0.00335693	8.74298	
-0.0128174	8.72559	
-0.00244141	8.73718	
-0.00396729	8.74542	
-0.00366211	8.74695	
0	8.73413	
0.00152588	8.7323	
0.00244141	8.74054	
0.0164795	8.74146	
0.00396729	8.74268	
0.00610352	8.75183	
0.00793457	8.73596	
0.0088501	8.72955	
0.00396729	8.73566	
-0.0088501	8.73444	
-0.00274658	8.72284	
-0.00457764	8.72131	
-0.00152588	8.72925	
0.00701904	8.7262	
-0.00366211	8.74054	
0.00457764	8.72162	
-0.00244141	8.72009	
0.00549316	8.72406	
-0.00396729	8.71277	
0.00518799	8.703	
-0.00213623	8.71002	
-0.00457764	8.71338	
-0.00427246	8.72284	
0.00671387	8.72467	
0.00518799	8.73596	
0.00671387	8.7204	
-0.00152588	8.74786	
0.00610352	8.74298	
0.00610352	8.7619	
0.0112915	8.74542	
0.00823975	8.74573	
0.00152588	8.74481	
-0.00213623	8.73993	
-0.00427246	8.7149	
0.000305176	8.72467	
-0.00274658	8.74176	
-0.012207	8.73199	
-0.00244141	8.7265	
-0.00335693	8.75122	
0.00915527	8.75214	
-0.00244141	8.73474	
0.000305176	8.73749	
0.00762939	8.74847	
0.00701904	8.7384	
0.00823975	8.71155	
0.00518799	8.74115	
0.00457764	8.73718	
0.00701904	8.71582	
0.0100708	8.71399	
0.00427246	8.70392	
0.010376	8.71552	
0.00946045	8.70483	
0.00396729	8.72101	
0.00640869	8.72772	
0.00701904	8.73932	
0.000610352	8.73322	
-0.000610352	8.72894	
-0.00244141	8.73688	
0.0170898	8.73413	
0.000610352	8.72162	
0.00732422	8.74115	
-0.00335693	8.7262	
-0.00213623	8.74146	
-0.00549316	8.73077	
-0.00457764	8.74664	
0.0100708	8.72955	
-0.00305176	8.72559	
-0.000610352	8.75702	
0.00305176	8.7323	
0.0149536	8.73047	
0.0271606	8.71124	
0.0415039	8.68866	
0.0836182	8.67889	
0.152588	8.63831	
0.326538	8.59589	
0.678711	8.53302	
1.09467	8.45612	
1.47583	8.42224	
1.78558	8.4024	
2.03186	8.38348	
2.20215	8.38135	
2.33551	8.35236	
2.41791	8.36426	
2.4823	8.37036	
2.51801	8.3606	
2.53571	8.36212	
2.56256	8.35327	
2.56073	8.36548	
2.57477	8.36792	
2.57721	8.36639	
2.57874	8.35693	
2.5946	8.3783	
2.58209	8.37097	
2.58881	8.3551	
2.59888	8.38593	
2.5946	8.37036	
2.6001	8.36365	
2.59308	8.37952	
2.59216	8.37097	
2.60834	8.38165	
2.59918	8.37555	
2.59735	8.38196	
2.59735	8.39447	
2.58789	8.39935	
2.59064	8.39111	
2.58545	8.38257	
2.59766	8.37219	
2.5943	8.38257	
2.59216	8.3844	
2.60071	8.38409	
2.59644	8.38379	
2.60162	8.38562	
2.60773	8.36914	
2.59796	8.37189	
2.59766	8.37463	
2.59338	8.37128	
2.60162	8.38074	
2.59552	8.38745	
2.59644	8.35052	
2.60651	8.37036	
2.59613	8.35693	
2.59338	8.3786	
2.58698	8.37372	
2.5946	8.37311	
2.59155	8.37006	
2.58026	8.38348	
2.59155	8.36853	
2.58636	8.36853	
2.58911	8.3783	
2.58728	8.37067	
2.59033	8.36304	
2.58606	8.36243	
2.59735	8.3728	
2.59613	8.36731	
2.59888	8.36365	
2.60132	8.37524	
2.60437	8.38135	
2.59338	8.37738	
2.59155	8.37402	
2.58179	8.35632	
2.58789	8.37097	
2.58789	8.35297	
2.59308	8.36487	
2.58728	8.37769	
2.58789	8.37433	
2.59369	8.37616	
2.59308	8.36121	
2.59827	8.37677	
2.60284	8.36121	
2.60315	8.36456	
2.59155	8.37128	
2.60254	8.38959	
2.5946	8.38837	
2.58698	8.39355	
2.58148	8.38257	
2.59521	8.3905	
2.59918	8.38837	
2.59918	8.38074	
2.59613	8.37341	
2.59277	8.38257	
2.59338	8.37585	
2.59216	8.37006	
2.58942	8.38776	
2.60559	8.38379	
2.59857	8.39722	
2.60132	8.40057	
2.60376	8.40637	
2.59705	8.38715	
2.5946	8.39905	
2.59613	8.40149	
2.59888	8.40332	
2.60406	8.39935	
2.59888	8.39539	
2.59613	8.39172	
2.59155	8.39111	
2.6001	8.38074	
2.60376	8.36975	
2.60132	8.39996	
2.59979	8.40118	
2.59888	8.36609	
2.59857	8.39874	
2.59064	8.38959	
2.59674	8.38898	
2.59003	8.3902	
2.59277	8.39417	
2.60101	8.38104	
2.59796	8.39783	
2.60559	8.3905	
2.59766	8.37799	
2.60284	8.37433	
2.60345	8.3783	
2.59979	8.37646	
2.59247	8.37097	
2.59583	8.38196	
2.58423	8.37036	
2.5885	8.37433	
2.58911	8.38837	
2.59796	8.38898	
2.59491	8.36365	
2.59979	8.38165	
2.59674	8.37036	
2.60101	8.37585	
2.61108	8.37402	
2.59979	8.39447	
2.6001	8.37921	
2.60254	8.37341	
2.60803	8.37982	
2.60284	8.37067	
2.59888	8.37402	
2.59796	8.3783	
2.59857	8.37433	
2.59735	8.3844	
2.59613	8.38776	
2.60773	8.37341	
2.60223	8.36578	
2.59766	8.38409	
2.59857	8.38654	
2.59186	8.38654	
2.60376	8.38043	
2.59979	8.39417	
2.60071	8.3728	
2.60132	8.36823	
2.6059	8.36212	
2.59979	8.37494	
2.59094	8.37524	
2.59308	8.37524	
2.59674	8.38196	
2.60651	8.35663	
2.6001	8.37555	
2.60803	8.36578	
2.59674	8.37799	
2.60101	8.37708	
2.60498	8.37006	
2.60712	8.36548	
2.60345	8.36853	
2.59369	8.37433	
2.59949	8.38684	
2.59369	8.37952	
2.59583	8.39539	
2.59521	8.39142	
2.5885	8.36609	
2.61322	8.38043	
2.60162	8.37646	
2.5946	8.38409	
2.59796	8.37646	
2.59338	8.38196	
2.60284	8.38287	
2.6059	8.40851	
2.60773	8.38379	
2.60773	8.37555	
2.59613	8.38531	
2.60193	8.36334	
2.59552	8.37891	
2.60315	8.37402	
2.59888	8.38806	
2.59735	8.37769	
2.61078	8.38531	
2.59766	8.37433	
2.59979	8.38379	
2.60071	8.37555	
2.60834	8.38959	
2.60773	8.39478	
2.60651	8.38287	
2.61261	8.38806	
2.60345	8.37738	
2.59796	8.35144	
2.59705	8.35815	
2.60559	8.37433	
2.60101	8.38135	
2.60986	8.37799	
2.61871	8.3551	
2.59521	8.38501	
2.59521	8.36609	
2.59796	8.35938	
2.59705	8.38257	
2.59521	8.37158	
2.59705	8.35968	
2.5882	8.36823	
2.61017	8.36243	
2.60925	8.36884	
2.60498	8.35693	
2.59949	8.35358	
2.60986	8.35663	
2.60559	8.35327	
2.59705	8.36426	
2.59155	8.36487	
2.60101	8.36304	
2.60101	8.36395	
2.60437	8.38654	
2.60254	8.36243	
2.60803	8.37402	
2.6062	8.36212	
2.60529	8.34167	
2.61078	8.35632	
2.60345	8.33984	
2.60559	8.34991	
2.59888	8.33069	
2.6004	8.3374	
2.59644	8.32672	
2.60437	8.32977	
2.6004	8.3432	
2.61169	8.36456	
2.60101	8.349	
2.60773	8.35632	
2.6004	8.35602	
2.5943	8.36212	
2.60162	8.34198	
2.60834	8.33405	
2.61566	8.33252	
2.60284	8.34106	
2.60254	8.35083	
2.59918	8.38135	
2.60406	8.37524	
2.60559	8.37708	
2.61292	8.38531	
2.60193	8.38715	
2.60345	8.36517	
2.59338	8.37769	
2.61383	8.36884	
2.60986	8.37982	
2.60193	8.36609	
2.60406	8.36151	
2.60742	8.34686	
2.60681	8.35266	
2.59979	8.35358	
2.59216	8.34839	
2.60742	8.35785	
2.61322	8.35602	
2.60986	8.36487	
2.60284	8.35663	
2.5946	8.3725	
2.59705	8.35876	
2.60345	8.35602	
2.6059	8.3551	
2.61932	8.36975	
2.60254	8.34656	
2.60345	8.36823	
2.59888	8.37067	
2.60651	8.33099	
2.6059	8.35114	
2.60956	8.33282	
2.60803	8.34198	
2.61536	8.34351	
2.60559	8.35175	
2.6059	8.34778	
2.59369	8.3548	
2.60773	8.36029	
2.60834	8.34595	
2.59583	8.35876	
2.59338	8.35938	
2.60406	8.35632	
2.60162	8.36243	
2.6123	8.36517	
2.60651	8.3609	
2.60498	8.36517	
2.59827	8.36517	
2.60864	8.36731	
2.61353	8.37799	
2.60559	8.36426	
2.59827	8.36731	
2.60101	8.36945	
2.6004	8.36456	
2.60223	8.37097	
2.6059	8.36334	
2.60742	8.3728	
2.60742	8.35999	
2.6059	8.36609	
2.60406	8.35724	
2.6062	8.349	
2.61139	8.35602	
2.59979	8.36761	
2.60773	8.36273	
2.60132	8.35083	
2.6059	8.37036	
2.59979	8.34869	
2.6001	8.34717	
2.6001	8.3429	
2.60925	8.35327	
2.61078	8.35724	
2.60925	8.34991	
2.60223	8.36456	
2.60345	8.34473	
2.6123	8.33069	
2.60437	8.33374	
2.61047	8.32916	
2.60345	8.34869	
2.60712	8.35022	
2.59949	8.34503	
2.61108	8.34717	
2.61017	8.33923	
2.60712	8.35144	
2.59796	8.3429	
2.59674	8.34686	
2.60376	8.35327	
2.60742	8.34503	
2.6123	8.32764	
2.612	8.33679	
2.60864	8.34808	
2.59979	8.35327	
2.60162	8.36121	
2.60986	8.34412	
2.61261	8.33893	
2.60834	8.35327	
2.60071	8.36151	
2.6004	8.35846	
2.61017	8.33618	
2.61353	8.36548	
2.61536	8.34808	
2.60956	8.35968	
2.60956	8.34961	
2.60071	8.34015	
2.6004	8.35083	
2.60254	8.34534	
2.59918	8.34564	
2.60803	8.3548	
2.61749	8.34412	
2.60803	8.35663	
2.60071	8.35175	
2.60254	8.34503	
2.6059	8.35327	
2.61108	8.35052	
2.60071	8.3429	
2.61261	8.34473	
2.60895	8.34503	
2.59888	8.33496	
2.62207	8.33679	
2.60315	8.34564	
2.60315	8.34015	
2.61169	8.3316	
2.59888	8.33282	
2.60132	8.35083	
2.60468	8.35052	
2.61566	8.33954	
2.61536	8.34778	
2.60803	8.33252	
2.60162	8.3374	
2.59766	8.34656	
2.60986	8.34534	
2.6123	8.34839	
2.61047	8.35663	
2.60376	8.32855	
2.60223	8.33801	
2.61078	8.3374	
2.61322	8.34381	
2.60803	8.35266	
2.61292	8.35175	
2.6004	8.35785	
2.60925	8.35266	
2.6123	8.34808	
2.60864	8.36182	
2.6059	8.35205	
2.6001	8.35327	
2.61322	8.34473	
2.59369	8.34473	
2.60895	8.33466	
2.61444	8.33008	
2.6178	8.34473	
2.60803	8.34747	
2.59857	8.33862	
2.6004	8.33893	
2.61536	8.34869	
2.60498	8.34259	
2.59796	8.34137	
2.60223	8.3493	
2.60406	8.34412	
2.61383	8.35358	
2.61292	8.33862	
2.59796	8.34961	
2.60162	8.35144	
2.61383	8.34015	
2.60864	8.34229	
2.60315	8.34045	
2.60284	8.33313	
2.60376	8.34381	
2.61169	8.3606	
2.60895	8.34656	
2.61353	8.35114	
2.59888	8.3432	
2.6059	8.34442	
2.59857	8.34442	
2.61414	8.36365	
2.61353	8.34991	
2.61566	8.34412	
2.60773	8.35022	
2.60101	8.35083	
2.60651	8.34351	
2.60864	8.33099	
2.61597	8.33069	
2.59827	8.34015	
2.6059	8.33527	
2.60986	8.34351	
2.61444	8.35052	
2.60742	8.33801	
2.60712	8.34991	
2.60803	8.33435	
2.61322	8.3548	
2.60742	8.35266	
2.61353	8.34045	
2.61627	8.34839	
2.60284	8.33984	
2.61353	8.3493	
2.61414	8.35907	
2.60498	8.35297	
2.6178	8.36548	
2.61017	8.36304	
2.61353	8.36731	
2.59918	8.35663	
2.61414	8.35938	
2.62024	8.34717	
2.61108	8.35052	
2.61414	8.34198	
2.60345	8.35663	
2.60376	8.34503	
2.60559	8.35571	
2.61414	8.35083	
2.6236	8.36578	
2.61414	8.33862	
2.60315	8.34503	
2.60651	8.36182	
2.61261	8.35052	
2.61566	8.34961	
2.61169	8.33405	
2.60742	8.34076	
2.61627	8.34564	
2.61902	8.36273	
2.60956	8.33893	
2.60468	8.35693	
2.61749	8.3609	
2.61536	8.36792	
2.61536	8.37128	
2.60712	8.35663	
2.61169	8.35693	
2.60529	8.34808	
2.61932	8.35663	
2.61566	8.34503	
2.60712	8.36639	
2.60681	8.36945	
2.61871	8.36456	
2.60132	8.36029	
2.612	8.35266	
2.61261	8.35236	
2.61047	8.36395	
2.60803	8.35632	
2.61353	8.3728	
2.61902	8.36334	
2.60742	8.3551	
2.61444	8.35938	
2.60498	8.36456	
2.60712	8.37067	
2.6181	8.35266	
2.62238	8.36609	
2.60529	8.35236	
2.60559	8.37616	
2.6178	8.37372	
2.61688	8.34839	
2.60864	8.3609	
2.60651	8.35724	
2.61719	8.35968	
2.61017	8.36761	
2.60132	8.35846	
2.62329	8.35632	
2.6178	8.35388	
2.61353	8.36243	
2.61047	8.35999	
2.61353	8.36609	
2.61536	8.37738	
2.61719	8.35236	
2.60834	8.35938	
2.59979	8.34076	
2.62543	8.34869	
2.6181	8.36121	
2.60773	8.35693	
2.61047	8.36029	
2.60925	8.35876	
2.62024	8.36121	
2.60895	8.35693	
2.61475	8.3728	
2.61047	8.36761	
2.60345	8.36182	
2.62573	8.35999	
2.61688	8.36884	
2.61261	8.35114	
2.61108	8.35632	
2.60529	8.33923	
2.60773	8.35938	
2.61993	8.37341	
2.61932	8.3548	
2.60132	8.36212	
2.60651	8.36182	
2.61444	8.37616	
2.60529	8.37463	
2.61963	8.38043	
2.612	8.3844	
2.60681	8.36578	
2.61993	8.36548	
2.60834	8.37433	
2.61536	8.39539	
2.60956	8.38135	
2.60742	8.37128	
2.62024	8.40149	
2.61139	8.38684	
2.61322	8.3725	
2.60712	8.37006	
2.61169	8.36365	
2.61871	8.36639	
2.62482	8.37646	
2.60895	8.37341	
2.60559	8.37524	
2.60834	8.36212	
2.62451	8.3606	
2.61932	8.37402	
2.60498	8.3609	
2.61353	8.35297	
2.61139	8.35175	
2.60803	8.34839	
2.61993	8.34869	
2.6178	8.35724	
2.61047	8.36792	
2.59735	8.35754	
2.62573	8.35419	
2.61871	8.37158	
2.61444	8.34778	
2.61047	8.36975	
2.61871	8.35236	
2.61627	8.35907	
2.60712	8.38074	
2.61719	8.36731	
2.61505	8.37616	
2.60956	8.36273	
2.61505	8.35114	
2.62329	8.34167	
2.6062	8.36487	
2.61871	8.36182	
2.61749	8.36426	
2.61078	8.34991	
2.61017	8.33832	
2.61658	8.34106	
2.6123	8.3551	
2.60834	8.34747	
2.62329	8.34656	
2.61383	8.35632	
2.60712	8.36029	
2.612	8.34778	
2.6181	8.34473	
2.60986	8.35022	
2.62115	8.34686	
2.61566	8.35144	
2.60986	8.3548	
2.61566	8.35052	
2.61871	8.34198	
2.60803	8.34473	
2.61749	8.35449	
2.61841	8.35327	
2.60895	8.367	
2.60956	8.35876	
2.61871	8.34229	
2.62115	8.34381	
2.61169	8.34259	
2.6178	8.33679	
2.60834	8.35968	
2.62634	8.35663	
2.61322	8.35938	
2.60864	8.34595	
2.6178	8.35358	
2.61139	8.35236	
2.61414	8.34259	
2.62207	8.34564	
2.60803	8.35724	
2.6181	8.35175	
2.61108	8.35358	
2.62482	8.35876	
2.61292	8.35632	
2.62207	8.35968	
2.61932	8.36517	
2.60773	8.36121	
2.61047	8.35693	
2.61169	8.34869	
2.61078	8.33008	
2.62787	8.32733	
2.61475	8.33069	
2.61475	8.33649	
2.61597	8.32764	
2.62421	8.33435	
2.61108	8.32977	
2.61536	8.33679	
2.61566	8.33313	
2.61932	8.32794	
2.60986	8.32855	
2.61719	8.32306	
2.62238	8.32092	
2.60986	8.32275	
2.62238	8.33984	
2.61017	8.33435	
2.61139	8.32581	
2.62085	8.3374	
2.62909	8.3429	
2.61169	8.35297	
2.62268	8.32764	
2.61078	8.3139	
2.62238	8.33679	
2.6178	8.32733	
2.61688	8.34839	
2.61414	8.35022	
2.6178	8.34351	
2.61078	8.33862	
2.62207	8.34808	
2.60498	8.34839	
2.60651	8.33313	
2.61444	8.33038	
2.60803	8.31909	
2.62177	8.32642	
2.60712	8.33069	
2.62146	8.32642	
2.61841	8.34442	
2.61169	8.34564	
2.62085	8.34015	
2.61353	8.35083	
2.61688	8.34198	
2.61475	8.3432	
2.61047	8.34839	
2.62177	8.3548	
2.61414	8.34534	
2.61383	8.34991	
2.6178	8.34991	
2.61108	8.35632	
2.61902	8.35815	
2.61719	8.35541	
2.61169	8.35022	
2.62024	8.35602	
2.60803	8.35236	
2.61871	8.37433	
2.61353	8.37708	
2.62482	8.37402	
2.63062	8.36151	
2.61993	8.37921	
2.61078	8.36548	
2.63397	8.36639	
2.6178	8.37219	
2.60803	8.38379	
2.62665	8.38196	
2.61505	8.37341	
2.62268	8.37738	
2.62756	8.38135	
2.60681	8.39142	
2.62756	8.38135	
2.61871	8.37585	
2.60986	8.37128	
2.612	8.36517	
2.61871	8.36761	
2.60773	8.38715	
2.62482	8.37128	
2.61261	8.36853	
2.61169	8.37891	
2.61047	8.37891	
2.62726	8.36456	
2.612	8.35266	
2.62207	8.35968	
2.61078	8.36273	
2.6239	8.35663	
2.61597	8.36243	
2.60834	8.35815	
2.61475	8.35754	
2.62238	8.36975	
2.61169	8.34564	
2.60773	8.36761	
2.63336	8.35175	
2.61383	8.3493	
2.61322	8.35724	
2.61871	8.34991	
2.61871	8.35419	
2.6178	8.35999	
2.60895	8.35663	
2.61963	8.35785	
2.61353	8.35052	
2.61658	8.35297	
2.63489	8.36517	
2.61505	8.36761	
2.61932	8.35541	
2.60956	8.36151	
2.61963	8.35693	
2.61658	8.3728	
2.62573	8.34076	
2.62146	8.34961	
2.61902	8.35022	
2.61841	8.35541	
2.60895	8.36121	
2.62817	8.37128	
2.61292	8.37006	
2.60986	8.36731	
2.62451	8.36975	
2.62115	8.35327	
2.61566	8.33893	
2.62085	8.35785	
2.62024	8.35449	
2.61475	8.36517	
2.61902	8.36487	
2.60437	8.36273	
2.63489	8.3606	
2.61902	8.35083	
2.61383	8.35663	
2.6178	8.37219	
2.61902	8.36029	
2.62512	8.36243	
2.61658	8.3783	
2.62482	8.37463	
2.60925	8.36517	
2.61414	8.38409	
2.62329	8.38257	
2.60986	8.37463	
2.63336	8.36395	
2.62482	8.36761	
2.61383	8.35999	
2.63367	8.37585	
2.61261	8.3728	
2.6181	8.37219	
2.62512	8.37036	
2.61566	8.36304	
2.61719	8.36761	
2.62604	8.349	
2.60895	8.36182	
2.63092	8.36975	
2.61566	8.3606	
2.62451	8.36609	
2.6181	8.35785	
2.61261	8.367	
2.62848	8.35785	
2.61627	8.36975	
2.61566	8.38409	
2.62054	8.3667	
2.61597	8.37616	
2.62299	8.38165	
2.60651	8.37982	
2.63367	8.37067	
2.61993	8.37036	
2.62817	8.37799	
2.61627	8.38409	
2.62634	8.38135	
2.61993	8.37921	
2.62207	8.37921	
2.61932	8.36151	
2.62177	8.3728	
2.6123	8.3606	
2.62299	8.36578	
2.61353	8.36548	
2.62787	8.35632	
2.60651	8.35449	
2.63306	8.349	
2.61505	8.35052	
2.62268	8.35541	
2.62543	8.35907	
2.6178	8.36182	
2.62268	8.36151	
2.62329	8.35968	
2.61169	8.35052	
2.62817	8.35785	
2.61292	8.3667	
2.62299	8.36304	
2.60925	8.37219	
2.62421	8.36487	
2.62604	8.35815	
2.61414	8.3667	
2.62817	8.36609	
2.62268	8.37708	
2.61597	8.36517	
2.62817	8.37646	
2.61383	8.37372	
2.61139	8.38196	
2.6236	8.37799	
2.61353	8.37311	
2.63214	8.37006	
2.61871	8.36578	
2.62115	8.37402	
2.62421	8.38348	
2.61749	8.39569	
2.62634	8.39508	
2.62115	8.40637	
2.62573	8.37311	
2.62665	8.37555	
2.61841	8.36639	
2.62573	8.37646	
2.61383	8.38745	
2.63062	8.37433	
2.61688	8.39905	
2.61353	8.37982	
2.62695	8.37952	
2.61383	8.37433	
2.62268	8.38837	
2.62787	8.38257	
2.61169	8.37311	
2.62329	8.37067	
2.61749	8.38562	
2.6297	8.35693	
2.60834	8.35846	
2.63611	8.36273	
2.61963	8.34106	
2.61627	8.36426	
2.61993	8.35541	
2.61627	8.367	
2.62695	8.36945	
2.61871	8.36304	
2.6236	8.3609	
2.61108	8.36304	
2.62756	8.35602	
2.61566	8.3432	
2.62238	8.35419	
2.62512	8.33862	
2.6297	8.36395	
2.61322	8.36121	
2.63214	8.3548	
2.62238	8.35114	
2.62817	8.37097	
2.6178	8.37433	
2.62451	8.38196	
2.61627	8.37463	
2.62604	8.35693	
2.61017	8.37738	
2.61871	8.35236	
2.62177	8.35602	
2.62207	8.3609	
2.62115	8.34808	
2.62115	8.35571	
2.6355	8.367	
2.61688	8.35815	
2.62177	8.35968	
2.61566	8.35266	
2.62238	8.35266	
2.61932	8.34595	
2.61169	8.34717	
2.62909	8.35968	
2.62238	8.33954	
2.62573	8.35266	
2.62451	8.35876	
2.62756	8.34717	
2.60895	8.34747	
2.6355	8.35266	
2.62177	8.36029	
2.62451	8.34564	
2.61871	8.36609	
2.62512	8.35388	
2.62115	8.34229	
2.61932	8.36151	
2.62665	8.35724	
2.62756	8.34991	
2.61566	8.34564	
2.63153	8.34442	
2.62115	8.35785	
2.62695	8.35022	
2.62024	8.34747	
2.63336	8.35449	
2.62146	8.35602	
2.62207	8.36304	
2.63123	8.35297	
2.61719	8.367	
2.61383	8.37494	
2.63062	8.38043	
2.62634	8.40179	
2.6236	8.37433	
2.63519	8.35388	
2.61139	8.39172	
2.63885	8.37646	
2.61475	8.38196	
2.62207	8.37128	
2.62268	8.37769	
2.62024	8.36334	
2.62756	8.38379	
2.62695	8.36945	
2.61505	8.35144	
2.62207	8.35693	
2.62848	8.37494	
2.62329	8.38043	
2.60986	8.3783	
2.63947	8.38348	
2.61719	8.37921	
2.62787	8.37219	
2.62115	8.37219	
2.62665	8.37402	
2.62482	8.3725	
2.62054	8.37128	
2.62115	8.36731	
2.62573	8.36761	
2.6297	8.37799	
2.61871	8.37006	
2.63123	8.37769	
2.61963	8.36853	
2.63824	8.36914	
2.61902	8.36823	
2.62146	8.36243	
2.62054	8.35663	
2.62451	8.37555	
2.62054	8.37219	
2.62115	8.35846	
2.6297	8.35663	
2.6239	8.38287	
2.62543	8.37494	
2.62024	8.36273	
2.61902	8.35358	
2.63245	8.36487	
2.62543	8.36945	
2.62726	8.36853	
2.62512	8.37708	
2.63367	8.36731	
2.61871	8.35785	
2.62115	8.36334	
2.62726	8.36212	
2.62695	8.35358	
2.61353	8.35297	
2.62024	8.34869	
2.62573	8.35052	
2.62909	8.34961	
2.61047	8.35632	
2.62817	8.3551	
2.62695	8.37524	
2.61719	8.37891	
2.62726	8.34686	
2.61383	8.35754	
2.63153	8.3429	
2.61932	8.36029	
2.61993	8.34778	
2.62207	8.34717	
2.62329	8.34656	
2.63153	8.34229	
2.61902	8.35175	
2.6239	8.3551	
2.62848	8.3783	
2.6236	8.367	
2.61902	8.35907	
2.63092	8.34503	
2.612	8.349	
2.62054	8.36823	
2.63824	8.36243	
2.6181	8.349	
2.62909	8.35297	
2.61871	8.35327	
2.62512	8.34808	
2.62451	8.35785	
2.61871	8.37158	
2.6297	8.35999	
2.62695	8.37097	
2.63214	8.35358	
2.62451	8.36639	
2.61963	8.33984	
2.62848	8.33527	
2.62909	8.34961	
2.62329	8.35419	
2.61292	8.35846	
2.63336	8.36639	
2.63275	8.36273	
2.62238	8.35724	
2.63	8.35266	
2.61688	8.36243	
2.63184	8.34167	
2.63092	8.34625	
2.62024	8.36182	
2.62939	8.36029	
2.62054	8.3548	
2.63	8.35358	
2.62085	8.35449	
2.62054	8.36609	
2.63031	8.36731	
2.62238	8.35083	
2.63367	8.34991	
2.61078	8.35846	
2.62634	8.34747	
2.63855	8.3548	
2.62238	8.35724	
2.62909	8.35663	
2.61902	8.35815	
2.6355	8.37219	
2.6239	8.36334	
2.62146	8.35663	
2.62482	8.35541	
2.62054	8.34961	
2.63367	8.35571	
2.63855	8.35144	
2.62787	8.37555	
2.61902	8.36182	
2.61597	8.38257	
2.63306	8.38531	
2.63458	8.37952	
2.62238	8.38074	
2.61841	8.367	
2.62756	8.3783	
2.62482	8.37585	
2.62756	8.38623	
2.62878	8.38959	
2.63184	8.38623	
2.63062	8.367	
2.63153	8.37616	
2.62024	8.38043	
2.63275	8.36761	
2.62177	8.38562	
2.6297	8.36884	
2.61688	8.3728	
2.63885	8.36273	
2.63336	8.36884	
2.6236	8.35876	
2.63275	8.35144	
2.62115	8.36182	
2.63245	8.37036	
2.62115	8.36243	
2.61902	8.36609	
2.63092	8.3609	
2.62207	8.35449	
2.63519	8.35571	
2.62543	8.37006	
2.63123	8.34442	
2.62512	8.36487	
2.62543	8.36761	
2.63275	8.3548	
2.61566	8.37128	
2.63031	8.3667	
2.63763	8.36853	
2.6297	8.36212	
2.63031	8.3548	
2.6236	8.35236	
2.63031	8.36182	
2.62909	8.349	
2.62573	8.36487	
2.63	8.38348	
2.62207	8.36853	
2.62878	8.36761	
2.63611	8.36334	
2.6178	8.367	
2.63397	8.3725	
2.6297	8.38501	
2.62665	8.36334	
2.62085	8.36243	
2.62451	8.36945	
2.63794	8.37616	
2.62817	8.35388	
2.62177	8.36182	
2.6239	8.37402	
2.62054	8.38135	
2.63062	8.37402	
2.62024	8.37341	
2.62512	8.36456	
2.63428	8.38623	
2.6236	8.36578	
2.62146	8.37585	
2.63031	8.367	
2.62939	8.37677	
2.62634	8.36914	
2.62817	8.36304	
2.61627	8.37097	
2.64099	8.35022	
2.62421	8.38226	
2.61932	8.367	
2.62238	8.37311	
2.6297	8.35571	
2.61871	8.35266	
2.63153	8.36792	
2.63336	8.36792	
2.62543	8.35632	
2.6297	8.36365	
2.62726	8.36426	
2.62787	8.35999	
2.63489	8.38196	
2.61993	8.38165	
2.63336	8.37402	
2.62238	8.3783	
2.63	8.39447	
2.62421	8.39996	
2.6358	8.39905	
2.62604	8.38531	
2.63306	8.39844	
2.62939	8.38745	
2.63428	8.38928	
2.63306	8.39996	
2.62634	8.38806	
2.62878	8.38562	
2.62939	8.39203	
2.63306	8.37738	
2.62421	8.38562	
2.62726	8.37128	
2.63336	8.38531	
2.62329	8.37769	
2.63794	8.38531	
2.61902	8.38654	
2.64374	8.38226	
2.63336	8.37463	
2.63428	8.37982	
2.62238	8.37982	
2.63458	8.37585	
2.63214	8.3725	
2.62146	8.37769	
2.63397	8.38989	
2.62329	8.37189	
2.63733	8.38104	
2.6236	8.38745	
2.62939	8.38196	
2.63367	8.39508	
2.63184	8.36334	
2.63611	8.36578	
2.62604	8.35541	
2.6239	8.36731	
2.6358	8.36334	
2.6236	8.37769	
2.62817	8.35541	
2.62329	8.36456	
2.63611	8.35114	
2.6239	8.35052	
2.62787	8.35632	
2.62421	8.36121	
2.63153	8.36365	
2.63794	8.35999	
2.62726	8.34808	
2.63306	8.33893	
2.62482	8.34717	
2.63672	8.33527	
2.62146	8.36456	
2.64282	8.35663	
2.63306	8.34503	
2.62543	8.35815	
2.62238	8.35785	
2.62604	8.35297	
2.63336	8.36029	
2.63	8.36945	
2.63184	8.3667	
2.63641	8.35876	
2.62512	8.35419	
2.62482	8.36212	
2.63062	8.36426	
2.63489	8.35266	
2.62604	8.3548	
2.63672	8.35175	
2.62787	8.35571	
2.63275	8.35938	
2.63306	8.36639	
2.62451	8.36761	
2.6297	8.36304	
2.63702	8.35938	
2.6297	8.3548	
2.61993	8.36121	
2.63214	8.35999	
2.63763	8.35785	
2.62207	8.35815	
2.63367	8.3548	
2.62421	8.35846	
2.6297	8.35114	
2.63123	8.34717	
2.63641	8.35297	
2.62573	8.34991	
2.62695	8.35693	
2.63275	8.36243	
2.62604	8.35175	
2.63214	8.35815	
2.63519	8.35052	
2.62421	8.37006	
2.62268	8.37036	
2.63824	8.35266	
2.63092	8.34503	
2.63092	8.34503	
2.62848	8.36182	
2.63031	8.36029	
2.62756	8.36395	
2.63245	8.35693	
2.64801	8.34869	
2.62512	8.3606	
2.62787	8.36884	
2.62909	8.36304	
2.63062	8.37311	
2.63031	8.37921	
2.6358	8.37738	
2.62817	8.38226	
2.62726	8.3844	
2.6355	8.38409	
2.62054	8.3606	
2.63031	8.37463	
2.63641	8.37463	
2.63977	8.37646	
2.62268	8.38776	
2.63062	8.38074	
2.63397	8.38562	
2.63489	8.39081	
2.62756	8.37799	
2.62451	8.37646	
2.63367	8.3786	
2.63794	8.37799	
2.62238	8.37128	
2.61871	8.3728	
2.64191	8.38074	
2.64648	8.36884	
2.62482	8.38684	
2.63916	8.38409	
2.63458	8.38043	
2.62482	8.38867	
2.62451	8.38745	
2.63306	8.38135	
2.63214	8.39203	
2.63855	8.37708	
2.62787	8.38318	
2.62604	8.38318	
2.63245	8.38379	
2.63947	8.39081	
2.63275	8.40393	
2.62604	8.39478	
2.64374	8.38196	
2.63092	8.39691	
2.62695	8.38867	
2.63245	8.37799	
2.63397	8.40637	
2.62787	8.38074	
2.62787	8.39264	
2.63672	8.37463	
2.62573	8.37738	
2.62634	8.38165	
2.64648	8.39264	
2.62421	8.39661	
2.62787	8.38562	
2.63885	8.38867	
2.63702	8.37097	
2.6358	8.38654	
2.63489	8.38074	
2.63275	8.38226	
2.62207	8.37585	
2.62726	8.37219	
2.6355	8.36395	
2.6358	8.38135	
2.62512	8.36609	
2.62909	8.37189	
2.63397	8.37646	
2.63458	8.3783	
2.63092	8.38257	
2.62817	8.37524	
2.64038	8.36456	
2.64008	8.36975	
2.63336	8.38074	
2.62695	8.37494	
2.64069	8.38165	
2.62939	8.37585	
2.63855	8.38623	
2.62878	8.36548	
2.62787	8.38043	
2.62573	8.3905	
2.64801	8.38806	
2.64648	8.39142	
2.63702	8.37646	
2.62726	8.37799	
2.63214	8.38959	
2.6358	8.3783	
2.63428	8.37341	
2.63	8.37708	
2.62604	8.36639	
2.63336	8.37708	
2.63916	8.36884	
2.63916	8.37006	
2.62726	8.36029	
2.62939	8.36731	
2.62756	8.35541	
2.63641	8.38074	
2.63214	8.37006	
2.62787	8.3609	
2.63336	8.35907	
2.64526	8.37982	
2.64069	8.37311	
2.62787	8.36426	
2.63672	8.37067	
2.63397	8.37463	
2.63245	8.37921	
2.63153	8.36029	
2.6358	8.36243	
2.62695	8.36426	
2.62543	8.35022	
2.64099	8.36578	
2.63428	8.36365	
2.62482	8.37585	
2.63855	8.36823	
2.62909	8.37891	
2.62756	8.38837	
2.62634	8.36945	
2.62878	8.367	
2.6358	8.36609	
2.62756	8.37463	
2.62756	8.35236	
2.6297	8.3725	
2.63153	8.36395	
2.63245	8.3725	
2.62756	8.36823	
2.62848	8.37158	
2.62878	8.35846	
2.63336	8.3609	
2.64191	8.37006	
2.63947	8.36487	
2.63947	8.36517	
2.6239	8.36792	
2.63763	8.37524	
2.63763	8.36548	
2.63641	8.37738	
2.63702	8.37463	
2.63855	8.40363	
2.63489	8.40149	
2.63031	8.40424	
2.63153	8.42072	
2.63794	8.41431	
2.64008	8.42743	
2.62299	8.39996	
2.61871	8.38684	
2.61688	8.38837	
2.64771	8.38867	
2.64282	8.37555	
2.62909	8.38104	
2.63824	8.3905	
2.63672	8.38287	
2.63794	8.36975	
2.63855	8.38013	
2.62848	8.40485	
2.6358	8.39447	
2.63977	8.4079	
2.63367	8.40576	
2.63458	8.40515	
2.63031	8.41339	
2.63092	8.41675	
2.63672	8.39142	
2.63885	8.39508	
2.62726	8.38959	
2.62939	8.39569	
2.63824	8.39294	
2.63092	8.38989	
2.63794	8.3963	
2.62878	8.39081	
2.62207	8.37952	
2.62207	8.39844	
2.62054	8.39294	
2.62909	8.38959	
2.64587	8.3902	
2.63367	8.39783	
2.62878	8.40179	
2.6416	8.38928	
2.63275	8.38104	
2.63184	8.39111	
2.63092	8.38684	
2.62482	8.39417	
2.64099	8.39233	
2.63306	8.37982	
2.6355	8.3725	
2.63428	8.37524	
2.63153	8.37494	
2.63123	8.37128	
2.63458	8.3786	
2.63519	8.37128	
2.63977	8.38196	
2.63184	8.38013	
2.62939	8.37982	
2.63824	8.37616	
2.63092	8.3783	
2.62817	8.38409	
2.63184	8.38867	
2.63733	8.37402	
2.63397	8.38104	
2.63153	8.3847	
2.63428	8.39722	
2.6416	8.39569	
2.63092	8.3963	
2.62665	8.3902	
2.64069	8.37341	
2.65045	8.39142	
2.64862	8.37372	
2.62939	8.36395	
2.62939	8.36212	
2.63336	8.36029	
2.63397	8.37158	
2.62878	8.38318	
2.62817	8.37982	
2.63092	8.37006	
2.64374	8.37891	
2.63641	8.3844	
2.62909	8.3786	
2.63184	8.38684	
2.64526	8.39417	
2.63062	8.38837	
2.62939	8.38776	
2.6355	8.38165	
2.63977	8.38531	
2.64099	8.38318	
2.62939	8.38074	
2.63031	8.39294	
2.63031	8.39569	
2.63214	8.38684	
2.63947	8.38837	
2.63733	8.39111	
2.63855	8.37585	
2.63245	8.38226	
2.63245	8.36456	
2.63031	8.37433	
2.6355	8.36639	
2.64496	8.37585	
2.63947	8.37219	
2.64221	8.37738	
2.63519	8.36823	
2.62909	8.35175	
2.63184	8.37677	
2.64679	8.36761	
2.64313	8.35663	
2.63031	8.37158	
2.63214	8.36639	
2.64404	8.36151	
2.63885	8.37128	
2.63428	8.36548	
2.63672	8.37433	
2.64252	8.37494	
2.63519	8.36975	
2.63	8.36823	
2.63794	8.38379	
2.63031	8.3725	
2.63062	8.37646	
2.6355	8.35815	
2.64404	8.34808	
2.64008	8.36182	
2.63275	8.35358	
2.63519	8.35541	
2.63855	8.36151	
2.63977	8.3551	
2.63367	8.36945	
2.64038	8.3783	
2.63641	8.3667	
2.62787	8.3606	
2.62878	8.3548	
2.64313	8.34534	
2.65076	8.35632	
2.63519	8.35083	
2.63153	8.34381	
2.63214	8.36121	
2.63336	8.35602	
2.63885	8.35083	
2.63092	8.34229	
2.63306	8.35571	
2.63885	8.35205	
2.63092	8.35754	
2.64313	8.35571	
2.63031	8.35266	
2.63092	8.35114	
2.63092	8.36029	
2.63885	8.37952	
2.64404	8.3609	
2.63062	8.36365	
2.64496	8.38013	
2.64709	8.37921	
2.6416	8.37524	
2.63763	8.36731	
2.6474	8.36426	
2.64343	8.35632	
2.63458	8.36761	
2.63214	8.37494	
2.63	8.3728	
2.63489	8.35999	
2.63855	8.36304	
2.6413	8.34381	
2.63855	8.36395	
2.6355	8.36243	
2.63275	8.36609	
2.63763	8.35266	
2.64282	8.3844	
2.64221	8.37708	
2.63885	8.36945	
2.64374	8.36151	
2.63	8.35571	
2.64252	8.35663	
2.64832	8.34717	
2.64282	8.3609	
2.63702	8.3432	
2.63428	8.3432	
2.63184	8.34015	
2.6474	8.34229	
2.64221	8.32184	
2.6413	8.35236	
2.64374	8.35083	
2.63214	8.32703	
2.63214	8.3316	
2.63245	8.34167	
2.64252	8.33069	
2.64404	8.32855	
2.63611	8.34229	
2.63245	8.32581	
2.63824	8.32428	
2.64069	8.32733	
2.64709	8.32794	
2.63885	8.34991	
2.63397	8.34656	
2.64252	8.33496	
2.63397	8.34076	
2.63275	8.33832	
2.63947	8.35266	
2.6355	8.36212	
2.63977	8.35968	
2.63885	8.34717	
2.63641	8.35297	
2.63824	8.35602	
2.63458	8.35602	
2.64374	8.34198	
2.64374	8.36761	
2.63947	8.3429	
2.63702	8.34473	
2.63092	8.34991	
2.63611	8.35815	
2.64374	8.34229	
2.64343	8.34564	
2.64465	8.34351	
2.6416	8.33191	
2.64282	8.3374	
2.6416	8.33832	
2.64099	8.34412	
2.63153	8.33984	
2.64374	8.3432	
2.6355	8.33221	
2.63153	8.34625	
2.63275	8.37036	
2.63824	8.33557	
2.6413	8.34137	
2.64679	8.32947	
2.64618	8.33557	
2.63916	8.32611	
2.62726	8.34991	
2.62634	8.34045	
2.64893	8.33069	
2.65503	8.35632	
2.64771	8.34808	
2.63428	8.3609	
2.63336	8.34229	
2.64557	8.35663	
2.64191	8.36456	
2.63245	8.35938	
2.63763	8.35205	
2.64648	8.33923	
2.64313	8.37402	
2.6413	8.37585	
2.63885	8.36914	
2.63458	8.36548	
2.63885	8.35358	
2.63458	8.37524	
2.63733	8.37219	
2.64069	8.37463	
2.6413	8.37128	
2.63916	8.35999	
2.63428	8.36639	
2.63977	8.36578	
2.64191	8.36823	
2.64435	8.39355	
2.64252	8.37006	
2.63977	8.36639	
2.63306	8.35602	
2.63702	8.35327	
2.64252	8.34991	
2.63214	8.36121	
2.63702	8.36517	
2.63885	8.36639	
2.64374	8.37524	
2.64465	8.3728	
2.63489	8.37006	
2.63123	8.37372	
2.6297	8.35907	
2.63184	8.36914	
2.65045	8.38257	
2.64954	8.37799	
2.63367	8.35938	
2.63947	8.3725	
2.64099	8.36365	
2.64587	8.35999	
2.65045	8.36334	
2.63885	8.35632	
2.63184	8.35785	
2.63519	8.36029	
2.6416	8.35846	
2.64313	8.3725	
2.64191	8.3783	
2.64404	8.36365	
2.64374	8.37311	
2.64771	8.37921	
2.64771	8.36609	
2.63519	8.36334	
2.63611	8.38104	
2.6358	8.37708	
2.64313	8.37036	
2.64374	8.37311	
2.64252	8.35571	
2.63214	8.36975	
2.63489	8.37494	
2.64771	8.36578	
2.63855	8.35785	
2.62817	8.35754	
2.63489	8.36121	
2.64679	8.36578	
2.64587	8.36609	
2.64374	8.36884	
2.64496	8.367	
2.63977	8.36243	
2.64038	8.367	
2.64404	8.37006	
2.63428	8.37646	
2.63367	8.38928	
2.63763	8.36914	
2.64313	8.3725	
2.64282	8.37036	
2.62787	8.36548	
2.63306	8.36334	
2.63062	8.36243	
2.63824	8.36395	
2.62939	8.36243	
2.62543	8.35419	
2.62207	8.35724	
2.62604	8.36334	
2.64313	8.36304	
2.64679	8.3609	
2.65472	8.35815	
2.65259	8.36945	
2.6416	8.37189	
2.64374	8.35022	
2.65015	8.349	
2.65625	8.34717	
2.65076	8.36212	
2.64587	8.34747	
2.63672	8.36304	
2.63824	8.3551	
2.63519	8.34381	
2.64587	8.35175	
2.64679	8.35541	
2.64282	8.36639	
2.63977	8.36182	
2.63977	8.36182	
2.63672	8.35571	
2.63519	8.34808	
2.6413	8.34991	
2.64893	8.3429	
2.64557	8.36121	
2.63977	8.3667	
2.63977	8.36578	
2.63428	8.36182	
2.63794	8.35358	
2.64893	8.34564	
2.64709	8.36365	
2.63458	8.35358	
2.6297	8.34991	
2.63824	8.35022	
2.64526	8.33801	
2.64771	8.35632	
2.64557	8.35114	
2.64679	8.35327	
2.6355	8.3609	
2.63336	8.36517	
2.63824	8.34198	
2.64404	8.33893	
2.64282	8.33832	
2.64648	8.33618	
2.64404	8.35571	
2.63672	8.33923	
2.63702	8.34656	
2.63916	8.33252	
2.64343	8.32611	
2.64252	8.34473	
2.64587	8.33557	
2.64709	8.35083	
2.64526	8.32336	
2.64038	8.3374	
2.64832	8.33099	
2.64313	8.34656	
2.64038	8.34412	
2.64496	8.33984	
2.64771	8.34473	
2.64801	8.34564	
2.63947	8.34656	
2.63519	8.34442	
2.6236	8.34412	
2.62695	8.33893	
2.63397	8.34717	
2.65839	8.33679	
2.64465	8.34808	
2.65228	8.34778	
2.6474	8.34076	
2.64923	8.34106	
2.6474	8.35571	
2.64954	8.34686	
2.6532	8.33496	
2.62878	8.33954	
2.64496	8.32001	
2.63702	8.32062	
2.64191	8.33191	
2.64618	8.32611	
2.65228	8.34198	
2.63885	8.32794	
2.63428	8.32428	
2.6413	8.3255	
2.64679	8.30994	
2.64557	8.31268	
2.64587	8.32581	
2.64343	8.32458	
2.64221	8.33679	
2.63611	8.32153	
2.6355	8.33435	
2.63214	8.32733	
2.63794	8.33984	
2.63458	8.3252	
2.63519	8.32214	
2.63733	8.32458	
2.64343	8.3255	
2.64587	8.32581	
2.64862	8.31573	
2.64282	8.33862	
2.64648	8.32245	
2.63855	8.32275	
2.63702	8.34198	
2.64465	8.33557	
2.63947	8.32764	
2.64221	8.33008	
2.64771	8.34015	
2.64832	8.31451	
2.64374	8.33282	
2.64069	8.32977	
2.6416	8.31604	
2.63733	8.3197	
2.64252	8.32642	
2.65106	8.31879	
2.64801	8.33984	
2.65106	8.32031	
2.64954	8.33344	
2.64191	8.33588	
2.63977	8.34229	
2.64679	8.32214	
2.64282	8.32886	
2.64069	8.33832	
2.64648	8.31757	
2.64496	8.33313	
2.64221	8.3255	
2.63519	8.32275	
2.63794	8.33374	
2.6416	8.33862	
2.63824	8.32123	
2.64069	8.33496	
2.64496	8.35114	
2.64221	8.3371	
2.6474	8.32916	
2.64404	8.33527	
2.64191	8.32825	
2.64526	8.33313	
2.64069	8.3371	
2.64404	8.31787	
2.64435	8.33099	
2.64374	8.33252	
2.64069	8.33405	
2.64557	8.32062	
2.65045	8.32825	
2.65381	8.31818	
2.64984	8.3313	
2.64771	8.32245	
2.64954	8.33771	
2.64557	8.32031	
2.64374	8.33832	
2.64313	8.34991	
2.64557	8.34473	
2.64618	8.34625	
2.64832	8.32642	
2.64282	8.3374	
2.6413	8.33954	
2.64191	8.34564	
2.64893	8.34229	
2.64618	8.34595	
2.63428	8.3371	
2.63458	8.3371	
2.63214	8.33527	
2.6358	8.33984	
2.63428	8.33527	
2.64587	8.34595	
2.65869	8.34595	
2.65167	8.34229	
2.6532	8.34717	
2.65594	8.33832	
2.65503	8.3255	
2.65045	8.33771	
2.65839	8.33344	
2.65686	8.35114	
2.65167	8.33923	
2.65625	8.32428	
2.65167	8.33405	
2.64191	8.33862	
2.64557	8.33038	
2.65015	8.32733	
2.64832	8.32581	
2.64832	8.32428	
2.64435	8.33435	
2.63702	8.32947	
2.6474	8.33496	
2.64496	8.31818	
2.64038	8.33649	
2.63947	8.33893	
2.65015	8.32764	
2.64984	8.33282	
2.64862	8.32947	
2.64771	8.31604	
2.64038	8.31696	
2.64313	8.32001	
2.63672	8.32001	
2.63885	8.32855	
2.63916	8.31787	
2.64221	8.33008	
2.64557	8.32733	
2.64709	8.33038	
2.64343	8.34045	
2.6474	8.33313	
2.64038	8.32825	
2.64648	8.33405	
2.64465	8.31207	
2.6474	8.31879	
2.64526	8.3316	
2.6474	8.32306	
2.63916	8.34045	
2.64038	8.33496	
2.63977	8.33191	
2.63977	8.33191	
2.63824	8.34747	
2.64008	8.34015	
2.64862	8.32733	
2.65167	8.33038	
2.64618	8.32947	
2.6416	8.32428	
2.64709	8.32825	
2.64771	8.31573	
2.64313	8.33435	
2.64771	8.32733	
2.6474	8.34167	
2.64557	8.33862	
2.64557	8.34045	
2.64832	8.33984	
2.64923	8.33282	
2.6474	8.3316	
2.65076	8.34808	
2.64404	8.35724	
2.64069	8.34015	
2.64496	8.35785	
2.6413	8.34961	
2.64557	8.33282	
2.6474	8.34564	
2.63947	8.35571	
2.63916	8.35083	
2.64954	8.34351	
2.64954	8.32214	
2.64893	8.34473	
2.64435	8.33405	
2.64893	8.33344	
2.64526	8.34381	
2.64923	8.3374	
2.65045	8.34076	
2.64191	8.34961	
2.64435	8.33344	
2.64313	8.32825	
2.64801	8.33771	
2.64862	8.34015	
2.64923	8.33191	
2.64862	8.35327	
2.64679	8.33405	
2.64923	8.33862	
2.63824	8.34686	
2.64343	8.34503	
2.65228	8.33618	
2.65198	8.34229	
2.64465	8.35754	
2.64801	8.35815	
2.64557	8.35266	
2.64435	8.34961	
2.63885	8.35419	
2.64526	8.35327	
2.64923	8.35907	
2.64679	8.35693	
2.64374	8.367	
2.63947	8.35693	
2.64191	8.33862	
2.64984	8.3551	
2.65228	8.37189	
2.65381	8.35083	
2.64801	8.3609	
2.64252	8.36548	
2.64984	8.35938	
2.65167	8.34442	
2.64801	8.35876	
2.65167	8.36121	
2.64893	8.36517	
2.65076	8.35602	
2.65045	8.34961	
2.64404	8.35754	
2.64374	8.35419	
2.65076	8.35938	
2.6474	8.34167	
2.65259	8.35388	
2.65625	8.35999	
2.65259	8.35236	
2.65106	8.35785	
2.65411	8.34351	
2.64587	8.35144	
2.64984	8.36578	
2.64587	8.36578	
2.64282	8.34656	
2.64313	8.35571	
2.64679	8.35632	
2.64099	8.3493	
2.64587	8.3548	
2.64832	8.35724	
2.65198	8.35938	
2.65167	8.35388	
2.64282	8.34839	
2.64374	8.35571	
2.64526	8.36914	
2.64465	8.3783	
2.64954	8.35144	
2.63824	8.36609	
2.63763	8.3609	
2.64709	8.367	
2.64648	8.36884	
2.64618	8.36548	
2.64526	8.36426	
2.6474	8.37311	
2.65045	8.35663	
2.64832	8.34259	
2.65076	8.34747	
2.64893	8.36975	
2.64465	8.35449	
2.64923	8.37219	
2.63824	8.35968	
2.63977	8.37433	
2.64099	8.35632	
2.65167	8.35907	
2.64099	8.37494	
2.64038	8.35999	
2.64069	8.35602	
2.63977	8.36639	
2.64008	8.37036	
2.64404	8.36334	
2.64648	8.37372	
2.6413	8.37158	
2.64069	8.36823	
2.64404	8.349	
2.64404	8.34747	
2.64679	8.35297	
2.64862	8.36823	
2.64526	8.37402	
2.65259	8.37189	
2.65015	8.36853	
2.65167	8.37097	
2.65228	8.35724	
2.64954	8.35938	
2.64526	8.35968	
2.65533	8.35602	
2.64801	8.36578	
2.65167	8.35083	
2.65106	8.35999	
2.65106	8.34381	
2.6532	8.33984	
2.65167	8.3432	
2.64893	8.34015	
2.64038	8.34503	
2.65198	8.36212	
2.65289	8.34595	
2.65381	8.35022	
2.65076	8.34167	
2.63947	8.35785	
2.6416	8.34839	
2.64313	8.34015	
2.63947	8.35815	
2.64099	8.35663	
2.65076	8.35785	
2.64282	8.34564	
2.65167	8.34106	
2.64679	8.34381	
2.6416	8.35419	
2.64252	8.3609	
2.64313	8.36304	
2.64771	8.35785	
2.64252	8.36212	
2.64923	8.3548	
2.64893	8.35663	
2.65564	8.34137	
2.65198	8.33527	
2.65381	8.34717	
2.65259	8.35815	
2.6532	8.34747	
2.65472	8.34076	
2.64862	8.33099	
2.64832	8.34137	
2.64893	8.35144	
2.65015	8.34442	
2.65167	8.34381	
2.65808	8.34351	
2.6532	8.35663	
2.65533	8.34625	
2.64832	8.34564	
2.65289	8.35449	
2.64984	8.35327	
2.64862	8.35938	
2.64038	8.36334	
2.64801	8.35052	
2.6532	8.35724	
2.65533	8.35175	
2.6535	8.3429	
2.65289	8.34686	
2.65289	8.36029	
2.65137	8.34229	
2.65198	8.34015	
2.65045	8.34869	
2.65198	8.33282	
2.65503	8.34076	
2.65381	8.3548	
2.65381	8.34503	
2.64282	8.35022	
2.64221	8.3551	
2.65289	8.35083	
2.64313	8.3432	
2.6532	8.367	
2.6535	8.3548	
2.65411	8.37097	
2.64648	8.36761	
2.6535	8.35907	
2.65259	8.35663	
2.65106	8.3606	
2.64557	8.35876	
2.64709	8.37433	
2.6532	8.36487	
2.65472	8.36517	
2.65472	8.36487	
2.64984	8.34961	
2.64465	8.35999	
2.64618	8.35022	
2.64069	8.35846	
2.65564	8.36182	
2.64893	8.34229	
2.64771	8.33771	
2.66083	8.34625	
2.66327	8.35052	
2.66235	8.34656	
2.66205	8.33221	
2.65808	8.35846	
2.66022	8.35663	
2.6593	8.35541	
2.65594	8.34625	
2.64954	8.35876	
2.65442	8.36182	
2.64343	8.36731	
2.64343	8.34045	
2.63947	8.35938	
2.63916	8.34229	
2.63824	8.35327	
2.64191	8.35388	
2.65472	8.36639	
2.64526	8.36212	
2.65167	8.35419	
2.64862	8.35449	
2.64648	8.35449	
2.65686	8.36212	
2.65533	8.3609	
2.65076	8.36426	
2.64832	8.36945	
2.64618	8.36456	
2.64496	8.35297	
2.6474	8.35541	
2.64526	8.34656	
2.64618	8.3551	
2.64496	8.37097	
2.64526	8.37006	
2.64313	8.35083	
2.64618	8.36365	
2.64923	8.35205	
2.65564	8.35632	
2.64923	8.36792	
2.64038	8.36456	
2.64435	8.36121	
2.64313	8.36945	
2.64679	8.3667	
2.65564	8.35663	
2.64679	8.36914	
2.64648	8.37891	
2.64557	8.35449	
2.64771	8.37402	
2.64557	8.3548	
2.65381	8.35144	
2.64618	8.36212	
2.65656	8.35846	
2.64587	8.37219	
2.64679	8.3551	
2.64832	8.37402	
2.64343	8.36914	
2.64496	8.38165	
2.64679	8.36182	
2.64709	8.36426	
2.64893	8.35632	
2.64801	8.35968	
2.65289	8.37585	
2.65259	8.37006	
2.6532	8.37067	
2.64832	8.36273	
2.64313	8.36365	
2.64282	8.35449	
2.64374	8.37891	
2.64679	8.36487	
2.65076	8.37036	
2.65442	8.37524	
2.65686	8.38257	
2.65564	8.36609	
2.64893	8.36823	
2.64099	8.37677	
2.64862	8.36823	
2.64343	8.36426	
2.65228	8.37463	
2.66144	8.37219	
2.66357	8.36609	
2.65289	8.37311	
2.6535	8.3725	
2.64374	8.35327	
2.63794	8.35297	
2.63947	8.36243	
2.64404	8.35449	
2.64008	8.3551	
2.63763	8.36548	
2.64099	8.33771	
2.63763	8.35052	
2.63947	8.36151	
2.64893	8.33984	
2.65472	8.35541	
2.64679	8.34564	
2.64404	8.36029	
2.64526	8.35785	
2.65015	8.34045	
2.64618	8.34656	
2.64496	8.35815	
2.65167	8.35663	
2.64832	8.34991	
2.65503	8.35632	
2.6535	8.34564	
2.65076	8.35541	
2.64648	8.34961	
2.64313	8.34503	
2.64893	8.36304	
2.65594	8.35266	
2.65533	8.36182	
2.65503	8.35114	
2.64771	8.35388	
2.65045	8.3429	
2.65045	8.34869	
2.64526	8.34991	
2.64771	8.34808	
2.65015	8.33862	
2.6535	8.35815	
2.6535	8.37097	
2.65564	8.36334	
2.65686	8.36426	
2.65381	8.3606	
2.65564	8.3725	
2.6474	8.34625	
2.64954	8.37341	
2.64923	8.34015	
2.64496	8.38348	
2.64496	8.38379	
2.64771	8.37769	
2.64313	8.3728	
2.64374	8.36578	
2.64832	8.36731	
2.65564	8.36548	
2.66449	8.37067	
2.65503	8.35754	
2.63885	8.35541	
2.64069	8.36884	
2.63885	8.37494	
2.65747	8.37952	
2.6474	8.36945	
2.64709	8.37402	
2.65686	8.36365	
2.64587	8.35083	
2.64557	8.37585	
2.64282	8.37677	
2.64984	8.37555	
2.65503	8.35876	
2.65533	8.36578	
2.65442	8.38257	
2.64252	8.37402	
2.6474	8.36243	
2.64618	8.36426	
2.6535	8.35815	
2.64832	8.3551	
2.65259	8.3667	
2.65533	8.35663	
2.64832	8.35785	
2.64923	8.36548	
2.64862	8.35266	
2.65198	8.36365	
2.65656	8.36365	
2.65503	8.35968	
2.64587	8.35144	
2.64709	8.35815	
2.64771	8.34869	
2.65686	8.35449	
2.65442	8.35724	
2.65533	8.34778	
2.65076	8.35632	
2.64496	8.35754	
2.66418	8.33893	
2.66205	8.35541	
2.65015	8.35052	
2.63947	8.35327	
2.63794	8.35358	
2.64008	8.34381	
2.65228	8.35175	
2.65717	8.35205	
2.65778	8.35907	
2.65778	8.34869	
2.65533	8.36151	
2.65289	8.35724	
2.65533	8.35968	
2.65472	8.35938	
2.65198	8.33496	
2.6532	8.34167	
2.64679	8.33069	
2.65472	8.36151	
2.65411	8.34625	
2.659	8.33984	
2.65656	8.34106	
2.6532	8.32764	
2.6532	8.35083	
2.64923	8.36517	
2.65228	8.34991	
2.64404	8.33527	
2.64526	8.35602	
2.64587	8.33862	
2.64648	8.34076	
2.65961	8.32886	
2.64984	8.33771	
2.65198	8.34534	
2.65076	8.35938	
2.65503	8.34381	
2.64557	8.34686	
2.64771	8.33923	
2.65198	8.34137	
2.64862	8.34198	
2.65503	8.32825	
2.65991	8.34412	
2.65778	8.3493	
2.64954	8.33832	
2.64862	8.34778	
2.65198	8.367	
2.6474	8.33527	
2.65015	8.36029	
2.65717	8.36517	
2.65472	8.36578	
2.64374	8.35205	
2.65015	8.37646	
2.65533	8.35815	
2.66083	8.36029	
2.66632	8.38287	
2.66113	8.36029	
2.64282	8.37097	
2.64923	8.36151	
2.65717	8.36761	
2.65503	8.36731	
2.64801	8.3725	
2.65015	8.35876	
2.65472	8.38531	
2.65594	8.38043	
2.65747	8.37036	
2.65503	8.37402	
2.65625	8.3783	
2.65411	8.3844	
2.64679	8.38348	
2.64618	8.37799	
2.64587	8.38074	
2.64404	8.36884	
2.65259	8.38409	
2.65686	8.37799	
2.659	8.37646	
2.66022	8.36182	
2.65533	8.38043	
2.64526	8.37219	
2.64374	8.37616	
2.65778	8.38165	
2.65594	8.38318	
2.65564	8.38226	
2.65015	8.38043	
2.64954	8.39233	
2.65137	8.38104	
2.65503	8.37524	
2.65198	8.37708	
2.659	8.37708	
2.65076	8.37128	
2.64832	8.36548	
2.64771	8.37341	
2.65686	8.37219	
2.65503	8.37097	
2.65167	8.36639	
2.6474	8.37463	
2.65442	8.367	
2.66327	8.36853	
2.64557	8.3725	
2.63916	8.37158	
2.64465	8.37585	
2.65717	8.37341	
2.65442	8.37677	
2.65045	8.3725	
2.65228	8.3725	
2.65533	8.37341	
2.65503	8.37402	
2.65839	8.37494	
2.65747	8.36945	
2.65228	8.36456	
2.6535	8.3728	
2.65533	8.37189	
2.65656	8.36029	
2.66266	8.36609	
2.64709	8.37128	
2.65015	8.38348	
2.65625	8.38318	
2.64801	8.38074	
2.65167	8.36639	
2.65991	8.36548	
2.65289	8.37341	
2.64526	8.37555	
2.65381	8.38379	
2.65747	8.36884	
2.64832	8.367	
2.64618	8.37128	
2.66602	8.36426	
2.66663	8.35602	
2.66754	8.35266	
2.66022	8.3609	
2.64923	8.37524	
2.64404	8.37341	
2.65686	8.36853	
2.65747	8.37952	
2.64893	8.37189	
2.6535	8.36548	
2.65717	8.37402	
2.65472	8.38196	
2.64709	8.37341	
2.64679	8.36456	
2.6593	8.38043	
2.6593	8.37402	
2.65869	8.36426	
2.64893	8.37585	
2.64709	8.37097	
2.64587	8.38165	
2.64954	8.37738	
2.64801	8.37158	
2.65594	8.36304	
2.65991	8.35327	
2.65411	8.35571	
2.6474	8.37708	
2.65106	8.37158	
2.65625	8.37219	
2.6593	8.35541	
2.65961	8.36151	
2.65808	8.38104	
2.65656	8.36578	
2.64709	8.36334	
2.64954	8.37097	
2.65869	8.36273	
2.6474	8.36487	
2.66815	8.37036	
2.65686	8.38959	
2.64771	8.38165	
2.65137	8.37952	
2.65869	8.37555	
2.6474	8.37067	
2.6532	8.37769	
2.6535	8.36792	
2.64343	8.38043	
2.6535	8.35693	
2.6593	8.36823	
2.6593	8.36395	
2.64771	8.36243	
2.64801	8.36517	
2.65564	8.36609	
2.65289	8.3667	
2.65991	8.37921	
2.65076	8.35968	
2.64679	8.36761	
2.64648	8.37769	
2.65472	8.37006	
2.65411	8.35144	
2.66144	8.35632	
2.65991	8.36395	
2.64618	8.37006	
2.66418	8.37097	
2.66907	8.35999	
2.65411	8.36548	
2.64191	8.35541	
2.65289	8.34045	
2.65228	8.35297	
2.64801	8.35144	
2.65778	8.35876	
2.65167	8.3548	
2.64465	8.34839	
2.66205	8.35236	
2.64771	8.34839	
2.65137	8.35022	
2.65381	8.36334	
2.65228	8.37036	
2.65656	8.36243	
2.65686	8.34656	
2.64832	8.3606	
2.65503	8.35602	
2.65564	8.35693	
2.64801	8.35083	
2.66907	8.36731	
2.64496	8.35876	
2.65991	8.35266	
2.65137	8.34534	
2.65839	8.35388	
2.65137	8.35449	
2.64954	8.36273	
2.66052	8.36365	
2.65106	8.349	
2.65045	8.36212	
2.65076	8.35724	
2.65289	8.36029	
2.65991	8.36487	
2.659	8.3551	
2.65198	8.35907	
2.65839	8.37311	
2.65839	8.36426	
2.65442	8.36365	
2.64923	8.36487	
2.66022	8.35358	
2.66632	8.35236	
2.64496	8.36151	
2.65411	8.3609	
2.65778	8.3667	
2.65106	8.36273	
2.65289	8.36792	
2.65717	8.36731	
2.6593	8.36365	
2.64709	8.35815	
2.66296	8.35358	
2.65533	8.35968	
2.64679	8.35724	
2.65045	8.3548	
2.65808	8.35114	
2.65594	8.36578	
2.65106	8.36334	
2.6532	8.36456	
2.65869	8.35175	
2.65198	8.36456	
2.65808	8.35785	
2.66113	8.37189	
2.65076	8.36182	
2.65961	8.35571	
2.65961	8.35907	
2.64374	8.35297	
2.66357	8.34778	
2.65228	8.35938	
2.64954	8.35938	
2.65228	8.3609	
2.659	8.35876	
2.65533	8.3606	
2.64648	8.35632	
2.65778	8.35297	
2.65839	8.34625	
2.66266	8.34625	
2.65625	8.35358	
2.64923	8.35327	
2.66144	8.34259	
2.64893	8.35449	
2.65259	8.34961	
2.6593	8.35938	
2.66296	8.349	
2.65686	8.36151	
2.64954	8.36517	
2.65808	8.37341	
2.65808	8.38135	
2.65442	8.37769	
2.65808	8.37463	
2.66296	8.35999	
2.64404	8.38043	
2.64465	8.38318	
2.65991	8.36426	
2.65259	8.37555	
2.65991	8.36517	
2.66357	8.37708	
2.659	8.37646	
2.65045	8.35632	
2.65564	8.36182	
2.66235	8.35205	
2.65106	8.37311	
2.64954	8.36761	
2.66083	8.37067	
2.65503	8.36761	
2.65961	8.34961	
2.65503	8.36548	
2.65106	8.36578	
2.65564	8.36731	
2.66144	8.36823	
2.65137	8.38135	
2.67303	8.3725	
2.65167	8.36334	
2.65045	8.3783	
2.65656	8.38074	
2.66174	8.38013	
2.65564	8.38348	
2.6532	8.3844	
2.66174	8.38562	
2.65106	8.36945	
2.64526	8.37402	
2.65656	8.37219	
2.65625	8.38623	
2.66418	8.37799	
2.64862	8.38562	
2.65961	8.38959	
2.6532	8.38928	
2.65686	8.38074	
2.64587	8.38257	
2.65808	8.38898	
2.65747	8.39508	
2.65381	8.38745	
2.66632	8.39478	
2.66083	8.39294	
2.64557	8.37982	
2.6593	8.39111	
2.65808	8.37982	
2.65167	8.396	
2.65869	8.38348	
2.66235	8.38867	
2.64801	8.39172	
2.66266	8.38531	
2.65167	8.37646	
2.64832	8.37738	
2.65656	8.37006	
2.66022	8.37311	
2.65411	8.37982	
2.65503	8.37982	
2.65991	8.38318	
2.66266	8.37036	
2.65167	8.3725	
2.65808	8.37616	
2.65411	8.38806	
2.66541	8.39355	
2.65686	8.37952	
2.66266	8.37402	
2.65808	8.38684	
2.65839	8.37891	
2.65625	8.37799	
2.64984	8.37585	
2.66022	8.36945	
2.66418	8.37738	
2.64984	8.37402	
2.65808	8.38043	
2.65472	8.3847	
2.65289	8.37128	
2.66052	8.37036	
2.66113	8.3606	
2.65045	8.36884	
2.66205	8.36456	
2.65869	8.37463	
2.65381	8.36639	
2.66083	8.36761	
2.64709	8.36365	
2.66235	8.35846	
2.65198	8.36548	
2.65991	8.38165	
2.65381	8.38074	
2.65381	8.37891	
2.66235	8.36914	
2.65167	8.37921	
2.65167	8.39111	
2.65533	8.38379	
2.66327	8.37524	
2.64923	8.37769	
2.64771	8.39813	
2.66388	8.38043	
2.65289	8.38043	
2.65991	8.39508	
2.65289	8.38135	
2.66296	8.37158	
2.65656	8.39569	
2.65564	8.38989	
2.65259	8.37921	
2.6593	8.367	
2.64984	8.38104	
2.65533	8.38379	
2.66296	8.37128	
2.64404	8.37952	
2.65686	8.37921	
2.65259	8.39874	
2.6593	8.38287	
2.65961	8.3786	
2.65564	8.39355	
2.66174	8.38531	
2.65289	8.39203	
2.65961	8.36365	
2.65472	8.36517	
2.65472	8.37677	
2.66144	8.39905	
2.65076	8.3783	
2.66205	8.39417	
2.6535	8.36334	
2.66602	8.37799	
2.64557	8.37494	
2.66449	8.37524	
2.66266	8.3728	
2.65533	8.37585	
2.66144	8.35144	
2.65289	8.3551	
2.66022	8.3609	
2.65289	8.36212	
2.66479	8.36365	
2.65381	8.367	
2.65625	8.35388	
2.66388	8.35297	
2.65808	8.35297	
2.66724	8.37067	
2.64832	8.36761	
2.66327	8.38379	
2.65717	8.36914	
2.65717	8.37067	
2.66113	8.33923	
2.64984	8.36212	
2.66724	8.35938	
2.65076	8.35968	
2.65839	8.35724	
2.65411	8.35632	
2.66144	8.33801	
2.66022	8.35541	
2.66388	8.36548	
2.65411	8.34869	
2.6651	8.35754	
2.65869	8.35022	
2.66388	8.3548	
2.65442	8.36151	
2.66235	8.36365	
2.65228	8.37189	
2.66602	8.35571	
2.65259	8.36456	
2.65564	8.3548	
2.65533	8.35785	
2.65472	8.37036	
2.65747	8.38257	
2.65991	8.34503	
2.65747	8.34381	
2.65656	8.36029	
2.6712	8.35266	
2.64587	8.36334	
2.6651	8.36578	
2.6532	8.36334	
2.65778	8.35632	
2.65167	8.36121	
2.65717	8.36761	
2.6593	8.35419	
2.65717	8.3551	
2.66327	8.35815	
2.66205	8.34015	
2.65198	8.35571	
2.66449	8.38409	
2.65564	8.36548	
2.6593	8.36487	
2.67273	8.36792	
2.65076	8.35907	
2.66113	8.37219	
2.6593	8.35693	
2.65778	8.37463	
2.65442	8.35999	
2.66235	8.36456	
2.65442	8.36975	
2.65594	8.35266	
2.66113	8.35815	
2.65625	8.3609	
2.65503	8.36365	
2.66449	8.35388	
2.65991	8.36334	
2.65045	8.34808	
2.65472	8.36212	
2.66418	8.35571	
2.66388	8.35999	
2.65045	8.35358	
2.65778	8.349	
2.66296	8.33801	
2.6535	8.34564	
2.659	8.33893	
2.65991	8.34717	
2.6532	8.35022	
2.66418	8.34961	
2.65289	8.35876	
2.66205	8.35815	
2.65167	8.349	
2.6532	8.35907	
2.67181	8.34808	
2.65167	8.34564	
2.66052	8.33832	
2.65594	8.34625	
2.65808	8.35663	
2.66449	8.35327	
2.6532	8.35327	
2.65869	8.35571	
2.65717	8.34808	
2.66144	8.33221	
2.65228	8.34808	
2.65259	8.3374	
2.65289	8.35144	
2.66235	8.34747	
2.65991	8.35052	
2.67029	8.34137	
2.64587	8.33527	
2.64587	8.32275	
2.6651	8.34717	
2.65564	8.34137	
2.659	8.34076	
2.66113	8.32336	
2.6532	8.35236	
2.65808	8.3429	
2.66418	8.32916	
2.66632	8.33252	
2.65533	8.34686	
2.65411	8.33679	
2.65625	8.33618	
2.66449	8.33984	
2.6535	8.32428	
2.65015	8.32001	
2.65656	8.34015	
2.67242	8.32642	
2.65167	8.34045	
2.65503	8.33466	
2.65472	8.33618	
2.66052	8.33649	
2.65533	8.32916	
2.66449	8.33313	
2.65442	8.34106	
2.65991	8.34778	
2.65198	8.34412	
2.6593	8.3429	
2.66479	8.34076	
2.65167	8.33618	
2.66266	8.34167	
2.65289	8.35663	
2.66876	8.33038	
2.65503	8.35663	
2.66479	8.3374	
2.66113	8.35602	
2.66052	8.34045	
2.65839	8.3606	
2.66693	8.34778	
2.65564	8.33374	
2.65839	8.35022	
2.65442	8.33984	
2.659	8.33649	
2.65411	8.35602	
2.66022	8.34961	
2.65289	8.36731	
2.65198	8.34625	
2.67334	8.35815	
2.64923	8.35052	
2.66663	8.35052	
2.65472	8.36029	
2.659	8.35175	
2.66144	8.34015	
2.66388	8.35205	
2.65411	8.35297	
2.65808	8.34106	
2.65778	8.34076	
2.65259	8.33923	
2.66205	8.34869	
2.65228	8.35297	
2.66937	8.33862	
2.64374	8.33588	
2.66144	8.34747	
2.66327	8.3316	
2.65442	8.34076	
2.66937	8.34808	
2.65717	8.35724	
2.66144	8.3551	
2.65717	8.34717	
2.65686	8.34106	
2.66479	8.35785	
2.65869	8.35846	
2.65442	8.35632	
2.65533	8.35907	
2.65411	8.35571	
2.6593	8.35114	
2.66022	8.35144	
2.66388	8.35785	
2.65137	8.35297	
2.66113	8.3551	
2.66602	8.35175	
2.65137	8.35327	
2.66327	8.34961	
2.64954	8.35205	
2.66571	8.36975	
2.66144	8.36029	
2.6532	8.3606	
2.66815	8.349	
2.64984	8.3606	
2.6651	8.36761	
2.65533	8.35968	
2.6593	8.35175	
2.65869	8.36578	
2.66327	8.34625	
2.6535	8.35144	
2.659	8.35602	
2.65808	8.34747	
2.66357	8.35022	
2.66235	8.34778	
2.66907	8.34839	
2.65808	8.33923	
2.66571	8.34534	
2.66571	8.33588	
2.65503	8.34015	
2.66724	8.33435	
2.64526	8.33771	
2.66815	8.33496	
2.65442	8.3432	
2.66235	8.33282	
2.6532	8.33679	
2.65778	8.33679	
2.65808	8.34747	
2.6651	8.3316	
2.64984	8.34076	
2.66205	8.33557	
2.65717	8.33649	
2.66968	8.33282	
2.65564	8.32916	
2.65533	8.33588	
2.65991	8.35388	
2.65625	8.3548	
2.66418	8.34778	
2.66296	8.34869	
2.66266	8.3548	
2.66388	8.35144	
2.66418	8.34381	
2.65778	8.35022	
2.66174	8.35083	
2.659	8.34137	
2.65717	8.34839	
2.66449	8.34625	
2.65747	8.34564	
2.66785	8.35999	
2.65625	8.36792	
2.64923	8.35754	
2.66327	8.3609	
2.6535	8.34137	
2.66388	8.36456	
2.65961	8.35602	
2.65778	8.35297	
2.66876	8.36761	
2.65503	8.36243	
2.65472	8.34717	
2.66327	8.35449	
2.65594	8.35114	
2.66815	8.35022	
2.65594	8.34778	
2.66754	8.35083	
2.65717	8.36212	
2.66693	8.35632	
2.65503	8.34259	
2.65778	8.35144	
2.65625	8.36731	
2.66632	8.35907	
2.65381	8.34778	
2.66296	8.34167	
2.65411	8.3493	
2.6593	8.34961	
2.65564	8.34778	
2.66083	8.33893	
2.65961	8.34808	
2.66052	8.32581	
2.67181	8.34473	
2.65961	8.32733	
2.66022	8.32733	
2.66357	8.34717	
2.65472	8.34167	
2.66632	8.34442	
2.65686	8.3255	
2.66663	8.34961	
2.66022	8.34015	
2.66083	8.34534	
2.65717	8.34717	
2.65625	8.35022	
2.67395	8.33221	
2.66815	8.34473	
2.65961	8.35571	
2.6651	8.34717	
2.66113	8.34381	
2.65259	8.34686	
2.65533	8.3432	
2.66724	8.35052	
2.65625	8.34747	
2.66693	8.34656	
2.65778	8.32855	
2.66815	8.34473	
2.65686	8.33679	
2.66785	8.34839	
2.66663	8.34259	
2.65778	8.32733	
2.66449	8.32825	
2.66022	8.35358	
2.66602	8.31787	
2.66327	8.34625	
2.64923	8.32886	
2.66022	8.33618	
2.65869	8.34198	
2.66876	8.32123	
2.65808	8.33466	
2.65259	8.33008	
2.67212	8.33923	
2.66052	8.32611	
2.65625	8.33862	
2.66785	8.33923	
2.65381	8.32855	
2.65991	8.33374	
2.66235	8.34045	
2.65869	8.33527	
2.65747	8.33954	
2.66113	8.34045	
2.67151	8.33191	
2.66388	8.34808	
2.65961	8.33893	
2.65991	8.32642	
2.65808	8.33801	
2.6532	8.33496	
2.66296	8.34106	
2.66174	8.35175	
2.66479	8.35083	
2.65961	8.33893	
2.66785	8.3432	
2.66663	8.36975	
2.65472	8.35602	
2.67914	8.3606	
2.67426	8.37433	
2.64862	8.3548	
2.67059	8.36945	
2.66357	8.35052	
2.65564	8.34412	
2.66815	8.32764	
2.6593	8.34137	
2.6593	8.3371	
2.66235	8.34656	
2.65015	8.34015	
2.66449	8.33893	
2.65686	8.35266	
2.67365	8.3548	
2.65137	8.35022	
2.65442	8.36273	
2.67212	8.35114	
2.65533	8.36609	
2.66327	8.35785	
2.6532	8.34473	
2.66571	8.33954	
2.66266	8.34625	
2.65717	8.31329	
2.66693	8.3316	
2.65717	8.34534	
2.66968	8.33313	
2.66754	8.34198	
2.66418	8.33954	
2.6593	8.35205	
2.66937	8.33618	
2.659	8.33435	
2.66571	8.34229	
2.66571	8.3432	
2.66327	8.35083	
2.66968	8.33862	
2.67365	8.35114	
2.65778	8.34961	
2.66022	8.34961	
2.66327	8.35052	
2.67151	8.33099	
2.65137	8.33221	
2.66174	8.33038	
2.67029	8.34045	
2.65411	8.33588	
2.65381	8.34198	
2.67273	8.33405	
2.66235	8.32672	
2.65564	8.32397	
2.6651	8.32977	
2.66418	8.33191	
2.65656	8.35144	
2.66632	8.34625	
2.66479	8.35632	
2.65503	8.34747	
2.66144	8.33984	
2.65747	8.34961	
2.66937	8.33466	
2.66388	8.33893	
2.66724	8.3313	
2.65564	8.33618	
2.65778	8.33282	
2.66724	8.3548	
2.65869	8.349	
2.6593	8.33008	
2.66693	8.34045	
2.65503	8.35052	
2.67303	8.34412	
2.66388	8.35388	
2.65961	8.34961	
2.65839	8.34229	
2.67151	8.33496	
2.65747	8.34503	
2.66296	8.33344	
2.66327	8.34839	
2.66144	8.32611	
2.65869	8.34656	
2.67944	8.34747	
2.64862	8.35571	
2.66418	8.34595	
2.66479	8.33771	
2.65686	8.33801	
2.66479	8.33954	
2.6651	8.33405	
2.66113	8.34229	
2.66754	8.32581	
2.66846	8.32092	
2.66846	8.32245	
2.65442	8.33557	
2.65778	8.33801	
2.66541	8.32642	
2.66418	8.33832	
2.66724	8.32214	
2.65839	8.32733	
2.65686	8.33252	
2.66754	8.33679	
2.66022	8.33557	
2.65717	8.32886	
2.66632	8.33008	
2.66327	8.34167	
2.65594	8.32855	
2.65472	8.32947	
2.66052	8.33557	
2.6651	8.34747	
2.65442	8.33588	
2.66083	8.33527	
2.67639	8.32977	
2.66022	8.33649	
2.66113	8.34778	
2.65961	8.33893	
2.66663	8.33984	
2.659	8.33313	
2.66235	8.33221	
2.66602	8.32947	
2.66632	8.34747	
2.65137	8.34412	
2.66022	8.32153	
2.65533	8.34351	
2.65991	8.34198	
2.66022	8.32764	
2.66998	8.34076	
2.65717	8.33496	
2.64984	8.34717	
2.66296	8.34961	
2.66022	8.33923	
2.65594	8.34198	
2.66418	8.35022	
2.66876	8.35602	
2.66479	8.33313	
2.66388	8.3432	
2.66083	8.33374	
2.65533	8.35022	
2.66693	8.3371	
2.65503	8.34869	
2.65839	8.33862	
2.6712	8.34534	
2.66876	8.34015	
2.66327	8.34106	
2.66418	8.3374	
2.66235	8.33374	
2.66449	8.35419	
2.66602	8.3551	
2.65778	8.3606	
2.65778	8.35876	
2.66144	8.34839	
2.65961	8.34625	
2.66205	8.34564	
2.66327	8.33984	
2.66052	8.35175	
2.65137	8.34351	
2.67242	8.35175	
2.66815	8.35358	
2.67029	8.35236	
2.659	8.36761	
2.65808	8.33496	
2.66937	8.32764	
2.66754	8.35663	
2.65747	8.34137	
2.66022	8.34167	
2.67059	8.35236	
2.66968	8.34351	
2.66113	8.34534	
2.65289	8.34473	
2.66602	8.349	
2.67487	8.34167	
2.66479	8.34381	
2.66968	8.33435	
2.66479	8.34961	
2.6593	8.32581	
2.65717	8.3316	
2.68127	8.33008	
2.66907	8.33832	
2.66479	8.33496	
2.65991	8.33466	
2.65686	8.34198	
2.65991	8.34015	
2.66571	8.35022	
2.6712	8.349	
2.6712	8.35175	
2.64923	8.34747	
2.659	8.3432	
2.66144	8.3432	
2.66693	8.34869	
2.66083	8.34686	
2.66235	8.34045	
2.66449	8.33405	
2.66174	8.33923	
2.65259	8.32581	
2.67731	8.32642	
2.65381	8.33832	
2.65686	8.34167	
2.65778	8.3316	
2.66693	8.32977	
2.6709	8.33588	
2.65961	8.34595	
2.66541	8.33832	
2.66388	8.34442	
2.67731	8.33862	
2.65076	8.3374	
2.67456	8.31909	
2.66266	8.34839	
2.67212	8.3374	
2.66754	8.34534	
2.6651	8.34717	
2.66113	8.34625	
2.66235	8.3429	
2.66022	8.32336	
2.67731	8.32886	
2.65717	8.32703	
2.65808	8.34778	
2.67059	8.33832	
2.66663	8.34198	
2.65442	8.33221	
2.66541	8.32397	
2.66602	8.32428	
2.66235	8.32306	
2.65778	8.32428	
2.65869	8.32886	
2.67151	8.32458	
2.66754	8.32642	
2.65381	8.31635	
2.66541	8.31573	
2.66876	8.33771	
2.66663	8.32581	
2.65533	8.32214	
2.66846	8.34229	
2.677	8.33374	
2.65656	8.32092	
2.66327	8.33527	
2.66754	8.34778	
2.66663	8.33038	
2.659	8.32428	
2.66937	8.33038	
2.66388	8.32367	
2.66388	8.33435	
2.66998	8.3432	
2.67029	8.33496	
2.65503	8.34351	
2.66998	8.32672	
2.66113	8.33771	
2.65747	8.34229	
2.66876	8.33405	
2.66663	8.33099	
2.66541	8.32886	
2.659	8.32733	
2.65472	8.32855	
2.6767	8.33008	
2.67365	8.3255	
2.66113	8.3313	
2.65808	8.32916	
2.66205	8.32886	
2.66144	8.3316	
2.66479	8.32581	
2.67059	8.33557	
2.66846	8.33099	
2.65472	8.31726	
2.66541	8.3432	
2.67212	8.32794	
2.65961	8.33771	
2.66693	8.33313	
2.66632	8.34656	
2.66693	8.33679	
2.66266	8.33801	
2.66479	8.33771	
2.68066	8.34045	
2.65076	8.32581	
2.66144	8.3374	
2.66846	8.3371	
2.6712	8.34137	
2.65961	8.33466	
2.66144	8.32336	
2.66846	8.33527	
2.66846	8.34412	
2.67029	8.33496	
2.6712	8.33069	
2.66846	8.33038	
2.66022	8.34198	
2.66998	8.33862	
2.66357	8.33557	
2.66937	8.35327	
2.66754	8.34686	
2.66937	8.34167	
2.65472	8.33405	
2.66113	8.34503	
2.66846	8.34442	
2.66754	8.33496	
2.65717	8.32794	
2.65961	8.34198	
2.66693	8.35144	
2.66724	8.34686	
2.65991	8.34045	
2.65198	8.33038	
2.6651	8.34167	
2.66541	8.33527	
2.67242	8.32642	
2.66815	8.3429	
2.66266	8.3432	
2.6651	8.34045	
2.67822	8.34534	
2.66327	8.35571	
2.66602	8.34534	
2.6593	8.34259	
2.66296	8.3316	
2.66205	8.34869	
2.66998	8.33313	
2.66754	8.33832	
2.67487	8.33618	
2.66083	8.33527	
2.66998	8.34717	
2.66968	8.32825	
2.66663	8.33008	
2.65625	8.32764	
2.66052	8.34625	
2.67059	8.33618	
2.66235	8.32458	
2.66907	8.35358	
2.66022	8.33282	
2.65961	8.32031	
2.66266	8.34045	
2.66968	8.3374	
2.66998	8.33649	
2.66846	8.33893	
2.66327	8.34473	
2.66113	8.36456	
2.65747	8.35022	
2.67487	8.35907	
2.66724	8.3432	
2.65991	8.37128	
2.66144	8.3548	
2.66174	8.35175	
2.67242	8.33801	
2.66235	8.33069	
2.66602	8.3429	
2.66052	8.35419	
2.6651	8.34747	
2.66968	8.35052	
2.67151	8.3429	
2.66479	8.35602	
2.66846	8.3548	
2.66113	8.3551	
2.6593	8.34656	
2.67487	8.3252	
2.66602	8.34076	
2.66602	8.36426	
2.67181	8.3374	
2.66876	8.33862	
2.67029	8.35205	
2.66235	8.33801	
2.65961	8.33954	
2.68005	8.34015	
2.66968	8.36029	
2.66785	8.35785	
2.659	8.36456	
2.65594	8.35907	
2.6593	8.35541	
2.67761	8.33954	
2.66968	8.33954	
2.65808	8.34686	
2.66998	8.35449	
2.67731	8.35052	
2.66205	8.33405	
2.6651	8.33527	
2.66144	8.33862	
2.66022	8.34564	
2.67609	8.35175	
2.67181	8.36426	
2.66022	8.35327	
2.66937	8.34656	
2.67212	8.34198	
2.66937	8.33679	
2.66022	8.33221	
2.6709	8.32611	
2.66907	8.32611	
2.67181	8.33649	
2.66693	8.33099	
2.66083	8.34198	
2.66968	8.33313	
2.67334	8.33588	
2.66541	8.34686	
2.66052	8.33466	
2.66449	8.33313	
2.66113	8.34137	
2.66876	8.33588	
2.67212	8.34473	
2.68188	8.33405	
2.65717	8.33435	
2.66449	8.32642	
2.65991	8.34595	
2.66541	8.33435	
2.66235	8.33191	
2.67639	8.32947	
2.67822	8.33008	
2.68372	8.33801	
2.67395	8.33466	
2.6651	8.33527	
2.66785	8.33466	
2.65747	8.32367	
2.66083	8.33221	
2.66174	8.33557	
2.65594	8.33832	
2.66174	8.33679	
2.66235	8.33557	
2.66632	8.34259	
2.67395	8.33893	
2.66907	8.33405	
2.67914	8.32977	
2.66388	8.34534	
2.66418	8.32367	
2.65778	8.33069	
2.66663	8.33344	
2.66937	8.34045	
2.66296	8.32825	
2.66083	8.32611	
2.66876	8.32977	
2.67395	8.32001	
2.66785	8.32733	
2.66418	8.32428	
2.65411	8.32336	
2.66113	8.32428	
2.66418	8.31696	
2.66479	8.32916	
2.659	8.32764	
2.66815	8.3252	
2.67029	8.32123	
2.67578	8.33191	
2.67181	8.32153	
2.66388	8.33954	
2.66602	8.32489	
2.67273	8.33191	
2.66541	8.32001	
2.66418	8.31818	
2.66113	8.32428	
2.66418	8.32642	
2.66388	8.32275	
2.66205	8.31482	
2.66754	8.33649	
2.66357	8.32733	
2.66266	8.32153	
2.66571	8.32611	
2.67242	8.31055	
2.67456	8.31573	
2.66479	8.31512	
2.66632	8.31757	
2.66022	8.32825	
2.66602	8.32214	
2.66693	8.32886	
2.66418	8.32062	
2.67151	8.33313	
2.65808	8.32153	
2.66571	8.32611	
2.66937	8.31055	
2.66724	8.32123	
2.66357	8.32397	
2.66418	8.32794	
2.66266	8.31726	
2.65991	8.32611	
2.66357	8.32703	
2.66815	8.3197	
2.66724	8.31543	
2.67181	8.32306	
2.66846	8.33588	
2.67273	8.32703	
2.67517	8.32825	
2.6709	8.32397	
2.67334	8.32214	
2.66846	8.31268	
2.67151	8.31146	
2.66968	8.31604	
2.66357	8.32397	
2.66663	8.3136	
2.66937	8.31848	
2.66235	8.31024	
2.67365	8.31024	
2.67181	8.32275	
2.67334	8.31879	
2.67334	8.31726	
2.67242	8.32642	
2.67334	8.33038	
2.66266	8.32367	
2.66052	8.31512	
2.66022	8.30933	
2.66663	8.32153	
2.6712	8.31787	
2.677	8.31085	
2.66724	8.3194	
2.67151	8.30841	
2.66144	8.30261	
2.66052	8.30505	
2.66205	8.30383	
2.66815	8.30658	
2.67181	8.30292	
2.67212	8.29987	
2.65839	8.2959	
2.66602	8.30139	
2.66174	8.31024	
2.66907	8.32489	
2.67914	8.30536	
2.6651	8.31451	
2.67151	8.32458	
2.66205	8.32977	
2.66205	8.32764	
2.65869	8.32794	
2.66968	8.31635	
2.67273	8.33344	
2.67395	8.32428	
2.65594	8.33069	
2.67242	8.32947	
2.67151	8.3255	
2.659	8.32367	
2.66937	8.32581	
2.66327	8.33221	
2.66327	8.32184	
2.66724	8.32428	
2.67822	8.32611	
2.67029	8.32153	
2.66724	8.32733	
2.65991	8.32214	
2.66205	8.31726	
2.66907	8.30872	
2.65961	8.32764	
2.66205	8.32245	
2.66663	8.31451	
2.67365	8.33191	
2.67242	8.31238	
2.66541	8.32275	
2.66174	8.31787	
2.66541	8.31177	
2.66846	8.33649	
2.68311	8.33008	
2.659	8.32947	
2.66937	8.30261	
2.66083	8.34015	
2.66266	8.33038	
2.66144	8.32642	
2.66876	8.3316	
2.6709	8.3374	
2.677	8.33435	
2.66815	8.34259	
2.68372	8.34106	
2.66754	8.3313	
2.66205	8.33893	
2.66327	8.33374	
2.66327	8.33679	
2.66296	8.31696	
2.67517	8.33496	
2.6712	8.32855	
2.67273	8.33282	
2.66205	8.33038	
2.65961	8.33557	
2.66296	8.33527	
2.66754	8.32794	
2.66174	8.3313	
2.6651	8.31848	
2.66205	8.32642	
2.66113	8.33344	
2.6712	8.33038	
2.66876	8.33496	
2.67426	8.32764	
2.66449	8.33954	
2.65289	8.33923	
2.67059	8.34381	
2.66815	8.32336	
2.66357	8.33374	
2.66113	8.32886	
2.66998	8.33862	
2.66205	8.3194	
2.66968	8.33893	
2.67883	8.33984	
2.67303	8.35663	
2.66907	8.34717	
2.66266	8.33832	
2.66602	8.34351	
2.6767	8.34717	
2.67242	8.33374	
2.67883	8.34747	
2.67303	8.33832	
2.67487	8.3374	
2.67517	8.33405	
2.66541	8.34259	
2.67303	8.32458	
2.67395	8.33588	
2.68005	8.33649	
2.67761	8.34076	
2.67303	8.32733	
2.67914	8.33405	
2.6709	8.34503	
2.6712	8.33588	
2.66785	8.34045	
2.67487	8.34167	
2.6593	8.34595	
2.66663	8.34595	
2.6651	8.33191	
2.66663	8.33649	
2.66602	8.3313	
2.659	8.3252	
2.6709	8.32489	
2.65594	8.33496	
2.66998	8.33344	
2.66876	8.3313	
2.67456	8.33221	
2.67181	8.32611	
2.67334	8.3255	
2.66693	8.3432	
2.66235	8.33923	
2.65778	8.33923	
2.66815	8.34534	
2.6709	8.34595	
2.67792	8.33496	
2.66998	8.32703	
2.67303	8.34564	
2.66815	8.33191	
2.66693	8.32428	
2.66541	8.32855	
2.66296	8.34351	
2.677	8.32825	
2.67761	8.33862	
2.6709	8.34442	
2.6767	8.33618	
2.677	8.34076	
2.68066	8.33313	
2.66876	8.33221	
2.67303	8.32916	
2.66388	8.32764	
2.66266	8.31848	
2.66083	8.3316	
2.68097	8.32062	
2.67517	8.32611	
2.67029	8.33069	
2.67517	8.31177	
2.66998	8.30933	
2.67548	8.33008	
2.67365	8.31726	
2.68341	8.32947	
2.66571	8.33038	
2.66998	8.34381	
2.67365	8.33405	
2.67273	8.3316	
2.67761	8.35236	
2.66937	8.32886	
2.67944	8.32611	
2.66693	8.33527	
2.67151	8.33313	
2.67456	8.34198	
2.66998	8.3371	
2.66266	8.3371	
2.66357	8.34656	
2.66174	8.34595	
2.66846	8.34503	
2.67609	8.35083	
2.67426	8.35052	
2.67487	8.35052	
2.67181	8.34106	
2.68097	8.34717	
2.67365	8.34381	
2.67456	8.34351	
2.67029	8.3548	
2.67426	8.35114	
2.6709	8.36151	
2.66144	8.35724	
2.6712	8.36975	
2.65686	8.36731	
2.66113	8.35999	
2.659	8.37189	
2.66388	8.37006	
2.66602	8.36731	
2.66296	8.36914	
2.67303	8.367	
2.67242	8.36182	
2.68219	8.36853	
2.66876	8.3609	
2.65961	8.34656	
2.66357	8.35571	
2.659	8.35876	
2.66266	8.34991	
2.6651	8.34869	
2.6712	8.33862	
2.67151	8.34351	
2.66998	8.34259	
2.6712	8.34015	
2.67273	8.33649	
2.68341	8.34076	
2.67731	8.34747	
2.67517	8.33099	
2.67883	8.32794	
2.66968	8.33862	
2.66327	8.34412	
2.66693	8.34808	
2.68463	8.34595	
2.67578	8.34625	
2.66266	8.34473	
2.67212	8.34106	
2.66541	8.34747	
2.67212	8.33313	
2.66663	8.34534	
2.66876	8.34351	
2.6767	8.349	
2.6712	8.3313	
2.6767	8.32367	
2.66937	8.32611	
2.67395	8.349	
2.67456	8.35602	
2.6593	8.34229	
2.66602	8.34167	
2.66388	8.33618	
2.66541	8.34473	
2.677	8.34686	
2.67242	8.34015	
2.68158	8.34229	
2.67303	8.34259	
2.67395	8.33893	
2.67303	8.33496	
2.66632	8.34167	
2.66144	8.33801	
2.66205	8.34015	
2.65747	8.34076	
2.66724	8.34015	
2.66235	8.34229	
2.66754	8.35175	
2.66083	8.34747	
2.66418	8.34778	
2.66388	8.36151	
2.65564	8.34076	
2.66754	8.35114	
2.66235	8.3432	
2.66418	8.34717	
2.6712	8.33557	
2.66632	8.33649	
2.67609	8.33282	
2.65533	8.33618	
2.66876	8.33252	
2.67517	8.33008	
2.67212	8.32672	
2.6767	8.33527	
2.66174	8.32947	
2.677	8.34045	
2.66693	8.32397	
2.66815	8.32245	
2.67548	8.34076	
2.66724	8.32703	
2.66876	8.33588	
2.66815	8.32611	
2.67517	8.33832	
2.67822	8.32733	
2.67181	8.33862	
2.67456	8.33252	
2.67181	8.34869	
2.67456	8.34564	
2.67609	8.3432	
2.6825	8.33466	
2.67456	8.34869	
2.67365	8.33405	
2.6767	8.32794	
2.66602	8.32825	
2.67303	8.34229	
2.67609	8.33557	
2.67334	8.33099	
2.67517	8.33832	
2.677	8.34198	
2.67059	8.33191	
2.67578	8.33221	
2.67303	8.33527	
2.67639	8.33557	
2.65533	8.32916	
2.66907	8.33069	
2.66998	8.33252	
2.66205	8.3432	
2.67212	8.34778	
2.66785	8.3316	
2.66998	8.33374	
2.65686	8.34167	
2.66724	8.34259	
2.66479	8.33862	
2.66266	8.33984	
2.66418	8.35358	
2.66754	8.33557	
2.6767	8.34167	
2.67303	8.34045	
2.67426	8.33862	
2.67456	8.33496	
2.66785	8.34717	
2.66327	8.33282	
2.66907	8.33191	
2.6593	8.33771	
2.66876	8.3313	
2.67242	8.34503	
2.67395	8.33862	
2.6767	8.34198	
2.66663	8.33649	
2.66815	8.33862	
2.66388	8.32367	
2.66632	8.35236	
2.67487	8.33008	
2.66968	8.33435	
2.66541	8.33405	
2.65686	8.34473	
2.67365	8.33527	
2.66815	8.33221	
2.67303	8.33801	
2.66418	8.33618	
2.66937	8.33191	
2.67395	8.33618	
2.67334	8.33588	
2.67059	8.34351	
2.66724	8.3255	
2.66388	8.32764	
2.66296	8.33679	
2.66632	8.32947	
2.67609	8.32977	
2.677	8.3136	
2.67761	8.32733	
2.67273	8.32245	
2.66968	8.33191	
2.66541	8.3255	
2.67395	8.33374	
2.66907	8.33588	
2.67609	8.33313	
2.67365	8.33344	
2.66785	8.3374	
2.65991	8.34442	
2.67395	8.34564	
2.67334	8.32825	
2.67151	8.32825	
2.66998	8.32214	
2.66449	8.33099	
2.67365	8.32825	
2.67517	8.32764	
2.67914	8.33801	
2.67273	8.34869	
2.66724	8.32855	
2.66693	8.34045	
2.65961	8.32947	
2.67517	8.33038	
2.67792	8.34534	
2.66998	8.32123	
2.66571	8.31726	
2.68616	8.32581	
2.67029	8.32703	
2.67517	8.33374	
2.67517	8.33832	
2.67273	8.32611	
2.66113	8.3194	
2.66541	8.32703	
2.66327	8.33557	
2.66907	8.34229	
2.66846	8.33832	
2.65808	8.3252	
2.6651	8.33282	
2.66449	8.31726	
2.6651	8.32764	
2.67426	8.33588	
2.67365	8.3194	
2.66083	8.32581	
2.67365	8.33618	
2.67578	8.33801	
2.67487	8.34351	
2.66815	8.34656	
2.66754	8.34717	
2.6767	8.33893	
2.68066	8.32886	
2.67365	8.33801	
2.67242	8.34961	
2.67212	8.34473	
2.66693	8.33282	
2.66876	8.33191	
2.67426	8.33405	
2.66907	8.32947	
2.66235	8.3432	
2.6651	8.33954	
2.67334	8.33862	
2.6767	8.3313	
2.67181	8.33405	
2.66052	8.34076	
2.66937	8.33984	
2.66327	8.3429	
2.67212	8.32916	
2.66632	8.33557	
2.66296	8.33679	
2.65656	8.33801	
2.66754	8.33374	
2.67181	8.33344	
2.67487	8.3313	
2.67487	8.35052	
2.66968	8.34106	
2.67792	8.32977	
2.66052	8.32458	
2.66693	8.33038	
2.67639	8.33649	
2.67639	8.32916	
2.67303	8.32458	
2.659	8.32825	
2.67456	8.31757	
2.67181	8.31329	
2.67334	8.31146	
2.67944	8.31116	
2.67487	8.31848	
2.65991	8.31268	
2.66541	8.32703	
2.66968	8.32214	
2.66785	8.32184	
2.67639	8.32611	
2.66449	8.32123	
2.6593	8.32336	
2.67303	8.31116	
2.67273	8.30902	
2.67517	8.30719	
2.6709	8.32275	
2.66937	8.32275	
2.65869	8.32733	
2.67761	8.32123	
2.67456	8.32306	
2.66998	8.33679	
2.66632	8.32703	
2.67853	8.32672	
2.68066	8.32458	
2.67609	8.31787	
2.67731	8.32916	
2.6767	8.33557	
2.67609	8.32672	
2.6767	8.33374	
2.67975	8.32794	
2.66418	8.32825	
2.66449	8.33649	
2.66418	8.3255	
2.68127	8.33099	
2.6712	8.33252	
2.6712	8.32703	
2.67487	8.31604	
2.67609	8.32825	
2.66907	8.32336	
2.67059	8.31482	
2.67426	8.32733	
2.68402	8.33191	
2.66663	8.31848	
2.66663	8.33862	
2.66907	8.31543	
2.68066	8.33893	
2.67639	8.32703	
2.67334	8.32733	
2.67029	8.3316	
2.66449	8.32916	
2.66937	8.34595	
2.67639	8.33649	
2.67639	8.3255	
2.68616	8.33008	
2.68127	8.33954	
2.66724	8.32123	
2.66754	8.32275	
2.67395	8.31787	
2.67334	8.32367	
2.68555	8.32703	
2.67365	8.32397	
2.67822	8.32581	
2.67395	8.31635	
2.66937	8.32245	
2.67487	8.32336	
2.67975	8.33252	
2.66602	8.32062	
2.6712	8.32672	
2.66418	8.34015	
2.66846	8.34137	
2.67883	8.34015	
2.66937	8.33496	
2.67212	8.3432	
2.66418	8.33038	
2.67151	8.33435	
2.68036	8.32214	
2.67456	8.33008	
2.68738	8.3252	
2.67334	8.32855	
2.66449	8.33832	
2.67731	8.33466	
2.66449	8.33557	
2.67731	8.33038	
2.67059	8.3139	
2.66449	8.33313	
2.67578	8.34442	
2.67059	8.32642	
2.6651	8.33282	
2.66663	8.32977	
2.6767	8.32642	
2.68005	8.33374	
2.6712	8.33771	
2.66418	8.32428	
2.6651	8.33923	
2.66724	8.34412	
2.67914	8.34595	
2.66815	8.34625	
2.66479	8.33466	
2.66785	8.35968	
2.68646	8.34747	
2.6709	8.33374	
2.66663	8.34656	
2.67609	8.34381	
2.67517	8.33984	
2.677	8.35052	
2.6651	8.33435	
2.66846	8.34076	
2.67059	8.33771	
2.67242	8.3371	
2.67151	8.34412	
2.66602	8.34991	
2.66907	8.3374	
2.67822	8.33618	
2.67853	8.33923	
2.67242	8.32825	
2.677	8.33527	
2.68555	8.34351	
2.66754	8.34259	
2.66815	8.33588	
2.66907	8.32581	
2.66602	8.32031	
2.67487	8.34961	
2.66998	8.32947	
2.66876	8.33801	
2.67426	8.33191	
2.67731	8.32825	
2.67303	8.32703	
2.65961	8.32581	
2.67395	8.33313	
2.67456	8.33038	
2.66693	8.33008	
2.67487	8.33588	
2.67853	8.33282	
2.68127	8.32977	
2.66693	8.3252	
2.66663	8.32489	
2.67609	8.33649	
2.67487	8.34076	
2.66876	8.33984	
2.67426	8.33191	
2.67883	8.37189	
2.66937	8.35327	
2.66449	8.35724	
2.66754	8.34656	
2.67487	8.36273	
2.67548	8.34015	
2.68219	8.33466	
2.67059	8.35297	
2.66418	8.34351	
2.68616	8.33984	
2.67212	8.34167	
2.67426	8.35602	
2.66632	8.33191	
2.67303	8.33221	
2.67944	8.34259	
2.68982	8.34534	
2.67029	8.34991	
2.67334	8.32397	
2.67426	8.33252	
2.67181	8.32825	
2.67334	8.34839	
2.66968	8.33588	
2.67792	8.34015	
2.67609	8.33679	
2.67181	8.34839	
2.68158	8.33954	
2.67365	8.35419	
2.67334	8.33923	
2.66968	8.34839	
2.67578	8.34137	
2.67151	8.34045	
2.67487	8.33832	
2.67303	8.32581	
2.66968	8.32733	
2.67212	8.32825	
2.67029	8.32794	
2.67151	8.33679	
2.66937	8.33374	
2.6767	8.33282	
2.66998	8.32916	
2.66449	8.3429	
2.66846	8.34015	
2.67792	8.31848	
2.68463	8.32001	
2.67303	8.31635	
2.66632	8.33405	
2.6828	8.33618	
2.68188	8.34137	
2.66632	8.32642	
2.65167	8.32489	
2.67853	8.32611	
2.6712	8.32794	
2.67059	8.32214	
2.67792	8.33832	
2.67456	8.33679	
2.67548	8.33435	
2.67273	8.33679	
2.66541	8.33588	
2.67944	8.33435	
2.66022	8.32581	
2.67242	8.34015	
2.67822	8.33282	
2.66724	8.33527	
2.66541	8.33344	
2.6767	8.32733	
2.67883	8.32672	
2.67517	8.33313	
2.66693	8.33557	
2.68158	8.33252	
2.66418	8.32764	
2.65961	8.34839	
2.6767	8.34686	
2.67761	8.33252	
2.66724	8.33679	
2.67365	8.32306	
2.677	8.32153	
2.67334	8.32245	
2.67853	8.32306	
2.67975	8.31573	
2.67517	8.32611	
2.66693	8.32153	
2.66296	8.33099	
2.66876	8.33099	
2.67548	8.32855	
2.67365	8.3194	
2.66724	8.32916	
2.66876	8.34076	
2.66663	8.33282	
2.677	8.34106	
2.66632	8.32306	
2.67853	8.33679	
2.67822	8.3313	
2.6767	8.33771	
2.66876	8.34076	
2.66388	8.32062	
2.66479	8.32855	
2.67517	8.32611	
2.66876	8.32764	
2.66083	8.33038	
2.677	8.33282	
2.68066	8.31909	
2.66693	8.32703	
2.66998	8.33649	
2.67822	8.32489	
2.66998	8.33038	
2.67242	8.32703	
2.66876	8.33527	
2.66907	8.33221	
2.66937	8.33221	
2.6767	8.34778	
2.67822	8.33069	
2.67395	8.35144	
2.67365	8.32916	
2.67365	8.3432	
2.66388	8.34473	
2.66266	8.33282	
2.66998	8.32916	
2.66937	8.3252	
2.67487	8.32977	
2.67853	8.3255	
2.6709	8.34045	
2.67395	8.34106	
2.66541	8.33405	
2.66663	8.32977	
2.68707	8.34259	
2.67365	8.34747	
2.67487	8.34747	
2.65808	8.33801	
2.67395	8.3429	
2.66541	8.33984	
2.66876	8.35358	
2.67395	8.3432	
2.66968	8.32001	
2.66876	8.33557	
2.6886	8.32703	
2.66876	8.32458	
2.67181	8.32733	
2.67273	8.33038	
2.66754	8.32794	
2.67761	8.32672	
2.67609	8.32764	
2.66754	8.32123	
2.6767	8.32214	
2.66693	8.33801	
2.67731	8.33679	
2.67792	8.33679	
2.67578	8.34076	
2.66998	8.33008	
2.67975	8.32855	
2.67365	8.30963	
2.66144	8.32794	
2.66571	8.31573	
2.67822	8.32123	
2.66968	8.32642	
2.66937	8.32764	
2.68433	8.32428	
2.66876	8.32428	
2.66815	8.32733	
2.67914	8.33405	
2.66571	8.33221	
2.67181	8.33618	
2.67975	8.32642	
2.67303	8.33496	
2.67517	8.31726	
2.67578	8.31879	
2.67151	8.31909	
2.67944	8.32184	
2.66785	8.32275	
2.67883	8.32184	
2.67181	8.31543	
2.66815	8.3255	
2.67822	8.31268	
2.67151	8.32428	
2.67914	8.3252	
2.67303	8.32581	
2.67853	8.31909	
2.67914	8.32214	
2.67395	8.32977	
2.68005	8.32703	
2.67395	8.3316	
2.66876	8.33405	
2.66968	8.32275	
2.68005	8.31879	
2.67242	8.31573	
2.6709	8.31726	
2.67639	8.32306	
2.66693	8.32336	
2.67365	8.31116	
2.67792	8.32184	
2.66815	8.31207	
2.66998	8.32489	
2.68097	8.33099	
2.67059	8.3316	
2.67548	8.34595	
2.6712	8.3252	
2.67151	8.3252	
2.66266	8.32397	
2.67792	8.32916	
2.66998	8.32458	
2.6712	8.32306	
2.67487	8.31451	
2.65869	8.31573	
2.677	8.32336	
2.66388	8.31879	
2.67578	8.31726	
2.6712	8.32123	
2.67487	8.31238	
2.67334	8.30444	
2.66693	8.302	
2.67242	8.30597	
2.67517	8.29926	
2.66022	8.31848	
2.67334	8.30963	
2.66663	8.32825	
2.67181	8.32642	
2.67303	8.31604	
2.66937	8.31329	
2.66876	8.30322	
2.68158	8.3078	
2.68555	8.28888	
2.66479	8.30597	
2.69043	8.29895	
2.66571	8.30292	
2.67639	8.30261	
2.67487	8.30292	
2.67303	8.31055	
2.68768	8.31146	
2.66754	8.30444	
2.66937	8.31604	
2.67548	8.31787	
2.67975	8.31268	
2.67151	8.31757	
2.6767	8.31329	
2.66846	8.31757	
2.67303	8.32336	
2.66785	8.31543	
2.68402	8.31635	
2.67792	8.30688	
2.66418	8.32672	
2.66907	8.31421	
2.67853	8.32306	
2.67273	8.31909	
2.66571	8.31268	
2.67456	8.31818	
2.67426	8.32855	
2.68219	8.32245	
2.66968	8.32855	
2.67029	8.32672	
2.67181	8.30231	
2.66937	8.32184	
2.67761	8.30963	
2.67548	8.30109	
2.66174	8.30109	
2.67731	8.31421	
2.67059	8.30322	
2.67639	8.30688	
2.67975	8.30627	
2.67853	8.3197	
2.66937	8.32001	
2.67609	8.32489	
2.67487	8.31726	
2.67639	8.31757	
2.66876	8.31909	
2.66968	8.31421	
2.67792	8.32397	
2.6709	8.31726	
2.67792	8.3374	
2.67761	8.31665	
2.68555	8.3197	
2.66937	8.32489	
2.6709	8.31757	
2.69104	8.32428	
2.67822	8.32367	
2.66937	8.33252	
2.67944	8.34686	
2.66998	8.32611	
2.68982	8.31635	
2.67334	8.31512	
2.6712	8.32245	
2.67792	8.30994	
2.66602	8.32184	
2.68951	8.3255	
2.66998	8.33221	
2.67487	8.31879	
2.67181	8.33313	
2.67334	8.3252	
2.66785	8.32733	
2.67975	8.31818	
2.67731	8.31207	
2.67151	8.32428	
2.67426	8.32611	
2.68433	8.32733	
2.67914	8.32581	
2.6712	8.31757	
2.67639	8.33588	
2.68158	8.33374	
2.68738	8.31787	
2.67242	8.32092	
2.67914	8.32367	
2.677	8.31055	
2.67944	8.31604	
2.65991	8.32306	
2.67456	8.33099	
2.66907	8.33282	
2.68036	8.34076	
2.67181	8.31848	
2.66754	8.33282	
2.68066	8.32825	
2.67151	8.32977	
2.68341	8.33466	
2.66846	8.33527	
2.67365	8.32703	
2.66754	8.3255	
2.67914	8.3194	
2.66846	8.3255	
2.67242	8.32947	
2.67548	8.32062	
2.68127	8.32184	
2.67242	8.33038	
2.68219	8.32703	
2.66907	8.3371	
2.67731	8.33038	
2.67639	8.34106	
2.66907	8.3371	
2.68616	8.33618	
2.67059	8.3252	
2.67487	8.31421	
2.67395	8.32764	
2.67365	8.32458	
2.67456	8.32275	
2.66663	8.33069	
2.67944	8.32184	
2.66815	8.34229	
2.68921	8.33344	
2.66907	8.33405	
2.66876	8.33893	
2.67883	8.32794	
2.6767	8.33466	
2.66998	8.349	
2.67761	8.33557	
2.67456	8.33527	
2.67334	8.33618	
2.67609	8.3252	
2.67609	8.3313	
2.67609	8.32764	
2.66876	8.3194	
2.6709	8.32367	
2.68127	8.32428	
2.66418	8.32611	
2.6709	8.32428	
2.67792	8.33374	
2.66968	8.32886	
2.677	8.33069	
2.66937	8.32947	
2.677	8.33893	
2.67029	8.34808	
2.67822	8.33679	
2.67334	8.34717	
2.68341	8.33862	
2.6712	8.32001	
2.68219	8.33313	
2.66998	8.33374	
2.67853	8.33313	
2.66541	8.32001	
2.6828	8.33282	
2.66663	8.33008	
2.67975	8.31818	
2.66815	8.32916	
2.66388	8.32611	
2.68188	8.3194	
2.66937	8.32672	
2.68005	8.33405	
2.66937	8.31146	
2.67883	8.32092	
2.67181	8.32123	
2.67456	8.3197	
2.66846	8.32581	
2.6889	8.32001	
2.67273	8.32245	
2.68066	8.31635	
2.677	8.32367	
2.67303	8.32489	
2.67944	8.33282	
2.67212	8.31665	
2.67059	8.31635	
2.67731	8.32062	
2.67792	8.31787	
2.67303	8.33038	
2.68463	8.31879	
2.67334	8.32336	
2.68127	8.32947	
2.67273	8.32397	
2.66602	8.32245	
2.67548	8.3252	
2.68158	8.31665	
2.67487	8.32001	
2.66937	8.31879	
2.67914	8.32092	
2.67853	8.3136	
2.67639	8.31055	
2.68402	8.31696	
2.67883	8.34381	
2.67456	8.31848	
2.68188	8.32367	
2.67822	8.3374	
2.66296	8.31787	
2.67365	8.33405	
2.67487	8.3316	
2.67975	8.32947	
2.66968	8.32733	
2.68036	8.32825	
2.67822	8.32581	
2.67212	8.33038	
2.67029	8.32855	
2.68524	8.32306	
2.67151	8.32123	
2.68097	8.33008	
2.67914	8.32825	
2.67334	8.33221	
2.67212	8.3197	
2.66968	8.31635	
2.67609	8.34259	
2.67059	8.32336	
2.69531	8.32184	
2.6651	8.31207	
2.67975	8.33344	
2.66998	8.32092	
2.68524	8.33557	
2.66937	8.31909	
2.67731	8.32703	
2.6712	8.32184	
2.68188	8.33923	
2.67487	8.32703	
2.67273	8.31909	
2.67365	8.32428	
2.6825	8.33038	
2.66815	8.32733	
2.68463	8.34076	
2.67731	8.33649	
2.68188	8.33008	
2.67334	8.33008	
2.68188	8.32733	
2.68005	8.33771	
2.67395	8.33435	
2.6825	8.34198	
2.67212	8.3429	
2.68158	8.33832	
2.67029	8.33344	
2.67944	8.33649	
2.68127	8.3548	
2.66785	8.34106	
2.66937	8.33893	
2.67639	8.34351	
2.68005	8.34625	
2.67426	8.3429	
2.68372	8.33282	
2.66785	8.3374	
2.68127	8.34686	
2.6712	8.33618	
2.6825	8.33496	
2.68372	8.33344	
2.68311	8.33801	
2.67639	8.33832	
2.67181	8.34045	
2.68158	8.34167	
2.66357	8.34808	
2.66876	8.32855	
2.68585	8.3429	
2.68097	8.34259	
2.67487	8.3374	
2.67609	8.3429	
2.67365	8.34198	
2.67151	8.34106	
2.68005	8.33588	
2.66693	8.34839	
2.67609	8.35236	
2.68097	8.34229	
2.67395	8.34045	
2.66418	8.33252	
2.67914	8.33435	
2.66632	8.34015	
2.67853	8.35571	
2.67792	8.33405	
2.67761	8.3548	
2.67212	8.34961	
2.67792	8.34778	
2.66663	8.34656	
2.69257	8.35602	
2.6712	8.35693	
2.67914	8.34656	
2.68005	8.34961	
2.67395	8.349	
2.67151	8.34961	
2.67487	8.34167	
2.66754	8.33679	
2.68341	8.32855	
2.66693	8.33374	
2.68219	8.3374	
2.67242	8.33984	
2.67609	8.33221	
2.67273	8.33344	
2.6825	8.34106	
2.677	8.34412	
2.68066	8.33374	
2.68036	8.33313	
2.6767	8.33282	
2.67334	8.34381	
2.68188	8.32916	
2.66876	8.32245	
2.68127	8.3197	
2.66357	8.33252	
2.68219	8.34869	
2.66998	8.35022	
2.67792	8.349	
2.67456	8.35236	
2.67059	8.34595	
2.67792	8.36151	
2.68005	8.36121	
2.67029	8.34534	
2.67517	8.3548	
2.67029	8.33801	
2.67975	8.34717	
2.677	8.34442	
2.67853	8.35358	
2.67975	8.35083	
2.67334	8.35144	
2.6828	8.35876	
2.68372	8.35602	
2.67151	8.35052	
2.6828	8.34808	
2.67792	8.34351	
2.6767	8.35083	
2.6651	8.34473	
2.68127	8.35449	
2.67334	8.367	
2.68097	8.35571	
2.68311	8.36243	
2.67639	8.34808	
2.69073	8.33984	
2.67365	8.34778	
2.68097	8.33496	
2.66876	8.35419	
2.67853	8.35175	
2.67761	8.35388	
2.68219	8.34747	
2.68158	8.36426	
2.66693	8.34991	
2.66907	8.34442	
2.67242	8.349	
2.67609	8.35052	
2.66754	8.3432	
2.68066	8.34656	
2.6712	8.35266	
2.67365	8.34686	
2.68616	8.35022	
2.67487	8.34137	
2.68402	8.35114	
2.67273	8.34351	
2.67944	8.35083	
2.6651	8.33527	
2.6825	8.34839	
2.67029	8.3493	
2.67273	8.35388	
2.6889	8.34686	
2.67548	8.35175	
2.67944	8.34259	
2.67456	8.34229	
2.67944	8.33893	
2.66541	8.33771	
2.6825	8.34595	
2.67059	8.34656	
2.67761	8.35419	
2.67731	8.34564	
2.67456	8.33221	
2.67578	8.33435	
2.67609	8.34808	
2.6767	8.35754	
2.66388	8.34839	
2.68402	8.34961	
2.6712	8.33435	
2.67761	8.3432	
2.68982	8.34351	
2.67456	8.36273	
2.68707	8.3313	
2.677	8.33527	
2.66846	8.33099	
2.68219	8.33923	
2.66937	8.34412	
2.67273	8.34808	
2.68066	8.35022	
2.66327	8.33801	
2.68127	8.33923	
2.6712	8.34045	
2.67242	8.33923	
2.68555	8.33954	
2.67883	8.34656	
2.67212	8.33679	
2.68311	8.35114	
2.68402	8.35968	
2.67395	8.33496	
2.6825	8.33862	
2.68677	8.34137	
2.6709	8.33527	
2.67365	8.34076	
2.6828	8.3432	
2.67273	8.34229	
2.67914	8.33221	
2.66876	8.35205	
2.68066	8.34106	
2.6712	8.33954	
2.67456	8.35022	
2.68127	8.34351	
2.67944	8.34808	
2.68311	8.34656	
2.68463	8.34991	
2.68402	8.33496	
2.67975	8.35022	
2.68311	8.34656	
2.67456	8.33344	
2.68158	8.34595	
2.66327	8.33923	
2.68097	8.34381	
2.67029	8.34839	
2.67242	8.32794	
2.69318	8.33557	
2.67761	8.33252	
2.67761	8.34229	
2.67975	8.35297	
2.68646	8.33984	
2.67639	8.34412	
2.6825	8.34137	
2.67914	8.35022	
2.67944	8.34808	
2.68127	8.33557	
2.67883	8.33038	
2.68158	8.34015	
2.68097	8.34717	
2.67029	8.35175	
2.68372	8.33282	
2.67303	8.34686	
2.6825	8.33588	
2.6825	8.3551	
2.67639	8.35083	
2.67761	8.34717	
2.67609	8.35297	
2.67548	8.34198	
2.6828	8.34595	
2.67731	8.36731	
2.6712	8.35541	
2.68127	8.3493	
2.67944	8.34045	
2.67334	8.34045	
2.68188	8.3429	
2.67456	8.34167	
2.68158	8.33221	
2.67303	8.32916	
2.67426	8.33618	
2.67792	8.33008	
2.67609	8.33649	
2.68951	8.33221	
2.67365	8.34808	
2.677	8.34351	
2.67334	8.33282	
2.68097	8.33984	
2.68066	8.33557	
2.67212	8.32581	
2.67273	8.32825	
2.68311	8.33557	
2.67303	8.33771	
2.67548	8.32855	
2.68066	8.33679	
2.68463	8.32886	
2.67578	8.34015	
2.68127	8.33588	
2.68036	8.33527	
2.6886	8.33374	
2.68341	8.34045	
2.67365	8.33221	
2.67334	8.34167	
2.67853	8.33405	
2.66418	8.33252	
2.67303	8.34106	
2.67914	8.3432	
2.68341	8.33221	
2.66541	8.34076	
2.68005	8.33496	
2.67273	8.34839	
2.67639	8.33069	
2.69135	8.35236	
2.67487	8.34259	
2.68951	8.32825	
2.68127	8.34106	
2.68677	8.33374	
2.68402	8.3316	
2.67548	8.34137	
2.67944	8.33008	
2.67792	8.32336	
2.6767	8.32581	
2.68646	8.32855	
2.68433	8.32336	
2.66815	8.32123	
2.68677	8.30566	
2.67853	8.31146	
2.67395	8.31268	
2.67151	8.32062	
2.67334	8.3255	
2.66968	8.33405	
2.68433	8.3252	
2.66968	8.32703	
2.67639	8.32794	
2.67822	8.32855	
2.67426	8.32825	
2.67273	8.33008	
2.67181	8.33374	
2.68188	8.32855	
2.67639	8.33679	
2.67334	8.32886	
2.67273	8.34412	
2.67639	8.32581	
2.67181	8.34381	
2.68188	8.34839	
2.67883	8.34747	
2.66785	8.33771	
2.67578	8.34381	
2.68066	8.34564	
2.69043	8.33252	
2.67181	8.33557	
2.68555	8.32642	
2.67456	8.32245	
2.67426	8.3255	
2.68127	8.33344	
2.67426	8.32947	
2.67365	8.33618	
2.6825	8.33496	
2.68188	8.32794	
2.66541	8.32916	
2.68188	8.33008	
2.67731	8.33252	
2.66571	8.34229	
2.68219	8.34839	
2.68494	8.33252	
2.67792	8.33344	
2.67212	8.32367	
2.67639	8.34015	
2.67609	8.34503	
2.67487	8.33588	
2.67303	8.33496	
2.68341	8.33984	
2.6712	8.33588	
2.67273	8.3316	
2.68768	8.34015	
2.67761	8.33771	
2.68433	8.34106	
2.68219	8.32581	
2.6886	8.34412	
2.67365	8.34717	
2.67853	8.32825	
2.68585	8.33588	
2.68463	8.33832	
2.67517	8.33649	
2.68494	8.34991	
2.68524	8.33191	
2.67212	8.32764	
2.6825	8.3313	
2.67822	8.32977	
2.68372	8.32581	
2.67334	8.32947	
2.67792	8.33008	
2.68127	8.31787	
2.68402	8.3316	
2.66846	8.33954	
2.67548	8.33374	
2.68646	8.33038	
2.6889	8.33344	
2.67731	8.33862	
2.67639	8.31787	
2.67883	8.32031	
2.68524	8.33435	
2.68097	8.33405	
2.67731	8.33221	
2.68463	8.33466	
2.67853	8.33618	
2.6712	8.34473	
2.67792	8.33984	
2.67181	8.34045	
2.67792	8.34747	
2.68188	8.34686	
2.68402	8.34503	
2.67517	8.33984	
2.68219	8.34106	
2.6767	8.34412	
2.68433	8.33527	
2.68372	8.33984	
2.6825	8.34381	
2.67609	8.34869	
2.66602	8.34076	
2.68341	8.33282	
2.67853	8.33527	
2.67151	8.33099	
2.68677	8.32275	
2.68158	8.3136	
2.67181	8.35266	
2.67181	8.3313	
2.69623	8.32001	
2.67975	8.32855	
2.67181	8.32123	
2.67548	8.31604	
2.69165	8.3255	
2.67609	8.3197	
2.68402	8.32214	
2.68402	8.32703	
2.68768	8.33984	
2.68005	8.33405	
2.68555	8.33221	
2.67761	8.33862	
2.6825	8.32916	
2.67426	8.32245	
2.677	8.32428	
2.6825	8.32336	
2.68341	8.3316	
2.68066	8.3136	
2.67609	8.32397	
2.677	8.31909	
2.68188	8.31207	
2.67426	8.33466	
2.67883	8.32886	
2.68311	8.31757	
2.67212	8.32214	
2.67456	8.34625	
2.67914	8.33374	
2.67517	8.32245	
2.67273	8.32123	
2.69196	8.32275	
2.67548	8.33038	
2.67303	8.31268	
2.67609	8.32642	
2.67426	8.32703	
2.68494	8.32581	
2.67273	8.32947	
2.67761	8.33008	
2.6944	8.3255	
2.67822	8.31512	
2.67151	8.31207	
2.67426	8.30627	
2.69135	8.31604	
2.68341	8.31268	
2.67822	8.31543	
2.67365	8.31238	
2.67365	8.33191	
2.68555	8.32733	
2.67609	8.31848	
2.67029	8.32153	
2.68768	8.3252	
2.68188	8.3136	
2.67334	8.33374	
2.67395	8.3313	
2.68066	8.32794	
2.68219	8.34534	
2.6709	8.33069	
2.6767	8.3255	
2.69165	8.33099	
2.67609	8.33618	
2.67853	8.33435	
2.68555	8.32855	
2.68707	8.33221	
2.6712	8.33221	
2.68005	8.32092	
2.6825	8.32764	
2.67853	8.32642	
2.67883	8.3255	
2.67944	8.32001	
2.67578	8.31818	
2.68433	8.3194	
2.66937	8.32794	
2.68524	8.32947	
2.68127	8.32764	
2.68433	8.32214	
2.68616	8.31177	
2.67456	8.31177	
2.68188	8.32397	
2.68372	8.31604	
2.68066	8.30841	
2.6767	8.31451	
2.68311	8.31329	
2.67792	8.31116	
2.66815	8.31543	
2.67944	8.31757	
2.67761	8.31268	
2.67609	8.32001	
2.67944	8.31909	
2.67609	8.32184	
2.68402	8.3255	
2.67853	8.31726	
2.6767	8.32306	
2.67029	8.31696	
2.67731	8.32397	
2.68341	8.32245	
2.67181	8.32184	
2.67365	8.33557	
2.68127	8.33862	
2.68219	8.32092	
2.67609	8.31238	
2.66846	8.30536	
2.6767	8.31268	
2.677	8.31512	
2.67273	8.32367	
2.68036	8.31818	
2.68585	8.32764	
2.67792	8.32855	
2.68341	8.31635	
2.67334	8.33191	
2.67487	8.34015	
2.68341	8.31299	
2.67395	8.33466	
2.66998	8.33008	
2.68311	8.3197	
2.68066	8.31329	
2.68463	8.32062	
2.66602	8.32825	
2.6709	8.33496	
2.67609	8.32642	
2.67609	8.32642	
2.68768	8.32092	
2.67731	8.33374	
2.67578	8.32336	
2.66998	8.32428	
2.67303	8.32397	
2.68585	8.32642	
2.68097	8.32306	
2.68433	8.33344	
2.68433	8.32855	
2.67212	8.32764	
2.66754	8.32947	
2.69104	8.31757	
2.67365	8.33374	
2.67975	8.32764	
2.68219	8.3139	
2.6828	8.32764	
2.67151	8.30841	
2.68646	8.32275	
2.68707	8.3255	
2.69104	8.32275	
2.68066	8.31512	
2.67883	8.32886	
2.67853	8.31299	
2.69531	8.3197	
2.67639	8.3136	
2.67853	8.32367	
2.68677	8.31787	
2.67487	8.33588	
2.67578	8.32733	
2.6825	8.3252	
2.67914	8.3252	
2.67365	8.33221	
2.67731	8.3429	
2.6767	8.32825	
2.67914	8.32031	
2.68066	8.32092	
2.66815	8.32672	
2.67975	8.31909	
2.67395	8.32428	
2.67487	8.3252	
2.68829	8.32397	
2.67273	8.31757	
2.68524	8.31909	
2.68707	8.33801	
2.69257	8.33191	
2.68524	8.31818	
2.67548	8.32581	
2.67883	8.32977	
2.66998	8.33435	
2.67944	8.35388	
2.67731	8.32947	
2.68433	8.32764	
2.67395	8.32703	
2.67303	8.32397	
2.67822	8.35144	
2.68005	8.34717	
2.68127	8.34503	
2.67578	8.32428	
2.67731	8.34534	
2.67029	8.32367	
2.67975	8.3252	
2.68158	8.32245	
2.68219	8.32733	
2.69012	8.33405	
2.67639	8.34259	
2.67303	8.33069	
2.68524	8.33893	
2.69318	8.32947	
2.68158	8.32916	
2.67334	8.34381	
2.67303	8.33618	
2.67456	8.33893	
2.67883	8.32642	
2.67731	8.32886	
2.6828	8.3313	
2.68219	8.32428	
2.67181	8.32458	
2.67548	8.32153	
2.68127	8.32397	
2.68372	8.32947	
2.68738	8.31573	
2.68707	8.31726	
2.69318	8.32306	
2.68036	8.33435	
2.67456	8.32733	
2.68066	8.32672	
2.6886	8.32703	
2.67487	8.3197	
2.67303	8.31116	
2.66876	8.31085	
2.66907	8.31696	
2.67731	8.32489	
2.68829	8.32184	
2.68524	8.31635	
2.67303	8.32336	
2.6886	8.32703	
2.68066	8.31757	
2.68921	8.3252	
2.67731	8.33496	
2.68677	8.33008	
2.6828	8.33313	
2.6767	8.33435	
2.69196	8.3429	
2.68372	8.33008	
2.677	8.33832	
2.67456	8.34595	
2.67273	8.32855	
2.68585	8.33496	
2.67487	8.32062	
2.67914	8.32184	
2.68494	8.32245	
2.68494	8.32092	
2.67761	8.32642	
2.68463	8.33466	
2.68433	8.33832	
2.68066	8.33679	
2.677	8.33649	
2.67303	8.33557	
2.68616	8.32977	
2.68341	8.33069	
2.68433	8.33527	
2.67548	8.33191	
2.68158	8.33801	
2.68677	8.32764	
2.68372	8.32428	
2.69409	8.33099	
2.67761	8.31299	
2.67181	8.32825	
2.67456	8.30353	
2.69379	8.30231	
2.68433	8.31085	
2.68219	8.31207	
2.68494	8.31116	
2.68677	8.31482	
2.68402	8.32458	
2.68585	8.33649	
2.69653	8.32581	
2.68646	8.33038	
2.67883	8.32153	
2.68433	8.31024	
2.68127	8.31512	
2.68829	8.30902	
2.68097	8.31207	
2.69531	8.30566	
2.68219	8.31268	
2.68219	8.31238	
2.68097	8.33557	
2.67151	8.32642	
2.67792	8.33191	
2.67365	8.31757	
2.67395	8.33221	
2.67883	8.33008	
2.67517	8.31909	
2.67487	8.33038	
2.66785	8.32825	
2.68158	8.3313	
2.68219	8.32794	
2.68433	8.33954	
2.68219	8.33862	
2.68494	8.33496	
2.67914	8.33771	
2.68433	8.33588	
2.67822	8.32977	
2.68585	8.32489	
2.68463	8.33008	
2.69592	8.32794	
2.68463	8.3316	
2.68219	8.31787	
2.68768	8.32581	
2.68585	8.3252	
2.68219	8.3194	
2.68158	8.31451	
2.67944	8.31573	
2.6828	8.32733	
2.67548	8.32062	
2.67395	8.31451	
2.6651	8.29468	
2.68372	8.29926	
2.52319	8.30444	
2.68463	8.30688	
2.66998	8.30994	
2.68097	8.31421	
2.67792	8.31055	
2.69257	8.30994	
2.6828	8.31635	
2.67242	8.30994	
2.67151	8.3197	
2.67181	8.32184	
2.67426	8.31909	
2.68066	8.32764	
2.68433	8.32733	
2.68005	8.31421	
2.68768	8.32916	
2.68616	8.31451	
2.68799	8.3313	
2.68677	8.30658	
2.68372	8.32428	
2.67426	8.31635	
2.67822	8.32489	
2.68463	8.31787	
2.68768	8.33893	
2.68341	8.33679	
2.68372	8.31848	
2.67731	8.32581	
2.67853	8.32001	
2.68616	8.32397	
2.68005	8.32397	
2.67365	8.3255	
2.6767	8.3197	
2.68463	8.30841	
2.6828	8.31482	
2.67212	8.31573	
2.66815	8.32123	
2.67456	8.32367	
2.677	8.31543	
2.67792	8.30841	
2.68066	8.32367	
2.6889	8.32947	
2.68951	8.31055	
2.69562	8.31696	
2.68402	8.3136	
2.67914	8.29132	
2.68097	8.30719	
2.68219	8.31421	
2.69409	8.31116	
2.68677	8.29895	
2.69379	8.32306	
2.68555	8.32214	
2.68677	8.32672	
2.68372	8.31635	
2.6767	8.32184	
2.68219	8.32275	
2.68219	8.33435	
2.69073	8.31177	
2.68524	8.31329	
2.6767	8.3255	
2.67609	8.33038	
2.68158	8.32825	
2.677	8.32581	
2.67273	8.31268	
2.66876	8.3139	
2.67487	8.31818	
2.67639	8.31665	
2.69043	8.32367	
2.68158	8.31604	
2.68646	8.3075	
2.677	8.29926	
2.67487	8.30872	
2.68555	8.32275	
2.68707	8.30841	
2.68341	8.31635	
2.67914	8.31696	
2.68341	8.31543	
2.6828	8.31848	
2.6825	8.30597	
2.68616	8.30566	
2.67395	8.30872	
2.6889	8.31207	
2.67944	8.31238	
2.67395	8.30505	
2.68463	8.30719	
2.67853	8.32275	
2.68127	8.31848	
2.67578	8.32306	
2.66998	8.3255	
2.67273	8.32275	
2.68005	8.31787	
2.68768	8.32214	
2.68524	8.32458	
2.68646	8.32245	
2.68402	8.32428	
2.68646	8.31879	
2.68494	8.32886	
2.68066	8.31818	
2.67822	8.32245	
2.68127	8.3255	
2.69104	8.32153	
2.67731	8.33099	
2.68616	8.34015	
2.68677	8.34229	
2.68219	8.33435	
2.68097	8.3197	
2.67303	8.32245	
2.67487	8.31329	
2.68005	8.3255	
2.68524	8.32397	
2.67792	8.31635	
2.677	8.34045	
2.68616	8.33344	
2.68311	8.31909	
2.68341	8.31543	
2.68127	8.32214	
2.68585	8.33069	
2.68005	8.3194	
2.67395	8.31909	
2.68616	8.32184	
2.68646	8.32764	
2.69012	8.3136	
2.68036	8.31421	
2.66907	8.31848	
2.67426	8.31116	
2.68097	8.31818	
2.68463	8.32214	
2.68707	8.33313	
2.6886	8.32703	
2.68585	8.30383	
2.67792	8.30353	
2.68066	8.31085	
2.67639	8.31573	
2.67792	8.31421	
2.68372	8.3194	
2.68677	8.31665	
2.69714	8.31238	
2.68585	8.31604	
2.68311	8.31085	
2.6828	8.31635	
2.68097	8.30231	
2.68402	8.31146	
2.68433	8.31757	
2.69531	8.32092	
2.67822	8.30933	
2.67639	8.30261	
2.67242	8.32062	
2.66907	8.30841	
2.67548	8.3139	
2.67761	8.31116	
2.67761	8.30109	
2.68433	8.31879	
2.68463	8.30078	
2.67914	8.30109	
2.67639	8.31604	
2.67609	8.3078	
2.68311	8.30536	
2.68188	8.30963	
2.67548	8.29742	
2.67944	8.3075	
2.67456	8.30017	
2.68005	8.31299	
2.67792	8.3139	
2.67395	8.31696	
2.67395	8.30688	
2.68372	8.31055	
2.68127	8.31329	
2.67303	8.32672	
2.6767	8.33008	
2.68677	8.32428	
2.69073	8.30994	
2.67975	8.33344	
2.67914	8.31787	
2.68097	8.32428	
2.68158	8.32245	
2.68097	8.3078	
2.67822	8.31573	
2.68463	8.31146	
2.67761	8.31726	
2.67914	8.32092	
2.67578	8.32367	
2.68555	8.3432	
2.69043	8.32336	
2.67792	8.34412	
2.67181	8.32977	
2.67273	8.30688	
2.677	8.31055	
2.67487	8.32581	
2.67761	8.31635	
2.67914	8.32245	
2.68341	8.34015	
2.6767	8.32306	
2.68829	8.3139	
2.68799	8.31848	
2.68311	8.3194	
2.6828	8.31909	
2.67944	8.31116	
2.69135	8.32428	
2.6828	8.31512	
2.69409	8.31665	
2.68402	8.31451	
2.68433	8.32153	
2.67426	8.32825	
2.68158	8.32611	
2.67548	8.32336	
2.67761	8.32764	
2.68555	8.32703	
2.67853	8.32092	
2.68799	8.32764	
2.68799	8.3139	
2.68555	8.31604	
2.69135	8.32611	
2.67975	8.32397	
2.68005	8.32184	
2.6767	8.32031	
2.67517	8.3136	
2.67548	8.31329	
2.67914	8.3136	
2.66815	8.32489	
2.68951	8.32642	
2.68951	8.31573	
2.69592	8.32703	
2.68402	8.3197	
2.67975	8.32794	
2.67609	8.33099	
2.68158	8.32794	
2.68585	8.33282	
2.68372	8.31268	
2.68005	8.32062	
2.6947	8.30322	
2.68677	8.30933	
2.69531	8.3075	
2.68158	8.3313	
2.677	8.3316	
2.67365	8.32306	
2.67761	8.32733	
2.67639	8.33527	
2.68585	8.33771	
2.68921	8.33801	
2.69012	8.32428	
2.6828	8.32062	
2.69073	8.32184	
2.68066	8.31482	
2.67914	8.32764	
2.69348	8.32367	
2.68585	8.33557	
2.68799	8.32947	
2.68555	8.32703	
2.68646	8.31421	
2.68372	8.31055	
2.68921	8.32092	
2.68433	8.32123	
2.68616	8.32123	
2.67822	8.32397	
2.67944	8.33771	
2.677	8.33893	
2.677	8.32458	
2.677	8.33038	
2.68097	8.33771	
2.68524	8.33496	
2.68555	8.33435	
2.66815	8.34229	
2.6767	8.32916	
2.68829	8.34137	
2.69653	8.33008	
2.67365	8.32428	
2.68707	8.34198	
2.6889	8.34656	
2.68097	8.34778	
2.68463	8.35052	
2.68799	8.35632	
2.68127	8.35388	
2.67731	8.34534	
2.68768	8.35785	
2.677	8.349	
2.68585	8.34625	
2.68982	8.34167	
2.66876	8.34198	
2.68036	8.33344	
2.67456	8.35297	
2.67273	8.35938	
2.68219	8.34961	
2.67975	8.34534	
2.68188	8.34229	
2.67914	8.32123	
2.68677	8.3374	
2.67456	8.33435	
2.6709	8.33862	
2.67181	8.35205	
2.68158	8.34259	
2.67883	8.3548	
2.6886	8.34625	
2.67487	8.33374	
2.6828	8.33801	
2.69043	8.33221	
2.6889	8.34686	
2.68097	8.33557	
2.67181	8.34137	
2.67853	8.34534	
2.67761	8.3252	
2.69348	8.33405	
2.6889	8.33466	
2.69135	8.34473	
2.68188	8.33282	
2.6825	8.35236	
2.68524	8.33862	
2.68829	8.34351	
2.68097	8.33862	
2.67792	8.33893	
2.67731	8.31543	
2.68188	8.33405	
2.68097	8.34503	
2.68555	8.33008	
2.67639	8.32397	
2.67548	8.30872	
2.67761	8.31909	
2.68585	8.3197	
2.68616	8.33618	
2.68585	8.32886	
2.68768	8.33832	
2.68799	8.33588	
2.68951	8.349	
2.68097	8.34442	
2.67151	8.3432	
2.68005	8.33649	
2.68829	8.34595	
2.69409	8.34167	
2.68768	8.34167	
2.68158	8.35236	
2.67578	8.34595	
2.67853	8.34869	
2.67944	8.35571	
2.68738	8.35419	
2.68188	8.36273	
2.67883	8.35114	
2.67853	8.35205	
2.68463	8.35999	
2.68799	8.36914	
2.68616	8.35632	
2.67456	8.35327	
2.67944	8.34717	
2.68372	8.35602	
2.69012	8.349	
2.68829	8.34564	
2.67731	8.35449	
2.6944	8.35297	
2.68494	8.34991	
2.68158	8.35663	
2.6944	8.35388	
2.68555	8.3432	
2.68341	8.34351	
2.67548	8.34564	
2.68341	8.3432	
2.67578	8.35114	
2.677	8.33588	
2.69135	8.35052	
2.68768	8.35205	
2.67609	8.3316	
2.66846	8.33618	
2.67639	8.33527	
2.68677	8.33527	
2.68219	8.35297	
2.68646	8.34473	
2.68463	8.34198	
2.67303	8.34625	
2.67883	8.34259	
2.68616	8.34229	
2.68555	8.35724	
2.67883	8.33801	
2.67761	8.33374	
2.67792	8.33557	
2.6886	8.35358	
2.68829	8.35175	
2.68677	8.35419	
2.6767	8.35632	
2.68097	8.35815	
2.6886	8.34747	
2.68127	8.35266	
2.68951	8.34198	
2.68036	8.35297	
2.67975	8.35236	
2.68524	8.35388	
2.68555	8.35266	
2.67944	8.34137	
2.677	8.34503	
2.68341	8.34747	
2.68036	8.34808	
2.69012	8.34991	
2.69043	8.35846	
2.67334	8.33008	
2.6709	8.33527	
2.67731	8.35663	
2.68188	8.35236	
2.68463	8.34564	
2.68646	8.33893	
2.67853	8.32489	
2.67548	8.33191	
2.68524	8.3493	
2.68402	8.34229	
2.67456	8.349	
2.67822	8.33832	
2.67609	8.35083	
2.68616	8.34778	
2.69012	8.35419	
2.69135	8.34869	
2.68158	8.34808	
2.66968	8.34839	
2.67242	8.34808	
2.69165	8.3551	
2.6944	8.35724	
2.68433	8.35693	
2.67792	8.33679	
2.67822	8.34717	
2.67609	8.34106	
2.67914	8.32886	
2.68219	8.34442	
2.68158	8.34778	
2.68951	8.33405	
2.68463	8.33313	
2.67151	8.33771	
2.67456	8.33374	
2.68738	8.32642	
2.69348	8.32031	
2.68921	8.31726	
2.67578	8.31421	
2.68219	8.34259	
2.68799	8.33557	
2.68219	8.34076	
2.68341	8.3316	
2.67944	8.33893	
2.68188	8.32855	
2.68524	8.33282	
2.67883	8.33954	
2.67914	8.3429	
2.67609	8.3429	
2.69104	8.34381	
2.6944	8.34229	
2.67578	8.33038	
2.68463	8.34808	
2.68616	8.35754	
2.6767	8.34991	
2.68677	8.36243	
2.68433	8.34595	
2.68494	8.34229	
2.67517	8.35266	
2.69196	8.35327	
2.68219	8.34564	
2.67273	8.35388	
2.68036	8.37006	
2.69196	8.36456	
2.68219	8.35419	
2.67303	8.3374	
2.68524	8.34961	
2.69531	8.35297	
2.68616	8.34381	
2.67792	8.33588	
2.67792	8.33679	
2.68585	8.34869	
2.66846	8.34717	
2.68127	8.34991	
2.68799	8.34412	
2.68677	8.35419	
2.6767	8.35846	
2.68188	8.36121	
2.69073	8.35815	
2.67853	8.35449	
2.68005	8.35358	
2.67975	8.35297	
2.68463	8.35449	
2.68738	8.34198	
2.67273	8.35144	
2.67365	8.35693	
2.68311	8.34564	
2.69012	8.34259	
2.68188	8.34473	
2.69073	8.33649	
2.67853	8.34991	
2.69348	8.35999	
2.68524	8.33191	
2.67395	8.32214	
2.69012	8.3313	
2.6944	8.34198	
2.68707	8.32855	
2.68188	8.32123	
2.69958	8.31482	
2.68616	8.33008	
2.68311	8.31696	
2.69653	8.31848	
2.68738	8.33405	
2.68494	8.32855	
2.69531	8.33435	
2.68768	8.32642	
2.67639	8.33191	
2.6889	8.31482	
2.6886	8.32062	
2.68372	8.32855	
2.68127	8.33984	
2.6886	8.33618	
2.68097	8.34076	
2.68738	8.33862	
2.68677	8.33588	
2.68219	8.34412	
2.68494	8.3255	
2.69043	8.33374	
2.68463	8.32916	
2.67975	8.32794	
2.6825	8.33313	
2.67853	8.33313	
2.68768	8.3371	
2.6767	8.33344	
2.6889	8.33893	
2.67914	8.34503	
2.67853	8.34351	
2.68311	8.34564	
2.68311	8.32672	
2.68158	8.33618	
2.6828	8.36304	
2.68188	8.35724	
2.68738	8.3548	
2.67883	8.3371	
2.68097	8.349	
2.68738	8.36182	
2.67822	8.36151	
2.67548	8.34534	
2.68768	8.35663	
2.67761	8.367	
2.69348	8.36823	
2.68341	8.3609	
2.68524	8.36273	
2.67792	8.35144	
2.68707	8.36182	
2.67883	8.367	
2.67578	8.34625	
2.68188	8.35083	
2.68677	8.36823	
2.68127	8.36212	
2.68005	8.36365	
2.68494	8.36151	
2.68585	8.36243	
2.68036	8.35327	
2.67975	8.34961	
2.68921	8.35541	
2.68158	8.35938	
2.6828	8.3548	
2.68707	8.35297	
2.68982	8.3548	
2.68158	8.34747	
2.68616	8.3551	
2.68677	8.34869	
2.67578	8.36212	
2.69287	8.349	
2.68768	8.35419	
2.67761	8.34656	
2.68341	8.34778	
2.68524	8.34656	
2.68158	8.34778	
2.68494	8.34747	
2.6828	8.33466	
2.67731	8.34595	
2.68219	8.34564	
2.68066	8.34198	
2.67914	8.34503	
2.6889	8.34015	
2.67883	8.33588	
2.68524	8.34839	
2.68005	8.34137	
2.67944	8.34869	
2.68372	8.33191	
2.68402	8.33679	
2.68219	8.33618	
2.68433	8.34015	
2.6886	8.34076	
2.68066	8.34808	
2.67944	8.34259	
2.68799	8.35449	
2.68311	8.35358	
2.6828	8.34045	
2.67975	8.35114	
2.68494	8.35022	
2.68768	8.34625	
2.68219	8.35205	
2.68799	8.34869	
2.68127	8.35144	
2.68646	8.3429	
2.6828	8.35571	
2.68402	8.349	
2.68829	8.3432	
2.67822	8.34442	
2.68127	8.35205	
2.68372	8.35663	
2.67944	8.34991	
2.69135	8.35754	
2.68097	8.35297	
2.68219	8.3551	
2.6825	8.36365	
2.6886	8.34412	
2.68494	8.35419	
2.68127	8.34961	
2.69043	8.3551	
2.68402	8.35114	
2.6825	8.34503	
2.68738	8.35114	
2.68158	8.3432	
2.67944	8.35052	
2.68738	8.35175	
2.68311	8.36334	
2.68707	8.35815	
2.69043	8.35785	
2.68341	8.3432	
2.68799	8.349	
2.68524	8.33923	
2.68402	8.33557	
2.68738	8.34747	
2.67975	8.34503	
2.69104	8.35022	
2.67944	8.34717	
2.67548	8.33069	
2.68646	8.33801	
2.68066	8.36182	
2.69836	8.34808	
2.68433	8.34412	
2.68372	8.34991	
2.69043	8.35602	
2.68829	8.35968	
2.67975	8.35144	
2.69684	8.36273	
2.68616	8.3493	
2.68127	8.36761	
2.68066	8.3548	
2.68127	8.35785	
2.68066	8.35724	
2.68982	8.349	
2.68738	8.35266	
2.69196	8.34503	
2.68677	8.33496	
2.67883	8.33862	
2.68982	8.35815	
2.68982	8.367	
2.67792	8.35541	
2.68097	8.34595	
2.6886	8.35968	
2.68127	8.34473	
2.67914	8.33862	
2.68616	8.33923	
2.69501	8.3432	
2.67761	8.3429	
2.69287	8.35022	
2.6767	8.3551	
2.67883	8.35358	
2.68829	8.34534	
2.68707	8.35846	
2.67944	8.33588	
2.68982	8.35449	
2.67578	8.35022	
2.67426	8.33405	
2.68951	8.34808	
2.68494	8.35541	
2.69379	8.35022	
2.68982	8.36029	
2.67212	8.36243	
2.68433	8.3606	
2.68707	8.36182	
2.68433	8.35785	
2.68646	8.35693	
2.68036	8.3429	
2.69226	8.34747	
2.69257	8.35785	
2.68066	8.35419	
2.69379	8.35236	
2.68433	8.34564	
2.68616	8.35388	
2.68433	8.35144	
2.68829	8.35876	
2.67944	8.35663	
2.68158	8.36212	
2.69531	8.36212	
2.6828	8.37189	
2.68463	8.3667	
2.6886	8.3725	
2.67944	8.37067	
2.67792	8.35175	
2.68188	8.36914	
2.677	8.36639	
2.6886	8.3606	
2.67883	8.35938	
2.68921	8.35846	
2.68097	8.35968	
2.69287	8.36243	
2.67761	8.35632	
2.6886	8.35114	
2.68158	8.35968	
2.67365	8.36151	
2.69592	8.34106	
2.68402	8.33679	
2.677	8.35236	
2.69196	8.34686	
2.67456	8.34808	
2.68829	8.3667	
2.6828	8.35052	
2.69348	8.35175	
2.6886	8.36243	
2.67731	8.35602	
2.69623	8.36029	
2.68219	8.35297	
2.67883	8.34137	
2.68616	8.35632	
2.67578	8.36548	
2.68738	8.35144	
2.68555	8.34656	
2.68768	8.34869	
2.67914	8.3725	
2.68555	8.36365	
2.68768	8.35632	
2.68646	8.35571	
2.67914	8.35114	
2.68433	8.3609	
2.68494	8.35022	
2.68097	8.36304	
2.69226	8.35114	
2.67975	8.34137	
2.68555	8.33282	
2.68646	8.32672	
2.67944	8.33405	
2.68799	8.33038	
2.68585	8.34076	
2.68707	8.33923	
2.6828	8.33374	
2.68341	8.33801	
2.68372	8.34381	
2.6886	8.34229	
2.67883	8.33923	
2.67761	8.33466	
2.6889	8.33801	
2.68463	8.3548	
2.67761	8.34076	
2.68738	8.35205	
2.68188	8.34229	
2.69714	8.35114	
2.6886	8.34717	
2.68188	8.36121	
2.6944	8.36029	
2.67975	8.35724	
2.68982	8.35419	
2.66968	8.36945	
2.68402	8.34625	
2.67578	8.36304	
2.68677	8.35938	
2.6889	8.36487	
2.67792	8.35693	
2.69592	8.35724	
2.68616	8.35083	
2.68646	8.35571	
2.69257	8.3551	
2.67883	8.36151	
2.69318	8.3551	
2.68646	8.3429	
2.67853	8.35114	
2.68951	8.34961	
2.68219	8.3371	
2.67548	8.32245	
2.68829	8.34991	
2.68738	8.34564	
2.67853	8.34595	
2.68951	8.34747	
2.68646	8.34686	
2.67975	8.33191	
2.68738	8.35846	
2.69073	8.35144	
2.67761	8.34076	
2.69318	8.35114	
2.68005	8.35968	
2.68494	8.35052	
2.67731	8.35541	
2.68402	8.34869	
2.68616	8.34808	
2.67853	8.349	
2.68036	8.34747	
2.6825	8.34778	
2.68005	8.34137	
2.6886	8.3551	
2.68036	8.34869	
2.68799	8.36334	
2.68982	8.35266	
2.68005	8.35144	
2.7002	8.34381	
2.6825	8.3551	
2.68372	8.35724	
2.6947	8.35144	
2.69104	8.35266	
2.67975	8.3551	
2.69562	8.35632	
2.67822	8.34473	
2.69196	8.34564	
2.66937	8.35388	
2.69165	8.3548	
2.68463	8.36212	
2.68066	8.34686	
2.69073	8.35571	
2.68372	8.36639	
2.68585	8.33954	
2.67944	8.34656	
2.68646	8.33801	
2.68646	8.33099	
2.68738	8.34137	
2.67883	8.33649	
2.68738	8.33221	
2.68158	8.33923	
2.7005	8.33984	
2.677	8.34686	
2.69348	8.34106	
2.68158	8.34015	
2.69409	8.35114	
2.67792	8.34778	
2.68524	8.35938	
2.68005	8.35999	
2.68433	8.35358	
2.68524	8.34808	
2.6825	8.35846	
2.68829	8.35815	
2.6886	8.35785	
2.67487	8.35846	
2.6944	8.36121	
2.68097	8.35693	
2.68982	8.34778	
2.68646	8.35205	
2.69592	8.35022	
2.6828	8.34991	
2.69592	8.35541	
2.67212	8.34778	
2.68707	8.35205	
2.68982	8.34839	
2.68799	8.35236	
2.69257	8.3432	
2.68188	8.34595	
2.68951	8.36029	
2.67487	8.36731	
2.68829	8.36273	
2.67792	8.34259	
2.69592	8.35876	
2.67883	8.34015	
2.68402	8.34045	
2.69562	8.34808	
2.67975	8.34015	
2.68829	8.35175	
2.67181	8.34229	
2.68677	8.34869	
2.67639	8.34991	
2.68097	8.35602	
2.68951	8.36884	
2.67761	8.3551	
2.68768	8.36334	
2.68951	8.36151	
2.6889	8.35968	
2.68158	8.35297	
2.68768	8.37006	
2.67975	8.35297	
2.68921	8.37158	
2.67914	8.36853	
2.69562	8.36029	
2.68219	8.3551	
2.68738	8.36304	
2.68097	8.34778	
2.67853	8.36151	
2.68921	8.35266	
2.68677	8.35175	
2.68707	8.32855	
2.67822	8.33557	
2.69684	8.33313	
2.69196	8.34686	
2.68097	8.32397	
2.69226	8.3371	
2.68616	8.32764	
2.69043	8.33496	
2.68005	8.33496	
2.68341	8.34412	
2.68219	8.32642	
2.68524	8.33374	
2.68402	8.34839	
2.68494	8.33588	
2.69379	8.33923	
2.68158	8.34808	
2.69379	8.34137	
2.68921	8.3252	
2.68066	8.34167	
2.69867	8.33344	
2.67853	8.34015	
2.68951	8.35144	
2.67273	8.32733	
2.69653	8.32855	
2.68494	8.33649	
2.68372	8.33649	
2.69226	8.33771	
2.67883	8.34839	
2.69379	8.35541	
2.6825	8.33771	
2.69104	8.33801	
2.68402	8.3548	
2.68372	8.35052	
2.67883	8.34686	
2.68951	8.34015	
2.6886	8.34351	
2.68677	8.34595	
2.68341	8.33252	
2.6889	8.33923	
2.67273	8.34167	
2.69318	8.35297	
2.67609	8.33984	
2.6886	8.35327	
2.68005	8.34717	
2.68616	8.34778	
2.68311	8.35297	
2.68341	8.34198	
2.68921	8.34015	
2.68768	8.3429	
2.68982	8.35754	
2.67731	8.33679	
2.69012	8.35236	
2.68311	8.32977	
2.68433	8.31573	
2.68738	8.35327	
2.68311	8.3606	
2.69012	8.34442	
2.67761	8.36609	
2.70081	8.34839	
2.67639	8.34015	
2.68402	8.3551	
2.68341	8.34473	
2.67853	8.34442	
2.69501	8.34229	
2.69531	8.33466	
2.68646	8.34839	
2.68768	8.34808	
2.67761	8.33405	
2.69257	8.34686	
2.67975	8.32947	
2.69562	8.35175	
2.68555	8.34198	
2.68921	8.33466	
2.6825	8.34015	
2.69043	8.33557	
2.6825	8.34259	
2.69104	8.33649	
2.68494	8.33282	
2.67914	8.33282	
2.68951	8.34229	
2.6828	8.33282	
2.69562	8.33435	
2.67792	8.32794	
2.68951	8.33649	
2.68158	8.33649	
2.67944	8.33954	
2.69012	8.34015	
2.67059	8.34137	
2.69196	8.33771	
2.6825	8.33008	
2.69318	8.33771	
2.68524	8.32855	
2.67883	8.33923	
2.70264	8.33679	
2.69043	8.35022	
2.67487	8.32123	
2.68677	8.3316	
2.68829	8.34137	
2.68341	8.3371	
2.68616	8.35541	
2.70111	8.33862	
2.68188	8.3609	
2.6947	8.34473	
2.68463	8.35632	
2.67975	8.35815	
2.68707	8.3548	
2.68433	8.35724	
2.6828	8.34808	
2.6944	8.36884	
2.68127	8.34869	
2.69226	8.35114	
2.677	8.3606	
2.69012	8.35022	
2.69135	8.35693	
2.68066	8.35388	
2.68829	8.34747	
2.68646	8.3493	
2.68494	8.36212	
2.69196	8.3374	
2.68372	8.33771	
2.69257	8.35297	
2.6825	8.34503	
2.68463	8.34045	
2.68951	8.33893	
2.68616	8.349	
2.69104	8.3609	
2.68219	8.36792	
2.69745	8.36121	
2.68005	8.36761	
2.69379	8.36914	
2.67242	8.37067	
2.69379	8.37708	
2.6828	8.37097	
2.68555	8.3786	
2.68829	8.36121	
2.67731	8.3609	
2.69592	8.34869	
2.68097	8.3551	
2.69897	8.35358	
2.68097	8.34717	
2.68677	8.35266	
2.68097	8.35785	
2.68646	8.36121	
2.68158	8.36945	
2.68677	8.36243	
2.69348	8.36487	
2.68158	8.36182	
2.68616	8.35999	
2.6886	8.35297	
2.69989	8.35083	
2.68158	8.35663	
2.68646	8.34137	
2.67609	8.34015	
2.69318	8.36609	
2.67639	8.35114	
2.69012	8.3429	
2.68494	8.35175	
2.69043	8.35266	
2.68585	8.33466	
2.68127	8.33954	
2.70264	8.3374	
2.68127	8.33008	
2.69073	8.32336	
2.66968	8.33252	
2.68097	8.33771	
2.69196	8.34351	
2.68311	8.32916	
2.68066	8.33801	
2.69775	8.3493	
2.69318	8.34961	
2.69073	8.34076	
2.68402	8.34534	
2.68433	8.3374	
2.68402	8.33405	
2.68402	8.33435	
2.68829	8.32886	
2.69501	8.3429	
2.68188	8.33191	
2.6828	8.33801	
2.68524	8.3374	
2.69623	8.34229	
2.67365	8.33313	
2.68829	8.33405	
2.68494	8.33801	
2.68951	8.33862	
2.68158	8.3374	
2.69836	8.3374	
2.69226	8.33069	
2.68433	8.33984	
2.67914	8.33618	
2.68616	8.33252	
2.69806	8.32825	
2.67944	8.33832	
2.68433	8.33405	
2.68341	8.3252	
2.6825	8.32733	
2.68616	8.32092	
2.68494	8.33374	
2.68188	8.32458	
2.69623	8.3316	
2.67975	8.3432	
2.68372	8.33344	
2.69379	8.33191	
2.68372	8.32947	
2.68646	8.34686	
2.69196	8.34015	
2.68341	8.33954	
2.69348	8.34259	
2.6944	8.33923	
2.68066	8.33435	
2.68677	8.34503	
2.6886	8.33832	
2.68707	8.34381	
2.68066	8.34839	
2.67883	8.35052	
2.67395	8.34259	
2.68341	8.33374	
2.68982	8.34686	
2.68738	8.34259	
2.68799	8.34473	
2.69989	8.34076	
2.68372	8.34869	
2.68066	8.33984	
2.70569	8.35144	
2.68829	8.35236	
2.69592	8.35419	
2.68005	8.35632	
2.68097	8.34351	
2.68829	8.35205	
2.68585	8.35632	
2.68311	8.34442	
2.69165	8.34351	
2.69135	8.33832	
2.67731	8.33099	
2.69012	8.33008	
2.68005	8.32947	
2.69196	8.33771	
2.68738	8.34259	
2.68127	8.33984	
2.68829	8.34229	
2.67975	8.33649	
2.69928	8.34229	
2.68829	8.33405	
2.68707	8.35724	
2.68219	8.33344	
2.68982	8.35205	
2.68066	8.34381	
2.6944	8.35022	
2.6886	8.35205	
2.6767	8.33221	
2.68829	8.33862	
2.68677	8.34015	
2.69043	8.3313	
2.67975	8.33557	
2.69135	8.35571	
2.6825	8.34808	
2.68677	8.3432	
2.68402	8.35114	
2.69196	8.32855	
2.68524	8.32123	
2.67426	8.32825	
2.69409	8.33374	
2.68433	8.33832	
2.68402	8.32672	
2.68829	8.3252	
2.68494	8.32672	
2.68402	8.32642	
2.69257	8.32977	
2.68921	8.33008	
2.69501	8.33496	
2.68066	8.32428	
2.68372	8.33405	
2.69196	8.34076	
2.68005	8.33282	
2.69043	8.32245	
2.69073	8.32458	
2.67944	8.33557	
2.68921	8.33771	
2.6825	8.31848	
2.68402	8.31848	
2.68982	8.3316	
2.68158	8.33069	
2.68768	8.34015	
2.68433	8.33801	
2.68158	8.33191	
2.69409	8.32153	
2.68005	8.34076	
2.68982	8.33679	
2.68066	8.32245	
2.6889	8.32794	
2.68951	8.32642	
2.67822	8.34595	
2.69806	8.33313	
2.68555	8.3374	
2.67944	8.33344	
2.68341	8.34778	
2.69379	8.36365	
2.69135	8.34473	
2.6828	8.35419	
2.69165	8.32703	
2.677	8.33679	
2.69226	8.33313	
2.68707	8.33557	
2.68372	8.34534	
2.68372	8.34045	
2.68127	8.34198	
2.69287	8.35602	
2.69196	8.35938	
2.68799	8.36151	
2.68646	8.35785	
2.68768	8.36243	
2.67273	8.35785	
2.6947	8.35938	
2.68402	8.38165	
2.68311	8.36884	
2.67914	8.36823	
2.67853	8.37616	
2.6944	8.36823	
2.68066	8.36639	
2.68311	8.37189	
2.68799	8.36456	
2.70111	8.35663	
2.68219	8.36121	
2.69104	8.36273	
2.67365	8.37585	
2.69135	8.35938	
2.69073	8.35358	
2.68005	8.35205	
2.68677	8.36578	
2.69745	8.35724	
2.68311	8.37341	
2.68036	8.36151	
2.69135	8.37036	
2.68219	8.36853	
2.67914	8.36121	
2.68402	8.36609	
2.68402	8.35449	
2.68463	8.36182	
2.69135	8.36487	
2.68616	8.36487	
2.67944	8.34778	
2.68066	8.35968	
2.6886	8.36121	
2.68188	8.34686	
2.68097	8.35999	
2.69318	8.3609	
2.69043	8.37341	
2.67822	8.36975	
2.68341	8.36365	
2.67914	8.36304	
2.69226	8.3667	
2.68768	8.35968	
2.67761	8.36273	
2.69531	8.35022	
2.68738	8.35297	
2.68311	8.35266	
2.69165	8.36243	
2.67975	8.34869	
2.69135	8.3548	
2.69318	8.35022	
2.67212	8.3493	
2.68097	8.33588	
2.69257	8.34442	
2.68005	8.33649	
2.69073	8.34656	
2.69623	8.34167	
2.68829	8.34229	
2.68463	8.32916	
2.6886	8.3429	
2.68738	8.32367	
2.67883	8.33069	
2.6886	8.3255	
2.68951	8.32336	
2.6828	8.32062	
2.68738	8.31421	
2.70264	8.31757	
2.68188	8.32336	
2.68127	8.31451	
2.69073	8.31329	
2.6825	8.31238	
2.68677	8.31238	
2.69501	8.30811	
2.68494	8.31543	
2.67395	8.32306	
2.68829	8.32367	
2.69135	8.32367	
2.69104	8.32275	
2.68188	8.32764	
2.68494	8.30841	
2.68829	8.31268	
2.68127	8.3255	
2.68402	8.33313	
2.68402	8.32581	
2.70233	8.33191	
2.68829	8.32458	
2.68463	8.32886	
2.68555	8.32642	
2.6886	8.32428	
2.69073	8.33069	
2.69165	8.33893	
2.68311	8.3429	
2.6886	8.34473	
2.68402	8.35205	
2.69073	8.33557	
2.68921	8.32611	
2.6886	8.32642	
2.67792	8.32642	
2.69196	8.34137	
2.69501	8.33984	
2.68402	8.34808	
2.68372	8.35815	
2.6944	8.3432	
2.68768	8.34076	
2.6825	8.35175	
2.68829	8.34015	
2.69104	8.33984	
2.7063	8.35358	
2.67944	8.3548	
2.6825	8.35327	
2.69073	8.36029	
2.68829	8.35083	
2.69897	8.34869	
2.67639	8.3609	
2.67883	8.35205	
2.69257	8.3551	
2.68524	8.3548	
2.68646	8.33984	
2.68494	8.33069	
2.68616	8.32794	
2.6886	8.33618	
2.67822	8.33679	
2.68433	8.32001	
2.68768	8.33771	
2.69318	8.32001	
2.68097	8.33008	
2.69348	8.3313	
2.68585	8.32214	
2.69073	8.33588	
2.69012	8.32581	
2.67975	8.33221	
2.68738	8.33405	
2.6889	8.32123	
2.69104	8.32184	
2.68799	8.32184	
2.6828	8.3313	
2.68707	8.33221	
2.6825	8.33435	
2.7005	8.33344	
2.67944	8.33984	
2.68219	8.349	
2.68646	8.33832	
2.69012	8.3194	
2.69531	8.33588	
2.68616	8.33313	
2.69531	8.3432	
2.6828	8.35724	
2.68738	8.33588	
2.69409	8.34412	
2.69196	8.33923	
2.6947	8.34137	
2.68311	8.34351	
2.67975	8.33466	
2.68524	8.34259	
2.68677	8.33862	
2.69684	8.33344	
2.67792	8.32458	
2.68219	8.34564	
2.68372	8.34229	
2.68463	8.34381	
2.69653	8.33405	
2.69226	8.34869	
2.69135	8.33649	
2.68616	8.33954	
2.69165	8.3551	
2.68005	8.33252	
2.69409	8.34564	
2.68005	8.33313	
2.68768	8.34442	
2.69073	8.3432	
2.69043	8.33893	
2.6886	8.34473	
2.68616	8.32581	
2.67853	8.33374	
2.68524	8.33679	
2.70172	8.34076	
2.6886	8.33313	
2.68677	8.33466	
2.68494	8.3432	
2.68524	8.3316	
2.69287	8.3197	
2.68341	8.33801	
2.69928	8.33557	
2.68494	8.33038	
2.67944	8.32977	
2.68188	8.33008	
2.68555	8.33588	
2.69928	8.32214	
2.6944	8.32214	
2.67975	8.35236	
2.68158	8.33466	
2.68036	8.34137	
2.70081	8.3255	
2.68524	8.32947	
2.68494	8.33099	
2.68555	8.32764	
2.68219	8.31482	
2.6767	8.32581	
2.6889	8.32031	
2.67853	8.34167	
2.68829	8.3432	
2.68707	8.34076	
2.69318	8.35175	
2.69348	8.35938	
2.69165	8.34991	
2.68219	8.34808	
2.68433	8.33801	
2.68829	8.34351	
2.68707	8.33862	
2.69623	8.34473	
2.68707	8.34381	
2.68799	8.33618	
2.67944	8.32886	
2.6825	8.33313	
2.68066	8.35175	
2.69562	8.34869	
2.6944	8.35083	
2.68951	8.34045	
2.7002	8.3551	
2.6944	8.349	
2.6886	8.34167	
2.68158	8.34503	
2.68311	8.34045	
2.68433	8.32764	
2.67944	8.31696	
2.68097	8.33069	
2.69379	8.34167	
2.69196	8.34717	
2.69287	8.34747	
2.68707	8.33954	
2.69043	8.35327	
2.67944	8.34076	
2.68524	8.35449	
2.68097	8.34839	
2.68616	8.33771	
2.67914	8.33923	
2.68463	8.34625	
2.68097	8.36304	
2.67792	8.3551	
2.69379	8.34778	
2.68463	8.33008	
2.69348	8.33679	
2.68921	8.33313	
2.68799	8.32581	
2.68768	8.3252	
2.67761	8.33405	
2.69165	8.34473	
2.68372	8.33069	
2.677	8.34259	
2.68188	8.32642	
2.68219	8.34259	
2.68921	8.33618	
2.69928	8.33374	
2.69714	8.33099	
2.68921	8.33038	
2.68707	8.33618	
2.68982	8.34015	
2.67609	8.33618	
2.67975	8.32245	
2.68494	8.34808	
2.68188	8.33557	
2.6828	8.32367	
2.6828	8.33405	
2.68311	8.33008	
2.68372	8.33893	
2.6947	8.32916	
2.68768	8.34076	
2.68768	8.31299	
2.6828	8.33038	
2.68616	8.33008	
2.69165	8.33557	
2.70172	8.32214	
2.69348	8.31818	
2.6886	8.31635	
2.6944	8.32153	
2.69043	8.32214	
2.68677	8.32245	
2.68219	8.31787	
2.67975	8.3075	
2.68738	8.31909	
2.67487	8.32428	
2.69135	8.32397	
2.69135	8.3252	
2.69287	8.33557	
2.69073	8.32764	
2.6825	8.32214	
2.6947	8.32825	
2.68829	8.31207	
2.69379	8.32367	
2.69592	8.3255	
2.68829	8.31451	
2.69012	8.32916	
2.68219	8.32397	
2.67914	8.3255	
2.68494	8.34045	
2.68738	8.33191	
2.68433	8.34198	
2.67853	8.34564	
2.68585	8.33527	
2.69409	8.34534	
2.68829	8.32886	
2.67975	8.31512	
2.6828	8.33282	
2.6828	8.34045	
2.68768	8.3371	
2.68463	8.34625	
2.68738	8.33099	
2.6825	8.32397	
2.69348	8.33771	
2.68768	8.33008	
2.69226	8.33588	
2.6947	8.34015	
2.69043	8.33557	
2.68921	8.33313	
2.6828	8.34167	
2.68066	8.3313	
2.68707	8.34045	
2.68433	8.33923	
2.68707	8.33191	
2.68677	8.34229	
2.68372	8.3255	
2.69653	8.32977	
2.69196	8.34747	
2.68188	8.32642	
2.69196	8.32275	
2.69196	8.30811	
2.69073	8.3139	
2.6828	8.33252	
2.6886	8.32062	
2.68646	8.32672	
2.68555	8.34991	
2.69196	8.33679	
2.69287	8.34473	
2.6886	8.33344	
2.69165	8.32733	
2.70264	8.33099	
2.69104	8.32825	
2.68707	8.32367	
2.69379	8.33405	
2.68616	8.32336	
2.69257	8.33313	
2.69318	8.34076	
2.69928	8.33221	
2.69073	8.33405	
2.68433	8.32397	
2.68616	8.33008	
2.68433	8.32428	
2.69409	8.33008	
2.69775	8.32092	
2.69135	8.32001	
2.68951	8.3194	
2.68555	8.32947	
2.69409	8.32184	
2.69073	8.33801	
2.68341	8.32397	
2.68311	8.33527	
2.68768	8.33954	
2.68829	8.32855	
2.68768	8.31512	
2.67975	8.31604	
2.69836	8.3374	
2.69196	8.31238	
2.69104	8.32275	
2.69257	8.3429	
2.677	8.33984	
2.68585	8.33557	
2.68158	8.33588	
2.68311	8.33832	
2.68005	8.33496	
2.68951	8.33435	
2.69318	8.33099	
2.69043	8.32397	
2.69287	8.33557	
2.69409	8.32397	
2.69379	8.3194	
2.69135	8.30963	
2.69287	8.3255	
2.69104	8.31787	
2.69196	8.31512	
2.69287	8.32733	
2.70081	8.31421	
2.68982	8.32001	
2.69409	8.32428	
2.69257	8.32642	
2.69257	8.32886	
2.68707	8.31909	
2.69043	8.32733	
2.69196	8.32397	
2.68372	8.32001	
2.68921	8.32794	
2.69257	8.32458	
2.67914	8.33527	
2.6889	8.33679	
2.69043	8.33282	
2.69257	8.3255	
2.69409	8.3255	
2.69226	8.33191	
2.67883	8.34167	
2.67853	8.32458	
2.68921	8.32275	
2.68738	8.33801	
2.68585	8.32367	
2.68341	8.33313	
2.68372	8.3255	
2.70508	8.32672	
2.69409	8.34106	
2.6889	8.3374	
2.68616	8.33832	
2.68677	8.32977	
2.67639	8.32886	
2.68616	8.32367	
2.68433	8.33038	
2.6944	8.32306	
2.69379	8.30963	
2.68707	8.31512	
2.68341	8.31207	
2.68829	8.3194	
2.68555	8.32428	
2.68402	8.32672	
2.68219	8.32733	
2.68707	8.31482	
2.69104	8.30536	
2.69653	8.30475	
2.68951	8.31818	
2.68311	8.31818	
2.68677	8.32764	
2.68616	8.33557	
2.6944	8.31635	
2.68677	8.33099	
2.68555	8.32123	
2.68494	8.32886	
2.677	8.32336	
2.6828	8.33099	
2.68066	8.31818	
2.68005	8.32153	
2.69318	8.3139	
2.69714	8.3139	
2.68188	8.3194	
2.68738	8.33221	
2.69348	8.32245	
2.69562	8.32947	
2.68341	8.32458	
2.68585	8.34137	
2.6825	8.34625	
2.6825	8.33191	
2.68219	8.33191	
2.68585	8.32214	
2.68402	8.3252	
2.68005	8.32703	
2.6828	8.32428	
2.68707	8.33923	
2.68372	8.33557	
2.68402	8.32581	
2.6944	8.3432	
2.6947	8.34351	
2.68951	8.33801	
2.68341	8.35175	
2.69409	8.33405	
2.69348	8.33923	
2.6944	8.34503	
2.69318	8.33649	
2.69043	8.33405	
2.69257	8.33557	
2.68524	8.32367	
2.70294	8.34198	
2.69196	8.33405	
2.69257	8.34076	
2.68829	8.32825	
2.69012	8.33466	
2.68707	8.33008	
2.68158	8.33405	
2.68829	8.32794	
2.68158	8.31329	
2.68494	8.31573	
2.69318	8.31635	
2.6944	8.32397	
2.69379	8.32275	
2.68982	8.32825	
2.7002	8.32733	
2.69714	8.31116	
2.69348	8.32489	
2.69257	8.34015	
2.6947	8.31665	
2.69409	8.3374	
2.68555	8.33588	
2.68341	8.32275	
2.69348	8.32672	
2.68738	8.32886	
2.68982	8.32367	
2.6828	8.32245	
2.68646	8.32336	
2.68097	8.3371	
2.67944	8.33405	
2.69318	8.32672	
2.66876	8.32916	
2.68738	8.33588	
2.68188	8.34076	
2.68982	8.35144	
2.69073	8.33588	
2.68555	8.33618	
2.6947	8.33008	
2.70203	8.33954	
2.6944	8.32703	
2.69684	8.32214	
2.69257	8.32214	
2.69318	8.33405	
2.67273	8.31451	
2.68677	8.3252	
2.6828	8.32336	
2.69592	8.32794	
2.68311	8.31177	
2.68799	8.32275	
2.68402	8.32428	
2.67853	8.3371	
2.68372	8.31696	
2.67914	8.32947	
2.68188	8.32642	
2.68433	8.33221	
2.68951	8.32733	
2.68921	8.32703	
2.69073	8.33221	
2.68768	8.32367	
2.69623	8.33344	
2.68158	8.33679	
2.67975	8.32825	
2.68341	8.33313	
2.68585	8.32062	
2.68066	8.32336	
2.67914	8.32733	
2.67975	8.32153	
2.6828	8.32336	
2.68372	8.32458	
2.68372	8.3252	
2.68982	8.32458	
2.69409	8.31665	
2.68677	8.31451	
2.69897	8.3075	
2.69165	8.32611	
2.6825	8.31604	
2.68372	8.31757	
2.68555	8.31818	
2.68677	8.31451	
2.6828	8.31604	
2.67365	8.31451	
2.68341	8.31543	
2.68097	8.33191	
2.69135	8.33344	
2.69196	8.3197	
2.69348	8.31879	
2.69653	8.33466	
2.69165	8.33313	
2.68738	8.32733	
2.69836	8.33008	
2.69501	8.32977	
2.67883	8.3429	
2.68555	8.33618	
2.69104	8.34381	
2.68372	8.34015	
2.6886	8.35449	
2.6947	8.34717	
2.69318	8.32489	
2.68768	8.34351	
2.68585	8.33527	
2.68219	8.3255	
2.68372	8.32642	
2.6886	8.32977	
2.68524	8.32672	
2.68127	8.33282	
2.69165	8.32764	
2.6825	8.32886	
2.68127	8.33862	
2.69226	8.34442	
2.69379	8.32825	
2.6944	8.34869	
2.6947	8.33466	
2.69958	8.33038	
2.69623	8.32306	
2.69379	8.33679	
2.69226	8.33374	
2.68463	8.33618	
2.68677	8.34564	
2.68372	8.33954	
2.67578	8.34137	
2.68463	8.34717	
2.69073	8.33313	
2.68555	8.32153	
2.69226	8.33344	
2.69379	8.34534	
2.69318	8.33405	
2.6886	8.34412	
2.69073	8.34747	
2.68921	8.34595	
2.68524	8.34076	
2.6825	8.32153	
2.68066	8.33344	
2.68219	8.33221	
2.68433	8.34442	
2.68951	8.3371	
2.69653	8.34167	
2.68433	8.33923	
2.68677	8.32947	
2.69073	8.31635	
2.68341	8.33527	
2.68036	8.33862	
2.67944	8.34686	
2.6947	8.34167	
2.69653	8.31482	
2.69043	8.32611	
2.69257	8.32184	
2.68463	8.31421	
2.68372	8.31573	
2.68341	8.33496	
2.69257	8.32001	
2.69196	8.32245	
2.69043	8.31635	
2.68524	8.31665	
2.68829	8.32336	
2.68646	8.3255	
2.68066	8.32733	
2.68402	8.32092	
2.70386	8.32581	
2.6886	8.32428	
2.68799	8.31268	
2.6828	8.30505	
2.68036	8.30963	
2.6944	8.31451	
2.69592	8.3136	
2.68555	8.32214	
2.68707	8.33221	
2.69012	8.33466	
2.69012	8.3197	
2.69135	8.32428	
2.68768	8.32611	
2.68066	8.32825	
2.68646	8.32245	
2.69073	8.32916	
2.69165	8.33496	
2.68921	8.3374	
2.68829	8.33923	
2.68341	8.33771	
2.68158	8.33282	
2.6947	8.32123	
2.70294	8.32794	
2.69287	8.33313	
2.69073	8.34351	
2.68768	8.32275	
2.69318	8.34229	
2.69073	8.3432	
2.68372	8.34381	
2.68524	8.33405	
2.68829	8.34229	
2.68707	8.35175	
2.68494	8.34015	
2.68341	8.33191	
2.69196	8.32916	
2.69043	8.34473	
2.69409	8.33252	
2.68311	8.33801	
2.68433	8.3313	
2.68646	8.33801	
2.68921	8.31665	
2.68921	8.32062	
2.67548	8.33069	
2.6825	8.33038	
2.69623	8.32123	
2.70142	8.31818	
2.68738	8.33221	
2.69104	8.30963	
2.68433	8.32458	
2.68707	8.31604	
2.68494	8.32245	
2.68097	8.32764	
2.69257	8.32886	
2.69806	8.32977	
2.7002	8.31726	
2.68982	8.32092	
2.69104	8.30536	
2.6944	8.31177	
2.69073	8.32611	
2.68707	8.31848	
2.68127	8.31757	
2.68463	8.32123	
2.69012	8.32245	
2.69684	8.31238	
2.69501	8.33923	
2.68494	8.33984	
2.68707	8.32245	
2.69562	8.31818	
2.68829	8.32092	
2.68799	8.32214	
2.69379	8.32703	
2.69745	8.31696	
2.68738	8.32123	
2.677	8.33649	
2.68341	8.32184	
2.70386	8.31879	
2.69714	8.31268	
2.68646	8.3197	
2.68524	8.32703	
2.69043	8.33405	
2.69104	8.34198	
2.69012	8.3371	
2.68738	8.31482	
2.6886	8.34808	
2.68311	8.32367	
2.69836	8.33344	
2.68951	8.34259	
2.6828	8.3371	
2.69684	8.33984	
2.69196	8.33038	
2.69043	8.32886	
2.68555	8.33191	
2.68982	8.32733	
2.69165	8.31451	
2.6889	8.3136	
2.67639	8.32947	
2.68616	8.33557	
2.69867	8.33405	
2.68127	8.32642	
2.69196	8.32184	
2.69806	8.33496	
2.69257	8.33252	
2.68616	8.3429	
2.69165	8.33282	
2.69653	8.32611	
2.6886	8.32397	
2.6889	8.3316	
2.68646	8.32733	
2.69012	8.3255	
2.69073	8.33679	
2.70111	8.33588	
2.68127	8.3255	
2.70447	8.3429	
2.68707	8.31787	
2.67975	8.30963	
2.69501	8.3078	
2.68799	8.30627	
2.68219	8.30658	
2.68219	8.32031	
2.69196	8.30963	
2.69806	8.30261	
2.69135	8.30811	
2.68402	8.31421	
2.6828	8.30719	
2.69043	8.30444	
2.69043	8.32275	
2.68005	8.30475	
2.69135	8.31207	
2.69226	8.3017	
2.68799	8.30231	
2.69287	8.3078	
2.68158	8.31757	
2.69135	8.31573	
2.6889	8.32458	
2.6947	8.33008	
2.68738	8.3371	
2.67578	8.34106	
2.69653	8.32672	
2.68585	8.32062	
2.68402	8.34503	
2.70508	8.32733	
2.69073	8.32764	
2.69409	8.32764	
2.68036	8.32031	
2.68982	8.33313	
2.69531	8.32275	
2.69867	8.32153	
2.68707	8.30688	
2.68402	8.32336	
2.69562	8.31604	
2.6947	8.32458	
2.68982	8.31726	
2.68158	8.32825	
2.67944	8.31879	
2.7005	8.31726	
2.69653	8.31543	
2.6828	8.32001	
2.70386	8.32062	
2.69562	8.32367	
2.68524	8.31787	
2.68066	8.32214	
2.69623	8.32489	
2.69653	8.3197	
2.68829	8.31726	
2.68494	8.30933	
2.69409	8.33893	
2.6944	8.32947	
2.68433	8.32703	
2.68494	8.32214	
2.69562	8.33405	
2.69714	8.32153	
2.68616	8.32703	
2.68341	8.3255	
2.69409	8.34167	
2.69165	8.33191	
2.68707	8.3429	
2.68616	8.33801	
2.69196	8.3255	
2.69745	8.32092	
2.68585	8.32184	
2.68707	8.33191	
2.67853	8.32611	
2.69318	8.3371	
2.68707	8.3313	
2.69073	8.32581	
2.70355	8.32855	
2.69806	8.32672	
2.70111	8.34503	
2.69653	8.33496	
2.69104	8.34717	
2.6889	8.33649	
2.69226	8.34961	
2.6828	8.35632	
2.69409	8.33405	
2.69287	8.32855	
2.68707	8.32977	
2.68097	8.32489	
2.69592	8.33282	
2.68982	8.33557	
2.69073	8.32611	
2.69623	8.33527	
2.69409	8.3432	
2.67914	8.32581	
2.68707	8.32825	
2.70172	8.31512	
2.68341	8.32672	
2.68463	8.34351	
2.69257	8.34869	
2.70447	8.33435	
2.69623	8.32977	
2.68951	8.32764	
2.68219	8.33832	
2.68463	8.33008	
2.68799	8.33649	
2.69745	8.34381	
2.69073	8.33954	
2.69501	8.34229	
2.69104	8.36121	
2.68738	8.33923	
2.677	8.33435	
2.69257	8.32977	
2.69775	8.34381	
2.69775	8.34198	
2.69653	8.32733	
2.69775	8.32153	
2.6825	8.34686	
2.68463	8.32672	
2.69562	8.3313	
2.69379	8.31604	
2.68951	8.31299	
2.69379	8.33038	
2.68951	8.32214	
2.68524	8.33008	
2.69226	8.33435	
2.69073	8.31787	
2.68585	8.32947	
2.68402	8.31329	
2.69073	8.30231	
2.70233	8.31787	
2.68707	8.3194	
2.69806	8.32733	
2.69653	8.33374	
2.69287	8.34015	
2.69409	8.32611	
2.6828	8.33679	
2.68982	8.32642	
2.6886	8.32733	
2.68433	8.33679	
2.69531	8.33466	
2.68768	8.33588	
2.69348	8.34381	
2.69745	8.33038	
2.68097	8.33038	
2.68097	8.33893	
2.68921	8.33282	
2.67883	8.34625	
2.68799	8.349	
2.69897	8.33771	
2.69287	8.33405	
2.6944	8.34991	
2.69043	8.34839	
2.68494	8.33771	
2.69714	8.33038	
2.7005	8.33984	
2.6889	8.32886	
2.69257	8.34595	
2.70142	8.34167	
2.68921	8.35022	
2.69348	8.35266	
2.69287	8.33679	
2.68646	8.3371	
2.6944	8.33282	
2.68219	8.33649	
2.69592	8.3255	
2.69714	8.33191	
2.69592	8.33282	
2.68677	8.33038	
2.68494	8.32855	
2.68768	8.32062	
2.69165	8.32916	
2.69073	8.32245	
2.67853	8.33374	
2.69043	8.31696	
2.7066	8.32611	
2.69073	8.32153	
2.68677	8.33038	
2.6944	8.33282	
2.68829	8.32458	
2.69531	8.3197	
2.6828	8.33496	
2.6828	8.33588	
2.69684	8.33527	
2.69196	8.32123	
2.68799	8.33435	
2.67914	8.34106	
2.68707	8.31787	
2.69836	8.33069	
2.68951	8.32306	
2.68341	8.3194	
2.69562	8.31696	
2.69562	8.31146	
2.68555	8.31116	
2.69043	8.32306	
2.69745	8.32245	
2.6944	8.32245	
2.68829	8.32062	
2.69318	8.31604	
2.69653	8.31543	
2.68951	8.32123	
2.71088	8.31818	
2.6889	8.31299	
2.68982	8.32092	
2.69684	8.34473	
2.69196	8.32764	
2.6886	8.34015	
2.69409	8.34198	
2.69592	8.33405	
2.68524	8.34015	
2.69501	8.32001	
2.68799	8.33557	
2.68585	8.33893	
2.68402	8.33313	
2.68616	8.33496	
2.69592	8.31909	
2.68829	8.3252	
2.68219	8.32611	
2.69623	8.32855	
2.69653	8.32031	
2.69379	8.33435	
2.69775	8.34503	
2.68219	8.34259	
2.69623	8.34442	
2.69257	8.34045	
2.6828	8.33893	
2.6947	8.33862	
2.68768	8.33771	
2.69775	8.34412	
2.69226	8.33038	
2.68341	8.34534	
2.68585	8.35571	
2.69714	8.33862	
2.68433	8.35297	
2.69318	8.34198	
2.68951	8.33374	
2.68829	8.33557	
2.69196	8.34778	
2.69318	8.34412	
2.69745	8.33527	
2.68616	8.34167	
2.69928	8.32855	
2.68524	8.32764	
2.68158	8.31696	
2.69379	8.31421	
2.69592	8.32031	
2.68524	8.3313	
2.69623	8.32947	
2.69653	8.33374	
2.68463	8.32825	
2.69531	8.32123	
2.69287	8.3371	
2.68616	8.32123	
2.68433	8.34595	
2.69348	8.35266	
2.69745	8.35175	
2.68616	8.34747	
2.69897	8.34564	
2.69348	8.34991	
2.68677	8.33252	
2.69043	8.34351	
2.69531	8.3255	
2.69928	8.33405	
2.68646	8.3316	
2.70386	8.33954	
2.69714	8.35114	
2.68494	8.34717	
2.69562	8.34839	
2.68829	8.33984	
2.68524	8.32214	
2.69836	8.32428	
2.69592	8.33618	
2.69287	8.34045	
2.68616	8.34625	
2.68585	8.33344	
2.69928	8.34686	
2.68524	8.3551	
2.68951	8.33405	
2.6886	8.33832	
2.67639	8.35144	
2.69684	8.34534	
2.7002	8.33832	
2.68829	8.35144	
2.68738	8.35693	
2.68463	8.34442	
2.69745	8.35175	
2.6828	8.34015	
2.6944	8.34686	
2.69104	8.33649	
2.68433	8.34106	
2.6828	8.33771	
2.69623	8.33801	
2.69043	8.32642	
2.68799	8.33466	
2.6886	8.34167	
2.6886	8.31421	
2.677	8.35388	
2.69409	8.33221	
2.70233	8.34229	
2.68341	8.34564	
2.68372	8.33862	
2.6947	8.33496	
2.68646	8.34167	
2.69379	8.34412	
2.69257	8.32977	
2.68036	8.3371	
2.69684	8.34717	
2.68188	8.34808	
2.68768	8.33557	
2.69318	8.32947	
2.68677	8.33252	
2.68433	8.34625	
2.69348	8.33435	
2.69379	8.34808	
2.6825	8.35754	
2.67975	8.35449	
2.69409	8.33527	
2.68616	8.34381	
2.6886	8.33923	
2.68585	8.32397	
2.69043	8.3432	
2.69379	8.32886	
2.6944	8.31207	
2.68646	8.32001	
2.68768	8.349	
2.6944	8.30963	
2.69073	8.31421	
2.68463	8.31177	
2.69562	8.30902	
2.68433	8.32092	
2.69165	8.31451	
2.68616	8.31757	
2.68188	8.3078	
2.69196	8.31482	
2.69043	8.31573	
2.68585	8.32855	
2.70203	8.32642	
2.69226	8.31116	
2.69348	8.29987	
2.69562	8.3197	
2.68646	8.30902	
2.68738	8.3075	
2.68463	8.30994	
2.68494	8.32184	
2.69653	8.32214	
2.68463	8.32397	
2.69287	8.32031	
2.69226	8.32703	
2.68494	8.31024	
2.69806	8.31085	
2.68616	8.31635	
2.68646	8.32184	
2.69745	8.31238	
2.68799	8.31879	
2.69501	8.31635	
2.68982	8.31299	
2.68829	8.31818	
2.69867	8.32611	
2.68646	8.32825	
2.69745	8.33069	
2.69073	8.32306	
2.69318	8.32489	
2.69531	8.32214	
2.68799	8.31055	
2.68829	8.32001	
2.69043	8.31207	
2.69104	8.31451	
2.68768	8.31909	
2.68951	8.32062	
2.70477	8.30933	
2.68829	8.30139	
2.69745	8.31146	
2.70294	8.31085	
2.68616	8.30688	
2.68097	8.30719	
2.69989	8.32184	
2.69104	8.31421	
2.68555	8.32733	
2.69531	8.32184	
2.68219	8.31482	
2.69775	8.3197	
2.6886	8.31512	
2.69135	8.30963	
2.69318	8.31818	
2.68219	8.3316	
2.69318	8.3197	
2.69623	8.32245	
2.68585	8.3252	
2.69745	8.32611	
2.68646	8.32001	
2.69897	8.32886	
2.69531	8.3252	
2.67914	8.31848	
2.68646	8.32367	
2.6944	8.31604	
2.69012	8.31909	
2.68646	8.3078	
2.68738	8.29712	
2.68707	8.30322	
2.69653	8.2959	
2.68799	8.30261	
2.68921	8.31299	
2.69501	8.29376	
2.68707	8.30719	
2.68951	8.32001	
2.68799	8.31818	
2.69257	8.31573	
2.68951	8.30597	
2.69379	8.30963	
2.6889	8.30902	
2.69531	8.31909	
2.68951	8.3194	
2.69165	8.32123	
2.68921	8.30322	
2.69348	8.30994	
2.69348	8.31757	
2.68677	8.32825	
2.69806	8.31543	
2.68951	8.32306	
2.69653	8.31055	
2.69165	8.31299	
2.68402	8.31787	
2.68524	8.31787	
2.70508	8.32214	
2.68463	8.3139	
2.70721	8.3255	
2.69287	8.32001	
2.70081	8.31787	
2.68524	8.32245	
2.70447	8.3252	
2.68524	8.31818	
2.70081	8.32458	
2.69501	8.32367	
2.69836	8.32214	
2.70111	8.34229	
2.70081	8.33099	
2.70081	8.31482	
2.69775	8.32947	
2.68341	8.31818	
2.70477	8.32275	
2.69012	8.31329	
2.69836	8.31116	
2.6889	8.31116	
2.67456	8.30505	
2.68982	8.30963	
2.69806	8.31512	
2.68463	8.30414	
2.69135	8.31421	
2.69379	8.31329	
2.68829	8.31818	
2.69287	8.32184	
2.68616	8.3197	
2.70233	8.33405	
2.68921	8.3316	
2.68951	8.32947	
2.69989	8.34625	
2.68463	8.32367	
2.69653	8.33954	
2.68341	8.31146	
2.69409	8.32306	
2.69135	8.33405	
2.69135	8.32245	
2.68829	8.32275	
2.69592	8.32733	
2.69104	8.33313	
2.69012	8.33252	
2.69592	8.33771	
2.68341	8.32825	
2.6889	8.33466	
2.6889	8.34015	
2.69623	8.32672	
2.68463	8.34839	
2.69226	8.32916	
2.68646	8.32184	
2.69592	8.33923	
2.68982	8.33649	
2.68982	8.33313	
2.69257	8.33649	
2.69287	8.33374	
2.69104	8.33832	
2.6886	8.3313	
2.68707	8.33069	
2.69806	8.32581	
2.68555	8.32367	
2.69165	8.33038	
2.69379	8.32275	
2.69073	8.32367	
2.69379	8.32428	
2.68616	8.31696	
2.69684	8.31451	
2.69684	8.31818	
2.69836	8.32123	
2.68829	8.3197	
2.68829	8.30933	
2.68829	8.31909	
2.69226	8.31848	
2.69104	8.31543	
2.68982	8.31177	
2.69501	8.31024	
2.69135	8.32031	
2.6947	8.33801	
2.6944	8.31512	
2.68707	8.34137	
2.69257	8.32642	
2.69135	8.33374	
2.68372	8.32245	
2.68677	8.31238	
2.69501	8.34045	
2.68433	8.33405	
2.69287	8.32916	
2.70081	8.32458	
2.69653	8.30444	
2.70691	8.32336	
2.68738	8.32428	
2.69073	8.31451	
2.70172	8.32581	
2.68616	8.32855	
2.69379	8.32245	
2.68158	8.30841	
2.69867	8.3136	
2.68402	8.31329	
2.69623	8.30994	
2.68372	8.30933	
2.68677	8.32367	
2.69867	8.32184	
2.68982	8.32123	
2.69257	8.32703	
2.69989	8.30994	
2.69104	8.31421	
2.69348	8.3316	
2.70813	8.33008	
2.6889	8.34198	
2.7066	8.32336	
2.69196	8.32336	
2.69806	8.32672	
2.69867	8.33618	
2.68158	8.32306	
2.69775	8.34991	
2.68555	8.33618	
2.6947	8.32886	
2.70569	8.33435	
2.69592	8.33313	
2.70569	8.32855	
2.68799	8.3313	
2.69531	8.3316	
2.6947	8.31696	
2.68585	8.32397	
2.69562	8.32428	
2.67914	8.32733	
2.6944	8.31696	
2.68097	8.32489	
2.69318	8.31451	
2.67944	8.32703	
2.69348	8.33099	
2.68982	8.31818	
2.69348	8.32153	
2.67822	8.34015	
2.69257	8.34106	
2.68066	8.33374	
2.6944	8.34167	
2.67853	8.33893	
2.69623	8.34686	
2.70355	8.34839	
2.68677	8.34839	
2.69806	8.34717	
2.68372	8.34167	
2.7066	8.33771	
2.68738	8.32916	
2.70386	8.33649	
2.68494	8.32916	
2.70294	8.33435	
2.68768	8.35022	
2.70691	8.34808	
2.69043	8.34442	
2.70447	8.34839	
2.69043	8.34595	
2.70477	8.34473	
2.68646	8.33771	
2.7066	8.3432	
2.68677	8.34106	
2.70569	8.3374	
2.68707	8.33649	
2.70569	8.34656	
2.69257	8.33313	
2.67975	8.3371	
2.6944	8.34259	
2.68188	8.33313	
2.69135	8.32977	
2.69409	8.34625	
2.68555	8.33771	
2.69531	8.3429	
2.69012	8.34534	
2.69684	8.35815	
2.69104	8.34503	
2.68158	8.34015	
2.6886	8.34717	
2.68036	8.32855	
2.68921	8.34015	
2.6825	8.35052	
2.69287	8.3548	
2.68585	8.34564	
2.69135	8.35266	
2.6947	8.34564	
2.68738	8.34869	
2.69989	8.34625	
2.69165	8.35327	
2.69928	8.35419	
2.69379	8.34991	
2.69135	8.32733	
2.69073	8.33374	
2.69318	8.33099	
2.69104	8.33954	
2.69775	8.33923	
2.68982	8.33984	
2.70111	8.33221	
2.69562	8.33557	
2.69897	8.34839	
2.68799	8.34442	
2.69562	8.35388	
2.68951	8.33862	
2.69623	8.35022	
2.69226	8.35236	
2.69836	8.35175	
2.69287	8.33466	
2.69348	8.33649	
2.69257	8.33801	
2.69104	8.34045	
2.69379	8.32275	
2.68799	8.32642	
2.69623	8.33801	
2.68677	8.33801	
2.6889	8.32336	
2.69806	8.35175	
2.68524	8.33191	
2.69318	8.32642	
2.69104	8.3197	
2.68097	8.31024	
2.69196	8.34595	
2.68494	8.33221	
2.68799	8.3252	
2.6889	8.31909	
2.68799	8.32245	
2.68616	8.3316	
2.69348	8.32214	
2.69562	8.31696	
2.68829	8.33801	
2.69104	8.33099	
2.69714	8.32428	
2.68921	8.32275	
2.69928	8.31207	
2.68616	8.31482	
2.69592	8.32062	
2.68768	8.3139	
2.68616	8.30963	
2.69287	8.3252	
2.69318	8.32092	
2.69348	8.30322	
2.68738	8.31818	
2.68829	8.31604	
2.69196	8.32092	
2.68402	8.33313	
2.6947	8.32947	
2.69104	8.32855	
2.69928	8.31055	
2.68799	8.31482	
2.69836	8.302	
2.68738	8.30322	
2.69867	8.32672	
2.68829	8.302	
2.69562	8.32886	
2.69165	8.3197	
2.69226	8.32092	
2.69409	8.31512	
2.69012	8.31024	
2.69745	8.30536	
2.68738	8.30383	
2.69745	8.32184	
2.6947	8.32886	
2.68066	8.32306	
2.7005	8.33496	
2.67944	8.32794	
2.69592	8.33771	
2.68585	8.3313	
2.69257	8.33496	
2.69379	8.33282	
2.69012	8.33466	
2.68372	8.31421	
2.68982	8.3194	
2.6825	8.33374	
2.69104	8.31268	
2.69318	8.31726	
2.68921	8.34076	
2.69531	8.34961	
2.69623	8.34259	
2.68738	8.35205	
2.69867	8.31696	
2.68768	8.32214	
2.68463	8.33496	
2.69104	8.33557	
2.68158	8.32428	
2.69897	8.31879	
2.68585	8.33008	
2.69348	8.32001	
2.69104	8.31146	
2.68829	8.31848	
2.69257	8.32184	
2.6886	8.31909	
2.69623	8.30536	
2.69287	8.32336	
2.6825	8.32764	
2.69867	8.33282	
2.69043	8.3136	
2.69318	8.31635	
2.68463	8.32794	
2.69135	8.3197	
2.68524	8.31573	
2.70203	8.33191	
2.69562	8.31787	
2.69073	8.33618	
2.7066	8.32916	
2.68707	8.3139	
2.70416	8.33405	
2.69257	8.3078	
2.7066	8.32214	
2.69318	8.34351	
2.68066	8.33893	
2.68799	8.3429	
2.69623	8.33405	
2.68707	8.34656	
2.70111	8.34015	
2.68982	8.32062	
2.68921	8.34076	
2.69318	8.32977	
2.68951	8.33588	
2.68799	8.34076	
2.69196	8.33923	
2.69623	8.32672	
2.68585	8.33801	
2.68677	8.32764	
2.69867	8.3316	
2.68829	8.32977	
2.69806	8.31604	
2.69501	8.33191	
2.69989	8.32367	
2.69989	8.3255	
2.68738	8.33405	
2.69196	8.34198	
2.69257	8.32733	
2.68097	8.33374	
2.69287	8.32062	
2.68372	8.33893	
2.69104	8.35083	
2.69653	8.34412	
2.69043	8.34717	
2.69104	8.33862	
2.69592	8.35999	
2.69318	8.34595	
2.68372	8.34961	
2.69684	8.36212	
2.69501	8.3429	
2.68555	8.35632	
2.68829	8.34961	
2.69379	8.33649	
2.68829	8.32611	
2.69623	8.34686	
2.70752	8.33282	
2.68829	8.33649	
2.70111	8.32825	
2.69562	8.33771	
2.68524	8.34442	
2.69287	8.32062	
2.70111	8.33923	
2.68738	8.33923	
2.69501	8.32611	
2.69196	8.34961	
2.69623	8.32672	
2.69165	8.31299	
2.68921	8.33862	
2.69257	8.34167	
2.69287	8.34839	
2.69531	8.33893	
2.6886	8.33832	
2.69409	8.32977	
2.69653	8.32245	
2.69012	8.33496	
2.69592	8.3316	
2.69653	8.33679	
2.69012	8.33221	
2.69592	8.33527	
2.6825	8.33862	
2.69653	8.34747	
2.68829	8.33832	
2.69012	8.34991	
2.69531	8.34259	
2.68372	8.34656	
2.68585	8.33099	
2.68585	8.32764	
2.69867	8.32275	
2.68585	8.31116	
2.69745	8.32825	
2.70569	8.34229	
2.68707	8.33954	
2.69745	8.31482	
2.69684	8.33405	
2.68433	8.32703	
2.69226	8.34412	
2.68982	8.3313	
2.69104	8.33984	
2.68707	8.34839	
2.70111	8.33282	
2.6889	8.34076	
2.69775	8.32672	
2.68951	8.3374	
2.69653	8.33466	
2.68555	8.32031	
2.68707	8.3313	
2.69806	8.34656	
2.68524	8.34076	
2.68951	8.33527	
2.70172	8.32031	
2.69043	8.31451	
2.68158	8.32397	
2.69562	8.33221	
2.68951	8.33618	
2.68951	8.32642	
2.70172	8.34961	
2.69379	8.32397	
2.69897	8.33618	
2.69684	8.3255	
2.69165	8.3313	
2.69348	8.32581	
2.6947	8.31543	
2.69318	8.3139	
2.68921	8.31329	
2.69806	8.32489	
2.69073	8.33069	
2.68829	8.33801	
2.70081	8.31879	
2.6947	8.31635	
2.68738	8.32123	
2.69653	8.32153	
2.69073	8.30994	
2.6889	8.32184	
2.70172	8.30475	
2.70203	8.31085	
2.68951	8.31238	
2.70294	8.33588	
2.68677	8.32611	
2.67975	8.31207	
2.69318	8.32275	
2.69104	8.33771	
2.68829	8.33588	
2.69897	8.33374	
2.69562	8.32825	
2.69287	8.33038	
2.69531	8.32245	
2.69745	8.33832	
2.69318	8.33679	
2.6889	8.32306	
2.69135	8.32397	
2.69836	8.33984	
2.6825	8.29803	
2.69653	8.31696	
2.70172	8.31482	
2.6825	8.30139	
2.70905	8.31451	
2.68707	8.30536	
2.67853	8.3252	
2.68768	8.33313	
2.69257	8.32764	
2.69653	8.33282	
2.68921	8.31299	
2.68646	8.29956	
2.69684	8.30139	
2.6944	8.32275	
2.69897	8.33038	
2.69043	8.32367	
2.70142	8.32825	
2.70233	8.33649	
2.68829	8.32031	
2.67853	8.32916	
2.68921	8.31696	
2.70142	8.3197	
2.68829	8.32184	
2.69562	8.32214	
2.69287	8.32214	
2.68829	8.32306	
2.70142	8.31451	
2.68646	8.30322	
2.68921	8.33374	
2.6944	8.32611	
2.69104	8.31757	
2.69257	8.32947	
2.69104	8.30109	
2.70386	8.32306	
2.6944	8.32214	
2.69226	8.31909	
2.70172	8.32245	
2.69806	8.31665	
2.69257	8.32092	
2.70203	8.31909	
2.69287	8.3316	
2.68768	8.33069	
2.69379	8.32642	
2.68616	8.3197	
2.69562	8.34045	
2.69989	8.3429	
2.69226	8.32886	
2.70538	8.33221	
2.6886	8.34137	
2.68402	8.33557	
2.68829	8.33557	
2.70325	8.33405	
2.68799	8.34686	
2.69531	8.34747	
2.69348	8.32703	
2.68677	8.33618	
2.69562	8.32947	
2.6886	8.32794	
2.7005	8.33649	
2.69043	8.33038	
2.68921	8.3374	
2.69684	8.33313	
2.70172	8.31909	
2.69287	8.33435	
2.69775	8.3313	
2.68951	8.33344	
2.69165	8.3429	
2.69958	8.34015	
2.69623	8.32123	
2.69348	8.33069	
2.70264	8.33405	
2.68951	8.32581	
2.70508	8.3194	
2.68768	8.3136	
2.69897	8.31604	
2.69745	8.32733	
2.69531	8.31818	
2.6947	8.33679	
2.68127	8.32947	
2.68677	8.34686	
2.69287	8.33313	
2.69165	8.32367	
2.69623	8.32367	
2.7002	8.33252	
2.69348	8.33496	
2.68829	8.33862	
2.6944	8.32733	
2.68463	8.34869	
2.69531	8.33038	
2.69104	8.33557	
2.68768	8.31207	
2.69287	8.31482	
2.69257	8.31696	
2.69775	8.33771	
2.69775	8.33435	
2.69257	8.30414	
2.69287	8.30933	
2.68463	8.31665	
2.6944	8.32092	
2.69501	8.30475	
2.6889	8.32123	
2.6886	8.31543	
2.69623	8.32306	
2.69348	8.33038	
2.68494	8.32184	
2.69196	8.33374	
2.69226	8.32245	
2.69867	8.3139	
2.69165	8.3194	
2.68799	8.30658	
2.68494	8.32062	
2.69196	8.30658	
2.69623	8.31879	
2.69562	8.3136	
2.68738	8.31512	
2.7005	8.32428	
2.70599	8.31329	
2.69287	8.30902	
2.68066	8.32428	
2.6889	8.32001	
2.7002	8.33923	
2.69318	8.33374	
2.68646	8.31604	
2.6944	8.32581	
2.70111	8.32825	
2.68738	8.31818	
2.68677	8.3255	
2.68921	8.31726	
2.69684	8.34106	
2.7005	8.33527	
2.69318	8.33405	
2.6886	8.3432	
2.69714	8.3374	
2.70813	8.3432	
2.69165	8.32245	
2.68158	8.33069	
2.68097	8.33405	
2.69379	8.33557	
2.69958	8.32642	
2.69928	8.33618	
2.68677	8.34564	
2.69562	8.34778	
2.69073	8.33679	
2.69867	8.33832	
2.68738	8.33649	
2.69806	8.32397	
2.70752	8.34259	
2.68921	8.33069	
2.67731	8.34625	
2.68951	8.33862	
2.69745	8.34015	
2.6886	8.33832	
2.68707	8.34869	
2.68494	8.3429	
2.69897	8.3548	
2.69806	8.35571	
2.69196	8.349	
2.68433	8.33252	
2.69928	8.34167	
2.69562	8.33984	
2.68829	8.33954	
2.7005	8.33557	
2.6886	8.32245	
2.68433	8.34351	
2.69592	8.33191	
2.6944	8.32855	
2.69104	8.32306	
2.68951	8.32947	
2.69867	8.32886	
2.69562	8.3429	
2.68585	8.32855	
2.69684	8.32855	
2.69379	8.33069	
2.68829	8.32733	
2.68372	8.34137	
2.69501	8.32977	
2.69226	8.32001	
2.69897	8.32367	
2.68616	8.3252	
2.69653	8.34808	
2.69531	8.33984	
2.69806	8.34106	
2.68433	8.34656	
2.6944	8.35602	
2.68616	8.34564	
2.6886	8.34442	
2.69257	8.35297	
2.69653	8.3432	
2.69165	8.34595	
2.69379	8.34045	
2.68677	8.33008	
2.69135	8.33099	
2.70081	8.33313	
2.70538	8.32855	
2.69012	8.34381	
2.69714	8.3429	
2.69714	8.33954	
2.68616	8.3432	
2.69073	8.3255	
2.68372	8.34259	
2.69135	8.35175	
2.69806	8.33405	
2.68768	8.35754	
2.69073	8.34045	
2.68799	8.34747	
2.69745	8.35205	
2.70752	8.35358	
2.68768	8.34991	
2.67853	8.35022	
2.6944	8.35571	
2.68188	8.34961	
2.69104	8.35815	
2.70233	8.33679	
2.69562	8.33405	
2.69012	8.34412	
2.68768	8.33649	
2.68982	8.34015	
2.69104	8.35358	
2.70081	8.34015	
2.7063	8.33496	
2.6825	8.3252	
2.70599	8.31909	
2.69623	8.33099	
2.68616	8.32031	
2.69104	8.31635	
2.69257	8.31329	
2.69196	8.33099	
2.68982	8.32458	
2.6947	8.31085	
2.69989	8.32275	
2.70721	8.33313	
2.69531	8.33984	
2.6889	8.33588	
2.69043	8.3197	
2.68738	8.33618	
2.68646	8.31177	
2.69623	8.32123	
2.68555	8.33252	
2.69653	8.33099	
2.69745	8.33984	
2.68799	8.33313	
2.69562	8.3136	
2.7002	8.32428	
2.70691	8.32703	
2.69073	8.3194	
2.68005	8.32092	
2.69073	8.33679	
2.69379	8.34137	
2.69714	8.31757	
2.69897	8.3374	
2.69745	8.33832	
2.69775	8.32001	
2.6947	8.32611	
2.69104	8.33221	
2.69867	8.33313	
2.69073	8.32733	
2.70111	8.34686	
2.69836	8.32001	
2.69806	8.32947	
2.70233	8.3194	
2.68829	8.32062	
2.68829	8.32367	
2.70233	8.32458	
2.68738	8.32245	
2.69836	8.30994	
2.69257	8.31909	
2.69318	8.31146	
2.69135	8.32764	
2.69409	8.31024	
2.69867	8.32428	
2.6886	8.33038	
2.69745	8.32336	
2.69836	8.33069	
2.69531	8.33252	
2.7066	8.34503	
2.68494	8.32336	
2.68585	8.33313	
2.69653	8.32245	
2.69745	8.32733	
2.69257	8.30444	
2.6889	8.3075	
2.6889	8.31268	
2.68707	8.32123	
2.69257	8.31238	
2.68951	8.31116	
2.68005	8.32245	
2.68768	8.31116	
2.69806	8.30719	
2.69836	8.30475	
2.7002	8.30048	
2.69867	8.28766	
2.69012	8.29926	
2.70691	8.30994	
2.70172	8.29926	
2.7005	8.30597	
2.69775	8.31146	
2.69287	8.29895	
2.69806	8.32489	
2.69043	8.33557	
2.68951	8.32092	
2.68982	8.31879	
2.69897	8.3197	
2.69501	8.33588	
2.70447	8.32031	
2.70111	8.32397	
2.69623	8.31482	
2.69989	8.33588	
2.69196	8.33069	
2.69684	8.35175	
2.69104	8.32794	
2.67944	8.32886	
2.69073	8.33374	
2.68585	8.32062	
2.69165	8.32764	
2.69348	8.33191	
2.70081	8.32458	
2.7005	8.32581	
2.70264	8.31299	
2.69745	8.302	
2.68982	8.3316	
2.6947	8.32611	
2.69714	8.31726	
2.6944	8.33435	
2.69196	8.32916	
2.69531	8.3136	
2.69562	8.32306	
2.70569	8.32733	
2.69836	8.33099	
2.70508	8.33038	
2.69775	8.34534	
2.69775	8.34717	
2.69684	8.32855	
2.70355	8.32733	
2.68982	8.33984	
2.69104	8.33984	
2.69379	8.34473	
2.69073	8.33405	
2.68829	8.33313	
2.68524	8.34167	
2.6944	8.32855	
2.69958	8.32153	
2.69623	8.33496	
2.69501	8.32642	
2.70203	8.32214	
2.69318	8.31848	
2.69073	8.32336	
2.69073	8.32642	
2.69653	8.3136	
2.7005	8.32855	
2.70569	8.32916	
2.6947	8.32184	
2.69196	8.33405	
2.69806	8.3194	
2.69348	8.31665	
2.69257	8.32642	
2.69989	8.32184	
2.69989	8.32306	
2.69135	8.32397	
2.69867	8.3316	
2.69745	8.32733	
2.69806	8.3313	
2.6825	8.32214	
2.68463	8.33191	
2.6886	8.32397	
2.6886	8.30994	
2.6828	8.32336	
2.68646	8.34595	
2.68555	8.34106	
2.68616	8.33069	
2.69775	8.33862	
2.69623	8.33649	
2.70081	8.34839	
2.69287	8.34167	
2.69043	8.35876	
2.68707	8.3432	
2.68982	8.3493	
2.69531	8.32794	
2.69592	8.33496	
2.69623	8.34198	
2.69775	8.34137	
2.68585	8.33923	
2.68707	8.32245	
2.6944	8.34167	
2.68921	8.33862	
2.69012	8.33923	
2.69318	8.32947	
2.69531	8.32977	
2.70081	8.33923	
2.70844	8.32855	
2.69653	8.34442	
2.69928	8.33618	
2.69684	8.32825	
2.69897	8.34381	
2.69775	8.33649	
2.68707	8.35022	
2.68951	8.35175	
2.68951	8.34595	
2.68555	8.35571	
2.69226	8.35083	
2.69226	8.33893	
2.69409	8.35297	
2.68921	8.35144	
2.69806	8.33862	
2.70081	8.3371	
2.70721	8.35144	
2.68799	8.3551	
2.68524	8.34412	
2.69226	8.32825	
2.69257	8.34076	
2.69928	8.33893	
2.69592	8.32733	
2.69104	8.33496	
2.68921	8.32977	
2.68524	8.33954	
2.69989	8.34564	
2.69592	8.32367	
2.6944	8.31635	
2.69348	8.33008	
2.68799	8.32855	
2.69745	8.33771	
2.69287	8.35052	
2.7002	8.34991	
2.70386	8.34259	
2.6889	8.34778	
2.69592	8.34869	
2.69714	8.34625	
2.69226	8.32947	
2.69867	8.34198	
2.69073	8.33954	
2.69806	8.33496	
2.69958	8.34412	
2.70599	8.32733	
2.68951	8.32123	
2.68463	8.33313	
2.69287	8.32642	
2.69196	8.34381	
2.68646	8.34564	
2.68646	8.34167	
2.68463	8.34564	
2.68921	8.33832	
2.68402	8.32916	
2.69409	8.32367	
2.69196	8.32306	
2.68646	8.34351	
2.68677	8.35022	
2.69226	8.34961	
2.69958	8.34564	
2.70386	8.33191	
2.6944	8.34686	
2.68219	8.34808	
2.69073	8.33252	
2.68921	8.34198	
2.69165	8.34167	
2.69775	8.33038	
2.7002	8.33221	
2.69318	8.33313	
2.70233	8.35297	
2.68982	8.35205	
2.69775	8.33435	
2.69318	8.34198	
2.69287	8.33832	
2.68799	8.32855	
2.69012	8.32581	
2.69196	8.33313	
2.69073	8.3374	
2.70264	8.33191	
2.69318	8.32886	
2.68921	8.32428	
2.68982	8.32367	
2.69196	8.31299	
2.6889	8.31909	
2.69348	8.32123	
2.69379	8.32458	
2.69867	8.32062	
2.70477	8.32428	
2.69867	8.32794	
2.69379	8.3252	
2.68707	8.32458	
2.69348	8.32153	
2.69806	8.3252	
2.69867	8.33282	
2.70264	8.33069	
2.69775	8.32367	
2.69867	8.31238	
2.69684	8.33618	
2.69684	8.32611	
2.68951	8.33588	
2.69714	8.32703	
2.69562	8.33344	
2.68951	8.33038	
2.70081	8.33344	
2.70233	8.33893	
2.69867	8.33038	
2.69989	8.32458	
2.69653	8.35022	
2.69775	8.33557	
2.68555	8.33527	
2.6825	8.31726	
2.68616	8.31604	
2.7002	8.3374	
2.69958	8.31299	
2.70111	8.32245	
2.69379	8.32397	
2.69958	8.32306	
2.68951	8.32764	
2.68768	8.32123	
2.68066	8.32397	
2.68372	8.30139	
2.70508	8.31696	
2.68768	8.31909	
2.68494	8.33679	
2.69531	8.32245	
2.69165	8.32397	
2.68799	8.31635	
2.69684	8.3197	
2.69073	8.31207	
2.68066	8.31787	
2.68829	8.31726	
2.68738	8.32001	
2.6889	8.31848	
2.68951	8.30902	
2.69501	8.31421	
2.68646	8.32703	
2.69257	8.32001	
2.69287	8.33282	
2.69775	8.33282	
2.69562	8.33527	
2.70599	8.3313	
2.69989	8.3255	
2.68616	8.35907	
2.6947	8.36334	
2.69196	8.35358	
2.69012	8.35815	
2.69684	8.35052	
2.68982	8.3432	
2.69623	8.33801	
2.69714	8.33313	
2.69684	8.32855	
2.70142	8.31909	
2.69043	8.31879	
2.69196	8.32825	
2.68707	8.3252	
2.69135	8.33191	
2.69104	8.32184	
2.69928	8.33435	
2.70233	8.31604	
2.69867	8.31757	
2.69379	8.32306	
2.68677	8.32886	
2.68829	8.32489	
2.69104	8.31329	
2.7002	8.30994	
2.7066	8.29315	
2.69226	8.29559	
2.69958	8.31635	
2.69775	8.33191	
2.69745	8.33527	
2.69104	8.32275	
2.69714	8.33191	
2.6947	8.34229	
2.68677	8.33527	
2.68188	8.3316	
2.69623	8.32336	
2.68951	8.31421	
2.69379	8.30872	
2.68646	8.30414	
2.69104	8.30139	
2.6889	8.2959	
2.67792	8.30627	
2.69043	8.31543	
2.69531	8.32092	
2.69531	8.30811	
2.6889	8.31116	
2.7063	8.31024	
2.7005	8.32092	
2.69775	8.31055	
2.69348	8.32092	
2.69928	8.31848	
2.69989	8.31024	
2.69928	8.30261	
2.70721	8.31268	
2.69989	8.29926	
2.68951	8.30688	
2.69318	8.29773	
2.69531	8.30414	
2.69775	8.30353	
2.70325	8.31177	
2.70874	8.2901	
2.69836	8.30475	
2.70264	8.31268	
2.69043	8.30383	
2.69745	8.30566	
2.69653	8.30872	
2.70081	8.32428	
2.69104	8.31146	
2.68585	8.30109	
2.68677	8.30414	
2.69135	8.30872	
2.69562	8.32825	
2.6944	8.31451	
2.69379	8.31238	
2.69043	8.32123	
2.69684	8.31146	
2.68982	8.32306	
2.69348	8.31818	
2.69226	8.32642	
2.69257	8.31665	
2.69836	8.32184	
2.7002	8.31299	
2.68707	8.30963	
2.69379	8.2962	
2.68707	8.28888	
2.68372	8.30322	
2.69073	8.30109	
2.69348	8.31451	
2.69135	8.29132	
2.68951	8.29987	
2.69684	8.3139	
2.70081	8.32367	
2.70721	8.30719	
2.68738	8.30231	
2.68402	8.29895	
2.6886	8.3078	
2.69531	8.31207	
2.68829	8.31146	
2.6944	8.31482	
2.69043	8.32306	
2.68982	8.29865	
2.68738	8.32275	
2.69104	8.32184	
2.69196	8.32764	
2.6886	8.29254	
2.69775	8.31726	
2.69165	8.30688	
2.69165	8.3078	
2.69104	8.30658	
2.68738	8.29987	
2.6828	8.29865	
2.69684	8.30505	
2.69012	8.29407	
2.69165	8.30902	
2.69257	8.29712	
2.68951	8.29712	
2.69012	8.31451	
2.68188	8.30444	
2.69012	8.29285	
2.69562	8.30078	
2.68768	8.30048	
2.69897	8.31055	
2.69867	8.30078	
2.69592	8.30566	
2.69379	8.29132	
2.69104	8.2959	
2.69104	8.29529	
2.68341	8.29376	
2.68829	8.29681	
2.68799	8.30719	
2.69836	8.28766	
2.70569	8.29498	
2.69562	8.31451	
2.70111	8.29895	
2.69897	8.30811	
2.69745	8.29926	
2.69104	8.28949	
2.68982	8.28644	
2.68341	8.29315	
2.69775	8.31635	
2.68951	8.30658	
2.69196	8.29681	
2.68799	8.2959	
2.68829	8.3136	
2.70416	8.30505	
2.70782	8.30109	
2.69745	8.30078	
2.69714	8.29437	
2.69104	8.30505	
2.6947	8.28949	
2.68799	8.29926	
2.69043	8.29376	
2.69104	8.29956	
2.69257	8.30017	
2.69135	8.30109	
2.68677	8.31329	
2.69165	8.31512	
2.70813	8.3136	
2.7005	8.30444	
2.69836	8.29163	
2.69409	8.28461	
2.69653	8.29102	
2.69775	8.29102	
2.7005	8.29681	
2.70111	8.30292	
2.69623	8.29956	
2.69867	8.29987	
2.68707	8.28735	
2.68829	8.30078	
2.69836	8.28979	
2.68921	8.3017	
2.7005	8.28125	
2.7005	8.27667	
2.69653	8.29895	
2.69196	8.28918	
2.69958	8.30475	
2.70874	8.32092	
2.69623	8.31207	
2.69928	8.30658	
2.69226	8.3194	
2.69226	8.31635	
2.6886	8.32855	
2.69012	8.31604	
2.68768	8.3139	
2.68799	8.33405	
2.6944	8.31238	
2.69073	8.32764	
2.69257	8.30383	
2.69226	8.31177	
2.6886	8.30261	
2.70996	8.31451	
2.69836	8.32581	
2.70386	8.29651	
2.69867	8.2959	
2.69928	8.31451	
2.6947	8.32642	
2.69104	8.3197	
2.69257	8.30872	
2.68738	8.31909	
2.68311	8.3078	
2.7002	8.30872	
2.69928	8.29132	
2.69745	8.30505	
2.69806	8.29407	
2.69989	8.30841	
2.69165	8.3075	
2.69653	8.30414	
2.6886	8.30719	
2.69196	8.30872	
2.6947	8.30902	
2.68646	8.30841	
2.69073	8.31573	
2.69897	8.30566	
2.69928	8.30597	
2.68799	8.30963	
2.68616	8.30505	
2.67273	8.3017	
2.69562	8.31909	
2.70569	8.32855	
2.69806	8.30811	
2.69775	8.3194	
2.68188	8.30597	
2.69257	8.31055	
2.69623	8.30475	
2.69409	8.31146	
2.69348	8.30353	
2.68829	8.32428	
2.70081	8.31085	
2.69592	8.32397	
2.69409	8.33282	
2.69836	8.31543	
2.70905	8.31268	
2.69287	8.32245	
2.68738	8.31329	
2.6886	8.32092	
2.70172	8.32245	
2.69226	8.32703	
2.6889	8.32367	
2.69073	8.33435	
2.69806	8.32581	
2.69897	8.3316	
2.7002	8.33282	
2.69714	8.3313	
2.69897	8.33221	
2.69958	8.32306	
2.69226	8.3194	
2.68951	8.32092	
2.69043	8.32764	
2.68951	8.32214	
2.70111	8.31543	
2.69623	8.31848	
2.69348	8.32489	
2.68707	8.31879	
2.68066	8.34534	
2.69165	8.33069	
2.6944	8.3316	
2.69653	8.32611	
2.69409	8.3316	
2.68524	8.33191	
2.69684	8.31604	
2.69836	8.32275	
2.69928	8.3252	
2.7063	8.32764	
2.70264	8.32214	
2.69714	8.31207	
2.68799	8.33038	
2.69135	8.33038	
2.69287	8.31665	
2.70721	8.30933	
2.69226	8.30658	
2.6947	8.32062	
2.69348	8.31848	
2.70081	8.32123	
2.69562	8.31818	
2.69196	8.31329	
2.68951	8.31268	
2.68921	8.30841	
2.70264	8.30688	
2.70752	8.30383	
2.69531	8.30078	
2.69196	8.30078	
2.69073	8.30566	
2.68921	8.31146	
2.69012	8.29895	
2.6886	8.30444	
2.70233	8.29956	
2.69989	8.31543	
2.70325	8.29865	
2.69806	8.30597	
2.70142	8.30719	
2.69135	8.32153	
2.6886	8.31848	
2.69043	8.32275	
2.68677	8.32367	
2.69012	8.31635	
2.70172	8.32642	
2.69257	8.32245	
2.6828	8.30597	
2.69989	8.32306	
2.70325	8.33221	
2.69135	8.31726	
2.68677	8.3194	
2.69623	8.3078	
2.69867	8.31299	
2.69958	8.31879	
2.69714	8.32336	
2.69653	8.31116	
2.70874	8.32001	
2.70111	8.31177	
2.70325	8.33008	
2.69714	8.31024	
2.69348	8.302	
2.69043	8.31238	
2.69165	8.31848	
2.68402	8.30994	
2.68585	8.31604	
2.69135	8.31573	
2.68738	8.31848	
2.69348	8.31909	
2.68799	8.31512	
2.68829	8.32245	
2.68311	8.32367	
2.69958	8.31696	
2.69958	8.31818	
2.69989	8.3313	
2.69592	8.30109	
2.69073	8.3255	
2.69348	8.31177	
2.69379	8.31329	
2.68799	8.31329	
2.69135	8.3316	
2.68677	8.32642	
2.69135	8.32916	
2.70294	8.32275	
2.70111	8.31116	
2.70325	8.31573	
2.68707	8.31787	
2.69318	8.32062	
2.69684	8.33649	
2.70172	8.33099	
2.69714	8.30566	
2.69989	8.30078	
2.69989	8.32428	
2.69135	8.32336	
2.69562	8.3139	
2.69775	8.29803	
2.68951	8.31116	
2.69135	8.31604	
2.68616	8.31085	
2.69836	8.30811	
2.70111	8.31451	
2.69531	8.3316	
2.69043	8.33313	
2.69867	8.32367	
2.69867	8.31757	
2.69989	8.3194	
2.69196	8.31421	
2.69775	8.30322	
2.68158	8.30353	
2.69379	8.3078	
2.69684	8.31665	
2.7005	8.31421	
2.70142	8.32336	
2.69836	8.32397	
2.69043	8.3136	
2.69135	8.3136	
2.69745	8.32001	
2.7005	8.31757	
2.70691	8.32581	
2.69775	8.3197	
2.69409	8.3075	
2.68799	8.3136	
2.69226	8.32336	
2.71332	8.31177	
2.69592	8.29926	
2.69653	8.30872	
2.68433	8.30902	
2.68768	8.30841	
2.70142	8.32001	
2.69379	8.32092	
2.69379	8.31757	
2.69836	8.30017	
2.69684	8.30566	
2.69104	8.30353	
2.68921	8.30902	
2.6889	8.30566	
2.69745	8.31604	
2.69867	8.30872	
2.69684	8.30963	
2.69226	8.30902	
2.69592	8.31024	
2.7002	8.31543	
2.69806	8.33038	
2.69562	8.3252	
2.69073	8.30322	
2.6828	8.31879	
2.70203	8.32214	
2.68219	8.31909	
2.69836	8.33557	
2.69043	8.32703	
2.68707	8.31665	
2.69928	8.32062	
2.70386	8.32367	
2.69623	8.31909	
2.68768	8.30597	
2.69806	8.31604	
2.69379	8.31573	
2.69684	8.33344	
2.68921	8.30536	
2.7005	8.31482	
2.68433	8.31482	
2.69714	8.31512	
2.69928	8.31085	
2.69836	8.31818	
2.70111	8.31787	
2.70142	8.30566	
2.69531	8.31299	
2.69348	8.30383	
2.69958	8.30078	
2.70386	8.2962	
2.6886	8.29651	
2.69348	8.29987	
2.68799	8.31207	
2.68707	8.30627	
2.68951	8.3078	
2.69409	8.32031	
2.69409	8.31787	
2.70081	8.32001	
2.69226	8.30963	
2.69043	8.3078	
2.69073	8.31116	
2.69165	8.2962	
2.70203	8.30536	
2.6944	8.31055	
2.69135	8.31177	
2.69379	8.30597	
2.68829	8.31177	
2.68951	8.31329	
2.69592	8.32397	
2.68951	8.31726	
2.71149	8.30078	
2.69806	8.31177	
2.69287	8.32642	
2.69745	8.31787	
2.70264	8.3136	
2.70508	8.30994	
2.70111	8.31909	
2.69928	8.3136	
2.68738	8.30292	
2.69104	8.31879	
2.70599	8.32031	
2.69135	8.30902	
2.69653	8.31085	
2.68829	8.30872	
2.69867	8.302	
2.69958	8.31268	
2.69379	8.30688	
2.69348	8.30933	
2.7002	8.3255	
2.69867	8.31451	
2.68372	8.31573	
2.69653	8.31573	
2.7002	8.31818	
2.69684	8.31665	
2.69684	8.32275	
2.68341	8.30444	
2.69257	8.32947	
2.69958	8.31116	
2.6944	8.32184	
2.69653	8.3255	
2.70874	8.32062	
2.68616	8.31024	
2.6947	8.30231	
2.69104	8.32642	
2.70233	8.32947	
2.7002	8.30963	
2.68921	8.31482	
2.69043	8.31512	
2.68951	8.31665	
2.68585	8.30566	
2.69531	8.31604	
2.69562	8.31482	
2.70081	8.31238	
2.69806	8.3075	
2.68829	8.32703	
2.70508	8.31665	
2.69257	8.31787	
2.70142	8.33527	
2.69592	8.32947	
2.69745	8.32703	
2.68311	8.31726	
2.69623	8.33038	
2.70111	8.30109	
2.69714	8.3078	
2.69287	8.30597	
2.6825	8.3078	
2.69684	8.29285	
2.69836	8.31635	
2.69135	8.33344	
2.69867	8.32245	
2.68555	8.31787	
2.69867	8.31512	
2.7005	8.31146	
2.6889	8.31451	
2.6889	8.31696	
2.69165	8.31055	
2.70386	8.30566	
2.69714	8.31909	
2.69958	8.30841	
2.69409	8.31329	
2.68433	8.31604	
2.69226	8.30658	
2.69165	8.3316	
2.69867	8.33466	
2.70111	8.32336	
2.68494	8.31787	
2.69714	8.30566	
2.69287	8.29926	
2.6944	8.31696	
2.69836	8.32336	
2.69531	8.31512	
2.7002	8.31604	
2.69928	8.32184	
2.69135	8.31787	
2.69104	8.32458	
2.68707	8.3194	
2.69867	8.31268	
2.70172	8.31573	
2.69073	8.31085	
2.68707	8.31909	
2.69897	8.33496	
2.69897	8.33099	
2.70264	8.31238	
2.69958	8.32703	
2.68738	8.31818	
2.69714	8.32306	
2.6889	8.33221	
2.69867	8.32153	
2.69226	8.31146	
2.6944	8.32977	
2.69806	8.33038	
2.69806	8.32153	
2.69806	8.33313	
2.68097	8.33405	
2.6947	8.32428	
2.69012	8.3139	
2.69928	8.30902	
2.7005	8.31482	
2.69775	8.32916	
2.69104	8.32703	
2.68982	8.32184	
2.7005	8.33496	
2.69836	8.32733	
2.69958	8.32123	
2.68646	8.32611	
2.68799	8.32275	
2.69989	8.32489	
2.69745	8.33069	
2.69135	8.30872	
2.70142	8.31207	
2.6947	8.32977	
2.68738	8.32916	
2.69958	8.33527	
2.69836	8.34351	
2.68738	8.33099	
2.68921	8.31207	
2.69806	8.32611	
2.69257	8.33405	
2.68829	8.33252	
2.70447	8.32336	
2.69348	8.32947	
2.69257	8.34015	
2.69745	8.3374	
2.68921	8.35144	
2.68402	8.33374	
2.69897	8.349	
2.69684	8.33557	
2.69287	8.367	
2.70294	8.3374	
2.70203	8.35541	
2.69226	8.3548	
2.69409	8.36639	
2.70355	8.3429	
2.69562	8.34747	
2.69867	8.33893	
2.68829	8.33069	
2.69043	8.33069	
2.70874	8.33557	
2.69043	8.33801	
2.69745	8.34412	
2.69592	8.33069	
2.6886	8.33405	
2.69104	8.33893	
2.69714	8.32764	
2.68921	8.33923	
2.69897	8.34412	
2.6889	8.34778	
2.69562	8.33923	
2.69714	8.34473	
2.68921	8.33557	
2.69073	8.33466	
2.68799	8.34167	
2.69287	8.33344	
2.7002	8.3316	
2.6889	8.34381	
2.69684	8.34412	
2.68951	8.34198	
2.69745	8.34137	
2.69745	8.36304	
2.68799	8.33862	
2.69958	8.33527	
2.70294	8.34442	
2.6889	8.33801	
2.69623	8.34381	
2.68921	8.31848	
2.69073	8.33496	
2.69562	8.3194	
2.69073	8.30414	
2.69806	8.32214	
2.69135	8.3255	
2.69867	8.32764	
2.69714	8.31604	
2.69348	8.30933	
2.68829	8.29285	
2.68738	8.31848	
2.70172	8.33466	
2.69531	8.34991	
2.68829	8.35205	
2.69623	8.33527	
2.70111	8.32642	
2.69012	8.33618	
2.69684	8.32825	
2.70508	8.33374	
2.68768	8.33252	
2.69775	8.31818	
2.69958	8.33099	
2.69928	8.3252	
2.68127	8.32489	
2.6944	8.33771	
2.69714	8.34717	
2.69104	8.34259	
2.69318	8.34686	
2.6886	8.34106	
2.69623	8.33771	
2.70081	8.34656	
2.68616	8.35205	
2.69928	8.34106	
2.7002	8.34503	
2.69257	8.32886	
2.69745	8.33069	
2.7002	8.33008	
2.69043	8.33527	
2.69806	8.33435	
2.68738	8.34229	
2.7005	8.34442	
2.70599	8.35175	
2.68311	8.34198	
2.69653	8.33679	
2.69318	8.35114	
2.69562	8.33984	
2.69409	8.32397	
2.6947	8.33862	
2.68982	8.33557	
2.68768	8.33221	
2.69775	8.33435	
2.69501	8.33069	
2.70142	8.31879	
2.69318	8.32611	
2.7002	8.31848	
2.69836	8.31268	
2.7002	8.31299	
2.7005	8.32611	
2.68402	8.31299	
2.70294	8.32733	
2.68646	8.31909	
2.70233	8.32214	
2.6944	8.33099	
2.69653	8.32245	
2.69348	8.33557	
2.6889	8.33832	
2.69714	8.32825	
2.68677	8.33588	
2.70355	8.33862	
2.68921	8.32733	
2.70142	8.32336	
2.68707	8.34106	
2.70233	8.33313	
2.69165	8.32642	
2.7002	8.32977	
2.6944	8.32855	
2.69806	8.32794	
2.69257	8.32428	
2.70203	8.31512	
2.6947	8.3252	
2.69073	8.3255	
2.70142	8.33313	
2.68494	8.34564	
2.70264	8.31757	
2.68738	8.32611	
2.69073	8.33496	
2.69196	8.3252	
2.68921	8.31177	
2.69775	8.32458	
2.69073	8.31848	
2.69531	8.34869	
2.6944	8.31543	
2.69196	8.30109	
2.68951	8.30017	
2.71027	8.31299	
2.6889	8.32214	
2.69928	8.31757	
2.69409	8.31543	
2.69775	8.32031	
2.69226	8.33466	
2.69684	8.32031	
2.69836	8.34045	
2.68799	8.30933	
2.69653	8.32123	
2.69379	8.30566	
2.69592	8.3316	
2.69104	8.32855	
2.69531	8.31512	
2.69989	8.33496	
2.69531	8.33099	
2.68524	8.33038	
2.70172	8.32581	
2.69409	8.31055	
2.69989	8.32184	
2.69348	8.33557	
2.69501	8.32001	
2.70233	8.32123	
2.69135	8.31024	
2.69196	8.31604	
2.69867	8.31757	
2.69135	8.32153	
2.70538	8.32733	
2.6889	8.32458	
2.70172	8.32703	
2.68646	8.32275	
2.69684	8.31421	
2.69775	8.31635	
2.68799	8.33496	
2.69836	8.33801	
2.68585	8.33801	
2.7002	8.33344	
2.69348	8.33038	
2.69318	8.31451	
2.6947	8.32092	
2.69348	8.33862	
2.69196	8.31665	
2.69409	8.32336	
2.69135	8.31848	
2.69653	8.32611	
2.69653	8.31696	
2.70142	8.31421	
2.68951	8.32886	
2.7002	8.33679	
2.69226	8.32825	
2.69379	8.33374	
2.69836	8.32306	
2.69409	8.3371	
2.69531	8.3252	
2.68646	8.32825	
2.69623	8.32733	
2.70355	8.3316	
2.68555	8.31604	
2.69287	8.32794	
2.69501	8.31757	
2.70782	8.3197	
2.69348	8.32947	
2.69318	8.32458	
2.6944	8.33099	
2.69135	8.3197	
2.69409	8.33099	
2.69226	8.33405	
2.70142	8.33588	
2.68555	8.33282	
2.70447	8.3371	
2.69165	8.33313	
2.71027	8.3429	
2.69104	8.34045	
2.7005	8.34015	
2.69073	8.31879	
2.6947	8.31085	
2.69073	8.3139	
2.69836	8.32397	
2.69348	8.32916	
2.68829	8.33344	
2.70142	8.33191	
2.68982	8.31909	
2.69684	8.3252	
2.68768	8.33038	
2.7005	8.3374	
2.68433	8.34015	
2.70172	8.33649	
2.69135	8.32947	
2.71088	8.32703	
2.69745	8.33069	
2.70233	8.32367	
2.69867	8.32886	
2.69379	8.33008	
2.70111	8.32855	
2.70142	8.33771	
2.68951	8.32855	
2.69257	8.31451	
2.69104	8.32092	
2.70386	8.32306	
2.68555	8.32458	
2.69531	8.3255	
2.69257	8.32947	
2.70447	8.31665	
2.69287	8.33221	
2.69928	8.32367	
2.7005	8.34381	
2.69348	8.33893	
2.69684	8.33344	
2.69043	8.32489	
2.69684	8.33252	
2.69257	8.33435	
2.69806	8.34656	
2.69012	8.34045	
2.70081	8.31879	
2.69104	8.33282	
2.68799	8.33679	
2.69073	8.32855	
2.7002	8.33038	
2.68951	8.32886	
2.70935	8.31451	
2.69745	8.3316	
2.70203	8.32703	
2.68951	8.33405	
2.70294	8.34198	
2.69775	8.34808	
2.6889	8.34045	
2.69623	8.32367	
2.68768	8.32764	
2.69562	8.31848	
2.69409	8.31909	
2.70905	8.33069	
2.69714	8.32855	
2.7005	8.32275	
2.68738	8.33588	
2.69745	8.33252	
2.69073	8.32123	
2.69806	8.33313	
2.69043	8.33038	
2.70325	8.33649	
2.69104	8.32794	
2.69928	8.32825	
2.68311	8.32825	
2.69928	8.33954	
2.70416	8.33679	
2.69775	8.3548	
2.69653	8.32245	
2.69897	8.32642	
2.69318	8.32367	
2.69714	8.33801	
2.69562	8.33221	
2.69592	8.32336	
2.7005	8.32001	
2.69714	8.31268	
2.69928	8.32001	
2.69318	8.32336	
2.69684	8.3197	
2.69714	8.31451	
2.6889	8.30505	
2.7005	8.31848	
2.69318	8.32611	
2.70294	8.3255	
2.68341	8.3194	
2.70538	8.32855	
2.69226	8.32031	
2.68494	8.32947	
2.69958	8.33252	
2.69043	8.31879	
2.70813	8.31726	
2.69379	8.32031	
2.70111	8.32794	
2.69012	8.31879	
2.69714	8.33252	
2.69684	8.31665	
2.70111	8.31238	
2.69043	8.32123	
2.69928	8.32153	
2.6886	8.31757	
2.70081	8.31177	
2.68341	8.32458	
2.69501	8.33008	
2.68646	8.33405	
2.6886	8.32916	
2.70172	8.33099	
2.69928	8.33618	
2.71057	8.31909	
2.69165	8.33496	
2.69318	8.3255	
2.70294	8.33344	
2.70172	8.33038	
2.68951	8.3194	
2.69836	8.31268	
2.69135	8.31207	
2.70935	8.32123	
2.68707	8.32336	
2.70081	8.32336	
2.6944	8.32214	
2.69623	8.32825	
2.69257	8.34198	
2.69165	8.31482	
2.69989	8.34503	
2.69714	8.34717	
2.69531	8.34442	
2.68616	8.33435	
2.70294	8.3252	
2.69501	8.35846	
2.70111	8.34229	
2.69531	8.34229	
2.69409	8.34381	
2.7005	8.33893	
2.69012	8.34198	
2.69958	8.34625	
2.69165	8.33405	
2.69806	8.33801	
2.69867	8.33618	
2.69196	8.34045	
2.69745	8.32642	
2.69745	8.33344	
2.69104	8.34503	
2.70172	8.33679	
2.69684	8.34198	
2.69196	8.33496	
2.69531	8.33893	
2.68646	8.33466	
2.70081	8.32581	
2.69012	8.33252	
2.69745	8.33832	
2.68372	8.33618	
2.70142	8.34595	
2.68921	8.34412	
2.70996	8.34381	
2.69623	8.34106	
2.69714	8.33588	
2.70996	8.35175	
2.69287	8.33771	
2.7005	8.33496	
2.69409	8.32642	
2.69958	8.32214	
2.69867	8.32733	
2.69531	8.33923	
2.70111	8.34412	
2.69562	8.33923	
2.6944	8.33832	
2.68921	8.3313	
2.70172	8.32001	
2.70355	8.3313	
2.69043	8.32489	
2.69714	8.31879	
2.69073	8.32977	
2.69806	8.33038	
2.6944	8.33344	
2.69684	8.32153	
2.69318	8.32581	
2.6944	8.31726	
2.7002	8.32306	
2.69196	8.32428	
2.69165	8.30902	
2.6947	8.32214	
2.69318	8.31757	
2.69989	8.32245	
2.6889	8.29193	
2.69348	8.31421	
2.69257	8.31329	
2.69318	8.32123	
2.70111	8.3197	
2.68982	8.32306	
2.69623	8.34839	
2.68738	8.32733	
2.70752	8.32306	
2.69104	8.33038	
2.6947	8.33679	
2.69043	8.3371	
2.69806	8.31482	
2.69562	8.35114	
2.69531	8.32367	
2.69531	8.33191	
2.69623	8.34229	
2.69684	8.36029	
2.68982	8.3432	
2.69348	8.33435	
2.69653	8.34412	
2.69257	8.34167	
2.70477	8.35052	
2.68402	8.33954	
2.70203	8.35175	
2.69867	8.33588	
2.6944	8.34595	
2.70386	8.33221	
2.68982	8.34808	
2.69623	8.35175	
2.69073	8.3313	
2.7124	8.33557	
2.69318	8.35968	
2.69104	8.34442	
2.70538	8.35297	
2.69958	8.35358	
2.69501	8.34625	
2.70996	8.34045	
2.69745	8.33282	
2.70386	8.33923	
2.70111	8.34656	
2.69348	8.35083	
2.7005	8.34534	
2.68799	8.35052	
2.69684	8.34717	
2.69379	8.33435	
2.69043	8.34351	
2.69348	8.35297	
2.6889	8.35938	
2.69623	8.36578	
2.69379	8.3609	
2.69836	8.35266	
2.69653	8.34564	
2.68799	8.3606	
2.69867	8.33832	
2.69653	8.34106	
2.68768	8.35663	
2.69043	8.35083	
2.69531	8.35236	
2.69043	8.34015	
2.70142	8.33679	
2.68677	8.34412	
2.70203	8.33557	
2.68738	8.3493	
2.70172	8.33405	
2.68951	8.32855	
2.69531	8.34137	
2.70142	8.34747	
2.6886	8.349	
2.70386	8.35052	
2.70203	8.33832	
2.68677	8.33649	
2.70569	8.33588	
2.69531	8.34747	
2.69318	8.34747	
2.70752	8.34473	
2.69806	8.34991	
2.68951	8.33344	
2.7005	8.33862	
2.69745	8.34198	
2.69226	8.34473	
2.70691	8.34747	
2.69562	8.3429	
2.68616	8.35022	
2.71362	8.34198	
2.69714	8.32489	
2.70172	8.3432	
2.71088	8.33313	
2.69684	8.33313	
2.69684	8.33496	
2.70966	8.33832	
2.69836	8.32367	
2.68982	8.32428	
2.68829	8.32794	
2.70172	8.35175	
2.69897	8.34961	
2.69043	8.33954	
2.70599	8.34106	
2.70447	8.34595	
2.69958	8.34778	
2.6947	8.34534	
2.69318	8.34961	
2.69836	8.35358	
2.69501	8.3548	
2.70111	8.35541	
2.68585	8.34381	
2.7002	8.33405	
2.70081	8.33923	
2.68921	8.34381	
2.69196	8.34351	
2.70203	8.35144	
2.7002	8.35175	
2.69318	8.34961	
2.6947	8.35144	
2.69501	8.34198	
2.70264	8.34442	
2.68829	8.34137	
2.69409	8.3548	
2.69775	8.33618	
2.69684	8.34839	
2.70264	8.3432	
2.68921	8.34839	
2.70325	8.33618	
2.68463	8.34045	
2.6889	8.35144	
2.70081	8.33832	
2.69348	8.34229	
2.69989	8.35297	
2.69012	8.35175	
2.70355	8.35724	
2.69501	8.35297	
2.68799	8.36121	
2.70203	8.3551	
2.70233	8.3609	
2.6947	8.35083	
2.70721	8.36151	
2.6947	8.36426	
2.69287	8.37555	
2.71179	8.37708	
2.69135	8.36273	
2.70294	8.35388	
2.70203	8.36182	
2.69318	8.36914	
2.69043	8.36487	
2.70966	8.36823	
2.69592	8.35724	
2.69958	8.34473	
2.7121	8.35114	
2.69806	8.3667	
2.69501	8.36121	
2.71179	8.37341	
2.69348	8.37402	
2.69348	8.37067	
2.69897	8.36121	
2.70172	8.35297	
2.69135	8.3551	
2.70203	8.35388	
2.70142	8.35266	
2.68738	8.34778	
2.69592	8.34869	
2.70203	8.34473	
2.69684	8.34808	
2.6828	8.33862	
2.69287	8.35297	
2.70264	8.34564	
2.69135	8.33862	
2.6889	8.34045	
2.69226	8.34747	
2.69745	8.33618	
2.70599	8.3429	
2.69073	8.32733	
2.69958	8.34717	
2.69196	8.33252	
2.6947	8.33862	
2.69379	8.33344	
2.69928	8.33344	
2.69501	8.34351	
2.6886	8.35693	
2.69135	8.3374	
2.69348	8.35724	
2.7002	8.35358	
2.70264	8.35571	
2.69012	8.36365	
2.69104	8.35175	
2.69562	8.35388	
2.70111	8.35999	
2.69897	8.36304	
2.69104	8.35083	
2.69958	8.35693	
2.68982	8.35266	
2.68555	8.35114	
2.69104	8.35571	
2.70905	8.34991	
2.69135	8.33954	
2.68555	8.34534	
2.70172	8.35449	
2.69867	8.33496	
2.69379	8.33649	
2.69958	8.34198	
2.68799	8.34045	
2.69623	8.35175	
2.70203	8.34351	
2.6828	8.3429	
2.68951	8.33496	
2.70355	8.34412	
2.69684	8.3313	
2.6889	8.33344	
2.69836	8.32581	
2.70081	8.32855	
2.6947	8.32672	
2.69867	8.33435	
2.69775	8.34229	
2.70081	8.33984	
2.69348	8.3432	
2.69165	8.33252	
2.69348	8.35083	
2.69379	8.35114	
2.69775	8.33221	
2.69318	8.34229	
2.69928	8.3429	
2.69562	8.33374	
2.69257	8.34167	
2.69684	8.33496	
2.6944	8.34351	
2.69379	8.3374	
2.69562	8.3551	
2.70081	8.33801	
2.69653	8.35907	
2.68951	8.34015	
2.69501	8.34076	
2.70813	8.33344	
2.6944	8.33466	
2.69257	8.33649	
2.70447	8.34381	
2.7002	8.35938	
2.69745	8.34839	
2.70264	8.34259	
2.70538	8.36334	
2.68921	8.36273	
2.68829	8.34747	
2.68982	8.34076	
2.69836	8.34808	
2.6886	8.34198	
2.69562	8.34198	
2.68982	8.34503	
2.69318	8.34381	
2.7002	8.34747	
2.69653	8.34015	
2.6947	8.32947	
2.69989	8.32672	
2.69653	8.32977	
2.69928	8.33099	
2.69745	8.32764	
2.69226	8.33954	
2.70111	8.33588	
2.70447	8.33649	
2.69897	8.32703	
2.6944	8.34381	
2.69531	8.33649	
2.69379	8.34259	
2.70172	8.34015	
2.69958	8.34595	
2.69562	8.35449	
2.69012	8.3374	
2.69562	8.34167	
2.70203	8.34564	
2.69348	8.32916	
2.69684	8.34137	
2.70203	8.33099	
2.69501	8.3313	
2.69409	8.33099	
2.6944	8.33191	
2.69073	8.35541	
2.69867	8.33649	
2.70508	8.34137	
2.69318	8.33954	
2.69348	8.33801	
2.71057	8.34442	
2.69745	8.3429	
2.69684	8.32855	
2.70538	8.33405	
2.71454	8.3429	
2.69501	8.3316	
2.69592	8.33282	
2.70355	8.34167	
2.69806	8.32367	
2.68524	8.31879	
2.69135	8.32428	
2.69958	8.33496	
2.68433	8.32306	
2.6944	8.33374	
2.69836	8.3374	
2.70477	8.3371	
2.70233	8.35175	
2.70111	8.34076	
2.69409	8.33038	
2.69196	8.35175	
2.70233	8.35083	
2.69989	8.34778	
2.69379	8.34808	
2.69104	8.34808	
2.70172	8.33313	
2.71088	8.33069	
2.69623	8.33099	
2.69501	8.32947	
2.70172	8.33069	
2.70264	8.32947	
2.69501	8.32214	
2.69409	8.33191	
2.69592	8.3252	
2.70325	8.3432	
2.70416	8.33832	
2.68921	8.33374	
2.70233	8.32153	
2.68158	8.33099	
2.69592	8.32001	
2.70325	8.33557	
2.69165	8.33008	
2.69043	8.33405	
2.69073	8.35602	
2.69714	8.3313	
2.69867	8.33282	
2.6944	8.34564	
2.69714	8.33527	
2.70172	8.35083	
2.69318	8.3432	
2.69806	8.33252	
2.70355	8.33893	
2.69684	8.33099	
2.69897	8.33862	
2.70294	8.33679	
2.69958	8.34686	
2.70325	8.34137	
2.70081	8.3374	
2.71149	8.3371	
2.69745	8.33405	
2.6944	8.32672	
2.68707	8.31909	
2.68585	8.32977	
2.69135	8.32825	
2.69806	8.32367	
2.69348	8.3374	
2.69775	8.3313	
2.69592	8.32977	
2.70508	8.33557	
2.69501	8.33679	
2.69806	8.34259	
2.70813	8.33466	
2.70081	8.33771	
2.70142	8.33313	
2.68707	8.3197	
2.69897	8.33557	
2.71057	8.3255	
2.71484	8.34167	
2.69775	8.34167	
2.69714	8.33282	
2.6886	8.33252	
2.69836	8.33862	
2.69806	8.33801	
2.69653	8.34045	
2.69806	8.32703	
2.69257	8.35114	
2.69135	8.34167	
2.70172	8.33527	
2.69989	8.33435	
2.70294	8.35876	
2.6944	8.35907	
2.69592	8.34778	
2.70111	8.36517	
2.69836	8.34808	
2.70294	8.35876	
2.6944	8.36487	
2.6947	8.35754	
2.70874	8.36151	
2.70233	8.36548	
2.69653	8.36334	
2.68799	8.34564	
2.70294	8.35114	
2.69196	8.34686	
2.69531	8.34625	
2.69012	8.34229	
2.69104	8.34137	
2.70081	8.34137	
2.69104	8.34076	
2.6947	8.34717	
2.69257	8.35266	
2.68982	8.33618	
2.68616	8.3551	
2.70081	8.34381	
2.69043	8.33282	
2.70294	8.34473	
2.69836	8.35358	
2.69989	8.35693	
2.69379	8.35205	
2.69165	8.34595	
2.68982	8.35968	
2.6944	8.32886	
2.70355	8.35785	
2.7002	8.33008	
2.70325	8.34808	
2.70111	8.33832	
2.69379	8.34778	
2.69409	8.34503	
2.68768	8.35083	
2.69958	8.35449	
2.69257	8.34198	
2.69806	8.34961	
2.70599	8.34534	
2.69745	8.35022	
2.69653	8.33496	
2.69653	8.32001	
2.70172	8.34686	
2.70355	8.32855	
2.69897	8.32886	
2.69928	8.33527	
2.69073	8.32642	
2.69501	8.32428	
2.69257	8.32062	
2.68616	8.32245	
2.69165	8.3139	
2.70264	8.33008	
2.6947	8.3255	
2.68829	8.33008	
2.69379	8.32245	
2.69684	8.33099	
2.70233	8.32733	
2.69867	8.33405	
2.69531	8.32947	
2.71149	8.3313	
2.7063	8.32123	
2.69165	8.33557	
2.68982	8.32489	
2.69653	8.32733	
2.70203	8.3429	
2.7005	8.32916	
2.69409	8.3429	
2.69012	8.32458	
2.69073	8.31024	
2.69562	8.32153	
2.69348	8.33313	
2.70294	8.33679	
2.71027	8.31848	
2.7005	8.33832	
2.69806	8.3313	
2.70081	8.32703	
2.69318	8.33496	
2.69043	8.33862	
2.69318	8.33649	
2.69714	8.34473	
2.69684	8.32764	
2.69989	8.32703	
2.70447	8.32458	
2.69806	8.33801	
2.68951	8.33313	
2.69867	8.33649	
2.70264	8.32886	
2.69897	8.3313	
2.6944	8.33893	
2.69867	8.33099	
2.69287	8.33374	
2.69226	8.3371	
2.68982	8.33008	
2.69379	8.32367	
2.70538	8.3316	
2.71271	8.32245	
2.69775	8.32672	
2.68921	8.33313	
2.68829	8.33557	
2.69409	8.33008	
2.69775	8.32764	
2.69043	8.33435	
2.69135	8.32489	
2.70111	8.33374	
2.70386	8.33313	
2.71851	8.3313	
2.70233	8.33282	
2.68372	8.32825	
2.68219	8.33618	
2.69745	8.34961	
2.69836	8.34534	
2.69135	8.33374	
2.69745	8.34015	
2.69867	8.34137	
2.69897	8.35022	
2.69745	8.34137	
2.7002	8.34839	
2.69562	8.34625	
2.69653	8.34198	
2.69073	8.34961	
2.69073	8.34717	
2.7002	8.35938	
2.69928	8.35571	
2.70477	8.36182	
2.69989	8.35724	
2.70172	8.3609	
2.70569	8.35236	
2.70172	8.34656	
2.71088	8.34564	
2.69928	8.36121	
2.69043	8.35876	
2.6947	8.34961	
2.69928	8.34869	
2.70111	8.35266	
2.69989	8.34747	
2.69379	8.34656	
2.69104	8.34381	
2.68799	8.34259	
2.69165	8.35175	
2.70172	8.35175	
2.69806	8.33893	
2.70325	8.35114	
2.69592	8.34259	
2.69562	8.34351	
2.69073	8.35358	
2.70111	8.33954	
2.70691	8.34564	
2.70294	8.34961	
2.7005	8.35968	
2.69684	8.35541	
2.6947	8.33618	
2.6886	8.32489	
2.6944	8.34686	
2.6886	8.35266	
2.69379	8.35846	
2.70233	8.35236	
2.69226	8.33893	
2.68585	8.35663	
2.70233	8.33191	
2.69806	8.35693	
2.68616	8.35327	
2.69196	8.34961	
2.69714	8.35327	
2.69623	8.35052	
2.70264	8.35846	
2.69806	8.34381	
2.68646	8.34625	
2.69135	8.3551	
2.69897	8.34259	
2.70172	8.34473	
2.71118	8.33588	
2.69775	8.35388	
2.69196	8.35571	
2.69165	8.35785	
2.69806	8.33923	
2.70264	8.37036	
2.69684	8.35114	
2.70386	8.35388	
2.69379	8.34991	
2.69623	8.35388	
2.70081	8.34839	
2.69287	8.34503	
2.69928	8.35419	
2.70294	8.3667	
2.70294	8.35571	
2.69043	8.34076	
2.68646	8.35083	
2.69226	8.35052	
2.68951	8.33221	
2.69318	8.34534	
2.68799	8.3667	
2.69073	8.36548	
2.70081	8.34808	
2.68402	8.32855	
2.69165	8.34839	
2.69958	8.34808	
2.70172	8.33374	
2.70203	8.33405	
2.69257	8.35602	
2.69226	8.33588	
2.69257	8.35297	
2.69775	8.35175	
2.70111	8.34869	
2.71393	8.34717	
2.70172	8.34564	
2.69318	8.33344	
2.69104	8.3429	
2.69196	8.34747	
2.69043	8.34015	
2.68982	8.34412	
2.7005	8.35632	
2.7005	8.349	
2.70386	8.3548	
2.70416	8.35938	
2.69562	8.33862	
2.69073	8.367	
2.68494	8.36517	
2.6947	8.35449	
2.69531	8.35571	
2.68555	8.37616	
2.69257	8.35999	
2.70081	8.36731	
2.69562	8.36517	
2.70325	8.35938	
2.70294	8.35266	
2.70264	8.3551	
2.70477	8.36945	
2.69836	8.36853	
2.70477	8.35175	
2.70172	8.34167	
2.70294	8.35388	
2.70111	8.34839	
2.69867	8.34747	
2.70538	8.35052	
2.69196	8.34106	
2.68585	8.32581	
2.70447	8.35175	
2.69714	8.34106	
2.69897	8.35327	
2.70111	8.34991	
2.70477	8.3371	
2.69531	8.33252	
2.70386	8.34045	
2.70172	8.32977	
2.70172	8.33252	
2.69623	8.32947	
2.69257	8.3313	
2.69348	8.33038	
2.69226	8.33923	
2.69318	8.3371	
2.69287	8.34869	
2.69928	8.32764	
2.69196	8.33649	
2.68982	8.35052	
2.68646	8.34686	
2.69684	8.33282	
2.68982	8.33313	
2.69653	8.32642	
2.69745	8.33496	
2.69623	8.34717	
2.69257	8.33313	
2.68433	8.32947	
2.69562	8.34259	
2.68982	8.33344	
2.69104	8.33618	
2.69684	8.35663	
2.69928	8.32855	
2.68402	8.33862	
2.69348	8.32672	
2.69226	8.32153	
2.69531	8.32367	
2.69562	8.32123	
2.69135	8.3371	
2.69867	8.33679	
2.69775	8.33771	
2.69562	8.3316	
2.69379	8.34198	
2.70325	8.33862	
2.69287	8.33618	
2.7066	8.33191	
2.68829	8.34869	
2.69104	8.33405	
2.69897	8.33588	
2.69318	8.34595	
2.70233	8.35571	
2.70111	8.34045	
2.69318	8.33191	
2.69562	8.34991	
2.69379	8.35175	
2.70416	8.34686	
2.6944	8.32916	
2.70477	8.33557	
2.70203	8.35236	
2.70264	8.33832	
2.70203	8.34717	
2.69684	8.3429	
2.71088	8.34381	
2.70294	8.3548	
2.68738	8.35144	
2.68799	8.34625	
2.69409	8.34717	
2.70264	8.3432	
2.70111	8.35968	
2.70508	8.36487	
2.6947	8.35297	
2.70325	8.3609	
2.70691	8.35419	
2.7005	8.3667	
2.69257	8.36121	
2.68402	8.3429	
2.6947	8.35571	
2.69135	8.36395	
2.69501	8.36365	
2.69043	8.37128	
2.69226	8.35602	
2.69531	8.36334	
2.69592	8.35266	
2.69745	8.3606	
2.70569	8.35175	
2.70172	8.34839	
2.70691	8.35358	
2.69318	8.36243	
2.70264	8.35022	
2.70142	8.34625	
2.70264	8.36212	
2.69745	8.35571	
2.69226	8.35205	
2.69653	8.33435	
2.69104	8.32001	
2.69775	8.3374	
2.69104	8.34595	
2.69379	8.34076	
2.68799	8.34229	
2.69623	8.35602	
2.70447	8.34442	
2.69958	8.3371	
2.69623	8.34534	
2.71179	8.33405	
2.70569	8.33008	
2.70569	8.33282	
2.70142	8.34045	
2.69714	8.34503	
2.69531	8.32458	
2.70142	8.34259	
2.69287	8.35632	
2.68951	8.3551	
2.69714	8.34351	
2.6944	8.35388	
2.69836	8.33832	
2.70203	8.34534	
2.70294	8.3432	
2.69775	8.36823	
2.69562	8.37372	
2.70081	8.36273	
2.68982	8.3548	
2.69379	8.35144	
2.69928	8.3551	
2.69226	8.3667	
2.69073	8.3493	
2.69653	8.36212	
2.69592	8.34808	
2.69043	8.35907	
2.69775	8.35327	
2.7002	8.34869	
2.69684	8.35938	
2.69897	8.33923	
2.69958	8.349	
2.7002	8.35022	
2.70325	8.35114	
2.69775	8.35999	
2.68921	8.35236	
2.68616	8.33008	
2.68829	8.33954	
2.70386	8.33069	
2.70203	8.33374	
2.70111	8.33801	
2.69531	8.35876	
2.69257	8.34747	
2.68463	8.32611	
2.69043	8.34717	
2.69165	8.3551	
2.69592	8.36823	
2.69196	8.36212	
2.69257	8.35999	
2.68768	8.34839	
2.68463	8.35388	
2.69318	8.367	
2.69562	8.36212	
2.69165	8.34839	
2.69501	8.35144	
2.69836	8.36761	
2.70477	8.35541	
2.71149	8.35266	
2.69714	8.37311	
2.69073	8.34961	
2.68738	8.36487	
2.69257	8.34717	
2.7005	8.35815	
2.69836	8.35358	
2.70325	8.35663	
2.69257	8.35785	
2.69287	8.35419	
2.68829	8.35083	
2.69287	8.34045	
2.70599	8.35083	
2.70233	8.34839	
2.69562	8.34503	
2.69714	8.34747	
2.69531	8.35754	
2.69287	8.34442	
2.69836	8.35052	
2.70294	8.36304	
2.71088	8.34808	
2.70477	8.33954	
2.70142	8.33893	
2.68829	8.34686	
2.69562	8.35419	
2.68646	8.35022	
2.69531	8.34106	
2.70355	8.33282	
2.69653	8.33832	
2.69104	8.33771	
2.68616	8.34564	
2.69165	8.35236	
2.69104	8.3609	
2.69196	8.36761	
2.69958	8.349	
2.69226	8.36334	
2.70111	8.34229	
2.69806	8.34625	
2.70142	8.35846	
2.70416	8.35052	
2.69745	8.34991	
2.70081	8.3548	
2.69867	8.36792	
2.7002	8.367	
2.70416	8.36029	
2.69745	8.3551	
2.69073	8.36182	
2.68951	8.36609	
2.68951	8.3432	
2.68921	8.35419	
2.69501	8.34839	
2.69836	8.35327	
2.69165	8.34961	
2.69867	8.34717	
2.71454	8.33984	
2.70233	8.33618	
2.70233	8.34259	
2.70142	8.35114	
2.69806	8.34076	
2.69684	8.32733	
2.68677	8.33557	
2.69226	8.34045	
2.69653	8.3371	
2.69531	8.33466	
2.69348	8.34015	
2.70416	8.35236	
2.69989	8.3255	
2.69501	8.33344	
2.69928	8.32214	
2.7002	8.32062	
2.69501	8.33069	
2.69226	8.3194	
2.68585	8.3139	
2.69745	8.33344	
2.69348	8.34259	
2.69104	8.33557	
2.70233	8.34106	
2.70996	8.34595	
2.69684	8.34015	
2.70233	8.35632	
2.69806	8.34747	
2.69958	8.35388	
2.70477	8.34198	
2.70294	8.32947	
2.69226	8.3432	
2.68738	8.34076	
2.69836	8.33893	
2.69531	8.3313	
2.69318	8.3252	
2.6947	8.3252	
2.69745	8.34381	
2.69012	8.35663	
2.69135	8.35754	
2.68677	8.35144	
2.69287	8.34778	
2.69012	8.35846	
2.6889	8.36945	
2.69897	8.36639	
2.69867	8.36273	
2.70294	8.36029	
2.69318	8.33893	
2.70477	8.33893	
2.70233	8.34015	
2.69165	8.349	
2.69592	8.3548	
2.68616	8.34534	
2.68921	8.35236	
2.69684	8.33893	
2.68951	8.33832	
2.69348	8.3725	
2.69257	8.3606	
2.69104	8.3606	
2.69653	8.3609	
2.69012	8.36151	
2.69257	8.36578	
2.69409	8.35632	
2.69409	8.35693	
2.70721	8.367	
2.70081	8.35693	
2.70569	8.35785	
2.70355	8.36487	
2.70294	8.37158	
2.7002	8.3783	
2.69745	8.36395	
2.7121	8.37952	
2.70233	8.36639	
2.69897	8.35999	
2.70416	8.36731	
2.69928	8.35938	
2.69684	8.36334	
2.7005	8.3551	
2.71027	8.34473	
2.70355	8.35846	
2.70782	8.34869	
2.69928	8.36121	
2.70233	8.35449	
2.70508	8.35327	
2.70172	8.34595	
2.71057	8.34045	
2.69653	8.3667	
2.69928	8.37494	
2.70203	8.35724	
2.70477	8.34808	
2.69653	8.35327	
2.70142	8.3548	
2.7121	8.36487	
2.70264	8.35602	
2.70264	8.33832	
2.69135	8.34595	
2.69592	8.35938	
2.69867	8.33771	
2.70111	8.36578	
2.70782	8.37494	
2.69775	8.35419	
2.68982	8.35846	
2.69409	8.36365	
2.69104	8.3551	
2.69867	8.36212	
2.68707	8.37097	
2.68433	8.36029	
2.69165	8.34778	
2.70355	8.35724	
2.70142	8.34625	
2.71088	8.35419	
2.70599	8.35785	
2.70477	8.36365	
2.70081	8.35144	
2.69348	8.36121	
2.69897	8.3551	
2.70142	8.34259	
2.69867	8.36273	
2.69226	8.33832	
2.70172	8.3551	
2.69745	8.34656	
2.70477	8.34961	
2.70691	8.33923	
2.70599	8.34381	
2.70386	8.34351	
2.6947	8.3371	
2.7005	8.34778	
2.69958	8.33679	
2.68768	8.3316	
2.68738	8.349	
2.68982	8.31451	
2.69318	8.32001	
2.69196	8.3252	
2.68799	8.33954	
2.69928	8.34686	
2.69958	8.32275	
2.69684	8.31696	
2.6944	8.32489	
2.68738	8.33252	
2.68646	8.33496	
2.70142	8.33557	
2.69592	8.33862	
2.69287	8.3432	
2.69989	8.33679	
2.69135	8.34412	
2.69318	8.33008	
2.6947	8.33588	
2.69257	8.33862	
2.69653	8.3371	
2.70111	8.33557	
2.70813	8.34106	
2.6944	8.35083	
2.69684	8.34076	
2.70142	8.3432	
2.68433	8.34991	
2.69409	8.34412	
2.69257	8.35449	
2.70294	8.34412	
2.70264	8.35175	
2.70355	8.34686	
2.70172	8.33801	
2.69897	8.35663	
2.70325	8.3548	
2.69379	8.35114	
2.69104	8.35266	
2.70233	8.34839	
2.70325	8.34503	
2.69928	8.3432	
2.69287	8.34015	
2.70111	8.35358	
2.68768	8.33984	
2.69165	8.35663	
2.69958	8.34381	
2.71423	8.34869	
2.70203	8.33221	
2.70142	8.34106	
2.69562	8.35449	
2.6944	8.35388	
2.6944	8.35419	
2.69165	8.3551	
2.68555	8.35541	
2.69867	8.34473	
2.69958	8.35175	
2.69379	8.35052	
2.68829	8.33923	
2.69836	8.34961	
2.70111	8.34656	
2.69958	8.34412	
2.69745	8.35571	
2.69409	8.35022	
2.69958	8.3548	
2.69318	8.36365	
2.70782	8.34961	
2.69623	8.35114	
2.69409	8.35846	
2.69592	8.34167	
2.70752	8.36212	
2.69043	8.3432	
2.69348	8.35419	
2.70081	8.35114	
2.69714	8.34961	
2.69379	8.34717	
2.70142	8.34778	
2.69928	8.35846	
2.68555	8.35236	
2.69653	8.36121	
2.69745	8.36212	
2.69897	8.34534	
2.69745	8.35114	
2.70325	8.3606	
2.69531	8.35144	
2.69257	8.33405	
2.69806	8.35999	
2.70416	8.35632	
2.70538	8.35632	
2.69684	8.3609	
2.69073	8.36456	
2.69928	8.35815	
2.70233	8.36945	
2.70111	8.35449	
2.69806	8.36639	
2.69653	8.36273	
2.69836	8.36548	
2.70111	8.35388	
2.68982	8.35754	
2.69348	8.35327	
2.69623	8.35663	
2.70172	8.36395	
2.69745	8.3609	
2.69684	8.37524	
2.70081	8.35785	
2.69409	8.34961	
2.69104	8.35938	
2.69257	8.34778	
2.69379	8.35876	
2.7124	8.36395	
2.7002	8.3667	
2.70538	8.35449	
2.69836	8.36395	
2.69562	8.37738	
2.69165	8.36853	
2.70233	8.36029	
2.69135	8.35571	
2.69012	8.36426	
2.69073	8.36823	
2.69348	8.36151	
2.69318	8.35968	
2.69562	8.35999	
2.70142	8.35571	
2.70111	8.35876	
2.7063	8.35602	
2.69653	8.36212	
2.69287	8.34595	
2.69531	8.36243	
2.69287	8.35358	
2.69012	8.36792	
2.69867	8.35388	
2.71179	8.3548	
2.69531	8.35266	
2.69135	8.35602	
2.69989	8.32825	
2.71149	8.34534	
2.70203	8.35815	
2.70386	8.35419	
2.69806	8.33832	
2.69531	8.35815	
2.69257	8.34778	
2.68982	8.35205	
2.69745	8.33801	
2.70233	8.34686	
2.69775	8.33801	
2.69592	8.3548	
2.68311	8.34351	
2.70081	8.34076	
2.7005	8.35175	
2.7002	8.349	
2.68402	8.33374	
2.69928	8.34961	
2.70142	8.35022	
2.6944	8.34839	
2.69531	8.34869	
2.7002	8.34839	
2.69745	8.33099	
2.6944	8.3551	
2.68951	8.33069	
2.69775	8.34198	
2.70386	8.32764	
2.69928	8.33862	
2.69073	8.33191	
2.69073	8.3432	
2.70142	8.32947	
2.69836	8.35602	
2.69257	8.33649	
2.69379	8.34229	
2.70111	8.35693	
2.7066	8.34656	
2.68646	8.3374	
2.69501	8.33862	
2.7005	8.34686	
2.69928	8.34381	
2.68402	8.34839	
2.70233	8.35999	
2.70081	8.3432	
2.69745	8.33008	
2.69867	8.32397	
2.70294	8.34076	
2.6944	8.34778	
2.69287	8.32855	
2.68402	8.349	
2.70111	8.34412	
2.70508	8.35358	
2.69562	8.3429	
2.6889	8.34808	
2.69348	8.349	
2.69958	8.34747	
2.69348	8.35236	
2.70386	8.3551	
2.69592	8.34198	
2.69348	8.33923	
2.69165	8.34412	
2.70294	8.34473	
2.69562	8.33893	
2.69501	8.35114	
2.7063	8.33344	
2.69684	8.33771	
2.7002	8.3313	
2.70111	8.34961	
2.70874	8.32794	
2.6944	8.34259	
2.71088	8.33099	
2.70142	8.34747	
2.69104	8.34015	
2.70416	8.34229	
2.69806	8.34717	
2.69318	8.36456	
2.7066	8.34991	
2.69409	8.34595	
2.68127	8.35571	
2.69928	8.36395	
2.69653	8.35052	
2.69653	8.34412	
2.69714	8.35724	
2.69104	8.36395	
2.69653	8.34503	
2.69928	8.34015	
2.71423	8.35297	
2.69287	8.35144	
2.69562	8.35358	
2.70294	8.34747	
2.69257	8.34747	
2.70325	8.34198	
2.70447	8.34717	
2.69287	8.35175	
2.69348	8.35327	
2.70508	8.35541	
2.69287	8.35663	
2.69958	8.35419	
2.69135	8.33679	
2.69562	8.3429	
2.69775	8.35815	
2.69196	8.35175	
2.69775	8.35693	
2.69897	8.35938	
2.69073	8.35602	
2.69623	8.36304	
2.70782	8.35876	
2.69409	8.35724	
2.71545	8.36151	
2.69196	8.35114	
2.69012	8.35663	
2.70538	8.34412	
2.70752	8.349	
2.69135	8.35785	
2.69318	8.35693	
2.69684	8.34442	
2.69714	8.35022	
2.69379	8.35236	
2.70294	8.35388	
2.69989	8.35876	
2.68799	8.35175	
2.70233	8.35052	
2.7002	8.34473	
2.69836	8.34625	
2.68219	8.35144	
2.70386	8.37219	
2.69836	8.34808	
2.69379	8.3548	
2.69867	8.36334	
2.69287	8.36212	
2.69257	8.36731	
2.69714	8.35022	
2.69867	8.3432	
2.7005	8.35266	
2.69135	8.35114	
2.68921	8.36609	
2.69531	8.36487	
2.70325	8.36578	
2.69897	8.34839	
2.6944	8.35388	
2.69287	8.3493	
2.70111	8.37006	
2.69958	8.36456	
2.7002	8.35602	
2.68768	8.3725	
2.7005	8.3786	
2.69562	8.37677	
2.6889	8.36945	
2.69501	8.367	
2.70538	8.36792	
2.7005	8.36548	
2.69073	8.36456	
2.70386	8.36395	
2.69775	8.36731	
2.69379	8.38379	
2.69806	8.37494	
2.70111	8.35724	
2.69257	8.37189	
2.69257	8.37158	
2.69379	8.36853	
2.69958	8.36243	
2.69592	8.35785	
2.69653	8.37891	
2.70264	8.35724	
2.7002	8.37738	
2.69745	8.37738	
2.69104	8.37585	
2.69104	8.38074	
2.69745	8.37952	
2.70142	8.37616	
2.69562	8.37708	
2.69012	8.37616	
2.70081	8.35938	
2.70508	8.3728	
2.70233	8.38165	
2.69867	8.38593	
2.68372	8.38654	
2.69958	8.38684	
2.69501	8.38165	
2.69043	8.37891	
2.70844	8.38196	
2.70111	8.37036	
2.6947	8.38196	
2.68951	8.3847	
2.70233	8.38257	
2.70142	8.38104	
2.69623	8.36914	
2.69623	8.37036	
2.69348	8.37982	
2.70294	8.37189	
2.69745	8.36914	
2.69287	8.38806	
2.7063	8.37799	
2.69775	8.38562	
2.69836	8.37952	
2.70264	8.38257	
2.6944	8.37158	
2.69836	8.37769	
2.69867	8.36334	
2.70355	8.36151	
2.69348	8.35938	
2.70996	8.36914	
2.69653	8.34564	
2.69592	8.36151	
2.70325	8.37738	
2.70477	8.36761	
2.69043	8.3609	
2.7002	8.38562	
2.69928	8.38043	
2.71118	8.37738	
2.69714	8.36487	
2.69379	8.37952	
2.70294	8.39111	
2.68738	8.38013	
2.69135	8.38989	
2.69836	8.37646	
2.69653	8.36578	
2.68738	8.37646	
2.70294	8.35907	
2.69958	8.36426	
2.69104	8.36212	
2.70599	8.36121	
2.69958	8.36273	
2.69501	8.35144	
2.70203	8.37097	
2.6944	8.35724	
2.70294	8.35327	
2.69287	8.34015	
2.70111	8.35663	
2.69226	8.34412	
2.69958	8.34198	
2.70569	8.35388	
2.70203	8.34473	
2.6947	8.34808	
2.70477	8.35205	
2.69196	8.36853	
2.70172	8.37463	
2.69501	8.39111	
2.69409	8.37158	
2.70599	8.37799	
2.69348	8.35693	
2.7002	8.3551	
2.69012	8.35785	
2.70264	8.34381	
2.69073	8.34625	
2.70935	8.35419	
2.69897	8.35052	
2.69257	8.35663	
2.69257	8.35052	
2.68921	8.34869	
2.69562	8.34137	
2.70172	8.35297	
2.6944	8.36914	
2.69501	8.37585	
2.69318	8.36914	
2.70477	8.36792	
2.69623	8.37769	
2.69104	8.37402	
2.69897	8.36945	
2.70538	8.36731	
2.69012	8.36914	
2.70691	8.37006	
2.70538	8.3606	
2.69958	8.36914	
2.69531	8.36334	
2.70905	8.35571	
2.7002	8.35724	
2.70203	8.37341	
2.69623	8.36731	
2.68616	8.36975	
2.70264	8.35022	
2.70142	8.35449	
2.70447	8.34961	
2.68738	8.33954	
2.69104	8.35022	
2.70233	8.3551	
2.69501	8.35571	
2.68707	8.35205	
2.7066	8.35236	
2.69379	8.35754	
2.69714	8.35663	
2.69806	8.35785	
2.69165	8.34808	
2.69714	8.35602	
2.70752	8.34747	
2.69745	8.34656	
2.68951	8.33984	
2.70355	8.34167	
2.70691	8.35358	
2.69165	8.34717	
2.7005	8.34167	
2.69806	8.35846	
2.6944	8.34442	
2.7005	8.34778	
2.71271	8.35785	
2.70325	8.35358	
2.69379	8.3548	
2.69897	8.3548	
2.68585	8.34534	
2.7063	8.34259	
2.68982	8.36121	
2.70508	8.35663	
2.69226	8.35907	
2.69958	8.3667	
2.70477	8.36578	
2.69348	8.35876	
2.70142	8.34564	
2.70325	8.35358	
2.69623	8.33588	
2.69928	8.34473	
2.70325	8.34442	
2.6828	8.36975	
2.70782	8.3551	
2.69318	8.35632	
2.69897	8.35052	
2.68982	8.34564	
2.69257	8.34869	
2.69958	8.36304	
2.70386	8.33771	
2.69501	8.34381	
2.69165	8.35266	
2.70203	8.33099	
2.69196	8.33221	
2.70233	8.33557	
2.68402	8.32336	
2.70386	8.34442	
2.6944	8.34045	
2.70172	8.34045	
2.69257	8.35114	
2.70538	8.34198	
2.6944	8.34839	
2.69287	8.35327	
2.70264	8.33862	
2.6944	8.33191	
2.7005	8.33893	
2.70325	8.3548	
2.69958	8.36029	
2.68402	8.3432	
2.70172	8.35236	
2.69257	8.33649	
2.69012	8.36151	
2.68738	8.3429	
2.69867	8.37006	
2.70111	8.34229	
2.70599	8.35602	
2.69684	8.33893	
2.68829	8.33557	
2.69958	8.34167	
2.70508	8.34076	
2.69348	8.35236	
2.70355	8.34167	
2.70294	8.34778	
2.69287	8.34686	
2.69226	8.35876	
2.71271	8.3432	
2.69684	8.35052	
2.69531	8.34381	
2.69836	8.34808	
2.71057	8.36761	
2.70294	8.36273	
2.70142	8.34015	
2.69409	8.34473	
2.70325	8.35388	
2.7063	8.35632	
2.69867	8.34656	
2.69379	8.34656	
2.70264	8.32977	
2.70447	8.33344	
2.69287	8.34442	
2.70447	8.33344	
2.68829	8.33038	
2.69379	8.3316	
2.69958	8.31818	
2.69257	8.33038	
2.69653	8.34686	
2.69775	8.32916	
2.6944	8.34473	
2.69043	8.34686	
2.70325	8.349	
2.69806	8.35724	
2.69501	8.35175	
2.70477	8.33038	
2.69531	8.3313	
2.71118	8.34351	
2.69592	8.33588	
2.70264	8.3429	
2.69592	8.34198	
2.69867	8.34045	
2.69287	8.33862	
2.69928	8.35602	
2.69318	8.34717	
2.70325	8.34198	
2.68799	8.34534	
2.7005	8.35114	
2.69379	8.33832	
2.69348	8.34503	
2.70172	8.34351	
2.69257	8.33344	
2.70355	8.34442	
2.69257	8.32336	
2.70264	8.33801	
2.68677	8.3255	
2.70569	8.33527	
2.7005	8.32886	
2.69257	8.32825	
2.70508	8.32764	
2.69226	8.32916	
2.70264	8.32214	
2.7066	8.34015	
2.69623	8.32672	
2.71027	8.32886	
2.68799	8.32611	
2.70172	8.3252	
2.70081	8.31818	
2.6947	8.33618	
2.69165	8.31787	
2.7002	8.32764	
2.70203	8.32703	
2.69562	8.33771	
2.70203	8.32153	
2.69501	8.33588	
2.7005	8.33862	
2.70264	8.34137	
2.69379	8.33038	
2.71118	8.32336	
2.6944	8.33801	
2.69806	8.33893	
2.69318	8.32642	
2.69653	8.33466	
2.69897	8.33252	
2.69684	8.33496	
2.69897	8.33008	
2.7002	8.3255	
2.69012	8.32886	
2.69562	8.32642	
2.70081	8.32825	
2.69531	8.3139	
2.68616	8.32733	
2.70569	8.31696	
2.70264	8.33496	
2.69806	8.32733	
2.69684	8.32733	
2.71332	8.35052	
2.69409	8.3371	
2.69958	8.34015	
2.69745	8.32855	
2.7124	8.33344	
2.69623	8.32275	
2.70508	8.32642	
2.70325	8.33893	
2.69745	8.35754	
2.69806	8.34167	
2.69318	8.33923	
2.69745	8.349	
2.6944	8.34198	
2.70996	8.33923	
2.69592	8.34503	
2.69836	8.34198	
2.69073	8.35419	
2.70325	8.33374	
2.6828	8.33618	
2.70508	8.32733	
2.7002	8.34259	
2.70905	8.35022	
2.69623	8.34351	
2.70844	8.35602	
2.69409	8.33557	
2.69867	8.34747	
2.70294	8.34686	
2.68707	8.34808	
2.70538	8.35205	
2.69318	8.33893	
2.70538	8.35022	
2.69623	8.33771	
2.70294	8.35144	
2.69379	8.3429	
2.69775	8.3374	
2.69623	8.33588	
2.69745	8.33893	
2.69623	8.34747	
2.7066	8.34503	
2.69348	8.35632	
2.69928	8.34473	
2.69409	8.33282	
2.69806	8.3371	
2.6947	8.32672	
2.70172	8.34564	
2.70538	8.35144	
2.68494	8.34595	
2.70599	8.35999	
2.69043	8.34076	
2.70203	8.34534	
2.69562	8.34869	
2.70752	8.33984	
2.69806	8.33893	
2.70233	8.33374	
2.69623	8.34534	
2.70691	8.32428	
2.6947	8.33984	
2.70508	8.32397	
2.69409	8.33069	
2.69623	8.31909	
2.69379	8.34198	
2.69043	8.32825	
2.69684	8.3432	
2.69958	8.34412	
2.64282	8.33954	
2.40753	8.34351	
1.96503	8.38043	
1.51428	8.38654	
1.10077	8.44086	
0.790405	8.48969	
0.557861	8.53363	
0.366821	8.5675	
0.25238	8.61084	
0.173645	8.63403	
0.109558	8.65936	
0.0814819	8.67767	
0.0482178	8.70667	
0.0299072	8.72284	
0.0274658	8.7146	
0.0119019	8.72589	
0.0198364	8.73779	
0.00335693	8.7265	
-0.000915527	8.74786	
0.00854492	8.73199	
0.00518799	8.73322	
0.0177002	8.7323	
-0.00427246	8.73962	
-0.00152588	8.72742	
0.00396729	8.72406	
0.00457764	8.73749	
0.00823975	8.74878	
0.000915527	8.73199	
-0.00183105	8.73474	
0.00701904	8.73199	
-0.00915527	8.7381	
0.00274658	8.75427	
0.010376	8.75153	
-0.00640869	8.7442	
0.00518799	8.74756	
0.00335693	8.74359	
0.00213623	8.74786	
0.00457764	8.7439	
0.00579834	8.73199	
0.00518799	8.73413	
0.00762939	8.73352	
0.0012207	8.73322	
0.00701904	8.73138	
-0.00366211	8.73962	
0.00244141	8.73474	
0.0195312	8.72284	
-0.00396729	8.72223	
0.00640869	8.73566	
0.00183105	8.7384	
0.00579834	8.74146	
0.00579834	8.73505	
0.00183105	8.72406	
0.0100708	8.73962	
0.00762939	8.73657	
-0.0012207	8.72894	
0.0088501	8.71704	
0.000915527	8.7088	
0.00915527	8.73627	
-0.000305176	8.73413	
0.0119019	8.72009	
0.00518799	8.73657	
-0.000610352	8.73657	
0.00457764	8.72131	
-0.00640869	8.72986	
0.0088501	8.75092	
0.00213623	8.73627	
0.010376	8.74329	
-0.000610352	8.74054	
0.0149536	8.73657	
-0.00488281	8.73749	
0.00518799	8.71887	
0.000610352	8.72253	
0.00183105	8.72589	
0.0234985	8.7326	
0.000915527	8.74359	
0.00732422	8.74268	
-0.00732422	8.76221	
0.0088501	8.74603	
-0.00396729	8.74695	
0.00823975	8.75366	
-0.00305176	8.74451	
0.00793457	8.74176	
0.00549316	8.76587	
-0.000610352	8.75488	
0.00335693	8.74542	
-0.00183105	8.74176	
0.0140381	8.75244	
0.000915527	8.74634	
0.00946045	8.74512	
-0.00579834	8.74878	
0.00976562	8.7439	
0.00274658	8.7442	
-0.00518799	8.73871	
0.00854492	8.74969	
-0.000610352	8.73413	
0.00610352	8.73627	
-0.00244141	8.74451	
0.00823975	8.74359	
-0.000610352	8.75366	
0.0109863	8.7439	
-0.000915527	8.74023	
0.0198364	8.75671	
-0.00183105	8.75549	
0.00762939	8.74207	
0.00854492	8.7561	
0.00457764	8.75671	
-0.00213623	8.76221	
0.0100708	8.75214	
0.00152588	8.76068	
0.00946045	8.76404	
-0.00305176	8.76129	
0.00610352	8.78052	
0.00732422	8.78204	
0.0131226	8.78204	
0.00152588	8.79028	
0.00549316	8.78235	
0.010376	8.76709	
0.00183105	8.77777	
0.00793457	8.76953	
0.00305176	8.76678	
0.0137329	8.76984	
-0.00640869	8.76678	
0.00823975	8.78479	
-0.00305176	8.77289	
0.00976562	8.77258	
-0.00671387	8.75092	
0.00701904	8.7616	
-0.00213623	8.75977	
0.0131226	8.76648	
-0.00854492	8.77045	
0.00732422	8.76801	
-0.00366211	8.75458	
0.010376	8.77869	
0.000915527	8.77228	
0.00244141	8.76526	
0.00701904	8.77258	
-0.00213623	8.77472	
0.0128174	8.78296	
-0.00183105	8.78052	
0.00427246	8.76556	
-0.00274658	8.76465	
-0.000915527	8.78174	
0.0100708	8.78784	
0.000610352	8.76923	
0.0183105	8.78174	
-0.00335693	8.78235	
0.00610352	8.78357	
0.00244141	8.7735	
0.0100708	8.77228	
0.0137329	8.76648	
-0.00701904	8.78571	
0.00793457	8.78967	
-0.00366211	8.77502	
0.00549316	8.7738	
0.00701904	8.78448	
0	8.75854	
0.00823975	8.77991	
-0.00183105	8.77228	
0.00640869	8.7735	
0.0146484	8.77411	
-0.00457764	8.78021	
0.00701904	8.76678	
-0.00457764	8.77014	
0.00671387	8.77411	
0	8.77258	
0.00305176	8.78143	
0.00640869	8.77502	
-0.00244141	8.77197	
-0.000610352	8.78326	
0.00335693	8.78906	
0.00823975	8.78296	
0.00701904	8.79425	
0.00762939	8.78418	
0.00701904	8.77899	
0.00244141	8.80249	
-0.00610352	8.79272	
0.00579834	8.79059	
-0.000305176	8.77747	
-0.00305176	8.79059	
0.0140381	8.78296	
-0.00152588	8.77289	
0.00701904	8.78082	
-0.000915527	8.78937	
-0.000305176	8.77991	
0.0164795	8.76221	
-0.00457764	8.76923	
-0.000305176	8.77411	
0.0112915	8.77289	
-0.00213623	8.77747	
0.00823975	8.77777	
0.0012207	8.76465	
-0.00152588	8.77655	
0.00946045	8.76892	
-0.00152588	8.75854	
0.00335693	8.76221	
0.00305176	8.76923	
0.00396729	8.77533	
0.00274658	8.77197	
0.00518799	8.77075	
0.0100708	8.78204	
-0.00854492	8.7735	
0.00213623	8.77014	
0.000305176	8.78082	
0.00579834	8.78937	
0.0115967	8.78052	
-0.00366211	8.78601	
0.00427246	8.77502	
0.00640869	8.77197	
-0.00274658	8.76709	
0.00762939	8.76221	
0.0119019	8.77319	
-0.00305176	8.77777	
0.0112915	8.7796	
0	8.77045	
-0.00244141	8.77838	
0.010376	8.77411	
0.00701904	8.77472	
0.00457764	8.76892	
-0.000305176	8.76892	
0.00274658	8.76373	
0.0170898	8.7674	
0.0012207	8.77655	
0.00396729	8.76282	
-0.000610352	8.76892	
0.0012207	8.79059	
0.0128174	8.77625	
-0.00366211	8.77441	
-0.00213623	8.77045	
-0.00213623	8.77472	
-0.00244141	8.77106	
0.00671387	8.79333	
0.0137329	8.78357	
0.00457764	8.76556	
-0.00274658	8.77106	
0.00915527	8.75854	
0.0088501	8.76648	
0.00335693	8.76709	
-0.00305176	8.77197	
-0.0143433	8.77319	
0.00549316	8.76984	
0.000305176	8.76923	
-0.00640869	8.75702	
0.00366211	8.76404	
0.00823975	8.77228	
-0.000610352	8.74664	
-0.00549316	8.74603	
0.00854492	8.74573	
0.00946045	8.74847	
-0.00335693	8.77747	
0.00701904	8.75214	
0.00610352	8.74725	
0.00396729	8.75519	
-0.00274658	8.74939	
0.00671387	8.76251	
0.000305176	8.76648	
0.010376	8.75702	
0	8.76648	
-0.00946045	8.76465	
0.00762939	8.76038	
0.00610352	8.76282	
0.000915527	8.74878	
0.00152588	8.75183	
-0.00244141	8.74817	
0.0143433	8.75641	
0.00305176	8.75732	
0.000915527	8.76038	
0.00823975	8.75305	
0.00671387	8.74573	
0.0109863	8.75366	
0.00244141	8.7735	
0.000915527	8.75732	
0.00701904	8.77777	
-0.000610352	8.77258	
0.0012207	8.75305	
-0.00244141	8.7677	
0.0131226	8.7674	
0.00854492	8.76831	
-0.0012207	8.76495	
0	8.76038	
0.00823975	8.76648	
0.0183105	8.76282	
0.0012207	8.77045	
0.00579834	8.77411	
0.00152588	8.76373	
-0.00457764	8.7674	
0.015564	8.76251	
-0.00152588	8.76038	
-0.00152588	8.77136	
0.00701904	8.75458	
0.00671387	8.75366	
-0.00640869	8.75549	
-0.00396729	8.7674	
0.00457764	8.7619	
-0.00549316	8.75763	
0.00366211	8.75824	
0.00305176	8.75244	
0.00762939	8.75336	
0.00274658	8.76465	
0.00701904	8.75366	
-0.00823975	8.73566	
0.00946045	8.74359	
0.0119019	8.75153	
0.000610352	8.75519	
0.00152588	8.74542	
0.00823975	8.75549	
0.00488281	8.74908	
-0.00762939	8.73962	
0.00335693	8.75854	
0.00213623	8.75702	
0.00610352	8.74786	
0.00549316	8.74756	
0.00823975	8.74756	
0.00427246	8.74695	
-0.00549316	8.76129	
0.00213623	8.75671	
-0.000915527	8.75214	
0.00701904	8.74298	
0.00671387	8.76251	
-0.00396729	8.75183	
0.00640869	8.7442	
-0.00213623	8.73962	
0.00213623	8.75092	
0.00671387	8.75092	
-0.00366211	8.73901	
0.00701904	8.75641	
0.00305176	8.73962	
-0.00274658	8.74695	
0.0183105	8.7561	
-0.00366211	8.76465	
-0.000915527	8.73749	
0.00488281	8.7442	
0.0119019	8.74084	
-0.00335693	8.74634	
0.00396729	8.74603	
0.00274658	8.74634	
0.00549316	8.74573	
0.00762939	8.73962	
-0.000305176	8.7381	
0.00427246	8.74847	
0.00579834	8.73444	
0.00701904	8.73535	
0.00518799	8.74817	
0.0125122	8.74268	
0.00579834	8.73444	
0.000915527	8.74817	
-0.00213623	8.73138	
0.00457764	8.74115	
0.00762939	8.74664	
-0.00213623	8.7561	
0.00213623	8.75092	
0.00457764	8.73962	
-0.000915527	8.74023	
0.0128174	8.73474	
0.00396729	8.74237	
-0.0112915	8.74573	
0.00396729	8.74542	
0.00976562	8.74786	
0.00457764	8.74329	
-0.000915527	8.74084	
0.00152588	8.74969	
0.0143433	8.74542	
0.000915527	8.75	
0.000915527	8.76129	
-0.00366211	8.75214	
0.00396729	8.75763	
0.0164795	8.75641	
0.00854492	8.75519	
0.00701904	8.75671	
0.00793457	8.74268	
0.00793457	8.75854	
0	8.73962	
-0.00671387	8.75275	
0.00579834	8.74725	
0.00640869	8.75214	
0.00793457	8.75092	
0.00640869	8.75305	
-0.0115967	8.76251	
-0.00335693	8.74725	
0.00701904	8.75336	
-0.00305176	8.75275	
-0.00152588	8.74268	
0.00671387	8.75946	
0.0140381	8.74634	
-0.00183105	8.74542	
0.00640869	8.74176	
0.000915527	8.75214	
0.00823975	8.74664	
-0.00946045	8.73871	
-0.00152588	8.74664	
0.00274658	8.74847	
0.00701904	8.74786	
-0.0012207	8.75031	
0.000915527	8.73932	
0.00183105	8.74664	
0.00854492	8.75244	
0.00213623	8.75275	
0.00366211	8.76312	
0.00793457	8.76129	
0.00640869	8.74634	
0.0180054	8.74939	
-0.000915527	8.75854	
0.000610352	8.74603	
0.00701904	8.75092	
0.00274658	8.75275	
-0.00701904	8.74603	
-0.00244141	8.75031	
0.00427246	8.75458	
0.00610352	8.75488	
0.00244141	8.75885	
0.00244141	8.75793	
-0.00427246	8.75671	
-0.00366211	8.76099	
0.00335693	8.74969	
0.00671387	8.74725	
-0.00244141	8.75732	
0.00183105	8.75488	
0.00579834	8.74908	
0.00518799	8.76251	
0.00701904	8.77228	
0.00610352	8.76709	
-0.00213623	8.76007	
0.00335693	8.75092	
0.00640869	8.76129	
-0.00183105	8.75854	
0.00762939	8.77838	
0.00335693	8.77197	
-0.00152588	8.77045	
0.00427246	8.77319	
0.0128174	8.75732	
0.000915527	8.76282	
-0.000610352	8.76373	
-0.00488281	8.76465	
0.00549316	8.76801	
0.00762939	8.75671	
0.0152588	8.75671	
0.0012207	8.77045	
-0.00152588	8.75488	
0.00335693	8.75427	
0.00701904	8.75397	
0.00366211	8.75824	
0.0012207	8.76984	
-0.00183105	8.76678	
0.00274658	8.75336	
0.00396729	8.76038	
-0.00244141	8.74359	
0.00244141	8.74603	
0.00305176	8.76068	
-0.00396729	8.72986	
-0.00640869	8.75946	
0.0140381	8.75244	
0.00854492	8.73993	
-0.00579834	8.73779	
-0.00183105	8.74023	
0.00823975	8.75	
0.00488281	8.75	
0.00396729	8.74023	
0.0106812	8.7384	
-0.00915527	8.72498	
-0.00305176	8.74847	
-0.0012207	8.73444	
0.00244141	8.74237	
0.0125122	8.73291	
0.00854492	8.74512	
0	8.74573	
0.010376	8.75366	
-0.00305176	8.75031	
-0.000305176	8.74054	
0.00976562	8.73474	
0.00946045	8.74329	
0.00732422	8.76801	
-0.00579834	8.74817	
-0.00335693	8.73383	
-0.0012207	8.74115	
0.00213623	8.74084	
-0.000305176	8.73932	
0.000610352	8.74146	
0.00427246	8.73932	
0.00915527	8.74786	
0.00335693	8.73901	
0.00640869	8.73657	
-0.00213623	8.73505	
-0.00762939	8.72589	
-0.00152588	8.71704	
0.0100708	8.72345	
0.000305176	8.73657	
0	8.72711	
0.00183105	8.71704	
0.015564	8.72437	
0.00976562	8.73535	
0.00488281	8.71765	
-0.000305176	8.72559	
0.00488281	8.72955	
0.00976562	8.71887	
0.0146484	8.72406	
-0.00335693	8.71735	
-0.00152588	8.71002	
0.00823975	8.71887	
0.00793457	8.73291	
0.00244141	8.70941	
0.00366211	8.72803	
-0.00549316	8.72498	
-0.00213623	8.72925	
0.00701904	8.73688	
-0.000305176	8.73871	
-0.015564	8.73383	
-0.00488281	8.73657	
-0.00274658	8.73871	
0.00579834	8.73688	
0.00640869	8.73138	
0.0088501	8.74207	
0.000915527	8.73627	
0.0146484	8.74115	
-0.00457764	8.73566	
0.00152588	8.74207	
0.00976562	8.74664	
0.00335693	8.74542	
-0.00640869	8.7381	
0.000915527	8.73627	
0.00396729	8.74725	
0.00549316	8.75244	
0.00366211	8.74756	
-0.00274658	8.73779	
-0.00518799	8.73138	
0.000915527	8.75977	
-0.000915527	8.74207	
0.00274658	8.74176	
0.00518799	8.73688	
0.00305176	8.74847	
0.000915527	8.74451	
0.00640869	8.74634	
-0.00213623	8.75336	
0.00213623	8.75366	
-0.00488281	8.76068	
-0.000305176	8.76251	
0.000610352	8.75244	
-0.00244141	8.73993	
0.00640869	8.73718	
0.00671387	8.76251	
0.00549316	8.75183	
0.00579834	8.74573	
0.00854492	8.73901	
0.00915527	8.74146	
0.00976562	8.73596	
-0.00366211	8.75732	
0.00457764	8.75946	
0.00518799	8.74786	
0.00427246	8.75305	
0.00946045	8.75824	
0.0152588	8.74939	
-0.00152588	8.75214	
0.00396729	8.75366	
0.00244141	8.75275	
-0.00366211	8.74054	
-0.00183105	8.74084	
-0.0100708	8.74908	
-0.00152588	8.75519	
-0.00427246	8.75	
-0.00152588	8.74023	
0.00549316	8.74268	
-0.000915527	8.74878	
0.00610352	8.73932	
0.00671387	8.75549	
0.00701904	8.74664	
0.00854492	8.7558	
0.00488281	8.75092	
-0.00396729	8.75366	
-0.000305176	8.75061	
-0.00854492	8.76984	
-0.00244141	8.76221	
-0.00305176	8.76526	
-0.00152588	8.75763	
-0.00335693	8.75488	
0.000610352	8.74847	
-0.0012207	8.75488	
0.00549316	8.7561	
-0.000305176	8.75	
0.00244141	8.75397	
0.00457764	8.75153	
0.00793457	8.75519	
0.0012207	8.74939	
-0.0131226	8.74939	
0.00762939	8.75092	
0.0088501	8.76007	
0.00579834	8.74146	
-0.0012207	8.75641	
0.00274658	8.73871	
-0.010376	8.74268	
-0.000610352	8.74359	
0	8.75092	
0.00640869	8.7674	
0.0134277	8.74176	
0.00640869	8.74695	
0.0088501	8.73627	
0.017395	8.74451	
0.00701904	8.73993	
0.00732422	8.75305	
0.00915527	8.74725	
0.00701904	8.73352	
0.00549316	8.73718	
-0.00671387	8.73352	
0.0161743	8.75183	
0.00762939	8.75702	
0.00152588	8.74329	
0.00335693	8.74756	
0.00579834	8.74878	
0.00610352	8.74786	
0.0161743	8.74542	
-0.00366211	8.75549	
-0.00213623	8.74512	
-0.00213623	8.73718	
0.0088501	8.75305	
0.00396729	8.75397	
0.0167847	8.74847	
0.00518799	8.7558	
0.00488281	8.74878	
-0.00335693	8.74908	
0.00549316	8.74817	
0.00946045	8.75031	
0.0158691	8.75244	
0.00610352	8.75702	
-0.00457764	8.74695	
-0.00335693	8.75122	
0.00183105	8.75397	
0.00152588	8.75458	
0.0180054	8.74603	
0.00671387	8.76099	
0.0119019	8.76282	
0.00671387	8.77319	
0.00854492	8.75183	
0.00183105	8.76465	
-0.0100708	8.75549	
-0.00305176	8.75519	
0.0012207	8.75488	
-0.0012207	8.77289	
0.00488281	8.7677	
-0.000305176	8.76556	
0	8.75458	
0.0109863	8.75946	
0.00762939	8.76038	
0.00518799	8.7674	
0.00762939	8.75397	
-0.00457764	8.75122	
-0.0012207	8.75885	
-0.00701904	8.75488	
0.0012207	8.76038	
0.00640869	8.76465	
0.00701904	8.76465	
0.0088501	8.76373	
0.00762939	8.75549	
0.00671387	8.75549	
0.00946045	8.75519	
0.00152588	8.74115	
0.00640869	8.75244	
0.00762939	8.74359	
0.00366211	8.75427	
0.000305176	8.74542	
0.0088501	8.75671	
0.015564	8.76678	
0.0112915	8.75549	
0.0088501	8.74298	
0.00427246	8.76434	
-0.000305176	8.75153	
-0.00213623	8.74969	
-0.00854492	8.76617	
-0.00396729	8.76251	
0.00579834	8.74542	
0.00457764	8.74817	
0.00549316	8.74359	
0.0088501	8.75	
0.00640869	8.76251	
0.020752	8.74786	
0.00854492	8.76831	
0.0100708	8.75763	
0.000305176	8.75214	
-0.000915527	8.74695	
-0.00305176	8.75092	
-0.00610352	8.75946	
-0.00579834	8.75427	
-0.00427246	8.75305	
-0.00244141	8.7558	
-0.00244141	8.75336	
0.00152588	8.75519	
0.00732422	8.74969	
0.0119019	8.75244	
0.00549316	8.75824	
-0.0012207	8.74878	
-0.00244141	8.76038	
-0.00610352	8.76343	
-0.00427246	8.76343	
0	8.76129	
-0.00854492	8.76495	
-0.00244141	8.76831	
-0.00213623	8.76373	
0.00305176	8.7619	
0.00610352	8.7619	
0	8.75702	
-0.000610352	8.75916	
-0.00823975	8.77289	
0.00457764	8.77899	
0.0012207	8.76648	
0.000305176	8.77319	
0.00335693	8.76801	
0.00396729	8.77411	
0.00396729	8.78082	
0.0222778	8.77197	
0.00488281	8.76892	
0.00701904	8.76251	
0.00549316	8.76587	
-0.00366211	8.76678	
-0.000915527	8.76709	
-0.00854492	8.76526	
0.00793457	8.76221	
-0.00396729	8.77502	
-0.00183105	8.76984	
-0.00457764	8.77075	
0.00335693	8.77533	
0.00366211	8.76526	
0.00183105	8.76373	
0.00366211	8.77258	
0.00427246	8.78052	
0.0012207	8.78723	
0.00762939	8.77472	
0.00335693	8.77869	
-0.00244141	8.76892	
-0.0088501	8.77258	
0.000305176	8.76648	
0.00244141	8.77991	
-0.00213623	8.77869	
0.0115967	8.76587	
-0.00579834	8.76099	
-0.000305176	8.77533	
0.0143433	8.76678	
0.00305176	8.7677	
0.00579834	8.76404	
0	8.76648	
-0.00488281	8.76129	
0	8.75458	
-0.00793457	8.76343	
0.00732422	8.76831	
0.00793457	8.75885	
0.00244141	8.77289	
-0.00366211	8.75824	
0.00183105	8.7674	
-0.00946045	8.76801	
0.00427246	8.77899	
-0.00274658	8.78021	
-0.000610352	8.78052	
0.00518799	8.76404	
0.0088501	8.77441	
0.00823975	8.78021	
0.00671387	8.77289	
-0.000610352	8.77777	
-0.00274658	8.77594	
0.00915527	8.7851	
0.00427246	8.77716	
-0.0088501	8.78174	
0.00305176	8.78632	
-0.00305176	8.78571	
-0.00274658	8.78052	
0.00732422	8.77563	
0.00823975	8.77502	
0.00335693	8.77106	
0.0146484	8.77716	
0.00762939	8.77075	
0.00762939	8.76678	
-0.00274658	8.77228	
-0.0012207	8.76587	
0.00183105	8.77716	
0.0131226	8.76923	
0.00518799	8.7735	
0.00610352	8.76678	
0.00793457	8.78296	
0.0106812	8.77319	
0.00335693	8.77502	
-0.012207	8.76831	
-0.0012207	8.7735	
-0.00396729	8.77869	
0.00488281	8.77838	
0.00762939	8.78265	
0.00671387	8.76862	
-0.000610352	8.78448	
0.00793457	8.76678	
-0.00457764	8.78357	
-0.00305176	8.78113	
-0.00488281	8.78998	
0.00640869	8.78601	
0.000610352	8.77472	
0.000610352	8.77686	
-0.00946045	8.77777	
0.00976562	8.78021	
0.000305176	8.76617	
0.00732422	8.77289	
0.000305176	8.78479	
0.00732422	8.77655	
0.00701904	8.78052	
0.00579834	8.78418	
0.0125122	8.78082	
0.00457764	8.77594	
0.00488281	8.7738	
0.00244141	8.797	
0.00915527	8.78662	
0.00640869	8.78845	
0.00335693	8.77991	
0.0125122	8.78784	
0.00518799	8.78326	
0.00915527	8.7912	
0.00671387	8.78845	
0.00488281	8.79547	
0.00823975	8.7854	
0.00793457	8.78998	
0.0128174	8.7854	
0.00335693	8.78784	
-0.00335693	8.79028	
0.00579834	8.78296	
0.00427246	8.78052	
0.0125122	8.77136	
0.00366211	8.7677	
-0.00244141	8.77472	
-0.00396729	8.77075	
-0.00335693	8.78113	
0.00854492	8.77533	
0.00671387	8.78754	
0.00854492	8.76617	
-0.00183105	8.76923	
-0.00396729	8.77991	
-0.00854492	8.77472	
-0.000610352	8.76434	
-0.00488281	8.77411	
0.00183105	8.76465	
0	8.77899	
-0.00274658	8.77106	
0.000305176	8.76526	
-0.00701904	8.77747	
0.0140381	8.76312	
0.00335693	8.77899	
0.000305176	8.77991	
-0.00244141	8.76984	
-0.00488281	8.77563	
0	8.76678	
-0.00396729	8.76495	
-0.00244141	8.7674	
-0.00610352	8.76892	
0.00274658	8.77228	
0.00213623	8.77747	
-0.00335693	8.7735	
-0.00183105	8.76587	
-0.00152588	8.7793	
-0.00396729	8.77319	
0.00396729	8.76984	
0.00671387	8.77167	
0.00213623	8.79181	
0.00640869	8.77197	
0.00518799	8.78052	
0.00152588	8.77075	
0.00640869	8.78571	
0.00610352	8.77533	
0.010376	8.77533	
0.00854492	8.78815	
0.00610352	8.7677	
0.00213623	8.77869	
-0.0012207	8.7851	
0.00396729	8.7558	
-0.00579834	8.75885	
-0.00366211	8.7619	
-0.00610352	8.77289	
-0.00640869	8.76678	
0.000610352	8.76221	
0.00579834	8.76404	
0.00854492	8.75946	
0.00427246	8.75793	
0.00701904	8.77533	
0.0012207	8.77258	
0.00976562	8.78204	
0.010376	8.76465	
0.0100708	8.77472	
0.0161743	8.76801	
0.00610352	8.77777	
0.00762939	8.76678	
0.00518799	8.76068	
0.00946045	8.77319	
0.00671387	8.77869	
0.0100708	8.77197	
0.0164795	8.75977	
0.00579834	8.77075	
0	8.77594	
0.00152588	8.77228	
