0.00793457	8.73077	
-0.00793457	8.73474	
0.00610352	8.74146	
0.00701904	8.73901	
-0.00427246	8.74664	
0.00518799	8.7381	
-0.000915527	8.73749	
-0.00579834	8.72559	
0.00640869	8.74084	
-0.00244141	8.73291	
0.00457764	8.73535	
0.00396729	8.74298	
0.00823975	8.74817	
-0.000915527	8.73566	
-0.00274658	8.75458	
-0.00427246	8.75031	
0.00640869	8.75214	
0.00183105	8.75397	
-0.00244141	8.7381	
0.00152588	8.73108	
-0.0012207	8.74786	
-0.00427246	8.73444	
0.0119019	8.74969	
-0.00549316	8.7381	
0.0149536	8.74603	
-0.00305176	8.7326	
0.00640869	8.72986	
0.00518799	8.72253	
-0.00183105	8.72437	
0.00762939	8.74176	
-0.000915527	8.7326	
0.00396729	8.72101	
0.00213623	8.72986	
0.00701904	8.72314	
-0.0012207	8.71826	
0.00457764	8.72345	
0.00610352	8.73749	
-0.0012207	8.72681	
-0.00335693	8.70819	
0.00244141	8.71063	
-0.000915527	8.71643	
0.00305176	8.71674	
0.00854492	8.7384	
0.00152588	8.73383	
0.000915527	8.74573	
0.00457764	8.7326	
-0.00915527	8.72284	
0.0167847	8.72192	
0.00701904	8.72955	
-0.00183105	8.73016	
0.00518799	8.74115	
-0.00549316	8.74298	
0.0012207	8.74847	
0.00549316	8.74329	
-0.00244141	8.74329	
0.00152588	8.72955	
-0.00305176	8.74054	
0.00823975	8.73718	
0.000915527	8.73749	
-0.00274658	8.74207	
0.00579834	8.73993	
0.00396729	8.73199	
-0.000610352	8.74634	
-0.00305176	8.73199	
0.0088501	8.72559	
0.000915527	8.73413	
0.00213623	8.73352	
0.00152588	8.72406	
-0.00213623	8.73474	
0.0146484	8.72955	
-0.00427246	8.73138	
-0.000610352	8.73108	
0.00793457	8.74237	
-0.00183105	8.73291	
-0.00427246	8.72192	
0.010376	8.7323	
-0.000915527	8.72559	
0.00396729	8.74298	
0.00671387	8.72955	
-0.00732422	8.73322	
0.0204468	8.72223	
-0.00518799	8.73566	
0.00946045	8.73291	
0.00579834	8.73383	
0.00396729	8.73108	
-0.000305176	8.73169	
-0.00152588	8.7146	
0.00762939	8.72894	
-0.00427246	8.73413	
0.00274658	8.72772	
-0.00335693	8.73016	
0.00396729	8.73352	
-0.00946045	8.75183	
0.0170898	8.74573	
-0.00152588	8.75153	
0.00305176	8.73566	
0.00762939	8.74969	
-0.00274658	8.75824	
-0.00244141	8.7442	
0.00610352	8.74023	
-0.00488281	8.75519	
0.00854492	8.74817	
-0.00671387	8.74359	
0.00457764	8.76404	
-0.000305176	8.73444	
0.0088501	8.73505	
-0.0109863	8.74207	
0.00946045	8.72803	
-0.00427246	8.7265	
0.00762939	8.74359	
-0.00488281	8.75671	
0.00579834	8.74817	
-0.00152588	8.75336	
-0.00152588	8.73199	
0.00518799	8.74176	
0.00152588	8.73657	
0.00152588	8.73169	
0.00488281	8.75061	
-0.00366211	8.75519	
-0.00762939	8.7381	
0.015564	8.73291	
-0.000305176	8.75641	
0.00518799	8.75824	
-0.000610352	8.74817	
0.00305176	8.74023	
0.00854492	8.74939	
0	8.73962	
0	8.74298	
0.00823975	8.75153	
0.00183105	8.74847	
-0.00213623	8.73657	
0.00427246	8.73169	
0.000610352	8.76068	
0.00823975	8.74603	
-0.00305176	8.75153	
0.00396729	8.74634	
0.00396729	8.75397	
-0.00579834	8.75183	
-0.00396729	8.76007	
-0.00244141	8.75641	
0.00549316	8.75153	
0.00549316	8.75458	
-0.00396729	8.73962	
0.00701904	8.7561	
0.00701904	8.75153	
-0.00152588	8.74023	
0.00915527	8.73383	
-0.00274658	8.73596	
0.00335693	8.72772	
-0.0134277	8.72955	
0.010376	8.74084	
-0.00213623	8.75977	
0.00488281	8.74817	
-0.00579834	8.72894	
0.00518799	8.73962	
-0.00671387	8.73749	
0.00488281	8.74573	
-0.00335693	8.7439	
0.00213623	8.7674	
0.00701904	8.75061	
-0.00183105	8.74146	
-0.00213623	8.73627	
0.000915527	8.73596	
0.00640869	8.73413	
0.000610352	8.73993	
-0.0115967	8.75427	
0.015564	8.73962	
-0.00152588	8.73169	
0.00488281	8.73383	
-0.00335693	8.73779	
0.00579834	8.73627	
-0.00213623	8.74725	
0.00335693	8.72955	
0.00640869	8.74084	
0.00152588	8.74268	
0.00549316	8.74451	
-0.000610352	8.75366	
0.0112915	8.73779	
-0.00579834	8.73352	
0.015564	8.73627	
-0.00457764	8.75885	
0.00640869	8.75031	
-0.00213623	8.7381	
0.00579834	8.74451	
0.00366211	8.75519	
-0.00305176	8.75702	
0.00793457	8.76129	
0.000610352	8.74756	
0.00762939	8.74878	
0.000610352	8.75153	
0.00701904	8.74969	
-0.00488281	8.73505	
0.0149536	8.74969	
0.00518799	8.75183	
0	8.75305	
0.00762939	8.75732	
-0.00457764	8.7439	
-0.00335693	8.75	
0.00701904	8.74481	
-0.00152588	8.73535	
0.0088501	8.74512	
-0.00427246	8.74512	
0.00976562	8.74634	
-0.00701904	8.73962	
0.0088501	8.75092	
0.000305176	8.75	
0.00152588	8.73871	
-0.000915527	8.73871	
0.00915527	8.75366	
0.00579834	8.75305	
-0.000915527	8.75336	
0.00213623	8.74969	
0.0012207	8.74725	
0.00793457	8.73291	
-0.000305176	8.74969	
0.0088501	8.74725	
-0.00274658	8.76038	
-0.00366211	8.74176	
0.00671387	8.7558	
-0.000305176	8.75458	
0.00640869	8.75671	
0.000915527	8.73749	
-0.00579834	8.74634	
0.0167847	8.74451	
0.00183105	8.73444	
0.00213623	8.73627	
-0.00366211	8.74878	
0.00793457	8.73444	
-0.00274658	8.7323	
0.00610352	8.73566	
0.00274658	8.73322	
0.00274658	8.75977	
0.00549316	8.74237	
-0.00152588	8.74512	
0.0100708	8.74359	
-0.00823975	8.75458	
0.010376	8.75244	
0.00579834	8.75854	
0.00732422	8.75702	
-0.00427246	8.74939	
0.00244141	8.75244	
-0.00183105	8.73901	
-0.00213623	8.73718	
0.00183105	8.75458	
0.00854492	8.7561	
-0.00335693	8.75854	
0.00610352	8.76038	
0.00579834	8.77289	
-0.00213623	8.75977	
0.00274658	8.76465	
-0.00183105	8.7616	
-0.00976562	8.76251	
0.0158691	8.76099	
0.000610352	8.77686	
0.00610352	8.77319	
0.00396729	8.76373	
-0.00213623	8.75366	
0.00549316	8.7561	
-0.00396729	8.74756	
0.000610352	8.75702	
0	8.75671	
0.00793457	8.75519	
-0.00396729	8.75519	
0.00823975	8.74573	
0.00152588	8.74664	
0.00701904	8.73474	
-0.00793457	8.74268	
-0.00915527	8.7558	
-0.00610352	8.74512	
0.012207	8.74115	
-0.00213623	8.7442	
-0.00244141	8.73962	
0.00518799	8.75031	
0.00762939	8.76007	
-0.00274658	8.73596	
0.00274658	8.75671	
0.00427246	8.7439	
-0.00396729	8.75092	
0.00427246	8.75824	
-0.00183105	8.74146	
0.00305176	8.7381	
0.00549316	8.73993	
-0.00366211	8.72467	
0.00793457	8.74939	
-0.00152588	8.74725	
0.0112915	8.74969	
0.00396729	8.73749	
0.00335693	8.75336	
-0.00274658	8.7265	
0.00183105	8.73505	
-0.00671387	8.74054	
0.00579834	8.74207	
-0.000305176	8.74054	
0.00335693	8.74237	
0.00976562	8.74786	
-0.00549316	8.74207	
-0.000610352	8.75427	
-0.000305176	8.75732	
0.000915527	8.75061	
0.00762939	8.74634	
-0.00946045	8.76495	
0.00396729	8.76465	
0.0112915	8.76617	
0.000305176	8.75824	
0.00732422	8.75458	
-0.00549316	8.75153	
0.00274658	8.76801	
-0.00305176	8.77869	
0.00396729	8.76526	
-0.000305176	8.76099	
0.00732422	8.75427	
-0.00457764	8.75763	
0.00549316	8.74939	
0.00305176	8.75488	
0.00274658	8.73566	
-0.00732422	8.7558	
0.00244141	8.7384	
0.0164795	8.73383	
0.000305176	8.75275	
-0.000610352	8.74786	
0.00671387	8.73871	
0.00396729	8.73169	
-0.00213623	8.74939	
-0.000915527	8.75275	
0.00793457	8.75183	
-0.000915527	8.75977	
0.00671387	8.75244	
-0.000305176	8.75183	
0.00457764	8.75366	
-0.00366211	8.74695	
-0.00579834	8.74542	
0.0134277	8.75122	
0.00671387	8.74878	
0.00610352	8.74146	
-0.00457764	8.7439	
0.0088501	8.74817	
-0.00366211	8.75183	
0.00640869	8.74939	
-0.00305176	8.74573	
0.00762939	8.76434	
-0.00701904	8.74847	
0.00701904	8.7619	
0.000915527	8.7439	
0.00610352	8.73291	
-0.00793457	8.73718	
0.00335693	8.74023	
0.0125122	8.72864	
-0.00396729	8.74146	
0.00762939	8.73291	
-0.00366211	8.72437	
0.00640869	8.7326	
-0.00152588	8.72955	
0.00762939	8.74115	
-0.00274658	8.73505	
0.0088501	8.73993	
-0.00335693	8.74115	
-0.00305176	8.75946	
0.00427246	8.77289	
-0.00244141	8.75824	
-0.00427246	8.76038	
0.00732422	8.73779	
0.00213623	8.7384	
-0.00854492	8.73444	
0.00183105	8.75519	
0.0146484	8.7561	
-0.00457764	8.7558	
0.00762939	8.75671	
-0.00396729	8.74329	
0.00274658	8.76587	
0.00823975	8.74207	
0.00427246	8.74512	
0.00366211	8.74542	
-0.00244141	8.73657	
-0.0012207	8.73688	
0.00854492	8.74298	
-0.00427246	8.73077	
-0.000915527	8.73688	
0.010376	8.73383	
-0.00213623	8.74481	
0.00152588	8.74634	
0.00976562	8.74237	
-0.00854492	8.73413	
0.00457764	8.73199	
-0.00305176	8.72437	
0.00335693	8.74847	
0.00274658	8.75702	
0.00579834	8.71185	
-0.00213623	8.73962	
0.00732422	8.73047	
-0.00305176	8.74023	
0.00518799	8.74756	
-0.00579834	8.73474	
0.00549316	8.73688	
0.00366211	8.73352	
0.00427246	8.73444	
-0.00305176	8.74298	
0.0088501	8.73505	
-0.00823975	8.73291	
-0.00946045	8.73291	
0.00946045	8.74664	
-0.00366211	8.73871	
0.00640869	8.74115	
-0.000305176	8.74359	
0.00701904	8.75214	
-0.00274658	8.74725	
0.0012207	8.75519	
-0.000305176	8.75397	
0.00488281	8.75977	
-0.0012207	8.75549	
0.00488281	8.76526	
0.0140381	8.74359	
-0.00579834	8.74664	
-0.00732422	8.73749	
0.0137329	8.75092	
-0.00213623	8.74451	
0.0128174	8.74115	
0.00518799	8.75488	
0.00396729	8.7674	
0.00213623	8.75763	
0.00366211	8.76495	
0.00579834	8.77258	
0.00244141	8.74451	
0.0012207	8.75122	
0.00640869	8.73779	
0.00183105	8.75366	
0.00549316	8.74329	
-0.00579834	8.74512	
0.0143433	8.75488	
-0.00518799	8.74939	
0.00579834	8.75336	
-0.00823975	8.76251	
0.00671387	8.74084	
0.000610352	8.7384	
0.00427246	8.75122	
0.000610352	8.75122	
0.00244141	8.75824	
0.00946045	8.76312	
-0.00457764	8.7616	
0.00488281	8.75183	
0.0106812	8.74542	
0.0012207	8.73047	
0.00183105	8.74237	
0.000915527	8.73291	
-0.00610352	8.7442	
0.0088501	8.75031	
0.0149536	8.73932	
-0.00457764	8.73291	
0.00457764	8.74207	
-0.00305176	8.73871	
0.00335693	8.75061	
0.00427246	8.76068	
-0.00183105	8.75763	
0.00335693	8.77289	
-0.000915527	8.74786	
0.00793457	8.75763	
-0.00152588	8.7558	
0.0112915	8.7793	
0.00396729	8.77197	
-0.000610352	8.76434	
0.00762939	8.77747	
-0.00335693	8.76587	
0.012207	8.78204	
-0.000915527	8.77441	
0.00274658	8.76343	
0.00671387	8.77258	
-0.00274658	8.7738	
-0.00274658	8.76556	
0.00793457	8.74054	
0.00305176	8.75549	
-0.00152588	8.75671	
0.0109863	8.76373	
-0.00946045	8.7735	
0.00915527	8.77045	
-0.00762939	8.75336	
0.0119019	8.76709	
-0.000305176	8.7677	
0.00366211	8.79395	
0.00976562	8.76953	
-0.0109863	8.77106	
0.012207	8.75854	
0.0170898	8.76312	
0.00244141	8.77625	
0.000305176	8.77869	
0.00305176	8.7561	
0.00213623	8.76251	
0.00518799	8.76587	
0.00427246	8.77014	
-0.00366211	8.77289	
0.00488281	8.7616	
-0.00823975	8.7561	
0.0106812	8.75885	
0.00854492	8.76007	
0	8.76862	
-0.000610352	8.7674	
0.00701904	8.76343	
0.00854492	8.76129	
-0.00152588	8.7674	
-0.00244141	8.78326	
-0.00762939	8.75793	
-0.00732422	8.76678	
0.0125122	8.76923	
0.00762939	8.76892	
0.00549316	8.77594	
0.00396729	8.77716	
0.000915527	8.77625	
0.0106812	8.77899	
-0.00183105	8.77289	
-0.00305176	8.76831	
0.00488281	8.77686	
-0.000305176	8.76801	
-0.00427246	8.77197	
0.0137329	8.76984	
0.00610352	8.77411	
-0.00457764	8.77441	
0.00549316	8.77472	
0.00183105	8.77136	
0.00579834	8.77686	
0.00427246	8.77319	
-0.00305176	8.77716	
0.012207	8.78357	
0.0128174	8.77045	
-0.00396729	8.76923	
0.0088501	8.78723	
0.00549316	8.77563	
-0.00732422	8.77686	
0.000305176	8.77441	
0.00976562	8.7912	
0.0012207	8.78967	
-0.00305176	8.78967	
0.00976562	8.79608	
-0.00366211	8.78418	
0.00762939	8.77991	
0.0119019	8.77197	
0.00152588	8.78357	
-0.00427246	8.79578	
0.00305176	8.77686	
0.0012207	8.76404	
0.00213623	8.77899	
-0.00183105	8.79303	
-0.0106812	8.78479	
0.0167847	8.7796	
0.00183105	8.79669	
0.00213623	8.76831	
0.000305176	8.7674	
0.00732422	8.78601	
-0.00366211	8.77045	
0.000305176	8.77838	
0.00396729	8.77411	
-0.000915527	8.75824	
0.000610352	8.75671	
0.00457764	8.77441	
-0.00640869	8.76282	
0.0131226	8.76831	
0.00762939	8.77563	
0.00183105	8.77441	
-0.00640869	8.76953	
0.00671387	8.77869	
-0.00335693	8.77411	
0.00274658	8.77411	
0.00976562	8.76007	
-0.0115967	8.75641	
0.0158691	8.77075	
0.00244141	8.77197	
-0.00396729	8.77869	
0.00213623	8.76404	
0.00305176	8.7854	
0.000915527	8.7796	
0.0012207	8.77197	
0.00610352	8.78265	
-0.00274658	8.78967	
-0.00183105	8.78204	
0.00305176	8.78296	
-0.00823975	8.76526	
0.00762939	8.76556	
-0.00427246	8.77747	
0.00579834	8.77472	
-0.00244141	8.77197	
0.00671387	8.7677	
-0.00915527	8.7677	
-0.00854492	8.77441	
0.00610352	8.76434	
0.012207	8.76892	
0.00152588	8.76892	
0.0012207	8.77258	
0.00976562	8.76953	
0.000610352	8.75793	
-0.00488281	8.76495	
0.00823975	8.78296	
0.000305176	8.77045	
0.000610352	8.77594	
0.00640869	8.76556	
-0.00305176	8.76404	
0.0088501	8.76526	
-0.00244141	8.76556	
0.00579834	8.77014	
0.00549316	8.76862	
0.00274658	8.77655	
-0.000610352	8.76312	
0.00518799	8.76068	
-0.0112915	8.77686	
-0.00457764	8.76556	
0.0152588	8.77502	
0.0125122	8.76953	
-0.00396729	8.78082	
0.00427246	8.77258	
-0.00335693	8.78296	
-0.000305176	8.76556	
0.00976562	8.77075	
-0.0012207	8.76556	
0.00366211	8.77838	
0.00640869	8.77289	
-0.00274658	8.77014	
-0.00152588	8.76312	
0.00915527	8.76007	
0.000305176	8.76862	
0.00640869	8.75336	
-0.000305176	8.75336	
0.00793457	8.75549	
0.00213623	8.75824	
-0.00549316	8.74878	
0.00823975	8.75793	
0.010376	8.77808	
-0.00305176	8.75549	
0.00823975	8.75122	
-0.00213623	8.76526	
0.00762939	8.74725	
0.00305176	8.75275	
-0.00335693	8.76526	
-0.000305176	8.7738	
-0.0088501	8.76068	
0.00579834	8.76068	
0.00335693	8.75092	
0.00152588	8.76038	
0.010376	8.75916	
0.00671387	8.75793	
0.00396729	8.7738	
-0.000305176	8.76038	
-0.0012207	8.7616	
0.00640869	8.7619	
0.00244141	8.76801	
-0.00610352	8.77045	
0.00610352	8.76862	
0.00610352	8.78143	
-0.00213623	8.78662	
0.00183105	8.77319	
0.000915527	8.76129	
-0.000915527	8.76221	
0.00671387	8.75641	
0.00762939	8.77502	
-0.00183105	8.76526	
-0.00305176	8.7793	
0	8.76068	
0.00427246	8.75549	
-0.00183105	8.75854	
0.00518799	8.78571	
0.00518799	8.7738	
-0.00274658	8.77686	
0.000915527	8.77716	
0.00793457	8.77319	
0.00305176	8.7793	
-0.000610352	8.78418	
0.00274658	8.78052	
0.00488281	8.7738	
-0.00976562	8.79181	
0.015564	8.7738	
0.00335693	8.77533	
-0.00274658	8.77411	
-0.00915527	8.77869	
0.00274658	8.77289	
0.00549316	8.77563	
-0.00366211	8.78296	
-0.00732422	8.76801	
0.00213623	8.77197	
0.00549316	8.75885	
-0.000305176	8.77319	
-0.00488281	8.7912	
0.00213623	8.77441	
0.00427246	8.76282	
-0.00396729	8.77808	
0.00213623	8.76801	
0.00976562	8.76831	
-0.00244141	8.7561	
-0.00274658	8.7616	
0.00488281	8.75397	
0.00579834	8.76678	
-0.00427246	8.77533	
0.00335693	8.76923	
0.00762939	8.75793	
-0.00518799	8.74634	
-0.00854492	8.77655	
0.0158691	8.77563	
0.0125122	8.76862	
0.00152588	8.75793	
0.0100708	8.76862	
-0.00396729	8.76709	
0.012207	8.77106	
-0.00366211	8.77716	
-0.000915527	8.76862	
0.00335693	8.76678	
-0.00976562	8.78662	
0.00793457	8.77258	
0.00762939	8.77197	
0.000305176	8.77502	
0.000305176	8.77563	
0.00640869	8.78113	
-0.00213623	8.78113	
0.00274658	8.76831	
0.0088501	8.76038	
-0.0109863	8.76984	
0.000305176	8.75702	
0.0131226	8.75519	
0.00274658	8.75885	
0.00335693	8.77777	
-0.00396729	8.7796	
0.00427246	8.76129	
0.0088501	8.76587	
0.00183105	8.77441	
-0.00549316	8.77411	
0.00762939	8.77502	
0	8.76526	
0.00183105	8.77258	
0.00152588	8.78265	
0.00457764	8.7915	
0.00579834	8.7793	
0.000610352	8.76495	
0.00671387	8.77228	
0.00335693	8.78326	
-0.00549316	8.76617	
-0.00366211	8.77258	
0.00335693	8.76526	
0.010376	8.77716	
0.00213623	8.77716	
-0.000305176	8.76617	
-0.00396729	8.77472	
-0.00274658	8.77716	
-0.00366211	8.77045	
0.0012207	8.77045	
0.00732422	8.77594	
-0.00427246	8.77319	
-0.000915527	8.78662	
0.00793457	8.77686	
0.0106812	8.76007	
-0.0100708	8.79456	
-0.00396729	8.77319	
0.00427246	8.76831	
0.00579834	8.76892	
-0.00793457	8.77838	
0.00183105	8.77594	
0.00610352	8.77045	
-0.00305176	8.75763	
-0.000305176	8.76312	
0.00518799	8.78082	
0.00457764	8.74939	
-0.000305176	8.74817	
0.00305176	8.75031	
0.00366211	8.7558	
-0.00427246	8.7616	
-0.00488281	8.76282	
0.0088501	8.76007	
-0.00488281	8.74359	
-0.00305176	8.76068	
0.0088501	8.7619	
-0.00305176	8.75549	
0.0012207	8.75458	
0.00823975	8.75641	
0.00488281	8.75336	
-0.012207	8.7561	
-0.00671387	8.76007	
-0.00427246	8.75885	
0.00549316	8.75854	
0.0115967	8.75671	
0.00823975	8.75122	
0	8.75458	
0.00946045	8.76526	
-0.000305176	8.75793	
-0.00518799	8.75824	
0.00610352	8.76587	
0.00396729	8.78052	
0.00549316	8.76404	
0.00335693	8.77136	
0.00244141	8.75397	
0.00671387	8.75763	
-0.00488281	8.75641	
-0.000915527	8.76617	
0.00152588	8.75183	
0.00854492	8.74908	
0.00701904	8.75397	
-0.00274658	8.75	
-0.00152588	8.74878	
0.00305176	8.75793	
-0.0012207	8.74359	
0.000305176	8.75122	
-0.00366211	8.76984	
0.00976562	8.76007	
0.00976562	8.75824	
-0.0112915	8.75183	
-0.00396729	8.76465	
-0.0109863	8.77167	
0.00396729	8.75977	
0.00732422	8.76831	
0.015564	8.75641	
0.00946045	8.7674	
-0.00244141	8.76038	
0.00640869	8.78265	
-0.00427246	8.74146	
-0.00854492	8.77106	
0.00244141	8.76587	
0.00518799	8.75824	
0.00671387	8.76038	
-0.00213623	8.76984	
-0.00366211	8.76495	
-0.00183105	8.76862	
-0.0012207	8.76892	
0.00274658	8.76404	
0.000305176	8.77441	
0.00366211	8.77289	
-0.00549316	8.78082	
-0.00549316	8.77747	
0.00274658	8.78143	
0.00732422	8.7796	
0.00244141	8.78174	
-0.00549316	8.76495	
-0.00213623	8.77136	
0.000915527	8.78021	
0.00549316	8.76404	
0.00152588	8.77045	
-0.00366211	8.76984	
-0.00213623	8.7677	
0.00335693	8.76678	
0.00823975	8.77045	
-0.000305176	8.78448	
-0.0119019	8.75885	
-0.00183105	8.77136	
0.0125122	8.7616	
0.0158691	8.76678	
0.0186157	8.77441	
0.000610352	8.78174	
0.0088501	8.75793	
0	8.7558	
0.00366211	8.76099	
0.0137329	8.78357	
0.00549316	8.76038	
0.00244141	8.78143	
0.00549316	8.75824	
-0.0012207	8.7796	
0.00701904	8.78387	
-0.00305176	8.76068	
-0.00671387	8.77411	
0.00671387	8.76678	
0.00335693	8.77319	
-0.000610352	8.77167	
0.000305176	8.7674	
0.00579834	8.75641	
-0.00732422	8.77563	
-0.012207	8.76007	
0	8.77136	
0.017395	8.76495	
-0.000915527	8.78143	
-0.000610352	8.76526	
0.0112915	8.77747	
-0.00366211	8.79761	
0.0012207	8.78448	
0.00152588	8.77472	
0.00335693	8.77441	
0.00213623	8.79669	
0.0106812	8.78357	
-0.00549316	8.78571	
0.00427246	8.77716	
0.00854492	8.77075	
-0.00427246	8.77747	
-0.00152588	8.77289	
0.00946045	8.80249	
0.00244141	8.78265	
0.00152588	8.78937	
0.00549316	8.79242	
-0.0100708	8.79547	
-0.00274658	8.797	
0.0143433	8.79242	
0.0112915	8.7796	
-0.00610352	8.77167	
0.00701904	8.77808	
0.00335693	8.77472	
-0.00244141	8.80188	
-0.00305176	8.79364	
0.00427246	8.78998	
0.00457764	8.77838	
-0.00549316	8.77533	
-0.00427246	8.77106	
0.00244141	8.78082	
0.00579834	8.7854	
0.00213623	8.77869	
0.00518799	8.79059	
-0.000610352	8.78632	
0.00549316	8.7851	
0.0140381	8.76404	
-0.00183105	8.77594	
0.000610352	8.79059	
0.00854492	8.79181	
0.0112915	8.80005	
0.00213623	8.78937	
-0.00549316	8.78815	
0.0125122	8.79089	
-0.00457764	8.797	
0.00579834	8.79364	
-0.00396729	8.78235	
-0.000305176	8.7851	
0.00823975	8.78632	
0.00366211	8.77869	
-0.00244141	8.76892	
-0.00183105	8.7674	
0.00366211	8.78601	
0.00396729	8.78265	
-0.00152588	8.77014	
-0.00274658	8.76556	
-0.00488281	8.77502	
0.00793457	8.76892	
0.00549316	8.77625	
-0.000610352	8.77228	
-0.00335693	8.7738	
0.000305176	8.77319	
0.00701904	8.78021	
0.00305176	8.75183	
-0.0012207	8.76862	
0.0012207	8.77167	
0.00701904	8.74634	
0.00152588	8.75305	
-0.0128174	8.76953	
-0.00915527	8.75244	
-0.00244141	8.73413	
0.00549316	8.74634	
0.0128174	8.74939	
-0.00518799	8.76007	
0.00823975	8.7616	
-0.00610352	8.77106	
-0.00518799	8.76617	
0.00457764	8.75427	
0.00427246	8.76007	
0.00213623	8.74176	
-0.0012207	8.74573	
0.00518799	8.76709	
0.00244141	8.75763	
-0.00366211	8.75275	
0.010376	8.75214	
0.00274658	8.75427	
-0.00579834	8.7619	
-0.00610352	8.76038	
-0.00183105	8.77228	
0.00488281	8.76801	
-0.00335693	8.76312	
0.00854492	8.76099	
-0.0088501	8.75031	
-0.0088501	8.76221	
0.0158691	8.75336	
0.0137329	8.7616	
0.00701904	8.75854	
-0.000305176	8.75488	
0.00671387	8.76587	
-0.000305176	8.74359	
-0.00579834	8.74512	
0.000305176	8.75549	
0.00610352	8.74817	
0.000305176	8.74725	
0.000915527	8.76038	
0.00488281	8.76221	
-0.00610352	8.75977	
0.00946045	8.76587	
0.00701904	8.75488	
-0.00427246	8.76556	
0.00244141	8.76801	
0.00610352	8.76495	
0.00152588	8.7677	
0.00152588	8.74725	
0.00915527	8.75366	
-0.00762939	8.76404	
-0.00518799	8.77014	
0.0109863	8.74512	
0.0088501	8.76434	
-0.00457764	8.75854	
0.00213623	8.75763	
0.00549316	8.75916	
0.0012207	8.75885	
-0.00274658	8.75183	
0.00823975	8.74054	
0.000610352	8.75519	
-0.0012207	8.76648	
0.00518799	8.76862	
-0.00213623	8.75275	
0.00427246	8.76007	
0.00976562	8.76129	
0.00457764	8.76068	
-0.00427246	8.75885	
-0.00244141	8.75214	
0.00183105	8.76129	
0.0012207	8.75458	
0.0012207	8.75031	
0.00549316	8.76404	
0.00152588	8.75519	
0.00701904	8.76465	
0.00701904	8.77228	
-0.00976562	8.76373	
0.00671387	8.76129	
0.0167847	8.76038	
0.00274658	8.76923	
-0.00518799	8.78021	
-0.00335693	8.75031	
0.00793457	8.75854	
-0.010376	8.73932	
-0.00152588	8.74451	
0.00396729	8.75824	
0.00427246	8.74969	
-0.00335693	8.73871	
-0.00183105	8.74847	
0.00579834	8.73444	
0.00335693	8.75488	
0.000610352	8.7439	
0.00427246	8.74817	
0.0112915	8.76343	
0.000915527	8.75427	
-0.00518799	8.75305	
0	8.75061	
0.00579834	8.75732	
-0.00152588	8.75916	
-0.000610352	8.75366	
0.00640869	8.7616	
0.00518799	8.76892	
-0.0115967	8.76434	
-0.010376	8.75305	
0.00549316	8.77533	
0.0109863	8.76129	
0.00335693	8.76251	
0.0012207	8.7561	
0.00427246	8.74237	
0.0100708	8.75183	
-0.00823975	8.75244	
-0.0012207	8.75122	
0.00274658	8.75488	
0.000915527	8.75061	
-0.000610352	8.75092	
-0.000610352	8.74634	
0.00213623	8.74756	
-0.00244141	8.76984	
0.00518799	8.76068	
0.00457764	8.75214	
0.00640869	8.75244	
-0.00640869	8.75092	
-0.00274658	8.76038	
0.00793457	8.77197	
0.00335693	8.74817	
0.0106812	8.7442	
-0.00152588	8.75061	
0.00366211	8.74298	
0.0088501	8.75519	
0.000915527	8.74634	
-0.010376	8.75153	
0.0131226	8.7616	
0.00976562	8.75793	
-0.000915527	8.75	
-0.00396729	8.75641	
0	8.74725	
-0.00183105	8.76221	
-0.00366211	8.74847	
-0.000305176	8.76099	
0.00152588	8.74847	
-0.00274658	8.75092	
0.000305176	8.74725	
-0.00366211	8.75916	
-0.00396729	8.74878	
-0.00335693	8.75153	
0.00946045	8.7442	
-0.000915527	8.75336	
0.000305176	8.75549	
0.00762939	8.74176	
0.00579834	8.7439	
-0.00152588	8.72772	
0.00152588	8.73718	
0.000915527	8.74939	
-0.0088501	8.73749	
-0.0012207	8.74176	
0.017395	8.74268	
0.00762939	8.75519	
-0.00732422	8.75366	
0.00518799	8.75305	
0.00274658	8.74573	
-0.00213623	8.76282	
-0.00610352	8.76923	
-0.00579834	8.76495	
0.0088501	8.76038	
0.00732422	8.7674	
-0.00366211	8.76312	
-0.00579834	8.75793	
-0.00183105	8.73962	
-0.000610352	8.76953	
-0.00335693	8.76984	
-0.00518799	8.74756	
0.00854492	8.75824	
0.000915527	8.75122	
0.000915527	8.75183	
0.00366211	8.73108	
0.00396729	8.7384	
0.00671387	8.74847	
-0.00244141	8.7384	
-0.00610352	8.74664	
0.0128174	8.74756	
0.00762939	8.73688	
-0.0131226	8.75549	
-0.00579834	8.74725	
-0.00579834	8.74329	
-0.0109863	8.74664	
-0.0128174	8.7442	
0.0100708	8.72986	
0.000305176	8.74481	
0	8.72864	
-0.00396729	8.73077	
-0.0131226	8.74359	
-0.00732422	8.74512	
0.00457764	8.74573	
0.00823975	8.75	
0.0180054	8.75366	
0.012207	8.73901	
-0.00488281	8.75366	
0.00793457	8.75336	
0	8.73657	
0.00579834	8.7558	
0.00396729	8.75854	
0.00640869	8.75	
-0.00549316	8.75305	
-0.00518799	8.75824	
0.00579834	8.74481	
0.00823975	8.75732	
0.00823975	8.76312	
0.00701904	8.75214	
-0.00274658	8.74878	
0.000915527	8.76343	
0.00427246	8.74786	
0.00762939	8.75275	
-0.00152588	8.75336	
0.00152588	8.75031	
0.00183105	8.74054	
-0.00823975	8.74054	
-0.00396729	8.73627	
0.00610352	8.75336	
0.00152588	8.74969	
0.00579834	8.75793	
0.00793457	8.73138	
0.00213623	8.74329	
-0.00183105	8.73932	
0.00213623	8.74542	
0.0112915	8.73932	
0.00854492	8.75061	
-0.00213623	8.73688	
0.000305176	8.7326	
0.000305176	8.73383	
0.000305176	8.73962	
-0.00183105	8.75397	
0.00305176	8.7384	
0.00244141	8.74329	
-0.0106812	8.74329	
0	8.74878	
0.010376	8.73871	
-0.00335693	8.73596	
0.00396729	8.71948	
-0.000305176	8.72986	
0.00366211	8.73352	
0.00579834	8.74237	
0.0112915	8.73322	
-0.00457764	8.74634	
0.0012207	8.74542	
0.00335693	8.75092	
-0.000305176	8.75977	
-0.000915527	8.75488	
0.00823975	8.74115	
-0.00305176	8.74207	
-0.00518799	8.74939	
0.00732422	8.72345	
0.00701904	8.72955	
0.000305176	8.73383	
0.00732422	8.74878	
0.00213623	8.74329	
0.000915527	8.74298	
0.00732422	8.74451	
0.000610352	8.73932	
-0.00823975	8.73138	
0.0143433	8.74573	
0.0158691	8.75427	
-0.00823975	8.74054	
-0.010376	8.75305	
0.00640869	8.75336	
0.00762939	8.74756	
-0.00183105	8.74634	
-0.00152588	8.7442	
0.00518799	8.75183	
0.00732422	8.75	
0.00457764	8.76801	
0	8.74451	
-0.00366211	8.75824	
0.00152588	8.74725	
0.00854492	8.74359	
0.00610352	8.75793	
-0.00244141	8.75854	
0.00427246	8.75427	
0.0088501	8.7384	
0.00640869	8.75336	
-0.00579834	8.75763	
-0.00244141	8.74451	
0.00396729	8.7323	
0.00610352	8.74573	
0.00671387	8.77106	
0.00610352	8.74054	
0.00396729	8.73138	
-0.000610352	8.73108	
-0.00457764	8.74634	
0.000915527	8.74237	
0.0109863	8.74146	
0.00366211	8.73077	
0.00274658	8.73352	
-0.0112915	8.73901	
-0.0119019	8.74756	
-0.00396729	8.75214	
0.0100708	8.74268	
0.015564	8.73108	
0.00335693	8.72742	
-0.00213623	8.73962	
0.00427246	8.74237	
0.00274658	8.7439	
-0.000610352	8.71887	
-0.00152588	8.71368	
-0.00457764	8.74054	
-0.00213623	8.73108	
0.0012207	8.73138	
0.00305176	8.74634	
-0.00518799	8.75183	
0.00244141	8.74573	
0.00640869	8.72528	
0.00732422	8.71643	
0.00244141	8.73749	
-0.00488281	8.73413	
-0.00427246	8.72955	
0	8.72406	
0.00183105	8.73596	
0.0088501	8.73199	
0.00488281	8.74146	
0.00549316	8.75153	
0.00305176	8.74451	
-0.00366211	8.74054	
0.00671387	8.73138	
0.00213623	8.75366	
-0.00183105	8.75153	
-0.00213623	8.75305	
0.0088501	8.74908	
-0.00244141	8.74725	
-0.0106812	8.74329	
0.012207	8.73535	
0.0131226	8.73962	
0.0143433	8.75061	
0.0177002	8.74329	
0.00793457	8.75702	
0.000305176	8.73291	
-0.00396729	8.73749	
-0.00335693	8.73413	
0.00701904	8.7381	
0.00549316	8.72559	
0.0012207	8.72101	
0.000305176	8.7384	
-0.00396729	8.72101	
0.000305176	8.73688	
0.00396729	8.73322	
0.00274658	8.71918	
0.00762939	8.72803	
0.00457764	8.73199	
0.00183105	8.72833	
-0.00213623	8.74176	
0.000305176	8.73718	
-0.00701904	8.72314	
-0.0012207	8.7207	
0.000915527	8.7204	
0.0012207	8.73779	
0.00671387	8.73474	
0.00518799	8.73352	
0.00610352	8.73016	
0.0088501	8.73352	
0.00579834	8.73657	
-0.00274658	8.72437	
-0.0109863	8.7265	
-0.00427246	8.69934	
-0.00213623	8.71674	
-0.00610352	8.71338	
0.00305176	8.7262	
0.00701904	8.72467	
0.00610352	8.72437	
0.00488281	8.70697	
0.0012207	8.73322	
0.0088501	8.72833	
0.00762939	8.71124	
0.0112915	8.71216	
0.0119019	8.70941	
0.00701904	8.71796	
0.00549316	8.7204	
0.00701904	8.7085	
-0.00366211	8.72223	
-0.000915527	8.71979	
0.00274658	8.72467	
0	8.74329	
0.00427246	8.73749	
0.0106812	8.74207	
0.00305176	8.73108	
0.000305176	8.73871	
-0.00152588	8.7442	
0.000915527	8.73657	
-0.00366211	8.73413	
-0.00152588	8.72894	
0.00854492	8.73871	
0.00183105	8.73169	
-0.000305176	8.7262	
0.00579834	8.73138	
0.00335693	8.74176	
0.00335693	8.75092	
0.00396729	8.73505	
-0.00213623	8.73444	
0.00274658	8.73291	
-0.000610352	8.75183	
0.00488281	8.74115	
0.000305176	8.7381	
0.00671387	8.73627	
0.00152588	8.73108	
-0.00244141	8.73138	
0.00671387	8.73596	
-0.00488281	8.72803	
0.0088501	8.72528	
0.00335693	8.73291	
-0.00396729	8.73413	
0.00305176	8.74634	
0.00976562	8.73108	
0.00213623	8.73138	
-0.0143433	8.73627	
-0.00976562	8.72925	
-0.0128174	8.74329	
-0.00549316	8.73596	
-0.0125122	8.71796	
-0.0115967	8.73444	
-0.0152588	8.74725	
-0.0119019	8.74451	
-0.0109863	8.75336	
-0.00701904	8.73688	
0.00366211	8.71948	
-0.00915527	8.73291	
0.0012207	8.72986	
0.00366211	8.72375	
0.00610352	8.74634	
0.0161743	8.73047	
0.00701904	8.73138	
0.0164795	8.73688	
0.0112915	8.74512	
0.0210571	8.7323	
0.0131226	8.7439	
0.017395	8.73627	
0.0164795	8.7384	
0.0115967	8.73474	
0.0149536	8.73352	
0.0186157	8.73444	
0.0161743	8.72986	
0.0143433	8.73505	
0.0158691	8.74634	
0.015564	8.74146	
0.0125122	8.72864	
-0.00457764	8.7384	
-0.00488281	8.73962	
0.010376	8.72742	
0.0152588	8.73962	
0.015564	8.73291	
0.0180054	8.7381	
0.0167847	8.7323	
0.0134277	8.71826	
0.00823975	8.74054	
0.012207	8.73566	
0.0143433	8.73322	
0.00396729	8.72253	
0.00579834	8.72498	
0.00549316	8.74115	
0.00732422	8.72314	
-0.00213623	8.7384	
0.0012207	8.7262	
0.000915527	8.71826	
0.00823975	8.72681	
0.00457764	8.72833	
0.012207	8.7207	
0.0167847	8.72437	
0.0244141	8.73596	
0.0314331	8.71185	
0.0326538	8.71765	
0.0479126	8.7088	
0.065918	8.69293	
0.100708	8.67889	
0.178528	8.65448	
0.329285	8.60229	
0.583801	8.55988	
0.9375	8.49152	
1.3324	8.44818	
1.66931	8.4079	
1.94458	8.39172	
2.14142	8.37006	
2.26776	8.37158	
2.37793	8.37036	
2.44293	8.3725	
2.48596	8.35541	
2.52258	8.36731	
2.53998	8.36578	
2.55157	8.35327	
2.56317	8.35144	
2.56561	8.36548	
2.57782	8.36945	
2.58087	8.37311	
2.57599	8.36456	
2.57507	8.36456	
2.57751	8.36853	
2.58392	8.36273	
2.58789	8.36334	
2.58972	8.35693	
2.58453	8.36334	
2.57996	8.37433	
2.57721	8.37036	
2.58392	8.36548	
2.5885	8.3783	
2.58606	8.35663	
2.58331	8.36456	
2.58789	8.36761	
2.58911	8.36273	
2.58728	8.35815	
2.58514	8.37036	
2.58728	8.36578	
2.58698	8.35632	
2.58789	8.36487	
2.59033	8.35968	
2.58606	8.36273	
2.57996	8.36517	
2.58209	8.36578	
2.57721	8.36639	
2.58392	8.36578	
2.58362	8.36243	
2.58118	8.35693	
2.58514	8.36273	
2.59125	8.36609	
2.59491	8.37006	
2.57111	8.35968	
2.58209	8.35663	
2.58759	8.3725	
2.57416	8.36487	
2.57416	8.37585	
2.57812	8.367	
2.58026	8.37799	
2.6004	8.37036	
2.59674	8.36914	
2.59033	8.37036	
2.5824	8.37646	
2.58667	8.38287	
2.5943	8.36823	
2.58667	8.36853	
2.59003	8.3725	
2.58881	8.36212	
2.59155	8.36456	
2.59155	8.37189	
2.59399	8.37585	
2.58087	8.36365	
2.57568	8.37067	
2.58301	8.35724	
2.58453	8.367	
2.58026	8.37006	
2.58484	8.36243	
2.58606	8.3728	
2.5769	8.36548	
2.58362	8.36395	
2.58148	8.35602	
2.59125	8.35449	
2.59155	8.37524	
2.59094	8.36731	
2.59125	8.3667	
2.59308	8.36487	
2.58759	8.37189	
2.58759	8.36548	
2.58331	8.35419	
2.59064	8.35663	
2.59125	8.36334	
2.59644	8.36609	
2.58942	8.35571	
2.59216	8.36151	
2.58606	8.35236	
2.58392	8.35876	
2.5882	8.35785	
2.59888	8.35449	
2.58942	8.34381	
2.58209	8.34991	
2.58667	8.35388	
2.58453	8.35388	
2.58667	8.35266	
2.59308	8.36578	
2.59003	8.34869	
2.58514	8.34686	
2.58728	8.34808	
2.58759	8.35968	
2.58728	8.35236	
2.58606	8.36273	
2.59216	8.36029	
2.58636	8.36487	
2.58972	8.349	
2.59399	8.36853	
2.59918	8.36395	
2.59186	8.36426	
2.59766	8.37097	
2.59552	8.36945	
2.5946	8.37341	
2.59338	8.36548	
2.59369	8.37708	
2.59369	8.36945	
2.59216	8.36884	
2.5882	8.36151	
2.59003	8.3725	
2.58636	8.36273	
2.58606	8.35571	
2.5882	8.36517	
2.58514	8.35968	
2.59033	8.36517	
2.59888	8.37433	
2.59521	8.37036	
2.60071	8.37708	
2.59521	8.36639	
2.5824	8.37341	
2.58362	8.37799	
2.5827	8.37433	
2.58179	8.37524	
2.58606	8.37921	
2.6001	8.36212	
2.59796	8.37463	
2.59094	8.3667	
2.6062	8.37372	
2.60315	8.37402	
2.60223	8.37738	
2.59155	8.37646	
2.58453	8.37158	
2.58484	8.35205	
2.58789	8.37341	
2.59369	8.37372	
2.59644	8.37097	
2.59888	8.36853	
2.60132	8.37311	
2.59308	8.35938	
2.59338	8.36487	
2.59399	8.3844	
2.5882	8.3783	
2.58698	8.37433	
2.58575	8.35938	
2.58636	8.37463	
2.58636	8.36487	
2.58667	8.35724	
2.58575	8.36975	
2.58972	8.35449	
2.59705	8.36029	
2.5885	8.37463	
2.5882	8.36609	
2.59064	8.35754	
2.58942	8.3606	
2.59125	8.36151	
2.58942	8.35602	
2.59155	8.35785	
2.59369	8.37158	
2.60437	8.37616	
2.60223	8.35632	
2.60529	8.37036	
2.60834	8.37677	
2.61047	8.37708	
2.60162	8.36853	
2.60681	8.35968	
2.61047	8.36914	
2.60254	8.36304	
2.60742	8.36578	
2.5943	8.36487	
2.59521	8.367	
2.59796	8.36975	
2.58942	8.36639	
2.5943	8.35724	
2.59521	8.36792	
2.6062	8.3548	
2.60529	8.35815	
2.60468	8.35938	
2.6004	8.35876	
2.60162	8.367	
2.59094	8.37219	
2.59155	8.36884	
2.59033	8.36243	
2.5882	8.36517	
2.59003	8.34961	
2.58728	8.36609	
2.59125	8.367	
2.59888	8.35876	
2.59857	8.36426	
2.59766	8.35236	
2.59155	8.36731	
2.59613	8.35754	
2.59064	8.36761	
2.59308	8.35114	
2.59644	8.35175	
2.59827	8.34167	
2.59735	8.3551	
2.60101	8.35236	
2.59766	8.35175	
2.59918	8.3609	
2.60193	8.35876	
2.59857	8.35022	
2.60284	8.35602	
2.5882	8.35754	
2.59125	8.35266	
2.60193	8.35724	
2.59338	8.34656	
2.60132	8.34625	
2.59552	8.35724	
2.60284	8.34595	
2.60071	8.35541	
2.6062	8.36151	
2.60284	8.37006	
2.60223	8.35724	
2.60101	8.36365	
2.60376	8.35632	
2.60071	8.36578	
2.60162	8.36273	
2.60101	8.35785	
2.59827	8.36731	
2.60345	8.36639	
2.6062	8.36853	
2.60681	8.37036	
2.59308	8.35388	
2.60406	8.35663	
2.59705	8.36609	
2.59399	8.36273	
2.6004	8.37219	
2.5882	8.37219	
2.59338	8.367	
2.59247	8.38715	
2.6062	8.36761	
2.59918	8.37646	
2.60376	8.36945	
2.59491	8.35388	
2.59888	8.35327	
2.59369	8.35205	
2.60223	8.35449	
2.59796	8.36334	
2.59644	8.3551	
2.59186	8.35236	
2.59766	8.36243	
2.59705	8.37219	
2.59125	8.36182	
2.59888	8.3551	
2.60254	8.36975	
2.59918	8.37982	
2.6001	8.36639	
2.60468	8.36395	
2.59399	8.34503	
2.59613	8.35327	
2.58942	8.35602	
2.59338	8.349	
2.60284	8.35175	
2.59521	8.34991	
2.59979	8.34503	
2.58942	8.3551	
2.59277	8.36731	
2.59338	8.36914	
2.59766	8.3786	
2.60162	8.37494	
2.60345	8.36273	
2.60864	8.3667	
2.6004	8.38867	
2.59491	8.37494	
2.59583	8.37067	
2.60162	8.36334	
2.59766	8.37372	
2.59338	8.37097	
2.59094	8.38257	
2.59094	8.37372	
2.59583	8.37891	
2.60132	8.37616	
2.59613	8.36609	
2.59857	8.36395	
2.60437	8.36945	
2.61261	8.36517	
2.60864	8.36578	
2.60071	8.37555	
2.59857	8.36945	
2.59583	8.38593	
2.5882	8.36395	
2.59583	8.37677	
2.59705	8.38776	
2.59918	8.36731	
2.60345	8.36456	
2.58636	8.36731	
2.58698	8.35938	
2.59033	8.3606	
2.59399	8.35815	
2.59583	8.36243	
2.60651	8.37463	
2.60529	8.36853	
2.60101	8.36182	
2.59644	8.36975	
2.60437	8.38135	
2.60529	8.36121	
2.60132	8.35327	
2.59979	8.35663	
2.60162	8.36151	
2.59796	8.3609	
2.59796	8.35999	
2.59521	8.36304	
2.59552	8.36609	
2.59796	8.36517	
2.59949	8.37585	
2.59552	8.37128	
2.59796	8.37952	
2.60162	8.37433	
2.60101	8.36578	
2.60193	8.37891	
2.60773	8.38226	
2.60681	8.38531	
2.60254	8.37463	
2.59521	8.38226	
2.59674	8.37189	
2.59674	8.38043	
2.59949	8.37952	
2.60193	8.37372	
2.60468	8.36639	
2.60712	8.37128	
2.60651	8.37372	
2.60651	8.36426	
2.59796	8.36487	
2.5946	8.37341	
2.59369	8.36334	
2.60132	8.36914	
2.59766	8.36517	
2.59644	8.36151	
2.5946	8.37311	
2.59613	8.36273	
2.59613	8.35663	
2.59552	8.35388	
2.59613	8.36609	
2.6004	8.3551	
2.6004	8.36853	
2.60559	8.36334	
2.60315	8.36823	
2.60376	8.36792	
2.60376	8.37524	
2.60406	8.38043	
2.60101	8.36853	
2.59644	8.35541	
2.59766	8.3609	
2.59827	8.36395	
2.6004	8.36273	
2.60681	8.36761	
2.60681	8.37219	
2.60864	8.35541	
2.59949	8.36548	
2.60254	8.35724	
2.59796	8.38196	
2.60132	8.37799	
2.60468	8.37769	
2.60681	8.38226	
2.60345	8.37097	
2.60773	8.37463	
2.60834	8.3783	
2.60773	8.39111	
2.60529	8.37463	
2.61017	8.37677	
2.60925	8.37494	
2.60529	8.3905	
2.60651	8.37494	
2.6062	8.37463	
2.59705	8.38989	
2.60803	8.36517	
2.60223	8.37891	
2.60529	8.38531	
2.59827	8.38104	
2.59308	8.38318	
2.60498	8.37097	
2.60773	8.38348	
2.59735	8.36578	
2.59399	8.38562	
2.60193	8.3728	
2.59827	8.37036	
2.60406	8.35419	
2.60773	8.37219	
2.60712	8.3728	
2.60925	8.36853	
2.60864	8.35449	
2.60529	8.37402	
2.6062	8.3783	
2.60376	8.38531	
2.60254	8.39172	
2.60315	8.37891	
2.60742	8.37585	
2.60773	8.37677	
2.612	8.37799	
2.60803	8.37677	
2.60864	8.38318	
2.60803	8.36914	
2.60895	8.35388	
2.60529	8.35693	
2.60986	8.38196	
2.60834	8.38318	
2.61047	8.37219	
2.60406	8.3905	
2.60101	8.37952	
2.59857	8.37646	
2.60681	8.38776	
2.60406	8.37555	
2.60529	8.37067	
2.59308	8.37708	
2.59949	8.37769	
2.59735	8.35815	
2.59979	8.35541	
2.5943	8.36426	
2.60071	8.35388	
2.5946	8.35785	
2.59796	8.36121	
2.61414	8.35114	
2.6178	8.3551	
2.6001	8.36945	
2.60742	8.3725	
2.59491	8.37616	
2.58606	8.36884	
2.5946	8.36243	
2.59277	8.35297	
2.60193	8.35785	
2.58698	8.38196	
2.60345	8.36945	
2.61047	8.36487	
2.61383	8.35358	
2.60651	8.3374	
2.61169	8.35876	
2.61108	8.34564	
2.60498	8.35022	
2.60406	8.35968	
2.59705	8.35999	
2.60162	8.35541	
2.60681	8.34259	
2.59827	8.3432	
2.60651	8.34473	
2.61322	8.35663	
2.61078	8.34473	
2.60498	8.35846	
2.60803	8.35663	
2.60834	8.37524	
2.60681	8.35205	
2.60071	8.349	
2.59827	8.34534	
2.60864	8.35175	
2.61597	8.349	
2.60468	8.34808	
2.59705	8.35815	
2.60529	8.35602	
2.59766	8.36029	
2.6001	8.36456	
2.59888	8.3606	
2.61322	8.36304	
2.61292	8.3606	
2.60345	8.35724	
2.60284	8.34808	
2.60437	8.35205	
2.59796	8.34625	
2.61932	8.33832	
2.60376	8.36029	
2.60437	8.35938	
2.6062	8.35907	
2.60742	8.34473	
2.60162	8.34259	
2.59644	8.34656	
2.60834	8.34259	
2.60529	8.34259	
2.60468	8.32581	
2.59796	8.33862	
2.60651	8.3429	
2.60834	8.34412	
2.60345	8.35236	
2.59918	8.3429	
2.61871	8.33954	
2.61505	8.3432	
2.59979	8.34351	
2.60345	8.33313	
2.60193	8.34167	
2.59583	8.35938	
2.60864	8.34839	
2.60742	8.35327	
2.59918	8.36517	
2.60162	8.34778	
2.61108	8.33557	
2.60834	8.34686	
2.60498	8.34808	
2.61047	8.35358	
2.60803	8.34778	
2.6123	8.34747	
2.59857	8.34503	
2.60071	8.33984	
2.60132	8.33954	
2.60101	8.34045	
2.61475	8.33344	
2.61383	8.32947	
2.60071	8.34381	
2.59949	8.33191	
2.61078	8.34747	
2.60742	8.34076	
2.60376	8.33954	
2.60925	8.34595	
2.61139	8.34015	
2.60712	8.34045	
2.60345	8.34717	
2.60406	8.33557	
2.60437	8.33435	
2.60132	8.32764	
2.60895	8.32336	
2.61139	8.34412	
2.61169	8.33221	
2.60895	8.3194	
2.60651	8.32916	
2.59918	8.33069	
2.60071	8.3316	
2.60834	8.31696	
2.59857	8.32092	
2.59888	8.31543	
2.61566	8.3429	
2.6236	8.33435	
2.60803	8.33649	
2.61932	8.34137	
2.612	8.33893	
2.61017	8.32275	
2.6001	8.35663	
2.60315	8.35052	
2.59735	8.35846	
2.59796	8.33282	
2.59796	8.35571	
2.59796	8.34717	
2.59613	8.349	
2.60315	8.35785	
2.59338	8.35968	
2.59338	8.35754	
2.59674	8.34106	
2.59857	8.33893	
2.59491	8.32733	
2.60529	8.34869	
2.6123	8.34686	
2.61292	8.35144	
2.60498	8.33374	
2.60864	8.34595	
2.60162	8.34625	
2.60529	8.35571	
2.60162	8.34839	
2.61017	8.35968	
2.61047	8.34778	
2.60406	8.3316	
2.60132	8.35876	
2.60162	8.3374	
2.59766	8.32703	
2.6123	8.32123	
2.61444	8.33282	
2.61078	8.32672	
2.59979	8.33282	
2.61261	8.33588	
2.61139	8.34015	
2.61292	8.35022	
2.61139	8.33618	
2.60712	8.33557	
2.60345	8.34412	
2.60529	8.3252	
2.60132	8.34808	
2.60559	8.33893	
2.61017	8.34747	
2.61292	8.33862	
2.60193	8.3429	
2.60437	8.33282	
2.60193	8.33008	
2.61139	8.34198	
2.61139	8.32794	
2.61078	8.34351	
2.60437	8.33466	
2.60345	8.3432	
2.6004	8.33405	
2.60803	8.3371	
2.62054	8.3313	
2.61536	8.33191	
2.59521	8.3194	
2.59491	8.32397	
2.60681	8.33282	
2.60254	8.3316	
2.61414	8.33527	
2.60925	8.33984	
2.61261	8.32886	
2.61261	8.33313	
2.60437	8.34473	
2.60254	8.34473	
2.60437	8.33984	
2.60193	8.3429	
2.60437	8.34015	
2.60284	8.33954	
2.60437	8.34961	
2.60284	8.35876	
2.60376	8.35266	
2.60712	8.36975	
2.6123	8.3551	
2.61322	8.35541	
2.61108	8.35144	
2.60101	8.33862	
2.60132	8.36395	
2.6004	8.34869	
2.60101	8.35602	
2.60925	8.34534	
2.61414	8.34747	
2.61658	8.349	
2.60986	8.35846	
2.60712	8.34961	
2.60071	8.35846	
2.60437	8.36121	
2.61169	8.35205	
2.61444	8.35846	
2.612	8.3548	
2.60651	8.36121	
2.60376	8.33954	
2.60681	8.3667	
2.6181	8.38043	
2.61078	8.37708	
2.59979	8.37128	
2.60925	8.37799	
2.60376	8.36761	
2.60376	8.38593	
2.60132	8.37067	
2.60468	8.36548	
2.60895	8.35419	
2.6123	8.34686	
2.62054	8.36914	
2.61749	8.36853	
2.60834	8.36731	
2.61261	8.36884	
2.60345	8.37677	
2.60345	8.38013	
2.60254	8.35815	
2.60498	8.35693	
2.61292	8.3725	
2.61871	8.37341	
2.62207	8.37463	
2.62146	8.37067	
2.61566	8.37006	
2.59735	8.367	
2.5946	8.36578	
2.59918	8.37677	
2.61597	8.3551	
2.61139	8.35175	
2.61169	8.38654	
2.61566	8.38837	
2.61383	8.34991	
2.6062	8.35358	
2.6059	8.35632	
2.6059	8.36029	
2.61078	8.35266	
2.61353	8.35907	
2.61444	8.35419	
2.6123	8.35419	
2.60468	8.34991	
2.60345	8.35388	
2.60468	8.36151	
2.61383	8.35999	
2.61658	8.3606	
2.61169	8.34991	
2.61902	8.36243	
2.60986	8.36578	
2.61322	8.35602	
2.60925	8.37067	
2.60803	8.37067	
2.60376	8.3609	
2.60712	8.37524	
2.61414	8.37708	
2.60529	8.35175	
2.60895	8.36121	
2.61261	8.37067	
2.61688	8.36151	
2.61566	8.36121	
2.61566	8.36456	
2.61688	8.36182	
2.612	8.35846	
2.60376	8.36243	
2.60742	8.36639	
2.6123	8.37128	
2.60925	8.37708	
2.60284	8.36121	
2.60773	8.35724	
2.61505	8.37067	
2.61871	8.36151	
2.62421	8.35449	
2.6181	8.3606	
2.62512	8.35693	
2.62268	8.35266	
2.62787	8.34961	
2.6236	8.35175	
2.62177	8.33862	
2.60895	8.36639	
2.60468	8.3728	
2.59979	8.36456	
2.61536	8.37524	
2.61658	8.36884	
2.612	8.37158	
2.61383	8.38379	
2.61475	8.38257	
2.6001	8.36243	
2.60345	8.36395	
2.60315	8.37402	
2.60315	8.37006	
2.60681	8.37341	
2.60681	8.36212	
2.61383	8.36456	
2.60895	8.35846	
2.60437	8.36884	
2.60529	8.36365	
2.61658	8.35785	
2.61169	8.3667	
2.60864	8.37219	
2.60468	8.37067	
2.61017	8.35754	
2.61078	8.36945	
2.60834	8.35236	
2.6178	8.35632	
2.61597	8.36121	
2.60162	8.3551	
2.60468	8.36487	
2.6059	8.36823	
2.60406	8.35327	
2.60529	8.36029	
2.60498	8.35999	
2.60559	8.3606	
2.61322	8.35999	
2.61536	8.36456	
2.61353	8.36151	
2.60864	8.35907	
2.61078	8.35205	
2.61139	8.34961	
2.62085	8.35144	
2.62512	8.35419	
2.60529	8.349	
2.59552	8.34808	
2.60406	8.35663	
2.60681	8.35693	
2.61932	8.35693	
2.61261	8.34595	
2.61139	8.32825	
2.61078	8.34473	
2.61261	8.36609	
2.61658	8.35327	
2.62115	8.33862	
2.61749	8.34564	
2.61505	8.36212	
2.61841	8.35114	
2.61017	8.36548	
2.60803	8.35876	
2.60376	8.35876	
2.6062	8.35876	
2.61719	8.36243	
2.60803	8.37341	
2.61688	8.34778	
2.61078	8.35419	
2.60803	8.35419	
2.612	8.34869	
2.6123	8.3667	
2.61841	8.36639	
2.61841	8.35785	
2.61078	8.3493	
2.60895	8.35022	
2.60468	8.3548	
2.61536	8.35175	
2.61719	8.36487	
2.61322	8.35785	
2.6178	8.34534	
2.61108	8.34778	
2.60986	8.34381	
2.60803	8.34259	
2.60834	8.34412	
2.62268	8.34076	
2.62573	8.34869	
2.60803	8.32733	
2.6062	8.34717	
2.60956	8.34808	
2.61627	8.33618	
2.61871	8.34717	
2.6123	8.34259	
2.60895	8.33862	
2.61932	8.35205	
2.61871	8.36731	
2.6181	8.35541	
2.62054	8.3429	
2.60742	8.33069	
2.60803	8.35571	
2.61017	8.34778	
2.62238	8.34534	
2.61353	8.35327	
2.60895	8.34534	
2.60956	8.34259	
2.6181	8.34473	
2.61444	8.36029	
2.61353	8.34167	
2.61078	8.33313	
2.61292	8.33466	
2.60986	8.34442	
2.612	8.34595	
2.61993	8.34747	
2.62207	8.3429	
2.60864	8.34564	
2.61383	8.33954	
2.61444	8.33832	
2.60834	8.34564	
2.62054	8.33313	
2.63031	8.35144	
2.62726	8.33405	
2.62848	8.3432	
2.60925	8.35236	
2.60254	8.34381	
2.60559	8.33618	
2.60895	8.35236	
2.61993	8.36121	
2.61902	8.35693	
2.61932	8.34381	
2.60895	8.34625	
2.6181	8.34717	
2.62054	8.35114	
2.6178	8.34839	
2.61993	8.35236	
2.62238	8.35388	
2.61627	8.34625	
2.6123	8.36304	
2.60712	8.34412	
2.6181	8.34717	
2.6178	8.35175	
2.62177	8.35815	
2.61993	8.36456	
2.61444	8.36151	
2.6123	8.36578	
2.6178	8.36426	
2.61841	8.34869	
2.61383	8.36639	
2.61719	8.37524	
2.6236	8.36578	
2.62177	8.38776	
2.61627	8.36578	
2.61169	8.35144	
2.60895	8.35999	
2.60406	8.36914	
2.6123	8.35999	
2.61932	8.35358	
2.61658	8.36151	
2.60956	8.36365	
2.60864	8.37189	
2.62421	8.33893	
2.60956	8.36334	
2.62634	8.35938	
2.62604	8.35602	
2.63031	8.36304	
2.6297	8.35388	
2.61871	8.34076	
2.60468	8.36853	
2.60315	8.36273	
2.61719	8.35907	
2.62085	8.37219	
2.61505	8.36182	
2.60864	8.36243	
2.61322	8.37006	
2.61749	8.36304	
2.62024	8.35327	
2.61963	8.36273	
2.61932	8.36731	
2.62054	8.3609	
2.61902	8.36029	
2.62054	8.3606	
2.61505	8.37402	
2.61139	8.36639	
2.62421	8.35327	
2.61444	8.35266	
2.61383	8.34625	
2.6178	8.33252	
2.61627	8.34747	
2.61261	8.34045	
2.61078	8.34229	
2.61597	8.34595	
2.62054	8.33557	
2.62299	8.34991	
2.61017	8.32184	
2.60864	8.32794	
2.61749	8.33191	
2.62268	8.32306	
2.6181	8.32977	
2.61322	8.33008	
2.62024	8.32916	
2.62939	8.32367	
2.61841	8.31665	
2.60223	8.34198	
2.60681	8.32031	
2.61292	8.33252	
2.61536	8.34564	
2.61292	8.34381	
2.61505	8.33527	
2.61841	8.33221	
2.6181	8.33374	
2.62024	8.32855	
2.62207	8.34045	
2.62421	8.33374	
2.6123	8.34564	
2.61475	8.33557	
2.61047	8.35632	
2.61841	8.33771	
2.61932	8.34412	
2.62299	8.33069	
2.61353	8.33069	
2.6178	8.34167	
2.61505	8.34503	
2.61108	8.33862	
2.61414	8.33893	
2.62177	8.33405	
2.61658	8.33221	
2.62604	8.32947	
2.61658	8.34869	
2.61353	8.33252	
2.61383	8.33771	
2.62238	8.32428	
2.61505	8.32977	
2.61108	8.34137	
2.61078	8.33771	
2.63214	8.34686	
2.62604	8.34839	
2.61353	8.34747	
2.6059	8.33771	
2.62451	8.36823	
2.6239	8.3316	
2.61536	8.33862	
2.61261	8.34259	
2.6178	8.34503	
2.62115	8.34991	
2.61444	8.37616	
2.61292	8.34625	
2.62054	8.33618	
2.62207	8.33801	
2.61536	8.31879	
2.60681	8.32611	
2.62024	8.34106	
2.61871	8.35297	
2.6239	8.34106	
2.61688	8.32092	
2.6123	8.33038	
2.6178	8.33557	
2.61322	8.34717	
2.6239	8.34625	
2.62909	8.33893	
2.61688	8.35388	
2.60681	8.35236	
2.6236	8.34534	
2.61871	8.33771	
2.62085	8.34686	
2.62756	8.34076	
2.61841	8.35083	
2.62207	8.34808	
2.60895	8.35297	
2.62329	8.34015	
2.62482	8.34351	
2.61475	8.33618	
2.62115	8.32672	
2.61993	8.33344	
2.61932	8.33405	
2.61353	8.34717	
2.62329	8.33893	
2.62268	8.33496	
2.61017	8.33649	
2.61505	8.33832	
2.62085	8.34412	
2.61261	8.34747	
2.61322	8.32642	
2.63092	8.33069	
2.63153	8.34106	
2.60559	8.32733	
2.60986	8.32672	
2.60468	8.34656	
2.61658	8.32581	
2.62177	8.33984	
2.61505	8.34595	
2.62238	8.36029	
2.61261	8.34625	
2.6236	8.33923	
2.61505	8.34412	
2.61871	8.33008	
2.61597	8.34961	
2.62329	8.34961	
2.61871	8.3429	
2.61261	8.34259	
2.60651	8.35754	
2.61871	8.35907	
2.61383	8.36121	
2.62482	8.35114	
2.60712	8.3786	
2.62604	8.36823	
2.61414	8.34473	
2.61566	8.35602	
2.61841	8.35876	
2.62115	8.36548	
2.62268	8.36243	
2.61414	8.35968	
2.61383	8.35724	
2.62817	8.36029	
2.61475	8.36121	
2.62115	8.37646	
2.61353	8.36945	
2.62665	8.37311	
2.62054	8.36761	
2.61047	8.35846	
2.62482	8.37677	
2.61932	8.35327	
2.61322	8.35449	
2.62543	8.35815	
2.61017	8.35266	
2.62085	8.34961	
2.61383	8.36914	
2.6236	8.35449	
2.61078	8.36761	
2.62329	8.36975	
2.6178	8.35632	
2.62848	8.34564	
2.61322	8.36853	
2.62482	8.3609	
2.62604	8.36151	
2.61444	8.36151	
2.62024	8.36182	
2.62177	8.36945	
2.61475	8.35968	
2.62543	8.37555	
2.62634	8.37006	
2.60773	8.36426	
2.6062	8.37219	
2.62146	8.37219	
2.61871	8.37952	
2.61688	8.37036	
2.62146	8.38013	
2.61383	8.37952	
2.6178	8.36578	
2.62817	8.37189	
2.61383	8.3667	
2.62115	8.35571	
2.6181	8.37402	
2.63062	8.35968	
2.61719	8.37006	
2.61841	8.35785	
2.62909	8.36304	
2.61261	8.34869	
2.62634	8.36426	
2.6358	8.37067	
2.61841	8.36578	
2.60712	8.37189	
2.62909	8.37433	
2.61536	8.35052	
2.61963	8.35571	
2.62604	8.3725	
2.61475	8.35815	
2.61017	8.36487	
2.62512	8.37036	
2.61475	8.3493	
2.61841	8.35693	
2.62054	8.36212	
2.61383	8.3783	
2.61993	8.36273	
2.61932	8.35846	
2.61353	8.36609	
2.62543	8.36609	
2.61383	8.35968	
2.63214	8.36151	
2.63123	8.35083	
2.61658	8.36792	
2.62146	8.35968	
2.61963	8.37555	
2.62146	8.36273	
2.62543	8.37067	
2.61322	8.3667	
2.62878	8.35907	
2.62238	8.35846	
2.61505	8.36578	
2.62238	8.36365	
2.62329	8.3548	
2.61719	8.35632	
2.62451	8.35724	
2.62878	8.3606	
2.61414	8.36578	
2.62329	8.3606	
2.61444	8.36212	
2.62085	8.36609	
2.62695	8.3725	
2.62177	8.37769	
2.62817	8.35297	
2.61597	8.34625	
2.61963	8.34015	
2.62115	8.34961	
2.62299	8.35144	
2.61292	8.36121	
2.61597	8.36334	
2.6297	8.37189	
2.61993	8.35876	
2.62543	8.37158	
2.61536	8.36792	
2.61841	8.37006	
2.62695	8.36243	
2.62268	8.37311	
2.61536	8.37982	
2.62177	8.36914	
2.61871	8.37128	
2.61505	8.3728	
2.63306	8.36456	
2.63428	8.37555	
2.6297	8.38074	
2.6059	8.37402	
2.612	8.3783	
2.63031	8.3728	
2.61993	8.37128	
2.61841	8.36487	
2.62085	8.37097	
2.63153	8.37341	
2.62421	8.36304	
2.61475	8.37494	
2.62573	8.37952	
2.63245	8.37402	
2.61566	8.36456	
2.62573	8.36548	
2.62299	8.3609	
2.62268	8.37769	
2.62146	8.37921	
2.62817	8.3725	
2.61993	8.37494	
2.61658	8.3609	
2.62543	8.3667	
2.61719	8.36761	
2.63123	8.367	
2.62695	8.36426	
2.61047	8.35297	
2.62817	8.36456	
2.61932	8.35602	
2.62878	8.34015	
2.62756	8.32794	
2.61444	8.34198	
2.62543	8.32397	
2.6239	8.33527	
2.61444	8.35297	
2.62543	8.34381	
2.6239	8.35083	
2.62024	8.34625	
2.62695	8.34869	
2.62695	8.35602	
2.6178	8.34991	
2.62604	8.36517	
2.62207	8.37219	
2.63672	8.3551	
2.62787	8.36304	
2.60895	8.36578	
2.63	8.37524	
2.61902	8.35632	
2.61902	8.36823	
2.62848	8.36609	
2.62848	8.35632	
2.62695	8.36517	
2.62909	8.34839	
2.61627	8.34045	
2.62665	8.37036	
2.61902	8.38165	
2.61658	8.37006	
2.62848	8.3548	
2.63885	8.36945	
2.63336	8.36945	
2.62268	8.36517	
2.63123	8.37952	
2.62085	8.38104	
2.6355	8.36365	
2.60895	8.36243	
2.62634	8.36029	
2.62268	8.35907	
2.63153	8.37128	
2.62756	8.36578	
2.62421	8.35602	
2.63062	8.35999	
2.61902	8.36487	
2.62756	8.36731	
2.6178	8.35602	
2.62848	8.37128	
2.61566	8.37341	
2.62299	8.3783	
2.62817	8.38593	
2.62024	8.3847	
2.62756	8.36761	
2.62909	8.38257	
2.61169	8.35022	
2.62787	8.37097	
2.61963	8.38623	
2.62543	8.37036	
2.62787	8.37799	
2.6123	8.37982	
2.6297	8.36884	
2.62238	8.37372	
2.62024	8.36029	
2.6239	8.38776	
2.62207	8.36945	
2.63275	8.37799	
2.62085	8.39111	
2.62695	8.38074	
2.61627	8.38348	
2.63824	8.38348	
2.62939	8.38531	
2.6181	8.3847	
2.62848	8.38348	
2.61993	8.39539	
2.6297	8.37891	
2.62695	8.37219	
2.62604	8.36517	
2.62024	8.35846	
2.62115	8.3725	
2.62054	8.37677	
2.62299	8.36182	
2.62909	8.35785	
2.62085	8.35663	
2.62054	8.34961	
2.61902	8.35297	
2.63641	8.3493	
2.61444	8.35876	
2.6239	8.37097	
2.62115	8.35175	
2.62939	8.36334	
2.62115	8.36548	
2.63245	8.35541	
2.6178	8.37616	
2.6239	8.37982	
2.62604	8.36761	
2.63	8.35083	
2.6239	8.34625	
2.63123	8.36273	
2.63458	8.35419	
2.62299	8.35693	
2.62329	8.36121	
2.6297	8.35876	
2.62085	8.34503	
2.63275	8.3606	
2.62848	8.37616	
2.62146	8.34808	
2.62451	8.34656	
2.6236	8.35541	
2.62573	8.35846	
2.61658	8.36487	
2.62543	8.38226	
2.63	8.37067	
2.63947	8.3551	
2.61566	8.37524	
2.62299	8.35876	
2.61719	8.3548	
2.63336	8.37891	
2.63397	8.35236	
2.63641	8.38165	
2.61963	8.3667	
2.63397	8.35693	
2.62787	8.37646	
2.62512	8.34991	
2.61963	8.35754	
2.63153	8.34534	
2.62817	8.34198	
2.63519	8.35052	
2.62329	8.34198	
2.62573	8.3316	
2.62848	8.34412	
2.62054	8.35022	
2.63275	8.35632	
2.61932	8.35602	
2.62512	8.34503	
2.6297	8.34717	
2.63306	8.34473	
2.62085	8.37219	
2.63123	8.3609	
2.62024	8.35419	
2.63519	8.35236	
2.6123	8.34595	
2.62878	8.35541	
2.62268	8.35938	
2.62604	8.35663	
2.62634	8.37646	
2.62878	8.36304	
2.62787	8.35571	
2.61932	8.36212	
2.62939	8.36121	
2.62207	8.35754	
2.62817	8.37341	
2.61688	8.36823	
2.62451	8.36731	
2.63214	8.37708	
2.61963	8.37708	
2.63824	8.36578	
2.63733	8.38196	
2.62634	8.3548	
2.62726	8.35022	
2.62726	8.36517	
2.63031	8.36609	
2.62115	8.367	
2.63031	8.367	
2.63062	8.36304	
2.61902	8.35114	
2.62665	8.37311	
2.62756	8.36334	
2.63153	8.37067	
2.62054	8.35876	
2.63	8.36731	
2.6413	8.36212	
2.63153	8.35968	
2.61475	8.35175	
2.61353	8.34961	
2.62817	8.36823	
2.62604	8.36334	
2.6236	8.36212	
2.61627	8.37036	
2.62604	8.3609	
2.6297	8.36853	
2.62787	8.37128	
2.6236	8.36578	
2.62451	8.38226	
2.6297	8.37646	
2.61871	8.36395	
2.63214	8.37555	
2.62817	8.36945	
2.63092	8.37036	
2.61475	8.36639	
2.63306	8.36334	
2.62115	8.36517	
2.63184	8.36456	
2.62848	8.37128	
2.63428	8.35541	
2.62482	8.35266	
2.62665	8.36456	
2.62451	8.35815	
2.63123	8.34747	
2.62543	8.37128	
2.62939	8.36273	
2.64099	8.34961	
2.61993	8.349	
2.63672	8.33679	
2.63184	8.34686	
2.63245	8.32947	
2.62817	8.33069	
2.62115	8.34991	
2.63367	8.36761	
2.62268	8.35449	
2.62299	8.36914	
2.63428	8.34259	
2.62817	8.34961	
2.61932	8.35754	
2.63702	8.35785	
2.62085	8.37311	
2.63184	8.36578	
2.62512	8.35571	
2.61658	8.35602	
2.62543	8.37036	
2.6236	8.36273	
2.62756	8.36029	
2.62695	8.35815	
2.62665	8.35815	
2.6236	8.36945	
2.62299	8.36517	
2.62726	8.35693	
2.63275	8.34747	
2.62756	8.35052	
2.6239	8.35876	
2.63977	8.36945	
2.60864	8.36731	
2.63275	8.36945	
2.62695	8.37402	
2.63428	8.36731	
2.61353	8.3725	
2.63489	8.36487	
2.63336	8.37891	
2.62604	8.37067	
2.63367	8.37433	
2.62543	8.36731	
2.63489	8.34564	
2.63245	8.35175	
2.63916	8.35205	
2.61475	8.34625	
2.62085	8.35083	
2.63092	8.35114	
2.62939	8.35175	
2.62604	8.33771	
2.63123	8.3374	
2.63336	8.33099	
2.63062	8.35022	
2.62421	8.33252	
2.63397	8.33923	
2.62115	8.35632	
2.63031	8.35266	
2.62604	8.3609	
2.63489	8.34564	
2.63824	8.36212	
2.6239	8.33801	
2.62482	8.34442	
2.63214	8.3551	
2.62939	8.34381	
2.63641	8.33923	
2.62329	8.33038	
2.63397	8.32977	
2.6297	8.33649	
2.63428	8.32794	
2.63397	8.3551	
2.62207	8.3551	
2.62756	8.34198	
2.63184	8.33374	
2.62573	8.35266	
2.63062	8.37097	
2.62238	8.34259	
2.63702	8.33771	
2.6236	8.34229	
2.63	8.34686	
2.62451	8.35297	
2.62207	8.34076	
2.62146	8.3374	
2.64221	8.34045	
2.6178	8.34442	
2.63611	8.34229	
2.63275	8.34381	
2.6355	8.34259	
2.63123	8.3313	
2.63062	8.35449	
2.63397	8.35052	
2.62512	8.34808	
2.63733	8.34503	
2.6239	8.35266	
2.62695	8.33496	
2.6358	8.34259	
2.62512	8.33618	
2.63275	8.33801	
2.62543	8.34595	
2.63428	8.32916	
2.63092	8.34259	
2.62268	8.33984	
2.63275	8.33435	
2.62573	8.34137	
2.63397	8.35052	
2.6239	8.34076	
2.63458	8.33832	
2.62787	8.33649	
2.63977	8.34045	
2.61688	8.3432	
2.63428	8.36029	
2.62909	8.34564	
2.63519	8.34503	
2.62604	8.34747	
2.62909	8.35999	
2.63	8.37128	
2.62573	8.35815	
2.63397	8.34717	
2.62573	8.33862	
2.63641	8.34778	
2.62756	8.34045	
2.63855	8.34473	
2.6178	8.33099	
2.63458	8.33649	
2.62848	8.3429	
2.63428	8.33344	
2.62573	8.33832	
2.6355	8.33649	
2.62726	8.34717	
2.62543	8.34534	
2.63245	8.33435	
2.62604	8.34625	
2.6236	8.34015	
2.64313	8.34045	
2.61658	8.34717	
2.63245	8.34137	
2.63245	8.33282	
2.6236	8.33832	
2.63489	8.36334	
2.62543	8.35632	
2.63275	8.34473	
2.6355	8.35175	
2.62665	8.36029	
2.63306	8.35114	
2.62756	8.34045	
2.63702	8.33923	
2.61902	8.32306	
2.63519	8.33588	
2.62787	8.35358	
2.63428	8.34991	
2.63092	8.33984	
2.63428	8.34808	
2.62573	8.35724	
2.63336	8.34564	
2.62787	8.33374	
2.63031	8.33923	
2.62512	8.35175	
2.63336	8.34259	
2.62604	8.32947	
2.64679	8.32794	
2.61841	8.34991	
2.63794	8.34564	
2.63367	8.35114	
2.62329	8.34015	
2.62878	8.34869	
2.62604	8.33801	
2.6355	8.34015	
2.6297	8.34534	
2.63275	8.35358	
2.62695	8.35022	
2.6297	8.34381	
2.64343	8.3548	
2.61993	8.35785	
2.63092	8.34473	
2.62634	8.35907	
2.63367	8.36914	
2.63641	8.36609	
2.62604	8.37433	
2.62817	8.36731	
2.63855	8.367	
2.62482	8.35449	
2.63214	8.3548	
2.62268	8.3551	
2.6358	8.35876	
2.62115	8.35602	
2.63306	8.37372	
2.63702	8.36182	
2.62451	8.3606	
2.62817	8.35999	
2.63	8.36151	
2.63855	8.38104	
2.62451	8.35571	
2.63245	8.34381	
2.63763	8.35541	
2.62146	8.36395	
2.63824	8.35846	
2.62756	8.36151	
2.62817	8.35083	
2.64221	8.35846	
2.62756	8.35175	
2.63092	8.35938	
2.63885	8.34503	
2.62604	8.36761	
2.63245	8.36304	
2.62573	8.37646	
2.64587	8.38196	
2.63397	8.36853	
2.63733	8.36792	
2.62726	8.38501	
2.63489	8.37006	
2.6239	8.37463	
2.63214	8.35114	
2.62787	8.34808	
2.62604	8.34412	
2.63794	8.349	
2.62451	8.35052	
2.63916	8.34717	
2.63245	8.34717	
2.6239	8.36761	
2.62207	8.35388	
2.63123	8.35114	
2.6358	8.35114	
2.63153	8.34229	
2.63794	8.33862	
2.62604	8.349	
2.62909	8.35663	
2.62726	8.35205	
2.62787	8.33679	
2.63672	8.34473	
2.63855	8.35297	
2.62665	8.3609	
2.64099	8.33984	
2.63153	8.35754	
2.64221	8.34595	
2.62665	8.35083	
2.63489	8.35114	
2.63123	8.37067	
2.62787	8.36975	
2.63123	8.36304	
2.62268	8.37219	
2.6355	8.35999	
2.64557	8.36304	
2.62329	8.35907	
2.63275	8.35815	
2.6355	8.34625	
2.63092	8.36487	
2.63916	8.37006	
2.62665	8.36426	
2.63336	8.37524	
2.63977	8.3667	
2.62482	8.37311	
2.63336	8.38348	
2.64252	8.39355	
2.6416	8.37341	
2.62543	8.37738	
2.63153	8.36609	
2.63672	8.36243	
2.63031	8.35968	
2.63245	8.35144	
2.63611	8.34686	
2.62787	8.35083	
2.64282	8.33954	
2.62634	8.35358	
2.6358	8.36609	
2.6416	8.35327	
2.62085	8.36426	
2.63519	8.37677	
2.62726	8.35724	
2.63855	8.37311	
2.62299	8.35815	
2.64313	8.36212	
2.63641	8.34839	
2.63702	8.36731	
2.6297	8.35815	
2.63306	8.38074	
2.63336	8.35938	
2.62299	8.38074	
2.63214	8.36334	
2.6358	8.35388	
2.62848	8.37341	
2.63824	8.35266	
2.63184	8.37006	
2.63123	8.36273	
2.62665	8.36975	
2.63611	8.35907	
2.6413	8.36609	
2.62787	8.36243	
2.63885	8.38104	
2.63275	8.38013	
2.63123	8.38287	
2.63947	8.38654	
2.63306	8.36761	
2.63367	8.36639	
2.62543	8.3667	
2.63824	8.36243	
2.63458	8.36853	
2.64404	8.37219	
2.62817	8.37799	
2.62817	8.37646	
2.63702	8.35541	
2.62787	8.36548	
2.63367	8.35571	
2.63641	8.35693	
2.63336	8.33588	
2.62451	8.34595	
2.63702	8.35846	
2.63702	8.35419	
2.62573	8.34991	
2.63916	8.35602	
2.63123	8.35999	
2.63336	8.35846	
2.64313	8.35693	
2.63702	8.34015	
2.63092	8.35297	
2.64038	8.35236	
2.63916	8.35632	
2.63947	8.35022	
2.63672	8.36517	
2.63367	8.35327	
2.64069	8.35571	
2.63275	8.34381	
2.63519	8.34961	
2.63947	8.34961	
2.63641	8.3432	
2.63824	8.34442	
2.63031	8.32977	
2.62817	8.33252	
2.64191	8.33832	
2.62695	8.33527	
2.62787	8.33954	
2.64008	8.34656	
2.63519	8.3371	
2.63336	8.34259	
2.63184	8.33679	
2.63062	8.3429	
2.63397	8.33923	
2.62848	8.33954	
2.64923	8.3316	
2.63428	8.33588	
2.63275	8.34503	
2.63	8.35114	
2.63733	8.35358	
2.63733	8.34473	
2.62665	8.34167	
2.62909	8.33832	
2.6416	8.33527	
2.62451	8.33221	
2.64008	8.33893	
2.6239	8.34534	
2.63214	8.37067	
2.63947	8.35114	
2.62695	8.35999	
2.64038	8.37799	
2.63428	8.35266	
2.63947	8.35571	
2.63733	8.35541	
2.62939	8.35266	
2.62756	8.34381	
2.64008	8.34778	
2.63397	8.33832	
2.63153	8.34656	
2.64252	8.35114	
2.64191	8.35175	
2.6416	8.33191	
2.6355	8.35541	
2.63214	8.34595	
2.63123	8.36334	
2.64526	8.35541	
2.63641	8.34595	
2.63062	8.34808	
2.63367	8.3432	
2.63763	8.34808	
2.63336	8.35815	
2.63275	8.35266	
2.63214	8.35602	
2.62665	8.34991	
2.64923	8.35419	
2.62756	8.35968	
2.64313	8.35266	
2.63428	8.33862	
2.62848	8.34778	
2.64343	8.35175	
2.63428	8.35602	
2.63275	8.34198	
2.63672	8.34686	
2.64648	8.34991	
2.64099	8.34351	
2.62634	8.34595	
2.64282	8.35724	
2.63794	8.35297	
2.62848	8.34869	
2.63824	8.34351	
2.63428	8.35938	
2.63428	8.36823	
2.62878	8.35419	
2.63031	8.3667	
2.64099	8.36761	
2.6358	8.36884	
2.62878	8.37219	
2.63367	8.36029	
2.64038	8.35999	
2.63885	8.34991	
2.63824	8.36182	
2.63062	8.35236	
2.63153	8.34961	
2.64923	8.34686	
2.63062	8.35052	
2.63458	8.34076	
2.62787	8.34473	
2.6358	8.35175	
2.63977	8.3493	
2.64221	8.3606	
2.63794	8.35876	
2.62634	8.36243	
2.64709	8.34137	
2.63885	8.35632	
2.63123	8.34503	
2.63092	8.34351	
2.64374	8.35876	
2.64221	8.35083	
2.6413	8.34503	
2.64221	8.35236	
2.63092	8.36304	
2.64526	8.36456	
2.62451	8.37158	
2.63184	8.36304	
2.63031	8.35449	
2.62939	8.35175	
2.63611	8.3548	
2.64374	8.34259	
2.63275	8.35236	
2.63123	8.35571	
2.64343	8.34534	
2.64374	8.32886	
2.63489	8.33527	
2.63092	8.33435	
2.63641	8.33984	
2.63641	8.35144	
2.64038	8.35724	
2.62787	8.34381	
2.63824	8.35724	
2.64709	8.35419	
2.62909	8.33801	
2.64252	8.35175	
2.63489	8.35266	
2.64191	8.35297	
2.64709	8.34656	
2.63977	8.33954	
2.6358	8.33832	
2.63519	8.33405	
2.63702	8.33771	
2.6297	8.34686	
2.64862	8.35876	
2.63672	8.35907	
2.63306	8.35571	
2.6413	8.36273	
2.6297	8.35358	
2.63519	8.35083	
2.63794	8.33893	
2.64191	8.3548	
2.63977	8.36121	
2.64465	8.34808	
2.62848	8.34351	
2.63794	8.33191	
2.64465	8.35663	
2.63153	8.33038	
2.62817	8.35236	
2.64313	8.34564	
2.63519	8.33252	
2.63062	8.35632	
2.64404	8.35388	
2.63672	8.34839	
2.6297	8.3432	
2.63916	8.34351	
2.63885	8.33984	
2.63702	8.35388	
2.6358	8.34564	
2.63885	8.35083	
2.63794	8.35449	
2.63062	8.36761	
2.63367	8.34961	
2.64893	8.35266	
2.64221	8.36578	
2.63153	8.349	
2.63947	8.3551	
2.64771	8.35144	
2.63336	8.36578	
2.63214	8.35388	
2.63824	8.35236	
2.64313	8.36029	
2.6355	8.35815	
2.62787	8.35663	
2.63489	8.35968	
2.63702	8.35632	
2.64191	8.35632	
2.63519	8.35632	
2.63367	8.35571	
2.63885	8.36639	
2.64191	8.3551	
2.63702	8.35632	
2.63275	8.35449	
2.64313	8.35815	
2.64221	8.34473	
2.63214	8.35876	
2.64221	8.35632	
2.64374	8.35968	
2.64648	8.3783	
2.64282	8.36212	
2.63458	8.35388	
2.62878	8.35876	
2.64099	8.35327	
2.64282	8.3609	
2.64435	8.37372	
2.63397	8.35968	
2.63367	8.36029	
2.63245	8.3432	
2.64038	8.36029	
2.65289	8.34076	
2.63153	8.34442	
2.63245	8.33344	
2.64191	8.34351	
2.64618	8.34717	
2.63611	8.34137	
2.63947	8.33923	
2.6355	8.3313	
2.63214	8.33923	
2.62665	8.33862	
2.6358	8.34961	
2.64099	8.33099	
2.64587	8.33405	
2.64343	8.33984	
2.63977	8.33923	
2.63214	8.33466	
2.63336	8.33038	
2.64221	8.32764	
2.64191	8.34747	
2.64496	8.35175	
2.64038	8.34076	
2.63855	8.33496	
2.6413	8.35236	
2.63367	8.34839	
2.63489	8.35205	
2.65228	8.3374	
2.6413	8.34167	
2.64038	8.34564	
2.63641	8.35175	
2.63336	8.33801	
2.63763	8.35754	
2.63092	8.34717	
2.63336	8.35419	
2.63458	8.3609	
2.63611	8.35205	
2.64435	8.35052	
2.63733	8.34656	
2.63031	8.34961	
2.63458	8.34045	
2.63763	8.34137	
2.63977	8.349	
2.63611	8.34473	
2.63	8.34961	
2.64648	8.34656	
2.6358	8.34198	
2.63702	8.3548	
2.64313	8.35114	
2.63245	8.33801	
2.63306	8.34747	
2.63184	8.35114	
2.63336	8.3548	
2.64252	8.35327	
2.64526	8.35876	
2.64465	8.36487	
2.63977	8.35846	
2.63184	8.34686	
2.63458	8.35083	
2.63336	8.34961	
2.64038	8.36884	
2.64893	8.36884	
2.64465	8.35449	
2.63489	8.35388	
2.63458	8.34564	
2.63519	8.3551	
2.63702	8.349	
2.64679	8.3551	
2.63367	8.34595	
2.64191	8.35785	
2.64435	8.36121	
2.64496	8.36639	
2.64282	8.35663	
2.64343	8.37921	
2.64069	8.36456	
2.64313	8.34747	
2.63367	8.36243	
2.64404	8.33435	
2.65198	8.35968	
2.63184	8.3548	
2.63702	8.34473	
2.64069	8.36548	
2.6474	8.35083	
2.63977	8.36304	
2.6413	8.3548	
2.64313	8.36243	
2.64618	8.36456	
2.63214	8.37891	
2.63763	8.38043	
2.64313	8.37708	
2.6474	8.37646	
2.64069	8.37341	
2.63672	8.36487	
2.63153	8.37097	
2.64404	8.367	
2.6535	8.36884	
2.63062	8.37219	
2.6355	8.37433	
2.64648	8.37006	
2.64404	8.36639	
2.64465	8.36853	
2.64557	8.3667	
2.63062	8.37128	
2.63977	8.36975	
2.65411	8.36121	
2.64191	8.37128	
2.6358	8.36304	
2.6355	8.37677	
2.64191	8.35327	
2.64465	8.36456	
2.64313	8.35968	
2.63092	8.36914	
2.63947	8.38257	
2.64648	8.37189	
2.63031	8.37494	
2.63184	8.37463	
2.64526	8.37433	
2.6358	8.3725	
2.64679	8.36578	
2.64069	8.35632	
2.64771	8.37463	
2.63641	8.37189	
2.64069	8.36517	
2.64099	8.3609	
2.64526	8.36578	
2.64679	8.3728	
2.63	8.36182	
2.63641	8.36395	
2.63916	8.36609	
2.6413	8.36029	
2.6474	8.36609	
2.64038	8.37067	
2.63153	8.36945	
2.64221	8.38257	
2.63672	8.36761	
2.6355	8.36243	
2.64069	8.36273	
2.63855	8.36365	
2.64343	8.36761	
2.65625	8.38226	
2.64923	8.37646	
2.64984	8.37524	
2.64648	8.35327	
2.64771	8.36273	
2.63916	8.3728	
2.63428	8.36365	
2.63641	8.36029	
2.64557	8.349	
2.64771	8.34564	
2.64252	8.34473	
2.63672	8.34167	
2.63672	8.34564	
2.63885	8.34473	
2.64465	8.35846	
2.64435	8.36639	
2.65564	8.36304	
2.64984	8.36212	
2.64923	8.36365	
2.63458	8.36914	
2.64008	8.3667	
2.64832	8.35815	
2.6416	8.34961	
2.63977	8.35052	
2.63763	8.37067	
2.64252	8.36517	
2.64771	8.35907	
2.6416	8.35938	
2.63611	8.34961	
2.63947	8.36639	
2.64069	8.36212	
2.64618	8.35541	
2.64832	8.37433	
2.63153	8.36639	
2.64526	8.3606	
2.64526	8.36945	
2.6416	8.35785	
2.63947	8.37189	
2.64191	8.36121	
2.64618	8.36273	
2.64923	8.367	
2.65381	8.36914	
2.63611	8.3725	
2.63977	8.37646	
2.63641	8.38867	
2.63824	8.38898	
2.64191	8.38684	
2.63824	8.37524	
2.64252	8.39386	
2.63824	8.38898	
2.64496	8.36639	
2.64404	8.37128	
2.63977	8.3783	
2.63885	8.35846	
2.64557	8.35449	
2.6358	8.36182	
2.63794	8.37372	
2.63733	8.36182	
2.63733	8.35541	
2.64282	8.37494	
2.64526	8.38165	
2.64038	8.3725	
2.63641	8.36182	
2.64557	8.36487	
2.65137	8.3728	
2.62512	8.37067	
2.63733	8.38287	
2.63275	8.38623	
2.64038	8.37585	
2.63977	8.38043	
2.63489	8.37402	
2.64587	8.36884	
2.65594	8.37036	
2.65045	8.36975	
2.64526	8.36212	
2.64648	8.36731	
2.64465	8.37036	
2.63733	8.36304	
2.63855	8.35876	
2.6535	8.36212	
2.64496	8.35449	
2.64832	8.36029	
2.65045	8.37646	
2.64069	8.34442	
2.64954	8.36914	
2.64832	8.35114	
2.65015	8.36487	
2.63733	8.35907	
2.63641	8.36304	
2.64435	8.36456	
2.6474	8.35388	
2.64465	8.35083	
2.65137	8.35663	
2.64923	8.36029	
2.65991	8.36548	
2.63153	8.35938	
2.64252	8.37036	
2.63672	8.36304	
2.63702	8.36182	
2.6413	8.35907	
2.64679	8.36426	
2.64832	8.37402	
2.65717	8.36945	
2.63184	8.36609	
2.63947	8.36609	
2.63733	8.37067	
2.64893	8.37067	
2.64374	8.35907	
2.64587	8.3725	
2.64679	8.37433	
2.64496	8.3609	
2.64771	8.37097	
2.64893	8.36517	
2.65015	8.3609	
2.63794	8.35907	
2.63672	8.36853	
2.63336	8.34747	
2.6413	8.37189	
2.64435	8.35541	
2.64435	8.36609	
2.64648	8.36395	
2.65106	8.35022	
2.64801	8.3606	
2.63855	8.35083	
2.64191	8.36517	
2.64038	8.36243	
2.63367	8.34747	
2.63489	8.34656	
2.63947	8.34534	
2.63824	8.35602	
2.64252	8.35144	
2.64191	8.35144	
2.64526	8.35602	
2.64709	8.35815	
2.64435	8.35449	
2.63916	8.35205	
2.64252	8.34717	
2.64435	8.35052	
2.64496	8.35358	
2.64709	8.35602	
2.65503	8.34015	
2.64801	8.349	
2.65015	8.3493	
2.64862	8.34961	
2.64832	8.35236	
2.65045	8.35571	
2.64008	8.35266	
2.63794	8.34564	
2.63245	8.33435	
2.64465	8.3429	
2.63855	8.33954	
2.63885	8.34717	
2.64343	8.34808	
2.64923	8.3493	
2.64923	8.34076	
2.64771	8.34656	
2.64069	8.33191	
2.64801	8.32855	
2.64435	8.34595	
2.6474	8.35571	
2.64526	8.35999	
2.64771	8.34595	
2.65198	8.35815	
2.65259	8.35419	
2.57324	8.35266	
2.64526	8.36731	
2.64465	8.35266	
2.65076	8.34595	
2.64893	8.36121	
2.64069	8.36823	
2.62543	8.36975	
2.64008	8.35571	
2.55676	8.35266	
2.64679	8.34595	
2.64587	8.35541	
2.63123	8.35297	
2.63824	8.35541	
2.64526	8.35754	
2.64557	8.34564	
2.71423	8.35175	
2.65015	8.34015	
2.64191	8.33801	
2.65289	8.35327	
2.64496	8.36273	
2.52014	8.3548	
2.72766	8.36578	
2.53021	8.36212	
2.64832	8.36304	
2.64923	8.36639	
2.66083	8.36517	
2.64648	8.36792	
2.6593	8.3606	
2.65594	8.35358	
2.64374	8.36548	
2.72614	8.36548	
2.64252	8.35052	
2.6474	8.36304	
2.64435	8.35754	
2.76917	8.367	
2.6651	8.34167	
2.65167	8.35968	
2.65228	8.35083	
2.64465	8.35693	
2.64679	8.34808	
2.64252	8.34747	
2.64282	8.35663	
2.63245	8.35388	
2.64648	8.35999	
2.65198	8.34381	
2.65015	8.3609	
2.64679	8.34534	
2.64893	8.34961	
2.6474	8.34564	
2.65564	8.34747	
2.65228	8.33588	
2.64404	8.34747	
2.63977	8.34991	
2.6944	8.34625	
2.64221	8.34534	
2.64221	8.35602	
2.65076	8.35327	
2.65869	8.34564	
2.6355	8.35632	
2.63641	8.36212	
2.64404	8.35449	
2.64923	8.35602	
2.65411	8.35205	
2.64954	8.35999	
2.64435	8.33832	
2.66418	8.34412	
2.63763	8.3429	
2.74902	8.35083	
2.65747	8.36243	
2.65198	8.35022	
2.60498	8.34564	
2.6474	8.36182	
2.6474	8.35114	
2.65869	8.35907	
2.65625	8.35815	
2.65076	8.34869	
2.65198	8.36212	
2.6413	8.35876	
2.64221	8.37006	
2.64069	8.34503	
2.64557	8.34625	
2.64374	8.3493	
2.6474	8.35052	
2.64221	8.34473	
2.63885	8.35632	
2.68188	8.35602	
2.64252	8.35541	
2.65045	8.35754	
2.65228	8.35175	
2.65198	8.36029	
2.64771	8.35144	
2.64069	8.36365	
2.64709	8.37097	
2.56317	8.36212	
2.64557	8.35419	
2.67273	8.36243	
2.64038	8.33282	
2.64862	8.35571	
2.64862	8.33923	
2.64526	8.3493	
2.64587	8.33893	
2.65137	8.35571	
2.65076	8.36609	
2.64923	8.3548	
2.64893	8.35358	
2.64832	8.35693	
2.64832	8.36578	
2.64984	8.35999	
2.66205	8.35785	
2.64862	8.34869	
2.55615	8.35724	
2.63855	8.35785	
2.64282	8.35052	
2.64648	8.35022	
2.64252	8.35785	
2.6413	8.36914	
2.63184	8.3548	
2.64282	8.36609	
2.64801	8.36548	
2.65167	8.36548	
2.65045	8.36639	
2.62329	8.36212	
2.65198	8.36182	
2.66418	8.34961	
2.64557	8.34961	
2.64435	8.35175	
2.63824	8.37524	
2.63611	8.35144	
2.65015	8.35571	
2.64038	8.36243	
2.63977	8.35388	
2.64343	8.35785	
2.65411	8.34656	
2.65137	8.37494	
2.64771	8.36426	
2.6416	8.37311	
2.64893	8.3844	
2.6413	8.37982	
2.72705	8.37555	
2.64099	8.36456	
2.63611	8.3725	
2.65442	8.36761	
2.6532	8.36029	
2.64526	8.35236	
2.65076	8.34686	
2.65076	8.36792	
2.66418	8.36609	
2.64771	8.38135	
2.65045	8.36914	
2.64282	8.36426	
2.64252	8.39203	
2.63947	8.36151	
2.64465	8.36792	
2.63458	8.37585	
2.63641	8.36823	
2.64648	8.35938	
2.6474	8.367	
2.63733	8.38013	
2.65198	8.35205	
2.64832	8.35846	
2.63824	8.35571	
2.65137	8.35419	
2.59308	8.35846	
2.64709	8.35632	
2.65533	8.36975	
2.64496	8.3548	
2.64374	8.36243	
2.63092	8.35968	
2.64038	8.35663	
2.64374	8.3728	
2.6358	8.35815	
2.6416	8.3786	
2.64313	8.35663	
2.6825	8.35388	
2.65411	8.35297	
2.65045	8.35785	
2.64038	8.36884	
2.64252	8.36975	
2.64679	8.35663	
2.65167	8.36578	
2.61108	8.35175	
2.60712	8.37158	
2.65076	8.35541	
2.65472	8.367	
2.65656	8.35388	
2.65656	8.36182	
2.65259	8.36304	
2.64404	8.36182	
2.64954	8.35907	
2.63489	8.36792	
2.64313	8.34991	
2.65076	8.35052	
2.64221	8.33862	
2.65442	8.35968	
2.64893	8.35449	
2.64832	8.34076	
2.64801	8.34045	
2.65564	8.33954	
2.65259	8.33649	
2.65289	8.34625	
2.64771	8.32947	
2.65594	8.34198	
2.66937	8.35175	
2.64801	8.35022	
2.65411	8.34839	
2.65411	8.34808	
2.64435	8.34198	
2.63458	8.34045	
2.64648	8.34869	
2.65533	8.33374	
2.64191	8.35358	
2.65076	8.3371	
2.65442	8.34106	
2.64435	8.34808	
2.66083	8.36731	
2.64038	8.34503	
2.65442	8.34747	
2.64038	8.349	
2.64557	8.34229	
2.65106	8.33557	
2.63702	8.33527	
2.64771	8.35358	
2.64557	8.35571	
2.64465	8.36243	
2.63092	8.34106	
2.64252	8.35052	
2.63977	8.35297	
2.65228	8.34167	
2.64282	8.33588	
2.64923	8.34259	
2.64832	8.34564	
2.63306	8.33557	
2.65167	8.32794	
2.64648	8.34595	
2.64252	8.33038	
2.65289	8.31543	
2.65503	8.33038	
2.64069	8.32123	
2.64496	8.33099	
2.65381	8.32764	
2.64771	8.32306	
2.65411	8.33557	
2.65167	8.33435	
2.64801	8.3374	
2.64893	8.33832	
2.65137	8.33496	
2.63641	8.33405	
2.64496	8.32214	
2.64374	8.32886	
2.64374	8.33374	
2.64679	8.3313	
2.64313	8.34351	
2.6593	8.33832	
2.65564	8.33771	
2.65228	8.33862	
2.64282	8.3374	
2.65106	8.32855	
2.65289	8.33496	
2.65259	8.3316	
2.66357	8.32703	
2.63794	8.33252	
2.64465	8.32703	
2.64008	8.33313	
2.64496	8.32397	
2.6413	8.33069	
2.64832	8.34106	
2.65564	8.34412	
2.64435	8.34778	
2.64252	8.34503	
2.64648	8.34747	
2.64465	8.34595	
2.64526	8.33527	
2.63855	8.33984	
2.66357	8.34839	
2.659	8.34229	
2.65381	8.33649	
2.65076	8.34564	
2.64191	8.36365	
2.64771	8.34869	
2.64587	8.3609	
2.64069	8.34717	
2.64496	8.35327	
2.65198	8.34564	
2.65747	8.349	
2.64374	8.3374	
2.65076	8.34351	
2.64893	8.35114	
2.65106	8.34229	
2.65167	8.3429	
2.64465	8.35205	
2.64648	8.35114	
2.64374	8.36456	
2.6532	8.35602	
2.64221	8.35144	
2.65259	8.35358	
2.64618	8.36273	
2.64465	8.35327	
2.64679	8.35083	
2.64038	8.35327	
2.65594	8.3493	
2.6355	8.34045	
2.64923	8.34106	
2.64618	8.34564	
2.64526	8.35449	
2.64252	8.33923	
2.64435	8.34198	
2.65411	8.32306	
2.65656	8.33221	
2.65594	8.33221	
2.6532	8.3374	
2.65747	8.33893	
2.64832	8.33893	
2.65259	8.35236	
2.6532	8.33282	
2.65198	8.33679	
2.64679	8.35114	
2.65625	8.32336	
2.65564	8.34229	
2.65747	8.34045	
2.65594	8.34961	
2.64526	8.33893	
2.65839	8.34473	
2.65259	8.33069	
2.65228	8.3252	
2.65198	8.32275	
2.65228	8.32123	
2.65564	8.34534	
2.65259	8.32367	
2.66327	8.31329	
2.65594	8.32642	
2.65228	8.34045	
2.65808	8.31207	
2.6532	8.33771	
2.65198	8.34229	
2.65503	8.32886	
2.66418	8.34076	
2.65625	8.34045	
2.65167	8.34351	
2.65503	8.32947	
2.65503	8.34167	
2.65564	8.32336	
2.64954	8.3316	
2.64954	8.31879	
2.65015	8.33038	
2.65625	8.33099	
2.65564	8.32825	
2.64954	8.31757	
2.65198	8.3255	
2.65656	8.32153	
2.65228	8.32733	
2.64526	8.30353	
2.64801	8.31696	
2.64404	8.34625	
2.64374	8.34045	
2.64465	8.33527	
2.64709	8.33771	
2.64343	8.33099	
2.64282	8.33435	
2.65106	8.31696	
2.64984	8.31055	
2.64832	8.30505	
2.64618	8.32428	
2.64099	8.32367	
2.64618	8.32428	
2.64801	8.33801	
2.64404	8.33954	
2.64374	8.33527	
2.65503	8.35571	
2.65198	8.35144	
2.65228	8.367	
2.66113	8.35266	
2.64923	8.35236	
2.64801	8.35297	
2.64709	8.34167	
2.64709	8.33282	
2.64374	8.32428	
2.6474	8.33618	
2.63702	8.31757	
2.65411	8.33618	
2.64465	8.33618	
2.65533	8.33221	
2.65198	8.3374	
2.64862	8.33893	
2.64191	8.32458	
2.64038	8.33923	
2.64923	8.33618	
2.65564	8.33435	
2.64923	8.32703	
2.6535	8.32977	
2.65167	8.33923	
2.65961	8.33282	
2.64893	8.32275	
2.65442	8.32886	
2.65381	8.33069	
2.65594	8.33221	
2.65533	8.34076	
2.659	8.33771	
2.66266	8.35754	
2.64862	8.35541	
2.64526	8.34167	
2.64313	8.349	
2.64587	8.33984	
2.64984	8.3374	
2.64832	8.35205	
2.64496	8.32825	
2.64801	8.35327	
2.65228	8.35388	
2.64282	8.349	
2.64709	8.34686	
2.65289	8.3606	
2.65289	8.35632	
2.63763	8.35846	
2.64832	8.349	
2.64343	8.34808	
2.65137	8.36151	
2.65289	8.34564	
2.65472	8.34808	
2.65198	8.33771	
2.66144	8.33496	
2.65381	8.34015	
2.65839	8.35022	
2.65991	8.33801	
2.65594	8.33344	
2.65076	8.34778	
2.64648	8.33801	
2.65686	8.33771	
2.64496	8.33527	
2.65167	8.33618	
2.65045	8.32886	
2.65076	8.33405	
2.64801	8.34229	
2.64984	8.33099	
2.65564	8.32733	
2.6416	8.34076	
2.6474	8.33618	
2.64465	8.35846	
2.65472	8.34717	
2.64618	8.33649	
2.64618	8.33557	
2.64801	8.34473	
2.64252	8.34381	
2.64832	8.35602	
2.64923	8.35327	
2.64679	8.35754	
2.65259	8.349	
2.65594	8.35327	
2.66266	8.34534	
2.64221	8.34686	
2.65198	8.35938	
2.6474	8.34229	
2.64771	8.35236	
2.64435	8.34137	
2.65289	8.3252	
2.64771	8.34839	
2.64343	8.35236	
2.65259	8.33435	
2.65411	8.33344	
2.65228	8.33954	
2.65808	8.33221	
2.65259	8.34961	
2.65533	8.34259	
2.64984	8.34076	
2.64618	8.33954	
2.64832	8.33832	
2.64954	8.32642	
2.64832	8.33862	
2.64984	8.34076	
2.64648	8.35052	
2.65137	8.33862	
2.65717	8.33069	
2.66174	8.3429	
2.65686	8.34015	
2.65991	8.3609	
2.65564	8.35663	
2.66083	8.34045	
2.65472	8.3432	
2.64587	8.34351	
2.65686	8.3432	
2.65015	8.33313	
2.64923	8.33099	
2.63885	8.33679	
2.65259	8.32642	
2.64618	8.3371	
2.65778	8.35205	
2.65656	8.32977	
2.6593	8.3432	
2.66235	8.3313	
2.64862	8.35052	
2.64862	8.34106	
2.64923	8.3551	
2.64679	8.35358	
2.64557	8.33221	
2.64832	8.34595	
2.63916	8.34717	
2.65564	8.33771	
2.65259	8.3316	
2.65045	8.35968	
2.65961	8.35785	
2.65503	8.34381	
2.66388	8.35571	
2.66022	8.34167	
2.65961	8.37219	
2.65472	8.35144	
2.64923	8.35083	
2.64954	8.35052	
2.64496	8.34229	
2.64404	8.34991	
2.65198	8.3429	
2.65076	8.35297	
2.65106	8.33923	
2.65442	8.34229	
2.64801	8.33099	
2.64648	8.31879	
2.64496	8.33374	
2.65961	8.3316	
2.65045	8.33099	
2.64832	8.3432	
2.65076	8.33832	
2.64587	8.33649	
2.65411	8.31757	
2.64526	8.33893	
2.65717	8.34259	
2.65869	8.32489	
2.659	8.32794	
2.65656	8.34595	
2.65656	8.34686	
2.64801	8.3374	
2.65137	8.32458	
2.6593	8.34564	
2.65564	8.33099	
2.65686	8.3374	
2.65289	8.33984	
2.66876	8.33374	
2.65991	8.33435	
2.65717	8.33282	
2.66144	8.32764	
2.65594	8.34778	
2.65533	8.3432	
2.65137	8.3432	
2.64557	8.35663	
2.64801	8.33313	
2.64557	8.34717	
2.64801	8.34473	
2.64679	8.34717	
2.65656	8.32733	
2.66663	8.32336	
2.65991	8.34534	
2.65686	8.33313	
2.65869	8.34381	
2.64893	8.34991	
2.65137	8.34717	
2.65778	8.34259	
2.66998	8.3371	
2.65259	8.349	
2.65594	8.34015	
2.65747	8.33374	
2.659	8.33313	
2.65259	8.33496	
2.64008	8.33008	
2.6535	8.3371	
2.66632	8.33405	
2.65564	8.34869	
2.65259	8.3313	
2.65076	8.33771	
2.65411	8.33252	
2.65625	8.32581	
2.65564	8.33527	
2.64832	8.33252	
2.64801	8.33038	
2.66388	8.35083	
2.65747	8.34106	
2.6532	8.34808	
2.65076	8.33221	
2.65747	8.33771	
2.65778	8.34106	
2.65289	8.34808	
2.64954	8.33557	
2.65686	8.33252	
2.65228	8.33771	
2.6593	8.3313	
2.65839	8.3313	
2.64496	8.34106	
2.65137	8.33649	
2.6593	8.33618	
2.65228	8.33405	
2.65778	8.3548	
2.64648	8.34259	
2.64221	8.35815	
2.65198	8.3551	
2.66296	8.35754	
2.65564	8.34686	
2.64771	8.3548	
2.66449	8.35968	
2.65625	8.35236	
2.65991	8.35602	
2.65747	8.35632	
2.66052	8.35297	
2.65533	8.35388	
2.65594	8.35663	
2.66785	8.35999	
2.65289	8.3667	
2.65381	8.35052	
2.65564	8.35968	
2.66296	8.34442	
2.65991	8.36334	
2.66144	8.37219	
2.64984	8.35754	
2.65411	8.37067	
2.6474	8.36212	
2.65564	8.36182	
2.64862	8.3725	
2.64679	8.36487	
2.64557	8.36761	
2.65503	8.36761	
2.65045	8.36609	
2.65839	8.35052	
2.66083	8.36304	
2.65778	8.37738	
2.65717	8.3905	
2.65503	8.36639	
2.65411	8.34747	
2.64771	8.36304	
2.65808	8.35938	
2.66205	8.36304	
2.66663	8.35724	
2.65991	8.34381	
2.65961	8.36365	
2.64862	8.36365	
2.65106	8.34717	
2.64984	8.35541	
2.65533	8.35663	
2.65045	8.35175	
2.66083	8.35999	
2.65228	8.35632	
2.64984	8.35266	
2.66144	8.35663	
2.66266	8.3548	
2.66144	8.36731	
2.6593	8.3432	
2.66418	8.35815	
2.65411	8.36487	
2.65381	8.36151	
2.65076	8.36151	
2.65106	8.34015	
2.66327	8.33923	
2.66357	8.35541	
2.65686	8.36731	
2.66022	8.35541	
2.66113	8.35663	
2.66296	8.35907	
2.65564	8.36487	
2.65778	8.35541	
2.65808	8.36578	
2.65472	8.34595	
2.64923	8.34045	
2.65503	8.33282	
2.6593	8.34137	
2.66113	8.35144	
2.66235	8.37219	
2.65717	8.35602	
2.65015	8.36426	
2.64923	8.35846	
2.64404	8.35114	
2.65442	8.36182	
2.65015	8.34839	
2.65167	8.34625	
2.66266	8.34991	
2.64832	8.36823	
2.66907	8.36304	
2.659	8.36517	
2.65015	8.38074	
2.65137	8.37341	
2.65717	8.37555	
2.6593	8.37006	
2.66998	8.38013	
2.66327	8.36365	
2.6532	8.3963	
2.6535	8.36212	
2.64954	8.37097	
2.65686	8.3725	
2.65717	8.39417	
2.65991	8.37646	
2.66113	8.36639	
2.65594	8.37341	
2.64832	8.36182	
2.65533	8.36029	
2.66998	8.34778	
2.6535	8.37585	
2.64832	8.37585	
2.65686	8.35602	
2.65198	8.37158	
2.65198	8.37524	
2.64679	8.36243	
2.6593	8.37128	
2.65991	8.36243	
2.65411	8.36151	
2.65686	8.35938	
2.65472	8.34961	
2.64587	8.35968	
2.65533	8.3548	
2.65686	8.37067	
2.65442	8.35815	
2.66296	8.34961	
2.64923	8.34961	
2.64435	8.3432	
2.65442	8.35419	
2.65137	8.35449	
2.66113	8.35266	
2.65289	8.35114	
2.66663	8.36914	
2.64496	8.36334	
2.659	8.35052	
2.65991	8.35175	
2.65045	8.35114	
2.64954	8.36334	
2.67273	8.36273	
2.65656	8.34961	
2.65228	8.35999	
2.65533	8.36914	
2.65656	8.35205	
2.65564	8.36395	
2.65015	8.35083	
2.65289	8.3606	
2.66113	8.37219	
2.66388	8.3667	
2.6532	8.38196	
2.65839	8.36182	
2.64343	8.36151	
2.65381	8.35175	
2.64862	8.3606	
2.65747	8.34961	
2.6535	8.35754	
2.65717	8.36517	
2.65808	8.34503	
2.65808	8.35785	
2.65991	8.34747	
2.66205	8.34503	
2.66205	8.36823	
2.66724	8.35815	
2.6593	8.35632	
2.65869	8.35358	
2.6532	8.35358	
2.66083	8.35297	
2.66083	8.34351	
2.66296	8.33679	
2.65961	8.35175	
2.65778	8.3432	
2.6593	8.34991	
2.6355	8.36884	
2.659	8.36945	
2.64893	8.35358	
2.659	8.35022	
2.65259	8.3548	
2.65472	8.37006	
2.6532	8.34351	
2.6709	8.36761	
2.66022	8.35419	
2.65106	8.36395	
2.65259	8.35999	
2.65625	8.36487	
2.65381	8.35999	
2.66968	8.36731	
2.66052	8.37036	
2.65686	8.36395	
2.66327	8.37311	
2.66266	8.38562	
2.65289	8.37311	
2.64618	8.37921	
2.66327	8.36761	
2.66083	8.34381	
2.65869	8.3728	
2.65106	8.35571	
2.66479	8.36029	
2.659	8.36914	
2.659	8.36121	
2.6651	8.35785	
2.6532	8.36548	
2.66418	8.36395	
2.66632	8.36487	
2.65656	8.36182	
2.65411	8.35968	
2.65411	8.36212	
2.66418	8.36273	
2.66418	8.37616	
2.66235	8.3725	
2.65228	8.38928	
2.64984	8.37036	
2.65869	8.36517	
2.66449	8.3725	
2.65625	8.36884	
2.66174	8.36212	
2.65259	8.36151	
2.65839	8.36182	
2.66052	8.36212	
2.66418	8.35388	
2.66174	8.35907	
2.66541	8.35724	
2.65778	8.37097	
2.6535	8.36029	
2.65198	8.3551	
2.65533	8.35632	
2.66144	8.36609	
2.6651	8.37738	
2.66449	8.3606	
2.65717	8.36365	
2.65778	8.36914	
2.6535	8.36243	
2.66327	8.38623	
2.64984	8.36761	
2.66296	8.37494	
2.66083	8.38318	
2.65472	8.37708	
2.65198	8.37433	
2.67273	8.35938	
2.65961	8.36243	
2.65717	8.3725	
2.65442	8.3606	
2.66357	8.36243	
2.65533	8.36761	
2.65198	8.36578	
2.66083	8.35327	
2.65167	8.3609	
2.65503	8.38501	
2.65533	8.3667	
2.66876	8.38226	
2.66205	8.37769	
2.6535	8.36731	
2.6593	8.36731	
2.66418	8.37524	
2.66479	8.38562	
2.66418	8.3847	
2.65411	8.37372	
2.6532	8.36975	
2.66205	8.37769	
2.66479	8.38104	
2.66418	8.38257	
2.66174	8.37738	
2.65442	8.3728	
2.65564	8.36121	
2.66083	8.36853	
2.65228	8.37189	
2.66754	8.36823	
2.66815	8.36151	
2.66449	8.35785	
2.66022	8.36121	
2.65839	8.35846	
2.66327	8.35876	
2.6535	8.36487	
2.66144	8.36212	
2.65198	8.35815	
2.66235	8.35663	
2.65472	8.36334	
2.65717	8.35114	
2.65625	8.34503	
2.66357	8.34656	
2.64893	8.349	
2.66235	8.35449	
2.65747	8.35022	
2.64862	8.34808	
2.65686	8.35052	
2.66632	8.36548	
2.65717	8.35815	
2.65228	8.36212	
2.67365	8.36151	
2.65564	8.36304	
2.65411	8.36853	
2.65656	8.35938	
2.66235	8.36731	
2.65137	8.35114	
2.64374	8.34625	
2.66449	8.34991	
2.66327	8.35327	
2.65289	8.3548	
2.6535	8.34717	
2.66357	8.34625	
2.66754	8.33893	
2.65839	8.34259	
2.65503	8.34534	
2.66418	8.33282	
2.66327	8.34198	
2.65228	8.33832	
2.65594	8.34015	
2.65869	8.34808	
2.65961	8.34717	
2.65503	8.34961	
2.65137	8.34381	
2.65686	8.34686	
2.66083	8.33771	
2.66388	8.33038	
2.6532	8.32306	
2.65198	8.33984	
2.67365	8.32764	
2.65472	8.34656	
2.65686	8.34167	
2.66388	8.33923	
2.65808	8.33099	
2.66022	8.33405	
2.66693	8.32703	
2.65991	8.33679	
2.65503	8.34778	
2.65381	8.3493	
2.6532	8.3374	
2.66388	8.3429	
2.65503	8.34198	
2.66235	8.35876	
2.65594	8.34412	
2.65503	8.3667	
2.67151	8.36334	
2.65808	8.35388	
2.65472	8.36304	
2.66205	8.37555	
2.65808	8.36456	
2.65503	8.37219	
2.65839	8.37311	
2.66418	8.35632	
2.66174	8.33771	
2.66266	8.35022	
2.66235	8.35114	
2.65259	8.35541	
2.65564	8.35602	
2.66144	8.34381	
2.66052	8.34747	
2.6532	8.35114	
2.67334	8.35541	
2.65594	8.34656	
2.65228	8.35815	
2.6593	8.36029	
2.65747	8.37585	
2.659	8.37189	
2.66907	8.37494	
2.65991	8.37097	
2.65564	8.36914	
2.66357	8.37128	
2.65228	8.36426	
2.6532	8.35785	
2.66052	8.36243	
2.65778	8.35968	
2.65686	8.36365	
2.65961	8.36212	
2.65533	8.36426	
2.65656	8.36853	
2.66144	8.35632	
2.66418	8.37006	
2.66235	8.34717	
2.64679	8.35571	
2.66174	8.35571	
2.66571	8.35449	
2.65656	8.35358	
2.65503	8.36212	
2.66785	8.37646	
2.65503	8.35632	
2.65991	8.36334	
2.66235	8.36517	
2.65472	8.36578	
2.67242	8.349	
2.659	8.34961	
2.66174	8.34412	
2.65991	8.35968	
2.66052	8.36548	
2.66418	8.35693	
2.64648	8.34625	
2.6593	8.35327	
2.66418	8.36609	
2.66357	8.34442	
2.65686	8.34076	
2.65686	8.349	
2.64771	8.35541	
2.66449	8.36304	
2.66724	8.3432	
2.66327	8.34564	
2.6535	8.34595	
2.66907	8.34961	
2.65503	8.34167	
2.66449	8.34717	
2.65228	8.35846	
2.66968	8.34717	
2.66144	8.35541	
2.65442	8.35327	
2.65625	8.34564	
2.66632	8.3432	
2.65259	8.3548	
2.66632	8.34717	
2.65472	8.34747	
2.66388	8.3551	
2.66235	8.35144	
2.65289	8.35022	
2.66266	8.34656	
2.6535	8.34198	
2.66602	8.35327	
2.65503	8.35236	
2.65717	8.34869	
2.66571	8.34564	
2.65472	8.34808	
2.66785	8.35205	
2.65472	8.32489	
2.66693	8.33801	
2.66052	8.33282	
2.66388	8.34473	
2.65259	8.33984	
2.67365	8.32397	
2.65472	8.32916	
2.66602	8.34045	
2.65778	8.34656	
2.67059	8.35327	
2.6535	8.34198	
2.66693	8.32306	
2.65778	8.33984	
2.65747	8.33282	
2.65594	8.33435	
2.66724	8.34137	
2.65961	8.34503	
2.66541	8.34564	
2.66174	8.35449	
2.67517	8.34747	
2.65686	8.34564	
2.66693	8.33527	
2.65686	8.33923	
2.66174	8.34076	
2.64832	8.34351	
2.66418	8.32214	
2.65472	8.33374	
2.66907	8.33527	
2.65839	8.33649	
2.66785	8.33923	
2.659	8.34595	
2.66144	8.3606	
2.65198	8.33221	
2.67059	8.32489	
2.65961	8.32306	
2.66876	8.32703	
2.66174	8.32672	
2.66144	8.33557	
2.66724	8.33557	
2.66327	8.33496	
2.6651	8.32886	
2.6651	8.32794	
2.66937	8.33282	
2.65778	8.33435	
2.66632	8.32764	
2.65991	8.33344	
2.65533	8.33099	
2.66571	8.33069	
2.65961	8.33893	
2.66693	8.33801	
2.6651	8.33618	
2.65686	8.32062	
2.66785	8.31696	
2.66205	8.32245	
2.66693	8.32703	
2.65503	8.32794	
2.67059	8.33557	
2.66022	8.34229	
2.66876	8.32123	
2.65717	8.33405	
2.66815	8.3313	
2.65533	8.31421	
2.66144	8.32977	
2.66571	8.32764	
2.659	8.33374	
2.66022	8.31909	
2.6535	8.31055	
2.66632	8.33008	
2.66998	8.31879	
2.65961	8.31726	
2.66632	8.32184	
2.65259	8.32184	
2.66785	8.33832	
2.66937	8.3252	
2.65747	8.33862	
2.66144	8.33832	
2.67517	8.32428	
2.66052	8.3197	
2.65594	8.3252	
2.66541	8.33862	
2.65686	8.33984	
2.67365	8.33588	
2.65717	8.32489	
2.66418	8.34503	
2.66144	8.33527	
2.66113	8.33954	
2.6709	8.34015	
2.65961	8.33893	
2.65808	8.32977	
2.6651	8.32275	
2.65869	8.32489	
2.66693	8.33069	
2.67059	8.32672	
2.65717	8.33191	
2.66266	8.33679	
2.66296	8.31879	
2.65076	8.32642	
2.66388	8.3313	
2.6651	8.35144	
2.66296	8.35266	
2.66632	8.34229	
2.65259	8.33832	
2.65961	8.34015	
2.65869	8.34564	
2.65717	8.33282	
2.67456	8.34656	
2.65991	8.33801	
2.66083	8.34686	
2.66663	8.3374	
2.65717	8.35205	
2.67761	8.3313	
2.6593	8.33527	
2.66327	8.33588	
2.65808	8.3429	
2.66602	8.34076	
2.65198	8.35114	
2.66479	8.34534	
2.65656	8.34351	
2.65808	8.3371	
2.66449	8.33008	
2.65564	8.32947	
2.66144	8.34076	
2.65656	8.33801	
2.66541	8.3493	
2.66998	8.33344	
2.66327	8.34473	
2.66235	8.34412	
2.66449	8.35449	
2.65808	8.3432	
2.66144	8.33862	
2.66846	8.33893	
2.66022	8.33832	
2.66235	8.34717	
2.65076	8.34869	
2.66632	8.34259	
2.65869	8.33862	
2.65564	8.35083	
2.66113	8.34534	
2.659	8.34595	
2.65717	8.34991	
2.65472	8.35693	
2.66632	8.35358	
2.64954	8.35175	
2.66052	8.35358	
2.65717	8.35724	
2.65839	8.34137	
2.66052	8.34381	
2.66785	8.33832	
2.66144	8.33313	
2.6593	8.33527	
2.66235	8.34015	
2.66418	8.32733	
2.66418	8.35297	
2.66022	8.34778	
2.66357	8.34442	
2.65747	8.33405	
2.66876	8.35144	
2.65656	8.34229	
2.65991	8.33649	
2.66449	8.3548	
2.659	8.3551	
2.66327	8.36761	
2.66571	8.34534	
2.64465	8.34961	
2.67761	8.35571	
2.66541	8.34076	
2.68433	8.35541	
2.6651	8.3606	
2.66357	8.36975	
2.66327	8.35144	
2.66296	8.3609	
2.65076	8.37128	
2.67273	8.36639	
2.65015	8.36792	
2.65839	8.3609	
2.66846	8.35663	
2.6593	8.35632	
2.65137	8.34106	
2.66724	8.36273	
2.66113	8.36975	
2.66724	8.35663	
2.69379	8.35938	
2.65869	8.35175	
2.66907	8.35205	
2.66083	8.33771	
2.65656	8.32001	
2.65961	8.34991	
2.66388	8.33801	
2.659	8.33679	
2.65717	8.33649	
2.66907	8.34015	
2.66327	8.35022	
2.65961	8.32947	
2.66022	8.34686	
2.66937	8.33252	
2.66663	8.34595	
2.65747	8.35022	
2.66754	8.32336	
2.66022	8.34564	
2.66876	8.32245	
2.66144	8.33069	
2.66266	8.33405	
2.67029	8.32672	
2.66083	8.32489	
2.66632	8.33282	
2.6593	8.33099	
2.66754	8.32977	
2.66449	8.33679	
2.65839	8.33099	
2.67212	8.34808	
2.65686	8.35266	
2.65381	8.35999	
2.66907	8.34351	
2.65778	8.33801	
2.65717	8.35052	
2.66296	8.34534	
2.65717	8.34534	
2.65747	8.36456	
2.66113	8.36731	
2.6767	8.34473	
2.6593	8.35236	
2.66998	8.35968	
2.66357	8.35052	
2.65869	8.34686	
2.66968	8.34534	
2.66937	8.34503	
2.66083	8.35876	
2.6709	8.35175	
2.65137	8.33588	
2.65686	8.36029	
2.66205	8.35266	
2.66907	8.36121	
2.65106	8.35815	
2.66724	8.34503	
2.65533	8.34595	
2.66602	8.34961	
2.67487	8.35144	
2.66022	8.35571	
2.66357	8.35358	
2.66418	8.34808	
2.66144	8.34869	
2.67242	8.35114	
2.66388	8.34412	
2.65594	8.34869	
2.66724	8.35297	
2.66144	8.33466	
2.65869	8.32764	
2.66052	8.33191	
2.66693	8.33099	
2.65503	8.33862	
2.66785	8.34259	
2.66724	8.35083	
2.66113	8.3551	
2.67303	8.33771	
2.66937	8.34717	
2.66235	8.34473	
2.65656	8.35571	
2.65961	8.35907	
2.66785	8.3725	
2.66449	8.3551	
2.66785	8.35938	
2.66724	8.35938	
2.65747	8.35571	
2.66907	8.36487	
2.66113	8.36365	
2.65411	8.36548	
2.66541	8.37097	
2.659	8.37646	
2.65808	8.36395	
2.67456	8.36853	
2.66602	8.34839	
2.66785	8.36395	
2.66785	8.36182	
2.66113	8.3609	
2.66571	8.36609	
2.66022	8.36273	
2.65961	8.36395	
2.67029	8.35846	
2.65564	8.34656	
2.66083	8.34808	
2.65991	8.34717	
2.66846	8.35419	
2.65381	8.34961	
2.65778	8.35175	
2.66815	8.35907	
2.65717	8.35327	
2.67792	8.35907	
2.65991	8.35907	
2.67029	8.35968	
2.67029	8.34625	
2.68005	8.34198	
2.6593	8.35785	
2.67181	8.34686	
2.66327	8.35968	
2.66083	8.33954	
2.67151	8.34412	
2.65839	8.34991	
2.65839	8.34564	
2.66083	8.35724	
2.66571	8.34351	
2.659	8.34625	
2.65869	8.34961	
2.65991	8.35541	
2.66571	8.35968	
2.66235	8.3432	
2.66052	8.35236	
2.65869	8.3371	
2.66571	8.35632	
2.65747	8.37128	
2.66602	8.35632	
2.66724	8.36334	
2.65778	8.36121	
2.67212	8.36792	
2.66754	8.36243	
2.65717	8.35358	
2.677	8.35541	
2.6651	8.36121	
2.67242	8.35938	
2.66266	8.36243	
2.66998	8.35236	
2.66235	8.36517	
2.66327	8.367	
2.659	8.36395	
2.66632	8.37433	
2.66815	8.36761	
2.65869	8.36121	
2.66296	8.35785	
2.66998	8.35907	
2.65533	8.36609	
2.65808	8.36456	
2.66632	8.35968	
2.66235	8.34869	
2.66052	8.35297	
2.66235	8.36304	
2.66815	8.35571	
2.65961	8.34778	
2.66479	8.35724	
2.66632	8.35571	
2.66052	8.35846	
2.67365	8.35602	
2.66388	8.37189	
2.66449	8.37799	
2.67212	8.36761	
2.66754	8.35907	
2.67273	8.36304	
2.66479	8.36456	
2.66083	8.36853	
2.66083	8.35358	
2.67822	8.34747	
2.66083	8.35266	
2.6593	8.34076	
2.65961	8.34137	
2.67151	8.33954	
2.6593	8.33771	
2.66785	8.33527	
2.66663	8.33527	
2.65778	8.34106	
2.6593	8.34717	
2.66266	8.3429	
2.67212	8.34045	
2.66968	8.3252	
2.65961	8.33527	
2.66937	8.33862	
2.66815	8.33557	
2.65808	8.34991	
2.66541	8.33893	
2.66876	8.34564	
2.66968	8.32611	
2.65747	8.3493	
2.67303	8.32031	
2.66479	8.34167	
2.66846	8.33862	
2.66602	8.33618	
2.66266	8.33923	
2.66693	8.33771	
2.66602	8.33344	
2.66571	8.35236	
2.66388	8.35144	
2.6593	8.35144	
2.65747	8.34747	
2.68005	8.35419	
2.66418	8.35632	
2.66937	8.37006	
2.67242	8.35785	
2.65411	8.35205	
2.66632	8.36456	
2.66968	8.35938	
2.66388	8.34839	
2.67029	8.35938	
2.65045	8.33588	
2.66998	8.349	
2.66998	8.35266	
2.67578	8.35236	
2.66022	8.34686	
2.65228	8.33008	
2.65625	8.33496	
2.66968	8.34167	
2.66571	8.33221	
2.65472	8.34137	
2.67212	8.33923	
2.66113	8.3374	
2.66113	8.33557	
2.67975	8.3493	
2.66235	8.33496	
2.6709	8.32611	
2.67365	8.34106	
2.66266	8.3429	
2.67212	8.33344	
2.6593	8.33466	
2.66205	8.33557	
2.66815	8.3429	
2.65625	8.32245	
2.67151	8.32062	
2.66724	8.32611	
2.65869	8.34839	
2.67853	8.33374	
2.66388	8.32214	
2.66937	8.33649	
2.67212	8.32611	
2.67487	8.33984	
2.65991	8.33008	
2.66998	8.33832	
2.67029	8.34991	
2.66968	8.33282	
2.66144	8.33649	
2.67151	8.33527	
2.66998	8.32977	
2.66327	8.33435	
2.67303	8.33374	
2.65961	8.33374	
2.65869	8.33069	
2.66632	8.3374	
2.66327	8.32916	
2.66418	8.32458	
2.67181	8.32672	
2.66998	8.32153	
2.65198	8.32367	
2.66174	8.3194	
2.67029	8.31573	
2.66632	8.32397	
2.6535	8.32397	
2.6709	8.31268	
2.65747	8.32886	
2.66022	8.31726	
2.67853	8.32916	
2.66907	8.32275	
2.67426	8.33649	
2.66998	8.33191	
2.66785	8.3252	
2.66907	8.32611	
2.66754	8.3194	
2.66693	8.33588	
2.66418	8.32947	
2.68036	8.32245	
2.66693	8.33954	
2.67029	8.34625	
2.67242	8.32855	
2.65686	8.3136	
2.66724	8.33221	
2.67273	8.31604	
2.66541	8.31604	
2.6593	8.32275	
2.67456	8.33313	
2.66754	8.32855	
2.66235	8.32397	
2.67059	8.33618	
2.66876	8.32245	
2.66083	8.32275	
2.66693	8.32062	
2.6709	8.33344	
2.65686	8.32977	
2.65839	8.32306	
2.65961	8.3313	
2.66479	8.34076	
2.67334	8.3313	
2.6593	8.33038	
2.66754	8.33984	
2.66846	8.33679	
2.66479	8.31573	
2.66479	8.33099	
2.66693	8.33527	
2.66174	8.34229	
2.66815	8.33984	
2.67365	8.33191	
2.6712	8.3316	
2.67792	8.33008	
2.66113	8.3197	
2.6709	8.34808	
2.67273	8.3432	
2.66266	8.32367	
2.66632	8.33282	
2.67334	8.34137	
2.67212	8.34473	
2.67181	8.34595	
2.66357	8.33954	
2.66418	8.34717	
2.66876	8.34045	
2.67944	8.34656	
2.66479	8.34991	
2.66144	8.34656	
2.66571	8.34717	
2.67578	8.35083	
2.65778	8.32794	
2.67242	8.33832	
2.67334	8.3313	
2.66388	8.32642	
2.66266	8.33832	
2.67242	8.3313	
2.65869	8.33252	
2.6651	8.32764	
2.67181	8.33221	
2.66907	8.31451	
2.66663	8.32367	
2.67334	8.3252	
2.65472	8.31268	
2.67059	8.3313	
2.66235	8.33069	
2.66144	8.32031	
2.67914	8.32397	
2.66663	8.32764	
2.66968	8.32275	
2.67242	8.32764	
2.67914	8.33893	
2.66785	8.3432	
2.66052	8.32092	
2.66541	8.33496	
2.6825	8.32306	
2.67426	8.32123	
2.66235	8.3316	
2.6651	8.32123	
2.67914	8.33679	
2.67242	8.31848	
2.66052	8.3197	
2.66663	8.32886	
2.66632	8.32306	
2.66968	8.32794	
2.66541	8.33282	
2.66602	8.32794	
2.68127	8.33527	
2.66724	8.32153	
2.66174	8.32092	
2.67059	8.3197	
2.68036	8.30475	
2.66449	8.3316	
2.66235	8.31085	
2.66205	8.32214	
2.67273	8.32855	
2.66907	8.30597	
2.66479	8.31299	
2.66205	8.30902	
2.66327	8.31024	
2.66754	8.302	
2.65747	8.30444	
2.66724	8.30414	
2.67944	8.28522	
2.67273	8.31024	
2.65839	8.3017	
2.66357	8.29254	
2.68097	8.27942	
2.66296	8.28735	
2.66571	8.29346	
2.67212	8.29926	
2.67426	8.29742	
2.66602	8.29254	
2.67609	8.30475	
2.67334	8.30933	
2.68066	8.3017	
2.66632	8.31299	
2.66327	8.29956	
2.66907	8.31329	
2.67822	8.29437	
2.66296	8.31329	
2.66174	8.31482	
2.67212	8.302	
2.6825	8.32062	
2.66449	8.3136	
2.66937	8.30811	
2.66907	8.32062	
2.66937	8.32001	
2.66693	8.33221	
2.67395	8.32916	
2.66754	8.3429	
2.67609	8.3432	
2.6651	8.34229	
2.66144	8.32703	
2.66663	8.34259	
2.67487	8.34686	
2.67242	8.32855	
2.66998	8.32062	
2.65961	8.33954	
2.67029	8.33313	
2.66602	8.33832	
2.66418	8.32977	
2.66296	8.3374	
2.65778	8.34106	
2.67639	8.34106	
2.66296	8.32611	
2.66602	8.3255	
2.67151	8.33984	
2.66785	8.34503	
2.67212	8.34717	
2.66418	8.34503	
2.66113	8.35754	
2.67395	8.35602	
2.67181	8.37006	
2.67609	8.35602	
2.66998	8.35052	
2.6651	8.35327	
2.66846	8.35907	
2.65503	8.36304	
2.66144	8.36639	
2.6651	8.37006	
2.67487	8.36487	
2.67395	8.3432	
2.6709	8.3551	
2.67822	8.35022	
2.67975	8.33771	
2.66632	8.35327	
2.65991	8.36304	
2.67151	8.35876	
2.67334	8.35297	
2.66632	8.34839	
2.66205	8.35327	
2.66052	8.36792	
2.67426	8.36273	
2.66388	8.34686	
2.6651	8.35236	
2.66479	8.34198	
2.66418	8.34961	
2.67395	8.34808	
2.67487	8.32916	
2.68097	8.34167	
2.66327	8.33618	
2.66083	8.35449	
2.66724	8.34869	
2.66144	8.34198	
2.66968	8.33008	
2.66388	8.34839	
2.66083	8.34686	
2.66357	8.34717	
2.6712	8.35327	
2.6709	8.35083	
2.67914	8.33221	
2.66724	8.3313	
2.66418	8.33954	
2.66296	8.33008	
2.65594	8.31787	
2.67395	8.31635	
2.67487	8.32886	
2.65961	8.31299	
2.65442	8.3313	
2.66022	8.31726	
2.6593	8.32153	
2.66296	8.32245	
2.66144	8.3374	
2.66388	8.33679	
2.6651	8.34503	
2.67029	8.34717	
2.67487	8.33618	
2.67151	8.3374	
2.65991	8.34442	
2.66083	8.34839	
2.66449	8.33313	
2.66022	8.33435	
2.66235	8.3429	
2.66998	8.34839	
2.67609	8.32336	
2.67151	8.32153	
2.66632	8.31635	
2.66235	8.31818	
2.67853	8.31604	
2.66388	8.32794	
2.66846	8.33679	
2.66968	8.33405	
2.66815	8.34229	
2.6709	8.3136	
2.67578	8.30841	
2.67517	8.31146	
2.67303	8.31909	
2.65808	8.32794	
2.67273	8.31573	
2.67242	8.31268	
2.66785	8.3139	
2.67273	8.34259	
2.67548	8.32764	
2.66052	8.31146	
2.66266	8.31451	
2.66174	8.31879	
2.66541	8.31604	
2.67426	8.32306	
2.66785	8.31207	
2.66327	8.31543	
2.66876	8.3252	
2.66602	8.30688	
2.66296	8.29315	
2.66937	8.31543	
2.66937	8.31848	
2.6712	8.32123	
2.66174	8.32458	
2.65961	8.32733	
2.66907	8.33191	
2.66663	8.32458	
2.66937	8.33679	
2.67853	8.31055	
2.68036	8.31512	
2.67609	8.30902	
2.67639	8.31573	
2.66876	8.3078	
2.66144	8.30109	
2.66327	8.31604	
2.67242	8.31146	
2.67517	8.31635	
2.67059	8.32977	
2.67181	8.30627	
2.66174	8.31146	
2.66876	8.31116	
2.66602	8.30017	
2.67456	8.35266	
2.67456	8.34106	
2.67548	8.30292	
2.67212	8.32916	
2.66296	8.31757	
2.67487	8.30688	
2.66998	8.32306	
2.67365	8.32642	
2.68341	8.31573	
2.66724	8.32397	
2.66724	8.32428	
2.65778	8.31268	
2.67731	8.30566	
2.67395	8.3252	
2.6651	8.30719	
2.67242	8.30872	
2.66388	8.32092	
2.66815	8.32642	
2.66754	8.32947	
2.67303	8.32642	
2.66571	8.31909	
2.65808	8.31879	
2.66418	8.32764	
2.67517	8.32642	
2.67151	8.33374	
2.6767	8.32062	
2.67517	8.32428	
2.6828	8.31757	
2.67151	8.31024	
2.67303	8.34198	
2.67609	8.33069	
2.659	8.32123	
2.66418	8.34198	
2.66632	8.32733	
2.66937	8.32306	
2.66754	8.32947	
2.67273	8.34473	
2.67059	8.34351	
2.67334	8.34137	
2.67609	8.33466	
2.67487	8.34229	
2.66876	8.33862	
2.6535	8.34198	
2.67303	8.35175	
2.66815	8.34351	
2.66327	8.33496	
2.67456	8.34045	
2.67487	8.33588	
2.6651	8.32306	
2.66998	8.34015	
2.67365	8.34625	
2.67242	8.33435	
2.66968	8.33344	
2.67365	8.3255	
2.65533	8.32001	
2.67242	8.32336	
2.66418	8.33527	
2.66693	8.34106	
2.66327	8.34015	
2.66754	8.33862	
2.66449	8.3252	
2.68127	8.32062	
2.67456	8.32153	
2.67273	8.32092	
2.66907	8.33588	
2.65686	8.32764	
2.66632	8.33313	
2.66205	8.3432	
2.66754	8.33008	
2.66937	8.3374	
2.67365	8.34412	
2.67029	8.33557	
2.66785	8.34229	
2.67761	8.34167	
2.66785	8.33862	
2.67151	8.34442	
2.6767	8.33527	
2.67487	8.33252	
2.66846	8.33527	
2.66418	8.33374	
2.65991	8.31757	
2.66693	8.32428	
2.66846	8.32703	
2.67456	8.33679	
2.68066	8.33679	
2.66357	8.3139	
2.67365	8.32092	
2.67334	8.31848	
2.67517	8.33374	
2.67151	8.34747	
2.67731	8.33038	
2.67731	8.32764	
2.677	8.34015	
2.68585	8.33313	
2.67487	8.33221	
2.67487	8.33557	
2.67639	8.33588	
2.67487	8.32367	
2.67517	8.3194	
2.66998	8.32062	
2.68372	8.31909	
2.67456	8.3136	
2.66724	8.31024	
2.66541	8.31085	
2.67212	8.31909	
2.67273	8.31573	
2.66907	8.32458	
2.67792	8.32336	
2.67822	8.31573	
2.67456	8.31573	
2.67395	8.32123	
2.67212	8.31329	
2.67334	8.3252	
2.67548	8.33832	
2.68311	8.34564	
2.67151	8.32581	
2.66449	8.33069	
2.65839	8.34625	
2.68005	8.34229	
2.66937	8.33893	
2.66968	8.33832	
2.67487	8.32397	
2.66815	8.3197	
2.66846	8.3139	
2.66815	8.31696	
2.66693	8.34198	
2.66571	8.33923	
2.66357	8.33038	
2.67303	8.31573	
2.67517	8.33221	
2.66785	8.33923	
2.66876	8.33313	
2.66449	8.3316	
2.66632	8.32642	
2.67456	8.35632	
2.66296	8.33771	
2.67487	8.33893	
2.66998	8.33191	
2.6651	8.34076	
2.66541	8.34442	
2.67273	8.34625	
2.67731	8.34808	
2.66846	8.32489	
2.67029	8.34106	
2.67426	8.33496	
2.67273	8.36212	
2.67395	8.34778	
2.67639	8.34778	
2.67792	8.35327	
2.67365	8.34259	
2.67853	8.34503	
2.67273	8.32703	
2.67761	8.32764	
2.67731	8.31879	
2.67578	8.33008	
2.6709	8.32794	
2.67303	8.33099	
2.66998	8.32306	
2.67792	8.33099	
2.66846	8.31787	
2.66541	8.33588	
2.66998	8.34045	
2.68372	8.32733	
2.67761	8.34167	
2.68463	8.34106	
2.67853	8.32367	
2.66968	8.33282	
2.67365	8.34503	
2.67639	8.31665	
2.68158	8.33649	
2.67517	8.33832	
2.67487	8.33374	
2.66663	8.32397	
2.66418	8.3313	
2.6593	8.34229	
2.65961	8.34961	
2.6651	8.34137	
2.66785	8.35022	
2.68097	8.34778	
2.67792	8.34869	
2.67487	8.35541	
2.67059	8.33618	
2.67578	8.34137	
2.6767	8.33588	
2.67334	8.35785	
2.67883	8.3429	
2.66815	8.33435	
2.66266	8.34137	
2.66449	8.33649	
2.66083	8.31177	
2.66449	8.33252	
2.66876	8.33649	
2.66998	8.32001	
2.66418	8.32703	
2.66968	8.32581	
2.66357	8.33344	
2.66876	8.32916	
2.67578	8.31909	
2.67426	8.34045	
2.68646	8.33649	
2.67151	8.33313	
2.67365	8.30963	
2.67242	8.32184	
2.67365	8.32611	
2.67548	8.32794	
2.67273	8.30688	
2.68646	8.32245	
2.67609	8.32489	
2.67059	8.30811	
2.67365	8.31818	
2.67242	8.32245	
2.66998	8.36945	
2.66083	8.34839	
2.66022	8.35052	
2.66876	8.33557	
2.67273	8.34991	
2.66052	8.33954	
2.6712	8.34991	
2.68158	8.35175	
2.67456	8.3609	
2.66968	8.35632	
2.66541	8.36578	
2.66632	8.33984	
2.6651	8.349	
2.66602	8.36182	
2.67059	8.35602	
2.66449	8.35693	
2.65839	8.3429	
2.66144	8.33832	
2.67395	8.36517	
2.66754	8.3725	
2.67151	8.36029	
2.66815	8.34747	
2.66388	8.3667	
2.66724	8.37097	
2.67487	8.3606	
2.67609	8.36914	
2.67853	8.38013	
2.67944	8.36334	
2.68158	8.38074	
2.67303	8.37006	
2.68066	8.3783	
2.67487	8.35968	
2.66968	8.35815	
2.67242	8.36456	
2.67731	8.37677	
2.67303	8.37036	
2.67822	8.39844	
2.68707	8.3786	
2.67517	8.4024	
2.6767	8.40637	
2.67578	8.41797	
2.6825	8.41492	
2.6709	8.41339	
2.66571	8.40637	
2.66357	8.39264	
2.66571	8.40485	
2.66693	8.3847	
2.66418	8.38318	
2.66388	8.35938	
2.66968	8.37311	
2.66815	8.37524	
2.66479	8.36761	
2.66632	8.35999	
2.66998	8.3551	
2.68585	8.36182	
2.6767	8.37952	
2.67609	8.36639	
2.67426	8.38196	
2.67273	8.38165	
2.6767	8.36548	
2.67914	8.36823	
2.67975	8.37524	
2.67731	8.37067	
2.6767	8.36975	
2.67609	8.37189	
2.6712	8.37372	
2.67273	8.37311	
2.67212	8.36823	
2.67029	8.37585	
2.6709	8.37158	
2.66815	8.35968	
2.67242	8.34717	
2.67365	8.3432	
2.66418	8.33984	
2.67517	8.33862	
2.68402	8.33588	
2.67853	8.3429	
2.67151	8.3432	
2.66785	8.34564	
2.6709	8.35541	
2.67792	8.34229	
2.6651	8.3316	
2.66327	8.34381	
2.659	8.33893	
2.67029	8.33649	
2.66998	8.34076	
2.66235	8.33618	
2.66663	8.34045	
2.66724	8.34076	
2.66357	8.34686	
2.67181	8.33893	
2.66907	8.34656	
2.66327	8.34595	
2.66815	8.34503	
2.66541	8.34717	
2.67029	8.36395	
2.66388	8.32825	
2.67334	8.35266	
2.67395	8.35876	
2.6651	8.36334	
2.66754	8.3606	
2.66663	8.34656	
2.66205	8.3725	
2.67303	8.35724	
2.67181	8.36029	
2.66846	8.36029	
2.67487	8.3609	
2.68127	8.38684	
2.66815	8.35663	
2.6767	8.37555	
2.68372	8.37769	
2.67975	8.34198	
2.66815	8.36945	
2.67151	8.35022	
2.66449	8.35327	
2.67853	8.3429	
2.67303	8.36548	
2.68036	8.34686	
2.677	8.34015	
2.67456	8.35541	
2.67365	8.35297	
2.67181	8.3606	
2.67792	8.3371	
2.66968	8.32703	
2.68158	8.35205	
2.67181	8.34412	
2.67212	8.35846	
2.66846	8.33801	
2.67395	8.33801	
2.67822	8.31818	
2.67609	8.32245	
2.6828	8.35327	
2.67487	8.32275	
2.67273	8.33069	
2.68097	8.35236	
2.67639	8.32977	
2.67609	8.3313	
2.67731	8.3374	
2.6709	8.33527	
2.67456	8.32703	
2.67639	8.34747	
2.67975	8.34412	
2.67792	8.35693	
2.66968	8.34412	
2.68036	8.34351	
2.6886	8.34869	
2.67365	8.33618	
2.66724	8.3374	
2.66632	8.35602	
2.66571	8.33282	
2.67944	8.32642	
2.67303	8.34747	
2.67731	8.34442	
2.67365	8.33893	
2.6767	8.35297	
2.66785	8.36578	
2.66541	8.31543	
2.66998	8.35876	
2.66724	8.32825	
2.66663	8.34167	
2.66296	8.33435	
2.66541	8.35938	
2.6709	8.34869	
2.67853	8.36212	
2.67273	8.3786	
2.67883	8.37341	
2.68158	8.3728	
2.68036	8.35999	
2.67914	8.3609	
2.67365	8.3429	
2.67242	8.35999	
2.66296	8.36731	
2.67914	8.35724	
2.67883	8.35999	
2.6828	8.36487	
2.67548	8.36456	
2.66571	8.36395	
2.67303	8.35815	
2.67059	8.36182	
2.67029	8.33099	
2.67365	8.35022	
2.67914	8.3548	
2.67944	8.36609	
2.66602	8.34656	
2.66327	8.37036	
2.67303	8.37585	
2.67303	8.35754	
2.66907	8.35999	
2.6709	8.37494	
2.67731	8.35449	
2.67181	8.34106	
2.66205	8.34991	
2.67181	8.36823	
2.66327	8.34778	
2.67761	8.34747	
2.66724	8.34686	
2.67181	8.35663	
2.66998	8.34076	
2.66998	8.33557	
2.67975	8.349	
2.677	8.33191	
2.68402	8.33679	
2.67212	8.32977	
2.67487	8.35144	
2.67883	8.3371	
2.67914	8.32489	
2.67334	8.33344	
2.67853	8.34045	
2.68799	8.3316	
2.6767	8.33649	
2.67456	8.35602	
2.66479	8.3374	
2.66724	8.35663	
2.66876	8.33008	
2.66968	8.34625	
2.65656	8.33649	
2.66602	8.3432	
2.66754	8.34595	
2.66846	8.35388	
2.67365	8.33405	
2.66907	8.34442	
2.67303	8.35358	
2.68158	8.33588	
2.67944	8.35358	
2.67609	8.34137	
2.67975	8.35358	
2.67365	8.33527	
2.66754	8.35114	
2.67029	8.35327	
2.66815	8.35388	
2.67578	8.35297	
2.67059	8.33191	
2.66602	8.34625	
2.67365	8.35449	
2.67731	8.34869	
2.68616	8.3432	
2.67151	8.33832	
2.66998	8.33954	
2.67426	8.3551	
2.68005	8.35114	
2.68158	8.32855	
2.68005	8.33954	
2.68524	8.35358	
2.677	8.35144	
2.677	8.35876	
2.67761	8.34137	
2.67273	8.34106	
2.67609	8.34167	
2.66418	8.34808	
2.65686	8.35571	
2.66663	8.34717	
2.67365	8.34686	
2.67365	8.34778	
2.66846	8.32672	
2.66693	8.36121	
2.67426	8.349	
2.68005	8.34229	
2.67609	8.34686	
2.66266	8.3194	
2.66815	8.33038	
2.66541	8.32703	
2.66754	8.32611	
2.68402	8.3139	
2.67914	8.32153	
2.68036	8.3194	
2.67273	8.33038	
2.67029	8.33466	
2.68066	8.32306	
2.67059	8.32764	
2.66998	8.31848	
2.67792	8.31787	
2.67792	8.33313	
2.68005	8.32581	
2.67792	8.32092	
2.66846	8.30566	
2.66815	8.31329	
2.66846	8.33344	
2.66357	8.3432	
2.66998	8.34198	
2.67578	8.33405	
2.67334	8.34442	
2.67212	8.34473	
2.66663	8.33282	
2.66449	8.34381	
2.67883	8.33679	
2.68829	8.33099	
2.67975	8.33099	
2.66937	8.34717	
2.67548	8.33374	
2.6767	8.34259	
2.68311	8.34991	
2.67792	8.34045	
2.67487	8.32642	
2.68036	8.34351	
2.66724	8.32886	
2.66357	8.34351	
2.67944	8.32733	
2.67944	8.31879	
2.67334	8.33527	
2.66876	8.3374	
2.67059	8.32001	
2.66632	8.32703	
2.67853	8.31451	
2.67365	8.32642	
2.66724	8.3252	
2.66937	8.34778	
2.66876	8.32672	
2.66815	8.33679	
2.67944	8.32794	
2.68005	8.32153	
2.66876	8.32489	
2.67639	8.32825	
2.6767	8.34045	
2.66998	8.32001	
2.66418	8.33282	
2.68311	8.33435	
2.67639	8.32764	
2.66815	8.32764	
2.67731	8.33099	
2.66449	8.33984	
2.67517	8.33588	
2.68097	8.34503	
2.66968	8.35358	
2.67151	8.35297	
2.68127	8.34656	
2.66541	8.35327	
2.66449	8.36151	
2.6825	8.34473	
2.6709	8.33862	
2.67059	8.34595	
2.67029	8.3432	
2.67914	8.34351	
2.67426	8.32947	
2.67426	8.33466	
2.66937	8.35754	
2.67761	8.33527	
2.68097	8.33527	
2.67365	8.3432	
2.66663	8.35297	
2.67059	8.34534	
2.66968	8.34625	
2.66968	8.3374	
2.68799	8.33618	
2.68036	8.34717	
2.67548	8.33923	
2.67456	8.34259	
2.67242	8.35785	
2.68066	8.34686	
2.67609	8.32489	
2.6712	8.3194	
2.66876	8.3078	
2.67395	8.32214	
2.67273	8.31909	
2.6709	8.32794	
2.68066	8.33252	
2.67242	8.32825	
2.67303	8.30841	
2.66602	8.31451	
2.65778	8.32306	
2.67273	8.32031	
2.6767	8.32123	
2.68402	8.3194	
2.68097	8.35541	
2.67426	8.34991	
2.66876	8.34961	
2.67426	8.35175	
2.68036	8.35297	
2.67822	8.34595	
2.67029	8.35083	
2.67731	8.35327	
2.66937	8.36304	
2.67731	8.35815	
2.67792	8.36151	
2.66846	8.37769	
2.66174	8.3606	
2.66876	8.3902	
2.67883	8.35358	
2.67609	8.37677	
2.66907	8.36609	
2.67181	8.35693	
2.68066	8.37555	
2.67731	8.38562	
2.67853	8.39142	
2.67181	8.38501	
2.67731	8.38379	
2.677	8.37067	
2.67822	8.36426	
2.67944	8.38715	
2.67487	8.38348	
2.66815	8.36029	
2.659	8.37097	
2.67303	8.37708	
2.68127	8.36945	
2.67822	8.37402	
2.67273	8.38074	
2.67883	8.36792	
2.68219	8.36761	
2.67822	8.36548	
2.6828	8.38013	
2.67212	8.37341	
2.66541	8.3606	
2.67365	8.36304	
2.68188	8.35815	
2.68311	8.35327	
2.67944	8.37128	
2.66907	8.37494	
2.66846	8.38562	
2.67303	8.35571	
2.66907	8.36243	
2.67365	8.36029	
2.67242	8.35968	
2.67975	8.38043	
2.67853	8.36212	
2.68158	8.36609	
2.67426	8.35449	
2.6712	8.37677	
2.66968	8.36395	
2.66937	8.37952	
2.67181	8.37494	
2.67761	8.37738	
2.6828	8.37097	
2.67914	8.36151	
2.66968	8.38196	
2.66266	8.37067	
2.66663	8.38593	
2.68097	8.37341	
2.68433	8.38684	
2.67365	8.37463	
2.67242	8.40515	
2.6712	8.37799	
2.67303	8.38196	
2.67487	8.39417	
2.67212	8.38959	
2.68005	8.38287	
2.6767	8.3606	
2.66876	8.36914	
2.66327	8.35815	
2.66876	8.37494	
2.66846	8.36578	
2.66754	8.37524	
2.67181	8.36182	
2.67639	8.36212	
2.67548	8.36182	
2.67914	8.35968	
2.67731	8.35724	
2.68219	8.37128	
2.68341	8.37402	
2.67944	8.37891	
2.67853	8.35388	
2.68036	8.36487	
2.67609	8.35876	
2.66907	8.36182	
2.67731	8.39752	
2.66846	8.37555	
2.66876	8.37555	
2.66937	8.36243	
2.67303	8.39722	
2.67822	8.38989	
2.67639	8.37158	
2.66785	8.39142	
2.67273	8.37799	
2.66876	8.37677	
2.66937	8.3609	
2.67639	8.37524	
2.67944	8.39478	
2.66632	8.37189	
2.68097	8.37646	
2.68433	8.367	
2.67731	8.35327	
2.66144	8.35724	
2.67365	8.3667	
2.67487	8.35632	
2.67517	8.35297	
2.67853	8.3609	
2.67151	8.35907	
2.67059	8.35907	
2.67303	8.35876	
2.66937	8.36487	
2.67334	8.3725	
2.67517	8.3551	
2.6828	8.35297	
2.677	8.36517	
2.68127	8.36395	
2.67487	8.36243	
2.67365	8.3548	
2.67944	8.35968	
2.67639	8.349	
2.67914	8.35693	
2.67609	8.36914	
2.67151	8.36212	
2.67181	8.37006	
2.66876	8.36365	
2.67853	8.36639	
2.67914	8.38745	
2.68158	8.37219	
2.6712	8.38409	
2.67059	8.36639	
2.6767	8.37524	
2.68829	8.3725	
2.67822	8.38257	
2.67975	8.35938	
2.67853	8.3783	
2.67303	8.35663	
2.67273	8.35968	
2.67059	8.35114	
2.66296	8.35938	
2.66907	8.35693	
2.6767	8.36273	
2.69073	8.35846	
2.67914	8.34839	
2.67426	8.36395	
2.6712	8.3606	
2.67365	8.36945	
2.67609	8.37982	
2.6828	8.35876	
2.67242	8.37372	
2.66846	8.36609	
2.67639	8.37067	
2.67334	8.35632	
2.67212	8.3725	
2.68066	8.36731	
2.67883	8.36884	
2.68433	8.35999	
2.67029	8.37128	
2.67548	8.36792	
2.67761	8.38043	
2.67395	8.37036	
2.68951	8.38318	
2.67456	8.36761	
2.67853	8.36151	
2.67059	8.36121	
2.67334	8.37128	
2.67578	8.36121	
2.67151	8.36182	
2.6712	8.35999	
2.66968	8.3609	
2.67914	8.36517	
2.67914	8.36456	
2.68372	8.37067	
2.68005	8.36334	
2.67242	8.36182	
2.67334	8.36609	
2.67426	8.37341	
2.677	8.37341	
2.67914	8.36914	
2.67578	8.36639	
2.67059	8.36395	
2.67029	8.367	
2.67487	8.36548	
2.6825	8.36212	
2.6709	8.35693	
2.6712	8.36456	
2.67883	8.35358	
2.68433	8.33862	
2.68158	8.3548	
2.6712	8.35236	
2.66296	8.34503	
2.67303	8.3432	
2.67517	8.37036	
2.68463	8.36853	
2.68066	8.3667	
2.67181	8.36456	
2.68585	8.37463	
2.68127	8.3609	
2.67944	8.36945	
2.67059	8.36029	
2.67822	8.37952	
2.67456	8.37158	
2.68066	8.37921	
2.68127	8.36029	
2.68005	8.36578	
2.66998	8.367	
2.66449	8.37158	
2.68219	8.35968	
2.67944	8.36761	
2.66479	8.36578	
2.68463	8.39203	
2.6825	8.36639	
2.68372	8.37952	
2.6825	8.39386	
2.6709	8.38531	
2.66937	8.38104	
2.6712	8.38013	
2.67212	8.37036	
2.67914	8.38501	
2.68402	8.3847	
2.67914	8.38226	
2.67426	8.37616	
2.68311	8.396	
2.67792	8.37555	
2.68219	8.39508	
2.67822	8.37677	
2.67303	8.3844	
2.67639	8.3905	
2.67975	8.37067	
2.6712	8.36792	
2.67212	8.38196	
2.67792	8.38287	
2.6709	8.37982	
2.67548	8.37067	
2.68005	8.39081	
2.6828	8.38287	
2.66998	8.38837	
2.66754	8.38287	
2.68005	8.38135	
2.67212	8.37891	
2.66388	8.37738	
2.66998	8.3786	
2.67853	8.36517	
2.68616	8.37402	
2.67029	8.37769	
2.66602	8.3783	
2.67487	8.38989	
2.68219	8.38623	
2.67883	8.37433	
2.68311	8.38257	
2.68005	8.38379	
2.67273	8.37616	
2.66846	8.37311	
2.67334	8.37891	
2.68402	8.38501	
2.67609	8.38348	
2.67426	8.37341	
2.66785	8.37982	
2.67578	8.4021	
2.67639	8.37585	
2.67151	8.37738	
2.67853	8.37585	
2.68311	8.3786	
2.6825	8.38776	
2.67242	8.38135	
2.66144	8.37158	
2.6651	8.36487	
2.67914	8.35297	
2.677	8.35724	
2.66968	8.36823	
2.68005	8.36761	
2.68372	8.36548	
2.67548	8.36151	
2.67914	8.36334	
2.68921	8.3551	
2.68188	8.35846	
2.66968	8.37555	
2.67181	8.3667	
2.68341	8.367	
2.67487	8.3725	
2.6712	8.37219	
2.67914	8.36426	
2.67517	8.36365	
2.67334	8.36609	
2.67792	8.34473	
2.67456	8.34473	
2.67059	8.34167	
2.67975	8.34686	
2.67548	8.35266	
2.6712	8.35876	
2.67303	8.36639	
2.67975	8.36212	
2.67609	8.36517	
2.6709	8.36761	
2.67792	8.35968	
2.67914	8.37494	
2.67151	8.38165	
2.67395	8.35785	
2.67578	8.35785	
2.67883	8.36365	
2.66724	8.36212	
2.68341	8.35297	
2.67761	8.35876	
2.66815	8.3551	
2.68005	8.35541	
2.67914	8.36456	
2.67303	8.36029	
2.67792	8.36853	
2.67944	8.3551	
2.68555	8.35968	
2.66876	8.37463	
2.66449	8.3606	
2.67212	8.37402	
2.67853	8.37891	
2.66327	8.36365	
2.67822	8.36304	
2.6828	8.3551	
2.67242	8.35114	
2.67883	8.34778	
2.68372	8.35541	
2.66907	8.36548	
2.68005	8.35571	
2.67914	8.37006	
2.66724	8.35785	
2.68341	8.36334	
2.6825	8.37433	
2.67212	8.36334	
2.6712	8.37128	
2.67487	8.38379	
2.68555	8.37189	
2.67059	8.36517	
2.68524	8.36853	
2.68494	8.3728	
2.67059	8.36945	
2.68463	8.36151	
2.66724	8.37097	
2.66663	8.37646	
2.68341	8.37097	
2.66998	8.35358	
2.66907	8.35754	
2.68158	8.367	
2.67365	8.38074	
2.67395	8.3725	
2.6767	8.38318	
2.69318	8.39844	
2.68463	8.39539	
2.67456	8.39111	
2.67609	8.39752	
2.67578	8.38776	
2.68494	8.38379	
2.68219	8.39508	
2.67395	8.39294	
2.66968	8.38287	
2.67944	8.39203	
2.67944	8.38928	
2.68463	8.38196	
2.67456	8.38318	
2.67395	8.38867	
2.6825	8.3725	
2.68066	8.37494	
2.66632	8.37189	
2.6709	8.37952	
2.67853	8.35693	
2.66846	8.37433	
2.67334	8.37158	
2.68036	8.37311	
2.68494	8.37128	
2.67273	8.36792	
2.67212	8.37463	
2.6828	8.40393	
2.68158	8.38867	
2.67609	8.38654	
2.67212	8.37677	
2.67975	8.37616	
2.67822	8.40454	
2.68372	8.40454	
2.67334	8.39355	
2.67181	8.40179	
2.67151	8.39172	
2.67029	8.38989	
2.67609	8.38959	
2.67761	8.3847	
2.68646	8.38867	
2.68707	8.41309	
2.67548	8.39996	
2.69379	8.37982	
2.67761	8.37433	
2.67059	8.37524	
2.69012	8.38989	
2.67914	8.38593	
2.67303	8.39325	
2.68951	8.39447	
2.68188	8.37677	
2.67181	8.36334	
2.67914	8.37524	
2.67731	8.3844	
2.68036	8.38806	
2.67731	8.39081	
2.67395	8.39233	
2.67944	8.38684	
2.67548	8.37372	
2.67975	8.38867	
2.6825	8.36761	
2.67609	8.4024	
2.67334	8.39111	
2.68402	8.39905	
2.6828	8.38501	
2.67487	8.38562	
2.66754	8.38654	
2.6825	8.38562	
2.67181	8.37799	
2.67883	8.39111	
2.66876	8.36456	
2.67151	8.36792	
2.67822	8.37311	
2.67181	8.37952	
2.67456	8.38928	
2.67792	8.38165	
2.68097	8.37097	
2.67761	8.37341	
2.67059	8.38318	
2.67426	8.37677	
2.68494	8.36151	
2.67334	8.36853	
2.6712	8.36243	
2.66724	8.35022	
2.67853	8.36761	
2.6767	8.37677	
2.6709	8.37616	
2.67609	8.35327	
2.6889	8.37006	
2.67456	8.36273	
2.67517	8.36273	
2.67395	8.3667	
2.66663	8.3667	
2.68463	8.35999	
2.68005	8.35297	
2.66998	8.35327	
2.68524	8.35449	
2.68127	8.349	
2.66663	8.34991	
2.68402	8.36945	
2.67609	8.35266	
2.66785	8.36609	
2.68005	8.37097	
2.68707	8.3725	
2.66754	8.36823	
2.67822	8.36426	
2.68433	8.38745	
2.66693	8.36334	
2.67639	8.37219	
2.67731	8.38074	
2.67029	8.36456	
2.68311	8.36761	
2.67639	8.36639	
2.66785	8.36731	
2.67548	8.3844	
2.68585	8.3725	
2.67914	8.36365	
2.67639	8.36151	
2.68463	8.36029	
2.68829	8.37189	
2.67029	8.3551	
2.68494	8.34595	
2.67578	8.36456	
2.67639	8.34869	
2.68066	8.367	
2.6712	8.35693	
2.67944	8.36029	
2.67578	8.35754	
2.69653	8.38135	
2.677	8.37189	
2.67609	8.35968	
2.67914	8.36487	
2.67426	8.37891	
2.68677	8.35236	
2.66571	8.36761	
2.68463	8.35388	
2.67609	8.35266	
2.68372	8.36182	
2.68219	8.37402	
2.67487	8.37463	
2.66571	8.37158	
2.68127	8.36517	
2.68646	8.36334	
2.69104	8.36212	
2.67609	8.37128	
2.68127	8.36121	
2.6944	8.36884	
2.67426	8.37738	
2.68494	8.38379	
2.6886	8.3667	
2.6712	8.35876	
2.68463	8.3606	
2.68738	8.38593	
2.68097	8.35144	
2.67761	8.36487	
2.69135	8.36426	
2.68097	8.34717	
2.67609	8.36609	
2.67639	8.37738	
2.68097	8.37006	
2.67334	8.35876	
2.68097	8.35876	
2.67944	8.35938	
2.68127	8.34961	
2.68066	8.35724	
2.68616	8.35602	
2.67517	8.3551	
2.67517	8.35571	
2.68372	8.34717	
2.67639	8.35571	
2.67242	8.34656	
2.67456	8.37769	
2.67975	8.36487	
2.68311	8.37402	
2.67303	8.37341	
2.67273	8.3609	
2.68066	8.36792	
2.68219	8.38287	
2.6709	8.35358	
2.68433	8.36334	
2.68463	8.37372	
2.68494	8.37189	
2.67059	8.37128	
2.68036	8.35846	
2.6886	8.38409	
2.67242	8.36517	
2.67029	8.3551	
2.67853	8.36395	
2.68158	8.36426	
2.67578	8.34564	
2.68158	8.34991	
2.67914	8.34412	
2.67395	8.35358	
2.67944	8.36548	
2.68188	8.35602	
2.67365	8.36151	
2.68188	8.36578	
2.66907	8.36304	
2.67944	8.35663	
2.67578	8.34717	
2.67853	8.35114	
2.68463	8.34015	
2.67334	8.35785	
2.69226	8.33252	
2.6767	8.34076	
2.68005	8.36121	
2.69287	8.35938	
2.6767	8.34564	
2.68372	8.33893	
2.66876	8.35205	
2.67365	8.35022	
2.68433	8.36029	
2.66815	8.35327	
2.67181	8.3609	
2.6767	8.36975	
2.6889	8.34808	
2.68433	8.35419	
2.67181	8.34351	
2.69257	8.33923	
2.66998	8.36914	
2.68341	8.37158	
2.67487	8.37219	
2.677	8.35266	
2.68402	8.34961	
2.6886	8.36182	
2.67212	8.35754	
2.67731	8.36182	
2.68799	8.36212	
2.67365	8.35052	
2.68158	8.36304	
2.68372	8.36426	
2.67334	8.37067	
2.68433	8.36395	
2.66724	8.35938	
2.68433	8.36151	
2.68127	8.36609	
2.66907	8.37433	
2.68494	8.35236	
2.67456	8.35022	
2.67914	8.3429	
2.68433	8.35663	
2.67212	8.33801	
2.67792	8.35175	
2.68066	8.34686	
2.67395	8.35632	
2.68463	8.35968	
2.68677	8.3609	
2.6712	8.34534	
2.68585	8.35236	
2.67944	8.35297	
2.6767	8.35815	
2.68372	8.36273	
2.68005	8.36029	
2.68097	8.35785	
2.67395	8.36548	
2.68311	8.37433	
2.6767	8.35114	
2.67731	8.3667	
2.67151	8.37372	
2.68158	8.36426	
2.67792	8.34534	
2.67914	8.35876	
2.68127	8.35358	
2.67548	8.36029	
2.68372	8.35693	
2.67883	8.35571	
2.67578	8.37555	
2.68097	8.35693	
2.67059	8.35388	
2.68127	8.35876	
2.67883	8.35358	
2.67639	8.34747	
2.68097	8.35999	
2.68402	8.35327	
2.67456	8.37372	
2.677	8.37067	
2.68219	8.35938	
2.6825	8.35052	
2.6767	8.3728	
2.67639	8.37219	
2.68341	8.36975	
2.68555	8.37708	
2.67242	8.37463	
2.68188	8.37738	
2.68066	8.36609	
2.67609	8.37097	
2.68524	8.37921	
2.68005	8.35785	
2.67456	8.38226	
2.68707	8.35175	
2.67426	8.35022	
2.67578	8.36487	
2.68219	8.36273	
2.6828	8.33679	
2.68127	8.35419	
2.68463	8.35663	
2.6709	8.35266	
2.68402	8.34747	
2.6825	8.34961	
2.67365	8.35419	
2.67303	8.35052	
2.68341	8.35297	
2.69196	8.33466	
2.68463	8.32794	
2.67822	8.33282	
2.67395	8.32306	
2.68494	8.33344	
2.67883	8.32611	
2.67487	8.33527	
2.68341	8.32336	
2.67914	8.33771	
2.67365	8.32062	
2.67548	8.33923	
2.67975	8.33038	
2.67975	8.32611	
2.6828	8.31604	
2.67487	8.33923	
2.67181	8.32611	
2.67365	8.33771	
2.68768	8.32703	
2.6767	8.33191	
2.67334	8.33435	
2.6712	8.33588	
2.68463	8.33344	
2.68158	8.34808	
2.67395	8.32733	
2.6828	8.34198	
2.68707	8.35693	
2.67273	8.35358	
2.68341	8.34808	
2.68829	8.34503	
2.67792	8.33923	
2.68463	8.34198	
2.69073	8.32397	
2.68402	8.33893	
2.67456	8.31635	
2.68433	8.32672	
2.68372	8.34656	
2.68127	8.33069	
2.66998	8.33038	
2.68616	8.33832	
2.67609	8.33252	
2.68127	8.33099	
2.68951	8.35358	
2.67426	8.34747	
2.68799	8.36151	
2.67609	8.36578	
2.67578	8.35968	
2.69348	8.34198	
2.67334	8.35175	
2.67944	8.33771	
2.67731	8.33984	
2.67487	8.34137	
2.68585	8.33832	
2.68829	8.33313	
2.67578	8.33954	
2.68555	8.33557	
2.67395	8.34442	
2.67426	8.32825	
2.68768	8.33038	
2.66846	8.34686	
2.68768	8.35693	
2.68463	8.35724	
2.67426	8.33801	
2.67487	8.35815	
2.68372	8.35602	
2.67639	8.35266	
2.6828	8.35114	
2.68585	8.34534	
2.68372	8.34747	
2.6828	8.35266	
2.68066	8.34473	
2.68066	8.33252	
2.68433	8.34564	
2.67639	8.34961	
2.67914	8.34778	
2.67609	8.35449	
2.6828	8.35541	
2.68097	8.33496	
2.67761	8.33374	
2.68005	8.35358	
2.6828	8.35876	
2.68616	8.34656	
2.68188	8.36395	
2.67883	8.35785	
2.68372	8.35876	
2.67761	8.36273	
2.67273	8.35297	
2.67761	8.35876	
2.67883	8.367	
2.68585	8.36456	
2.67883	8.3667	
2.68127	8.37097	
2.68738	8.3609	
2.68188	8.37677	
2.67853	8.36609	
2.68646	8.35541	
2.67365	8.35449	
2.68127	8.38074	
2.68036	8.36609	
2.6825	8.3609	
2.68921	8.35052	
2.67334	8.35724	
2.68799	8.35968	
2.68127	8.35541	
2.68433	8.35419	
2.67273	8.35083	
2.68829	8.35663	
2.68677	8.34167	
2.67578	8.36304	
2.66876	8.34747	
2.76764	8.3551	
2.68097	8.35175	
2.67303	8.34503	
2.68738	8.3313	
2.67578	8.3316	
2.68311	8.34137	
2.68616	8.35175	
2.67181	8.34412	
2.67578	8.34564	
2.6825	8.32642	
2.67731	8.34869	
2.66846	8.35114	
2.68066	8.34717	
2.6825	8.35815	
2.66998	8.35266	
2.68524	8.34229	
2.67731	8.34869	
2.67578	8.35846	
2.68158	8.349	
2.67242	8.34503	
2.68433	8.35205	
2.67273	8.35144	
2.68707	8.35693	
2.68066	8.3606	
2.67914	8.35876	
2.67853	8.36578	
2.68158	8.34717	
2.68585	8.35876	
2.68707	8.35724	
2.68402	8.34808	
2.67853	8.35968	
2.68768	8.34747	
2.67487	8.35083	
2.68677	8.33923	
2.66998	8.34564	
2.67487	8.36578	
2.68341	8.36334	
2.67639	8.36151	
2.67303	8.36731	
2.67761	8.36487	
2.68158	8.35938	
2.68707	8.35327	
2.67578	8.36517	
2.6767	8.35876	
2.6828	8.35724	
2.68097	8.35449	
2.67761	8.36639	
2.67029	8.34839	
2.68372	8.36914	
2.6825	8.35907	
2.6767	8.35571	
2.67395	8.36243	
2.68585	8.35968	
2.67761	8.35327	
2.69623	8.35938	
2.68433	8.35541	
2.68585	8.35724	
2.68829	8.3606	
2.68341	8.36334	
2.67334	8.35327	
2.68036	8.34015	
2.67273	8.35052	
2.68433	8.36334	
2.677	8.35571	
2.68524	8.37067	
2.67395	8.35144	
2.68616	8.35846	
2.6767	8.35724	
2.7005	8.35846	
2.68066	8.35754	
2.68311	8.35266	
2.66937	8.35297	
2.68524	8.36212	
2.68372	8.34656	
2.68585	8.35266	
2.68433	8.36334	
2.66998	8.3432	
2.6828	8.34198	
2.67426	8.33954	
2.6767	8.34564	
2.68127	8.33801	
2.68036	8.34473	
2.69562	8.33801	
2.6767	8.34625	
2.6767	8.33923	
2.66571	8.34412	
2.68158	8.33618	
2.67914	8.3432	
2.68341	8.34991	
2.68372	8.35205	
2.6767	8.35724	
2.68524	8.34869	
2.67761	8.35297	
2.6767	8.35693	
2.68677	8.33893	
2.67273	8.34503	
2.68921	8.33008	
2.67914	8.33679	
2.68738	8.34686	
2.67853	8.33862	
2.68372	8.32611	
2.66846	8.32764	
2.68463	8.34076	
2.68311	8.34808	
2.68219	8.34106	
2.68646	8.32672	
2.67883	8.34076	
2.69745	8.35052	
2.67731	8.34106	
2.67731	8.35785	
2.68524	8.3548	
2.67883	8.34778	
2.67548	8.35052	
2.68524	8.34137	
2.67883	8.33557	
2.67334	8.34442	
2.67792	8.3429	
2.67883	8.34045	
2.68982	8.34534	
2.68158	8.3429	
2.68433	8.33679	
2.6767	8.33313	
2.67883	8.33069	
2.69562	8.33527	
2.67426	8.33252	
2.68616	8.34015	
2.68646	8.32581	
2.68463	8.35541	
2.67609	8.34076	
2.67639	8.33618	
2.68555	8.3316	
2.6886	8.34808	
2.68158	8.33801	
2.67731	8.33008	
2.6767	8.3429	
2.68646	8.34106	
2.68402	8.34808	
2.67883	8.34473	
2.68158	8.35266	
2.67426	8.34595	
2.68616	8.34747	
2.67639	8.34106	
2.68677	8.34351	
2.67365	8.34137	
2.67822	8.34137	
2.69073	8.34076	
2.68066	8.3609	
2.68463	8.35693	
2.66815	8.34503	
2.67944	8.3429	
2.68158	8.349	
2.67639	8.34473	
2.68036	8.34137	
2.67731	8.33221	
2.68524	8.33771	
2.67822	8.33282	
2.69287	8.33923	
2.67426	8.33069	
2.68585	8.32977	
2.66907	8.3432	
2.67487	8.349	
2.67487	8.3374	
2.67914	8.33374	
2.67822	8.34473	
2.68066	8.34076	
2.6889	8.33893	
2.67609	8.34106	
2.69135	8.34595	
2.67517	8.33313	
2.68616	8.35083	
2.67426	8.33191	
2.68341	8.33069	
2.68433	8.3371	
2.67487	8.32611	
2.68372	8.33435	
2.6944	8.34473	
2.67395	8.34381	
2.68677	8.34259	
2.67303	8.33801	
2.68097	8.32367	
2.68707	8.32947	
2.67975	8.33313	
2.67456	8.3313	
2.69562	8.33252	
2.67975	8.32855	
2.68158	8.3252	
2.68219	8.33282	
2.68463	8.34534	
2.68372	8.33832	
2.67761	8.3313	
2.68616	8.32214	
2.67426	8.32367	
2.68494	8.32611	
2.68799	8.32825	
2.67578	8.32947	
2.67639	8.32275	
2.68555	8.33099	
2.68158	8.32306	
2.677	8.32306	
2.67883	8.32794	
2.68646	8.33496	
2.68463	8.3429	
2.67792	8.34686	
2.68311	8.3429	
2.6947	8.34076	
2.68311	8.34076	
2.67487	8.349	
2.68066	8.33984	
2.67609	8.33893	
2.6767	8.34747	
2.68341	8.33893	
2.68707	8.3316	
2.66693	8.33344	
2.6886	8.34625	
2.67609	8.35236	
2.67731	8.34229	
2.68799	8.34381	
2.67944	8.34198	
2.67456	8.35114	
2.67914	8.3371	
2.68738	8.33832	
2.67731	8.33282	
2.68341	8.31909	
2.67487	8.32153	
2.68433	8.33252	
2.67975	8.3255	
2.67334	8.33313	
2.68066	8.33099	
2.68799	8.34656	
2.677	8.34778	
2.68707	8.34686	
2.68982	8.33679	
2.68646	8.33649	
2.68127	8.33435	
2.68127	8.33374	
2.69684	8.34076	
2.67822	8.34259	
2.67517	8.33771	
2.67761	8.33466	
2.68005	8.33771	
2.68829	8.33862	
2.6886	8.34137	
2.67975	8.33221	
2.67853	8.34839	
2.67731	8.33344	
2.69745	8.32977	
2.68829	8.33832	
2.68372	8.34198	
2.68005	8.34229	
2.677	8.3374	
2.68555	8.33191	
2.69043	8.34686	
2.68311	8.32733	
2.67853	8.33527	
2.68127	8.33374	
2.68097	8.33832	
2.68127	8.34015	
2.69073	8.33832	
2.67822	8.3432	
2.677	8.32275	
2.68005	8.35419	
2.68707	8.35205	
2.68768	8.32764	
2.66815	8.33466	
2.69043	8.33679	
2.68188	8.33191	
2.677	8.32458	
2.68463	8.3313	
2.68585	8.32825	
2.67578	8.3371	
2.68555	8.33893	
2.6825	8.32642	
2.6767	8.32916	
2.67548	8.34564	
2.68494	8.33588	
2.6886	8.31604	
2.67212	8.32214	
2.6825	8.32275	
2.68616	8.31848	
2.68402	8.32184	
2.67761	8.30566	
2.67456	8.32001	
2.6886	8.32489	
2.67944	8.3136	
2.68524	8.30811	
2.6825	8.31482	
2.68982	8.30963	
2.677	8.30933	
2.68982	8.32306	
2.677	8.31543	
2.6767	8.32275	
2.68341	8.31909	
2.68036	8.32489	
2.67853	8.3194	
2.66968	8.32733	
2.68555	8.31604	
2.6828	8.32275	
2.68677	8.32916	
2.68127	8.32245	
2.6828	8.32855	
2.67731	8.33282	
2.67944	8.33221	
2.68341	8.32703	
2.67426	8.33344	
2.67944	8.33862	
2.68951	8.33191	
2.68707	8.33527	
2.66998	8.32855	
2.69073	8.32825	
2.67609	8.33374	
2.68097	8.32001	
2.67853	8.32672	
2.68829	8.3313	
2.68524	8.32336	
2.67487	8.32611	
2.68524	8.3255	
2.68829	8.3197	
2.69073	8.32947	
2.67639	8.34137	
2.67639	8.33527	
2.68555	8.32367	
2.67914	8.32458	
2.66663	8.33435	
2.69287	8.33038	
2.68646	8.32123	
2.68188	8.32611	
2.67975	8.32581	
2.68799	8.33221	
2.68646	8.32672	
2.67395	8.32916	
2.68066	8.32428	
2.68982	8.32764	
2.69257	8.32489	
2.67792	8.3313	
2.6889	8.32886	
2.68646	8.33038	
2.67242	8.3374	
2.68494	8.32764	
2.68829	8.33099	
2.68005	8.32794	
2.69348	8.32367	
2.68433	8.31787	
2.67639	8.33466	
2.68219	8.32123	
2.67944	8.33954	
2.67395	8.32306	
2.68677	8.31787	
2.68433	8.33832	
2.6825	8.32367	
2.68707	8.33282	
2.68677	8.32733	
2.68341	8.32886	
2.68066	8.33252	
2.6709	8.32855	
2.68066	8.32825	
2.68555	8.32001	
2.68738	8.32275	
2.68555	8.33649	
2.69592	8.33069	
2.67761	8.32184	
2.68311	8.33405	
2.68311	8.33862	
2.67731	8.32703	
2.68524	8.32428	
2.68433	8.33618	
2.68677	8.32947	
2.68005	8.33344	
2.68433	8.34259	
2.69562	8.33893	
2.677	8.34503	
2.68555	8.33435	
2.69073	8.33862	
2.67609	8.32581	
2.6767	8.32611	
2.68494	8.32947	
2.69043	8.32611	
2.66907	8.31146	
2.68707	8.32489	
2.68219	8.32336	
2.67609	8.33282	
2.68707	8.33099	
2.68433	8.32825	
2.68921	8.32672	
2.68555	8.32581	
2.67303	8.3313	
2.67822	8.34045	
2.68768	8.33466	
2.68036	8.33435	
2.68463	8.3316	
2.68616	8.34045	
2.67944	8.33832	
2.67273	8.34167	
2.68433	8.34106	
2.68158	8.32184	
2.69836	8.33557	
2.67944	8.31238	
2.68188	8.31329	
2.69379	8.32855	
2.68097	8.3252	
2.68555	8.31757	
2.68341	8.3374	
2.66876	8.33649	
2.69073	8.33527	
2.68585	8.32581	
2.67517	8.3255	
2.68585	8.31818	
2.68677	8.31268	
2.67303	8.31024	
2.68524	8.31665	
2.67883	8.32245	
2.67731	8.33069	
2.69165	8.33405	
2.68402	8.32092	
2.68372	8.32703	
2.67975	8.32184	
2.68494	8.33557	
2.68585	8.31299	
2.69501	8.33252	
2.6886	8.34351	
2.67639	8.34015	
2.68738	8.33435	
2.68982	8.34167	
2.68921	8.34595	
2.67487	8.34839	
2.67914	8.34167	
2.67914	8.32947	
2.68829	8.35205	
2.67914	8.3429	
2.68677	8.33252	
2.68585	8.33588	
2.6828	8.32581	
2.68707	8.32581	
2.68738	8.30688	
2.67181	8.32916	
2.677	8.3313	
2.68005	8.32306	
2.68616	8.31818	
2.68982	8.31757	
2.70569	8.32092	
2.68158	8.32458	
2.68707	8.32062	
2.68494	8.32123	
2.68219	8.32275	
2.68372	8.35114	
2.68616	8.33954	
2.69836	8.33282	
2.68646	8.33618	
2.67639	8.34625	
2.68494	8.33832	
2.68127	8.34015	
2.67883	8.33282	
2.68402	8.31604	
2.69073	8.33923	
2.67609	8.33649	
2.67456	8.33405	
2.68616	8.34656	
2.68921	8.32825	
2.68951	8.34076	
2.67883	8.3432	
2.68005	8.33435	
2.68097	8.33679	
2.69073	8.33832	
2.67975	8.33954	
2.68768	8.34595	
2.68524	8.35663	
2.67944	8.349	
2.68341	8.34473	
2.69135	8.35175	
2.68799	8.34534	
2.67975	8.33618	
2.69257	8.34991	
2.69104	8.34717	
2.68097	8.34015	
2.69928	8.35815	
2.67639	8.34625	
2.69104	8.35175	
2.68311	8.34106	
2.67761	8.34473	
2.67883	8.33679	
2.68768	8.34808	
2.68372	8.34595	
2.67151	8.35449	
2.6767	8.34961	
2.68829	8.33801	
2.68097	8.35602	
2.68066	8.3551	
2.6944	8.34808	
2.67548	8.33801	
2.68585	8.33435	
2.67609	8.34747	
2.68188	8.33344	
2.6944	8.33313	
2.68951	8.32825	
2.68188	8.34442	
2.68188	8.33313	
2.67731	8.32886	
2.68005	8.34229	
2.68951	8.32397	
2.68982	8.32794	
2.68646	8.34259	
2.67822	8.34808	
2.67487	8.3255	
2.67975	8.33527	
2.69165	8.33496	
2.68799	8.33771	
2.68219	8.33527	
2.67914	8.34137	
2.76581	8.34259	
2.70294	8.349	
2.69073	8.35449	
2.70782	8.34259	
2.68799	8.3548	
2.68402	8.34656	
2.68585	8.3432	
2.68402	8.33649	
2.67548	8.33984	
2.69073	8.34167	
2.69073	8.34473	
2.68433	8.34198	
2.66968	8.33374	
2.67914	8.33191	
2.69653	8.3429	
2.68677	8.33832	
2.69073	8.34686	
2.68829	8.33252	
2.68555	8.3548	
2.68097	8.35449	
2.68829	8.35419	
2.69104	8.34869	
2.68616	8.35419	
2.68005	8.34656	
2.67395	8.36853	
2.69104	8.36029	
2.68524	8.37189	
2.68066	8.36182	
2.67883	8.36304	
2.69592	8.34991	
2.67975	8.35754	
2.67456	8.3551	
2.68433	8.34961	
2.6825	8.34717	
2.677	8.34747	
2.68616	8.35022	
2.69196	8.35144	
2.68005	8.35266	
2.67761	8.34534	
2.67883	8.35388	
2.67548	8.34778	
2.677	8.34351	
2.68616	8.3432	
2.68677	8.36121	
2.69165	8.3606	
2.677	8.36121	
2.68585	8.37433	
2.68494	8.35449	
2.68707	8.35938	
2.69684	8.34656	
2.68829	8.36426	
2.67975	8.35541	
2.67822	8.34412	
2.68036	8.36151	
2.68097	8.35266	
2.69104	8.3606	
2.68646	8.34808	
2.67944	8.34808	
2.68158	8.3606	
2.69409	8.35236	
2.69257	8.35999	
2.67944	8.36273	
2.67914	8.35999	
2.6825	8.35571	
2.69714	8.35815	
2.68707	8.34534	
2.68494	8.36212	
2.68585	8.34442	
2.68372	8.35175	
2.67059	8.35144	
2.68463	8.33801	
2.68555	8.33496	
2.68738	8.34717	
2.6828	8.34839	
2.67578	8.36304	
2.68463	8.35327	
2.68829	8.36273	
2.68799	8.35205	
2.68097	8.35327	
2.67365	8.3606	
2.68158	8.36792	
2.68982	8.34839	
2.68951	8.36487	
2.68341	8.35938	
2.69012	8.35693	
2.69379	8.35358	
2.68463	8.35663	
2.68494	8.3667	
2.69104	8.34564	
2.6828	8.36334	
2.68188	8.35541	
2.68982	8.36578	
2.677	8.36151	
2.67731	8.35999	
2.68188	8.37616	
2.67914	8.36578	
2.68341	8.36761	
2.68311	8.37006	
2.68677	8.38318	
2.68616	8.37555	
2.69073	8.38196	
2.69104	8.3728	
2.69012	8.38013	
2.69562	8.38165	
2.68372	8.37463	
2.67639	8.37128	
2.67609	8.36548	
2.66449	8.37311	
2.69775	8.36945	
2.69043	8.37097	
2.68372	8.37494	
2.68036	8.39233	
2.69226	8.36548	
2.67609	8.36517	
2.68127	8.36212	
2.68402	8.3606	
2.67975	8.37982	
2.67822	8.37982	
2.68982	8.36456	
2.68005	8.37524	
2.67914	8.36304	
2.67761	8.36029	
2.68402	8.36517	
2.68463	8.34595	
2.68585	8.35388	
2.67365	8.3429	
2.68066	8.37067	
2.69775	8.37494	
2.67731	8.36853	
2.6767	8.37341	
2.68616	8.36151	
2.68616	8.36945	
2.69043	8.35907	
2.68768	8.367	
2.68555	8.37006	
2.69012	8.37067	
2.68524	8.37677	
2.69012	8.37219	
2.68616	8.37006	
2.69073	8.37311	
2.68616	8.37708	
2.68738	8.35175	
2.6825	8.33954	
2.68188	8.34229	
2.67365	8.34869	
2.68127	8.35876	
2.68158	8.36609	
2.67975	8.35663	
2.67914	8.35632	
2.69257	8.35144	
2.68707	8.35419	
2.69379	8.35083	
2.68585	8.34839	
2.67792	8.35571	
2.68036	8.349	
2.67914	8.35449	
2.68677	8.35327	
2.68036	8.3548	
2.68219	8.34503	
2.68066	8.35907	
2.67822	8.35388	
2.68555	8.34564	
2.677	8.34778	
2.67151	8.36212	
2.68005	8.36548	
2.67517	8.35449	
2.68097	8.35632	
2.6825	8.35022	
2.68402	8.35205	
2.67944	8.34564	
2.67487	8.34503	
2.68829	8.35541	
2.67853	8.36029	
2.68646	8.35785	
2.67456	8.36212	
2.67578	8.35236	
2.68127	8.36151	
2.67151	8.36792	
2.68219	8.36945	
2.68707	8.35938	
2.67853	8.36273	
2.68036	8.36273	
2.68127	8.36029	
2.68158	8.36578	
2.68768	8.35083	
2.69135	8.35052	
2.68951	8.35419	
2.68372	8.36578	
2.68463	8.36487	
2.67975	8.36792	
2.68433	8.35968	
2.68402	8.36548	
2.68555	8.36182	
2.67944	8.35754	
2.67883	8.36182	
2.68158	8.37402	
2.66876	8.36731	
2.67395	8.3548	
2.67639	8.36548	
2.68921	8.36639	
2.68402	8.36304	
2.69165	8.35907	
2.68738	8.36487	
2.69653	8.35297	
2.68524	8.35999	
2.69104	8.36395	
2.68372	8.34229	
2.6889	8.36121	
2.69012	8.35968	
2.6828	8.35083	
2.68799	8.36945	
2.69348	8.36945	
2.69012	8.36334	
2.68768	8.36548	
2.66113	8.36792	
2.68799	8.35968	
2.68799	8.36823	
2.69745	8.36914	
2.69531	8.36212	
2.68341	8.35815	
2.69043	8.3548	
2.6889	8.35541	
2.68829	8.35876	
2.68158	8.35052	
2.69226	8.35724	
2.68982	8.35968	
2.69165	8.37311	
2.68646	8.35999	
2.68097	8.367	
2.67456	8.36914	
2.68646	8.36761	
2.6767	8.36121	
2.68616	8.36334	
2.68463	8.36243	
2.6886	8.36609	
2.68341	8.37097	
2.68341	8.35724	
2.69073	8.35449	
2.68982	8.37128	
2.68158	8.36121	
2.68219	8.36304	
2.67242	8.36731	
2.68372	8.36548	
2.69928	8.35968	
2.69379	8.35785	
2.68799	8.35846	
2.6886	8.34564	
2.68799	8.36487	
2.69043	8.367	
2.6889	8.36212	
2.69989	8.35297	
2.69318	8.35846	
2.68402	8.35907	
2.67883	8.35754	
2.68097	8.35968	
2.68005	8.3728	
2.68188	8.367	
2.67334	8.36121	
2.68066	8.35632	
2.68005	8.36182	
2.67822	8.35541	
2.68677	8.36578	
2.67975	8.35052	
2.68036	8.36548	
2.67792	8.36456	
2.68433	8.36609	
2.68188	8.37341	
2.68494	8.36334	
2.68829	8.36273	
2.69409	8.35602	
2.68311	8.35327	
2.69592	8.34747	
2.68372	8.35175	
2.67944	8.35175	
2.68585	8.3551	
2.68768	8.35022	
2.67456	8.3316	
2.68127	8.3432	
2.67944	8.34991	
2.68036	8.34717	
2.68066	8.33618	
2.68433	8.33435	
2.6889	8.35052	
2.67792	8.34076	
2.68372	8.34961	
2.68463	8.34534	
2.67883	8.36487	
2.68768	8.35205	
2.68616	8.35938	
2.69012	8.35876	
2.69684	8.34595	
2.6889	8.3551	
2.68463	8.35266	
2.68402	8.35205	
2.67914	8.34412	
2.68433	8.36029	
2.69104	8.35541	
2.68372	8.35327	
2.68921	8.35571	
2.69409	8.34381	
2.68616	8.34137	
2.68982	8.34045	
2.68707	8.33862	
2.68036	8.34015	
2.68127	8.34473	
2.68036	8.34442	
2.60071	8.3429	
2.67395	8.33527	
2.6825	8.35632	
2.68524	8.34473	
2.68341	8.34045	
2.68311	8.3371	
2.68158	8.34229	
2.67792	8.34808	
2.69836	8.35175	
2.69012	8.34808	
2.68677	8.35083	
2.68127	8.35419	
2.68005	8.35815	
2.68829	8.36731	
2.69165	8.34503	
2.68982	8.35602	
2.68005	8.37097	
2.677	8.35541	
2.69226	8.35907	
2.68311	8.35175	
2.68311	8.36945	
2.6825	8.37402	
2.68402	8.37341	
2.67303	8.35663	
2.68677	8.34686	
2.68127	8.3548	
2.68921	8.36182	
2.68341	8.35144	
2.69104	8.349	
2.6767	8.349	
2.68219	8.36212	
2.69165	8.37036	
2.68585	8.37189	
2.68463	8.35358	
2.68402	8.3432	
2.68127	8.33527	
2.68707	8.33557	
2.67822	8.34015	
2.69135	8.34015	
2.68677	8.34595	
2.68677	8.34808	
2.68799	8.33069	
2.68799	8.34167	
2.68433	8.33771	
2.68463	8.35632	
2.68707	8.34167	
2.69073	8.32916	
2.67853	8.34259	
2.69012	8.33618	
2.6944	8.34747	
2.68585	8.34137	
2.69165	8.34564	
2.68616	8.35022	
2.69135	8.34717	
2.69135	8.35205	
2.68555	8.3432	
2.70355	8.35327	
2.68921	8.35632	
2.69165	8.34961	
2.68738	8.3606	
2.68799	8.35968	
2.67456	8.35693	
2.67609	8.3551	
2.68829	8.35297	
2.68127	8.35114	
2.69073	8.35449	
2.69623	8.35144	
2.67914	8.36273	
2.68097	8.35999	
2.67578	8.36884	
2.67639	8.35815	
2.67944	8.35205	
2.68646	8.36273	
2.67761	8.36182	
2.68616	8.36609	
2.69287	8.36182	
2.69104	8.35938	
2.68646	8.37646	
2.68829	8.37067	
2.68158	8.36151	
2.68066	8.36914	
2.68921	8.34625	
2.67944	8.37097	
2.68005	8.35724	
2.68982	8.3728	
2.6825	8.35968	
2.68311	8.35815	
2.70721	8.35815	
2.67822	8.35968	
2.68707	8.35693	
2.70264	8.35999	
2.68921	8.36151	
2.68372	8.36792	
2.60437	8.35907	
2.70813	8.37036	
2.68127	8.36029	
2.68097	8.36395	
2.69745	8.34656	
2.69196	8.37158	
2.68524	8.37219	
2.6828	8.3609	
2.68158	8.3725	
2.69043	8.3728	
2.68707	8.36792	
2.68951	8.36304	
2.69165	8.36029	
2.68219	8.35938	
2.68402	8.36517	
2.68219	8.36853	
2.67517	8.37158	
2.69165	8.36609	
2.69836	8.35815	
2.68585	8.36578	
2.69165	8.35907	
2.69043	8.36731	
2.68616	8.37982	
2.69043	8.3728	
2.68707	8.35571	
2.68188	8.36853	
2.68036	8.37128	
2.68158	8.38287	
2.68555	8.37433	
2.69287	8.37921	
2.69165	8.37006	
2.69043	8.36151	
2.69073	8.37402	
2.68921	8.37036	
2.69989	8.35632	
2.69348	8.3609	
2.69501	8.35968	
2.68982	8.35022	
2.68616	8.35449	
2.69287	8.35297	
2.68402	8.34503	
2.69653	8.35632	
2.68158	8.34198	
2.68158	8.3255	
2.67639	8.33527	
2.68616	8.34198	
2.69196	8.35297	
2.68005	8.34503	
2.68951	8.34381	
2.68982	8.34198	
2.69348	8.32855	
2.68829	8.32794	
2.67609	8.33282	
2.68585	8.3316	
2.67975	8.3252	
2.6886	8.31787	
2.68951	8.33313	
2.69073	8.32977	
2.67792	8.34686	
2.68311	8.33496	
2.68494	8.33435	
2.67883	8.33679	
2.68341	8.35388	
2.69653	8.3429	
2.69409	8.3429	
2.68311	8.35022	
2.68341	8.35602	
2.68066	8.3551	
2.68768	8.34534	
2.68738	8.33435	
2.67609	8.33405	
2.68097	8.33252	
2.69836	8.3432	
2.69348	8.33801	
2.68463	8.3313	
2.68677	8.34045	
2.67944	8.3374	
2.6886	8.3429	
2.69043	8.33893	
2.6889	8.33466	
2.68555	8.34564	
2.68738	8.33405	
2.69104	8.32794	
2.67883	8.33099	
2.68463	8.33405	
2.68372	8.34167	
2.69073	8.33496	
2.68829	8.33557	
2.68555	8.33618	
2.68188	8.32855	
2.67975	8.33527	
2.68402	8.33771	
2.69653	8.33344	
2.67822	8.34076	
2.69073	8.33435	
2.68738	8.34076	
2.6886	8.32855	
2.68921	8.34717	
2.68433	8.35327	
2.68372	8.33832	
2.68311	8.32184	
2.68677	8.33282	
2.68646	8.35388	
2.68738	8.35419	
2.68982	8.35846	
2.67883	8.35052	
2.67792	8.34534	
2.68494	8.35083	
2.67334	8.3551	
2.67548	8.35724	
2.70966	8.33893	
2.69501	8.35083	
2.67975	8.35175	
2.69287	8.3548	
2.68768	8.34686	
2.69043	8.32764	
2.68158	8.34503	
2.67365	8.34045	
2.68585	8.349	
2.70111	8.34015	
2.69409	8.34045	
2.68005	8.33984	
2.68127	8.33252	
2.68646	8.32825	
2.69135	8.33466	
2.68677	8.33252	
2.68646	8.33405	
2.69073	8.3429	
2.68768	8.34442	
2.68005	8.32886	
2.68524	8.34045	
2.68616	8.33679	
2.69073	8.34351	
2.69165	8.33496	
2.69135	8.33344	
2.69104	8.34778	
2.68494	8.32245	
2.67212	8.33466	
2.68463	8.3374	
2.68494	8.33984	
2.68219	8.3313	
2.68341	8.33557	
2.68311	8.32825	
2.68463	8.33435	
2.68951	8.34198	
2.68677	8.33679	
2.69196	8.3432	
2.68188	8.33527	
2.69379	8.33771	
2.68341	8.32581	
2.68951	8.33923	
2.6889	8.34137	
2.67975	8.35052	
2.68524	8.34747	
2.68738	8.33984	
2.68707	8.32733	
2.69135	8.31573	
2.68127	8.34503	
2.68066	8.31787	
2.6828	8.34686	
2.69653	8.33618	
2.68433	8.32886	
2.68219	8.33405	
2.68646	8.35724	
2.68829	8.34839	
2.6828	8.3252	
2.67975	8.34625	
2.68005	8.32855	
2.69714	8.349	
2.69501	8.33374	
2.68127	8.33832	
2.68433	8.31909	
2.68066	8.3252	
2.68585	8.33008	
2.69043	8.33252	
2.69348	8.32611	
2.68494	8.30933	
2.67883	8.30444	
2.68402	8.32062	
2.69653	8.33252	
2.69318	8.33374	
2.6828	8.32977	
2.6828	8.32306	
2.68585	8.32581	
2.69623	8.31207	
2.67944	8.32703	
2.68188	8.30933	
2.68677	8.32581	
2.69562	8.33954	
2.68799	8.31696	
2.68616	8.33069	
2.68555	8.31451	
2.69409	8.3316	
2.6947	8.31635	
2.69165	8.32672	
2.68494	8.33191	
2.67853	8.3432	
2.6828	8.33649	
2.68219	8.3313	
2.68005	8.33008	
2.67731	8.31696	
2.67944	8.33557	
2.67944	8.33466	
2.69348	8.33069	
2.68951	8.33771	
2.68616	8.31451	
2.69379	8.33221	
2.68036	8.32306	
2.67914	8.31909	
2.68707	8.31451	
2.69531	8.32367	
2.68402	8.32947	
2.69073	8.32703	
2.68555	8.31696	
2.68646	8.3078	
2.68555	8.31909	
2.67731	8.32886	
2.6828	8.32703	
2.68646	8.30505	
2.6947	8.30505	
2.69104	8.32062	
2.68616	8.31726	
2.69409	8.32336	
2.68616	8.32672	
2.68463	8.32367	
2.68341	8.3252	
2.67944	8.32153	
2.68158	8.32123	
2.69012	8.30841	
2.68677	8.31573	
2.68494	8.30963	
2.6886	8.31207	
2.68372	8.30994	
2.69196	8.31665	
2.69318	8.31238	
2.68372	8.30261	
2.68005	8.32886	
2.6886	8.32672	
2.69501	8.31085	
2.68921	8.31421	
2.68036	8.30963	
2.69348	8.33038	
2.69257	8.32764	
2.68311	8.31482	
2.68799	8.32367	
2.69653	8.30872	
2.68555	8.32489	
2.68036	8.31726	
2.68311	8.30994	
2.68005	8.31116	
2.69623	8.30566	
2.67853	8.32336	
2.69135	8.32184	
2.68036	8.30597	
2.68219	8.3197	
2.69409	8.31757	
2.69287	8.3075	
2.68097	8.32153	
2.6889	8.31726	
2.69592	8.32245	
2.69257	8.32123	
2.68494	8.32886	
2.68616	8.3316	
2.68005	8.31757	
2.67578	8.32031	
2.68555	8.31726	
2.68219	8.32153	
2.68219	8.33557	
2.69745	8.31787	
2.69653	8.32489	
2.68158	8.31055	
2.68585	8.31635	
2.69379	8.32397	
2.69165	8.32367	
2.68097	8.31818	
2.69348	8.31543	
2.69348	8.32672	
2.6889	8.32611	
2.68219	8.32092	
2.67426	8.30841	
2.69684	8.29987	
2.69287	8.31329	
2.69165	8.33466	
2.69409	8.33832	
2.68982	8.3197	
2.69257	8.30811	
2.68829	8.30811	
2.68494	8.31818	
2.68677	8.31573	
2.68677	8.30841	
2.67151	8.30048	
2.69775	8.31604	
2.70172	8.31543	
2.69409	8.30444	
2.68066	8.3078	
2.68219	8.3075	
2.69043	8.30841	
2.68372	8.31909	
2.67975	8.30627	
2.6889	8.31451	
2.69135	8.31726	
2.69104	8.33344	
2.68036	8.32916	
2.67975	8.3432	
2.68127	8.33435	
2.70172	8.33374	
2.68982	8.34473	
2.6828	8.30841	
2.68433	8.32397	
2.69348	8.31573	
2.69073	8.33405	
2.68219	8.32062	
2.69165	8.30994	
2.69073	8.30231	
2.6825	8.33252	
2.68738	8.33649	
2.68951	8.33191	
2.68951	8.33221	
2.68433	8.32092	
2.69073	8.30994	
2.67731	8.31482	
2.69196	8.32092	
2.68341	8.31268	
2.68677	8.30902	
2.70172	8.31268	
2.68951	8.32672	
2.69043	8.3194	
2.69165	8.31818	
2.69226	8.30841	
2.67975	8.31055	
2.6886	8.31238	
2.68982	8.31268	
2.68036	8.3136	
2.68524	8.3075	
2.69379	8.31055	
2.69287	8.30658	
2.68677	8.31757	
2.67761	8.31329	
2.69012	8.31543	
2.69409	8.32581	
2.69104	8.31512	
2.68555	8.31421	
2.68677	8.30353	
2.69287	8.29773	
2.68829	8.32214	
2.68921	8.3075	
2.68463	8.31879	
2.68433	8.31909	
2.68646	8.32642	
2.69257	8.33252	
2.6889	8.31482	
2.6825	8.32275	
2.69745	8.32672	
2.68982	8.30811	
2.6944	8.30933	
2.69196	8.31757	
2.68616	8.30994	
2.6828	8.32184	
2.68219	8.32397	
2.68921	8.31207	
2.69257	8.3078	
2.69043	8.31573	
2.68219	8.33588	
2.67395	8.32642	
2.68463	8.3078	
2.69989	8.31238	
2.68677	8.31268	
2.67822	8.31421	
2.68677	8.32184	
2.69379	8.32245	
2.6947	8.32458	
2.67944	8.3194	
2.68433	8.32214	
2.69073	8.32092	
2.69318	8.31787	
2.69043	8.32214	
2.68188	8.31268	
2.68402	8.30841	
2.68768	8.31787	
2.69104	8.31055	
2.68402	8.32581	
2.68158	8.32306	
2.68768	8.32428	
2.69287	8.32367	
2.69043	8.32184	
2.68219	8.32611	
2.68341	8.3255	
2.67822	8.33221	
2.69135	8.32092	
2.69104	8.31726	
2.6889	8.31329	
2.68127	8.31726	
2.68402	8.3194	
2.68463	8.31207	
2.68982	8.30933	
2.68921	8.31055	
2.68402	8.30536	
2.6825	8.3252	
2.68219	8.29742	
2.68555	8.32977	
2.70111	8.32733	
2.69348	8.31635	
2.68341	8.32611	
2.68677	8.30444	
2.68707	8.31238	
2.69043	8.31543	
2.6889	8.30353	
2.68494	8.32336	
2.68219	8.31482	
2.68097	8.2962	
2.68555	8.30017	
2.68219	8.31055	
2.67792	8.31329	
2.68433	8.31787	
2.69135	8.30597	
2.6947	8.31146	
2.68921	8.31635	
2.69165	8.31146	
2.69684	8.31085	
2.68127	8.31665	
2.68555	8.31177	
2.69592	8.34015	
2.69135	8.32153	
2.68036	8.31268	
2.68188	8.30048	
2.68951	8.30994	
2.69135	8.31238	
2.68341	8.30322	
2.67761	8.32397	
2.6886	8.31604	
2.69592	8.31818	
2.69379	8.32062	
2.69318	8.31177	
2.68768	8.32642	
2.68463	8.32306	
2.69196	8.31635	
2.68585	8.32092	
2.68738	8.32001	
2.68951	8.31543	
2.69409	8.31726	
2.69104	8.32367	
2.68829	8.31696	
2.68036	8.32947	
2.69257	8.33221	
2.6828	8.33008	
2.67487	8.31329	
2.69958	8.32916	
2.67914	8.32733	
2.68585	8.32092	
2.70172	8.3255	
2.68524	8.31116	
2.69745	8.32733	
2.70081	8.32336	
2.68341	8.31757	
2.68158	8.31451	
2.68097	8.31696	
2.69287	8.31604	
2.68219	8.32214	
2.68707	8.31329	
2.69165	8.30505	
2.69257	8.30872	
2.68982	8.31238	
2.68433	8.30353	
2.69714	8.31604	
2.68951	8.32458	
2.68372	8.31665	
2.67609	8.31055	
2.69318	8.31329	
2.68768	8.32916	
2.69318	8.31573	
2.68433	8.32275	
2.68677	8.32275	
2.68768	8.30872	
2.68219	8.30444	
2.68066	8.32062	
2.69318	8.31268	
2.69836	8.30139	
2.69043	8.3075	
2.69714	8.31055	
2.68555	8.29529	
2.7005	8.30414	
2.69592	8.30475	
2.69379	8.30811	
2.69104	8.30414	
2.68372	8.32001	
2.69409	8.31299	
2.69073	8.32123	
2.68616	8.30811	
2.69104	8.31116	
2.69531	8.31573	
2.68341	8.30566	
2.68951	8.31207	
2.69287	8.30475	
2.68707	8.30658	
2.69196	8.31177	
2.6828	8.31207	
2.69226	8.30231	
2.69531	8.30353	
2.6828	8.30688	
2.68768	8.31146	
2.6825	8.30109	
2.68005	8.30902	
2.69165	8.31085	
2.69958	8.30902	
2.68158	8.31818	
2.69196	8.3252	
2.69165	8.31726	
2.6886	8.31909	
2.6886	8.32336	
2.68707	8.31848	
2.68707	8.31299	
2.71454	8.33405	
2.69104	8.31696	
2.69867	8.32458	
2.69623	8.31085	
2.68372	8.31757	
2.69257	8.3255	
2.68921	8.3197	
2.68646	8.32764	
2.69318	8.33038	
2.69409	8.3255	
2.6886	8.32245	
2.69409	8.31573	
2.68951	8.302	
2.70874	8.32031	
2.68555	8.31299	
2.7301	8.30109	
2.68341	8.302	
2.69318	8.30902	
2.77496	8.31909	
2.70477	8.3197	
2.68951	8.3136	
2.69196	8.30139	
2.63153	8.31573	
2.65961	8.31787	
2.68768	8.30933	
2.68555	8.31635	
2.69073	8.31207	
2.69318	8.32428	
2.68097	8.33282	
2.6886	8.32184	
2.69775	8.32062	
2.68097	8.32642	
2.68829	8.32458	
2.68951	8.32397	
2.67395	8.32764	
2.68616	8.32672	
2.70203	8.3371	
2.69104	8.32642	
2.69501	8.33557	
2.69379	8.32581	
2.67944	8.32947	
2.69501	8.33313	
2.68372	8.34229	
2.68951	8.32886	
2.69196	8.33008	
2.68341	8.33191	
2.68616	8.32581	
2.68646	8.32306	
2.68829	8.32825	
2.6947	8.31329	
2.6886	8.32458	
2.68433	8.31726	
2.68555	8.32458	
2.6828	8.32275	
2.69318	8.32214	
2.6828	8.33801	
2.68372	8.32153	
2.70081	8.32642	
2.69043	8.33771	
2.69043	8.31757	
2.69653	8.31848	
2.67944	8.31604	
2.68219	8.3197	
2.6886	8.32611	
2.69348	8.3252	
2.68829	8.3252	
2.6886	8.3194	
2.68341	8.32458	
2.69226	8.31482	
2.69135	8.31665	
2.69897	8.32123	
2.68646	8.32153	
2.69379	8.3316	
2.69348	8.33038	
2.68646	8.3197	
2.68433	8.31177	
2.68677	8.31909	
2.69318	8.32306	
2.6828	8.32336	
2.69226	8.32214	
2.69165	8.32458	
2.6886	8.32977	
2.69196	8.33221	
2.68646	8.33313	
2.68707	8.33038	
2.69135	8.3374	
2.68494	8.33923	
2.6767	8.33862	
2.69226	8.33069	
2.67578	8.33496	
2.68494	8.33588	
2.67883	8.3371	
2.69104	8.34656	
2.67731	8.33588	
2.68311	8.32733	
2.70386	8.32947	
2.68829	8.33099	
2.69257	8.32794	
2.69501	8.33191	
2.68402	8.3255	
2.69501	8.34381	
2.68402	8.33038	
2.69226	8.32367	
2.69958	8.33069	
2.68738	8.33069	
2.70203	8.34442	
2.68524	8.34045	
2.69653	8.34747	
2.68402	8.3252	
2.69196	8.34747	
2.68097	8.32733	
2.69867	8.33252	
2.6825	8.33282	
2.69348	8.32916	
2.69196	8.33099	
2.68341	8.31146	
2.69165	8.32428	
2.68829	8.33344	
2.68158	8.32886	
2.69318	8.32672	
2.69409	8.32001	
2.68158	8.32886	
2.69379	8.32855	
2.69348	8.3316	
2.68585	8.32672	
2.69165	8.34778	
2.68982	8.32611	
2.69104	8.32397	
2.69592	8.32153	
2.68738	8.32672	
2.69653	8.32397	
2.68219	8.32306	
2.69165	8.3316	
2.68341	8.32886	
2.69623	8.32275	
2.68463	8.32306	
2.69287	8.32703	
2.68982	8.34229	
2.6947	8.3255	
2.68097	8.31665	
2.68677	8.32794	
2.6886	8.33557	
2.69379	8.34625	
2.69836	8.33649	
2.6889	8.32001	
2.69409	8.33588	
2.68158	8.32672	
2.70782	8.3316	
2.68799	8.32703	
2.68524	8.32947	
2.69257	8.32397	
2.68677	8.33618	
2.6944	8.33313	
2.68097	8.33862	
2.68921	8.34381	
2.68677	8.3493	
2.68066	8.33099	
2.69318	8.32306	
2.6825	8.32733	
2.68463	8.32794	
2.69379	8.34167	
2.68555	8.34625	
2.68402	8.34747	
2.68768	8.33038	
2.67578	8.32642	
2.68677	8.33588	
2.70203	8.32855	
2.68799	8.32458	
2.68127	8.3313	
2.69043	8.33405	
2.67975	8.3316	
2.68768	8.33099	
2.68402	8.33679	
2.68311	8.33679	
2.69501	8.32764	
2.69043	8.3371	
2.68921	8.32458	
2.68585	8.32611	
2.69104	8.32672	
2.68707	8.34991	
2.69287	8.33984	
2.68616	8.33771	
2.68616	8.33862	
2.68646	8.33618	
2.69501	8.34045	
2.68921	8.34412	
2.69836	8.33313	
2.68311	8.34167	
2.69531	8.34229	
2.68951	8.34106	
2.68463	8.34625	
2.68372	8.33099	
2.67792	8.3371	
2.69501	8.34564	
2.67792	8.34381	
2.69287	8.34412	
2.69165	8.34106	
2.68494	8.33618	
2.70264	8.3371	
2.68158	8.34045	
2.70203	8.34167	
2.6828	8.34259	
2.69653	8.34045	
2.68921	8.33984	
2.68616	8.34412	
2.69592	8.34045	
2.68341	8.3548	
2.6889	8.36304	
2.69562	8.34717	
2.6889	8.33557	
2.6889	8.35419	
2.68524	8.34717	
2.69287	8.33771	
2.69653	8.33862	
2.68219	8.34534	
2.6886	8.34839	
2.68127	8.33893	
2.69073	8.34473	
2.68433	8.33923	
2.68158	8.34381	
2.68646	8.3313	
2.68433	8.3432	
2.69226	8.33862	
2.68768	8.3429	
2.68097	8.34045	
2.69226	8.33069	
2.6886	8.32947	
2.68951	8.3374	
2.68829	8.33679	
2.67975	8.34442	
2.69409	8.35175	
2.68494	8.3374	
2.69287	8.35724	
2.68524	8.35266	
2.69531	8.34869	
2.68219	8.35266	
2.68677	8.34564	
2.69348	8.34808	
2.68311	8.33862	
2.69409	8.33221	
2.68799	8.34167	
2.68768	8.33252	
2.69745	8.32184	
2.68646	8.33191	
2.69318	8.33374	
2.6886	8.32306	
2.69043	8.3429	
2.68311	8.33618	
2.69257	8.33618	
2.68799	8.34412	
2.69897	8.34442	
2.68768	8.35785	
2.6828	8.36334	
2.68951	8.36426	
2.68402	8.36212	
2.68433	8.3606	
2.68829	8.36395	
2.69348	8.35602	
2.68921	8.35114	
2.68585	8.34381	
2.69104	8.34381	
2.68921	8.35236	
2.68433	8.35144	
2.6886	8.36517	
2.68402	8.349	
2.68341	8.33893	
2.68707	8.35785	
2.67761	8.3371	
2.68677	8.34351	
2.6767	8.34686	
2.69043	8.33893	
2.70172	8.33588	
2.68311	8.33313	
2.70081	8.33649	
2.6828	8.34412	
2.69775	8.34076	
2.69623	8.35297	
2.68463	8.35236	
2.69073	8.34473	
2.68341	8.33618	
2.69104	8.33008	
2.6828	8.33435	
2.69775	8.34076	
2.68402	8.33771	
2.68463	8.33862	
2.69531	8.33374	
2.68738	8.33923	
2.69257	8.34198	
2.68402	8.34351	
2.69043	8.33679	
2.69501	8.34625	
2.68341	8.34167	
2.69012	8.35144	
2.68799	8.34991	
2.69135	8.35358	
2.67883	8.349	
2.68524	8.3429	
2.68768	8.3429	
2.6889	8.34503	
2.68433	8.34778	
2.69318	8.35785	
2.68158	8.34869	
2.68799	8.35907	
2.68738	8.34717	
2.68768	8.35205	
2.69409	8.35236	
2.69409	8.34808	
2.68768	8.34198	
2.68616	8.34564	
2.69379	8.34656	
2.68005	8.34045	
2.68555	8.33954	
2.6889	8.34137	
2.68402	8.34167	
2.68341	8.34381	
2.69135	8.3374	
2.68707	8.33527	
2.69196	8.33374	
2.68524	8.33405	
2.68707	8.33527	
2.69104	8.33344	
2.68341	8.33527	
2.69867	8.33527	
2.68616	8.3432	
2.69073	8.33954	
2.6828	8.33374	
2.6944	8.35632	
2.6886	8.34351	
2.69165	8.33466	
2.68188	8.34229	
2.6886	8.34015	
2.68555	8.32245	
2.68982	8.3313	
2.69653	8.34045	
2.68097	8.3429	
2.69318	8.33771	
2.68829	8.34229	
2.68799	8.34625	
2.68646	8.34351	
2.68372	8.34503	
2.68646	8.33893	
2.68066	8.33832	
2.69318	8.33893	
2.6947	8.34625	
2.68707	8.34137	
2.69653	8.33984	
2.68646	8.33801	
2.69043	8.33588	
2.68951	8.33405	
2.68585	8.34839	
2.69867	8.34167	
2.68463	8.36517	
2.69653	8.35297	
2.68341	8.3551	
2.69653	8.35358	
2.68463	8.35297	
2.69348	8.3493	
2.68494	8.36243	
2.69836	8.35297	
2.69287	8.35999	
2.69775	8.34961	
2.68646	8.34351	
2.69318	8.35205	
2.69958	8.34595	
2.69379	8.34747	
2.7002	8.34503	
2.68311	8.34595	
2.68707	8.33649	
2.69257	8.3548	
2.68219	8.35358	
2.6889	8.34595	
2.69806	8.3432	
2.69745	8.34686	
2.68707	8.34808	
2.69318	8.33344	
2.68768	8.33923	
2.69623	8.3548	
2.68555	8.34167	
2.69531	8.35297	
2.68585	8.34412	
2.69287	8.34564	
2.69135	8.33313	
2.69379	8.33282	
2.69409	8.34503	
2.68707	8.33649	
2.69348	8.34564	
2.6947	8.34259	
2.6944	8.33923	
2.68433	8.35144	
2.69928	8.34686	
2.69318	8.34839	
2.68463	8.3432	
2.70142	8.34747	
2.68921	8.34717	
2.67975	8.34564	
2.68524	8.34564	
2.69287	8.34686	
2.68799	8.34961	
2.68677	8.33771	
2.68402	8.35449	
2.68463	8.36182	
2.69379	8.34625	
2.67822	8.35693	
2.69226	8.35358	
2.68982	8.34473	
2.68707	8.35175	
2.69165	8.3551	
2.68463	8.35114	
2.69806	8.34564	
2.69531	8.35083	
2.68707	8.35449	
2.69348	8.35083	
2.68555	8.35602	
2.69379	8.35693	
2.69379	8.35175	
2.68524	8.34808	
2.6947	8.35846	
2.68341	8.35663	
2.69318	8.34381	
2.68433	8.34595	
2.69135	8.36212	
2.68341	8.34503	
2.69379	8.34412	
2.68188	8.349	
2.6886	8.36151	
2.68677	8.3609	
2.69287	8.36639	
2.6828	8.36456	
2.69348	8.36487	
2.68616	8.36517	
2.6828	8.36884	
2.69623	8.37036	
2.68555	8.37311	
2.69348	8.35266	
2.69226	8.35358	
2.68585	8.3728	
2.69501	8.36334	
2.6886	8.35968	
2.68829	8.35602	
2.70447	8.34564	
2.69165	8.35907	
2.70142	8.35022	
2.68738	8.33649	
2.70447	8.35205	
2.69196	8.35083	
2.67548	8.34991	
2.68646	8.34351	
2.69592	8.35968	
2.69287	8.35083	
2.68738	8.34015	
2.6886	8.34686	
2.69073	8.34045	
2.68463	8.35358	
2.69531	8.34473	
2.68738	8.34961	
2.68768	8.3316	
2.69592	8.35236	
2.69073	8.33832	
2.68951	8.35022	
2.69867	8.34503	
2.68402	8.33954	
2.68738	8.35175	
2.68494	8.34015	
2.69257	8.34595	
2.68341	8.35175	
2.69714	8.34717	
2.68494	8.35571	
2.69653	8.36975	
2.70203	8.35358	
2.68555	8.35449	
2.69989	8.36273	
2.68707	8.36029	
2.69806	8.3551	
2.69379	8.36487	
2.67639	8.3551	
2.68768	8.35907	
2.69379	8.36426	
2.69501	8.36273	
2.69073	8.35449	
2.68433	8.36578	
2.69562	8.37006	
2.69531	8.36365	
2.68433	8.35083	
2.68219	8.35876	
2.69409	8.36121	
2.70172	8.36151	
2.68982	8.37067	
2.68921	8.37067	
2.69775	8.37036	
2.68341	8.35724	
2.68311	8.35724	
2.69501	8.35999	
2.69012	8.36151	
2.69623	8.36273	
2.69104	8.36121	
2.68494	8.37769	
2.68402	8.3667	
2.69257	8.37921	
2.69318	8.38593	
2.69379	8.36884	
2.68494	8.37708	
2.69226	8.38074	
2.68799	8.37067	
2.69409	8.36639	
2.68311	8.36334	
2.6947	8.36639	
2.68585	8.37128	
2.6944	8.37189	
2.68677	8.37067	
2.68707	8.3725	
2.68646	8.37891	
2.69409	8.37372	
2.68402	8.37311	
2.69684	8.36212	
2.6944	8.36884	
2.68646	8.35449	
2.70508	8.36212	
2.69012	8.35175	
2.68188	8.37128	
2.6886	8.36853	
2.69165	8.35785	
2.70172	8.3609	
2.68433	8.367	
2.69196	8.35815	
2.69104	8.37219	
2.6886	8.36487	
2.6944	8.36212	
2.7005	8.37494	
2.69806	8.36975	
2.69257	8.3609	
2.69257	8.37372	
2.69714	8.37341	
2.68677	8.36212	
2.68341	8.3551	
2.69257	8.3786	
2.68311	8.3667	
2.68616	8.37341	
2.68555	8.37402	
2.68463	8.36914	
2.69745	8.37433	
2.69379	8.3728	
2.68311	8.38348	
2.69775	8.38043	
2.68677	8.37036	
2.68372	8.37219	
2.70233	8.35327	
2.70477	8.36914	
2.69012	8.36395	
2.69745	8.36548	
2.68341	8.36426	
2.70325	8.36334	
2.70233	8.35876	
2.68036	8.35388	
2.69318	8.36243	
2.677	8.35297	
2.69165	8.36456	
2.68036	8.35663	
2.69043	8.35968	
2.67822	8.35419	
2.69714	8.37158	
2.67731	8.36853	
2.68555	8.36578	
2.69745	8.35785	
2.68707	8.3667	
2.69928	8.36426	
2.6825	8.36548	
2.70111	8.35907	
2.69318	8.3606	
2.69135	8.36151	
2.69562	8.35419	
2.69196	8.34778	
2.6944	8.36517	
2.6944	8.35022	
2.70203	8.3609	
2.68677	8.35938	
2.69318	8.35571	
2.68646	8.35114	
2.68799	8.36273	
2.69104	8.34564	
2.69073	8.35632	
2.68494	8.35632	
2.70111	8.34167	
2.7005	8.35175	
2.67944	8.34747	
2.69043	8.34808	
2.69684	8.34167	
2.69348	8.3551	
2.68311	8.34015	
2.69623	8.33588	
2.69318	8.33527	
2.68219	8.34625	
2.68341	8.33923	
2.69897	8.35327	
2.69073	8.35327	
2.68066	8.33588	
2.69165	8.34778	
2.70081	8.34839	
2.68311	8.34167	
2.68555	8.34106	
2.68738	8.35938	
2.69196	8.35693	
2.69226	8.34808	
2.69165	8.34595	
2.68311	8.36548	
2.69562	8.36212	
2.68616	8.35358	
2.70081	8.3551	
2.69867	8.36121	
2.6828	8.36182	
2.68433	8.34747	
2.69318	8.34351	
2.69501	8.34534	
2.68494	8.35907	
2.70142	8.35388	
2.6944	8.35968	
2.6828	8.34229	
2.69958	8.34808	
2.68005	8.36823	
2.68555	8.37036	
2.69623	8.36365	
2.68341	8.35724	
2.69379	8.36578	
2.69165	8.37463	
2.6889	8.3667	
2.69348	8.37952	
2.69623	8.36853	
2.6947	8.37952	
2.69745	8.38348	
2.70599	8.36853	
2.68677	8.37433	
2.67975	8.36395	
2.68646	8.37402	
2.7005	8.3667	
2.69348	8.35419	
2.6944	8.36243	
2.69226	8.36456	
2.69775	8.35663	
2.6944	8.36304	
2.68585	8.36395	
2.70081	8.35938	
2.69379	8.367	
2.69196	8.35266	
2.68311	8.35938	
2.67456	8.35785	
2.68585	8.37463	
2.69073	8.34808	
2.69775	8.34564	
2.6889	8.35876	
2.6181	8.34961	
2.6944	8.34808	
2.6825	8.36182	
2.67639	8.35205	
2.69562	8.3548	
2.7002	8.36487	
2.68829	8.34991	
2.69623	8.36975	
2.7005	8.36334	
2.69928	8.36823	
2.70508	8.36334	
2.68097	8.36517	
2.69104	8.36578	
2.6944	8.35022	
2.76642	8.35938	
2.68158	8.36517	
2.69012	8.35754	
2.67181	8.36121	
2.71698	8.34412	
2.68524	8.33588	
2.69043	8.34015	
2.57751	8.34229	
2.68585	8.34686	
2.69257	8.32367	
2.63306	8.3374	
2.70691	8.34167	
2.68219	8.32184	
2.69562	8.33862	
2.69684	8.33771	
2.68127	8.35052	
2.69501	8.34137	
2.68585	8.349	
2.67822	8.34656	
2.6947	8.34503	
2.6947	8.34137	
2.68555	8.35205	
2.68829	8.33466	
2.68829	8.34534	
2.68616	8.33527	
2.69531	8.35327	
2.69073	8.33954	
2.69745	8.33069	
2.69348	8.34717	
2.68707	8.34808	
2.68005	8.35449	
2.69318	8.34473	
2.69623	8.34808	
2.69287	8.34961	
2.69836	8.34961	
2.6889	8.34229	
2.68738	8.34869	
2.68799	8.33923	
2.69287	8.349	
2.69745	8.34442	
2.68372	8.33405	
2.69379	8.3429	
2.69775	8.34961	
2.7002	8.34839	
2.69501	8.34839	
2.68372	8.35846	
2.69775	8.35571	
2.6944	8.34351	
2.6889	8.34991	
2.68707	8.36304	
2.68341	8.35022	
2.69073	8.35114	
2.69562	8.35999	
2.68982	8.33344	
2.69012	8.33923	
2.69928	8.33923	
2.69257	8.34351	
2.6886	8.3432	
2.6889	8.3316	
2.68188	8.32642	
2.68982	8.32581	
2.70142	8.32703	
2.6828	8.3374	
2.68219	8.32184	
2.6889	8.32062	
2.69135	8.31055	
2.68677	8.30688	
2.6947	8.32153	
2.69653	8.31848	
2.68982	8.31512	
2.68494	8.32306	
2.69348	8.32428	
2.70264	8.33252	
2.69287	8.33069	
2.68707	8.32611	
2.68921	8.3374	
2.69562	8.32855	
2.69867	8.35449	
2.68738	8.33282	
2.69745	8.33466	
2.69379	8.34503	
2.68799	8.32733	
2.69104	8.33527	
2.69379	8.3255	
2.69867	8.32306	
2.70203	8.32245	
2.68768	8.31848	
2.68341	8.33008	
2.68463	8.33099	
2.69562	8.3194	
2.69714	8.32703	
2.68829	8.33099	
2.68555	8.32581	
2.68738	8.33618	
2.69409	8.32733	
2.69867	8.3374	
2.68738	8.34778	
2.68677	8.33923	
2.69287	8.32703	
2.69806	8.3371	
2.67914	8.3316	
2.68616	8.3252	
2.69714	8.33466	
2.69318	8.32275	
2.69348	8.33344	
2.69653	8.33923	
2.68585	8.32855	
2.69745	8.33344	
2.68951	8.33221	
2.68738	8.34381	
2.69684	8.32825	
2.69897	8.32062	
2.6889	8.32703	
2.68585	8.32642	
2.69562	8.33557	
2.70081	8.33313	
2.69287	8.33527	
2.70416	8.33893	
2.68433	8.33191	
2.68433	8.32764	
2.68707	8.33771	
2.69928	8.33344	
2.69653	8.32825	
2.6944	8.33313	
2.68555	8.31573	
2.6825	8.33038	
2.69135	8.33862	
2.7002	8.35022	
2.70508	8.33557	
2.69257	8.34229	
2.68494	8.33405	
2.68921	8.3374	
2.69226	8.32764	
2.69043	8.33618	
2.69592	8.33435	
2.69165	8.33679	
2.68524	8.33191	
2.6886	8.32642	
2.69836	8.32947	
2.70599	8.32214	
2.69348	8.32062	
2.68036	8.32275	
2.69806	8.32458	
2.69257	8.3255	
2.68921	8.32642	
2.6825	8.33099	
2.68585	8.3252	
2.69012	8.32184	
2.69775	8.32794	
2.6947	8.32886	
2.6828	8.31482	
2.69348	8.33221	
2.69226	8.32153	
2.69165	8.33466	
2.69653	8.33008	
2.69562	8.33099	
2.69501	8.32916	
2.70386	8.33038	
2.68433	8.32062	
2.67792	8.33099	
2.68982	8.32916	
2.69135	8.32275	
2.69257	8.3316	
2.69531	8.32062	
2.6947	8.33008	
2.69531	8.31665	
2.70325	8.33282	
2.69196	8.32855	
2.67944	8.31909	
2.69043	8.33984	
2.68707	8.32336	
2.68677	8.31604	
2.68463	8.31604	
2.69043	8.3194	
2.69196	8.31573	
2.70325	8.30902	
2.68921	8.3197	
2.69409	8.302	
2.69653	8.3075	
2.68982	8.29681	
2.68372	8.3252	
2.68951	8.32031	
2.69287	8.32123	
2.69592	8.31909	
2.70264	8.31879	
2.69623	8.32397	
2.69379	8.32581	
2.69348	8.32916	
2.69562	8.32428	
2.6889	8.32062	
2.69012	8.32581	
2.70203	8.32428	
2.68677	8.31604	
2.68005	8.31879	
2.68982	8.32153	
2.6889	8.3316	
2.69196	8.31573	
2.69867	8.31116	
2.6889	8.3136	
2.68494	8.32489	
2.68738	8.31635	
2.69897	8.32275	
2.70508	8.31787	
2.69714	8.31909	
2.69836	8.33221	
2.69257	8.31604	
2.69257	8.31879	
2.69043	8.33069	
2.68768	8.3255	
2.68738	8.3139	
2.69653	8.30414	
2.69379	8.31299	
2.69714	8.31055	
2.68646	8.30353	
2.68799	8.32092	
2.68677	8.32397	
2.68311	8.31573	
2.6947	8.30902	
2.69287	8.32001	
2.68921	8.32092	
2.68219	8.30566	
2.69684	8.31726	
2.70294	8.31116	
2.68494	8.31482	
2.68127	8.31665	
2.68768	8.3252	
2.68951	8.32458	
2.69897	8.31543	
2.69714	8.33893	
2.69623	8.33588	
2.6889	8.3197	
2.68616	8.32275	
2.69775	8.32062	
2.70691	8.31573	
2.69714	8.31329	
2.69714	8.3136	
2.69836	8.31787	
2.69196	8.30475	
2.68494	8.31573	
2.69714	8.31879	
2.69379	8.31787	
2.68738	8.3194	
2.68524	8.32764	
2.68524	8.32672	
2.67944	8.33069	
2.68829	8.32764	
2.68829	8.32733	
2.69104	8.3252	
2.69348	8.33405	
2.69775	8.33221	
2.69806	8.32275	
2.70844	8.3252	
2.69348	8.32947	
2.67975	8.32428	
2.68768	8.3136	
2.68982	8.31329	
2.69562	8.3136	
2.69836	8.31268	
2.69745	8.31268	
2.69806	8.29834	
2.7066	8.30841	
2.69897	8.31207	
2.69165	8.30688	
2.68738	8.30933	
2.68829	8.31085	
2.69989	8.31085	
2.69531	8.31116	
2.69806	8.32123	
2.68585	8.3078	
2.6825	8.31055	
2.69653	8.302	
2.69287	8.31726	
2.68677	8.32275	
2.69531	8.31757	
2.69379	8.32458	
2.69745	8.30627	
2.69531	8.32886	
2.69775	8.33313	
2.7063	8.33038	
2.69684	8.33344	
2.69501	8.33893	
2.69104	8.32092	
2.68677	8.33588	
2.68616	8.32703	
2.6947	8.31848	
2.69745	8.32245	
2.68951	8.32245	
2.68463	8.31787	
2.69348	8.30017	
2.69562	8.3252	
2.69287	8.33221	
2.69531	8.33374	
2.69775	8.32703	
2.6944	8.3255	
2.69409	8.33435	
2.69623	8.33191	
2.70172	8.32458	
2.69257	8.33588	
2.69958	8.32123	
2.69043	8.31604	
2.69928	8.32642	
2.69653	8.32367	
2.6889	8.31818	
2.68494	8.34198	
2.68372	8.32794	
2.68951	8.31848	
2.6886	8.33527	
2.69318	8.32306	
2.69501	8.32062	
2.68188	8.33435	
2.69287	8.33527	
2.69104	8.3252	
2.68707	8.33557	
2.68616	8.33984	
2.68677	8.34229	
2.69562	8.35144	
2.69012	8.3606	
2.68829	8.35999	
2.68158	8.35907	
2.69348	8.35083	
2.7002	8.33099	
2.6947	8.35022	
2.69531	8.35968	
2.6828	8.35236	
2.68585	8.34045	
2.68738	8.35602	
2.6947	8.3371	
2.68372	8.3371	
2.69135	8.34625	
2.69775	8.33252	
2.69958	8.33435	
2.69348	8.33344	
2.69775	8.35571	
2.69928	8.3374	
2.70294	8.3374	
2.69287	8.33649	
2.68097	8.34381	
2.6944	8.33984	
2.69775	8.33405	
2.6889	8.33923	
2.68982	8.33618	
2.68646	8.32245	
2.68738	8.32001	
2.69684	8.34076	
2.69928	8.34656	
2.70752	8.35266	
2.69409	8.33344	
2.69928	8.33588	
2.69989	8.3493	
2.69257	8.33801	
2.69196	8.35236	
2.68463	8.35144	
2.68585	8.34625	
2.69012	8.3606	
2.68219	8.34503	
2.68829	8.35907	
2.69501	8.34839	
2.6947	8.3606	
2.69684	8.33923	
2.69714	8.33862	
2.69806	8.35663	
2.70599	8.35754	
2.69379	8.33557	
2.69806	8.34259	
2.69897	8.3432	
2.69531	8.34076	
2.68799	8.33679	
2.68982	8.35297	
2.68311	8.36731	
2.69531	8.36945	
2.69623	8.349	
2.69897	8.34961	
2.69623	8.35999	
2.69836	8.36029	
2.69836	8.35114	
2.69623	8.33893	
2.69958	8.3432	
2.70111	8.35297	
2.68982	8.34717	
2.70081	8.33893	
2.69836	8.36731	
2.69775	8.3609	
2.69775	8.34991	
2.69775	8.35571	
2.70203	8.34991	
2.6944	8.36639	
2.69745	8.35693	
2.69806	8.36395	
2.69562	8.35327	
2.68616	8.367	
2.69226	8.35785	
2.69745	8.37372	
2.70111	8.34961	
2.70355	8.35052	
2.68707	8.36182	
2.68097	8.33862	
2.6944	8.34961	
2.69928	8.35205	
2.69867	8.35358	
2.69714	8.33527	
2.68829	8.34656	
2.69409	8.33496	
2.68982	8.33191	
2.69196	8.33069	
2.70233	8.3432	
2.68738	8.34503	
2.69073	8.33466	
2.68768	8.33527	
2.68738	8.34534	
2.69501	8.3429	
2.68951	8.35754	
2.68921	8.34717	
2.69684	8.32703	
2.69531	8.34167	
2.69379	8.33862	
2.6886	8.3371	
2.69165	8.33801	
2.70081	8.33069	
2.69714	8.3493	
2.69226	8.34869	
2.69257	8.35266	
2.69592	8.35052	
2.69287	8.34167	
2.68799	8.34564	
2.69501	8.34595	
2.6944	8.33984	
2.68677	8.32825	
2.70111	8.33527	
2.69531	8.349	
2.68768	8.32855	
2.68341	8.32367	
2.69073	8.33344	
2.6889	8.34076	
2.68433	8.33832	
2.68066	8.33435	
2.68829	8.33832	
2.6947	8.35236	
2.7002	8.3493	
2.68982	8.3548	
2.69226	8.35358	
2.68433	8.34595	
2.6767	8.35541	
2.68982	8.35754	
2.69714	8.35815	
2.69287	8.367	
2.69165	8.37769	
2.69104	8.3548	
2.69714	8.37311	
2.68494	8.34412	
2.6889	8.35815	
2.69592	8.34839	
2.69867	8.36731	
2.69653	8.34839	
2.69104	8.34991	
2.69836	8.35785	
2.69196	8.37372	
2.69653	8.37738	
2.68524	8.3725	
2.68768	8.36914	
2.68585	8.3728	
2.68951	8.37402	
2.69073	8.36426	
2.69348	8.36395	
2.69043	8.35388	
2.68799	8.36456	
2.69775	8.34595	
2.69287	8.36945	
2.68585	8.35815	
2.68951	8.36029	
2.68524	8.34808	
2.68982	8.35754	
2.67822	8.35297	
2.68127	8.35205	
2.69135	8.35632	
2.68799	8.3548	
2.69257	8.36182	
2.69165	8.3548	
2.6886	8.34961	
2.68341	8.35205	
2.68158	8.35602	
2.6944	8.33191	
2.69226	8.34351	
2.68707	8.35876	
2.68616	8.32397	
2.69012	8.32703	
2.68433	8.34229	
2.69623	8.33679	
2.68005	8.34045	
2.68616	8.32642	
2.5885	8.33862	
2.68799	8.3429	
2.69104	8.34503	
2.69165	8.33893	
2.70111	8.33405	
2.68677	8.33252	
2.68616	8.34229	
2.68341	8.34869	
2.70813	8.34625	
2.6889	8.33099	
2.69928	8.32947	
2.69806	8.33893	
2.6947	8.34076	
2.7002	8.35846	
2.69958	8.33801	
2.70233	8.33221	
2.69409	8.3432	
2.70081	8.35175	
2.71423	8.34625	
2.70355	8.3429	
2.6944	8.33435	
2.69836	8.33984	
2.71973	8.34656	
2.58606	8.35083	
2.69714	8.34839	
2.69806	8.36456	
2.68616	8.34839	
2.68402	8.35785	
2.68768	8.36517	
2.68311	8.36212	
2.7005	8.35693	
2.69409	8.36945	
2.69928	8.3725	
2.68799	8.35571	
2.70752	8.35815	
2.69196	8.36121	
2.69257	8.36273	
2.6944	8.3432	
2.6828	8.35876	
2.6944	8.34503	
2.69928	8.35999	
2.71332	8.35968	
2.68646	8.36029	
2.72125	8.34717	
2.70081	8.36121	
2.70264	8.3609	
2.69867	8.35846	
2.69867	8.34625	
2.69867	8.35602	
2.69806	8.36273	
2.69287	8.36731	
2.69684	8.35754	
2.69592	8.33984	
2.6886	8.349	
2.69348	8.33984	
2.68005	8.34442	
2.68829	8.34625	
2.65076	8.35022	
2.69287	8.34473	
2.69196	8.35358	
2.69836	8.34045	
2.70203	8.34625	
2.70355	8.34503	
2.69226	8.33069	
2.70203	8.33496	
2.70203	8.35846	
2.69714	8.3313	
2.69867	8.33313	
2.68127	8.32916	
2.69318	8.3313	
2.68738	8.33038	
2.68738	8.33191	
2.68707	8.34106	
2.69104	8.34656	
2.70111	8.34167	
2.68555	8.33618	
2.67853	8.33618	
2.69043	8.34442	
2.69653	8.32916	
2.70569	8.33252	
2.69196	8.33557	
2.69745	8.34656	
2.69897	8.34015	
2.68707	8.33862	
2.73895	8.34229	
2.69196	8.33344	
2.69165	8.33282	
2.68341	8.33069	
2.69196	8.33801	
2.6236	8.33862	
2.73621	8.32764	
2.69562	8.33099	
2.69836	8.33496	
2.69379	8.33984	
2.68738	8.34076	
2.69196	8.34229	
2.69348	8.3374	
2.6709	8.34076	
2.57965	8.3432	
2.69104	8.34076	
2.70752	8.33557	
2.69073	8.33527	
2.69562	8.33496	
2.71088	8.32581	
2.69531	8.32825	
2.68921	8.34167	
2.68829	8.34961	
2.68921	8.34778	
2.68433	8.34351	
2.69012	8.3609	
2.69073	8.35358	
2.69104	8.35083	
2.69409	8.36029	
2.69531	8.34991	
2.69836	8.35968	
2.69684	8.35022	
2.69806	8.35144	
2.69714	8.33618	
2.69745	8.33069	
2.69806	8.33984	
2.69623	8.35144	
2.68951	8.34473	
2.68585	8.35388	
2.69806	8.36151	
2.69775	8.35876	
2.69623	8.33801	
2.69684	8.34442	
2.69287	8.34595	
2.69409	8.35175	
2.68707	8.35022	
2.68219	8.35052	
2.69806	8.36853	
2.70203	8.349	
2.70416	8.36029	
2.69745	8.35602	
2.68707	8.36456	
2.69775	8.36914	
2.6947	8.36853	
2.69653	8.37708	
2.69562	8.36304	
2.68494	8.36823	
2.68921	8.36243	
2.69196	8.36945	
2.68585	8.367	
2.68585	8.3609	
2.68921	8.3725	
2.6886	8.37616	
2.67273	8.35815	
2.69623	8.36121	
2.69196	8.35419	
2.69684	8.35938	
2.68921	8.35785	
2.70111	8.35266	
2.68677	8.35541	
2.68219	8.35968	
2.69745	8.36304	
2.69867	8.3606	
2.67944	8.35388	
2.68677	8.35449	
2.69287	8.35693	
2.68982	8.35846	
2.69653	8.35297	
2.69165	8.35144	
2.68921	8.3606	
2.67914	8.36578	
2.6889	8.367	
2.69653	8.37006	
2.69867	8.36578	
2.70081	8.36792	
2.7063	8.36548	
2.69867	8.36487	
2.69623	8.36029	
2.68951	8.34991	
2.69104	8.34991	
2.6944	8.36426	
2.6825	8.36548	
2.69714	8.36853	
2.69562	8.35846	
2.70538	8.36334	
2.69104	8.35968	
2.69897	8.36487	
2.69592	8.36578	
2.7005	8.35175	
2.71393	8.35724	
2.69348	8.35297	
2.68921	8.35358	
2.70142	8.33893	
2.70111	8.35999	
2.68738	8.34534	
2.70264	8.35022	
2.70447	8.36151	
2.69043	8.35144	
2.69104	8.349	
2.68738	8.34869	
2.69043	8.35419	
2.71576	8.35358	
2.68768	8.35632	
2.68555	8.36151	
2.69379	8.35693	
2.68829	8.35785	
2.69287	8.36761	
2.69745	8.35693	
2.70813	8.35602	
2.69623	8.35541	
2.69684	8.35236	
2.68738	8.35052	
2.69104	8.35449	
2.69531	8.35724	
2.70569	8.35815	
2.67975	8.36914	
2.68982	8.35938	
2.69135	8.36517	
2.69592	8.33374	
2.70264	8.34076	
2.70935	8.34259	
2.70325	8.3493	
2.69958	8.35785	
2.68768	8.35114	
2.68219	8.35724	
2.69348	8.36151	
2.68311	8.35388	
2.69684	8.349	
2.70355	8.35236	
2.69318	8.36517	
2.7066	8.35175	
2.69653	8.35083	
2.6886	8.35815	
2.69501	8.35358	
2.69348	8.35693	
2.69135	8.3432	
2.69043	8.35541	
2.67975	8.34351	
2.69318	8.3609	
2.69745	8.3728	
2.69867	8.35724	
2.70111	8.35693	
2.69257	8.35358	
2.68433	8.35571	
2.69073	8.35114	
2.68463	8.33679	
2.6944	8.33374	
2.6944	8.35541	
2.69318	8.36121	
2.69653	8.34808	
2.70111	8.33557	
2.69897	8.33344	
2.6944	8.32611	
2.69104	8.32581	
2.68524	8.31665	
2.69714	8.32764	
2.68677	8.3197	
2.69073	8.32947	
2.6889	8.35083	
2.69745	8.34381	
2.69196	8.34869	
2.68158	8.33923	
2.68768	8.32581	
2.69257	8.34137	
2.69165	8.32397	
2.70691	8.33435	
2.70508	8.34229	
2.68982	8.33862	
2.7002	8.32642	
2.70416	8.33527	
2.69684	8.33466	
2.69897	8.32855	
2.69196	8.33649	
2.68433	8.33069	
2.69348	8.3313	
2.7005	8.3255	
2.70294	8.3197	
2.70172	8.33435	
2.69379	8.3371	
2.70203	8.34137	
2.68585	8.32672	
2.69287	8.32764	
2.68677	8.32642	
2.69012	8.33099	
2.69806	8.33344	
2.70569	8.32458	
2.69073	8.32886	
2.69501	8.33344	
2.69348	8.33008	
2.69958	8.33435	
2.68951	8.32611	
2.69531	8.32825	
2.69135	8.32825	
2.68829	8.32153	
2.69226	8.35052	
2.69836	8.32886	
2.7002	8.33771	
2.70172	8.35083	
2.69287	8.33832	
2.69989	8.32947	
2.69043	8.33862	
2.68646	8.34595	
2.69379	8.3432	
2.69928	8.34625	
2.69836	8.32214	
2.69806	8.3429	
2.69836	8.34412	
2.68677	8.32611	
2.69623	8.32764	
2.70142	8.33099	
2.6889	8.32214	
2.68982	8.33008	
2.68677	8.33069	
2.69653	8.33405	
2.68585	8.31818	
2.68768	8.32825	
2.69043	8.34351	
2.69745	8.34015	
2.69775	8.34564	
2.69165	8.32703	
2.68921	8.3316	
2.68311	8.32947	
2.6886	8.32916	
2.69043	8.32642	
2.6944	8.33405	
2.69714	8.34076	
2.70782	8.33649	
2.69226	8.33557	
2.69226	8.3316	
2.6889	8.33862	
2.69135	8.3313	
2.68677	8.32794	
2.68951	8.32886	
2.68738	8.33008	
2.68738	8.32886	
2.68829	8.34595	
2.69867	8.34015	
2.70203	8.33984	
2.70233	8.33099	
2.6889	8.35663	
2.68921	8.33282	
2.68799	8.3313	
2.68982	8.32336	
2.70142	8.32977	
2.69928	8.33313	
2.69958	8.33923	
2.6947	8.34259	
2.69226	8.33923	
2.68829	8.33984	
2.69257	8.34717	
2.69501	8.33801	
2.69867	8.34625	
2.69867	8.35052	
2.7002	8.33923	
2.69745	8.34595	
2.70233	8.35297	
2.69623	8.3551	
2.70203	8.32825	
2.69745	8.34045	
2.7005	8.33862	
2.68829	8.33099	
2.69562	8.33649	
2.68799	8.33771	
2.68982	8.33282	
2.68768	8.32825	
2.68707	8.33435	
2.68951	8.3313	
2.68738	8.35022	
2.69165	8.33801	
2.7005	8.33099	
2.68829	8.33466	
2.68494	8.32855	
2.68677	8.33557	
2.69836	8.34351	
2.69928	8.35144	
2.7002	8.34473	
2.69287	8.34595	
2.68616	8.34412	
2.68799	8.33588	
2.68433	8.32672	
2.70111	8.32245	
2.69897	8.33984	
2.69592	8.33344	
2.69897	8.33618	
2.68982	8.34473	
2.68951	8.3316	
2.69012	8.33252	
2.69928	8.33313	
2.69653	8.33282	
2.68646	8.34076	
2.68829	8.33496	
2.69318	8.34167	
2.69958	8.35144	
2.69836	8.33832	
2.69318	8.33405	
2.68921	8.3374	
2.69104	8.3313	
2.69684	8.32397	
2.69653	8.33679	
2.69806	8.33099	
2.6886	8.33496	
2.6886	8.33282	
2.69653	8.33679	
2.7002	8.33557	
2.6825	8.34015	
2.69775	8.34442	
2.69897	8.33313	
2.68921	8.33252	
2.69043	8.33344	
2.68982	8.33923	
2.69958	8.32855	
2.69592	8.33466	
2.69409	8.32397	
2.69806	8.3371	
2.68463	8.33496	
2.69104	8.33344	
2.69867	8.33374	
2.69196	8.34686	
2.68463	8.34229	
2.68097	8.32703	
2.69745	8.32275	
2.69348	8.33008	
2.6947	8.33344	
2.70233	8.32458	
2.68494	8.32336	
2.69318	8.33344	
2.69562	8.33801	
2.69562	8.34747	
2.7002	8.33527	
2.69135	8.3374	
2.69104	8.32733	
2.69226	8.31207	
2.69531	8.30475	
2.7002	8.32367	
2.6767	8.32367	
2.69043	8.32672	
2.69043	8.31512	
2.69012	8.30994	
2.69257	8.31268	
2.72003	8.3194	
2.70721	8.31543	
2.69226	8.32428	
2.68707	8.33588	
2.69287	8.33496	
2.70325	8.3429	
2.68829	8.33374	
2.68982	8.35144	
2.69714	8.33771	
2.70416	8.33252	
2.70782	8.33618	
2.69623	8.32428	
2.69623	8.33618	
2.68768	8.34076	
2.68585	8.33221	
2.69287	8.32214	
2.69623	8.34015	
2.69653	8.31909	
2.68921	8.31848	
2.6889	8.3432	
2.69501	8.33008	
2.69684	8.32825	
2.69806	8.31604	
2.68738	8.32306	
2.6947	8.32336	
2.70844	8.31909	
2.69135	8.32428	
2.69165	8.32275	
2.7005	8.33374	
2.70172	8.32733	
2.69012	8.33282	
2.67456	8.31268	
2.69806	8.31879	
2.69958	8.32764	
2.69989	8.32825	
2.69867	8.30933	
2.69348	8.33435	
2.69226	8.31848	
2.69806	8.31482	
2.69867	8.31818	
2.70172	8.31818	
2.69226	8.33893	
2.68921	8.33557	
2.69165	8.32581	
2.69012	8.34778	
2.71118	8.33649	
2.70325	8.33801	
2.70264	8.32855	
2.70172	8.34106	
2.69318	8.32184	
2.70081	8.33435	
2.69318	8.31726	
2.6828	8.33496	
2.69562	8.32611	
2.69409	8.34686	
2.68982	8.35022	
2.68768	8.34656	
2.69958	8.33191	
2.69653	8.35083	
2.68829	8.34869	
2.71027	8.34259	
2.69745	8.35022	
2.70264	8.3429	
2.6889	8.34534	
2.68677	8.33374	
2.69836	8.33527	
2.69562	8.33557	
2.69287	8.34045	
2.68799	8.34503	
2.69531	8.35114	
2.70691	8.32794	
2.69104	8.34717	
2.69135	8.33771	
2.6886	8.34137	
2.69684	8.35388	
2.71088	8.34961	
2.69531	8.34991	
2.69562	8.34045	
2.68677	8.33832	
2.69684	8.33954	
2.70447	8.34991	
2.69958	8.34351	
2.70172	8.3551	
2.69196	8.34473	
2.69043	8.33191	
2.70569	8.349	
2.69714	8.33923	
2.69073	8.33221	
2.69379	8.31909	
2.69135	8.3371	
2.69226	8.34991	
2.69012	8.33099	
2.69501	8.34503	
2.70081	8.34015	
2.69196	8.35327	
2.69196	8.35175	
2.69012	8.33679	
2.69745	8.34259	
2.70264	8.33435	
2.69531	8.33466	
2.68616	8.32336	
2.69409	8.34595	
2.7005	8.34351	
2.69104	8.33221	
2.68738	8.33466	
2.70538	8.34045	
2.6944	8.32855	
2.6944	8.34808	
2.68646	8.34076	
2.69104	8.32275	
2.69165	8.32947	
2.68646	8.31726	
2.7005	8.33008	
2.69287	8.34503	
2.69684	8.32642	
2.69501	8.33954	
2.69928	8.33893	
2.69745	8.33557	
2.68951	8.33862	
2.69318	8.33984	
2.70447	8.34015	
2.69836	8.33038	
2.69257	8.33618	
2.69531	8.33557	
2.69653	8.33038	
2.68463	8.34656	
2.69287	8.32123	
2.69653	8.3255	
2.69623	8.32855	
2.69379	8.32489	
2.70966	8.32886	
2.6944	8.33832	
2.69409	8.32123	
2.68921	8.33862	
2.69379	8.33862	
2.71332	8.34137	
2.69348	8.33923	
2.69073	8.32123	
2.69989	8.33038	
2.69989	8.34045	
2.69104	8.32886	
2.69196	8.33801	
2.70203	8.34045	
2.69379	8.33923	
2.6886	8.33008	
2.69775	8.33038	
2.69806	8.32764	
2.69043	8.31299	
2.70172	8.32428	
2.69562	8.32672	
2.69806	8.31848	
2.68555	8.33191	
2.69562	8.33679	
2.71057	8.33588	
2.69653	8.31818	
2.69379	8.31848	
2.7005	8.32397	
2.70508	8.32458	
2.68005	8.32764	
2.69745	8.32062	
2.69806	8.32764	
2.69592	8.33496	
2.69836	8.32581	
2.68127	8.32062	
2.69592	8.33069	
2.69165	8.32977	
2.70386	8.32764	
2.69043	8.33069	
2.70294	8.33771	
2.69562	8.3429	
2.68951	8.33374	
2.70691	8.35297	
2.68829	8.34778	
2.7002	8.34961	
2.69348	8.35663	
2.68799	8.34473	
2.68555	8.34778	
2.69745	8.35144	
2.6944	8.33496	
2.69684	8.32916	
2.69928	8.34167	
2.6947	8.33832	
2.68738	8.34686	
2.69714	8.34015	
2.68616	8.34808	
2.69379	8.35754	
2.69592	8.34839	
2.69867	8.34259	
2.69135	8.34595	
2.70111	8.34625	
2.69012	8.35083	
2.68677	8.3429	
2.70538	8.35297	
2.69287	8.3429	
2.69104	8.34351	
2.68768	8.32184	
2.70142	8.33008	
2.68738	8.33221	
2.69379	8.33771	
2.69897	8.34167	
2.69165	8.34198	
2.69958	8.35541	
2.69409	8.33862	
2.69257	8.34076	
2.68524	8.33588	
2.70111	8.33191	
2.69562	8.33771	
2.6947	8.33893	
2.69714	8.33527	
2.70264	8.33801	
2.68433	8.34717	
2.69257	8.34503	
2.70233	8.33984	
2.68982	8.3316	
2.69073	8.32092	
2.69623	8.3197	
2.7002	8.32855	
2.69684	8.33221	
2.69287	8.33221	
2.69836	8.3371	
2.7005	8.33984	
2.68524	8.33801	
2.69745	8.33221	
2.69196	8.34106	
2.69135	8.32855	
2.69104	8.32458	
2.69836	8.33618	
2.69562	8.32794	
2.68524	8.30994	
2.69531	8.33099	
2.69867	8.33374	
2.68921	8.31177	
2.69012	8.32245	
2.70264	8.32092	
2.69348	8.32489	
2.69135	8.33221	
2.70294	8.32886	
2.69257	8.34015	
2.69318	8.33618	
2.69989	8.34778	
2.69836	8.3374	
2.68036	8.33099	
2.69958	8.33344	
2.7005	8.33801	
2.69196	8.33191	
2.69287	8.32123	
2.69287	8.3194	
2.6944	8.30322	
2.70355	8.31787	
2.69348	8.34076	
2.68524	8.34717	
2.69257	8.32916	
2.69562	8.3374	
2.68829	8.32916	
2.69348	8.3255	
2.69073	8.33557	
2.69318	8.33618	
2.69928	8.33466	
2.6944	8.33771	
2.69531	8.32794	
2.69257	8.33405	
2.69287	8.33954	
2.69501	8.33771	
2.69562	8.33862	
2.69257	8.34595	
2.69958	8.34717	
2.69562	8.34473	
2.69897	8.34686	
2.69562	8.34991	
2.7002	8.33801	
2.69531	8.32062	
2.68646	8.34015	
2.69653	8.35907	
2.70782	8.33405	
2.6886	8.3374	
2.70111	8.34351	
2.6889	8.33984	
2.68982	8.32855	
2.69775	8.33679	
2.69287	8.33038	
2.7005	8.32977	
2.68738	8.34839	
2.68982	8.33893	
2.70172	8.35297	
2.69165	8.32672	
2.69348	8.33282	
2.69379	8.33801	
2.69226	8.3374	
2.69836	8.32642	
2.68341	8.33984	
2.70203	8.32184	
2.69501	8.33893	
2.70264	8.33984	
2.69196	8.33801	
2.6944	8.33466	
2.69653	8.33801	
2.70172	8.33557	
2.68188	8.34686	
2.69836	8.32855	
2.69501	8.34167	
2.68799	8.32642	
2.69684	8.33405	
2.69135	8.33862	
2.68494	8.32336	
2.69714	8.33038	
2.70355	8.33862	
2.68799	8.3252	
2.69409	8.3139	
2.70142	8.32672	
2.69806	8.33313	
2.68311	8.32642	
2.6944	8.34137	
2.69867	8.34259	
2.69104	8.34076	
2.69318	8.34076	
2.69196	8.34595	
2.69012	8.3432	
2.70355	8.34015	
2.68555	8.33588	
2.69684	8.34595	
2.69562	8.33832	
2.68097	8.349	
2.69745	8.34778	
2.69104	8.34656	
2.69836	8.35297	
2.68982	8.33008	
2.68341	8.3432	
2.7002	8.33954	
2.68738	8.34137	
2.68829	8.3255	
2.7002	8.33893	
2.69348	8.31818	
2.70477	8.33832	
2.69714	8.33435	
2.70386	8.34015	
2.68372	8.33435	
2.69653	8.34656	
2.69379	8.34015	
2.68829	8.33771	
2.7063	8.33588	
2.68585	8.34595	
2.70813	8.33649	
2.70172	8.3316	
2.68433	8.3197	
2.70081	8.33862	
2.69043	8.33069	
2.69653	8.33496	
2.70477	8.34564	
2.68585	8.3255	
2.70294	8.3316	
2.70142	8.32672	
2.68951	8.34839	
2.69135	8.32947	
2.7002	8.31238	
2.68707	8.33771	
2.69958	8.33984	
2.6825	8.32855	
2.7002	8.31146	
2.68219	8.31635	
2.69073	8.32581	
2.70691	8.31451	
2.68982	8.32916	
2.69531	8.32611	
2.70294	8.32581	
2.68524	8.31909	
2.69257	8.31543	
2.70203	8.33191	
2.70935	8.34137	
2.69958	8.32977	
2.69531	8.3252	
2.69226	8.33099	
2.68677	8.33313	
2.69958	8.34015	
2.71088	8.3371	
2.68646	8.33618	
2.70599	8.32489	
2.69379	8.34167	
2.70599	8.33466	
2.69073	8.33984	
2.68951	8.33862	
2.70142	8.34564	
2.68982	8.3371	
2.69897	8.34869	
2.70905	8.34808	
2.69196	8.3429	
2.70172	8.32916	
2.69684	8.32336	
2.69165	8.33832	
2.69836	8.34229	
2.68829	8.33527	
2.69897	8.33618	
2.69531	8.34229	
2.69348	8.34351	
2.69897	8.35175	
2.68585	8.34167	
2.69348	8.33313	
2.6947	8.34473	
2.6886	8.3371	
2.70111	8.35022	
2.68616	8.33954	
2.69958	8.33313	
2.6886	8.32947	
2.70996	8.33191	
2.69348	8.33832	
2.69409	8.34137	
2.69623	8.33832	
2.69531	8.33832	
2.69745	8.34625	
2.69287	8.33984	
2.70355	8.3429	
2.70172	8.35907	
2.68524	8.34869	
2.69714	8.35907	
2.69501	8.36212	
2.69806	8.36243	
2.69836	8.35724	
2.69958	8.3429	
2.68951	8.34595	
2.68372	8.33313	
2.69806	8.33862	
2.68433	8.32794	
2.70996	8.34198	
2.69409	8.34747	
2.69592	8.35266	
2.68921	8.34442	
2.69806	8.33527	
2.7002	8.34167	
2.69104	8.36029	
2.69806	8.35785	
2.6828	8.35754	
2.70142	8.34381	
2.70111	8.3548	
2.68616	8.34747	
2.70203	8.34381	
2.70142	8.3429	
2.68921	8.33679	
2.69714	8.32886	
2.68127	8.32764	
2.69897	8.32367	
2.69073	8.32733	
2.71393	8.33221	
2.69684	8.32977	
2.69653	8.3316	
2.68799	8.33527	
2.69196	8.34442	
2.69348	8.35052	
2.70477	8.33649	
2.69806	8.34137	
2.70233	8.33038	
2.69745	8.3316	
2.69257	8.3374	
2.70905	8.33984	
2.69135	8.34167	
2.69379	8.33252	
2.69318	8.33191	
2.69165	8.33893	
2.70172	8.34808	
2.67914	8.33405	
2.70721	8.32031	
2.68768	8.33221	
2.69806	8.33191	
2.69318	8.32611	
2.69012	8.33038	
2.68799	8.33954	
2.70264	8.33221	
2.69684	8.33557	
2.69135	8.34991	
2.69897	8.3316	
2.69226	8.33313	
2.7005	8.31207	
2.70264	8.34167	
2.6944	8.33282	
2.7005	8.32062	
2.6889	8.31757	
2.69867	8.33496	
2.7005	8.32825	
2.69073	8.32611	
2.68921	8.33038	
2.71423	8.33038	
2.69287	8.33191	
2.70081	8.31085	
2.7066	8.3313	
2.6947	8.32092	
2.69806	8.32947	
2.69714	8.33038	
2.69836	8.33069	
2.69928	8.31909	
2.69257	8.31665	
2.69775	8.32489	
2.69653	8.32367	
2.69165	8.33191	
2.69287	8.33801	
2.68219	8.33862	
2.69531	8.34167	
2.69714	8.34351	
2.6825	8.33618	
2.69135	8.33008	
2.70691	8.33344	
2.69257	8.33923	
2.6944	8.34442	
2.69165	8.32184	
2.69867	8.33221	
2.69836	8.33435	
2.71423	8.32611	
2.69348	8.35175	
2.70416	8.35114	
2.70142	8.35297	
2.69165	8.35297	
2.71027	8.33374	
2.69135	8.33344	
2.68768	8.34198	
2.70233	8.32397	
2.68982	8.33099	
2.69653	8.3313	
2.69073	8.33374	
2.69592	8.32672	
2.68555	8.33008	
2.70264	8.33832	
2.68677	8.32672	
2.69745	8.33588	
2.68555	8.32855	
2.69196	8.33801	
2.69897	8.35052	
2.69379	8.33984	
2.70691	8.32703	
2.68738	8.34076	
2.71179	8.34778	
2.69806	8.35602	
2.69592	8.33649	
2.70844	8.33221	
2.68707	8.33679	
2.72156	8.34229	
2.69287	8.33466	
2.69653	8.33618	
2.71362	8.33435	
2.69623	8.33435	
2.69745	8.32031	
2.69165	8.33618	
2.70142	8.34839	
2.68951	8.33679	
2.69775	8.34442	
2.68768	8.33496	
2.7002	8.33618	
2.68616	8.34961	
2.69409	8.34869	
2.67487	8.35724	
2.70294	8.34869	
2.69379	8.35358	
2.69257	8.34808	
2.69623	8.3371	
2.69409	8.35205	
2.70325	8.34747	
2.68829	8.3551	
2.6944	8.37219	
2.70569	8.36121	
2.7002	8.36884	
2.6947	8.3609	
2.69562	8.36639	
2.69958	8.34045	
2.68616	8.35205	
2.69714	8.36304	
2.69897	8.36304	
2.70264	8.349	
2.68616	8.35327	
2.69714	8.35266	
2.68341	8.35144	
2.70111	8.34839	
2.69775	8.34625	
2.69104	8.36212	
2.69501	8.34991	
2.69287	8.35236	
2.69684	8.35846	
2.69653	8.35632	
2.69592	8.34686	
2.71027	8.35907	
2.6944	8.34503	
2.69775	8.35083	
2.68921	8.34869	
2.69775	8.35388	
2.68829	8.35144	
2.69775	8.34778	
2.69196	8.35266	
2.69196	8.34351	
2.7005	8.36304	
2.69836	8.35022	
2.69653	8.33466	
2.69836	8.34839	
2.69379	8.35388	
2.70203	8.35571	
2.68982	8.35205	
2.69562	8.34442	
2.65656	8.35815	
2.69562	8.3548	
2.70294	8.35236	
2.69012	8.34747	
2.69562	8.35846	
2.68799	8.34564	
2.67944	8.34351	
2.69745	8.34686	
2.69592	8.33679	
2.6886	8.33466	
2.70294	8.33374	
2.69653	8.32458	
2.70386	8.34198	
2.69684	8.33832	
2.70142	8.34503	
2.70416	8.34198	
2.68494	8.33862	
2.69348	8.34625	
2.70203	8.3429	
2.70416	8.34137	
2.69745	8.33435	
2.68585	8.34991	
2.70111	8.33191	
2.68616	8.34167	
2.69775	8.34198	
2.69623	8.34351	
2.6889	8.34961	
2.69135	8.33923	
2.69928	8.34259	
2.69775	8.33374	
2.69318	8.3316	
2.69501	8.34045	
2.6944	8.33008	
2.69348	8.35693	
2.69226	8.33405	
2.6944	8.34045	
2.70111	8.34045	
2.68646	8.32184	
2.69562	8.33862	
2.69531	8.34869	
2.70874	8.34015	
2.69257	8.33893	
2.69318	8.32794	
2.70203	8.34412	
2.68677	8.34808	
2.6889	8.33374	
2.70172	8.33984	
2.7005	8.33496	
2.69745	8.34991	
2.7002	8.33557	
2.68829	8.33984	
2.71027	8.35236	
2.68921	8.35938	
2.69104	8.34595	
2.7002	8.3609	
2.68951	8.35205	
2.70508	8.37372	
2.6944	8.35388	
2.70355	8.35815	
2.68494	8.35632	
2.69287	8.37616	
2.69073	8.35846	
2.69653	8.34747	
2.70233	8.35541	
2.68616	8.34778	
2.70203	8.36151	
2.68982	8.35175	
2.69775	8.34747	
2.69714	8.35236	
2.69501	8.35052	
2.6947	8.35419	
2.69806	8.34106	
2.69623	8.35144	
2.69836	8.34686	
2.6889	8.3374	
2.69836	8.33984	
2.677	8.35114	
2.70233	8.349	
2.6886	8.34961	
2.70447	8.34259	
2.69714	8.35144	
2.69775	8.3609	
2.7124	8.34351	
2.67853	8.3374	
2.70569	8.33191	
2.68951	8.3374	
2.68921	8.34229	
2.69409	8.3371	
2.69745	8.35205	
2.70142	8.35388	
2.68951	8.33954	
2.69623	8.33801	
2.69836	8.34137	
2.69318	8.34808	
2.69196	8.35114	
2.70142	8.3371	
2.69531	8.35052	
2.70233	8.367	
2.69623	8.36456	
2.69287	8.36792	
2.69196	8.35846	
2.7002	8.36121	
2.69196	8.36151	
2.69562	8.36578	
2.69562	8.36029	
2.69257	8.35571	
2.70264	8.367	
2.69684	8.35968	
2.69928	8.35999	
2.69196	8.36243	
2.70233	8.35632	
2.70172	8.35327	
2.69623	8.35876	
2.69562	8.36029	
2.69196	8.35144	
2.68829	8.37006	
2.69684	8.35754	
2.69592	8.33282	
2.70081	8.34778	
2.69165	8.34961	
2.69348	8.34747	
2.70233	8.36151	
2.69379	8.3551	
2.7063	8.34747	
2.69104	8.34717	
2.70172	8.349	
2.69196	8.34595	
2.69501	8.34839	
2.69104	8.34015	
2.69592	8.35815	
2.70691	8.33862	
2.69135	8.33679	
2.70355	8.35052	
2.68738	8.34808	
2.69318	8.35205	
2.70233	8.34808	
2.6944	8.36273	
2.7124	8.34442	
2.69226	8.34595	
2.70294	8.34747	
2.67639	8.35083	
2.69318	8.36731	
2.70264	8.34503	
2.71362	8.34442	
2.6889	8.34991	
2.69379	8.3432	
2.69012	8.31299	
2.70081	8.33313	
2.69043	8.33344	
2.69562	8.33771	
2.68829	8.33893	
2.69287	8.3548	
2.70172	8.33618	
2.69928	8.34229	
2.69318	8.33923	
2.70325	8.35541	
2.69104	8.33405	
2.70355	8.35175	
2.68829	8.34473	
2.70111	8.33832	
2.69379	8.33313	
2.69745	8.33984	
2.69348	8.3316	
2.70264	8.3548	
2.69073	8.32672	
2.70203	8.34473	
2.70142	8.34747	
2.69653	8.3371	
2.69958	8.34442	
2.70203	8.34534	
2.68951	8.33221	
2.70233	8.33527	
2.68616	8.34564	
2.69684	8.34442	
2.69196	8.33344	
2.70111	8.34106	
2.69135	8.34473	
2.70264	8.33313	
2.69379	8.3432	
2.69257	8.32947	
2.69958	8.33618	
2.69562	8.32642	
2.69836	8.31482	
2.69592	8.31482	
2.69409	8.31146	
2.69775	8.3252	
2.69409	8.33069	
2.70111	8.32642	
2.69165	8.30841	
2.70172	8.30841	
2.68829	8.32825	
2.7005	8.31238	
2.68829	8.3197	
2.69318	8.32123	
2.69684	8.31726	
2.68677	8.32184	
2.69836	8.32764	
2.69531	8.33649	
2.6944	8.32214	
2.7002	8.33984	
2.68829	8.33588	
2.71545	8.34167	
2.69135	8.35052	
2.69989	8.35083	
2.70935	8.33923	
2.68982	8.34412	
2.70172	8.34167	
2.70538	8.32764	
2.69012	8.33344	
2.69745	8.33618	
2.71057	8.33008	
2.69104	8.34991	
2.70203	8.33649	
2.7066	8.34351	
2.69531	8.34961	
2.70111	8.34381	
2.70203	8.33069	
2.69318	8.32306	
2.70111	8.3313	
2.69684	8.32306	
2.69318	8.32367	
2.70172	8.32092	
2.69714	8.31573	
2.69348	8.33405	
2.69775	8.31482	
2.70142	8.33679	
2.69073	8.31635	
2.69897	8.33038	
2.70294	8.31573	
2.69165	8.33405	
2.69989	8.34045	
2.70538	8.33069	
2.6944	8.32703	
2.70081	8.32825	
2.69531	8.33954	
2.69287	8.32184	
2.69958	8.30231	
2.69196	8.31573	
2.69653	8.30658	
2.69897	8.31329	
2.69867	8.30048	
2.69592	8.31421	
2.70416	8.31909	
2.6947	8.30566	
2.69745	8.30536	
2.69318	8.32031	
2.69135	8.32123	
2.69684	8.32031	
2.7005	8.32764	
2.69287	8.31085	
2.69745	8.30444	
2.70264	8.29926	
2.69318	8.30811	
2.69623	8.31604	
2.69928	8.31299	
2.69135	8.30719	
2.69226	8.31757	
2.69592	8.29529	
2.68768	8.3075	
2.70142	8.31604	
2.69897	8.3197	
2.70386	8.31329	
2.69989	8.31818	
2.70294	8.32489	
2.7002	8.32825	
2.69989	8.32062	
2.69745	8.32123	
2.69073	8.33923	
2.69958	8.31696	
2.6944	8.32367	
2.69196	8.31329	
2.70294	8.31329	
2.69348	8.32184	
2.69531	8.3197	
2.69745	8.3194	
2.69287	8.32611	
2.69836	8.33679	
2.69745	8.32397	
2.69318	8.32581	
2.69775	8.30505	
2.69897	8.31573	
2.69501	8.32306	
2.69196	8.3252	
2.69379	8.31787	
2.69318	8.31268	
2.69409	8.32153	
2.69165	8.32031	
2.70325	8.31787	
2.69653	8.32245	
2.69531	8.32275	
2.69806	8.32703	
2.69867	8.32855	
2.69104	8.3136	
2.69653	8.31207	
2.70233	8.30872	
2.69104	8.30872	
2.69501	8.30536	
2.69806	8.33221	
2.6947	8.30688	
2.69501	8.31879	
2.69257	8.32764	
2.69745	8.31421	
2.69989	8.31573	
2.69135	8.28888	
2.70233	8.30963	
2.69379	8.30536	
2.69043	8.32123	
2.69989	8.31818	
2.6944	8.32001	
2.70142	8.3197	
2.69257	8.3313	
2.68982	8.32764	
2.69928	8.33008	
2.69989	8.33832	
2.69867	8.32794	
2.69104	8.33893	
2.69043	8.33801	
2.70081	8.32367	
2.69562	8.33984	
2.69287	8.3429	
2.70142	8.32703	
2.70752	8.33557	
2.69623	8.32642	
2.69928	8.33588	
2.70721	8.34259	
2.69379	8.3374	
2.69653	8.32916	
2.70447	8.31909	
2.69379	8.32184	
2.70355	8.32184	
2.69165	8.32031	
2.70203	8.32336	
2.69562	8.32306	
2.69531	8.32794	
2.69989	8.33344	
2.69897	8.35175	
2.70386	8.34412	
2.69409	8.32764	
2.70538	8.32245	
2.70142	8.34351	
2.69379	8.33221	
2.70081	8.32703	
2.70721	8.33008	
2.7002	8.34473	
2.69104	8.32703	
2.6886	8.34015	
2.70172	8.32733	
2.70294	8.34015	
2.69226	8.3551	
2.68829	8.32947	
2.70538	8.33984	
2.68921	8.33313	
2.69043	8.34045	
2.69714	8.34198	
2.70355	8.33435	
2.7063	8.33374	
2.69104	8.34351	
2.6944	8.33008	
2.69104	8.32428	
2.69836	8.3374	
2.7002	8.33374	
2.69745	8.35266	
2.69684	8.32886	
2.69623	8.33252	
2.70905	8.32031	
2.70203	8.33344	
2.69257	8.30383	
2.70233	8.31573	
2.70508	8.31512	
2.69684	8.33435	
2.68616	8.31757	
2.69867	8.32275	
2.70386	8.31726	
2.68951	8.32397	
2.69897	8.33282	
2.70172	8.32886	
2.68768	8.31451	
2.69836	8.32275	
2.69806	8.31909	
2.68433	8.33405	
2.69775	8.33405	
2.6944	8.3432	
2.68555	8.33466	
2.70233	8.32947	
2.69684	8.33496	
2.68494	8.35388	
2.6944	8.33771	
2.70569	8.34595	
2.70111	8.33496	
2.69043	8.34381	
2.70447	8.34198	
2.70203	8.33221	
2.69135	8.33038	
2.70599	8.34595	
2.69287	8.34473	
2.69165	8.36212	
2.69287	8.36334	
2.7002	8.34869	
2.68951	8.3493	
2.70416	8.34656	
2.70325	8.35114	
2.6944	8.33191	
2.69379	8.34473	
2.69623	8.31635	
2.70355	8.31482	
2.69684	8.32489	
2.69531	8.31482	
2.70325	8.32825	
2.69165	8.33832	
2.69073	8.33405	
2.69867	8.31787	
2.69379	8.33252	
2.69318	8.32825	
2.69073	8.34167	
2.69257	8.34351	
2.69409	8.34747	
2.71179	8.3313	
2.69958	8.34625	
2.68982	8.33038	
2.71179	8.34717	
2.70233	8.35266	
2.69775	8.34473	
2.69318	8.32275	
2.69958	8.32703	
2.69348	8.33649	
2.68921	8.31482	
2.69196	8.34412	
2.70477	8.34076	
2.69073	8.32825	
2.69073	8.33832	
2.69135	8.35297	
2.69745	8.34137	
2.69897	8.34839	
2.70111	8.34595	
2.69348	8.34198	
2.69043	8.33435	
2.68646	8.34778	
2.69012	8.33923	
2.70355	8.349	
2.69775	8.3548	
2.6947	8.33923	
2.68768	8.34198	
2.6947	8.35602	
2.68768	8.33466	
2.69379	8.34351	
2.70416	8.33282	
2.70325	8.33679	
2.70233	8.3374	
2.69409	8.34656	
2.69684	8.35846	
2.69684	8.34167	
2.70782	8.34747	
2.69318	8.34351	
2.69653	8.35175	
2.68677	8.35785	
2.69409	8.34961	
2.70142	8.34564	
2.69745	8.35175	
2.69592	8.33618	
2.6889	8.32825	
2.6947	8.33008	
2.69928	8.33557	
2.69989	8.32825	
2.69928	8.34747	
2.71027	8.34381	
2.69623	8.33832	
2.70111	8.34015	
2.70874	8.33618	
2.69836	8.35266	
2.69714	8.34808	
2.70264	8.34473	
2.70355	8.34808	
2.69104	8.33344	
2.69165	8.34564	
2.69409	8.3374	
2.70264	8.35907	
2.69653	8.35541	
2.69714	8.3609	
2.70294	8.33923	
2.68738	8.35205	
2.69379	8.37097	
2.69135	8.35327	
2.6944	8.35327	
2.69684	8.34747	
2.69958	8.33984	
2.70569	8.35999	
2.70447	8.34778	
2.69714	8.34778	
2.69135	8.34259	
2.69012	8.34015	
2.69562	8.33557	
2.70569	8.35205	
2.70203	8.34503	
2.69684	8.35388	
2.69165	8.33618	
2.69562	8.3548	
2.70142	8.34503	
2.69806	8.349	
2.70294	8.34137	
2.69897	8.34991	
2.69287	8.36151	
2.70355	8.34686	
2.69653	8.35846	
2.69592	8.33923	
2.6944	8.37463	
2.71179	8.3606	
2.7063	8.35022	
2.69318	8.36426	
2.69806	8.35663	
2.69562	8.35083	
2.69287	8.36212	
2.70844	8.34564	
2.69714	8.35052	
2.69257	8.3606	
2.70264	8.33679	
2.70233	8.35815	
2.69287	8.36487	
2.69257	8.35999	
2.69043	8.36823	
2.69379	8.35938	
2.69653	8.36945	
2.6944	8.37646	
2.69836	8.36823	
2.70233	8.37128	
2.70416	8.35785	
2.70355	8.3783	
2.70172	8.36365	
2.69806	8.36639	
2.69806	8.36029	
2.68677	8.35175	
2.70111	8.35632	
2.70996	8.35144	
2.69379	8.34717	
2.69135	8.35327	
2.69043	8.36853	
2.69165	8.36853	
2.70172	8.35754	
2.69775	8.34503	
2.70325	8.35144	
2.70477	8.34747	
2.69623	8.36182	
2.68829	8.34564	
2.69409	8.35541	
2.70203	8.33679	
2.71515	8.35571	
2.70142	8.37189	
2.70355	8.3551	
2.68738	8.36456	
2.69531	8.36975	
2.68982	8.36761	
2.69836	8.36151	
2.70142	8.36334	
2.70172	8.35663	
2.69531	8.35724	
2.69165	8.34442	
2.69257	8.3551	
2.69775	8.33069	
2.69135	8.34595	
2.7005	8.34656	
2.69897	8.35693	
2.69775	8.35815	
2.70325	8.35938	
2.70325	8.36853	
2.70172	8.37921	
2.70813	8.37372	
2.69531	8.33923	
2.6944	8.35663	
2.68555	8.35236	
2.69653	8.36578	
2.70294	8.35938	
2.70081	8.36273	
2.6947	8.35144	
2.68921	8.35663	
2.69623	8.35785	
2.70172	8.36517	
2.70081	8.36334	
2.70355	8.35388	
2.71149	8.35449	
2.69775	8.36975	
2.69775	8.34473	
2.68616	8.35358	
2.69592	8.36304	
2.68982	8.36304	
2.69531	8.36212	
2.69836	8.35968	
2.69867	8.35632	
2.7002	8.35388	
2.69684	8.3548	
2.69287	8.36273	
2.68494	8.37799	
2.68768	8.36365	
2.69989	8.35266	
2.69653	8.35999	
2.69653	8.36212	
2.6947	8.36548	
2.70172	8.35327	
2.70294	8.34717	
2.71057	8.36609	
2.6944	8.35785	
2.68982	8.36212	
2.69775	8.36548	
2.70172	8.37036	
2.69989	8.36609	
2.7002	8.36212	
2.70233	8.3728	
2.69745	8.36029	
2.7005	8.35724	
2.69989	8.38074	
2.69348	8.36273	
2.69012	8.3609	
2.68372	8.36517	
2.69684	8.35266	
2.6889	8.35297	
2.69775	8.37463	
2.69104	8.36456	
2.69745	8.35938	
2.70294	8.34503	
2.70264	8.35327	
2.70325	8.35144	
2.70355	8.34381	
2.70233	8.35632	
2.69501	8.35083	
2.69104	8.36731	
2.69318	8.35327	
2.68768	8.36426	
2.69531	8.37555	
2.69165	8.36945	
2.68616	8.36365	
2.69135	8.35754	
2.70355	8.35297	
2.69806	8.36639	
2.68951	8.37189	
2.69623	8.36121	
2.69745	8.36304	
2.68738	8.36761	
2.69318	8.36456	
2.69653	8.38745	
2.69775	8.37219	
2.7063	8.36243	
2.70142	8.36426	
2.70447	8.3667	
2.70569	8.34869	
2.70111	8.35632	
2.69623	8.35083	
2.68402	8.3429	
2.69043	8.34991	
2.69714	8.35083	
2.69348	8.35724	
2.69104	8.35541	
2.69257	8.349	
2.70233	8.34015	
2.68707	8.35571	
2.69897	8.35327	
2.70111	8.36243	
2.69501	8.35175	
2.69653	8.35297	
2.69135	8.33801	
2.69348	8.34442	
2.68951	8.35022	
2.69348	8.35236	
2.69592	8.3548	
2.69073	8.35907	
2.6886	8.35815	
2.69714	8.3667	
2.69745	8.36182	
2.6889	8.34839	
2.69714	8.3255	
2.70294	8.34473	
2.70111	8.349	
2.69684	8.35785	
2.70203	8.35999	
2.70416	8.36456	
2.70111	8.37036	
2.70142	8.35968	
2.69226	8.36121	
2.69745	8.38043	
2.69318	8.38043	
2.69684	8.36456	
2.70142	8.38318	
2.70355	8.36121	
2.70142	8.35999	
2.69714	8.35602	
2.69928	8.37463	
2.70081	8.37372	
2.69714	8.35846	
2.70691	8.37341	
2.69501	8.36823	
2.69135	8.37616	
2.70355	8.35754	
2.69165	8.36487	
2.70294	8.37189	
2.69775	8.36304	
2.84882	8.3728	
2.70233	8.35388	
2.7005	8.3551	
2.68982	8.35114	
2.68768	8.35236	
2.6947	8.34717	
2.69989	8.3429	
2.69836	8.34137	
2.69043	8.35297	
2.68494	8.33832	
2.69135	8.35449	
2.69135	8.35724	
2.69257	8.35907	
2.69409	8.3606	
2.69623	8.34808	
2.70203	8.34808	
2.69806	8.34808	
2.69806	8.34167	
2.69409	8.35144	
2.70233	8.35052	
2.70172	8.35114	
2.69287	8.35663	
2.70905	8.35907	
2.69684	8.35663	
2.69318	8.3548	
2.70111	8.35602	
2.69623	8.35815	
2.69073	8.37189	
2.69745	8.36426	
2.69867	8.37219	
2.68433	8.36914	
2.68768	8.35114	
2.68768	8.34991	
2.69257	8.35022	
2.69257	8.34595	
2.69043	8.35358	
2.69714	8.34564	
2.69348	8.34839	
2.68829	8.34839	
2.70203	8.35785	
2.69196	8.35175	
2.69318	8.36731	
2.69745	8.35724	
2.69073	8.34412	
2.68738	8.35724	
2.69196	8.34625	
2.69409	8.35724	
2.69531	8.36609	
2.70813	8.35968	
2.70599	8.35114	
2.70294	8.35236	
2.70752	8.34625	
2.69989	8.35052	
2.70508	8.35297	
2.70355	8.35266	
2.71576	8.34503	
2.70416	8.34656	
2.70416	8.3432	
2.70691	8.35358	
2.69745	8.35175	
2.69745	8.35052	
2.70447	8.35358	
2.7124	8.34229	
2.70721	8.35022	
2.70599	8.35907	
2.70477	8.35938	
2.70538	8.36029	
2.69501	8.35968	
2.69958	8.35968	
2.7063	8.35571	
2.69836	8.35938	
2.69165	8.36273	
2.68341	8.34717	
2.69958	8.3609	
2.69958	8.36548	
2.70264	8.35815	
2.70569	8.35632	
2.70447	8.36334	
2.69745	8.36304	
2.70569	8.36395	
2.69928	8.35815	
2.69287	8.37219	
2.69867	8.36212	
2.69318	8.36731	
2.70081	8.35693	
2.70081	8.35602	
2.69836	8.37097	
2.7063	8.37372	
2.7005	8.37433	
2.69684	8.37646	
2.70752	8.36334	
2.69958	8.36334	
2.70386	8.3728	
2.69104	8.37952	
2.69897	8.35968	
2.6944	8.36487	
2.69043	8.38165	
2.68127	8.37708	
2.69104	8.37708	
2.69562	8.37006	
2.69348	8.37402	
2.69745	8.37494	
2.69165	8.37097	
2.70294	8.36578	
2.70386	8.35541	
2.70203	8.36334	
2.70172	8.36121	
2.70386	8.37982	
2.71271	8.36853	
2.69135	8.36761	
2.69745	8.36578	
2.69318	8.37555	
2.69287	8.37067	
2.69836	8.3609	
2.7005	8.37891	
2.68433	8.36426	
2.68951	8.36395	
2.69318	8.36975	
2.69623	8.36212	
2.70477	8.3786	
2.69409	8.37921	
2.70325	8.37341	
2.70538	8.35999	
2.70325	8.34656	
2.69165	8.37799	
2.69226	8.36609	
2.69806	8.37891	
2.7005	8.3728	
2.69775	8.3667	
2.69562	8.35999	
2.69897	8.35083	
2.70111	8.367	
2.69043	8.37311	
2.68951	8.3609	
2.69714	8.3725	
2.79572	8.36578	
2.69348	8.36487	
2.71942	8.36823	
2.70538	8.36914	
2.70203	8.36792	
2.74109	8.36456	
2.59705	8.37708	
2.69745	8.3783	
2.70294	8.37555	
2.68921	8.36853	
2.70325	8.38837	
2.70142	8.37646	
2.60376	8.38165	
2.70325	8.37433	
2.69897	8.38287	
2.70264	8.38257	
2.70203	8.36792	
2.7063	8.37708	
2.69348	8.37189	
2.69562	8.36426	
2.70111	8.3725	
2.70233	8.37585	
2.69501	8.36426	
2.69379	8.35419	
2.69836	8.37067	
2.70752	8.37067	
2.74231	8.37769	
2.68402	8.37555	
2.70081	8.38348	
2.69836	8.36639	
2.69775	8.36853	
2.68646	8.37982	
2.69592	8.37311	
2.70447	8.36945	
2.69806	8.37006	
2.68707	8.3728	
2.69287	8.37799	
2.69043	8.38318	
2.68341	8.38257	
2.70996	8.38654	
2.70294	8.37677	
2.7002	8.37952	
2.69623	8.37219	
2.69562	8.36884	
2.69257	8.36273	
2.68951	8.35724	
2.69287	8.36304	
2.69653	8.36273	
2.69287	8.37891	
2.69226	8.36975	
2.69135	8.37646	
2.69409	8.36334	
2.6944	8.37555	
2.69196	8.37799	
2.7063	8.37952	
2.70111	8.38806	
2.6947	8.3902	
2.69073	8.38928	
2.69989	8.3667	
2.7002	8.37677	
2.68921	8.36578	
2.69135	8.3783	
2.69714	8.37738	
2.69043	8.38257	
2.69989	8.37067	
2.69623	8.37708	
2.69836	8.36853	
2.70599	8.37494	
2.69867	8.37189	
2.70172	8.36731	
2.69958	8.37708	
2.69287	8.38043	
2.71027	8.36761	
2.7066	8.37341	
2.70538	8.36639	
2.70508	8.36975	
2.69623	8.36945	
2.68341	8.367	
2.69409	8.36975	
2.69714	8.37555	
2.70172	8.36426	
2.71179	8.34808	
2.69958	8.35449	
2.70416	8.34991	
2.69562	8.34137	
2.69379	8.349	
2.6889	8.34808	
2.69196	8.35663	
2.68768	8.35388	
2.69501	8.35419	
2.70111	8.36304	
2.69775	8.36212	
2.71149	8.36212	
2.70294	8.34656	
2.70233	8.35205	
2.69409	8.34778	
2.70172	8.36548	
2.69623	8.36731	
2.7002	8.35571	
2.70325	8.35785	
2.70813	8.3548	
2.70691	8.36548	
2.69562	8.35815	
2.69653	8.35266	
2.69348	8.35815	
2.69867	8.36029	
2.70874	8.35907	
2.70844	8.36243	
2.7063	8.34839	
2.69531	8.35785	
2.70477	8.3606	
2.69867	8.34808	
2.6944	8.35052	
2.69745	8.3548	
2.69836	8.36212	
2.69104	8.35602	
2.68372	8.36823	
2.7002	8.35114	
2.69501	8.35846	
2.69867	8.35571	
2.69867	8.35144	
2.69287	8.35388	
2.69135	8.34564	
2.68585	8.34991	
2.69226	8.34534	
2.69135	8.35083	
2.7005	8.3548	
2.71606	8.35846	
2.69775	8.35297	
2.69012	8.34961	
2.69501	8.36182	
2.69836	8.35693	
2.69775	8.36151	
2.70294	8.349	
2.6947	8.35785	
2.70813	8.35602	
2.70233	8.35114	
2.69928	8.3606	
2.71576	8.34869	
2.7002	8.3548	
2.7005	8.36212	
2.69958	8.36182	
2.70416	8.34869	
2.69348	8.34717	
2.7005	8.34625	
2.70538	8.34412	
2.70508	8.34625	
2.70294	8.3551	
2.69989	8.35236	
2.68738	8.34686	
2.69531	8.34717	
2.70233	8.35297	
2.69501	8.34015	
2.69592	8.34686	
2.69196	8.35358	
2.69623	8.3429	
2.70844	8.35663	
2.70477	8.34442	
2.70416	8.3667	
2.70508	8.36273	
2.69318	8.36823	
2.69684	8.36182	
2.69409	8.37006	
2.68463	8.35419	
2.69623	8.3548	
2.69623	8.35327	
2.69684	8.35083	
2.69745	8.34747	
2.69501	8.32642	
2.69623	8.3429	
2.69684	8.34076	
2.70172	8.34137	
2.69379	8.35663	
2.69257	8.34747	
2.68555	8.34625	
2.69318	8.35938	
2.69104	8.35419	
2.69836	8.36517	
2.7121	8.34625	
2.7066	8.33557	
2.70874	8.34625	
2.69226	8.36456	
2.69318	8.36395	
2.69867	8.35693	
2.70142	8.36151	
2.71271	8.35815	
2.70111	8.3609	
2.70203	8.35815	
2.69409	8.36304	
2.69135	8.35571	
2.69379	8.35236	
2.69196	8.35266	
2.69043	8.36151	
2.69257	8.35358	
2.68555	8.34808	
2.69501	8.3432	
2.70966	8.35968	
2.70447	8.3551	
2.69318	8.367	
2.69592	8.36609	
2.70569	8.36792	
2.69928	8.35785	
2.69318	8.36517	
2.69836	8.36639	
2.69897	8.35754	
2.68433	8.34595	
2.69318	8.36304	
2.69897	8.36304	
2.70416	8.35815	
2.70935	8.35602	
2.70325	8.37982	
2.70508	8.36487	
2.69348	8.36639	
2.69836	8.36945	
2.68555	8.36945	
2.69684	8.37097	
2.7005	8.3667	
2.70264	8.36243	
2.7121	8.36548	
2.70569	8.3667	
2.70111	8.34717	
2.70691	8.35144	
2.70447	8.35297	
2.70233	8.35632	
2.69196	8.35754	
2.68219	8.35846	
2.69684	8.36365	
2.68738	8.3606	
2.75909	8.36365	
2.70477	8.36761	
2.7121	8.35876	
2.70233	8.35419	
2.69562	8.35938	
2.69348	8.35663	
2.6947	8.35693	
2.73865	8.35938	
2.7002	8.34076	
2.70538	8.35388	
2.7066	8.33649	
2.69928	8.35815	
2.64832	8.34595	
2.69897	8.35846	
2.70844	8.367	
2.69379	8.35205	
2.69257	8.35602	
2.69714	8.36792	
2.69287	8.36456	
2.7063	8.36121	
2.69745	8.3728	
2.72614	8.36456	
2.68219	8.3667	
2.64465	8.36884	
2.71515	8.37952	
2.69623	8.3728	
2.70416	8.36761	
2.70935	8.36609	
2.66052	8.36456	
2.68494	8.36395	
2.70294	8.36151	
2.70844	8.37158	
2.69928	8.37036	
2.70477	8.36792	
2.69806	8.36273	
2.5708	8.36365	
2.55615	8.36273	
2.69104	8.36304	
2.58087	8.35846	
2.68921	8.38409	
2.69226	8.35144	
2.70325	8.36212	
2.7121	8.35541	
2.70416	8.34564	
2.70508	8.35724	
2.69714	8.36914	
2.69379	8.37006	
2.69379	8.37463	
2.69592	8.36182	
2.69318	8.35419	
2.69928	8.36914	
2.69257	8.36792	
2.70416	8.35236	
2.70721	8.36121	
2.70386	8.35388	
2.70569	8.36182	
2.70233	8.36792	
2.69287	8.35938	
2.6947	8.36334	
2.69928	8.36639	
2.68646	8.36151	
2.69714	8.36823	
2.69409	8.3493	
2.69714	8.35815	
2.70508	8.36304	
2.70355	8.36975	
2.70538	8.37097	
2.69592	8.38196	
2.69257	8.35846	
2.70111	8.36212	
2.70721	8.3667	
2.69684	8.37402	
2.70172	8.35724	
2.69501	8.37006	
2.69592	8.37158	
2.68646	8.35907	
2.69531	8.35266	
2.69623	8.35815	
2.70264	8.37646	
2.71271	8.35968	
2.70538	8.3606	
2.70721	8.3606	
2.69989	8.36395	
2.70325	8.36914	
2.70203	8.36731	
2.70447	8.36945	
2.71423	8.35541	
2.70294	8.37769	
2.7066	8.35175	
2.7002	8.37799	
2.7063	8.36151	
2.70264	8.37128	
2.70233	8.3667	
2.71301	8.35388	
2.70721	8.367	
2.69562	8.367	
2.70477	8.3728	
2.69257	8.36151	
2.69196	8.35815	
2.69653	8.3728	
2.68982	8.37311	
2.69836	8.36548	
2.70355	8.367	
2.70477	8.37158	
2.70142	8.36182	
2.69684	8.37097	
2.69714	8.35999	
2.70477	8.35297	
2.69073	8.34991	
2.69318	8.35754	
2.69897	8.35571	
2.71423	8.35938	
2.70325	8.37799	
2.70508	8.38684	
2.71027	8.37677	
2.69043	8.367	
2.69897	8.36639	
2.68951	8.37189	
2.6828	8.36487	
2.6944	8.35907	
2.69104	8.37311	
2.70752	8.36395	
2.71271	8.36548	
2.7002	8.36426	
2.70172	8.37036	
2.69501	8.36853	
2.69257	8.36548	
2.69775	8.36731	
2.69165	8.38013	
2.69409	8.35724	
2.70386	8.36761	
2.70233	8.37433	
2.69806	8.36731	
2.71423	8.3725	
2.69501	8.35632	
2.70111	8.36792	
2.69348	8.37006	
2.7005	8.36823	
2.69135	8.36151	
2.69012	8.35175	
2.69257	8.35632	
2.70233	8.34595	
2.69623	8.34991	
2.68829	8.37189	
2.69348	8.36731	
2.69562	8.35571	
2.69501	8.36273	
2.69775	8.35907	
2.69928	8.37189	
2.69897	8.36212	
2.68677	8.37769	
2.69196	8.37494	
2.69348	8.36639	
2.70599	8.36639	
2.70538	8.38074	
2.71179	8.37646	
2.70386	8.37677	
2.70752	8.36945	
2.69806	8.35907	
2.70294	8.3551	
2.69714	8.36761	
2.69562	8.36273	
2.69379	8.367	
2.69501	8.36456	
2.69257	8.37006	
2.69714	8.37738	
2.7124	8.37616	
2.69409	8.37524	
2.69958	8.37189	
2.69592	8.36639	
2.69897	8.37036	
2.70569	8.36212	
2.70142	8.36121	
2.70294	8.36121	
2.69653	8.36609	
2.70447	8.37128	
2.69836	8.36914	
2.69958	8.36639	
2.71179	8.37036	
2.70111	8.36731	
2.69012	8.37311	
2.70172	8.36853	
2.71027	8.35999	
2.70447	8.37555	
2.70538	8.37555	
2.69684	8.36151	
2.7005	8.38806	
2.68829	8.37036	
2.69867	8.38287	
2.69836	8.37982	
2.69592	8.3786	
2.69714	8.38104	
2.70538	8.39081	
2.70081	8.38379	
2.69348	8.3905	
2.68951	8.40546	
2.69623	8.39294	
2.70691	8.38806	
2.69623	8.39447	
2.69501	8.39722	
2.69806	8.39264	
2.70325	8.38257	
2.69348	8.39691	
2.70782	8.39111	
2.70599	8.38287	
2.69073	8.38989	
2.69714	8.38379	
2.71057	8.396	
2.70508	8.38379	
2.70264	8.37585	
2.69379	8.38531	
2.69867	8.36945	
2.7005	8.39111	
2.69745	8.36548	
2.70691	8.37402	
2.69592	8.38409	
2.7002	8.36761	
2.68494	8.38715	
2.69989	8.38715	
2.70416	8.38867	
2.6944	8.37158	
2.6944	8.38593	
2.70172	8.37799	
2.69958	8.3902	
2.70172	8.38593	
2.6886	8.3783	
2.70264	8.3847	
2.70203	8.37982	
2.70386	8.36365	
2.68524	8.38196	
2.69745	8.36151	
2.69989	8.3728	
2.70569	8.37433	
2.68585	8.37738	
2.69409	8.37036	
2.69623	8.38196	
2.70416	8.36914	
2.69867	8.37402	
2.69287	8.38074	
2.70172	8.36304	
2.71454	8.36121	
2.6828	8.37799	
2.70172	8.39844	
2.69867	8.37524	
2.69775	8.37952	
2.68951	8.37219	
2.69684	8.38562	
2.69684	8.38409	
2.7005	8.38074	
2.68768	8.36639	
2.70996	8.37372	
2.70142	8.37891	
2.70142	8.37982	
2.68585	8.37219	
2.71179	8.38257	
2.70294	8.36945	
2.70264	8.37097	
2.68433	8.36853	
2.70599	8.37524	
2.7002	8.37097	
2.70447	8.3905	
2.70447	8.36823	
2.69836	8.3667	
2.69867	8.367	
2.70142	8.36395	
2.71057	8.37952	
2.70721	8.36731	
2.69196	8.38684	
2.70142	8.38135	
2.71149	8.38013	
2.7002	8.38135	
2.69409	8.3844	
2.69684	8.37616	
2.69592	8.37463	
2.6886	8.35022	
2.68982	8.3725	
2.70691	8.38013	
2.69165	8.36975	
2.69012	8.35785	
2.69745	8.39355	
2.70447	8.3783	
2.71088	8.35907	
2.69928	8.3783	
2.69379	8.3725	
2.70325	8.3667	
2.70782	8.37433	
2.69775	8.37219	
2.69989	8.39172	
2.71301	8.36853	
2.70447	8.38165	
2.70508	8.38379	
2.69836	8.396	
2.69287	8.37402	
2.69348	8.3786	
2.70691	8.37769	
2.7066	8.37067	
2.69592	8.37311	
2.71362	8.37585	
2.69135	8.37799	
2.69196	8.36761	
2.69867	8.37158	
2.70142	8.3728	
2.69775	8.37463	
2.69806	8.37402	
2.70325	8.36456	
2.71484	8.37006	
2.70508	8.38684	
2.7063	8.37372	
2.69745	8.37921	
2.6944	8.36884	
2.70233	8.3667	
2.69867	8.38654	
2.6947	8.37524	
2.69684	8.37555	
2.70691	8.37402	
2.70844	8.39081	
2.6947	8.36761	
2.69623	8.37219	
2.69836	8.37372	
2.69897	8.38989	
2.69897	8.37982	
2.70172	8.37463	
2.70508	8.37616	
2.69867	8.36945	
2.69104	8.36761	
2.68921	8.37128	
2.69073	8.36975	
2.70477	8.38776	
2.7063	8.37219	
2.70233	8.36731	
2.70386	8.36792	
2.69043	8.39294	
2.6944	8.38531	
2.70264	8.38959	
2.70691	8.3847	
2.69745	8.41339	
2.69653	8.40698	
2.7005	8.41003	
2.69745	8.39081	
2.7063	8.38318	
2.69287	8.39111	
2.7005	8.39355	
2.70233	8.39966	
2.70355	8.41797	
2.69806	8.40576	
2.69196	8.4024	
2.69196	8.40454	
2.70569	8.39081	
2.70905	8.38776	
2.69501	8.39447	
2.69226	8.39508	
2.69928	8.40729	
2.70142	8.40668	
2.70386	8.38257	
2.69928	8.40515	
2.68982	8.39691	
2.70538	8.38013	
2.69379	8.38867	
2.69592	8.38257	
2.70111	8.37585	
2.69318	8.38654	
2.69928	8.39111	
2.7002	8.38501	
2.71301	8.40332	
2.69653	8.39508	
2.70386	8.40485	
2.69623	8.39661	
2.70691	8.40515	
2.70294	8.41949	
2.6944	8.41644	
2.69897	8.40271	
2.69806	8.39844	
2.69165	8.38928	
2.70172	8.40149	
2.70172	8.40302	
2.7066	8.40424	
2.68707	8.39874	
2.69653	8.40424	
2.70142	8.41553	
2.69806	8.40729	
2.7063	8.40851	
2.70325	8.41644	
2.70386	8.4198	
2.69867	8.40546	
2.69379	8.41949	
2.6947	8.396	
2.70416	8.40607	
2.70752	8.40149	
2.70111	8.38867	
2.6944	8.40149	
2.6944	8.39996	
2.69104	8.39539	
2.70569	8.38776	
2.70416	8.39813	
2.69775	8.38898	
2.68982	8.40179	
2.7005	8.41492	
2.70081	8.4021	
2.69257	8.39417	
2.70538	8.39417	
2.69562	8.38104	
2.70111	8.3902	
2.70477	8.39722	
2.69318	8.38928	
2.70111	8.3905	
2.70447	8.38379	
2.7002	8.38196	
2.69806	8.38196	
2.70233	8.38074	
2.69897	8.38654	
2.70355	8.3847	
2.70111	8.38593	
2.68982	8.38043	
2.7005	8.39172	
2.70203	8.39355	
2.69257	8.38959	
2.70203	8.38806	
2.70081	8.3902	
2.6947	8.40973	
2.68738	8.38104	
2.6886	8.39447	
2.70111	8.39081	
2.70599	8.39294	
2.69135	8.37799	
2.70355	8.40179	
2.69745	8.38745	
2.69531	8.38409	
2.6947	8.38959	
2.69989	8.40027	
2.70538	8.39294	
2.69592	8.39935	
2.69775	8.38776	
2.69836	8.3847	
2.69318	8.38623	
2.70264	8.38684	
2.69135	8.37708	
2.70721	8.38165	
2.69379	8.38379	
2.70386	8.36945	
2.71088	8.37799	
2.69806	8.3902	
2.69989	8.3783	
2.69897	8.37006	
2.69745	8.38074	
2.69135	8.39447	
2.70264	8.3728	
2.69623	8.38226	
2.71149	8.39294	
2.70081	8.38562	
2.70355	8.37494	
2.71057	8.37891	
2.69653	8.38898	
2.69348	8.37433	
2.71118	8.37341	
2.69043	8.39905	
2.70142	8.37158	
2.70325	8.37158	
2.69867	8.37738	
2.70081	8.39508	
2.7066	8.37555	
2.69897	8.38379	
2.69196	8.39691	
2.69928	8.38226	
2.69989	8.40729	
2.69928	8.396	
2.7002	8.38654	
2.70447	8.38867	
2.70111	8.37463	
2.70264	8.37646	
2.70538	8.39081	
2.69928	8.38196	
2.69684	8.38715	
2.68524	8.36914	
2.70172	8.38165	
2.69257	8.35175	
2.69287	8.36975	
2.6947	8.37189	
2.69806	8.38318	
2.70874	8.37708	
2.68982	8.38074	
2.70081	8.37463	
2.69836	8.37036	
2.70355	8.3667	
2.69073	8.36121	
2.69531	8.37982	
2.70386	8.36304	
2.70203	8.36243	
2.69867	8.36487	
2.69287	8.36914	
2.69501	8.36548	
2.70447	8.36517	
2.69806	8.39294	
2.70233	8.40179	
2.70142	8.40393	
2.6944	8.38806	
2.7124	8.39111	
2.69684	8.4024	
2.69989	8.3725	
2.7066	8.38257	
2.68616	8.38257	
2.70142	8.3847	
2.70386	8.38501	
2.69165	8.38867	
2.68982	8.38776	
2.70355	8.38867	
2.70264	8.38745	
2.70538	8.36975	
2.70081	8.39294	
2.69623	8.39569	
2.69135	8.39996	
2.70386	8.38959	
2.69257	8.39081	
2.69867	8.3905	
2.70599	8.38593	
2.69958	8.38654	
2.68951	8.39874	
2.70386	8.39539	
2.69714	8.38135	
2.6947	8.37769	
2.68402	8.38562	
2.70508	8.40759	
2.69806	8.38501	
2.6886	8.38776	
2.68372	8.39233	
2.70447	8.36548	
2.6944	8.37006	
2.6947	8.36456	
2.7063	8.38104	
2.69836	8.3667	
2.70569	8.3609	
2.70203	8.35663	
2.69348	8.36823	
2.71057	8.36609	
2.69684	8.36914	
2.69257	8.38562	
2.70416	8.39417	
2.69165	8.38348	
2.69104	8.38257	
2.70233	8.38348	
2.70081	8.38959	
2.70386	8.3786	
2.69897	8.37921	
2.69897	8.38074	
2.69623	8.3844	
2.69989	8.39111	
2.69928	8.38531	
2.69043	8.39111	
2.70233	8.38196	
2.69714	8.38409	
2.69318	8.3902	
2.7066	8.38654	
2.70172	8.396	
2.69684	8.38898	
2.71362	8.38593	
2.69348	8.38898	
2.69714	8.3902	
2.70142	8.40576	
2.68707	8.38959	
2.71301	8.39294	
2.68921	8.38898	
2.69775	8.38226	
2.70233	8.41339	
2.6944	8.39386	
2.70355	8.37158	
2.69653	8.3847	
2.70142	8.38776	
2.6947	8.39569	
2.70752	8.39294	
2.6944	8.41003	
2.69897	8.39142	
2.70111	8.4024	
2.69196	8.39386	
2.70447	8.40027	
2.69745	8.40942	
2.69989	8.40729	
2.70172	8.41522	
2.70081	8.41797	
2.6944	8.40637	
2.69531	8.40515	
2.7002	8.39691	
2.69867	8.39996	
2.69287	8.40637	
2.70355	8.40179	
2.69226	8.41583	
2.70844	8.39539	
2.68982	8.39081	
2.70416	8.40424	
2.69928	8.40027	
2.69623	8.4024	
2.70386	8.39478	
2.69989	8.41309	
2.6944	8.40698	
2.70416	8.39386	
2.69165	8.39935	
2.70203	8.41492	
2.70294	8.39752	
2.69958	8.3902	
2.70782	8.39447	
2.69897	8.38867	
2.70569	8.3902	
2.69989	8.40118	
2.69623	8.39203	
2.69531	8.39508	
2.69989	8.39844	
2.68921	8.38959	
2.69562	8.39478	
2.69806	8.37463	
2.69409	8.38348	
2.71027	8.38654	
2.69684	8.37524	
2.81616	8.39417	
2.69318	8.38531	
2.70355	8.37616	
2.69226	8.38989	
2.70721	8.39508	
2.69409	8.39172	
2.70203	8.39478	
2.70142	8.39844	
2.69348	8.39264	
2.69897	8.40424	
2.69226	8.4082	
2.69714	8.3905	
2.6947	8.39447	
2.70721	8.40363	
2.6944	8.40393	
2.70477	8.40302	
2.70416	8.39722	
2.69226	8.39325	
2.70905	8.39111	
2.69196	8.38867	
2.70416	8.38226	
2.7002	8.39722	
2.70447	8.40912	
2.69623	8.39905	
2.69409	8.38562	
2.69928	8.41217	
2.7066	8.41309	
2.69165	8.38074	
2.69531	8.38654	
2.69928	8.37891	
2.70508	8.39508	
2.69745	8.39752	
2.69257	8.38074	
2.70294	8.36945	
2.70355	8.37769	
2.69806	8.38531	
2.7005	8.37769	
2.70752	8.36975	
2.6947	8.35876	
2.70386	8.37921	
2.69684	8.36304	
2.69592	8.35632	
2.68951	8.37006	
2.70264	8.3844	
2.69623	8.38226	
2.69745	8.37158	
2.71027	8.38501	
2.6947	8.40179	
2.70447	8.38654	
2.70172	8.39813	
2.69348	8.39203	
2.70569	8.39447	
2.68768	8.40424	
2.70386	8.38013	
2.69318	8.39417	
2.70721	8.38348	
2.7002	8.38959	
2.69379	8.38593	
2.70142	8.38135	
2.69379	8.39172	
2.70264	8.38867	
2.71057	8.3728	
2.69592	8.37982	
2.70538	8.36884	
2.69348	8.38196	
2.69318	8.39386	
2.70081	8.37738	
2.70264	8.38196	
2.70599	8.37891	
2.69623	8.3786	
2.69501	8.38654	
2.70569	8.38928	
2.69226	8.39478	
2.7063	8.37769	
2.70172	8.36914	
2.69165	8.37372	
2.70569	8.3902	
2.70294	8.35663	
2.68951	8.36945	
2.70508	8.3548	
2.69409	8.35999	
2.69653	8.38135	
2.7005	8.37006	
2.69928	8.38623	
2.69775	8.37646	
2.69836	8.3783	
2.70172	8.37158	
2.70691	8.37158	
2.69318	8.37891	
2.70264	8.38257	
2.69684	8.37769	
2.70142	8.38196	
2.70386	8.37341	
2.69562	8.38867	
2.70477	8.37646	
2.69348	8.37646	
2.7121	8.37372	
2.69501	8.37799	
2.6944	8.38135	
2.69928	8.3548	
2.7002	8.3725	
2.69684	8.37555	
2.70416	8.36395	
2.69653	8.36517	
2.68738	8.36273	
2.69897	8.37128	
2.69714	8.37128	
2.70447	8.36975	
2.69653	8.36334	
2.71454	8.38745	
2.70325	8.37982	
2.69928	8.38409	
2.70264	8.37067	
2.70111	8.37128	
2.69409	8.36609	
2.70355	8.36517	
2.69745	8.35663	
2.70294	8.36182	
2.69226	8.35114	
2.70172	8.35358	
2.70264	8.36182	
2.69592	8.36304	
2.71118	8.35815	
2.70264	8.3548	
2.69775	8.35815	
2.6944	8.35693	
2.71393	8.34869	
2.68951	8.367	
2.69684	8.36487	
2.70203	8.36639	
2.68707	8.37555	
2.7002	8.37555	
2.69836	8.37402	
2.69318	8.37341	
2.69958	8.38715	
2.69836	8.3725	
2.70569	8.37646	
2.70508	8.35754	
2.69592	8.39417	
2.70782	8.38135	
2.6944	8.37677	
2.69653	8.36243	
2.70416	8.37219	
2.68768	8.38104	
2.69226	8.35999	
2.70081	8.36975	
2.6944	8.37372	
2.70294	8.35388	
2.69226	8.37677	
2.70447	8.35602	
2.69592	8.38562	
2.70233	8.38165	
2.68829	8.37708	
2.70294	8.37463	
2.69653	8.37463	
2.70447	8.36365	
2.70172	8.37189	
2.70752	8.37524	
2.70172	8.35938	
2.69714	8.37372	
2.6947	8.36487	
2.70416	8.37189	
2.69104	8.37433	
2.7005	8.37524	
2.7063	8.38318	
2.69958	8.35663	
2.71301	8.36456	
2.69409	8.37311	
2.7005	8.38287	
2.69592	8.36639	
2.69897	8.38013	
2.70477	8.3728	
2.69501	8.38165	
2.7005	8.36334	
2.69897	8.36243	
2.69409	8.38013	
2.6944	8.35907	
2.70233	8.38623	
2.70538	8.38989	
2.69592	8.35022	
2.71149	8.3725	
2.69531	8.36761	
2.70416	8.36823	
2.69806	8.36212	
2.69836	8.35815	
2.69836	8.36426	
2.69409	8.37128	
2.69775	8.36731	
2.70996	8.37097	
2.69531	8.37402	
2.69806	8.36578	
2.70508	8.36548	
2.69318	8.36823	
2.7124	8.3667	
2.69592	8.367	
2.70569	8.35052	
2.69867	8.35297	
2.68402	8.36578	
2.59888	8.36243	
2.36694	8.37891	
1.96991	8.41797	
1.5033	8.42926	
1.10352	8.47717	
0.797119	8.52905	
0.545349	8.57727	
0.379333	8.63617	
0.255737	8.6673	
0.175171	8.70026	
0.115967	8.72925	
0.0744629	8.74359	
0.0469971	8.74664	
0.0402832	8.74756	
0.0167847	8.77625	
0.0222778	8.76465	
0.0149536	8.77594	
0.010376	8.77594	
0.00244141	8.77869	
0.0134277	8.78723	
0.00579834	8.77258	
0.00579834	8.7793	
0.00488281	8.7796	
0.0161743	8.79089	
-0.00488281	8.78448	
0.00152588	8.7738	
0.00457764	8.7793	
0.00335693	8.78021	
0.00823975	8.79639	
0	8.78571	
-0.000915527	8.78754	
0.010376	8.78082	
-0.00640869	8.77258	
0.00366211	8.78174	
0.00396729	8.77075	
0.0106812	8.76801	
-0.00183105	8.77289	
0.0134277	8.77594	
-0.00213623	8.77625	
0.00732422	8.77502	
0.00915527	8.76801	
0.00976562	8.78174	
0.00396729	8.77106	
0.00305176	8.78082	
-0.00457764	8.75854	
0.00396729	8.78357	
0.0112915	8.77441	
0.0112915	8.77228	
0.00335693	8.77869	
0.0012207	8.79913	
0.00366211	8.79333	
-0.00762939	8.78998	
0.00701904	8.79089	
0.00274658	8.78754	
0.00762939	8.79547	
-0.0012207	8.78235	
0.0177002	8.75824	
-0.0088501	8.79211	
0.0088501	8.78571	
0.000305176	8.79822	
0.000305176	8.7912	
0.0131226	8.79944	
0.00579834	8.78723	
-0.00152588	8.79425	
0.00915527	8.78601	
0.0109863	8.7851	
0	8.79883	
0.00701904	8.78876	
-0.0012207	8.77625	
0.010376	8.78784	
-0.0100708	8.79059	
0.00915527	8.78571	
-0.00610352	8.78448	
0.0109863	8.78784	
0.00427246	8.79272	
0.0152588	8.7915	
0.000610352	8.78601	
-0.000610352	8.79242	
0.00946045	8.79913	
0.0012207	8.78662	
0.00396729	8.78357	
0.00457764	8.78021	
0.00152588	8.77777	
0.00396729	8.78235	
-0.000610352	8.7793	
0.00488281	8.78052	
0.000610352	8.75397	
0.00549316	8.77045	
0.00213623	8.77777	
0.00305176	8.76862	
0.0152588	8.77167	
0.0146484	8.7677	
0.00183105	8.78204	
0	8.78448	
0.0100708	8.78326	
-0.00274658	8.77869	
0	8.77838	
0.00946045	8.78937	
-0.000305176	8.76801	
0.00854492	8.75885	
-0.00549316	8.76373	
0.00305176	8.74603	
0.00915527	8.74512	
-0.0012207	8.75549	
0.00244141	8.75824	
0.0119019	8.74451	
0.0146484	8.75122	
-0.00213623	8.77167	
0.00305176	8.77075	
0.00244141	8.75092	
0.000610352	8.75397	
0.0146484	8.76343	
0.000305176	8.75702	
0.00610352	8.76404	
-0.00244141	8.7674	
0.00427246	8.74634	
-0.0012207	8.75366	
0.010376	8.75793	
0.00183105	8.75519	
0.00640869	8.76312	
-0.00305176	8.74146	
0.00915527	8.75305	
0.00274658	8.75519	
0.00732422	8.76068	
0.00701904	8.75031	
0.00366211	8.75824	
-0.00335693	8.76648	
0.00854492	8.7619	
-0.000305176	8.76526	
0.00762939	8.76312	
-0.000915527	8.76404	
0.000305176	8.77441	
0.00793457	8.76678	
0.000305176	8.75366	
0.00976562	8.77228	
0.00549316	8.7619	
0.000915527	8.77014	
0.00335693	8.78235	
0.00671387	8.75732	
0.00244141	8.77167	
-0.00274658	8.77319	
0.0149536	8.75702	
0	8.77106	
0.000305176	8.77533	
0.0115967	8.75824	
0.00701904	8.76801	
-0.00335693	8.77411	
0.00732422	8.77167	
0.00549316	8.76587	
0.00396729	8.75702	
0.0134277	8.77197	
-0.00854492	8.77594	
0.0128174	8.78174	
0	8.77563	
0.00854492	8.78204	
0.00579834	8.7851	
-0.00396729	8.77441	
0.0112915	8.78082	
0.0012207	8.77686	
0.00640869	8.77747	
0.00488281	8.77197	
-0.00732422	8.77014	
-0.00244141	8.77258	
0.00823975	8.78143	
-0.000915527	8.78387	
0.0012207	8.77991	
0.0137329	8.76434	
0.010376	8.76862	
0.00854492	8.75916	
0.00183105	8.74786	
0.00213623	8.76007	
0.0088501	8.75702	
0.0167847	8.77655	
-0.00488281	8.76434	
0.00793457	8.77228	
0.000915527	8.77625	
0.00854492	8.78174	
0.00579834	8.77594	
0.00396729	8.77747	
0.00518799	8.77899	
0.0012207	8.76984	
0.00183105	8.75214	
0.0161743	8.7677	
0.00396729	8.76801	
0.00335693	8.77716	
-0.00244141	8.76801	
0.0125122	8.76648	
-0.00152588	8.78174	
0.00640869	8.77655	
0	8.77228	
0.00671387	8.76953	
-0.00946045	8.76129	
0.00640869	8.74451	
-0.00213623	8.76129	
0.00701904	8.75641	
0.0012207	8.76129	
0.0186157	8.75458	
0	8.76282	
0.00152588	8.76862	
0.00244141	8.74695	
0.00213623	8.76617	
0.0158691	8.76221	
-0.00335693	8.76465	
0.000305176	8.77716	
0.00823975	8.77411	
-0.00701904	8.77014	
0.020752	8.76953	
-0.00183105	8.76923	
0.0119019	8.76892	
-0.00183105	8.76556	
0.00976562	8.75153	
0.00518799	8.75122	
0.0088501	8.74115	
-0.00305176	8.76221	
0.00732422	8.75427	
0.00427246	8.76526	
0.000915527	8.75549	
0.00762939	8.73962	
0.00244141	8.75519	
0.00854492	8.7677	
-0.00335693	8.7738	
0.00244141	8.76404	
0.0112915	8.77167	
0.00854492	8.76038	
0.00640869	8.75519	
0.0012207	8.76648	
0.00976562	8.74634	
0.00946045	8.75977	
0.00549316	8.76373	
0.00518799	8.76617	
-0.00305176	8.77106	
0.00549316	8.78021	
0.0119019	8.77472	
-0.00183105	8.76221	
0.0012207	8.77075	
-0.00183105	8.77991	
0.0201416	8.76801	
0.000915527	8.77441	
-0.000915527	8.77075	
0.00610352	8.77899	
0.00518799	8.76038	
-0.0106812	8.77777	
0.00518799	8.77228	
0.00671387	8.77075	
0.010376	8.75244	
-0.00335693	8.76953	
-0.000915527	8.76556	
0.0186157	8.76648	
0.0131226	8.76831	
-0.00457764	8.78845	
0.00823975	8.77533	
0.00610352	8.79639	
-0.00213623	8.77747	
0.0100708	8.77502	
0.00823975	8.7854	
0.00274658	8.77319	
-0.00152588	8.77289	
0.00366211	8.77136	
0.0177002	8.7793	
-0.00274658	8.78174	
0.00549316	8.79364	
0.000610352	8.77655	
-0.00152588	8.78082	
0.012207	8.77655	
0.00152588	8.77197	
0.000915527	8.79364	
0.0100708	8.77533	
0.00549316	8.78052	
-0.00335693	8.77716	
0.0119019	8.7851	
0.00488281	8.77228	
0.0100708	8.78296	
0.00732422	8.77441	
-0.0125122	8.78357	
0.00518799	8.7851	
0.00976562	8.77319	
-0.00488281	8.77808	
0.00457764	8.78143	
0.00915527	8.78357	
0.0253296	8.78143	
-0.00335693	8.77777	
0.00305176	8.78723	
0.00701904	8.75763	
0.00305176	8.78204	
-0.00335693	8.77655	
0.00671387	8.7854	
0.00976562	8.78601	
0.00274658	8.77808	
-0.000610352	8.79395	
0.0115967	8.78967	
0.00244141	8.79211	
-0.000610352	8.78784	
0.00366211	8.797	
0.00701904	8.79272	
0.00854492	8.79608	
-0.00183105	8.79333	
0.010376	8.78174	
-0.00335693	8.78021	
0.00732422	8.77838	
0.0109863	8.78693	
0.00915527	8.79425	
-0.00274658	8.77838	
0.00946045	8.78571	
-0.000915527	8.80096	
0.00823975	8.7915	
0.00946045	8.80219	
-0.00213623	8.78723	
0.0012207	8.79669	
0.00579834	8.79303	
0.000305176	8.7915	
0.0149536	8.78174	
0.000915527	8.78479	
0.00213623	8.77655	
0.000915527	8.79547	
0.0115967	8.7912	
0.00213623	8.7912	
0.00946045	8.79303	
0.00152588	8.80005	
0.00823975	8.78845	
-0.00946045	8.79883	
0.00488281	8.78418	
0.00976562	8.79059	
-0.00335693	8.78052	
0.00366211	8.77777	
0.00518799	8.78784	
-0.00183105	8.78876	
0.00244141	8.80157	
0.00793457	8.79211	
-0.00335693	8.79608	
0.00152588	8.79913	
0.00915527	8.79517	
0.00518799	8.79578	
0.0088501	8.78937	
0.00152588	8.79181	
0.00640869	8.78265	
0.010376	8.77991	
0.010376	8.76953	
-0.000610352	8.76526	
0.00549316	8.78418	
0.0119019	8.76709	
0	8.77777	
0.00732422	8.78082	
-0.000305176	8.79883	
0.0088501	8.78235	
-0.00518799	8.78693	
0.0100708	8.79364	
0.000305176	8.77747	
0.0112915	8.78906	
0.00762939	8.78937	
-0.00305176	8.7854	
-0.000915527	8.78113	
0.010376	8.77808	
0.00274658	8.77167	
0.00305176	8.7851	
-0.00274658	8.77258	
0.00274658	8.79089	
0.0119019	8.77563	
0	8.78235	
0.00335693	8.78662	
-0.00305176	8.81134	
-0.00213623	8.797	
0.00823975	8.78265	
-0.000915527	8.78418	
-0.00244141	8.79974	
0.00976562	8.80554	
0.00701904	8.78967	
-0.00152588	8.79456	
0.00823975	8.79547	
-0.00183105	8.78754	
0.00671387	8.7793	
0.017395	8.797	
-0.00183105	8.78876	
0.00396729	8.77838	
0.0088501	8.78693	
0.00152588	8.79425	
-0.00579834	8.77228	
0.010376	8.77594	
0.00244141	8.78448	
0.00579834	8.77869	
0.00610352	8.78479	
-0.00396729	8.77014	
-0.00213623	8.79639	
0.0100708	8.76648	
0.010376	8.78113	
-0.00213623	8.77197	
0.00640869	8.77319	
0.015564	8.77747	
-0.00244141	8.77563	
0.00793457	8.78235	
-0.000305176	8.78693	
0.0112915	8.77075	
-0.00213623	8.76373	
0.00854492	8.77411	
0.00335693	8.79425	
-0.000915527	8.80585	
0.0912476	8.80371	
-0.00305176	8.77106	
-0.00335693	8.78662	
0.00457764	8.79211	
-0.00671387	8.7796	
0.0454712	8.80219	
-0.0012207	8.79028	
0.00488281	8.79181	
-0.000305176	8.76434	
0.00549316	8.77686	
0.0497437	8.76892	
0.00976562	8.78906	
0.00732422	8.78326	
0.00488281	8.78937	
-0.00213623	8.78876	
0.0131226	8.78052	
0.0158691	8.78754	
-0.0143433	8.77167	
0.0100708	8.79883	
0.00183105	8.78815	
0.00305176	8.78937	
0.0161743	8.7915	
-0.000610352	8.78082	
0.000610352	8.78967	
0.0109863	8.77625	
0.000915527	8.76282	
0.00610352	8.77686	
-0.00213623	8.7854	
0.00823975	8.79547	
-0.0012207	8.79486	
0.00488281	8.77625	
0.000610352	8.78815	
-0.00152588	8.76007	
0.00732422	8.78235	
-0.00213623	8.77075	
-0.000305176	8.78021	
0.00579834	8.76221	
-0.00732422	8.78998	
-0.00823975	8.78448	
0.0112915	8.79303	
-0.00183105	8.78723	
0.015564	8.76526	
-0.000305176	8.75732	
-0.00213623	8.78662	
0.0128174	8.76434	
0.00579834	8.78204	
0.0012207	8.78998	
0.00457764	8.78571	
0.012207	8.77838	
0.00457764	8.7738	
0.00427246	8.77258	
-0.00152588	8.7796	
0.00213623	8.78479	
-0.00701904	8.7793	
0.0119019	8.7674	
-0.000610352	8.76038	
0.00640869	8.77502	
0.00946045	8.75793	
0.000305176	8.78235	
0.0100708	8.77747	
0.0164795	8.7677	
-0.00671387	8.77319	
-0.00152588	8.77228	
0.0152588	8.77319	
-0.00335693	8.76129	
0.00244141	8.75549	
0.0149536	8.77258	
0.000305176	8.7558	
0.00915527	8.76495	
-0.00152588	8.76984	
0.00701904	8.7735	
-0.00946045	8.78754	
0.0088501	8.78479	
0.0128174	8.78448	
-0.00427246	8.78998	
0.00305176	8.78082	
0.00396729	8.77594	
0.000305176	8.77655	
0.0128174	8.79272	
-0.000915527	8.77258	
0.00396729	8.79547	
-0.0109863	8.78723	
0.0088501	8.77625	
-0.000610352	8.75977	
0.00335693	8.77533	
0.00823975	8.77075	
-0.00610352	8.7735	
0.00976562	8.7793	
0.0088501	8.77594	
0.00457764	8.76678	
0.000610352	8.76801	
-0.00610352	8.7793	
0	8.77136	
-0.00183105	8.7674	
0.0137329	8.76862	
0.00549316	8.76801	
0.00701904	8.77106	
0.00335693	8.7616	
0.00335693	8.77625	
0.00549316	8.79242	
-0.00335693	8.78143	
0.0100708	8.78723	
0.00335693	8.77747	
0.00488281	8.78357	
0.00366211	8.7793	
0.020752	8.7677	
0.00396729	8.76709	
-0.0106812	8.78693	
0.0109863	8.74847	
0.00488281	8.75366	
0.00640869	8.76953	
-0.00213623	8.77502	
0.00457764	8.76709	
0.00152588	8.7851	
-0.000305176	8.77106	
-0.0012207	8.78204	
0.0112915	8.77716	
0.00335693	8.78174	
0.00701904	8.76587	
0.00793457	8.79333	
0.00305176	8.77777	
0.00946045	8.77502	
0.00640869	8.78632	
0.00823975	8.79028	
0.0012207	8.76068	
-0.00518799	8.77686	
0.00640869	8.77594	
0.00366211	8.77594	
0.00488281	8.7854	
-0.00793457	8.77686	
0.00579834	8.80035	
0.00305176	8.78754	
0.00518799	8.79944	
0.00854492	8.78448	
-0.00640869	8.78479	
0.0106812	8.80585	
0.00488281	8.78845	
0.00762939	8.77014	
-0.00152588	8.79974	
-0.0106812	8.79211	
0.00244141	8.78662	
0.00823975	8.78113	
0.00427246	8.7851	
0.00915527	8.79456	
-0.00732422	8.78418	
-0.00396729	8.77808	
0.0112915	8.76831	
0	8.78693	
-0.00152588	8.77411	
0.0100708	8.7912	
0.0167847	8.77441	
-0.00366211	8.77533	
0.00579834	8.77533	
0.00274658	8.7851	
-0.000915527	8.79333	
0.0192261	8.78845	
0.000610352	8.78876	
0.00183105	8.80371	
0.00549316	8.79608	
-0.000915527	8.79669	
0.0161743	8.78845	
0	8.7851	
0.00183105	8.7677	
0.00793457	8.76892	
0.000610352	8.78265	
0.00213623	8.7851	
0.00701904	8.79181	
0.0012207	8.78296	
0.012207	8.80768	
0.00579834	8.80463	
-0.00823975	8.79669	
0.0100708	8.80157	
0.0119019	8.79517	
-0.00427246	8.77655	
0.00305176	8.79486	
0.00701904	8.78754	
0.0167847	8.79547	
-0.000305176	8.8089	
0.00152588	8.78815	
0.0131226	8.77472	
0.00305176	8.78723	
-0.00396729	8.80768	
0.0088501	8.78082	
0.00427246	8.78784	
-0.00427246	8.78174	
0.00823975	8.77838	
-0.00732422	8.79089	
-0.00244141	8.78876	
0.012207	8.78693	
0.00823975	8.79364	
-0.00488281	8.7796	
0.00457764	8.79822	
0.0198364	8.78357	
-0.00305176	8.77838	
0.00335693	8.78357	
0.00946045	8.78174	
0.000915527	8.79089	
-0.00946045	8.78296	
-0.00183105	8.78082	
0.00915527	8.78448	
0.00152588	8.78448	
-0.00213623	8.79059	
-0.000915527	8.79028	
0.015564	8.79883	
-0.000305176	8.78662	
0.000915527	8.80859	
0.0109863	8.80005	
0.00274658	8.77563	
-0.00854492	8.78601	
0.00732422	8.78967	
0.00396729	8.79639	
0.00854492	8.78693	
0.00671387	8.79211	
-0.00152588	8.79425	
0.00335693	8.79059	
0.0106812	8.77716	
-0.00213623	8.78601	
0.00488281	8.78876	
0.010376	8.78113	
0.00518799	8.79272	
-0.000305176	8.79089	
0.00823975	8.78815	
-0.00244141	8.79395	
0.000915527	8.78967	
0.00213623	8.77045	
-0.000915527	8.78998	
0.00427246	8.7735	
0.00366211	8.78418	
-0.00213623	8.76984	
-0.00946045	8.78632	
0.000915527	8.77472	
0.0134277	8.76556	
-0.00549316	8.77472	
0.00427246	8.77625	
0.00640869	8.77411	
0.00305176	8.77106	
0.000305176	8.77533	
0.00213623	8.76251	
0.00976562	8.78693	
0.0100708	8.77411	
0.00518799	8.76801	
0.00244141	8.76434	
0.00488281	8.77563	
-0.000915527	8.75763	
-0.00427246	8.77655	
0.00396729	8.79242	
0.0146484	8.79211	
0.0088501	8.78479	
0.00854492	8.78967	
-0.000915527	8.79028	
0.00549316	8.78601	
0.0088501	8.79272	
0.00762939	8.78937	
0.00213623	8.7851	
-0.00183105	8.78326	
