-0.000915527	8.79272	
-0.00183105	8.80951	
-0.00183105	8.79181	
-0.00152588	8.80463	
-0.0012207	8.81927	
-0.00152588	8.80219	
-0.00152588	8.80127	
-0.00183105	8.80615	
-0.00152588	8.78876	
-0.00183105	8.79395	
-0.00274658	8.79517	
-0.00152588	8.8147	
-0.00244141	8.79883	
-0.00152588	8.79669	
-0.00183105	8.80035	
-0.0012207	8.80066	
-0.000915527	8.79425	
-0.00183105	8.79578	
-0.000915527	8.7851	
-0.00213623	8.7851	
-0.00183105	8.76495	
-0.0012207	8.78693	
-0.0012207	8.78845	
-0.00244141	8.78082	
-0.00183105	8.76831	
-0.00152588	8.78967	
-0.00183105	8.78754	
-0.00305176	8.7854	
-0.0012207	8.7912	
-0.00213623	8.79913	
-0.0012207	8.79578	
-0.00152588	8.78479	
-0.00213623	8.78845	
-0.00213623	8.79272	
-0.00213623	8.78937	
-0.00183105	8.77716	
-0.00213623	8.78357	
-0.00183105	8.76953	
-0.00213623	8.78876	
-0.00244141	8.80096	
-0.00152588	8.79181	
-0.00152588	8.77869	
-0.00152588	8.79211	
-0.00213623	8.78113	
-0.00244141	8.79791	
-0.0012207	8.78174	
-0.00152588	8.78357	
-0.00213623	8.79974	
-0.000915527	8.78296	
-0.00244141	8.8266	
-0.00152588	8.82568	
-0.0012207	8.81012	
-0.0012207	8.82538	
-0.00213623	8.82507	
-0.00213623	8.83911	
-0.000915527	8.82996	
-0.00152588	8.8266	
-0.000915527	8.81989	
-0.00183105	8.82782	
-0.00183105	8.8269	
-0.000915527	8.80859	
-0.00152588	8.82355	
-0.00183105	8.81805	
-0.000610352	8.81836	
-0.00213623	8.81958	
-0.00183105	8.82721	
-0.0012207	8.82507	
-0.00183105	8.81836	
-0.00213623	8.8327	
-0.00183105	8.8208	
-0.00152588	8.83423	
-0.00152588	8.83514	
-0.00152588	8.83789	
-0.0012207	8.84094	
-0.00244141	8.83514	
-0.00183105	8.8385	
-0.00183105	8.83331	
-0.00183105	8.83728	
-0.00183105	8.84064	
-0.00244141	8.83881	
-0.0012207	8.83209	
-0.00183105	8.84369	
-0.00152588	8.84583	
-0.00183105	8.81866	
-0.00213623	8.82416	
-0.00244141	8.8147	
-0.00152588	8.79761	
-0.00183105	8.80981	
-0.00213623	8.80768	
-0.00152588	8.815	
-0.00152588	8.81989	
-0.0012207	8.81775	
-0.00152588	8.81073	
-0.00213623	8.82172	
-0.00183105	8.83972	
-0.00183105	8.82141	
-0.00152588	8.81775	
-0.00274658	8.81256	
-0.00244141	8.82629	
-0.00244141	8.81989	
-0.00183105	8.82812	
-0.0012207	8.82843	
-0.00183105	8.82996	
-0.00183105	8.81348	
-0.00183105	8.83057	
-0.00213623	8.81927	
-0.00183105	8.82568	
-0.00152588	8.81897	
-0.00183105	8.82568	
-0.00213623	8.81714	
-0.0012207	8.81165	
-0.0012207	8.80493	
-0.00183105	8.81378	
-0.000915527	8.80859	
-0.00183105	8.8092	
-0.00183105	8.81287	
-0.00183105	8.80707	
-0.00213623	8.81836	
-0.00183105	8.82416	
-0.00183105	8.82019	
-0.00183105	8.81836	
-0.00183105	8.81836	
-0.00152588	8.81378	
-0.00152588	8.8092	
-0.00183105	8.81622	
-0.0012207	8.81287	
-0.00152588	8.81012	
-0.00244141	8.81409	
-0.00213623	8.82141	
-0.00183105	8.81927	
-0.00244141	8.82812	
-0.0012207	8.82294	
-0.00274658	8.80646	
-0.00213623	8.82172	
-0.00152588	8.8266	
-0.00183105	8.81561	
-0.00183105	8.82294	
-0.00244141	8.8089	
-0.00152588	8.80676	
-0.00274658	8.81348	
-0.0012207	8.81561	
-0.00152588	8.82141	
-0.00152588	8.81805	
-0.00213623	8.815	
-0.0012207	8.82843	
-0.000610352	8.84583	
-0.00213623	8.82599	
-0.00213623	8.81927	
-0.00152588	8.82233	
-0.00244141	8.81348	
-0.000915527	8.80737	
-0.00152588	8.80737	
-0.00244141	8.82202	
-0.00152588	8.81683	
-0.00152588	8.80981	
-0.00213623	8.80676	
-0.00183105	8.81012	
-0.00244141	8.80646	
-0.00183105	8.81653	
-0.000915527	8.81256	
-0.00244141	8.81287	
-0.00152588	8.8208	
-0.00213623	8.82721	
-0.0012207	8.80951	
-0.00152588	8.81866	
-0.00183105	8.81683	
-0.00183105	8.80981	
-0.00244141	8.80493	
-0.00274658	8.8031	
-0.00213623	8.81012	
-0.00244141	8.8147	
-0.00183105	8.80341	
-0.00305176	8.8089	
-0.00152588	8.81683	
-0.00244141	8.81866	
-0.00305176	8.81317	
-0.00152588	8.82568	
-0.00152588	8.81927	
0.000610352	8.8092	
0.00549316	8.80554	
0.0140381	8.80737	
0.0253296	8.81317	
0.0366211	8.79517	
0.0497437	8.79883	
0.0570679	8.77838	
0.0588989	8.77777	
0.0534058	8.77197	
0.0466919	8.76801	
0.0375366	8.79028	
0.027771	8.78876	
0.0204468	8.77594	
0.0143433	8.78296	
0.0088501	8.79425	
0.00610352	8.79852	
0.00244141	8.7915	
0.000915527	8.797	
0.000305176	8.78937	
0	8.7973	
-0.00152588	8.78876	
-0.0012207	8.80646	
-0.00213623	8.79364	
-0.00152588	8.7973	
-0.00213623	8.77502	
-0.00183105	8.7915	
-0.0012207	8.78174	
-0.00244141	8.78571	
-0.00183105	8.77625	
-0.00152588	8.78693	
-0.00244141	8.77869	
-0.00183105	8.78693	
-0.00274658	8.78113	
-0.00213623	8.7851	
-0.00213623	8.78967	
-0.00183105	8.78326	
-0.0012207	8.80493	
-0.00183105	8.79578	
-0.00213623	8.78479	
-0.00183105	8.79791	
-0.00152588	8.77472	
-0.00274658	8.82355	
-0.00213623	8.80371	
-0.00183105	8.80646	
-0.00274658	8.81195	
-0.00183105	8.77197	
-0.00183105	8.76678	
-0.00152588	8.78021	
-0.00213623	8.77106	
-0.0012207	8.77777	
-0.000915527	8.79425	
-0.00244141	8.79669	
-0.00152588	8.79486	
-0.00213623	8.80157	
-0.00152588	8.80341	
-0.00152588	8.77502	
-0.00152588	8.78815	
-0.00152588	8.77777	
-0.00152588	8.76862	
-0.00183105	8.7796	
-0.00183105	8.77655	
-0.00244141	8.77014	
-0.00213623	8.77319	
-0.00183105	8.79395	
-0.00183105	8.77411	
-0.00183105	8.78265	
-0.00152588	8.77258	
-0.00274658	8.7851	
-0.00183105	8.78204	
-0.0012207	8.77167	
-0.000610352	8.79089	
-0.00183105	8.78998	
-0.00152588	8.79639	
-0.00213623	8.78998	
-0.00244141	8.80127	
-0.00152588	8.78204	
-0.000915527	8.79272	
-0.00152588	8.797	
-0.00152588	8.77533	
-0.00152588	8.77869	
-0.00213623	8.78784	
-0.00244141	8.78143	
-0.00213623	8.78479	
-0.00152588	8.77411	
-0.00244141	8.7851	
-0.00213623	8.79089	
-0.00152588	8.77045	
-0.00244141	8.7851	
-0.00183105	8.77533	
-0.0012207	8.77747	
-0.00244141	8.78265	
-0.00274658	8.7796	
-0.00183105	8.77228	
-0.00244141	8.77838	
-0.00213623	8.76892	
-0.00152588	8.77991	
-0.00244141	8.76587	
-0.00244141	8.78937	
-0.00183105	8.78632	
-0.00244141	8.78052	
-0.00152588	8.7735	
-0.00183105	8.7793	
-0.00213623	8.78235	
-0.00213623	8.78052	
-0.00213623	8.7796	
-0.00305176	8.78937	
-0.00335693	8.80249	
-0.00183105	8.78967	
-0.00213623	8.7915	
-0.00183105	8.79211	
-0.00152588	8.78204	
-0.00213623	8.7793	
-0.00244141	8.78326	
-0.00183105	8.76892	
-0.0012207	8.7796	
-0.00152588	8.76831	
-0.00305176	8.77167	
-0.00213623	8.78296	
-0.00244141	8.7912	
-0.00183105	8.77747	
-0.00183105	8.77106	
-0.00213623	8.7677	
-0.00213623	8.78418	
-0.00305176	8.78693	
-0.00183105	8.77136	
-0.00244141	8.77106	
-0.00274658	8.78265	
-0.00183105	8.76709	
-0.00183105	8.77197	
-0.00183105	8.77228	
-0.00335693	8.7677	
-0.00183105	8.77319	
-0.00244141	8.78082	
-0.00274658	8.77655	
-0.00244141	8.78052	
-0.00183105	8.78143	
-0.00244141	8.77472	
-0.00244141	8.77716	
-0.00183105	8.77869	
-0.00183105	8.76556	
-0.00244141	8.79456	
-0.00244141	8.7912	
-0.00152588	8.78204	
-0.00335693	8.78357	
-0.00244141	8.78296	
-0.00213623	8.78754	
-0.00244141	8.77289	
-0.00213623	8.78387	
-0.00213623	8.77472	
-0.00244141	8.76923	
-0.00274658	8.77045	
-0.00213623	8.76251	
-0.00213623	8.78235	
-0.00244141	8.76709	
-0.00244141	8.7735	
-0.00183105	8.76007	
-0.00213623	8.77533	
-0.00244141	8.76648	
-0.0012207	8.75793	
-0.00274658	8.76984	
-0.00213623	8.78235	
-0.000915527	8.77808	
-0.00183105	8.78571	
-0.00213623	8.78571	
-0.00274658	8.78021	
-0.00213623	8.7912	
-0.00183105	8.78082	
-0.00274658	8.77045	
-0.00274658	8.78784	
-0.00213623	8.77441	
-0.00152588	8.76862	
-0.00274658	8.78204	
-0.00183105	8.82416	
-0.00274658	8.81409	
-0.00183105	8.81042	
-0.00183105	8.79272	
-0.00213623	8.81561	
-0.00213623	8.82111	
-0.00152588	8.81195	
-0.00213623	8.80951	
-0.00274658	8.80219	
-0.00213623	8.81897	
-0.00213623	8.81989	
-0.00183105	8.82446	
-0.00213623	8.80524	
-0.00213623	8.81561	
-0.00183105	8.81866	
-0.00305176	8.81561	
-0.00183105	8.83087	
-0.00213623	8.83301	
-0.00213623	8.82416	
-0.00244141	8.82385	
-0.00183105	8.84491	
-0.00244141	8.84247	
-0.00244141	8.81714	
-0.00244141	8.82599	
-0.00213623	8.82996	
-0.00183105	8.81927	
-0.00183105	8.81439	
-0.00213623	8.81104	
-0.00244141	8.82172	
-0.00213623	8.81348	
-0.00213623	8.79791	
-0.00274658	8.82538	
-0.00244141	8.8028	
-0.00274658	8.83789	
-0.00213623	8.80768	
-0.00274658	8.82812	
-0.00244141	8.80249	
-0.00213623	8.80768	
-0.00305176	8.81409	
-0.00152588	8.80951	
-0.00213623	8.82721	
-0.00274658	8.8147	
-0.00274658	8.81256	
-0.00213623	8.82507	
-0.00244141	8.8147	
-0.00152588	8.78784	
-0.00213623	8.80371	
-0.00213623	8.7915	
-0.00335693	8.79456	
-0.00274658	8.78479	
-0.00213623	8.80005	
-0.00274658	8.79333	
-0.00213623	8.80554	
-0.00213623	8.80219	
-0.00213623	8.80096	
-0.00244141	8.81256	
-0.00152588	8.80676	
-0.00213623	8.81042	
-0.00274658	8.80219	
-0.00213623	8.80768	
-0.00183105	8.81622	
-0.00244141	8.81317	
-0.00213623	8.80981	
-0.00244141	8.8028	
-0.00244141	8.81134	
-0.00152588	8.78693	
-0.00305176	8.80951	
-0.00183105	8.82141	
-0.00183105	8.81561	
-0.00244141	8.81622	
-0.00152588	8.79883	
-0.00244141	8.82202	
-0.00152588	8.81317	
-0.00213623	8.81622	
-0.00183105	8.80585	
-0.00183105	8.80737	
-0.00213623	8.79608	
-0.00213623	8.79333	
-0.00183105	8.80432	
-0.00213623	8.80554	
-0.00213623	8.79486	
-0.00213623	8.81287	
-0.00152588	8.81409	
-0.00213623	8.81317	
-0.00305176	8.80768	
-0.00213623	8.80493	
-0.00213623	8.80493	
-0.00152588	8.79028	
-0.00244141	8.81622	
-0.00183105	8.81409	
-0.00183105	8.81439	
-0.00183105	8.80371	
-0.00183105	8.815	
-0.00213623	8.82141	
-0.00244141	8.81073	
-0.00152588	8.80981	
-0.00274658	8.78479	
-0.00213623	8.81134	
-0.00244141	8.81592	
-0.00244141	8.81531	
-0.00244141	8.80951	
-0.00366211	8.79639	
-0.00183105	8.79211	
-0.00213623	8.81897	
-0.00244141	8.7912	
-0.00183105	8.80341	
-0.00244141	8.80402	
-0.00244141	8.79425	
-0.00213623	8.79333	
-0.00183105	8.79822	
-0.00274658	8.80005	
-0.00213623	8.80768	
-0.00152588	8.78662	
-0.00244141	8.80188	
-0.00244141	8.76892	
-0.00213623	8.78632	
-0.00213623	8.79486	
-0.00274658	8.77716	
-0.000915527	8.77411	
-0.00213623	8.78998	
-0.00244141	8.81378	
-0.00274658	8.80737	
-0.00213623	8.80096	
-0.00183105	8.79456	
-0.00335693	8.79974	
-0.00244141	8.79608	
-0.00244141	8.80615	
-0.00152588	8.78448	
-0.00244141	8.78845	
-0.0012207	8.78876	
-0.00213623	8.80676	
-0.00213623	8.80371	
-0.00152588	8.78601	
-0.00213623	8.79425	
-0.00244141	8.81042	
-0.00274658	8.79456	
-0.00213623	8.78754	
-0.00213623	8.79456	
-0.00152588	8.80188	
-0.00274658	8.8092	
-0.00244141	8.81042	
-0.00244141	8.815	
-0.00274658	8.81073	
-0.00244141	8.80402	
-0.00213623	8.80859	
-0.00183105	8.80219	
-0.00244141	8.80981	
-0.00274658	8.8089	
-0.00183105	8.79883	
-0.00244141	8.80402	
-0.00183105	8.80066	
-0.00305176	8.81104	
-0.00335693	8.8147	
-0.00183105	8.82233	
-0.00274658	8.80585	
-0.00213623	8.79791	
-0.00244141	8.7851	
-0.00152588	8.79028	
-0.00274658	8.78693	
-0.00244141	8.79242	
-0.00152588	8.7851	
-0.00244141	8.79761	
-0.00213623	8.80829	
-0.00244141	8.81195	
-0.00152588	8.79761	
-0.00183105	8.80249	
-0.00305176	8.79333	
-0.00213623	8.78723	
-0.00213623	8.79913	
-0.00213623	8.79486	
-0.00274658	8.79822	
-0.00183105	8.79486	
-0.00213623	8.80096	
-0.00183105	8.81256	
-0.00244141	8.81348	
-0.00183105	8.8266	
-0.00244141	8.80646	
-0.00335693	8.79395	
-0.00213623	8.79486	
-0.00274658	8.78998	
-0.00274658	8.79639	
-0.00213623	8.81409	
-0.0012207	8.78693	
-0.00183105	8.80737	
-0.00213623	8.79547	
-0.00305176	8.79425	
-0.00213623	8.79364	
-0.00274658	8.78998	
-0.00305176	8.80981	
-0.00183105	8.80768	
-0.00213623	8.78967	
-0.00213623	8.79669	
-0.00274658	8.79944	
-0.00183105	8.80402	
-0.00244141	8.79669	
-0.00213623	8.7915	
-0.00244141	8.79059	
-0.00244141	8.78632	
-0.00183105	8.77502	
-0.00335693	8.78235	
-0.00183105	8.78418	
-0.00152588	8.78754	
-0.00213623	8.78845	
-0.00183105	8.79395	
-0.00274658	8.78601	
-0.00152588	8.79822	
-0.00213623	8.78662	
-0.00213623	8.79211	
-0.00213623	8.78143	
-0.00244141	8.78326	
-0.00335693	8.78143	
-0.00274658	8.77014	
-0.00152588	8.77777	
-0.00244141	8.77502	
-0.00274658	8.77655	
-0.0012207	8.80585	
-0.00183105	8.78601	
-0.00213623	8.79669	
-0.00213623	8.77014	
-0.00244141	8.77716	
-0.00274658	8.78143	
-0.00213623	8.77289	
-0.00183105	8.77441	
-0.00274658	8.78235	
-0.00183105	8.7735	
-0.00213623	8.77106	
-0.00152588	8.75122	
-0.00183105	8.76709	
-0.00274658	8.77625	
-0.00213623	8.7738	
-0.00213623	8.77686	
-0.00213623	8.77472	
-0.00335693	8.79639	
-0.00244141	8.78448	
-0.00244141	8.79639	
-0.00213623	8.78052	
-0.00274658	8.78448	
-0.00183105	8.78571	
-0.00244141	8.77075	
-0.00213623	8.78815	
-0.00244141	8.76404	
-0.00244141	8.77563	
-0.00274658	8.78387	
-0.00152588	8.78143	
-0.00183105	8.77716	
-0.00213623	8.77594	
-0.00305176	8.78235	
-0.00213623	8.7677	
-0.00152588	8.77014	
-0.00244141	8.78479	
-0.00244141	8.79242	
-0.0012207	8.7796	
-0.00244141	8.76709	
-0.00244141	8.77106	
-0.00213623	8.77869	
-0.00213623	8.75214	
-0.00213623	8.7735	
-0.00244141	8.78113	
-0.00213623	8.77289	
-0.00274658	8.77594	
-0.00244141	8.7558	
-0.00183105	8.76495	
-0.00152588	8.77869	
-0.00183105	8.77258	
-0.00244141	8.77655	
-0.00152588	8.75946	
-0.00213623	8.77838	
-0.00244141	8.7674	
-0.00305176	8.77533	
-0.00335693	8.74603	
-0.00183105	8.7619	
-0.00183105	8.77502	
-0.00274658	8.74512	
-0.00183105	8.77747	
-0.00213623	8.75305	
-0.00183105	8.75458	
-0.00213623	8.74969	
-0.00244141	8.75031	
-0.00152588	8.76312	
-0.00274658	8.75916	
-0.00183105	8.75183	
-0.00244141	8.77625	
-0.00183105	8.75214	
-0.00274658	8.75305	
-0.0012207	8.76221	
-0.00213623	8.75122	
-0.00183105	8.75275	
-0.00183105	8.75366	
-0.00244141	8.75366	
-0.00213623	8.75977	
-0.00274658	8.75854	
-0.00274658	8.73322	
-0.00152588	8.74573	
-0.00183105	8.74939	
-0.00213623	8.72742	
-0.00183105	8.74023	
-0.00213623	8.76648	
-0.00244141	8.73718	
-0.00183105	8.74298	
-0.00244141	8.73322	
-0.00244141	8.74207	
-0.00244141	8.75549	
-0.00244141	8.74878	
-0.00213623	8.75732	
-0.00183105	8.76007	
-0.00183105	8.74817	
-0.00213623	8.75763	
-0.00274658	8.76617	
-0.00213623	8.7323	
-0.00244141	8.76068	
-0.00183105	8.76953	
-0.00183105	8.75366	
-0.00183105	8.76251	
-0.00244141	8.75214	
-0.00183105	8.74268	
-0.00244141	8.74969	
-0.00274658	8.73871	
-0.00335693	8.74207	
-0.00213623	8.73169	
-0.00244141	8.74939	
-0.00274658	8.74359	
-0.00183105	8.75122	
-0.00213623	8.75	
-0.00213623	8.76221	
-0.00213623	8.77167	
-0.00305176	8.76556	
-0.00274658	8.75977	
-0.00244141	8.75214	
-0.00305176	8.7677	
-0.00213623	8.75305	
-0.00244141	8.76068	
-0.00213623	8.75732	
-0.00183105	8.7677	
-0.00213623	8.74451	
-0.00213623	8.76221	
-0.00213623	8.76282	
-0.00213623	8.75488	
-0.00274658	8.75885	
-0.0012207	8.7616	
-0.00244141	8.77289	
-0.00244141	8.75702	
-0.00366211	8.77655	
-0.00244141	8.78448	
-0.00213623	8.77289	
-0.00244141	8.7738	
-0.00244141	8.77106	
-0.00244141	8.78601	
-0.00244141	8.77563	
-0.00213623	8.76984	
-0.00183105	8.75916	
-0.00213623	8.77045	
-0.00244141	8.77106	
-0.00183105	8.77014	
-0.00274658	8.77747	
-0.00183105	8.76953	
-0.00305176	8.77563	
-0.00183105	8.77045	
-0.00244141	8.77258	
-0.00305176	8.76373	
-0.00213623	8.76709	
-0.00213623	8.77472	
-0.00213623	8.77869	
-0.00244141	8.78204	
-0.00213623	8.77869	
-0.00213623	8.76953	
-0.00213623	8.77289	
-0.00274658	8.75366	
-0.00183105	8.75061	
-0.00213623	8.76709	
-0.00274658	8.76404	
-0.00183105	8.74817	
-0.00244141	8.75824	
-0.00244141	8.74695	
-0.00274658	8.75519	
-0.00152588	8.7674	
-0.00213623	8.75458	
-0.00213623	8.7561	
-0.00213623	8.75977	
-0.00305176	8.75916	
-0.00244141	8.75824	
-0.00244141	8.75916	
-0.00152588	8.74268	
-0.00213623	8.75549	
-0.00152588	8.7674	
-0.00335693	8.77441	
-0.00183105	8.75916	
-0.00213623	8.77106	
-0.00213623	8.76099	
-0.00213623	8.76617	
-0.00183105	8.77563	
-0.00274658	8.77075	
-0.00274658	8.76404	
-0.00183105	8.76495	
-0.00213623	8.7674	
-0.00213623	8.77869	
-0.00183105	8.7561	
-0.00183105	8.76129	
-0.00213623	8.77625	
-0.00152588	8.75427	
-0.00335693	8.76099	
-0.00244141	8.7915	
-0.00183105	8.77594	
-0.00183105	8.78906	
-0.00213623	8.77808	
-0.00183105	8.76251	
-0.00244141	8.77869	
-0.00213623	8.76465	
-0.00274658	8.75732	
-0.00152588	8.76648	
-0.00213623	8.78571	
-0.00213623	8.77045	
-0.00183105	8.77045	
-0.00183105	8.77289	
-0.00213623	8.78143	
-0.00244141	8.76862	
-0.00244141	8.7619	
-0.00213623	8.77991	
-0.00213623	8.80493	
-0.00244141	8.78265	
-0.00274658	8.78418	
-0.00274658	8.7677	
-0.00183105	8.77472	
-0.00213623	8.77197	
-0.00274658	8.77319	
-0.00305176	8.76312	
-0.00152588	8.78632	
-0.00244141	8.78082	
-0.00152588	8.79913	
-0.00274658	8.76282	
-0.00274658	8.77808	
-0.00213623	8.75977	
-0.00152588	8.78876	
-0.00183105	8.7851	
-0.00183105	8.76587	
-0.00183105	8.77747	
-0.00213623	8.77655	
-0.00213623	8.75793	
-0.0012207	8.77441	
-0.00183105	8.75641	
-0.00366211	8.77289	
-0.00244141	8.80859	
-0.00213623	8.78448	
-0.00244141	8.80219	
-0.00244141	8.78265	
-0.00213623	8.77899	
-0.00244141	8.78235	
-0.00274658	8.78082	
-0.00183105	8.77808	
-0.00274658	8.77258	
-0.00183105	8.79028	
-0.00274658	8.78479	
-0.00183105	8.77289	
-0.00274658	8.75336	
-0.00152588	8.77167	
-0.00152588	8.78052	
-0.00183105	8.76984	
-0.00213623	8.77106	
-0.00244141	8.77838	
-0.00183105	8.76953	
-0.00183105	8.78326	
-0.00274658	8.7793	
-0.00213623	8.79059	
-0.00183105	8.78265	
-0.00213623	8.77136	
-0.00244141	8.7674	
-0.00274658	8.79639	
-0.00335693	8.76221	
-0.00152588	8.78326	
-0.00152588	8.78143	
-0.00274658	8.79486	
-0.00244141	8.76282	
-0.00244141	8.78052	
-0.00244141	8.78082	
-0.00213623	8.77472	
-0.00305176	8.7738	
-0.00213623	8.78937	
-0.00183105	8.78632	
-0.00213623	8.7973	
-0.00274658	8.78998	
-0.00274658	8.79517	
-0.00305176	8.78326	
-0.00274658	8.7677	
-0.00213623	8.77228	
-0.00152588	8.7796	
-0.00213623	8.78204	
-0.00213623	8.76587	
-0.00244141	8.77655	
-0.00274658	8.7851	
-0.00244141	8.7912	
-0.00213623	8.78265	
-0.00213623	8.7915	
-0.00183105	8.78998	
-0.00213623	8.79883	
-0.00274658	8.78967	
-0.0012207	8.76312	
-0.00244141	8.7616	
-0.00152588	8.76801	
-0.00244141	8.78021	
-0.00244141	8.78326	
-0.00244141	8.7619	
-0.00213623	8.77075	
-0.00244141	8.75885	
-0.00183105	8.78815	
-0.00244141	8.76984	
-0.00152588	8.76831	
-0.00183105	8.75702	
-0.00274658	8.78845	
-0.00183105	8.77594	
-0.00274658	8.79578	
-0.00152588	8.77502	
-0.00274658	8.75977	
-0.00213623	8.78998	
-0.00213623	8.78265	
-0.00183105	8.78815	
-0.00152588	8.78021	
-0.00183105	8.78265	
-0.00274658	8.77594	
-0.00183105	8.77991	
-0.00213623	8.79944	
-0.00183105	8.78845	
-0.00305176	8.80707	
-0.00152588	8.82355	
-0.00213623	8.78052	
-0.00213623	8.7851	
-0.00244141	8.79333	
-0.00244141	8.79425	
-0.00244141	8.76862	
-0.00213623	8.75946	
-0.00305176	8.76526	
-0.00274658	8.78815	
-0.00244141	8.7619	
-0.00183105	8.76709	
-0.00244141	8.76953	
-0.00152588	8.77319	
-0.00213623	8.7851	
-0.00244141	8.77075	
-0.00305176	8.76373	
-0.00213623	8.77014	
-0.00213623	8.74512	
-0.00213623	8.75397	
-0.00213623	8.76343	
-0.00244141	8.77045	
-0.00274658	8.7677	
-0.00213623	8.77594	
-0.00183105	8.77014	
-0.00244141	8.75244	
-0.00152588	8.76984	
-0.00213623	8.7674	
-0.00244141	8.76373	
-0.00274658	8.76678	
-0.00183105	8.76434	
-0.00152588	8.77533	
-0.00183105	8.77563	
-0.00244141	8.77502	
-0.00152588	8.77441	
-0.00244141	8.79639	
-0.00183105	8.77136	
-0.00274658	8.78967	
-0.00244141	8.77808	
-0.00213623	8.80463	
-0.00213623	8.79517	
-0.00244141	8.80035	
-0.0012207	8.80096	
-0.00213623	8.79425	
-0.00213623	8.76892	
-0.00152588	8.78387	
-0.00183105	8.77747	
-0.00244141	8.76556	
-0.00183105	8.77533	
-0.00183105	8.77502	
-0.00183105	8.79456	
-0.00274658	8.77777	
-0.00152588	8.80371	
-0.00244141	8.78448	
-0.00213623	8.77289	
-0.00183105	8.79272	
-0.00152588	8.78387	
-0.00274658	8.77472	
-0.00244141	8.78052	
-0.00152588	8.78601	
-0.00274658	8.79242	
-0.00213623	8.77716	
-0.00213623	8.78937	
-0.00213623	8.76587	
-0.00213623	8.77441	
-0.00183105	8.76343	
-0.00244141	8.75427	
-0.00213623	8.75397	
-0.00213623	8.7616	
-0.00274658	8.75671	
-0.00213623	8.7619	
-0.00213623	8.75122	
-0.00183105	8.75793	
-0.00244141	8.77625	
-0.00183105	8.7619	
-0.00213623	8.77655	
-0.00213623	8.78021	
-0.00213623	8.77563	
-0.00213623	8.74481	
-0.000915527	8.75427	
-0.00183105	8.75244	
-0.00183105	8.76312	
-0.0012207	8.75732	
-0.00213623	8.7677	
-0.00213623	8.75977	
-0.00244141	8.78601	
-0.00213623	8.76221	
-0.00183105	8.75366	
-0.00213623	8.75061	
-0.00244141	8.76556	
-0.00274658	8.75488	
-0.00244141	8.75549	
-0.00213623	8.77502	
-0.0012207	8.7616	
-0.00244141	8.7735	
-0.00152588	8.76312	
-0.00274658	8.76465	
-0.00274658	8.77869	
-0.00213623	8.78571	
-0.00274658	8.77808	
-0.0012207	8.77014	
-0.00213623	8.76709	
-0.00183105	8.76495	
-0.00274658	8.77472	
-0.00183105	8.77563	
-0.00213623	8.7851	
-0.00213623	8.76587	
-0.00274658	8.74634	
-0.00152588	8.77838	
-0.00213623	8.7442	
-0.00274658	8.77228	
-0.00213623	8.75641	
-0.00183105	8.78021	
-0.00213623	8.75854	
-0.00274658	8.75275	
-0.00183105	8.74756	
-0.00213623	8.76099	
-0.00213623	8.74817	
-0.00274658	8.76312	
-0.00152588	8.76465	
-0.00274658	8.76801	
-0.00183105	8.75671	
-0.00244141	8.74146	
-0.00183105	8.73901	
-0.00152588	8.75183	
-0.00244141	8.76648	
-0.00183105	8.77594	
-0.00244141	8.77136	
-0.00213623	8.75946	
-0.00213623	8.75427	
-0.00305176	8.7738	
-0.00213623	8.7674	
-0.00244141	8.77472	
-0.00213623	8.75031	
-0.00213623	8.78265	
-0.00152588	8.75061	
-0.00183105	8.75122	
-0.00183105	8.75671	
-0.00305176	8.77533	
-0.00183105	8.78143	
-0.00244141	8.77197	
-0.00244141	8.76373	
-0.00183105	8.76526	
-0.00213623	8.75427	
-0.00244141	8.76404	
-0.00183105	8.7384	
-0.00213623	8.7439	
-0.00213623	8.76007	
-0.00152588	8.75549	
-0.00244141	8.75702	
-0.00213623	8.74908	
-0.00213623	8.75092	
-0.00213623	8.77106	
-0.00213623	8.75549	
-0.00244141	8.75671	
-0.00244141	8.75519	
-0.00244141	8.7558	
-0.00274658	8.74908	
-0.00213623	8.76465	
-0.00152588	8.76038	
-0.00213623	8.75488	
-0.00244141	8.76038	
-0.00274658	8.74817	
-0.00244141	8.77655	
-0.00152588	8.75824	
-0.00152588	8.76648	
-0.00183105	8.76404	
-0.00213623	8.76068	
-0.00213623	8.77106	
-0.00244141	8.7793	
-0.00152588	8.7619	
-0.00213623	8.75	
-0.00244141	8.76343	
-0.00244141	8.7735	
-0.00183105	8.75305	
-0.00274658	8.74878	
-0.00183105	8.76221	
-0.00305176	8.75458	
-0.0012207	8.7616	
-0.00244141	8.7677	
-0.00244141	8.76678	
-0.00244141	8.76373	
-0.00244141	8.77563	
-0.00244141	8.77228	
-0.00274658	8.74329	
-0.00152588	8.76953	
-0.00213623	8.74207	
-0.00213623	8.74512	
-0.00183105	8.76587	
-0.00152588	8.78082	
-0.00244141	8.75702	
-0.00183105	8.77472	
-0.00335693	8.77228	
-0.00213623	8.75061	
-0.00152588	8.7674	
-0.00244141	8.76801	
-0.00183105	8.76343	
-0.00183105	8.77441	
-0.00274658	8.76068	
-0.00213623	8.76801	
-0.00335693	8.75183	
-0.00244141	8.75671	
-0.00213623	8.76648	
-0.00244141	8.76312	
-0.00274658	8.7793	
-0.00152588	8.74512	
-0.00213623	8.75031	
-0.00213623	8.7558	
-0.00183105	8.75366	
-0.00335693	8.7561	
-0.00244141	8.78418	
-0.00183105	8.77075	
-0.00335693	8.78571	
-0.00213623	8.76007	
-0.00183105	8.75793	
-0.00152588	8.76862	
-0.00335693	8.76007	
-0.00244141	8.76892	
-0.00183105	8.75488	
-0.00335693	8.76923	
-0.00274658	8.76587	
-0.00335693	8.77106	
-0.00274658	8.7616	
-0.00274658	8.76343	
-0.00274658	8.76007	
-0.00274658	8.76587	
-0.00274658	8.75946	
-0.00213623	8.75183	
-0.00274658	8.76007	
-0.00305176	8.75488	
-0.00305176	8.7619	
-0.00274658	8.76221	
-0.00274658	8.76617	
-0.00244141	8.77838	
-0.00213623	8.77411	
-0.00244141	8.76373	
-0.00274658	8.75397	
-0.00335693	8.76404	
-0.00274658	8.77228	
-0.00213623	8.76587	
-0.00213623	8.76221	
-0.00305176	8.76129	
-0.00274658	8.76099	
-0.00244141	8.76038	
-0.00244141	8.75092	
-0.00274658	8.75305	
-0.00244141	8.75244	
-0.00366211	8.72711	
-0.00213623	8.74969	
-0.0012207	8.76556	
-0.00305176	8.78601	
-0.00244141	8.7674	
-0.00183105	8.76099	
-0.00244141	8.76434	
-0.00305176	8.75366	
-0.00305176	8.75824	
-0.00244141	8.77045	
-0.00274658	8.76312	
-0.00244141	8.76038	
-0.00244141	8.75977	
-0.00244141	8.75732	
-0.00274658	8.75183	
-0.00274658	8.76007	
-0.00335693	8.76099	
-0.00274658	8.76434	
-0.00213623	8.76648	
-0.00274658	8.7674	
-0.00366211	8.75824	
-0.00213623	8.77045	
-0.00305176	8.75916	
-0.00213623	8.76556	
-0.00244141	8.75519	
-0.00274658	8.78021	
-0.00244141	8.7674	
-0.00305176	8.73596	
-0.00244141	8.75153	
-0.00274658	8.74756	
-0.00244141	8.74695	
-0.00305176	8.74847	
-0.00305176	8.74512	
-0.00244141	8.77869	
-0.00213623	8.77594	
-0.00305176	8.76648	
-0.00244141	8.77289	
-0.00213623	8.78052	
-0.00213623	8.76648	
-0.00305176	8.76862	
-0.00366211	8.74634	
-0.00274658	8.75732	
-0.00366211	8.75183	
-0.00274658	8.75885	
-0.00305176	8.7558	
-0.00244141	8.7619	
-0.00305176	8.74603	
-0.00274658	8.7735	
-0.00366211	8.76862	
-0.00244141	8.77472	
-0.00213623	8.76007	
-0.00183105	8.75	
-0.00335693	8.74634	
-0.00274658	8.74664	
-0.00305176	8.74969	
-0.00183105	8.76221	
-0.00183105	8.75763	
-0.00244141	8.75641	
-0.00335693	8.75916	
-0.00305176	8.77655	
-0.00244141	8.77014	
-0.00244141	8.7677	
-0.00244141	8.77289	
-0.00396729	8.76404	
-0.00213623	8.74237	
-0.00213623	8.76923	
-0.00305176	8.76465	
-0.00305176	8.76617	
-0.00274658	8.76068	
-0.00274658	8.78326	
-0.00305176	8.77777	
-0.00213623	8.76434	
-0.00274658	8.76282	
-0.00366211	8.7735	
-0.00274658	8.76587	
-0.00183105	8.77289	
-0.00244141	8.76648	
-0.00335693	8.77106	
-0.00305176	8.77228	
-0.00213623	8.76251	
-0.00244141	8.77014	
-0.00213623	8.75427	
-0.00274658	8.75916	
-0.00244141	8.76831	
-0.00274658	8.76709	
-0.00305176	8.76465	
-0.00213623	8.75183	
-0.00305176	8.7677	
-0.00274658	8.75183	
-0.00274658	8.76801	
-0.00244141	8.74359	
-0.00274658	8.77136	
-0.00274658	8.75427	
-0.00213623	8.77197	
-0.00305176	8.76282	
-0.00213623	8.77289	
-0.00366211	8.7616	
-0.00274658	8.75824	
-0.00213623	8.76434	
-0.00274658	8.73535	
-0.00244141	8.76038	
-0.00366211	8.74268	
-0.00274658	8.74268	
-0.00183105	8.74542	
-0.00213623	8.74176	
-0.00274658	8.75214	
-0.00335693	8.74847	
-0.00244141	8.74878	
-0.00183105	8.75519	
-0.00305176	8.76892	
-0.00274658	8.74451	
-0.00305176	8.75702	
-0.00213623	8.74603	
-0.00274658	8.76495	
-0.00274658	8.73901	
-0.00366211	8.75427	
-0.00274658	8.74908	
-0.00183105	8.75916	
-0.00244141	8.75427	
-0.00244141	8.75092	
-0.00244141	8.75244	
-0.00244141	8.75092	
-0.00274658	8.74847	
-0.00213623	8.74847	
-0.00305176	8.74847	
-0.00305176	8.75671	
-0.00213623	8.75366	
-0.00305176	8.74023	
-0.00213623	8.76099	
-0.00305176	8.75031	
-0.00305176	8.75214	
-0.00274658	8.75824	
-0.00274658	8.75824	
-0.00244141	8.73871	
-0.00244141	8.75641	
-0.00274658	8.73718	
-0.00244141	8.74573	
-0.00244141	8.74908	
-0.00274658	8.73749	
-0.00244141	8.75702	
-0.00274658	8.74847	
-0.00274658	8.76007	
-0.00152588	8.75702	
-0.00274658	8.74878	
-0.00213623	8.77441	
-0.00274658	8.75275	
-0.00244141	8.73749	
-0.00274658	8.75	
-0.00213623	8.74573	
-0.00274658	8.74847	
-0.00274658	8.75122	
-0.00244141	8.73474	
-0.00305176	8.76221	
-0.00274658	8.74298	
-0.00274658	8.7558	
-0.00274658	8.73566	
-0.00213623	8.76129	
-0.00274658	8.74939	
-0.00244141	8.75671	
-0.00213623	8.70911	
-0.00213623	8.75977	
-0.00244141	8.7442	
-0.00305176	8.75183	
-0.00335693	8.75763	
-0.00305176	8.75702	
-0.00274658	8.75458	
-0.00274658	8.75214	
-0.00244141	8.75519	
-0.00274658	8.75092	
-0.00244141	8.75793	
-0.00335693	8.76862	
-0.00335693	8.76068	
-0.00213623	8.75275	
-0.00213623	8.74573	
-0.00244141	8.74695	
-0.00274658	8.75977	
-0.00305176	8.75122	
-0.00183105	8.76221	
-0.00305176	8.74969	
-0.00244141	8.74817	
-0.00305176	8.75214	
-0.00305176	8.75397	
-0.00274658	8.79211	
-0.00244141	8.76312	
-0.00274658	8.76892	
-0.00305176	8.76007	
-0.00244141	8.75885	
-0.00244141	8.76678	
-0.00244141	8.76587	
-0.00213623	8.75671	
-0.00305176	8.75793	
-0.00274658	8.76892	
-0.00244141	8.73535	
-0.00152588	8.75854	
-0.00213623	8.75702	
-0.00244141	8.75732	
-0.00244141	8.76129	
-0.00183105	8.74756	
-0.00305176	8.75854	
-0.00244141	8.75519	
-0.00366211	8.75732	
-0.00274658	8.7442	
-0.00183105	8.74817	
-0.00244141	8.76312	
-0.00213623	8.75732	
-0.00305176	8.76465	
-0.00244141	8.75885	
-0.00274658	8.7619	
-0.00274658	8.7674	
-0.00244141	8.75305	
-0.00244141	8.75305	
-0.00213623	8.74023	
-0.00244141	8.76404	
-0.00335693	8.75092	
-0.00305176	8.75763	
-0.00183105	8.72589	
-0.00274658	8.73749	
-0.00244141	8.74573	
-0.00335693	8.76099	
-0.00274658	8.75336	
-0.00213623	8.76312	
-0.00213623	8.74329	
-0.00244141	8.74573	
-0.00427246	8.75122	
-0.00183105	8.73901	
-0.00152588	8.75458	
-0.00274658	8.75763	
-0.00274658	8.74847	
-0.00305176	8.74298	
-0.00213623	8.73749	
-0.00244141	8.7384	
-0.00213623	8.72955	
-0.00213623	8.75916	
-0.00305176	8.73199	
-0.00244141	8.73383	
-0.00213623	8.73199	
-0.00152588	8.74146	
-0.00274658	8.73932	
-0.00213623	8.73871	
-0.00213623	8.73352	
-0.00244141	8.73993	
-0.00244141	8.74115	
-0.00274658	8.74634	
-0.00274658	8.73383	
-0.00213623	8.74542	
-0.00274658	8.74176	
-0.00305176	8.74969	
-0.00335693	8.7384	
-0.00213623	8.73474	
-0.00274658	8.73291	
-0.00213623	8.74268	
-0.00213623	8.74512	
-0.00244141	8.74298	
-0.00244141	8.74207	
-0.00244141	8.76221	
-0.00213623	8.74207	
-0.00305176	8.74023	
-0.00274658	8.74176	
-0.00244141	8.74969	
-0.00213623	8.73749	
-0.00183105	8.74268	
-0.00305176	8.74603	
-0.00305176	8.75	
-0.00213623	8.74817	
-0.00274658	8.74359	
-0.00305176	8.75122	
-0.00183105	8.74237	
-0.00244141	8.74176	
-0.00244141	8.74664	
-0.00274658	8.74939	
-0.00305176	8.75977	
-0.00213623	8.76068	
-0.00244141	8.75671	
-0.00274658	8.76038	
-0.00396729	8.75519	
-0.00244141	8.75549	
-0.00213623	8.75183	
-0.00244141	8.76251	
-0.00244141	8.76648	
-0.00274658	8.75519	
-0.00244141	8.76007	
-0.00244141	8.7561	
-0.00152588	8.7558	
-0.00213623	8.75366	
-0.00152588	8.74481	
-0.00274658	8.74878	
-0.00244141	8.75214	
-0.00274658	8.74451	
-0.00213623	8.7619	
-0.00213623	8.75549	
-0.00213623	8.75732	
-0.00274658	8.75244	
-0.00244141	8.7561	
-0.00213623	8.7439	
-0.00305176	8.75458	
-0.00274658	8.76129	
-0.00335693	8.74847	
-0.00183105	8.76373	
-0.00274658	8.73505	
-0.00305176	8.74542	
-0.00366211	8.73474	
-0.00274658	8.74542	
-0.00213623	8.75061	
-0.00274658	8.75153	
-0.00244141	8.74817	
-0.00335693	8.74329	
-0.00305176	8.75916	
-0.00213623	8.75061	
-0.00244141	8.76801	
-0.00274658	8.75153	
-0.00274658	8.75488	
-0.00305176	8.74023	
-0.00274658	8.74939	
-0.00213623	8.75702	
-0.00274658	8.75214	
-0.00213623	8.75366	
-0.00213623	8.7674	
-0.00183105	8.7619	
-0.00213623	8.75366	
-0.00274658	8.7439	
-0.00274658	8.73505	
-0.00274658	8.75854	
-0.00244141	8.74512	
-0.00305176	8.75275	
-0.00244141	8.73413	
-0.00305176	8.73291	
-0.00244141	8.73138	
-0.00244141	8.73108	
-0.00213623	8.75305	
-0.00244141	8.74329	
-0.00244141	8.7442	
-0.00274658	8.73322	
-0.00274658	8.7326	
-0.00366211	8.73779	
-0.00335693	8.73535	
-0.00183105	8.75092	
-0.00244141	8.73291	
-0.00213623	8.73749	
-0.00366211	8.73657	
-0.00335693	8.74298	
-0.00274658	8.74176	
-0.00213623	8.73932	
-0.00244141	8.74817	
-0.00305176	8.73962	
-0.00305176	8.72833	
-0.00274658	8.73749	
-0.00305176	8.73138	
-0.00213623	8.74817	
-0.00244141	8.73322	
-0.00274658	8.75031	
-0.00274658	8.74176	
-0.00274658	8.73566	
-0.00274658	8.74908	
-0.00213623	8.73627	
-0.00244141	8.74329	
-0.00274658	8.76038	
-0.00274658	8.76953	
-0.00274658	8.74634	
-0.00213623	8.74695	
-0.00274658	8.75641	
-0.00244141	8.74298	
-0.00335693	8.75153	
-0.00335693	8.75458	
-0.00213623	8.74786	
-0.00274658	8.73962	
-0.00305176	8.72894	
-0.00396729	8.73657	
-0.00335693	8.75336	
-0.00213623	8.76831	
-0.00213623	8.74939	
-0.00274658	8.74786	
-0.00274658	8.74695	
-0.00244141	8.75153	
-0.00213623	8.74786	
-0.00274658	8.74908	
-0.00274658	8.74573	
-0.00244141	8.74603	
-0.00274658	8.75641	
-0.00305176	8.7558	
-0.00213623	8.74939	
-0.00305176	8.75549	
-0.00305176	8.75671	
-0.00244141	8.77594	
-0.00213623	8.7674	
-0.00305176	8.75732	
-0.00213623	8.77533	
-0.00244141	8.78296	
-0.00335693	8.77716	
-0.00305176	8.75977	
-0.00305176	8.75488	
-0.00274658	8.74969	
-0.00305176	8.75305	
-0.00335693	8.74725	
-0.00274658	8.75671	
-0.00244141	8.75824	
-0.00274658	8.74023	
-0.00274658	8.76282	
-0.00274658	8.76251	
-0.00244141	8.7561	
-0.00274658	8.75916	
-0.00213623	8.75092	
-0.00244141	8.75488	
-0.00244141	8.75793	
-0.00274658	8.75336	
-0.00366211	8.74329	
-0.00335693	8.75214	
-0.00274658	8.76495	
-0.00213623	8.75153	
-0.00213623	8.74725	
-0.00274658	8.75397	
-0.00305176	8.74359	
-0.00213623	8.7619	
-0.00244141	8.75854	
-0.000915527	8.74146	
0.00457764	8.76862	
0.0143433	8.75275	
0.0363159	8.76068	
0.0857544	8.72253	
0.195923	8.68774	
0.403137	8.62946	
0.714111	8.57819	
1.0849	8.53668	
1.42731	8.4903	
1.70288	8.48389	
1.91772	8.48206	
2.07184	8.45825	
2.18384	8.46191	
2.26044	8.45154	
2.3114	8.43567	
2.34589	8.44635	
2.36877	8.45062	
2.38312	8.46008	
2.39349	8.45306	
2.39929	8.45306	
2.40295	8.45581	
2.40509	8.45978	
2.40814	8.461	
2.40875	8.44452	
2.40875	8.4494	
2.41058	8.46191	
2.41058	8.4613	
2.4118	8.45032	
2.41089	8.43994	
2.41089	8.45947	
2.41089	8.44482	
2.4118	8.45612	
2.41241	8.4433	
2.41211	8.44269	
2.41272	8.44452	
2.41211	8.46558	
2.41211	8.46252	
2.41272	8.4668	
2.41364	8.4726	
2.41333	8.46802	
2.41394	8.48297	
2.41302	8.461	
2.41364	8.47565	
2.41333	8.47046	
2.41302	8.4549	
2.41364	8.47443	
2.41425	8.48511	
2.41486	8.47626	
2.41425	8.45795	
2.41425	8.46283	
2.41547	8.48022	
2.41516	8.48724	
2.41516	8.48938	
2.41608	8.49579	
2.41577	8.48328	
2.41516	8.48175	
2.41608	8.46924	
2.41547	8.48083	
2.41699	8.48663	
2.41638	8.49335	
2.41577	8.48785	
2.41699	8.47015	
2.4176	8.47534	
2.41699	8.479	
2.41669	8.48389	
2.41638	8.46405	
2.41821	8.46039	
2.41852	8.47412	
2.41791	8.4845	
2.41791	8.48175	
2.4173	8.47198	
2.41852	8.47443	
2.41821	8.45276	
2.4176	8.45795	
2.41852	8.46436	
2.41852	8.46497	
2.41974	8.46527	
2.42004	8.47595	
2.42004	8.46588	
2.42004	8.46893	
2.41974	8.49396	
2.42004	8.46741	
2.42004	8.4726	
2.41943	8.47595	
2.42096	8.47412	
2.42065	8.48602	
2.42126	8.45734	
2.42188	8.47748	
2.42188	8.47473	
2.42065	8.47107	
2.42096	8.47534	
2.42157	8.49518	
2.42096	8.46985	
2.42096	8.48206	
2.42218	8.48419	
2.42249	8.46863	
2.42218	8.45673	
2.42279	8.47595	
2.4231	8.46863	
2.4231	8.4668	
2.42249	8.47076	
2.42371	8.46039	
2.42279	8.4552	
2.42401	8.45734	
2.4234	8.46069	
2.4231	8.46832	
2.42462	8.45764	
2.42401	8.45551	
2.42462	8.46558	
2.42432	8.45978	
2.42523	8.47351	
2.42432	8.4494	
2.42523	8.46252	
2.42462	8.45551	
2.42645	8.4552	
2.42584	8.46558	
2.42584	8.4552	
2.42554	8.47015	
2.42615	8.46039	
2.42706	8.4787	
2.42615	8.47107	
2.42706	8.47076	
2.42706	8.46863	
2.42584	8.46741	
2.42767	8.47351	
2.42615	8.46985	
2.42737	8.4729	
2.42615	8.46924	
2.42737	8.47687	
2.42676	8.45978	
2.42798	8.47046	
2.42828	8.45886	
2.42798	8.46619	
2.42828	8.46313	
2.42859	8.46405	
2.42889	8.46619	
2.4292	8.46619	
2.42889	8.45795	
2.42981	8.46893	
2.4292	8.46741	
2.42889	8.45459	
2.42981	8.46985	
2.4295	8.4668	
2.43011	8.47504	
2.4295	8.4613	
2.43011	8.47748	
2.42981	8.45673	
2.43073	8.46985	
2.43073	8.45581	
2.43073	8.44208	
2.43011	8.46985	
2.43103	8.45337	
2.43195	8.44513	
2.43225	8.45032	
2.43225	8.43689	
2.43103	8.45947	
2.43195	8.4491	
2.43042	8.45612	
2.43195	8.43628	
2.43225	8.45337	
2.43225	8.44391	
2.43195	8.44452	
2.43225	8.45093	
2.43225	8.44696	
2.43286	8.45032	
2.43347	8.4433	
2.43317	8.4494	
2.43347	8.44513	
2.43317	8.45978	
2.43286	8.4494	
2.43439	8.44299	
2.43378	8.44299	
2.43378	8.461	
2.43469	8.43811	
2.43408	8.44391	
2.43469	8.45093	
2.43469	8.43811	
2.43469	8.44421	
2.435	8.45856	
2.43408	8.44238	
2.43652	8.44055	
2.43591	8.43781	
2.4353	8.44269	
2.43561	8.43323	
2.43561	8.43933	
2.43652	8.45459	
2.43591	8.43109	
2.43591	8.44757	
2.43591	8.43445	
2.43652	8.44116	
2.43652	8.44208	
2.43744	8.44513	
2.43652	8.44421	
2.43683	8.45825	
2.43683	8.43323	
2.43805	8.43994	
2.43744	8.44727	
2.43744	8.43414	
2.43713	8.46313	
2.43805	8.45612	
2.43805	8.44269	
2.43774	8.45856	
2.43774	8.45642	
2.43835	8.43048	
2.43744	8.43719	
2.43805	8.45245	
2.43896	8.45001	
2.43927	8.45795	
2.43896	8.43719	
2.43835	8.43353	
2.43927	8.45703	
2.43866	8.44818	
2.43927	8.48389	
2.43958	8.44879	
2.43927	8.45459	
2.4408	8.45459	
2.44019	8.44482	
2.44049	8.44421	
2.43988	8.44666	
2.43988	8.45428	
2.4408	8.45032	
2.43958	8.45215	
2.44049	8.44635	
2.44141	8.45184	
2.4408	8.4494	
2.44049	8.45612	
2.44171	8.4549	
2.44141	8.45245	
2.44141	8.45825	
2.44171	8.44055	
2.44232	8.44543	
2.44141	8.44971	
2.44171	8.45337	
2.44202	8.45245	
2.44171	8.45764	
2.44171	8.45612	
2.44171	8.45459	
2.44232	8.44513	
2.44293	8.44116	
2.44324	8.45398	
2.44293	8.44391	
2.44293	8.45825	
2.44171	8.45856	
2.44324	8.44086	
2.44385	8.45367	
2.44415	8.43323	
2.44385	8.43781	
2.44446	8.44269	
2.44415	8.42987	
2.44446	8.43689	
2.44476	8.44177	
2.44446	8.45764	
2.44385	8.44757	
2.44476	8.43903	
2.44476	8.44147	
2.44446	8.44147	
2.44446	8.43506	
2.44476	8.43231	
2.44476	8.42834	
2.44568	8.44238	
2.44568	8.44116	
2.44568	8.45459	
2.44507	8.43567	
2.44629	8.44025	
2.44568	8.43353	
2.44659	8.42072	
2.44659	8.43842	
2.44629	8.43689	
2.44629	8.43048	
2.4469	8.42865	
2.4469	8.42712	
2.44659	8.41949	
2.4472	8.43323	
2.4469	8.44177	
2.4472	8.44299	
2.4472	8.45734	
2.4472	8.45062	
2.4469	8.45795	
2.44781	8.44788	
2.4472	8.45551	
2.44843	8.45123	
2.4469	8.4491	
2.44873	8.44543	
2.44812	8.45245	
2.44904	8.43964	
2.44934	8.45062	
2.44843	8.44635	
2.44843	8.4375	
2.44843	8.44208	
2.44934	8.44208	
2.44934	8.43414	
2.44934	8.44788	
2.44965	8.45215	
2.45026	8.4491	
2.44904	8.4494	
2.44904	8.45001	
2.44934	8.45734	
2.44995	8.4552	
2.45117	8.44269	
2.44995	8.44147	
2.45056	8.44818	
2.44995	8.42957	
2.44995	8.44635	
2.45056	8.41492	
2.45087	8.42163	
2.44995	8.43109	
2.45056	8.43414	
2.45087	8.43475	
2.45117	8.43292	
2.45117	8.44055	
2.45117	8.44971	
2.45148	8.43781	
2.45117	8.41858	
2.45117	8.42072	
2.45178	8.4256	
2.45087	8.45215	
2.453	8.43658	
2.45148	8.43933	
2.45087	8.42773	
2.45178	8.43262	
2.453	8.44086	
2.45331	8.4494	
2.453	8.46039	
2.4527	8.4436	
2.45209	8.45764	
2.453	8.45062	
2.453	8.44849	
2.45361	8.46222	
2.45331	8.44635	
2.453	8.4433	
2.45392	8.44299	
2.45422	8.42438	
2.45392	8.42834	
2.45453	8.42468	
2.45453	8.44147	
2.45483	8.41064	
2.45483	8.44482	
2.45361	8.42743	
2.45514	8.42438	
2.45422	8.43048	
2.45453	8.42804	
2.45483	8.43811	
2.45514	8.43689	
2.45514	8.43628	
2.45483	8.43811	
2.45575	8.42438	
2.45575	8.43628	
2.45605	8.44055	
2.45514	8.42834	
2.45636	8.44696	
2.45544	8.42987	
2.45605	8.43811	
2.45667	8.43292	
2.45575	8.43933	
2.45667	8.43353	
2.45697	8.4201	
2.45605	8.41675	
2.45636	8.43903	
2.45636	8.41522	
2.45697	8.41064	
2.45697	8.40027	
2.45728	8.42224	
2.45758	8.41797	
2.45728	8.41705	
2.45728	8.4198	
2.45728	8.43353	
2.45758	8.42438	
2.45789	8.43018	
2.4588	8.45276	
2.45789	8.43353	
2.45789	8.42651	
2.45819	8.43414	
2.45941	8.42804	
2.4588	8.42651	
2.4585	8.41217	
2.4585	8.44116	
2.45972	8.44025	
2.45911	8.4317	
2.45941	8.41797	
2.45789	8.4259	
2.46033	8.42834	
2.45941	8.43262	
2.45972	8.43353	
2.46002	8.42468	
2.46002	8.42957	
2.45972	8.43842	
2.46094	8.41553	
2.45972	8.42346	
2.46002	8.4259	
2.46033	8.42468	
2.46094	8.42438	
2.46033	8.43842	
2.46033	8.41797	
2.46094	8.43292	
2.46094	8.42712	
2.46094	8.41309	
2.46185	8.4137	
2.46124	8.40332	
2.46185	8.39874	
2.46155	8.40973	
2.46155	8.41766	
2.46033	8.43597	
2.46246	8.43994	
2.46216	8.43018	
2.46216	8.41003	
2.46246	8.43048	
2.46185	8.43811	
2.46185	8.42468	
2.46399	8.42468	
2.46277	8.43536	
2.46307	8.43353	
2.46246	8.41949	
2.46338	8.43201	
2.46338	8.44147	
2.46338	8.42834	
2.46368	8.42377	
2.46277	8.43536	
2.46399	8.43445	
2.4649	8.43506	
2.46429	8.45123	
2.46368	8.44452	
2.46399	8.43933	
2.46368	8.42957	
2.4646	8.43781	
2.46399	8.43689	
2.46399	8.42682	
2.46399	8.43262	
2.46429	8.44208	
2.46582	8.43628	
2.4649	8.43414	
2.46582	8.45856	
2.46429	8.42255	
2.4649	8.42072	
2.46582	8.41797	
2.46613	8.4137	
2.46613	8.42743	
2.4646	8.43658	
2.4649	8.43903	
2.46643	8.44757	
2.46613	8.43903	
2.46582	8.43903	
2.46552	8.42621	
2.46613	8.4494	
2.46643	8.43262	
2.46674	8.44238	
2.46582	8.42468	
2.4649	8.42804	
2.46643	8.43597	
2.46765	8.414	
2.46796	8.42529	
2.46735	8.41431	
2.46735	8.42194	
2.46735	8.43414	
2.46765	8.41248	
2.46765	8.4082	
2.46826	8.41827	
2.46765	8.4256	
2.46796	8.44482	
2.46857	8.44086	
2.46796	8.44299	
2.46796	8.42743	
2.46887	8.4436	
2.46857	8.44727	
2.46826	8.41644	
2.46826	8.42346	
2.46918	8.42621	
2.46796	8.42407	
2.46887	8.43475	
2.46857	8.42804	
2.46857	8.42865	
2.46979	8.42834	
2.47009	8.44849	
2.46948	8.43201	
2.46979	8.44238	
2.46948	8.43842	
2.4704	8.43811	
2.47009	8.43567	
2.47009	8.43262	
2.46979	8.43689	
2.46979	8.44482	
2.47009	8.42651	
2.4707	8.43262	
2.4704	8.45123	
2.46979	8.44055	
2.47162	8.43201	
2.46979	8.44208	
2.47131	8.44788	
2.47101	8.43323	
2.47192	8.43231	
2.47162	8.44788	
2.46979	8.43994	
2.47162	8.42468	
2.47314	8.42407	
2.47192	8.42194	
2.47162	8.43872	
2.47162	8.43323	
2.47131	8.43842	
2.47253	8.42834	
2.47162	8.42651	
2.47284	8.43536	
2.47314	8.43933	
2.47314	8.42194	
2.47284	8.44055	
2.47345	8.43597	
2.47345	8.43292	
2.47314	8.43414	
2.47284	8.42804	
2.47284	8.42285	
2.47375	8.45032	
2.47406	8.43567	
2.47345	8.45154	
2.47345	8.43842	
2.47314	8.43231	
2.47437	8.44238	
2.47406	8.43689	
2.47498	8.44025	
2.47437	8.45367	
2.47467	8.43628	
2.47559	8.45123	
2.47498	8.45215	
2.47467	8.4433	
2.47498	8.44666	
2.47345	8.43201	
2.47375	8.43872	
2.47589	8.45795	
2.47498	8.47076	
2.47559	8.47046	
2.47528	8.45276	
2.4762	8.45642	
2.47559	8.45612	
2.4762	8.46466	
2.47681	8.45673	
2.4762	8.45398	
2.4765	8.46069	
2.4765	8.46008	
2.4765	8.45276	
2.47742	8.46497	
2.4765	8.44574	
2.4762	8.45032	
2.4762	8.43811	
2.47681	8.44849	
2.47833	8.45245	
2.47803	8.45612	
2.47711	8.43567	
2.47711	8.44666	
2.47681	8.45062	
2.47864	8.43353	
2.47833	8.43811	
2.47711	8.44238	
2.47742	8.45978	
2.47833	8.46497	
2.47803	8.44177	
2.47833	8.44513	
2.47925	8.44208	
2.47955	8.44757	
2.47833	8.44513	
2.47925	8.45551	
2.47864	8.45612	
2.47925	8.45245	
2.47894	8.46588	
2.47986	8.4549	
2.47925	8.45154	
2.47955	8.4613	
2.47986	8.46344	
2.48047	8.47137	
2.48077	8.4668	
2.48108	8.48816	
2.48016	8.47321	
2.47986	8.46161	
2.48047	8.48541	
2.48108	8.47656	
2.48047	8.45764	
2.48108	8.45917	
2.48199	8.44666	
2.48108	8.45734	
2.48016	8.46771	
2.48047	8.47809	
2.48047	8.46222	
2.48169	8.48297	
2.48169	8.4668	
2.4823	8.46436	
2.48199	8.47321	
2.48199	8.47168	
2.48169	8.46436	
2.48199	8.4787	
2.4823	8.48022	
2.48199	8.46741	
2.48199	8.4729	
2.4826	8.46069	
2.48169	8.46558	
2.4826	8.4787	
2.48322	8.45764	
2.48291	8.48053	
2.48291	8.45215	
2.48322	8.46283	
2.48352	8.46375	
2.48291	8.45764	
2.48291	8.46741	
2.48322	8.45245	
2.48352	8.45917	
2.4826	8.4436	
2.48383	8.46222	
2.48444	8.45703	
2.48413	8.46832	
2.48352	8.47046	
2.4826	8.46954	
2.48474	8.47107	
2.48474	8.46252	
2.48383	8.48145	
2.48413	8.48328	
2.48474	8.47809	
2.48413	8.47107	
2.48535	8.48602	
2.48535	8.46527	
2.48505	8.47473	
2.48444	8.48541	
2.48535	8.48389	
2.48535	8.48846	
2.48566	8.46375	
2.48535	8.47076	
2.48535	8.47961	
2.48566	8.46161	
2.48596	8.47778	
2.48474	8.48907	
2.48688	8.48755	
2.48627	8.47595	
2.48688	8.46863	
2.48718	8.47107	
2.48718	8.48145	
2.48627	8.47473	
2.48688	8.46802	
2.48688	8.4726	
2.48688	8.48083	
2.48688	8.47443	
2.48718	8.48633	
2.48688	8.46558	
2.48749	8.47839	
2.48779	8.47839	
2.48779	8.47748	
2.48688	8.47046	
2.48749	8.4848	
2.4884	8.479	
2.4884	8.49518	
2.4881	8.46924	
2.48901	8.48022	
2.4881	8.47015	
2.48871	8.479	
2.4884	8.47534	
2.4881	8.47351	
2.4884	8.46588	
2.48871	8.4729	
2.48871	8.45947	
2.4884	8.46863	
2.48901	8.4726	
2.48688	8.46405	
2.48962	8.4491	
2.49023	8.45642	
2.48962	8.47015	
2.48962	8.46039	
2.4884	8.47626	
2.48932	8.47321	
2.48993	8.47687	
2.48871	8.46191	
2.48932	8.44513	
2.49054	8.45612	
2.49023	8.45428	
2.49054	8.47198	
2.49084	8.45978	
2.49084	8.44971	
2.49023	8.461	
2.49115	8.46466	
2.49115	8.44971	
2.49146	8.43475	
2.49084	8.44818	
2.49054	8.44238	
2.49115	8.44666	
2.49146	8.4491	
2.49146	8.44696	
2.49146	8.45795	
2.49084	8.46741	
2.49176	8.45764	
2.49207	8.45703	
2.49207	8.46741	
2.49146	8.45734	
2.49207	8.45428	
2.49237	8.46802	
2.49207	8.4552	
2.49176	8.4494	
2.49207	8.45978	
2.49176	8.4671	
2.49237	8.47168	
2.49237	8.48389	
2.49298	8.46558	
2.49329	8.47382	
2.49298	8.47534	
2.49359	8.46069	
2.49298	8.46863	
2.49359	8.46558	
2.4939	8.47351	
2.49359	8.479	
2.4942	8.46802	
2.4939	8.47198	
2.4942	8.47351	
2.49329	8.47473	
2.49359	8.46344	
2.4939	8.47351	
2.4939	8.47015	
2.4939	8.4787	
2.49359	8.46405	
2.4939	8.46161	
2.49512	8.47565	
2.49542	8.46802	
2.49481	8.48175	
2.49451	8.47229	
2.49481	8.47382	
2.49573	8.47229	
2.49481	8.47137	
2.49542	8.47076	
2.4942	8.48602	
2.49634	8.49945	
2.49481	8.49182	
2.49603	8.48969	
2.49573	8.48022	
2.49603	8.49335	
2.49664	8.48999	
2.49664	8.49426	
2.49695	8.47534	
2.49634	8.47443	
2.49603	8.48785	
2.49573	8.46893	
2.49664	8.49213	
2.49664	8.4845	
2.49634	8.47778	
2.49695	8.49823	
2.49664	8.48907	
2.49634	8.50037	
2.49786	8.49701	
2.49756	8.50311	
2.49725	8.49487	
2.49664	8.51349	
2.49725	8.48999	
2.49756	8.49274	
2.49786	8.47839	
2.49756	8.47717	
2.49817	8.48846	
2.49817	8.48083	
2.49908	8.48419	
2.49786	8.47992	
2.49847	8.49701	
2.49847	8.48572	
2.49847	8.48236	
2.49756	8.47351	
2.49817	8.44543	
2.49878	8.46222	
2.49878	8.461	
2.49908	8.45154	
2.49847	8.461	
2.49847	8.43964	
2.49878	8.44513	
2.49939	8.43781	
2.49908	8.44147	
2.49847	8.44421	
2.49969	8.46588	
2.49908	8.44116	
2.49969	8.44574	
2.49939	8.4436	
2.50061	8.44025	
2.50061	8.44818	
2.49939	8.44574	
2.49969	8.44269	
2.50061	8.47076	
2.50031	8.46191	
2.50031	8.4433	
2.50061	8.45245	
2.50122	8.44208	
2.50061	8.44391	
2.5	8.45612	
2.49939	8.45062	
2.50031	8.46222	
2.50122	8.46588	
2.50061	8.4613	
2.50153	8.44421	
2.50183	8.4433	
2.50092	8.45734	
2.50153	8.45001	
2.50122	8.46436	
2.50183	8.4613	
2.50244	8.45978	
2.50183	8.46222	
2.50214	8.4671	
2.50183	8.46954	
2.50183	8.4552	
2.50214	8.44727	
2.50214	8.4613	
2.50122	8.46405	
2.50305	8.46313	
2.50244	8.45612	
2.50305	8.45001	
2.50275	8.44055	
2.50214	8.44757	
2.50214	8.45215	
2.50305	8.46252	
2.50336	8.44879	
2.50305	8.46069	
2.50305	8.4668	
2.50305	8.4494	
2.50275	8.44818	
2.50336	8.4375	
2.50427	8.44452	
2.50336	8.45581	
2.50305	8.43719	
2.50336	8.45917	
2.50427	8.44788	
2.50397	8.45032	
2.50397	8.45428	
2.50336	8.45825	
2.50427	8.44147	
2.50397	8.43597	
2.50488	8.45795	
2.50519	8.45673	
2.50488	8.46069	
2.50397	8.45428	
2.50519	8.45581	
2.50549	8.45428	
2.5058	8.44879	
2.50549	8.43933	
2.50519	8.44757	
2.50519	8.44513	
2.50519	8.46985	
2.5061	8.46252	
2.5061	8.47107	
2.5058	8.46802	
2.5058	8.47687	
2.5058	8.46649	
2.5061	8.45886	
2.50671	8.44971	
2.50549	8.47992	
2.50641	8.46924	
2.5058	8.46497	
2.50671	8.46466	
2.5061	8.46893	
2.50671	8.47107	
2.50702	8.4671	
2.50702	8.45978	
2.50671	8.46863	
2.50702	8.49182	
2.50641	8.47504	
2.50732	8.47839	
2.50793	8.49518	
2.50702	8.49335	
2.50732	8.4848	
2.50671	8.47748	
2.50702	8.47748	
2.50671	8.48511	
2.50763	8.47931	
2.50824	8.48053	
2.50732	8.47992	
2.50702	8.46405	
2.50732	8.46832	
2.50885	8.47076	
2.50702	8.48358	
2.50824	8.47626	
2.50854	8.46954	
2.50885	8.47198	
2.50885	8.46527	
2.50885	8.46191	
2.50916	8.45917	
2.50946	8.45001	
2.50885	8.45001	
2.50916	8.45947	
2.50916	8.44513	
2.51038	8.46313	
2.50916	8.46802	
2.50916	8.47656	
2.50916	8.46588	
2.50946	8.45978	
2.50946	8.44971	
2.50977	8.45184	
2.51007	8.44757	
2.51007	8.45001	
2.51099	8.45123	
2.51038	8.45062	
2.51068	8.45001	
2.51038	8.46924	
2.50977	8.46252	
2.51068	8.45123	
2.51129	8.42346	
2.51038	8.44604	
2.50977	8.45245	
2.51068	8.46405	
2.51038	8.45062	
2.51099	8.45276	
2.51129	8.45184	
2.5116	8.45673	
2.51129	8.45398	
2.5116	8.46527	
2.51129	8.46252	
2.51099	8.461	
2.51221	8.46283	
2.5119	8.44574	
2.51221	8.44299	
2.51129	8.44788	
2.51129	8.44574	
2.51251	8.44696	
2.5119	8.45276	
2.5116	8.45917	
2.51129	8.4494	
2.51251	8.47076	
2.5116	8.4552	
2.5116	8.45032	
2.51282	8.44452	
2.51251	8.44818	
2.51282	8.45551	
2.51312	8.45612	
2.51221	8.46405	
2.51343	8.46375	
2.51343	8.44391	
2.51404	8.46924	
2.51343	8.44971	
2.51312	8.45642	
2.51312	8.46222	
2.51343	8.46222	
2.51343	8.45886	
2.51343	8.46069	
2.51404	8.46741	
2.51373	8.47717	
2.51434	8.44879	
2.51495	8.44391	
2.51434	8.44055	
2.51465	8.45306	
2.51434	8.4491	
2.51495	8.4433	
2.51495	8.42529	
2.51465	8.4494	
2.51556	8.43811	
2.51556	8.45123	
2.51556	8.43201	
2.51495	8.42926	
2.51526	8.43231	
2.51465	8.42987	
2.51465	8.43262	
2.51648	8.43567	
2.51556	8.44147	
2.51648	8.45154	
2.51526	8.44818	
2.51556	8.44482	
2.51617	8.44238	
2.51556	8.43658	
2.51648	8.44421	
2.51617	8.44604	
2.51617	8.43719	
2.51678	8.43811	
2.51648	8.43018	
2.51678	8.45398	
2.51556	8.42926	
2.51648	8.45123	
2.51617	8.44421	
2.5174	8.43872	
2.51678	8.46222	
2.51678	8.44696	
2.51709	8.43567	
2.5177	8.43414	
2.51801	8.44727	
2.51801	8.43536	
2.51678	8.44025	
2.5174	8.45367	
2.5174	8.43445	
2.5174	8.42773	
2.5174	8.42926	
2.51801	8.43445	
2.51862	8.42743	
2.51831	8.41919	
2.51801	8.42682	
2.51862	8.41675	
2.51892	8.43536	
2.51801	8.42834	
2.51831	8.42773	
2.51892	8.4256	
2.51953	8.42194	
2.51953	8.42926	
2.51892	8.40698	
2.51923	8.41248	
2.51984	8.41064	
2.51953	8.40424	
2.52014	8.40149	
2.51984	8.40332	
2.51984	8.42957	
2.51831	8.40851	
2.51892	8.39935	
2.51953	8.42102	
2.52014	8.41156	
2.52045	8.40668	
2.52014	8.40424	
2.51923	8.40637	
2.52075	8.41003	
2.52075	8.41675	
2.52045	8.38623	
2.52014	8.41095	
2.52014	8.42224	
2.51984	8.4317	
2.52106	8.40729	
2.52106	8.40332	
2.52106	8.42285	
2.52045	8.40607	
2.52045	8.4021	
2.52014	8.41675	
2.52075	8.41217	
2.52075	8.40607	
2.52136	8.41248	
2.52167	8.44269	
2.52167	8.4259	
2.52136	8.42834	
2.52075	8.42194	
2.52136	8.4137	
2.52167	8.4198	
2.52106	8.42987	
2.52197	8.42865	
2.52228	8.41888	
2.52197	8.4317	
2.52228	8.41827	
2.52197	8.42773	
2.52197	8.41797	
2.52167	8.41339	
2.52289	8.41553	
2.52289	8.41705	
2.52289	8.40973	
2.52258	8.42194	
2.5235	8.43719	
2.52258	8.42499	
2.52228	8.41797	
2.5235	8.414	
2.52411	8.41156	
2.5235	8.40546	
2.5238	8.41217	
2.52411	8.40118	
2.5235	8.40515	
2.52502	8.40576	
2.52289	8.39294	
2.52441	8.41278	
2.52319	8.41736	
2.52289	8.40607	
2.52472	8.40393	
2.5235	8.41156	
2.52411	8.42133	
2.52502	8.42529	
2.52441	8.40454	
2.52502	8.41858	
2.5235	8.40851	
2.52563	8.41461	
2.52502	8.40027	
2.52472	8.41187	
2.52472	8.39813	
2.52502	8.42377	
2.52533	8.42072	
2.52563	8.40027	
2.52502	8.3963	
2.52472	8.41156	
2.52502	8.39874	
2.52655	8.3847	
2.52594	8.4024	
2.52594	8.39478	
2.52533	8.4082	
2.52533	8.39569	
2.52594	8.40637	
2.52594	8.39722	
2.52594	8.39722	
2.52655	8.39905	
2.52655	8.40942	
2.52563	8.41064	
2.52563	8.4024	
2.52625	8.40485	
2.52594	8.42712	
2.52716	8.40485	
2.52625	8.40332	
2.52655	8.42712	
2.52594	8.40729	
2.52625	8.40881	
2.52716	8.40912	
2.52655	8.39905	
2.52777	8.38226	
2.52808	8.4201	
2.52777	8.4198	
2.52747	8.41644	
2.52777	8.39081	
2.52655	8.41095	
2.52716	8.42529	
2.52808	8.40546	
2.52747	8.3963	
2.52808	8.39447	
2.52747	8.41919	
2.52808	8.39233	
2.52808	8.40851	
2.52747	8.40332	
2.52747	8.41766	
2.52869	8.40729	
2.52838	8.39569	
2.52838	8.42499	
2.52808	8.41339	
2.5293	8.40973	
2.52899	8.41827	
2.5293	8.41949	
2.5296	8.42194	
2.5293	8.41644	
2.5296	8.42865	
2.5293	8.41644	
2.5296	8.42133	
2.52899	8.4082	
2.52869	8.41797	
2.52991	8.41614	
2.52899	8.41644	
2.52869	8.41461	
2.5293	8.41827	
2.53021	8.40546	
2.5296	8.42194	
2.53052	8.43475	
2.52869	8.41888	
2.53021	8.43567	
2.5296	8.42377	
2.5296	8.41583	
2.53052	8.42499	
2.52991	8.42743	
2.53052	8.43048	
2.53082	8.43689	
2.53021	8.44025	
2.53021	8.44452	
2.53082	8.42896	
2.53143	8.42529	
2.53143	8.4259	
2.53143	8.43231	
2.53174	8.43262	
2.53143	8.41125	
2.53052	8.4201	
2.53021	8.4314	
2.53174	8.43475	
2.53082	8.44543	
2.53143	8.45551	
2.53113	8.43994	
2.53235	8.44208	
2.53204	8.43628	
2.53326	8.43384	
2.53235	8.43964	
2.53265	8.4552	
2.53113	8.44452	
2.53265	8.43811	
2.53296	8.4201	
2.53204	8.44086	
2.53204	8.43231	
2.53357	8.43964	
2.53265	8.43201	
2.53326	8.43353	
2.53204	8.42621	
2.53326	8.40881	
2.53326	8.41095	
2.53296	8.41217	
2.53204	8.4082	
2.53204	8.40363	
2.53418	8.42133	
2.53265	8.42407	
2.53326	8.41064	
2.53387	8.41644	
2.53326	8.43689	
2.53357	8.4198	
2.53387	8.42499	
2.53326	8.41827	
2.53387	8.41522	
2.53387	8.41553	
2.53448	8.4314	
2.53448	8.44116	
2.53418	8.43292	
2.53448	8.41888	
2.53418	8.41064	
2.53448	8.41888	
2.5354	8.4259	
2.5354	8.41614	
2.5354	8.43079	
2.5351	8.41888	
2.5351	8.42072	
2.5351	8.42163	
2.53601	8.41644	
2.53571	8.42194	
2.53571	8.42346	
2.53632	8.42133	
2.53571	8.42194	
2.5351	8.41187	
2.5354	8.42438	
2.5354	8.42133	
2.53601	8.42163	
2.53662	8.40485	
2.53601	8.41156	
2.53632	8.40912	
2.53601	8.39813	
2.53632	8.39874	
2.53632	8.40027	
2.53662	8.41034	
2.53632	8.40881	
2.53693	8.41583	
2.53662	8.414	
2.53601	8.40363	
2.53723	8.40912	
2.53723	8.40393	
2.53662	8.40027	
2.53693	8.40363	
2.53693	8.38989	
2.53693	8.39996	
2.53693	8.40027	
2.53784	8.396	
2.53723	8.41064	
2.53632	8.40485	
2.53815	8.40149	
2.53876	8.41949	
2.53815	8.38837	
2.53815	8.39722	
2.53815	8.39569	
2.53815	8.37921	
2.53723	8.37006	
2.53845	8.41553	
2.53723	8.41217	
2.53845	8.4137	
2.53906	8.40942	
2.53815	8.40851	
2.53754	8.39874	
2.53815	8.40576	
2.53906	8.39294	
2.53845	8.39691	
2.53937	8.39691	
2.53845	8.40942	
2.53906	8.40668	
2.53937	8.39478	
2.53906	8.40118	
2.53906	8.40057	
2.53937	8.38104	
2.53998	8.39508	
2.53906	8.41034	
2.54028	8.40759	
2.53937	8.39966	
2.53967	8.39508	
2.53937	8.396	
2.54028	8.39874	
2.53845	8.40118	
2.53906	8.40759	
2.53937	8.39203	
2.53998	8.40118	
2.53967	8.4024	
2.53967	8.39142	
2.53937	8.38867	
2.53998	8.41858	
2.54059	8.41431	
2.54059	8.40637	
2.54059	8.40637	
2.54089	8.40546	
2.5415	8.41064	
2.54089	8.414	
2.5415	8.40515	
2.54059	8.42133	
2.54028	8.41064	
2.54211	8.40698	
2.5412	8.39996	
2.54059	8.4021	
2.54089	8.39661	
2.54181	8.39508	
2.54211	8.41461	
2.5415	8.39844	
2.54089	8.40424	
2.5415	8.40942	
2.54211	8.40607	
2.54059	8.40668	
2.54089	8.41492	
2.54181	8.41431	
2.5412	8.4201	
2.54211	8.40698	
2.5415	8.40302	
2.5412	8.40271	
2.54242	8.40576	
2.54181	8.42041	
2.54211	8.42224	
2.54181	8.39844	
2.54272	8.4082	
2.54242	8.41644	
2.54181	8.40637	
2.54211	8.40698	
2.54211	8.41309	
2.54242	8.39142	
2.54303	8.38135	
2.5415	8.40851	
2.54272	8.38898	
2.54364	8.40332	
2.54242	8.40057	
2.54395	8.39691	
2.54303	8.396	
2.54272	8.40973	
2.54242	8.40302	
2.54395	8.40332	
2.54456	8.38959	
2.54395	8.39203	
2.54303	8.38318	
2.54456	8.39264	
2.54395	8.3844	
2.54364	8.37524	
2.54333	8.39081	
2.54456	8.37799	
2.54425	8.37585	
2.54425	8.37036	
2.54395	8.3905	
2.54425	8.3667	
2.54547	8.37982	
2.54547	8.36853	
2.54486	8.39386	
2.54486	8.37128	
2.54456	8.39172	
2.54486	8.38959	
2.54578	8.3847	
2.54547	8.36914	
2.54608	8.36761	
2.54608	8.37463	
2.54517	8.3667	
2.54578	8.38257	
2.54517	8.38013	
2.54578	8.37891	
2.54517	8.38898	
2.54578	8.39355	
2.54578	8.37189	
2.54578	8.36823	
2.54608	8.3606	
2.54608	8.38959	
2.54486	8.36639	
2.54578	8.37036	
2.54639	8.3609	
2.547	8.3725	
2.547	8.36548	
2.54608	8.3606	
2.54669	8.36884	
2.54578	8.37585	
2.54639	8.37433	
2.54669	8.35297	
2.54547	8.35663	
2.54669	8.36517	
2.54669	8.35968	
2.54639	8.38623	
2.54791	8.36823	
2.54669	8.37463	
2.547	8.35938	
2.547	8.37982	
2.5473	8.37524	
2.5473	8.36212	
2.54761	8.37769	
2.54791	8.37433	
2.54669	8.38379	
2.54791	8.3786	
2.54822	8.38654	
2.5473	8.39264	
2.54852	8.3786	
2.54791	8.39539	
2.54822	8.38776	
2.54791	8.38806	
2.54852	8.3902	
2.5473	8.39844	
2.54761	8.37769	
2.54883	8.3905	
2.54852	8.39569	
2.54913	8.39783	
2.54822	8.39264	
2.54944	8.40729	
2.54883	8.39264	
2.54852	8.39264	
2.54791	8.39722	
2.54883	8.38379	
2.54791	8.40576	
2.54913	8.41095	
2.54974	8.4021	
2.54944	8.38745	
2.54883	8.4201	
2.54822	8.38959	
2.54913	8.36975	
2.55005	8.3847	
2.55005	8.37921	
2.54944	8.3905	
2.54944	8.39691	
2.54974	8.39264	
2.55035	8.39905	
2.54913	8.40942	
2.55005	8.40179	
2.54944	8.41003	
2.54883	8.396	
2.55005	8.39996	
2.55066	8.38837	
2.55035	8.39508	
2.54974	8.39142	
2.55035	8.3905	
2.55066	8.3844	
2.55096	8.38013	
2.55096	8.37616	
2.55096	8.38043	
2.55035	8.38867	
2.55127	8.3905	
2.55127	8.38715	
2.55188	8.38593	
2.55096	8.38226	
2.55157	8.38379	
2.55066	8.37921	
2.55096	8.37769	
2.55096	8.367	
2.54974	8.36792	
2.55096	8.36548	
2.55127	8.37067	
2.55096	8.3728	
2.55096	8.37585	
2.55127	8.38531	
2.55188	8.39539	
2.55188	8.38989	
2.55157	8.39996	
2.55188	8.37952	
2.55188	8.38409	
2.55157	8.37677	
2.55249	8.40118	
2.55219	8.40088	
2.55249	8.38989	
2.55157	8.40088	
2.5531	8.41064	
2.55219	8.38806	
2.55219	8.39508	
2.5531	8.39569	
2.55341	8.4024	
2.5531	8.39142	
2.55219	8.40088	
2.5528	8.40973	
2.55341	8.39294	
2.55341	8.39447	
2.55371	8.38928	
2.55402	8.38715	
2.55249	8.39203	
2.5531	8.39996	
2.5528	8.41095	
2.55371	8.40118	
2.55402	8.40576	
2.55341	8.39996	
2.55402	8.38745	
2.5528	8.39294	
2.55402	8.40332	
2.55463	8.40424	
2.55463	8.40576	
2.55341	8.40149	
2.55402	8.40851	
2.55463	8.40149	
2.55371	8.41095	
2.55402	8.4079	
2.55463	8.41187	
2.55402	8.41003	
2.55432	8.40118	
2.55524	8.41064	
2.55463	8.40485	
2.55524	8.40118	
2.55493	8.40393	
2.55493	8.41492	
2.55493	8.396	
2.55554	8.40149	
2.55432	8.40424	
2.55432	8.40363	
2.55554	8.42041	
2.55585	8.41919	
2.55554	8.40363	
2.55524	8.4256	
2.55554	8.4314	
2.55585	8.42285	
2.55524	8.42346	
2.55524	8.41675	
2.55493	8.42438	
2.55585	8.41431	
2.55524	8.41949	
2.55615	8.42987	
2.55615	8.45428	
2.55585	8.43719	
2.55676	8.43536	
2.55524	8.4259	
2.55646	8.414	
2.55554	8.41461	
2.55585	8.40332	
2.55615	8.41003	
2.55646	8.41583	
2.55646	8.41156	
2.55676	8.41248	
2.55676	8.41492	
2.55737	8.41644	
2.55646	8.39844	
2.55615	8.41339	
2.55646	8.40973	
2.55707	8.4137	
2.55646	8.41949	
2.55676	8.41888	
2.55646	8.4079	
2.55676	8.41431	
2.55676	8.42407	
2.55768	8.4201	
2.55646	8.41492	
2.55768	8.41888	
2.55707	8.41125	
2.55737	8.4137	
2.5589	8.41156	
2.55768	8.41949	
2.55768	8.41034	
2.55768	8.40546	
2.55829	8.39722	
2.55829	8.41248	
2.55798	8.41156	
2.55798	8.40729	
2.55798	8.41156	
2.5592	8.40179	
2.55859	8.41064	
2.55829	8.39539	
2.5592	8.37463	
2.55829	8.39539	
2.55829	8.39813	
2.55859	8.39813	
2.55859	8.39752	
2.5592	8.40088	
2.5589	8.38379	
2.5589	8.37555	
2.5592	8.39172	
2.5592	8.37891	
2.55951	8.38409	
2.55951	8.38043	
2.5589	8.36578	
2.5589	8.37036	
2.56012	8.38623	
2.55951	8.37677	
2.55981	8.38898	
2.5589	8.37769	
2.55951	8.37158	
2.55951	8.39874	
2.56042	8.40546	
2.56012	8.3905	
2.56073	8.39935	
2.56012	8.3786	
2.56073	8.38959	
2.55981	8.40729	
2.5589	8.36945	
2.56042	8.39874	
2.56073	8.39203	
2.56012	8.39844	
2.55951	8.40271	
2.56042	8.39294	
2.56042	8.39355	
2.56073	8.3963	
2.56104	8.39325	
2.56073	8.39844	
2.56073	8.39783	
2.56042	8.38806	
2.56042	8.41797	
2.56165	8.41583	
2.56134	8.4256	
2.56134	8.42773	
2.56165	8.41522	
2.56195	8.43384	
2.56165	8.41675	
2.56073	8.43048	
2.56165	8.4201	
2.56165	8.42377	
2.56104	8.42926	
2.56134	8.4256	
2.56104	8.43079	
2.56287	8.42529	
2.56226	8.42133	
2.56226	8.39661	
2.56165	8.40729	
2.56195	8.40088	
2.56195	8.39508	
2.56134	8.40851	
2.56256	8.41064	
2.56256	8.4024	
2.56195	8.39355	
2.56195	8.41888	
2.56287	8.40973	
2.56317	8.41339	
2.56195	8.41278	
2.56317	8.41522	
2.56256	8.41156	
2.56226	8.41644	
2.56256	8.41095	
2.56226	8.41858	
2.56287	8.41034	
2.56195	8.42255	
2.56165	8.42194	
2.56287	8.41949	
2.56256	8.41644	
2.56348	8.41797	
2.56256	8.42468	
2.56439	8.41858	
2.56378	8.42072	
2.56287	8.4317	
2.56378	8.42102	
2.56287	8.42865	
2.56348	8.42896	
2.56348	8.40607	
2.56439	8.41705	
2.56378	8.39111	
2.56378	8.41553	
2.56378	8.40332	
2.5647	8.42407	
2.56317	8.42529	
2.56409	8.41003	
2.56378	8.41187	
2.56378	8.42896	
2.56439	8.42926	
2.56439	8.41949	
2.56409	8.4137	
2.56409	8.42987	
2.56378	8.43903	
2.56378	8.41827	
2.56378	8.43567	
2.56348	8.44147	
2.565	8.41309	
2.56409	8.44452	
2.56439	8.45947	
2.56439	8.44391	
2.565	8.45337	
2.5647	8.43964	
2.56592	8.4375	
2.56531	8.4436	
2.56561	8.44635	
2.56561	8.43628	
2.56592	8.44147	
2.56622	8.43811	
2.56622	8.44574	
2.56622	8.43781	
2.56561	8.44604	
2.56561	8.45795	
2.56561	8.44513	
2.56561	8.45123	
2.56622	8.46436	
2.56531	8.4552	
2.56653	8.45306	
2.56622	8.44055	
2.56653	8.45184	
2.56592	8.44391	
2.56653	8.43018	
2.56592	8.43292	
2.56653	8.43933	
2.56622	8.43292	
2.56714	8.4256	
2.56592	8.43079	
2.56683	8.41827	
2.56622	8.41675	
2.56683	8.41827	
2.56653	8.40637	
2.56744	8.42194	
2.56653	8.41766	
2.56683	8.43079	
2.56775	8.42102	
2.56744	8.42133	
2.56622	8.41705	
2.56744	8.41522	
2.56653	8.40759	
2.56714	8.414	
2.56805	8.39783	
2.56714	8.414	
2.56714	8.42224	
2.56714	8.42682	
2.56744	8.42316	
2.56683	8.42743	
2.56744	8.42957	
2.56775	8.41827	
2.56775	8.43231	
2.56744	8.41278	
2.56866	8.41766	
2.56805	8.40668	
2.56897	8.4079	
2.56866	8.40271	
2.56744	8.40118	
2.56744	8.40057	
2.56805	8.40515	
2.56836	8.39203	
2.56744	8.40454	
2.56775	8.40332	
2.56866	8.41858	
2.56744	8.41431	
2.56897	8.40729	
2.56805	8.41125	
2.56836	8.42072	
2.56927	8.41461	
2.56958	8.40454	
2.56927	8.39935	
2.56897	8.40698	
2.56866	8.40729	
2.56866	8.41431	
2.56897	8.42743	
2.56927	8.41339	
2.56897	8.40118	
2.56897	8.39722	
2.56866	8.39752	
2.56897	8.39264	
2.56989	8.39539	
2.56989	8.40637	
2.5705	8.40607	
2.56927	8.38013	
2.56927	8.40271	
2.56897	8.39966	
2.56989	8.4024	
2.57019	8.40149	
2.5705	8.40485	
2.57019	8.40393	
2.56989	8.40698	
2.56927	8.40881	
2.57019	8.41217	
2.5705	8.42896	
2.5708	8.41156	
2.56927	8.4021	
2.56989	8.42621	
2.56989	8.41125	
2.56989	8.40851	
2.5708	8.40149	
2.57111	8.40759	
2.5708	8.4198	
2.5708	8.41949	
2.57111	8.40393	
2.57111	8.40729	
2.57141	8.41919	
2.5708	8.41675	
2.57111	8.42316	
2.57111	8.4259	
2.57111	8.41797	
2.57111	8.414	
2.57141	8.43201	
2.57141	8.40729	
2.5705	8.41949	
2.5705	8.41797	
2.56989	8.4137	
2.57019	8.40851	
2.5708	8.42651	
2.57172	8.41309	
2.57111	8.42773	
2.57172	8.42316	
2.57172	8.42896	
2.57172	8.42773	
2.57111	8.42773	
2.57202	8.42987	
2.57233	8.42102	
2.57111	8.41583	
2.57233	8.41248	
2.57263	8.40424	
2.57172	8.42896	
2.57233	8.4436	
2.57263	8.42773	
2.57202	8.43597	
2.57263	8.43079	
2.57263	8.43536	
2.57233	8.43994	
2.57324	8.4137	
2.57294	8.44513	
2.57202	8.43781	
2.57263	8.43262	
2.57385	8.42834	
2.57355	8.42133	
2.57263	8.43811	
2.57385	8.42224	
2.57355	8.41827	
2.57355	8.42529	
2.57446	8.41583	
2.57416	8.42316	
2.57416	8.4256	
2.57385	8.42896	
2.57416	8.43842	
2.57416	8.41919	
2.57355	8.43689	
2.57416	8.43903	
2.57324	8.41583	
2.57446	8.42804	
2.57385	8.42896	
2.57477	8.4259	
2.57446	8.43384	
2.57477	8.44147	
2.57416	8.43567	
2.57446	8.45062	
2.57477	8.45398	
2.57385	8.43506	
2.57385	8.43628	
2.57355	8.42896	
2.57446	8.43018	
2.57416	8.42773	
2.57538	8.40942	
2.57416	8.40973	
2.57446	8.42224	
2.57477	8.41492	
2.57538	8.41827	
2.57507	8.41461	
2.57446	8.4198	
2.57477	8.42499	
2.57568	8.43323	
2.57507	8.4201	
2.57385	8.42285	
2.57568	8.42499	
2.57599	8.44238	
2.57599	8.43445	
2.57568	8.45123	
2.57538	8.43445	
2.57538	8.44849	
2.57507	8.44299	
2.57599	8.45123	
2.57507	8.45001	
2.57629	8.42346	
2.57477	8.43018	
2.57568	8.43811	
2.57568	8.44666	
2.57599	8.43567	
2.5766	8.44482	
2.57538	8.43231	
2.57599	8.42255	
2.57538	8.42987	
2.57629	8.43109	
2.57629	8.43719	
2.57629	8.42926	
2.5766	8.43231	
2.57568	8.43079	
2.57629	8.42896	
2.57629	8.42224	
2.57629	8.43506	
2.5769	8.43903	
2.5766	8.43994	
2.57629	8.43628	
2.57629	8.44147	
2.57599	8.44116	
2.57782	8.42896	
2.57629	8.42194	
2.57751	8.42285	
2.57629	8.4198	
2.5769	8.40912	
2.57721	8.42316	
2.57721	8.41888	
2.5769	8.41431	
2.57751	8.414	
2.5769	8.4198	
2.57812	8.41003	
2.57751	8.42133	
2.57812	8.42224	
2.57812	8.41797	
2.57782	8.41614	
2.57812	8.42407	
2.57812	8.43018	
2.57843	8.43231	
2.57751	8.41095	
2.57751	8.42896	
2.57843	8.43323	
2.57812	8.43811	
2.57904	8.43536	
2.57812	8.41461	
2.57996	8.43628	
2.57812	8.41492	
2.57812	8.42072	
2.57812	8.42346	
2.57874	8.41461	
2.57721	8.41553	
2.57935	8.42682	
2.57874	8.4259	
2.57935	8.43536	
2.57843	8.43842	
2.57935	8.4259	
2.57935	8.42865	
2.57874	8.41492	
2.57812	8.41705	
2.57965	8.41888	
2.57874	8.41095	
2.57935	8.41797	
2.57965	8.43842	
2.57904	8.43414	
2.57935	8.43048	
2.57935	8.44025	
2.57965	8.44452	
2.57965	8.43048	
2.58057	8.42407	
2.57965	8.4491	
2.57996	8.43109	
2.57996	8.44086	
2.57843	8.4317	
2.57996	8.41461	
2.57965	8.42804	
2.57996	8.43903	
2.57965	8.43719	
2.57996	8.44391	
2.57996	8.43292	
2.57965	8.43872	
2.57996	8.43292	
2.57965	8.4375	
2.57996	8.43414	
2.57965	8.44208	
2.57996	8.42651	
2.58026	8.44421	
2.57996	8.44452	
2.57965	8.4317	
2.57965	8.46252	
2.58057	8.44299	
2.58087	8.44635	
2.58118	8.43475	
2.58057	8.43872	
2.58057	8.43597	
2.57996	8.4436	
2.58026	8.42529	
2.58057	8.44452	
2.58057	8.45032	
2.58087	8.46283	
2.58057	8.44513	
2.58057	8.45642	
2.58057	8.44269	
2.58087	8.44025	
2.58118	8.45886	
2.58118	8.45795	
2.58057	8.44269	
2.58057	8.4436	
2.58148	8.45306	
2.58179	8.45093	
2.58179	8.44025	
2.58148	8.43628	
2.58087	8.43658	
2.58209	8.44269	
2.58118	8.45215	
2.58148	8.45947	
2.58118	8.45428	
2.57996	8.45276	
2.58148	8.43658	
2.58118	8.44879	
2.58087	8.42712	
2.58118	8.44208	
2.58179	8.44025	
2.5824	8.43445	
2.58209	8.43597	
2.5824	8.43567	
2.5827	8.44208	
2.58209	8.42926	
2.5824	8.41827	
2.5824	8.42468	
2.58209	8.42316	
2.58179	8.42682	
2.58179	8.42651	
2.58148	8.4259	
2.5824	8.42682	
2.58179	8.41797	
2.58301	8.43781	
2.58301	8.41522	
2.58362	8.41949	
2.5824	8.4317	
2.58301	8.41217	
2.58209	8.42896	
2.5827	8.43384	
2.5824	8.42041	
2.58331	8.43964	
2.5824	8.40759	
2.58331	8.42407	
2.58362	8.40546	
2.58362	8.42285	
2.58362	8.43048	
2.58362	8.41919	
2.58362	8.42468	
2.58362	8.40668	
2.58392	8.40454	
2.58453	8.40637	
2.58331	8.41919	
2.58392	8.42163	
2.58331	8.42163	
2.58423	8.43567	
2.58331	8.43018	
2.58423	8.41248	
2.58453	8.41492	
2.58484	8.41858	
2.58453	8.4021	
2.58484	8.41309	
2.58453	8.42285	
2.58484	8.42865	
2.58392	8.41217	
2.58392	8.41339	
2.58392	8.41553	
2.58392	8.41766	
2.58453	8.4024	
2.58514	8.4082	
2.58514	8.40454	
2.58514	8.41644	
2.58545	8.41003	
2.58484	8.4082	
2.58392	8.41125	
2.58423	8.4024	
2.58453	8.39264	
2.58453	8.40302	
2.58606	8.41125	
2.58514	8.40637	
2.58545	8.4082	
2.58484	8.40759	
2.58606	8.39508	
2.58514	8.39355	
2.58514	8.38287	
2.58545	8.40851	
2.58545	8.41736	
2.58575	8.41309	
2.58514	8.40759	
2.58636	8.43231	
2.58606	8.43018	
2.58606	8.40637	
2.58575	8.41797	
2.58575	8.4201	
2.58575	8.4137	
2.58606	8.42957	
2.58606	8.42346	
2.58698	8.41278	
2.58545	8.42407	
2.58667	8.44452	
2.58606	8.42743	
2.58728	8.41827	
2.58636	8.43445	
2.58636	8.42682	
2.58606	8.39874	
2.58667	8.40179	
2.58667	8.40546	
2.58698	8.41095	
2.58575	8.42072	
2.58698	8.43018	
2.58667	8.41095	
2.58606	8.4137	
2.58789	8.42316	
2.58698	8.42285	
2.58606	8.414	
2.58636	8.45062	
2.58698	8.44177	
2.58636	8.42133	
2.58575	8.41583	
2.58636	8.40698	
2.58728	8.40332	
2.58636	8.41248	
2.58636	8.42346	
2.58667	8.41736	
2.58698	8.40942	
2.58667	8.41827	
2.58698	8.396	
2.58759	8.42194	
2.58789	8.4024	
2.58698	8.41461	
2.58698	8.40302	
2.58698	8.41461	
2.58789	8.4082	
2.5882	8.38684	
2.58698	8.3844	
2.5882	8.40179	
2.58789	8.39355	
2.58698	8.40088	
2.58789	8.41339	
2.58789	8.41187	
2.5882	8.40179	
2.5885	8.41064	
2.58911	8.41919	
2.58789	8.44849	
2.58789	8.43811	
2.5885	8.44482	
2.58881	8.42438	
2.58881	8.42773	
2.58881	8.43933	
2.5882	8.42712	
2.58789	8.42468	
2.58881	8.43933	
2.58911	8.4259	
2.58942	8.42224	
2.58911	8.42194	
2.58911	8.4314	
2.58911	8.44116	
2.58942	8.4201	
2.58881	8.40973	
2.58942	8.43109	
2.59033	8.4201	
2.58972	8.42926	
2.58789	8.42285	
2.58942	8.44208	
2.58911	8.43353	
2.58942	8.42773	
2.58881	8.41248	
2.58942	8.41125	
2.58942	8.42102	
2.58911	8.41583	
2.58972	8.41583	
2.59003	8.43018	
2.59033	8.42041	
2.58942	8.41644	
2.59003	8.42926	
2.59003	8.41187	
2.58972	8.41095	
2.59064	8.40332	
2.59003	8.40851	
2.59064	8.42468	
2.59003	8.4024	
2.59003	8.41675	
2.58972	8.41644	
2.59094	8.40363	
2.59033	8.39355	
2.59155	8.39111	
2.59033	8.40668	
2.59064	8.41187	
2.59094	8.41705	
2.59094	8.41187	
2.59094	8.40759	
2.59155	8.42163	
2.59033	8.41522	
2.59125	8.41064	
2.59094	8.40912	
2.59033	8.41553	
2.59155	8.42102	
2.59094	8.4082	
2.59125	8.40546	
2.59125	8.40973	
2.59094	8.4021	
2.59094	8.39935	
2.59125	8.39783	
2.59064	8.41858	
2.59094	8.40942	
2.59155	8.40088	
2.59125	8.39661	
2.59155	8.4021	
2.59155	8.39264	
2.59125	8.39661	
2.59155	8.38745	
2.59277	8.38776	
2.59186	8.40057	
2.59247	8.40942	
2.59277	8.39355	
2.59369	8.40424	
2.59277	8.39996	
2.59308	8.40424	
2.59308	8.41095	
2.59247	8.41156	
2.59216	8.40546	
2.59216	8.39569	
2.59186	8.40637	
2.59277	8.39966	
2.59216	8.40576	
2.59186	8.39966	
2.59308	8.41431	
2.59216	8.41339	
2.59338	8.4079	
2.59308	8.38776	
2.59277	8.39935	
2.59247	8.40668	
2.59277	8.40393	
2.59338	8.39172	
2.59247	8.39722	
2.59277	8.39172	
2.59369	8.38745	
2.59369	8.37158	
2.59308	8.39294	
2.5943	8.39935	
2.59369	8.39935	
2.59338	8.38501	
2.59308	8.36731	
2.59399	8.38379	
2.59399	8.39142	
2.59399	8.40149	
2.59369	8.39264	
2.59369	8.38989	
2.59338	8.39569	
2.59369	8.38165	
2.59369	8.38898	
2.59369	8.38959	
2.59399	8.38745	
2.59399	8.38684	
2.59308	8.39142	
2.5943	8.38806	
2.59369	8.39752	
2.59369	8.39752	
2.5943	8.38898	
2.59369	8.3905	
2.5946	8.40057	
2.5943	8.38287	
2.5943	8.40179	
2.59491	8.39264	
2.5943	8.38623	
2.59491	8.40118	
2.5946	8.41156	
2.59491	8.38409	
2.59491	8.41217	
2.59491	8.4201	
2.59491	8.40607	
2.5943	8.43018	
2.5946	8.41614	
2.5946	8.41217	
2.5946	8.42316	
2.59552	8.42255	
2.59491	8.41766	
2.59491	8.42224	
2.59613	8.42499	
2.59552	8.42621	
2.59491	8.43292	
2.59613	8.41187	
2.59583	8.41675	
2.59583	8.40881	
2.59521	8.42163	
2.59521	8.39722	
2.59644	8.38287	
2.59613	8.40759	
2.59552	8.38562	
2.59613	8.41064	
2.59521	8.39142	
2.59583	8.38531	
2.59552	8.38837	
2.59613	8.3847	
2.59552	8.39935	
2.59552	8.40088	
2.59491	8.41705	
2.59521	8.40607	
2.59644	8.40424	
2.59613	8.41095	
2.59705	8.38776	
2.59613	8.37921	
2.59674	8.38654	
2.59674	8.40607	
2.59674	8.3963	
2.59674	8.39142	
2.59644	8.40363	
2.59674	8.39966	
2.59674	8.40942	
2.59735	8.3963	
2.59674	8.41217	
2.59521	8.38593	
2.59674	8.39264	
2.59644	8.39569	
2.59613	8.40515	
2.59674	8.4024	
2.59705	8.40973	
2.59735	8.41064	
2.59674	8.41492	
2.59705	8.40637	
2.59644	8.40546	
2.59735	8.40332	
2.59674	8.40546	
2.59644	8.41492	
2.59766	8.3963	
2.59766	8.41705	
2.59766	8.40454	
2.59766	8.396	
2.59705	8.39355	
2.59674	8.39783	
2.59766	8.38928	
2.59766	8.40668	
2.59888	8.40302	
2.59827	8.41278	
2.59857	8.42682	
2.59735	8.39752	
2.59735	8.40393	
2.59827	8.40088	
2.59827	8.41583	
2.59888	8.39905	
2.59735	8.40179	
2.59796	8.40118	
2.59827	8.414	
2.59857	8.40027	
2.59827	8.38501	
2.59705	8.38989	
2.59735	8.39111	
2.59796	8.40149	
2.59827	8.38593	
2.59888	8.39447	
2.59796	8.40271	
2.59918	8.37921	
2.59857	8.396	
2.59857	8.39111	
2.59857	8.38684	
2.59827	8.39081	
2.59888	8.38409	
2.59888	8.39325	
2.59857	8.38898	
2.59888	8.39478	
2.59766	8.4079	
2.59796	8.39783	
2.59735	8.39539	
2.59766	8.40118	
2.6001	8.39935	
2.59949	8.4259	
2.59949	8.39935	
2.59888	8.40637	
2.6001	8.41125	
2.59979	8.41583	
2.59949	8.40576	
2.6001	8.39417	
2.59979	8.39417	
2.59949	8.41797	
2.6001	8.39325	
2.6001	8.41431	
2.6004	8.4201	
2.6001	8.42712	
2.59979	8.43536	
2.59918	8.43475	
2.59979	8.41583	
2.59979	8.4259	
2.59949	8.42377	
2.59979	8.42133	
2.59979	8.42255	
2.59979	8.42041	
2.60071	8.42499	
2.60071	8.42865	
2.6001	8.41553	
2.60071	8.42102	
2.60071	8.42468	
2.6004	8.42926	
2.6004	8.41217	
2.6004	8.40668	
2.60132	8.40698	
2.6004	8.39905	
2.6004	8.41309	
2.60071	8.41888	
2.59979	8.41766	
2.60101	8.41858	
2.6004	8.3963	
2.60101	8.4079	
2.60132	8.42163	
2.60132	8.41217	
2.60193	8.40424	
2.60071	8.40759	
2.60162	8.43231	
2.60162	8.4137	
2.60193	8.43689	
2.60162	8.4082	
2.60132	8.43414	
2.60193	8.4256	
2.60132	8.41431	
2.60162	8.41827	
2.60101	8.42316	
2.60132	8.43079	
2.60132	8.42682	
2.60101	8.4201	
2.60132	8.42621	
2.60193	8.41492	
2.60193	8.41827	
2.60162	8.41156	
2.60162	8.42346	
2.60132	8.41125	
2.60254	8.40088	
2.60193	8.39294	
2.60132	8.40271	
2.60193	8.40454	
2.60223	8.39935	
2.60162	8.40363	
2.60254	8.40363	
2.60193	8.40942	
2.60162	8.41492	
2.60223	8.41034	
2.60223	8.41583	
2.60345	8.40027	
2.60254	8.39874	
2.60223	8.414	
2.60223	8.40149	
2.60193	8.40424	
2.60284	8.39508	
2.60254	8.38837	
2.60193	8.38226	
2.60223	8.38318	
2.60223	8.38745	
2.60315	8.3902	
2.60284	8.39844	
2.60284	8.38623	
2.60193	8.38531	
2.60284	8.38654	
2.60254	8.37708	
2.60315	8.38165	
2.60345	8.38287	
2.60315	8.40118	
2.60345	8.40668	
2.60315	8.396	
2.60315	8.38989	
2.60315	8.39508	
2.60162	8.396	
2.60345	8.38684	
2.60254	8.4024	
2.60284	8.3963	
2.60315	8.39905	
2.60223	8.40424	
2.60376	8.41187	
2.60345	8.40729	
2.60376	8.39111	
2.60406	8.40698	
2.60345	8.41125	
2.60376	8.40332	
2.60468	8.41095	
2.60376	8.42407	
2.60468	8.40485	
2.60406	8.40363	
2.60345	8.40393	
2.60437	8.39233	
2.60529	8.4198	
2.60376	8.41156	
2.60345	8.4024	
2.60468	8.39874	
2.60406	8.41248	
2.60468	8.40851	
2.60376	8.40454	
2.60529	8.40332	
2.60468	8.40485	
2.60437	8.40179	
2.60559	8.39478	
2.60468	8.40393	
2.60468	8.38898	
2.60437	8.39905	
2.60559	8.38562	
2.60406	8.37952	
2.60406	8.38745	
2.60406	8.39447	
2.60437	8.39569	
2.60468	8.39355	
2.60498	8.39752	
2.60498	8.39264	
2.60468	8.40027	
2.60437	8.39752	
2.60529	8.40515	
2.60468	8.41034	
2.60559	8.40881	
2.60559	8.40332	
2.6059	8.40912	
2.60559	8.4082	
2.60529	8.39569	
2.6062	8.41705	
2.6059	8.39691	
2.6059	8.39844	
2.6059	8.39905	
2.60559	8.41583	
2.60559	8.39294	
2.60468	8.38715	
2.60498	8.41064	
2.60559	8.39508	
2.60559	8.39203	
2.60559	8.39661	
2.60529	8.39203	
2.60406	8.40759	
2.60559	8.3963	
2.60559	8.39813	
2.60559	8.39447	
2.60559	8.38745	
2.60529	8.38196	
2.6059	8.38348	
2.60681	8.41187	
2.6062	8.39233	
2.6059	8.4021	
2.60712	8.37585	
2.6062	8.38776	
2.60651	8.39111	
2.6062	8.3963	
2.60681	8.39172	
2.6059	8.4079	
2.60681	8.41034	
2.60651	8.4024	
2.60681	8.39996	
2.60651	8.40607	
2.60651	8.39111	
2.60742	8.3905	
2.60681	8.39081	
2.60773	8.39874	
2.60681	8.39722	
2.60651	8.38989	
2.60651	8.39813	
2.60712	8.40454	
2.60742	8.396	
2.60681	8.39905	
2.60803	8.39539	
2.60712	8.39691	
2.60742	8.40607	
2.60803	8.4024	
2.60742	8.41187	
2.60712	8.41003	
2.60742	8.39691	
2.60742	8.41064	
2.60742	8.41064	
2.60803	8.40942	
2.60773	8.42163	
2.60773	8.41553	
2.60773	8.41003	
2.60864	8.41949	
2.60834	8.40607	
2.60834	8.41522	
2.60834	8.40607	
2.60773	8.4201	
2.60895	8.41156	
2.60834	8.40363	
2.60803	8.4024	
2.60803	8.39142	
2.60834	8.40424	
2.60895	8.39752	
2.60864	8.41064	
2.60834	8.40027	
2.60864	8.41034	
2.60773	8.41187	
2.60864	8.40393	
2.60834	8.41064	
2.60925	8.39203	
2.60895	8.39813	
2.60895	8.39539	
2.60803	8.3963	
2.60803	8.39081	
2.60864	8.39935	
2.60925	8.41797	
2.60803	8.41309	
2.60864	8.40271	
2.60925	8.39905	
2.60834	8.40393	
2.60895	8.39935	
2.60803	8.39325	
2.60925	8.38898	
2.60895	8.40271	
2.60864	8.40302	
2.60864	8.40302	
2.60864	8.3963	
2.60956	8.39386	
2.60986	8.39081	
2.60956	8.39722	
2.60925	8.40607	
2.60956	8.40759	
2.60895	8.39508	
2.60956	8.39691	
2.60925	8.40454	
2.60956	8.39752	
2.60986	8.40088	
2.60925	8.4024	
2.61017	8.38287	
2.61017	8.39417	
2.60986	8.39142	
2.61017	8.41858	
2.60956	8.40973	
2.60986	8.39478	
2.60925	8.41003	
2.60986	8.41248	
2.61017	8.41736	
2.60956	8.40942	
2.61017	8.40515	
2.60925	8.41553	
2.60986	8.40881	
2.61017	8.42072	
2.61047	8.4256	
2.60925	8.42773	
2.61017	8.41461	
2.61017	8.41064	
2.61047	8.39874	
2.61078	8.42438	
2.61078	8.4198	
2.61139	8.42834	
2.61047	8.41675	
2.61108	8.40485	
2.61017	8.4317	
2.61047	8.41522	
2.61047	8.41217	
2.61017	8.42285	
2.61047	8.39752	
2.61078	8.41553	
2.61169	8.39691	
2.612	8.39935	
2.61078	8.40149	
2.61139	8.40393	
2.61078	8.42316	
2.61108	8.42194	
2.61108	8.4256	
2.61169	8.42316	
2.61047	8.42468	
2.61139	8.41064	
2.61108	8.39172	
2.61078	8.42377	
2.61139	8.43109	
2.6123	8.42987	
2.61108	8.41431	
2.61261	8.41431	
2.61139	8.42285	
2.61169	8.41705	
2.612	8.41034	
2.612	8.44666	
2.61169	8.42682	
2.612	8.43109	
2.61169	8.44116	
2.6123	8.39935	
2.61169	8.41553	
2.612	8.43842	
2.61261	8.40546	
2.612	8.41339	
2.61261	8.40698	
2.61169	8.4198	
2.61169	8.39691	
2.61139	8.41492	
2.61261	8.42407	
2.61169	8.414	
2.6123	8.40851	
2.61261	8.42316	
2.6123	8.41888	
2.6123	8.42834	
2.612	8.4259	
2.61261	8.42407	
2.61292	8.41553	
2.61261	8.41217	
2.61322	8.4256	
2.6123	8.41705	
2.612	8.41461	
2.61322	8.41309	
2.6123	8.39935	
2.61353	8.40851	
2.61139	8.40393	
2.61292	8.38409	
2.61169	8.39752	
2.6123	8.40759	
2.61292	8.39996	
2.61292	8.40149	
2.61261	8.41156	
2.61292	8.38745	
2.61353	8.40759	
2.612	8.38379	
2.61322	8.38196	
2.61322	8.40057	
2.61353	8.39935	
2.61169	8.39508	
2.61353	8.38104	
2.61261	8.38593	
2.61322	8.38867	
2.61353	8.39508	
2.61383	8.39874	
2.61292	8.38867	
2.61383	8.3905	
2.61322	8.39172	
2.61414	8.4024	
2.61353	8.39539	
2.61414	8.39355	
2.61353	8.37799	
2.61475	8.38226	
2.61414	8.37646	
2.61383	8.38318	
2.61444	8.38867	
2.61505	8.38348	
2.61414	8.37006	
2.61475	8.38226	
2.61383	8.3905	
2.61444	8.39203	
2.61444	8.3905	
2.61505	8.38654	
2.61353	8.40149	
2.61475	8.40546	
2.61444	8.39081	
2.61383	8.4082	
2.61444	8.38043	
2.61414	8.38654	
2.61475	8.38593	
2.61475	8.39355	
2.61444	8.39264	
2.61505	8.37799	
2.61444	8.38623	
2.61505	8.39569	
2.61475	8.40607	
2.61414	8.39264	
2.61597	8.37982	
2.61566	8.39478	
2.61505	8.40637	
2.61505	8.39417	
2.61475	8.40302	
2.61475	8.37769	
2.61475	8.39081	
2.61536	8.39081	
2.61505	8.40424	
2.61536	8.41339	
2.61536	8.41888	
2.61536	8.40057	
2.61566	8.41339	
2.61536	8.42194	
2.61536	8.41125	
2.61536	8.40118	
2.61536	8.40576	
2.61566	8.39569	
2.61505	8.41034	
2.61536	8.41095	
2.61566	8.41309	
2.61536	8.40912	
2.61566	8.41095	
2.61536	8.40515	
2.61444	8.41125	
2.61566	8.41675	
2.61475	8.38867	
2.61536	8.40454	
2.61566	8.40363	
2.61566	8.39752	
2.61536	8.3963	
2.61536	8.37708	
2.61749	8.40332	
2.61627	8.40149	
2.61627	8.39355	
2.61566	8.40332	
2.61658	8.39264	
2.61658	8.41034	
2.61658	8.39447	
2.61688	8.3963	
2.61566	8.39996	
2.61658	8.39111	
2.61688	8.37769	
2.61627	8.40942	
2.61658	8.40149	
2.61566	8.4201	
2.61688	8.40027	
2.61658	8.4137	
2.61719	8.40515	
2.61627	8.42194	
2.61627	8.41034	
2.61627	8.40515	
2.61719	8.41003	
2.61688	8.40668	
2.61688	8.39539	
2.61627	8.39325	
2.61749	8.38654	
2.61719	8.39508	
2.6181	8.37524	
2.6181	8.38379	
2.61719	8.4024	
2.61719	8.38989	
2.61749	8.38776	
2.6178	8.43079	
2.61719	8.41217	
2.61627	8.40027	
2.61719	8.414	
2.61719	8.39752	
2.61627	8.40759	
2.61749	8.4137	
2.61688	8.4079	
2.61719	8.39752	
2.61719	8.37982	
2.61719	8.41248	
2.61719	8.40912	
2.61688	8.41583	
2.6181	8.38745	
2.6181	8.40637	
2.6178	8.39447	
2.61871	8.38806	
2.6181	8.38745	
2.61932	8.40363	
2.6178	8.39417	
2.6181	8.40118	
2.6181	8.40942	
2.6181	8.38043	
2.6178	8.39233	
2.61871	8.38379	
2.61841	8.37769	
2.61932	8.38013	
2.61841	8.37891	
2.61932	8.38135	
2.6178	8.38226	
2.61841	8.38623	
2.61871	8.39172	
2.61902	8.39355	
2.61841	8.38104	
2.61932	8.38043	
2.61841	8.38379	
2.6178	8.37433	
2.61871	8.37402	
2.61871	8.36578	
2.61841	8.38104	
2.61902	8.38104	
2.61841	8.38745	
2.61902	8.40576	
2.61841	8.38562	
2.6181	8.39478	
2.6181	8.40302	
2.61932	8.40179	
2.61841	8.3963	
2.61871	8.39417	
2.61871	8.39508	
2.61902	8.39478	
2.61902	8.3902	
2.61841	8.40454	
2.61841	8.38928	
2.61871	8.40668	
2.61841	8.39661	
2.61932	8.396	
2.61871	8.38867	
2.61871	8.38898	
2.61902	8.37372	
2.61932	8.38959	
2.61963	8.40393	
2.61963	8.41217	
2.61963	8.39874	
2.61932	8.39264	
2.61902	8.39935	
2.61993	8.40881	
2.61871	8.39539	
2.61932	8.41888	
2.61871	8.41736	
2.61993	8.4021	
2.61963	8.40546	
2.61963	8.41522	
2.61993	8.40759	
2.61963	8.41248	
2.61932	8.4201	
2.61993	8.41675	
2.61993	8.42987	
2.61963	8.41125	
2.61993	8.41797	
2.61871	8.41064	
2.62054	8.42712	
2.61932	8.41095	
2.61932	8.40271	
2.62085	8.40729	
2.61993	8.40759	
2.62024	8.42804	
2.62085	8.41522	
2.62054	8.42834	
2.62024	8.39569	
2.62024	8.42041	
2.62054	8.4082	
2.62024	8.41339	
2.61963	8.41858	
2.62054	8.4137	
2.61993	8.41705	
2.62054	8.41156	
2.62024	8.41461	
2.62054	8.43292	
2.62054	8.39874	
2.61963	8.39508	
2.62146	8.42224	
2.62146	8.41766	
2.62177	8.42743	
2.62085	8.42224	
2.62024	8.40454	
2.62146	8.41522	
2.62146	8.41583	
2.62207	8.40179	
2.62115	8.396	
2.62207	8.40179	
2.62146	8.40088	
2.62207	8.41248	
2.62115	8.40973	
2.62177	8.39996	
2.62085	8.41064	
2.62085	8.40576	
2.62115	8.41003	
2.62115	8.4082	
2.62177	8.414	
2.62146	8.42102	
2.62146	8.40576	
2.62085	8.40546	
2.62146	8.40759	
2.62115	8.40851	
2.62238	8.40302	
2.62146	8.42621	
2.62268	8.41949	
2.62177	8.41278	
2.62146	8.40576	
2.62146	8.41461	
2.62115	8.40698	
2.62238	8.39539	
2.62115	8.38989	
2.62238	8.38226	
2.62177	8.3902	
2.62268	8.38501	
2.62268	8.38165	
2.62238	8.38257	
2.62207	8.37891	
2.62207	8.39783	
2.62177	8.40759	
2.62268	8.39447	
2.62146	8.40576	
2.62177	8.38165	
2.62146	8.39722	
2.62268	8.41095	
2.62238	8.41797	
2.62238	8.40973	
2.62207	8.40942	
2.62207	8.40942	
2.62268	8.39233	
2.62238	8.41888	
2.62268	8.40302	
2.62268	8.41949	
2.62238	8.41064	
2.62299	8.3963	
2.62268	8.40546	
2.62207	8.41614	
2.62207	8.41034	
2.62329	8.40912	
2.62238	8.40851	
2.62329	8.39355	
2.62238	8.39355	
2.62207	8.396	
2.62238	8.38654	
2.62268	8.38959	
2.62268	8.39417	
2.62268	8.38715	
2.62329	8.4082	
2.62299	8.41339	
2.62299	8.39752	
2.6239	8.4314	
2.62329	8.42316	
2.62329	8.41675	
2.62299	8.42804	
2.62268	8.41187	
2.6236	8.42041	
2.62329	8.42438	
2.62421	8.42163	
2.6239	8.39996	
2.62329	8.42072	
2.6239	8.40668	
2.62299	8.42621	
2.6239	8.4079	
2.6236	8.4137	
2.6236	8.41797	
2.6239	8.41675	
2.62329	8.40698	
2.62421	8.41827	
2.62451	8.41217	
2.6239	8.42316	
2.62451	8.42957	
2.6236	8.41766	
2.6239	8.40942	
2.62482	8.40363	
2.62421	8.39844	
2.62451	8.40454	
2.6239	8.40973	
2.62421	8.41095	
2.62512	8.40424	
2.62482	8.39874	
2.62451	8.40759	
2.62482	8.40424	
2.62451	8.39569	
2.62451	8.40912	
2.62451	8.40088	
2.62482	8.4082	
2.6236	8.39294	
2.62512	8.4024	
2.62482	8.40515	
2.62512	8.40424	
2.62421	8.40668	
2.62451	8.4024	
2.62482	8.40424	
2.62512	8.4082	
2.62482	8.39752	
2.62543	8.39722	
2.62421	8.40881	
2.62451	8.41095	
2.62543	8.41614	
2.62512	8.40759	
2.62512	8.41156	
2.62482	8.39569	
2.62573	8.40729	
2.62482	8.42224	
2.62482	8.42102	
2.62543	8.41339	
2.62512	8.41248	
2.62512	8.42194	
2.62543	8.41614	
2.62573	8.41919	
2.62573	8.42255	
2.62604	8.39691	
2.62543	8.41583	
2.62665	8.40546	
2.62482	8.40576	
2.62604	8.43292	
2.62482	8.42316	
2.62512	8.42651	
2.62573	8.41888	
2.62512	8.42987	
2.62573	8.42987	
2.62573	8.42926	
2.62482	8.4079	
2.62604	8.41217	
2.62421	8.41431	
2.62665	8.4256	
2.62482	8.43842	
2.62543	8.42987	
2.62543	8.42377	
2.62543	8.42163	
2.62543	8.42316	
2.62543	8.40881	
2.62451	8.4021	
2.62634	8.40393	
2.62482	8.41125	
2.62604	8.41095	
2.62573	8.41278	
2.62604	8.42773	
2.62543	8.42163	
2.62573	8.4198	
2.62573	8.41217	
2.62665	8.41614	
2.62665	8.40881	
2.62604	8.39966	
2.62695	8.39905	
2.62543	8.41949	
2.62726	8.41705	
2.62695	8.4079	
2.62604	8.4256	
2.62573	8.4201	
2.62604	8.42804	
2.62695	8.42468	
2.62573	8.41949	
2.62695	8.41248	
2.62543	8.40607	
2.62756	8.4082	
2.62665	8.41492	
2.62726	8.40546	
2.62634	8.4256	
2.62604	8.41827	
2.62726	8.41278	
2.62787	8.41583	
2.62634	8.42499	
2.62695	8.44055	
2.62634	8.42163	
2.62726	8.4137	
2.62695	8.41553	
2.62756	8.4137	
2.62756	8.41766	
2.62573	8.43384	
2.62726	8.41736	
2.62726	8.42133	
2.62756	8.42468	
2.62695	8.41888	
2.62787	8.42377	
2.62756	8.43964	
2.62787	8.43018	
2.62756	8.43842	
2.62787	8.42499	
2.62756	8.43292	
2.62726	8.42438	
2.62817	8.42834	
2.62726	8.42804	
2.62787	8.41064	
2.62756	8.43384	
2.62817	8.41797	
2.62878	8.42651	
2.62726	8.43658	
2.62909	8.42621	
2.62726	8.4314	
2.62848	8.43292	
2.62817	8.43323	
2.62878	8.43658	
2.62817	8.41309	
2.62756	8.41736	
2.62787	8.43414	
2.62939	8.43475	
2.62817	8.43384	
2.62817	8.43048	
2.62787	8.43384	
2.62787	8.42255	
2.62848	8.41309	
2.62817	8.42834	
2.62817	8.42224	
2.62878	8.41644	
2.62756	8.4079	
2.62909	8.40485	
2.62848	8.4082	
2.62939	8.37555	
2.62878	8.37311	
2.6297	8.3786	
2.6297	8.38867	
2.62909	8.41675	
2.62939	8.39447	
2.6297	8.41187	
2.62848	8.40302	
2.62909	8.41492	
2.62817	8.40363	
2.6297	8.40179	
2.62939	8.40912	
2.62878	8.41949	
2.62848	8.43475	
2.62909	8.40698	
2.6297	8.42468	
2.62878	8.42102	
2.62939	8.41553	
2.62909	8.4024	
2.62848	8.40576	
2.62939	8.39966	
2.63031	8.37097	
2.62939	8.39294	
2.62909	8.39966	
2.63062	8.40179	
2.62909	8.39447	
2.63062	8.37585	
2.6297	8.38562	
2.63031	8.38593	
2.62848	8.39081	
2.63031	8.38898	
2.62909	8.39417	
2.63062	8.39752	
2.63031	8.38531	
2.63031	8.37494	
2.62939	8.38989	
2.6297	8.41187	
2.6297	8.38776	
2.63	8.37433	
2.63031	8.39661	
2.63031	8.40729	
2.63	8.3847	
2.63	8.38531	
2.63031	8.39813	
2.63031	8.39081	
2.6297	8.3905	
2.63031	8.3783	
2.63031	8.38684	
2.63062	8.40515	
2.62939	8.3783	
2.63062	8.37708	
2.6297	8.39294	
2.63092	8.39355	
2.63031	8.38074	
2.63092	8.38898	
2.63092	8.39172	
2.63031	8.38806	
2.63031	8.40851	
2.63092	8.39294	
2.63031	8.40973	
2.63062	8.4021	
2.63031	8.41431	
2.63	8.4021	
2.63	8.42438	
2.6297	8.40271	
2.63031	8.41339	
2.63062	8.42407	
2.63123	8.40881	
2.63062	8.42804	
2.63062	8.39996	
2.63	8.41003	
2.63031	8.3905	
2.63153	8.414	
2.63031	8.40973	
2.63031	8.41034	
2.63092	8.40607	
2.63123	8.40302	
2.63123	8.41553	
2.63184	8.4201	
2.63062	8.40942	
2.63123	8.40118	
2.6297	8.40271	
2.63123	8.39905	
2.63245	8.40546	
2.63123	8.40759	
2.63123	8.40881	
2.63153	8.42072	
2.63123	8.41766	
2.63184	8.41553	
2.63092	8.42163	
2.63214	8.40881	
2.63153	8.42621	
2.63184	8.40759	
2.63214	8.414	
2.63245	8.41644	
2.63123	8.41705	
2.63153	8.43201	
2.63214	8.42682	
2.63184	8.41888	
2.63184	8.41461	
2.63245	8.41797	
2.63184	8.42346	
2.63214	8.41492	
2.63245	8.43719	
2.63184	8.4259	
2.63184	8.41339	
2.63245	8.41034	
2.63123	8.41583	
2.63153	8.43445	
2.63123	8.42163	
2.63184	8.41614	
2.63245	8.43048	
2.63214	8.4137	
2.63275	8.42285	
2.63275	8.42712	
2.63153	8.42377	
2.63245	8.414	
2.63184	8.41583	
2.63245	8.41583	
2.63184	8.42072	
2.63336	8.3902	
2.63275	8.41339	
2.63123	8.42133	
2.63245	8.41339	
2.63153	8.41278	
2.63245	8.41553	
2.63153	8.39844	
2.63214	8.40729	
2.63184	8.42041	
2.63275	8.4024	
2.63306	8.40729	
2.63306	8.40485	
2.63245	8.41187	
2.63214	8.42468	
2.63153	8.40393	
2.63275	8.41339	
2.63275	8.41309	
2.63306	8.4201	
2.63275	8.41156	
2.63275	8.42285	
2.63214	8.41309	
2.63275	8.41034	
2.63245	8.40607	
2.63336	8.39935	
2.63245	8.41156	
2.63275	8.42712	
2.63336	8.41705	
2.63367	8.41064	
2.63367	8.4082	
2.63336	8.40179	
2.63367	8.4137	
2.63428	8.40515	
2.63367	8.40942	
2.63367	8.42224	
2.63336	8.38928	
2.63336	8.41156	
2.63428	8.40332	
2.63367	8.39752	
2.63428	8.42957	
2.63458	8.40668	
2.63428	8.41888	
2.63367	8.39752	
2.63397	8.43018	
2.63397	8.40607	
2.63428	8.4256	
2.63367	8.41553	
2.63458	8.40515	
2.63428	8.4198	
2.63397	8.42499	
2.63519	8.41675	
2.63458	8.41522	
2.63428	8.4201	
2.63367	8.4079	
2.63458	8.43964	
2.63428	8.41614	
2.63489	8.41858	
2.63489	8.40118	
2.63397	8.38654	
2.63458	8.39172	
2.63428	8.40424	
2.63428	8.40607	
2.63428	8.39447	
2.63397	8.41431	
2.63458	8.40607	
2.63458	8.40698	
2.63428	8.41095	
2.63489	8.41034	
2.63397	8.40851	
2.63458	8.40179	
2.63397	8.40424	
2.63397	8.40576	
2.6355	8.40607	
2.6355	8.40149	
2.63458	8.40668	
2.63489	8.41095	
2.63458	8.40973	
2.6358	8.40027	
2.63519	8.41705	
2.63611	8.40454	
2.63489	8.41675	
2.63489	8.41614	
2.63489	8.40057	
2.63519	8.41095	
2.6355	8.40637	
2.63641	8.42316	
2.63489	8.40363	
2.63611	8.40607	
2.63519	8.42102	
2.63611	8.42377	
2.6355	8.42926	
2.63641	8.40363	
2.63519	8.42041	
2.63611	8.41492	
2.6355	8.42133	
2.63489	8.39691	
2.6358	8.41492	
2.63611	8.42773	
2.63489	8.4198	
2.6355	8.39417	
2.63489	8.41827	
2.6358	8.41492	
2.63519	8.40851	
2.6355	8.38562	
2.6358	8.38745	
2.63519	8.39447	
2.6358	8.40088	
2.6358	8.4082	
2.6355	8.41003	
2.63458	8.40759	
2.6358	8.37311	
2.6355	8.3902	
2.6358	8.38257	
2.63489	8.4024	
2.63611	8.38654	
2.6358	8.38745	
2.6358	8.39478	
2.63489	8.3847	
2.63672	8.39203	
2.63519	8.40027	
2.6358	8.3847	
2.6358	8.40088	
2.63458	8.37006	
2.63519	8.38043	
2.63702	8.37555	
2.6358	8.3725	
2.63611	8.37311	
2.6358	8.38501	
2.63611	8.37769	
2.6358	8.38959	
2.63672	8.38989	
2.63641	8.39172	
2.63641	8.38715	
2.63641	8.4021	
2.63611	8.42224	
2.63611	8.42346	
2.63733	8.40454	
2.63641	8.41522	
2.63733	8.39966	
2.63763	8.40393	
2.63702	8.39203	
2.63672	8.39539	
2.63702	8.40546	
2.63794	8.40088	
2.63733	8.40424	
2.63763	8.40912	
2.63763	8.42438	
2.63702	8.40912	
2.6358	8.40485	
2.63733	8.39661	
2.63702	8.40881	
2.63672	8.43597	
2.63702	8.42834	
2.63672	8.4259	
2.63702	8.39874	
2.63641	8.4024	
2.63672	8.4198	
2.63763	8.40363	
2.63763	8.40332	
2.63672	8.41187	
2.63672	8.41217	
2.63763	8.42468	
2.63794	8.39752	
2.63733	8.38776	
2.63794	8.40118	
2.63794	8.40179	
2.63733	8.42133	
2.63733	8.42194	
2.63763	8.41125	
2.63702	8.40942	
2.63763	8.39355	
2.63641	8.39386	
2.63702	8.38165	
2.63611	8.40302	
2.63763	8.39539	
2.63794	8.39386	
2.63733	8.40759	
2.63672	8.39417	
2.63824	8.39447	
2.63824	8.38531	
2.63794	8.39569	
2.63855	8.39447	
2.63855	8.39172	
2.63794	8.40485	
2.63763	8.38989	
2.63824	8.39203	
2.63763	8.40607	
2.63763	8.4021	
2.63855	8.4021	
2.63824	8.38715	
2.63855	8.38409	
2.63855	8.3905	
2.63885	8.40027	
2.63855	8.39996	
2.63916	8.39264	
2.63824	8.40729	
2.63855	8.39325	
2.63855	8.39539	
2.63855	8.39294	
2.63855	8.40363	
2.63916	8.43048	
2.63885	8.39905	
2.63824	8.39996	
2.63885	8.4021	
2.63855	8.396	
2.63885	8.42133	
2.63855	8.41095	
2.63885	8.39111	
2.63855	8.39539	
2.63824	8.40424	
2.63855	8.42224	
2.63916	8.414	
2.63885	8.39447	
2.63916	8.40698	
2.63885	8.39783	
2.63855	8.39813	
2.63977	8.37952	
2.63855	8.42041	
2.63885	8.414	
2.63947	8.396	
2.63916	8.39508	
2.63824	8.39539	
2.63977	8.39783	
2.63885	8.38654	
2.63855	8.38928	
2.63947	8.38562	
2.63885	8.37646	
2.63977	8.3844	
2.63947	8.39569	
2.63977	8.4021	
2.63947	8.39203	
2.63916	8.40668	
2.63977	8.38806	
2.63947	8.41583	
2.64038	8.40729	
2.63947	8.40454	
2.63977	8.39935	
2.63916	8.40393	
2.63947	8.40485	
2.64008	8.42224	
2.63916	8.42072	
2.64038	8.42804	
2.64038	8.42285	
2.64008	8.41248	
2.64008	8.44025	
2.63947	8.41614	
2.63947	8.40302	
2.63977	8.40363	
2.64099	8.40027	
2.63947	8.4137	
2.63916	8.41675	
2.63977	8.39966	
2.63977	8.41248	
2.63885	8.42682	
2.63916	8.41919	
2.64038	8.41309	
2.63947	8.42468	
2.64038	8.41217	
2.64008	8.43048	
2.64008	8.40485	
2.63977	8.39569	
2.64069	8.41339	
2.64008	8.39081	
2.63977	8.41614	
2.64038	8.39752	
2.64038	8.42072	
2.64008	8.38898	
2.64069	8.38684	
2.64069	8.40637	
2.63977	8.3786	
2.63977	8.39081	
2.64099	8.37982	
2.63977	8.37769	
2.64069	8.38806	
2.64038	8.3902	
2.64099	8.37921	
2.63947	8.37708	
2.64038	8.38287	
2.63977	8.37952	
2.64008	8.39081	
2.6413	8.38593	
2.64008	8.38867	
2.64069	8.40363	
2.64038	8.4021	
2.64099	8.38898	
2.64069	8.3783	
2.64069	8.38867	
2.64008	8.38501	
2.64099	8.38715	
2.6413	8.3844	
2.6413	8.38654	
2.6413	8.40912	
2.6413	8.41217	
2.64191	8.40759	
2.64099	8.37982	
2.64099	8.38379	
2.64191	8.38013	
2.6416	8.37982	
2.6413	8.38226	
2.64069	8.40149	
2.6413	8.3902	
2.64038	8.39081	
2.64099	8.38531	
2.6416	8.39935	
2.64099	8.39447	
2.64191	8.37982	
2.64221	8.39478	
2.6416	8.38226	
2.6413	8.38104	
2.6416	8.38135	
2.64252	8.39142	
2.64191	8.38501	
2.64221	8.39264	
2.64191	8.3905	
2.64038	8.38715	
2.64099	8.3844	
2.64191	8.39478	
2.64191	8.40485	
2.6416	8.39233	
2.6416	8.39172	
2.64221	8.37189	
2.64252	8.38654	
2.64282	8.36487	
2.64252	8.38135	
2.64313	8.3783	
2.64191	8.38074	
2.64282	8.36609	
2.64252	8.37891	
2.64221	8.36609	
2.6416	8.36761	
2.64252	8.38928	
2.64221	8.39111	
2.64191	8.38196	
2.64252	8.38196	
2.64191	8.40271	
2.64221	8.39539	
2.64282	8.38959	
2.64221	8.39783	
2.64191	8.40027	
2.64252	8.39844	
2.64252	8.39081	
2.64191	8.4082	
2.64191	8.38776	
2.64343	8.38654	
2.64313	8.38409	
2.64282	8.38196	
2.64191	8.38593	
2.64343	8.37067	
2.64282	8.38715	
2.64343	8.38989	
2.64282	8.38928	
2.64313	8.38959	
2.64282	8.38745	
2.64343	8.38287	
2.64282	8.39111	
2.6416	8.38684	
2.6413	8.38928	
2.64221	8.40668	
2.64282	8.39722	
2.64252	8.38104	
2.64374	8.38898	
2.64221	8.39081	
2.64252	8.40179	
2.64252	8.37555	
2.64282	8.3905	
2.64282	8.37708	
2.64282	8.37708	
2.64252	8.3786	
2.64313	8.37738	
2.64252	8.38074	
2.64313	8.38745	
2.64313	8.37921	
2.64313	8.36884	
2.64282	8.37982	
2.64221	8.40149	
2.64282	8.38928	
2.64374	8.37524	
2.64252	8.37585	
2.64374	8.38898	
2.64374	8.38745	
2.64343	8.40546	
2.64313	8.3847	
2.64343	8.40485	
2.64374	8.38928	
2.64313	8.38928	
2.64313	8.39966	
2.64404	8.39325	
2.64374	8.39905	
2.64435	8.39081	
2.64343	8.39417	
2.64374	8.39386	
2.64374	8.39233	
2.64404	8.39478	
2.64404	8.38593	
2.64465	8.38562	
2.64374	8.38593	
2.64404	8.38165	
2.64374	8.37799	
2.64374	8.37402	
2.64313	8.37646	
2.64435	8.38165	
2.64465	8.38776	
2.64404	8.38196	
2.64404	8.38348	
2.64496	8.38196	
2.64435	8.38684	
2.64496	8.40088	
2.64374	8.3786	
2.64404	8.3786	
2.64435	8.37769	
2.64435	8.38196	
2.64526	8.37189	
2.64404	8.36975	
2.64465	8.35968	
2.64465	8.37769	
2.64557	8.38104	
2.64435	8.3728	
2.64404	8.38959	
2.64557	8.3728	
2.64526	8.37219	
2.64465	8.35876	
2.64557	8.37341	
2.64526	8.38409	
2.64496	8.38745	
2.64526	8.3905	
2.64496	8.38409	
2.64587	8.3847	
2.64496	8.36334	
2.64618	8.35663	
2.64526	8.36304	
2.64526	8.367	
2.64465	8.37189	
2.64465	8.38562	
2.64618	8.38562	
2.64557	8.3725	
2.64526	8.36761	
2.64587	8.39447	
2.64526	8.37341	
2.64496	8.37677	
2.64526	8.38928	
2.64557	8.38257	
2.64587	8.3667	
2.64587	8.38348	
2.64587	8.36761	
2.64557	8.38715	
2.64679	8.3844	
2.64557	8.3847	
2.64648	8.38745	
2.64587	8.37189	
2.64587	8.37891	
2.64557	8.36365	
2.64526	8.36823	
2.64526	8.38623	
2.64557	8.40179	
2.64648	8.38654	
2.64557	8.38989	
2.64618	8.40302	
2.64618	8.39722	
2.64587	8.39172	
2.64526	8.38379	
2.64587	8.38715	
2.64618	8.40179	
2.64618	8.38409	
2.64557	8.36945	
2.64587	8.3844	
2.64587	8.3786	
2.64618	8.37708	
2.64587	8.38654	
2.64648	8.39355	
2.64587	8.36945	
2.64648	8.37769	
2.64557	8.37555	
2.64648	8.38135	
2.64679	8.37555	
2.64648	8.3902	
2.64587	8.38531	
2.64648	8.38806	
2.64648	8.38806	
2.6474	8.37921	
2.64709	8.38745	
2.64587	8.36578	
2.64648	8.3667	
2.64587	8.37006	
2.64587	8.367	
2.64618	8.37189	
2.64618	8.37402	
2.64679	8.36456	
2.64709	8.37555	
2.64679	8.37128	
2.6474	8.37463	
2.64679	8.36212	
2.64679	8.37128	
2.64679	8.37097	
2.64679	8.37646	
2.64709	8.37372	
2.64648	8.39966	
2.64771	8.39417	
2.6474	8.40088	
2.64679	8.37585	
2.64648	8.37311	
2.6474	8.37067	
2.64771	8.34595	
2.64648	8.35846	
2.6474	8.37555	
2.6474	8.36395	
2.64679	8.36273	
2.64679	8.35358	
2.64679	8.3728	
2.64679	8.37128	
2.6474	8.37128	
2.64618	8.36243	
2.6474	8.3725	
2.64771	8.37158	
2.64832	8.3728	
2.64801	8.37036	
2.64801	8.3609	
2.6474	8.396	
2.64832	8.37128	
2.6474	8.38348	
2.64709	8.39813	
2.64801	8.41034	
2.64832	8.3844	
2.6474	8.37585	
2.64801	8.36639	
2.6474	8.37311	
2.6474	8.36151	
2.6474	8.38074	
2.6474	8.37982	
2.64893	8.37128	
2.64801	8.3548	
2.64771	8.34717	
2.6474	8.37067	
2.64801	8.36517	
2.6474	8.37067	
2.64771	8.36609	
2.64648	8.38287	
2.64709	8.36304	
2.6474	8.36243	
2.6474	8.36182	
2.64771	8.36334	
2.64679	8.36517	
2.64709	8.35999	
2.64832	8.36426	
2.64832	8.38745	
2.64801	8.36914	
2.64832	8.36304	
2.64801	8.38348	
2.64801	8.37799	
2.64771	8.38104	
2.64801	8.37128	
2.64832	8.37494	
2.64832	8.36426	
2.64862	8.36334	
2.64832	8.36853	
2.64862	8.36639	
2.64893	8.36639	
2.64893	8.3728	
2.64862	8.38684	
2.64923	8.37494	
2.64893	8.38379	
2.64923	8.37494	
2.64923	8.37341	
2.64893	8.38013	
2.64862	8.37036	
2.64832	8.37677	
2.64862	8.3609	
2.64893	8.36853	
2.64923	8.3725	
2.64923	8.38104	
2.64923	8.38135	
2.64893	8.38318	
2.64832	8.35632	
2.64832	8.35968	
2.64893	8.35266	
2.64893	8.37189	
2.64923	8.39417	
2.64923	8.37677	
2.64862	8.37952	
2.64893	8.38104	
2.64771	8.37738	
2.64893	8.36823	
2.64984	8.38348	
2.64893	8.36212	
2.64923	8.36304	
2.64984	8.37708	
2.64954	8.36731	
2.64954	8.37555	
2.64893	8.36426	
2.64832	8.36792	
2.64954	8.39081	
2.64893	8.38043	
2.64984	8.36365	
2.64923	8.36029	
2.64954	8.37067	
2.64923	8.37738	
2.64984	8.37036	
2.64954	8.37311	
2.65045	8.37524	
2.64984	8.39478	
2.65045	8.38593	
2.64893	8.37097	
2.65076	8.36334	
2.65076	8.37494	
2.64984	8.36426	
2.64923	8.37891	
2.64984	8.36426	
2.64984	8.3847	
2.65045	8.37677	
2.65015	8.3725	
2.65015	8.37646	
2.64984	8.3728	
2.64984	8.36609	
2.64984	8.36792	
2.64954	8.36639	
2.65045	8.36548	
2.65045	8.36761	
2.65076	8.38226	
2.65106	8.3786	
2.65076	8.37646	
2.65045	8.38837	
2.65106	8.38318	
2.64984	8.38776	
2.65045	8.37769	
2.65045	8.36945	
2.65076	8.37463	
2.65045	8.3606	
2.65076	8.37891	
2.65045	8.38623	
2.64984	8.37646	
2.65076	8.38165	
2.64984	8.36334	
2.65137	8.37189	
2.64984	8.37585	
2.64984	8.34747	
2.65106	8.36609	
2.64984	8.38745	
2.65045	8.36609	
2.65076	8.36823	
2.64984	8.37097	
2.65137	8.37097	
2.64984	8.38715	
2.65045	8.37067	
2.64984	8.38409	
2.65045	8.37372	
2.65015	8.367	
2.65045	8.37402	
2.65015	8.37372	
2.64954	8.37738	
2.65045	8.37921	
2.64984	8.38318	
2.65076	8.37097	
2.65106	8.37799	
2.65137	8.37616	
2.65137	8.37646	
2.65076	8.36884	
2.65198	8.37158	
2.65015	8.36639	
2.65076	8.38501	
2.65076	8.3786	
2.65167	8.39844	
2.65228	8.37189	
2.65167	8.3847	
2.65228	8.37921	
2.65137	8.39264	
2.65167	8.36914	
2.65198	8.36975	
2.65167	8.36731	
2.65137	8.36456	
2.65167	8.36578	
2.65228	8.35754	
2.65167	8.35938	
2.65167	8.37372	
2.65198	8.3728	
2.65198	8.3783	
2.65167	8.37189	
2.65228	8.37433	
2.65137	8.37189	
2.65289	8.36029	
2.65228	8.36792	
2.65259	8.37311	
2.65289	8.37341	
2.65228	8.3902	
2.65167	8.38348	
2.65137	8.3786	
2.65228	8.38318	
2.65137	8.36945	
2.65198	8.38074	
2.65167	8.38593	
2.65198	8.37494	
2.65228	8.39752	
2.65228	8.38989	
2.65228	8.3786	
2.65198	8.38806	
2.65259	8.36639	
2.65198	8.3847	
2.65106	8.36426	
2.65106	8.35785	
2.65137	8.3609	
2.65167	8.36853	
2.65228	8.35602	
2.65228	8.36395	
2.65198	8.38654	
2.65198	8.37067	
2.65259	8.37067	
2.65259	8.36121	
2.65289	8.36884	
2.65289	8.38684	
2.65198	8.38043	
2.65259	8.38165	
2.65259	8.36761	
2.65228	8.36334	
2.65259	8.36731	
2.65259	8.37799	
2.65198	8.3728	
2.65289	8.3728	
2.65259	8.35999	
2.65228	8.35388	
2.65259	8.35968	
2.65259	8.35602	
2.65167	8.35938	
2.65259	8.36029	
2.6532	8.36975	
2.65289	8.35022	
2.65289	8.3609	
2.65259	8.36395	
2.65259	8.38379	
2.65289	8.35541	
2.6532	8.35907	
2.65289	8.34869	
2.65228	8.36243	
2.65289	8.35693	
2.65259	8.37677	
2.65259	8.36273	
2.65289	8.36639	
2.6532	8.36334	
2.6535	8.35785	
2.65381	8.35815	
2.6535	8.39691	
2.6535	8.3783	
2.65289	8.35876	
2.6535	8.36823	
2.6532	8.34717	
2.65228	8.34656	
2.6535	8.36151	
2.65381	8.35114	
2.65381	8.33923	
2.6535	8.35175	
2.65289	8.34747	
2.6532	8.35449	
2.65411	8.34167	
2.65411	8.3606	
2.65442	8.33862	
2.6532	8.37097	
2.65289	8.38348	
2.65289	8.37738	
2.6532	8.37463	
2.65289	8.36456	
2.6532	8.36121	
2.6535	8.35052	
2.65289	8.36761	
2.6535	8.36578	
2.6535	8.35815	
2.6535	8.37708	
2.65289	8.37708	
2.6535	8.35144	
2.65411	8.35022	
2.65411	8.35938	
2.65289	8.35297	
2.6532	8.36365	
2.6532	8.38013	
2.6535	8.38135	
2.6535	8.38715	
2.65442	8.38409	
2.6535	8.38562	
2.6532	8.38501	
2.65442	8.38959	
2.65411	8.39386	
2.65381	8.36029	
2.65411	8.35724	
2.6535	8.36853	
2.65381	8.36639	
2.65472	8.36578	
2.65442	8.34808	
2.65411	8.36639	
2.65411	8.37219	
2.65472	8.37006	
2.65503	8.37219	
2.65472	8.37372	
2.65472	8.36365	
2.65472	8.37219	
2.65442	8.36761	
2.65442	8.34961	
2.65411	8.35815	
2.65472	8.34503	
2.65381	8.35632	
2.65442	8.36823	
2.65472	8.36945	
2.65533	8.3667	
2.65472	8.35754	
2.65503	8.36029	
2.65442	8.36304	
2.65442	8.35785	
2.65442	8.3493	
2.65533	8.34137	
2.65472	8.35022	
2.65442	8.34717	
2.65381	8.34167	
2.65442	8.34808	
2.65503	8.34259	
2.65472	8.34961	
2.65472	8.34717	
2.65503	8.36121	
2.65533	8.34991	
2.65472	8.36029	
2.65533	8.3429	
2.65472	8.33435	
2.65533	8.33282	
2.65503	8.36121	
2.65503	8.35327	
2.65442	8.35205	
2.65533	8.34564	
2.65472	8.35083	
2.65503	8.35358	
2.65533	8.34686	
2.65564	8.34717	
2.65503	8.33801	
2.65503	8.34686	
2.65442	8.34778	
2.65442	8.36182	
2.65533	8.367	
2.65533	8.3728	
2.65564	8.36304	
2.65564	8.36273	
2.65533	8.35999	
2.65503	8.35205	
2.65533	8.35327	
2.65503	8.3429	
2.65503	8.35602	
2.65533	8.35999	
2.65472	8.35175	
2.65533	8.34625	
2.65564	8.34076	
2.65503	8.35785	
2.65533	8.34686	
2.65564	8.34503	
2.65656	8.35449	
2.65503	8.33923	
2.65594	8.34167	
2.65564	8.35724	
2.65442	8.37097	
2.65594	8.34076	
2.65594	8.33893	
2.65533	8.32001	
2.65564	8.34869	
2.65533	8.34198	
2.65594	8.3316	
2.65564	8.33954	
2.65656	8.34259	
2.65625	8.34778	
2.65594	8.36456	
2.65717	8.34808	
2.65533	8.349	
2.65656	8.3374	
2.65594	8.34625	
2.65564	8.34381	
2.65625	8.35663	
2.65564	8.34412	
2.65625	8.3551	
2.65656	8.35876	
2.65594	8.36426	
2.65656	8.3609	
2.65594	8.3606	
2.65656	8.36426	
2.65594	8.37769	
2.65594	8.36304	
2.65686	8.3667	
2.65625	8.36304	
2.65594	8.35358	
2.65625	8.35297	
2.65625	8.36304	
2.65625	8.36914	
2.65625	8.35327	
2.65625	8.34808	
2.65564	8.35114	
2.65717	8.34351	
2.65625	8.35297	
2.65625	8.33954	
2.65686	8.35175	
2.65656	8.37006	
2.65625	8.35938	
2.65686	8.3667	
2.65594	8.38409	
2.65656	8.3548	
2.65564	8.36304	
2.65656	8.35846	
2.65625	8.35266	
2.65717	8.3725	
2.65594	8.36151	
2.65717	8.37036	
2.65625	8.38715	
2.65686	8.38654	
2.65717	8.36182	
2.65564	8.35907	
2.65778	8.37189	
2.65656	8.37128	
2.65686	8.37067	
2.65594	8.37616	
2.65656	8.36731	
2.65686	8.3609	
2.65686	8.35938	
2.65594	8.36121	
2.65747	8.36517	
2.65686	8.34869	
2.65747	8.37097	
2.65717	8.36884	
2.65717	8.38867	
2.65656	8.38226	
2.65747	8.37585	
2.65747	8.38593	
2.65686	8.38379	
2.65747	8.40118	
2.65747	8.37616	
2.65778	8.37616	
2.65717	8.38623	
2.65686	8.35266	
2.65778	8.36609	
2.65594	8.35938	
2.65686	8.37128	
2.65717	8.36914	
2.65747	8.39203	
2.65778	8.39844	
2.65747	8.396	
2.65778	8.38593	
2.65656	8.38348	
2.65656	8.36395	
2.65717	8.36914	
2.65717	8.3551	
2.65717	8.36212	
2.65778	8.35236	
2.65747	8.34747	
2.65808	8.34198	
2.65717	8.35571	
2.65747	8.35968	
2.65747	8.37433	
2.65686	8.367	
2.65717	8.367	
2.65747	8.36548	
2.65717	8.35724	
2.65778	8.36365	
2.65747	8.34869	
2.65686	8.36273	
2.65717	8.35876	
2.65747	8.35815	
2.65717	8.35022	
2.65869	8.3728	
2.65747	8.35144	
2.659	8.36273	
2.65778	8.37585	
2.65747	8.37799	
2.65869	8.36029	
2.65808	8.36273	
2.65778	8.36334	
2.65839	8.37067	
2.65808	8.37982	
2.65778	8.38074	
2.65808	8.35907	
2.65778	8.35022	
2.65808	8.34503	
2.65869	8.34106	
2.65839	8.34045	
2.65839	8.34717	
2.65808	8.36853	
2.65839	8.36273	
2.65778	8.35815	
2.65778	8.35754	
2.65808	8.3667	
2.65808	8.36609	
2.65747	8.36243	
2.65808	8.35876	
2.65808	8.35327	
2.65808	8.36182	
2.65869	8.35968	
2.65747	8.36914	
2.65839	8.35358	
2.65839	8.38409	
2.65869	8.37097	
2.659	8.37585	
2.65808	8.36273	
2.65961	8.36914	
2.65808	8.39447	
2.659	8.37402	
2.65808	8.36884	
2.65808	8.35846	
2.65808	8.36243	
2.65778	8.36853	
2.65839	8.38654	
2.65808	8.3606	
2.65869	8.36853	
2.65778	8.37341	
2.6593	8.3551	
2.65839	8.38928	
2.659	8.37158	
2.659	8.38715	
2.65808	8.39722	
2.65869	8.37006	
2.65839	8.38013	
2.6593	8.37891	
2.6593	8.3902	
2.65808	8.38409	
2.65839	8.37494	
2.6593	8.37189	
2.65869	8.37585	
2.65991	8.38745	
2.65869	8.36914	
2.6593	8.36731	
2.659	8.36731	
2.65869	8.37311	
2.659	8.37097	
2.65869	8.37158	
2.65839	8.38135	
2.659	8.38226	
2.659	8.36792	
2.65961	8.38104	
2.6593	8.38318	
2.659	8.3786	
2.659	8.39142	
2.65839	8.38715	
2.65869	8.37524	
2.6593	8.38501	
2.65961	8.39325	
2.659	8.37555	
2.65961	8.37372	
2.659	8.37311	
2.65991	8.38318	
2.65991	8.39783	
2.6593	8.37402	
2.65991	8.38043	
2.65991	8.38348	
2.6593	8.38623	
2.65869	8.37677	
2.659	8.3725	
2.65869	8.37311	
2.6593	8.36761	
2.6593	8.37036	
2.65991	8.38318	
2.65869	8.37921	
2.66022	8.36823	
2.66022	8.38837	
2.6593	8.38074	
2.6593	8.37585	
2.66022	8.38165	
2.66022	8.3606	
2.65961	8.36578	
2.65961	8.37646	
2.65991	8.36639	
2.659	8.37555	
2.66022	8.38928	
2.66022	8.36639	
2.65961	8.37982	
2.659	8.37158	
2.6593	8.37677	
2.66052	8.37433	
2.65961	8.38043	
2.66052	8.37524	
2.66083	8.36395	
2.66113	8.37921	
2.66052	8.38623	
2.66113	8.39142	
2.66052	8.39264	
2.65991	8.36761	
2.66052	8.3728	
2.6593	8.3725	
2.66022	8.37463	
2.66022	8.37006	
2.66052	8.39447	
2.65991	8.38257	
2.66022	8.39172	
2.65961	8.39691	
2.66113	8.39478	
2.66022	8.39294	
2.65991	8.39478	
2.65991	8.396	
2.65961	8.3783	
2.65961	8.3783	
2.66022	8.38715	
2.66022	8.38806	
2.66052	8.39722	
2.66083	8.38684	
2.66022	8.40118	
2.66144	8.39691	
2.66022	8.39905	
2.65991	8.39142	
2.66083	8.38593	
2.66144	8.38745	
2.66144	8.39569	
2.66083	8.39478	
2.66083	8.39264	
2.66113	8.41705	
2.66205	8.38928	
2.66052	8.37585	
2.66083	8.39111	
2.66144	8.3905	
2.66113	8.37708	
2.66022	8.37311	
2.66113	8.38593	
2.66113	8.39996	
2.66144	8.39813	
2.66113	8.38806	
2.66144	8.37982	
2.66083	8.36487	
2.66144	8.36975	
2.66205	8.3728	
2.66174	8.37555	
2.66266	8.37555	
2.66113	8.36578	
2.66144	8.3786	
2.66174	8.37952	
2.66205	8.37982	
2.66174	8.38226	
2.66205	8.37708	
2.66205	8.38196	
2.66235	8.36334	
2.66266	8.37311	
2.66113	8.37036	
2.66083	8.37311	
2.66235	8.37769	
2.66022	8.38928	
2.66235	8.38043	
2.66144	8.38074	
2.66235	8.37006	
2.66174	8.37006	
2.66205	8.37372	
2.66174	8.3786	
2.66266	8.37585	
2.66174	8.38409	
2.66235	8.36792	
2.66113	8.36914	
2.66113	8.37463	
2.66144	8.37433	
2.66144	8.37036	
2.66205	8.3783	
2.66144	8.367	
2.66205	8.367	
2.66205	8.36761	
2.66174	8.34839	
2.66052	8.35388	
2.66144	8.38135	
2.66235	8.38104	
2.66205	8.36121	
2.66266	8.38745	
2.66235	8.36731	
2.66174	8.37189	
2.66266	8.37555	
2.66296	8.38348	
2.66205	8.37738	
2.66144	8.38135	
2.66266	8.36487	
2.66174	8.37738	
2.66205	8.37524	
2.66266	8.36945	
2.66205	8.35724	
2.66174	8.35663	
2.66235	8.35724	
2.66205	8.36365	
2.66327	8.36334	
2.66205	8.36548	
2.66144	8.37555	
2.66327	8.3609	
2.66296	8.37006	
2.66296	8.36945	
2.66296	8.35449	
2.66266	8.37616	
2.66235	8.367	
2.66296	8.36639	
2.66296	8.37097	
2.66174	8.36975	
2.66205	8.35724	
2.66296	8.37067	
2.66235	8.35876	
2.66266	8.36243	
2.66235	8.38654	
2.66296	8.36853	
2.66296	8.36914	
2.66266	8.36578	
2.66327	8.37402	
2.66327	8.36212	
2.66296	8.36578	
2.66266	8.36731	
2.66266	8.36945	
2.66327	8.36426	
2.66296	8.37128	
2.66327	8.36548	
2.66266	8.36761	
2.66296	8.37036	
2.66357	8.34717	
2.66388	8.35938	
2.66235	8.37646	
2.66144	8.37646	
2.66235	8.35327	
2.66327	8.34686	
2.66266	8.35999	
2.66327	8.3725	
2.66327	8.36151	
2.66266	8.37036	
2.66357	8.3725	
2.66205	8.37555	
2.66235	8.37738	
2.66327	8.36243	
2.66296	8.37677	
2.66327	8.36548	
2.66296	8.367	
2.66327	8.36121	
2.66357	8.37067	
2.66357	8.37097	
2.66235	8.36639	
2.66205	8.35297	
2.66327	8.34747	
2.66296	8.36273	
2.66357	8.36365	
2.66357	8.37189	
2.66357	8.35358	
2.66388	8.36029	
2.66327	8.36029	
2.66327	8.34991	
2.66388	8.35999	
2.66327	8.37494	
2.66327	8.37585	
2.66388	8.37372	
2.66327	8.35938	
2.66327	8.36914	
2.66296	8.3548	
2.66357	8.36029	
2.66357	8.35938	
2.66388	8.367	
2.66327	8.35754	
2.66357	8.34869	
2.66235	8.35388	
2.66327	8.35815	
2.66327	8.36182	
2.66418	8.35907	
2.66479	8.34961	
2.66327	8.34137	
2.66449	8.34869	
2.66418	8.3548	
2.66541	8.3786	
2.66449	8.36578	
2.66449	8.36487	
2.66418	8.35175	
2.66449	8.35815	
2.66541	8.34229	
2.6651	8.35114	
2.66449	8.36945	
2.6651	8.37189	
2.66418	8.36578	
2.66418	8.35175	
2.66418	8.34686	
2.66449	8.35876	
2.66388	8.35175	
2.6651	8.35785	
2.66357	8.35236	
2.66418	8.36151	
2.66449	8.34351	
2.66571	8.35297	
2.66418	8.35083	
2.66388	8.34106	
2.6651	8.35052	
2.66388	8.34137	
2.66449	8.33679	
2.6651	8.35052	
2.66479	8.3371	
2.66479	8.33069	
2.66449	8.33893	
2.66602	8.3374	
2.66479	8.33832	
2.66388	8.35358	
2.66479	8.33099	
2.66479	8.31848	
2.66541	8.33618	
2.6651	8.31757	
2.66571	8.32855	
2.6651	8.3432	
2.66479	8.33649	
2.66449	8.35175	
2.66541	8.3429	
2.66571	8.34351	
2.66541	8.34717	
2.66571	8.33832	
2.6651	8.3432	
2.6651	8.33313	
2.66541	8.33893	
2.66388	8.3432	
2.66449	8.32733	
2.66479	8.33679	
2.66449	8.35175	
2.66449	8.32275	
2.66541	8.32764	
2.6651	8.31909	
2.66479	8.33069	
2.66541	8.34595	
2.66479	8.32336	
2.66541	8.33862	
2.66479	8.35114	
2.66541	8.36304	
2.66479	8.39508	
2.66571	8.35876	
2.6651	8.36884	
2.6651	8.36639	
2.66541	8.35968	
2.66479	8.34564	
2.66541	8.36853	
2.66541	8.36182	
2.66541	8.36029	
2.6651	8.35876	
2.66479	8.34747	
2.6651	8.36731	
2.66571	8.36395	
2.66663	8.36823	
2.66632	8.36914	
2.66541	8.37524	
2.6651	8.37372	
2.66479	8.37219	
2.66602	8.37921	
2.66632	8.3847	
2.66602	8.38776	
2.66541	8.37311	
2.6651	8.38593	
2.66541	8.37585	
2.66602	8.39142	
2.66541	8.38806	
2.6651	8.39752	
2.66571	8.39294	
2.66541	8.39325	
2.66663	8.38531	
2.66479	8.39478	
2.6651	8.39813	
2.66632	8.39935	
2.66663	8.39355	
2.66663	8.40607	
2.66571	8.40698	
2.66663	8.40271	
2.66632	8.42102	
2.66632	8.42377	
2.66602	8.40698	
2.66632	8.41095	
2.66541	8.40485	
2.66571	8.41125	
2.66602	8.41644	
2.66602	8.40851	
2.66663	8.39478	
2.66632	8.38074	
2.66632	8.3844	
2.66632	8.38837	
2.6651	8.39813	
2.66602	8.38593	
2.66602	8.38959	
2.66663	8.38013	
2.66663	8.3902	
2.66663	8.37402	
2.66632	8.39233	
2.66571	8.38867	
2.66632	8.38928	
2.6651	8.3902	
2.66632	8.37799	
2.66632	8.38501	
2.66541	8.38165	
2.66602	8.37189	
2.66693	8.37372	
2.66632	8.38898	
2.66541	8.38593	
2.66571	8.37494	
2.66602	8.36823	
2.66663	8.38989	
2.66632	8.38165	
2.66693	8.38165	
2.66663	8.36609	
2.66693	8.38287	
2.66602	8.38684	
2.66632	8.38074	
2.66693	8.39508	
2.66693	8.39661	
2.66724	8.40271	
2.66663	8.3963	
2.66663	8.40668	
2.66632	8.40363	
2.66693	8.4082	
2.66663	8.40515	
2.66632	8.42682	
2.66663	8.43201	
2.66693	8.42834	
2.66632	8.41034	
2.66815	8.41888	
2.66785	8.42163	
2.66724	8.40607	
2.66693	8.41888	
2.66724	8.41431	
2.66693	8.41125	
2.66724	8.41705	
2.66785	8.42133	
2.66815	8.4198	
2.66754	8.40881	
2.66724	8.41736	
2.66754	8.42712	
2.66785	8.39935	
2.66754	8.40057	
2.66693	8.40363	
2.66754	8.41431	
2.66724	8.41217	
2.66693	8.41339	
2.66693	8.39264	
2.66632	8.38257	
2.66754	8.39172	
2.66754	8.39081	
2.66754	8.40149	
2.66754	8.39905	
2.66815	8.41553	
2.66754	8.41156	
2.66754	8.42285	
2.66785	8.4137	
2.66693	8.41003	
2.66754	8.40851	
2.66754	8.39935	
2.66754	8.39722	
2.66754	8.39447	
2.66846	8.41583	
2.66693	8.39905	
2.66693	8.40546	
2.66663	8.42072	
2.66754	8.40485	
2.66754	8.41064	
2.66693	8.41156	
2.66815	8.41095	
2.66724	8.4079	
2.66724	8.41003	
2.66754	8.41125	
2.66754	8.40973	
2.66754	8.40881	
2.66785	8.42804	
2.66754	8.42041	
2.66815	8.4259	
2.66846	8.44055	
2.66815	8.44055	
2.66724	8.40057	
2.66815	8.42346	
2.66815	8.43445	
2.66785	8.42682	
2.66785	8.41949	
2.66785	8.414	
2.66785	8.40515	
2.66663	8.42407	
2.66724	8.4256	
2.66754	8.41553	
2.66846	8.42316	
2.66785	8.41888	
2.66785	8.4259	
2.66846	8.43506	
2.66785	8.41644	
2.66846	8.42773	
2.66876	8.42041	
2.66907	8.42926	
2.66876	8.41644	
2.66846	8.42163	
2.66785	8.41858	
2.66907	8.41095	
2.66876	8.41614	
2.66815	8.4021	
2.66907	8.41614	
2.66815	8.39996	
2.66815	8.39844	
2.66876	8.40271	
2.66815	8.41003	
2.66907	8.40332	
2.66907	8.39539	
2.66876	8.40363	
2.66876	8.396	
2.66907	8.40942	
2.66907	8.40881	
2.66876	8.39966	
2.66815	8.40271	
2.66876	8.42621	
2.66876	8.40759	
2.66815	8.41278	
2.66815	8.40668	
2.66846	8.40973	
2.66785	8.39935	
2.66907	8.40637	
2.66876	8.41919	
2.66815	8.41797	
2.66876	8.40546	
2.66907	8.42163	
2.66876	8.40668	
2.66815	8.42285	
2.66937	8.40942	
2.66815	8.40851	
2.66876	8.42926	
2.66785	8.42651	
2.66846	8.43231	
2.66907	8.41034	
2.66907	8.4137	
2.66937	8.41492	
2.66937	8.39447	
2.66907	8.40485	
2.66876	8.40027	
2.66937	8.4024	
2.66937	8.39966	
2.66907	8.39691	
2.66907	8.40912	
2.66937	8.414	
2.66907	8.40912	
2.66907	8.39386	
2.66846	8.39233	
2.66876	8.39417	
2.66968	8.39172	
2.66876	8.37891	
2.66907	8.38654	
2.66846	8.37616	
2.66876	8.39752	
2.66968	8.38104	
2.66785	8.39478	
2.66846	8.39874	
2.66937	8.39172	
2.66937	8.38745	
2.66907	8.396	
2.66846	8.38562	
2.66968	8.39722	
2.66815	8.40363	
2.66937	8.41309	
2.66907	8.39294	
2.66907	8.39142	
2.66998	8.40332	
2.66937	8.39386	
2.66937	8.40118	
2.66968	8.4021	
2.66937	8.39294	
2.66907	8.39172	
2.66907	8.38989	
2.66937	8.3963	
2.66968	8.40729	
2.66998	8.38104	
2.66968	8.38531	
2.67029	8.39417	
2.66846	8.40027	
2.66876	8.39813	
2.66937	8.38135	
2.66968	8.36945	
2.66998	8.37463	
2.66998	8.38348	
2.66907	8.39508	
2.66968	8.38196	
2.66876	8.39569	
2.66998	8.38806	
2.66968	8.39478	
2.66998	8.39417	
2.67059	8.41644	
2.66968	8.41156	
2.6709	8.43567	
2.67059	8.41064	
2.67029	8.41156	
2.6712	8.39478	
2.6709	8.38715	
2.66998	8.38745	
2.66998	8.40698	
2.66998	8.39447	
2.67059	8.39172	
2.6712	8.38257	
2.6712	8.40302	
2.66998	8.39874	
2.66998	8.41034	
2.67029	8.39478	
2.67029	8.40576	
2.67059	8.40027	
2.67029	8.3963	
2.6712	8.40637	
2.6712	8.39508	
2.67029	8.39478	
2.66968	8.40057	
2.6709	8.39874	
2.67029	8.40302	
2.6709	8.40698	
2.6709	8.40057	
2.67029	8.38898	
2.6709	8.38776	
2.67029	8.40149	
2.66998	8.38745	
2.67029	8.40149	
2.6712	8.41309	
2.67029	8.40118	
2.6709	8.38959	
2.67029	8.40576	
2.6709	8.40546	
2.67029	8.40485	
2.6712	8.39447	
2.67029	8.38287	
2.66998	8.396	
2.67151	8.38745	
2.6709	8.39874	
2.66998	8.39417	
2.67029	8.39355	
2.6712	8.39172	
2.66998	8.38867	
2.67212	8.39691	
2.6709	8.40118	
2.67059	8.39813	
2.6709	8.39355	
2.6709	8.39417	
2.67029	8.38898	
2.6712	8.39233	
2.6712	8.4137	
2.6709	8.40942	
2.67059	8.4198	
2.6712	8.40546	
2.66998	8.4082	
2.67029	8.39264	
2.6709	8.39508	
2.6709	8.40424	
2.67151	8.39294	
2.67029	8.4137	
2.67181	8.40302	
2.67059	8.38531	
2.6712	8.3963	
2.67151	8.41187	
2.67059	8.38959	
2.6709	8.40546	
2.67059	8.37952	
2.67151	8.38684	
2.6712	8.38287	
2.67029	8.39172	
2.67242	8.38409	
2.67212	8.39233	
2.67151	8.37006	
2.6709	8.37616	
2.6712	8.37555	
2.67212	8.38867	
2.67151	8.38501	
2.6709	8.38898	
2.6712	8.39417	
2.6709	8.3905	
2.6712	8.37372	
2.67212	8.36914	
2.67059	8.35938	
2.67151	8.36639	
2.67212	8.37769	
2.67181	8.3728	
2.67181	8.36517	
2.67212	8.37067	
2.67212	8.37036	
2.67059	8.37708	
2.67151	8.37921	
2.67181	8.3905	
2.67181	8.38867	
2.67151	8.37524	
2.67151	8.39294	
2.67273	8.39417	
2.67242	8.39539	
2.67212	8.37585	
2.67242	8.38684	
2.6712	8.39386	
2.67212	8.39539	
2.67242	8.39874	
2.67212	8.37952	
2.67181	8.3963	
2.67151	8.37433	
2.67151	8.37616	
2.67151	8.36975	
2.6712	8.36426	
2.67151	8.37067	
2.67242	8.36975	
2.67273	8.3783	
2.67242	8.36945	
2.67151	8.37646	
2.6712	8.37097	
2.6712	8.36945	
2.67181	8.37708	
2.67151	8.36334	
2.67212	8.36823	
2.67242	8.36761	
2.67181	8.36823	
2.67151	8.37189	
2.67212	8.37036	
2.67181	8.37433	
2.67212	8.36334	
2.67181	8.37708	
2.67273	8.37341	
2.67273	8.37189	
2.67181	8.36639	
2.67212	8.37585	
2.67273	8.37708	
2.67273	8.37036	
2.67151	8.38989	
2.67181	8.38593	
2.67181	8.38531	
2.67273	8.37463	
2.67242	8.38257	
2.67212	8.38348	
2.67334	8.38837	
2.67273	8.37311	
2.6712	8.38593	
2.67212	8.37555	
2.67242	8.37738	
2.67212	8.36853	
2.67242	8.3667	
2.67212	8.3847	
2.67212	8.37769	
2.67181	8.37128	
2.67212	8.36975	
2.67151	8.37646	
2.67303	8.36487	
2.67242	8.37067	
2.67303	8.36792	
2.67242	8.36426	
2.6709	8.36731	
2.67212	8.36548	
2.67273	8.36182	
2.67212	8.36182	
2.67181	8.37006	
2.67212	8.36517	
2.67151	8.36975	
2.67181	8.37433	
2.67242	8.37891	
2.67181	8.38867	
2.67212	8.36273	
2.67212	8.36151	
2.67334	8.36792	
2.67212	8.37128	
2.67212	8.37524	
2.67334	8.37555	
2.67303	8.38409	
2.67273	8.36243	
2.67365	8.35724	
2.67242	8.37555	
2.67395	8.37006	
2.67242	8.38593	
2.67334	8.37097	
2.67273	8.36639	
2.67365	8.35632	
2.67303	8.37738	
2.67303	8.36243	
2.67334	8.36914	
2.67303	8.3667	
2.67303	8.35541	
2.67273	8.37402	
2.67365	8.35876	
2.67303	8.35876	
2.67395	8.37219	
2.67242	8.35236	
2.67303	8.35876	
2.67395	8.35541	
2.67334	8.34961	
2.67242	8.35846	
2.67273	8.36151	
2.67334	8.35999	
2.67365	8.35693	
2.67334	8.3606	
2.67395	8.36517	
2.67273	8.36273	
2.67273	8.37463	
2.67334	8.37982	
2.67365	8.38257	
2.67395	8.38379	
2.67395	8.37921	
2.67395	8.38409	
2.67242	8.39539	
2.67242	8.39111	
2.67395	8.38867	
2.67303	8.38867	
2.67365	8.37952	
2.67273	8.38074	
2.67395	8.37128	
2.67303	8.38959	
2.67212	8.38684	
2.67395	8.38501	
2.67395	8.3783	
2.67395	8.38501	
2.67334	8.39417	
2.67365	8.39813	
2.67426	8.39478	
2.67365	8.39447	
2.67395	8.38531	
2.67395	8.39386	
2.67395	8.38379	
2.67395	8.38531	
2.67334	8.39691	
2.67487	8.37616	
2.67426	8.39539	
2.67334	8.39447	
2.67334	8.38013	
2.67395	8.38593	
2.67426	8.3902	
2.67456	8.38257	
2.67426	8.37646	
2.67456	8.38226	
2.67395	8.38715	
2.67303	8.36975	
2.67426	8.37555	
2.67395	8.39325	
2.67426	8.38348	
2.67426	8.38074	
2.67426	8.37463	
2.67426	8.3902	
2.67456	8.37799	
2.67456	8.37799	
2.67303	8.38043	
2.67426	8.38959	
2.67487	8.39478	
2.67426	8.41217	
2.67334	8.4021	
2.67517	8.39172	
2.67456	8.40485	
2.67456	8.40546	
2.67517	8.40851	
2.67456	8.40515	
2.67487	8.3902	
2.67487	8.40118	
2.67517	8.38684	
2.67487	8.38776	
2.67365	8.40302	
2.67456	8.39905	
2.67578	8.40485	
2.67487	8.40363	
2.67456	8.39844	
2.67426	8.40088	
2.67426	8.39203	
2.67426	8.4021	
2.67456	8.41003	
2.67426	8.40546	
2.67456	8.41492	
2.67456	8.41187	
2.67426	8.40851	
2.67426	8.40729	
2.67426	8.40576	
2.67487	8.40637	
2.67487	8.40637	
2.67426	8.4137	
2.67395	8.39355	
2.67517	8.39447	
2.67456	8.39996	
2.67517	8.40149	
2.67456	8.4079	
2.67517	8.41888	
2.67395	8.42102	
2.67426	8.40759	
2.67487	8.39722	
2.67456	8.396	
2.67517	8.40607	
2.67487	8.41339	
2.67487	8.40454	
2.67456	8.40729	
2.67395	8.39508	
2.67426	8.38989	
2.67487	8.4024	
2.67426	8.39539	
2.67517	8.39172	
2.67517	8.37677	
2.67426	8.3844	
2.67487	8.38715	
2.67365	8.38318	
2.67426	8.38531	
2.67426	8.38959	
2.67426	8.38928	
2.67487	8.39478	
2.67517	8.39325	
2.67487	8.41278	
2.67426	8.39355	
2.67517	8.38928	
2.67548	8.38226	
2.67487	8.38287	
2.67578	8.37067	
2.67487	8.38776	
2.67517	8.39508	
2.67456	8.3847	
2.67426	8.39081	
2.67548	8.39691	
2.67426	8.38776	
2.67517	8.40057	
2.67517	8.3847	
2.67609	8.38257	
2.67578	8.37921	
2.67487	8.38257	
2.67456	8.37067	
2.67487	8.36884	
2.67548	8.37646	
2.67609	8.37585	
2.67578	8.38593	
2.67609	8.39111	
2.67487	8.3902	
2.67548	8.38074	
2.67456	8.3844	
2.67578	8.37097	
2.67609	8.38776	
2.67578	8.39386	
2.67517	8.38928	
2.67578	8.37372	
2.67639	8.38043	
2.67609	8.37524	
2.67487	8.37769	
2.67487	8.38379	
2.67578	8.36792	
2.67548	8.36517	
2.67609	8.3728	
2.67578	8.37189	
2.67578	8.35449	
2.67548	8.37372	
2.67548	8.36731	
2.67609	8.37402	
2.67578	8.37646	
2.67639	8.37402	
2.67609	8.37219	
2.67639	8.37769	
2.67548	8.38013	
2.67517	8.38715	
2.67609	8.38715	
2.67548	8.38562	
2.67609	8.38684	
2.6767	8.38257	
2.67578	8.38715	
2.67487	8.35968	
2.67639	8.37494	
2.67609	8.37738	
2.67609	8.36487	
2.67609	8.37433	
2.6767	8.37311	
2.67578	8.38379	
2.67609	8.37708	
2.67578	8.38593	
2.67578	8.37311	
2.67548	8.37555	
2.67639	8.37463	
2.67578	8.37555	
2.67548	8.3725	
2.6767	8.37921	
2.67639	8.37952	
2.6767	8.37799	
2.67639	8.3725	
2.67731	8.36456	
2.677	8.37463	
2.67609	8.38196	
2.67609	8.38562	
2.67578	8.3786	
2.677	8.37982	
2.67609	8.38409	
2.67639	8.3783	
2.6767	8.38867	
2.67548	8.38562	
2.6767	8.37891	
2.6767	8.36761	
2.6767	8.367	
2.67639	8.38654	
2.6767	8.37677	
2.6767	8.38501	
2.6767	8.38196	
2.677	8.37097	
2.6767	8.38074	
2.67731	8.37128	
2.67761	8.36273	
2.6767	8.39081	
2.67731	8.3786	
2.6767	8.367	
2.67731	8.37036	
2.677	8.39874	
2.6767	8.38013	
2.6767	8.38684	
2.67639	8.38745	
2.677	8.37891	
2.67731	8.38593	
2.6767	8.37921	
2.67609	8.38348	
2.67731	8.37952	
2.677	8.38501	
2.6767	8.36914	
2.677	8.37128	
2.67578	8.36761	
2.67731	8.38226	
2.67639	8.37982	
2.67639	8.37158	
2.6767	8.39386	
2.67792	8.39447	
2.67822	8.38867	
2.6767	8.38226	
2.67761	8.3783	
2.67792	8.38318	
2.6767	8.34473	
2.67822	8.35449	
2.677	8.3783	
2.67731	8.38928	
2.6767	8.37463	
2.67731	8.38806	
2.67822	8.38318	
2.67731	8.38409	
2.67792	8.3725	
2.677	8.38379	
2.67853	8.38501	
2.677	8.38135	
2.67792	8.3786	
2.67761	8.37189	
2.67761	8.37585	
2.6767	8.38959	
2.6767	8.38654	
2.677	8.38074	
2.677	8.37341	
2.67731	8.3786	
2.67822	8.36945	
2.67761	8.37494	
2.67731	8.39996	
2.67853	8.39172	
2.67761	8.3786	
2.67822	8.36517	
2.67731	8.37952	
2.67731	8.38715	
2.67731	8.38623	
2.67731	8.3728	
2.67792	8.38379	
2.67761	8.37463	
2.67853	8.38806	
2.677	8.39752	
2.677	8.39355	
2.67731	8.39996	
2.67761	8.39905	
2.67761	8.39355	
2.67822	8.39203	
2.6767	8.38715	
2.67792	8.39478	
2.67731	8.37738	
2.67731	8.3847	
2.67731	8.37952	
2.67822	8.37097	
2.67761	8.38531	
2.67792	8.38715	
2.677	8.38409	
2.67731	8.39752	
2.67853	8.39355	
2.67731	8.39111	
2.67761	8.38654	
2.67761	8.37585	
2.67761	8.37372	
2.67792	8.3847	
2.67731	8.40363	
2.67792	8.38531	
2.6767	8.39081	
2.67731	8.38928	
2.67792	8.41248	
2.67731	8.40118	
2.67792	8.40515	
2.67761	8.40607	
2.67761	8.4021	
2.67761	8.3905	
2.67761	8.39844	
2.67792	8.3905	
2.67853	8.37677	
2.67792	8.38165	
2.67853	8.3902	
2.67914	8.38257	
2.67731	8.37891	
2.67822	8.38562	
2.67822	8.38318	
2.67761	8.36914	
2.67883	8.37402	
2.67731	8.37158	
2.677	8.3783	
2.67761	8.36487	
2.67822	8.37585	
2.67761	8.37555	
2.67761	8.38562	
2.67822	8.37158	
2.67853	8.37494	
2.67822	8.38104	
2.67792	8.37494	
2.67792	8.38409	
2.67914	8.37189	
2.67761	8.39935	
2.67792	8.38593	
2.67761	8.38379	
2.67853	8.3905	
2.67761	8.40363	
2.67792	8.38745	
2.67822	8.38745	
2.67883	8.38165	
2.67914	8.38867	
2.67883	8.38989	
2.67883	8.38623	
2.68005	8.38562	
2.67853	8.37982	
2.67853	8.38196	
2.67883	8.38043	
2.67853	8.3783	
2.67792	8.37677	
2.67853	8.38837	
2.67914	8.39294	
2.67822	8.39905	
2.67853	8.39294	
2.67822	8.38531	
2.67975	8.38776	
2.67944	8.39264	
2.67883	8.40302	
2.67822	8.38806	
2.67883	8.39203	
2.67914	8.39813	
2.67853	8.40179	
2.67883	8.39447	
2.67883	8.38501	
2.67914	8.37158	
2.67914	8.37006	
2.67853	8.36945	
2.67853	8.35052	
2.67914	8.39722	
2.67822	8.36945	
2.67883	8.36426	
2.67883	8.36731	
2.67914	8.35938	
2.67853	8.34961	
2.67853	8.36029	
2.67883	8.35144	
2.67914	8.36578	
2.67944	8.34076	
2.67914	8.33588	
2.67761	8.35632	
2.67853	8.35236	
2.67914	8.34869	
2.67883	8.35571	
2.67914	8.36365	
2.67944	8.37128	
2.67975	8.37402	
2.67944	8.35632	
2.67975	8.3725	
2.67944	8.36823	
2.68005	8.34869	
2.67944	8.35175	
2.67883	8.34076	
2.67853	8.36487	
2.67944	8.35266	
2.67975	8.35968	
2.67944	8.35419	
2.67944	8.36365	
2.67853	8.35571	
2.67975	8.3606	
2.67914	8.36334	
2.68005	8.34595	
2.67914	8.35449	
2.67944	8.34747	
2.67853	8.34625	
2.68005	8.3548	
2.67914	8.36914	
2.67944	8.35846	
2.67944	8.36426	
2.67914	8.35815	
2.67914	8.3551	
2.68005	8.34686	
2.67975	8.36761	
2.68036	8.34656	
2.67975	8.34503	
2.67944	8.36456	
2.67853	8.36456	
2.67975	8.3551	
2.67944	8.36273	
2.67975	8.35571	
2.68066	8.34778	
2.67975	8.37433	
2.68097	8.367	
2.68036	8.37524	
2.68005	8.36334	
2.67975	8.35693	
2.68005	8.3548	
2.67944	8.35754	
2.68066	8.34961	
2.67914	8.36884	
2.68036	8.35266	
2.68066	8.35083	
2.67944	8.35266	
2.67975	8.35724	
2.68005	8.349	
2.68005	8.34442	
2.68005	8.34869	
2.68005	8.34167	
2.67975	8.34869	
2.68005	8.34991	
2.67914	8.36365	
2.67975	8.35327	
2.68005	8.33984	
2.67975	8.34351	
2.68036	8.35175	
2.67975	8.34564	
2.68036	8.35297	
2.67944	8.34839	
2.68127	8.35266	
2.68036	8.3551	
2.68127	8.34778	
2.68066	8.34015	
2.67975	8.32916	
2.68036	8.34503	
2.67975	8.33557	
2.67975	8.34595	
2.67944	8.34167	
2.68005	8.34656	
2.68036	8.34351	
2.67975	8.34076	
2.67944	8.34167	
2.68097	8.34717	
2.68005	8.35052	
2.68066	8.34198	
2.68036	8.367	
2.67944	8.34564	
2.68005	8.35571	
2.67975	8.36029	
2.68097	8.36487	
2.67975	8.34259	
2.68036	8.34045	
2.68066	8.34106	
2.67944	8.34076	
2.68036	8.33588	
2.68097	8.34198	
2.68036	8.35571	
2.68066	8.33771	
2.67975	8.34595	
2.68097	8.3606	
2.67944	8.33862	
2.67975	8.33496	
2.68036	8.33008	
2.68127	8.33038	
2.68127	8.33435	
2.67975	8.3493	
2.67975	8.34229	
2.68036	8.33618	
2.68097	8.33984	
2.68066	8.33466	
2.68005	8.35052	
2.68036	8.33221	
2.67975	8.33557	
2.68066	8.35052	
2.68158	8.34717	
2.68066	8.35083	
2.68005	8.34412	
2.68066	8.34015	
2.68127	8.34015	
2.68066	8.33344	
2.68036	8.33099	
2.68036	8.34381	
2.68036	8.32855	
2.68066	8.32306	
2.68127	8.3136	
2.68097	8.33801	
2.68066	8.31451	
2.68005	8.34198	
2.68066	8.35266	
2.68005	8.3548	
2.68066	8.33893	
2.67975	8.34564	
2.68066	8.34686	
2.68158	8.36609	
2.68097	8.34198	
2.68097	8.36182	
2.67944	8.35297	
2.68158	8.34961	
2.68127	8.35846	
2.68158	8.34564	
2.68158	8.33008	
2.68066	8.36487	
2.68158	8.34412	
2.68158	8.35266	
2.68097	8.36243	
2.68158	8.36792	
2.68066	8.35114	
2.68127	8.36182	
2.68097	8.36121	
2.68158	8.35571	
2.68127	8.35175	
2.68005	8.33588	
2.68158	8.34656	
2.68188	8.34503	
2.68158	8.34137	
2.68097	8.33832	
2.68036	8.33099	
2.68158	8.34106	
2.68127	8.32001	
2.68127	8.33099	
2.68219	8.3551	
2.68158	8.34259	
2.68188	8.34076	
2.68158	8.33862	
2.6825	8.3429	
2.68097	8.34381	
2.68188	8.3432	
2.68158	8.3432	
2.68127	8.33252	
2.68219	8.34076	
2.68188	8.34076	
2.68127	8.35663	
2.68158	8.34839	
2.68188	8.36273	
2.68097	8.36975	
2.68158	8.36365	
2.68158	8.34015	
2.68158	8.34564	
2.68127	8.3551	
2.68066	8.35999	
2.68188	8.36853	
2.68097	8.36456	
2.68219	8.36395	
2.68188	8.34503	
2.68127	8.3609	
2.68158	8.36243	
2.68158	8.36884	
2.68188	8.35754	
2.68158	8.35632	
2.68127	8.38318	
2.6828	8.38348	
2.68127	8.37402	
2.68341	8.349	
2.68219	8.35297	
2.68188	8.34167	
2.68127	8.3606	
2.68188	8.37677	
2.68188	8.37036	
2.68188	8.37524	
2.6828	8.36853	
2.68158	8.33649	
2.68158	8.36517	
2.68127	8.37433	
2.68188	8.36304	
2.68219	8.37952	
2.68219	8.38226	
2.6825	8.39478	
2.6825	8.38593	
2.68219	8.39264	
2.68158	8.37708	
2.68158	8.37799	
2.6825	8.37219	
2.6825	8.35815	
2.6825	8.36914	
2.68219	8.37006	
2.6825	8.36548	
2.68219	8.37189	
2.6828	8.37952	
2.68341	8.39172	
2.68219	8.38837	
2.6825	8.37708	
2.6825	8.36761	
2.68127	8.37036	
2.68219	8.36884	
2.6828	8.37494	
2.6825	8.3606	
2.68219	8.37128	
2.68219	8.38318	
2.6828	8.37982	
2.68158	8.38287	
2.68219	8.39264	
2.6828	8.39294	
2.6828	8.40973	
2.68158	8.38379	
2.6825	8.39111	
2.6825	8.37128	
2.6828	8.36304	
2.68311	8.36792	
2.68311	8.37067	
2.68158	8.39203	
2.68311	8.37524	
2.68311	8.38989	
2.6828	8.37646	
2.68219	8.36029	
2.6825	8.37463	
2.68311	8.37311	
2.6828	8.38715	
2.68372	8.37677	
2.6828	8.37982	
2.6828	8.36395	
2.68341	8.37585	
2.68372	8.38593	
2.68372	8.38623	
2.68341	8.35999	
2.68311	8.36243	
2.6828	8.40149	
2.6825	8.37708	
2.6828	8.37616	
2.68311	8.37463	
2.68341	8.39447	
2.6825	8.38043	
2.6825	8.38043	
2.68311	8.37311	
2.6828	8.3902	
2.68188	8.3493	
2.68219	8.35999	
2.68311	8.36121	
2.68311	8.37616	
2.6828	8.36182	
2.68158	8.36151	
2.68341	8.36395	
2.68372	8.37189	
2.68402	8.38898	
2.6828	8.34808	
2.6828	8.3551	
2.68341	8.40057	
2.68341	8.36487	
2.68311	8.37463	
2.6828	8.36365	
2.6828	8.35327	
2.6828	8.35266	
2.68372	8.36884	
2.68341	8.35876	
2.6828	8.34259	
2.6828	8.36914	
2.68372	8.35175	
2.68311	8.3551	
2.6828	8.36731	
2.68341	8.35968	
2.68402	8.38928	
2.68372	8.3728	
2.68311	8.36945	
2.68341	8.3548	
2.68311	8.37433	
2.6828	8.39508	
2.68402	8.38531	
2.68341	8.38623	
2.68402	8.37494	
2.68341	8.38043	
2.68188	8.37219	
2.68372	8.38226	
2.6828	8.38348	
2.68341	8.36914	
2.6828	8.37433	
2.6825	8.37769	
2.68341	8.36548	
2.68341	8.36945	
2.68311	8.37006	
2.68311	8.38654	
2.6828	8.38409	
2.68402	8.37982	
2.6828	8.38654	
2.68433	8.37952	
2.6828	8.38196	
2.68311	8.36945	
2.68433	8.37646	
2.68372	8.37921	
2.68402	8.36121	
2.68372	8.37036	
2.68372	8.3783	
2.68311	8.36365	
2.68372	8.37463	
2.68372	8.38623	
2.68311	8.3847	
2.68402	8.38654	
2.68341	8.38013	
2.68311	8.37891	
2.68341	8.38989	
2.68341	8.37463	
2.68402	8.39111	
2.68311	8.37189	
2.68372	8.37341	
2.68341	8.38562	
2.68402	8.37494	
2.68402	8.37524	
2.68402	8.38196	
2.68433	8.36975	
2.68311	8.3667	
2.68341	8.3844	
2.68433	8.38165	
2.68402	8.36273	
2.68372	8.36914	
2.68311	8.37952	
2.68372	8.36243	
2.68311	8.37616	
2.68402	8.35266	
2.6828	8.37555	
2.68341	8.35022	
2.68433	8.36975	
2.68402	8.38074	
2.68494	8.36334	
2.68341	8.37036	
2.68372	8.38074	
2.68372	8.36975	
2.68341	8.37769	
2.68433	8.37372	
2.68402	8.37341	
2.68463	8.36304	
2.68402	8.36517	
2.68433	8.37128	
2.68494	8.38104	
2.68402	8.3551	
2.68402	8.36609	
2.68402	8.34808	
2.68341	8.35693	
2.68372	8.3551	
2.68433	8.35815	
2.68433	8.3667	
2.68463	8.3606	
2.68402	8.37402	
2.68402	8.36487	
2.68402	8.36365	
2.68433	8.35144	
2.68311	8.36823	
2.68402	8.35968	
2.68341	8.35571	
2.68433	8.36212	
2.68341	8.35327	
2.68463	8.35876	
2.68433	8.3606	
2.68341	8.35938	
2.68433	8.35571	
2.68341	8.37921	
2.68463	8.36609	
2.68433	8.38837	
2.68494	8.37891	
2.68463	8.36609	
2.68494	8.35876	
2.68463	8.36182	
2.68463	8.35602	
2.68341	8.37738	
2.68494	8.36487	
2.68433	8.36731	
2.68433	8.39172	
2.68433	8.38531	
2.68402	8.38196	
2.68402	8.37982	
2.68402	8.35724	
2.68402	8.37219	
2.68585	8.38104	
2.68402	8.38684	
2.68463	8.40027	
2.68494	8.38684	
2.68433	8.3606	
2.68524	8.3905	
2.68402	8.37585	
2.68494	8.38104	
2.68433	8.39996	
2.68555	8.39264	
2.68524	8.37677	
2.68463	8.38684	
2.68524	8.37616	
2.68494	8.37738	
2.68494	8.38501	
2.68585	8.36426	
2.68402	8.38959	
2.68555	8.37921	
2.68494	8.36395	
2.68494	8.38196	
2.68585	8.37799	
2.68585	8.35602	
2.68463	8.37128	
2.68463	8.37494	
2.68524	8.36945	
2.68494	8.37067	
2.68463	8.36914	
2.68524	8.37158	
2.68524	8.37524	
2.68555	8.38104	
2.68494	8.35388	
2.68494	8.36548	
2.68555	8.35999	
2.68524	8.36731	
2.68433	8.35297	
2.68494	8.36212	
2.68494	8.35693	
2.68555	8.35052	
2.68463	8.35785	
2.68463	8.37067	
2.68433	8.35571	
2.68463	8.35052	
2.68494	8.3548	
2.68555	8.37555	
2.68402	8.35449	
2.68494	8.35968	
2.68555	8.37036	
2.68616	8.36639	
2.68524	8.37738	
2.68463	8.35999	
2.68402	8.36182	
2.68524	8.33862	
2.68616	8.34015	
2.68585	8.33771	
2.68585	8.34595	
2.68463	8.34229	
2.68585	8.33984	
2.68616	8.35449	
2.68372	8.3606	
2.68555	8.34625	
2.68494	8.32886	
2.68524	8.35144	
2.68494	8.37433	
2.68555	8.39142	
2.68524	8.35663	
2.68585	8.34351	
2.68555	8.36456	
2.68463	8.38043	
2.68524	8.37372	
2.68524	8.36365	
2.68585	8.37555	
2.68555	8.3728	
2.68585	8.37067	
2.68524	8.36426	
2.68585	8.36151	
2.68616	8.36548	
2.68463	8.37799	
2.68555	8.36121	
2.68616	8.37677	
2.68677	8.39783	
2.68616	8.3783	
2.68585	8.38379	
2.68646	8.37616	
2.68585	8.37677	
2.68646	8.35999	
2.68585	8.38531	
2.68616	8.37341	
2.68646	8.36151	
2.68616	8.35144	
2.68585	8.3725	
2.68555	8.3783	
2.68585	8.37524	
2.68585	8.35724	
2.68585	8.37677	
2.68585	8.38043	
2.68616	8.34229	
2.68463	8.36426	
2.68646	8.36487	
2.68524	8.3609	
2.68494	8.35388	
2.68677	8.35541	
2.68524	8.34961	
2.68677	8.36609	
2.68555	8.35175	
2.68616	8.34076	
2.68646	8.34381	
2.68616	8.34503	
2.68616	8.34015	
2.68646	8.33771	
2.68646	8.35297	
2.68585	8.31909	
2.68616	8.34808	
2.68616	8.35144	
2.68616	8.3551	
2.68585	8.33435	
2.68585	8.33618	
2.68616	8.37158	
2.68555	8.34473	
2.68585	8.33649	
2.68616	8.34625	
2.68585	8.34076	
2.68616	8.33527	
2.68585	8.3313	
2.68616	8.33679	
2.68616	8.34198	
2.68585	8.33313	
2.68616	8.35815	
2.68646	8.34442	
2.68646	8.35388	
2.68616	8.34229	
2.68555	8.33984	
2.68677	8.33801	
2.68616	8.32886	
2.68677	8.32275	
2.68555	8.32825	
2.68585	8.33313	
2.68616	8.31757	
2.68555	8.32855	
2.68646	8.32001	
2.68585	8.32367	
2.68555	8.34259	
2.68616	8.32214	
2.68616	8.32611	
2.68646	8.3197	
2.68555	8.31757	
2.68616	8.31879	
2.68677	8.30994	
2.68616	8.33679	
2.68616	8.31665	
2.68677	8.33832	
2.68646	8.31879	
2.68677	8.33893	
2.68646	8.32245	
2.68646	8.3194	
2.68646	8.33771	
2.68616	8.32001	
2.68646	8.32916	
2.68646	8.33557	
2.68585	8.32275	
2.68616	8.34259	
2.68707	8.31543	
2.68616	8.33374	
2.68524	8.34595	
2.68677	8.34717	
2.68616	8.34137	
2.68646	8.34045	
2.68616	8.33099	
2.68677	8.34167	
2.68677	8.33588	
2.68738	8.34137	
2.68646	8.35052	
2.68616	8.34198	
2.68646	8.33771	
2.68646	8.35114	
2.68707	8.3374	
2.68646	8.32977	
2.68677	8.3374	
2.68677	8.34106	
2.68677	8.36365	
2.68646	8.32947	
2.68677	8.3316	
2.68738	8.34229	
2.68738	8.34534	
2.68677	8.33191	
2.68677	8.33588	
2.68677	8.33252	
2.68677	8.33282	
2.68677	8.33405	
2.68707	8.33282	
2.68646	8.32275	
2.68738	8.35602	
2.68768	8.34503	
2.68829	8.36212	
2.68707	8.33069	
2.68738	8.35205	
2.68707	8.34503	
2.68677	8.34412	
2.68646	8.34656	
2.68738	8.35632	
2.68677	8.34717	
2.68707	8.35266	
2.68677	8.35907	
2.68677	8.35022	
2.68738	8.31543	
2.68677	8.33405	
2.68677	8.32336	
2.68646	8.35114	
2.68677	8.35602	
2.68677	8.34351	
2.68585	8.33099	
2.68707	8.34198	
2.68738	8.3255	
2.68768	8.33984	
2.68768	8.34869	
2.68677	8.34961	
2.68768	8.33435	
2.68799	8.34076	
2.68768	8.36823	
2.6886	8.35266	
2.68707	8.34686	
2.68707	8.34869	
2.68829	8.36853	
2.68768	8.36334	
2.68829	8.37341	
2.68768	8.35327	
2.68738	8.37219	
2.68799	8.36609	
2.68738	8.37952	
2.68799	8.36456	
2.68646	8.35144	
2.68768	8.35846	
2.68799	8.34869	
2.68768	8.35571	
2.68768	8.37494	
2.68768	8.35999	
2.68768	8.37158	
2.68799	8.37189	
2.68768	8.38287	
2.68768	8.3609	
2.68707	8.37585	
2.68707	8.36975	
2.68768	8.37708	
2.68738	8.36609	
2.6886	8.3786	
2.68707	8.35815	
2.68738	8.3725	
2.68799	8.36761	
2.68677	8.37372	
2.68646	8.36823	
2.68799	8.37341	
2.68646	8.36395	
2.68707	8.36121	
2.68768	8.37189	
2.68768	8.37036	
2.68768	8.35083	
2.68707	8.35541	
2.68738	8.3609	
2.68707	8.35541	
2.68738	8.38867	
2.68768	8.36975	
2.68768	8.35205	
2.68768	8.35785	
2.68707	8.36182	
2.6886	8.35114	
2.68768	8.36243	
2.6886	8.37067	
2.6886	8.35297	
2.68799	8.37463	
2.68829	8.37128	
2.68768	8.37921	
2.68829	8.38196	
2.68799	8.34778	
2.68799	8.35388	
2.68738	8.38989	
2.68799	8.38562	
2.68799	8.38226	
2.68768	8.38013	
2.68799	8.37677	
2.68799	8.36029	
2.68829	8.35693	
2.6886	8.36487	
2.68738	8.36395	
2.68768	8.38043	
2.68829	8.35999	
2.68768	8.3783	
2.68768	8.34778	
2.68799	8.34808	
2.68829	8.37341	
2.68829	8.37402	
2.6886	8.38409	
2.68768	8.34625	
2.6889	8.35999	
2.68829	8.37402	
2.6886	8.37585	
2.68829	8.37311	
2.68829	8.37402	
2.6886	8.37463	
2.68799	8.35571	
2.68799	8.36151	
2.68707	8.35754	
2.68768	8.35602	
2.6886	8.33313	
2.68921	8.36029	
2.68829	8.35785	
2.68768	8.36426	
2.68799	8.35052	
2.6889	8.3432	
2.68921	8.34808	
2.68738	8.3493	
2.6889	8.34747	
2.68799	8.32703	
2.68799	8.33405	
2.68799	8.34351	
2.68768	8.3316	
2.68799	8.33588	
2.68799	8.34351	
2.68829	8.36304	
2.68768	8.34229	
2.6886	8.35083	
2.68829	8.36609	
2.68829	8.36029	
2.6889	8.36792	
2.68707	8.36884	
2.68921	8.36151	
2.6886	8.37067	
2.68982	8.37921	
2.68829	8.3548	
2.68707	8.38135	
2.6886	8.36365	
2.6889	8.36487	
2.6889	8.35907	
2.68829	8.38196	
2.68799	8.37708	
2.68921	8.36304	
2.6886	8.36273	
2.68799	8.3667	
2.68921	8.3606	
2.68768	8.36853	
2.68921	8.35815	
2.68829	8.36731	
2.6886	8.37402	
2.6886	8.37219	
2.6886	8.35632	
2.68921	8.36792	
2.6889	8.37982	
2.6886	8.34869	
2.68829	8.37738	
2.6886	8.37311	
2.68951	8.35388	
2.6886	8.367	
2.68768	8.3725	
2.68829	8.36517	
2.6886	8.37097	
2.68921	8.37585	
2.6886	8.34625	
2.68829	8.33832	
2.68921	8.35693	
2.6889	8.36975	
2.68829	8.35724	
2.68921	8.35571	
2.68829	8.3429	
2.68982	8.36548	
2.6889	8.37463	
2.68799	8.35754	
2.6886	8.35815	
2.68829	8.35236	
2.68951	8.3667	
2.6889	8.36334	
2.68829	8.37646	
2.68951	8.35999	
2.6889	8.35938	
2.68738	8.3551	
2.68921	8.38287	
2.68921	8.37494	
2.6889	8.3783	
2.68829	8.367	
2.68921	8.36151	
2.6889	8.3786	
2.6886	8.36945	
2.68982	8.37158	
2.68799	8.37402	
2.6889	8.3609	
2.68951	8.39752	
2.6886	8.37006	
2.68921	8.36151	
2.6889	8.37585	
2.6886	8.37494	
2.68982	8.37769	
2.6886	8.3783	
2.6886	8.38898	
2.68921	8.37463	
2.6889	8.37189	
2.68921	8.36823	
2.6889	8.38684	
2.68921	8.38928	
2.68951	8.37402	
2.68951	8.37006	
2.6889	8.37708	
2.68951	8.37738	
2.6889	8.38165	
2.68951	8.38837	
2.6889	8.3783	
2.6889	8.39294	
2.68982	8.37372	
2.69012	8.38196	
2.6889	8.37738	
2.68768	8.39142	
2.68921	8.40027	
2.68921	8.38287	
2.6889	8.37006	
2.6889	8.40576	
2.68982	8.37372	
2.68921	8.36731	
2.6889	8.38654	
2.68951	8.37891	
2.68829	8.39355	
2.68982	8.3728	
2.6886	8.38989	
2.68982	8.40088	
2.68982	8.39569	
2.6889	8.40881	
2.68799	8.38593	
2.6889	8.3847	
2.68951	8.38654	
2.68921	8.40546	
2.68829	8.40057	
2.68951	8.39966	
2.68982	8.38043	
2.68951	8.39233	
2.68951	8.37952	
2.68921	8.39142	
2.68951	8.36914	
2.68982	8.39691	
2.68921	8.39905	
2.69012	8.41614	
2.6889	8.41522	
2.69012	8.40912	
2.69043	8.39813	
2.68951	8.40302	
2.69043	8.40759	
2.68982	8.39935	
2.68982	8.38257	
2.68982	8.40607	
2.69012	8.41156	
2.69012	8.38684	
2.68982	8.40088	
2.68921	8.40118	
2.69104	8.40912	
2.69043	8.40607	
2.68951	8.41614	
2.68921	8.39783	
2.68951	8.39203	
2.69073	8.41156	
2.69073	8.41553	
2.68982	8.4201	
2.68951	8.40363	
2.69104	8.42346	
2.69043	8.40698	
2.69104	8.40454	
2.68982	8.40363	
2.68982	8.40027	
2.69073	8.41583	
2.69012	8.40576	
2.69043	8.40027	
2.69012	8.41522	
2.69043	8.40546	
2.69043	8.40424	
2.68921	8.41125	
2.68982	8.40637	
2.69073	8.39569	
2.68982	8.41095	
2.69043	8.40027	
2.69104	8.40637	
2.68951	8.40454	
2.69104	8.40393	
2.68982	8.39783	
2.69043	8.38593	
2.69043	8.3725	
2.68982	8.36548	
2.69073	8.37219	
2.69073	8.39203	
2.69073	8.38348	
2.69012	8.37952	
2.69104	8.38867	
2.68982	8.39661	
2.69073	8.39783	
2.69104	8.36731	
2.68951	8.3725	
2.69012	8.39325	
2.69104	8.38348	
2.69135	8.40485	
2.69043	8.40363	
2.69043	8.39569	
2.69012	8.38776	
2.69073	8.40576	
2.69043	8.39966	
2.69073	8.38745	
2.68951	8.38837	
2.69073	8.38562	
2.68982	8.38379	
2.69043	8.4082	
2.69073	8.41064	
2.69073	8.40149	
2.69073	8.38318	
2.69104	8.39996	
2.69012	8.40057	
2.69073	8.40637	
2.69012	8.39355	
2.69104	8.39447	
2.69104	8.37219	
2.69104	8.38959	
2.69104	8.39111	
2.69073	8.37402	
2.68982	8.39813	
2.69073	8.40576	
2.69073	8.39111	
2.69043	8.39783	
2.69043	8.39142	
2.69043	8.38806	
2.69104	8.38715	
2.69012	8.39111	
2.69135	8.38684	
2.69043	8.40302	
2.69073	8.39783	
2.69073	8.38593	
2.68951	8.39844	
2.69043	8.39722	
2.69165	8.396	
2.69104	8.40271	
2.69073	8.4021	
2.69043	8.40881	
2.69043	8.39722	
2.69135	8.40363	
2.69043	8.38379	
2.69104	8.41583	
2.69104	8.39478	
2.69104	8.41125	
2.69073	8.39508	
2.69012	8.39294	
2.69104	8.4024	
2.69043	8.40454	
2.69073	8.40271	
2.69104	8.41064	
2.69073	8.40698	
2.69104	8.41888	
2.69073	8.39844	
2.69135	8.41095	
2.69043	8.40698	
2.69012	8.41003	
2.69104	8.39081	
2.69104	8.39569	
2.69104	8.40973	
2.69073	8.39691	
2.69043	8.38165	
2.69135	8.42285	
2.69012	8.41888	
2.69073	8.41858	
2.69073	8.4021	
2.69104	8.4082	
2.69043	8.414	
2.69135	8.41797	
2.69104	8.41949	
2.69135	8.41125	
2.69012	8.38593	
2.69104	8.42102	
2.69073	8.3963	
2.69196	8.41003	
2.69073	8.40576	
2.69104	8.42377	
2.69135	8.41431	
2.69196	8.40515	
2.69257	8.4079	
2.69165	8.39935	
2.69165	8.3844	
2.69196	8.39203	
2.69196	8.4082	
2.69135	8.39447	
2.69135	8.39233	
2.69165	8.39508	
2.69104	8.40302	
2.69135	8.40973	
2.69104	8.42102	
2.69135	8.40912	
2.69135	8.4201	
2.69165	8.41339	
2.69043	8.39661	
2.69073	8.42346	
2.69196	8.40393	
2.69135	8.39813	
2.69073	8.39142	
2.69104	8.4082	
2.69165	8.39661	
2.69226	8.38684	
2.69104	8.41797	
2.69135	8.42651	
2.69196	8.40363	
2.69165	8.4082	
2.69196	8.40973	
2.69196	8.39478	
2.69165	8.37067	
2.69226	8.37036	
2.69135	8.37769	
2.69226	8.3783	
2.69135	8.38654	
2.69135	8.38531	
2.69287	8.37189	
2.69196	8.37402	
2.69196	8.38226	
2.69196	8.3905	
2.69226	8.39478	
2.69196	8.39142	
2.69135	8.39966	
2.69226	8.37952	
2.69135	8.38196	
2.69135	8.37158	
2.69165	8.37006	
2.69287	8.39569	
2.69165	8.39752	
2.69165	8.38287	
2.69196	8.40759	
2.69257	8.40668	
2.69043	8.41034	
2.69196	8.41675	
2.69135	8.39783	
2.69165	8.40149	
2.69165	8.40332	
2.69196	8.4024	
2.69165	8.39478	
2.69165	8.4079	
2.69196	8.37494	
2.69226	8.38745	
2.69104	8.38135	
2.69257	8.3905	
2.69196	8.39905	
2.69165	8.37402	
2.69135	8.38501	
2.69165	8.39935	
2.69226	8.39233	
2.69196	8.41339	
2.69135	8.4021	
2.69196	8.39417	
2.69135	8.40027	
2.69226	8.38928	
2.69196	8.38654	
2.69226	8.39386	
2.69135	8.40027	
2.69135	8.40332	
2.69196	8.39539	
2.69135	8.38257	
2.69257	8.39844	
2.69226	8.39325	
2.69196	8.40118	
2.69165	8.40729	
2.69135	8.37219	
2.69196	8.38287	
2.69135	8.38043	
2.69104	8.39355	
2.69165	8.4021	
2.69135	8.39966	
2.69196	8.3786	
2.69226	8.37463	
2.69135	8.36639	
2.69135	8.36792	
2.69196	8.38715	
2.69257	8.38928	
2.69104	8.3844	
2.69165	8.36517	
2.69226	8.37799	
2.69135	8.37738	
2.69287	8.37921	
2.69257	8.36243	
2.69196	8.35114	
2.69165	8.36823	
2.69226	8.36273	
2.69257	8.36823	
2.69196	8.35876	
2.69165	8.36365	
2.69257	8.36914	
2.69257	8.36243	
2.69287	8.36029	
2.69043	8.34106	
2.69226	8.3493	
2.69257	8.35968	
2.69196	8.35175	
2.69196	8.34595	
2.69165	8.34534	
2.69257	8.33191	
2.69165	8.35632	
2.69196	8.34991	
2.69226	8.35571	
2.69287	8.34869	
2.69257	8.33527	
2.69135	8.34198	
2.69165	8.34625	
2.69287	8.35327	
2.69287	8.34686	
2.69226	8.36426	
2.69287	8.3728	
2.69165	8.37494	
2.69257	8.36792	
2.69226	8.37463	
2.69226	8.37402	
2.69257	8.38074	
2.69257	8.38348	
2.69348	8.38867	
2.69348	8.37677	
2.69379	8.35632	
2.69257	8.37891	
2.69318	8.37006	
2.69318	8.36273	
2.69226	8.35266	
2.69318	8.35297	
2.69257	8.33832	
2.69287	8.35266	
2.69287	8.35388	
2.69318	8.35052	
2.69348	8.3609	
2.69226	8.36731	
2.69318	8.37494	
2.69348	8.3728	
2.69318	8.37494	
2.69287	8.35968	
2.69287	8.37219	
2.69379	8.37402	
2.69287	8.37372	
2.69287	8.35785	
2.69318	8.36975	
2.69318	8.37402	
2.69318	8.38074	
2.69318	8.37555	
2.69379	8.3844	
2.69257	8.37433	
2.69257	8.37067	
2.69318	8.39874	
2.69318	8.38745	
2.69348	8.39874	
2.69257	8.3847	
2.69287	8.38562	
2.69348	8.38898	
2.69257	8.38531	
2.69379	8.39355	
2.69287	8.38898	
2.6944	8.39386	
2.69257	8.38715	
2.69318	8.38135	
2.69379	8.39508	
2.69287	8.38593	
2.69287	8.37738	
2.69287	8.3847	
2.69257	8.37616	
2.69348	8.38196	
2.69196	8.36426	
2.69348	8.36151	
2.69379	8.37646	
2.69348	8.37128	
2.69379	8.37341	
2.69318	8.3725	
2.69348	8.38409	
2.69226	8.38837	
2.69257	8.37677	
2.69318	8.37494	
2.69287	8.38196	
2.69165	8.37585	
2.69318	8.36914	
2.69257	8.38562	
2.69318	8.38135	
2.69287	8.37982	
2.69318	8.38287	
2.69318	8.38623	
2.69226	8.37982	
2.69226	8.3847	
2.69379	8.38318	
2.69318	8.37189	
2.69287	8.37189	
2.69348	8.3786	
2.69348	8.3786	
2.69379	8.37952	
2.69379	8.37769	
2.69409	8.3667	
2.69287	8.36731	
2.69348	8.38196	
2.69348	8.37036	
2.69348	8.36731	
2.69287	8.37952	
2.69165	8.36395	
2.69409	8.37311	
2.69379	8.37585	
2.69379	8.38257	
2.69287	8.38165	
2.69318	8.38409	
2.69379	8.37402	
2.69379	8.38409	
2.69257	8.37982	
2.69318	8.37799	
2.69379	8.38593	
2.69287	8.38104	
2.69409	8.38104	
2.69409	8.37128	
2.6944	8.36395	
2.69287	8.35388	
2.69379	8.35907	
2.69287	8.36151	
2.69348	8.37036	
2.69318	8.36304	
2.69379	8.35541	
2.69409	8.33496	
2.69379	8.35144	
2.69287	8.35114	
2.69409	8.35175	
2.69318	8.35724	
2.6944	8.36761	
2.69379	8.3725	
2.69379	8.35663	
2.69379	8.35785	
2.69379	8.3429	
2.69409	8.36517	
2.69409	8.3551	
2.69348	8.36975	
2.69348	8.35114	
2.69318	8.36212	
2.69409	8.36304	
2.69348	8.36609	
2.6947	8.37036	
2.69379	8.37158	
2.69409	8.36487	
2.69379	8.36578	
2.69348	8.35022	
2.69409	8.35846	
2.69409	8.36304	
2.69379	8.3609	
2.69379	8.35205	
2.69379	8.36151	
2.69379	8.37128	
2.6944	8.34045	
2.69318	8.34625	
2.69318	8.35022	
2.69379	8.35297	
2.69348	8.34717	
2.69318	8.35083	
2.69379	8.35693	
2.69379	8.36792	
2.69409	8.36823	
2.69348	8.37067	
2.6947	8.35541	
2.6944	8.35388	
2.69562	8.34747	
2.69409	8.34686	
2.6944	8.35144	
2.69409	8.36304	
2.6947	8.35632	
2.6944	8.34961	
2.69379	8.36182	
2.69409	8.36456	
2.69379	8.34869	
2.6947	8.36151	
2.69379	8.3728	
2.6944	8.35571	
2.6944	8.36548	
2.69348	8.35388	
2.69379	8.34442	
2.6947	8.3667	
2.6944	8.38074	
2.6944	8.37158	
2.6947	8.37128	
2.6947	8.36334	
2.69348	8.37189	
2.6944	8.35083	
2.69348	8.36639	
2.69409	8.36334	
2.6947	8.35663	
2.69409	8.37219	
2.69409	8.3548	
2.69379	8.37311	
2.6947	8.36639	
2.69409	8.35297	
2.69348	8.36945	
2.6944	8.3548	
2.69409	8.36517	
2.6947	8.35815	
2.69409	8.35175	
2.6944	8.35571	
2.6947	8.34564	
2.69379	8.35602	
2.69501	8.35144	
2.69562	8.37036	
2.6947	8.36761	
2.69501	8.37494	
2.69501	8.37189	
2.69501	8.37891	
2.69562	8.38409	
2.69501	8.37738	
2.6947	8.3728	
2.6947	8.36853	
2.69501	8.3609	
2.6944	8.37585	
2.69531	8.38379	
2.69501	8.36517	
2.6944	8.38043	
2.69501	8.3783	
2.6944	8.37982	
2.69409	8.38562	
2.6947	8.39172	
2.6947	8.38684	
2.6947	8.39935	
2.69501	8.37769	
2.69501	8.3847	
2.69501	8.37555	
2.69379	8.37494	
2.69531	8.35388	
2.6947	8.367	
2.6944	8.38135	
2.6947	8.37006	
2.6947	8.36945	
2.6947	8.37646	
2.6947	8.38898	
2.6947	8.38715	
2.6944	8.37952	
2.69562	8.38684	
2.69501	8.36914	
2.6944	8.37921	
2.69501	8.37494	
2.69501	8.36487	
2.6944	8.3725	
2.6944	8.36945	
2.69562	8.37555	
2.69531	8.35938	
2.6947	8.36731	
2.69501	8.37219	
2.69501	8.38959	
2.6947	8.38104	
2.69318	8.36273	
2.6944	8.36792	
2.6944	8.37402	
2.69562	8.37097	
2.69531	8.37585	
2.69531	8.37219	
2.69409	8.38806	
2.69409	8.39264	
2.6944	8.3725	
2.6944	8.35602	
2.69501	8.36731	
2.69562	8.37128	
2.69531	8.35968	
2.6944	8.36792	
2.6947	8.3606	
2.6947	8.3783	
2.69501	8.38013	
2.69562	8.37189	
2.69531	8.37372	
2.69562	8.37738	
2.69379	8.37311	
2.69501	8.37189	
2.69501	8.36121	
2.69501	8.36761	
2.6944	8.37463	
2.6944	8.35663	
2.69531	8.36426	
2.69501	8.37463	
2.6944	8.39935	
2.69531	8.3905	
2.6944	8.3728	
2.6944	8.37036	
2.6947	8.36426	
2.69379	8.3667	
2.6947	8.37799	
2.69501	8.3905	
2.69531	8.39081	
2.69562	8.36975	
2.69653	8.38745	
2.69531	8.3725	
2.69531	8.36853	
2.69592	8.40027	
2.69592	8.37341	
2.69501	8.38989	
2.69562	8.3963	
2.69562	8.39691	
2.69623	8.39172	
2.69562	8.39081	
2.69531	8.37982	
2.69623	8.36395	
2.69623	8.39722	
2.6947	8.38196	
2.69592	8.39752	
2.69623	8.39325	
2.69592	8.39417	
2.69562	8.38226	
2.6947	8.40607	
2.69562	8.396	
2.69531	8.38501	
2.6947	8.38898	
2.69531	8.39722	
2.69562	8.4021	
2.69623	8.39142	
2.69562	8.38135	
2.69562	8.38715	
2.6947	8.39539	
2.69592	8.37341	
2.69501	8.38989	
2.69592	8.38379	
2.69623	8.3902	
2.69592	8.3844	
2.69562	8.39203	
2.69592	8.38501	
2.69653	8.38531	
2.69623	8.37769	
2.69684	8.38776	
2.69653	8.37433	
2.69592	8.37433	
2.69623	8.37219	
2.69623	8.38379	
2.69531	8.38165	
2.69531	8.40424	
2.69623	8.39874	
2.69592	8.39752	
2.69653	8.38684	
2.69653	8.38104	
2.69623	8.38135	
2.69623	8.38654	
2.69531	8.37616	
2.69623	8.37738	
2.69684	8.3844	
2.69592	8.37219	
2.69623	8.3963	
2.69592	8.39386	
2.69684	8.39447	
2.69653	8.37311	
2.69592	8.37799	
2.69623	8.37433	
2.69623	8.38837	
2.69592	8.36182	
2.69592	8.36182	
2.69623	8.37006	
2.69592	8.38257	
2.69592	8.3847	
2.69623	8.36792	
2.69684	8.38898	
2.69623	8.38226	
2.69653	8.40179	
2.69684	8.37921	
2.69531	8.38654	
2.69592	8.39569	
2.69623	8.41187	
2.69653	8.37982	
2.69623	8.38196	
2.69592	8.38196	
2.69623	8.38013	
2.69684	8.37677	
2.69531	8.41339	
2.69684	8.3783	
2.69623	8.40271	
2.69623	8.40424	
2.69623	8.40179	
2.69653	8.38745	
2.69684	8.38776	
2.69623	8.396	
2.69623	8.39691	
2.69562	8.3783	
2.69592	8.35876	
2.69501	8.37799	
2.69684	8.36395	
2.69592	8.37097	
2.69592	8.36395	
2.69623	8.36945	
2.69592	8.37128	
2.69562	8.37219	
2.69623	8.36487	
2.69684	8.35815	
2.69653	8.37189	
2.69623	8.38043	
2.69562	8.38593	
2.69562	8.38409	
2.69684	8.396	
2.69623	8.39874	
2.69562	8.39691	
2.69714	8.39722	
2.69653	8.38959	
2.69653	8.39844	
2.69653	8.39539	
2.69653	8.39874	
2.69745	8.38257	
2.69592	8.37158	
2.69684	8.39661	
2.69714	8.39264	
2.69623	8.3905	
2.69562	8.40088	
2.69714	8.4198	
2.69714	8.39294	
2.69592	8.39661	
2.69623	8.41034	
2.69653	8.40179	
2.69714	8.40881	
2.69653	8.40576	
2.69592	8.39508	
2.69653	8.40118	
2.69653	8.39935	
2.69592	8.36945	
2.69684	8.37921	
2.69684	8.38928	
2.69592	8.39996	
2.69714	8.38165	
2.69653	8.39386	
2.69714	8.40393	
2.69653	8.38928	
2.69684	8.37799	
2.69684	8.39661	
2.69684	8.38715	
2.69623	8.38959	
2.69653	8.38501	
2.69623	8.39081	
2.69653	8.38684	
2.69623	8.39294	
2.69684	8.38715	
2.69714	8.36273	
2.69623	8.36151	
2.69714	8.35938	
2.69684	8.35693	
2.69684	8.38776	
2.69623	8.38776	
2.69653	8.38593	
2.69653	8.37982	
2.69653	8.36273	
2.69714	8.38165	
2.69714	8.37097	
2.69745	8.3728	
2.69562	8.36121	
2.69714	8.39111	
2.69714	8.37952	
2.69714	8.37769	
2.69623	8.38867	
2.69775	8.38074	
2.69684	8.36243	
2.69653	8.37616	
2.69714	8.38287	
2.69684	8.37921	
2.69653	8.36273	
2.69653	8.35297	
2.69714	8.35693	
2.69745	8.36853	
2.69684	8.39111	
2.69714	8.36548	
2.69806	8.38654	
2.69653	8.36151	
2.69714	8.36487	
2.69684	8.3432	
2.69745	8.37006	
2.69592	8.3783	
2.69714	8.36212	
2.69684	8.3902	
2.69653	8.37341	
2.69684	8.38776	
2.69714	8.38409	
2.69745	8.36456	
2.69684	8.37036	
2.69684	8.36395	
2.69714	8.36792	
2.69714	8.37555	
2.69745	8.36945	
2.69714	8.396	
2.69684	8.39844	
2.69745	8.36487	
2.69745	8.3844	
2.69745	8.367	
2.69714	8.37708	
2.69684	8.36761	
2.69775	8.37433	
2.69714	8.37128	
2.69775	8.35846	
2.69745	8.34808	
2.69745	8.35419	
2.69745	8.37799	
2.69745	8.35724	
2.69775	8.37524	
2.69745	8.35785	
2.69623	8.35785	
2.69684	8.36304	
2.69775	8.38989	
2.69714	8.38104	
2.69684	8.38348	
2.69714	8.37219	
2.69806	8.35358	
2.69775	8.37158	
2.69684	8.36334	
2.69775	8.37769	
2.69684	8.34442	
2.69745	8.36761	
2.69745	8.3609	
2.69745	8.35907	
2.69775	8.36456	
2.69775	8.36212	
2.69684	8.35602	
2.69745	8.35449	
2.69684	8.35052	
2.69836	8.37769	
2.69836	8.36243	
2.69653	8.3902	
2.69714	8.38684	
2.69714	8.38013	
2.69714	8.38898	
2.69775	8.39325	
2.69714	8.38928	
2.69745	8.36975	
2.69714	8.36884	
2.69714	8.36853	
2.69775	8.38715	
2.69714	8.39508	
2.69806	8.39172	
2.69806	8.38074	
2.69775	8.37738	
2.69745	8.3847	
2.69775	8.38287	
2.69714	8.36731	
2.69775	8.34229	
2.69684	8.3371	
2.69684	8.35785	
2.69714	8.36243	
2.69714	8.3844	
2.69745	8.38074	
2.69775	8.37494	
2.69775	8.36548	
2.69684	8.36945	
2.69745	8.38562	
2.69775	8.35632	
2.69714	8.35846	
2.69714	8.35968	
2.69745	8.38104	
2.69714	8.36304	
2.69684	8.36914	
2.69775	8.36426	
2.69684	8.36212	
2.69775	8.35815	
2.69745	8.349	
2.69684	8.38104	
2.69714	8.37006	
2.69745	8.36731	
2.69806	8.35846	
2.69775	8.35724	
2.69745	8.34137	
2.69714	8.36182	
2.69745	8.35999	
2.69684	8.36151	
2.69745	8.36914	
2.69714	8.35907	
2.69775	8.3316	
2.69806	8.34595	
2.69775	8.34137	
2.69775	8.35052	
2.69775	8.37036	
2.69806	8.37891	
2.69775	8.36029	
2.69745	8.37189	
2.69745	8.37372	
2.69775	8.36456	
2.69745	8.34015	
2.69806	8.34381	
2.69806	8.36517	
2.69836	8.37769	
2.69745	8.34747	
2.69836	8.34229	
2.69775	8.35815	
2.69836	8.33984	
2.69806	8.34778	
2.69745	8.33618	
2.69714	8.34625	
2.69836	8.32825	
2.69836	8.3429	
2.69745	8.36395	
2.69867	8.36304	
2.69745	8.35663	
2.69928	8.33801	
2.69867	8.35358	
2.69806	8.34747	
2.69867	8.3374	
2.69836	8.33588	
2.69806	8.34076	
2.69806	8.34045	
2.69867	8.35693	
2.69928	8.33191	
2.69806	8.34259	
2.69806	8.33313	
2.69836	8.33557	
2.69836	8.3374	
2.69806	8.3371	
2.69836	8.32428	
2.69867	8.31421	
2.69867	8.30139	
2.69836	8.33527	
2.69867	8.31848	
2.69836	8.35663	
2.69867	8.34961	
2.69775	8.34717	
2.69867	8.34229	
2.69867	8.33923	
2.69867	8.34808	
2.69928	8.34869	
2.69867	8.34686	
2.69928	8.34747	
2.69897	8.34045	
2.69806	8.3429	
2.69836	8.34503	
2.69867	8.32764	
2.69867	8.31879	
2.69958	8.31116	
2.69867	8.33405	
2.69836	8.32214	
2.69836	8.33557	
2.69836	8.3374	
2.69897	8.33618	
2.69836	8.33252	
2.69897	8.34351	
2.69867	8.33496	
2.69836	8.3429	
2.69897	8.31848	
2.69928	8.32397	
2.69836	8.32611	
2.69928	8.33923	
2.69928	8.32642	
2.69897	8.33435	
2.69836	8.36029	
2.69836	8.34747	
2.69836	8.37097	
2.69928	8.37433	
2.69836	8.34381	
2.69897	8.37708	
2.69928	8.37524	
2.69836	8.3786	
2.69897	8.39478	
2.69928	8.38806	
2.69897	8.39233	
2.69958	8.38806	
2.69867	8.37402	
2.7002	8.38745	
2.69897	8.38196	
2.69928	8.3725	
2.69867	8.38989	
2.69867	8.38165	
2.69958	8.36304	
2.69867	8.3548	
2.69989	8.37585	
2.69867	8.37769	
2.69958	8.3725	
2.69897	8.36273	
2.69867	8.36212	
2.69928	8.35541	
2.69836	8.36884	
2.7002	8.36578	
2.69928	8.36823	
2.69928	8.37067	
2.69867	8.37585	
2.69928	8.39264	
2.69897	8.38165	
2.69775	8.3728	
2.69928	8.37677	
2.69867	8.36548	
2.69867	8.36792	
2.69928	8.37646	
2.69897	8.35388	
2.69928	8.36914	
2.7002	8.37219	
2.69867	8.35846	
2.7002	8.34625	
2.69867	8.34717	
2.69958	8.36334	
2.69897	8.34564	
2.69958	8.33069	
2.69836	8.35083	
2.69867	8.35419	
2.69958	8.33862	
2.69928	8.35052	
2.69897	8.34534	
2.69867	8.33282	
2.69989	8.34503	
2.69867	8.35083	
2.69897	8.3551	
2.69989	8.36029	
2.69897	8.34961	
2.69958	8.36548	
2.69958	8.36578	
2.69867	8.35968	
2.69806	8.35693	
2.69958	8.34106	
2.69928	8.34656	
2.69897	8.34869	
2.69897	8.38013	
2.69958	8.36853	
2.7005	8.37738	
2.69928	8.38501	
2.69958	8.35785	
2.69928	8.3667	
2.69928	8.37555	
2.69836	8.38287	
2.69928	8.37769	
2.69989	8.36945	
2.69867	8.38074	
2.69958	8.36365	
2.69958	8.38043	
2.69928	8.37219	
2.69897	8.36334	
2.69806	8.34991	
2.69958	8.36426	
2.69958	8.36365	
2.69836	8.3902	
2.69928	8.36517	
2.69897	8.38348	
2.69928	8.37463	
2.69897	8.37646	
2.69958	8.38013	
2.69897	8.38623	
2.69897	8.36212	
2.69897	8.3667	
2.69958	8.3609	
2.69928	8.36792	
2.69958	8.38501	
2.69928	8.37738	
2.69928	8.36273	
2.69958	8.37677	
2.69989	8.35663	
2.69928	8.36609	
2.69867	8.34442	
2.69958	8.35175	
2.69958	8.37891	
2.69928	8.37128	
2.69928	8.35602	
2.69928	8.36639	
2.69928	8.38318	
2.69958	8.3783	
2.7002	8.36029	
2.69958	8.35999	
2.69867	8.34778	
2.7002	8.35571	
2.69928	8.34137	
2.69958	8.34167	
2.69836	8.32947	
2.69928	8.35205	
2.69958	8.34381	
2.69836	8.33496	
2.69958	8.32733	
2.69989	8.32703	
2.69806	8.3548	
2.69989	8.34015	
2.7005	8.34778	
2.69928	8.349	
2.69958	8.36121	
2.69928	8.349	
2.69989	8.35052	
2.69958	8.36212	
2.7002	8.36426	
2.70081	8.36273	
2.69958	8.34503	
2.69958	8.3313	
2.69958	8.34351	
2.69928	8.37708	
2.7002	8.34991	
2.69958	8.35876	
2.69958	8.36182	
2.7005	8.37067	
2.69989	8.36609	
2.69897	8.32886	
2.69958	8.36487	
2.7005	8.35083	
2.69867	8.35846	
2.69897	8.35541	
2.69928	8.36395	
2.69897	8.34442	
2.69867	8.34686	
2.69928	8.34991	
2.69928	8.34198	
2.69989	8.35602	
2.69928	8.35052	
2.7005	8.36243	
2.70081	8.36182	
2.7002	8.33557	
2.7002	8.35175	
2.7002	8.36609	
2.69958	8.37341	
2.69989	8.34869	
2.69989	8.36548	
2.69958	8.36639	
2.7005	8.34595	
2.7002	8.35419	
2.7002	8.3609	
2.69958	8.37402	
2.69958	8.37067	
2.70081	8.36914	
2.7002	8.36609	
2.69989	8.36029	
2.7005	8.36853	
2.7005	8.36273	
2.69989	8.36487	
2.7002	8.37982	
2.7005	8.35297	
2.69958	8.38043	
2.69989	8.35632	
2.69928	8.36823	
2.69989	8.34686	
2.7005	8.37372	
2.7002	8.34564	
2.7005	8.36334	
2.7002	8.3548	
2.7005	8.37463	
2.70081	8.36914	
2.7002	8.35876	
2.70081	8.36945	
2.7005	8.35388	
2.69989	8.35907	
2.7005	8.34778	
2.7005	8.33557	
2.69958	8.33618	
2.7005	8.36639	
2.7005	8.32825	
2.7005	8.35175	
2.70081	8.35754	
2.70203	8.35449	
2.70081	8.36151	
2.70081	8.35693	
2.70111	8.34473	
2.69989	8.35327	
2.7005	8.34229	
2.70081	8.35205	
2.7005	8.33984	
2.69928	8.3667	
2.70081	8.38257	
2.69989	8.37189	
2.7005	8.34747	
2.70081	8.35358	
2.70081	8.36426	
2.70081	8.3667	
2.70081	8.37311	
2.7005	8.39081	
2.70111	8.39539	
2.70111	8.396	
2.7005	8.40637	
2.70081	8.40576	
2.70111	8.39722	
2.7002	8.38287	
2.7005	8.36975	
2.70111	8.39172	
2.70111	8.39386	
2.7005	8.39905	
2.70172	8.36761	
2.7005	8.38318	
2.70081	8.38501	
2.70142	8.38257	
2.7005	8.37646	
2.70142	8.36761	
2.70081	8.37555	
2.70081	8.37799	
2.70111	8.38043	
2.70142	8.3725	
2.7002	8.37738	
2.7005	8.34351	
2.69989	8.38501	
2.70081	8.38837	
2.70111	8.38684	
2.7005	8.37982	
2.70111	8.38989	
2.69928	8.3905	
2.7005	8.37891	
2.7005	8.37341	
2.70111	8.37097	
2.70142	8.36121	
2.7002	8.36761	
2.70111	8.3667	
2.70081	8.36456	
2.70081	8.36761	
2.70172	8.37311	
2.70081	8.3609	
2.69989	8.36639	
2.7005	8.37433	
2.70142	8.36426	
2.70081	8.35938	
2.7002	8.36426	
2.70172	8.36823	
2.69989	8.36304	
2.69928	8.36517	
2.70111	8.36243	
2.7005	8.3725	
2.70081	8.36945	
2.70081	8.36151	
2.70142	8.35175	
2.70111	8.35968	
2.7002	8.34961	
2.7005	8.35754	
2.7005	8.37463	
2.70081	8.37158	
2.70142	8.37708	
2.70111	8.3786	
2.70142	8.37494	
2.70081	8.37036	
2.70081	8.37311	
2.70142	8.36334	
2.70172	8.37555	
2.70111	8.3783	
2.70142	8.38654	
2.70081	8.3783	
2.70111	8.3725	
2.70142	8.37616	
2.70172	8.36609	
2.70142	8.37738	
2.70081	8.38257	
2.70142	8.38135	
2.70081	8.37799	
2.70081	8.36243	
2.70142	8.36456	
2.70111	8.37891	
2.70172	8.37219	
2.70172	8.37952	
2.70172	8.35968	
2.70203	8.35968	
2.70111	8.36578	
2.70233	8.36761	
2.70203	8.37952	
2.70111	8.37189	
2.70203	8.37402	
2.70111	8.35999	
2.70142	8.34778	
2.70233	8.35358	
2.70142	8.3609	
2.70233	8.36151	
2.70142	8.367	
2.70233	8.3783	
2.70203	8.38226	
2.70203	8.35876	
2.70142	8.36517	
2.70233	8.35846	
2.70233	8.36548	
2.70111	8.36639	
2.70203	8.36975	
2.70203	8.37769	
2.70081	8.36761	
2.70172	8.38531	
2.70172	8.35175	
2.70203	8.3551	
2.70142	8.36578	
2.70203	8.36151	
2.70172	8.35938	
2.70172	8.367	
2.70233	8.34198	
2.70264	8.34595	
2.70142	8.34503	
2.70111	8.34778	
2.70142	8.33832	
2.70172	8.35876	
2.70172	8.35114	
2.70142	8.34778	
2.70172	8.3551	
2.70203	8.34503	
2.70203	8.33588	
2.70294	8.34656	
2.70081	8.35114	
2.70172	8.34351	
2.70172	8.3432	
2.70111	8.35571	
2.7005	8.35327	
2.70142	8.3609	
2.70111	8.35175	
2.70081	8.34564	
2.70203	8.34381	
2.70172	8.34167	
2.70233	8.34686	
2.70142	8.34717	
2.70233	8.34869	
2.70203	8.3374	
2.70203	8.35022	
2.70172	8.31726	
2.70264	8.33557	
2.70142	8.33893	
2.70172	8.33893	
2.70233	8.35022	
2.70142	8.35052	
2.70203	8.349	
2.70203	8.34778	
2.70172	8.35205	
2.70172	8.34564	
2.70203	8.35999	
2.70264	8.34991	
2.70172	8.34778	
2.70172	8.35052	
2.70264	8.34595	
2.70233	8.34778	
2.70264	8.34259	
2.70233	8.35327	
2.70294	8.34381	
2.70203	8.33374	
2.70203	8.34595	
2.70294	8.33191	
2.70203	8.32062	
2.70172	8.34076	
2.70264	8.3371	
2.70203	8.34717	
2.70172	8.34259	
2.70203	8.34473	
2.70142	8.34137	
2.70203	8.34259	
2.70203	8.34503	
2.70264	8.3432	
2.70172	8.31879	
2.70233	8.32611	
2.70233	8.33313	
2.70142	8.34442	
2.70203	8.33496	
2.70264	8.32977	
2.70203	8.3136	
2.70203	8.3139	
2.70203	8.31543	
2.70233	8.31757	
2.70233	8.31879	
2.70233	8.30719	
2.70325	8.32794	
2.70203	8.33069	
2.70142	8.31177	
2.70203	8.31818	
2.70203	8.32336	
2.70172	8.31665	
2.70264	8.31573	
2.70172	8.32184	
2.70203	8.30658	
2.70264	8.30902	
2.70233	8.32275	
2.70172	8.32458	
2.70172	8.3255	
2.70203	8.34564	
2.70142	8.35205	
2.70203	8.34381	
2.70233	8.36456	
2.70233	8.35693	
2.70172	8.34808	
2.70172	8.34259	
2.70233	8.32733	
2.70172	8.33832	
2.70203	8.33801	
2.70203	8.34137	
2.70172	8.3313	
2.70203	8.3316	
2.70172	8.34473	
2.70233	8.33008	
2.70264	8.33191	
2.70233	8.33923	
2.70203	8.34534	
2.70203	8.34076	
2.70294	8.34686	
2.70172	8.33344	
2.70172	8.34381	
2.70203	8.34351	
2.70203	8.33679	
2.70172	8.35175	
2.70233	8.34015	
2.70203	8.34442	
2.70264	8.35297	
2.70233	8.34686	
2.70233	8.33984	
2.70172	8.33344	
2.70325	8.34747	
2.70264	8.3371	
2.70142	8.35449	
2.70264	8.33282	
2.70325	8.35663	
2.70081	8.35815	
2.70233	8.35327	
2.70264	8.34106	
2.70172	8.33771	
2.70203	8.35052	
2.70203	8.35205	
2.70233	8.37158	
2.70264	8.36243	
2.70294	8.36273	
2.70172	8.35236	
2.70203	8.33282	
2.70233	8.34259	
2.70172	8.34473	
2.70264	8.35907	
2.70294	8.35999	
2.70203	8.35083	
2.70294	8.34717	
2.70233	8.33771	
2.70264	8.3609	
2.70294	8.36182	
2.70233	8.37128	
2.70294	8.36853	
2.70264	8.37158	
2.70264	8.35815	
2.70294	8.37067	
2.70264	8.36212	
2.70233	8.36609	
2.70264	8.35175	
2.70294	8.35449	
2.70294	8.36243	
2.70264	8.36426	
2.70294	8.3551	
2.70294	8.35327	
2.70264	8.34076	
2.70233	8.349	
2.70233	8.35144	
2.70325	8.34808	
2.70294	8.36487	
2.70264	8.36121	
2.70325	8.36273	
2.70172	8.36182	
2.70233	8.36609	
2.70233	8.36487	
2.70233	8.35785	
2.70172	8.35999	
2.70264	8.36243	
2.70294	8.35144	
2.70172	8.35815	
2.70264	8.34991	
2.70264	8.34564	
2.70264	8.33771	
2.70325	8.34045	
2.70203	8.36334	
2.70264	8.3493	
2.70203	8.34381	
2.70325	8.34503	
2.70264	8.35144	
2.70203	8.36212	
2.70294	8.33771	
2.70294	8.3548	
2.70294	8.35632	
2.70294	8.34137	
2.70294	8.35144	
2.70203	8.34198	
2.70264	8.35938	
2.70325	8.36151	
2.70325	8.35388	
2.70264	8.33923	
2.70355	8.33771	
2.70233	8.349	
2.70264	8.34045	
2.70386	8.3429	
2.70325	8.34991	
2.70264	8.34595	
2.70264	8.35571	
2.70294	8.34503	
2.70264	8.35968	
2.70264	8.35114	
2.70325	8.35663	
2.70325	8.34808	
2.70264	8.35602	
2.70294	8.35388	
2.70264	8.35663	
2.70294	8.36731	
2.70294	8.34595	
2.70264	8.33405	
2.70355	8.34076	
2.70233	8.36456	
2.70233	8.34717	
2.70325	8.35938	
2.70294	8.34869	
2.70325	8.34808	
2.70264	8.34686	
2.70294	8.35693	
2.70203	8.35144	
2.70355	8.35052	
2.70294	8.35724	
2.70233	8.35144	
2.70325	8.34015	
2.70294	8.34564	
2.70325	8.36029	
2.70325	8.34839	
2.70386	8.32062	
2.70325	8.35632	
2.70386	8.34106	
2.70325	8.34381	
2.70386	8.3432	
2.70294	8.34076	
2.70386	8.36182	
2.70264	8.38226	
2.70386	8.36639	
2.70203	8.35449	
2.70355	8.3551	
2.70233	8.3313	
2.70386	8.36914	
2.70355	8.34351	
2.70416	8.3548	
2.70325	8.35205	
2.70294	8.3493	
2.70355	8.36273	
2.70355	8.35663	
2.70264	8.34808	
2.70294	8.3728	
2.70325	8.35175	
2.70386	8.33313	
2.70355	8.34564	
2.70416	8.33374	
2.70325	8.33038	
2.70325	8.32825	
2.70325	8.33893	
2.70416	8.33679	
2.70294	8.31573	
2.70325	8.32153	
2.70447	8.33405	
2.70325	8.33405	
2.70355	8.32062	
2.70325	8.35266	
2.70355	8.32245	
2.70386	8.33984	
2.70447	8.35175	
2.70386	8.32916	
2.70386	8.35205	
2.70416	8.34717	
2.70386	8.33618	
2.70386	8.33984	
2.70416	8.31573	
2.70355	8.33069	
2.70386	8.33435	
2.70355	8.33221	
2.70416	8.35022	
2.70355	8.34534	
2.70386	8.32947	
2.70386	8.33405	
2.70355	8.35175	
2.70386	8.3371	
2.70416	8.31726	
2.70355	8.3313	
2.70355	8.31299	
2.70386	8.34137	
2.70386	8.3374	
2.70416	8.34198	
2.70416	8.35785	
2.70416	8.34442	
2.70355	8.33099	
2.70325	8.30109	
2.70447	8.31635	
2.70386	8.32611	
2.70386	8.3078	
2.70325	8.32245	
2.70355	8.3371	
2.70386	8.33435	
2.70416	8.34534	
2.70416	8.33069	
2.70325	8.33313	
2.70416	8.33527	
2.70416	8.3429	
2.70386	8.32581	
2.70386	8.33221	
2.70386	8.35052	
2.70386	8.3371	
2.70386	8.32092	
2.70355	8.32916	
2.70355	8.33344	
2.70325	8.34717	
2.70386	8.34198	
2.70386	8.35266	
2.70355	8.33862	
2.70355	8.33862	
2.70355	8.3374	
2.70386	8.33649	
2.70386	8.3429	
2.70386	8.35541	
2.70508	8.33649	
2.70477	8.34137	
2.70386	8.34503	
2.70355	8.34473	
2.70386	8.34045	
2.70477	8.35938	
2.70355	8.34412	
2.70508	8.36273	
2.70416	8.36151	
2.70416	8.35449	
2.70416	8.36823	
2.70416	8.37128	
2.70386	8.36273	
2.70386	8.36029	
2.70386	8.3374	
2.70386	8.35571	
2.70447	8.33435	
2.70325	8.35358	
2.70447	8.35175	
2.70355	8.35144	
2.70386	8.36212	
2.70447	8.3551	
2.70386	8.33832	
2.70386	8.35358	
2.70477	8.36914	
2.70447	8.3609	
2.70447	8.36151	
2.70416	8.36426	
2.70386	8.35022	
2.70447	8.35205	
2.70447	8.34595	
2.70386	8.36151	
2.70508	8.3725	
2.70416	8.36426	
2.70386	8.36975	
2.70416	8.35754	
2.70386	8.33984	
2.70355	8.37555	
2.70477	8.35541	
2.70386	8.36792	
2.70386	8.36456	
2.70416	8.36731	
2.70416	8.35175	
2.70447	8.34991	
2.70386	8.36456	
2.70508	8.37189	
2.70355	8.34656	
2.70386	8.37402	
2.70416	8.35327	
2.70355	8.34625	
2.70538	8.34625	
2.70416	8.37555	
2.70508	8.36639	
2.70477	8.35449	
2.70416	8.35419	
2.70477	8.34564	
2.70508	8.35175	
2.70477	8.35724	
2.70569	8.37189	
2.70416	8.34717	
2.70386	8.35724	
2.70569	8.35449	
2.70325	8.36426	
2.70508	8.36182	
2.70447	8.35022	
2.70477	8.36151	
2.70447	8.36304	
2.70447	8.38013	
2.70538	8.36334	
2.70447	8.36548	
2.70447	8.36273	
2.70508	8.35541	
2.70508	8.3609	
2.70477	8.36639	
2.70477	8.36639	
2.70508	8.36334	
2.70416	8.37036	
2.70508	8.37982	
2.70508	8.39813	
2.70416	8.37463	
2.70447	8.37952	
2.70538	8.38715	
2.70538	8.36945	
2.70386	8.37006	
2.70508	8.37006	
2.70538	8.37463	
2.70386	8.37585	
2.70416	8.38959	
2.70416	8.37494	
2.70538	8.37708	
2.70416	8.36212	
2.70477	8.37921	
2.70569	8.3551	
2.70477	8.36578	
2.70477	8.35815	
2.70508	8.35541	
2.70386	8.37219	
2.70569	8.35449	
2.70447	8.35938	
2.70477	8.37158	
2.70386	8.3783	
2.70508	8.35571	
2.70416	8.37585	
2.70355	8.3609	
2.70477	8.35205	
2.70477	8.35846	
2.70416	8.37311	
2.70447	8.38867	
2.70447	8.38165	
2.70477	8.38074	
2.70416	8.36517	
2.70477	8.37433	
2.70477	8.38623	
2.70416	8.37006	
2.70477	8.38226	
2.70538	8.38348	
2.70508	8.38806	
2.70538	8.36914	
2.70538	8.36029	
2.70538	8.35754	
2.70569	8.35327	
2.70477	8.34015	
2.70477	8.34564	
2.70386	8.35083	
2.70447	8.35632	
2.70508	8.36029	
2.70477	8.36609	
2.70477	8.36182	
2.70447	8.3609	
2.70569	8.36121	
2.70569	8.36548	
2.70569	8.35236	
2.70447	8.36426	
2.70538	8.37006	
2.70508	8.37006	
2.70447	8.36029	
2.70477	8.36365	
2.70447	8.37189	
2.70416	8.35999	
2.70477	8.37677	
2.70508	8.3609	
2.70508	8.37219	
2.70416	8.34961	
2.70538	8.36212	
2.70538	8.38898	
2.70508	8.39081	
2.70538	8.37402	
2.70447	8.37494	
2.70538	8.36517	
2.70569	8.36273	
2.70477	8.37982	
2.70538	8.35815	
2.70508	8.35785	
2.70447	8.35205	
2.70538	8.36487	
2.70508	8.36029	
2.70477	8.36945	
2.70508	8.36456	
2.70416	8.35693	
2.70508	8.35754	
2.70538	8.34808	
2.70538	8.36517	
2.70477	8.37097	
2.70508	8.33984	
2.70447	8.36792	
2.7063	8.3432	
2.70447	8.33527	
2.70386	8.349	
2.70599	8.35114	
2.70477	8.34961	
2.70508	8.34595	
2.70508	8.35327	
2.70477	8.35175	
2.70569	8.34534	
2.70508	8.3548	
2.70355	8.35052	
2.70508	8.35083	
2.70477	8.32611	
2.70538	8.34808	
2.70447	8.35388	
2.70569	8.35175	
2.70569	8.34808	
2.70416	8.35388	
2.70508	8.36548	
2.70538	8.34381	
2.70416	8.35907	
2.70538	8.34991	
2.70508	8.34229	
2.70416	8.35968	
2.70538	8.34808	
2.70477	8.35785	
2.70447	8.35388	
2.70508	8.36945	
2.70508	8.35876	
2.70447	8.34503	
2.70508	8.35602	
2.70538	8.35999	
2.70477	8.35968	
2.70538	8.33557	
2.70538	8.36151	
2.70477	8.34961	
2.70599	8.33588	
2.70477	8.33466	
2.70477	8.35907	
2.70538	8.33496	
2.70538	8.3667	
2.70508	8.34991	
2.70477	8.3432	
2.70508	8.34106	
2.70477	8.35236	
2.70508	8.35693	
2.70569	8.35114	
2.7066	8.35999	
2.70538	8.3429	
2.70538	8.34839	
2.70477	8.33984	
2.70447	8.35297	
2.70508	8.34778	
2.70599	8.35144	
2.70508	8.35327	
2.70477	8.36761	
2.70569	8.36121	
2.70569	8.36517	
2.70569	8.34167	
2.70569	8.35175	
2.70508	8.35327	
2.70599	8.35022	
2.70538	8.34564	
2.70477	8.35724	
2.70538	8.34778	
2.70538	8.34076	
2.70477	8.34442	
2.70538	8.33405	
2.70508	8.35693	
2.70538	8.35205	
2.70538	8.36029	
2.70569	8.36639	
2.70538	8.34015	
2.70569	8.35907	
2.70569	8.34717	
2.70538	8.34869	
2.70569	8.35663	
2.70508	8.34015	
2.70538	8.34259	
2.70569	8.33618	
2.70477	8.33618	
2.70599	8.34595	
2.70538	8.34839	
2.70447	8.34717	
2.70538	8.35144	
2.70508	8.3313	
2.70538	8.35022	
2.70599	8.33282	
2.7063	8.35266	
2.70569	8.36395	
2.70508	8.36334	
2.70508	8.36029	
2.7063	8.36334	
2.70569	8.35052	
2.70599	8.35968	
2.70447	8.34747	
2.70538	8.3493	
2.70538	8.35114	
2.70599	8.37006	
2.70508	8.35266	
2.70477	8.35999	
2.70569	8.36792	
2.70447	8.32886	
2.70569	8.37341	
2.70538	8.34137	
2.70508	8.36823	
2.7063	8.35266	
2.70569	8.3493	
2.70538	8.35083	
2.7063	8.34808	
2.70508	8.35907	
2.70569	8.34869	
2.70569	8.3316	
2.70569	8.34717	
2.70538	8.33862	
2.7063	8.3194	
2.7063	8.35541	
2.70599	8.35846	
2.7063	8.35266	
2.70599	8.34503	
2.7066	8.33313	
2.70538	8.35815	
2.70569	8.35602	
2.70569	8.36029	
2.70721	8.36212	
2.70599	8.3493	
2.70538	8.37433	
2.7066	8.367	
2.70508	8.37219	
2.7063	8.35022	
2.70599	8.35022	
2.70508	8.34991	
2.7063	8.36853	
2.70599	8.36487	
2.70569	8.36243	
2.70569	8.36761	
2.70599	8.37738	
2.70599	8.35236	
2.70599	8.35175	
2.7066	8.36121	
2.70508	8.35266	
2.70569	8.35999	
2.70599	8.35907	
2.70538	8.35449	
2.7066	8.35846	
2.7066	8.36334	
2.70569	8.36243	
2.70599	8.35632	
2.7063	8.34808	
2.70569	8.37006	
2.7063	8.36731	
2.7063	8.36212	
2.70569	8.35815	
2.7063	8.34839	
2.7063	8.35999	
2.70569	8.35449	
2.70599	8.36395	
2.70691	8.3725	
2.7063	8.35815	
2.7066	8.35541	
2.70599	8.35327	
2.7066	8.35052	
2.70691	8.34808	
2.70691	8.34778	
2.70477	8.34808	
2.70691	8.34869	
2.7063	8.36273	
2.7066	8.34137	
2.7066	8.35114	
2.70691	8.35236	
2.7063	8.34778	
2.70691	8.34961	
2.70691	8.35052	
2.7063	8.36334	
2.70691	8.35022	
2.70721	8.36639	
2.70599	8.35907	
2.7066	8.34869	
2.7066	8.34625	
2.7063	8.36151	
2.70599	8.35205	
2.70721	8.33435	
2.7066	8.35205	
2.70569	8.34167	
2.7063	8.34991	
2.70599	8.33801	
2.7063	8.3548	
2.70721	8.33832	
2.70569	8.34686	
2.70721	8.35083	
2.70721	8.35022	
2.7066	8.35083	
2.7066	8.36243	
2.7066	8.36365	
2.70569	8.36243	
2.7063	8.33862	
2.7066	8.34686	
2.7063	8.36029	
2.7066	8.3548	
2.70721	8.35999	
2.7066	8.35968	
2.7066	8.3551	
2.7066	8.33649	
2.70599	8.32825	
2.7063	8.34473	
2.70691	8.33954	
2.7066	8.33221	
2.70599	8.34717	
2.70599	8.349	
2.70569	8.35297	
2.70599	8.34167	
2.70691	8.35846	
2.70599	8.32886	
2.7063	8.35175	
2.7066	8.37158	
2.7063	8.35724	
2.7063	8.38135	
2.7066	8.35266	
2.70538	8.34503	
2.70691	8.36639	
2.7066	8.36731	
2.7063	8.35663	
2.70599	8.35571	
2.7066	8.36365	
2.7063	8.35754	
2.70691	8.35083	
2.7066	8.34076	
2.70691	8.32672	
2.7066	8.35297	
2.70691	8.34534	
2.7063	8.35785	
2.70599	8.35938	
2.7066	8.36945	
2.70599	8.35785	
2.7066	8.35419	
2.7066	8.36517	
2.70569	8.34381	
2.7066	8.33435	
2.70813	8.35968	
2.70721	8.3606	
2.7066	8.35114	
2.70691	8.35175	
2.70721	8.35022	
2.70752	8.33221	
2.7066	8.34625	
2.70752	8.35297	
2.70691	8.35114	
2.70691	8.34351	
2.70691	8.34869	
2.70691	8.35327	
2.70752	8.35785	
2.70721	8.35693	
2.70599	8.34137	
2.70721	8.33984	
2.70752	8.35449	
2.70721	8.34137	
2.7066	8.35358	
2.70752	8.33069	
2.70721	8.34808	
2.7066	8.3371	
2.70752	8.34808	
2.70691	8.349	
2.7066	8.33405	
2.7066	8.3548	
2.70691	8.35388	
2.70691	8.34717	
2.7066	8.35541	
2.70721	8.35907	
2.70721	8.34717	
2.7066	8.35236	
2.7066	8.35052	
2.7066	8.35541	
2.70721	8.34564	
2.7066	8.36517	
2.70691	8.35815	
2.70691	8.34686	
2.70691	8.33862	
2.7063	8.34808	
2.70721	8.34259	
2.70752	8.33801	
2.70721	8.35358	
2.7066	8.34625	
2.7066	8.35724	
2.70721	8.32642	
2.70721	8.34747	
2.7066	8.34961	
2.70721	8.34717	
2.70752	8.34717	
2.7063	8.36273	
2.7063	8.3551	
2.7063	8.3548	
2.7066	8.34595	
2.7066	8.32794	
2.70691	8.33771	
2.70721	8.32672	
2.7066	8.35236	
2.7063	8.33618	
2.70691	8.33954	
2.70691	8.3429	
2.7066	8.33435	
2.70752	8.34717	
2.70721	8.34381	
2.70691	8.33923	
2.70721	8.35083	
2.70752	8.33282	
2.70752	8.35022	
2.70721	8.34412	
2.70752	8.3313	
2.70752	8.33008	
2.70752	8.34564	
2.70721	8.35388	
2.70752	8.34259	
2.70752	8.34076	
2.70752	8.34106	
2.70721	8.33496	
2.7066	8.33893	
2.70691	8.33771	
2.7066	8.32825	
2.7066	8.34167	
2.70721	8.3432	
2.70782	8.34381	
2.7063	8.35754	
2.70691	8.34869	
2.7066	8.35571	
2.70721	8.36609	
2.70721	8.33679	
2.70599	8.35663	
2.70691	8.32703	
2.70721	8.33038	
2.70691	8.33557	
2.70721	8.34656	
2.70721	8.35266	
2.70721	8.34808	
2.70721	8.34381	
2.70691	8.34503	
2.70782	8.33984	
2.70691	8.34778	
2.70813	8.35236	
2.70721	8.34961	
2.7063	8.33893	
2.70752	8.34564	
2.7063	8.35022	
2.70721	8.34808	
2.70721	8.33221	
2.70721	8.34961	
2.70752	8.35266	
2.70752	8.32611	
2.70691	8.35236	
2.70721	8.349	
2.70721	8.35236	
2.70844	8.34503	
2.70721	8.35999	
2.7066	8.34229	
2.70691	8.34045	
2.70752	8.3252	
2.7066	8.33679	
2.70721	8.34351	
2.70721	8.34686	
2.70721	8.34595	
2.70782	8.34595	
2.70813	8.33893	
2.70721	8.33984	
2.70691	8.36609	
2.70721	8.35419	
2.70691	8.34412	
2.70752	8.32672	
2.70813	8.35602	
2.70813	8.3551	
2.70782	8.34656	
2.70844	8.33771	
2.70691	8.33527	
2.70691	8.31787	
2.70813	8.33618	
2.70813	8.34045	
2.70691	8.34625	
2.70721	8.32733	
2.70752	8.34839	
2.70752	8.34076	
2.70782	8.33771	
2.70782	8.34229	
2.7063	8.34381	
2.70782	8.3551	
2.70782	8.34808	
2.70813	8.35114	
2.70782	8.33801	
2.70782	8.3493	
2.70752	8.32733	
2.70813	8.32092	
2.70752	8.33557	
2.7066	8.33923	
2.70782	8.33435	
2.70844	8.34229	
2.70813	8.34991	
2.70813	8.34045	
2.70752	8.34076	
2.70752	8.34686	
2.70874	8.32703	
2.70752	8.33618	
2.70813	8.34625	
2.70782	8.34808	
2.70752	8.3374	
2.70813	8.33557	
2.70782	8.33588	
2.70782	8.34595	
2.70782	8.32794	
2.70752	8.33832	
2.70813	8.34717	
2.70844	8.36273	
2.7063	8.35266	
2.70813	8.34717	
2.70752	8.34625	
2.70813	8.35815	
2.70721	8.37494	
2.70813	8.33374	
2.70721	8.3548	
2.70844	8.33984	
2.7066	8.34564	
2.70813	8.34259	
2.70905	8.33832	
2.70752	8.34717	
2.70752	8.34351	
2.70844	8.35602	
2.70782	8.35663	
2.70844	8.35846	
2.70844	8.3728	
2.70813	8.36578	
2.70813	8.37189	
2.70935	8.34991	
2.70782	8.35938	
2.70782	8.34106	
2.70752	8.32428	
2.70874	8.34564	
2.70844	8.35907	
2.70782	8.34015	
2.70813	8.33191	
2.70782	8.34229	
2.70844	8.34167	
2.70844	8.34106	
2.70782	8.34869	
2.70782	8.32672	
2.70874	8.33527	
2.70782	8.34808	
2.70844	8.32947	
2.70844	8.34534	
2.70813	8.34198	
2.70782	8.32947	
2.70844	8.33679	
2.70813	8.32489	
2.70844	8.33405	
2.70752	8.34045	
2.70782	8.34167	
2.70813	8.33374	
2.70844	8.32275	
2.70844	8.33252	
2.70782	8.32031	
2.70813	8.34534	
2.70782	8.33099	
2.70752	8.33313	
2.70721	8.32092	
2.70813	8.33954	
2.70844	8.34625	
2.70721	8.31665	
2.70813	8.33618	
2.70782	8.34076	
2.70782	8.33801	
2.70813	8.33313	
2.70844	8.33191	
2.70752	8.33984	
2.70844	8.33282	
2.70721	8.34229	
2.70844	8.33923	
2.70844	8.35297	
2.70752	8.35754	
2.70844	8.32764	
2.70844	8.34381	
2.70813	8.34167	
2.70813	8.32733	
2.70691	8.35419	
2.70874	8.33466	
2.70844	8.35876	
2.70813	8.3432	
2.70782	8.35052	
2.70782	8.36182	
2.70782	8.34381	
2.70874	8.34808	
2.70813	8.33801	
2.70844	8.33679	
2.70844	8.3606	
2.70752	8.32855	
2.70782	8.35083	
2.70813	8.35327	
2.70813	8.35327	
2.70782	8.32367	
2.70844	8.34747	
2.70905	8.35022	
2.70782	8.3429	
2.70721	8.34198	
2.70782	8.31909	
2.70752	8.31726	
2.70752	8.32062	
2.70813	8.32428	
2.70752	8.31909	
2.70782	8.32703	
2.70874	8.32642	
2.70813	8.33099	
2.70782	8.31024	
2.70752	8.33374	
2.70782	8.33099	
2.70813	8.33252	
2.70721	8.33038	
2.70844	8.3313	
2.70813	8.33405	
2.70813	8.33832	
2.70844	8.33221	
2.70752	8.3374	
2.70752	8.3136	
2.70874	8.31482	
2.70813	8.31177	
2.70782	8.31909	
2.70752	8.32275	
2.70782	8.33069	
2.70752	8.32916	
2.7066	8.32581	
2.70813	8.33344	
2.70813	8.33588	
2.70782	8.32092	
2.70905	8.32703	
2.70752	8.33374	
2.70844	8.33252	
2.70782	8.33191	
2.70813	8.34473	
2.70813	8.32947	
2.70782	8.32367	
2.70844	8.32031	
2.70844	8.32153	
2.70782	8.31909	
2.70782	8.31818	
2.70752	8.32733	
2.70782	8.31665	
2.70813	8.32916	
2.70782	8.32123	
2.70782	8.32672	
2.70752	8.33038	
2.70813	8.3139	
2.70813	8.32916	
2.70844	8.32123	
2.70874	8.31238	
2.70813	8.31879	
2.70813	8.33038	
2.70844	8.30536	
2.70813	8.31146	
2.70874	8.3075	
2.70813	8.31757	
2.70874	8.32489	
2.70844	8.31085	
2.70813	8.33191	
2.70752	8.30811	
2.70844	8.31482	
2.70844	8.30994	
2.70905	8.3252	
2.70844	8.30658	
2.70844	8.31146	
2.70905	8.33618	
2.70813	8.32642	
2.70844	8.33557	
2.70874	8.33282	
2.70844	8.32001	
2.70813	8.32581	
2.70813	8.32825	
2.70844	8.33496	
2.70844	8.32794	
2.70782	8.32794	
2.70905	8.32123	
2.70905	8.33893	
2.70813	8.31573	
2.70844	8.34442	
2.70905	8.33008	
2.70813	8.33923	
2.70844	8.31818	
2.70813	8.31635	
2.70874	8.33344	
2.70874	8.3139	
2.70782	8.31177	
2.70782	8.31879	
2.70813	8.31329	
2.70752	8.32092	
2.70813	8.33435	
2.70874	8.33313	
2.70813	8.33893	
2.70905	8.34625	
2.70905	8.33832	
2.70721	8.3139	
2.70874	8.31207	
2.70782	8.3075	
2.70844	8.32153	
2.70905	8.32306	
2.70935	8.3194	
2.70844	8.31177	
2.70935	8.30261	
2.70813	8.302	
2.70874	8.32733	
2.70844	8.32153	
2.70844	8.31604	
2.70905	8.32581	
2.71057	8.32916	
2.70905	8.31726	
2.70844	8.32001	
2.70874	8.31909	
2.70905	8.31665	
2.70844	8.31512	
2.70752	8.3194	
2.70874	8.31696	
2.70996	8.30566	
2.70996	8.31635	
2.70935	8.32581	
2.70935	8.32336	
2.70996	8.32153	
2.70905	8.30109	
2.70966	8.29651	
2.71027	8.29926	
2.71027	8.30353	
2.70813	8.29407	
2.70905	8.29742	
2.70905	8.302	
2.70996	8.31329	
2.70905	8.31299	
2.70905	8.29865	
2.70874	8.31451	
2.70874	8.30414	
2.70813	8.31329	
2.70935	8.31543	
2.70966	8.33069	
2.70966	8.31665	
2.70996	8.35205	
2.70874	8.35083	
2.71027	8.35052	
2.70996	8.34198	
2.70874	8.34259	
2.70966	8.3429	
2.70844	8.36243	
2.70935	8.33221	
2.70935	8.34656	
2.70966	8.34442	
2.70874	8.34656	
2.70874	8.33435	
2.70905	8.32306	
2.70966	8.35144	
2.70935	8.3316	
2.70935	8.33893	
2.70996	8.33618	
2.70905	8.34717	
2.70782	8.35663	
2.70905	8.3548	
2.70905	8.34778	
2.70874	8.34595	
2.70966	8.34717	
2.70996	8.33923	
2.70813	8.33405	
2.70935	8.33496	
2.70996	8.34167	
2.70905	8.34656	
2.70935	8.32977	
2.70996	8.33466	
2.70905	8.34869	
2.70996	8.32794	
2.70905	8.32886	
2.70996	8.34686	
2.70905	8.33374	
2.70966	8.32764	
2.70935	8.32642	
2.70844	8.32153	
2.70966	8.32275	
2.70966	8.33374	
2.70874	8.33252	
2.70905	8.33405	
2.70935	8.31848	
2.70874	8.33099	
2.70935	8.31604	
2.70844	8.3313	
2.71027	8.3371	
2.70966	8.33405	
2.70874	8.33008	
2.70874	8.33618	
2.70905	8.31757	
2.70905	8.31329	
2.70966	8.30841	
2.70996	8.29529	
2.70935	8.30902	
2.70905	8.32062	
2.70905	8.32306	
2.70935	8.33008	
2.70996	8.33618	
2.70905	8.32123	
2.71057	8.33832	
2.70996	8.31909	
2.70996	8.33862	
2.70935	8.34198	
2.70935	8.3313	
2.70935	8.33069	
2.70905	8.33832	
2.70844	8.33588	
2.70935	8.35083	
2.71027	8.33313	
2.70874	8.33893	
2.70905	8.33527	
2.70874	8.34839	
2.70966	8.33557	
2.70905	8.31116	
2.70996	8.33282	
2.70966	8.33527	
2.70874	8.33801	
2.70996	8.34442	
2.70966	8.34473	
2.70966	8.32855	
2.70905	8.34595	
2.70844	8.35327	
2.70905	8.36151	
2.70905	8.35724	
2.70935	8.3316	
2.70996	8.32733	
2.70966	8.33679	
2.70966	8.37799	
2.70905	8.37555	
2.70844	8.34106	
2.70966	8.34595	
2.70996	8.34259	
2.70844	8.33221	
2.70844	8.32581	
2.70905	8.3432	
2.70813	8.34808	
2.70966	8.33099	
2.70935	8.34015	
2.70874	8.32825	
2.70935	8.3255	
2.70935	8.3197	
2.70935	8.34747	
2.70905	8.34137	
2.70935	8.34351	
2.70905	8.34259	
2.70905	8.34106	
2.70874	8.3371	
2.70996	8.33832	
2.71027	8.34351	
2.70966	8.3374	
2.70935	8.33832	
2.71027	8.34106	
2.70905	8.33221	
2.70966	8.32031	
2.71027	8.33893	
2.71027	8.34961	
2.71027	8.34442	
2.70844	8.32245	
2.71027	8.32611	
2.70996	8.32581	
2.70935	8.33557	
2.71057	8.32916	
2.71027	8.33435	
2.70935	8.33588	
2.70996	8.33618	
2.71027	8.33099	
2.70905	8.32092	
2.70996	8.31573	
2.71027	8.32489	
2.70874	8.32977	
2.71027	8.3194	
2.70935	8.33527	
2.70996	8.33923	
2.71027	8.34076	
2.70996	8.35022	
2.71027	8.32214	
2.70966	8.31726	
2.70996	8.33893	
2.70966	8.34442	
2.70844	8.3313	
2.71027	8.31696	
2.70935	8.33099	
2.70996	8.32581	
2.71027	8.32245	
2.70905	8.32886	
2.70935	8.33588	
2.71027	8.32611	
2.70966	8.34503	
2.70996	8.32275	
2.71027	8.30902	
2.70966	8.31757	
2.70905	8.32855	
2.70844	8.34106	
2.71027	8.32184	
2.70905	8.33984	
2.70966	8.31116	
2.70996	8.32764	
2.70966	8.34229	
2.71027	8.35602	
2.71027	8.34473	
2.71027	8.33801	
2.70996	8.33344	
2.70935	8.32123	
2.71057	8.32581	
2.70996	8.33435	
2.70935	8.30963	
2.70996	8.33008	
2.70935	8.31116	
2.70935	8.30505	
2.71057	8.30933	
2.70935	8.32458	
2.70966	8.34564	
2.71088	8.33679	
2.70996	8.34106	
2.71027	8.31696	
2.71027	8.32245	
2.70996	8.33954	
2.70905	8.32336	
2.70844	8.34198	
2.70966	8.30627	
2.71027	8.30566	
2.70996	8.30627	
2.71057	8.33954	
2.70935	8.32886	
2.70996	8.32123	
2.71088	8.34015	
2.71027	8.3316	
2.71057	8.31604	
2.71088	8.3313	
2.71027	8.33618	
2.70996	8.32336	
2.70996	8.31757	
2.71027	8.31573	
2.71057	8.32977	
2.71027	8.33649	
2.70966	8.33313	
2.71027	8.32733	
2.71027	8.32916	
2.71118	8.3316	
2.70996	8.33374	
2.71027	8.34961	
2.70996	8.3493	
2.71057	8.33557	
2.71057	8.34564	
2.71088	8.35663	
2.71088	8.33344	
2.71088	8.35297	
2.70935	8.34015	
2.71057	8.3374	
2.70996	8.34412	
2.70996	8.3313	
2.71088	8.33984	
2.70966	8.33374	
2.71057	8.35724	
2.71057	8.34625	
2.71027	8.34076	
2.71057	8.35846	
2.70966	8.34869	
2.71057	8.34869	
2.71057	8.34717	
2.71027	8.35327	
2.71057	8.33069	
2.70905	8.32886	
2.71057	8.32947	
2.70996	8.31635	
2.70996	8.30719	
2.71027	8.31787	
2.70966	8.33099	
2.71057	8.33252	
2.71057	8.3316	
2.70996	8.33893	
2.71027	8.31512	
2.70996	8.33588	
2.71088	8.32092	
2.70996	8.33282	
2.71057	8.31879	
2.71118	8.31451	
2.71027	8.31909	
2.71027	8.33832	
2.71027	8.3194	
2.71057	8.30505	
2.71057	8.32001	
2.70935	8.31787	
2.71057	8.32123	
2.70966	8.3313	
2.70996	8.32336	
2.71088	8.3313	
2.71027	8.31085	
2.70966	8.32123	
2.71027	8.33038	
2.70966	8.33984	
2.71088	8.32306	
2.71027	8.32672	
2.70966	8.31329	
2.71088	8.32794	
2.70996	8.3316	
2.71088	8.32855	
2.71027	8.32855	
2.71027	8.32947	
2.70966	8.31116	
2.71118	8.32397	
2.70935	8.33344	
2.71057	8.32947	
2.71027	8.31726	
2.71027	8.32764	
2.71057	8.3078	
2.71027	8.30841	
2.71057	8.32153	
2.71057	8.33466	
2.70996	8.33221	
2.71088	8.34412	
2.71057	8.34015	
2.71057	8.32825	
2.71088	8.34351	
2.71088	8.35083	
2.71027	8.32245	
2.71118	8.33191	
2.71118	8.33588	
2.71088	8.35266	
2.71179	8.34381	
2.71118	8.34534	
2.71057	8.33252	
2.70996	8.35083	
2.71057	8.34167	
2.71118	8.31635	
2.71027	8.32336	
2.71088	8.3316	
2.70996	8.34137	
2.71027	8.33527	
2.71149	8.3197	
2.71088	8.34137	
2.71118	8.33405	
2.71088	8.32794	
2.71088	8.34595	
2.71027	8.33466	
2.71149	8.32947	
2.71088	8.3194	
2.71057	8.32855	
2.71088	8.30688	
2.71118	8.31635	
2.71057	8.3078	
2.71057	8.33344	
2.71057	8.33618	
2.71088	8.33008	
2.71088	8.33893	
2.70996	8.34015	
2.71057	8.31635	
2.71088	8.32153	
2.71057	8.32977	
2.71118	8.30597	
2.71118	8.32947	
2.71027	8.3194	
2.71088	8.33344	
2.70996	8.33771	
2.71149	8.30872	
2.71088	8.32184	
2.71057	8.32306	
2.71149	8.30048	
2.71057	8.30811	
2.71118	8.34198	
2.71118	8.3316	
2.70996	8.32428	
2.71118	8.32275	
2.71088	8.3139	
2.71057	8.31726	
2.71027	8.31329	
2.71088	8.32306	
2.71088	8.33405	
2.71057	8.33923	
2.71088	8.31818	
2.71088	8.32397	
2.71057	8.3316	
2.70935	8.31879	
2.71088	8.32733	
2.71088	8.31268	
2.70996	8.32001	
2.71057	8.30597	
2.71057	8.32886	
2.71057	8.31635	
2.71179	8.31299	
2.71027	8.32977	
2.71149	8.31818	
2.71088	8.33313	
2.71027	8.32642	
2.71057	8.33069	
2.71088	8.33191	
2.70996	8.34839	
2.71149	8.34625	
2.71118	8.34656	
2.71027	8.33527	
2.71027	8.33191	
2.71118	8.35175	
2.71057	8.3371	
2.71027	8.32336	
2.71179	8.34351	
2.71088	8.35602	
2.71118	8.35632	
2.71118	8.35388	
2.71088	8.35052	
2.71118	8.36609	
2.71057	8.34656	
2.71027	8.3493	
2.71118	8.35388	
2.71118	8.34412	
2.71088	8.35022	
2.71057	8.35114	
2.71088	8.35083	
2.71057	8.35632	
2.71088	8.34839	
2.71027	8.3548	
2.71057	8.35266	
2.70996	8.34717	
2.71088	8.35052	
2.71057	8.35358	
2.70966	8.33038	
2.71088	8.3255	
2.71118	8.33801	
2.71027	8.34259	
2.71149	8.33344	
2.71149	8.32855	
2.71118	8.34564	
2.71118	8.34106	
2.71179	8.33923	
2.71088	8.33771	
2.71088	8.32367	
2.71118	8.32977	
2.71027	8.33252	
2.71088	8.3316	
2.71057	8.33099	
2.71088	8.35754	
2.71027	8.33679	
2.71057	8.34351	
2.71088	8.33862	
2.71027	8.35388	
2.71088	8.33862	
2.71179	8.34595	
2.71088	8.35205	
2.71118	8.34167	
2.71118	8.34442	
2.71057	8.37128	
2.71027	8.34015	
2.71088	8.34076	
2.71088	8.34869	
2.71057	8.3313	
2.71088	8.34656	
2.71118	8.34503	
2.70996	8.33893	
2.71027	8.35571	
2.71027	8.34625	
2.71149	8.33405	
2.71057	8.33588	
2.71057	8.30597	
2.71088	8.31024	
2.71118	8.31635	
2.71149	8.31909	
2.71118	8.32092	
2.71118	8.31665	
2.71057	8.32489	
2.71179	8.30902	
2.71179	8.32855	
2.71057	8.32153	
2.71118	8.31268	
2.71271	8.31696	
2.71149	8.31055	
2.71179	8.31451	
2.7124	8.31421	
2.71149	8.32947	
2.71149	8.32336	
2.71179	8.30933	
2.71149	8.31787	
2.71179	8.34045	
2.71179	8.32733	
2.71149	8.33008	
2.71149	8.32855	
2.7121	8.32428	
2.7124	8.32062	
2.71179	8.33191	
2.71088	8.33466	
2.71149	8.34045	
2.71057	8.33466	
2.71088	8.32947	
2.71149	8.33466	
2.71149	8.31512	
2.71118	8.32581	
2.71179	8.32245	
2.71118	8.32733	
2.71088	8.32214	
2.71149	8.3316	
2.71118	8.34198	
2.7121	8.32458	
2.71149	8.31512	
2.71179	8.32306	
2.7121	8.32764	
2.71118	8.31848	
2.71179	8.32001	
2.71088	8.31268	
2.71149	8.31909	
2.71149	8.33313	
2.71149	8.33038	
2.71179	8.3316	
2.71149	8.33984	
2.7121	8.34167	
2.71179	8.32336	
2.71179	8.34229	
2.7121	8.34503	
2.71118	8.33527	
2.71118	8.33801	
2.71179	8.34015	
2.71118	8.33313	
2.71179	8.33588	
2.71149	8.34869	
2.71118	8.33405	
2.71179	8.33038	
2.71179	8.33771	
2.71088	8.34656	
2.71149	8.3374	
2.71179	8.33282	
2.71057	8.33527	
2.71118	8.33832	
2.71149	8.33649	
2.71057	8.3429	
2.7124	8.32581	
2.71088	8.33008	
2.71149	8.32977	
2.7121	8.33252	
2.7124	8.32916	
2.7121	8.32703	
2.71149	8.33923	
2.7124	8.34686	
2.71271	8.33893	
2.71149	8.33893	
2.7124	8.33069	
2.71179	8.33374	
2.71271	8.32733	
2.7121	8.3313	
2.7124	8.3316	
2.7121	8.32611	
2.71301	8.33282	
2.7124	8.33405	
2.71271	8.32703	
2.71179	8.32855	
2.7121	8.33984	
2.71271	8.32336	
2.7121	8.33069	
2.7124	8.3255	
2.7121	8.32092	
2.71179	8.31207	
2.71271	8.3136	
2.7124	8.31635	
2.7121	8.30292	
2.7121	8.30719	
2.71271	8.30414	
2.71149	8.31573	
2.71301	8.31177	
2.71271	8.30994	
2.71149	8.32642	
2.71149	8.32184	
2.71271	8.32764	
2.71179	8.31818	
2.7124	8.33466	
2.71118	8.31635	
2.71118	8.32672	
2.7121	8.32733	
2.7124	8.31635	
2.71301	8.32428	
2.7121	8.32092	
2.7124	8.31207	
2.7124	8.30933	
2.71271	8.32123	
2.71149	8.30597	
2.71118	8.3017	
2.7124	8.31207	
2.71179	8.31055	
2.7121	8.3078	
2.7121	8.29071	
2.7121	8.30139	
2.71271	8.30841	
2.7121	8.30414	
2.71179	8.30444	
2.71149	8.30505	
2.7124	8.31512	
2.71149	8.31207	
2.71301	8.31451	
2.71271	8.31573	
2.7124	8.31512	
2.7121	8.31848	
2.71271	8.31177	
2.71271	8.31787	
2.7121	8.30719	
2.7124	8.32123	
2.71271	8.31116	
2.7124	8.31207	
2.7124	8.33374	
2.71179	8.30536	
2.7124	8.31879	
2.71149	8.31726	
2.7121	8.3313	
2.71301	8.32367	
2.7121	8.32245	
2.71271	8.3313	
2.71179	8.30322	
2.71271	8.30597	
2.71271	8.30536	
2.71179	8.29559	
2.7121	8.30872	
2.71149	8.30353	
2.7121	8.30353	
2.71271	8.30719	
2.71271	8.30627	
2.7121	8.30353	
2.71332	8.31085	
2.71271	8.31482	
2.71271	8.31482	
2.7124	8.31329	
2.71301	8.32611	
2.7121	8.32275	
2.71179	8.31696	
2.71332	8.33557	
2.7124	8.33832	
2.71179	8.33954	
2.71179	8.34045	
2.71149	8.3429	
2.7121	8.34167	
2.7121	8.3194	
2.7121	8.34015	
2.71271	8.32336	
2.71271	8.35327	
2.7124	8.35724	
2.7124	8.33862	
2.7124	8.33923	
2.71332	8.36182	
2.7121	8.34778	
2.71301	8.34259	
2.71301	8.33008	
2.7124	8.34473	
2.71301	8.34351	
2.7124	8.35571	
2.71271	8.3429	
2.71271	8.35083	
2.71271	8.35815	
2.7121	8.35052	
2.71301	8.35632	
2.7121	8.34839	
2.7124	8.36212	
2.71271	8.33282	
2.71149	8.32336	
2.7121	8.32367	
2.71301	8.3609	
2.71271	8.33344	
2.7121	8.34778	
2.7121	8.32886	
2.7124	8.33649	
2.7124	8.35114	
2.71301	8.34473	
2.71271	8.3316	
2.7121	8.34595	
2.71271	8.33557	
2.7124	8.33893	
2.7124	8.33893	
2.71271	8.33862	
2.7121	8.33588	
2.7121	8.33862	
2.71332	8.35327	
2.71332	8.3197	
2.7124	8.33313	
2.71179	8.3371	
2.71271	8.34015	
2.7124	8.349	
2.71271	8.34808	
2.71271	8.31879	
2.71332	8.32703	
2.71271	8.34808	
2.71271	8.34106	
2.71271	8.33618	
2.7121	8.34961	
2.71179	8.34656	
2.71271	8.33405	
2.7124	8.30688	
2.71301	8.33344	
2.7121	8.34808	
2.71179	8.34473	
2.71271	8.34686	
2.71271	8.33221	
2.7121	8.34503	
2.71301	8.35693	
2.71271	8.36456	
2.71301	8.36121	
2.7121	8.36609	
2.71149	8.35876	
2.7121	8.35999	
2.71271	8.37311	
2.7121	8.36273	
2.7124	8.33282	
2.71179	8.34595	
2.71271	8.34198	
2.71179	8.34656	
2.7124	8.33954	
2.7121	8.32275	
2.7121	8.31604	
2.71271	8.34961	
2.71149	8.32916	
2.7124	8.37128	
2.71301	8.35632	
2.71271	8.34351	
2.71271	8.36029	
2.7124	8.36456	
2.71271	8.35266	
2.7121	8.35083	
2.71179	8.36212	
2.7124	8.35052	
2.71301	8.36121	
2.7121	8.34137	
2.71301	8.3548	
2.7124	8.35266	
2.71271	8.35541	
2.71271	8.34747	
2.7121	8.35785	
2.71301	8.3429	
2.71271	8.34076	
2.7124	8.34961	
2.71271	8.34991	
2.71271	8.35449	
2.7124	8.35388	
2.7124	8.34595	
2.7121	8.33832	
2.71271	8.34717	
2.71301	8.34564	
2.7121	8.35907	
2.71301	8.36426	
2.71332	8.3606	
2.7121	8.34595	
2.71301	8.34564	
2.7121	8.3313	
2.71301	8.36029	
2.71332	8.35693	
2.71301	8.34534	
2.71301	8.35602	
2.71362	8.36517	
2.71271	8.36426	
2.71271	8.35236	
2.71393	8.35114	
2.71301	8.349	
2.71332	8.34778	
2.71332	8.34106	
2.71332	8.34808	
2.71301	8.33405	
2.71301	8.3371	
2.71271	8.35083	
2.7124	8.34656	
2.7124	8.33649	
2.71271	8.3429	
2.71271	8.32916	
2.71271	8.35938	
2.71301	8.34351	
2.71332	8.35144	
2.7121	8.34717	
2.7121	8.35785	
2.71332	8.33862	
2.7121	8.35968	
2.7124	8.34564	
2.71271	8.3551	
2.71301	8.35388	
2.71362	8.35968	
2.7121	8.3548	
2.7124	8.34717	
2.71301	8.34778	
2.71301	8.34839	
2.71271	8.33252	
2.7124	8.34076	
2.7121	8.349	
2.71271	8.3548	
2.71301	8.36365	
2.7121	8.37402	
2.71332	8.37402	
2.71362	8.34747	
2.7124	8.3667	
2.71423	8.3551	
2.71149	8.37433	
2.71301	8.36487	
2.71301	8.38013	
2.71271	8.36212	
2.7124	8.37646	
2.71332	8.38318	
2.71179	8.3548	
2.71271	8.36151	
2.7121	8.3725	
2.71301	8.37799	
2.7124	8.36365	
2.71332	8.36578	
2.71332	8.37708	
2.71301	8.37341	
2.71332	8.35876	
2.71332	8.35999	
2.71301	8.35968	
2.71301	8.36975	
2.71271	8.34564	
2.7124	8.36182	
2.71271	8.37006	
2.7121	8.35724	
2.71271	8.35541	
2.71301	8.35968	
2.71362	8.36212	
2.71332	8.3609	
2.71362	8.37006	
2.71362	8.36151	
2.71332	8.37006	
2.71332	8.35724	
2.71332	8.34991	
2.71332	8.35358	
2.71332	8.35022	
2.71332	8.34869	
2.71393	8.35571	
2.71362	8.35388	
2.71332	8.3429	
2.71362	8.33832	
2.71301	8.33038	
2.7121	8.34656	
2.71362	8.35083	
2.71362	8.33679	
2.71301	8.3374	
2.71271	8.32947	
2.71362	8.35022	
2.71362	8.33984	
2.71271	8.35144	
2.7124	8.35602	
2.71271	8.32672	
2.71393	8.34198	
2.71271	8.33588	
2.71332	8.34045	
2.71362	8.35724	
2.71393	8.33862	
2.71301	8.32764	
2.71149	8.349	
2.71301	8.32367	
2.71332	8.31268	
2.71332	8.31573	
2.71423	8.35175	
2.71332	8.3316	
2.71362	8.33984	
2.71301	8.34167	
2.71301	8.32672	
2.71332	8.33588	
2.71332	8.32123	
2.71362	8.33893	
2.71301	8.31024	
2.71301	8.3252	
2.71271	8.3316	
2.71271	8.32764	
2.71393	8.33679	
2.71362	8.30658	
2.71301	8.31696	
2.71362	8.3252	
2.71362	8.30505	
2.71332	8.31299	
2.71362	8.33008	
2.71271	8.32611	
2.71362	8.33588	
2.71362	8.32642	
2.71301	8.33069	
2.71362	8.31879	
2.71393	8.33649	
2.71332	8.32336	
2.71332	8.33069	
2.71393	8.31818	
2.71271	8.33374	
2.71332	8.33832	
2.71332	8.34015	
2.71362	8.3548	
2.71271	8.34961	
2.71393	8.3316	
2.71393	8.3371	
2.71332	8.3316	
2.71332	8.32794	
2.71179	8.32916	
2.71271	8.32947	
2.71301	8.34381	
2.71332	8.34778	
2.71362	8.32458	
2.71362	8.33344	
2.71393	8.34076	
2.71301	8.32275	
2.71423	8.3255	
2.71362	8.31757	
2.71393	8.32611	
2.71301	8.34442	
2.71362	8.33893	
2.71454	8.32642	
2.71423	8.32947	
2.71515	8.34747	
2.71332	8.34656	
2.71362	8.3316	
2.71423	8.33771	
2.71423	8.33313	
2.71393	8.35449	
2.71362	8.36609	
2.71393	8.34686	
2.71393	8.34686	
2.71301	8.35327	
2.71393	8.35754	
2.71393	8.35114	
2.71332	8.34625	
2.71454	8.34961	
2.71423	8.35785	
2.71423	8.34808	
2.71423	8.35327	
2.71454	8.36761	
2.71393	8.36029	
2.71271	8.35114	
2.71393	8.349	
2.7121	8.33221	
2.71301	8.34167	
2.71484	8.3252	
2.71362	8.33374	
2.71393	8.34229	
2.71454	8.35815	
2.71332	8.34717	
2.71393	8.34503	
2.71332	8.36029	
2.71393	8.35968	
2.71362	8.35327	
2.71362	8.32397	
2.71301	8.35663	
2.71393	8.35236	
2.71332	8.34442	
2.71362	8.34839	
2.71301	8.3667	
2.71393	8.367	
2.71362	8.35449	
2.71393	8.36884	
2.71423	8.34747	
2.71301	8.37555	
2.71393	8.36517	
2.71301	8.35541	
2.71423	8.36121	
2.71484	8.36578	
2.71423	8.37952	
2.71332	8.35388	
2.71332	8.38135	
2.71332	8.38074	
2.71332	8.37219	
2.71362	8.36395	
2.71423	8.37128	
2.71698	8.36243	
2.71423	8.34808	
2.71423	8.34961	
2.71423	8.36273	
2.71362	8.35754	
2.71362	8.36853	
2.71423	8.36334	
2.71362	8.36823	
2.71393	8.36761	
2.71393	8.33496	
2.71423	8.35785	
2.71423	8.3606	
2.71362	8.33954	
2.71423	8.34839	
2.71301	8.35632	
2.71362	8.34259	
2.71393	8.34717	
2.71301	8.34198	
2.71362	8.34076	
2.71423	8.33527	
2.71271	8.34656	
2.71454	8.34808	
2.71393	8.34473	
2.71454	8.33435	
2.71454	8.33984	
2.71301	8.33679	
2.71393	8.3371	
2.71271	8.349	
2.71301	8.34625	
2.71393	8.33618	
2.71393	8.35052	
2.71393	8.33893	
2.71362	8.35449	
2.71332	8.34412	
2.71332	8.35815	
2.71423	8.35114	
2.71332	8.35999	
2.71454	8.35999	
2.71423	8.35419	
2.71393	8.36243	
2.71454	8.35754	
2.71423	8.35938	
2.71545	8.3606	
2.71454	8.35266	
2.71393	8.35114	
2.71423	8.3432	
2.71393	8.34808	
2.71454	8.35022	
2.71423	8.34839	
2.71301	8.3667	
2.71393	8.35999	
2.71332	8.36304	
2.71454	8.35632	
2.71393	8.36975	
2.71393	8.36243	
2.71423	8.36853	
2.71515	8.3847	
2.71545	8.38379	
2.71484	8.3902	
2.71393	8.38135	
2.71484	8.3667	
2.71393	8.36823	
2.71454	8.38226	
2.71362	8.35938	
2.71332	8.37738	
2.71362	8.35419	
2.71423	8.36578	
2.71454	8.35205	
2.71454	8.34869	
2.71393	8.33679	
2.71423	8.35022	
2.71362	8.3728	
2.71423	8.35754	
2.71484	8.37585	
2.71362	8.35571	
2.71393	8.34808	
2.71332	8.34808	
2.71393	8.36365	
2.71271	8.36029	
2.71393	8.3609	
2.71393	8.3548	
2.71362	8.3606	
2.71423	8.36578	
2.71454	8.36578	
2.71423	8.349	
2.71301	8.35358	
2.71332	8.36151	
2.71454	8.36517	
2.71393	8.36578	
2.71332	8.36945	
2.71454	8.34198	
2.71332	8.36212	
2.71423	8.3725	
2.71271	8.38104	
2.71362	8.38165	
2.71393	8.36731	
2.71393	8.367	
2.71423	8.36182	
2.71393	8.37433	
2.71454	8.37433	
2.71362	8.35419	
2.71393	8.37036	
2.71454	8.36853	
2.71423	8.37921	
2.71454	8.37219	
2.71454	8.37555	
2.71362	8.36212	
2.71423	8.37677	
2.71393	8.37616	
2.71332	8.36731	
2.71393	8.35815	
2.71332	8.36731	
2.71423	8.35327	
2.71393	8.34686	
2.71393	8.37616	
2.71454	8.36426	
2.71362	8.35846	
2.71454	8.34656	
2.71362	8.35052	
2.71423	8.36029	
2.71332	8.36884	
2.71362	8.34717	
2.71362	8.35236	
2.71301	8.35724	
2.71332	8.37616	
2.71454	8.35205	
2.71484	8.33893	
2.71423	8.35602	
2.71484	8.36121	
2.71393	8.36334	
2.71484	8.37067	
2.71515	8.37616	
2.71484	8.34503	
2.71332	8.36578	
2.71515	8.34534	
2.71393	8.36243	
2.71454	8.35785	
2.71515	8.35083	
2.71454	8.34991	
2.71332	8.35785	
2.71454	8.35571	
2.71454	8.33557	
2.71393	8.34564	
2.71484	8.34473	
2.71545	8.34381	
2.71484	8.35663	
2.71423	8.3609	
2.71454	8.35449	
2.71454	8.37219	
2.71454	8.35815	
2.71454	8.3551	
2.71423	8.36182	
2.71393	8.35876	
2.71454	8.3316	
2.71484	8.3551	
2.71454	8.35266	
2.71423	8.3609	
2.71393	8.34229	
2.71362	8.35632	
2.71423	8.3548	
2.71484	8.35327	
2.71393	8.35876	
2.71515	8.35663	
2.71393	8.33679	
2.71362	8.35205	
2.71515	8.35358	
2.71393	8.35724	
2.71454	8.35144	
2.71545	8.33893	
2.71393	8.3548	
2.71484	8.34808	
2.71484	8.34625	
2.71454	8.34412	
2.71484	8.35541	
2.71423	8.36517	
2.71454	8.33893	
2.71332	8.35327	
2.71393	8.35968	
2.71545	8.35358	
2.71545	8.34564	
2.71515	8.34351	
2.71393	8.34656	
2.71393	8.34869	
2.71484	8.34686	
2.71362	8.34259	
2.71484	8.35785	
2.71423	8.35602	
2.71484	8.36029	
2.71545	8.34839	
2.71515	8.35327	
2.71484	8.33893	
2.71393	8.33252	
2.71484	8.3374	
2.71484	8.33405	
2.71454	8.35632	
2.71545	8.36273	
2.71515	8.36517	
2.71545	8.34625	
2.71484	8.34503	
2.71484	8.33527	
2.71515	8.34259	
2.71545	8.34656	
2.71545	8.33588	
2.71454	8.33099	
2.71484	8.35052	
2.71454	8.33923	
2.71515	8.33801	
2.71515	8.34808	
2.71515	8.3548	
2.71515	8.34137	
2.71484	8.34625	
2.71545	8.3429	
2.71545	8.34686	
2.71515	8.33191	
2.71423	8.32794	
2.71484	8.33801	
2.71545	8.34412	
2.71423	8.35602	
2.71423	8.35175	
2.71515	8.36243	
2.71484	8.36823	
2.71576	8.35632	
2.71545	8.36212	
2.71423	8.35846	
2.71484	8.34381	
2.71576	8.3548	
2.71423	8.35175	
2.71545	8.3493	
2.71454	8.35602	
2.71423	8.35144	
2.71484	8.35236	
2.71515	8.3493	
2.71545	8.34869	
2.71484	8.3432	
2.71423	8.34839	
2.71545	8.33496	
2.71576	8.3429	
2.71454	8.35236	
2.71423	8.33588	
2.71423	8.35815	
2.71454	8.34045	
2.71515	8.36212	
2.71484	8.35785	
2.71454	8.36853	
2.71515	8.36456	
2.71637	8.34564	
2.71515	8.35419	
2.71515	8.36395	
2.71515	8.37341	
2.71484	8.36823	
2.71515	8.36761	
2.71454	8.34717	
2.71515	8.349	
2.71515	8.37555	
2.71515	8.35449	
2.71515	8.33679	
2.71454	8.34381	
2.71484	8.35968	
2.71454	8.36029	
2.71515	8.36823	
2.71484	8.36731	
2.71515	8.34778	
2.71484	8.35663	
2.71454	8.34534	
2.71545	8.35297	
2.71515	8.33832	
2.71515	8.35052	
2.71484	8.34045	
2.71484	8.36731	
2.71484	8.34137	
2.71423	8.34869	
2.71454	8.34076	
2.71606	8.34351	
2.71484	8.35876	
2.71545	8.33984	
2.71515	8.34564	
2.71484	8.33923	
2.71545	8.3667	
2.71545	8.3606	
2.71576	8.34229	
2.71545	8.367	
2.71515	8.35297	
2.71423	8.36975	
2.71515	8.37524	
2.71515	8.3548	
2.71515	8.36761	
2.71484	8.37524	
2.71454	8.367	
2.71515	8.36853	
2.71545	8.35754	
2.71545	8.35724	
2.71576	8.36761	
2.71423	8.33649	
2.71515	8.35907	
2.71545	8.37006	
2.71515	8.35693	
2.71484	8.34442	
2.71454	8.34229	
2.71576	8.33405	
2.71515	8.34595	
2.71454	8.33862	
2.71606	8.33557	
2.71393	8.35785	
2.71515	8.35724	
2.71393	8.35938	
2.71484	8.34656	
2.71484	8.33588	
2.71515	8.35815	
2.71515	8.35663	
2.71393	8.3725	
2.71423	8.36487	
2.71484	8.38593	
2.71515	8.37158	
2.71545	8.35144	
2.71576	8.35388	
2.71515	8.33069	
2.71515	8.35999	
2.71515	8.34442	
2.71515	8.34503	
2.71545	8.34106	
2.71484	8.33649	
2.71484	8.33191	
2.71484	8.34747	
2.71515	8.33313	
2.71576	8.33344	
2.71454	8.32977	
2.71423	8.35022	
2.71454	8.33832	
2.71515	8.34869	
2.71545	8.34808	
2.71576	8.35632	
2.71515	8.34625	
2.71515	8.33496	
2.71423	8.33374	
2.71515	8.32825	
2.71454	8.33496	
2.71423	8.34229	
2.71454	8.35083	
2.71423	8.35327	
2.71545	8.36182	
2.71515	8.34808	
2.71423	8.34808	
2.71484	8.35236	
2.71515	8.36182	
2.71515	8.35083	
2.71515	8.34137	
2.71484	8.34656	
2.71515	8.35205	
2.71515	8.35388	
2.71484	8.3551	
2.71545	8.34869	
2.71545	8.3551	
2.71515	8.35358	
2.71515	8.33282	
2.71484	8.36029	
2.71484	8.34625	
2.71393	8.35083	
2.71576	8.35205	
2.71484	8.33923	
2.71545	8.34778	
2.71576	8.34473	
2.71484	8.36243	
2.71576	8.34656	
2.71423	8.34625	
2.71484	8.3493	
2.71484	8.36548	
2.71484	8.37738	
2.71637	8.36121	
2.71515	8.35785	
2.71515	8.35663	
2.71484	8.35205	
2.71576	8.34778	
2.71393	8.33893	
2.71484	8.34229	
2.71484	8.35083	
2.71545	8.3432	
2.71423	8.36548	
2.71545	8.37006	
2.71515	8.34747	
2.71423	8.35938	
2.71515	8.36517	
2.71545	8.34351	
2.71484	8.33038	
2.71484	8.3551	
2.71454	8.33344	
2.71423	8.35541	
2.71484	8.34412	
2.71545	8.35938	
2.71545	8.36304	
2.71515	8.35602	
2.71545	8.34564	
2.71515	8.34015	
2.71545	8.34351	
2.71484	8.35052	
2.71484	8.37402	
2.71515	8.34442	
2.71576	8.34869	
2.71454	8.35449	
2.71423	8.35876	
2.71515	8.349	
2.71515	8.3313	
2.71545	8.35815	
2.71484	8.32703	
2.71484	8.3371	
2.71484	8.34625	
2.71515	8.34991	
2.71606	8.33191	
2.71606	8.34503	
2.71515	8.34595	
2.71515	8.33893	
2.71545	8.34473	
2.71515	8.35052	
2.71545	8.349	
2.71545	8.35938	
2.71576	8.34656	
2.71515	8.33893	
2.71484	8.33771	
2.71545	8.33801	
2.71515	8.35938	
2.71545	8.36121	
2.71545	8.34747	
2.71576	8.35785	
2.71637	8.34778	
2.71576	8.34808	
2.71484	8.36792	
2.71484	8.35327	
2.71576	8.34747	
2.71576	8.35297	
2.71515	8.36487	
2.71576	8.37524	
2.71545	8.36823	
2.71576	8.33893	
2.71576	8.3606	
2.71515	8.34961	
2.71515	8.36243	
2.71576	8.33466	
2.71515	8.34625	
2.71515	8.35022	
2.71515	8.35419	
2.71545	8.35449	
2.71484	8.34229	
2.71515	8.35785	
2.71484	8.34351	
2.71667	8.35999	
2.71515	8.32855	
2.71576	8.33679	
2.71454	8.32001	
2.71545	8.35419	
2.71545	8.33862	
2.71545	8.35175	
2.71515	8.33069	
2.71484	8.33557	
2.71545	8.33862	
2.71576	8.33313	
2.71545	8.34351	
2.71576	8.34198	
2.71576	8.3429	
2.71606	8.34503	
2.71576	8.34503	
2.71637	8.35388	
2.71606	8.35754	
2.71576	8.35297	
2.71576	8.35114	
2.71515	8.33008	
2.71545	8.33008	
2.71545	8.35541	
2.71637	8.36731	
2.71515	8.3371	
2.71576	8.33893	
2.71576	8.3197	
2.71606	8.35205	
2.71545	8.35083	
2.71637	8.33099	
2.71576	8.35297	
2.71484	8.33466	
2.71637	8.34747	
2.71667	8.34839	
2.71637	8.33588	
2.71545	8.33893	
2.71515	8.34473	
2.71545	8.35693	
2.71545	8.35815	
2.71576	8.34656	
2.71606	8.3551	
2.71515	8.35266	
2.71545	8.33923	
2.71545	8.34564	
2.71545	8.34839	
2.71576	8.34808	
2.71637	8.33557	
2.71637	8.31848	
2.71576	8.33374	
2.71637	8.34106	
2.71576	8.3432	
2.71637	8.32703	
2.71576	8.33405	
2.71545	8.33954	
2.71545	8.34625	
2.71576	8.34015	
2.71667	8.34015	
2.71515	8.34442	
2.71637	8.34167	
2.71576	8.3374	
2.71606	8.34015	
2.71545	8.33557	
2.71576	8.35541	
2.71667	8.34564	
2.71606	8.35052	
2.71484	8.35388	
2.71576	8.34564	
2.71606	8.35602	
2.71545	8.35419	
2.71515	8.36456	
2.71576	8.33923	
2.71545	8.36029	
2.71515	8.34625	
2.71606	8.35022	
2.71637	8.34839	
2.71637	8.34808	
2.71515	8.35449	
2.71667	8.3609	
2.71576	8.34564	
2.71606	8.34351	
2.71576	8.34351	
2.71606	8.33801	
2.71637	8.31757	
2.71576	8.33038	
2.71637	8.33862	
2.71515	8.33191	
2.71576	8.34503	
2.71454	8.34686	
2.71637	8.35266	
2.71606	8.34473	
2.71667	8.35175	
2.71606	8.34106	
2.71606	8.349	
2.71606	8.3374	
2.71545	8.35541	
2.71606	8.33649	
2.71576	8.34351	
2.71667	8.32062	
2.71606	8.35358	
2.71698	8.34442	
2.71545	8.33435	
2.71545	8.32947	
2.71667	8.35022	
2.71667	8.32184	
2.71606	8.33435	
2.71576	8.33801	
2.71698	8.33435	
2.71667	8.33252	
2.71637	8.33771	
2.71667	8.32672	
2.71637	8.32123	
2.71576	8.34045	
2.71545	8.31635	
2.71637	8.34076	
2.71606	8.33771	
2.71545	8.31726	
2.71698	8.3429	
2.71667	8.33862	
2.71545	8.3313	
2.71667	8.31665	
2.71545	8.33252	
2.71759	8.3429	
2.71637	8.32275	
2.71729	8.33191	
2.71729	8.34991	
2.71545	8.33649	
2.71606	8.33679	
2.71637	8.3551	
2.71667	8.34961	
2.71667	8.34503	
2.71637	8.3548	
2.71576	8.33954	
2.71606	8.35205	
2.71667	8.34412	
2.71698	8.33923	
2.71606	8.34229	
2.71698	8.35327	
2.71637	8.34747	
2.71698	8.34839	
2.71698	8.34473	
2.71637	8.34656	
2.71729	8.35052	
2.71667	8.34839	
2.71667	8.36151	
2.71698	8.34351	
2.71667	8.35571	
2.71729	8.36151	
2.71667	8.36823	
2.71667	8.36731	
2.71667	8.37036	
2.71637	8.35999	
2.71667	8.35754	
2.71667	8.3548	
2.71698	8.34686	
2.71606	8.33893	
2.71606	8.35785	
2.71729	8.34015	
2.71698	8.32977	
2.71759	8.33496	
2.71698	8.34381	
2.71606	8.35358	
2.71637	8.35999	
2.71729	8.33221	
2.71667	8.34991	
2.71698	8.34869	
2.71698	8.3429	
2.71698	8.34351	
2.71606	8.35083	
2.71637	8.35114	
2.71637	8.36212	
2.71698	8.3606	
2.71637	8.35968	
2.71667	8.36395	
2.71667	8.38379	
2.71637	8.35449	
2.71637	8.34381	
2.71606	8.35907	
2.71637	8.32428	
2.71759	8.34137	
2.71637	8.35602	
2.71698	8.34259	
2.71667	8.34869	
2.71637	8.33984	
2.71637	8.33649	
2.71667	8.34869	
2.71637	8.3374	
2.71637	8.32947	
2.71667	8.35571	
2.71667	8.34076	
2.71637	8.33374	
2.71698	8.35266	
2.71606	8.3316	
2.71698	8.33527	
2.71637	8.35632	
2.71698	8.32733	
2.71576	8.34076	
2.71698	8.32611	
2.71729	8.34839	
2.71698	8.34351	
2.71698	8.35175	
2.71667	8.3316	
2.71759	8.32886	
2.71698	8.32672	
2.71698	8.35724	
2.71667	8.34625	
2.71698	8.33923	
2.71667	8.32184	
2.71729	8.34442	
2.71637	8.33862	
2.71667	8.3371	
2.71637	8.31268	
2.71698	8.32092	
2.71759	8.32764	
2.71667	8.33405	
2.71667	8.32672	
2.71637	8.33771	
2.71667	8.34686	
2.71637	8.33832	
2.71576	8.33191	
2.71698	8.34259	
2.71698	8.35236	
2.71667	8.34442	
2.71637	8.33771	
2.71637	8.33832	
2.71729	8.32275	
2.71667	8.34534	
2.71729	8.35449	
2.71698	8.34137	
2.71667	8.35663	
2.71667	8.34198	
2.71667	8.35602	
2.71729	8.32489	
2.71667	8.32764	
2.71545	8.3429	
2.71606	8.33282	
2.71545	8.34747	
2.71698	8.34198	
2.71729	8.35388	
2.71637	8.34106	
2.71667	8.34076	
2.71606	8.34473	
2.71606	8.32001	
2.71667	8.3136	
2.71698	8.31848	
2.71759	8.32031	
2.71637	8.31421	
2.71606	8.32275	
2.71606	8.33221	
2.71759	8.32336	
2.71698	8.33008	
2.71667	8.33618	
2.71637	8.32245	
2.71759	8.31482	
2.71729	8.31726	
2.71606	8.33588	
2.71637	8.32672	
2.71729	8.32428	
2.71667	8.32092	
2.71637	8.31848	
2.71729	8.31604	
2.71698	8.30994	
2.71637	8.32733	
2.7179	8.32428	
2.71515	8.32916	
2.71576	8.33252	
2.71698	8.32855	
2.71667	8.32153	
2.71637	8.33038	
2.71637	8.32275	
2.71698	8.3136	
2.71698	8.32123	
2.71667	8.32336	
2.71637	8.33099	
2.71698	8.31818	
2.71729	8.31665	
2.71729	8.31879	
2.71759	8.32886	
2.71637	8.33344	
2.71545	8.33374	
2.71637	8.3374	
2.71729	8.3316	
2.71637	8.33282	
2.71545	8.33496	
2.71332	8.3374	
2.71698	8.349	
2.71698	8.32733	
2.71637	8.32886	
2.7179	8.33435	
2.71698	8.35358	
2.71667	8.35144	
2.71576	8.34564	
2.71637	8.36182	
2.71729	8.32733	
2.71729	8.32672	
2.71698	8.34106	
2.71698	8.3493	
2.71698	8.35541	
2.71729	8.33252	
2.71698	8.3551	
2.71606	8.34686	
2.71637	8.34106	
2.71698	8.3429	
2.71667	8.34442	
2.71667	8.34961	
2.71667	8.34869	
2.71729	8.35358	
2.71667	8.35449	
2.71698	8.34778	
2.71637	8.34442	
2.71698	8.33832	
2.71667	8.34259	
2.71637	8.34167	
2.71698	8.32153	
2.71729	8.33527	
2.71698	8.34534	
2.71759	8.34656	
2.71729	8.34412	
2.71667	8.35754	
2.71698	8.3551	
2.71606	8.3252	
2.71698	8.33679	
2.71667	8.33099	
2.71698	8.34106	
2.71637	8.34595	
2.71729	8.3548	
2.71606	8.35327	
2.71606	8.35144	
2.71759	8.36761	
2.71667	8.35785	
2.71698	8.35297	
2.71667	8.35266	
2.71698	8.35144	
2.71698	8.3374	
2.71698	8.35999	
2.71729	8.33801	
2.71698	8.35449	
2.71729	8.33679	
2.7179	8.33679	
2.71667	8.3374	
2.71759	8.36121	
2.71698	8.35449	
2.71667	8.35022	
2.71667	8.33282	
2.71667	8.35175	
2.71759	8.36517	
2.71759	8.34229	
2.71729	8.35175	
2.7179	8.35419	
2.71667	8.35083	
2.7182	8.36639	
2.71759	8.34717	
2.71698	8.34778	
2.7179	8.35571	
2.71729	8.35083	
2.71698	8.36395	
2.71698	8.35938	
2.7179	8.34747	
2.71729	8.34808	
2.71759	8.33527	
2.7179	8.34229	
2.71759	8.3551	
2.71667	8.36182	
2.71759	8.35846	
2.71698	8.35419	
2.71698	8.35449	
2.71606	8.34412	
2.71667	8.34351	
2.7179	8.35419	
2.71759	8.33313	
2.71667	8.33771	
2.71698	8.35602	
2.7179	8.36609	
2.71637	8.35449	
2.71698	8.35907	
2.71729	8.36121	
2.71698	8.36578	
2.7179	8.35938	
2.71729	8.35388	
2.71729	8.3429	
2.71729	8.36182	
2.71729	8.34381	
2.71698	8.34564	
2.71729	8.3606	
2.71759	8.34747	
2.71698	8.35602	
2.71729	8.34076	
2.71759	8.33618	
2.71667	8.3609	
2.71545	8.35297	
2.71698	8.34473	
2.71759	8.33649	
2.71698	8.34717	
2.71667	8.34656	
2.71759	8.34503	
2.71729	8.35022	
2.71759	8.37738	
2.71729	8.37097	
2.71698	8.36487	
2.71729	8.36029	
2.71698	8.34381	
2.71759	8.37311	
2.71729	8.35236	
2.71729	8.35236	
2.71698	8.36426	
2.71729	8.35846	
2.71698	8.35785	
2.71759	8.36273	
2.7179	8.36456	
2.71698	8.36456	
2.71698	8.36639	
2.71729	8.34351	
2.71729	8.37067	
2.71729	8.36609	
2.71759	8.33557	
2.71606	8.3606	
2.71759	8.36029	
2.71637	8.35907	
2.71698	8.35907	
2.71729	8.35022	
2.71729	8.34625	
2.71698	8.36121	
2.71667	8.3429	
2.7179	8.367	
2.71729	8.33862	
2.71759	8.34229	
2.71759	8.36365	
2.71759	8.35144	
2.71606	8.34961	
2.71698	8.35999	
2.71667	8.35327	
2.71698	8.35632	
2.7179	8.35663	
2.71759	8.34747	
2.71759	8.34534	
2.71729	8.35846	
2.71729	8.34991	
2.71637	8.3551	
2.71729	8.34412	
2.71729	8.35938	
2.71729	8.34198	
2.71698	8.34717	
2.71729	8.36151	
2.71759	8.34167	
2.7179	8.35114	
2.71729	8.35876	
2.71759	8.37402	
2.71759	8.37524	
2.71637	8.34656	
2.7179	8.37311	
2.71576	8.3609	
2.71698	8.35876	
2.71729	8.35022	
2.71729	8.35236	
2.71729	8.37463	
2.71759	8.36365	
2.7179	8.36548	
2.7182	8.37311	
2.71759	8.37189	
2.71698	8.35907	
2.71759	8.38043	
2.71759	8.39478	
2.71729	8.3551	
2.7179	8.36517	
2.71759	8.3725	
2.71667	8.36456	
2.71759	8.35876	
2.71759	8.36151	
2.71698	8.37036	
2.7179	8.35144	
2.7179	8.35541	
2.7182	8.35052	
2.71759	8.35663	
2.71698	8.35052	
2.71667	8.35144	
2.71759	8.34778	
2.71729	8.36823	
2.7179	8.35999	
2.71667	8.35083	
2.71729	8.34229	
2.7179	8.35815	
2.71698	8.36487	
2.71729	8.36609	
2.71759	8.35724	
2.7179	8.36456	
2.7179	8.3548	
2.71881	8.37006	
2.71851	8.35785	
2.71759	8.36273	
2.71729	8.38562	
2.7179	8.35815	
2.71759	8.34473	
2.7179	8.349	
2.71759	8.35815	
2.7179	8.36182	
2.71698	8.35358	
2.7179	8.37555	
2.71759	8.35968	
2.71851	8.36578	
2.7182	8.33557	
2.71851	8.349	
2.71606	8.33191	
2.7179	8.35632	
2.71759	8.3606	
2.7179	8.34106	
2.71729	8.36182	
2.7182	8.36761	
2.71759	8.35144	
2.71729	8.35632	
2.71759	8.34564	
2.71759	8.35602	
2.7182	8.35693	
2.71698	8.35297	
2.7179	8.36304	
2.71698	8.35114	
2.7179	8.33344	
2.71759	8.3551	
2.71729	8.33679	
2.71729	8.35205	
2.71729	8.34869	
2.71759	8.36334	
2.71759	8.33893	
2.71729	8.35663	
2.71698	8.35236	
2.71729	8.35052	
2.71759	8.3667	
2.71759	8.3609	
2.7179	8.36761	
2.7182	8.36914	
2.71759	8.36243	
2.71667	8.35602	
2.7179	8.36914	
2.71759	8.36029	
2.7179	8.33466	
2.7179	8.34991	
2.71759	8.34045	
2.71851	8.35754	
2.71759	8.35632	
2.7179	8.35846	
2.71698	8.3429	
2.71851	8.34869	
2.71759	8.35236	
2.7179	8.35419	
2.71698	8.35846	
2.7179	8.35449	
2.71729	8.36578	
2.71698	8.36823	
2.71759	8.3667	
2.71729	8.37219	
2.71759	8.35175	
2.71851	8.36304	
2.71729	8.35419	
2.71729	8.3548	
2.71667	8.35724	
2.7179	8.35602	
2.7179	8.35114	
2.71759	8.35022	
2.71667	8.33862	
2.7179	8.36029	
2.71881	8.36304	
2.7182	8.35815	
2.71729	8.36304	
2.71667	8.36334	
2.71759	8.36945	
2.7182	8.37341	
2.71851	8.36243	
2.7182	8.34747	
2.71851	8.35602	
2.71759	8.35876	
2.7179	8.34595	
2.7182	8.35236	
2.7182	8.35999	
2.71698	8.36945	
2.71759	8.35754	
2.71698	8.35236	
2.71851	8.37219	
2.71759	8.35266	
2.7179	8.35815	
2.7179	8.34961	
2.7179	8.3548	
2.71851	8.34351	
2.71759	8.36029	
2.7182	8.34717	
2.7182	8.34686	
2.7182	8.36304	
2.7182	8.35114	
2.71729	8.3667	
2.71759	8.35907	
2.71759	8.36853	
2.7179	8.3609	
2.7182	8.35266	
2.7182	8.35968	
2.71729	8.35449	
2.7179	8.3429	
2.71729	8.35663	
2.7179	8.35358	
2.71729	8.35083	
2.71759	8.35052	
2.7182	8.33832	
2.7179	8.35388	
2.71729	8.35358	
2.71729	8.34747	
2.71881	8.349	
2.7179	8.35388	
2.7182	8.34717	
2.7182	8.35052	
2.71851	8.34656	
2.7182	8.36426	
2.7179	8.36395	
2.7182	8.35815	
2.7182	8.3551	
2.71851	8.367	
2.71759	8.35602	
2.7179	8.35571	
2.7179	8.36212	
2.71851	8.35419	
2.7179	8.35815	
2.71729	8.35938	
2.71881	8.35754	
2.7182	8.35602	
2.7182	8.35083	
2.71851	8.34412	
2.7182	8.36029	
2.7179	8.35999	
2.71759	8.34412	
2.7179	8.34961	
2.7182	8.37433	
2.7179	8.35175	
2.71759	8.35144	
2.71881	8.35846	
2.7182	8.35663	
2.7182	8.36456	
2.71851	8.35663	
2.7179	8.36761	
2.71912	8.36365	
2.7182	8.35754	
2.7182	8.35968	
2.71698	8.36609	
2.7182	8.33862	
2.7179	8.35358	
2.71698	8.35632	
2.71759	8.35846	
2.71851	8.35541	
2.7179	8.35663	
2.71851	8.36334	
2.71851	8.35144	
2.7179	8.35571	
2.7182	8.35938	
2.7179	8.34961	
2.71851	8.35449	
2.71759	8.35327	
2.71759	8.35632	
2.7179	8.349	
2.71851	8.36365	
2.7179	8.35419	
2.7179	8.35724	
2.71759	8.36731	
2.71881	8.35602	
2.71851	8.36578	
2.7182	8.3609	
2.71881	8.35663	
2.71759	8.34534	
2.71729	8.34747	
2.7179	8.34778	
2.7179	8.36334	
2.71667	8.34778	
2.7179	8.34351	
2.7182	8.35663	
2.7182	8.36761	
2.71759	8.35938	
2.7182	8.35144	
2.7179	8.37036	
2.7179	8.36151	
2.71729	8.37585	
2.71759	8.38867	
2.7182	8.37189	
2.71759	8.37585	
2.7179	8.35541	
2.71759	8.35114	
2.71881	8.36395	
2.71851	8.36823	
2.7179	8.35602	
2.7179	8.3725	
2.7179	8.37128	
2.7182	8.35724	
2.7182	8.35602	
2.7182	8.33832	
2.7179	8.3548	
2.7179	8.36334	
2.71851	8.34076	
2.7182	8.34656	
2.7182	8.35754	
2.71851	8.36426	
2.71759	8.34747	
2.71729	8.36395	
2.71851	8.35297	
2.71759	8.33557	
2.71759	8.35876	
2.71881	8.3432	
2.7182	8.37433	
2.7179	8.36334	
2.71851	8.367	
2.7182	8.35114	
2.71759	8.35663	
2.7182	8.36884	
2.71851	8.36945	
2.71759	8.36823	
2.71698	8.35693	
2.7179	8.35114	
2.71881	8.3609	
2.7179	8.35693	
2.7182	8.3728	
2.7182	8.35297	
2.7182	8.35175	
2.71759	8.3725	
2.7182	8.35663	
2.71759	8.35083	
2.7179	8.34381	
2.7179	8.35266	
2.71759	8.35449	
2.7179	8.35907	
2.71759	8.35663	
2.7182	8.35938	
2.71851	8.36517	
2.71851	8.35785	
2.71667	8.36243	
2.71851	8.34869	
2.7182	8.34503	
2.7179	8.33557	
2.71851	8.35052	
2.71759	8.33649	
2.7182	8.35175	
2.7179	8.34808	
2.71851	8.34808	
2.71729	8.34503	
2.71851	8.37036	
2.7182	8.36243	
2.7182	8.37769	
2.7182	8.35083	
2.71729	8.36639	
2.7182	8.36853	
2.71729	8.35938	
2.7179	8.32947	
2.71881	8.33954	
2.71759	8.35175	
2.7182	8.36487	
2.7182	8.37982	
2.71881	8.36212	
2.71759	8.36914	
2.7179	8.36975	
2.71729	8.35449	
2.7182	8.36304	
2.71759	8.35876	
2.7179	8.36761	
2.71698	8.35297	
2.71759	8.37738	
2.71759	8.36487	
2.71729	8.36487	
2.71851	8.36273	
2.7179	8.34961	
2.71851	8.35754	
2.7182	8.35815	
2.71881	8.37646	
2.71851	8.3725	
2.7182	8.36823	
2.7182	8.36517	
2.71851	8.38135	
2.71851	8.37769	
2.7179	8.38318	
2.71729	8.34717	
2.71851	8.36487	
2.7182	8.3606	
2.71851	8.36212	
2.71759	8.36456	
2.7179	8.35876	
2.7179	8.37341	
2.71759	8.37616	
2.7182	8.37799	
2.71851	8.3609	
2.71759	8.35449	
2.71851	8.36609	
2.7179	8.36304	
2.7182	8.3551	
2.71759	8.35175	
2.7182	8.3609	
2.7182	8.35724	
2.71851	8.34198	
2.7179	8.36121	
2.71912	8.36029	
2.71698	8.34869	
2.71881	8.36731	
2.7179	8.34351	
2.71881	8.34656	
2.7182	8.35266	
2.7182	8.35632	
2.71942	8.3551	
2.71881	8.33893	
2.7179	8.35205	
2.71759	8.34686	
2.71881	8.35083	
2.71912	8.34137	
2.71912	8.34259	
2.71973	8.33069	
2.71881	8.34442	
2.71881	8.32275	
2.71881	8.31909	
2.7182	8.34137	
2.7179	8.33038	
2.71851	8.34595	
2.71851	8.33191	
2.7182	8.34167	
2.7182	8.34686	
2.71851	8.32764	
2.7179	8.34229	
2.7182	8.33527	
2.71851	8.33893	
2.71851	8.34045	
2.71881	8.33557	
2.71973	8.33679	
2.71881	8.34473	
2.71881	8.3551	
2.71851	8.34412	
2.71942	8.33466	
2.71851	8.3374	
2.71881	8.32458	
2.71881	8.32428	
2.71912	8.34137	
2.71851	8.34595	
2.7182	8.31787	
2.7182	8.33527	
2.71881	8.35175	
2.7179	8.34503	
2.71851	8.34229	
2.7179	8.32611	
2.71881	8.35266	
2.7179	8.33771	
2.71851	8.33527	
2.71973	8.32916	
2.71851	8.34106	
2.71881	8.3429	
2.71973	8.35541	
2.72003	8.34747	
2.71851	8.35175	
2.71851	8.35114	
2.71881	8.34503	
2.71912	8.34686	
2.7182	8.35663	
2.71881	8.34137	
2.71912	8.35052	
2.71851	8.34137	
2.71973	8.35602	
2.71912	8.35419	
2.71942	8.33282	
2.71973	8.34778	
2.71881	8.36853	
2.71912	8.3667	
2.71942	8.35754	
2.7182	8.33862	
2.71912	8.34625	
2.7182	8.35175	
2.71973	8.35297	
2.71881	8.35327	
2.71851	8.34991	
2.71851	8.34045	
2.72003	8.33282	
2.71851	8.32001	
2.71912	8.34808	
2.71851	8.34778	
2.71881	8.35968	
2.71881	8.34625	
2.71912	8.36456	
2.71942	8.36517	
2.7182	8.3667	
2.71881	8.36243	
2.71759	8.35175	
2.71881	8.36426	
2.71851	8.33923	
2.71851	8.34412	
2.7182	8.35022	
2.71881	8.36609	
2.7179	8.3548	
2.71942	8.34869	
2.71942	8.34198	
2.71881	8.34534	
2.71851	8.33862	
2.71759	8.36548	
2.71881	8.35663	
2.7182	8.34839	
2.7182	8.35114	
2.71851	8.35236	
2.71881	8.35144	
2.7182	8.33191	
2.71881	8.3606	
2.71881	8.34686	
2.71851	8.34808	
2.71912	8.36609	
2.71881	8.34045	
2.71881	8.34015	
2.71881	8.34808	
2.71851	8.33588	
2.71912	8.33862	
2.71912	8.36151	
2.71851	8.34625	
2.71912	8.35297	
2.7182	8.35571	
2.71912	8.3429	
2.7179	8.35083	
2.7182	8.35388	
2.71851	8.35358	
2.71912	8.33771	
2.71851	8.34595	
2.71942	8.32947	
2.71851	8.34625	
2.71973	8.34747	
2.71881	8.36639	
2.7182	8.36212	
2.71973	8.367	
2.71851	8.32123	
2.7182	8.35388	
2.71973	8.3606	
2.71851	8.34229	
2.71942	8.35358	
2.7182	8.34473	
2.71881	8.34167	
2.71881	8.34778	
2.71973	8.33923	
2.71851	8.33832	
2.7182	8.33557	
2.71912	8.35327	
2.71942	8.35388	
2.71881	8.34015	
2.71973	8.35358	
2.71973	8.34686	
2.71973	8.35083	
2.71912	8.34137	
2.72003	8.33862	
2.71851	8.32855	
2.71973	8.33344	
2.7182	8.35236	
2.71912	8.34534	
2.71912	8.35449	
2.71973	8.34137	
2.71851	8.33557	
2.71973	8.3078	
2.71973	8.34686	
2.71973	8.31512	
2.71973	8.32001	
2.71881	8.31055	
2.71851	8.34442	
2.71881	8.35083	
2.71851	8.34595	
2.71942	8.32184	
2.71942	8.33099	
2.71973	8.33527	
2.71942	8.34137	
2.71912	8.33832	
2.72003	8.349	
2.72003	8.32062	
2.72003	8.35266	
2.71942	8.35144	
2.71973	8.34442	
2.71912	8.32306	
2.72034	8.33801	
2.72034	8.32611	
2.72003	8.33191	
2.71851	8.32825	
2.72003	8.32367	
2.71942	8.32001	
2.71942	8.34381	
2.71851	8.33466	
2.71881	8.34503	
2.71973	8.34686	
2.71973	8.34076	
2.7182	8.34259	
2.72034	8.34442	
2.71912	8.3313	
2.71973	8.33771	
2.71881	8.33405	
2.71912	8.34869	
2.72003	8.33801	
2.71912	8.3197	
2.71973	8.34656	
2.71912	8.31696	
2.71942	8.32062	
2.7182	8.34076	
2.71851	8.34991	
2.71973	8.33466	
2.71851	8.33618	
2.72034	8.32245	
2.71912	8.34137	
2.71942	8.33038	
2.71912	8.33862	
2.71942	8.34656	
2.71973	8.33435	
2.71912	8.33771	
2.71912	8.33221	
2.71851	8.32062	
2.71973	8.33801	
2.71881	8.3255	
2.71973	8.32703	
2.72003	8.34015	
2.71881	8.33954	
2.71942	8.32642	
2.72003	8.31635	
2.71881	8.32275	
2.71942	8.33466	
2.71881	8.32764	
2.72003	8.34015	
2.71912	8.32184	
2.71881	8.33771	
2.7182	8.34106	
2.71973	8.34198	
2.71851	8.34167	
2.71973	8.34442	
2.71912	8.35175	
2.71881	8.35693	
2.71912	8.34076	
2.71881	8.33588	
2.71912	8.34473	
2.71942	8.34686	
2.71973	8.34839	
2.72003	8.32092	
2.71881	8.32397	
2.71881	8.32336	
2.71942	8.3255	
2.71881	8.34045	
2.71973	8.33832	
2.71912	8.33649	
2.71942	8.31451	
2.71973	8.34747	
2.71912	8.33069	
2.71973	8.3371	
2.71881	8.3255	
2.71881	8.32489	
2.71973	8.32123	
2.72003	8.32275	
2.71881	8.31329	
2.71912	8.32031	
2.71973	8.33557	
2.72003	8.33069	
2.71851	8.31879	
2.71912	8.3194	
2.71942	8.32062	
2.71881	8.31085	
2.71942	8.30841	
2.71942	8.33038	
2.72003	8.32764	
2.71881	8.30627	
2.71851	8.33527	
2.71912	8.31207	
2.71912	8.30872	
2.71881	8.33923	
2.71912	8.32886	
2.71973	8.33893	
2.71912	8.31757	
2.71973	8.33374	
2.71881	8.32489	
2.7179	8.34229	
2.71851	8.33282	
2.71973	8.33038	
2.71912	8.32977	
2.71912	8.31665	
2.71881	8.31696	
2.71973	8.31055	
2.71973	8.3017	
2.72003	8.29346	
2.7182	8.30292	
2.71973	8.31482	
2.71942	8.31482	
2.71912	8.33405	
2.71912	8.32123	
2.71881	8.32672	
2.71851	8.32458	
2.71912	8.31604	
2.71851	8.31848	
2.71881	8.31268	
2.71942	8.3197	
2.71973	8.32275	
2.71912	8.33618	
2.72003	8.3194	
2.71973	8.30627	
2.71973	8.32733	
2.71881	8.31696	
2.71912	8.32123	
2.71942	8.31696	
2.71912	8.32489	
2.71942	8.33038	
2.71881	8.33252	
2.71851	8.33038	
2.71973	8.32397	
2.7182	8.31696	
2.71881	8.31604	
2.72064	8.31635	
2.72003	8.31421	
2.71851	8.2962	
2.71912	8.30536	
2.71942	8.29926	
2.71942	8.30597	
2.71942	8.31909	
2.71851	8.30566	
2.71881	8.32916	
2.71912	8.30353	
2.71881	8.32062	
2.71912	8.32916	
2.71881	8.33221	
2.71912	8.32062	
2.71851	8.32458	
2.72003	8.32214	
2.71942	8.31726	
2.71942	8.30475	
2.72003	8.32184	
2.72064	8.32367	
2.71973	8.32397	
2.7182	8.33832	
2.71912	8.33221	
2.72003	8.31787	
2.71851	8.32825	
2.71942	8.32275	
2.71973	8.32672	
2.71973	8.33252	
2.71881	8.32611	
2.71973	8.3197	
2.71881	8.32153	
2.72034	8.30994	
2.71973	8.31757	
2.71942	8.31726	
2.72034	8.3136	
2.72003	8.3316	
2.71912	8.31848	
2.71881	8.32703	
2.7182	8.33527	
2.71912	8.3313	
2.71973	8.33038	
2.71973	8.33405	
2.7182	8.3136	
2.71973	8.34717	
2.72003	8.32703	
2.71973	8.33649	
2.7182	8.34381	
2.71912	8.3371	
2.71973	8.33923	
2.71851	8.33679	
2.71881	8.34076	
2.71942	8.34564	
2.71851	8.33344	
2.71912	8.33618	
2.71851	8.33282	
2.72003	8.35022	
2.71851	8.34839	
2.72003	8.34229	
2.72003	8.34106	
2.71881	8.33862	
2.72034	8.36334	
2.71942	8.34839	
2.71912	8.3371	
2.71912	8.33008	
2.71912	8.35052	
2.71851	8.33801	
2.71912	8.34198	
2.71973	8.33496	
2.71912	8.34991	
2.71851	8.35388	
2.71912	8.35999	
2.72003	8.34839	
2.71973	8.32397	
2.71973	8.34686	
2.71881	8.33374	
2.71973	8.34961	
2.71881	8.35663	
2.72034	8.34381	
2.71881	8.34564	
2.71912	8.34808	
2.71912	8.35114	
2.71912	8.34839	
2.71973	8.34717	
2.71973	8.35266	
2.71973	8.34717	
2.71881	8.35175	
2.71973	8.35388	
2.72064	8.34229	
2.72003	8.349	
2.71912	8.33374	
2.71912	8.33557	
2.71912	8.34045	
2.71973	8.33801	
2.71912	8.34625	
2.72003	8.33435	
2.72064	8.33862	
2.71942	8.34167	
2.72034	8.34473	
2.72003	8.3432	
2.71973	8.33496	
2.72003	8.32489	
2.71973	8.33099	
2.71973	8.33557	
2.72003	8.34198	
2.72003	8.32581	
2.71912	8.31818	
2.72034	8.32916	
2.71912	8.31879	
2.72003	8.33466	
2.71973	8.30383	
2.71973	8.32214	
2.72034	8.31848	
2.72003	8.31329	
2.71973	8.32947	
2.71973	8.31787	
2.71912	8.32336	
2.72003	8.32764	
2.71973	8.33191	
2.72003	8.32001	
2.7182	8.32672	
2.71912	8.34625	
2.72003	8.33435	
2.72034	8.34778	
2.71912	8.35419	
2.72034	8.35693	
2.71973	8.3371	
2.72003	8.33344	
2.71973	8.34778	
2.71973	8.34259	
2.71912	8.35175	
2.72034	8.33496	
2.72034	8.33954	
2.71973	8.34656	
2.71942	8.3316	
2.71851	8.3316	
2.72034	8.33344	
2.72003	8.34412	
2.71973	8.3371	
2.71973	8.34656	
2.72003	8.34961	
2.71973	8.35846	
2.71881	8.36151	
2.72034	8.34412	
2.72095	8.34167	
2.72034	8.34717	
2.72034	8.34839	
2.72003	8.35907	
2.72034	8.33923	
2.72003	8.3548	
2.71973	8.32886	
2.71912	8.35449	
2.71973	8.35358	
2.71912	8.35052	
2.71881	8.34473	
2.72034	8.34747	
2.72034	8.34717	
2.71942	8.32794	
2.71973	8.34381	
2.71881	8.35022	
2.72034	8.35358	
2.71881	8.33099	
2.72034	8.32703	
2.71973	8.35297	
2.71912	8.34259	
2.71973	8.35236	
2.72003	8.34381	
2.72034	8.33496	
2.71973	8.34564	
2.71881	8.35632	
2.71942	8.3548	
2.72034	8.35754	
2.71912	8.35388	
2.71942	8.32855	
2.71942	8.3551	
2.72064	8.36884	
2.72003	8.3551	
2.71942	8.34808	
2.71942	8.35602	
2.72064	8.35602	
2.71912	8.35876	
2.72003	8.35266	
2.72034	8.35938	
2.72095	8.3844	
2.71973	8.35754	
2.71912	8.35114	
2.71973	8.35083	
2.72064	8.36334	
2.71881	8.349	
2.72034	8.36639	
2.71912	8.3609	
2.71912	8.35938	
2.71912	8.35571	
2.71973	8.33801	
2.71912	8.35297	
2.71942	8.34045	
2.71973	8.36456	
2.72003	8.35236	
2.7179	8.36243	
2.71973	8.34229	
2.72003	8.3548	
2.71942	8.36945	
2.71973	8.36731	
2.72003	8.35388	
2.71912	8.35907	
2.71942	8.3667	
2.71942	8.35724	
2.71942	8.36151	
2.71881	8.36029	
2.72095	8.36243	
2.71881	8.35876	
2.72034	8.3606	
2.72034	8.3725	
2.72003	8.367	
2.71973	8.35297	
2.71973	8.35419	
2.72003	8.36273	
2.72156	8.36456	
2.71881	8.37982	
2.72003	8.35358	
2.71973	8.35815	
2.71973	8.35327	
2.72003	8.34167	
2.71942	8.33801	
2.72034	8.32367	
2.72003	8.33649	
2.71881	8.34015	
2.72186	8.34869	
2.72034	8.34442	
2.72034	8.35175	
2.72064	8.35205	
2.72095	8.35175	
2.71973	8.35052	
2.72064	8.33893	
2.71881	8.34137	
2.72064	8.34503	
2.72064	8.37036	
2.72034	8.33893	
2.71912	8.35754	
2.72034	8.35938	
2.72003	8.3548	
2.72003	8.35327	
2.71851	8.33588	
2.72034	8.31665	
2.72003	8.33771	
2.72095	8.31696	
2.71973	8.32428	
2.72064	8.33801	
2.71942	8.34778	
2.72003	8.3429	
2.71973	8.34045	
2.72034	8.33496	
2.72003	8.31909	
2.72034	8.32672	
2.71973	8.34564	
2.72034	8.33862	
2.72064	8.33832	
2.72064	8.34686	
2.72003	8.35236	
2.72003	8.34747	
2.72095	8.34808	
2.72064	8.36395	
2.71973	8.34595	
2.72064	8.34259	
2.71973	8.33588	
2.72034	8.34656	
2.72003	8.36304	
2.72003	8.34412	
2.72095	8.33038	
2.72064	8.31451	
2.71973	8.33099	
2.72003	8.33008	
2.72064	8.3313	
2.72034	8.31085	
2.72095	8.33923	
2.72003	8.3255	
2.72003	8.33832	
2.72003	8.32306	
2.72003	8.33527	
2.72034	8.32916	
2.72034	8.29926	
2.72003	8.3194	
2.72064	8.31726	
2.72034	8.29712	
2.72034	8.32947	
2.72003	8.33191	
2.72064	8.32886	
2.72064	8.32916	
2.72064	8.34656	
2.72003	8.32153	
2.72125	8.34534	
2.72064	8.3252	
2.72034	8.32733	
2.72095	8.33191	
2.72125	8.32001	
2.72095	8.32062	
2.72034	8.32275	
2.72003	8.34076	
2.72064	8.34442	
2.71973	8.33313	
2.72003	8.3255	
2.72034	8.34595	
2.72034	8.32794	
2.72003	8.32794	
2.72003	8.34473	
2.72003	8.33649	
2.72003	8.29956	
2.71942	8.31635	
2.71912	8.32214	
2.71912	8.31451	
2.72003	8.30353	
2.71912	8.31635	
2.71881	8.32397	
2.71729	8.33008	
2.69775	8.32214	
2.56927	8.34473	
2.23022	8.33191	
1.77185	8.37585	
1.32294	8.42743	
0.958557	8.4552	
0.671082	8.48999	
0.460815	8.54065	
0.314026	8.58337	
0.210266	8.60291	
0.140686	8.67523	
0.0918579	8.68927	
0.0610352	8.70209	
0.0393677	8.68744	
0.0259399	8.71155	
0.015564	8.7085	
0.0112915	8.71582	
0.00701904	8.71613	
0.00488281	8.72101	
0.00305176	8.71918	
0.00183105	8.72101	
0.00152588	8.73138	
0.00183105	8.73627	
0.000915527	8.72681	
0.000305176	8.7265	
0.0012207	8.73047	
0.000305176	8.7027	
0.000915527	8.70728	
-0.000915527	8.71735	
0.00152588	8.71765	
0.0012207	8.73901	
0	8.70911	
0.000305176	8.72375	
0.000305176	8.73016	
0.000915527	8.7384	
0.000915527	8.76099	
0.000305176	8.73383	
0.000305176	8.71429	
0.000610352	8.69537	
0.000305176	8.71826	
0.000305176	8.72803	
0.0012207	8.72711	
-0.000305176	8.71887	
0.000915527	8.71826	
0.0012207	8.72375	
0.000915527	8.70361	
0.000915527	8.71887	
-0.000305176	8.73657	
0.000915527	8.72559	
0.000915527	8.7323	
0.000305176	8.73657	
0.000610352	8.74603	
0.000305176	8.74176	
0.0012207	8.74542	
0.000305176	8.74207	
-0.000305176	8.73383	
0.000610352	8.74603	
0.000915527	8.72498	
0	8.73108	
0.0012207	8.74146	
0	8.74756	
0.000610352	8.72559	
0	8.74451	
0.000610352	8.74359	
0.0012207	8.76312	
0.000915527	8.76221	
0.000915527	8.74176	
0.000915527	8.74725	
0.000305176	8.76068	
0.0012207	8.75366	
0.000610352	8.76251	
0.000305176	8.74207	
0.000915527	8.74603	
0.000915527	8.74695	
0.000305176	8.74481	
0.000915527	8.7616	
0.000610352	8.7384	
0.000305176	8.74634	
0.000915527	8.74969	
0	8.74023	
0	8.73016	
0	8.76923	
0.0012207	8.75336	
0.000915527	8.7616	
0.000610352	8.75549	
0.000915527	8.72223	
0.000610352	8.73535	
0.000610352	8.7326	
0.000305176	8.74664	
0.000305176	8.74634	
-0.000610352	8.7326	
0.000915527	8.74176	
0.000305176	8.72467	
0.000915527	8.74115	
-0.000305176	8.74878	
0.000610352	8.74634	
0.000305176	8.72681	
0.000305176	8.7265	
0.000610352	8.73108	
0	8.73291	
0.000305176	8.74847	
0	8.74969	
0.000610352	8.73901	
0.000610352	8.73291	
0.000915527	8.72375	
0.000305176	8.73932	
0.000610352	8.72864	
0.000305176	8.73596	
0.000305176	8.73108	
0.000305176	8.73108	
0	8.72772	
0.000610352	8.72955	
0	8.72772	
0	8.74908	
0.000305176	8.75671	
-0.000610352	8.74695	
0.000305176	8.74634	
0.000305176	8.74725	
0.000915527	8.7204	
0.000305176	8.71552	
-0.000305176	8.71918	
0.000915527	8.71399	
0	8.72437	
0.0012207	8.71979	
0.000915527	8.71277	
0.000305176	8.72559	
0.000610352	8.71277	
0.000915527	8.72711	
0.000915527	8.74298	
0.000305176	8.72162	
0.000610352	8.73871	
0.000305176	8.72223	
0.000610352	8.72589	
0.0012207	8.72101	
0.0012207	8.72284	
-0.000305176	8.7262	
0.000610352	8.73627	
0	8.73535	
0.000305176	8.72925	
0.000305176	8.7323	
0	8.73444	
0	8.72437	
0.00152588	8.74481	
0.000610352	8.72437	
0.000305176	8.72345	
0.000305176	8.73779	
0.000610352	8.73688	
0.000610352	8.73291	
0.000610352	8.72498	
0.000915527	8.72375	
0.000305176	8.72772	
0.000915527	8.73199	
0.000915527	8.73505	
0.000305176	8.74054	
0.000305176	8.72498	
0	8.72314	
0.000610352	8.74298	
0.00152588	8.74451	
-0.000610352	8.7326	
0	8.74908	
0	8.73413	
0.000305176	8.74146	
0.000305176	8.74512	
0.000305176	8.7326	
0	8.74969	
0.0012207	8.73657	
0	8.73688	
0.00152588	8.73871	
0.000915527	8.73138	
0.000915527	8.74084	
0.000305176	8.7326	
0.000915527	8.74756	
0.000305176	8.74359	
0.000610352	8.73352	
0.000915527	8.74512	
0.000915527	8.73169	
0.000915527	8.74054	
0.000610352	8.73566	
0.000610352	8.75	
0.000610352	8.74603	
0.000610352	8.73383	
0.000915527	8.73688	
0.000610352	8.74298	
0.000305176	8.73383	
0.000305176	8.74359	
0	8.75305	
0	8.74298	
-0.000305176	8.74573	
0.000610352	8.73444	
0.000305176	8.74268	
0.000610352	8.74207	
0.000610352	8.74298	
0.000915527	8.72925	
0.000915527	8.72772	
0.000305176	8.73169	
0.000915527	8.72467	
0.000610352	8.71613	
0.000915527	8.72955	
0.000610352	8.7381	
0.000305176	8.71368	
0.000610352	8.73566	
0.000305176	8.73077	
0	8.73901	
0.000610352	8.73474	
0.000305176	8.71521	
0.000915527	8.74268	
0.000915527	8.7323	
-0.000305176	8.72986	
0.000305176	8.73352	
0.000305176	8.72681	
-0.000305176	8.72986	
0.000915527	8.71155	
0.000610352	8.71857	
0.000305176	8.7207	
0	8.71155	
0	8.71216	
0.0012207	8.72833	
0.000305176	8.71643	
0	8.72864	
0.000610352	8.72925	
0.000305176	8.73047	
0.000915527	8.72009	
0.000610352	8.72375	
0.000610352	8.70667	
0.000305176	8.71033	
0	8.73047	
0.000305176	8.72437	
0.000915527	8.73291	
-0.000305176	8.73383	
0.000305176	8.7326	
0.000610352	8.7326	
0.000305176	8.72131	
0.000305176	8.72284	
0.000305176	8.73047	
0.000305176	8.71033	
0.000305176	8.7262	
0.000610352	8.72681	
0.000610352	8.72314	
-0.000305176	8.72467	
0	8.73566	
0.000610352	8.73138	
0.000305176	8.7207	
-0.000610352	8.74176	
0.000610352	8.72498	
0	8.71735	
0.000305176	8.71918	
-0.000915527	8.71613	
0.000915527	8.71765	
0.000305176	8.73749	
0.000915527	8.72681	
-0.000915527	8.73871	
0.000915527	8.7326	
0.000915527	8.73077	
0.000610352	8.72742	
0	8.73871	
0.0012207	8.73138	
0.000305176	8.73444	
0.000305176	8.73016	
0	8.7381	
0.0012207	8.72772	
0.000305176	8.72375	
0.000610352	8.72406	
0	8.72833	
0.000305176	8.71521	
0.000610352	8.73138	
0.000915527	8.72681	
0.000305176	8.70941	
0.000610352	8.72711	
0.000915527	8.73901	
0.000915527	8.72894	
0.000305176	8.72223	
0.000915527	8.71765	
0.000915527	8.71857	
0.000915527	8.73322	
0.000915527	8.73505	
0.000610352	8.74603	
0.000305176	8.72803	
0	8.73047	
0	8.73627	
0.000305176	8.7323	
0.000610352	8.73322	
0.000305176	8.72162	
0.000915527	8.72009	
-0.000305176	8.73901	
0.000915527	8.74176	
0.000610352	8.73444	
0.0012207	8.72803	
0	8.72498	
0	8.74573	
0.000305176	8.72986	
0.000915527	8.7146	
0.000305176	8.703	
0.000610352	8.71185	
0.000610352	8.70483	
0.000915527	8.71704	
0.000610352	8.7146	
0.000610352	8.70087	
0.000915527	8.7326	
0.000305176	8.71124	
0.000915527	8.70209	
0.00152588	8.70178	
0	8.70209	
0.000305176	8.72406	
0.000305176	8.70636	
-0.000305176	8.70758	
0.0012207	8.71704	
0.000610352	8.71887	
0	8.73657	
0	8.71246	
-0.000610352	8.73444	
0.000610352	8.7204	
0.000610352	8.74237	
-0.000610352	8.73505	
0.000915527	8.7381	
0.000610352	8.73138	
0.0012207	8.73444	
-0.000305176	8.75702	
0.0012207	8.75488	
-0.000305176	8.7561	
0.000915527	8.74695	
0.000915527	8.72772	
0.00152588	8.72986	
0.000610352	8.72833	
0.000305176	8.73688	
0	8.74451	
0.0012207	8.73993	
0.000610352	8.72437	
0	8.73138	
0.0012207	8.73138	
0.000305176	8.75427	
0.000305176	8.72955	
0.000305176	8.72467	
0.000610352	8.73596	
-0.000305176	8.72681	
0.000915527	8.73383	
0.000610352	8.73383	
0.000610352	8.74725	
0.0012207	8.73322	
0	8.74786	
0.00152588	8.72986	
0.000915527	8.74207	
0	8.72498	
0.0012207	8.74664	
0.00152588	8.72894	
-0.000305176	8.75244	
0.0012207	8.74512	
0	8.72131	
0.000915527	8.75702	
0.000915527	8.73718	
0.000610352	8.74786	
0.000305176	8.74146	
0.000305176	8.73169	
0.000305176	8.72528	
0.000610352	8.71704	
0	8.72345	
0.0012207	8.73993	
0.000610352	8.74207	
0.000305176	8.7323	
0.000610352	8.74329	
-0.000305176	8.75092	
0.000305176	8.75854	
0.000305176	8.74359	
0.000610352	8.75458	
0.000305176	8.74908	
0.000305176	8.73566	
0	8.73505	
0.000305176	8.7262	
-0.000305176	8.73962	
0.000915527	8.74023	
0.00152588	8.72711	
0.000610352	8.74359	
0.000305176	8.74756	
0.0012207	8.75702	
0.000610352	8.72437	
0.000610352	8.73016	
0.000915527	8.73322	
0	8.73505	
0.000610352	8.7442	
0.000305176	8.73505	
0.000915527	8.73199	
0.000610352	8.72711	
0	8.73322	
0.0012207	8.73138	
0.000305176	8.73596	
0.000305176	8.74664	
0.000305176	8.74298	
0.00152588	8.7326	
0.0012207	8.72528	
0.0012207	8.72681	
0.000305176	8.71368	
0.000610352	8.71338	
0.000305176	8.71613	
0.000305176	8.72345	
0	8.72131	
0.000610352	8.70239	
0.000305176	8.70911	
0	8.71307	
0.000305176	8.71887	
0.000610352	8.72162	
0.000610352	8.73352	
0.000610352	8.74573	
0	8.74512	
0.000305176	8.71887	
0.00152588	8.72986	
0	8.73657	
0.000305176	8.70819	
0.000915527	8.70972	
0.000305176	8.70514	
0.000305176	8.72528	
0.000915527	8.70697	
0	8.7027	
0.0012207	8.71857	
0.000915527	8.71399	
0.000915527	8.72681	
0.000610352	8.72192	
0.000610352	8.71857	
0	8.71674	
0.000305176	8.69781	
0.000610352	8.70514	
0.000610352	8.70819	
0.000915527	8.72223	
0.000305176	8.71521	
0.0012207	8.72894	
0.000305176	8.72131	
0.000610352	8.72437	
0	8.71002	
0.0012207	8.72345	
0.000305176	8.72681	
0.000915527	8.72009	
0.000305176	8.7262	
0.000915527	8.73627	
0.000305176	8.72253	
-0.000305176	8.72589	
0.000610352	8.73291	
0	8.72894	
0.000610352	8.73535	
0	8.74023	
0.000915527	8.73932	
0.000305176	8.74268	
0.000610352	8.74176	
0.000305176	8.74847	
0.000915527	8.74146	
-0.000305176	8.72498	
0.000915527	8.72192	
0.000305176	8.72894	
0.000610352	8.7207	
0.000305176	8.73016	
0.000305176	8.7146	
0.000915527	8.72589	
0.000610352	8.73688	
-0.000610352	8.72986	
0.0012207	8.74512	
0.000610352	8.72925	
0.000305176	8.72009	
0.000305176	8.73016	
0.000305176	8.72009	
0.000305176	8.73627	
-0.000610352	8.75366	
0	8.73932	
-0.000305176	8.72589	
0.0012207	8.73322	
0.000610352	8.74054	
0.000915527	8.74268	
0.00183105	8.74237	
0.000915527	8.73657	
0.000915527	8.74268	
0.000305176	8.72955	
0.000610352	8.74298	
-0.000305176	8.73444	
-0.000915527	8.74207	
0	8.72864	
0.000915527	8.7326	
-0.000610352	8.74146	
0.000915527	8.73749	
0	8.71765	
0.000915527	8.7442	
0	8.7323	
0.0012207	8.7326	
0.0012207	8.73383	
-0.000305176	8.75732	
0.000610352	8.75244	
0.000305176	8.74054	
0.000610352	8.74542	
0.000305176	8.73688	
0.000305176	8.75336	
-0.000305176	8.7384	
