-0.00213623	9.4223	
-0.00183105	9.42474	
-0.00213623	9.42322	
-0.00183105	9.42474	
-0.00183105	9.42444	
-0.00213623	9.42474	
-0.00244141	9.42383	
-0.00152588	9.42413	
-0.00183105	9.42566	
-0.00183105	9.42474	
-0.00213623	9.42474	
-0.0012207	9.42444	
-0.00183105	9.42322	
-0.00152588	9.4223	
-0.00183105	9.42413	
-0.00213623	9.42322	
-0.00213623	9.42444	
-0.00244141	9.42627	
-0.00183105	9.42322	
-0.00213623	9.42383	
-0.00183105	9.42383	
-0.0012207	9.42474	
-0.00152588	9.42444	
-0.00152588	9.42444	
-0.00183105	9.42444	
-0.00152588	9.42291	
-0.00152588	9.42413	
-0.000915527	9.42444	
-0.00183105	9.42444	
-0.00213623	9.42413	
-0.00213623	9.42566	
-0.00213623	9.42474	
-0.00244141	9.42505	
-0.00213623	9.42505	
-0.00213623	9.42474	
-0.00213623	9.42474	
-0.00213623	9.42474	
-0.00183105	9.42505	
-0.00213623	9.42444	
-0.00183105	9.42383	
-0.00244141	9.42566	
-0.00152588	9.42383	
-0.00213623	9.42383	
-0.00213623	9.42474	
-0.00152588	9.42474	
-0.00183105	9.42474	
-0.00183105	9.42413	
-0.0012207	9.42566	
-0.00183105	9.42444	
-0.0012207	9.42413	
-0.00183105	9.42383	
-0.00244141	9.42535	
-0.00183105	9.42566	
-0.00244141	9.42413	
-0.00213623	9.42535	
-0.00183105	9.42535	
-0.00213623	9.42413	
-0.00213623	9.42444	
-0.00213623	9.42444	
-0.0012207	9.42535	
-0.00152588	9.42291	
-0.00183105	9.42444	
-0.00183105	9.42444	
-0.00213623	9.42413	
-0.00213623	9.42291	
-0.0012207	9.42322	
-0.00183105	9.42505	
-0.00183105	9.42474	
-0.00183105	9.42261	
-0.00274658	9.42413	
-0.00213623	9.42261	
-0.00152588	9.42413	
-0.00152588	9.42566	
-0.00152588	9.42413	
-0.00274658	9.42444	
-0.00213623	9.42413	
-0.00183105	9.42505	
-0.00213623	9.42261	
-0.00244141	9.42383	
-0.0012207	9.42291	
-0.00213623	9.42444	
-0.00244141	9.42383	
-0.00183105	9.42444	
-0.00213623	9.42474	
-0.00183105	9.42444	
-0.00152588	9.42474	
-0.00244141	9.4223	
-0.00213623	9.42444	
-0.00244141	9.42261	
-0.00213623	9.42444	
-0.00183105	9.42596	
-0.00183105	9.42413	
-0.00213623	9.42413	
-0.00213623	9.42413	
-0.00213623	9.42505	
-0.00213623	9.42383	
-0.00152588	9.42474	
-0.00213623	9.42413	
-0.00213623	9.42535	
-0.00274658	9.42474	
-0.00244141	9.42322	
-0.00244141	9.42474	
-0.00244141	9.42474	
-0.0012207	9.42383	
-0.00152588	9.42291	
-0.00152588	9.42474	
-0.00152588	9.42444	
-0.00183105	9.42413	
-0.00244141	9.42261	
-0.00213623	9.42444	
-0.00213623	9.42444	
-0.00244141	9.42474	
-0.00183105	9.42474	
-0.00274658	9.42474	
-0.00183105	9.42474	
-0.00152588	9.42352	
-0.00183105	9.42444	
-0.00152588	9.42474	
-0.00183105	9.42322	
-0.00152588	9.42444	
-0.0012207	9.42505	
-0.00183105	9.42291	
-0.00244141	9.42413	
-0.00183105	9.42474	
-0.00183105	9.42444	
-0.00183105	9.42413	
-0.00183105	9.42505	
-0.00213623	9.42413	
-0.0012207	9.42444	
-0.00213623	9.42535	
-0.00274658	9.42413	
-0.00152588	9.42474	
-0.00183105	9.42383	
-0.00183105	9.42627	
-0.00152588	9.42383	
-0.00244141	9.42474	
-0.00152588	9.42383	
-0.00244141	9.42413	
-0.00213623	9.42596	
-0.00213623	9.42444	
-0.00152588	9.42444	
-0.00183105	9.42474	
-0.00274658	9.42444	
-0.00183105	9.42383	
-0.00183105	9.42474	
-0.00213623	9.42291	
-0.00244141	9.42413	
-0.00183105	9.42444	
-0.00213623	9.42474	
-0.00183105	9.42413	
-0.00183105	9.42444	
-0.00213623	9.42566	
-0.00183105	9.42505	
-0.00213623	9.42596	
-0.00213623	9.42474	
-0.00213623	9.42505	
-0.00183105	9.42261	
-0.00213623	9.42505	
-0.00213623	9.42474	
-0.00213623	9.42383	
-0.00152588	9.42535	
-0.00213623	9.42383	
-0.00213623	9.42505	
-0.00183105	9.42444	
-0.00213623	9.42627	
-0.00183105	9.42444	
-0.00183105	9.42474	
-0.00183105	9.42474	
-0.00213623	9.42474	
-0.00213623	9.42566	
-0.00213623	9.42474	
-0.00183105	9.42505	
-0.00213623	9.42505	
-0.00213623	9.42596	
-0.00244141	9.42505	
-0.00152588	9.42352	
-0.0012207	9.42413	
-0.00152588	9.42322	
-0.00213623	9.422	
-0.00183105	9.42413	
-0.00183105	9.42291	
-0.00183105	9.42444	
-0.00213623	9.42566	
-0.00244141	9.42505	
-0.00152588	9.42505	
-0.00152588	9.42413	
-0.00213623	9.42474	
-0.00213623	9.42413	
-0.00213623	9.42474	
-0.00244141	9.42444	
-0.00183105	9.42322	
-0.00183105	9.42291	
-0.00152588	9.42322	
-0.00183105	9.42444	
-0.00152588	9.42352	
-0.00152588	9.42291	
-0.00183105	9.42322	
-0.00244141	9.42261	
-0.00183105	9.42383	
-0.00183105	9.42383	
-0.00244141	9.42444	
-0.00213623	9.42383	
-0.00213623	9.42444	
-0.00213623	9.42383	
-0.00213623	9.42505	
-0.00244141	9.42474	
-0.00213623	9.42413	
-0.00183105	9.42535	
-0.00213623	9.42474	
-0.00274658	9.42474	
-0.00213623	9.42535	
-0.00213623	9.42535	
-0.00183105	9.42322	
-0.00213623	9.42383	
-0.000915527	9.42413	
-0.00183105	9.42291	
-0.00152588	9.42322	
-0.00213623	9.42474	
-0.00213623	9.42322	
-0.00213623	9.42383	
-0.00183105	9.42566	
-0.00213623	9.42474	
-0.00244141	9.42566	
-0.00213623	9.42505	
-0.00274658	9.42474	
-0.00183105	9.42383	
-0.00213623	9.42444	
-0.00213623	9.42383	
-0.00183105	9.42444	
-0.00213623	9.42413	
-0.00183105	9.42505	
-0.00213623	9.42566	
-0.00244141	9.42505	
-0.00152588	9.42596	
-0.00152588	9.42444	
-0.00213623	9.42413	
-0.00183105	9.42474	
-0.00183105	9.42474	
-0.000610352	9.42413	
-0.00183105	9.42322	
-0.00183105	9.42413	
-0.00183105	9.42383	
-0.00152588	9.42474	
-0.00213623	9.42169	
-0.000610352	9.42291	
-0.0012207	9.42352	
-0.00152588	9.42322	
-0.00152588	9.42322	
-0.0012207	9.42322	
-0.00213623	9.42322	
-0.00183105	9.42413	
-0.000915527	9.42505	
-0.00152588	9.42474	
-0.00183105	9.42444	
-0.00213623	9.42413	
-0.00213623	9.42596	
-0.00244141	9.42291	
-0.00213623	9.42474	
-0.00213623	9.42444	
-0.00244141	9.42474	
-0.00183105	9.42352	
-0.00183105	9.42444	
-0.00183105	9.42474	
-0.00152588	9.42444	
-0.00213623	9.42505	
-0.00213623	9.42474	
-0.00152588	9.42474	
-0.00244141	9.42444	
-0.00244141	9.42444	
-0.00213623	9.42291	
-0.00213623	9.42444	
-0.00244141	9.42383	
-0.00152588	9.42474	
-0.00244141	9.42596	
-0.00183105	9.42505	
-0.00183105	9.42505	
-0.00183105	9.42505	
-0.00183105	9.42535	
-0.00213623	9.42352	
-0.00183105	9.42413	
-0.00183105	9.42505	
-0.00152588	9.42352	
-0.00183105	9.42383	
-0.00152588	9.42413	
-0.00152588	9.4223	
-0.00152588	9.42291	
-0.00152588	9.42474	
-0.00213623	9.42383	
-0.00244141	9.42352	
-0.000610352	9.42383	
-0.00152588	9.42444	
-0.00213623	9.42291	
-0.00213623	9.42474	
-0.00183105	9.42444	
-0.0012207	9.42383	
-0.00183105	9.42291	
-0.00183105	9.42413	
-0.00213623	9.42474	
-0.00152588	9.42413	
-0.00183105	9.42566	
-0.00152588	9.42383	
-0.00152588	9.42291	
-0.00152588	9.42383	
-0.00152588	9.42291	
-0.00183105	9.42474	
-0.00183105	9.42444	
-0.00183105	9.42474	
-0.0012207	9.42383	
-0.0012207	9.42322	
-0.00152588	9.42383	
-0.00183105	9.42322	
-0.00213623	9.42413	
-0.00244141	9.42413	
-0.00244141	9.42505	
-0.00244141	9.42474	
-0.00183105	9.42505	
-0.00213623	9.42444	
-0.00183105	9.42444	
-0.00152588	9.42322	
-0.00213623	9.42413	
-0.00152588	9.42383	
-0.00152588	9.42413	
-0.00152588	9.42413	
-0.00183105	9.42383	
-0.00152588	9.42413	
-0.0012207	9.42383	
-0.00152588	9.42413	
-0.00183105	9.42474	
-0.00152588	9.42413	
-0.00213623	9.42474	
-0.00213623	9.42474	
-0.00183105	9.42413	
-0.00213623	9.42322	
-0.0012207	9.42474	
-0.0012207	9.42383	
-0.00183105	9.42383	
-0.0012207	9.42261	
-0.0012207	9.42413	
-0.00183105	9.42535	
-0.00213623	9.42383	
-0.00213623	9.42505	
-0.00213623	9.42413	
-0.00244141	9.42413	
-0.00213623	9.42505	
-0.00152588	9.42535	
-0.00213623	9.42474	
-0.00183105	9.42474	
-0.00152588	9.42444	
-0.00152588	9.42169	
-0.00183105	9.42383	
-0.00213623	9.42413	
-0.00152588	9.42322	
-0.00213623	9.42505	
-0.00213623	9.42474	
-0.0012207	9.42444	
-0.00152588	9.42383	
-0.00213623	9.42352	
-0.00183105	9.42169	
-0.0012207	9.42383	
-0.00183105	9.42352	
-0.00152588	9.42413	
-0.000915527	9.42596	
-0.00183105	9.42322	
-0.00213623	9.42413	
-0.00183105	9.42383	
-0.00183105	9.42322	
-0.00152588	9.42139	
-0.00213623	9.42352	
-0.00152588	9.4223	
-0.000915527	9.42383	
-0.00152588	9.42474	
-0.00152588	9.42291	
-0.00183105	9.42352	
-0.00152588	9.42322	
-0.0012207	9.42474	
-0.00152588	9.42261	
-0.00213623	9.42474	
-0.0012207	9.42383	
-0.00213623	9.42291	
-0.00152588	9.42474	
-0.00183105	9.42474	
-0.00152588	9.42413	
-0.00183105	9.42444	
-0.0012207	9.42291	
-0.00152588	9.42383	
-0.00183105	9.42444	
-0.00183105	9.42474	
-0.00183105	9.42291	
-0.00213623	9.42474	
-0.00152588	9.42444	
-0.0012207	9.42291	
-0.00213623	9.42261	
-0.00183105	9.42444	
-0.00183105	9.42474	
-0.00213623	9.42383	
-0.00183105	9.42444	
-0.00183105	9.42505	
-0.00183105	9.4223	
-0.00183105	9.42413	
-0.00152588	9.42352	
-0.00183105	9.42322	
-0.00152588	9.42322	
-0.00183105	9.42383	
-0.00152588	9.42444	
-0.000915527	9.42444	
-0.00152588	9.42413	
-0.00152588	9.422	
-0.00213623	9.42413	
-0.00152588	9.42352	
-0.00244141	9.42474	
-0.00152588	9.42505	
-0.00213623	9.42505	
-0.00244141	9.42383	
-0.00213623	9.42383	
-0.0012207	9.42444	
-0.0012207	9.42383	
-0.0012207	9.42413	
-0.000915527	9.42322	
-0.00152588	9.42322	
-0.00213623	9.42261	
-0.00152588	9.42413	
-0.0012207	9.42261	
-0.00213623	9.4223	
-0.000915527	9.42505	
-0.00152588	9.42413	
-0.00213623	9.42383	
-0.00152588	9.42474	
-0.0012207	9.42535	
-0.00183105	9.42444	
-0.00152588	9.42413	
-0.00183105	9.42444	
-0.00183105	9.42413	
-0.00183105	9.42291	
-0.00152588	9.42352	
-0.00152588	9.4223	
-0.00183105	9.42322	
-0.00183105	9.42535	
-0.00152588	9.42352	
-0.00213623	9.42413	
-0.00152588	9.42352	
-0.000915527	9.42535	
-0.00183105	9.42383	
-0.00152588	9.42383	
-0.0012207	9.42413	
-0.00152588	9.42474	
-0.00152588	9.42352	
-0.00152588	9.42383	
-0.00152588	9.42413	
-0.00152588	9.42474	
-0.00152588	9.42322	
-0.00213623	9.42291	
-0.00183105	9.42383	
-0.00152588	9.42474	
-0.00183105	9.42413	
-0.0012207	9.42413	
-0.00183105	9.42322	
-0.00152588	9.42413	
-0.0012207	9.42322	
-0.00152588	9.42444	
-0.00244141	9.42474	
-0.00213623	9.42474	
-0.00244141	9.42596	
-0.00213623	9.42505	
-0.00274658	9.42535	
-0.00183105	9.42474	
-0.00152588	9.42505	
-0.00213623	9.42413	
-0.00183105	9.42291	
-0.0012207	9.42383	
-0.00152588	9.42413	
-0.00183105	9.42352	
-0.00152588	9.42352	
-0.00183105	9.42444	
-0.00213623	9.42413	
-0.00183105	9.42596	
-0.00244141	9.42413	
-0.00152588	9.42505	
-0.00152588	9.42322	
-0.00152588	9.42383	
-0.00152588	9.42169	
-0.00152588	9.42383	
-0.000915527	9.42261	
-0.00152588	9.42322	
-0.00213623	9.42444	
-0.00183105	9.42413	
-0.00152588	9.42413	
-0.00152588	9.42352	
-0.00152588	9.42566	
-0.00183105	9.42322	
-0.00244141	9.42474	
-0.00152588	9.42352	
-0.00183105	9.42505	
-0.00183105	9.42444	
-0.00152588	9.42413	
-0.00213623	9.42444	
-0.00213623	9.42505	
-0.00152588	9.42261	
-0.00183105	9.42383	
-0.00183105	9.42322	
-0.0012207	9.42413	
-0.00183105	9.42505	
-0.00213623	9.42505	
-0.00152588	9.42383	
-0.00183105	9.42383	
-0.00152588	9.42352	
-0.00183105	9.422	
-0.00183105	9.42474	
-0.00213623	9.4223	
-0.00183105	9.42383	
-0.00152588	9.42291	
-0.00213623	9.42413	
-0.00213623	9.42291	
-0.00183105	9.42383	
-0.00213623	9.42383	
-0.00213623	9.42444	
-0.00183105	9.42474	
-0.00244141	9.42383	
-0.00213623	9.42322	
-0.00183105	9.42413	
-0.00152588	9.42169	
-0.00152588	9.42291	
-0.0012207	9.42169	
-0.00213623	9.42474	
-0.00152588	9.422	
-0.00213623	9.42383	
-0.0012207	9.42352	
-0.00152588	9.42322	
-0.00152588	9.42413	
-0.00213623	9.42413	
-0.00213623	9.42627	
-0.00152588	9.42474	
-0.00244141	9.42444	
-0.00244141	9.42444	
-0.00213623	9.42596	
-0.00213623	9.42444	
-0.00152588	9.42444	
-0.00183105	9.42383	
-0.00183105	9.42535	
-0.00213623	9.42505	
-0.00183105	9.42474	
-0.00183105	9.42505	
-0.00183105	9.42657	
-0.00183105	9.42444	
-0.0012207	9.42505	
-0.00244141	9.42535	
-0.00183105	9.42627	
-0.00183105	9.42474	
-0.00213623	9.42444	
-0.00183105	9.42505	
-0.00213623	9.42596	
-0.00213623	9.42535	
-0.00244141	9.42474	
-0.00183105	9.42383	
-0.00213623	9.42444	
-0.00183105	9.42291	
-0.00213623	9.42444	
-0.00213623	9.42413	
-0.00213623	9.42444	
-0.00213623	9.42413	
-0.00183105	9.42474	
-0.00244141	9.42413	
-0.00183105	9.42505	
-0.00152588	9.42566	
-0.00183105	9.42413	
-0.00183105	9.42444	
-0.00213623	9.42505	
-0.00244141	9.42596	
-0.00183105	9.42444	
-0.00213623	9.42383	
-0.00244141	9.42474	
-0.00213623	9.42505	
-0.00152588	9.42444	
-0.00183105	9.42474	
-0.00213623	9.42474	
-0.00213623	9.42474	
-0.00152588	9.42352	
-0.00213623	9.42413	
-0.00244141	9.42413	
-0.00183105	9.42413	
-0.00274658	9.42413	
-0.00183105	9.42383	
-0.00213623	9.42352	
-0.00183105	9.42383	
-0.00213623	9.42505	
-0.00183105	9.42383	
-0.00183105	9.42383	
-0.0012207	9.42413	
-0.0012207	9.42474	
-0.00213623	9.42383	
-0.00183105	9.42383	
-0.00213623	9.42322	
-0.00183105	9.42566	
-0.00152588	9.42474	
-0.00213623	9.42444	
-0.00213623	9.42383	
-0.00213623	9.42596	
-0.00244141	9.42505	
-0.00183105	9.42474	
-0.00183105	9.42505	
-0.00183105	9.42566	
-0.00183105	9.42566	
-0.00152588	9.42413	
-0.00213623	9.42474	
-0.00213623	9.42535	
-0.00213623	9.42383	
-0.00183105	9.42352	
-0.00152588	9.42261	
-0.00213623	9.42291	
-0.00152588	9.42444	
-0.00152588	9.42322	
-0.00183105	9.42413	
-0.00274658	9.42474	
-0.00152588	9.42596	
-0.00183105	9.42474	
-0.0012207	9.42505	
-0.00213623	9.42413	
-0.00152588	9.42596	
-0.00183105	9.42413	
-0.00152588	9.42566	
-0.00213623	9.42383	
-0.00213623	9.42596	
-0.00213623	9.42505	
-0.000915527	9.42444	
-0.00244141	9.42352	
-0.00152588	9.42535	
-0.0012207	9.42413	
-0.00152588	9.42444	
-0.0012207	9.42322	
-0.00152588	9.42505	
-0.00213623	9.42169	
-0.00183105	9.42413	
-0.00183105	9.4223	
-0.00152588	9.42291	
-0.00152588	9.42413	
-0.00213623	9.42444	
-0.00183105	9.42261	
-0.00183105	9.42322	
-0.00152588	9.42505	
-0.00183105	9.42383	
-0.00152588	9.42383	
-0.000610352	9.42383	
-0.00244141	9.42505	
-0.00244141	9.42413	
-0.00183105	9.42413	
-0.00183105	9.42383	
-0.00183105	9.42444	
-0.00183105	9.42444	
-0.00183105	9.42413	
-0.00213623	9.42352	
-0.00183105	9.42444	
-0.00183105	9.42261	
-0.00183105	9.42383	
-0.00152588	9.42169	
-0.00213623	9.42413	
-0.00183105	9.42474	
-0.00152588	9.42413	
-0.0012207	9.42261	
-0.00213623	9.42444	
-0.00213623	9.42596	
-0.00213623	9.42505	
-0.00213623	9.42505	
-0.00213623	9.42505	
-0.00152588	9.42474	
-0.0012207	9.42444	
-0.0012207	9.42291	
-0.00152588	9.42413	
-0.00183105	9.42352	
-0.00152588	9.42474	
-0.00244141	9.42352	
-0.0012207	9.42383	
-0.00183105	9.42322	
-0.00183105	9.42413	
-0.00152588	9.42352	
-0.00274658	9.42291	
-0.00213623	9.42383	
-0.0012207	9.42505	
-0.00152588	9.42444	
-0.00152588	9.42444	
-0.00183105	9.42474	
-0.00152588	9.42322	
-0.000915527	9.42261	
-0.0012207	9.42474	
-0.00152588	9.42383	
-0.00183105	9.42383	
-0.00152588	9.42444	
-0.00152588	9.42261	
-0.00213623	9.42383	
-0.00213623	9.42322	
-0.0012207	9.42413	
-0.00152588	9.42535	
-0.00183105	9.42413	
-0.00152588	9.42383	
-0.00213623	9.42291	
-0.0012207	9.42444	
-0.00152588	9.42352	
-0.00183105	9.42322	
-0.00152588	9.42322	
-0.00183105	9.42566	
-0.00152588	9.42474	
-0.00213623	9.42474	
-0.00183105	9.42474	
-0.00183105	9.42505	
-0.00213623	9.42383	
-0.00152588	9.42383	
-0.00152588	9.42322	
-0.00152588	9.42352	
-0.00152588	9.42505	
-0.000915527	9.42383	
-0.00213623	9.42413	
-0.00213623	9.42444	
-0.00183105	9.42535	
-0.00213623	9.42444	
-0.00244141	9.42413	
-0.00244141	9.42474	
-0.00152588	9.42444	
-0.00183105	9.42566	
-0.00244141	9.42322	
-0.0012207	9.42352	
-0.0012207	9.42383	
-0.00213623	9.42505	
-0.00183105	9.42474	
-0.00213623	9.42535	
-0.00183105	9.42352	
-0.00213623	9.42474	
-0.00244141	9.42291	
-0.00213623	9.42505	
-0.00183105	9.42474	
-0.00213623	9.42352	
-0.00152588	9.42474	
-0.00213623	9.42474	
-0.00244141	9.42352	
-0.0012207	9.42322	
-0.00183105	9.42413	
-0.00152588	9.42322	
-0.00183105	9.42383	
-0.000915527	9.42352	
-0.00213623	9.42535	
-0.00213623	9.42322	
-0.00183105	9.42383	
-0.00183105	9.422	
-0.00274658	9.42413	
-0.00213623	9.42627	
-0.00183105	9.42535	
-0.00152588	9.42505	
-0.00183105	9.42444	
-0.00213623	9.42566	
-0.00274658	9.42444	
-0.00213623	9.42474	
-0.00244141	9.42535	
-0.00183105	9.42566	
-0.00183105	9.42291	
-0.00213623	9.42413	
-0.0012207	9.4223	
-0.00213623	9.42383	
-0.00183105	9.42535	
-0.00274658	9.42474	
-0.00213623	9.42474	
-0.00183105	9.42474	
-0.00152588	9.42596	
-0.00152588	9.42535	
-0.00213623	9.42566	
-0.00152588	9.42474	
-0.00213623	9.42566	
-0.00183105	9.42291	
-0.00213623	9.42413	
-0.00213623	9.42352	
-0.00213623	9.42444	
-0.00152588	9.42291	
-0.00213623	9.42474	
-0.00213623	9.42505	
-0.00183105	9.42383	
-0.0012207	9.42261	
-0.0012207	9.42352	
-0.00152588	9.42291	
-0.0012207	9.42261	
-0.0012207	9.42474	
-0.00213623	9.42474	
-0.00183105	9.42474	
-0.00183105	9.42413	
-0.00183105	9.42413	
-0.00213623	9.42444	
-0.000915527	9.42383	
-0.00183105	9.42413	
-0.00152588	9.42383	
-0.00213623	9.42505	
-0.00213623	9.42535	
-0.00183105	9.42413	
-0.00183105	9.42413	
-0.00213623	9.42444	
-0.00274658	9.42291	
-0.00183105	9.42413	
-0.00183105	9.42261	
-0.00213623	9.42383	
-0.00213623	9.42444	
-0.00213623	9.42413	
-0.00213623	9.42383	
-0.00213623	9.42413	
-0.00183105	9.42505	
-0.00244141	9.42291	
-0.00213623	9.42413	
-0.00244141	9.42444	
-0.00152588	9.42505	
-0.00213623	9.42505	
-0.00213623	9.42413	
-0.00213623	9.42383	
-0.00183105	9.42566	
-0.00213623	9.42444	
-0.00213623	9.42413	
-0.00183105	9.42413	
-0.00244141	9.42474	
-0.00213623	9.42322	
-0.00183105	9.42505	
-0.00213623	9.42413	
-0.00213623	9.42474	
-0.00213623	9.42139	
-0.00152588	9.42352	
-0.00152588	9.42413	
-0.00152588	9.42413	
-0.00244141	9.42535	
-0.00213623	9.42474	
-0.00274658	9.42474	
-0.00183105	9.42413	
-0.00213623	9.42413	
-0.00213623	9.42535	
-0.00213623	9.42505	
-0.00183105	9.42535	
-0.00213623	9.42322	
-0.00213623	9.42474	
-0.00213623	9.42413	
-0.00183105	9.42352	
-0.00244141	9.42322	
-0.0012207	9.42413	
-0.00152588	9.42352	
-0.00152588	9.42383	
-0.00183105	9.42596	
-0.00213623	9.42444	
-0.00152588	9.42505	
-0.00213623	9.42444	
-0.00213623	9.42535	
-0.00244141	9.42505	
-0.00213623	9.42505	
-0.00152588	9.42444	
-0.00213623	9.42535	
-0.00274658	9.42383	
-0.00213623	9.42566	
-0.00183105	9.42535	
-0.00213623	9.42505	
-0.00183105	9.42535	
-0.00183105	9.42474	
-0.00152588	9.42535	
-0.00213623	9.42444	
-0.00244141	9.42627	
-0.00213623	9.42505	
-0.00183105	9.42505	
-0.00183105	9.42383	
-0.0012207	9.42566	
-0.00152588	9.42291	
-0.00213623	9.42444	
-0.00183105	9.42383	
-0.00244141	9.42444	
-0.00213623	9.42474	
-0.00152588	9.42566	
-0.00213623	9.42383	
-0.00213623	9.42413	
-0.00213623	9.42566	
-0.00213623	9.42352	
-0.00244141	9.42505	
-0.00213623	9.42474	
-0.00183105	9.42566	
-0.00244141	9.42291	
-0.00213623	9.42444	
-0.00152588	9.42474	
-0.00244141	9.42505	
-0.00305176	9.42291	
-0.00213623	9.42505	
-0.00213623	9.42535	
-0.00244141	9.42444	
-0.00183105	9.42505	
-0.00213623	9.42444	
-0.00213623	9.42505	
-0.00183105	9.42474	
-0.00213623	9.42505	
-0.00213623	9.42322	
-0.00183105	9.42383	
-0.00183105	9.42261	
-0.0012207	9.42474	
-0.00152588	9.42535	
-0.00244141	9.42444	
-0.00183105	9.42505	
-0.00244141	9.42444	
-0.00213623	9.42596	
-0.00244141	9.42535	
-0.00183105	9.42474	
-0.00213623	9.42413	
-0.00244141	9.42566	
-0.00213623	9.42291	
-0.00213623	9.42474	
-0.00244141	9.42474	
-0.00213623	9.42566	
-0.00244141	9.42291	
-0.00244141	9.42474	
-0.00183105	9.42535	
-0.00213623	9.42383	
-0.00213623	9.42291	
-0.00213623	9.42474	
-0.00213623	9.42474	
-0.00244141	9.42444	
-0.00213623	9.42383	
-0.00213623	9.42505	
-0.00213623	9.42383	
-0.00183105	9.42322	
-0.00152588	9.42352	
-0.00274658	9.42505	
-0.00152588	9.42535	
-0.00213623	9.42444	
-0.00183105	9.42627	
-0.00183105	9.42474	
-0.00213623	9.42505	
-0.00183105	9.42413	
-0.00183105	9.42535	
-0.00152588	9.42474	
-0.00213623	9.42474	
-0.00244141	9.42505	
-0.00183105	9.42474	
-0.00244141	9.42383	
-0.00244141	9.42413	
-0.00213623	9.42352	
-0.00183105	9.42322	
-0.00213623	9.42352	
-0.00152588	9.42505	
-0.00244141	9.42444	
-0.00183105	9.42474	
-0.00213623	9.42474	
-0.00213623	9.42474	
-0.00183105	9.42383	
-0.00213623	9.42474	
-0.00213623	9.42535	
-0.00183105	9.42566	
-0.00183105	9.42505	
-0.00152588	9.42444	
-0.00183105	9.42566	
-0.00213623	9.42444	
-0.00244141	9.42505	
-0.00183105	9.42444	
-0.00274658	9.42474	
-0.00183105	9.42444	
-0.00213623	9.42291	
-0.00183105	9.42383	
-0.00213623	9.42535	
-0.00183105	9.42474	
-0.00183105	9.42383	
-0.00183105	9.42505	
-0.0012207	9.42627	
-0.00213623	9.42474	
-0.00213623	9.42505	
-0.00244141	9.42383	
-0.00183105	9.42566	
-0.00244141	9.42505	
-0.00213623	9.42444	
-0.00213623	9.42505	
-0.00183105	9.42444	
-0.00213623	9.4223	
-0.00213623	9.42505	
-0.00152588	9.42474	
-0.00213623	9.42474	
-0.00244141	9.42444	
-0.00213623	9.42444	
-0.00213623	9.4223	
-0.00213623	9.42322	
-0.00183105	9.42566	
-0.00274658	9.42474	
-0.00213623	9.42535	
-0.00213623	9.42413	
-0.00244141	9.42566	
-0.00183105	9.42505	
-0.00152588	9.42474	
-0.00305176	9.42383	
-0.00213623	9.42505	
-0.00183105	9.42383	
-0.00183105	9.42535	
-0.00183105	9.42474	
-0.00183105	9.42413	
-0.00213623	9.42444	
-0.00213623	9.42413	
-0.00152588	9.42322	
-0.00152588	9.42383	
-0.00183105	9.42596	
-0.00213623	9.42505	
-0.00244141	9.42322	
-0.00244141	9.42444	
-0.00213623	9.42566	
-0.00152588	9.42383	
-0.00244141	9.42535	
-0.00183105	9.42383	
-0.00213623	9.42535	
-0.00183105	9.42413	
-0.00244141	9.42383	
-0.00274658	9.42413	
-0.00183105	9.42505	
-0.00213623	9.42566	
-0.00213623	9.42383	
-0.00213623	9.42474	
-0.00213623	9.42505	
-0.00213623	9.42444	
-0.00244141	9.42505	
-0.00213623	9.42444	
-0.00152588	9.42505	
-0.00183105	9.42352	
-0.00183105	9.42383	
-0.00183105	9.42352	
-0.00152588	9.42535	
-0.00213623	9.42444	
-0.00152588	9.42383	
-0.0012207	9.42383	
-0.0012207	9.42474	
-0.0012207	9.42352	
-0.00183105	9.42383	
-0.0012207	9.42413	
-0.00213623	9.42383	
-0.00152588	9.42261	
-0.00183105	9.42444	
-0.00183105	9.42474	
-0.00244141	9.42474	
-0.00213623	9.42413	
-0.00183105	9.42505	
-0.00213623	9.42444	
-0.00213623	9.42474	
-0.00152588	9.42566	
-0.00183105	9.42596	
-0.00183105	9.42505	
-0.00183105	9.42383	
-0.00213623	9.42474	
-0.00152588	9.42352	
-0.0012207	9.42474	
-0.00213623	9.42322	
-0.00183105	9.42413	
-0.00183105	9.42505	
-0.00244141	9.42444	
-0.00183105	9.42322	
-0.00183105	9.42413	
-0.00183105	9.42566	
-0.00183105	9.42505	
-0.00183105	9.42596	
-0.00183105	9.42474	
-0.00213623	9.42535	
-0.00244141	9.42474	
-0.00183105	9.42474	
-0.00213623	9.42535	
-0.00183105	9.42444	
-0.00213623	9.4223	
-0.00183105	9.42352	
-0.00213623	9.42322	
-0.00213623	9.42413	
-0.00152588	9.42444	
-0.00213623	9.42383	
-0.00183105	9.42322	
-0.000915527	9.42505	
-0.00152588	9.42413	
-0.00183105	9.42444	
-0.00152588	9.42383	
-0.0012207	9.42413	
-0.00152588	9.4223	
-0.00183105	9.42383	
-0.0012207	9.42291	
-0.00183105	9.42444	
-0.00183105	9.42322	
-0.00213623	9.42444	
-0.00152588	9.4223	
-0.00152588	9.42505	
-0.00152588	9.42444	
-0.00152588	9.42383	
-0.00213623	9.42474	
-0.00152588	9.42413	
-0.00183105	9.4223	
-0.00152588	9.42352	
-0.00152588	9.42261	
-0.00213623	9.42413	
-0.00183105	9.42505	
-0.00183105	9.42474	
-0.00183105	9.42413	
-0.00183105	9.42444	
-0.00183105	9.42474	
-0.00152588	9.4223	
-0.00152588	9.42413	
-0.00183105	9.42291	
-0.00213623	9.42322	
-0.0012207	9.42474	
-0.0012207	9.42383	
-0.00152588	9.42383	
-0.00213623	9.42444	
-0.00152588	9.42535	
-0.000915527	9.42383	
-0.00213623	9.42322	
-0.00152588	9.42383	
-0.00213623	9.42474	
-0.0012207	9.42383	
-0.00152588	9.42352	
-0.00213623	9.42413	
-0.000915527	9.42535	
-0.00183105	9.42261	
-0.00152588	9.42383	
-0.00213623	9.42291	
-0.0012207	9.42383	
-0.000915527	9.42261	
-0.00183105	9.42413	
-0.00244141	9.42322	
-0.00152588	9.42322	
-0.00152588	9.42322	
-0.00152588	9.42383	
-0.000610352	9.42322	
-0.00152588	9.42444	
-0.00213623	9.42291	
-0.00183105	9.42413	
-0.00183105	9.42322	
-0.00183105	9.42322	
-0.00244141	9.4223	
-0.00152588	9.42413	
-0.0012207	9.42413	
-0.00152588	9.42413	
-0.00152588	9.42261	
-0.00183105	9.42413	
-0.00152588	9.42322	
-0.00183105	9.42444	
-0.00152588	9.42413	
-0.00183105	9.42383	
-0.00152588	9.42322	
-0.00213623	9.42413	
-0.000915527	9.42261	
-0.00152588	9.42444	
-0.00183105	9.42383	
-0.00152588	9.42322	
-0.00152588	9.42505	
-0.00152588	9.42444	
-0.00152588	9.42474	
-0.000915527	9.42444	
-0.000915527	9.42474	
-0.00213623	9.42383	
-0.00183105	9.42352	
-0.00152588	9.42352	
-0.0012207	9.42535	
-0.00183105	9.42383	
-0.00244141	9.42383	
-0.00152588	9.42261	
-0.0012207	9.42505	
-0.00213623	9.42291	
-0.0012207	9.42474	
-0.00152588	9.42322	
-0.00152588	9.42505	
-0.000915527	9.42444	
-0.00213623	9.42352	
-0.00152588	9.42352	
-0.00152588	9.42474	
-0.00152588	9.42261	
-0.00183105	9.42383	
-0.0012207	9.4223	
-0.0012207	9.42322	
-0.00152588	9.42413	
-0.00183105	9.42352	
-0.00213623	9.42291	
-0.00213623	9.42261	
-0.00152588	9.42444	
-0.00152588	9.42444	
-0.00244141	9.42383	
-0.00213623	9.42413	
-0.00183105	9.42444	
-0.00213623	9.4223	
-0.00183105	9.42444	
-0.0012207	9.42413	
-0.00183105	9.42322	
-0.0012207	9.42322	
-0.00152588	9.42383	
-0.00183105	9.42413	
-0.00183105	9.42261	
-0.00183105	9.42505	
-0.00183105	9.42383	
-0.00152588	9.42383	
-0.00213623	9.42474	
-0.00274658	9.42596	
-0.00244141	9.42474	
-0.00213623	9.42474	
-0.0012207	9.42383	
-0.00183105	9.42505	
-0.00152588	9.42535	
-0.00183105	9.42322	
-0.00152588	9.42322	
-0.0012207	9.42413	
-0.00183105	9.422	
-0.000915527	9.42322	
-0.00213623	9.422	
-0.00152588	9.42322	
-0.0012207	9.42444	
-0.00183105	9.42413	
-0.00183105	9.42322	
-0.00152588	9.42413	
-0.00152588	9.42291	
-0.00213623	9.42322	
-0.000915527	9.42322	
-0.00152588	9.42169	
-0.00152588	9.42291	
-0.00183105	9.42383	
-0.0012207	9.42322	
-0.0012207	9.42291	
-0.00183105	9.42322	
-0.00152588	9.42291	
-0.00183105	9.42505	
-0.00152588	9.42291	
-0.00183105	9.42261	
-0.00183105	9.42444	
-0.00183105	9.42322	
-0.00152588	9.42383	
-0.00152588	9.42383	
-0.00152588	9.42505	
-0.00152588	9.42383	
-0.000915527	9.4223	
-0.00152588	9.42322	
-0.00183105	9.4223	
-0.00183105	9.42322	
-0.00152588	9.42383	
-0.00152588	9.42413	
-0.0012207	9.42413	
-0.00152588	9.42444	
-0.00183105	9.42352	
-0.00152588	9.42474	
-0.00213623	9.422	
-0.0012207	9.42413	
-0.00183105	9.42383	
-0.00152588	9.42291	
-0.00213623	9.42139	
-0.0012207	9.42413	
-0.00152588	9.42383	
-0.00183105	9.42383	
-0.00183105	9.42261	
-0.00183105	9.42413	
-0.00152588	9.42413	
-0.00183105	9.42535	
-0.00183105	9.42291	
-0.00183105	9.42474	
-0.00152588	9.42444	
-0.00183105	9.42474	
-0.00152588	9.42352	
-0.000915527	9.42383	
-0.00213623	9.42352	
-0.00183105	9.42444	
-0.00183105	9.42322	
-0.0012207	9.42413	
-0.00183105	9.42383	
-0.00183105	9.42291	
-0.00213623	9.42474	
-0.00183105	9.42383	
-0.00152588	9.42322	
-0.00152588	9.42383	
-0.00213623	9.42474	
-0.000915527	9.42291	
-0.00152588	9.42383	
-0.00183105	9.42291	
-0.00152588	9.42505	
-0.00183105	9.42413	
-0.00152588	9.42383	
-0.00183105	9.42322	
-0.00244141	9.42657	
-0.00152588	9.42413	
-0.00213623	9.42505	
-0.00183105	9.42444	
-0.00183105	9.42596	
-0.00183105	9.42444	
-0.00244141	9.42444	
-0.00152588	9.42322	
-0.00213623	9.42413	
-0.0012207	9.42291	
-0.00152588	9.42474	
-0.000610352	9.42352	
-0.0012207	9.42444	
-0.000915527	9.42383	
-0.00183105	9.42383	
-0.00152588	9.42383	
-0.00183105	9.42291	
-0.00152588	9.42352	
-0.00183105	9.42413	
-0.00183105	9.42535	
-0.00244141	9.42383	
-0.00213623	9.42474	
-0.00244141	9.42413	
-0.00183105	9.42444	
-0.00213623	9.42383	
-0.00183105	9.42413	
-0.00244141	9.42413	
-0.00213623	9.42413	
-0.00274658	9.42291	
-0.00244141	9.42413	
-0.00152588	9.42444	
-0.00244141	9.42413	
-0.00213623	9.42169	
-0.00213623	9.42444	
-0.00183105	9.42444	
-0.00152588	9.42352	
-0.00213623	9.42261	
-0.00183105	9.42383	
-0.00213623	9.42444	
-0.00183105	9.42505	
-0.00213623	9.42474	
-0.00152588	9.42505	
-0.00244141	9.42444	
-0.00213623	9.42535	
-0.00244141	9.42474	
-0.00244141	9.42383	
-0.00244141	9.42413	
-0.00213623	9.42566	
-0.00152588	9.42566	
-0.00213623	9.42535	
-0.00213623	9.42444	
-0.00213623	9.42505	
-0.00183105	9.42413	
-0.00152588	9.42352	
-0.00152588	9.42352	
-0.00183105	9.42535	
-0.00152588	9.42474	
-0.00183105	9.42474	
-0.00213623	9.42383	
-0.00152588	9.42566	
-0.00213623	9.42413	
-0.00183105	9.42413	
-0.00244141	9.42352	
-0.00152588	9.42505	
-0.00213623	9.42413	
-0.00183105	9.42261	
-0.00244141	9.42383	
-0.00183105	9.42444	
-0.00183105	9.42413	
-0.00183105	9.42322	
-0.00183105	9.42413	
-0.00213623	9.42505	
-0.00244141	9.42352	
-0.00213623	9.42474	
-0.00183105	9.42383	
-0.00183105	9.42505	
-0.00152588	9.42444	
-0.00213623	9.42352	
-0.00183105	9.42444	
-0.00183105	9.42444	
-0.00183105	9.42383	
-0.00183105	9.42474	
-0.00183105	9.42383	
-0.00244141	9.42444	
-0.00183105	9.42444	
-0.00183105	9.42444	
-0.00244141	9.42383	
-0.00213623	9.42444	
-0.00183105	9.42474	
-0.00183105	9.42352	
-0.00213623	9.42444	
-0.00183105	9.42413	
-0.00213623	9.42444	
-0.00183105	9.42291	
-0.00183105	9.42322	
-0.00183105	9.42291	
-0.00183105	9.42505	
-0.00244141	9.42413	
-0.00213623	9.42474	
-0.00244141	9.42291	
-0.00213623	9.42444	
-0.00274658	9.42413	
-0.00213623	9.42535	
-0.00183105	9.42505	
-0.00183105	9.42474	
-0.00183105	9.42413	
-0.00152588	9.42474	
-0.00183105	9.42413	
-0.00213623	9.42474	
-0.00244141	9.42474	
-0.00183105	9.42505	
-0.00213623	9.42413	
-0.00183105	9.42505	
-0.00213623	9.42444	
-0.00274658	9.42474	
-0.00213623	9.42474	
-0.00213623	9.42413	
-0.00183105	9.42505	
-0.00213623	9.42627	
-0.00213623	9.42474	
-0.00152588	9.4223	
-0.00213623	9.42383	
-0.00183105	9.42261	
-0.00213623	9.42383	
-0.00183105	9.42383	
-0.00152588	9.42322	
-0.00183105	9.4223	
-0.00244141	9.42474	
-0.00274658	9.42413	
-0.00183105	9.42474	
-0.00213623	9.42383	
-0.00213623	9.42444	
-0.00244141	9.42352	
-0.00213623	9.42383	
-0.00274658	9.4223	
-0.00183105	9.42383	
-0.00213623	9.42444	
-0.00183105	9.42413	
-0.00244141	9.42383	
-0.00183105	9.42413	
-0.00244141	9.42444	
-0.00213623	9.42474	
-0.00183105	9.42413	
-0.00213623	9.42474	
-0.00152588	9.42413	
-0.00244141	9.42474	
-0.00213623	9.42383	
-0.00183105	9.42444	
-0.00213623	9.42383	
-0.00213623	9.42505	
-0.00183105	9.42444	
-0.00244141	9.42444	
-0.00183105	9.42413	
-0.00183105	9.42505	
-0.00244141	9.42474	
-0.00244141	9.42413	
-0.00152588	9.42383	
-0.00213623	9.42444	
-0.00213623	9.4223	
-0.00213623	9.42474	
-0.00244141	9.42383	
-0.00183105	9.42566	
-0.00213623	9.42291	
-0.00152588	9.42413	
-0.00152588	9.42352	
-0.00152588	9.42413	
-0.0012207	9.42261	
-0.00183105	9.42383	
-0.00213623	9.42474	
-0.00213623	9.42474	
-0.00244141	9.42291	
-0.0012207	9.42535	
-0.00183105	9.42413	
-0.00244141	9.42535	
-0.00244141	9.42291	
-0.00213623	9.42505	
-0.00152588	9.42444	
-0.00183105	9.42566	
-0.00213623	9.42322	
-0.00152588	9.42474	
-0.00244141	9.42322	
-0.00213623	9.42505	
-0.00183105	9.42413	
-0.00152588	9.42474	
-0.00244141	9.42322	
-0.00183105	9.42566	
-0.00183105	9.42413	
-0.00213623	9.42383	
-0.00183105	9.42413	
-0.00152588	9.42505	
-0.00213623	9.42444	
-0.00213623	9.42444	
-0.00213623	9.42444	
-0.00213623	9.42169	
-0.00183105	9.42322	
-0.00183105	9.42413	
-0.00183105	9.42535	
-0.00152588	9.4223	
-0.00244141	9.42413	
-0.00152588	9.42474	
-0.00244141	9.42474	
-0.00152588	9.42444	
-0.00183105	9.42444	
-0.00152588	9.42413	
-0.00152588	9.42474	
-0.00213623	9.42322	
-0.00183105	9.42383	
-0.00213623	9.42413	
-0.00213623	9.42535	
-0.00183105	9.42505	
-0.00213623	9.42383	
-0.00183105	9.42444	
-0.00213623	9.42505	
-0.00213623	9.42474	
-0.00274658	9.4223	
-0.00274658	9.42413	
-0.00244141	9.42444	
-0.00244141	9.42444	
-0.00213623	9.42444	
-0.00213623	9.42383	
-0.00183105	9.42413	
-0.00244141	9.42413	
-0.00213623	9.42383	
-0.00152588	9.42474	
-0.00213623	9.42474	
-0.00183105	9.42413	
-0.00152588	9.42413	
-0.00213623	9.42596	
-0.00183105	9.42322	
-0.00152588	9.42505	
-0.00213623	9.42444	
-0.00213623	9.42474	
-0.00183105	9.42383	
-0.00183105	9.42444	
-0.00183105	9.42413	
-0.00183105	9.42627	
-0.00213623	9.42474	
-0.00213623	9.42444	
-0.00244141	9.42352	
-0.00213623	9.42413	
-0.00213623	9.42413	
-0.00213623	9.42413	
-0.00152588	9.42352	
-0.00244141	9.42261	
-0.00152588	9.42383	
-0.00152588	9.42444	
-0.00183105	9.42444	
-0.00244141	9.4223	
-0.00244141	9.42444	
-0.00183105	9.42383	
-0.00152588	9.42322	
-0.00213623	9.42322	
-0.00213623	9.42444	
-0.00152588	9.42383	
-0.00183105	9.42566	
-0.00183105	9.42413	
-0.00213623	9.42444	
-0.00213623	9.42413	
-0.00213623	9.42535	
-0.00183105	9.42505	
-0.00213623	9.42322	
-0.00183105	9.42535	
-0.00244141	9.42566	
-0.00274658	9.42444	
-0.00183105	9.42413	
-0.00213623	9.42413	
-0.00213623	9.42535	
-0.0012207	9.42413	
-0.00183105	9.42474	
-0.00213623	9.42413	
-0.0012207	9.42413	
-0.00183105	9.42474	
-0.00213623	9.42383	
-0.00213623	9.42413	
-0.00152588	9.42261	
-0.00183105	9.42383	
-0.00274658	9.42383	
-0.00183105	9.42505	
-0.00274658	9.42261	
-0.00213623	9.42413	
-0.00183105	9.42413	
-0.00152588	9.42535	
-0.00152588	9.42444	
-0.00213623	9.42413	
-0.00183105	9.42383	
-0.00183105	9.42261	
-0.00213623	9.42505	
-0.00183105	9.42383	
-0.00183105	9.42383	
-0.00244141	9.42444	
-0.00244141	9.42444	
-0.00152588	9.42352	
-0.00183105	9.42413	
-0.00274658	9.42261	
-0.00183105	9.42352	
-0.00183105	9.42383	
-0.00183105	9.42383	
-0.00152588	9.42413	
-0.00183105	9.42474	
-0.0012207	9.42474	
-0.00152588	9.42627	
-0.00152588	9.42322	
-0.00213623	9.42352	
-0.00305176	9.42474	
-0.00244141	9.42383	
-0.00213623	9.42413	
-0.00152588	9.4223	
-0.00213623	9.42413	
-0.00244141	9.42291	
-0.00244141	9.42383	
-0.00183105	9.42352	
-0.00274658	9.42596	
-0.00152588	9.42383	
-0.00213623	9.42322	
-0.00213623	9.42383	
-0.00274658	9.42383	
-0.00213623	9.42444	
-0.00183105	9.42322	
-0.00183105	9.42383	
-0.00213623	9.42444	
-0.00183105	9.42474	
-0.00244141	9.42383	
-0.00152588	9.42444	
-0.00213623	9.42261	
-0.00244141	9.42444	
-0.00183105	9.42413	
-0.00183105	9.42505	
-0.00183105	9.42383	
-0.00183105	9.42474	
-0.00213623	9.42383	
-0.00244141	9.42566	
-0.00152588	9.42383	
-0.00152588	9.42383	
-0.00244141	9.42383	
-0.00213623	9.42383	
-0.00213623	9.42322	
-0.00213623	9.42413	
-0.00213623	9.42444	
-0.00213623	9.42505	
-0.00274658	9.42383	
-0.00152588	9.42444	
-0.00183105	9.42596	
-0.00213623	9.42322	
-0.00213623	9.42474	
-0.00213623	9.42383	
-0.00213623	9.42413	
-0.00213623	9.42505	
-0.00183105	9.42291	
-0.00244141	9.42444	
-0.00213623	9.42413	
-0.00244141	9.42413	
-0.00183105	9.42444	
-0.00183105	9.42566	
-0.00213623	9.42444	
-0.00152588	9.42413	
-0.00152588	9.42383	
-0.00244141	9.42444	
-0.00152588	9.42474	
-0.00244141	9.42413	
-0.00244141	9.42444	
-0.00244141	9.42383	
-0.00244141	9.42474	
-0.00213623	9.42413	
-0.00244141	9.42474	
-0.00244141	9.42474	
-0.00183105	9.42505	
-0.00244141	9.42474	
-0.00213623	9.42596	
-0.00213623	9.42444	
-0.00244141	9.42383	
-0.00213623	9.42352	
-0.00183105	9.4223	
-0.00183105	9.42413	
-0.00244141	9.42322	
-0.0012207	9.42444	
-0.000610352	9.42352	
0.000915527	9.422	
0.00152588	9.42139	
0.00457764	9.42108	
0.00854492	9.41681	
0.0149536	9.41315	
0.0244141	9.40857	
0.0384521	9.39941	
0.0552368	9.39117	
0.0732422	9.38232	
0.0927734	9.37469	
0.115051	9.3634	
0.13855	9.35272	
0.169373	9.3399	
0.209351	9.3219	
0.261841	9.30328	
0.338135	9.27673	
0.452881	9.24438	
0.615845	9.20593	
0.840454	9.16504	
1.12457	9.1275	
1.44348	9.09821	
1.75293	9.07745	
2.0108	9.06219	
2.21222	9.05304	
2.36053	9.04633	
2.46643	9.04297	
2.53937	9.03992	
2.58942	9.03778	
2.62268	9.03564	
2.64557	9.03625	
2.66113	9.03503	
2.6712	9.03503	
2.67792	9.03503	
2.68188	9.03412	
2.68494	9.03381	
2.68616	9.03473	
2.68829	9.03381	
2.68921	9.03473	
2.68921	9.03412	
2.69012	9.03442	
2.68982	9.03351	
2.68951	9.03503	
2.69012	9.03442	
2.69073	9.03503	
2.69073	9.03473	
2.69073	9.03442	
2.69073	9.03412	
2.69104	9.03534	
2.69073	9.03381	
2.69135	9.03381	
2.69073	9.03412	
2.69073	9.03595	
2.69073	9.03381	
2.69104	9.03473	
2.69165	9.03351	
2.69165	9.03442	
2.69073	9.03442	
2.69135	9.03351	
2.69135	9.03381	
2.69135	9.03259	
2.69135	9.03473	
2.69196	9.03412	
2.69196	9.03534	
2.69165	9.03351	
2.69196	9.03351	
2.69196	9.03381	
2.69287	9.03412	
2.69318	9.03351	
2.69257	9.03198	
2.69257	9.03259	
2.69226	9.03229	
2.69287	9.0332	
2.69287	9.03351	
2.69257	9.03351	
2.69196	9.03259	
2.69257	9.03412	
2.69318	9.03412	
2.69287	9.03442	
2.69257	9.03412	
2.69287	9.03381	
2.69318	9.0332	
2.69287	9.03503	
2.69226	9.03351	
2.69318	9.03442	
2.69287	9.0332	
2.69318	9.03412	
2.69318	9.03412	
2.69257	9.03107	
2.69348	9.03198	
2.69379	9.03137	
2.69379	9.03351	
2.69379	9.0332	
2.69379	9.03381	
2.6944	9.03412	
2.69318	9.03351	
2.69409	9.03198	
2.69318	9.03351	
2.69379	9.03381	
2.69409	9.03381	
2.69348	9.03198	
2.69379	9.03412	
2.69379	9.0329	
2.69379	9.03259	
2.6947	9.0332	
2.6944	9.03351	
2.6944	9.03168	
2.69531	9.03076	
2.6947	9.03168	
2.69501	9.03076	
2.6947	9.0329	
2.69531	9.03137	
2.69531	9.03198	
2.69501	9.03107	
2.69531	9.03259	
2.69501	9.03229	
2.69531	9.0332	
2.69592	9.03229	
2.69562	9.03229	
2.69501	9.03137	
2.69501	9.0332	
2.69623	9.03198	
2.69623	9.03198	
2.69592	9.03229	
2.69623	9.03351	
2.6947	9.03259	
2.69684	9.03198	
2.69623	9.03198	
2.69623	9.0329	
2.69653	9.03168	
2.69623	9.03107	
2.69592	9.03107	
2.69623	9.03076	
2.69714	9.03229	
2.69623	9.03198	
2.69684	9.03351	
2.69653	9.03229	
2.69714	9.03168	
2.69714	9.03137	
2.69653	9.03259	
2.69775	9.03137	
2.69684	9.03229	
2.69745	9.03107	
2.69745	9.03107	
2.69714	9.03168	
2.69745	9.03046	
2.69775	9.03137	
2.69714	9.03015	
2.69775	9.03168	
2.69806	9.03107	
2.69806	9.03137	
2.69775	9.03046	
2.69806	9.03198	
2.69745	9.03137	
2.69745	9.03137	
2.69684	9.03168	
2.69775	9.03168	
2.69867	9.03137	
2.69836	9.03168	
2.69867	9.03137	
2.69836	9.03046	
2.69775	9.03046	
2.69836	9.03076	
2.69836	9.03076	
2.69928	9.03015	
2.69867	9.03198	
2.69928	9.02985	
2.69806	9.03107	
2.69897	9.03046	
2.69867	9.03168	
2.69836	9.03076	
2.69897	9.03076	
2.69897	9.03076	
2.7002	9.03107	
2.69897	9.03046	
2.69867	9.03046	
2.69928	9.03107	
2.69989	9.03107	
2.7002	9.03076	
2.69958	9.03198	
2.69989	9.03198	
2.69867	9.03015	
2.69989	9.03076	
2.69897	9.02954	
2.69958	9.03046	
2.69958	9.03076	
2.69958	9.03107	
2.69989	9.03046	
2.69989	9.02985	
2.69928	9.03076	
2.7005	9.02985	
2.70081	9.03137	
2.7002	9.03107	
2.69989	9.02863	
2.70081	9.03076	
2.70081	9.02924	
2.7002	9.03046	
2.70081	9.03015	
2.7005	9.03198	
2.70081	9.03046	
2.70081	9.03076	
2.7005	9.02954	
2.70081	9.02832	
2.70081	9.03076	
2.70081	9.02985	
2.7002	9.03107	
2.70081	9.02985	
2.70081	9.02924	
2.70111	9.02985	
2.70081	9.02924	
2.70111	9.03015	
2.70081	9.02924	
2.70081	9.03107	
2.70111	9.03076	
2.70111	9.03015	
2.70081	9.02954	
2.70111	9.02954	
2.70081	9.02893	
2.70142	9.02954	
2.70142	9.02924	
2.7005	9.02863	
2.70081	9.03046	
2.70142	9.02954	
2.70142	9.03015	
2.70111	9.02924	
2.70081	9.02893	
2.70142	9.02893	
2.70203	9.03107	
2.70111	9.02924	
2.70203	9.02893	
2.70111	9.02863	
2.70203	9.02893	
2.70203	9.02893	
2.70264	9.02893	
2.70172	9.02954	
2.70264	9.02863	
2.70233	9.03076	
2.70264	9.02924	
2.70264	9.03015	
2.70264	9.02863	
2.70264	9.02924	
2.70203	9.02802	
2.70203	9.02832	
2.70233	9.02924	
2.70233	9.02802	
2.70203	9.02893	
2.70264	9.02679	
2.70264	9.02893	
2.70264	9.02863	
2.70294	9.02863	
2.70294	9.02924	
2.70233	9.02863	
2.70325	9.02985	
2.70325	9.02954	
2.70294	9.02924	
2.70294	9.02893	
2.70294	9.03046	
2.70325	9.02893	
2.70294	9.0271	
2.70325	9.02863	
2.70386	9.0271	
2.70294	9.02924	
2.70386	9.02924	
2.70325	9.03015	
2.70386	9.02863	
2.70386	9.0271	
2.70386	9.02771	
2.70355	9.0271	
2.70416	9.02863	
2.70386	9.02893	
2.70386	9.03046	
2.70386	9.02802	
2.70447	9.02863	
2.70386	9.0274	
2.70416	9.02771	
2.70386	9.02832	
2.70416	9.02863	
2.70386	9.02924	
2.70386	9.02924	
2.70386	9.02832	
2.70447	9.02802	
2.70416	9.02802	
2.70447	9.02832	
2.70477	9.02802	
2.70416	9.02954	
2.70447	9.02863	
2.70416	9.02832	
2.70477	9.0274	
2.70477	9.02954	
2.70416	9.02863	
2.70477	9.02771	
2.70477	9.02893	
2.70538	9.02649	
2.70569	9.02802	
2.70477	9.02771	
2.70447	9.02893	
2.70477	9.02802	
2.70447	9.0274	
2.70447	9.02863	
2.70477	9.02863	
2.70477	9.02832	
2.70477	9.0271	
2.70569	9.02802	
2.70569	9.02649	
2.70538	9.02802	
2.70508	9.02802	
2.70569	9.02924	
2.70508	9.0274	
2.70569	9.02863	
2.70477	9.02771	
2.70569	9.02924	
2.70569	9.02771	
2.70599	9.02771	
2.70538	9.0271	
2.70599	9.02618	
2.7063	9.02771	
2.70599	9.0271	
2.7063	9.02802	
2.7066	9.0271	
2.7063	9.02771	
2.7063	9.02771	
2.70599	9.02771	
2.70599	9.0274	
2.7063	9.0274	
2.7063	9.02893	
2.7066	9.02771	
2.70691	9.02802	
2.7066	9.0271	
2.7066	9.02802	
2.70691	9.02802	
2.70721	9.02618	
2.7066	9.0274	
2.7066	9.02618	
2.70691	9.02771	
2.7066	9.0274	
2.7066	9.02771	
2.70691	9.02771	
2.70691	9.02618	
2.70691	9.02679	
2.70721	9.02618	
2.70752	9.0274	
2.70691	9.0271	
2.7066	9.02802	
2.70721	9.02802	
2.70721	9.02679	
2.70752	9.0271	
2.70721	9.02679	
2.70721	9.0271	
2.70721	9.02557	
2.70691	9.02679	
2.70752	9.02557	
2.70721	9.02771	
2.70752	9.0271	
2.70691	9.02863	
2.70782	9.02679	
2.70844	9.02618	
2.70782	9.02649	
2.70813	9.02618	
2.70813	9.02771	
2.70782	9.02588	
2.70813	9.02771	
2.70813	9.02771	
2.70813	9.02496	
2.70782	9.02588	
2.70782	9.02496	
2.70813	9.02618	
2.70813	9.02679	
2.70782	9.02832	
2.70782	9.02679	
2.70782	9.02588	
2.70752	9.02588	
2.70813	9.02588	
2.70782	9.02649	
2.70782	9.02588	
2.70905	9.02557	
2.70844	9.02618	
2.70905	9.02679	
2.70844	9.02679	
2.70905	9.0271	
2.70844	9.02618	
2.70844	9.02557	
2.70782	9.02649	
2.70844	9.02557	
2.70874	9.0271	
2.70905	9.0271	
2.70905	9.0274	
2.70844	9.02557	
2.70935	9.02618	
2.70966	9.02649	
2.70905	9.02527	
2.70935	9.02649	
2.70905	9.0274	
2.70905	9.0274	
2.70874	9.0274	
2.70905	9.02679	
2.70905	9.02618	
2.70966	9.02771	
2.70996	9.02679	
2.70905	9.02557	
2.70966	9.02588	
2.70905	9.02466	
2.71027	9.02557	
2.70966	9.02588	
2.70935	9.0271	
2.70905	9.02618	
2.70935	9.02649	
2.70996	9.02527	
2.70905	9.02435	
2.70905	9.02649	
2.70996	9.02588	
2.70996	9.02618	
2.71027	9.02618	
2.70996	9.02588	
2.71057	9.02527	
2.70935	9.02557	
2.70996	9.02557	
2.70996	9.02557	
2.71118	9.02771	
2.70996	9.02557	
2.71057	9.02649	
2.71057	9.02588	
2.71027	9.02618	
2.71027	9.02588	
2.71027	9.02466	
2.71027	9.02588	
2.71057	9.02283	
2.70966	9.02649	
2.71057	9.02618	
2.71088	9.02679	
2.71088	9.02527	
2.71149	9.02679	
2.71057	9.02435	
2.71088	9.02679	
2.71118	9.02435	
2.71057	9.02588	
2.71057	9.02466	
2.71088	9.02557	
2.71118	9.02496	
2.71118	9.02466	
2.71088	9.02527	
2.71118	9.02588	
2.71149	9.02496	
2.71118	9.02405	
2.71088	9.02435	
2.71149	9.02405	
2.71149	9.02496	
2.71118	9.02496	
2.71149	9.02588	
2.71118	9.02374	
2.71179	9.02557	
2.71118	9.02496	
2.71149	9.02588	
2.71118	9.02496	
2.71118	9.02527	
2.71149	9.02435	
2.71179	9.02466	
2.71149	9.02466	
2.7121	9.02435	
2.7121	9.02527	
2.7121	9.02527	
2.7124	9.02496	
2.71149	9.02435	
2.71179	9.02557	
2.71271	9.02435	
2.71149	9.02527	
2.7121	9.02496	
2.71179	9.02344	
2.71301	9.02496	
2.7124	9.02466	
2.7121	9.02588	
2.71271	9.02588	
2.7121	9.02496	
2.7121	9.02466	
2.7124	9.02374	
2.71271	9.02435	
2.71271	9.02435	
2.71149	9.02466	
2.71179	9.02557	
2.71332	9.02344	
2.71301	9.02496	
2.71301	9.02466	
2.71362	9.02435	
2.71301	9.02435	
2.71332	9.02344	
2.71301	9.02374	
2.71301	9.02374	
2.71301	9.02557	
2.71271	9.02496	
2.71271	9.02405	
2.71362	9.02374	
2.71332	9.02557	
2.7124	9.02405	
2.71332	9.02374	
2.71332	9.02374	
2.71332	9.02222	
2.71332	9.02435	
2.71332	9.02405	
2.71332	9.02527	
2.71332	9.02466	
2.71332	9.02435	
2.71362	9.02344	
2.71393	9.02222	
2.71332	9.02435	
2.71393	9.02435	
2.71423	9.02527	
2.71393	9.02405	
2.71393	9.02374	
2.71332	9.02344	
2.71362	9.02283	
2.71393	9.02374	
2.71393	9.02435	
2.71423	9.02588	
2.71423	9.02313	
2.71393	9.02435	
2.71454	9.02374	
2.71393	9.02374	
2.71393	9.02405	
2.71362	9.02374	
2.71393	9.02313	
2.71393	9.02252	
2.71454	9.02283	
2.71515	9.02374	
2.71515	9.02466	
2.71454	9.02374	
2.71515	9.02161	
2.71454	9.02252	
2.71393	9.02283	
2.71484	9.02405	
2.71484	9.02405	
2.71484	9.02405	
2.71454	9.02344	
2.71545	9.02466	
2.71576	9.02344	
2.71454	9.02435	
2.71545	9.02344	
2.71545	9.02222	
2.71606	9.02283	
2.71576	9.02069	
2.71606	9.02344	
2.71576	9.02344	
2.71515	9.02496	
2.71545	9.02374	
2.71515	9.02344	
2.71515	9.02344	
2.71545	9.02405	
2.71545	9.02313	
2.71545	9.02344	
2.71545	9.02405	
2.71515	9.02374	
2.71576	9.02313	
2.71515	9.02344	
2.71545	9.02252	
2.71545	9.02344	
2.71515	9.02283	
2.71515	9.02283	
2.71515	9.02313	
2.71515	9.02344	
2.71515	9.02283	
2.71454	9.02252	
2.71545	9.02283	
2.71576	9.02435	
2.71606	9.02405	
2.71576	9.02283	
2.71576	9.02374	
2.71606	9.02313	
2.71637	9.02252	
2.71606	9.02313	
2.71545	9.02313	
2.71637	9.02496	
2.71606	9.02252	
2.71576	9.021	
2.71637	9.02435	
2.71637	9.02161	
2.71576	9.02252	
2.71576	9.02283	
2.71576	9.02313	
2.71545	9.02313	
2.71606	9.02069	
2.71606	9.02191	
2.71545	9.02222	
2.71667	9.02252	
2.71698	9.02191	
2.71729	9.02252	
2.71606	9.02252	
2.71698	9.02222	
2.71667	9.02283	
2.71698	9.02283	
2.71637	9.02252	
2.71667	9.02161	
2.71637	9.02222	
2.71729	9.02283	
2.71637	9.02222	
2.71698	9.02405	
2.71637	9.02252	
2.71667	9.02161	
2.71637	9.02191	
2.71637	9.02191	
2.71637	9.02191	
2.71667	9.0213	
2.71637	9.02374	
2.71698	9.02222	
2.71606	9.021	
2.71576	9.02252	
2.71667	9.021	
2.71667	9.02222	
2.71698	9.02191	
2.71667	9.02252	
2.71637	9.02161	
2.71729	9.02191	
2.71637	9.02161	
2.71637	9.021	
2.71729	9.02222	
2.71698	9.02191	
2.71729	9.02344	
2.71637	9.02222	
2.7179	9.02161	
2.71698	9.02313	
2.7182	9.02161	
2.71729	9.0213	
2.71729	9.0213	
2.71759	9.02222	
2.71759	9.02252	
2.7179	9.021	
2.7179	9.02222	
2.71698	9.02252	
2.7179	9.02222	
2.7182	9.02222	
2.71759	9.02039	
2.71759	9.02191	
2.71759	9.02222	
2.71759	9.02252	
2.71759	9.021	
2.71759	9.02069	
2.71729	9.02161	
2.71759	9.02344	
2.7182	9.02191	
2.71759	9.02161	
2.71729	9.021	
2.7182	9.0213	
2.71759	9.02161	
2.7182	9.02252	
2.71851	9.02222	
2.71759	9.02161	
2.7182	9.02161	
2.7182	9.02039	
2.7179	9.02069	
2.7179	9.0213	
2.71881	9.02344	
2.7179	9.021	
2.7182	9.02039	
2.71851	9.02161	
2.71851	9.02161	
2.7182	9.02161	
2.71851	9.0213	
2.71851	9.02008	
2.71851	9.0213	
2.71881	9.02161	
2.71881	9.02161	
2.71881	9.02039	
2.71881	9.0213	
2.71942	9.02161	
2.71973	9.02161	
2.71881	9.021	
2.71851	9.021	
2.71881	9.01947	
2.71912	9.02161	
2.71912	9.021	
2.71881	9.0213	
2.71851	9.02191	
2.71973	9.021	
2.71942	9.02191	
2.71942	9.02161	
2.71881	9.02039	
2.71973	9.02161	
2.71881	9.021	
2.71973	9.021	
2.72003	9.02008	
2.72003	9.01978	
2.71973	9.02069	
2.71973	9.02069	
2.71973	9.0213	
2.71912	9.0213	
2.71973	9.0213	
2.72003	9.02222	
2.71942	9.02008	
2.71973	9.01978	
2.71851	9.02008	
2.71973	9.02161	
2.71973	9.01978	
2.71973	9.02008	
2.71912	9.02069	
2.72034	9.02069	
2.72003	9.01978	
2.71973	9.02222	
2.71973	9.02039	
2.72003	9.02008	
2.72003	9.02008	
2.71973	9.02039	
2.72003	9.02069	
2.72034	9.02069	
2.72095	9.02161	
2.72003	9.02069	
2.72064	9.01978	
2.72064	9.02008	
2.72064	9.02039	
2.72095	9.02039	
2.72003	9.02008	
2.72064	9.01886	
2.72034	9.02008	
2.72095	9.01978	
2.72034	9.02039	
2.72034	9.02008	
2.72064	9.02039	
2.72095	9.02161	
2.72095	9.02069	
2.72095	9.01947	
2.72095	9.02191	
2.72064	9.01978	
2.72034	9.01978	
2.72095	9.01917	
2.72095	9.01886	
2.72064	9.02039	
2.72095	9.02069	
2.72034	9.02008	
2.72095	9.02008	
2.72125	9.02069	
2.72125	9.0213	
2.72064	9.02008	
2.72095	9.01947	
2.72095	9.02039	
2.72125	9.021	
2.72186	9.02008	
2.72156	9.02039	
2.72186	9.01917	
2.72186	9.02008	
2.72186	9.01978	
2.72217	9.02039	
2.72156	9.02069	
2.72125	9.02069	
2.72186	9.02161	
2.72156	9.02008	
2.72186	9.01886	
2.72186	9.01917	
2.72125	9.01947	
2.72186	9.02008	
2.72125	9.01947	
2.72095	9.01764	
2.72186	9.02039	
2.72186	9.01978	
2.72186	9.02069	
2.72186	9.01947	
2.72217	9.01978	
2.72186	9.02161	
2.72186	9.01947	
2.72186	9.01947	
2.72156	9.01886	
2.72186	9.01855	
2.72247	9.01978	
2.72186	9.01978	
2.72247	9.02008	
2.72217	9.01947	
2.72247	9.01947	
2.72247	9.02069	
2.72217	9.01917	
2.72217	9.01794	
2.72247	9.01886	
2.72247	9.01886	
2.72247	9.01886	
2.72186	9.01855	
2.72247	9.01764	
2.72278	9.01947	
2.72278	9.02008	
2.72278	9.01978	
2.72217	9.02008	
2.72217	9.01978	
2.72278	9.02008	
2.72278	9.01917	
2.72308	9.01855	
2.72247	9.02008	
2.72308	9.01947	
2.72339	9.01825	
2.72247	9.01917	
2.72339	9.02008	
2.72339	9.02039	
2.72308	9.01886	
2.72308	9.01733	
2.72278	9.01978	
2.72339	9.01825	
2.72369	9.01978	
2.72308	9.01886	
2.72308	9.01886	
2.72308	9.02069	
2.72369	9.01978	
2.72369	9.01917	
2.724	9.02008	
2.72369	9.01978	
2.72339	9.01794	
2.72308	9.01917	
2.724	9.01886	
2.72339	9.02008	
2.72339	9.01886	
2.72339	9.01794	
2.72369	9.02008	
2.72308	9.01855	
2.72339	9.01886	
2.72278	9.01855	
2.724	9.01886	
2.724	9.02008	
2.72369	9.01947	
2.724	9.01672	
2.724	9.01794	
2.7243	9.01733	
2.724	9.01947	
2.7243	9.01825	
2.72369	9.01886	
2.72491	9.01886	
2.72461	9.01917	
2.72461	9.02039	
2.72461	9.01886	
2.72461	9.01886	
2.72491	9.01794	
2.72491	9.01764	
2.72491	9.01855	
2.72491	9.01917	
2.72522	9.01978	
2.7243	9.02039	
2.72491	9.01611	
2.72461	9.01947	
2.72552	9.01855	
2.72461	9.01703	
2.72522	9.01825	
2.72491	9.01825	
2.72491	9.01855	
2.72491	9.01672	
2.72461	9.01794	
2.72491	9.01917	
2.72522	9.01794	
2.72491	9.01642	
2.72461	9.01764	
2.72522	9.01825	
2.72461	9.01886	
2.72461	9.01764	
2.7243	9.01764	
2.72522	9.01978	
2.72491	9.01855	
2.72491	9.01764	
2.72491	9.01947	
2.72552	9.01794	
2.72491	9.01733	
2.72552	9.01794	
2.72552	9.01703	
2.72522	9.01825	
2.72491	9.01672	
2.72552	9.01917	
2.72552	9.01794	
2.72552	9.01733	
2.72552	9.01825	
2.72614	9.01764	
2.72614	9.01794	
2.72614	9.01794	
2.72583	9.01703	
2.72614	9.01825	
2.72583	9.01764	
2.72583	9.01917	
2.72583	9.01825	
2.72644	9.01825	
2.72675	9.02008	
2.72644	9.01672	
2.72705	9.01733	
2.72675	9.01703	
2.72675	9.01855	
2.72614	9.01855	
2.72644	9.01764	
2.72644	9.01581	
2.72675	9.01764	
2.72614	9.01733	
2.72614	9.01611	
2.72614	9.01764	
2.72675	9.01794	
2.72644	9.01978	
2.72614	9.01733	
2.72675	9.01794	
2.72675	9.01764	
2.72736	9.01794	
2.72614	9.01611	
2.72736	9.01794	
2.72705	9.01794	
2.72614	9.01794	
2.72614	9.01703	
2.72766	9.01855	
2.72736	9.01794	
2.72705	9.01733	
2.72736	9.01611	
2.72705	9.01794	
2.72705	9.01703	
2.72705	9.01733	
2.72705	9.01733	
2.72705	9.01672	
2.72675	9.01825	
2.72644	9.01733	
2.72705	9.01733	
2.72736	9.01764	
2.72705	9.01642	
2.72736	9.01703	
2.72705	9.01733	
2.72797	9.01581	
2.72705	9.01703	
2.72766	9.01642	
2.72766	9.01642	
2.72766	9.01672	
2.72797	9.01672	
2.72736	9.01764	
2.72736	9.01672	
2.72858	9.01611	
2.72736	9.01703	
2.72766	9.01642	
2.72736	9.01733	
2.72736	9.01703	
2.72858	9.01642	
2.72736	9.01703	
2.72766	9.01703	
2.72705	9.01794	
2.72766	9.01764	
2.72797	9.01733	
2.72736	9.01825	
2.72736	9.01733	
2.72766	9.01703	
2.72797	9.01703	
2.72766	9.0152	
2.72797	9.01733	
2.72705	9.01733	
2.72797	9.01642	
2.72827	9.01703	
2.72858	9.01642	
2.72797	9.01855	
2.72827	9.01642	
2.72827	9.01642	
2.72797	9.01825	
2.72766	9.01642	
2.72797	9.0152	
2.72766	9.01672	
2.72797	9.01642	
2.72766	9.0152	
2.72858	9.01611	
2.72827	9.0155	
2.72858	9.01733	
2.72827	9.01581	
2.72858	9.01428	
2.72858	9.01733	
2.72888	9.01672	
2.72827	9.01703	
2.72858	9.01611	
2.72827	9.01672	
2.72827	9.01764	
2.72858	9.01611	
2.72888	9.0152	
2.72919	9.01581	
2.72858	9.01611	
2.72919	9.01581	
2.72827	9.0152	
2.72858	9.01398	
2.72919	9.01611	
2.72888	9.01581	
2.72949	9.01611	
2.72858	9.01642	
2.72888	9.01611	
2.72888	9.01703	
2.72919	9.0155	
2.72858	9.01459	
2.72919	9.01733	
2.72888	9.01611	
2.72919	9.0155	
2.72949	9.0152	
2.72919	9.0155	
2.72919	9.01581	
2.72858	9.01581	
2.7298	9.01611	
2.72888	9.01642	
2.72888	9.01642	
2.72888	9.01733	
2.72888	9.01642	
2.72858	9.01581	
2.72888	9.01672	
2.7301	9.0155	
2.7298	9.01428	
2.72919	9.01611	
2.7298	9.01642	
2.73041	9.01733	
2.7298	9.01581	
2.72949	9.01398	
2.72919	9.0155	
2.7298	9.01581	
2.72888	9.01642	
2.73041	9.01581	
2.72949	9.0155	
2.7298	9.01642	
2.72949	9.01581	
2.7301	9.01489	
2.7301	9.01611	
2.7298	9.01489	
2.7298	9.01611	
2.7298	9.01581	
2.7298	9.01459	
2.73102	9.0155	
2.73071	9.01489	
2.73102	9.01367	
2.73071	9.0155	
2.73071	9.0155	
2.73041	9.01611	
2.73102	9.01642	
2.73041	9.0155	
2.73102	9.01642	
2.73041	9.0155	
2.7301	9.0155	
2.73132	9.01672	
2.73041	9.01642	
2.73071	9.01489	
2.73071	9.01611	
2.73102	9.0155	
2.73041	9.01489	
2.73041	9.01459	
2.73071	9.01428	
2.73041	9.0155	
2.73132	9.0152	
2.73132	9.01611	
2.73071	9.01611	
2.73102	9.01459	
2.73102	9.01367	
2.73071	9.0155	
2.73102	9.01581	
2.73102	9.0155	
2.73071	9.01581	
2.73102	9.01489	
2.73071	9.01611	
2.73102	9.0152	
2.73132	9.01428	
2.73224	9.0152	
2.73132	9.01459	
2.73163	9.0155	
2.73102	9.0152	
2.73132	9.01398	
2.73163	9.0155	
2.73163	9.01459	
2.73132	9.01672	
2.73102	9.01489	
2.73163	9.01459	
2.73163	9.01581	
2.73193	9.01428	
2.73102	9.01428	
2.73163	9.01428	
2.73163	9.01398	
2.73193	9.0152	
2.73132	9.01489	
2.73102	9.01489	
2.73163	9.01489	
2.73132	9.01489	
2.73224	9.01642	
2.73193	9.01459	
2.73285	9.01428	
2.73193	9.0155	
2.73254	9.01581	
2.73224	9.0152	
2.73193	9.01428	
2.73254	9.01398	
2.73224	9.0152	
2.73254	9.01398	
2.73224	9.01428	
2.73193	9.0152	
2.73224	9.01428	
2.73224	9.01642	
2.73224	9.0152	
2.73254	9.01428	
2.73254	9.01459	
2.73315	9.0152	
2.73346	9.0155	
2.73254	9.01459	
2.73346	9.01245	
2.73224	9.01398	
2.73285	9.01398	
2.73285	9.01459	
2.73224	9.01337	
2.73254	9.01459	
2.73285	9.01581	
2.73285	9.01489	
2.73224	9.01398	
2.73315	9.01398	
2.73224	9.01306	
2.73346	9.01459	
2.73254	9.01428	
2.73315	9.01337	
2.73315	9.0152	
2.73285	9.01398	
2.73315	9.01611	
2.73376	9.01459	
2.73254	9.01459	
2.73376	9.01398	
2.73315	9.01428	
2.73346	9.01489	
2.73376	9.01459	
2.73376	9.01367	
2.73254	9.01428	
2.73315	9.01489	
2.73315	9.0152	
2.73346	9.01398	
2.73346	9.01337	
2.73407	9.01581	
2.73315	9.01459	
2.73315	9.01184	
2.73376	9.01398	
2.73346	9.01337	
2.73346	9.01337	
2.73346	9.01367	
2.73346	9.01276	
2.73346	9.01398	
2.73376	9.01398	
2.73438	9.01428	
2.73376	9.01428	
2.73468	9.01367	
2.73346	9.01581	
2.73376	9.01337	
2.73376	9.01367	
2.73468	9.01459	
2.73346	9.01398	
2.73346	9.01398	
2.73407	9.01428	
2.73407	9.01428	
2.73346	9.01337	
2.73438	9.01306	
2.73376	9.01245	
2.73468	9.01398	
2.73438	9.01276	
2.73407	9.01245	
2.73438	9.01398	
2.73499	9.01398	
2.73315	9.01276	
2.73438	9.01428	
2.73438	9.01337	
2.73315	9.01367	
2.73529	9.01367	
2.73468	9.01398	
2.73438	9.01459	
2.73499	9.01337	
2.73438	9.01306	
2.73438	9.01581	
2.73468	9.01367	
2.73438	9.01306	
2.73499	9.01398	
2.73468	9.01367	
2.73468	9.01428	
2.73499	9.01367	
2.73529	9.01215	
2.7356	9.01337	
2.73468	9.01367	
2.73499	9.01428	
2.73499	9.01306	
2.73499	9.01428	
2.73499	9.01367	
2.73468	9.01367	
2.73499	9.01367	
2.73499	9.01276	
2.73468	9.01184	
2.73529	9.01367	
2.73468	9.01276	
2.73529	9.01367	
2.73499	9.01276	
2.7359	9.01276	
2.7356	9.01276	
2.73468	9.01367	
2.73499	9.01215	
2.73529	9.01215	
2.7359	9.01367	
2.73529	9.01245	
2.73438	9.01367	
2.7356	9.01367	
2.7359	9.01337	
2.7356	9.01489	
2.7356	9.01276	
2.73529	9.01215	
2.73529	9.01428	
2.7359	9.01306	
2.73529	9.01276	
2.7356	9.01306	
2.7356	9.01306	
2.7359	9.01245	
2.7359	9.01245	
2.7356	9.01154	
2.7359	9.01337	
2.7359	9.01337	
2.73621	9.01306	
2.73529	9.01306	
2.7356	9.01306	
2.7356	9.01245	
2.73529	9.01398	
2.7359	9.01276	
2.7359	9.01398	
2.7359	9.01337	
2.7359	9.01276	
2.7356	9.01276	
2.7356	9.01459	
2.7359	9.01276	
2.73621	9.01184	
2.7356	9.01306	
2.7359	9.01367	
2.7359	9.01306	
2.7359	9.01276	
2.7359	9.01245	
2.7356	9.01367	
2.73621	9.01276	
2.7359	9.01306	
2.7359	9.0152	
2.73621	9.01337	
2.7359	9.01154	
2.73621	9.01367	
2.73621	9.01306	
2.73651	9.01306	
2.73621	9.01215	
2.73651	9.01123	
2.73651	9.01337	
2.7359	9.01306	
2.7359	9.01306	
2.73682	9.01276	
2.73712	9.01184	
2.7359	9.01489	
2.7359	9.01245	
2.73651	9.01093	
2.73621	9.01367	
2.73651	9.01306	
2.7359	9.01306	
2.73682	9.01245	
2.73651	9.01337	
2.73651	9.01367	
2.73621	9.01245	
2.73682	9.01123	
2.73682	9.01184	
2.73712	9.01215	
2.73682	9.01276	
2.73682	9.01276	
2.73651	9.01093	
2.73651	9.01367	
2.73651	9.01184	
2.73651	9.01215	
2.73621	9.01215	
2.73651	9.01245	
2.73682	9.01093	
2.73682	9.01245	
2.73712	9.01276	
2.73712	9.01154	
2.73682	9.01245	
2.73682	9.01245	
2.73743	9.01062	
2.73712	9.01367	
2.73804	9.01245	
2.73743	9.01215	
2.73743	9.01367	
2.73712	9.01276	
2.73773	9.01215	
2.73743	9.01154	
2.73712	9.01215	
2.73712	9.01306	
2.73743	9.01215	
2.73712	9.01062	
2.73712	9.01276	
2.73712	9.01184	
2.73712	9.01154	
2.73773	9.01215	
2.73743	9.01154	
2.73712	9.01093	
2.73712	9.01184	
2.73773	9.01215	
2.73773	9.01215	
2.73682	9.01154	
2.73804	9.01215	
2.73804	9.01184	
2.73773	9.01184	
2.73834	9.01184	
2.73743	9.01276	
2.73773	9.01154	
2.73834	9.01154	
2.73834	9.01245	
2.73773	9.01215	
2.73804	9.01031	
2.73804	9.01306	
2.73773	9.01215	
2.73834	9.01154	
2.73804	9.01093	
2.73773	9.01123	
2.73743	9.01184	
2.73804	9.01093	
2.73804	9.0097	
2.73865	9.01184	
2.73895	9.01154	
2.73804	9.01062	
2.73834	9.01154	
2.73926	9.01245	
2.73834	9.01215	
2.73865	9.01154	
2.73865	9.01154	
2.73834	9.01245	
2.73834	9.01215	
2.73773	9.01245	
2.73865	9.01276	
2.73895	9.01215	
2.73895	9.01154	
2.73926	9.01306	
2.73895	9.01215	
2.73895	9.01001	
2.73956	9.01154	
2.73956	9.01123	
2.73773	9.01001	
2.73956	9.01215	
2.73926	9.01184	
2.73926	9.01123	
2.73926	9.01123	
2.73865	9.01154	
2.73956	9.01123	
2.73865	9.01123	
2.73926	9.01031	
2.73895	9.01276	
2.73865	9.01062	
2.73987	9.01154	
2.73956	9.01123	
2.73926	9.01184	
2.73895	9.00909	
2.73956	9.01154	
2.73987	9.01093	
2.73926	9.01001	
2.73926	9.01123	
2.73926	9.01062	
2.73926	9.01031	
2.73895	9.01184	
2.73956	9.01062	
2.73956	9.01093	
2.73956	9.01306	
2.74017	9.01093	
2.73956	9.0094	
2.74048	9.01123	
2.74017	9.01001	
2.74017	9.0094	
2.73926	9.01154	
2.73987	9.01093	
2.73926	9.0094	
2.73956	9.01154	
2.74017	9.01123	
2.73956	9.01001	
2.73987	9.01062	
2.73987	9.01062	
2.73987	9.01245	
2.73926	9.01093	
2.73956	9.01093	
2.74017	9.01245	
2.74017	9.01062	
2.74048	9.01093	
2.74017	9.01154	
2.74048	9.01154	
2.74017	9.01001	
2.73987	9.01154	
2.73956	9.01154	
2.74017	9.01031	
2.74017	9.01062	
2.74017	9.01031	
2.74048	9.01031	
2.73987	9.0094	
2.74017	9.01093	
2.74048	9.01062	
2.73956	9.01001	
2.74048	9.01001	
2.73956	9.01031	
2.74017	9.0097	
2.74048	9.01031	
2.74048	9.0094	
2.73987	9.0097	
2.74017	9.01093	
2.73926	9.01031	
2.74017	9.0097	
2.74017	9.01062	
2.73987	9.01031	
2.74017	9.0097	
2.74078	9.01123	
2.74048	9.01093	
2.74109	9.00909	
2.74139	9.01093	
2.74109	9.01031	
2.74109	9.01031	
2.74139	9.01093	
2.74078	9.0097	
2.74078	9.0097	
2.73987	9.01031	
2.74078	9.01031	
2.74048	9.00879	
2.74078	9.01062	
2.74139	9.01031	
2.74109	9.01093	
2.74078	9.01123	
2.74139	9.01031	
2.74017	9.01001	
2.74078	9.0097	
2.74139	9.0097	
2.74078	9.01031	
2.74109	9.01001	
2.7417	9.01031	
2.74139	9.01062	
2.74078	9.01031	
2.74078	9.01031	
2.74109	9.01031	
2.74078	9.01001	
2.74139	9.01093	
2.74078	9.01001	
2.74139	9.0097	
2.74139	9.01215	
2.74139	9.00909	
2.7417	9.0094	
2.74109	9.01123	
2.7417	9.0097	
2.7417	9.01062	
2.74139	9.01184	
2.74139	9.00909	
2.74139	9.01062	
2.74139	9.01062	
2.74109	9.01031	
2.74078	9.01062	
2.74109	9.0097	
2.7417	9.01062	
2.74109	9.01001	
2.74139	9.01184	
2.7417	9.0094	
2.74139	9.01031	
2.74139	9.01123	
2.74109	9.01031	
2.74109	9.0094	
2.74109	9.01062	
2.742	9.01062	
2.74139	9.01001	
2.74139	9.0097	
2.74139	9.01001	
2.74231	9.0097	
2.742	9.01062	
2.74261	9.01062	
2.7417	9.0097	
2.742	9.01001	
2.74261	9.01001	
2.74231	9.00879	
2.74139	9.00909	
2.742	9.00909	
2.742	9.0094	
2.74261	9.01093	
2.74261	9.01031	
2.74231	9.0097	
2.74231	9.01184	
2.742	9.0097	
2.74231	9.00879	
2.742	9.01031	
2.74261	9.0097	
2.74231	9.01031	
2.74231	9.0094	
2.74261	9.00848	
2.74231	9.01001	
2.74231	9.0094	
2.74323	9.00909	
2.74261	9.01031	
2.74292	9.00879	
2.74384	9.00757	
2.74292	9.0097	
2.74261	9.00879	
2.74231	9.00909	
2.74261	9.0094	
2.74292	9.00818	
2.74292	9.00757	
2.74261	9.0094	
2.74353	9.00818	
2.74261	9.00787	
2.74292	9.0097	
2.74231	9.00909	
2.74323	9.01001	
2.74323	9.00879	
2.74261	9.01001	
2.74261	9.00909	
2.74292	9.00757	
2.74353	9.01001	
2.74261	9.0094	
2.74292	9.0094	
2.74261	9.01062	
2.74261	9.0094	
2.74231	9.00787	
2.74323	9.01001	
2.74292	9.00909	
2.74292	9.00787	
2.74261	9.01093	
2.74323	9.0094	
2.74261	9.00879	
2.74292	9.0097	
2.74323	9.00909	
2.74261	9.0094	
2.74292	9.01093	
2.74353	9.00879	
2.74353	9.00909	
2.74323	9.01001	
2.74384	9.0094	
2.74323	9.0097	
2.74384	9.01001	
2.74323	9.00909	
2.74353	9.00879	
2.74323	9.0097	
2.74414	9.00848	
2.74414	9.00787	
2.74353	9.01001	
2.74323	9.00879	
2.74353	9.00909	
2.74353	9.01001	
2.74384	9.00909	
2.74475	9.00909	
2.74414	9.0094	
2.74384	9.00848	
2.74414	9.00879	
2.74353	9.00879	
2.74475	9.00909	
2.74414	9.00848	
2.74384	9.00757	
2.74384	9.00879	
2.74445	9.00879	
2.74475	9.00757	
2.74445	9.00848	
2.74536	9.00879	
2.74475	9.00696	
2.74445	9.00848	
2.74475	9.00879	
2.74414	9.00909	
2.74323	9.00909	
2.74384	9.00818	
2.74475	9.00909	
2.74414	9.00787	
2.74384	9.0094	
2.74445	9.0094	
2.74384	9.00696	
2.74384	9.00909	
2.74384	9.00818	
2.74445	9.0094	
2.74445	9.0094	
2.74414	9.00848	
2.74445	9.00879	
2.74445	9.01062	
2.74445	9.00787	
2.74445	9.00879	
2.74475	9.0094	
2.74384	9.00848	
2.74414	9.00909	
2.74414	9.01001	
2.74414	9.00787	
2.74475	9.00879	
2.74506	9.00909	
2.74384	9.00879	
2.74475	9.00818	
2.74506	9.00879	
2.74536	9.00879	
2.74536	9.00787	
2.74536	9.00665	
2.74567	9.00787	
2.74567	9.00848	
2.74506	9.00635	
2.74567	9.00787	
2.74567	9.00818	
2.74567	9.00696	
2.74567	9.0097	
2.74506	9.00757	
2.74567	9.0094	
2.74597	9.00879	
2.74506	9.00726	
2.74597	9.00787	
2.74567	9.00726	
2.74567	9.00757	
2.74506	9.00757	
2.74536	9.00665	
2.74445	9.0094	
2.74567	9.00726	
2.74597	9.00604	
2.74475	9.00879	
2.74536	9.00726	
2.74536	9.00726	
2.74597	9.00787	
2.74536	9.00757	
2.74475	9.00696	
2.74506	9.00696	
2.74536	9.00879	
2.74536	9.00787	
2.74506	9.00818	
2.74567	9.00726	
2.74506	9.00726	
2.74536	9.0094	
2.74567	9.00726	
2.74567	9.00665	
2.74567	9.00787	
2.74567	9.00757	
2.74536	9.00848	
2.74597	9.00818	
2.74597	9.00757	
2.74536	9.00787	
2.74628	9.00787	
2.74567	9.00726	
2.74689	9.00879	
2.74597	9.00787	
2.74597	9.00726	
2.74628	9.00848	
2.74628	9.00787	
2.74628	9.00665	
2.74628	9.00696	
2.74628	9.00787	
2.74658	9.00726	
2.74628	9.00757	
2.74658	9.00787	
2.74689	9.00818	
2.74658	9.00726	
2.74628	9.00574	
2.74719	9.00726	
2.74689	9.00757	
2.74658	9.00574	
2.74628	9.00787	
2.74658	9.00787	
2.74628	9.00635	
2.74719	9.00787	
2.74658	9.00757	
2.74658	9.00818	
2.7475	9.00696	
2.7475	9.00879	
2.74689	9.00787	
2.7475	9.00726	
2.74719	9.00879	
2.74689	9.00879	
2.74658	9.00757	
2.74658	9.00757	
2.74689	9.00787	
2.74719	9.00787	
2.74689	9.00818	
2.7475	9.00787	
2.7475	9.00696	
2.74719	9.00635	
2.7478	9.00696	
2.74719	9.00635	
2.74719	9.00726	
2.7475	9.00665	
2.74719	9.00818	
2.74658	9.00726	
2.74719	9.00696	
2.74719	9.00848	
2.74719	9.00787	
2.74658	9.00635	
2.74689	9.00787	
2.74658	9.00818	
2.74719	9.00818	
2.7475	9.00665	
2.74719	9.00726	
2.74719	9.00726	
2.74689	9.00635	
2.74719	9.00696	
2.74689	9.00726	
2.74689	9.00665	
2.74719	9.00726	
2.74689	9.00665	
2.74719	9.00726	
2.7475	9.00665	
2.7475	9.00726	
2.74719	9.00787	
2.74811	9.00665	
2.7478	9.00757	
2.7478	9.00696	
2.74811	9.00635	
2.7478	9.00879	
2.74689	9.00726	
2.7475	9.00726	
2.7478	9.00879	
2.7478	9.00696	
2.74841	9.00604	
2.74811	9.00757	
2.74811	9.00665	
2.74841	9.00726	
2.74872	9.00848	
2.7478	9.00635	
2.74841	9.00665	
2.7478	9.00696	
2.7478	9.00696	
2.74841	9.00665	
2.74811	9.00543	
2.74841	9.00665	
2.74872	9.00696	
2.74811	9.00818	
2.74811	9.00726	
2.74872	9.00696	
2.74841	9.00635	
2.74811	9.00726	
2.74872	9.00818	
2.74811	9.00787	
2.74811	9.00726	
2.74902	9.00787	
2.74841	9.00665	
2.7478	9.00665	
2.74933	9.00726	
2.74811	9.00665	
2.7478	9.00787	
2.74872	9.00635	
2.74902	9.00604	
2.74811	9.00726	
2.7478	9.00604	
2.74811	9.00665	
2.74811	9.00482	
2.7478	9.00604	
2.74811	9.00604	
2.74841	9.00604	
2.74841	9.00421	
2.74841	9.00665	
2.74841	9.00635	
2.74841	9.00665	
2.74933	9.00726	
2.74841	9.00665	
2.74841	9.00665	
2.74872	9.00513	
2.74811	9.00574	
2.74902	9.00574	
2.74902	9.00604	
2.74902	9.00696	
2.74902	9.00513	
2.74933	9.00574	
2.74902	9.00543	
2.74902	9.00726	
2.74902	9.00574	
2.74933	9.00635	
2.74902	9.00726	
2.74933	9.00635	
2.74933	9.00635	
2.74963	9.00482	
2.74994	9.00574	
2.74963	9.00574	
2.74994	9.00543	
2.74994	9.00574	
2.74963	9.00665	
2.74933	9.00604	
2.74902	9.00543	
2.74902	9.00635	
2.74963	9.00513	
2.74994	9.00696	
2.74994	9.00543	
2.74933	9.00574	
2.74933	9.00543	
2.74994	9.00513	
2.75024	9.00665	
2.74994	9.00604	
2.74933	9.00635	
2.74933	9.00726	
2.74933	9.00604	
2.74963	9.00635	
2.74963	9.00604	
2.74963	9.00543	
2.74933	9.00574	
2.74963	9.00604	
2.74963	9.00482	
2.74994	9.00696	
2.74994	9.00604	
2.74963	9.00604	
2.74994	9.00665	
2.74933	9.00665	
2.74963	9.00543	
2.74902	9.00604	
2.74933	9.00574	
2.74963	9.00574	
2.74994	9.00452	
2.75024	9.00574	
2.74994	9.00604	
2.75024	9.00574	
2.74963	9.00604	
2.75055	9.00726	
2.74963	9.00543	
2.74994	9.00635	
2.74933	9.00452	
2.75024	9.00574	
2.75055	9.00604	
2.75055	9.00543	
2.74994	9.00604	
2.74994	9.00726	
2.74963	9.00635	
2.75024	9.00543	
2.74994	9.00543	
2.74963	9.00543	
2.75085	9.00513	
2.75055	9.00574	
2.75085	9.00513	
2.75085	9.00604	
2.75024	9.00513	
2.75024	9.00574	
2.75085	9.00604	
2.75055	9.00513	
2.75024	9.00513	
2.75055	9.00482	
2.75024	9.00574	
2.75055	9.00543	
2.75024	9.00513	
2.75055	9.00482	
2.75055	9.00604	
2.75024	9.00543	
2.75116	9.00421	
2.75024	9.00574	
2.75116	9.00513	
2.75085	9.00452	
2.75085	9.00391	
2.75085	9.00665	
2.75085	9.00574	
2.75146	9.00604	
2.75177	9.00604	
2.75146	9.00543	
2.75146	9.00482	
2.75116	9.00452	
2.75146	9.00665	
2.75146	9.00574	
2.75146	9.00513	
2.75116	9.00482	
2.75177	9.00574	
2.75146	9.00513	
2.75177	9.00513	
2.75177	9.00543	
2.75116	9.00543	
2.75146	9.00513	
2.75146	9.00482	
2.75208	9.00574	
2.75116	9.00543	
2.75146	9.00421	
2.75146	9.00452	
2.75085	9.00452	
2.75116	9.00421	
2.75116	9.00574	
2.75177	9.0033	
2.75116	9.00604	
2.75116	9.00452	
2.75085	9.00482	
2.75116	9.00574	
2.75146	9.00513	
2.75208	9.00513	
2.75116	9.00421	
2.75208	9.00574	
2.75116	9.00482	
2.75146	9.00543	
2.75116	9.00421	
2.75177	9.00604	
2.75177	9.00482	
2.75116	9.00421	
2.75177	9.00543	
2.75208	9.00513	
2.75177	9.00391	
2.75177	9.00543	
2.75177	9.00482	
2.75177	9.00391	
2.75208	9.00269	
2.75146	9.00421	
2.75146	9.00421	
2.75208	9.00452	
2.75146	9.00452	
2.75177	9.00696	
2.75177	9.00513	
2.75208	9.00421	
2.75238	9.00299	
2.75177	9.00543	
2.75238	9.0036	
2.75238	9.00452	
2.75208	9.00391	
2.75238	9.00574	
2.75208	9.00452	
2.75146	9.00482	
2.75177	9.00269	
2.75208	9.00574	
2.75299	9.00482	
2.75208	9.00452	
2.75208	9.00299	
2.75269	9.00574	
2.75177	9.00421	
2.75269	9.00421	
2.75269	9.0033	
2.75238	9.00482	
2.75208	9.0036	
2.75269	9.00421	
2.75208	9.00299	
2.75208	9.00574	
2.75299	9.00421	
2.75269	9.0033	
2.75238	9.00482	
2.75269	9.00299	
2.75238	9.00391	
2.75238	9.00421	
2.75238	9.00421	
2.75299	9.00543	
2.75238	9.00452	
2.75238	9.00421	
2.75238	9.00482	
2.75208	9.00421	
2.75269	9.00421	
2.75269	9.00299	
2.75238	9.00482	
2.75238	9.0033	
2.75208	9.00421	
2.75299	9.0036	
2.75269	9.00513	
2.75269	9.00452	
2.75299	9.00391	
2.75269	9.00391	
2.7533	9.00482	
2.75299	9.00482	
2.75269	9.00452	
2.75299	9.00391	
2.75269	9.00513	
2.75299	9.00421	
2.75299	9.00391	
2.7533	9.00452	
2.75299	9.00421	
2.75299	9.00574	
2.75299	9.00452	
2.75391	9.00452	
2.75238	9.00238	
2.75269	9.00574	
2.7533	9.0036	
2.75269	9.00513	
2.7536	9.00269	
2.7536	9.00513	
2.75391	9.00452	
2.7533	9.00482	
2.7533	9.00299	
2.75391	9.00452	
2.7536	9.00391	
2.7536	9.00452	
2.7533	9.00482	
2.7533	9.00513	
2.7536	9.00482	
2.7533	9.00513	
2.75299	9.00421	
2.7536	9.0036	
2.7533	9.00543	
2.7533	9.00452	
2.75299	9.00421	
2.7533	9.00543	
2.7533	9.00391	
2.75299	9.00299	
2.7533	9.00269	
2.75299	9.00482	
2.75421	9.0033	
2.7533	9.00391	
2.75299	9.00452	
2.75421	9.00421	
2.7533	9.00299	
2.75391	9.00391	
2.75421	9.00238	
2.7533	9.0033	
2.7536	9.00391	
2.75421	9.0036	
2.75391	9.00299	
2.75391	9.00543	
2.7536	9.0033	
2.75391	9.0033	
2.75391	9.00238	
2.75391	9.00482	
2.7536	9.0033	
2.75421	9.0033	
2.7533	9.00299	
2.7533	9.00513	
2.75421	9.00299	
2.75391	9.00452	
2.7536	9.00238	
2.75513	9.00421	
2.75482	9.00421	
2.75391	9.00269	
2.75421	9.00421	
2.75391	9.00574	
2.75452	9.00452	
2.75452	9.00391	
2.75299	9.00482	
2.75421	9.0033	
2.7536	9.00482	
2.75421	9.00391	
2.75421	9.00421	
2.75421	9.0033	
2.75421	9.00452	
2.75421	9.00299	
2.75421	9.0033	
2.75421	9.00391	
2.75421	9.00452	
2.75391	9.00391	
2.75452	9.00391	
2.75421	9.00452	
2.75513	9.00299	
2.75452	9.0036	
2.7533	9.00269	
2.75513	9.00391	
2.75482	9.00269	
2.75421	9.0033	
2.75452	9.00421	
2.75482	9.00299	
2.75452	9.00391	
2.75482	9.00391	
2.75452	9.0036	
2.75452	9.00299	
2.75452	9.00238	
2.75482	9.00269	
2.75452	9.00421	
2.75452	9.00299	
2.75482	9.00238	
2.75543	9.00421	
2.75543	9.00269	
2.75574	9.00238	
2.75421	9.00177	
2.75513	9.00269	
2.75513	9.00177	
2.75513	9.00299	
2.75543	9.00208	
2.75513	9.00452	
2.75452	9.00299	
2.75513	9.00208	
2.75482	9.00238	
2.75391	9.00116	
2.75421	9.00452	
2.75482	9.0033	
2.75513	9.00208	
2.75482	9.00146	
2.75513	9.0036	
2.75513	9.00177	
2.75513	9.00269	
2.75543	9.0036	
2.75574	9.00574	
2.75513	9.0036	
2.75574	9.00269	
2.75513	9.00208	
2.75574	9.00238	
2.75604	9.00238	
2.75574	9.00269	
2.75543	9.00299	
2.75543	9.0033	
2.75513	9.00299	
2.75543	9.00208	
2.75574	9.00269	
2.75452	9.00269	
2.75543	9.00421	
2.75513	9.00299	
2.75513	9.0033	
2.75543	9.00208	
2.75482	9.0036	
2.75574	9.00299	
2.75574	9.00238	
2.75543	9.00238	
2.75604	9.00269	
2.75604	9.00238	
2.75665	9.00238	
2.75604	9.00299	
2.75543	9.00269	
2.75574	9.00482	
2.75513	9.00299	
2.75574	9.00269	
2.75604	9.00116	
2.75543	9.00208	
2.75604	9.00391	
2.75635	9.00299	
2.75574	9.00299	
2.75574	9.00146	
2.75604	9.00269	
2.75543	9.00299	
2.75574	9.00269	
2.75574	9.00208	
2.75635	9.00482	
2.75665	9.00238	
2.75604	9.00299	
2.75635	9.00299	
2.75604	9.00238	
2.75665	9.00452	
2.75604	9.00269	
2.75696	9.00299	
2.75665	9.00177	
2.75635	9.00269	
2.75604	9.00238	
2.75604	9.0036	
2.75604	9.00208	
2.75604	9.00421	
2.75635	9.00299	
2.75543	9.0036	
2.75635	9.00177	
2.75635	9.00208	
2.75574	9.00421	
2.75604	9.00269	
2.75696	9.00238	
2.75757	9.00085	
2.75635	9.0033	
2.75665	9.00299	
2.75696	9.00299	
2.75696	9.00269	
2.75696	9.00177	
2.75696	9.0033	
2.75665	9.00238	
2.75696	9.00269	
2.75665	9.00116	
2.75665	9.00391	
2.75635	9.00238	
2.75635	9.00177	
2.75696	9.0033	
2.75665	9.00177	
2.75635	9.00421	
2.75665	9.00269	
2.75665	9.00177	
2.75635	9.00299	
2.75635	9.00238	
2.75635	9.00452	
2.75665	9.00299	
2.75696	9.00177	
2.75726	9.00238	
2.75757	9.00177	
2.75726	9.0033	
2.75696	9.0033	
2.75757	9.00269	
2.75665	9.00146	
2.75665	9.00116	
2.75696	9.0033	
2.75757	9.00208	
2.75696	9.00177	
2.75696	9.00269	
2.75696	9.00208	
2.75696	9.00269	
2.75726	9.00177	
2.75665	9.00177	
2.75665	9.00146	
2.75757	9.00146	
2.75726	9.00391	
2.75726	9.00269	
2.75635	9.00208	
2.75757	9.00269	
2.75787	9.00085	
2.75757	9.0036	
2.75757	9.00238	
2.75696	9.00116	
2.75757	9.00055	
2.75757	9.00269	
2.75757	9.00238	
2.75757	9.00208	
2.75726	9.00208	
2.75787	9.00238	
2.75726	9.0033	
2.75787	9.00208	
2.75726	9.00238	
2.75787	9.00177	
2.75757	9.00269	
2.75726	9.00208	
2.75787	9.00116	
2.75818	9.00238	
2.75696	9.00177	
2.75818	9.00299	
2.75726	9.00208	
2.75726	9.00146	
2.75696	9.00116	
2.75726	9.00116	
2.75787	9.00299	
2.75787	9.00208	
2.75787	9.00146	
2.75818	9.00024	
2.75757	9.0036	
2.75726	9.00146	
2.75848	9.00177	
2.75787	9.00177	
2.75818	9.00208	
2.75757	9.00146	
2.75787	9.00116	
2.75818	9.00208	
2.75787	9.00055	
2.75787	9.00299	
2.75909	9.00238	
2.75757	9.00116	
2.75787	9.00208	
2.75818	8.99963	
2.75818	9.00299	
2.75787	9.00146	
2.75787	9.00116	
2.75757	9.00146	
2.75726	9.00177	
2.75757	9.00055	
2.75818	9.00055	
2.75787	9.00269	
2.75909	9.00146	
2.75818	9.00116	
2.75818	9.00055	
2.75848	9.00085	
2.75848	9.00269	
2.75787	9.00055	
2.75879	9.00085	
2.75787	8.99994	
2.75879	9.00146	
2.75879	9.00269	
2.75879	9.00208	
2.75818	9.00177	
2.75909	9.00146	
2.75787	9.00085	
2.75848	9.00299	
2.75787	9.00146	
2.75787	9.00085	
2.75879	9.00024	
2.75818	9.00024	
2.75848	9.00299	
2.75879	9.00085	
2.75909	9.00116	
2.75909	8.99994	
2.75879	9.00146	
2.75909	9.00177	
2.7597	9.00085	
2.7594	9.00116	
2.75909	9.00177	
2.75909	9.00116	
2.75879	9.00269	
2.75818	9.00146	
2.75787	9.00116	
2.75879	9.00238	
2.75909	9.00238	
2.75879	9.0033	
2.75909	9.00116	
2.75909	9.00177	
2.75909	9.00116	
2.75879	9.00085	
2.75879	9.00238	
2.7594	9.00116	
2.75909	9.00116	
2.75909	9.00146	
2.75909	9.00116	
2.75909	9.00238	
2.76001	9.00146	
2.7594	9.00116	
2.75909	9.00116	
2.7597	9.00116	
2.7594	9.00208	
2.76001	9.00055	
2.7594	9.00116	
2.75879	9.00024	
2.7597	9.00177	
2.75879	9.00177	
2.75909	9.00146	
2.75909	9.00116	
2.7594	9.00238	
2.75879	9.00177	
2.7597	9.00116	
2.75879	9.00116	
2.7594	8.99994	
2.76001	9.00269	
2.76001	9.00116	
2.76031	9.00055	
2.7597	8.99994	
2.76001	9.00024	
2.7597	9.00208	
2.7597	9.00177	
2.7597	9.00116	
2.7594	9.00208	
2.76001	9.00085	
2.7597	9.00055	
2.7594	8.99994	
2.7597	8.99963	
2.7594	9.00299	
2.7597	9.00146	
2.76001	9.00085	
2.7597	8.99963	
2.7594	9.00085	
2.7597	9.00116	
2.7597	9.00085	
2.75909	9.00055	
2.7597	9.00116	
2.7597	9.00085	
2.7597	8.99933	
2.7597	9.00085	
2.7597	8.99994	
2.7597	9.00177	
2.76001	9.00055	
2.76031	9.00024	
2.7597	9.00116	
2.76001	8.99933	
2.76031	9.00146	
2.76031	9.00055	
2.76031	9.00055	
2.76062	9.00116	
2.76031	8.99933	
2.7597	9.00208	
2.76001	9.00116	
2.76062	9.00055	
2.76001	9.00055	
2.76001	9.00085	
2.7597	9.00085	
2.76001	9.00085	
2.76001	8.99994	
2.76031	8.99994	
2.76001	9.00055	
2.76062	9.00177	
2.76062	9.00116	
2.76062	9.00055	
2.76062	9.00085	
2.76001	9.00024	
2.76031	9.00146	
2.76062	9.00024	
2.76093	9.00055	
2.76031	9.00146	
2.76062	8.99994	
2.76001	9.00146	
2.76031	9.00116	
2.76093	9.00116	
2.76062	8.99994	
2.76031	9.00085	
2.76031	9.00238	
2.76031	9.00085	
2.76001	9.00085	
2.76093	8.99841	
2.76062	8.99963	
2.76031	9.00116	
2.76031	9.00085	
2.76031	9.00024	
2.76093	9.00085	
2.76001	8.99963	
2.76031	9.00116	
2.76093	9.00024	
2.76093	9.00024	
2.76093	8.99902	
2.76154	8.99933	
2.76093	9.00116	
2.76154	9.00024	
2.76093	9.00085	
2.76062	8.99872	
2.76062	9.00085	
2.76093	9.00146	
2.76123	9.00055	
2.76031	9.00055	
2.76154	8.99902	
2.76093	8.99994	
2.76093	8.99902	
2.76093	9.00024	
2.76093	9.00055	
2.76093	9.00085	
2.76093	9.00085	
2.76093	8.99994	
2.76093	8.99994	
2.76154	8.99963	
2.76154	9.00116	
2.76093	9.00055	
2.76154	9.00055	
2.76123	8.99994	
2.76154	8.9978	
2.76154	9.00238	
2.76184	8.99933	
2.76093	8.99994	
2.76123	8.99811	
2.76184	8.99994	
2.76093	9.00085	
2.76184	8.99963	
2.76154	8.99902	
2.76154	8.99811	
2.76154	8.99933	
2.76154	9.00024	
2.76031	8.99994	
2.76062	8.99933	
2.76123	8.99811	
2.76123	8.99963	
2.76093	9.00146	
2.76154	8.99902	
2.76093	8.99902	
2.76154	8.99994	
2.76184	8.99902	
2.76184	9.00085	
2.76154	8.99994	
2.76215	8.99994	
2.76184	8.99994	
2.76184	8.99963	
2.76123	8.99963	
2.76093	8.99994	
2.76154	9.00024	
2.76123	8.99933	
2.76184	8.99994	
2.76154	8.99994	
2.76184	9.00024	
2.76215	8.99994	
2.76184	8.99963	
2.76215	8.99933	
2.76154	8.99933	
2.76215	9.00085	
2.76184	8.99933	
2.76184	8.99994	
2.76184	8.99902	
2.76215	8.99933	
2.76215	8.99994	
2.76154	9.00024	
2.76215	9.00024	
2.76154	8.99963	
2.76215	8.99933	
2.76215	8.99933	
2.76215	8.99994	
2.76245	9.00085	
2.76215	9.00024	
2.76245	8.9978	
2.76276	8.99933	
2.76245	9.00116	
2.76215	8.99902	
2.76245	9.00055	
2.76184	8.99902	
2.76215	8.99933	
2.76215	8.99994	
2.76245	9.00116	
2.76245	8.99994	
2.76154	9.00055	
2.76184	8.99933	
2.76215	8.99689	
2.76245	8.99902	
2.76276	9.00055	
2.76245	8.99994	
2.76276	8.99872	
2.76184	8.99872	
2.76276	8.99994	
2.76276	9.00024	
2.76245	8.99963	
2.76245	8.99963	
2.76276	8.99994	
2.76215	8.99933	
2.76215	8.99719	
2.76245	9.00024	
2.76337	8.99994	
2.76276	8.99902	
2.76215	8.99841	
2.76215	8.9978	
2.76245	8.99811	
2.76184	9.00085	
2.76184	8.99994	
2.76215	8.99902	
2.76245	9.00024	
2.76215	8.99872	
2.76215	9.00085	
2.76215	8.99994	
2.76337	8.99902	
2.76215	8.99902	
2.76245	9.00024	
2.76337	8.9978	
2.76245	8.9978	
2.76245	9.00024	
2.76276	8.99963	
2.76276	8.99902	
2.76245	8.99811	
2.76276	8.99994	
2.76306	9.00055	
2.76306	8.99933	
2.76306	8.99841	
2.76276	8.9975	
2.76306	8.9978	
2.76276	9.00024	
2.76337	8.99994	
2.76306	8.99902	
2.76306	8.99933	
2.76306	8.99933	
2.76337	8.99841	
2.76367	8.99933	
2.76276	8.99933	
2.76306	8.99902	
2.76276	8.99902	
2.76337	8.99872	
2.76306	8.99872	
2.76276	8.99719	
2.76337	8.99811	
2.76367	9.00085	
2.76337	8.99902	
2.76367	8.99841	
2.76337	8.99994	
2.76337	8.99841	
2.76398	8.99902	
2.76306	8.99811	
2.76398	8.99963	
2.76337	8.99933	
2.76367	8.9978	
2.76367	8.99689	
2.76398	8.99841	
2.76428	8.99933	
2.76337	8.9978	
2.76367	8.99841	
2.76367	8.9978	
2.76367	8.9975	
2.76367	9.00085	
2.76428	8.99902	
2.76398	8.9978	
2.76367	8.99933	
2.76367	8.9978	
2.76428	9.00024	
2.76337	8.99963	
2.76398	8.99902	
2.76398	8.99933	
2.76428	8.99902	
2.76367	8.99719	
2.76398	8.99689	
2.76428	9.00024	
2.76428	8.99902	
2.76367	8.99841	
2.76337	8.99902	
2.76398	8.99902	
2.76367	8.99811	
2.76337	8.9975	
2.76367	9.00024	
2.76367	8.99841	
2.76398	8.99841	
2.76337	8.99811	
2.76398	8.99841	
2.76398	8.99719	
2.76428	8.99811	
2.76398	8.99933	
2.76367	8.99841	
2.76428	8.99872	
2.76398	8.99872	
2.76459	8.99872	
2.76398	8.9978	
2.76398	8.99719	
2.76398	8.99902	
2.76398	8.99933	
2.76428	8.99811	
2.76398	8.99841	
2.76428	8.99872	
2.76398	8.99719	
2.76398	8.99841	
2.76398	8.99994	
2.76428	8.99811	
2.76459	8.99811	
2.76367	8.99902	
2.76459	8.9978	
2.76459	8.99841	
2.76428	8.99963	
2.76459	8.99841	
2.76367	8.99811	
2.76398	8.9978	
2.76428	8.99719	
2.76367	8.99841	
2.76428	8.99963	
2.76428	8.99933	
2.76398	8.99872	
2.76398	8.99841	
2.76398	8.9978	
2.76398	8.9978	
2.76428	8.99841	
2.76428	8.99933	
2.76459	8.99933	
2.76459	8.99811	
2.76398	8.99872	
2.76459	8.99872	
2.76459	8.99811	
2.76459	8.9978	
2.76428	8.99963	
2.76489	8.99902	
2.76489	8.99841	
2.76428	8.99841	
2.76489	8.99902	
2.76459	8.99719	
2.76459	8.9975	
2.76428	9.00055	
2.76489	8.99811	
2.76428	8.99841	
2.76428	8.99841	
2.76428	8.99841	
2.76459	8.99902	
2.76428	8.9975	
2.7652	8.99933	
2.7652	8.99933	
2.7655	8.99841	
2.7652	8.99902	
2.7652	8.99841	
2.76489	8.99811	
2.76489	8.99841	
2.7652	8.99933	
2.7652	8.99811	
2.76489	8.99811	
2.7652	8.99933	
2.7652	8.99811	
2.76459	8.99933	
2.76459	8.99872	
2.76489	8.9978	
2.76459	8.99902	
2.7652	8.99872	
2.7652	8.99597	
2.76459	8.99689	
2.76489	8.99933	
2.7652	8.9975	
2.7652	8.9978	
2.76489	8.9978	
2.7652	8.99811	
2.7655	8.99902	
2.7655	8.99933	
2.76489	8.99872	
2.7655	8.99841	
2.76398	8.99841	
2.76581	8.9975	
2.7652	8.99841	
2.7652	8.99994	
2.7652	8.99811	
2.76489	8.99719	
2.7652	8.99902	
2.7655	8.9978	
2.7655	8.99872	
2.7652	8.99841	
2.76611	8.9975	
2.7655	8.9975	
2.7655	8.9978	
2.76611	8.9975	
2.7652	8.99841	
2.7652	8.99902	
2.7655	8.99811	
2.7652	8.9978	
2.76489	8.9978	
2.7655	8.99841	
2.7655	9.00024	
2.7655	8.99872	
2.7655	8.99811	
2.7652	8.99841	
2.7655	8.9978	
2.7655	8.99933	
2.76581	8.99811	
2.7655	8.9975	
2.7655	8.99811	
2.7655	8.99628	
2.76581	8.99841	
2.76581	8.9978	
2.76581	8.9975	
2.76642	8.99689	
2.76611	8.9978	
2.76581	8.99811	
2.76581	8.9978	
2.76581	8.99841	
2.76611	8.99719	
2.76581	8.99841	
2.76642	8.99597	
2.76642	8.99658	
2.7655	8.9975	
2.76581	8.99811	
2.76642	8.9975	
2.76672	8.9978	
2.76642	8.9975	
2.76611	8.99597	
2.76581	8.99719	
2.76611	8.99872	
2.76672	8.99811	
2.76642	8.9975	
2.7655	8.99811	
2.7655	8.99689	
2.76672	8.9978	
2.76611	8.9975	
2.76611	8.9978	
2.76611	8.99719	
2.76611	8.99689	
2.76642	8.99872	
2.76642	8.99811	
2.76642	8.99689	
2.76642	8.99719	
2.76581	8.9978	
2.76672	8.99658	
2.76611	8.99689	
2.76611	8.99872	
2.76611	8.99719	
2.76611	8.99719	
2.76642	8.99719	
2.76642	8.99689	
2.76611	8.9978	
2.76581	8.9975	
2.76581	8.99872	
2.76642	8.9975	
2.76581	8.99719	
2.76672	8.9978	
2.76611	8.99689	
2.76611	8.9978	
2.76642	8.9978	
2.76672	8.9975	
2.76642	8.9975	
2.76703	8.99719	
2.76672	8.99689	
2.76703	8.9975	
2.76672	8.9978	
2.76672	8.9978	
2.76642	8.9978	
2.76703	8.99658	
2.76642	8.9978	
2.76672	8.9978	
2.76672	8.99628	
2.76703	8.99811	
2.76703	8.9975	
2.76642	8.99719	
2.76672	8.99597	
2.76672	8.9978	
2.76703	8.99506	
2.76672	8.99658	
2.76642	8.99811	
2.76672	8.99658	
2.76642	8.99658	
2.76642	8.99719	
2.76611	8.9978	
2.76611	8.99597	
2.76642	8.9975	
2.76703	8.99841	
2.76764	8.9978	
2.76703	8.99689	
2.76672	8.99719	
2.76733	8.99689	
2.76703	8.99658	
2.76703	8.99597	
2.76733	8.99841	
2.76672	8.9975	
2.76642	8.99689	
2.76703	8.99689	
2.76733	8.99719	
2.76733	8.9978	
2.76733	8.9975	
2.76733	8.99689	
2.76703	8.99689	
2.76733	8.99689	
2.76703	8.99628	
2.76703	8.99536	
2.76642	8.99841	
2.76703	8.9978	
2.76703	8.9975	
2.76642	8.9978	
2.76733	8.9978	
2.76703	8.99719	
2.76733	8.9975	
2.76733	8.9978	
2.76703	8.9975	
2.76764	8.99689	
2.76733	8.9978	
2.76733	8.9975	
2.76733	8.9975	
2.76733	8.9975	
2.76764	8.99719	
2.76733	8.99689	
2.76733	8.99689	
2.76764	8.99689	
2.76794	8.99567	
2.76764	8.99658	
2.76733	8.99689	
2.76733	8.99811	
2.76794	8.99689	
2.76703	8.99658	
2.76764	8.99719	
2.76794	8.99628	
2.76794	8.99506	
2.76825	8.99628	
2.76764	8.99841	
2.76764	8.99628	
2.76733	8.99658	
2.76703	8.99689	
2.76764	8.99628	
2.76764	8.99689	
2.76764	8.99567	
2.76764	8.9978	
2.76794	8.9975	
2.76794	8.99811	
2.76794	8.99689	
2.76855	8.99597	
2.76855	8.99689	
2.76825	8.99658	
2.76794	8.99658	
2.76855	8.9978	
2.76794	8.99811	
2.76855	8.99658	
2.76917	8.99689	
2.76764	8.99658	
2.76855	8.99658	
2.76794	8.99628	
2.76886	8.99506	
2.76764	8.99689	
2.76794	8.99719	
2.76825	8.9975	
2.76886	8.99689	
2.76886	8.99689	
2.76825	8.99536	
2.76855	8.99719	
2.76855	8.9978	
2.76947	8.99719	
2.76794	8.99628	
2.76764	8.99567	
2.76855	8.99658	
2.76855	8.9975	
2.76794	8.99658	
2.76886	8.99658	
2.76855	8.99597	
2.76794	8.99567	
2.76855	8.99689	
2.76917	8.99628	
2.76855	8.99658	
2.76794	8.99597	
2.76886	8.99689	
2.76886	8.99658	
2.76978	8.99597	
2.76917	8.99689	
2.76855	8.99567	
2.76855	8.99628	
2.76886	8.99689	
2.76886	8.99628	
2.76886	8.99536	
2.76886	8.99658	
2.76886	8.99445	
2.76886	8.99658	
2.76825	8.99841	
2.76917	8.99628	
2.76886	8.99597	
2.76886	8.99689	
2.76855	8.99658	
2.76947	8.99689	
2.76886	8.99628	
2.76886	8.99719	
2.76917	8.99597	
2.76947	8.9978	
2.76917	8.99628	
2.76886	8.99658	
2.76886	8.99567	
2.76886	8.99628	
2.76917	8.99475	
2.76947	8.99597	
2.76917	8.99811	
2.76947	8.99719	
2.76947	8.99628	
2.76978	8.99689	
2.76917	8.99536	
2.76947	8.99628	
2.76917	8.9975	
2.76947	8.9975	
2.76947	8.99628	
2.76886	8.99567	
2.76978	8.99628	
2.76886	8.99597	
2.76886	8.99567	
2.76886	8.99628	
2.76947	8.9975	
2.76978	8.99658	
2.76917	8.99567	
2.76886	8.99628	
2.76917	8.99628	
2.76947	8.99719	
2.76947	8.99567	
2.76947	8.99719	
2.77008	8.99567	
2.76917	8.99567	
2.76917	8.99658	
2.76947	8.99567	
2.77008	8.99475	
2.76978	8.99475	
2.76947	8.99628	
2.76917	8.99628	
2.76947	8.99719	
2.76917	8.99597	
2.76917	8.99567	
2.76947	8.99567	
2.76978	8.99628	
2.76978	8.99506	
2.76947	8.99597	
2.76978	8.9975	
2.76947	8.9975	
2.77039	8.99597	
2.76947	8.99567	
2.76978	8.99628	
2.76917	8.99445	
2.77008	8.99414	
2.76947	8.99658	
2.76917	8.99567	
2.76978	8.99628	
2.76978	8.99567	
2.76947	8.99628	
2.76978	8.99536	
2.76978	8.99445	
2.76947	8.99628	
2.76947	8.99567	
2.76917	8.99567	
2.77008	8.99536	
2.77039	8.99628	
2.77069	8.99658	
2.76978	8.99536	
2.76978	8.99658	
2.76947	8.99658	
2.76978	8.99719	
2.77008	8.99597	
2.77039	8.99597	
2.76978	8.99597	
2.76947	8.99567	
2.76978	8.99475	
2.77008	8.99414	
2.76978	8.99658	
2.77008	8.99597	
2.76978	8.99597	
2.77039	8.99506	
2.77039	8.99567	
2.76947	8.99628	
2.77008	8.99536	
2.77008	8.99628	
2.76947	8.99506	
2.76947	8.99658	
2.77008	8.99628	
2.76947	8.99536	
2.77008	8.99536	
2.77039	8.99475	
2.77008	8.99597	
2.77039	8.99597	
2.76978	8.99323	
2.77039	8.99445	
2.77039	8.99597	
2.77008	8.99658	
2.76917	8.99689	
2.77008	8.99506	
2.77039	8.99475	
2.77008	8.99506	
2.76978	8.99567	
2.77008	8.99506	
2.76978	8.99445	
2.76978	8.99414	
2.77008	8.99445	
2.77069	8.99658	
2.77039	8.99628	
2.77039	8.99506	
2.77039	8.99567	
2.77008	8.99567	
2.77039	8.99414	
2.76978	8.99506	
2.77069	8.99567	
2.77069	8.99628	
2.77069	8.99597	
2.77039	8.99567	
2.77039	8.99506	
2.77008	8.99628	
2.77039	8.99475	
2.77008	8.99506	
2.771	8.99628	
2.77039	8.99475	
2.77008	8.99475	
2.77069	8.99506	
2.77039	8.99506	
2.77039	8.99597	
2.77069	8.99506	
2.77039	8.99719	
2.77039	8.99628	
2.77008	8.99567	
2.7713	8.99597	
2.77039	8.99475	
2.77039	8.99506	
2.77039	8.99567	
2.77039	8.99597	
2.77069	8.99475	
2.77039	8.99628	
2.77161	8.99536	
2.77039	8.99506	
2.77008	8.99567	
2.771	8.99567	
2.7713	8.99597	
2.77069	8.99506	
2.77069	8.99384	
2.771	8.99506	
2.7713	8.99689	
2.771	8.99597	
2.77008	8.99597	
2.771	8.99506	
2.7713	8.99475	
2.77039	8.99536	
2.77069	8.99506	
2.77069	8.99536	
2.77069	8.99475	
2.77008	8.99628	
2.77069	8.99506	
2.77069	8.99475	
2.771	8.99384	
2.77039	8.99567	
2.771	8.99475	
2.7713	8.99567	
2.77069	8.99536	
2.771	8.99445	
2.771	8.99506	
2.7713	8.99445	
2.77161	8.99445	
2.7713	8.99506	
2.77161	8.99414	
2.7713	8.99323	
2.7713	8.99536	
2.77161	8.99597	
2.77069	8.99597	
2.7713	8.99536	
2.771	8.99445	
2.7713	8.99536	
2.7713	8.99475	
2.771	8.99475	
2.771	8.99536	
2.771	8.99292	
2.771	8.99353	
2.7713	8.99445	
2.77191	8.99445	
2.771	8.99567	
2.77161	8.99445	
2.77069	8.99567	
2.77069	8.99445	
2.77161	8.99475	
2.7713	8.99506	
2.771	8.99414	
2.771	8.99353	
2.7713	8.99445	
2.77069	8.99475	
2.771	8.99414	
2.77161	8.99353	
2.77191	8.99506	
2.77222	8.99597	
2.7713	8.99506	
2.77161	8.99628	
2.77161	8.99597	
2.77161	8.99567	
2.77191	8.99536	
2.77222	8.99445	
2.77222	8.99506	
2.77191	8.99475	
2.77069	8.99506	
2.7713	8.99658	
2.77161	8.99506	
2.771	8.99506	
2.77191	8.99384	
2.7713	8.99506	
2.7713	8.99353	
2.7713	8.99506	
2.77222	8.99567	
2.77161	8.99475	
2.7713	8.99597	
2.7713	8.99414	
2.77191	8.99506	
2.77191	8.99475	
2.77191	8.99445	
2.7713	8.99445	
2.7713	8.99475	
2.77161	8.99445	
2.77252	8.99353	
2.77222	8.99323	
2.77222	8.99384	
2.77161	8.99597	
2.77191	8.99475	
2.7713	8.99628	
2.77161	8.99414	
2.77161	8.99414	
2.77161	8.99475	
2.77191	8.99384	
2.77252	8.99475	
2.77191	8.99414	
2.77161	8.99445	
2.77191	8.99445	
2.77191	8.99292	
2.77283	8.99353	
2.77283	8.99506	
2.77191	8.99475	
2.77283	8.99597	
2.77222	8.99384	
2.77222	8.99536	
2.77283	8.99323	
2.77252	8.99414	
2.77313	8.99323	
2.77252	8.99353	
2.77222	8.99414	
2.77283	8.99414	
2.77191	8.99261	
2.77222	8.99323	
2.77222	8.99384	
2.77252	8.99414	
2.77313	8.99506	
2.77283	8.99445	
2.77252	8.99597	
2.77283	8.99414	
2.77252	8.99506	
2.77283	8.99414	
2.77191	8.99445	
2.77252	8.99445	
2.77313	8.99445	
2.77252	8.99445	
2.77252	8.99292	
2.77252	8.99445	
2.77222	8.99384	
2.77222	8.99445	
2.77191	8.99445	
2.77191	8.99261	
2.77252	8.99353	
2.77252	8.99506	
2.77283	8.99506	
2.77191	8.99597	
2.77344	8.99384	
2.77283	8.99597	
2.77222	8.99445	
2.77252	8.99261	
2.77313	8.99384	
2.77252	8.99353	
2.77283	8.99384	
2.77252	8.99445	
2.77283	8.99414	
2.77252	8.99384	
2.77252	8.99261	
2.77283	8.99445	
2.77283	8.99445	
2.77283	8.99445	
2.77252	8.99567	
2.77283	8.99445	
2.77252	8.99506	
2.77283	8.99384	
2.77252	8.99384	
2.77283	8.99353	
2.77283	8.99414	
2.77252	8.99475	
2.77283	8.99353	
2.77283	8.99261	
2.77344	8.99414	
2.77313	8.99445	
2.77344	8.99445	
2.77313	8.99567	
2.77252	8.99414	
2.77283	8.99567	
2.77283	8.99414	
2.77344	8.99597	
2.77313	8.99384	
2.77344	8.99323	
2.77344	8.99445	
2.77252	8.99445	
2.77313	8.99384	
2.77252	8.99353	
2.77344	8.99445	
2.77344	8.99323	
2.77374	8.99445	
2.77374	8.99353	
2.77344	8.99414	
2.77313	8.99445	
2.77374	8.99506	
2.77344	8.99536	
2.77374	8.99506	
2.77344	8.99475	
2.77313	8.99445	
2.77405	8.99353	
2.77405	8.99475	
2.77313	8.99384	
2.77374	8.99292	
2.77283	8.99384	
2.77313	8.99445	
2.77374	8.99231	
2.77374	8.99445	
2.77313	8.99353	
2.77344	8.99384	
2.77344	8.99475	
2.77344	8.99445	
2.77313	8.99445	
2.77283	8.99414	
2.77344	8.99384	
2.77374	8.99414	
2.77344	8.99414	
2.77283	8.99353	
2.77344	8.99475	
2.77344	8.99261	
2.77435	8.99414	
2.77283	8.99323	
2.77405	8.99323	
2.77405	8.99475	
2.77374	8.99323	
2.77344	8.99384	
2.77374	8.99384	
2.77344	8.99445	
2.77405	8.99323	
2.77435	8.99323	
2.77405	8.992	
2.77374	8.99353	
2.77374	8.9917	
2.77374	8.99292	
2.77405	8.99506	
2.77344	8.99414	
2.77374	8.99414	
2.77313	8.99414	
2.77405	8.99261	
2.77405	8.99353	
2.77374	8.99292	
2.77405	8.99323	
2.77405	8.99445	
2.77374	8.99323	
2.77435	8.99445	
2.77344	8.99261	
2.77435	8.99353	
2.77344	8.99414	
2.77374	8.99323	
2.77405	8.99506	
2.77405	8.99323	
2.77344	8.99353	
2.77435	8.99323	
2.77344	8.99353	
2.77374	8.99414	
2.77374	8.99384	
2.77405	8.99323	
2.77405	8.99292	
2.77466	8.99231	
2.77435	8.99231	
2.77405	8.99414	
2.77405	8.99231	
2.77374	8.99445	
2.77405	8.99475	
2.77435	8.99536	
2.77435	8.99323	
2.77466	8.99506	
2.77435	8.99414	
2.77435	8.99445	
2.77466	8.99323	
2.77496	8.99353	
2.77405	8.99353	
2.77466	8.99414	
2.77466	8.99384	
2.77405	8.99323	
2.77435	8.99323	
2.77435	8.99353	
2.77466	8.99414	
2.77405	8.99323	
2.77405	8.99261	
2.77435	8.99384	
2.77405	8.99353	
2.77466	8.99261	
2.77405	8.99445	
2.77466	8.99323	
2.77435	8.99445	
2.77405	8.99414	
2.77405	8.99414	
2.77405	8.99323	
2.77466	8.99353	
2.77527	8.99353	
2.77466	8.99261	
2.77435	8.99353	
2.77435	8.99292	
2.77435	8.9917	
2.77496	8.99323	
2.77435	8.9917	
2.77496	8.99353	
2.77466	8.99414	
2.77496	8.99323	
2.77496	8.99445	
2.77496	8.99414	
2.77435	8.99475	
2.77496	8.99323	
2.77435	8.99384	
2.77496	8.99353	
2.77496	8.99353	
2.77466	8.99323	
2.77435	8.99323	
2.77435	8.99414	
2.77466	8.99323	
2.77496	8.99261	
2.77466	8.99231	
2.77496	8.99261	
2.77466	8.99292	
2.77405	8.99506	
2.77527	8.99353	
2.77466	8.99445	
2.77496	8.99261	
2.77435	8.99323	
2.77405	8.99323	
2.77435	8.99231	
2.77435	8.99231	
2.77435	8.99292	
2.77435	8.99353	
2.77466	8.99323	
2.77496	8.99384	
2.77466	8.99292	
2.77496	8.9917	
2.77588	8.99292	
2.77557	8.99323	
2.77466	8.99292	
2.77496	8.99414	
2.77527	8.99475	
2.77466	8.99475	
2.77527	8.99414	
2.77466	8.992	
2.77527	8.99353	
2.77496	8.99323	
2.77466	8.99261	
2.77466	8.99292	
2.77557	8.99292	
2.77435	8.99323	
2.77527	8.99323	
2.77435	8.99353	
2.77466	8.99231	
2.77557	8.99231	
2.77496	8.99078	
2.77496	8.99292	
2.77466	8.992	
2.77527	8.99261	
2.77496	8.99414	
2.77527	8.99292	
2.77588	8.99414	
2.77527	8.99261	
2.77496	8.99231	
2.77496	8.992	
2.77557	8.99261	
2.77527	8.99231	
2.77527	8.99261	
2.77496	8.9917	
2.77466	8.992	
2.77496	8.99323	
2.77557	8.99292	
2.77496	8.99323	
2.77435	8.99384	
2.77527	8.99353	
2.77557	8.99231	
2.77557	8.99048	
2.77435	8.99231	
2.77496	8.992	
2.77557	8.9917	
2.77527	8.992	
2.77557	8.99139	
2.77588	8.99292	
2.77588	8.99261	
2.77527	8.99445	
2.77557	8.99231	
2.77496	8.99414	
2.77557	8.99261	
2.77527	8.99445	
2.77588	8.99292	
2.77588	8.99414	
2.77527	8.99323	
2.77527	8.99231	
2.77527	8.99292	
2.77557	8.992	
2.77527	8.99384	
2.77466	8.99261	
2.77557	8.99292	
2.77557	8.99292	
2.77496	8.99261	
2.77496	8.99231	
2.77588	8.99414	
2.77588	8.99261	
2.77466	8.9917	
2.77496	8.992	
2.77527	8.99292	
2.77557	8.99231	
2.77557	8.99078	
2.77496	8.992	
2.77496	8.99353	
2.77496	8.99292	
2.77496	8.99445	
2.77588	8.99292	
2.77435	8.99445	
2.77649	8.99323	
2.77588	8.99445	
2.77618	8.99353	
2.77618	8.99445	
2.77588	8.99261	
2.77588	8.99353	
2.77557	8.99323	
2.77588	8.99261	
2.77588	8.99261	
2.77588	8.99292	
2.77588	8.99323	
2.77649	8.9917	
2.77618	8.99323	
2.77588	8.9917	
2.77618	8.99231	
2.77618	8.99231	
2.77618	8.99353	
2.77588	8.992	
2.77618	8.99231	
2.77588	8.9917	
2.77588	8.99353	
2.77588	8.99323	
2.77588	8.9917	
2.77649	8.99292	
2.77588	8.99139	
2.77557	8.99292	
2.77618	8.99078	
2.77679	8.99231	
2.77679	8.99109	
2.77679	8.99323	
2.7771	8.99323	
2.77618	8.99261	
2.77618	8.9917	
2.77649	8.99231	
2.77679	8.99078	
2.77679	8.99261	
2.77618	8.99048	
2.77679	8.99261	
2.77649	8.99109	
2.77649	8.992	
2.77649	8.99109	
2.77679	8.992	
2.77618	8.99109	
2.77649	8.99261	
2.77618	8.99323	
2.7774	8.9917	
2.77649	8.99353	
2.7771	8.99139	
2.77679	8.99384	
2.77679	8.99139	
2.77649	8.9917	
2.7771	8.99078	
2.7771	8.99231	
2.77618	8.99231	
2.77649	8.99384	
2.7771	8.9917	
2.77679	8.99384	
2.7771	8.99292	
2.7771	8.99292	
2.77618	8.99231	
2.77679	8.992	
2.77649	8.992	
2.7771	8.99261	
2.77649	8.99261	
2.77618	8.99292	
2.77649	8.99261	
2.77679	8.99261	
2.77649	8.992	
2.77649	8.992	
2.77649	8.992	
2.77679	8.9917	
2.77679	8.99292	
2.7771	8.99231	
2.77679	8.99353	
2.77679	8.99231	
2.77679	8.99353	
2.77649	8.99231	
2.7774	8.99261	
2.77649	8.99231	
2.77649	8.99231	
2.7771	8.99109	
2.77679	8.992	
2.77618	8.99261	
2.77649	8.99261	
2.77649	8.9917	
2.7771	8.9917	
2.77649	8.9917	
2.77649	8.99292	
2.77649	8.99139	
2.77649	8.99261	
2.77649	8.99261	
2.77679	8.99261	
2.77649	8.9917	
2.77679	8.99231	
2.77588	8.9917	
2.77649	8.99231	
2.77679	8.992	
2.77679	8.99261	
2.77649	8.992	
2.77649	8.9917	
2.77679	8.992	
2.77679	8.99231	
2.7771	8.99231	
2.7774	8.99109	
2.77679	8.99139	
2.77679	8.992	
2.7771	8.9917	
2.77679	8.992	
2.7771	8.99231	
2.7771	8.99231	
2.77679	8.992	
2.7771	8.99261	
2.77679	8.99231	
2.77679	8.9917	
2.77679	8.99261	
2.77649	8.99231	
2.7774	8.992	
2.77679	8.9917	
2.7771	8.99139	
2.77679	8.99292	
2.77771	8.99231	
2.7771	8.99292	
2.77618	8.9917	
2.77618	8.99139	
2.7771	8.992	
2.77679	8.99048	
2.7774	8.99139	
2.77679	8.9917	
2.7771	8.9917	
2.77771	8.99323	
2.77649	8.9917	
2.77679	8.99323	
2.7771	8.99231	
2.7771	8.99292	
2.77679	8.99231	
2.7774	8.99261	
2.77679	8.9917	
2.7771	8.99231	
2.77802	8.99231	
2.7771	8.992	
2.7774	8.99261	
2.77832	8.99231	
2.7774	8.9917	
2.7774	8.9917	
2.77771	8.99231	
2.7774	8.99231	
2.7774	8.99231	
2.77832	8.99261	
2.7771	8.9917	
2.77679	8.99231	
2.7774	8.99231	
2.7771	8.99109	
2.77802	8.99231	
2.77863	8.9917	
2.77832	8.9917	
2.77771	8.99139	
2.77802	8.9917	
2.7774	8.99231	
2.77771	8.9917	
2.77771	8.99231	
2.77832	8.99261	
2.77771	8.99139	
2.77771	8.9917	
2.77802	8.99109	
2.77771	8.99231	
2.7774	8.99109	
2.77771	8.99231	
2.77802	8.99139	
2.77832	8.992	
2.77771	8.99109	
2.77771	8.99231	
2.77802	8.9917	
2.77863	8.99231	
2.77802	8.99017	
2.77832	8.99109	
2.77893	8.99048	
2.77802	8.99109	
2.77802	8.9917	
2.77802	8.9917	
2.77771	8.99139	
2.77832	8.99353	
2.77832	8.99109	
2.77802	8.992	
2.77771	8.9917	
2.77832	8.99078	
2.77832	8.992	
2.77832	8.99139	
2.7774	8.99109	
2.77863	8.9917	
2.7774	8.9917	
2.77832	8.99231	
2.77863	8.99109	
2.77863	8.992	
2.77771	8.99109	
2.7774	8.99231	
2.77832	8.992	
2.7774	8.99261	
2.77832	8.99139	
2.77771	8.99261	
2.77771	8.992	
2.77802	8.99109	
2.77771	8.9917	
2.77802	8.9917	
2.77832	8.99078	
2.77863	8.98956	
2.77771	8.99078	
2.7774	8.98987	
2.77893	8.99139	
2.77771	8.99078	
2.77832	8.99048	
2.7774	8.99017	
2.77771	8.99109	
2.7774	8.98926	
2.7774	8.99078	
2.7774	8.99017	
2.77863	8.99078	
2.77863	8.98987	
2.77771	8.99048	
2.77832	8.98926	
2.77863	8.99078	
2.77863	8.98987	
2.77832	8.98926	
2.77924	8.99231	
2.77893	8.992	
2.77863	8.99261	
2.77863	8.9917	
2.77802	8.99231	
2.77863	8.99292	
2.77863	8.99323	
2.77802	8.99139	
2.77924	8.99078	
2.77863	8.99109	
2.77924	8.99017	
2.77893	8.99139	
2.77863	8.9917	
2.77832	8.9917	
2.77863	8.98987	
2.77893	8.9917	
2.77832	8.99078	
2.77802	8.99078	
2.77863	8.99078	
2.77893	8.99139	
2.77863	8.99109	
2.77863	8.9917	
2.77893	8.99017	
2.77832	8.99109	
2.77863	8.99017	
2.77832	8.99109	
2.77863	8.99109	
2.77863	8.99139	
2.77863	8.99048	
2.77893	8.9917	
2.77832	8.99048	
2.77863	8.99078	
2.77771	8.99078	
2.77863	8.9917	
2.77832	8.99048	
2.77893	8.99139	
2.77832	8.99139	
2.77771	8.99109	
2.77893	8.9917	
2.77863	8.99078	
2.77893	8.99078	
2.77832	8.992	
2.77863	8.99139	
2.77893	8.99078	
2.77863	8.98987	
2.77863	8.9917	
2.77863	8.99078	
2.77893	8.9917	
2.77863	8.9917	
2.77832	8.99109	
2.77893	8.9917	
2.77863	8.99109	
2.77985	8.992	
2.77924	8.992	
2.77893	8.99292	
2.77954	8.9917	
2.77924	8.992	
2.77924	8.99139	
2.77924	8.992	
2.77924	8.99048	
2.77924	8.99109	
2.77893	8.99139	
2.77924	8.99048	
2.77985	8.99109	
2.77985	8.98956	
2.77924	8.99078	
2.77924	8.98987	
2.77924	8.99078	
2.77924	8.99109	
2.77954	8.9917	
2.77985	8.99109	
2.77893	8.9917	
2.77893	8.99109	
2.77924	8.9917	
2.77954	8.99139	
2.77954	8.99109	
2.77985	8.99139	
2.77954	8.9917	
2.77954	8.99231	
2.77924	8.99109	
2.77924	8.99109	
2.77893	8.99261	
2.77985	8.99078	
2.77924	8.99292	
2.77924	8.992	
2.77924	8.992	
2.77954	8.992	
2.77954	8.99139	
2.77954	8.99078	
2.77893	8.9917	
2.77863	8.99048	
2.77893	8.992	
2.77924	8.99109	
2.77924	8.99323	
2.77985	8.9917	
2.77985	8.99231	
2.77985	8.9917	
2.77954	8.99231	
2.77954	8.99139	
2.77924	8.992	
2.77985	8.99109	
2.77954	8.99109	
2.77893	8.99139	
2.77954	8.9917	
2.77924	8.99048	
2.77954	8.99261	
2.77924	8.99078	
2.77924	8.99231	
2.77924	8.99139	
2.77893	8.9917	
2.77954	8.99078	
2.77924	8.99109	
2.77985	8.98956	
2.77954	8.99261	
2.77924	8.98865	
2.77863	8.98926	
2.77924	8.98987	
2.77954	8.98987	
2.77985	8.98987	
2.77954	8.98956	
2.77985	8.99048	
2.77954	8.99048	
2.77924	8.99109	
2.77954	8.99139	
2.77954	8.99017	
2.77924	8.99109	
2.77954	8.99048	
2.77924	8.99078	
2.77954	8.99017	
2.77985	8.99048	
2.77924	8.99078	
2.77954	8.99139	
2.77954	8.99231	
2.77924	8.99078	
2.77985	8.992	
2.78015	8.99109	
2.77985	8.99261	
2.77924	8.98956	
2.77985	8.98895	
2.77985	8.99048	
2.78015	8.98987	
2.77954	8.99109	
2.78015	8.99017	
2.77985	8.99139	
2.77985	8.99109	
2.77954	8.99048	
2.77954	8.9917	
2.78015	8.99109	
2.77954	8.99139	
2.77985	8.99048	
2.77985	8.99139	
2.77954	8.99078	
2.77954	8.99139	
2.77954	8.99078	
2.77954	8.99048	
2.77985	8.99048	
2.77985	8.99017	
2.77985	8.99048	
2.78015	8.99078	
2.77985	8.99078	
2.78015	8.99078	
2.78076	8.99048	
2.78015	8.99017	
2.78015	8.99109	
2.78015	8.99078	
2.77985	8.9917	
2.77985	8.99048	
2.77985	8.99078	
2.78015	8.98987	
2.78015	8.99017	
2.78046	8.98956	
2.78015	8.98956	
2.77954	8.99048	
2.78015	8.98987	
2.77954	8.99048	
2.78015	8.99048	
2.77985	8.98987	
2.77985	8.98987	
2.78076	8.98987	
2.78107	8.98956	
2.77985	8.98987	
2.78076	8.98956	
2.78046	8.98987	
2.78015	8.98987	
2.78137	8.9917	
2.78015	8.98987	
2.78015	8.99109	
2.78015	8.99048	
2.78076	8.99078	
2.78076	8.98987	
2.78076	8.98895	
2.78046	8.99048	
2.78076	8.98773	
2.78015	8.99017	
2.78076	8.98987	
2.78015	8.98987	
2.78076	8.99017	
2.78046	8.98926	
2.78046	8.98926	
2.78137	8.98956	
2.78076	8.99017	
2.78046	8.98956	
2.78015	8.98956	
2.78076	8.99109	
2.78046	8.99017	
2.78046	8.992	
2.78046	8.99017	
2.78076	8.99017	
2.78137	8.98895	
2.78107	8.98956	
2.78015	8.98987	
2.78076	8.98804	
2.78137	8.98987	
2.78046	8.992	
2.78107	8.99048	
2.78107	8.98987	
2.78137	8.98987	
2.78137	8.99048	
2.78107	8.99017	
2.78076	8.99017	
2.78015	8.98956	
2.78107	8.98956	
2.78076	8.99048	
2.78015	8.99017	
2.78076	8.98895	
2.78107	8.99017	
2.78137	8.99109	
2.78107	8.99017	
2.78107	8.99017	
2.78137	8.98987	
2.78107	8.99017	
2.78107	8.98956	
2.78076	8.99017	
2.78076	8.98926	
2.78076	8.99017	
2.78137	8.98926	
2.78046	8.99109	
2.78046	8.99048	
2.78137	8.99078	
2.78076	8.98956	
2.78107	8.98956	
2.78015	8.99048	
2.78046	8.99017	
2.78107	8.99078	
2.78076	8.99017	
2.78076	8.99078	
2.78076	8.98895	
2.78046	8.99017	
2.78076	8.98926	
2.78137	8.98895	
2.78137	8.98987	
2.78046	8.98895	
2.78107	8.99017	
2.78107	8.98956	
2.78046	8.99048	
2.78107	8.99048	
2.78076	8.98956	
2.78046	8.98956	
2.78076	8.98987	
2.78076	8.99109	
2.78076	8.98926	
2.78076	8.98956	
2.78107	8.99048	
2.78137	8.98956	
2.78168	8.99109	
2.78046	8.99048	
2.78107	8.98987	
2.78076	8.99017	
2.78137	8.98865	
2.78107	8.98926	
2.78076	8.98926	
2.78137	8.98895	
2.78137	8.98956	
2.78137	8.98956	
2.78137	8.98956	
2.78046	8.98956	
2.78107	8.99017	
2.78076	8.98956	
2.78107	8.98987	
2.78076	8.99048	
2.78137	8.99048	
2.78107	8.99109	
2.78076	8.99017	
2.78015	8.99109	
2.78107	8.98834	
2.78107	8.98834	
2.78107	8.98956	
2.78168	8.99048	
2.78076	8.98987	
2.78046	8.99017	
2.78137	8.98956	
2.78137	8.98956	
2.78168	8.98895	
2.78107	8.98956	
2.78137	8.98895	
2.78107	8.98895	
2.78107	8.98987	
2.78168	8.99048	
2.78107	8.98956	
2.78137	8.98987	
2.78107	8.99139	
2.78137	8.99048	
2.78137	8.992	
2.78107	8.98956	
2.78168	8.99078	
2.78107	8.99017	
2.78107	8.98865	
2.78168	8.98926	
2.78168	8.98865	
2.78168	8.98956	
2.78137	8.98865	
2.78198	8.98987	
2.78198	8.98956	
2.78137	8.98987	
2.78198	8.99109	
2.78076	8.98865	
2.78198	8.99048	
2.78137	8.98956	
2.78137	8.99078	
2.78229	8.99048	
2.78168	8.99017	
2.78198	8.99017	
2.78137	8.99017	
2.78198	8.99109	
2.78137	8.99078	
2.78259	8.99139	
2.78168	8.99017	
2.78198	8.99078	
2.78198	8.98987	
2.78137	8.99017	
2.78168	8.98804	
2.78229	8.98834	
2.78107	8.99017	
2.78137	8.98804	
2.78198	8.98926	
2.78198	8.98834	
2.78137	8.98926	
2.78107	8.98895	
2.78168	8.98956	
2.78198	8.98987	
2.78198	8.98926	
2.78229	8.98987	
2.78137	8.98956	
2.78198	8.98987	
2.78198	8.98987	
2.78168	8.98956	
2.78168	8.99048	
2.78168	8.98956	
2.78198	8.99048	
2.78198	8.98834	
2.78259	8.98804	
2.78198	8.98956	
2.78198	8.98926	
2.78198	8.98987	
2.78259	8.98987	
2.78229	8.98865	
2.78259	8.98956	
2.78198	8.98956	
2.78168	8.98956	
2.78198	8.98865	
2.78229	8.98956	
2.78168	8.99017	
2.78198	8.98987	
2.78168	8.99048	
2.78229	8.98956	
2.78198	8.99017	
2.78229	8.98987	
2.78198	8.98987	
2.78229	8.98926	
2.78259	8.98987	
2.78229	8.98804	
2.78198	8.98926	
2.78198	8.98804	
2.78229	8.98804	
2.78137	8.98987	
2.78198	8.98987	
2.78229	8.98926	
2.78259	8.98895	
2.78229	8.98895	
2.7829	8.98865	
2.78229	8.98865	
2.78168	8.98865	
2.78229	8.98926	
2.78229	8.98926	
2.78168	8.98987	
2.78198	8.99048	
2.78198	8.98987	
2.78198	8.98865	
2.78168	8.98956	
2.78198	8.98773	
2.78229	8.98895	
2.78168	8.98956	
2.78168	8.98865	
2.78259	8.98834	
2.78198	8.98865	
2.78198	8.98987	
2.78198	8.98773	
2.78198	8.98865	
2.78229	8.98926	
2.78229	8.99078	
2.78229	8.98956	
2.78229	8.98956	
2.78168	8.98956	
2.78229	8.99078	
2.78229	8.98956	
2.78259	8.99048	
2.78168	8.98956	
2.78198	8.98926	
2.78229	8.98834	
2.78259	8.98743	
2.78229	8.98987	
2.78229	8.98895	
2.78229	8.98956	
2.78198	8.98956	
2.78229	8.98895	
2.78259	8.98956	
2.78259	8.98834	
2.78259	8.98926	
2.7829	8.98926	
2.78198	8.98956	
2.78229	8.98834	
2.78259	8.98926	
2.78229	8.99078	
2.78198	8.98987	
2.78229	8.98895	
2.78229	8.98865	
2.78229	8.98865	
2.78168	8.98895	
2.78229	8.98804	
2.78198	8.98834	
2.78229	8.98773	
2.78168	8.98895	
2.78198	8.98834	
2.78198	8.98926	
2.78168	8.98926	
2.78259	8.98926	
2.78198	8.98987	
2.78259	8.99017	
2.78137	8.98865	
2.78229	8.98956	
2.78259	8.98865	
2.78198	8.98895	
2.78259	8.98956	
2.78198	8.98895	
2.78198	8.98895	
2.78137	8.98895	
2.78168	8.98834	
2.78137	8.98956	
2.78137	8.98956	
2.78137	8.99017	
2.78168	8.98987	
2.78168	8.99017	
2.78168	8.99109	
2.78137	8.98987	
2.78107	8.99017	
2.78168	8.98682	
2.78076	8.98773	
2.78168	8.99017	
2.78107	8.98895	
2.78107	8.98895	
2.78168	8.98926	
2.78107	8.98926	
2.78198	8.98926	
2.78137	8.98926	
2.78107	8.99048	
2.78168	8.98987	
2.78107	8.99017	
2.78107	8.99109	
2.78137	8.98956	
2.78137	8.98926	
2.78107	8.98834	
2.78137	8.98804	
2.78107	8.98987	
2.78137	8.99017	
2.78137	8.98926	
2.78137	8.98987	
2.78137	8.98987	
2.78107	8.98956	
2.78107	8.99017	
2.78137	8.98987	
2.78137	8.99139	
2.78107	8.98865	
2.78046	8.98865	
2.78076	8.99048	
2.78076	8.98987	
2.78137	8.98804	
2.78107	8.98956	
2.78137	8.98865	
2.78168	8.98956	
2.78168	8.98987	
2.78107	8.98926	
2.78137	8.99048	
2.78137	8.98865	
2.78168	8.98804	
2.78107	8.98926	
2.78076	8.99048	
2.78107	8.98987	
2.78107	8.98956	
2.78107	8.98926	
2.78168	8.98987	
2.78076	8.99048	
2.78137	8.98926	
2.78107	8.99017	
2.78107	8.98743	
2.78168	8.98895	
2.78107	8.98926	
2.78137	8.99048	
2.78168	8.98956	
2.78168	8.98834	
2.78137	8.98773	
2.78137	8.99017	
2.78198	8.98956	
2.78168	8.98895	
2.78137	8.9917	
2.78137	8.98956	
2.78168	8.99109	
2.78137	8.99017	
2.78137	8.98834	
2.78168	8.98926	
2.78137	8.99048	
2.78107	8.98956	
2.78198	8.99048	
2.78168	8.98895	
2.78137	8.98987	
2.78198	8.98987	
2.78198	8.98895	
2.78137	8.99048	
2.78137	8.98895	
2.78198	8.99078	
2.78137	8.98926	
2.78198	8.99048	
2.78198	8.98834	
2.78137	8.98834	
2.78198	8.98926	
2.78168	8.98926	
2.78229	8.98865	
2.78107	8.98987	
2.78107	8.98865	
2.78168	8.98926	
2.78137	8.98987	
2.78168	8.99017	
2.78229	8.99017	
2.78168	8.98834	
2.78198	8.98804	
2.78198	8.98926	
2.78198	8.98834	
2.78137	8.99017	
2.78198	8.98865	
2.78198	8.98895	
2.78229	8.98956	
2.78168	8.99048	
2.78198	8.98834	
2.78168	8.98773	
2.78259	8.98987	
2.78229	8.98926	
2.78137	8.99017	
2.78168	8.99017	
2.78137	8.98865	
2.78168	8.98987	
2.78137	8.99048	
2.78229	8.98987	
2.78137	8.99048	
2.78137	8.99048	
2.78198	8.98926	
2.78229	8.98956	
2.78168	8.98987	
2.78168	8.99017	
2.78259	8.98956	
2.78198	8.99109	
2.78229	8.98956	
2.78229	8.99109	
2.78168	8.98865	
2.78198	8.98926	
2.78198	8.98865	
2.78168	8.98895	
2.78198	8.98895	
2.78107	8.99017	
2.78229	8.98773	
2.78229	8.98987	
2.78198	8.99109	
2.78198	8.98926	
2.7832	8.98926	
2.78229	8.98956	
2.78259	8.98804	
2.78198	8.98865	
2.78168	8.98743	
2.78198	8.98834	
2.78198	8.98834	
2.78198	8.98895	
2.78137	8.98926	
2.78229	8.98895	
2.78198	8.98926	
2.78168	8.98865	
2.78198	8.98926	
2.78229	8.98895	
2.78168	8.98926	
2.78198	8.99048	
2.78137	8.98956	
2.78229	8.98987	
2.78259	8.98865	
2.78259	8.99048	
2.78168	8.98956	
2.78198	8.98956	
2.78229	8.98926	
2.78198	8.98926	
2.78229	8.99048	
2.78229	8.98956	
2.78168	8.98956	
2.78198	8.98865	
2.78168	8.98834	
2.78229	8.98956	
2.78229	8.98987	
2.78229	8.98926	
2.78229	8.98956	
2.78198	8.98895	
2.78259	8.98956	
2.78137	8.99048	
2.78198	8.98987	
2.78198	8.98895	
2.78168	8.98895	
2.78229	8.98926	
2.78168	8.98956	
2.7832	8.98865	
2.78229	8.98956	
2.78259	8.98956	
2.78229	8.98987	
2.78198	8.98895	
2.78198	8.99017	
2.78229	8.98773	
2.78198	8.98804	
2.78198	8.98956	
2.78168	8.98987	
2.78229	8.98956	
2.78198	8.98895	
2.78229	8.98895	
2.78351	8.98926	
2.78229	8.99109	
2.78229	8.98865	
2.78259	8.98926	
2.78229	8.98895	
2.78229	8.98773	
2.78229	8.98895	
2.78259	8.98865	
2.78229	8.98865	
2.7829	8.98895	
2.78229	8.98834	
2.7832	8.98865	
2.7829	8.98987	
2.7829	8.98895	
2.78259	8.98834	
2.7832	8.98865	
2.78259	8.98865	
2.7829	8.98895	
2.7829	8.98834	
2.78259	8.98865	
2.78259	8.98834	
2.78259	8.98926	
2.7832	8.98895	
2.7829	8.98895	
2.7832	8.98804	
2.78229	8.98743	
2.78351	8.98834	
2.7829	8.98895	
2.78229	8.98926	
2.7832	8.98865	
2.7832	8.98865	
2.7832	8.98956	
2.78229	8.98926	
2.78259	8.98926	
2.7829	8.98895	
2.7832	8.98682	
2.7832	8.98773	
2.7829	8.98865	
2.7832	8.98865	
2.78381	8.98773	
2.7829	8.98895	
2.7832	8.98987	
2.78259	8.98834	
2.78259	8.98682	
2.7829	8.98834	
2.78198	8.98834	
2.78351	8.98773	
2.78259	8.98895	
2.7829	8.98895	
2.7829	8.98834	
2.7832	8.98926	
2.7832	8.98773	
2.78259	8.98712	
2.7832	8.98834	
2.7832	8.98834	
2.7832	8.98834	
2.78351	8.98895	
2.7832	8.98865	
2.78229	8.98834	
2.78259	8.98773	
2.78351	8.98834	
2.78381	8.98804	
2.78381	8.98834	
2.7832	8.98865	
2.78412	8.98926	
2.78412	8.98865	
2.78381	8.99017	
2.7832	8.98773	
2.78351	8.98895	
2.78351	8.98834	
2.78351	8.98926	
2.78351	8.98865	
2.78351	8.98865	
2.7832	8.98834	
2.78381	8.98834	
2.78412	8.98834	
2.7832	8.98956	
2.7832	8.98926	
2.78351	8.98987	
2.7832	8.98987	
2.7832	8.98834	
2.78381	8.98773	
2.78351	8.98895	
2.78351	8.98834	
2.78381	8.98895	
2.7832	8.98865	
2.78351	8.98926	
2.7832	8.98987	
2.7832	8.98895	
2.78351	8.98895	
2.78351	8.98987	
2.7832	8.98895	
2.78351	8.98834	
2.78351	8.98895	
2.78351	8.98865	
2.7832	8.98895	
2.7832	8.98834	
2.78412	8.98865	
2.78351	8.98895	
2.78351	8.98895	
2.78351	8.98804	
2.78351	8.98804	
2.78381	8.99048	
2.78381	8.98773	
2.7829	8.98743	
2.7832	8.98895	
2.7832	8.98834	
2.78381	8.98834	
2.78351	8.98834	
2.78351	8.98834	
2.7829	8.98865	
2.78351	8.98926	
2.7832	8.98773	
2.7832	8.98682	
2.78381	8.98743	
2.78351	8.98895	
2.78351	8.98743	
2.78259	8.98895	
2.7832	8.98804	
2.7829	8.98895	
2.7832	8.98926	
2.7829	8.98773	
2.7832	8.98865	
2.78351	8.98865	
2.78351	8.98926	
2.78351	8.98834	
2.78351	8.98895	
2.7829	8.98926	
2.7829	8.98895	
2.78351	8.98987	
2.7829	8.98926	
2.7832	8.98743	
2.78351	8.98834	
2.7829	8.98926	
2.78351	8.98895	
2.7829	8.98895	
2.78351	8.98834	
2.7832	8.98834	
2.78381	8.98987	
2.78351	8.98895	
2.78351	8.98956	
2.78351	8.98804	
2.78381	8.98712	
2.7832	8.98926	
2.78412	8.98773	
2.78381	8.98804	
2.78351	8.98926	
2.78381	8.98804	
2.78412	8.98895	
2.78442	8.99017	
2.78412	8.98926	
2.78351	8.99078	
2.78412	8.98804	
2.78351	8.98743	
2.78381	8.98804	
2.78412	8.98773	
2.78381	8.98804	
2.78381	8.98865	
2.78259	8.98865	
2.78412	8.98987	
2.78442	8.98834	
2.78381	8.98895	
2.78412	8.98804	
2.78351	8.98834	
2.78381	8.98804	
2.7832	8.98804	
2.78412	8.98865	
2.78351	8.98773	
2.78351	8.98865	
2.78381	8.98987	
2.78381	8.98804	
2.78381	8.98743	
2.78412	8.98865	
2.78381	8.98895	
2.78412	8.98804	
2.78381	8.98773	
2.78412	8.98743	
2.78412	8.98834	
2.78442	8.98834	
2.78442	8.98773	
2.78412	8.98834	
2.78473	8.98773	
2.78442	8.98834	
2.78442	8.98865	
2.78381	8.98895	
2.78473	8.98956	
2.78442	8.98773	
2.78442	8.98865	
2.78442	8.98865	
2.78473	8.98804	
2.78473	8.98804	
2.78503	8.98804	
2.78473	8.99078	
2.78534	8.98895	
2.78473	8.98865	
2.78442	8.98834	
2.78381	8.98834	
2.78473	8.98804	
2.78534	8.98865	
2.78412	8.98987	
2.78412	8.98834	
2.78442	8.98682	
2.78442	8.98743	
2.78442	8.98895	
2.78503	8.98773	
2.78503	8.98834	
2.78442	8.98987	
2.78473	8.98743	
2.78473	8.98651	
2.78503	8.98834	
2.78473	8.98865	
2.78473	8.98773	
2.78473	8.98804	
2.78442	8.99048	
2.78503	8.98621	
2.78442	8.98743	
2.78412	8.98773	
2.78503	8.98804	
2.78442	8.98895	
2.78473	8.98895	
2.78442	8.98834	
2.78442	8.98865	
2.78503	8.98804	
2.78412	8.98712	
2.78473	8.98712	
2.78503	8.98773	
2.78473	8.98834	
2.78503	8.98804	
2.78503	8.98682	
2.78412	8.98834	
2.78442	8.98804	
2.78473	8.98743	
2.78473	8.98987	
2.78442	8.98712	
2.78412	8.9859	
2.78503	8.98743	
2.78503	8.98743	
2.78381	8.98743	
2.78412	8.98804	
2.78473	8.9859	
2.78442	8.98773	
2.78473	8.98773	
2.78442	8.98621	
2.78503	8.98804	
2.78503	8.98956	
2.78503	8.98651	
2.78564	8.9856	
2.78534	8.98743	
2.78442	8.98743	
2.78534	8.98834	
2.78473	8.98773	
2.78473	8.98743	
2.78442	8.98804	
2.78473	8.98773	
2.78442	8.98682	
2.78503	8.98743	
2.78534	8.98804	
2.78534	8.98773	
2.78564	8.98651	
2.78503	8.98804	
2.78442	8.98773	
2.78503	8.98773	
2.78473	8.98773	
2.78595	8.98926	
2.78473	8.98651	
2.78473	8.98743	
2.78534	8.98712	
2.78564	8.98743	
2.78534	8.98712	
2.78564	8.98773	
2.78503	8.98682	
2.78473	8.98743	
2.78473	8.98895	
2.78564	8.9859	
2.78503	8.9856	
2.78564	8.98651	
2.78503	8.98743	
2.78442	8.98712	
2.78503	8.98743	
2.78503	8.98834	
2.78534	8.98651	
2.78503	8.98773	
2.78534	8.98682	
2.78473	8.98682	
2.78503	8.98743	
2.78534	8.98773	
2.78534	8.98865	
2.78595	8.98682	
2.78625	8.98804	
2.78503	8.98773	
2.78595	8.98712	
2.78595	8.98712	
2.78534	8.98743	
2.78564	8.98834	
2.78564	8.98621	
2.78564	8.98468	
2.78503	8.98651	
2.78534	8.98712	
2.78534	8.98682	
2.78595	8.98743	
2.78564	8.98834	
2.78564	8.98712	
2.78564	8.98682	
2.78534	8.98651	
2.78473	8.98682	
2.78595	8.98834	
2.78534	8.98682	
2.78564	8.98651	
2.78503	8.98712	
2.78503	8.98773	
2.78534	8.98895	
2.78564	8.98712	
2.78564	8.98621	
2.78473	8.98743	
2.78564	8.98773	
2.78595	8.98682	
2.78595	8.98743	
2.78564	8.98895	
2.78595	8.9859	
2.78534	8.9859	
2.78534	8.98712	
2.78564	8.98712	
2.78564	8.98773	
2.78564	8.98804	
2.78534	8.98804	
2.78564	8.98773	
2.78442	8.98834	
2.78503	8.98682	
2.78503	8.98712	
2.78503	8.98804	
2.78564	8.98621	
2.78473	8.98529	
2.78534	8.98621	
2.78595	8.98651	
2.78564	8.98682	
2.78595	8.98651	
2.78534	8.98834	
2.78503	8.98529	
2.78534	8.98621	
2.78534	8.98712	
2.78534	8.98712	
2.78534	8.98773	
2.78503	8.98682	
2.78503	8.98743	
2.78564	8.98682	
2.78534	8.98712	
2.78503	8.98712	
2.78534	8.98712	
2.78534	8.98621	
2.78503	8.98682	
2.78534	8.98743	
2.78534	8.98682	
2.78534	8.98651	
2.78564	8.98682	
2.78687	8.98651	
2.78564	8.98529	
2.78595	8.98621	
2.78595	8.98621	
2.78595	8.98621	
2.78625	8.98712	
2.78595	8.98743	
2.78595	8.98651	
2.78564	8.98712	
2.78534	8.98621	
2.78564	8.98682	
2.78595	8.98834	
2.78564	8.98621	
2.78656	8.9856	
2.78564	8.98651	
2.78534	8.98712	
2.78625	8.98651	
2.78564	8.98712	
2.78595	8.98651	
2.78625	8.98621	
2.78564	8.9859	
2.78625	8.9859	
2.78656	8.98743	
2.78625	8.98865	
2.78534	8.9856	
2.78595	8.9856	
2.78595	8.98682	
2.78625	8.98743	
2.78625	8.98651	
2.78595	8.98743	
2.78534	8.98804	
2.78625	8.98651	
2.78656	8.98773	
2.78625	8.98743	
2.78595	8.98743	
2.78625	8.98773	
2.78564	8.98712	
2.78534	8.98834	
2.78595	8.98529	
2.78625	8.98499	
2.78595	8.98621	
2.78625	8.98743	
2.78625	8.98834	
2.78656	8.98651	
2.78656	8.98499	
2.78625	8.98651	
2.78595	8.98682	
2.78595	8.98682	
2.78625	8.98682	
2.78625	8.98743	
2.78595	8.98651	
2.78625	8.98712	
2.78656	8.98621	
2.78656	8.98834	
2.78595	8.98865	
2.78625	8.98621	
2.78625	8.98651	
2.78656	8.98651	
2.78656	8.98743	
2.78534	8.98804	
2.78625	8.98682	
2.78595	8.98651	
2.78656	8.98682	
2.78625	8.98712	
2.78656	8.98773	
2.78687	8.98682	
2.78595	8.98529	
2.78625	8.98682	
2.78595	8.98651	
2.78625	8.98712	
2.78656	8.98682	
2.78625	8.98621	
2.78656	8.98743	
2.78595	8.98712	
2.78625	8.98529	
2.78595	8.98621	
2.78687	8.98773	
2.78595	8.98712	
2.78625	8.98651	
2.78625	8.98651	
2.78595	8.98682	
2.78625	8.98743	
2.78656	8.98651	
2.78625	8.98651	
2.78625	8.98682	
2.78595	8.98682	
2.78656	8.98773	
2.78625	8.98621	
2.78656	8.98376	
2.78748	8.98621	
2.78656	8.98651	
2.78625	8.98804	
2.78717	8.9859	
2.78625	8.98468	
2.78687	8.98651	
2.78687	8.9859	
2.78656	8.98621	
2.78717	8.98621	
2.78625	8.98773	
2.78656	8.98651	
2.78656	8.98621	
2.78656	8.9859	
2.78687	8.98651	
2.78625	8.98712	
2.78656	8.98682	
2.78625	8.9859	
2.78656	8.98621	
2.78625	8.98651	
2.78687	8.98712	
2.78687	8.98651	
2.78656	8.98743	
2.78625	8.98651	
2.78656	8.98651	
2.78656	8.98773	
2.78687	8.9856	
2.78717	8.98529	
2.78656	8.98621	
2.78656	8.98651	
2.78687	8.98743	
2.78687	8.98651	
2.78656	8.98529	
2.78687	8.98621	
2.78656	8.98621	
2.78656	8.9859	
2.78687	8.98712	
2.78687	8.98804	
2.78687	8.98621	
2.78717	8.98743	
2.78687	8.98529	
2.78687	8.9859	
2.78595	8.98682	
2.78625	8.98621	
2.78687	8.98499	
2.78656	8.98651	
2.78687	8.98682	
2.78656	8.98651	
2.78717	8.98712	
2.78595	8.98499	
2.78717	8.98621	
2.78656	8.98529	
2.78687	8.98743	
2.78656	8.98499	
2.78748	8.98468	
2.78687	8.98651	
2.78717	8.98651	
2.78687	8.98712	
2.78687	8.9856	
2.78717	8.98682	
2.78717	8.98529	
2.78687	8.9856	
2.78717	8.98834	
2.78687	8.9859	
2.78778	8.98682	
2.78717	8.98529	
2.78717	8.98651	
2.78748	8.9859	
2.78717	8.98529	
2.78687	8.9859	
2.78717	8.98651	
2.78748	8.98499	
2.78717	8.9856	
2.78656	8.9856	
2.78687	8.9859	
2.78748	8.98682	
2.78748	8.98712	
2.78717	8.98438	
2.78748	8.98529	
2.78656	8.98682	
2.78748	8.98682	
2.78717	8.98682	
2.78717	8.98438	
2.78778	8.98621	
2.78778	8.9859	
2.78687	8.98621	
2.78717	8.98529	
2.78748	8.9856	
2.78656	8.98529	
2.78687	8.98499	
2.78656	8.9856	
2.78656	8.9856	
2.78717	8.98621	
2.78717	8.9856	
2.78748	8.98621	
2.78656	8.98468	
2.78717	8.98651	
2.78748	8.98682	
2.78809	8.98682	
2.78717	8.98621	
2.78778	8.9859	
2.78809	8.98651	
2.78748	8.9856	
2.78717	8.9856	
2.7887	8.98651	
2.78717	8.98529	
2.78778	8.9859	
2.78778	8.98682	
2.78809	8.9856	
2.78778	8.98651	
2.78778	8.9859	
2.78809	8.98621	
2.78717	8.98743	
2.78748	8.98499	
2.78717	8.98468	
2.78687	8.98499	
2.78748	8.9859	
2.78748	8.9859	
2.78717	8.98621	
2.78778	8.98743	
2.78717	8.98499	
2.78748	8.98712	
2.78717	8.98651	
2.78809	8.98621	
2.78748	8.98682	
2.78748	8.98651	
2.78748	8.9856	
2.78778	8.98651	
2.78778	8.9856	
2.78717	8.98529	
2.78839	8.9856	
2.78748	8.98743	
2.78809	8.98682	
2.78748	8.98407	
2.78748	8.98621	
2.78717	8.98529	
2.78717	8.9856	
2.78748	8.98529	
2.78717	8.98621	
2.78809	8.9859	
2.78717	8.98651	
2.78717	8.98621	
2.78748	8.9859	
2.78687	8.98499	
2.78687	8.98499	
2.78717	8.98529	
2.78839	8.98499	
2.78778	8.98499	
2.78809	8.98651	
2.78809	8.98438	
2.78717	8.98468	
2.78839	8.9856	
2.78809	8.98529	
2.7887	8.98682	
2.78748	8.98651	
2.78778	8.9859	
2.78839	8.98529	
2.78809	8.98529	
2.78839	8.98499	
2.78839	8.98621	
2.78748	8.98438	
2.78809	8.98529	
2.78809	8.9856	
2.78778	8.98529	
2.78809	8.98651	
2.78809	8.98468	
2.78748	8.98621	
2.78717	8.98529	
2.78839	8.98712	
2.78809	8.98529	
2.78748	8.98529	
2.78809	8.9856	
2.78839	8.98529	
2.78809	8.98682	
2.78778	8.98529	
2.78748	8.9856	
2.78809	8.98529	
2.78839	8.9859	
2.78809	8.98712	
2.78778	8.9859	
2.78809	8.98407	
2.78809	8.98621	
2.78809	8.98529	
2.78778	8.98651	
2.78809	8.98621	
2.78809	8.98438	
2.78778	8.9856	
2.78778	8.98499	
2.78809	8.98743	
2.7887	8.98621	
2.78778	8.98529	
2.78839	8.9856	
2.78809	8.98468	
2.78809	8.98468	
2.78809	8.9859	
2.7887	8.98621	
2.78839	8.98712	
2.78839	8.9859	
2.78931	8.9859	
2.78839	8.98468	
2.789	8.98682	
2.78931	8.98529	
2.7887	8.9859	
2.78839	8.9856	
2.789	8.98743	
2.789	8.9859	
2.7887	8.98407	
2.78931	8.98621	
2.789	8.9859	
2.7887	8.98743	
2.78839	8.98407	
2.78839	8.98621	
2.78839	8.98468	
2.78778	8.98499	
2.7887	8.98682	
2.78931	8.98376	
2.78809	8.98651	
2.78809	8.9859	
2.789	8.98529	
2.7887	8.98682	
2.789	8.9856	
2.7887	8.98529	
2.789	8.98529	
2.78931	8.9859	
2.7887	8.98621	
2.7887	8.9859	
2.78931	8.98529	
2.789	8.9859	
2.789	8.98499	
2.78839	8.98743	
2.78839	8.98499	
2.78931	8.98651	
2.7887	8.98468	
2.789	8.98621	
2.7887	8.98621	
2.78931	8.9856	
2.789	8.9856	
2.78839	8.98651	
2.78961	8.9856	
2.78931	8.98438	
2.789	8.98621	
2.78961	8.98621	
2.78961	8.98712	
2.78931	8.98499	
2.789	8.98621	
2.7887	8.9859	
2.789	8.98468	
2.78961	8.98376	
2.78992	8.98529	
2.78931	8.9859	
2.78961	8.9859	
2.78961	8.98376	
2.78961	8.98438	
2.78931	8.9856	
2.78931	8.98499	
2.78961	8.98499	
2.78931	8.98438	
2.789	8.98529	
2.789	8.98499	
2.78931	8.9856	
2.789	8.98346	
2.78961	8.9856	
2.78839	8.9859	
2.78992	8.98499	
2.78961	8.98499	
2.789	8.9859	
2.78961	8.98529	
2.78961	8.98438	
2.78931	8.98499	
2.789	8.98651	
2.78961	8.98285	
2.78931	8.98529	
2.78931	8.9856	
2.789	8.98651	
2.78961	8.98499	
2.78931	8.98438	
2.78961	8.98499	
2.78931	8.9856	
2.78931	8.98407	
2.78992	8.98499	
2.789	8.98468	
2.7887	8.9859	
2.78961	8.98407	
2.78992	8.98438	
2.78931	8.98468	
2.79022	8.98438	
2.78961	8.98285	
2.78961	8.98376	
2.789	8.98529	
2.789	8.98621	
2.78931	8.98468	
2.78961	8.9856	
2.78931	8.98376	
2.78961	8.98468	
2.78961	8.98499	
2.789	8.98438	
2.78931	8.98438	
2.78931	8.9859	
2.78992	8.98407	
2.78931	8.98407	
2.789	8.98529	
2.789	8.98438	
2.789	8.98651	
2.78931	8.98376	
2.78931	8.98407	
2.789	8.9856	
2.78839	8.98376	
2.78931	8.98376	
2.78961	8.98468	
2.789	8.98529	
2.78961	8.98621	
2.78961	8.98468	
2.78961	8.98438	
2.78961	8.9859	
2.78931	8.98621	
2.789	8.98407	
2.78931	8.9856	
2.78961	8.9856	
2.789	8.98621	
2.78992	8.9859	
2.78931	8.98529	
2.78931	8.98682	
2.78931	8.98621	
2.78931	8.98407	
2.789	8.9856	
2.789	8.9859	
2.78992	8.98682	
2.78931	8.98621	
2.789	8.98499	
2.78961	8.98682	
2.789	8.98529	
2.7887	8.9856	
2.78839	8.98468	
2.78931	8.9859	
2.78839	8.98712	
2.7887	8.98499	
2.7887	8.9859	
2.789	8.9859	
2.789	8.98621	
2.78809	8.98468	
2.7887	8.98621	
2.789	8.98529	
2.78778	8.98651	
2.7887	8.9859	
2.7887	8.98621	
2.789	8.98651	
2.7887	8.98651	
2.789	8.98346	
2.78839	8.9856	
2.78931	8.98682	
2.78839	8.98651	
2.789	8.98376	
2.789	8.9859	
2.78839	8.98529	
2.789	8.98529	
2.789	8.98621	
2.789	8.98499	
2.78839	8.98621	
2.7887	8.98804	
2.789	8.98499	
2.78839	8.98621	
2.7887	8.9859	
2.78961	8.98621	
2.7887	8.9856	
2.7887	8.98468	
2.78931	8.98499	
2.78931	8.9859	
2.78931	8.98468	
2.78839	8.98529	
2.7887	8.98529	
2.78839	8.98621	
2.78839	8.98712	
2.7887	8.98407	
2.78839	8.98468	
2.789	8.98621	
2.78839	8.98529	
2.7887	8.98712	
2.78931	8.98529	
2.78809	8.98682	
2.789	8.98529	
2.789	8.98651	
2.78961	8.98468	
2.789	8.98499	
2.78961	8.98712	
2.78961	8.98682	
2.78931	8.98499	
2.78931	8.98621	
2.78931	8.98529	
2.78961	8.9859	
2.78992	8.98682	
2.78931	8.98621	
2.789	8.98529	
2.789	8.98651	
2.78961	8.98468	
2.78931	8.9856	
2.78961	8.98529	
2.78931	8.98499	
2.78931	8.98712	
2.789	8.98529	
2.789	8.98529	
2.78931	8.98529	
2.78931	8.98499	
2.78961	8.98712	
2.78931	8.98438	
2.78961	8.9859	
2.78961	8.98468	
2.789	8.98621	
2.789	8.98376	
2.78931	8.98529	
2.789	8.9859	
2.789	8.9856	
2.789	8.98438	
2.78961	8.98529	
2.789	8.98468	
2.78961	8.9856	
2.78992	8.98407	
2.78961	8.98499	
2.78961	8.98499	
2.789	8.98651	
2.78931	8.98499	
2.78931	8.98621	
2.78931	8.98499	
2.78992	8.98529	
2.789	8.98346	
2.78931	8.98529	
2.78931	8.98438	
2.78961	8.98651	
2.78931	8.9859	
2.78931	8.98529	
2.78931	8.98438	
2.78931	8.9856	
2.78961	8.9856	
2.78931	8.98529	
2.78961	8.98499	
2.789	8.98499	
2.78931	8.98468	
2.78961	8.98438	
2.78931	8.98499	
2.78992	8.98499	
2.789	8.9859	
2.78961	8.98346	
2.78961	8.98529	
2.78931	8.98529	
2.78961	8.98529	
2.78931	8.98682	
2.78931	8.98468	
2.78931	8.98529	
2.78839	8.98468	
2.78961	8.98529	
2.78931	8.98407	
2.78961	8.98529	
2.789	8.98529	
2.78931	8.98682	
2.78931	8.98407	
2.78992	8.9856	
2.78961	8.98438	
2.78931	8.98529	
2.78931	8.98621	
2.78931	8.98529	
2.78961	8.9859	
2.7887	8.98682	
2.79022	8.98346	
2.78931	8.9856	
2.78961	8.98468	
2.79022	8.98499	
2.78931	8.98529	
2.78961	8.9856	
2.78931	8.98468	
2.78992	8.98651	
2.78961	8.98499	
2.79022	8.98468	
2.79053	8.98651	
2.78992	8.9856	
2.78931	8.98346	
2.78961	8.98438	
2.78992	8.98529	
2.78992	8.98468	
2.78992	8.98529	
2.79053	8.98346	
2.78961	8.98499	
2.78931	8.98376	
2.78931	8.98529	
2.78992	8.98407	
2.78961	8.98315	
2.78992	8.98376	
2.78992	8.98468	
2.78992	8.9859	
2.78931	8.98346	
2.79022	8.98438	
2.78961	8.98407	
2.78992	8.98438	
2.78961	8.98529	
2.78992	8.98407	
2.78961	8.98407	
2.78961	8.98499	
2.78961	8.98499	
2.789	8.98438	
2.78931	8.98438	
2.78992	8.98499	
2.79022	8.98468	
2.78992	8.98438	
2.78931	8.98315	
2.78992	8.98499	
2.79022	8.98438	
2.78961	8.98499	
2.78961	8.98407	
2.78992	8.98376	
2.79053	8.9856	
2.79022	8.98285	
2.79114	8.98499	
2.79053	8.98407	
2.79022	8.98529	
2.78992	8.98499	
2.79083	8.98376	
2.79053	8.98438	
2.79083	8.98407	
2.79114	8.98529	
2.79083	8.98376	
2.79022	8.98376	
2.78992	8.98438	
2.79053	8.9859	
2.78992	8.98407	
2.79083	8.98468	
2.79022	8.98407	
2.79053	8.98468	
2.79053	8.98315	
2.79053	8.98376	
2.79022	8.9856	
2.79083	8.9859	
2.79053	8.98438	
2.79083	8.98468	
2.79053	8.98376	
2.79022	8.98407	
2.79022	8.98407	
2.78961	8.98499	
2.79053	8.98407	
2.79022	8.9859	
2.79053	8.98438	
2.79022	8.98346	
2.79083	8.98376	
2.79022	8.98346	
2.78992	8.9856	
2.79053	8.98438	
2.79083	8.98376	
2.79022	8.98407	
2.79083	8.98438	
2.79053	8.98499	
2.79022	8.98499	
2.79022	8.98468	
2.79053	8.98438	
2.79022	8.9856	
2.79022	8.9856	
2.78992	8.98438	
2.79022	8.98407	
2.79083	8.98407	
2.79083	8.98438	
2.79022	8.98315	
2.79022	8.98468	
2.79053	8.98499	
2.79022	8.98468	
2.79022	8.98376	
2.79053	8.98193	
2.79022	8.98468	
2.79083	8.98346	
2.79022	8.98499	
2.79022	8.98407	
2.79053	8.98285	
2.79053	8.98346	
2.79083	8.98499	
2.79114	8.98468	
2.79022	8.98407	
2.79053	8.98407	
2.79114	8.98438	
2.79053	8.98468	
2.79022	8.98407	
2.79053	8.98468	
2.79083	8.98468	
2.79022	8.9856	
2.79022	8.98224	
2.79083	8.98499	
2.78992	8.98376	
2.79053	8.98499	
2.79053	8.98468	
2.79114	8.98438	
2.79053	8.98376	
2.79022	8.98499	
2.79053	8.98407	
2.79022	8.98224	
2.79083	8.98407	
2.79053	8.98438	
2.79053	8.98407	
2.79083	8.98468	
2.79053	8.98468	
2.79053	8.98438	
2.79083	8.98438	
2.79053	8.98346	
2.78961	8.98529	
2.79022	8.98438	
2.79083	8.9859	
2.79022	8.98346	
2.79022	8.98407	
2.79022	8.98407	
2.79053	8.98468	
2.79022	8.98529	
2.79114	8.98407	
2.79022	8.98499	
2.79053	8.98468	
2.79144	8.98407	
2.79114	8.98346	
2.79053	8.98376	
2.79083	8.98376	
2.79083	8.98621	
2.79053	8.98529	
2.79083	8.98438	
2.79114	8.98315	
2.79053	8.98376	
2.79114	8.98529	
2.79144	8.98468	
2.79144	8.98438	
2.79175	8.98468	
2.79053	8.98407	
2.79083	8.98315	
2.79083	8.98346	
2.79144	8.98468	
2.79083	8.9856	
2.79114	8.98193	
2.79083	8.98468	
2.79083	8.98376	
2.79053	8.98438	
2.79083	8.98346	
2.79053	8.98468	
2.79114	8.98468	
2.79114	8.98499	
2.79144	8.98438	
2.79083	8.98315	
2.79114	8.98438	
2.79144	8.98346	
2.79114	8.98499	
2.79114	8.98407	
2.79022	8.98254	
2.79114	8.98438	
2.79114	8.98407	
2.79053	8.98438	
2.79236	8.98376	
2.79205	8.98224	
2.79114	8.98407	
2.79083	8.98376	
2.79144	8.98407	
2.79144	8.98407	
2.79114	8.98254	
2.79144	8.98346	
2.79114	8.98346	
2.79205	8.98468	
2.79144	8.98376	
2.79144	8.98376	
2.79114	8.98407	
2.79144	8.98376	
2.79083	8.98254	
2.79175	8.98285	
2.79053	8.98438	
2.79144	8.98468	
2.79144	8.98376	
2.79144	8.98376	
2.79175	8.98468	
2.79083	8.98529	
2.79114	8.98285	
2.79175	8.98376	
2.79144	8.98376	
2.79175	8.98468	
2.79205	8.98468	
2.79144	8.98468	
2.79144	8.98438	
2.79205	8.98376	
2.79175	8.98285	
2.79175	8.98407	
2.79144	8.98438	
2.79144	8.9856	
2.79144	8.98346	
2.79114	8.98438	
2.79205	8.98346	
2.79144	8.98438	
2.79144	8.98346	
2.79205	8.98285	
2.79144	8.98376	
2.79144	8.98499	
2.79205	8.98254	
2.79144	8.98438	
2.79236	8.98346	
2.79205	8.98346	
2.79175	8.98254	
2.79175	8.98315	
2.79175	8.98315	
2.79175	8.98438	
2.79114	8.98315	
2.79205	8.98376	
2.79175	8.98407	
2.79175	8.98193	
2.79205	8.98376	
2.79144	8.98315	
2.79175	8.98346	
2.79205	8.98346	
2.79205	8.98285	
2.79144	8.98315	
2.79175	8.98529	
2.79144	8.98346	
2.79144	8.98285	
2.79175	8.98407	
2.79205	8.98254	
2.79205	8.98254	
2.79205	8.98407	
2.79144	8.98376	
2.79083	8.98376	
2.79144	8.98346	
2.79175	8.98285	
2.79205	8.98376	
2.79205	8.98193	
2.79175	8.98193	
2.79144	8.98346	
2.79205	8.98346	
2.79083	8.98254	
2.79144	8.98346	
2.79144	8.98376	
2.79144	8.98499	
2.79175	8.98254	
2.79175	8.98315	
2.79175	8.98407	
2.79205	8.98346	
2.79144	8.98346	
2.79175	8.98407	
2.79175	8.98346	
2.79205	8.98163	
2.79175	8.98254	
2.79175	8.98315	
2.79236	8.98346	
2.79175	8.98254	
2.79175	8.98346	
2.79144	8.98529	
2.79205	8.98315	
2.79175	8.98315	
2.79144	8.98499	
2.79205	8.98254	
2.79236	8.98315	
2.79205	8.98376	
2.79205	8.98407	
2.79175	8.98193	
2.79205	8.98315	
2.79236	8.98315	
2.79144	8.98468	
2.79205	8.98285	
2.79144	8.98376	
2.79236	8.98376	
2.79175	8.98315	
2.79236	8.98285	
2.79144	8.98407	
2.79144	8.98407	
2.79205	8.98224	
2.79175	8.98346	
2.79144	8.98376	
2.79175	8.98438	
2.79205	8.98315	
2.79205	8.98376	
2.79144	8.98285	
2.79175	8.98315	
2.79236	8.98407	
2.79175	8.98376	
2.79236	8.98285	
2.79175	8.98407	
2.79175	8.98315	
2.79144	8.98315	
2.79205	8.98407	
2.79144	8.98315	
2.79205	8.98407	
2.79114	8.98254	
2.79236	8.98376	
2.79175	8.98193	
2.79205	8.98285	
2.79297	8.98315	
2.79236	8.98285	
2.79205	8.98346	
2.79144	8.98285	
2.79236	8.98346	
2.79297	8.98163	
2.79175	8.98285	
2.79236	8.98285	
2.79236	8.98315	
2.79144	8.98132	
2.79266	8.98285	
2.79205	8.98285	
2.79236	8.98224	
2.79236	8.98346	
2.79205	8.98285	
2.79236	8.98438	
2.79205	8.98285	
2.79205	8.98315	
2.79205	8.98285	
2.79297	8.98254	
2.79266	8.98041	
2.79266	8.98285	
2.79236	8.98285	
2.79327	8.98315	
2.79327	8.98254	
2.79236	8.98285	
2.79205	8.98438	
2.79205	8.98163	
2.79236	8.98315	
2.79205	8.98254	
2.79266	8.98285	
2.79236	8.98132	
2.79266	8.98224	
2.79297	8.98285	
2.79266	8.98438	
2.79236	8.98346	
2.79297	8.98285	
2.79266	8.98224	
2.79236	8.98376	
2.79236	8.98163	
2.79236	8.98254	
2.79205	8.98193	
2.79297	8.98376	
2.79236	8.98285	
2.79205	8.98346	
2.79297	8.98315	
2.79266	8.98254	
2.79327	8.98193	
2.79297	8.98254	
2.79236	8.98285	
2.79297	8.98468	
2.79266	8.98254	
2.79266	8.98376	
2.79236	8.98346	
2.79297	8.98163	
2.79266	8.98163	
2.79297	8.98224	
2.79205	8.98254	
2.79205	8.98163	
2.79236	8.98254	
2.79266	8.98376	
2.79297	8.98315	
2.79236	8.98315	
2.79236	8.98315	
2.79266	8.98376	
2.79266	8.98193	
2.79297	8.98102	
2.79205	8.98315	
2.79266	8.98224	
2.79205	8.98376	
2.79266	8.98285	
2.79236	8.98346	
2.79205	8.98346	
2.79236	8.98407	
2.79236	8.98041	
2.79236	8.98315	
2.79236	8.98346	
2.79297	8.98254	
2.79236	8.98254	
2.79297	8.98285	
2.79266	8.98315	
2.79297	8.98285	
2.79297	8.98285	
2.79266	8.98254	
2.79327	8.98285	
2.79327	8.98163	
2.79266	8.98224	
2.79297	8.98285	
2.79327	8.98285	
2.79358	8.98254	
2.79297	8.98254	
2.79297	8.98376	
2.79297	8.98071	
2.79297	8.98346	
2.79297	8.98224	
2.79358	8.98254	
2.79327	8.98224	
2.79266	8.98285	
2.79297	8.98285	
2.79236	8.98193	
2.79236	8.98224	
2.79327	8.98254	
2.79327	8.98407	
2.79266	8.98254	
2.79358	8.98254	
2.79327	8.98438	
2.79358	8.98132	
2.79297	8.98315	
2.79327	8.98193	
2.79327	8.98224	
2.79266	8.98346	
2.79266	8.98224	
2.79266	8.98193	
2.79297	8.98468	
2.79297	8.98193	
2.79266	8.98254	
2.79297	8.98376	
2.79266	8.98285	
2.79297	8.98285	
2.79297	8.98224	
2.79327	8.98285	
2.79297	8.98163	
2.79266	8.98285	
2.79297	8.98224	
2.79266	8.98285	
2.79266	8.98254	
2.79297	8.98285	
2.79297	8.98346	
2.79327	8.98285	
2.79297	8.98254	
2.79327	8.98315	
2.79266	8.98071	
2.79266	8.98315	
2.79297	8.98193	
2.79266	8.98193	
2.79205	8.98041	
2.79327	8.98193	
2.79327	8.98285	
2.79297	8.98407	
2.79358	8.98163	
2.79297	8.98254	
2.79205	8.98224	
2.79327	8.98224	
2.79297	8.98102	
2.79327	8.98224	
2.79327	8.98285	
2.79327	8.98346	
2.79327	8.98132	
2.79388	8.98102	
2.79358	8.98132	
2.79327	8.98285	
2.79358	8.98193	
2.79297	8.98285	
2.79388	8.98285	
2.79358	8.98407	
2.79327	8.98254	
2.79297	8.98193	
2.79327	8.98346	
2.79327	8.98254	
2.79388	8.98254	
2.79358	8.98193	
2.79388	8.98315	
2.79327	8.98193	
2.79358	8.98224	
2.79327	8.98285	
2.79358	8.98315	
2.79388	8.98193	
2.79388	8.98285	
2.79297	8.98285	
2.79358	8.98163	
2.79358	8.98254	
2.79388	8.98438	
2.79297	8.98285	
2.79327	8.98285	
2.79388	8.98376	
2.79358	8.98102	
2.79297	8.98285	
2.79358	8.98132	
2.79388	8.98285	
2.79327	8.98041	
2.79358	8.98193	
2.79327	8.98254	
2.79327	8.98224	
2.79388	8.98193	
2.79388	8.98254	
2.79388	8.98376	
2.79327	8.98193	
2.79358	8.98315	
2.79419	8.98315	
2.79388	8.98254	
2.79327	8.98132	
2.79358	8.98285	
2.79327	8.98254	
2.79358	8.98193	
2.79358	8.98193	
2.79327	8.98346	
2.79358	8.98041	
2.79388	8.98285	
2.79419	8.98315	
2.79419	8.98346	
2.79358	8.98193	
2.79419	8.98193	
2.79388	8.98376	
2.79358	8.98163	
2.79419	8.98346	
2.79358	8.98163	
2.79388	8.98254	
2.79388	8.98163	
2.79388	8.98254	
2.79297	8.98193	
2.79388	8.98285	
2.79388	8.98285	
2.79358	8.98254	
2.79419	8.98407	
2.79388	8.98193	
2.79388	8.98224	
2.79419	8.98407	
2.79358	8.98315	
2.79419	8.98315	
2.79388	8.98163	
2.79388	8.98285	
2.79327	8.9801	
2.79358	8.98102	
2.79358	8.98224	
2.79449	8.98132	
2.79358	8.98224	
2.79388	8.98163	
2.79388	8.98315	
2.79419	8.98132	
2.79388	8.98102	
2.79358	8.98224	
2.79419	8.98285	
2.79388	8.98163	
2.79388	8.98254	
2.79358	8.98254	
2.79388	8.98285	
2.79388	8.98163	
2.79358	8.98285	
2.79388	8.98102	
2.79358	8.98163	
2.79419	8.98163	
2.79327	8.9801	
2.79388	8.98193	
2.79388	8.98163	
2.79388	8.98132	
2.79419	8.98193	
2.79419	8.98254	
2.79388	8.98376	
2.79358	8.98163	
2.79327	8.98254	
2.79419	8.98346	
2.79419	8.98193	
2.79388	8.98285	
2.79327	8.98285	
2.79327	8.98041	
2.79419	8.98163	
2.79297	8.98376	
2.7951	8.98254	
2.79449	8.98193	
2.79419	8.98193	
2.79358	8.98224	
2.79388	8.9801	
2.79449	8.98193	
2.79419	8.98193	
2.79358	8.98224	
2.79388	8.98193	
2.79388	8.98254	
2.79388	8.98285	
2.79327	8.98224	
2.79388	8.98193	
2.79388	8.98376	
2.79419	8.98163	
2.79449	8.98193	
2.79419	8.98285	
2.79388	8.98193	
2.79358	8.98224	
2.79358	8.98132	
2.79419	8.98193	
2.79327	8.98041	
2.79449	8.98193	
2.7948	8.98285	
2.79449	8.98315	
2.79419	8.98224	
2.7948	8.98132	
2.7948	8.98346	
2.79419	8.98346	
2.79419	8.98132	
2.79419	8.98254	
2.79419	8.98102	
2.79388	8.98285	
2.79388	8.98285	
2.79419	8.98071	
2.79449	8.98132	
2.7951	8.98254	
2.7948	8.98285	
2.7948	8.98163	
2.79449	8.98102	
2.79388	8.98193	
2.79419	8.98102	
2.79449	8.98193	
2.79419	8.98163	
2.79449	8.98041	
2.79419	8.98163	
2.79449	8.98163	
2.79449	8.98224	
2.79449	8.98224	
2.79419	8.98193	
2.79449	8.98407	
2.79358	8.98285	
2.79419	8.98254	
2.79388	8.98407	
2.79419	8.98102	
2.79388	8.98163	
2.79419	8.98254	
2.79449	8.98254	
2.79358	8.98071	
2.79449	8.98132	
2.79388	8.98224	
2.79449	8.98041	
2.79388	8.98163	
2.79449	8.98193	
2.79419	8.98224	
2.79419	8.98224	
2.79419	8.98254	
2.7948	8.98315	
2.79419	8.98285	
2.79449	8.98193	
2.7948	8.98193	
2.79388	8.98132	
2.79388	8.98132	
2.79388	8.98193	
2.79419	8.98163	
2.7948	8.98163	
2.79449	8.98163	
2.79449	8.98193	
2.79419	8.98254	
2.79449	8.98163	
2.79419	8.98163	
2.79419	8.98346	
2.7948	8.98041	
2.79449	8.98163	
2.7948	8.98224	
2.79449	8.98285	
2.79358	8.98193	
2.79327	8.98102	
2.79449	8.98254	
2.7948	8.98071	
2.7948	8.98132	
2.79419	8.98163	
2.79419	8.98102	
2.79419	8.9798	
2.7948	8.98224	
2.7951	8.98041	
2.79419	8.98132	
2.79449	8.98254	
2.79388	8.98224	
2.79449	8.98102	
2.7951	8.98163	
2.79388	8.98254	
2.79449	8.98224	
2.79449	8.98071	
2.79449	8.98224	
2.7948	8.98346	
2.7948	8.98132	
2.7948	8.98193	
2.79449	8.98254	
2.79419	8.98224	
2.79419	8.98193	
2.79449	8.98224	
2.79449	8.98163	
2.79419	8.98193	
2.79388	8.98163	
2.79449	8.9801	
2.79419	8.98163	
2.79419	8.98285	
2.7948	8.98102	
2.79449	8.98102	
2.79449	8.98224	
2.79449	8.98071	
2.79449	8.98193	
2.79449	8.98224	
2.79388	8.98041	
2.79388	8.98102	
2.79419	8.98163	
2.7951	8.98132	
2.79449	8.98163	
2.79449	8.98254	
2.7948	8.98071	
2.7948	8.98102	
2.79449	8.98254	
2.7948	8.98102	
2.79449	8.98132	
2.79419	8.98254	
2.79388	8.98132	
2.79449	8.98163	
2.79419	8.98193	
2.7948	8.98193	
2.79449	8.98224	
2.7951	8.9801	
2.79449	8.98102	
2.79449	8.98163	
2.79419	8.9801	
2.79449	8.98041	
2.7948	8.98163	
2.7948	8.9798	
2.79449	8.98071	
2.79449	8.98071	
2.79388	8.9798	
2.79419	8.98102	
2.7948	8.98132	
2.79419	8.9801	
2.7948	8.98132	
2.79419	8.98163	
2.7948	8.9801	
2.79388	8.98041	
2.79419	8.98163	
2.79388	8.9801	
2.79449	8.98071	
2.79449	8.98132	
2.79419	8.98193	
2.79419	8.98254	
2.7948	8.9798	
2.79419	8.98071	
2.7948	8.98254	
2.79419	8.98102	
2.79449	8.98071	
2.7948	8.98254	
2.79541	8.98132	
2.79449	8.98102	
2.79388	8.98224	
2.79449	8.98041	
2.7948	8.98163	
2.79449	8.98254	
2.79419	8.98102	
2.7948	8.98193	
2.79419	8.98285	
2.7948	8.98132	
2.79449	8.98132	
2.79449	8.98285	
2.7951	8.98163	
2.79449	8.98102	
2.79541	8.98315	
2.7948	8.98224	
2.7951	8.98132	
2.79449	8.98315	
2.7951	8.98254	
2.79449	8.98163	
2.7951	8.98346	
2.7951	8.98102	
2.79419	8.98163	
2.7948	8.98376	
2.7951	8.98163	
2.7951	8.98224	
2.79419	8.98193	
2.7951	8.97949	
2.79449	8.98163	
2.79449	8.98224	
2.7951	8.9801	
2.7951	8.98163	
2.7948	8.98193	
2.79449	8.98193	
2.7948	8.9801	
2.7951	8.98071	
2.79449	8.98102	
2.79449	8.97949	
2.7948	8.98102	
2.79541	8.98102	
2.79449	8.98041	
2.7948	8.98132	
2.7948	8.98132	
2.7951	8.98193	
2.7948	8.98041	
2.7948	8.98102	
2.7951	8.98132	
2.7951	8.98163	
2.7948	8.9801	
2.79449	8.98193	
2.79449	8.98285	
2.7948	8.98041	
2.7951	8.98102	
2.7951	8.98163	
2.7951	8.9801	
2.79419	8.98132	
2.79449	8.98254	
2.7948	8.9801	
2.79449	8.98132	
2.7948	8.98102	
2.7948	8.98041	
2.7951	8.98102	
2.79419	8.98193	
2.79449	8.98102	
2.7951	8.98102	
2.7951	8.98193	
2.79541	8.98041	
2.79449	8.98224	
2.7951	8.98193	
2.7951	8.98041	
2.7948	8.98071	
2.7948	8.98163	
2.7951	8.98102	
2.79449	8.98041	
2.7951	8.98102	
2.7951	8.98193	
2.79541	8.98041	
2.79541	8.9801	
2.7951	8.98102	
2.7951	8.98071	
2.79449	8.98102	
2.7948	8.98132	
2.79541	8.98163	
2.7951	8.98224	
2.79388	8.98041	
2.7951	8.98132	
2.7951	8.98193	
2.79572	8.98071	
2.79449	8.98102	
2.79541	8.98285	
2.79572	8.98041	
2.7948	8.98071	
2.79541	8.98132	
2.79541	8.98102	
2.7948	8.98163	
2.79602	8.9798	
2.7951	8.98132	
2.79541	8.98132	
2.7951	8.9798	
2.79572	8.98102	
2.79541	8.98132	
2.79541	8.98193	
2.79541	8.98071	
2.79602	8.97949	
2.7951	8.98193	
2.79541	8.98254	
2.7951	8.98224	
2.79572	8.98224	
2.7951	8.98285	
2.7948	8.98132	
2.7951	8.98193	
2.7951	8.9801	
2.7951	8.98163	
2.7951	8.9801	
2.7951	8.98132	
2.79541	8.98224	
2.79541	8.98071	
2.79541	8.98224	
2.79541	8.98163	
2.7951	8.98163	
2.79572	8.98102	
2.7951	8.9798	
2.7951	8.98102	
2.79572	8.98193	
2.79572	8.98071	
2.7948	8.98132	
2.7951	8.98102	
2.79572	8.98102	
2.7951	8.98163	
2.79572	8.98132	
2.79572	8.98163	
2.79541	8.98163	
2.79572	8.98163	
2.79541	8.98163	
2.79541	8.98071	
2.79541	8.98102	
2.79449	8.98193	
2.79602	8.98132	
2.79572	8.98041	
2.7948	8.98132	
2.7951	8.98102	
2.7951	8.98163	
2.79541	8.98132	
2.7951	8.9801	
2.7951	8.9801	
2.79541	8.98071	
2.7951	8.98132	
2.79541	8.98041	
2.7951	8.98193	
2.7951	8.98041	
2.7951	8.98254	
2.79572	8.98285	
2.79449	8.98102	
2.79572	8.98071	
2.79541	8.98224	
2.79541	8.98102	
2.79541	8.98163	
2.79572	8.98193	
2.7948	8.98102	
2.7951	8.98102	
2.7948	8.9801	
2.7948	8.98041	
2.79602	8.98193	
2.7951	8.98163	
2.79541	8.98254	
2.79541	8.98071	
2.79602	8.98071	
2.79572	8.98193	
2.79541	8.98041	
2.79602	8.98132	
2.79572	8.98102	
2.79633	8.98041	
2.79602	8.98193	
2.79633	8.9798	
2.7951	8.98102	
2.79602	8.98193	
2.79541	8.98224	
2.7951	8.98193	
2.79602	8.98163	
2.79572	8.98163	
2.7951	8.98315	
2.79572	8.98041	
2.79541	8.98102	
2.79572	8.98132	
2.79572	8.98132	
2.79572	8.98071	
2.79541	8.9801	
2.79602	8.98102	
2.7948	8.98041	
2.7951	8.98102	
2.79633	8.98163	
2.7951	8.98041	
2.79572	8.98071	
2.79602	8.98132	
2.79572	8.98041	
2.79572	8.98071	
2.7948	8.98102	
2.79572	8.98132	
2.79633	8.97949	
2.79572	8.98132	
2.79572	8.98254	
2.79602	8.98071	
2.79602	8.98102	
2.79572	8.98041	
2.79572	8.98132	
2.79572	8.98132	
2.7948	8.98041	
2.79541	8.98041	
2.79572	8.98102	
2.79572	8.98193	
2.79572	8.98071	
2.79602	8.9798	
2.79572	8.98071	
2.7951	8.98163	
2.79572	8.9798	
2.79572	8.98132	
2.79572	8.98193	
2.79541	8.98071	
2.79602	8.98102	
2.79572	8.98224	
2.79633	8.9798	
2.79541	8.98132	
2.79541	8.97919	
2.79572	8.9798	
2.7951	8.98041	
2.79572	8.98071	
2.79602	8.98163	
2.79541	8.9801	
2.79541	8.98071	
2.79572	8.98193	
2.79541	8.98102	
2.79572	8.98041	
2.79541	8.9798	
2.79572	8.98041	
2.79541	8.98132	
2.79541	8.9801	
2.79602	8.98071	
2.79602	8.9801	
2.79572	8.9798	
2.79602	8.98163	
2.79541	8.98102	
2.79602	8.9801	
2.79541	8.98132	
2.79572	8.98041	
2.79602	8.98132	
2.79572	8.97919	
2.79572	8.9801	
2.79602	8.98163	
2.79602	8.98071	
2.7951	8.98041	
2.79572	8.97949	
2.79602	8.98102	
2.79572	8.98163	
2.79602	8.98102	
2.79572	8.98163	
2.79602	8.97949	
2.79602	8.9801	
2.79572	8.98041	
2.7951	8.98041	
2.79572	8.98224	
2.79572	8.98071	
2.79602	8.98132	
2.79602	8.98224	
2.79602	8.98041	
2.79633	8.98102	
2.79572	8.98041	
2.79602	8.97919	
2.79633	8.98041	
2.7948	8.9801	
2.79572	8.98041	
2.79541	8.98041	
2.79541	8.98071	
2.79663	8.98163	
2.79602	8.9801	
2.79572	8.98041	
2.79633	8.98254	
2.79602	8.98041	
2.79572	8.98041	
2.79572	8.97919	
2.79602	8.98071	
2.79602	8.98102	
2.79602	8.98071	
2.79602	8.98132	
2.79602	8.98041	
2.79602	8.98163	
2.79572	8.98163	
2.79572	8.98041	
2.79572	8.98132	
2.79663	8.98163	
2.79572	8.98163	
2.79541	8.98102	
2.79633	8.97858	
2.79633	8.9801	
2.79602	8.98102	
2.79602	8.98132	
2.79602	8.9798	
2.79572	8.97888	
2.79633	8.98193	
2.79633	8.98041	
2.79602	8.98102	
2.79633	8.9801	
2.79694	8.98193	
2.79602	8.98041	
2.79541	8.98071	
2.79633	8.98071	
2.79663	8.98071	
2.79602	8.97949	
2.79602	8.98041	
2.79572	8.98041	
2.79633	8.98071	
2.79602	8.98102	
2.79541	8.98224	
2.79572	8.98071	
2.79572	8.98041	
2.79602	8.98163	
2.79602	8.9801	
2.79602	8.98041	
2.79602	8.97919	
2.7951	8.9801	
2.79633	8.98102	
2.79602	8.9801	
2.79572	8.9801	
2.79602	8.98041	
2.79572	8.97949	
2.79572	8.98102	
2.79541	8.98102	
2.79572	8.98071	
2.79633	8.98254	
2.79572	8.98071	
2.79602	8.98102	
2.79602	8.98132	
2.79602	8.98071	
2.79663	8.98102	
2.79602	8.98071	
2.79602	8.98041	
2.79572	8.9798	
2.79602	8.98041	
2.79572	8.98163	
2.79602	8.98071	
2.79572	8.98041	
2.79602	8.98132	
2.79602	8.98071	
2.79602	8.98163	
2.79602	8.97888	
2.79541	8.98132	
2.79541	8.98071	
2.79602	8.98163	
2.79633	8.9801	
2.79633	8.98041	
2.79633	8.98071	
2.79724	8.98193	
2.79694	8.98071	
2.79663	8.9801	
2.79633	8.98071	
2.79633	8.98071	
2.79694	8.98041	
2.79633	8.98102	
2.79602	8.98102	
2.79633	8.9801	
2.79663	8.98132	
2.79633	8.98071	
2.79663	8.9801	
2.79663	8.98102	
2.79663	8.9798	
2.79633	8.98041	
2.79633	8.98102	
2.79663	8.9801	
2.79694	8.98193	
2.79663	8.9798	
2.79663	8.98163	
2.79633	8.98193	
2.79663	8.9801	
2.79663	8.98071	
2.79694	8.98071	
2.79694	8.98041	
2.79633	8.98071	
2.79663	8.98071	
2.79633	8.98071	
2.79663	8.97919	
2.79602	8.9801	
2.79694	8.98224	
2.79724	8.9798	
2.79694	8.98163	
2.79724	8.98041	
2.79663	8.9801	
2.79663	8.98041	
2.79663	8.97949	
2.79663	8.9798	
2.79663	8.98041	
2.79663	8.98041	
2.79663	8.98071	
2.79602	8.9801	
2.79663	8.9798	
2.79633	8.98041	
2.79602	8.98041	
2.79663	8.9801	
2.79663	8.97888	
2.79633	8.9798	
2.79602	8.9798	
2.79663	8.9798	
2.79572	8.98102	
2.79663	8.9798	
2.79572	8.97949	
2.79633	8.9801	
2.79663	8.98041	
2.79602	8.98041	
2.79694	8.9801	
2.79602	8.97949	
2.79663	8.9798	
2.79633	8.98071	
2.79602	8.98163	
2.79694	8.98041	
2.79633	8.9798	
2.79633	8.9801	
2.79663	8.98193	
2.79663	8.98041	
2.79602	8.9801	
2.79663	8.98071	
2.79633	8.97949	
2.79633	8.9798	
2.79602	8.9798	
2.79663	8.97949	
2.79663	8.9798	
2.79633	8.98041	
2.79663	8.98163	
2.79633	8.98071	
2.79633	8.9798	
2.79633	8.9798	
2.79602	8.98041	
2.79663	8.98102	
2.79663	8.9801	
2.79724	8.98102	
2.79633	8.98071	
2.79663	8.98041	
2.79602	8.97949	
2.79663	8.97949	
2.79633	8.98071	
2.79694	8.98102	
2.79694	8.98102	
2.79694	8.98071	
2.79633	8.98102	
2.79663	8.98132	
2.79633	8.98041	
2.79633	8.98041	
2.79633	8.98041	
2.79633	8.98163	
2.79633	8.9801	
2.79663	8.9798	
2.79724	8.98071	
2.79633	8.9801	
2.79663	8.98071	
2.79724	8.97949	
2.79633	8.9798	
2.79633	8.98071	
2.79663	8.97858	
2.79694	8.97888	
2.79694	8.97919	
2.79724	8.9801	
2.79694	8.98041	
2.79663	8.9798	
2.79694	8.9801	
2.79724	8.98071	
2.79694	8.9798	
2.79663	8.98071	
2.79724	8.97827	
2.79694	8.97858	
2.79663	8.97919	
2.79694	8.9801	
2.79694	8.97888	
2.79694	8.97858	
2.79694	8.97949	
2.79663	8.98071	
2.79663	8.98041	
2.79663	8.9801	
2.79694	8.97919	
2.79694	8.97949	
2.79755	8.97827	
2.79694	8.9801	
2.79785	8.98163	
2.79724	8.98041	
2.79724	8.98041	
2.79785	8.97949	
2.79694	8.9798	
2.79694	8.9798	
2.79755	8.9798	
2.79724	8.98041	
2.79755	8.98071	
2.79755	8.97888	
2.79663	8.97949	
2.79724	8.97949	
2.79694	8.98041	
2.79785	8.9798	
2.79785	8.98041	
2.79724	8.97919	
2.79816	8.9798	
2.79724	8.98102	
2.79755	8.97919	
2.79694	8.9801	
2.79755	8.9801	
2.79755	8.98041	
2.79694	8.9801	
2.79724	8.97949	
2.79663	8.97949	
2.79724	8.97949	
2.79785	8.97949	
2.79755	8.98041	
2.79755	8.98163	
2.79755	8.97888	
2.79724	8.97949	
2.79724	8.97949	
2.79785	8.97949	
2.79694	8.97919	
2.79785	8.9798	
2.79694	8.98071	
2.79724	8.9798	
2.79755	8.9798	
2.79694	8.98071	
2.79724	8.97888	
2.79785	8.98071	
2.79724	8.97827	
2.79663	8.9798	
2.79755	8.97888	
2.79785	8.9801	
2.79724	8.98041	
2.79694	8.97949	
2.79724	8.9801	
2.79755	8.98041	
2.79724	8.98041	
2.79633	8.97949	
2.79724	8.97858	
2.79724	8.98071	
2.79755	8.97949	
2.79724	8.9801	
2.79724	8.9801	
2.79724	8.97919	
2.79694	8.9798	
2.79724	8.97858	
2.79755	8.9798	
2.79724	8.97919	
2.79694	8.98041	
2.79724	8.98102	
2.79724	8.97888	
2.79755	8.97949	
2.79724	8.98041	
2.79755	8.9798	
2.79785	8.9801	
2.79694	8.9798	
2.79755	8.9798	
2.79785	8.97797	
2.79724	8.97919	
2.79724	8.98041	
2.79694	8.97949	
2.79785	8.9798	
2.79724	8.97949	
2.79785	8.98071	
2.79694	8.9798	
2.79785	8.9801	
2.79755	8.98041	
2.79816	8.9798	
2.79785	8.98102	
2.79785	8.9801	
2.79724	8.98193	
2.79785	8.9798	
2.79724	8.97949	
2.79724	8.97949	
2.79755	8.9801	
2.79785	8.97919	
2.79755	8.9798	
2.79694	8.98071	
2.79724	8.9801	
2.79755	8.9798	
2.79785	8.97888	
2.79724	8.9798	
2.79694	8.9798	
2.79694	8.97827	
2.79785	8.9801	
2.79724	8.97888	
2.79785	8.98041	
2.79724	8.97949	
2.79755	8.98071	
2.79694	8.98041	
2.79755	8.97949	
2.79633	8.97919	
2.79724	8.97919	
2.79755	8.9801	
2.79755	8.9801	
2.79724	8.98041	
2.79785	8.97949	
2.79694	8.97949	
2.79755	8.98071	
2.79724	8.97919	
2.79785	8.98041	
2.79694	8.97766	
2.79755	8.97949	
2.79755	8.97949	
2.79755	8.97949	
2.79785	8.98071	
2.79755	8.98071	
2.79755	8.9798	
2.79724	8.97797	
2.79724	8.9798	
2.79846	8.98041	
2.79755	8.98071	
2.79724	8.9801	
2.79694	8.97888	
2.79785	8.98071	
2.79694	8.98071	
2.79724	8.98041	
2.79724	8.9801	
2.79724	8.97919	
2.79724	8.97949	
2.79816	8.97858	
2.79694	8.98041	
2.79724	8.9801	
2.79724	8.97858	
2.79816	8.9801	
2.79724	8.97797	
2.79755	8.97888	
2.79785	8.97858	
2.79724	8.9801	
2.79724	8.98041	
2.79755	8.9798	
2.79694	8.98041	
2.79785	8.9801	
2.79785	8.98163	
2.79724	8.98041	
2.79724	8.97919	
2.79724	8.97858	
2.79785	8.97919	
2.79755	8.97888	
2.79755	8.9801	
2.79724	8.9801	
2.79663	8.9801	
2.79724	8.9798	
2.79694	8.98041	
2.79785	8.9801	
2.79785	8.97797	
2.79663	8.9798	
2.79755	8.98071	
2.79694	8.9801	
2.79663	8.9801	
2.79785	8.97919	
2.79755	8.97919	
2.79724	8.97949	
2.79663	8.9801	
2.79724	8.9798	
2.79694	8.97919	
2.79724	8.9801	
2.79724	8.98102	
2.79724	8.9801	
2.79785	8.98041	
2.79724	8.97919	
2.79724	8.9798	
2.79724	8.97949	
2.79755	8.97919	
2.79724	8.9801	
2.79694	8.98041	
2.79785	8.9798	
2.79785	8.9801	
2.79694	8.98041	
2.79755	8.9798	
2.79785	8.97919	
2.79724	8.97888	
2.79694	8.97949	
2.79755	8.97888	
2.79755	8.98071	
2.79816	8.98041	
2.79755	8.9798	
2.79816	8.9801	
2.79846	8.97949	
2.79755	8.98102	
2.79785	8.9798	
2.79755	8.9801	
2.79694	8.97797	
2.79785	8.9801	
2.79785	8.9798	
2.79877	8.9801	
2.79785	8.98102	
2.79785	8.9798	
2.79785	8.98041	
2.79724	8.97888	
2.79755	8.97858	
2.79785	8.97949	
2.79785	8.9801	
2.79755	8.98163	
2.79785	8.97888	
2.79663	8.97949	
2.79724	8.9801	
2.79816	8.9801	
2.79785	8.97919	
2.79816	8.97888	
2.79694	8.98163	
2.79816	8.9798	
2.79694	8.9798	
2.79846	8.9798	
2.79755	8.98102	
2.79816	8.9801	
2.79785	8.9801	
2.79785	8.98071	
2.79846	8.98102	
2.79785	8.9798	
2.79816	8.9798	
2.79785	8.97827	
2.79816	8.97919	
2.79755	8.97827	
2.79755	8.98041	
2.79724	8.98102	
2.79785	8.98071	
2.79785	8.98041	
2.79785	8.98041	
2.79816	8.98132	
2.79816	8.97888	
2.79816	8.98041	
2.79785	8.97858	
2.79785	8.97858	
2.79785	8.97949	
2.79816	8.9801	
2.79846	8.98163	
2.79846	8.97919	
2.79877	8.97949	
2.79846	8.9798	
2.79785	8.9801	
2.79816	8.9798	
2.79846	8.97949	
2.79816	8.97919	
2.79785	8.9801	
2.79846	8.97919	
2.79785	8.9801	
2.79816	8.98132	
2.79816	8.97949	
2.79755	8.9798	
2.79785	8.9798	
2.79816	8.98102	
2.79816	8.97919	
2.79785	8.97919	
2.79755	8.97766	
2.79877	8.97949	
2.79907	8.97858	
2.79846	8.9798	
2.79846	8.9801	
2.79755	8.97949	
2.79846	8.9801	
2.79785	8.98071	
2.79785	8.9801	
2.79785	8.9801	
2.79785	8.97888	
2.79785	8.9801	
2.79785	8.97888	
2.79846	8.97949	
2.79816	8.97949	
2.79816	8.97827	
2.79816	8.9798	
2.79877	8.97949	
2.79877	8.97919	
2.79816	8.97766	
2.79816	8.97858	
2.79816	8.97827	
2.79816	8.9798	
2.79816	8.98071	
2.79816	8.9798	
2.79785	8.9798	
2.79846	8.9798	
2.79816	8.98071	
2.79846	8.97919	
2.79907	8.98041	
2.79846	8.97919	
2.79877	8.97919	
2.79846	8.9801	
2.79877	8.97858	
2.79816	8.98041	
2.79877	8.97949	
2.79907	8.97949	
2.79846	8.97888	
2.79877	8.98041	
2.79846	8.97919	
2.79907	8.97888	
2.79816	8.9801	
2.79846	8.9801	
2.79846	8.97949	
2.79877	8.98071	
2.79846	8.98041	
2.79907	8.97888	
2.79938	8.97888	
2.79938	8.97644	
2.79846	8.97888	
2.79907	8.97858	
2.79938	8.97888	
2.79907	8.97858	
2.79816	8.97949	
2.79907	8.97797	
2.79846	8.97888	
2.79846	8.9801	
2.79877	8.97949	
2.79846	8.97949	
2.79816	8.97888	
2.79907	8.98041	
2.79938	8.97827	
2.79877	8.97888	
2.79907	8.97858	
2.79907	8.97949	
2.79816	8.97888	
2.79907	8.97919	
2.79907	8.97888	
2.79816	8.97919	
2.79877	8.97919	
2.79907	8.97949	
2.79907	8.98071	
2.79877	8.97827	
2.79907	8.97949	
2.79877	8.9801	
2.79816	8.9798	
2.79846	8.9801	
2.79907	8.97888	
2.79846	8.97858	
2.79877	8.9798	
2.79877	8.97858	
2.79877	8.97858	
2.79907	8.97766	
2.79816	8.97949	
2.79816	8.97858	
2.79877	8.9801	
2.79816	8.97888	
2.79846	8.9801	
2.79877	8.97888	
2.79938	8.97919	
2.79877	8.97827	
2.79846	8.9801	
2.79846	8.97858	
2.79907	8.97858	
2.79846	8.97919	
2.79877	8.9798	
2.79816	8.97888	
2.79785	8.97949	
2.79938	8.98041	
2.79816	8.9801	
2.79785	8.97888	
2.79816	8.97949	
2.79907	8.98041	
2.79846	8.98041	
2.79968	8.97949	
2.79877	8.97888	
2.79938	8.97797	
2.79907	8.97858	
2.79938	8.97644	
2.79877	8.97919	
2.79907	8.97797	
2.79816	8.97949	
2.79846	8.9798	
2.79877	8.97919	
2.79816	8.98041	
2.79877	8.97949	
2.79907	8.9801	
2.79846	8.9801	
2.79846	8.98132	
2.79877	8.97888	
2.79907	8.9801	
2.79907	8.9801	
2.79816	8.98071	
2.79907	8.97919	
2.79816	8.9798	
2.79785	8.97797	
2.79907	8.97888	
2.79846	8.97827	
2.79877	8.97949	
2.79846	8.9801	
2.79877	8.97858	
2.79816	8.97919	
2.79877	8.9798	
2.79846	8.98102	
2.79846	8.97858	
2.79907	8.97919	
2.79907	8.97888	
2.79877	8.9801	
2.79877	8.97888	
2.79938	8.9798	
2.79785	8.97766	
2.79907	8.97888	
2.79938	8.97949	
2.79877	8.97949	
2.79816	8.97797	
2.79846	8.97919	
2.79877	8.97827	
2.79846	8.97858	
2.79877	8.9798	
2.79938	8.97888	
2.79846	8.9798	
2.79877	8.9798	
2.79846	8.98041	
2.79846	8.97888	
2.79877	8.97949	
2.79846	8.97858	
2.79816	8.97949	
2.79877	8.97827	
2.79846	8.97827	
2.79846	8.97797	
2.79816	8.97888	
2.79846	8.98041	
2.79846	8.97888	
2.79846	8.98071	
2.79877	8.97888	
2.79846	8.97949	
2.79846	8.97858	
2.79816	8.98041	
2.79816	8.97919	
2.79907	8.97858	
2.79877	8.9798	
2.79816	8.9798	
2.79877	8.97858	
2.79877	8.9798	
2.79907	8.97858	
2.79907	8.9798	
2.79846	8.97888	
2.79907	8.9798	
2.79907	8.9798	
2.79877	8.98041	
2.79938	8.97858	
2.79816	8.97919	
2.79846	8.9801	
2.79907	8.9798	
2.79877	8.97888	
2.79877	8.97919	
2.79816	8.97888	
2.79877	8.98041	
2.79846	8.97888	
2.79968	8.97858	
2.79907	8.97888	
2.79877	8.9798	
2.79877	8.97949	
2.79877	8.97888	
2.79846	8.97949	
2.79816	8.97949	
2.79907	8.97919	
2.79907	8.97797	
2.79877	8.97888	
2.79846	8.9801	
2.79785	8.97919	
2.79907	8.97949	
2.79846	8.97949	
2.79877	8.97919	
2.79846	8.97949	
2.79846	8.97797	
2.79846	8.97888	
2.79877	8.9801	
2.79846	8.97858	
2.79846	8.98041	
2.79938	8.9798	
2.79846	8.98041	
2.79877	8.97888	
2.79846	8.97888	
2.79816	8.97949	
2.79877	8.97919	
2.79907	8.97919	
2.79907	8.97736	
2.79938	8.97919	
2.79968	8.97919	
2.79877	8.97858	
2.79999	8.97827	
2.79968	8.97858	
2.79968	8.97766	
2.79938	8.97858	
2.79907	8.97827	
2.79968	8.97919	
2.79938	8.97888	
2.79968	8.97888	
2.79968	8.97736	
2.79968	8.97919	
2.79938	8.97888	
2.79907	8.97858	
2.79968	8.97827	
2.79938	8.97949	
2.79968	8.9798	
2.79968	8.97858	
2.79907	8.97827	
2.79968	8.97858	
2.79938	8.97827	
2.79938	8.97827	
2.79968	8.97797	
2.79938	8.97858	
2.79938	8.97705	
2.79907	8.97858	
2.79938	8.97827	
2.79968	8.97858	
2.79999	8.9801	
2.79907	8.97827	
2.79938	8.98041	
2.79877	8.97949	
2.79968	8.97949	
2.79938	8.97949	
2.79938	8.97888	
2.79968	8.9801	
2.79846	8.9798	
2.79938	8.97858	
2.79968	8.97736	
2.79938	8.97827	
2.79968	8.97766	
2.79999	8.97888	
2.79938	8.97827	
2.79999	8.97858	
2.79938	8.97827	
2.79938	8.97949	
2.79999	8.98071	
2.79999	8.97827	
2.79938	8.97797	
2.79968	8.9798	
2.79968	8.97888	
2.79999	8.97858	
2.79907	8.97888	
2.79968	8.97766	
2.79968	8.97888	
2.79877	8.97827	
2.79938	8.97919	
2.79938	8.97949	
2.79999	8.97888	
2.80029	8.97949	
2.79877	8.97888	
2.79968	8.97919	
2.79938	8.97919	
2.79938	8.9801	
2.79968	8.97858	
2.79907	8.97949	
2.79846	8.97858	
2.79938	8.97858	
2.79938	8.97766	
2.79938	8.97797	
2.79968	8.97797	
2.79968	8.97919	
2.79938	8.97705	
2.79968	8.97888	
2.79938	8.97827	
2.79999	8.97858	
2.79999	8.97858	
2.79877	8.97766	
2.79938	8.97766	
2.79968	8.97888	
2.79968	8.97888	
2.79938	8.9798	
2.79938	8.97827	
2.79938	8.97888	
2.79907	8.97827	
2.79968	8.97827	
2.79907	8.97797	
2.79907	8.97858	
2.79968	8.97797	
2.79999	8.97858	
2.79938	8.97827	
2.79999	8.97919	
2.79968	8.97797	
2.79938	8.97949	
2.79968	8.97827	
2.79968	8.97888	
2.79938	8.97797	
2.79938	8.97919	
2.79938	8.97888	
2.79968	8.9798	
2.79938	8.97827	
2.79938	8.97797	
2.79907	8.97766	
2.79968	8.97888	
2.79938	8.97827	
2.79968	8.97858	
2.79968	8.97736	
2.79968	8.97858	
2.79938	8.9801	
2.79907	8.97827	
2.79938	8.97766	
2.79907	8.97888	
2.79938	8.9801	
2.79968	8.97827	
2.79999	8.97766	
2.79968	8.97919	
2.79999	8.97919	
2.79968	8.97766	
2.79938	8.97858	
2.79938	8.97858	
2.79938	8.97858	
2.80029	8.97827	
2.79999	8.97797	
2.80029	8.97919	
2.79938	8.97644	
2.80029	8.97797	
2.80029	8.97736	
2.79968	8.97919	
2.79999	8.97949	
2.79999	8.97827	
2.80029	8.97858	
2.79938	8.97858	
2.79968	8.9801	
2.79938	8.97888	
2.8009	8.97858	
2.8009	8.97858	
2.79999	8.97827	
2.79999	8.97827	
2.79999	8.97736	
2.8006	8.97888	
2.79999	8.97919	
2.80029	8.97919	
2.79968	8.97797	
2.79999	8.97888	
2.79999	8.97827	
2.79938	8.9798	
2.79968	8.97766	
2.79999	8.97858	
2.79938	8.97949	
2.79999	8.9798	
2.79968	8.97858	
2.79999	8.97888	
2.79968	8.97705	
2.79968	8.97919	
2.79968	8.97797	
2.79968	8.97827	
2.79968	8.97949	
2.79999	8.97858	
2.79968	8.97827	
2.79999	8.97858	
2.79999	8.97919	
2.79968	8.97888	
2.79968	8.97766	
2.79968	8.97827	
2.79968	8.97644	
2.79968	8.97858	
2.79999	8.97949	
2.79968	8.97766	
2.79999	8.97705	
2.79999	8.97827	
2.79999	8.97736	
2.80029	8.97797	
2.79938	8.97705	
2.79999	8.97827	
2.79968	8.97827	
2.79999	8.97797	
2.79999	8.97705	
2.79968	8.97858	
2.79999	8.97797	
2.80029	8.97797	
2.79999	8.97705	
2.79999	8.97797	
2.79968	8.97644	
2.79938	8.97858	
2.79999	8.97858	
2.79968	8.97797	
2.80029	8.97797	
2.79999	8.97797	
2.79968	8.9798	
2.79968	8.97736	
2.79968	8.97797	
2.80029	8.97858	
2.79968	8.97949	
2.79938	8.97797	
2.79938	8.97919	
2.79938	8.97797	
2.8006	8.97888	
2.8006	8.97858	
2.79999	8.97827	
2.8006	8.97858	
2.79938	8.9798	
2.79999	8.97797	
2.79968	8.97797	
2.79938	8.97888	
2.8009	8.97858	
2.79999	8.97858	
2.80029	8.97858	
2.79999	8.97736	
2.79999	8.97797	
2.79999	8.97797	
2.79968	8.97827	
2.79999	8.97675	
2.80029	8.97858	
2.80029	8.97797	
2.79968	8.9798	
2.80029	8.97888	
2.80029	8.97888	
2.79999	8.97766	
2.79999	8.97797	
2.79968	8.97675	
2.79968	8.9798	
2.79968	8.97827	
2.79999	8.97858	
2.79968	8.97888	
2.79999	8.97949	
2.79999	8.97827	
2.79999	8.97888	
2.79907	8.97827	
2.79999	8.9801	
2.79968	8.97888	
2.79999	8.97888	
2.79999	8.97858	
2.80029	8.98041	
2.79999	8.97797	
2.79968	8.97919	
2.80029	8.97858	
2.79999	8.9798	
2.79999	8.97827	
2.79999	8.97797	
2.79968	8.97705	
2.79999	8.97858	
2.79999	8.97888	
2.80029	8.97919	
2.80029	8.97675	
2.79968	8.97858	
2.79938	8.97797	
2.79938	8.97827	
2.79999	8.97736	
2.80029	8.97827	
2.79968	8.97919	
2.79968	8.97949	
2.79999	8.97766	
2.80029	8.97888	
2.80029	8.97888	
2.8006	8.97827	
2.79999	8.97919	
2.8006	8.97888	
2.79968	8.97797	
2.79999	8.97949	
2.80029	8.97919	
2.79999	8.98102	
2.79999	8.97858	
2.8006	8.97827	
2.79999	8.97827	
2.79999	8.9801	
2.79999	8.97888	
2.79999	8.97858	
2.80029	8.97858	
2.79968	8.97858	
2.8009	8.97858	
2.79938	8.97797	
2.80029	8.97766	
2.79999	8.97858	
2.79968	8.97858	
2.79999	8.97797	
2.79938	8.97827	
2.80029	8.97888	
2.79999	8.97797	
2.79999	8.97858	
2.79968	8.97827	
2.80029	8.9798	
2.80029	8.97797	
2.80029	8.97827	
2.79999	8.97858	
2.79968	8.9801	
2.79999	8.97797	
2.79938	8.97797	
2.79907	8.97705	
2.80029	8.97888	
2.79907	8.97888	
2.80029	8.97797	
2.79968	8.97736	
2.79999	8.97858	
2.79968	8.97827	
2.79968	8.97888	
2.80029	8.97797	
2.8006	8.98071	
2.80029	8.97858	
2.79968	8.97797	
2.79999	8.97858	
2.80029	8.97919	
2.79968	8.97888	
2.79938	8.97705	
2.79999	8.97797	
2.79999	8.97888	
2.79999	8.97766	
2.79999	8.97705	
2.79999	8.97827	
2.79968	8.97736	
2.79999	8.97858	
2.8006	8.97858	
2.80029	8.97827	
2.80029	8.97919	
2.80029	8.98041	
2.79999	8.97797	
2.8006	8.97827	
2.79968	8.97827	
2.80029	8.97736	
2.79999	8.97858	
2.79999	8.97675	
2.79999	8.97858	
2.79968	8.97858	
2.80029	8.97827	
2.80029	8.97797	
2.79968	8.97888	
2.80029	8.97797	
2.79968	8.9798	
2.80029	8.97858	
2.79938	8.97827	
2.79968	8.97797	
2.79938	8.97766	
2.79999	8.97797	
2.79968	8.97797	
2.79968	8.97858	
2.79968	8.97705	
2.79999	8.97736	
2.79968	8.97888	
2.79999	8.9798	
2.79999	8.97858	
2.8006	8.9798	
2.79968	8.97736	
2.80029	8.97827	
2.79999	8.97858	
2.79999	8.97736	
2.79999	8.97827	
2.79999	8.97766	
2.79968	8.97888	
2.79907	8.97675	
2.80029	8.97797	
2.79999	8.97858	
2.80029	8.97858	
2.79999	8.97858	
2.79938	8.9798	
2.79999	8.97797	
2.8006	8.97766	
2.8006	8.97858	
2.80029	8.97705	
2.79999	8.97766	
2.80029	8.97675	
2.79938	8.97888	
2.80029	8.97827	
2.80029	8.97919	
2.80029	8.97797	
2.79999	8.97827	
2.8006	8.97858	
2.80121	8.97888	
2.8006	8.97797	
2.8009	8.97888	
2.8009	8.9798	
2.8009	8.97858	
2.8009	8.97858	
2.8009	8.97827	
2.80151	8.97827	
2.8006	8.97949	
2.80029	8.97858	
2.80029	8.97797	
2.8009	8.97888	
2.8006	8.97949	
2.8006	8.97827	
2.8006	8.97888	
2.8006	8.97888	
2.8009	8.97766	
2.8006	8.97797	
2.79999	8.97736	
2.8006	8.97888	
2.8006	8.97705	
2.8006	8.98071	
2.8006	8.97797	
2.8006	8.97888	
2.80151	8.97827	
2.8006	8.97919	
2.8006	8.97766	
2.8006	8.97888	
2.8006	8.97827	
2.8009	8.97827	
2.8009	8.9801	
2.8006	8.97858	
2.8006	8.97919	
2.8006	8.97766	
2.80121	8.97797	
2.8006	8.97827	
2.8009	8.97736	
2.8006	8.97797	
2.80029	8.97736	
2.8006	8.97827	
2.80121	8.97858	
2.8009	8.97797	
2.8006	8.97736	
2.8006	8.97919	
2.8009	8.97766	
2.80151	8.97888	
2.8009	8.97766	
2.80029	8.98041	
2.8006	8.97858	
2.80121	8.97888	
2.8009	8.97888	
2.8009	8.97949	
2.8006	8.97827	
2.80121	8.97675	
2.80121	8.97888	
2.80121	8.97736	
2.8006	8.97797	
2.8006	8.97797	
2.8006	8.97797	
2.8006	8.97644	
2.80151	8.97797	
2.8009	8.97827	
2.8006	8.97827	
2.80029	8.97736	
2.80029	8.9798	
2.8006	8.97858	
2.79999	8.97858	
2.8009	8.97888	
2.8009	8.97888	
2.8006	8.97858	
2.8009	8.97888	
2.8006	8.97919	
2.8006	8.9801	
2.8009	8.97797	
2.80121	8.97827	
2.80121	8.97888	
2.8009	8.9801	
2.8006	8.97705	
2.8009	8.97827	
2.80029	8.97888	
2.8009	8.97766	
2.80121	8.97797	
2.8006	8.97827	
2.8006	8.97797	
2.80029	8.97675	
2.8006	8.97797	
2.8009	8.97766	
2.8009	8.97766	
2.8009	8.97736	
2.8009	8.97919	
2.80121	8.97827	
2.80029	8.97827	
2.8006	8.97766	
2.8009	8.97949	
2.8006	8.97858	
2.80121	8.97919	
2.80121	8.97827	
2.80029	8.97858	
2.80121	8.97797	
2.80121	8.97827	
2.80029	8.97858	
2.8006	8.97797	
2.8009	8.97766	
2.8006	8.97858	
2.8009	8.97858	
2.8009	8.9798	
2.80029	8.97766	
2.80029	8.97797	
2.8006	8.97675	
2.79999	8.97858	
2.8009	8.97705	
2.8006	8.97736	
2.8009	8.97827	
2.8009	8.97919	
2.8009	8.97797	
2.8009	8.97827	
2.8006	8.97736	
2.8009	8.97919	
2.8006	8.97797	
2.8006	8.97797	
2.80121	8.97797	
2.8006	8.97919	
2.8006	8.97797	
2.80121	8.97736	
2.80029	8.97827	
2.8006	8.97827	
2.8006	8.97797	
2.8006	8.97827	
2.8009	8.97797	
2.80121	8.97919	
2.80121	8.97858	
2.79999	8.97797	
2.8006	8.97827	
2.80151	8.97888	
2.8009	8.97797	
2.80151	8.97827	
2.8009	8.97827	
2.8006	8.97736	
2.8009	8.97919	
2.8006	8.97797	
2.80121	8.97827	
2.8006	8.97949	
2.80121	8.9798	
2.80151	8.97827	
2.80121	8.97827	
2.80121	8.97797	
2.8006	8.9801	
2.80121	8.97797	
2.80151	8.97888	
2.80121	8.97858	
2.80121	8.97797	
2.80151	8.97797	
2.80151	8.97583	
2.80121	8.97797	
2.8006	8.97705	
2.8006	8.97919	
2.80121	8.97766	
2.8009	8.97888	
2.8009	8.97858	
2.80121	8.97644	
2.80151	8.9798	
2.8009	8.97858	
2.80121	8.97797	
2.8006	8.97888	
2.8009	8.97888	
2.8006	8.97827	
2.80151	8.97827	
2.8006	8.97888	
2.80029	8.97736	
2.8009	8.97949	
2.80182	8.97797	
2.80121	8.97858	
2.8009	8.97827	
2.8009	8.97675	
2.80121	8.97827	
2.80151	8.97797	
2.8009	8.97827	
2.80182	8.97858	
2.80151	8.97949	
2.80121	8.97858	
2.80151	8.97705	
2.80121	8.97949	
2.8006	8.97797	
2.8009	8.9798	
2.8006	8.97827	
2.80151	8.97888	
2.8006	8.97888	
2.80121	8.97919	
2.8009	8.97766	
2.80121	8.97675	
2.8006	8.97827	
2.80151	8.97766	
2.8006	8.97888	
2.80121	8.97797	
2.8006	8.97888	
2.80151	8.97858	
2.8009	8.97888	
2.80151	8.97766	
2.80121	8.97766	
2.80182	8.97766	
2.80121	8.97705	
2.8006	8.97888	
2.80121	8.97736	
2.80121	8.97766	
2.8009	8.97766	
2.8009	8.97797	
2.8009	8.97705	
2.80151	8.97644	
2.8006	8.97827	
2.80121	8.97705	
2.8006	8.97705	
2.80121	8.97797	
2.8006	8.97766	
2.80121	8.97705	
2.80151	8.97949	
2.8009	8.97797	
2.8009	8.97705	
2.80151	8.97827	
2.80121	8.97675	
2.8009	8.97888	
2.80121	8.97736	
2.8009	8.97766	
2.80151	8.97797	
2.80121	8.97644	
2.8009	8.97888	
2.8009	8.97827	
2.8009	8.97858	
2.8009	8.97797	
2.80121	8.97644	
2.80121	8.97919	
2.80121	8.97797	
2.80121	8.97797	
2.80151	8.97797	
2.8009	8.97644	
2.80151	8.97888	
2.80121	8.97827	
2.80151	8.97736	
2.80121	8.97827	
2.80121	8.97552	
2.8009	8.97858	
2.80151	8.97797	
2.80151	8.97766	
2.8009	8.97766	
2.80151	8.97644	
2.8009	8.97858	
2.80151	8.97766	
2.8009	8.97797	
2.80121	8.97766	
2.8006	8.97919	
2.80121	8.97766	
2.8009	8.97583	
2.80121	8.97797	
2.80151	8.97736	
2.80151	8.97919	
2.80151	8.97797	
2.80151	8.97736	
2.80121	8.97827	
2.80151	8.97644	
2.80151	8.97797	
2.80182	8.97736	
2.80151	8.97827	
2.80151	8.97827	
2.80151	8.97827	
2.80121	8.97736	
2.80121	8.97858	
2.80121	8.97888	
2.80151	8.97827	
2.80182	8.97827	
2.80121	8.97797	
2.80121	8.97797	
2.80121	8.97736	
2.80212	8.97736	
2.80151	8.97888	
2.80151	8.97705	
2.80151	8.97766	
2.80151	8.97736	
2.80151	8.97644	
2.80121	8.97827	
2.80151	8.97797	
2.80121	8.97766	
2.80151	8.97766	
2.80182	8.97675	
2.80121	8.97705	
2.8009	8.97644	
2.80151	8.97827	
2.80121	8.97858	
2.80151	8.97888	
2.80121	8.97827	
2.80151	8.97736	
2.80182	8.97888	
2.80121	8.97736	
2.80121	8.97705	
2.80151	8.97736	
2.80151	8.97766	
2.8006	8.97827	
2.80151	8.97766	
2.80182	8.97766	
2.80182	8.97766	
2.80151	8.97766	
2.80151	8.97797	
2.80121	8.97644	
2.80182	8.97858	
2.80182	8.97766	
2.80182	8.97736	
2.80182	8.97766	
2.80182	8.97552	
2.80151	8.97797	
2.80151	8.97766	
2.80182	8.97736	
2.80151	8.97797	
2.8009	8.97827	
2.80121	8.97705	
2.80151	8.97736	
2.80121	8.97797	
2.80182	8.97705	
2.80182	8.97797	
2.80151	8.97705	
2.80121	8.97736	
2.80182	8.97766	
2.80151	8.97614	
2.80151	8.97766	
2.80151	8.97736	
2.80121	8.97827	
2.80182	8.97797	
2.80151	8.97675	
2.80121	8.97797	
2.80212	8.97766	
2.8009	8.97766	
2.80121	8.97705	
2.80121	8.97888	
2.80121	8.97644	
2.80121	8.97705	
2.80182	8.97827	
2.80182	8.97766	
2.80151	8.97858	
2.8009	8.97644	
2.80151	8.97675	
2.80182	8.97766	
2.80121	8.97797	
2.80151	8.97858	
2.80121	8.97675	
2.80121	8.97583	
2.80121	8.97736	
2.80243	8.97614	
2.80121	8.97858	
2.80121	8.97736	
2.80182	8.97797	
2.80151	8.97766	
2.80151	8.97644	
2.80243	8.97827	
2.80121	8.97675	
2.8009	8.97797	
2.80182	8.97736	
2.80121	8.97766	
2.8009	8.97705	
2.80151	8.97766	
2.80151	8.97827	
2.80212	8.97736	
2.80151	8.97797	
2.80121	8.97705	
2.80121	8.97766	
2.80182	8.97705	
2.80151	8.97797	
2.80151	8.97644	
2.80121	8.97827	
2.80151	8.97736	
2.80182	8.97858	
2.80182	8.97766	
2.80151	8.97552	
2.80151	8.97797	
2.80151	8.97675	
2.80151	8.97766	
2.8009	8.97827	
2.80121	8.97797	
2.80182	8.97736	
2.80151	8.97766	
2.80121	8.97705	
2.80121	8.97797	
2.80151	8.97736	
2.80151	8.97705	
2.80151	8.97675	
2.8009	8.97736	
2.80182	8.97675	
2.80151	8.97858	
2.80121	8.97705	
2.80182	8.97766	
2.80182	8.97705	
2.80182	8.97614	
2.8009	8.97797	
2.80121	8.97675	
2.80151	8.97705	
2.80151	8.97736	
2.8009	8.97736	
2.80151	8.97705	
2.80212	8.97552	
2.80182	8.97827	
2.80182	8.97614	
2.80273	8.97858	
2.80182	8.97827	
2.80182	8.97736	
2.80212	8.97736	
2.80182	8.97858	
2.80182	8.97858	
2.80182	8.97675	
2.80121	8.97583	
2.80121	8.97736	
2.80151	8.97522	
2.80243	8.97827	
2.80151	8.97644	
2.80121	8.97675	
2.80121	8.97614	
2.80151	8.97522	
2.80182	8.97797	
2.80121	8.97705	
2.80182	8.97705	
2.8009	8.97736	
2.8009	8.97583	
2.80182	8.97675	
2.80243	8.97766	
2.80212	8.97736	
2.80121	8.97827	
2.80182	8.97736	
2.80182	8.97705	
2.80273	8.97736	
2.80212	8.97766	
2.80212	8.97766	
2.80273	8.97797	
2.80151	8.97705	
2.80121	8.97766	
2.80182	8.97797	
2.80151	8.97766	
2.80182	8.97797	
2.80182	8.97736	
2.80212	8.97705	
2.80212	8.97797	
2.80243	8.97766	
2.80182	8.97919	
2.8009	8.97736	
2.80182	8.97705	
2.80212	8.97766	
2.80243	8.97675	
2.80151	8.97766	
2.80212	8.97736	
2.80182	8.97766	
2.80273	8.97705	
2.80182	8.97797	
2.80212	8.97736	
2.80151	8.97705	
2.80243	8.97705	
2.80182	8.97766	
2.80243	8.97827	
2.80151	8.97797	
2.80121	8.97766	
2.80182	8.97797	
2.80121	8.97583	
2.80151	8.97858	
2.80182	8.97766	
2.80151	8.97705	
2.80212	8.97705	
2.80182	8.97797	
2.80212	8.97675	
2.80212	8.97797	
2.80212	8.97797	
2.80182	8.97797	
2.80212	8.97919	
2.80182	8.97766	
2.80243	8.97614	
2.80212	8.97766	
2.80182	8.97583	
2.80212	8.9798	
2.80182	8.97797	
2.80182	8.97675	
2.80151	8.97797	
2.80182	8.97614	
2.80243	8.97766	
2.80212	8.97705	
2.80182	8.97736	
2.80243	8.97736	
2.80182	8.97583	
2.80212	8.97766	
2.80182	8.97675	
2.80212	8.97736	
2.80151	8.97766	
2.80212	8.97797	
2.80273	8.97766	
2.80182	8.97797	
2.80182	8.97797	
2.80151	8.97797	
2.80212	8.97766	
2.80182	8.97766	
2.80273	8.97675	
2.80121	8.97675	
2.80243	8.97736	
2.80182	8.97888	
2.80151	8.97705	
2.80121	8.97675	
2.80151	8.97797	
2.80273	8.97675	
2.80182	8.97858	
2.80151	8.97736	
2.80182	8.97644	
2.80151	8.97797	
2.80243	8.97644	
2.80182	8.97766	
2.80182	8.97705	
2.80243	8.97644	
2.80121	8.97736	
2.80182	8.97491	
2.80182	8.97827	
2.80212	8.97675	
2.80212	8.97705	
2.80212	8.97705	
2.80182	8.97614	
2.80182	8.97888	
2.80273	8.97705	
2.80182	8.97797	
2.80182	8.97736	
2.80182	8.97614	
2.80182	8.97888	
2.80243	8.97705	
2.80182	8.97552	
2.80212	8.97766	
2.80182	8.97705	
2.80212	8.97766	
2.80151	8.97705	
2.80182	8.97705	
2.80182	8.97797	
2.80182	8.97614	
2.80151	8.97736	
2.80182	8.97675	
2.80151	8.97736	
2.80243	8.97705	
2.80212	8.97888	
2.80182	8.97705	
2.80212	8.97614	
2.80182	8.97766	
2.80182	8.97614	
2.80182	8.97858	
2.80182	8.97705	
2.80151	8.97705	
2.80212	8.97705	
2.80212	8.97736	
2.80151	8.97675	
2.80182	8.97736	
2.80182	8.97614	
2.80273	8.97675	
2.80182	8.97858	
2.80212	8.97736	
2.80182	8.97583	
2.80273	8.97705	
2.80151	8.97736	
2.80273	8.97827	
2.80212	8.97614	
2.80243	8.97583	
2.80273	8.97705	
2.80243	8.97705	
2.80273	8.97827	
2.80212	8.97736	
2.80212	8.97705	
2.80273	8.97797	
2.80212	8.97522	
2.80304	8.97766	
2.80273	8.97736	
2.80273	8.97522	
2.80212	8.97675	
2.80243	8.97552	
2.80243	8.97797	
2.80273	8.97736	
2.80243	8.97705	
2.80212	8.97705	
2.80273	8.97675	
2.80212	8.97675	
2.80212	8.97766	
2.80273	8.97736	
2.80273	8.97644	
2.80182	8.97827	
2.80273	8.97614	
2.80182	8.97583	
2.80212	8.97766	
2.80243	8.97583	
2.80273	8.97858	
2.80273	8.97705	
2.80212	8.97766	
2.80212	8.97705	
2.80273	8.97552	
2.80273	8.97797	
2.80273	8.97583	
2.80212	8.97644	
2.80273	8.97675	
2.80243	8.97644	
2.80212	8.97888	
2.80273	8.97705	
2.80365	8.97705	
2.80212	8.97736	
2.80273	8.97583	
2.80273	8.97797	
2.80243	8.97675	
2.80243	8.97675	
2.80243	8.97614	
2.80273	8.97614	
2.80243	8.97736	
2.80182	8.97797	
2.80273	8.97797	
2.80182	8.97705	
2.80304	8.97522	
2.80212	8.97766	
2.80182	8.97766	
2.80273	8.97705	
2.80273	8.97705	
2.80151	8.97644	
2.80304	8.97705	
2.80151	8.97675	
2.80212	8.97644	
2.80273	8.97736	
2.80273	8.97888	
2.80243	8.97675	
2.80182	8.97522	
2.80273	8.97766	
2.80273	8.97614	
2.80243	8.97797	
2.80273	8.97675	
2.80212	8.97522	
2.80273	8.97675	
2.80273	8.97644	
2.80273	8.97797	
2.80212	8.97766	
2.80334	8.97705	
2.80212	8.97644	
2.80212	8.97705	
2.80273	8.97614	
2.80304	8.97675	
2.80182	8.97705	
2.80212	8.97766	
2.80182	8.97827	
2.80212	8.97675	
2.80151	8.97675	
2.80273	8.97766	
2.80212	8.97675	
2.80212	8.97705	
2.80212	8.97736	
2.80212	8.97766	
2.80243	8.97705	
2.80243	8.97766	
2.80212	8.97583	
2.80212	8.97614	
2.80182	8.97705	
2.80212	8.97766	
2.80243	8.97797	
2.80182	8.97552	
2.80212	8.97827	
2.80182	8.97675	
2.80212	8.97736	
2.80243	8.97705	
2.80273	8.97614	
2.80273	8.97766	
2.80182	8.97675	
2.80243	8.97675	
2.80182	8.97797	
2.80151	8.97797	
2.80243	8.97675	
2.80273	8.97766	
2.80212	8.97736	
2.80273	8.97705	
2.80304	8.97675	
2.80304	8.97949	
2.80212	8.97644	
2.80273	8.97614	
2.80273	8.97705	
2.80273	8.97736	
2.80304	8.97797	
2.80243	8.97614	
2.80243	8.97705	
2.80212	8.97736	
2.80273	8.97614	
2.80273	8.97461	
2.80182	8.97736	
2.80243	8.97675	
2.80273	8.97614	
2.80182	8.97797	
2.80273	8.97705	
2.80182	8.97766	
2.80304	8.97644	
2.80243	8.97675	
2.80273	8.97705	
2.80243	8.97736	
2.80273	8.97614	
2.80151	8.97736	
2.80212	8.97736	
2.80243	8.97736	
2.80182	8.97736	
2.80243	8.97583	
2.80182	8.97705	
2.80334	8.97705	
2.80273	8.97736	
2.80304	8.97766	
2.80243	8.97583	
2.80273	8.97766	
2.80273	8.97705	
2.80304	8.97736	
2.80243	8.97736	
2.80273	8.97797	
2.80304	8.97644	
2.80273	8.97736	
2.80273	8.97705	
2.80243	8.97705	
2.80304	8.97797	
2.80334	8.97644	
2.80273	8.97675	
2.80273	8.97705	
2.80334	8.97827	
2.80212	8.97614	
2.80334	8.97766	
2.80334	8.97766	
2.80334	8.97522	
2.80304	8.97705	
2.80304	8.97675	
2.80304	8.97766	
2.80304	8.97736	
2.80243	8.97705	
2.80334	8.97736	
2.80273	8.97736	
2.80304	8.97583	
2.80243	8.97858	
2.80304	8.97614	
2.80273	8.97705	
2.80273	8.97675	
2.80212	8.97583	
2.80273	8.97797	
2.80304	8.97644	
2.80243	8.97583	
2.80273	8.97736	
2.80273	8.97705	
2.80304	8.97858	
2.80182	8.97705	
2.80273	8.97705	
2.80304	8.97766	
2.80273	8.97736	
2.80304	8.97552	
2.80304	8.97736	
2.80304	8.97644	
2.80273	8.97675	
2.80273	8.97766	
2.80273	8.97705	
2.80304	8.97827	
2.80273	8.97614	
2.80273	8.97583	
2.80334	8.97675	
2.80304	8.97705	
2.80334	8.97827	
2.80304	8.97675	
2.80273	8.97736	
2.80304	8.97705	
2.80273	8.97858	
2.80273	8.97797	
2.80304	8.97705	
2.80273	8.97736	
2.80304	8.97858	
2.80304	8.97766	
2.80334	8.97736	
2.80212	8.97705	
2.80243	8.97705	
2.80243	8.97675	
2.80304	8.97705	
2.80273	8.97797	
2.80273	8.97644	
2.80273	8.97705	
2.80273	8.97705	
2.80304	8.97644	
2.80304	8.97766	
2.80334	8.97705	
2.80243	8.97736	
2.80304	8.97675	
2.80273	8.97705	
2.80304	8.97583	
2.80273	8.97736	
2.80365	8.97675	
2.80273	8.97614	
2.80304	8.97675	
2.80273	8.97583	
2.80273	8.97736	
2.80243	8.97705	
2.80304	8.97614	
2.80273	8.97736	
2.80273	8.97736	
2.80243	8.97827	
2.80334	8.97675	
2.80243	8.97675	
2.80273	8.97736	
2.80212	8.97766	
2.80304	8.97766	
2.80273	8.97583	
2.80273	8.97705	
2.80212	8.97736	
2.80304	8.97736	
2.80273	8.97583	
2.80304	8.97797	
2.80334	8.97644	
2.80273	8.97583	
2.80334	8.97614	
2.80273	8.97736	
2.80273	8.97827	
2.80212	8.97614	
2.80243	8.97552	
2.80304	8.97705	
2.80273	8.97766	
2.80334	8.97858	
2.80304	8.97644	
2.80304	8.97552	
2.80273	8.97705	
2.80273	8.97705	
2.80304	8.97797	
2.80273	8.97644	
2.80273	8.97644	
2.80304	8.97675	
2.80243	8.97614	
2.80212	8.97705	
2.80273	8.97705	
2.80212	8.97614	
2.80304	8.97675	
2.80334	8.97705	
2.80212	8.97675	
2.80273	8.97766	
2.80212	8.97675	
2.80273	8.97552	
2.80334	8.97736	
2.80304	8.97614	
2.80212	8.97797	
2.80304	8.97583	
2.80304	8.97583	
2.80212	8.97614	
2.80243	8.97644	
2.80273	8.97552	
2.80304	8.97644	
2.80273	8.97614	
2.80243	8.97522	
2.80273	8.97614	
2.80273	8.97797	
2.80304	8.97766	
2.80273	8.97644	
2.80273	8.97675	
2.80304	8.97705	
2.80273	8.97614	
2.80212	8.97644	
2.80273	8.97858	
2.80273	8.97675	
2.80334	8.97705	
2.80182	8.97705	
2.80273	8.97644	
2.80304	8.97614	
2.80334	8.97736	
2.80304	8.97675	
2.80243	8.97583	
2.80304	8.97644	
2.80273	8.97614	
2.80243	8.97888	
2.80212	8.97614	
2.80304	8.97583	
2.80273	8.97736	
2.80273	8.97644	
2.80212	8.97766	
2.80304	8.97583	
2.80273	8.97614	
2.80243	8.97675	
2.80304	8.97583	
2.80304	8.97461	
2.80304	8.97766	
2.80304	8.97644	
2.80273	8.97675	
2.80273	8.97614	
2.80334	8.97705	
2.80304	8.97736	
2.80243	8.97614	
2.80243	8.97644	
2.80273	8.97644	
2.80304	8.97614	
2.80273	8.97644	
2.80334	8.97644	
2.80304	8.97705	
2.80304	8.97675	
2.80304	8.97705	
2.80304	8.97522	
2.80304	8.97797	
2.80304	8.97614	
2.80273	8.97583	
2.80273	8.97705	
2.80273	8.97614	
2.80304	8.97583	
2.80273	8.97675	
2.80365	8.97614	
2.80304	8.97552	
2.80334	8.97583	
2.80304	8.97583	
2.80365	8.97766	
2.80334	8.97614	
2.80365	8.97614	
2.80334	8.97675	
2.80273	8.97644	
2.80334	8.97644	
2.80273	8.97675	
2.80334	8.97644	
2.80396	8.97705	
2.80334	8.97705	
2.80334	8.97583	
2.80334	8.97736	
2.80365	8.97614	
2.80334	8.97522	
2.80304	8.97705	
2.80334	8.97675	
2.80334	8.97675	
2.80334	8.97583	
2.80334	8.97675	
2.80365	8.97644	
2.80365	8.97614	
2.80273	8.97736	
2.80304	8.97797	
2.80334	8.97614	
2.80304	8.97705	
2.80304	8.97705	
2.80334	8.97705	
2.80334	8.97614	
2.80334	8.97827	
2.80334	8.97675	
2.80334	8.97644	
2.80304	8.97644	
2.80334	8.97736	
2.80334	8.97705	
2.80365	8.97675	
2.80334	8.97644	
2.80334	8.97522	
2.80304	8.97644	
2.80304	8.97736	
2.80334	8.97675	
2.80334	8.97583	
2.80243	8.97614	
2.80304	8.97614	
2.80334	8.97705	
2.80304	8.97614	
2.80334	8.97888	
2.80334	8.97644	
2.80365	8.97705	
2.80365	8.97644	
2.80304	8.97705	
2.80334	8.97705	
2.80304	8.97736	
2.80304	8.97644	
2.80334	8.97614	
2.80334	8.97552	
2.80334	8.97614	
2.80334	8.97675	
2.80304	8.97552	
2.80365	8.97797	
2.80334	8.97614	
2.80304	8.97644	
2.80304	8.97675	
2.80396	8.97705	
2.80273	8.97522	
2.80365	8.97766	
2.80304	8.97705	
2.80334	8.97614	
2.80365	8.97644	
2.80334	8.97614	
2.80334	8.97766	
2.80365	8.97675	
2.80365	8.97766	
2.80334	8.97644	
2.80304	8.97614	
2.80304	8.97766	
2.80273	8.97705	
2.80365	8.97491	
2.80334	8.97797	
2.80243	8.97675	
2.80334	8.97644	
2.80396	8.97644	
2.80304	8.97583	
2.80304	8.97766	
2.80396	8.97797	
2.80365	8.97614	
2.80365	8.97614	
2.80334	8.97736	
2.80365	8.97614	
2.80365	8.97705	
2.80365	8.97736	
2.80304	8.97705	
2.80334	8.97614	
2.80334	8.97705	
2.80304	8.97797	
2.80273	8.97675	
2.80273	8.97797	
2.80334	8.97827	
2.80334	8.97644	
2.80304	8.97675	
2.80304	8.97766	
2.80334	8.97705	
2.80365	8.97736	
2.80365	8.97766	
2.80334	8.97766	
2.80304	8.97644	
2.80365	8.97583	
2.80304	8.97705	
2.80365	8.97675	
2.80426	8.97614	
2.80365	8.97766	
2.80396	8.97705	
2.80304	8.97644	
2.80304	8.97736	
2.80334	8.97705	
2.80334	8.97644	
2.80365	8.97766	
2.80365	8.97644	
2.80273	8.97705	
2.80334	8.97461	
2.80273	8.97675	
2.80304	8.97644	
2.80304	8.97552	
2.80334	8.97705	
2.80396	8.97614	
2.80365	8.97583	
2.80334	8.97675	
2.80396	8.97583	
2.80334	8.97675	
2.80365	8.97614	
2.80334	8.97736	
2.80334	8.97644	
2.80243	8.97522	
2.80304	8.97705	
2.80334	8.97705	
2.80396	8.97552	
2.80334	8.97766	
2.80365	8.97583	
2.80334	8.97675	
2.80396	8.97736	
2.80396	8.97675	
2.80334	8.97705	
2.80334	8.97736	
2.80365	8.97644	
2.80304	8.97583	
2.80334	8.97522	
2.80365	8.97552	
2.80365	8.97614	
2.80396	8.97644	
2.80396	8.97705	
2.80334	8.97614	
2.80365	8.97491	
2.80396	8.97644	
2.80365	8.97552	
2.80365	8.97522	
2.80365	8.97675	
2.80365	8.97644	
2.80365	8.97644	
2.80396	8.97705	
2.80396	8.97614	
2.80334	8.97491	
2.80365	8.97766	
2.80334	8.97614	
2.80365	8.97614	
2.80396	8.97705	
2.80365	8.97705	
2.80365	8.97491	
2.80396	8.97736	
2.80365	8.97552	
2.80365	8.97644	
2.80334	8.97675	
2.80396	8.97644	
2.80304	8.97644	
2.80365	8.97675	
2.80365	8.97583	
2.80396	8.97614	
2.80426	8.97552	
2.80304	8.97614	
2.80334	8.97675	
2.80304	8.97491	
2.80365	8.97705	
2.80365	8.97614	
2.80365	8.97675	
2.80396	8.97644	
2.80457	8.97583	
2.80334	8.97461	
2.80304	8.97766	
2.80396	8.97552	
2.80365	8.97614	
2.80365	8.97705	
2.80365	8.97644	
2.80396	8.974	
2.80334	8.97644	
2.80334	8.97675	
2.80365	8.97614	
2.80334	8.97583	
2.80396	8.97614	
2.80334	8.97491	
2.80365	8.97766	
2.80334	8.97522	
2.80304	8.97583	
2.80396	8.97461	
2.80304	8.97614	
2.80334	8.97675	
2.80365	8.97644	
2.80365	8.97583	
2.80334	8.97614	
2.80365	8.97552	
2.80365	8.97614	
2.80365	8.97583	
2.80396	8.97461	
2.80365	8.97675	
2.80365	8.97583	
2.80334	8.97583	
2.80396	8.974	
2.80365	8.97644	
2.80334	8.97644	
2.80457	8.97461	
2.80365	8.97736	
2.80334	8.97583	
2.80426	8.97705	
2.80365	8.97644	
2.80396	8.97552	
2.80365	8.97644	
2.80334	8.97705	
2.80334	8.97614	
2.80426	8.97614	
2.80365	8.97522	
2.80304	8.97644	
2.80396	8.97614	
2.80426	8.97644	
2.80365	8.97644	
2.80304	8.97552	
2.80334	8.97583	
2.80334	8.97552	
2.80365	8.97675	
2.80426	8.97644	
2.80334	8.97461	
2.80365	8.97736	
2.80334	8.97614	
2.80396	8.97644	
2.80334	8.97644	
2.80365	8.97552	
2.80426	8.974	
2.80334	8.97827	
2.80426	8.97614	
2.80365	8.97583	
2.80334	8.97644	
2.80396	8.97614	
2.80304	8.97461	
2.80334	8.97705	
2.80334	8.97552	
2.80396	8.97675	
2.80396	8.97644	
2.80457	8.97583	
2.80396	8.97614	
2.80365	8.97461	
2.80426	8.97675	
2.80426	8.97522	
2.80426	8.97583	
2.80396	8.97552	
2.80426	8.97552	
2.80396	8.97614	
2.80396	8.97705	
2.80426	8.97644	
2.80426	8.97583	
2.80426	8.97552	
2.80457	8.97552	
2.80426	8.97614	
2.80396	8.97552	
2.80396	8.97552	
2.80426	8.97583	
2.80365	8.97583	
2.80426	8.97614	
2.80396	8.97583	
2.80457	8.974	
2.80396	8.97705	
2.80396	8.97522	
2.80426	8.97583	
2.80396	8.97583	
2.80426	8.97552	
2.80426	8.9743	
2.80365	8.97675	
2.80426	8.97552	
2.80426	8.97552	
2.80396	8.97583	
2.80426	8.97583	
2.80426	8.97583	
2.80396	8.97522	
2.80426	8.97675	
2.80426	8.97491	
2.80396	8.97552	
2.80365	8.97614	
2.80396	8.97552	
2.80365	8.974	
2.80426	8.97705	
2.80304	8.97522	
2.80396	8.97583	
2.80457	8.97522	
2.80457	8.97614	
2.80396	8.97614	
2.80396	8.97583	
2.80426	8.97614	
2.80396	8.97552	
2.80365	8.97583	
2.80426	8.97614	
2.80396	8.97522	
2.80426	8.97491	
2.80396	8.97736	
2.80396	8.97583	
2.80426	8.97614	
2.80396	8.97644	
2.80426	8.97644	
2.80334	8.97644	
2.80396	8.97644	
2.80396	8.97552	
2.80396	8.97614	
2.80396	8.97583	
2.80396	8.97644	
2.80365	8.97644	
2.80365	8.97583	
2.80396	8.97705	
2.80334	8.97614	
2.80426	8.97583	
2.80426	8.97614	
2.80396	8.97705	
2.80426	8.97614	
2.80426	8.97644	
2.80365	8.97614	
2.80487	8.97797	
2.80457	8.97614	
2.80426	8.97583	
2.80365	8.97614	
2.80396	8.97614	
2.80365	8.97736	
2.80396	8.97644	
2.80365	8.97675	
2.80396	8.97705	
2.80426	8.97552	
2.80426	8.97614	
2.80334	8.97552	
2.80426	8.97583	
2.80396	8.97675	
2.80396	8.97614	
2.80457	8.97644	
2.80365	8.97491	
2.80396	8.97644	
2.80365	8.97675	
2.80426	8.97644	
2.80396	8.97614	
2.80396	8.97766	
2.80396	8.97614	
2.80426	8.97552	
2.80426	8.97552	
2.80426	8.97614	
2.80365	8.97552	
2.80396	8.97522	
2.80365	8.97736	
2.80426	8.97705	
2.80426	8.97614	
2.80426	8.97644	
2.80396	8.97644	
2.80365	8.97644	
2.80426	8.97614	
2.80396	8.97614	
2.80457	8.97552	
2.80426	8.97583	
2.80365	8.97552	
2.80426	8.97583	
2.80426	8.97736	
2.80426	8.97552	
2.80426	8.97675	
2.80396	8.97491	
2.80426	8.97614	
2.80457	8.97522	
2.80426	8.97614	
2.80426	8.97644	
2.80365	8.97522	
2.80426	8.97705	
2.80396	8.97552	
2.80304	8.97583	
2.80426	8.97522	
2.80457	8.97644	
2.80426	8.97552	
2.80334	8.97522	
2.80426	8.97644	
2.80426	8.97614	
2.80396	8.97583	
2.80426	8.97614	
2.80365	8.97552	
2.80365	8.97644	
2.80365	8.97522	
2.80457	8.97583	
2.80457	8.97675	
2.80426	8.97552	
2.80365	8.97583	
2.80426	8.97583	
2.80426	8.97583	
2.80396	8.97583	
2.80457	8.97552	
2.80396	8.97675	
2.80396	8.97614	
2.80426	8.97522	
2.80426	8.9743	
2.80396	8.97583	
2.80396	8.97583	
2.80365	8.97614	
2.80457	8.97614	
2.80396	8.97644	
2.80365	8.97491	
2.80396	8.97552	
2.80396	8.97461	
2.80426	8.97614	
2.80365	8.97583	
2.80396	8.97583	
2.80396	8.97583	
2.80396	8.97675	
2.80365	8.97552	
2.80426	8.97461	
2.80426	8.97491	
2.80396	8.97552	
2.80426	8.97552	
2.80426	8.97644	
2.80426	8.97675	
2.80426	8.97583	
2.80396	8.97491	
2.80457	8.97522	
2.80396	8.97583	
2.80457	8.97552	
2.80365	8.97705	
2.80365	8.97583	
2.80365	8.97583	
2.80396	8.97461	
2.80457	8.97583	
2.80426	8.97583	
2.80365	8.97583	
2.80396	8.97614	
2.80396	8.97705	
2.80396	8.97552	
2.80396	8.97614	
2.80396	8.97552	
2.80426	8.97552	
2.80396	8.97522	
2.80487	8.97461	
2.80365	8.97644	
2.80426	8.97522	
2.80365	8.97614	
2.80426	8.97491	
2.80396	8.97614	
2.80426	8.97614	
2.80396	8.9743	
2.80457	8.97766	
2.80396	8.97583	
2.80457	8.97552	
2.80426	8.97552	
2.80457	8.97552	
2.80426	8.97552	
2.80396	8.974	
2.80426	8.97675	
2.80396	8.97552	
2.80396	8.97614	
2.80487	8.97583	
2.80396	8.97583	
2.80426	8.97522	
2.80396	8.97614	
2.80396	8.97369	
2.80457	8.97705	
2.80396	8.97491	
2.80426	8.97614	
2.80396	8.97461	
2.80396	8.97644	
2.80457	8.97644	
2.80396	8.974	
2.80365	8.97766	
2.80365	8.97552	
2.80365	8.97583	
2.80396	8.974	
2.80426	8.97675	
2.80396	8.97675	
2.80396	8.9743	
2.80426	8.97736	
2.80396	8.97552	
2.80365	8.97522	
2.80365	8.97552	
2.80396	8.97644	
2.80426	8.97522	
2.80334	8.97522	
2.80426	8.97705	
2.80365	8.97644	
2.80426	8.97522	
2.80396	8.97461	
2.80457	8.97522	
2.80426	8.97583	
2.80365	8.97583	
2.80457	8.974	
2.80426	8.97736	
2.80396	8.97522	
2.80396	8.97552	
2.80365	8.974	
2.80426	8.97583	
2.80457	8.97583	
2.80396	8.97522	
2.80365	8.97583	
2.80396	8.97644	
2.80457	8.97491	
2.80426	8.97552	
2.80426	8.97644	
2.80426	8.97675	
2.80365	8.97552	
2.80365	8.97644	
2.80457	8.97675	
2.80396	8.97461	
2.80487	8.97552	
2.80426	8.97644	
2.80365	8.97552	
2.80365	8.97583	
2.80426	8.97614	
2.80426	8.97766	
2.80365	8.97522	
2.80396	8.97522	
2.80396	8.97614	
2.80426	8.97583	
2.80365	8.97552	
2.80426	8.97552	
2.80396	8.97614	
2.80396	8.97491	
2.80365	8.97552	
2.80396	8.97552	
2.80426	8.97614	
2.80426	8.97583	
2.80457	8.97552	
2.80487	8.97736	
2.80457	8.97461	
2.80396	8.97614	
2.80457	8.97522	
2.80457	8.97583	
2.80487	8.97583	
2.80426	8.97491	
2.80426	8.97614	
2.80457	8.97491	
2.80396	8.97552	
2.80457	8.97583	
2.80457	8.97614	
2.80457	8.97552	
2.80487	8.97583	
2.80457	8.97644	
2.80457	8.97614	
2.80426	8.97583	
2.80426	8.97552	
2.80457	8.97644	
2.80426	8.97461	
2.80487	8.97644	
2.80457	8.97583	
2.80457	8.97522	
2.80426	8.97522	
2.80457	8.97522	
2.80487	8.97583	
2.80457	8.97552	
2.80426	8.97583	
2.80457	8.97552	
2.80457	8.97644	
2.80457	8.97522	
2.80487	8.97614	
2.80365	8.97614	
2.80426	8.97583	
2.80426	8.97583	
2.80487	8.97644	
2.80426	8.97552	
2.80396	8.97552	
2.80426	8.97583	
2.80426	8.97583	
2.80396	8.97552	
2.80457	8.97552	
2.80396	8.97614	
2.80426	8.9743	
2.80457	8.97675	
2.80426	8.97614	
2.80426	8.97491	
2.80457	8.97583	
2.80457	8.97583	
2.80426	8.97583	
2.80426	8.97491	
2.80426	8.97644	
2.80457	8.97675	
2.80426	8.97522	
2.80487	8.97552	
2.80426	8.97583	
2.80426	8.97583	
2.80396	8.97644	
2.80457	8.9743	
2.80365	8.97644	
2.80426	8.97522	
2.80457	8.97583	
2.80396	8.9743	
2.80457	8.97614	
2.80426	8.97583	
2.80426	8.97461	
2.80426	8.97736	
2.80487	8.97583	
2.80457	8.97552	
2.80518	8.9743	
2.80426	8.97614	
2.80457	8.97552	
2.80365	8.97552	
2.80457	8.97583	
2.80396	8.97736	
2.80426	8.97552	
2.80426	8.97614	
2.80426	8.97614	
2.80457	8.97583	
2.80426	8.97675	
2.80426	8.97583	
2.80365	8.97552	
2.80487	8.97552	
2.80426	8.97522	
2.80426	8.97614	
2.80396	8.97583	
2.80457	8.97552	
2.80457	8.974	
2.80426	8.97736	
2.80457	8.97552	
2.80426	8.97583	
2.80365	8.97491	
2.80396	8.97583	
2.80457	8.97552	
2.80426	8.9743	
2.80457	8.97675	
2.80426	8.97552	
2.80426	8.97583	
2.80365	8.974	
2.80487	8.97552	
2.80426	8.97552	
2.80457	8.97461	
2.80396	8.97797	
2.80487	8.97583	
2.80487	8.97522	
2.80457	8.9743	
2.80487	8.97644	
2.80396	8.97583	
2.80457	8.97461	
2.80457	8.97644	
2.80396	8.97644	
2.80426	8.97491	
2.80457	8.97583	
2.80457	8.97675	
2.80457	8.97552	
2.80396	8.97644	
2.80457	8.97614	
2.80396	8.97583	
2.80457	8.97522	
2.80426	8.97583	
2.80457	8.97614	
2.80487	8.97614	
2.80487	8.97614	
2.80457	8.9743	
2.80426	8.97675	
2.80457	8.97552	
2.80426	8.97491	
2.80426	8.97552	
2.80396	8.97583	
2.80426	8.97583	
2.80457	8.97583	
2.80426	8.974	
2.80396	8.97614	
2.80396	8.97552	
2.80426	8.97614	
2.80457	8.97552	
2.80457	8.97614	
2.80457	8.97522	
2.80426	8.97675	
2.80426	8.97552	
2.80426	8.97766	
2.80426	8.97552	
2.80487	8.97552	
2.80487	8.97614	
2.80457	8.97614	
2.80457	8.97522	
2.80396	8.97522	
2.80426	8.97675	
2.80457	8.97552	
2.80396	8.97552	
2.80426	8.97583	
2.80426	8.97583	
2.80457	8.97675	
2.80518	8.97583	
2.80487	8.97705	
2.80396	8.97614	
2.80426	8.97583	
2.80426	8.97491	
2.80457	8.97522	
2.80487	8.97369	
2.80518	8.97522	
2.80487	8.97552	
2.80487	8.97644	
2.80457	8.97522	
2.80487	8.97552	
2.80396	8.97644	
2.80457	8.97614	
2.80457	8.97614	
2.80396	8.97614	
2.80426	8.97644	
2.80457	8.97736	
2.80518	8.97522	
2.80457	8.97552	
2.80457	8.97491	
2.80365	8.97552	
2.80426	8.97675	
2.80426	8.97552	
2.80457	8.97339	
2.80487	8.97644	
2.80457	8.97583	
2.80457	8.97491	
2.80457	8.97461	
2.80457	8.97461	
2.80487	8.97491	
2.80518	8.97583	
2.80487	8.97491	
2.80457	8.974	
2.80487	8.97644	
2.80457	8.97491	
2.80487	8.97461	
2.80487	8.97552	
2.80518	8.97583	
2.80487	8.97552	
2.80487	8.97583	
2.80457	8.97461	
2.80457	8.97614	
2.80487	8.97614	
2.80548	8.97522	
2.80457	8.97583	
2.80457	8.97522	
2.80548	8.97552	
2.80487	8.97552	
2.80426	8.97552	
2.80518	8.97583	
2.80457	8.97522	
2.80487	8.97552	
2.80487	8.97675	
2.80487	8.97491	
2.80548	8.97522	
2.80579	8.97644	
2.80487	8.97491	
2.80457	8.97522	
2.80426	8.97461	
2.80579	8.974	
2.80487	8.97583	
2.80457	8.97552	
2.80487	8.97522	
2.80487	8.97522	
2.80579	8.97522	
2.80548	8.97522	
2.80487	8.97491	
2.80548	8.97461	
2.80487	8.97705	
2.80457	8.97522	
2.80518	8.97583	
2.80548	8.97522	
2.80457	8.97552	
2.80487	8.97552	
2.80457	8.97522	
2.80487	8.97339	
2.80518	8.97614	
2.80487	8.97705	
2.80518	8.97522	
2.80518	8.97522	
2.80487	8.97552	
2.80487	8.97614	
2.80518	8.97522	
2.80426	8.974	
2.80457	8.97583	
2.80487	8.97522	
2.80487	8.97644	
2.80518	8.97522	
2.80518	8.97583	
2.80457	8.97644	
2.80548	8.97552	
2.80457	8.97552	
2.80518	8.97491	
2.80518	8.97614	
2.80457	8.97552	
2.80518	8.97552	
2.80548	8.97583	
2.80487	8.97552	
2.80518	8.97552	
2.80426	8.97461	
2.80518	8.97705	
2.80457	8.97552	
2.80457	8.97491	
2.80487	8.97522	
2.80487	8.97491	
2.80457	8.97522	
2.80457	8.97552	
2.80518	8.9743	
2.80518	8.97705	
2.80457	8.97552	
2.80457	8.97583	
2.80518	8.97491	
2.80487	8.97614	
2.80518	8.97491	
2.80487	8.97522	
2.80518	8.97491	
2.80487	8.97675	
2.80487	8.97461	
2.80487	8.97614	
2.80457	8.97614	
2.80518	8.97522	
2.80487	8.97552	
2.80548	8.97552	
2.80487	8.9743	
2.80457	8.97736	
2.80487	8.97522	
2.80518	8.97461	
2.80518	8.97522	
2.80487	8.97552	
2.80457	8.97522	
2.80518	8.97552	
2.80518	8.97614	
2.80457	8.97552	
2.80487	8.97675	
2.80426	8.97461	
2.80487	8.97522	
2.80518	8.97552	
2.80518	8.97644	
2.80609	8.97614	
2.80548	8.97522	
2.80518	8.97461	
2.80457	8.97552	
2.80518	8.97705	
2.80579	8.97461	
2.80548	8.97552	
2.80548	8.97461	
2.80487	8.97522	
2.80518	8.97522	
2.80518	8.97552	
2.80487	8.97369	
2.80487	8.97675	
2.80426	8.97491	
2.80548	8.97552	
2.80548	8.974	
2.80487	8.97552	
2.80548	8.97552	
2.80487	8.97614	
2.80548	8.97675	
2.80518	8.97491	
2.80548	8.97461	
2.80579	8.97583	
2.80579	8.97552	
2.80518	8.97552	
2.80548	8.97522	
2.80518	8.974	
2.80548	8.97675	
2.80518	8.97522	
2.80518	8.97491	
2.80487	8.97461	
2.80487	8.97583	
2.80518	8.97552	
2.80548	8.97461	
2.80548	8.97369	
2.80518	8.97736	
2.80548	8.97644	
2.80548	8.97491	
2.80548	8.97491	
2.80518	8.97461	
2.80579	8.97522	
2.80487	8.97552	
2.80548	8.97522	
2.80487	8.97614	
2.80487	8.97644	
2.80518	8.97614	
2.80548	8.97522	
2.80487	8.97552	
2.80518	8.97583	
2.80548	8.97522	
2.80548	8.97552	
2.80548	8.97491	
2.80579	8.97369	
2.80548	8.97675	
2.80487	8.97522	
2.80487	8.9743	
2.80518	8.97522	
2.80518	8.97491	
2.80518	8.97552	
2.80548	8.97552	
2.80548	8.97522	
2.80548	8.97552	
2.80518	8.97644	
2.80548	8.97522	
2.80518	8.97522	
2.80579	8.97461	
2.80518	8.97491	
2.80548	8.97583	
2.80548	8.97552	
2.80518	8.97308	
2.80518	8.97705	
2.80548	8.97552	
2.80457	8.97552	
2.80518	8.97491	
2.80548	8.97552	
2.80548	8.97522	
2.80518	8.97491	
2.80518	8.97522	
2.80579	8.97461	
2.80518	8.97522	
2.80548	8.97644	
2.80518	8.97491	
2.80518	8.97552	
2.80487	8.97614	
2.80609	8.97461	
2.80518	8.97522	
2.80548	8.97583	
2.80548	8.97522	
2.80579	8.97339	
2.80487	8.97644	
2.80487	8.97552	
2.80579	8.97491	
2.80518	8.97491	
2.80518	8.97552	
2.80518	8.97583	
2.80548	8.97522	
2.80518	8.97461	
2.80548	8.97614	
2.80487	8.97552	
2.80518	8.97491	
2.80518	8.974	
2.80579	8.97522	
2.80548	8.97491	
2.80548	8.97552	
2.80487	8.97461	
2.80487	8.97552	
2.80518	8.97552	
2.80518	8.97583	
2.80548	8.97552	
2.80487	8.97583	
2.80487	8.97552	
2.80518	8.97583	
2.80518	8.97552	
2.80548	8.97583	
2.80518	8.97522	
2.80579	8.97552	
2.80518	8.97369	
2.80609	8.97583	
2.80548	8.97614	
2.80579	8.97461	
2.80548	8.97522	
2.80518	8.97552	
2.80548	8.97491	
2.80457	8.97522	
2.80487	8.97552	
2.80548	8.97583	
2.80548	8.97522	
2.80579	8.97461	
2.80548	8.97583	
2.80548	8.97675	
2.80579	8.97552	
2.80487	8.97522	
2.80487	8.97491	
2.80548	8.97522	
2.80518	8.97614	
2.80487	8.97491	
2.80457	8.97583	
2.80487	8.97552	
2.80548	8.97369	
2.80487	8.97614	
2.80518	8.97614	
2.80487	8.97491	
2.80518	8.97461	
2.80548	8.97522	
2.80548	8.97583	
2.80487	8.97491	
2.80548	8.97522	
2.80518	8.97552	
2.80548	8.9743	
2.80518	8.97614	
2.80518	8.97644	
2.80396	8.97491	
2.80548	8.97461	
2.80548	8.97491	
2.80487	8.97461	
2.80609	8.9743	
2.80487	8.97552	
2.80487	8.97522	
2.80518	8.97491	
2.80457	8.97308	
2.80487	8.97583	
2.80548	8.97644	
2.80548	8.97491	
2.80487	8.97461	
2.80518	8.97491	
2.80518	8.97491	
2.80579	8.97522	
2.80518	8.97522	
2.80548	8.97491	
2.80487	8.97308	
2.80548	8.97491	
2.80579	8.97614	
2.80518	8.97461	
2.80548	8.97491	
2.80548	8.97491	
2.80548	8.97461	
2.80548	8.97461	
2.80487	8.97491	
2.80518	8.97522	
2.80487	8.97552	
2.80548	8.97461	
2.80548	8.97614	
2.80518	8.97552	
2.80487	8.97491	
2.80548	8.97339	
2.80548	8.97583	
2.80518	8.97491	
2.80487	8.97614	
2.80518	8.97308	
2.80487	8.97644	
2.80518	8.97552	
2.80579	8.97583	
2.80487	8.9743	
2.80548	8.9743	
2.80487	8.97552	
2.80518	8.97522	
2.80548	8.97461	
2.80548	8.97522	
2.80518	8.97461	
2.80518	8.97614	
2.80579	8.97491	
2.80548	8.97369	
2.80457	8.97552	
2.80487	8.97369	
2.80487	8.97491	
2.80548	8.97461	
2.80579	8.97522	
2.80487	8.97522	
2.80518	8.97369	
2.80487	8.97614	
2.80548	8.97491	
2.80487	8.97461	
2.80518	8.97491	
2.80457	8.97491	
2.80609	8.97491	
2.80487	8.97522	
2.80487	8.97491	
2.80548	8.974	
2.80548	8.97583	
2.80487	8.97583	
2.80457	8.97461	
2.80457	8.974	
2.80487	8.97461	
2.80548	8.97461	
2.80487	8.97461	
2.80548	8.97461	
2.80518	8.97522	
2.80518	8.97339	
2.80518	8.97644	
2.80518	8.97552	
2.80548	8.974	
2.80518	8.97461	
2.80518	8.97461	
2.80518	8.97461	
2.80548	8.97461	
2.80579	8.97522	
2.80518	8.97522	
2.80518	8.97339	
2.80518	8.97522	
2.80548	8.97552	
2.80548	8.97461	
2.80457	8.97369	
2.80518	8.9743	
2.80548	8.97552	
2.80518	8.97491	
2.80548	8.9743	
2.80487	8.97491	
2.80518	8.97308	
2.80548	8.97644	
2.80457	8.97522	
2.80548	8.9743	
2.80457	8.97491	
2.80579	8.97339	
2.80518	8.97461	
2.80548	8.974	
2.80579	8.97522	
2.80518	8.97522	
2.80518	8.97369	
2.80548	8.97644	
2.80579	8.97552	
2.80487	8.9743	
2.80548	8.97461	
2.80487	8.97491	
2.80609	8.97369	
2.80548	8.97552	
2.80548	8.97491	
2.80518	8.97491	
2.80487	8.97491	
2.80609	8.97339	
2.80518	8.97614	
2.80548	8.97583	
2.80518	8.97461	
2.80487	8.97491	
2.80548	8.97461	
2.80548	8.974	
2.80457	8.97522	
2.8064	8.97461	
2.80579	8.97461	
2.80579	8.97491	
2.80609	8.97308	
2.80518	8.97644	
2.80579	8.9743	
2.80548	8.9743	
2.80548	8.97461	
2.80548	8.974	
2.80518	8.974	
2.80518	8.97461	
2.80579	8.97552	
2.80579	8.974	
2.80609	8.97644	
2.80609	8.97339	
2.8064	8.97552	
2.80579	8.97614	
2.80518	8.97552	
2.80548	8.97552	
2.80548	8.97369	
2.80548	8.97491	
2.80548	8.97339	
2.80548	8.97552	
2.80609	8.97552	
2.80609	8.97461	
2.80548	8.97491	
2.80487	8.97369	
2.80579	8.97614	
2.80609	8.97583	
2.80579	8.97461	
2.80609	8.97461	
2.80579	8.97491	
2.80518	8.97339	
2.80518	8.97522	
2.80609	8.97491	
2.80579	8.97583	
2.80548	8.97461	
2.80579	8.97339	
2.80548	8.97369	
2.80548	8.97583	
2.80548	8.97583	
2.8064	8.97552	
2.8064	8.97522	
2.80518	8.97491	
2.80548	8.97369	
2.80487	8.974	
2.80609	8.97675	
2.80579	8.97491	
2.80487	8.97461	
2.80518	8.97552	
2.80518	8.97552	
2.80609	8.97522	
2.80609	8.97552	
2.8067	8.97614	
2.80609	8.97522	
2.80609	8.97461	
2.80579	8.97491	
2.80518	8.97491	
2.80579	8.974	
2.80518	8.97522	
2.80548	8.97491	
2.80579	8.97583	
2.80548	8.97369	
2.80609	8.97522	
2.8067	8.97308	
2.80609	8.97552	
2.80548	8.97522	
2.80548	8.97461	
2.80579	8.97522	
2.80579	8.97461	
2.80609	8.97491	
2.80548	8.97461	
2.80609	8.97583	
2.80518	8.97522	
2.80579	8.97552	
2.80548	8.97552	
2.80579	8.97552	
2.80579	8.97278	
2.80518	8.97644	
2.80609	8.97705	
2.80579	8.97522	
2.80579	8.9743	
2.80579	8.97461	
2.80579	8.97552	
2.8064	8.97491	
2.80579	8.97461	
2.8064	8.97522	
2.80579	8.97461	
2.80609	8.97339	
2.8064	8.97491	
2.80579	8.97552	
2.80579	8.97522	
2.80518	8.97491	
2.80579	8.97461	
2.80518	8.97491	
2.80579	8.97461	
2.80609	8.97522	
2.80609	8.97491	
2.80548	8.97491	
2.80609	8.97491	
2.80518	8.97583	
2.80609	8.97339	
2.80609	8.97614	
2.80548	8.97583	
2.80548	8.974	
2.8064	8.97552	
2.80548	8.97583	
2.80609	8.97369	
2.80579	8.97461	
2.80518	8.97491	
2.80548	8.97461	
2.80609	8.97614	
2.80487	8.97522	
2.80518	8.97369	
2.80579	8.97552	
2.80548	8.97644	
2.80518	8.9743	
2.80579	8.97461	
2.80548	8.97461	
2.80518	8.97461	
2.8064	8.97461	
2.80579	8.97491	
2.80609	8.97461	
2.80548	8.97522	
2.80548	8.97491	
2.80518	8.97522	
2.80579	8.974	
2.80548	8.97278	
2.80548	8.97644	
2.8064	8.97614	
2.80579	8.97491	
2.80579	8.97552	
2.80579	8.97461	
2.80548	8.97552	
2.80609	8.97522	
2.80579	8.97552	
2.80548	8.9743	
2.80579	8.97552	
2.80548	8.97522	
2.80579	8.97308	
2.80548	8.97522	
2.80548	8.97705	
2.80548	8.97491	
2.80579	8.97552	
2.80579	8.97461	
2.80548	8.9743	
2.80579	8.97552	
2.80579	8.97369	
2.80579	8.97461	
2.80609	8.97522	
2.80579	8.97552	
2.80579	8.97369	
2.80548	8.97369	
2.80609	8.97675	
2.80548	8.97491	
2.80579	8.97461	
2.80579	8.97522	
2.80548	8.97491	
2.80548	8.97491	
2.80518	8.9743	
2.80609	8.97461	
2.80548	8.97491	
2.80579	8.97461	
2.80518	8.974	
2.80518	8.97644	
2.80579	8.97583	
2.80579	8.97491	
2.8064	8.9743	
2.80579	8.97522	
2.80579	8.97552	
2.80548	8.97308	
2.80609	8.97491	
2.80548	8.97491	
2.80548	8.97461	
2.80609	8.97522	
2.80579	8.97491	
2.80579	8.97339	
2.80579	8.97461	
2.80548	8.97705	
2.80548	8.97644	
2.80518	8.9743	
2.80609	8.97369	
2.80609	8.97491	
2.80518	8.97247	
2.80518	8.97522	
2.80579	8.97491	
2.80609	8.97522	
2.80609	8.97461	
2.80548	8.97461	
2.80548	8.97339	
2.80548	8.97461	
2.80548	8.97491	
2.80579	8.97705	
2.80609	8.97491	
2.80548	8.97491	
2.80548	8.97522	
2.80518	8.97339	
2.80609	8.97614	
2.80609	8.97522	
2.80548	8.97461	
2.80579	8.97461	
2.80579	8.97369	
2.80579	8.97461	
2.80548	8.97552	
2.80548	8.97552	
2.80579	8.97369	
2.80487	8.97461	
2.80609	8.9743	
2.80579	8.97491	
2.80579	8.97461	
2.80579	8.97522	
2.80609	8.97461	
2.80609	8.97522	
2.80548	8.97522	
2.80579	8.97522	
2.80579	8.97369	
2.80579	8.97552	
2.80609	8.97644	
2.80609	8.97369	
2.80579	8.974	
2.80487	8.97491	
2.80579	8.97491	
2.80548	8.97522	
2.80609	8.97522	
2.80548	8.97522	
2.80548	8.97461	
2.80518	8.97369	
2.80579	8.97491	
2.80579	8.97614	
2.80579	8.97614	
2.80609	8.97522	
2.80579	8.97522	
2.80609	8.97461	
2.80548	8.9743	
2.80579	8.9743	
2.80579	8.97522	
2.80609	8.97461	
2.80487	8.97522	
2.80579	8.97339	
2.80579	8.97491	
2.80579	8.97614	
2.80548	8.97583	
2.80609	8.97369	
2.80487	8.97369	
2.8064	8.97491	
2.80609	8.97339	
2.80548	8.97552	
2.8064	8.97461	
2.80579	8.97461	
2.80609	8.97461	
2.80548	8.97583	
2.80579	8.97461	
2.80548	8.97552	
2.80518	8.97675	
2.80548	8.97369	
2.80579	8.9743	
2.80579	8.9743	
2.8064	8.97247	
2.80609	8.97461	
2.80548	8.974	
2.80518	8.97461	
2.80579	8.97461	
2.80548	8.974	
2.80579	8.97461	
2.80548	8.97583	
2.80548	8.97461	
2.8064	8.97369	
2.80579	8.97369	
2.80548	8.97369	
2.80579	8.97217	
2.80548	8.97461	
2.80579	8.97461	
2.80609	8.97461	
2.8064	8.974	
2.80579	8.97308	
2.80609	8.97339	
2.80579	8.97552	
2.80518	8.97552	
2.80579	8.97491	
2.80579	8.97461	
2.80487	8.97461	
2.80548	8.9743	
2.80609	8.97369	
2.80609	8.97491	
2.80579	8.97461	
2.8064	8.97522	
2.80609	8.97522	
2.80609	8.97491	
2.80518	8.974	
2.80579	8.97522	
2.80609	8.97461	
2.80579	8.974	
2.8064	8.974	
2.8064	8.974	
2.80548	8.9743	
2.80579	8.97369	
2.80579	8.9743	
2.8064	8.97522	
2.8064	8.97461	
2.80609	8.97522	
2.80609	8.97522	
2.8064	8.97217	
2.80609	8.97552	
2.80548	8.97583	
2.8064	8.97522	
2.80579	8.97369	
2.80609	8.97522	
2.80579	8.97461	
2.80579	8.97369	
2.80609	8.97461	
2.80609	8.97491	
2.80609	8.97491	
2.80609	8.97491	
2.80609	8.97339	
2.80579	8.9743	
2.80609	8.97522	
2.80579	8.97491	
2.80609	8.97461	
2.8064	8.974	
2.80579	8.97339	
2.80518	8.9743	
2.80609	8.97461	
2.80609	8.97369	
2.8067	8.97461	
2.80609	8.97461	
2.80609	8.97369	
2.8064	8.97522	
2.80609	8.97522	
2.80609	8.97491	
2.80579	8.97369	
2.80579	8.97461	
2.8064	8.97369	
2.8064	8.97583	
2.8064	8.9743	
2.8064	8.97461	
2.80579	8.97552	
2.8064	8.97461	
2.80579	8.974	
2.80609	8.97522	
2.80548	8.97552	
2.8064	8.97491	
2.80579	8.9743	
2.8064	8.974	
2.80609	8.974	
2.80701	8.974	
2.80579	8.97461	
2.80609	8.97583	
2.8064	8.97278	
2.80609	8.97461	
2.80609	8.97339	
2.8064	8.97552	
2.80609	8.97552	
2.80548	8.9743	
2.8064	8.9743	
2.80548	8.97461	
2.8064	8.9743	
2.80609	8.974	
2.8064	8.97491	
2.80579	8.97491	
2.8064	8.97583	
2.80579	8.9743	
2.80609	8.9743	
2.8064	8.97461	
2.8064	8.97278	
2.80701	8.97522	
2.80609	8.97583	
2.80609	8.97491	
2.8064	8.9743	
2.80609	8.97339	
2.80609	8.974	
2.80609	8.97247	
2.80579	8.974	
2.80609	8.97339	
2.80609	8.974	
2.80609	8.97369	
2.80609	8.97461	
2.80609	8.97278	
2.80579	8.97461	
2.80609	8.97491	
2.8064	8.97491	
2.80609	8.97308	
2.80548	8.97369	
2.8064	8.97369	
2.8067	8.97278	
2.80609	8.974	
2.80609	8.974	
2.80609	8.974	
2.80548	8.974	
2.8064	8.97308	
2.80609	8.97369	
2.8067	8.97247	
2.8064	8.974	
2.80609	8.97522	
2.8067	8.97308	
2.80609	8.97369	
2.80609	8.97369	
2.80609	8.97369	
2.80579	8.97461	
2.80548	8.97369	
2.80579	8.97186	
2.80609	8.97461	
2.8064	8.9743	
2.80609	8.974	
2.80579	8.9743	
2.8067	8.9743	
2.80609	8.97247	
2.80609	8.97308	
2.8067	8.97461	
2.8064	8.97491	
2.8064	8.97369	
2.8064	8.97308	
2.80609	8.97339	
2.8064	8.97369	
2.80609	8.97278	
2.8067	8.97461	
2.8064	8.97339	
2.80609	8.97308	
2.80609	8.97369	
2.80609	8.97339	
2.80609	8.97308	
2.80609	8.974	
2.80609	8.9743	
2.80701	8.97461	
2.80609	8.97369	
2.8067	8.97369	
2.80609	8.974	
2.80609	8.97339	
2.80609	8.97369	
2.80609	8.974	
2.80579	8.97339	
2.80609	8.97369	
2.80579	8.97339	
2.80609	8.97369	
2.80579	8.97491	
2.80579	8.974	
2.8064	8.97217	
2.80609	8.9743	
2.8067	8.97461	
2.80609	8.9743	
2.8064	8.97461	
2.80609	8.97278	
2.80548	8.97369	
2.80609	8.974	
2.80548	8.97217	
2.80579	8.974	
2.80609	8.974	
2.80579	8.9743	
2.80609	8.97369	
2.80579	8.974	
2.8067	8.97217	
2.80609	8.97247	
2.80609	8.97552	
2.80579	8.97491	
2.80609	8.97491	
2.80609	8.974	
2.80701	8.97369	
2.80609	8.9743	
2.8064	8.97369	
2.8067	8.9743	
2.80579	8.97339	
2.8067	8.97369	
2.80548	8.974	
2.80609	8.974	
2.80609	8.97461	
2.8064	8.97217	
2.8067	8.97461	
2.8067	8.97614	
2.80579	8.97614	
2.80609	8.97491	
2.8064	8.97369	
2.8067	8.97461	
2.8067	8.97461	
2.8067	8.97461	
2.80548	8.97339	
2.8064	8.97278	
2.80609	8.97339	
2.80609	8.97461	
2.80609	8.9743	
2.80762	8.9743	
2.8064	8.97369	
2.8067	8.9743	
2.8067	8.97308	
2.80548	8.97552	
2.80701	8.97552	
2.8064	8.97491	
2.8067	8.97461	
2.8064	8.97491	
2.8064	8.9743	
2.80609	8.974	
2.8067	8.9743	
2.80609	8.97522	
2.80609	8.97491	
2.80701	8.97552	
2.80609	8.974	
2.80609	8.97491	
2.8064	8.97461	
2.8064	8.97522	
2.8067	8.9743	
2.8067	8.97369	
2.80609	8.97461	
2.80579	8.97461	
2.80609	8.97583	
2.80609	8.97522	
2.80579	8.97369	
2.8067	8.97369	
2.8067	8.974	
2.8067	8.97461	
2.8067	8.97491	
2.8064	8.97308	
2.8067	8.9743	
2.8064	8.97491	
2.8067	8.97461	
2.8064	8.97461	
2.8064	8.9743	
2.80762	8.97461	
2.8064	8.97552	
2.8067	8.97308	
2.8067	8.97369	
2.80701	8.97522	
2.80609	8.97552	
2.80609	8.97461	
2.8064	8.97461	
2.8067	8.97461	
2.8064	8.97491	
2.8067	8.97552	
2.80609	8.97369	
2.8064	8.97339	
2.8067	8.97461	
2.80609	8.97461	
2.8067	8.97522	
2.8064	8.97522	
2.8064	8.9743	
2.8064	8.97247	
2.8064	8.97369	
2.8067	8.97583	
2.8064	8.97614	
2.80548	8.97461	
2.80518	8.97369	
2.8067	8.97369	
2.8064	8.97491	
2.8064	8.97278	
2.8064	8.97491	
2.8064	8.97491	
2.8067	8.97461	
2.8064	8.97491	
2.80579	8.97339	
2.80579	8.974	
2.8067	8.9743	
2.8064	8.97552	
2.80609	8.97461	
2.80579	8.97461	
2.80609	8.974	
2.8064	8.9743	
2.80701	8.97461	
2.8064	8.97278	
2.80701	8.97369	
2.8067	8.974	
2.8067	8.97339	
2.80701	8.9743	
2.80701	8.97369	
2.80609	8.97491	
2.80609	8.97278	
2.80701	8.97278	
2.8067	8.97614	
2.80609	8.97522	
2.8067	8.97583	
2.80731	8.974	
2.80701	8.97461	
2.8064	8.97369	
2.8064	8.97369	
2.8067	8.97308	
2.8064	8.974	
2.8067	8.9743	
2.8067	8.97522	
2.8064	8.97491	
2.8067	8.97369	
2.8064	8.97583	
2.80731	8.97339	
2.8067	8.97491	
2.8067	8.97552	
2.8067	8.97339	
2.8067	8.97369	
2.80609	8.97461	
2.8067	8.974	
2.8067	8.9743	
2.8067	8.9743	
2.8067	8.974	
2.80579	8.9743	
2.8067	8.97339	
2.8064	8.974	
2.8064	8.97369	
2.8067	8.974	
2.80609	8.97278	
2.80579	8.97369	
2.80701	8.9743	
2.8064	8.97552	
2.80701	8.97461	
2.8064	8.97308	
2.80609	8.9743	
2.8067	8.97369	
2.8067	8.97339	
2.80701	8.97461	
2.8067	8.97369	
2.8064	8.97339	
2.8067	8.97339	
2.8064	8.97491	
2.8067	8.97461	
2.8067	8.9743	
2.8064	8.97339	
2.8067	8.9743	
2.80701	8.97308	
2.8067	8.97461	
2.8064	8.97522	
2.8067	8.97491	
2.8064	8.97461	
2.8064	8.97369	
2.8067	8.97369	
2.8067	8.974	
2.8067	8.974	
2.8067	8.97339	
2.8067	8.97217	
2.8067	8.97369	
2.8064	8.97491	
2.8067	8.974	
2.8064	8.97339	
2.8067	8.97369	
2.8064	8.97339	
2.80701	8.974	
2.80609	8.97278	
2.8067	8.97369	
2.8064	8.97461	
2.8064	8.97491	
2.80701	8.97369	
2.80609	8.97308	
2.80701	8.97308	
2.80609	8.97339	
2.8067	8.97339	
2.8067	8.97339	
2.8067	8.97339	
2.80609	8.97339	
2.8064	8.974	
2.8067	8.97522	
2.80609	8.974	
2.8064	8.974	
2.80701	8.97491	
2.8067	8.974	
2.80701	8.97308	
2.80579	8.97461	
2.80701	8.9743	
2.8064	8.97308	
2.8067	8.97339	
2.8064	8.9743	
2.8067	8.97552	
2.8067	8.97491	
2.8067	8.97339	
2.80609	8.97308	
2.8064	8.97491	
2.80762	8.97369	
2.8064	8.97339	
2.80701	8.9743	
2.80609	8.97461	
2.8067	8.97461	
2.8064	8.9743	
2.8064	8.97461	
2.80701	8.97461	
2.80731	8.974	
2.8064	8.97491	
2.80701	8.97247	
2.8067	8.97217	
2.8067	8.97369	
2.8067	8.97491	
2.8067	8.97552	
2.8064	8.97339	
2.8064	8.97369	
2.80609	8.97369	
2.80701	8.97369	
2.8064	8.974	
2.8064	8.97217	
2.80701	8.97461	
2.8064	8.974	
2.8064	8.97491	
2.8067	8.974	
2.8067	8.974	
2.80609	8.97339	
2.8064	8.97339	
2.80701	8.974	
2.8064	8.97583	
2.80701	8.97583	
2.8067	8.974	
2.80701	8.97308	
2.8067	8.97461	
2.8067	8.974	
2.8064	8.97308	
2.80701	8.97369	
2.8067	8.97461	
2.8067	8.97369	
2.80701	8.97369	
2.8064	8.97369	
2.8064	8.97461	
2.8067	8.97461	
2.8067	8.9743	
2.8064	8.97369	
2.8064	8.97369	
2.8064	8.97186	
2.80609	8.9743	
2.80701	8.97522	
2.8064	8.9743	
2.8067	8.974	
2.8064	8.97339	
2.80731	8.974	
2.80701	8.974	
2.8064	8.97369	
2.80731	8.97186	
2.8067	8.97369	
2.8067	8.97461	
2.8064	8.9743	
2.8064	8.97369	
2.8067	8.97461	
2.8067	8.97369	
2.80731	8.97369	
2.8064	8.9743	
2.8067	8.97369	
2.8067	8.97278	
2.80609	8.97522	
2.8067	8.97461	
2.8067	8.97491	
2.80731	8.97461	
2.8067	8.97339	
2.80762	8.97369	
2.80609	8.974	
2.8064	8.974	
2.80701	8.97461	
2.80731	8.97461	
2.8067	8.97308	
2.80731	8.97461	
2.8064	8.97369	
2.8067	8.9743	
2.8064	8.9743	
2.80701	8.974	
2.8064	8.97369	
2.8067	8.974	
2.8067	8.9743	
2.8067	8.97308	
2.80762	8.97339	
2.80731	8.97491	
2.80701	8.97522	
2.80762	8.97583	
2.8064	8.97461	
2.8067	8.97461	
2.80731	8.9743	
2.80701	8.97369	
2.8064	8.97369	
2.8067	8.97461	
2.8067	8.97308	
2.8067	8.97461	
2.8067	8.97491	
2.8067	8.974	
2.8067	8.974	
2.80701	8.974	
2.8067	8.97339	
2.80731	8.97369	
2.80701	8.9743	
2.80701	8.97491	
2.80701	8.97339	
2.80731	8.97217	
2.80701	8.97278	
2.8067	8.97491	
2.80701	8.97614	
2.8067	8.97461	
2.8067	8.974	
2.8067	8.9743	
2.80731	8.9743	
2.80701	8.97461	
2.80701	8.974	
2.8067	8.97339	
2.80731	8.97247	
2.80701	8.97369	
2.80701	8.974	
2.8067	8.974	
2.80701	8.9743	
2.80762	8.9743	
2.80731	8.97369	
2.8064	8.97461	
2.80701	8.97369	
2.80731	8.97339	
2.8067	8.974	
2.80731	8.97339	
2.80701	8.97278	
2.8067	8.9743	
2.80762	8.97522	
2.8064	8.97552	
2.80701	8.97369	
2.80701	8.97369	
2.8067	8.9743	
2.8067	8.974	
2.8064	8.974	
2.80762	8.97339	
2.80701	8.97339	
2.80701	8.97339	
2.80731	8.9743	
2.8064	8.97522	
2.8064	8.97339	
2.80762	8.9743	
2.80701	8.97339	
2.8067	8.97461	
2.8067	8.974	
2.80701	8.97308	
2.80731	8.9743	
2.8064	8.97491	
2.8064	8.97552	
2.8067	8.97491	
2.80701	8.97522	
2.8067	8.97461	
2.80701	8.97461	
2.80701	8.97339	
2.8067	8.97339	
2.80731	8.97369	
2.80762	8.97369	
2.8067	8.974	
2.8064	8.974	
2.80731	8.9743	
2.8067	8.9743	
2.80701	8.97491	
2.80701	8.974	
2.80701	8.97369	
2.80701	8.97369	
2.80731	8.97339	
2.80731	8.97308	
2.8067	8.97308	
2.8064	8.974	
2.80731	8.97491	
2.8067	8.97552	
2.8067	8.97552	
2.80731	8.97369	
2.8067	8.97339	
2.8064	8.97369	
2.80701	8.97369	
2.8067	8.97278	
2.80731	8.97461	
2.80762	8.97369	
2.80609	8.97369	
2.80731	8.9743	
2.80701	8.97369	
2.80701	8.97369	
2.80701	8.974	
2.80701	8.97339	
2.80701	8.97308	
2.8067	8.974	
2.80701	8.97522	
2.80731	8.974	
2.80701	8.97461	
2.80762	8.97308	
2.8067	8.97461	
2.80731	8.97369	
2.8067	8.97339	
2.8067	8.97308	
2.80731	8.974	
2.80762	8.974	
2.8067	8.974	
2.80701	8.974	
2.80701	8.9743	
2.80731	8.97369	
2.80701	8.97247	
2.8067	8.974	
2.80701	8.97491	
2.8064	8.97552	
2.80731	8.974	
2.80762	8.97369	
2.80762	8.974	
2.80701	8.974	
2.8067	8.97308	
2.80701	8.974	
2.8067	8.97369	
2.8067	8.97308	
2.8067	8.9743	
2.8067	8.97278	
2.8067	8.97369	
2.8067	8.974	
2.80731	8.97369	
2.80701	8.9743	
2.8064	8.974	
2.80792	8.97461	
2.80701	8.97369	
2.80701	8.9743	
2.80731	8.974	
2.8067	8.97339	
2.80701	8.97247	
2.8067	8.974	
2.80701	8.97552	
2.80701	8.97552	
2.80731	8.97522	
2.80701	8.97491	
2.8067	8.97339	
2.80731	8.97369	
2.80701	8.97339	
2.80731	8.97461	
2.80731	8.97369	
2.8067	8.97156	
2.80701	8.97369	
2.80762	8.9743	
2.80701	8.97461	
2.8064	8.97369	
2.8067	8.97461	
2.8064	8.97461	
2.80701	8.9743	
2.8067	8.97461	
2.8067	8.9743	
2.80731	8.97308	
2.8064	8.97339	
2.80701	8.974	
2.8067	8.97552	
2.80701	8.97522	
2.8067	8.97461	
2.80762	8.97339	
2.8067	8.97278	
2.80731	8.974	
2.8064	8.974	
2.8067	8.974	
2.80701	8.97461	
2.8064	8.974	
2.80731	8.97247	
2.80701	8.97369	
2.80701	8.974	
2.8067	8.97369	
2.80701	8.97308	
2.8067	8.974	
2.80762	8.97369	
2.8067	8.974	
2.8067	8.974	
2.80701	8.97461	
2.8067	8.97552	
2.80701	8.974	
2.8067	8.97278	
2.80762	8.974	
2.8067	8.97552	
2.8067	8.97644	
2.80701	8.9743	
2.80701	8.97308	
2.80701	8.97369	
2.8067	8.97369	
2.8067	8.9743	
2.80731	8.97308	
2.8067	8.97369	
2.8067	8.97339	
2.80701	8.97339	
2.80701	8.97369	
2.80701	8.974	
2.80731	8.97278	
2.8067	8.97339	
2.80731	8.974	
2.8067	8.9743	
2.80701	8.9743	
2.80701	8.974	
2.80701	8.9743	
2.8067	8.97491	
2.80701	8.97461	
2.80731	8.97278	
2.80731	8.97217	
2.80609	8.97369	
2.80701	8.974	
2.80762	8.97552	
2.8067	8.97552	
2.8067	8.97552	
2.80701	8.97522	
2.80792	8.97491	
2.8067	8.97369	
2.80792	8.97369	
2.80762	8.974	
2.8064	8.97369	
2.8064	8.97369	
2.8067	8.97491	
2.80762	8.974	
2.80731	8.97339	
2.8067	8.97339	
2.80609	8.97369	
2.8067	8.97186	
2.8064	8.97217	
2.80762	8.97461	
2.80731	8.97461	
2.80701	8.9743	
2.80609	8.9743	
2.80701	8.9743	
2.80701	8.97491	
2.80731	8.97461	
2.80701	8.97369	
2.80731	8.974	
2.80701	8.97461	
2.80762	8.97461	
2.80792	8.97369	
2.80762	8.97339	
2.80731	8.974	
2.80762	8.9743	
2.80762	8.97217	
2.8064	8.97217	
2.80792	8.97491	
2.8067	8.97491	
2.80701	8.97461	
2.8064	8.97491	
2.8064	8.9743	
2.80762	8.974	
2.80762	8.97369	
2.80731	8.97339	
2.80701	8.97339	
2.80792	8.974	
2.80792	8.97369	
2.80731	8.97369	
2.80701	8.97217	
2.80731	8.9743	
2.8067	8.97461	
2.80731	8.9743	
2.80792	8.9743	
2.80731	8.974	
2.80762	8.974	
2.80762	8.97339	
2.80762	8.974	
2.80762	8.97339	
2.80762	8.97339	
2.80701	8.97461	
2.80731	8.97369	
2.80701	8.974	
2.80792	8.97247	
2.8067	8.97491	
2.80731	8.97491	
2.80701	8.97491	
2.80762	8.97491	
2.80701	8.9743	
2.80609	8.9743	
2.8067	8.97369	
2.80701	8.97339	
2.8067	8.974	
2.80701	8.97339	
2.80762	8.97339	
2.80701	8.97339	
2.80701	8.97186	
2.80701	8.9743	
2.80701	8.97369	
2.8067	8.97461	
2.80762	8.974	
2.80762	8.97369	
2.80823	8.97339	
2.80731	8.9743	
2.80701	8.97461	
2.80792	8.97339	
2.80731	8.974	
2.80701	8.97247	
2.80701	8.97278	
2.80701	8.9743	
2.8067	8.974	
2.80701	8.97552	
2.80792	8.9743	
2.8067	8.974	
2.8067	8.974	
2.80762	8.974	
2.80792	8.9743	
2.80731	8.974	
2.80701	8.9743	
2.80731	8.97278	
2.80701	8.974	
2.80701	8.97247	
2.80762	8.97308	
2.80762	8.97369	
2.8067	8.9743	
2.80762	8.97522	
2.8067	8.97308	
2.80701	8.9743	
2.80731	8.9743	
2.80731	8.97461	
2.80762	8.97491	
2.80792	8.97369	
2.80792	8.9743	
2.80762	8.97308	
2.80762	8.97247	
2.80762	8.97278	
2.80762	8.9743	
2.80762	8.97552	
2.80792	8.97552	
2.80701	8.97552	
2.80762	8.97491	
2.80701	8.97522	
2.80731	8.97308	
2.80762	8.97339	
2.80731	8.97369	
2.80792	8.97369	
2.80731	8.97339	
2.80762	8.974	
2.80762	8.97461	
2.8067	8.97339	
2.80731	8.97247	
2.80792	8.97308	
2.80762	8.97339	
2.80731	8.97461	
2.80762	8.97308	
2.80731	8.97369	
2.80762	8.97369	
2.80762	8.97491	
2.80762	8.9743	
2.8067	8.974	
2.80701	8.97369	
2.8067	8.9743	
2.80762	8.97369	
2.80762	8.97339	
2.80762	8.9743	
2.80701	8.97369	
2.8067	8.97247	
2.80731	8.97217	
2.80762	8.97247	
2.80701	8.97339	
2.8067	8.97369	
2.80701	8.97522	
2.80762	8.97461	
2.80731	8.97522	
2.8067	8.97522	
2.80792	8.97552	
2.80762	8.97491	
2.80762	8.97491	
2.80762	8.97491	
2.80701	8.97339	
2.80762	8.97369	
2.80762	8.974	
2.80792	8.97339	
2.8067	8.97369	
2.80792	8.97278	
2.80762	8.97339	
2.80731	8.97339	
2.80762	8.97308	
2.80762	8.97369	
2.80762	8.97308	
2.80731	8.97308	
2.80731	8.97278	
2.80731	8.97308	
2.80762	8.97369	
2.80762	8.97369	
2.80792	8.974	
2.80731	8.9743	
2.80731	8.974	
2.80792	8.974	
2.80792	8.974	
2.80701	8.97308	
2.80731	8.97247	
2.80792	8.97308	
2.80701	8.97278	
2.80731	8.97186	
2.80731	8.97369	
2.80701	8.974	
2.80731	8.97461	
2.80731	8.97491	
2.80792	8.974	
2.80823	8.97461	
2.8067	8.974	
2.80701	8.97369	
2.80792	8.97369	
2.80792	8.97339	
2.80762	8.97339	
2.80731	8.97278	
2.8067	8.97308	
2.80823	8.97247	
2.80792	8.97308	
2.80731	8.974	
2.80762	8.97339	
2.80792	8.974	
2.80731	8.97339	
2.80762	8.97461	
2.80731	8.97278	
2.80701	8.974	
2.80762	8.9743	
2.80762	8.97339	
2.80762	8.974	
2.80701	8.974	
2.80792	8.974	
2.80701	8.97247	
2.8067	8.97217	
2.80762	8.97186	
2.80701	8.97339	
2.80762	8.974	
2.80762	8.9743	
2.80701	8.97522	
2.80731	8.97522	
2.80731	8.9743	
2.80762	8.97491	
2.80792	8.97552	
2.80701	8.97461	
2.80823	8.9743	
2.80731	8.97308	
2.80731	8.97339	
2.80823	8.97278	
2.80792	8.97339	
2.80731	8.97308	
2.80762	8.97278	
2.80762	8.974	
2.80731	8.97369	
2.80731	8.97308	
2.80701	8.974	
2.8067	8.97308	
2.80731	8.97369	
2.80701	8.97125	
2.80701	8.97247	
2.80762	8.97156	
2.80731	8.97339	
2.80731	8.97369	
2.80731	8.97308	
2.80762	8.97369	
2.80731	8.97369	
2.80731	8.974	
2.80792	8.97369	
2.80701	8.97247	
2.80731	8.97308	
2.80701	8.97339	
2.80701	8.97369	
2.80701	8.97369	
2.80762	8.97369	
2.80731	8.97186	
2.80731	8.97217	
2.80731	8.97217	
2.80792	8.97369	
2.80762	8.97369	
2.80762	8.97491	
2.80823	8.97461	
2.80701	8.97491	
2.80701	8.97461	
2.8067	8.9743	
2.80762	8.97308	
2.80701	8.97369	
2.80701	8.97369	
2.80792	8.97339	
2.80701	8.97278	
2.80792	8.974	
2.80731	8.97369	
2.80701	8.97339	
2.80731	8.97217	
2.8067	8.97247	
2.8067	8.97308	
2.80762	8.974	
2.80792	8.97339	
2.80792	8.97461	
2.80701	8.97339	
2.80701	8.97369	
2.80762	8.97339	
2.80762	8.97339	
2.80701	8.97247	
2.80792	8.97278	
2.80701	8.974	
2.80701	8.97369	
2.80762	8.97491	
2.80792	8.97461	
2.80731	8.97491	
2.80762	8.974	
2.80823	8.97369	
2.80701	8.97247	
2.80792	8.97369	
2.8067	8.97339	
2.80731	8.97339	
2.8067	8.97308	
2.80823	8.97186	
2.80762	8.97278	
2.80792	8.97339	
2.8067	8.97217	
2.80762	8.97369	
2.80731	8.97461	
2.80792	8.9743	
2.80792	8.974	
2.80762	8.97369	
2.80731	8.97308	
2.80823	8.97339	
2.80762	8.97339	
2.80731	8.974	
2.80762	8.974	
2.80731	8.97369	
2.80762	8.97369	
2.80731	8.97369	
2.80731	8.97339	
2.80762	8.974	
2.8067	8.974	
2.80823	8.974	
2.80792	8.97247	
2.80762	8.97247	
2.80731	8.974	
2.80731	8.97247	
2.8067	8.97278	
2.80762	8.97125	
2.80762	8.974	
2.80762	8.97278	
2.8064	8.97369	
2.80701	8.97369	
2.8067	8.97369	
2.8067	8.97522	
2.80701	8.97491	
2.80762	8.97491	
2.80823	8.974	
2.80701	8.974	
2.80701	8.97278	
2.80762	8.974	
2.80701	8.97339	
2.80792	8.97247	
2.80701	8.97369	
2.80762	8.97369	
2.80823	8.97369	
2.80762	8.97217	
2.80762	8.97247	
2.80731	8.97217	
2.80731	8.97125	
2.80823	8.97308	
2.80792	8.97339	
2.80701	8.97308	
2.80792	8.97339	
2.80762	8.97369	
2.80701	8.97278	
2.80731	8.97247	
2.80762	8.97247	
2.80762	8.97369	
2.80762	8.97278	
2.80731	8.97278	
2.80701	8.97308	
2.80701	8.97308	
2.80792	8.97247	
2.80762	8.97247	
2.80731	8.97308	
2.80762	8.97339	
2.80762	8.97339	
2.80762	8.97308	
2.80792	8.97247	
2.80792	8.97339	
2.80762	8.97156	
2.80762	8.97278	
2.80762	8.97369	
2.80762	8.97339	
2.80701	8.974	
2.80762	8.97369	
2.80731	8.97461	
2.80792	8.974	
2.80762	8.9743	
2.8067	8.97247	
2.80762	8.97308	
2.80792	8.97308	
2.80701	8.97186	
2.80731	8.97308	
2.80762	8.97308	
2.80792	8.97247	
2.80792	8.97308	
2.80762	8.97247	
2.80701	8.97247	
2.80731	8.97278	
2.80792	8.97247	
2.80701	8.97217	
2.8067	8.97217	
2.80701	8.97339	
2.80731	8.97339	
2.80762	8.97156	
2.80731	8.97217	
2.80762	8.97217	
2.80762	8.97217	
2.80792	8.97308	
2.80762	8.97247	
2.80731	8.97247	
2.80731	8.97278	
2.8067	8.974	
2.80762	8.97339	
2.80762	8.97308	
2.80762	8.97369	
2.80762	8.97339	
2.80762	8.97217	
2.80762	8.97278	
2.80762	8.97369	
2.80762	8.97217	
2.80762	8.97308	
2.80792	8.97278	
2.80792	8.97278	
2.80762	8.97339	
2.80731	8.97278	
2.80701	8.97339	
2.80762	8.97339	
2.8067	8.97369	
2.80762	8.97308	
2.80701	8.97156	
2.8067	8.97247	
2.80701	8.97308	
2.80792	8.97247	
2.80731	8.97461	
2.80731	8.97308	
2.80701	8.97125	
2.80762	8.97186	
2.80731	8.97125	
2.80731	8.97156	
2.80731	8.97156	
2.80731	8.97186	
2.80762	8.97125	
2.80762	8.97217	
2.80731	8.97247	
2.80701	8.97339	
2.80762	8.97369	
2.80701	8.97308	
2.80701	8.97308	
2.80731	8.9743	
2.80823	8.9743	
2.80762	8.9743	
2.80792	8.97461	
2.80792	8.974	
2.8067	8.974	
2.80792	8.97186	
2.80701	8.97247	
2.8067	8.97186	
2.80701	8.97339	
2.80762	8.97278	
2.80701	8.974	
2.80731	8.97308	
2.80762	8.97308	
2.8067	8.97186	
2.80762	8.97308	
2.80792	8.97217	
2.80762	8.97339	
2.80792	8.97369	
2.80762	8.97339	
2.80792	8.97247	
2.80762	8.97217	
2.8067	8.97247	
2.80731	8.97247	
2.80731	8.97278	
2.80731	8.97278	
2.80762	8.97278	
2.80792	8.97308	
2.80792	8.97247	
2.80762	8.97308	
2.80762	8.97247	
2.80701	8.97278	
2.80731	8.97308	
2.80701	8.97308	
2.80762	8.97308	
2.80792	8.97369	
2.80701	8.97339	
2.80701	8.97339	
2.80792	8.97278	
2.80731	8.9743	
2.80731	8.97278	
2.80762	8.97339	
2.80731	8.974	
2.80701	8.97339	
2.80762	8.97461	
2.80731	8.974	
2.80762	8.97369	
2.80762	8.97491	
2.80731	8.97308	
2.80762	8.97308	
2.8067	8.97339	
2.80762	8.97369	
2.80792	8.97308	
2.80762	8.97339	
2.8067	8.974	
2.80731	8.97369	
2.80731	8.97369	
2.80731	8.97247	
2.80731	8.97339	
2.80731	8.97278	
2.80731	8.97308	
2.80731	8.97308	
2.80792	8.97339	
2.80762	8.97339	
2.80701	8.97369	
2.80731	8.97308	
2.80762	8.97339	
2.80762	8.97369	
2.80701	8.97247	
2.80762	8.97278	
2.80792	8.9743	
2.80701	8.974	
2.80762	8.97247	
2.80762	8.97217	
2.80701	8.97247	
2.80762	8.97247	
2.80792	8.97247	
2.80731	8.97217	
2.80762	8.97247	
2.80701	8.97247	
2.80792	8.97278	
2.80701	8.97186	
2.80762	8.974	
2.80731	8.97369	
2.80762	8.97308	
2.80762	8.97461	
2.80792	8.974	
2.80762	8.974	
2.80792	8.974	
2.80701	8.97369	
2.80823	8.97339	
2.80762	8.97308	
2.80762	8.97339	
2.80792	8.9743	
2.80762	8.97339	
2.80762	8.97339	
2.80731	8.97339	
2.80792	8.97308	
2.80762	8.974	
2.80762	8.97461	
2.80823	8.97339	
2.80823	8.97308	
2.80792	8.97339	
2.80792	8.97339	
2.80823	8.97308	
2.80823	8.974	
2.80792	8.9743	
2.8067	8.9743	
2.80792	8.97369	
2.80731	8.97369	
2.80792	8.97278	
2.80792	8.97369	
2.80823	8.97308	
2.80823	8.97369	
2.80762	8.97125	
2.80792	8.97186	
2.80762	8.97156	
2.80823	8.97308	
2.80823	8.97217	
2.80823	8.97156	
2.80792	8.97125	
2.80792	8.97247	
2.80701	8.97217	
2.80731	8.97217	
2.80701	8.97308	
2.80762	8.97369	
2.80762	8.974	
2.80762	8.97583	
2.80762	8.97491	
2.80792	8.974	
2.80792	8.9743	
2.80853	8.97461	
2.80792	8.974	
2.80853	8.974	
2.80792	8.97461	
2.80823	8.9743	
2.80792	8.97522	
2.80853	8.97461	
2.80792	8.97522	
2.80792	8.97491	
2.80884	8.97461	
2.80914	8.97461	
2.80792	8.97369	
2.80853	8.97369	
2.80823	8.97461	
2.80823	8.97369	
2.80823	8.97369	
2.80762	8.97461	
2.80792	8.97339	
2.80792	8.974	
2.80823	8.97369	
2.80823	8.974	
2.80701	8.97247	
2.80792	8.97369	
2.80823	8.97339	
2.80823	8.97308	
2.80823	8.97308	
2.80792	8.97278	
2.80884	8.97278	
2.80823	8.97308	
2.80823	8.97308	
2.80731	8.97247	
2.80792	8.97278	
2.80823	8.97186	
2.80792	8.97278	
2.80823	8.97278	
2.80823	8.97247	
2.80853	8.97278	
2.80762	8.97339	
2.80762	8.97278	
2.80762	8.97247	
2.80853	8.97217	
2.80823	8.97217	
2.80823	8.97308	
2.80792	8.97308	
2.80792	8.97247	
2.80853	8.97247	
2.80731	8.97278	
2.80762	8.97308	
2.80731	8.97217	
2.80701	8.97339	
2.80792	8.97278	
2.80762	8.97217	
2.80792	8.97308	
2.80792	8.97308	
2.80792	8.97247	
2.80823	8.97247	
2.80792	8.97247	
2.80853	8.97247	
2.80792	8.97339	
2.80823	8.97369	
2.80823	8.97247	
2.80792	8.97278	
2.80823	8.97369	
2.80792	8.97369	
2.80823	8.97278	
2.80853	8.97247	
2.80792	8.97217	
2.80823	8.97308	
2.80792	8.97308	
2.80853	8.97339	
2.80701	8.97308	
2.80853	8.97308	
2.80823	8.97247	
2.80823	8.97278	
2.80823	8.97217	
2.80762	8.97339	
2.80762	8.97339	
2.80853	8.97278	
2.80823	8.97278	
2.80792	8.97247	
2.80823	8.97217	
2.80823	8.97247	
2.80731	8.97186	
2.80792	8.97186	
2.80731	8.97217	
2.80823	8.97339	
2.80792	8.97247	
2.80823	8.97095	
2.80853	8.97217	
2.80792	8.97186	
2.80823	8.97278	
2.80914	8.97247	
2.80731	8.97217	
2.80853	8.97339	
2.80853	8.97339	
2.80792	8.97186	
2.80792	8.97339	
2.80823	8.97369	
2.80823	8.97369	
2.80792	8.97217	
2.80823	8.97308	
2.80823	8.97339	
2.80823	8.97247	
2.80762	8.97217	
2.80762	8.97339	
2.80884	8.97308	
2.80823	8.97278	
2.80823	8.97278	
2.80762	8.97308	
2.80792	8.97308	
2.80823	8.97278	
2.80792	8.97339	
2.80792	8.97339	
2.80792	8.97278	
2.80853	8.97247	
2.80853	8.97247	
2.80853	8.97278	
2.80853	8.97308	
2.80792	8.97308	
2.80792	8.97339	
2.80792	8.97278	
2.80762	8.97369	
2.80792	8.97278	
2.80792	8.97308	
2.80792	8.97278	
2.80853	8.97278	
2.80884	8.97339	
2.80853	8.97461	
2.80792	8.97247	
2.80823	8.97278	
2.80823	8.97278	
2.80823	8.97278	
2.80762	8.97308	
2.80792	8.97308	
2.80762	8.97217	
2.80792	8.97247	
2.80792	8.97217	
2.80792	8.97278	
2.80792	8.97308	
2.80792	8.97186	
2.80823	8.97217	
2.80792	8.97308	
2.80762	8.97278	
2.80823	8.97217	
2.80884	8.97278	
2.80823	8.97278	
2.80792	8.97278	
2.80914	8.97278	
2.80792	8.97278	
2.80792	8.97186	
2.80792	8.97186	
2.80884	8.97247	
2.80762	8.97186	
2.80823	8.97339	
2.80762	8.97308	
2.80792	8.97308	
2.80792	8.974	
2.80792	8.97217	
2.80823	8.974	
2.80823	8.9743	
2.80823	8.97369	
2.80792	8.974	
2.80823	8.97369	
2.80823	8.97461	
2.80792	8.97339	
2.80792	8.974	
2.80792	8.9743	
2.80792	8.97278	
2.80792	8.97278	
2.80823	8.97308	
2.80853	8.97278	
2.80823	8.97278	
2.80853	8.97278	
2.80762	8.97278	
2.80792	8.97339	
2.80792	8.97247	
2.80823	8.97217	
2.80823	8.97278	
2.80853	8.97369	
2.80762	8.97186	
2.80823	8.97247	
2.80823	8.97247	
2.80823	8.97278	
2.80853	8.97308	
2.80853	8.97339	
2.80823	8.97278	
2.80823	8.97308	
2.80762	8.97247	
2.80823	8.97217	
2.80762	8.97278	
2.80792	8.97308	
2.80792	8.97186	
2.80731	8.97369	
2.80884	8.97308	
2.80823	8.97308	
2.80853	8.97217	
2.80762	8.97247	
2.80853	8.97278	
2.80853	8.97308	
2.80823	8.97339	
2.80823	8.97278	
2.80792	8.97369	
2.80792	8.97278	
2.80823	8.97308	
2.80762	8.97339	
2.80823	8.97308	
2.80792	8.97369	
2.80884	8.97339	
2.80731	8.97247	
2.80884	8.97339	
2.80823	8.97339	
2.80792	8.974	
2.80823	8.974	
2.80792	8.97522	
2.80823	8.97491	
2.80792	8.97369	
2.80823	8.97369	
2.80853	8.97369	
2.80762	8.97339	
2.80731	8.97278	
2.80853	8.97308	
2.80792	8.97186	
2.80823	8.97278	
2.80823	8.97339	
2.80823	8.97278	
2.80823	8.97308	
2.80823	8.97278	
2.80823	8.97339	
2.80792	8.97339	
2.80823	8.97308	
2.80853	8.97369	
2.80823	8.97308	
2.80792	8.97339	
2.80823	8.97308	
2.80792	8.974	
2.80823	8.97278	
2.80853	8.97369	
2.80762	8.97156	
2.80792	8.97339	
2.80853	8.97339	
2.80792	8.97247	
2.80823	8.97247	
2.80792	8.97247	
2.80823	8.97308	
2.80792	8.97339	
2.80823	8.97278	
2.80853	8.97308	
2.80792	8.97186	
2.80823	8.97247	
2.80792	8.97247	
2.80792	8.97278	
2.80792	8.97308	
2.80792	8.97247	
2.80792	8.97247	
2.80823	8.97369	
2.80853	8.97339	
2.80853	8.974	
2.80823	8.97461	
2.80823	8.97461	
2.80853	8.9743	
2.80792	8.9743	
2.80792	8.97369	
2.80853	8.97156	
2.80823	8.97156	
2.80853	8.97125	
2.80853	8.97186	
2.80853	8.97125	
2.80853	8.97217	
2.80731	8.97156	
2.80823	8.97095	
2.80792	8.97278	
2.80823	8.97308	
2.80853	8.97308	
2.80823	8.97369	
2.80792	8.97278	
2.80853	8.97278	
2.80823	8.97217	
2.80853	8.97156	
2.80853	8.97247	
2.80762	8.97339	
2.80853	8.97217	
2.80762	8.97247	
2.80823	8.97278	
2.80853	8.97217	
2.80823	8.97156	
2.80823	8.97339	
2.80853	8.97278	
2.80823	8.97247	
2.80823	8.97308	
2.80884	8.97339	
2.80823	8.97278	
2.80823	8.97278	
2.80853	8.97278	
2.80762	8.97247	
2.80823	8.97247	
2.80884	8.97217	
2.80823	8.97064	
2.80762	8.97186	
2.80792	8.97247	
2.80823	8.97308	
2.80792	8.97247	
2.80792	8.97217	
2.80792	8.97217	
2.80792	8.97247	
2.80823	8.97217	
2.80823	8.97156	
2.80762	8.97247	
2.80853	8.97308	
2.80792	8.97186	
2.80853	8.974	
2.80792	8.974	
2.80823	8.97278	
2.80792	8.97308	
2.80823	8.97308	
2.80823	8.97125	
2.80853	8.97156	
2.80762	8.97217	
2.80792	8.97308	
2.80853	8.97339	
2.80884	8.97339	
2.80731	8.97339	
2.80823	8.97308	
2.80823	8.97308	
2.80823	8.97278	
2.80762	8.97308	
2.80792	8.97308	
2.80823	8.97217	
2.80823	8.97217	
2.80701	8.97339	
2.80884	8.97339	
2.80853	8.97339	
2.80823	8.97247	
2.80884	8.97308	
2.80701	8.97278	
2.80792	8.97278	
2.80823	8.97308	
2.80853	8.97339	
2.80823	8.97278	
2.80823	8.97278	
2.80823	8.97247	
2.80823	8.97308	
2.80792	8.97156	
2.80792	8.97247	
2.80823	8.97186	
2.80792	8.97186	
2.80823	8.97247	
2.80792	8.97247	
2.80762	8.97186	
2.80792	8.97308	
2.80792	8.97186	
2.80853	8.97247	
2.80823	8.97186	
2.80792	8.97308	
2.80792	8.97339	
2.80792	8.97369	
2.80792	8.974	
2.80853	8.974	
2.80762	8.9743	
2.80853	8.97308	
2.80853	8.97217	
2.80853	8.97156	
2.80823	8.97125	
2.80792	8.97156	
2.80853	8.97186	
2.80823	8.97339	
2.80823	8.97308	
2.80762	8.97308	
2.80792	8.97217	
2.80792	8.97217	
2.80823	8.97247	
2.80823	8.97308	
2.80884	8.97247	
2.80762	8.97308	
2.80884	8.97369	
2.80823	8.97308	
2.80823	8.97247	
2.80792	8.97308	
2.80792	8.97278	
2.80823	8.97308	
2.80792	8.97217	
2.80884	8.97339	
2.80823	8.97369	
2.80823	8.97308	
2.80762	8.97156	
2.80823	8.97156	
2.80762	8.97156	
2.80792	8.97278	
2.80853	8.97247	
2.80792	8.97217	
2.80823	8.97278	
2.80792	8.97186	
2.80884	8.97217	
2.80792	8.97339	
2.80823	8.974	
2.80823	8.9743	
2.80792	8.97369	
2.80853	8.97247	
2.80762	8.97125	
2.80853	8.97369	
2.80792	8.97247	
2.80792	8.97278	
2.80823	8.97247	
2.80762	8.97247	
2.80823	8.97186	
2.80823	8.97308	
2.80792	8.97308	
2.80792	8.97278	
2.80823	8.97125	
2.80792	8.97186	
2.80823	8.97308	
2.80792	8.97278	
2.80823	8.97247	
2.80823	8.97247	
2.80792	8.97308	
2.80792	8.97308	
2.80823	8.97156	
2.80853	8.97278	
2.80823	8.97278	
2.80853	8.97217	
2.80823	8.97247	
2.80823	8.97186	
2.80762	8.97186	
2.80853	8.97278	
2.80853	8.97278	
2.80823	8.97339	
2.80823	8.97369	
2.80853	8.974	
2.80823	8.97339	
2.80792	8.97308	
2.80853	8.97156	
2.80823	8.97156	
2.80731	8.97217	
2.80853	8.97247	
2.80823	8.97278	
2.80853	8.97247	
2.80823	8.97247	
2.80823	8.97247	
2.80823	8.97308	
2.80853	8.97247	
2.80823	8.97247	
2.80792	8.97217	
2.80792	8.97186	
2.80853	8.97339	
2.80792	8.97369	
2.80823	8.97278	
2.80884	8.97339	
2.80823	8.97278	
2.80823	8.97247	
2.80792	8.97308	
2.80853	8.97247	
2.80792	8.97186	
2.80853	8.97186	
2.80823	8.97186	
2.80823	8.97156	
2.80823	8.97308	
2.80792	8.97369	
2.80853	8.97369	
2.80823	8.974	
2.80792	8.97339	
2.80884	8.97217	
2.80823	8.97125	
2.80884	8.97186	
2.80792	8.97247	
2.80823	8.97278	
2.80792	8.97278	
2.80792	8.97308	
2.80792	8.97339	
2.80792	8.97247	
2.80823	8.97278	
2.80823	8.97369	
2.80731	8.97278	
2.80823	8.97186	
2.80792	8.97217	
2.80853	8.97186	
2.80762	8.97339	
2.80823	8.97156	
2.80853	8.97217	
2.80853	8.97186	
2.80792	8.97308	
2.80731	8.97369	
2.80823	8.97369	
2.80792	8.97186	
2.80792	8.97186	
2.80823	8.97278	
2.80853	8.97339	
2.80823	8.97278	
2.80762	8.97186	
2.80792	8.97247	
2.80823	8.97278	
2.80823	8.97308	
2.80823	8.97339	
2.80823	8.97308	
2.80823	8.97247	
2.80823	8.97217	
2.80792	8.97247	
2.80701	8.97339	
2.80853	8.97186	
2.80823	8.97278	
2.80823	8.97247	
2.80853	8.97217	
2.80853	8.97247	
2.80792	8.97247	
2.80853	8.97247	
2.80762	8.97308	
2.80853	8.9743	
2.80792	8.97461	
2.80823	8.97247	
2.80792	8.97125	
2.80762	8.97247	
2.80792	8.97278	
2.80823	8.97278	
2.80853	8.97308	
2.80792	8.97217	
2.80792	8.97217	
2.80823	8.97339	
2.80792	8.97217	
2.80823	8.97369	
2.80914	8.97278	
2.80792	8.97247	
2.80792	8.97278	
2.80823	8.97186	
2.80853	8.97247	
2.80823	8.97217	
2.80731	8.97278	
2.80762	8.97125	
2.80792	8.97217	
2.80853	8.97369	
2.80884	8.9743	
2.80853	8.97278	
2.80823	8.97217	
2.80762	8.97064	
2.80823	8.97125	
2.80823	8.97308	
2.80792	8.97308	
2.80823	8.97247	
2.80792	8.97339	
2.80823	8.97247	
2.80823	8.97308	
2.80792	8.97308	
2.80762	8.97278	
2.80792	8.97339	
2.80853	8.97125	
2.80792	8.97186	
2.80853	8.97247	
2.80823	8.97247	
2.80853	8.97247	
2.80853	8.97217	
2.80823	8.97217	
2.80823	8.97369	
2.80823	8.974	
2.80792	8.97339	
2.80792	8.97095	
2.80762	8.97125	
2.80792	8.97217	
2.80792	8.97278	
2.80853	8.97217	
2.80853	8.97217	
2.80792	8.97217	
2.80792	8.97247	
2.80792	8.97278	
2.80823	8.97308	
2.80762	8.97156	
2.80792	8.97278	
2.80792	8.97186	
2.80823	8.97247	
2.80762	8.97247	
2.80792	8.97217	
2.80823	8.97217	
2.80853	8.97308	
2.80823	8.974	
2.80823	8.97369	
2.80792	8.97217	
2.80853	8.97156	
2.80853	8.97339	
2.80792	8.97278	
2.80823	8.97247	
2.80853	8.97247	
2.80792	8.97308	
2.80762	8.97308	
2.80731	8.97125	
2.80823	8.97186	
2.80792	8.97217	
2.80792	8.97247	
2.80792	8.97247	
2.80792	8.97186	
2.80823	8.97278	
2.80945	8.97461	
2.80823	8.9743	
2.80823	8.974	
2.80792	8.97217	
2.80823	8.97125	
2.80823	8.97125	
2.80731	8.97308	
2.80762	8.97308	
2.80823	8.97339	
2.80853	8.97278	
2.80853	8.97247	
2.80792	8.97339	
2.80792	8.97217	
2.80792	8.97186	
2.80853	8.97278	
2.80884	8.97278	
2.80823	8.97308	
2.80792	8.97339	
2.80792	8.97186	
2.80792	8.97339	
2.80792	8.97339	
2.80853	8.97369	
2.80884	8.9743	
2.80792	8.97217	
2.80823	8.97247	
2.80853	8.97339	
2.80792	8.97339	
2.80792	8.97217	
2.80823	8.97247	
2.80853	8.97278	
2.80853	8.97186	
2.80792	8.97156	
2.80853	8.97186	
2.80853	8.97278	
2.80823	8.97247	
2.80823	8.97247	
2.80853	8.97186	
2.80853	8.97339	
2.80823	8.97461	
2.80792	8.97156	
2.80823	8.97095	
2.80823	8.97339	
2.80792	8.97308	
2.80823	8.97278	
2.80823	8.97339	
2.80823	8.97217	
2.80823	8.97247	
2.80853	8.97095	
2.80792	8.97278	
2.80853	8.97308	
2.80792	8.97217	
2.80792	8.97278	
2.80792	8.97186	
2.80823	8.97369	
2.80823	8.974	
2.80792	8.97247	
2.80823	8.97186	
2.80792	8.97186	
2.80823	8.97339	
2.80823	8.97186	
2.80823	8.97308	
2.80792	8.97308	
2.80762	8.97156	
2.80853	8.97247	
2.80823	8.97217	
2.80823	8.97278	
2.80792	8.97278	
2.80762	8.974	
2.80823	8.97308	
2.80853	8.97217	
2.80823	8.97095	
2.80853	8.97247	
2.80762	8.97217	
2.80792	8.97217	
2.80853	8.97217	
2.80823	8.97247	
2.80762	8.97156	
2.80823	8.97339	
2.80823	8.97278	
2.80762	8.97186	
2.80853	8.97186	
2.80853	8.97247	
2.80823	8.974	
2.80762	8.97461	
2.80853	8.97217	
2.80823	8.97064	
2.80884	8.97339	
2.80823	8.97308	
2.80823	8.97278	
2.80823	8.97247	
2.80853	8.97247	
2.80762	8.97308	
2.80914	8.97186	
2.80823	8.97217	
2.80792	8.97278	
2.80792	8.97186	
2.80884	8.97247	
2.80792	8.97278	
2.80792	8.97247	
2.80823	8.97247	
2.80853	8.97308	
2.8067	8.97369	
2.80884	8.97369	
2.80884	8.97461	
2.80823	8.97308	
2.80823	8.97156	
2.80884	8.97278	
2.80792	8.97247	
2.80792	8.97278	
2.80853	8.97247	
2.80853	8.97247	
2.80853	8.97278	
2.80884	8.97278	
2.80762	8.97217	
2.80823	8.97247	
2.80792	8.97217	
2.80884	8.97247	
2.80823	8.97247	
2.80853	8.97278	
2.80792	8.97278	
2.80884	8.97369	
2.80853	8.97369	
2.80792	8.97339	
2.80762	8.97278	
2.80762	8.97308	
2.80823	8.97308	
2.80823	8.97247	
2.80823	8.97217	
2.80823	8.97278	
2.80792	8.97217	
2.80823	8.97186	
2.80792	8.97186	
2.80823	8.97247	
2.80792	8.97186	
2.80853	8.97186	
2.80823	8.97308	
2.80914	8.9743	
2.80853	8.974	
2.80792	8.974	
2.80792	8.97247	
2.80853	8.97186	
2.80823	8.97186	
2.80853	8.97278	
2.80884	8.97217	
2.80853	8.97217	
2.80853	8.97217	
2.80853	8.97339	
2.80975	8.97247	
2.80975	8.97186	
2.80884	8.97278	
2.80914	8.97186	
2.80884	8.97186	
2.80823	8.97186	
2.80853	8.97247	
2.80945	8.974	
2.80853	8.97461	
2.80823	8.97186	
2.80853	8.97125	
2.80853	8.97339	
2.80853	8.97247	
2.80823	8.97278	
2.80853	8.97308	
2.80853	8.97369	
2.80853	8.97217	
2.80853	8.97217	
2.80884	8.97217	
2.80884	8.97308	
2.80914	8.97217	
2.80792	8.97247	
2.80914	8.974	
2.80853	8.97217	
2.80823	8.97186	
2.80792	8.97186	
2.80823	8.97278	
2.80853	8.97339	
2.80914	8.97247	
2.80853	8.97308	
2.80823	8.97217	
2.80884	8.97278	
2.80823	8.97278	
2.80884	8.97217	
2.80884	8.97369	
2.80853	8.97308	
2.80853	8.9743	
2.80884	8.97186	
2.80884	8.97278	
2.80914	8.97247	
2.80853	8.97217	
2.80853	8.97369	
2.80884	8.97308	
2.80823	8.97339	
2.80945	8.97156	
2.80914	8.97278	
2.80945	8.97186	
2.80853	8.97186	
2.80914	8.97247	
2.80884	8.97369	
2.80823	8.9743	
2.80823	8.974	
2.80792	8.97186	
2.80853	8.97217	
2.80853	8.97278	
2.80914	8.97278	
2.80884	8.97247	
2.80853	8.97308	
2.80853	8.97339	
2.80914	8.97186	
2.80823	8.97156	
2.80792	8.97217	
2.80853	8.97247	
2.80884	8.97247	
2.80823	8.97247	
2.80884	8.97369	
2.80792	8.97247	
2.80792	8.97186	
2.80853	8.97186	
2.80884	8.97278	
2.80853	8.97247	
2.80914	8.97247	
2.80914	8.97308	
2.80914	8.97308	
2.80914	8.97125	
2.80884	8.97217	
2.80914	8.97247	
2.80853	8.97247	
2.80884	8.97339	
2.80914	8.974	
2.80914	8.97369	
2.80823	8.97125	
2.80884	8.97308	
2.80792	8.97247	
2.80884	8.97339	
2.80853	8.97369	
2.80823	8.97186	
2.80823	8.97278	
2.80914	8.97278	
2.80823	8.97278	
2.80792	8.97217	
2.80884	8.97369	
2.80823	8.97461	
2.80884	8.97278	
2.80853	8.97217	
2.80853	8.97247	
2.80823	8.97278	
2.80823	8.97217	
2.80823	8.97369	
2.80853	8.97278	
2.80853	8.97217	
2.80853	8.97217	
2.80823	8.97278	
2.80853	8.97156	
2.80853	8.97217	
2.80884	8.9743	
2.80853	8.97278	
2.80853	8.97125	
2.80853	8.97247	
2.80823	8.97278	
2.80884	8.97247	
2.80853	8.97217	
2.80823	8.97278	
2.80914	8.97247	
2.80792	8.97247	
2.80884	8.97217	
2.80792	8.97308	
2.80823	8.97461	
2.80853	8.97278	
2.80823	8.97125	
2.80823	8.97278	
2.80853	8.97217	
2.80792	8.97308	
2.80823	8.97339	
2.80945	8.97278	
2.80914	8.97125	
2.80853	8.97217	
2.80884	8.97186	
2.80914	8.97186	
2.80945	8.97369	
2.80853	8.97247	
2.80945	8.97369	
2.80914	8.97247	
2.80884	8.97308	
2.80914	8.97247	
2.80823	8.97217	
2.80884	8.97278	
2.80945	8.97156	
2.81006	8.97308	
2.80853	8.97278	
2.80945	8.97369	
2.80853	8.97369	
2.80884	8.97125	
2.80914	8.97156	
2.80914	8.97369	
2.80823	8.97308	
2.80853	8.97247	
2.80914	8.97278	
2.80884	8.97308	
2.80823	8.97278	
2.80823	8.97186	
2.80884	8.97125	
2.80884	8.97461	
2.80914	8.97308	
2.80853	8.97095	
2.80853	8.97278	
2.80884	8.97217	
2.80853	8.97278	
2.80853	8.97186	
2.80914	8.97308	
2.80914	8.97095	
2.80884	8.97247	
2.80945	8.97308	
2.80914	8.97186	
2.80853	8.97339	
2.80914	8.97339	
2.80884	8.97156	
2.80823	8.974	
2.80853	8.97278	
2.80914	8.97186	
2.80853	8.97278	
2.80975	8.97278	
2.80884	8.97278	
2.80884	8.97095	
2.80853	8.97247	
2.80853	8.97217	
2.80884	8.97217	
2.80914	8.974	
2.80853	8.97278	
2.80792	8.97125	
2.80853	8.97186	
2.80853	8.97247	
2.80945	8.97278	
2.80914	8.97247	
2.80914	8.97125	
2.80914	8.97308	
2.80945	8.97278	
2.80945	8.97186	
2.80945	8.97339	
2.80914	8.97247	
2.80884	8.97064	
2.80823	8.97247	
2.80884	8.97308	
2.80945	8.97247	
2.80945	8.97217	
2.80884	8.97095	
2.80914	8.97339	
2.80914	8.97186	
2.80884	8.97186	
2.80853	8.97308	
2.80914	8.974	
2.80884	8.97186	
2.80884	8.97247	
2.80823	8.97278	
2.80884	8.97217	
2.80914	8.97308	
2.80914	8.97186	
2.80945	8.97217	
2.80884	8.97217	
2.80884	8.97369	
2.80853	8.97339	
2.80914	8.97278	
2.80914	8.97095	
2.80914	8.97217	
2.80884	8.97247	
2.80853	8.97217	
2.80945	8.97217	
2.80884	8.97156	
2.80884	8.97217	
2.80914	8.97125	
2.80914	8.97095	
2.80884	8.974	
2.80945	8.97369	
2.80914	8.97125	
2.80853	8.97308	
2.81036	8.97186	
2.80853	8.97278	
2.80914	8.97186	
2.80945	8.97278	
2.80884	8.97217	
2.80914	8.97125	
2.80884	8.97186	
2.80853	8.97491	
2.80884	8.97339	
2.80914	8.97217	
2.80853	8.97339	
2.80884	8.97247	
2.80945	8.97247	
2.80914	8.97186	
2.80945	8.97217	
2.80853	8.97064	
2.80853	8.97186	
2.80853	8.97217	
2.80884	8.97156	
2.80914	8.97278	
2.80914	8.97308	
2.80853	8.97339	
2.80823	8.97125	
2.80884	8.97156	
2.80914	8.97247	
2.80853	8.97186	
2.80853	8.97278	
2.80914	8.97156	
2.80945	8.97186	
2.80914	8.97217	
2.80945	8.97247	
2.80914	8.97278	
2.80914	8.97278	
2.80914	8.97186	
2.80914	8.97156	
2.80792	8.97247	
2.80914	8.97186	
2.80884	8.97247	
2.80884	8.97247	
2.80914	8.97308	
2.80853	8.97095	
2.80945	8.97217	
2.80884	8.97156	
2.80853	8.97186	
2.80884	8.97156	
2.80884	8.97308	
2.80884	8.97278	
2.80914	8.97095	
2.80853	8.97278	
2.80884	8.97278	
2.80853	8.97186	
2.80884	8.97186	
2.80884	8.97278	
2.80945	8.97247	
2.80945	8.97125	
2.80853	8.97278	
2.80914	8.97217	
2.80914	8.97217	
2.80914	8.97278	
2.80914	8.97308	
2.80884	8.97186	
2.80884	8.97308	
2.80945	8.97308	
2.80884	8.97217	
2.80823	8.97156	
2.80945	8.97095	
2.80884	8.97186	
2.80853	8.97186	
2.80914	8.97064	
2.80914	8.97278	
2.80914	8.97308	
2.80853	8.97278	
2.80914	8.97095	
2.80914	8.97278	
2.80914	8.97217	
2.80914	8.97186	
2.80914	8.97186	
2.80914	8.97156	
2.80914	8.97217	
2.80914	8.97308	
2.80884	8.97156	
2.80914	8.97125	
2.80884	8.97339	
2.80945	8.97247	
2.80884	8.97125	
2.80853	8.97156	
2.80914	8.97186	
2.80945	8.97156	
2.80945	8.97217	
2.80884	8.97247	
2.80884	8.97034	
2.80914	8.97156	
2.80884	8.97278	
2.80884	8.97156	
2.80853	8.97217	
2.80914	8.97339	
2.80914	8.97247	
2.80914	8.97034	
2.80914	8.97217	
2.80853	8.97247	
2.80823	8.97186	
2.80914	8.97156	
2.80945	8.97156	
2.80884	8.97278	
2.80914	8.97186	
2.80945	8.97064	
2.80853	8.9743	
2.80884	8.97339	
2.80914	8.97125	
2.80945	8.97247	
2.80853	8.97217	
2.80853	8.97247	
2.80884	8.97217	
2.80853	8.97217	
2.80914	8.97186	
2.80914	8.97186	
2.80914	8.97095	
2.80884	8.97186	
2.80914	8.97369	
2.80914	8.97247	
2.80945	8.97125	
2.80914	8.97278	
2.80914	8.97156	
2.80914	8.97308	
2.80853	8.97095	
2.80884	8.97186	
2.80914	8.97217	
2.80853	8.97217	
2.80823	8.97308	
2.80945	8.97339	
2.80853	8.97095	
2.80914	8.97186	
2.80884	8.97217	
2.80884	8.97308	
2.80884	8.97247	
2.80884	8.97156	
2.80853	8.97217	
2.80884	8.97156	
2.80914	8.97217	
2.80914	8.97217	
2.80945	8.97339	
2.80914	8.97186	
2.80853	8.97217	
2.80884	8.97186	
2.80884	8.97217	
2.80884	8.97217	
2.80914	8.97156	
2.80853	8.97156	
2.80945	8.97186	
2.80853	8.97247	
2.80945	8.97217	
2.80853	8.974	
2.80914	8.97217	
2.80914	8.97247	
2.80914	8.97156	
2.80853	8.97186	
2.80884	8.97186	
2.80853	8.97247	
2.80914	8.97186	
2.80884	8.97156	
2.80884	8.97125	
2.80884	8.97156	
2.80884	8.97339	
2.80945	8.97308	
2.80914	8.97247	
2.80914	8.97217	
2.80792	8.97156	
2.80945	8.97186	
2.80975	8.97186	
2.80945	8.97186	
2.80853	8.97278	
2.80884	8.97247	
2.80914	8.97247	
2.80853	8.974	
2.80914	8.97125	
2.80914	8.97156	
2.80853	8.97186	
2.80914	8.97156	
2.80884	8.97217	
2.80945	8.97247	
2.80884	8.97217	
2.80853	8.97308	
2.80914	8.97186	
2.80853	8.97308	
2.80884	8.97308	
2.80914	8.97247	
2.80884	8.97125	
2.80853	8.97339	
2.80945	8.97186	
2.80823	8.97247	
2.80975	8.97064	
2.80914	8.97156	
2.80884	8.97217	
2.80853	8.97186	
2.80823	8.97278	
2.80914	8.97308	
2.80914	8.97064	
2.80914	8.97278	
2.80853	8.97217	
2.80853	8.97247	
2.80884	8.97156	
2.80914	8.97247	
2.80914	8.97247	
2.80914	8.97186	
2.80884	8.97217	
2.80945	8.97308	
2.80884	8.97186	
2.80823	8.97217	
2.80914	8.97217	
2.80914	8.97247	
2.80884	8.97217	
2.80945	8.97156	
2.80823	8.97217	
2.80884	8.97186	
2.80884	8.97308	
2.80884	8.97369	
2.80914	8.97125	
2.80914	8.97156	
2.80945	8.97186	
2.80884	8.97217	
2.80914	8.97247	
2.80945	8.97156	
2.80853	8.97217	
2.80853	8.97156	
2.80853	8.97308	
2.80945	8.97369	
2.80975	8.97217	
2.80975	8.97217	
2.80914	8.97217	
2.80884	8.97278	
2.80945	8.97186	
2.80945	8.97247	
2.80914	8.97247	
2.80975	8.97247	
2.80884	8.97339	
2.80945	8.97339	
2.80945	8.97339	
2.80914	8.97247	
2.80914	8.97217	
2.80884	8.97278	
2.80945	8.97308	
2.80914	8.97247	
2.80914	8.97339	
2.80914	8.97186	
2.80945	8.97339	
2.80945	8.97339	
2.80914	8.97125	
2.80914	8.97339	
2.80945	8.97247	
2.80975	8.97278	
2.80945	8.97247	
2.80945	8.97247	
2.80975	8.97308	
2.80945	8.97217	
2.80914	8.97369	
2.80945	8.97247	
2.80914	8.97125	
2.80945	8.97247	
2.80975	8.97278	
2.80853	8.97278	
2.80945	8.97217	
2.80945	8.97369	
2.80914	8.97247	
2.80945	8.9743	
2.80914	8.97339	
2.80945	8.97186	
2.80945	8.97156	
2.80823	8.97217	
2.80914	8.97186	
2.80823	8.97125	
2.80914	8.97156	
2.80914	8.97186	
2.80914	8.97369	
2.80914	8.9743	
2.80914	8.97125	
2.80945	8.97247	
2.80914	8.97278	
2.80945	8.97247	
2.80884	8.97217	
2.80853	8.97125	
2.80853	8.97278	
2.80914	8.97369	
2.80914	8.97095	
2.80884	8.97186	
2.80975	8.97278	
2.80914	8.97339	
2.80975	8.97217	
2.80884	8.97247	
2.81006	8.97308	
2.80975	8.97217	
2.80884	8.97339	
2.80914	8.97278	
2.80975	8.974	
2.80914	8.97339	
2.80914	8.97339	
2.80914	8.97247	
2.80945	8.97278	
2.80975	8.97247	
2.80945	8.97278	
2.80975	8.97461	
2.80853	8.97186	
2.80884	8.97369	
2.80945	8.97278	
2.80975	8.97247	
2.81006	8.97308	
2.80975	8.97339	
2.80914	8.97186	
2.80945	8.97278	
2.80914	8.974	
2.80914	8.97369	
2.80914	8.97156	
2.80884	8.97247	
2.80945	8.97186	
2.80945	8.97308	
2.80884	8.97278	
2.80884	8.97156	
2.80945	8.97217	
2.80853	8.97156	
2.80853	8.97339	
2.80853	8.97095	
2.80975	8.97278	
2.80914	8.97156	
2.80945	8.97156	
2.80853	8.97125	
2.80884	8.97125	
2.80914	8.97278	
2.80914	8.97247	
2.80945	8.97186	
2.81006	8.974	
2.80914	8.97064	
2.80975	8.97247	
2.80945	8.97247	
2.80945	8.97339	
2.80975	8.97217	
2.80914	8.97156	
2.80884	8.97247	
2.80914	8.97186	
2.80853	8.97339	
2.80975	8.97247	
2.80914	8.97095	
2.80945	8.97156	
2.80884	8.97247	
2.80884	8.97186	
2.80945	8.97186	
2.80884	8.97156	
2.80914	8.97247	
2.80914	8.97247	
2.80945	8.97369	
2.80945	8.97308	
2.80914	8.97308	
2.80884	8.97186	
2.80945	8.97278	
2.80945	8.97308	
2.80945	8.97247	
2.80914	8.97217	
2.80914	8.97217	
2.80945	8.97339	
2.80975	8.97156	
2.80945	8.97247	
2.80914	8.97278	
2.80945	8.97278	
2.80975	8.97308	
2.80945	8.97247	
2.80975	8.97278	
2.80945	8.97186	
2.80945	8.974	
2.80975	8.97217	
2.80914	8.97278	
2.81006	8.97186	
2.80945	8.97339	
2.80945	8.97217	
2.81006	8.97247	
2.80945	8.97217	
2.80914	8.97308	
2.80945	8.97247	
2.80945	8.97125	
2.80975	8.97186	
2.80945	8.97186	
2.80945	8.97186	
2.80945	8.97156	
2.80975	8.97217	
2.80884	8.97156	
2.80945	8.97278	
2.80914	8.97339	
2.80975	8.97064	
2.80975	8.97217	
2.80945	8.97217	
2.80914	8.97278	
2.80945	8.97186	
2.80945	8.97186	
2.80945	8.97125	
2.81006	8.97369	
2.80884	8.97217	
2.80945	8.97125	
2.80914	8.97217	
2.80914	8.97156	
2.80975	8.97186	
2.80945	8.97217	
2.80945	8.97247	
2.80975	8.97247	
2.80914	8.97278	
2.80945	8.97125	
2.80914	8.97278	
2.80914	8.97217	
2.80914	8.97217	
2.80945	8.97217	
2.80914	8.97217	
2.81006	8.97278	
2.80914	8.974	
2.80945	8.97095	
2.80884	8.97247	
2.80945	8.97247	
2.80914	8.97247	
2.80914	8.97125	
2.80914	8.97186	
2.80975	8.97095	
2.80945	8.97278	
2.80914	8.97003	
2.80884	8.97217	
2.80914	8.97308	
2.80975	8.97278	
2.80945	8.97095	
2.80945	8.97247	
2.81006	8.97217	
2.80945	8.97278	
2.80975	8.97217	
2.80975	8.97278	
2.80975	8.97247	
2.80945	8.97186	
2.80914	8.97278	
2.80975	8.97186	
2.80914	8.97217	
2.80914	8.97217	
2.80945	8.9743	
2.80914	8.97156	
2.81036	8.97278	
2.80945	8.97247	
2.80945	8.97278	
2.80945	8.97247	
2.80945	8.97095	
2.80884	8.97217	
2.80945	8.97217	
2.80914	8.97369	
2.80975	8.97125	
2.80975	8.97217	
2.80914	8.97186	
2.80945	8.97156	
2.80914	8.97186	
2.81006	8.97156	
2.80884	8.97156	
2.80945	8.974	
2.80945	8.97156	
2.81006	8.97339	
2.80914	8.97217	
2.80945	8.97186	
2.80975	8.97064	
2.80945	8.97308	
2.80945	8.97125	
2.80945	8.97369	
2.80945	8.97095	
2.80945	8.97217	
2.80945	8.97308	
2.80975	8.97308	
2.80914	8.97064	
2.80914	8.97217	
2.80945	8.97186	
2.80945	8.97369	
2.80945	8.97217	
2.80975	8.97156	
2.80945	8.97217	
2.80914	8.97308	
2.80853	8.97156	
2.80945	8.97217	
2.80945	8.97186	
2.80914	8.97369	
2.80945	8.97095	
2.80914	8.97339	
2.80884	8.97339	
2.80945	8.97308	
2.80945	8.97186	
2.80914	8.97186	
2.80975	8.97217	
2.80945	8.97278	
2.80945	8.97247	
2.80914	8.97156	
2.80945	8.97308	
2.80914	8.97247	
2.80975	8.97095	
2.80945	8.97186	
2.80975	8.97125	
2.81006	8.97308	
2.80975	8.97095	
2.80945	8.97217	
2.80914	8.97247	
2.80975	8.97247	
2.80914	8.97186	
2.80945	8.97125	
2.80914	8.97156	
2.81006	8.97369	
2.80884	8.97064	
2.80945	8.97247	
2.80914	8.97308	
2.80975	8.97217	
2.80975	8.97247	
2.80945	8.97278	
2.80914	8.97217	
2.81006	8.97369	
2.80945	8.97125	
2.80914	8.97217	
2.80945	8.97217	
2.81036	8.97247	
2.81036	8.97247	
2.80914	8.97247	
2.80914	8.97186	
2.80975	8.974	
2.80945	8.97217	
2.80914	8.97247	
2.80884	8.97308	
2.80914	8.97247	
2.80975	8.97247	
2.80914	8.97217	
2.80945	8.97156	
2.80945	8.97186	
2.80914	8.97491	
2.80945	8.97095	
2.80884	8.97217	
2.80914	8.97339	
2.80914	8.97247	
2.80914	8.97156	
2.80975	8.97186	
2.80884	8.97217	
2.80975	8.97339	
2.80975	8.97278	
2.80975	8.97247	
2.80945	8.97278	
2.80914	8.97217	
2.80914	8.97247	
2.80914	8.97156	
2.80914	8.97217	
2.80945	8.97217	
2.80945	8.97308	
2.80914	8.97156	
2.80914	8.97339	
2.80853	8.97186	
2.80945	8.97278	
2.80884	8.97064	
2.80884	8.97125	
2.80975	8.97156	
2.80884	8.97339	
2.80914	8.97308	
2.80945	8.97156	
2.80945	8.97247	
2.80945	8.97308	
2.80914	8.97125	
2.80975	8.97217	
2.80975	8.97217	
2.80945	8.97217	
2.81006	8.97369	
2.80945	8.97064	
2.80945	8.97186	
2.80975	8.97247	
2.80945	8.97217	
2.80975	8.97156	
2.80975	8.97217	
2.80914	8.97186	
2.80975	8.97308	
2.80914	8.97064	
2.80914	8.97278	
2.80914	8.97156	
2.80945	8.97247	
2.80945	8.97125	
2.80914	8.97217	
2.80945	8.97247	
2.80853	8.97461	
2.80914	8.97156	
2.80914	8.97247	
2.80945	8.97247	
2.80914	8.97125	
2.80884	8.97247	
2.80945	8.97125	
2.80914	8.97308	
2.80975	8.97278	
2.80945	8.97278	
2.80914	8.97217	
2.80945	8.97247	
2.80884	8.97156	
2.80945	8.97186	
2.80945	8.97156	
2.80975	8.97308	
2.80945	8.97217	
2.80945	8.97186	
2.81036	8.97278	
2.80945	8.97278	
2.80945	8.97186	
2.80945	8.97247	
2.80914	8.97308	
2.80914	8.97125	
2.80914	8.97491	
2.80975	8.97217	
2.80945	8.97278	
2.80945	8.97217	
2.80884	8.97278	
2.80914	8.97125	
2.80945	8.97186	
2.80914	8.97217	
2.80914	8.97247	
2.80975	8.97156	
2.80975	8.97217	
2.80975	8.97247	
2.80914	8.97278	
2.80884	8.97217	
2.80945	8.97247	
2.80945	8.97125	
2.80914	8.97308	
2.80945	8.97247	
2.80945	8.97095	
2.80914	8.97186	
2.80945	8.97247	
2.80975	8.97186	
2.81006	8.97156	
2.80975	8.97308	
2.80914	8.97247	
2.80914	8.97217	
2.80975	8.97156	
2.80853	8.97217	
2.80975	8.97217	
2.80914	8.97247	
2.80945	8.97278	
2.80884	8.97156	
2.81006	8.97217	
2.80975	8.97217	
2.80914	8.97156	
2.80945	8.97308	
2.81006	8.97156	
2.80945	8.97308	
2.80945	8.97186	
2.80914	8.97247	
2.80975	8.97369	
2.80914	8.97247	
2.80853	8.97308	
2.80975	8.97278	
2.80945	8.97217	
2.80914	8.97217	
2.80975	8.97156	
2.80975	8.97156	
2.80945	8.97339	
2.80914	8.97095	
2.80945	8.97217	
2.80975	8.97217	
2.80945	8.97308	
2.80975	8.97186	
2.80914	8.97247	
2.80945	8.97186	
2.80945	8.97308	
2.80914	8.97003	
2.80975	8.97186	
2.80945	8.97278	
2.80884	8.97186	
2.80975	8.97125	
2.80914	8.97217	
2.80945	8.97217	
2.80914	8.97308	
2.80945	8.97064	
2.80914	8.97217	
2.80945	8.97156	
2.80975	8.97217	
2.80975	8.97247	
2.80975	8.97156	
2.80914	8.97217	
2.80975	8.97369	
2.80945	8.97156	
2.80975	8.97217	
2.80914	8.97278	
2.80945	8.97217	
2.80975	8.97217	
2.80945	8.97125	
2.80914	8.97308	
2.80914	8.97095	
2.80914	8.97308	
2.80945	8.97308	
2.80884	8.97095	
2.80945	8.97247	
2.80914	8.97186	
2.80945	8.97369	
2.80884	8.97278	
2.80884	8.97278	
2.80914	8.97156	
2.80914	8.97217	
2.80914	8.97186	
2.80975	8.97278	
2.80945	8.97217	
2.80945	8.97339	
2.81006	8.97278	
2.80914	8.97247	
2.80945	8.97217	
2.80914	8.97247	
2.80975	8.97247	
2.80945	8.97186	
2.80945	8.97278	
2.80914	8.97308	
2.80914	8.97095	
2.80945	8.97217	
2.80853	8.97247	
2.80914	8.97186	
2.80945	8.97217	
2.80945	8.97186	
2.81006	8.97308	
2.80945	8.97217	
2.80945	8.97278	
2.80975	8.97217	
2.80884	8.97186	
2.80945	8.97003	
2.80884	8.97217	
2.80914	8.97217	
2.80945	8.97339	
2.80945	8.97186	
2.80853	8.97278	
2.80945	8.97125	
2.80975	8.97247	
2.80975	8.97217	
2.80914	8.97156	
2.80975	8.97125	
2.80914	8.97186	
2.80945	8.97095	
2.80975	8.97217	
2.80975	8.97217	
2.81006	8.97156	
2.80975	8.97156	
2.80914	8.97217	
2.80914	8.97156	
2.80975	8.97339	
2.80975	8.97095	
2.81006	8.97308	
2.80945	8.97217	
2.80945	8.97156	
2.80975	8.97186	
2.80945	8.97217	
2.80975	8.97247	
2.80945	8.97217	
2.80975	8.97339	
2.80853	8.97247	
2.80975	8.97217	
2.80884	8.97095	
2.80975	8.97278	
2.80914	8.97247	
2.80975	8.97156	
2.80945	8.97156	
2.80945	8.97217	
2.80853	8.97247	
2.80884	8.97186	
2.80945	8.97247	
2.80975	8.97034	
2.80884	8.97156	
2.80914	8.97278	
2.80975	8.97217	
2.80945	8.97125	
2.80914	8.97247	
2.80975	8.97278	
2.80914	8.97217	
2.80945	8.97247	
2.80975	8.97186	
2.80975	8.97186	
2.81006	8.97186	
2.81036	8.97217	
2.80975	8.97278	
2.80945	8.97247	
2.80914	8.96973	
2.80945	8.97247	
2.80975	8.97186	
2.80914	8.97034	
2.80914	8.97156	
2.80975	8.97125	
2.80914	8.97278	
2.80945	8.97064	
2.80975	8.97247	
2.80945	8.97156	
2.80945	8.97156	
2.80945	8.97156	
2.80975	8.97247	
2.80975	8.97339	
2.80945	8.96973	
2.80975	8.97064	
2.80945	8.97217	
2.81006	8.97217	
2.81006	8.97186	
2.80975	8.97186	
2.81006	8.97186	
2.80975	8.97156	
2.80975	8.97247	
2.80945	8.97156	
2.80945	8.97278	
2.80914	8.97186	
2.80975	8.97095	
2.80914	8.97217	
2.80914	8.97308	
2.80945	8.97156	
2.80945	8.97247	
2.81006	8.97186	
2.80914	8.97156	
2.80945	8.97186	
2.81036	8.97125	
2.80945	8.97339	
2.80945	8.97186	
2.80975	8.97247	
2.80945	8.97186	
2.80945	8.97186	
2.80914	8.97095	
2.80853	8.97186	
2.80975	8.97125	
2.80945	8.97369	
2.80975	8.97095	
2.80975	8.97186	
2.80945	8.97186	
2.80945	8.96973	
2.80975	8.97095	
2.80945	8.97125	
2.80914	8.97369	
2.80945	8.97095	
2.80975	8.97217	
2.80914	8.97247	
2.80945	8.97064	
2.80945	8.97186	
2.80945	8.97095	
2.80914	8.97308	
2.80945	8.97034	
2.80914	8.97186	
2.80914	8.97186	
2.80945	8.96942	
2.80975	8.97217	
2.80945	8.97156	
2.80975	8.97278	
2.80945	8.97156	
2.80975	8.97095	
2.80975	8.97125	
2.80975	8.97217	
2.81006	8.97125	
2.80975	8.97186	
2.80975	8.97217	
2.80945	8.97308	
2.80914	8.97186	
2.80975	8.97217	
2.80975	8.97247	
2.81006	8.97064	
2.81006	8.97156	
2.80975	8.97156	
2.80975	8.97156	
2.80914	8.97247	
2.80975	8.97156	
2.81006	8.97125	
2.80945	8.97186	
2.80975	8.97217	
2.80975	8.97339	
2.80914	8.97034	
2.81036	8.97217	
2.80975	8.97247	
2.81067	8.97186	
2.80975	8.97186	
2.80975	8.97186	
2.81067	8.97308	
2.80975	8.97095	
2.80975	8.97156	
2.81006	8.97125	
2.80945	8.97095	
2.80975	8.97186	
2.81036	8.97278	
2.80975	8.97095	
2.80914	8.97217	
2.80884	8.97217	
2.80975	8.97217	
2.80914	8.97095	
2.81006	8.97064	
2.81006	8.97308	
2.81006	8.97064	
2.80975	8.97186	
2.81036	8.97186	
2.80975	8.97186	
2.80975	8.97156	
2.80975	8.97156	
2.81006	8.97278	
2.80975	8.97003	
2.80975	8.97247	
2.80975	8.97186	
2.80945	8.97247	
2.81006	8.97186	
2.81036	8.97217	
2.81006	8.97247	
2.80975	8.97186	
2.80975	8.97247	
2.81006	8.97156	
2.80945	8.97278	
2.81006	8.97247	
2.80945	8.97156	
2.81036	8.97186	
2.80975	8.97308	
2.80975	8.97247	
2.80975	8.97217	
2.80975	8.97278	
2.80945	8.97156	
2.81006	8.97217	
2.81036	8.97278	
2.80975	8.97278	
2.81006	8.97156	
2.81006	8.97186	
2.81006	8.97156	
2.81006	8.97125	
2.80945	8.97186	
2.80945	8.97461	
2.80945	8.97064	
2.80975	8.97156	
2.81006	8.97217	
2.80975	8.97217	
2.80975	8.97156	
2.81006	8.97125	
2.80975	8.97247	
2.80975	8.97125	
2.80975	8.97156	
2.80975	8.97186	
2.81006	8.97064	
2.80975	8.97186	
2.80945	8.97217	
2.80975	8.97308	
2.81036	8.97247	
2.80975	8.97186	
2.81006	8.97217	
2.80975	8.97186	
2.81036	8.97156	
2.80914	8.97247	
2.81006	8.97308	
2.81006	8.97095	
2.80975	8.97186	
2.80975	8.97095	
2.80975	8.97217	
2.80975	8.97186	
2.80975	8.97186	
2.80975	8.97339	
2.81036	8.97064	
2.81006	8.97278	
2.80945	8.97186	
2.80945	8.97156	
2.80975	8.97156	
2.81036	8.97217	
2.81036	8.97278	
2.80975	8.97095	
2.81006	8.97186	
2.80975	8.97186	
2.80945	8.97125	
2.80975	8.97156	
2.81006	8.97156	
2.80975	8.97339	
2.80975	8.97095	
2.81006	8.97247	
2.81006	8.97186	
2.80914	8.97125	
2.80975	8.97217	
2.81036	8.97095	
2.80975	8.97339	
2.80975	8.97247	
2.80975	8.97156	
2.81006	8.97217	
2.80975	8.97125	
2.80945	8.97217	
2.80945	8.97247	
2.81036	8.97186	
2.81006	8.97156	
2.81006	8.97308	
2.80975	8.97186	
2.81006	8.97278	
2.80914	8.97308	
2.80945	8.97156	
2.81036	8.97156	
2.80975	8.97217	
2.80914	8.97125	
2.81006	8.97247	
2.80975	8.97156	
2.81006	8.97308	
2.80975	8.97034	
2.80945	8.97186	
2.81036	8.97186	
2.80975	8.97156	
2.80975	8.97156	
2.80975	8.97156	
2.80945	8.974	
2.80945	8.97003	
2.80975	8.97186	
2.81036	8.97247	
2.80945	8.97125	
2.81006	8.97156	
2.80914	8.97308	
2.80975	8.97125	
2.81036	8.97186	
2.81006	8.97186	
2.81036	8.97125	
2.81006	8.97156	
2.81006	8.97186	
2.81006	8.97247	
2.80975	8.97034	
2.81006	8.97186	
2.80975	8.97278	
2.81067	8.97125	
2.81006	8.97247	
2.81006	8.97308	
2.81006	8.96973	
2.80975	8.97217	
2.80975	8.97278	
2.80975	8.97095	
2.81036	8.97064	
2.81006	8.97095	
2.81006	8.97217	
2.81006	8.97247	
2.80975	8.97156	
2.81006	8.97156	
2.80975	8.97278	
2.81036	8.97247	
2.80975	8.97125	
2.81006	8.97217	
2.81006	8.97034	
2.80975	8.97034	
2.80945	8.97217	
2.81036	8.97217	
2.81006	8.97186	
2.80975	8.97095	
2.80884	8.97247	
2.80975	8.97003	
2.81006	8.97156	
2.80975	8.97156	
2.81006	8.97125	
2.80945	8.97156	
2.80975	8.97217	
2.80975	8.97034	
2.80975	8.97156	
2.80975	8.97156	
2.80914	8.97186	
2.80945	8.97186	
2.81006	8.97095	
2.81006	8.97278	
2.80975	8.96942	
2.81006	8.97095	
2.80914	8.97186	
2.81006	8.97156	
2.81006	8.97095	
2.80975	8.97278	
2.80945	8.97034	
2.81036	8.97156	
2.81036	8.97217	
2.81006	8.96942	
2.80914	8.97095	
2.80975	8.97034	
2.81006	8.97186	
2.80914	8.97034	
2.80945	8.97125	
2.80975	8.97186	
2.80914	8.97095	
2.80975	8.97125	
2.80945	8.97308	
2.81006	8.97186	
2.80914	8.97125	
2.80975	8.97156	
2.81006	8.97064	
2.80945	8.97156	
2.81036	8.97247	
2.80975	8.97095	
2.81006	8.97186	
2.80945	8.97095	
2.80975	8.97064	
2.81006	8.97125	
2.80975	8.97186	
2.80975	8.97125	
2.80975	8.97125	
2.81036	8.97095	
2.80975	8.97064	
2.80914	8.97156	
2.81036	8.97156	
2.81006	8.97278	
2.80975	8.97125	
2.80945	8.97186	
2.80975	8.97156	
2.81036	8.97217	
2.81006	8.97125	
2.80945	8.97278	
2.81006	8.97156	
2.81036	8.97125	
2.80975	8.97125	
2.80975	8.97156	
2.81006	8.97034	
2.80975	8.97339	
2.81036	8.97095	
2.81006	8.97156	
2.80975	8.97217	
2.81006	8.97095	
2.81006	8.97156	
2.81036	8.97186	
2.80975	8.97186	
2.80945	8.97186	
2.80975	8.97156	
2.80975	8.97156	
2.80914	8.97125	
2.80975	8.97156	
2.80975	8.97125	
2.81006	8.97186	
2.80975	8.97186	
2.80975	8.97156	
2.81036	8.97186	
2.80975	8.97186	
2.81006	8.97278	
2.80975	8.96973	
2.81006	8.97156	
2.80975	8.97095	
2.81036	8.97125	
2.80975	8.97095	
2.80975	8.97125	
2.80945	8.97003	
2.80884	8.97095	
2.80914	8.97217	
2.80975	8.97186	
2.81006	8.97278	
2.80914	8.97095	
2.81006	8.97339	
2.80914	8.97034	
2.80975	8.97186	
2.80975	8.97156	
2.81006	8.97186	
2.80945	8.97064	
2.81006	8.97125	
2.81006	8.97186	
2.81036	8.97156	
2.80975	8.97186	
2.81006	8.97156	
2.80914	8.97186	
2.80975	8.97186	
2.81036	8.97095	
2.81006	8.97125	
2.80945	8.97186	
2.80975	8.97034	
2.81006	8.97156	
2.81006	8.97156	
2.80945	8.96973	
2.81036	8.97156	
2.80945	8.97156	
2.80975	8.97278	
2.80945	8.97034	
2.81067	8.97217	
2.81006	8.97217	
2.80975	8.96973	
2.80975	8.97064	
2.80945	8.97095	
2.81067	8.97156	
2.81036	8.97003	
2.80975	8.97156	
2.80975	8.97095	
2.81006	8.97186	
2.80945	8.97064	
2.81006	8.97217	
2.80945	8.97095	
2.80975	8.97217	
2.80914	8.97125	
2.80975	8.97186	
2.81036	8.97095	
2.80975	8.97125	
2.80975	8.97186	
2.81036	8.97186	
2.80945	8.97125	
2.80975	8.97186	
2.80945	8.97156	
2.80975	8.97156	
2.80975	8.97217	
2.80945	8.97034	
2.81006	8.97156	
2.81006	8.97125	
2.80945	8.97125	
2.80975	8.97125	
2.80975	8.97125	
2.81067	8.97217	
2.80975	8.97095	
2.80914	8.97156	
2.80975	8.97125	
2.81006	8.97064	
2.80975	8.97125	
2.81006	8.97156	
2.80975	8.97217	
2.81006	8.97186	
2.81006	8.97217	
2.81036	8.97125	
2.81036	8.97247	
2.80975	8.97369	
2.81067	8.96973	
2.81006	8.97217	
2.81006	8.97186	
2.81067	8.97217	
2.80975	8.97034	
2.81067	8.97339	
2.80945	8.96973	
2.80945	8.97125	
2.81006	8.97247	
2.80914	8.97156	
2.80975	8.97095	
2.81006	8.97247	
2.81006	8.97003	
2.81006	8.97156	
2.80975	8.97217	
2.81006	8.97064	
2.80975	8.97156	
2.81006	8.97217	
2.80975	8.97034	
2.81067	8.97186	
2.80945	8.97186	
2.81006	8.97003	
2.80975	8.97095	
2.80975	8.97278	
2.81067	8.97125	
2.80975	8.97125	
2.80945	8.97156	
2.80945	8.97156	
2.80975	8.97156	
2.80975	8.97064	
2.80975	8.97278	
2.80975	8.96973	
2.80975	8.97125	
2.80975	8.97064	
2.81036	8.97156	
2.80975	8.97125	
2.81036	8.97278	
2.81036	8.97003	
2.80945	8.97095	
2.80975	8.97156	
2.80945	8.97064	
2.80975	8.97064	
2.80975	8.97186	
2.81006	8.97156	
2.81006	8.97095	
2.81006	8.97095	
2.80975	8.97095	
2.81006	8.97095	
2.80914	8.97217	
2.81006	8.97186	
2.80975	8.97156	
2.81036	8.97156	
2.81006	8.97217	
2.81006	8.97186	
2.80975	8.97217	
2.81036	8.97156	
2.80975	8.97125	
2.80975	8.96912	
2.80945	8.97125	
2.81036	8.97217	
2.80945	8.97003	
2.81036	8.97186	
2.81036	8.97156	
2.81006	8.97095	
2.80975	8.97156	
2.80975	8.97095	
2.81036	8.97339	
2.81097	8.97247	
2.81006	8.97186	
2.81036	8.97186	
2.81006	8.97186	
2.81006	8.97278	
2.81006	8.97156	
2.80975	8.97247	
2.81006	8.97186	
2.81006	8.97125	
2.81036	8.97095	
2.81006	8.97278	
2.81006	8.97186	
2.81006	8.97125	
2.81036	8.97186	
2.80975	8.97125	
2.81006	8.97095	
2.80914	8.97156	
2.80945	8.97217	
2.81006	8.97125	
2.81036	8.97064	
2.80975	8.97125	
2.80945	8.97095	
2.80975	8.97186	
2.81006	8.97095	
2.81067	8.97217	
2.81067	8.97186	
2.81006	8.97125	
2.81036	8.97247	
2.81067	8.97247	
2.81006	8.97156	
2.80975	8.97156	
2.81006	8.97217	
2.81006	8.97308	
2.81097	8.97125	
2.81036	8.97186	
2.81036	8.97095	
2.81036	8.97186	
2.81036	8.97156	
2.81036	8.97278	
2.81036	8.97095	
2.81006	8.97186	
2.81036	8.97247	
2.81067	8.97095	
2.81036	8.97217	
2.81006	8.97217	
2.81036	8.97186	
2.80975	8.97156	
2.80945	8.97217	
2.81067	8.97156	
2.80975	8.97278	
2.80975	8.97278	
2.80945	8.97156	
2.81006	8.97125	
2.81036	8.97095	
2.80975	8.97095	
2.81006	8.97217	
2.80945	8.97186	
2.80975	8.97156	
2.81006	8.97064	
2.80945	8.97156	
2.81006	8.97339	
2.80975	8.97034	
2.80975	8.97095	
2.81006	8.97186	
2.81036	8.97095	
2.80945	8.97064	
2.80945	8.97217	
2.80975	8.97217	
2.81036	8.97095	
2.81006	8.97003	
2.80975	8.97125	
2.80945	8.97156	
2.80975	8.97217	
2.81006	8.97125	
2.80975	8.97186	
2.80945	8.97034	
2.81006	8.97125	
2.80975	8.97247	
2.80975	8.97034	
2.81036	8.97156	
2.80975	8.97217	
2.81006	8.97156	
2.81036	8.97095	
2.81036	8.97308	
2.81006	8.97064	
2.81006	8.97217	
2.81006	8.97217	
2.81036	8.97186	
2.81067	8.97156	
2.81067	8.97278	
2.81067	8.97064	
2.81067	8.97278	
2.81036	8.97125	
2.80975	8.97156	
2.81036	8.97156	
2.81067	8.97186	
2.81036	8.97186	
2.81036	8.97156	
2.81067	8.97156	
2.81006	8.97064	
2.81036	8.97095	
2.81036	8.97217	
2.81006	8.97308	
2.81006	8.97156	
2.81036	8.97125	
2.80975	8.97125	
2.81006	8.97125	
2.81067	8.97156	
2.81006	8.97247	
2.81036	8.96973	
2.80975	8.97095	
2.80945	8.97156	
2.81036	8.97003	
2.80975	8.97125	
2.80945	8.97247	
2.81036	8.97034	
2.80945	8.97186	
2.81036	8.97125	
2.81006	8.97125	
2.81067	8.97156	
2.81036	8.97217	
2.81006	8.96973	
2.81097	8.97186	
2.80945	8.97186	
2.81036	8.97064	
2.81006	8.97125	
2.80945	8.97278	
2.81006	8.97156	
2.80975	8.97156	
2.80975	8.97186	
2.80945	8.97034	
2.81006	8.97186	
2.80914	8.97095	
2.80975	8.97217	
2.80975	8.97064	
2.81006	8.97125	
2.81036	8.97125	
2.80975	8.97217	
2.81006	8.97125	
2.81036	8.97217	
2.81067	8.97125	
2.81036	8.97125	
2.81006	8.97156	
2.80975	8.97125	
2.81006	8.97247	
2.81006	8.97034	
2.80945	8.97034	
2.81036	8.97156	
2.81006	8.97095	
2.80975	8.97156	
2.80975	8.97278	
2.80975	8.97064	
2.81006	8.97125	
2.80945	8.97156	
2.81006	8.97156	
2.80975	8.97034	
2.81006	8.97278	
2.80914	8.97034	
2.80975	8.97247	
2.80975	8.97217	
2.81006	8.97186	
2.81036	8.97186	
2.81006	8.97247	
2.81006	8.97156	
2.81006	8.97064	
2.81006	8.97186	
2.80975	8.97156	
2.81067	8.97186	
2.80975	8.97125	
2.80975	8.97156	
2.81036	8.97125	
2.81036	8.97156	
2.80945	8.97186	
2.81036	8.97278	
2.80975	8.97003	
2.81036	8.97125	
2.81006	8.97186	
2.81006	8.97064	
2.81036	8.97156	
2.80975	8.97064	
2.81006	8.97156	
2.81036	8.97125	
2.81006	8.97156	
2.81006	8.97156	
2.80975	8.97308	
2.80945	8.97064	
2.80975	8.97217	
2.80945	8.97156	
2.80945	8.97125	
2.80975	8.97247	
2.80975	8.97125	
2.80975	8.97156	
2.80945	8.97125	
2.80975	8.97125	
2.81006	8.97125	
2.80975	8.97308	
2.81006	8.97003	
2.81006	8.97156	
2.80945	8.97156	
2.81006	8.97186	
2.80975	8.97156	
2.81006	8.97308	
2.81006	8.97156	
2.80945	8.97064	
2.81006	8.97095	
2.81006	8.97125	
2.81036	8.97247	
2.80945	8.96973	
2.81006	8.97186	
2.81006	8.97156	
2.80975	8.97156	
2.81006	8.97125	
2.81036	8.97217	
2.80975	8.97156	
2.81036	8.97125	
2.81006	8.97003	
2.81036	8.97064	
2.81067	8.97125	
2.80975	8.97003	
2.81006	8.97186	
2.81006	8.97278	
2.81036	8.97125	
2.81006	8.97156	
2.81006	8.97156	
2.81067	8.97125	
2.81006	8.97125	
2.81006	8.97034	
2.81036	8.97095	
2.81097	8.97278	
2.81067	8.97034	
2.81006	8.97186	
2.81036	8.97095	
2.81006	8.97125	
2.81006	8.97247	
2.81006	8.97064	
2.81006	8.97095	
2.81036	8.97125	
2.81036	8.97095	
2.81006	8.97186	
2.80975	8.97247	
2.81036	8.97186	
2.81067	8.97186	
2.80975	8.97064	
2.80975	8.97186	
2.81006	8.97308	
2.81006	8.97156	
2.81036	8.97186	
2.81006	8.96942	
2.81036	8.97095	
2.81097	8.97217	
2.81036	8.97003	
2.81006	8.97217	
2.81036	8.97095	
2.81036	8.97125	
2.81036	8.97217	
2.80975	8.97003	
2.81036	8.97095	
2.81036	8.97186	
2.81067	8.97095	
2.81006	8.97125	
2.81006	8.97339	
2.81036	8.97217	
2.81067	8.97156	
2.81006	8.97003	
2.81006	8.97156	
2.81006	8.97217	
2.81006	8.97095	
2.81006	8.97064	
2.80975	8.97247	
2.81006	8.97125	
2.81036	8.97095	
2.80975	8.97278	
2.81006	8.97156	
2.81036	8.97125	
2.81006	8.97186	
2.81036	8.97247	
2.81036	8.97034	
2.81006	8.97156	
2.81036	8.97125	
2.81006	8.97156	
2.81006	8.97156	
2.80945	8.97064	
2.81036	8.97095	
2.81036	8.97095	
2.80975	8.97095	
2.80975	8.97156	
2.80945	8.97125	
2.80975	8.97156	
2.81006	8.97125	
2.81067	8.97125	
2.81036	8.97125	
2.80975	8.97247	
2.81067	8.97064	
2.81006	8.97095	
2.81036	8.97156	
2.81036	8.97064	
2.81036	8.97095	
2.81006	8.97034	
2.81006	8.97156	
2.80975	8.97156	
2.81006	8.97095	
2.81067	8.97217	
2.81006	8.97034	
2.81036	8.97156	
2.81006	8.97186	
2.81036	8.97217	
2.81067	8.97186	
2.81006	8.97095	
2.81036	8.97156	
2.81097	8.97156	
2.81036	8.97186	
2.81006	8.97125	
2.81006	8.97125	
2.81036	8.97125	
2.81006	8.97247	
2.80945	8.97156	
2.80975	8.97156	
2.81036	8.97156	
2.81006	8.97186	
2.81006	8.97156	
2.80914	8.97156	
2.80884	8.97064	
2.80945	8.97186	
2.80975	8.97186	
2.81006	8.97217	
2.80945	8.97064	
2.81067	8.97156	
2.81036	8.97247	
2.80975	8.97247	
2.80914	8.97156	
2.80914	8.97064	
2.80914	8.97186	
2.80914	8.97278	
2.80914	8.97003	
2.80853	8.97156	
2.80945	8.97186	
2.80914	8.97186	
2.80884	8.97217	
2.80914	8.97095	
2.80884	8.97156	
2.80975	8.97186	
2.80914	8.97125	
2.80945	8.97308	
2.80914	8.97064	
2.80975	8.97247	
2.80975	8.97064	
2.80975	8.97217	
2.80945	8.97247	
2.80975	8.97217	
2.80975	8.97156	
2.81006	8.97064	
2.80975	8.97186	
2.80975	8.97278	
2.80975	8.97064	
2.80975	8.97095	
2.80975	8.97034	
2.80945	8.97156	
2.81036	8.97247	
2.80945	8.97064	
2.81006	8.97156	
2.81036	8.96973	
2.80975	8.97125	
2.80945	8.97278	
2.81006	8.96973	
2.80914	8.97125	
2.81036	8.97003	
2.81006	8.97186	
2.81036	8.97308	
2.81036	8.97003	
2.81006	8.97156	
2.80975	8.97125	
2.80945	8.97186	
2.81006	8.97247	
2.80884	8.97156	
2.80945	8.97186	
2.80914	8.97186	
2.80914	8.97186	
2.80914	8.97339	
2.80853	8.97217	
2.80884	8.97186	
2.80945	8.97217	
2.80914	8.97156	
2.80975	8.97247	
2.80914	8.97217	
2.80853	8.97247	
2.80914	8.97156	
2.80945	8.97156	
2.80914	8.97247	
2.80884	8.97186	
2.80914	8.97186	
2.80884	8.97186	
2.80823	8.97156	
2.80945	8.97339	
2.80945	8.97156	
2.80945	8.97125	
2.80945	8.96973	
2.80884	8.97095	
2.80914	8.97278	
2.81006	8.97003	
2.80945	8.97156	
2.80945	8.97003	
2.80945	8.97095	
2.80914	8.97278	
2.80884	8.97064	
2.80884	8.97247	
2.80914	8.97247	
2.80975	8.97156	
2.80884	8.97339	
2.80914	8.97095	
2.80884	8.97308	
2.80884	8.97186	
2.80945	8.97125	
2.80914	8.97369	
2.80853	8.97247	
2.80884	8.97217	
2.80914	8.97217	
2.80884	8.97186	
2.80945	8.97308	
2.80914	8.97278	
2.80853	8.97186	
2.80853	8.97156	
2.80884	8.97186	
2.80884	8.97217	
2.80853	8.97247	
2.80914	8.97125	
2.80853	8.97186	
2.80853	8.97339	
2.80823	8.97247	
2.80823	8.97217	
2.80853	8.97095	
2.80823	8.97125	
2.80823	8.97217	
2.80853	8.97156	
2.80792	8.97186	
2.80823	8.97186	
2.80853	8.97308	
2.80853	8.97125	
2.80853	8.97186	
2.80792	8.97278	
2.80823	8.97186	
2.80823	8.97369	
2.80853	8.97278	
2.80853	8.97156	
2.80853	8.97186	
2.80792	8.97247	
2.80823	8.97339	
2.80792	8.97247	
2.80823	8.97247	
2.80823	8.97156	
2.80823	8.97156	
2.80792	8.97369	
2.80823	8.97125	
2.80853	8.97186	
2.80792	8.97003	
2.80731	8.97125	
2.80853	8.97339	
2.80792	8.97186	
2.80792	8.97278	
2.80823	8.97156	
2.80853	8.97186	
2.80853	8.97247	
2.80762	8.97217	
2.80823	8.97278	
2.80792	8.97217	
2.80792	8.97369	
2.80823	8.97095	
2.80823	8.97339	
2.80792	8.97095	
2.80823	8.97186	
2.80823	8.97339	
2.80823	8.97278	
2.80792	8.97278	
2.80853	8.97186	
2.80731	8.97156	
2.80792	8.97278	
2.80792	8.97278	
2.80823	8.97308	
2.80823	8.97308	
2.80762	8.974	
2.80853	8.97064	
2.80792	8.97186	
2.80823	8.97308	
2.80792	8.97217	
2.80792	8.97339	
2.80792	8.97156	
2.80823	8.97186	
2.80823	8.97156	
2.80823	8.97186	
2.80853	8.97339	
2.80853	8.97247	
2.80792	8.97308	
2.80792	8.97217	
2.80884	8.97308	
2.80792	8.97064	
2.80823	8.97217	
2.80884	8.97308	
2.80823	8.97217	
2.80823	8.97461	
2.80762	8.97186	
2.80884	8.97369	
2.80884	8.97095	
2.80792	8.97247	
2.80823	8.974	
2.80792	8.97247	
2.80823	8.97247	
2.80884	8.97308	
2.80762	8.97217	
2.80823	8.97064	
2.80792	8.97217	
2.80823	8.97278	
2.80823	8.97217	
2.80823	8.97369	
2.80853	8.97339	
2.80792	8.97217	
2.80853	8.97308	
2.80792	8.97247	
2.80823	8.97278	
2.80823	8.97308	
2.80823	8.97217	
2.80853	8.97339	
2.80762	8.974	
2.80853	8.97247	
2.80792	8.97217	
2.80853	8.97186	
2.80853	8.97125	
2.80823	8.97003	
2.80823	8.97247	
2.80823	8.97278	
2.80823	8.97217	
2.80823	8.97308	
2.80792	8.97064	
2.80853	8.97278	
2.80792	8.97125	
2.80823	8.97156	
2.80762	8.97369	
2.80853	8.97217	
2.80823	8.97217	
2.80823	8.97156	
2.80792	8.97186	
2.80853	8.97186	
2.80853	8.97247	
2.80823	8.97247	
2.80792	8.97186	
2.80823	8.97247	
2.80853	8.97156	
2.80762	8.97369	
2.80792	8.97217	
2.80823	8.97278	
2.80792	8.97461	
2.80823	8.97308	
2.80792	8.97217	
2.80792	8.97308	
2.80823	8.97186	
2.80853	8.97186	
2.80823	8.97278	
2.80823	8.97247	
2.80792	8.97186	
2.80792	8.974	
2.80853	8.97308	
2.80792	8.97308	
2.80823	8.97125	
2.80792	8.97186	
2.80884	8.97369	
2.80853	8.97156	
2.80823	8.97278	
2.80792	8.97278	
2.80762	8.97369	
2.80823	8.97186	
2.80853	8.97247	
2.80792	8.97217	
2.80853	8.97156	
2.80853	8.97095	
2.80823	8.97217	
2.80792	8.97308	
2.80853	8.97247	
2.80823	8.97369	
2.80762	8.97125	
2.80853	8.97247	
2.80853	8.97156	
2.80853	8.97186	
2.80792	8.97247	
2.80823	8.97186	
2.80823	8.97217	
2.80823	8.97217	
2.80853	8.97339	
2.80762	8.97186	
2.80762	8.97278	
2.80792	8.97156	
2.80884	8.97217	
2.80792	8.97156	
2.80914	8.97186	
2.80823	8.97247	
2.80853	8.97095	
2.80853	8.97308	
2.80853	8.97217	
2.80792	8.97217	
2.80853	8.97217	
2.80823	8.97156	
2.80853	8.97217	
2.80853	8.97247	
2.80853	8.97247	
2.80914	8.97278	
2.80884	8.974	
2.80853	8.97217	
2.80823	8.97186	
2.80823	8.97156	
2.80853	8.97217	
2.80884	8.97125	
2.80853	8.97217	
2.80823	8.97064	
2.80914	8.97247	
2.80853	8.97278	
2.80853	8.97156	
2.80914	8.97217	
2.80823	8.97278	
2.80914	8.97156	
2.80853	8.97247	
2.80853	8.97156	
2.80853	8.97186	
2.80823	8.97217	
2.80823	8.97278	
2.80884	8.97156	
2.80884	8.97186	
2.80853	8.97156	
2.80914	8.97186	
2.80853	8.97217	
2.80853	8.97186	
2.80792	8.97156	
2.80823	8.97186	
2.80884	8.97369	
2.80884	8.97186	
2.80853	8.97217	
2.80853	8.97186	
2.80853	8.97217	
2.80853	8.97156	
2.80884	8.97217	
2.80823	8.97034	
2.80823	8.97186	
2.80823	8.97156	
2.80853	8.97156	
2.80823	8.97247	
2.80914	8.97125	
2.80884	8.97308	
2.80914	8.97156	
2.80884	8.97186	
2.80823	8.97156	
2.80823	8.97369	
2.80823	8.97217	
2.80884	8.97125	
2.80914	8.97217	
2.80853	8.97156	
2.80853	8.97125	
2.80823	8.97186	
2.80853	8.97034	
2.80853	8.97186	
2.80823	8.97217	
2.80914	8.97186	
2.80792	8.97247	
2.80823	8.97247	
2.80853	8.97186	
2.80884	8.97125	
2.80853	8.97308	
2.80853	8.97186	
2.80853	8.97186	
2.80884	8.97278	
2.80853	8.97217	
2.80914	8.97186	
2.80853	8.97186	
2.80914	8.97186	
2.80914	8.97064	
2.80853	8.97247	
2.80884	8.97095	
2.80853	8.97095	
2.80884	8.97369	
2.80853	8.97247	
2.80792	8.97186	
2.80792	8.97186	
2.80823	8.97034	
2.80823	8.97064	
2.80792	8.97247	
2.80945	8.97156	
2.80823	8.97156	
2.80975	8.97278	
2.80945	8.97034	
2.80945	8.97156	
2.80853	8.97186	
2.80914	8.97217	
2.80853	8.97064	
2.80945	8.97125	
2.80914	8.97156	
2.80945	8.97064	
2.80945	8.97369	
2.80945	8.97125	
2.80914	8.97156	
2.80914	8.97156	
2.80884	8.97125	
2.80945	8.97339	
2.80914	8.97034	
2.80945	8.97095	
2.80975	8.97034	
2.80884	8.97125	
2.80914	8.97217	
2.80914	8.97186	
2.80884	8.97217	
2.80884	8.97125	
2.80823	8.97186	
2.80914	8.97034	
2.80914	8.97156	
2.80945	8.97095	
2.80853	8.97217	
2.80884	8.97278	
2.80884	8.97186	
2.80884	8.97156	
2.80914	8.97156	
2.80884	8.97064	
2.80884	8.97217	
2.80914	8.97156	
2.80853	8.97217	
2.80945	8.97095	
2.80945	8.97369	
2.80914	8.97125	
2.80914	8.97217	
2.80884	8.97217	
2.80945	8.97247	
2.80823	8.97095	
2.80945	8.97217	
2.80945	8.97186	
2.80914	8.97186	
2.80914	8.97186	
2.80975	8.97125	
2.80945	8.97156	
2.80914	8.97156	
2.80853	8.97308	
2.80914	8.97339	
2.80914	8.97217	
2.80884	8.97156	
2.80853	8.97217	
2.80914	8.97156	
2.80914	8.97217	
2.80914	8.97247	
2.80975	8.97186	
2.80914	8.97247	
2.80914	8.97095	
2.80853	8.97186	
2.80853	8.97064	
2.80914	8.97064	
2.80914	8.97217	
2.80884	8.97156	
2.80914	8.97156	
2.80945	8.97186	
2.80914	8.97125	
2.80914	8.97217	
2.80914	8.97217	
2.80884	8.97125	
2.80914	8.97064	
2.80853	8.97217	
2.80914	8.97247	
2.80914	8.97125	
2.80884	8.97186	
2.80914	8.97095	
2.80914	8.97217	
2.80975	8.97064	
2.80853	8.97003	
2.80945	8.97125	
2.80914	8.97217	
2.80884	8.97125	
2.80945	8.97064	
2.80914	8.97125	
2.80914	8.97034	
2.80945	8.97186	
2.80914	8.97125	
2.80914	8.97217	
2.80914	8.97156	
2.80945	8.97247	
2.80914	8.97003	
2.80945	8.97095	
2.80945	8.97064	
2.80914	8.97125	
2.80975	8.97278	
2.80914	8.97186	
2.80945	8.97156	
2.81006	8.97095	
2.80914	8.97095	
2.80945	8.97186	
2.80945	8.97186	
2.80975	8.97156	
2.81006	8.97064	
2.80975	8.97156	
2.80945	8.97278	
2.80975	8.97125	
2.80945	8.97095	
2.80975	8.97064	
2.80853	8.97247	
2.80945	8.97156	
2.80975	8.97156	
2.80975	8.97156	
2.80975	8.97339	
2.81006	8.97095	
2.80945	8.97125	
2.81006	8.97125	
2.80914	8.97095	
2.80914	8.97095	
2.80945	8.97186	
2.80914	8.97125	
2.80914	8.97186	
2.80945	8.97247	
2.80975	8.97186	
2.80914	8.97125	
2.80975	8.97095	
2.80945	8.97003	
2.81006	8.97034	
2.80975	8.97217	
2.80914	8.97095	
2.80975	8.97156	
2.80914	8.97247	
2.80975	8.97156	
2.80914	8.97125	
2.80945	8.97064	
2.80914	8.97125	
2.80945	8.97064	
2.80975	8.97186	
2.81006	8.97003	
2.80914	8.97125	
2.80945	8.97217	
2.80975	8.97125	
2.80945	8.97186	
2.80914	8.97064	
2.80945	8.97217	
2.80975	8.97217	
2.80975	8.97186	
2.80975	8.97095	
2.80945	8.97156	
2.80945	8.96942	
2.80975	8.97125	
2.80975	8.97095	
2.80945	8.97034	
2.80945	8.97156	
2.80884	8.97125	
2.80945	8.97125	
2.80914	8.97156	
2.80975	8.97186	
2.80914	8.97064	
2.80914	8.97156	
2.80975	8.97156	
2.80945	8.97339	
2.80884	8.97095	
2.80945	8.97278	
2.80914	8.97156	
2.80975	8.97278	
2.80914	8.97095	
2.80914	8.97156	
2.81006	8.97156	
2.80914	8.97339	
2.80975	8.97034	
2.80975	8.97186	
2.80914	8.97125	
2.81006	8.97156	
2.80914	8.97034	
2.80945	8.97186	
2.80975	8.97034	
2.80914	8.97125	
2.80945	8.97156	
2.80914	8.97186	
2.80914	8.97125	
2.80945	8.97064	
2.80945	8.97308	
2.80975	8.97156	
2.81006	8.97186	
2.81006	8.97217	
2.81006	8.97247	
2.80945	8.97125	
2.80975	8.97186	
2.81036	8.97125	
2.81006	8.97278	
2.80914	8.97034	
2.80945	8.97186	
2.80975	8.97125	
2.81006	8.97125	
2.81036	8.97003	
2.80975	8.97095	
2.80975	8.97125	
2.81006	8.97156	
2.80975	8.97003	
2.80975	8.97125	
2.80945	8.97095	
2.81006	8.97186	
2.80975	8.97064	
2.81006	8.97156	
2.81006	8.97064	
2.80945	8.97247	
2.80945	8.97034	
2.81006	8.97186	
2.80975	8.97125	
2.81006	8.97156	
2.81006	8.96973	
2.81036	8.97095	
2.80975	8.97156	
2.80975	8.97095	
2.81006	8.97125	
2.80975	8.97156	
2.80945	8.97156	
2.80975	8.97125	
2.80975	8.97247	
2.81036	8.97095	
2.80975	8.97156	
2.80975	8.97125	
2.81006	8.97278	
2.81006	8.97064	
2.80975	8.97217	
2.81006	8.97095	
2.81006	8.97339	
2.80975	8.97156	
2.80914	8.97095	
2.80975	8.97186	
2.81006	8.97217	
2.81006	8.97125	
2.80975	8.97217	
2.81036	8.97095	
2.80975	8.97308	
2.80975	8.97003	
2.80914	8.97247	
2.81006	8.96942	
2.80975	8.97064	
2.81006	8.97247	
2.80975	8.97064	
2.81036	8.97095	
2.81006	8.97095	
2.80945	8.97156	
2.81006	8.96942	
2.80975	8.97125	
2.80945	8.97095	
2.80945	8.97095	
2.80945	8.97308	
2.81006	8.97186	
2.80975	8.97186	
2.81036	8.97156	
2.81006	8.97034	
2.80975	8.97247	
2.81036	8.97156	
2.81006	8.97156	
2.81036	8.97125	
2.81006	8.97217	
2.80975	8.97217	
2.81006	8.97064	
2.80914	8.97217	
2.80975	8.97186	
2.81006	8.97064	
2.80975	8.97125	
2.80975	8.97095	
2.80975	8.97064	
2.81006	8.97156	
2.80945	8.97186	
2.80975	8.96973	
2.81006	8.97064	
2.80975	8.97217	
2.80975	8.97156	
2.80975	8.97186	
2.80945	8.97064	
2.80975	8.97186	
2.81006	8.97156	
2.81067	8.97095	
2.80975	8.97156	
2.81006	8.97217	
2.81006	8.97186	
2.80945	8.97247	
2.80975	8.97217	
2.80914	8.97125	
2.81006	8.97064	
2.80975	8.97156	
2.81067	8.97095	
2.81006	8.97095	
2.80975	8.97125	
2.80975	8.97186	
2.81006	8.97095	
2.80914	8.97125	
2.81006	8.97247	
2.80945	8.97125	
2.80975	8.97186	
2.80945	8.97034	
2.81006	8.97247	
2.81006	8.97186	
2.80975	8.97095	
2.80975	8.97095	
2.80945	8.97217	
2.80975	8.97064	
2.80945	8.97156	
2.80945	8.97125	
2.80975	8.97217	
2.80975	8.97095	
2.80945	8.97186	
2.80975	8.97125	
2.81006	8.97217	
2.80914	8.97186	
2.80975	8.97125	
2.80945	8.97217	
2.80975	8.97186	
2.80975	8.97034	
2.81006	8.97156	
2.80975	8.96973	
2.80975	8.97125	
2.81006	8.97247	
2.81006	8.97186	
2.80945	8.97186	
2.80975	8.97156	
2.80945	8.97278	
2.81006	8.97156	
2.80945	8.97095	
2.80945	8.97186	
2.81036	8.97308	
2.80945	8.97156	
2.81006	8.97156	
2.81006	8.97125	
2.80945	8.97217	
2.81097	8.97186	
2.80945	8.97095	
2.81006	8.97156	
2.80945	8.97156	
2.80945	8.97125	
2.80945	8.97125	
2.81006	8.97125	
2.80975	8.97186	
2.80975	8.96942	
2.80975	8.97186	
2.80975	8.97095	
2.80975	8.97156	
2.80975	8.97125	
2.81006	8.97186	
2.81006	8.97186	
2.80975	8.97217	
2.80975	8.97095	
2.81006	8.97186	
2.80914	8.97064	
2.81006	8.97125	
2.80945	8.97125	
2.80945	8.97095	
2.80975	8.97095	
2.80975	8.97217	
2.80975	8.97125	
2.80975	8.97156	
2.80975	8.97034	
2.80975	8.97217	
2.81006	8.97156	
2.80975	8.97156	
2.80945	8.97095	
2.81006	8.97308	
2.81006	8.97064	
2.80975	8.97156	
2.81036	8.97064	
2.80975	8.97247	
2.81036	8.97217	
2.80975	8.97125	
2.81006	8.97156	
2.80945	8.97247	
2.81006	8.97186	
2.81006	8.97186	
2.80945	8.97064	
2.80975	8.97217	
2.81006	8.97034	
2.80945	8.97156	
2.81006	8.97095	
2.80975	8.97125	
2.80975	8.96942	
2.80945	8.97156	
2.80975	8.97156	
2.80975	8.97095	
2.81006	8.97003	
2.81006	8.97095	
2.80975	8.97034	
2.81006	8.97125	
2.80975	8.97217	
2.80945	8.97156	
2.81036	8.97186	
2.80975	8.97095	
2.81036	8.97339	
2.80945	8.97125	
2.80975	8.97186	
2.81006	8.97095	
2.80975	8.97308	
2.80945	8.97125	
2.80975	8.97156	
2.81006	8.97095	
2.80975	8.97186	
2.81006	8.97003	
2.80975	8.97156	
2.80975	8.97095	
2.81006	8.97156	
2.80945	8.97064	
2.80975	8.97064	
2.80945	8.97217	
2.80975	8.97064	
2.81036	8.97217	
2.81006	8.97095	
2.81036	8.97034	
2.81036	8.97095	
2.81006	8.97095	
2.80945	8.97186	
2.81006	8.97003	
2.80975	8.96973	
2.81036	8.97186	
2.80975	8.96973	
2.80975	8.97034	
2.80975	8.97003	
2.81006	8.97125	
2.80975	8.97034	
2.80914	8.97095	
2.81006	8.97034	
2.81036	8.97034	
2.80975	8.97186	
2.81006	8.97095	
2.80914	8.97156	
2.81006	8.97095	
2.81006	8.97186	
2.80975	8.97095	
2.80975	8.97217	
2.80945	8.97095	
2.80945	8.97186	
2.81006	8.97064	
2.80945	8.97278	
2.81006	8.97125	
2.81006	8.97125	
2.80975	8.97064	
2.81006	8.97247	
2.81006	8.97095	
2.80975	8.97095	
2.80945	8.97095	
2.81006	8.97247	
2.81006	8.97156	
2.80945	8.97217	
2.81006	8.97095	
2.80975	8.97156	
2.80975	8.97095	
2.80975	8.97095	
2.81006	8.97034	
2.81006	8.97156	
2.80975	8.97186	
2.80975	8.97095	
2.80945	8.97125	
2.81036	8.97156	
2.80945	8.97156	
2.80914	8.97156	
2.81006	8.97064	
2.81006	8.97095	
2.80975	8.97095	
2.81006	8.97034	
2.80975	8.97125	
2.80975	8.97003	
2.81006	8.97125	
2.80975	8.97003	
2.80945	8.97095	
2.80975	8.96973	
2.81006	8.97125	
2.81006	8.97003	
2.80914	8.97064	
2.80914	8.97125	
2.80914	8.97125	
2.80914	8.97034	
2.80975	8.97217	
2.80914	8.96973	
2.80914	8.97217	
2.80975	8.97095	
2.80945	8.97186	
2.80945	8.97278	
2.80945	8.97064	
2.80975	8.97156	
2.80975	8.97186	
2.80945	8.97095	
2.80975	8.97003	
2.80945	8.97125	
2.80884	8.96973	
2.80914	8.97125	
2.80914	8.97095	
2.80945	8.97156	
2.80853	8.97064	
2.80975	8.97125	
2.80945	8.97095	
2.80823	8.97217	
2.80853	8.97064	
2.80853	8.97186	
2.80914	8.97186	
2.80884	8.97156	
2.80884	8.97003	
2.80914	8.97217	
2.80914	8.97186	
2.80914	8.97186	
2.80914	8.97186	
2.80853	8.97156	
2.80945	8.97095	
2.80884	8.97217	
2.80853	8.97156	
2.80853	8.97186	
2.80853	8.97156	
2.80853	8.97308	
2.80853	8.97247	
2.80945	8.97278	
2.80914	8.97125	
2.80884	8.97339	
2.80823	8.97247	
2.80884	8.97278	
2.80914	8.97247	
2.80853	8.97217	
2.80853	8.97064	
2.80853	8.97247	
2.80823	8.97186	
2.80884	8.97247	
2.80884	8.97186	
2.80823	8.97156	
2.80853	8.97125	
2.80823	8.97278	
2.80853	8.97186	
2.80792	8.97186	
2.80853	8.97186	
2.80823	8.97308	
2.80792	8.97217	
2.80792	8.97186	
2.80853	8.97186	
2.80853	8.97278	
2.80884	8.97125	
2.80884	8.97095	
2.80853	8.97125	
2.80853	8.97278	
2.80823	8.97186	
2.80823	8.97156	
2.80792	8.97125	
2.80914	8.97247	
2.80884	8.97278	
2.80884	8.97125	
2.80853	8.97186	
2.80792	8.97247	
2.80823	8.97217	
2.80792	8.97064	
2.80823	8.97186	
2.80731	8.97064	
2.80823	8.97217	
2.80792	8.97217	
2.80792	8.97217	
2.80823	8.97064	
2.80823	8.97186	
2.80792	8.97217	
2.80731	8.97308	
2.80823	8.97125	
2.80823	8.97125	
2.80853	8.97186	
2.80792	8.97247	
2.80823	8.97095	
2.80792	8.97217	
2.80884	8.97156	
2.80792	8.97186	
2.80853	8.97095	
2.80853	8.97186	
2.80792	8.97156	
2.80823	8.97339	
2.80884	8.97125	
2.80853	8.97186	
2.80792	8.97217	
2.80823	8.9743	
2.80762	8.97278	
2.80792	8.97156	
2.80853	8.97308	
2.80823	8.97369	
2.80853	8.97156	
2.80853	8.97278	
2.80823	8.97186	
2.80762	8.97339	
2.80792	8.97156	
2.80762	8.97217	
2.80823	8.97247	
2.80823	8.97308	
2.80853	8.97217	
2.80762	8.97217	
2.80823	8.97217	
2.80823	8.97308	
2.80823	8.97247	
2.80823	8.97339	
2.80823	8.97217	
2.80792	8.97369	
2.80853	8.97217	
2.80792	8.97308	
2.80853	8.97156	
2.80762	8.974	
2.80823	8.97247	
2.80792	8.97278	
2.80792	8.97186	
2.80762	8.97369	
2.80823	8.97247	
2.80762	8.97308	
2.80823	8.97186	
2.80853	8.97308	
2.80792	8.97247	
2.80792	8.97186	
2.80853	8.97217	
2.80823	8.97278	
2.80762	8.97217	
2.80823	8.97064	
2.80792	8.97217	
2.80853	8.97278	
2.80762	8.97247	
2.80792	8.97278	
2.80853	8.97186	
2.80823	8.97278	
2.80884	8.97247	
2.80853	8.97186	
2.80762	8.97156	
2.80731	8.97247	
2.80853	8.97217	
2.80853	8.97186	
2.80792	8.97278	
2.80762	8.97095	
2.80853	8.97217	
2.80792	8.97217	
2.80853	8.97125	
2.80792	8.97186	
2.80762	8.97186	
2.80823	8.97156	
2.80853	8.97217	
2.80762	8.97034	
2.80792	8.97278	
2.80823	8.97186	
2.80823	8.97278	
2.80792	8.97278	
2.80823	8.97186	
2.80853	8.97217	
2.80853	8.97278	
2.80823	8.97186	
2.80792	8.97217	
2.80823	8.97217	
2.80823	8.97339	
2.80823	8.97186	
2.80823	8.97247	
2.80823	8.97217	
2.80823	8.97278	
2.80853	8.97156	
2.80792	8.97217	
2.80853	8.97217	
2.80823	8.97308	
2.80792	8.97125	
2.80762	8.97003	
2.80853	8.97125	
2.80823	8.97186	
2.80762	8.97247	
2.80823	8.97125	
2.80792	8.97186	
2.80823	8.97125	
2.80823	8.97247	
2.80853	8.97125	
2.80792	8.97217	
2.80823	8.97278	
2.80792	8.97186	
2.80792	8.97095	
2.80853	8.97217	
2.80884	8.97186	
2.80823	8.97217	
2.80762	8.97095	
2.80792	8.97217	
2.80792	8.97034	
2.80823	8.97217	
2.80792	8.97156	
2.80853	8.97156	
2.80792	8.97125	
2.80853	8.97156	
2.80792	8.97125	
2.80853	8.97186	
2.80762	8.97064	
2.80792	8.97125	
2.80792	8.97217	
2.80853	8.97339	
2.80853	8.97278	
2.80914	8.97247	
2.80853	8.97217	
2.80823	8.97247	
2.80853	8.97186	
2.80823	8.97217	
2.80792	8.97095	
2.80823	8.97278	
2.80914	8.97156	
2.80823	8.97278	
2.80853	8.97186	
2.80884	8.97247	
2.80853	8.97186	
2.80884	8.97034	
2.80823	8.97125	
2.80853	8.97034	
2.80792	8.97156	
2.80914	8.97125	
2.80884	8.97308	
2.80823	8.97156	
2.80823	8.97217	
2.80884	8.97186	
2.80823	8.97217	
2.80884	8.97308	
2.80853	8.97156	
2.80945	8.97156	
2.80853	8.97247	
2.80823	8.97125	
2.80884	8.97217	
2.80914	8.97217	
2.80914	8.97156	
2.80975	8.97186	
2.80945	8.97217	
2.80884	8.97278	
2.80945	8.97186	
2.80914	8.97125	
2.80914	8.97125	
2.80853	8.97095	
2.80884	8.97156	
2.80884	8.97125	
2.80853	8.97217	
2.80823	8.97186	
2.80853	8.97247	
2.80914	8.97095	
2.80853	8.97217	
2.80823	8.97156	
2.80853	8.97003	
2.80853	8.97125	
2.80884	8.97034	
2.80853	8.97156	
2.80853	8.97186	
2.80853	8.97278	
2.80884	8.97186	
2.80884	8.97095	
2.80823	8.97125	
2.80853	8.97034	
2.80853	8.97156	
2.80884	8.97217	
2.80823	8.97125	
2.80884	8.97278	
2.80884	8.97247	
2.80914	8.97156	
2.80792	8.97217	
2.80914	8.97217	
2.80853	8.97064	
2.80914	8.97278	
2.80914	8.97064	
2.80975	8.97339	
2.80945	8.97217	
2.80945	8.974	
2.80884	8.97217	
2.80914	8.97125	
2.80853	8.97125	
2.80823	8.97186	
2.80853	8.97186	
2.80853	8.97095	
2.80853	8.97308	
2.80823	8.97247	
2.80914	8.97308	
2.80884	8.97186	
2.80853	8.97217	
2.80853	8.97247	
2.80792	8.97186	
2.80823	8.97125	
2.80823	8.97003	
2.80853	8.97156	
2.80914	8.97156	
2.80762	8.97308	
2.80853	8.97247	
2.80853	8.97186	
2.80792	8.97186	
2.80853	8.97308	
2.80823	8.97217	
2.80823	8.97186	
2.80853	8.97186	
2.80853	8.97156	
2.80853	8.97217	
2.80823	8.97095	
2.80853	8.97308	
2.80914	8.97217	
2.80914	8.97186	
2.80914	8.97186	
2.80914	8.97217	
2.80945	8.97186	
2.80914	8.97186	
2.80853	8.97369	
2.80884	8.97278	
2.80914	8.97217	
2.80914	8.97156	
2.80884	8.97156	
2.80884	8.97186	
2.80884	8.97247	
2.80914	8.97308	
2.80884	8.97217	
2.80914	8.97217	
2.80884	8.97186	
2.80975	8.97156	
2.80914	8.97247	
2.80914	8.97156	
2.80914	8.97278	
2.80914	8.97186	
2.80884	8.97247	
2.80914	8.97186	
2.80945	8.97003	
2.80853	8.97186	
2.80884	8.97186	
2.80884	8.97308	
2.80823	8.97217	
2.80884	8.97186	
2.80853	8.97217	
2.80914	8.97186	
2.80914	8.97186	
2.80884	8.97186	
2.80945	8.97217	
2.80853	8.97125	
2.80853	8.97217	
2.80853	8.97125	
2.80853	8.97186	
2.80823	8.97217	
2.80975	8.97217	
2.80884	8.97217	
2.80914	8.97339	
2.80884	8.97156	
2.80945	8.97186	
2.80853	8.97186	
2.80914	8.97247	
2.80884	8.97186	
2.80914	8.97247	
2.80884	8.97156	
2.80853	8.97125	
2.80853	8.97186	
2.80884	8.97125	
2.80945	8.97339	
2.80945	8.97186	
2.80945	8.97156	
2.80914	8.97095	
2.80975	8.97278	
2.80884	8.97095	
2.80823	8.97125	
2.80884	8.97064	
2.80853	8.96973	
2.80853	8.97156	
2.80914	8.97095	
2.80914	8.97278	
2.80945	8.97156	
2.80945	8.97125	
2.80914	8.97125	
2.80853	8.96912	
2.80914	8.97125	
2.80914	8.97247	
2.80945	8.97186	
2.80914	8.97156	
2.80853	8.97125	
2.80884	8.97125	
2.80945	8.97125	
2.80945	8.97186	
2.80945	8.97095	
2.80975	8.97217	
2.80945	8.97095	
2.81006	8.97064	
2.80914	8.97217	
2.80914	8.97278	
2.80914	8.97064	
2.80853	8.97125	
2.80975	8.97064	
2.80884	8.97247	
2.80914	8.97156	
2.80884	8.97034	
2.80945	8.97095	
2.80945	8.97003	
2.80914	8.97125	
2.80945	8.97125	
2.80914	8.97095	
2.80945	8.97034	
2.80914	8.97156	
2.80945	8.97186	
2.80914	8.97247	
2.81006	8.97186	
2.80975	8.97156	
2.80945	8.97064	
2.80914	8.97247	
2.80914	8.97125	
2.80945	8.97186	
2.80914	8.97125	
2.80914	8.97217	
2.80914	8.97125	
2.80975	8.97064	
2.81006	8.97217	
2.80914	8.97064	
2.80975	8.97095	
2.80884	8.97156	
2.80945	8.97217	
2.80945	8.97125	
2.80914	8.97125	
2.80945	8.97064	
2.80975	8.97095	
2.80975	8.97186	
2.80914	8.97095	
2.80945	8.97156	
2.80945	8.97156	
2.80914	8.97095	
2.80884	8.97064	
2.80884	8.97278	
2.80884	8.97003	
2.80884	8.97064	
2.80914	8.97125	
2.80914	8.97186	
2.80945	8.97156	
2.80914	8.97095	
2.80945	8.97186	
2.80975	8.97125	
2.80945	8.97125	
2.80853	8.97156	
2.80975	8.97125	
2.80914	8.97156	
2.80975	8.97095	
2.80945	8.97095	
2.80945	8.97125	
2.80945	8.97064	
2.81006	8.97125	
2.80945	8.97156	
2.80975	8.97064	
2.80945	8.97095	
2.80853	8.97064	
2.80914	8.97186	
2.80945	8.97064	
2.80975	8.97125	
2.80945	8.97186	
2.81006	8.97064	
2.80945	8.97125	
2.80975	8.97064	
2.80945	8.97095	
2.80914	8.97125	
2.80884	8.97125	
2.81006	8.97125	
2.80945	8.97125	
2.80945	8.97186	
2.80975	8.97247	
2.80945	8.97156	
2.80914	8.97156	
2.80884	8.97095	
2.80914	8.97125	
2.80945	8.97064	
2.80945	8.97125	
2.80914	8.97064	
2.81006	8.97186	
2.80914	8.97125	
2.80975	8.97247	
2.81006	8.97186	
2.80914	8.97247	
2.80914	8.97064	
2.80914	8.97156	
2.80914	8.97095	
2.80914	8.96912	
2.80975	8.97125	
2.80975	8.96912	
2.80914	8.97156	
2.80914	8.97156	
2.80945	8.97217	
2.80914	8.97095	
2.80975	8.96973	
2.80945	8.97125	
2.80914	8.97186	
2.81006	8.97156	
2.81006	8.97095	
2.80945	8.97034	
2.80975	8.97156	
2.80975	8.97095	
2.80945	8.97156	
2.80945	8.97186	
2.80975	8.97217	
2.80975	8.97125	
2.80975	8.97308	
2.80945	8.97156	
2.81006	8.97003	
2.80945	8.97095	
2.81036	8.96973	
2.80823	8.97095	
2.80945	8.97125	
2.80975	8.97186	
2.80975	8.97186	
2.80975	8.97125	
2.80914	8.97125	
2.80945	8.97156	
2.80975	8.97095	
2.81006	8.97156	
2.80945	8.97217	
2.80945	8.97125	
2.80914	8.97095	
2.80975	8.97156	
2.80975	8.97064	
2.80945	8.97186	
2.80853	8.97064	
2.80914	8.97095	
2.80884	8.97125	
2.80975	8.97125	
2.80975	8.97156	
2.80945	8.97034	
2.80945	8.97003	
2.80945	8.97064	
2.80914	8.97003	
2.80975	8.97095	
2.80975	8.97034	
2.80914	8.97247	
2.81036	8.97064	
2.80945	8.96942	
2.80945	8.97064	
2.80853	8.96973	
2.80945	8.97095	
2.80884	8.97125	
2.80884	8.97247	
2.80914	8.97064	
2.80853	8.97156	
2.80975	8.97095	
2.80975	8.97156	
2.80975	8.97156	
2.80945	8.97247	
2.80975	8.97217	
2.80945	8.97186	
2.81006	8.97003	
2.80975	8.97064	
2.80914	8.96973	
2.80975	8.97125	
2.80945	8.97186	
2.80975	8.97247	
2.81006	8.97095	
2.81036	8.97095	
2.80975	8.97156	
2.80975	8.96973	
2.81006	8.97217	
2.81036	8.97095	
2.80945	8.97339	
2.80975	8.97156	
2.80945	8.97064	
2.80945	8.97125	
2.80945	8.97064	
2.81036	8.97186	
2.81006	8.97125	
2.80945	8.97217	
2.80975	8.97095	
2.80914	8.97034	
2.80945	8.97034	
2.80914	8.97034	
2.81006	8.97186	
2.80945	8.97095	
2.80945	8.97247	
2.80975	8.97156	
2.80914	8.97034	
2.80945	8.97125	
2.80914	8.97034	
2.80975	8.97064	
2.80945	8.97186	
2.80914	8.97278	
2.80975	8.97125	
2.80914	8.97156	
2.80975	8.97125	
2.80914	8.97034	
2.80945	8.97186	
2.80975	8.97125	
2.80914	8.97308	
2.80914	8.97095	
2.80914	8.97125	
2.80975	8.97125	
2.81006	8.97217	
2.80853	8.97247	
2.80945	8.97125	
2.80975	8.97125	
2.80975	8.97156	
2.80945	8.97186	
2.80945	8.97278	
2.80945	8.97156	
2.80945	8.97034	
2.80975	8.97156	
2.81036	8.97095	
2.80975	8.97125	
2.80914	8.97064	
2.80914	8.97156	
2.80945	8.97125	
2.80884	8.97064	
2.80945	8.97156	
2.80975	8.97186	
2.80945	8.97125	
2.80945	8.97308	
2.80945	8.97156	
2.80914	8.97125	
2.80884	8.97308	
2.80945	8.97156	
2.80914	8.97034	
2.80914	8.97095	
2.80945	8.97186	
2.80945	8.97217	
2.80945	8.97095	
2.80975	8.96973	
2.80945	8.97156	
2.80914	8.97095	
2.80914	8.96973	
2.80945	8.97217	
2.80975	8.97125	
2.80914	8.97125	
2.80975	8.97247	
2.80945	8.97186	
2.80975	8.97308	
2.80914	8.97064	
2.81006	8.97095	
2.81006	8.97186	
2.80945	8.97095	
2.80945	8.97125	
2.80914	8.97034	
2.81006	8.97003	
2.81006	8.97156	
2.80975	8.97125	
2.80945	8.97186	
2.80975	8.97156	
2.80975	8.97125	
2.80945	8.97217	
2.80945	8.97186	
2.81006	8.97064	
2.80914	8.97125	
2.81006	8.97095	
2.81006	8.97186	
2.80975	8.97125	
2.80975	8.97003	
2.80945	8.97186	
2.81006	8.97217	
2.80945	8.97217	
2.81006	8.97125	
2.80975	8.97064	
2.81006	8.97064	
2.80945	8.97095	
2.80975	8.97125	
2.81006	8.97095	
2.81006	8.97064	
2.81006	8.97125	
2.80945	8.97156	
2.81006	8.97186	
2.81036	8.97186	
2.81036	8.97064	
2.80884	8.97217	
2.81006	8.97156	
2.81006	8.97003	
2.80975	8.97125	
2.81006	8.97064	
2.80975	8.97125	
2.80914	8.97156	
2.80975	8.97064	
2.80945	8.97095	
2.80975	8.97217	
2.81006	8.97156	
2.80975	8.97095	
2.80975	8.97095	
2.80914	8.97247	
2.80914	8.97064	
2.80914	8.97095	
2.80975	8.97125	
2.81006	8.97034	
2.80914	8.97034	
2.80884	8.97156	
2.80945	8.97034	
2.80975	8.96942	
2.80975	8.97034	
2.80914	8.97125	
2.80945	8.97186	
2.80884	8.97095	
2.80884	8.97064	
2.80975	8.97186	
2.80975	8.97125	
2.80975	8.97217	
2.80975	8.97125	
2.80914	8.97125	
2.81006	8.97278	
2.80975	8.97156	
2.80975	8.97034	
2.80914	8.97156	
2.80914	8.97125	
2.80975	8.97247	
2.80975	8.97156	
2.80945	8.97095	
2.80975	8.97156	
2.81006	8.97095	
2.80975	8.97217	
2.81006	8.97156	
2.80945	8.97095	
2.80914	8.97125	
2.81036	8.97003	
2.80945	8.97095	
2.81006	8.97125	
2.80945	8.97217	
2.80914	8.97125	
2.80914	8.97034	
2.80975	8.97156	
2.80975	8.97095	
2.81006	8.97156	
2.80975	8.97095	
2.80975	8.96973	
2.80975	8.97186	
2.80975	8.97186	
2.80945	8.97308	
2.81006	8.97156	
2.80945	8.97156	
2.80945	8.97186	
2.81006	8.97034	
2.80975	8.97125	
2.80945	8.97156	
2.81036	8.97247	
2.81006	8.97156	
2.80975	8.97125	
2.80975	8.97217	
2.80914	8.97156	
2.80945	8.96973	
2.81006	8.97125	
2.80914	8.96942	
2.80975	8.97186	
2.80945	8.97125	
2.81006	8.97217	
2.81006	8.97095	
2.81006	8.97125	
2.80975	8.97186	
2.80975	8.97064	
2.81036	8.97186	
2.81006	8.97156	
2.81006	8.97217	
2.80945	8.97186	
2.80975	8.97064	
2.80975	8.97064	
2.80975	8.97156	
2.80975	8.97125	
2.81006	8.97217	
2.81006	8.97095	
2.81006	8.97156	
2.80975	8.97247	
2.80945	8.97095	
2.81036	8.97095	
2.80975	8.97125	
2.81006	8.97034	
2.80975	8.97156	
2.81036	8.97186	
2.80975	8.97217	
2.80945	8.97064	
2.80945	8.97156	
2.81036	8.97308	
2.80975	8.97186	
2.80914	8.97125	
2.80975	8.97095	
2.80975	8.96942	
2.80945	8.97156	
2.80945	8.97095	
2.81036	8.97156	
2.81036	8.97095	
2.81006	8.97156	
2.81006	8.97308	
2.81036	8.97125	
2.80945	8.97034	
2.81006	8.97217	
2.80945	8.97156	
2.80975	8.97186	
2.81036	8.97095	
2.81036	8.97186	
2.81006	8.97095	
2.81006	8.97125	
2.80975	8.97125	
2.81067	8.97125	
2.81006	8.97156	
2.81067	8.97217	
2.81006	8.97156	
2.81036	8.97064	
2.81067	8.97247	
2.81006	8.97064	
2.81097	8.97125	
2.80975	8.97247	
2.81067	8.97125	
2.81006	8.97064	
2.81036	8.97125	
2.80975	8.97034	
2.81036	8.97156	
2.81067	8.97064	
2.81036	8.97034	
2.81036	8.97095	
2.81006	8.97156	
2.81036	8.97125	
2.81067	8.97064	
2.81036	8.97064	
2.81097	8.97217	
2.81036	8.97064	
2.81036	8.97064	
2.81006	8.97186	
2.81067	8.97156	
2.80975	8.97095	
2.81067	8.96973	
2.81036	8.97034	
2.81067	8.97095	
2.81036	8.97125	
2.81036	8.96942	
2.81067	8.97064	
2.81036	8.97217	
2.81036	8.97247	
2.80975	8.97156	
2.81006	8.97095	
2.81036	8.97217	
2.81036	8.97064	
2.81036	8.96912	
2.81097	8.97156	
2.81036	8.97156	
2.81036	8.97034	
2.81036	8.97034	
2.80975	8.96942	
2.80975	8.97125	
2.81036	8.97064	
2.81006	8.97064	
2.81036	8.97095	
2.81006	8.97064	
2.81036	8.97247	
2.81067	8.97156	
2.81036	8.96973	
2.81067	8.97156	
2.81006	8.97034	
2.81006	8.97034	
2.81006	8.97064	
2.81006	8.97095	
2.81006	8.97064	
2.80975	8.97064	
2.80945	8.97064	
2.81006	8.97156	
2.81006	8.97095	
2.80945	8.97125	
2.80945	8.97034	
2.80945	8.97064	
2.80945	8.97125	
2.80914	8.97095	
2.80914	8.97156	
2.80945	8.97095	
2.80884	8.97125	
2.80975	8.97064	
2.80884	8.97217	
2.80945	8.97095	
2.80884	8.97125	
2.80914	8.97186	
2.80945	8.97095	
2.80975	8.97095	
2.80945	8.97186	
2.80945	8.97034	
2.81006	8.97064	
2.80914	8.97278	
2.80945	8.97186	
2.80975	8.97095	
2.80975	8.97217	
2.81006	8.97186	
2.81006	8.97095	
2.81006	8.97156	
2.80975	8.97156	
2.81006	8.97034	
2.80975	8.97095	
2.80914	8.97095	
2.80914	8.97217	
2.80975	8.97095	
2.80945	8.97034	
2.80975	8.97217	
2.80975	8.97125	
2.80975	8.97034	
2.80975	8.97186	
2.80975	8.97095	
2.80975	8.96973	
2.81036	8.97156	
2.80945	8.97125	
2.80945	8.97095	
2.80975	8.97034	
2.80884	8.97156	
2.80914	8.97186	
2.80975	8.97095	
2.80945	8.97125	
2.80975	8.97247	
2.80914	8.97156	
2.80975	8.97125	
2.80975	8.97308	
2.80945	8.97186	
2.80945	8.97034	
2.80945	8.97217	
2.80884	8.97125	
2.80914	8.97125	
2.80975	8.97095	
2.80884	8.97156	
2.80914	8.97156	
2.80914	8.97095	
2.81006	8.97064	
2.80975	8.97156	
2.80914	8.97156	
2.80945	8.97125	
2.80945	8.97156	
2.80945	8.97217	
2.80975	8.97308	
2.80945	8.97156	
2.80914	8.97064	
2.80914	8.97247	
2.80975	8.97247	
2.80914	8.97003	
2.80945	8.97186	
2.80884	8.97125	
2.80945	8.97064	
2.80975	8.97156	
2.80975	8.97186	
2.80975	8.97156	
2.80914	8.97064	
2.80975	8.96973	
2.80975	8.97217	
2.80914	8.97125	
2.80945	8.97003	
2.80975	8.97186	
2.80945	8.97064	
2.80945	8.97064	
2.80914	8.97064	
2.80945	8.97095	
2.80884	8.97064	
2.80884	8.97186	
2.80914	8.97156	
2.80914	8.96942	
2.80853	8.97125	
2.80975	8.97095	
2.80884	8.97125	
2.80914	8.97156	
2.80914	8.97186	
2.80975	8.97186	
2.80914	8.97125	
2.80914	8.97064	
2.80975	8.97247	
2.80945	8.97156	
2.81006	8.97186	
2.80945	8.97247	
2.80945	8.97125	
2.80945	8.97064	
2.80945	8.97156	
2.80884	8.97186	
2.80975	8.97064	
2.80914	8.97095	
2.80884	8.97064	
2.80914	8.97125	
2.80975	8.97064	
2.80945	8.96973	
2.80945	8.97186	
2.81006	8.97156	
2.80945	8.97217	
2.80945	8.97186	
2.80945	8.97156	
2.80914	8.97247	
2.80975	8.97186	
2.80945	8.96973	
2.80914	8.97186	
2.80945	8.97064	
2.81006	8.97095	
2.80853	8.97125	
2.80945	8.97034	
2.80975	8.97186	
2.80945	8.97095	
2.80914	8.97064	
2.80945	8.97125	
2.80884	8.97125	
2.80914	8.97156	
2.80975	8.97186	
2.80975	8.97095	
2.80914	8.97278	
2.80975	8.97217	
2.80914	8.97095	
2.80914	8.97308	
2.80914	8.97217	
2.80945	8.96973	
2.80945	8.97095	
2.80945	8.97217	
2.80884	8.97064	
2.80853	8.97156	
2.80853	8.97095	
2.80823	8.97247	
2.80914	8.97156	
2.80975	8.97064	
2.80884	8.97217	
2.80914	8.97125	
2.80823	8.97003	
2.80853	8.97217	
2.80914	8.97186	
2.80914	8.97125	
2.80945	8.97156	
2.80914	8.97125	
2.80945	8.97217	
2.80853	8.97156	
2.80914	8.97186	
2.80914	8.97217	
2.80853	8.97125	
2.80884	8.97125	
2.80975	8.97247	
2.80914	8.97125	
2.80945	8.97064	
2.80945	8.97247	
2.80884	8.97186	
2.80945	8.97186	
2.80975	8.97247	
2.80914	8.97095	
2.80914	8.97125	
2.80945	8.97217	
2.80975	8.97095	
2.80914	8.97095	
2.81006	8.97125	
2.80945	8.97217	
2.80884	8.97095	
2.80945	8.97095	
2.80945	8.97095	
2.80914	8.97156	
2.80945	8.97125	
2.80945	8.97003	
2.80975	8.97125	
2.80914	8.97064	
2.80945	8.96973	
2.80945	8.97247	
2.80914	8.97064	
2.80945	8.97034	
2.80945	8.97125	
2.80945	8.97156	
2.80914	8.97095	
2.80914	8.97125	
2.80945	8.97095	
2.81006	8.97156	
2.80975	8.97156	
2.80945	8.97125	
2.80975	8.97125	
2.80945	8.97156	
2.80914	8.97125	
2.80975	8.97186	
2.80975	8.97125	
2.80914	8.97064	
2.80945	8.97064	
2.80914	8.97156	
2.80975	8.97125	
2.80945	8.97034	
2.80914	8.97125	
2.80914	8.97125	
2.80945	8.97125	
2.80945	8.97156	
2.81006	8.97125	
2.80945	8.97156	
2.80945	8.97095	
2.80884	8.97095	
2.80945	8.97034	
2.80975	8.97156	
2.80975	8.97095	
2.80884	8.96973	
2.80945	8.97125	
2.80945	8.97125	
2.80914	8.97003	
2.80945	8.97156	
2.80945	8.97156	
2.80975	8.97095	
2.80884	8.97247	
2.80914	8.97125	
2.80914	8.97003	
2.80914	8.97156	
2.80975	8.97156	
2.81006	8.97156	
2.80945	8.97125	
2.80945	8.97125	
2.80884	8.97156	
2.80975	8.97156	
2.80914	8.97064	
2.80884	8.97095	
2.80914	8.97125	
2.80945	8.97156	
2.80853	8.97095	
2.80945	8.97125	
2.80975	8.97064	
2.80945	8.97064	
2.80914	8.97064	
2.80853	8.97186	
2.80945	8.97034	
2.80975	8.97186	
2.80945	8.97125	
2.80975	8.97186	
2.80853	8.97217	
2.81006	8.97156	
2.80945	8.97186	
2.80975	8.97156	
2.80945	8.97064	
2.80945	8.97156	
2.80975	8.97095	
2.80945	8.97186	
2.81006	8.97034	
2.80914	8.97217	
2.80914	8.97064	
2.80945	8.97156	
2.80945	8.97064	
2.80945	8.97156	
2.80914	8.97064	
2.80914	8.97034	
2.80945	8.97308	
2.80884	8.97064	
2.80914	8.97156	
2.80945	8.97217	
2.80945	8.97186	
2.80975	8.97125	
2.80945	8.96973	
2.80914	8.97156	
2.80975	8.97125	
2.80945	8.97034	
2.80945	8.97125	
2.80945	8.97064	
2.80914	8.97095	
2.80945	8.97125	
2.80914	8.97095	
2.80914	8.96973	
2.80914	8.97217	
2.80945	8.97095	
2.80945	8.97003	
2.80914	8.97186	
2.80945	8.97064	
2.81006	8.97156	
2.80884	8.97156	
2.80975	8.97095	
2.80914	8.97156	
2.80914	8.97064	
2.80945	8.97247	
2.80975	8.97156	
2.80945	8.96973	
2.80914	8.97156	
2.80945	8.97186	
2.80914	8.97125	
2.80914	8.97308	
2.81006	8.97186	
2.80975	8.97186	
2.80945	8.97339	
2.80945	8.97156	
2.80945	8.97156	
2.80914	8.97186	
2.80884	8.97095	
2.81006	8.97034	
2.80884	8.97125	
2.80914	8.97064	
2.80914	8.97095	
2.80945	8.97217	
2.80945	8.97186	
2.81006	8.97217	
2.80884	8.97278	
2.80945	8.97217	
2.80945	8.97156	
2.80945	8.97217	
2.80914	8.97156	
2.80945	8.97125	
2.80975	8.97217	
2.80914	8.97125	
2.80884	8.97186	
2.81006	8.97156	
2.80945	8.97125	
2.80914	8.97095	
2.80945	8.97125	
2.80914	8.97095	
2.80914	8.97095	
2.80914	8.97217	
2.80975	8.97095	
2.80945	8.97125	
2.80975	8.97003	
2.80945	8.97186	
2.80945	8.97095	
2.80914	8.97034	
2.80975	8.97217	
2.80945	8.97064	
2.80914	8.97034	
2.80975	8.97186	
2.80914	8.97217	
2.80884	8.97034	
2.80945	8.97217	
2.80853	8.97186	
2.80945	8.97186	
2.80975	8.97064	
2.80914	8.97095	
2.80945	8.97003	
2.80945	8.97125	
2.80853	8.97034	
2.80914	8.97034	
2.80914	8.97186	
2.80945	8.97125	
2.80945	8.96973	
2.80975	8.97217	
2.81006	8.97125	
2.80975	8.97156	
2.80853	8.97095	
2.80975	8.97095	
2.80945	8.97247	
2.81036	8.97156	
2.81006	8.97095	
2.80975	8.97217	
2.81006	8.97186	
2.80975	8.97125	
2.81006	8.97125	
2.80975	8.97125	
2.80945	8.97217	
2.81006	8.97186	
2.80975	8.97156	
2.81036	8.97278	
2.81006	8.97186	
2.80975	8.97217	
2.81006	8.97247	
2.80975	8.97156	
2.80975	8.97125	
2.80975	8.97247	
2.80975	8.97125	
2.80975	8.97095	
2.81006	8.97125	
2.80945	8.97156	
2.80975	8.97003	
2.81006	8.96973	
2.81006	8.97156	
2.81006	8.97064	
2.80975	8.96912	
2.80975	8.97064	
2.80945	8.97064	
2.80975	8.97095	
2.80975	8.97217	
2.80945	8.97156	
2.81006	8.97095	
2.81036	8.97064	
2.81036	8.97125	
2.80945	8.97156	
2.81036	8.97095	
2.80914	8.97278	
2.80975	8.97125	
2.80975	8.97095	
2.81036	8.97278	
2.80975	8.97095	
2.81006	8.97156	
2.80975	8.97278	
2.80945	8.97125	
2.80975	8.97125	
2.80975	8.97278	
2.81006	8.97125	
2.81006	8.97034	
2.80975	8.97217	
2.80975	8.97156	
2.80975	8.97186	
2.80945	8.97156	
2.81006	8.97156	
2.80914	8.97156	
2.81006	8.97278	
2.80945	8.97125	
2.80975	8.97095	
2.80975	8.97186	
2.80975	8.97156	
2.81036	8.97125	
2.80914	8.97278	
2.81067	8.97125	
2.80975	8.97034	
2.80975	8.97156	
2.81006	8.97186	
2.80975	8.97217	
2.80975	8.97095	
2.80975	8.97156	
2.80975	8.97125	
2.80975	8.97034	
2.80975	8.97125	
2.81036	8.97125	
2.81036	8.97064	
2.80975	8.97156	
2.80945	8.97156	
2.80945	8.97064	
2.80975	8.97034	
2.80975	8.97125	
2.81006	8.97003	
2.80914	8.97064	
2.81006	8.97125	
2.80975	8.97064	
2.80914	8.97095	
2.80975	8.97156	
2.80975	8.97095	
2.80945	8.97156	
2.81006	8.97186	
2.80975	8.97034	
2.81006	8.96912	
2.80945	8.97064	
2.80975	8.97125	
2.80975	8.96912	
2.80914	8.97125	
2.81006	8.97095	
2.80975	8.96973	
2.81036	8.97156	
2.80975	8.97003	
2.81006	8.96973	
2.81036	8.97095	
2.80945	8.97064	
2.80914	8.97003	
2.81006	8.97125	
2.81006	8.97034	
2.81036	8.97003	
2.81006	8.97064	
2.80945	8.97156	
2.80945	8.97125	
2.81036	8.97003	
2.81036	8.97156	
2.80975	8.97186	
2.81006	8.97095	
2.80975	8.97095	
2.80975	8.97003	
2.80975	8.97186	
2.80945	8.97064	
2.80975	8.97003	
2.80975	8.97095	
2.80945	8.97156	
2.81006	8.96973	
2.80975	8.97095	
2.80975	8.97125	
2.80975	8.97125	
2.81006	8.97125	
2.80975	8.97064	
2.81036	8.97278	
2.80975	8.97125	
2.81036	8.97125	
2.81097	8.97156	
2.80945	8.97095	
2.81006	8.97064	
2.81067	8.97247	
2.80975	8.97034	
2.80975	8.97064	
2.81006	8.97186	
2.81006	8.97095	
2.81036	8.97034	
2.81036	8.97217	
2.81006	8.97156	
2.81006	8.97034	
2.81006	8.97217	
2.81006	8.97125	
2.81036	8.96973	
2.81006	8.97156	
2.81036	8.97064	
2.81067	8.97095	
2.81006	8.97278	
2.81036	8.97156	
2.81006	8.97064	
2.80975	8.97217	
2.81006	8.97125	
2.81006	8.97064	
2.81006	8.97156	
2.80975	8.97095	
2.81006	8.97125	
2.81067	8.97125	
2.81006	8.97064	
2.81036	8.97034	
2.81036	8.97034	
2.80975	8.97125	
2.81036	8.97064	
2.81036	8.97125	
2.81036	8.97186	
2.81097	8.97064	
2.80914	8.97217	
2.80975	8.97095	
2.81067	8.97034	
2.81006	8.97186	
2.81006	8.97064	
2.80975	8.97095	
2.80975	8.97003	
2.81036	8.97003	
2.81006	8.97003	
2.81036	8.97003	
2.81067	8.97034	
2.81036	8.97003	
2.80945	8.97095	
2.80945	8.97095	
2.81006	8.97034	
2.81036	8.97034	
2.81067	8.97003	
2.81036	8.97095	
2.81006	8.97125	
2.81006	8.97064	
2.81067	8.97095	
2.81006	8.97125	
2.80975	8.97064	
2.80975	8.97034	
2.81006	8.97156	
2.81006	8.97064	
2.81067	8.97095	
2.80975	8.97125	
2.81036	8.97064	
2.80945	8.97125	
2.81036	8.97125	
2.81036	8.97034	
2.81036	8.97034	
2.81097	8.97095	
2.81006	8.97064	
2.81036	8.97064	
2.80975	8.97034	
2.81067	8.97125	
2.81006	8.96973	
2.81006	8.96973	
2.81067	8.97095	
2.81036	8.97034	
2.81128	8.96851	
2.81097	8.97217	
2.81006	8.97064	
2.81036	8.96973	
2.81036	8.97095	
2.81067	8.97064	
2.81036	8.96942	
2.81006	8.96973	
2.81036	8.97064	
2.80975	8.97034	
2.81036	8.97095	
2.81067	8.97095	
2.80914	8.96912	
2.81006	8.97095	
2.81036	8.97034	
2.80945	8.97125	
2.80975	8.97034	
2.81067	8.96973	
2.81036	8.97064	
2.81006	8.96942	
2.81006	8.97003	
2.81036	8.97034	
2.80975	8.97064	
2.81006	8.97095	
2.81067	8.97034	
2.81006	8.97003	
2.81036	8.97186	
2.81036	8.96942	
2.80945	8.97064	
2.81067	8.97217	
2.81006	8.97064	
2.81036	8.97095	
2.81036	8.97217	
2.80975	8.97095	
2.81036	8.97064	
2.81067	8.97125	
2.81067	8.97064	
2.81067	8.97095	
2.81006	8.96973	
2.81006	8.97125	
2.81036	8.97125	
2.81036	8.96942	
2.81067	8.97156	
2.81036	8.97064	
2.81067	8.97125	
2.80975	8.97064	
2.81006	8.97095	
2.80945	8.97156	
2.81067	8.96881	
2.81067	8.97125	
2.81036	8.97064	
2.80945	8.97095	
2.81067	8.97186	
2.81006	8.97095	
2.81097	8.97034	
2.81006	8.97034	
2.81067	8.97034	
2.81067	8.97064	
2.81036	8.97003	
2.81036	8.97156	
2.80975	8.97095	
2.80975	8.97125	
2.80975	8.96973	
2.80975	8.97186	
2.81006	8.97186	
2.81067	8.97125	
2.80945	8.97247	
2.80975	8.97095	
2.81036	8.97034	
2.80975	8.97125	
2.81006	8.97095	
2.81006	8.97217	
2.80914	8.96973	
2.80975	8.97095	
2.81006	8.97095	
2.81006	8.97003	
2.80975	8.97095	
2.80975	8.97003	
2.80945	8.97003	
2.80975	8.97156	
2.80945	8.97064	
2.80945	8.97186	
2.80945	8.97247	
2.80914	8.97064	
2.80884	8.97247	
2.80975	8.97095	
2.81006	8.97125	
2.80975	8.97156	
2.81036	8.97156	
2.80975	8.97095	
2.80975	8.97186	
2.81036	8.97064	
2.81036	8.97186	
2.81036	8.97125	
2.80975	8.97064	
2.80945	8.97217	
2.80975	8.97156	
2.80945	8.97003	
2.81036	8.97278	
2.81036	8.97186	
2.81067	8.97125	
2.80975	8.97278	
2.80975	8.97064	
2.80945	8.97095	
2.81006	8.96973	
2.81006	8.97156	
2.81036	8.97186	
2.81006	8.97156	
2.81006	8.97156	
2.81036	8.97125	
2.80914	8.97186	
2.81006	8.97156	
2.81006	8.97125	
2.80975	8.97217	
2.81006	8.97125	
2.80914	8.97278	
2.80975	8.97125	
2.80975	8.97156	
2.80914	8.97186	
2.81006	8.97217	
2.80975	8.97095	
2.81006	8.97034	
2.80945	8.97156	
2.80853	8.97217	
2.80945	8.97064	
2.80975	8.97064	
2.80945	8.97217	
2.80914	8.97125	
2.80975	8.97125	
2.80945	8.97278	
2.81036	8.97156	
2.80945	8.97125	
2.80975	8.97156	
2.81006	8.97125	
2.80975	8.97095	
2.80975	8.97095	
2.81036	8.97095	
2.80945	8.97247	
2.81036	8.97186	
2.81036	8.97125	
2.80975	8.97156	
2.81036	8.97156	
2.81006	8.97125	
2.80975	8.96912	
2.81006	8.97186	
2.80975	8.97064	
2.81006	8.97217	
2.80945	8.97095	
2.80945	8.97278	
2.80945	8.97186	
2.80975	8.97064	
2.80945	8.97217	
2.80945	8.97125	
2.80945	8.97217	
2.80853	8.97003	
2.80975	8.97095	
2.80975	8.97156	
2.80945	8.97278	
2.80945	8.97034	
2.80945	8.97278	
2.80945	8.97217	
2.80914	8.97217	
2.80945	8.97278	
2.81006	8.97125	
2.80945	8.97125	
2.80975	8.97217	
2.80853	8.97156	
2.80914	8.97125	
2.80975	8.97095	
2.80945	8.97034	
2.80914	8.97308	
2.80945	8.97156	
2.80945	8.97125	
2.80945	8.97125	
2.80975	8.97125	
2.80914	8.97064	
2.81036	8.97095	
2.80975	8.97125	
2.80975	8.97278	
2.81006	8.97095	
2.80945	8.97095	
2.81006	8.97217	
2.81036	8.97064	
2.81036	8.97125	
2.81006	8.97095	
2.80975	8.97156	
2.80975	8.97003	
2.80945	8.97156	
2.80975	8.97125	
2.81006	8.97125	
2.80975	8.97156	
2.81006	8.97156	
2.80945	8.97339	
2.80975	8.97186	
2.80884	8.97064	
2.80914	8.97034	
2.80975	8.97125	
2.80975	8.97217	
2.81036	8.97186	
2.80975	8.97064	
2.81006	8.97217	
2.80975	8.97125	
2.81006	8.97156	
2.80945	8.97247	
2.81006	8.97186	
2.80945	8.97156	
2.80975	8.96912	
2.81036	8.97156	
2.80945	8.97156	
2.80975	8.97125	
2.81006	8.97125	
2.80975	8.97278	
2.80975	8.97125	
2.80975	8.97186	
2.81036	8.97278	
2.80975	8.97217	
2.80975	8.97186	
2.81036	8.97217	
2.81036	8.97095	
2.81006	8.97125	
2.80975	8.97095	
2.80975	8.97064	
2.80945	8.97156	
2.81006	8.97156	
2.81036	8.97034	
2.81006	8.97247	
2.81036	8.97064	
2.80914	8.97186	
2.80975	8.97186	
2.80945	8.97125	
2.80975	8.97156	
2.80975	8.97034	
2.81006	8.97247	
2.80945	8.97095	
2.81006	8.97247	
2.80975	8.97095	
2.81036	8.97125	
2.80975	8.97156	
2.81036	8.97034	
2.80945	8.97278	
2.80975	8.97156	
2.81067	8.97125	
2.80975	8.97095	
2.81006	8.97125	
2.80945	8.97125	
2.80975	8.97217	
2.80975	8.97125	
2.80945	8.97369	
2.81006	8.97156	
2.81006	8.97186	
2.81067	8.97217	
2.81006	8.97186	
2.81006	8.97064	
2.80945	8.96973	
2.80975	8.97186	
2.80945	8.97156	
2.80975	8.97217	
2.80975	8.97095	
2.80975	8.97247	
2.80975	8.97095	
2.80914	8.96942	
2.80975	8.97186	
2.80975	8.97095	
2.81036	8.97003	
2.80945	8.97156	
2.81036	8.97217	
2.81006	8.97064	
2.80975	8.97095	
2.80945	8.97095	
2.81036	8.97125	
2.80975	8.97125	
2.81036	8.97064	
2.81006	8.97095	
2.80945	8.97156	
2.80975	8.97064	
2.80975	8.97064	
2.80975	8.97064	
2.80975	8.97156	
2.81006	8.97156	
2.80914	8.97125	
2.80914	8.97217	
2.80975	8.97125	
2.81036	8.97125	
2.81006	8.96881	
2.81006	8.97064	
2.81006	8.97095	
2.81006	8.97125	
2.80945	8.96912	
2.81006	8.97125	
2.80945	8.97156	
2.80945	8.97186	
2.80975	8.97217	
2.80975	8.97095	
2.81006	8.97156	
2.80914	8.97064	
2.81006	8.97034	
2.81067	8.97064	
2.81006	8.97064	
2.81006	8.96973	
2.80945	8.97217	
2.81097	8.97186	
2.81006	8.97125	
2.80945	8.97125	
2.80945	8.97064	
2.81006	8.97034	
2.80975	8.96973	
2.81006	8.97095	
2.81036	8.97095	
2.81006	8.97064	
2.81067	8.97125	
2.81036	8.97156	
2.80975	8.97064	
2.81036	8.97156	
2.81006	8.96973	
2.81036	8.97095	
2.80975	8.97125	
2.81006	8.97186	
2.81036	8.97003	
2.81067	8.97247	
2.80975	8.97034	
2.80975	8.97064	
2.80975	8.97186	
2.81036	8.97186	
2.81036	8.97064	
2.81067	8.97095	
2.81097	8.97125	
2.81036	8.97095	
2.81006	8.97034	
2.80945	8.97003	
2.80975	8.97217	
2.80975	8.97125	
2.80975	8.97064	
2.81067	8.97217	
2.81006	8.97125	
2.81067	8.97034	
2.81006	8.96942	
2.81067	8.97186	
2.81036	8.97003	
2.81006	8.97095	
2.81006	8.96942	
2.81006	8.97156	
2.81036	8.97125	
2.81036	8.97095	
2.81067	8.96973	
2.81036	8.97095	
2.81036	8.97095	
2.81006	8.97095	
2.81036	8.97064	
2.81006	8.97125	
2.81036	8.97095	
2.81006	8.97064	
2.81036	8.96942	
2.81036	8.97064	
2.81067	8.97034	
2.81036	8.97003	
2.80975	8.96912	
2.81006	8.97247	
2.81036	8.97003	
2.81067	8.97003	
2.81006	8.96973	
2.81006	8.97064	
2.81006	8.97064	
2.81006	8.97003	
2.80975	8.97003	
2.80975	8.97217	
2.80975	8.97064	
2.81006	8.97034	
2.81036	8.97003	
2.80945	8.97003	
2.80975	8.97125	
2.81006	8.97034	
2.81006	8.97003	
2.81067	8.97156	
2.80945	8.97064	
2.81036	8.97095	
2.80975	8.96851	
2.81036	8.97034	
2.80975	8.97003	
2.81006	8.96912	
2.81036	8.97186	
2.81036	8.97003	
2.81006	8.97095	
2.81036	8.96973	
2.80975	8.97217	
2.81067	8.97064	
2.80975	8.97095	
2.81036	8.97064	
2.80945	8.97095	
2.81036	8.97064	
2.81067	8.97003	
2.81006	8.97034	
2.81006	8.97186	
2.81036	8.97034	
2.81006	8.97003	
2.81036	8.97034	
2.81036	8.97064	
2.81006	8.96973	
2.81006	8.97003	
2.81036	8.97095	
2.81006	8.97064	
2.81067	8.97095	
2.81036	8.97125	
2.81036	8.97034	
2.81006	8.97095	
2.81036	8.97095	
2.80975	8.97095	
2.81036	8.97095	
2.81067	8.97095	
2.81006	8.97186	
2.81036	8.97034	
2.81036	8.97186	
2.81067	8.97034	
2.81036	8.97003	
2.81036	8.97034	
2.81067	8.97034	
2.81006	8.97125	
2.81067	8.97064	
2.81006	8.97064	
2.81067	8.97156	
2.81006	8.97064	
2.81036	8.97003	
2.81067	8.96942	
2.80975	8.97125	
2.81006	8.97095	
2.81036	8.97095	
2.81097	8.97064	
2.81036	8.97095	
2.81036	8.97064	
2.81006	8.97003	
2.81036	8.97095	
2.81006	8.97003	
2.81067	8.97095	
2.81006	8.97095	
2.81036	8.97064	
2.81097	8.97156	
2.81006	8.97064	
2.81006	8.97064	
2.81036	8.96912	
2.81036	8.97095	
2.81036	8.96973	
2.81006	8.97034	
2.81067	8.97034	
2.81097	8.97186	
2.80975	8.97064	
2.80975	8.97064	
2.81067	8.96942	
2.81036	8.97125	
2.80975	8.97064	
2.81006	8.97034	
2.81067	8.96912	
2.81006	8.97156	
2.81036	8.97064	
2.81006	8.97003	
2.81006	8.97217	
2.80975	8.97156	
2.80975	8.97095	
2.81067	8.96973	
2.81006	8.97064	
2.81036	8.97064	
2.81036	8.97064	
2.81036	8.97064	
2.80975	8.97156	
2.81036	8.97125	
2.81036	8.97064	
2.80975	8.96912	
2.81036	8.97125	
2.81006	8.97095	
2.81067	8.97034	
2.81067	8.97034	
2.81036	8.97125	
2.80945	8.97003	
2.81006	8.97034	
2.81067	8.96912	
2.81067	8.97064	
2.81067	8.97064	
2.80975	8.97095	
2.81006	8.97095	
2.80975	8.97217	
2.81006	8.97095	
2.81006	8.97003	
2.80945	8.96912	
2.81067	8.97064	
2.81036	8.97034	
2.80975	8.97034	
2.81006	8.96881	
2.81006	8.97034	
2.81006	8.97064	
2.81097	8.96973	
2.81036	8.97003	
2.81006	8.97003	
2.81006	8.97003	
2.81067	8.97034	
2.81036	8.97003	
2.81067	8.97156	
2.81036	8.97064	
2.81036	8.97034	
2.81036	8.96942	
2.81006	8.97125	
2.81067	8.96973	
2.80975	8.97034	
2.80975	8.96973	
2.80975	8.97186	
2.80975	8.97064	
2.81006	8.97095	
2.81006	8.96973	
2.81036	8.97095	
2.81006	8.97095	
2.81006	8.97125	
2.81036	8.97034	
2.81036	8.97156	
2.81006	8.97095	
2.80975	8.97034	
2.81006	8.97095	
2.81006	8.97064	
2.81067	8.97156	
2.81006	8.97125	
2.81097	8.97064	
2.81128	8.96942	
2.81067	8.97034	
2.81128	8.97125	
2.81097	8.97034	
2.81067	8.97003	
2.81097	8.97064	
2.81128	8.97095	
2.81067	8.97095	
2.81097	8.97125	
2.81067	8.97064	
2.81036	8.97125	
2.81006	8.97095	
2.81036	8.97003	
2.81067	8.97186	
2.81097	8.96912	
2.81097	8.97125	
2.81036	8.97034	
2.81097	8.97034	
2.81128	8.96912	
2.81067	8.97095	
2.81006	8.97064	
2.81097	8.97095	
2.81036	8.97034	
2.81067	8.97186	
2.80975	8.97064	
2.81097	8.97156	
2.81097	8.97003	
2.81067	8.97125	
2.81036	8.97064	
2.81067	8.97125	
2.81097	8.97034	
2.81067	8.96973	
2.81036	8.97095	
2.81036	8.97125	
2.81067	8.97034	
2.81067	8.97034	
2.81097	8.97034	
2.81036	8.97186	
2.81067	8.96973	
2.81097	8.97034	
2.81067	8.96851	
2.81067	8.97186	
2.81036	8.97095	
2.81067	8.97064	
2.81067	8.96912	
2.81097	8.96942	
2.81097	8.97095	
2.81097	8.97125	
2.81067	8.97034	
2.81067	8.97125	
2.81128	8.97125	
2.81097	8.97003	
2.81036	8.96881	
2.81067	8.97034	
2.81036	8.96912	
2.81128	8.97125	
2.81067	8.96973	
2.81097	8.97186	
2.81067	8.97003	
2.81097	8.97034	
2.81097	8.96973	
2.81036	8.97125	
2.81036	8.97003	
2.81067	8.97064	
2.81067	8.97034	
2.81036	8.97186	
2.81067	8.97095	
2.81067	8.97003	
2.81036	8.97095	
2.81067	8.97034	
2.81097	8.97064	
2.81067	8.97156	
2.81067	8.96912	
2.81097	8.97186	
2.81036	8.97156	
2.81067	8.97064	
2.81067	8.97034	
2.81067	8.97064	
2.81067	8.97003	
2.81067	8.97156	
2.81067	8.96973	
2.81036	8.97125	
2.81067	8.97095	
2.81097	8.97064	
2.81067	8.97064	
2.81067	8.97034	
2.81006	8.97034	
2.81067	8.97095	
2.81036	8.97064	
2.81067	8.97156	
2.81097	8.97095	
2.81097	8.96942	
2.81097	8.97003	
2.81067	8.97064	
2.81097	8.97186	
2.81036	8.97095	
2.81097	8.97034	
2.80975	8.97064	
2.81067	8.97064	
2.81036	8.97217	
2.81067	8.97095	
2.81097	8.96912	
2.81128	8.96973	
2.81128	8.97095	
2.81036	8.97064	
2.81128	8.97095	
2.81097	8.97064	
2.81067	8.97156	
2.81067	8.97064	
2.81036	8.96973	
2.81097	8.96881	
2.81067	8.97034	
2.81128	8.97156	
2.81097	8.97156	
2.81036	8.97064	
2.81097	8.96912	
2.81128	8.96973	
2.81067	8.97186	
2.81128	8.97003	
2.81067	8.97003	
2.81067	8.96881	
2.81036	8.97034	
2.81067	8.97125	
2.81128	8.97095	
2.81067	8.96942	
2.81097	8.96912	
2.81097	8.96973	
2.81067	8.97064	
2.81128	8.97003	
2.81097	8.97034	
2.81128	8.97095	
2.81097	8.97095	
2.81158	8.97034	
2.81067	8.97034	
2.81067	8.96912	
2.81097	8.97156	
2.81158	8.97003	
2.81097	8.97003	
2.81067	8.96851	
2.81097	8.96973	
2.81067	8.97064	
2.81097	8.97003	
2.81189	8.97095	
2.81158	8.97125	
2.81128	8.97095	
2.81128	8.97034	
2.81097	8.97064	
2.81128	8.97064	
2.81067	8.97064	
2.81097	8.97064	
2.81128	8.97003	
2.81128	8.96973	
2.81128	8.96973	
2.81097	8.96881	
2.81158	8.97003	
2.81097	8.97156	
2.81097	8.97034	
2.81067	8.97003	
2.81097	8.97003	
2.81006	8.9682	
2.81128	8.97247	
2.81097	8.97095	
2.81128	8.96851	
2.81097	8.96881	
2.81128	8.96881	
2.81067	8.97095	
2.81067	8.97064	
2.81097	8.97034	
2.81097	8.96973	
2.81097	8.96912	
2.81067	8.97156	
2.81128	8.97003	
2.81097	8.96942	
2.81158	8.97125	
2.81067	8.97095	
2.81158	8.97125	
2.81097	8.97095	
2.81097	8.96973	
2.81128	8.97064	
2.81158	8.96942	
2.81128	8.97217	
2.81128	8.97095	
2.81097	8.97064	
2.81128	8.96912	
2.81067	8.96942	
2.81097	8.97156	
2.81067	8.97095	
2.81067	8.97034	
2.81067	8.96881	
2.81097	8.96973	
2.81097	8.97034	
2.81097	8.97034	
2.81128	8.97064	
2.81097	8.97064	
2.81036	8.97003	
2.81097	8.96973	
2.81097	8.97125	
2.81128	8.97003	
2.81067	8.97156	
2.81097	8.97064	
2.81097	8.97003	
2.81067	8.96851	
2.81067	8.97064	
2.81097	8.97064	
2.81128	8.97064	
2.81036	8.97064	
2.81128	8.97095	
2.81128	8.97034	
2.81128	8.96973	
2.81067	8.97034	
2.81097	8.96942	
2.81128	8.97156	
2.81067	8.96973	
2.81067	8.96973	
2.81097	8.97034	
2.81067	8.96881	
2.81128	8.97156	
2.81067	8.97064	
2.81067	8.96973	
2.81128	8.96912	
2.81097	8.96942	
2.81067	8.97125	
2.81128	8.97034	
2.81067	8.96973	
2.81097	8.96851	
2.81097	8.97034	
2.81097	8.96973	
2.81128	8.96973	
2.81128	8.97125	
2.81067	8.97034	
2.81036	8.97003	
2.81097	8.97003	
2.81097	8.97034	
2.81036	8.97003	
2.81067	8.97125	
2.81158	8.97034	
2.81067	8.97003	
2.81067	8.97064	
2.81036	8.97034	
2.81097	8.97125	
2.81097	8.97003	
2.81128	8.96973	
2.81128	8.96973	
2.81097	8.97034	
2.81067	8.97125	
2.81128	8.97125	
2.81158	8.96942	
2.81097	8.97034	
2.81067	8.96973	
2.81128	8.97217	
2.81067	8.97064	
2.81158	8.96942	
2.81067	8.96973	
2.81067	8.97003	
2.81097	8.97034	
2.81067	8.97064	
2.81067	8.96973	
2.81067	8.97034	
2.81036	8.97003	
2.81067	8.97125	
2.81097	8.97003	
2.81128	8.96973	
2.81067	8.96912	
2.81128	8.96912	
2.81128	8.97095	
2.81097	8.97064	
2.81158	8.97034	
2.81128	8.97034	
2.81128	8.96942	
2.81036	8.97064	
2.81036	8.97095	
2.81097	8.97034	
2.81067	8.96881	
2.81067	8.96912	
2.81097	8.97125	
2.81128	8.97034	
2.81067	8.96942	
2.81158	8.96912	
2.81128	8.97095	
2.81097	8.97034	
2.81128	8.97064	
2.81128	8.96973	
2.81097	8.9682	
2.81097	8.97064	
2.81128	8.97156	
2.81036	8.97064	
2.81128	8.97034	
2.81097	8.96881	
2.81067	8.97064	
2.81128	8.97095	
2.81097	8.97003	
2.81067	8.97034	
2.81097	8.97003	
2.81067	8.96973	
2.81067	8.97095	
2.81067	8.97034	
2.81128	8.96973	
2.81067	8.97034	
2.81097	8.96912	
2.81067	8.97156	
2.81158	8.97064	
2.81036	8.96912	
2.81128	8.96973	
2.81128	8.96881	
2.81006	8.97156	
2.81067	8.97034	
2.81067	8.96973	
2.81097	8.97003	
2.81097	8.96973	
2.81189	8.97156	
2.81036	8.97125	
2.81036	8.96942	
2.81036	8.97034	
2.81067	8.97064	
2.81128	8.97125	
2.81067	8.97003	
2.81097	8.97034	
2.81158	8.96912	
2.81097	8.97095	
2.81128	8.96942	
2.81097	8.97003	
2.81128	8.97034	
2.81097	8.97064	
2.81097	8.97095	
2.81128	8.97003	
2.81067	8.97064	
2.81128	8.97003	
2.81097	8.97217	
2.81067	8.97003	
2.81158	8.97003	
2.81036	8.96973	
2.81097	8.97064	
2.81128	8.97125	
2.81067	8.97034	
2.81158	8.97034	
2.81158	8.96912	
2.81067	8.97003	
2.81067	8.97095	
2.81128	8.97034	
2.81097	8.97034	
2.81128	8.97095	
2.81067	8.97003	
2.81036	8.97034	
2.81128	8.97034	
2.81097	8.97125	
2.81097	8.9682	
2.81067	8.97095	
2.81067	8.97125	
2.81128	8.97064	
2.81067	8.97003	
2.81036	8.97034	
2.81067	8.97095	
2.81128	8.96942	
2.81036	8.96973	
2.81097	8.97034	
2.81097	8.97003	
2.81036	8.96881	
2.81036	8.97125	
2.81097	8.97003	
2.81097	8.97003	
2.81128	8.97034	
2.81097	8.96942	
2.81097	8.97064	
2.81067	8.97064	
2.81189	8.97034	
2.81067	8.97034	
2.81128	8.97003	
2.81067	8.9682	
2.81128	8.97064	
2.81097	8.97003	
2.81097	8.96973	
2.81097	8.97003	
2.81067	8.97003	
2.81189	8.97003	
2.81128	8.97003	
2.81067	8.96942	
2.81128	8.96973	
2.81036	8.9679	
2.81097	8.97034	
2.81097	8.97156	
2.81128	8.97003	
2.81128	8.96973	
2.81097	8.97125	
2.81128	8.97034	
2.81128	8.97125	
2.81097	8.97064	
2.81067	8.97003	
2.81067	8.97034	
2.81189	8.97034	
2.81097	8.96759	
2.81097	8.96912	
2.81097	8.97095	
2.81097	8.96973	
2.81128	8.97003	
2.81067	8.97095	
2.81097	8.96942	
2.81067	8.97156	
2.81067	8.97034	
2.81097	8.96942	
2.81128	8.96942	
2.81067	8.97064	
2.81097	8.97064	
2.81036	8.97003	
2.81128	8.96973	
2.81067	8.97034	
2.81158	8.97003	
2.81189	8.96881	
2.81067	8.97125	
2.81158	8.97156	
2.81097	8.96973	
2.81128	8.97125	
2.81158	8.97125	
2.81128	8.97003	
2.81128	8.97095	
2.81097	8.97064	
2.81067	8.97034	
2.81128	8.97064	
2.81067	8.96973	
2.81097	8.97064	
2.81128	8.97034	
2.81128	8.97003	
2.81067	8.96912	
2.81128	8.96973	
2.81097	8.97186	
2.81067	8.97034	
2.81097	8.97095	
2.81097	8.97064	
2.81097	8.96881	
2.81128	8.97186	
2.81128	8.97034	
2.81097	8.97064	
2.81128	8.97095	
2.81067	8.97064	
2.81067	8.97064	
2.81036	8.97003	
2.81097	8.96942	
2.81067	8.96942	
2.81097	8.97034	
2.81097	8.97064	
2.81128	8.97003	
2.81158	8.96973	
2.81128	8.96851	
2.81189	8.97034	
2.81128	8.97156	
2.81158	8.97034	
2.81097	8.97095	
2.81158	8.9679	
2.81128	8.97064	
2.81097	8.97186	
2.81097	8.97034	
2.81097	8.96881	
2.81036	8.97064	
2.81128	8.96851	
2.81036	8.97064	
2.81097	8.97064	
2.81036	8.96973	
2.81097	8.97186	
2.81097	8.97034	
2.81189	8.97034	
2.81097	8.96912	
2.81128	8.97034	
2.81067	8.97156	
2.81097	8.97064	
2.81128	8.96942	
2.81097	8.97064	
2.81067	8.97034	
2.81097	8.97186	
2.81097	8.97034	
2.81036	8.97003	
2.81128	8.97064	
2.81158	8.97034	
2.81067	8.97095	
2.81097	8.97034	
2.81128	8.96973	
2.81067	8.97034	
2.81128	8.96912	
2.81128	8.96912	
2.81097	8.97125	
2.81097	8.97003	
2.81128	8.97003	
2.81006	8.96942	
2.81158	8.96973	
2.81128	8.97003	
2.81158	8.97156	
2.81097	8.97095	
2.81158	8.97034	
2.81067	8.96942	
2.81097	8.97064	
2.81128	8.97064	
2.81128	8.97064	
2.81097	8.96912	
2.81097	8.96881	
2.81067	8.96912	
2.81097	8.97156	
2.81158	8.97034	
2.81067	8.97003	
2.81128	8.97003	
2.81097	8.97003	
2.81128	8.96912	
2.81097	8.97125	
2.81128	8.97095	
2.81097	8.97064	
2.81097	8.97064	
2.81097	8.96912	
2.81097	8.96973	
2.81128	8.97186	
2.81128	8.97003	
2.81097	8.97034	
2.81097	8.97034	
2.81128	8.96881	
2.81067	8.97186	
2.81097	8.97003	
2.81128	8.97034	
2.81128	8.97034	
2.81158	8.96942	
2.81128	8.97064	
2.81128	8.97095	
2.81036	8.97003	
2.81097	8.97003	
2.81189	8.97095	
2.81097	8.97003	
2.81067	8.97003	
2.81128	8.97095	
2.81097	8.97003	
2.81067	8.97003	
2.81097	8.97064	
2.81128	8.97064	
2.81128	8.97064	
2.81128	8.97064	
2.81158	8.96942	
2.81097	8.97034	
2.81067	8.96973	
2.81067	8.97034	
2.81097	8.96973	
2.81097	8.97095	
2.81097	8.97125	
2.81097	8.96973	
2.81128	8.96973	
2.81067	8.97034	
2.81097	8.96912	
2.81097	8.97034	
2.81158	8.97186	
2.81067	8.96973	
2.81097	8.96942	
2.81097	8.97095	
2.81128	8.96912	
2.81097	8.97186	
2.81097	8.97003	
2.81097	8.96973	
2.81128	8.97064	
2.81067	8.97003	
2.81097	8.97095	
2.81128	8.97003	
2.81097	8.97003	
2.81128	8.97003	
2.81128	8.97064	
2.81158	8.97003	
2.81158	8.97064	
2.81128	8.97003	
2.81128	8.97034	
2.81189	8.97003	
2.81128	8.97064	
2.81097	8.96973	
2.81128	8.97064	
2.81128	8.97034	
2.81128	8.97003	
2.81158	8.9682	
2.81128	8.97003	
2.81128	8.97186	
2.81097	8.96973	
2.81189	8.97003	
2.81219	8.9682	
2.81128	8.97003	
2.81158	8.97095	
2.81158	8.97003	
2.81189	8.96942	
2.81189	8.96851	
2.81097	8.97064	
2.81219	8.97217	
2.81097	8.97003	
2.81128	8.97034	
2.81067	8.97064	
2.81158	8.97034	
2.81067	8.97125	
2.81189	8.97003	
2.81158	8.97003	
2.81097	8.97003	
2.81128	8.96942	
2.81097	8.96912	
2.81097	8.96942	
2.81128	8.97095	
2.81097	8.97034	
2.81097	8.97034	
2.81067	8.96912	
2.81128	8.96973	
2.81067	8.97095	
2.81158	8.97064	
2.81067	8.97095	
2.81158	8.96973	
2.81067	8.97125	
2.81097	8.96942	
2.81036	8.96973	
2.81097	8.97095	
2.81097	8.97095	
2.81067	8.97064	
2.81097	8.96942	
2.81067	8.97003	
2.81128	8.97034	
2.81128	8.97095	
2.81128	8.96973	
2.81097	8.96973	
2.81128	8.96973	
2.81128	8.96973	
2.81128	8.97034	
2.81067	8.97034	
2.81128	8.97003	
2.81158	8.97064	
2.81158	8.97003	
2.81097	8.97156	
2.81067	8.97095	
2.81128	8.97003	
2.81128	8.97064	
2.81158	8.96912	
2.81097	8.97156	
2.81128	8.97003	
2.81036	8.97034	
2.81128	8.96881	
2.81097	8.97003	
2.81097	8.97125	
2.81097	8.97064	
2.81097	8.97003	
2.81067	8.97125	
2.81097	8.97003	
2.81189	8.96851	
2.81189	8.97003	
2.81097	8.97125	
2.81158	8.96973	
2.81097	8.96973	
2.81128	8.97034	
2.81128	8.96851	
2.81097	8.97125	
2.81128	8.97095	
2.81128	8.96973	
2.81067	8.97034	
2.81158	8.97003	
2.81128	8.96973	
2.81067	8.97095	
2.81128	8.97003	
2.81067	8.97064	
2.81067	8.97064	
2.81097	8.97034	
2.81097	8.97064	
2.81067	8.97095	
2.81097	8.97034	
2.81128	8.97003	
2.81067	8.96942	
2.81097	8.9682	
2.81067	8.97156	
2.81128	8.97034	
2.81128	8.97034	
2.81128	8.97003	
2.81128	8.97003	
2.81097	8.96973	
2.81158	8.97064	
2.81189	8.97034	
2.81158	8.97064	
2.81128	8.97003	
2.81158	8.9679	
2.81128	8.97125	
2.81128	8.97064	
2.81036	8.97034	
2.81097	8.97064	
2.81128	8.96912	
2.81158	8.97003	
2.81128	8.97156	
2.81097	8.97064	
2.81097	8.97003	
2.81128	8.97034	
2.81158	8.97034	
2.81158	8.97064	
2.81158	8.97003	
2.81128	8.97064	
2.81189	8.97064	
2.81158	8.97003	
2.81158	8.96851	
2.81097	8.96942	
2.81128	8.97095	
2.81097	8.96973	
2.81158	8.97034	
2.81097	8.97034	
2.81128	8.97003	
2.81158	8.97095	
2.81097	8.9682	
2.81158	8.97095	
2.81219	8.97034	
2.81097	8.96973	
2.81128	8.96973	
2.81158	8.97003	
2.81158	8.96851	
2.81128	8.96942	
2.81189	8.97186	
2.81158	8.97003	
2.81067	8.97003	
2.81189	8.97034	
2.81189	8.97003	
2.81158	8.97064	
2.81128	8.97034	
2.81158	8.96942	
2.81219	8.97003	
2.81158	8.97003	
2.81128	8.96912	
2.81097	8.97095	
2.81128	8.97095	
2.81158	8.97034	
2.81158	8.96973	
2.81128	8.97034	
2.81097	8.96973	
2.81158	8.96912	
2.81189	8.97003	
2.81128	8.97156	
2.81128	8.97003	
2.81189	8.96973	
2.81067	8.96912	
2.81158	8.96973	
2.81128	8.97034	
2.81158	8.96973	
2.81158	8.96973	
2.81097	8.97064	
2.81158	8.97003	
2.81189	8.96973	
2.81097	8.96973	
2.81189	8.97003	
2.81189	8.96973	
2.81128	8.96973	
2.81128	8.97095	
2.81128	8.96973	
2.81158	8.97125	
2.81158	8.97064	
2.81128	8.97034	
2.81158	8.97003	
2.81158	8.97003	
2.81189	8.96973	
2.81158	8.96973	
2.81128	8.97156	
2.81158	8.96942	
2.81189	8.96912	
2.81128	8.96973	
2.81158	8.97034	
2.81128	8.96973	
2.81128	8.97034	
2.81158	8.96973	
2.81097	8.97003	
2.81128	8.97003	
2.81219	8.9682	
2.81067	8.96881	
2.81128	8.97095	
2.81097	8.96973	
2.81128	8.97003	
2.81158	8.96973	
2.81128	8.96912	
2.81128	8.97003	
2.81128	8.96973	
2.81128	8.97034	
2.81158	8.97034	
2.81128	8.96973	
2.81128	8.96942	
2.81097	8.97003	
2.81189	8.96973	
2.81128	8.97064	
2.81158	8.97095	
2.81189	8.97125	
2.81097	8.97003	
2.81128	8.96942	
2.81128	8.96881	
2.81189	8.97156	
2.81128	8.97034	
2.81158	8.97064	
2.81128	8.96973	
2.81158	8.97034	
2.81158	8.9682	
2.81158	8.96973	
2.81097	8.97064	
2.81158	8.96942	
2.81097	8.96973	
2.81128	8.96973	
2.81128	8.96942	
2.81097	8.97064	
2.81158	8.97003	
2.81067	8.97095	
2.81128	8.97064	
2.81097	8.97034	
2.81128	8.97095	
2.81128	8.97095	
2.81189	8.97064	
2.81158	8.97003	
2.81128	8.97064	
2.81067	8.97003	
2.81128	8.96912	
2.81128	8.97003	
2.81158	8.97003	
2.81097	8.97095	
2.81128	8.96973	
2.81189	8.96973	
2.81128	8.96881	
2.81158	8.96912	
2.81128	8.96851	
2.81189	8.96912	
2.81158	8.97156	
2.81158	8.97034	
2.81128	8.96912	
2.81097	8.96942	
2.81189	8.96851	
2.81097	8.96851	
2.81158	8.9679	
2.81097	8.97156	
2.81189	8.96973	
2.81128	8.96912	
2.81158	8.97034	
2.81128	8.97003	
2.81097	8.96912	
2.81189	8.96912	
2.81097	8.97125	
2.81158	8.96942	
2.81128	8.96942	
2.81158	8.96973	
2.81158	8.96912	
2.81128	8.96973	
2.81219	8.96973	
2.81067	8.97034	
2.81128	8.96942	
2.81158	8.96851	
2.81128	8.96942	
2.81189	8.96942	
2.81189	8.96912	
2.81097	8.97034	
2.81128	8.97095	
2.81097	8.97034	
2.81097	8.96881	
2.81097	8.97003	
2.81128	8.96973	
2.81097	8.97064	
2.81128	8.96942	
2.81097	8.96881	
2.81158	8.96973	
2.81158	8.96881	
2.81128	8.96851	
2.81158	8.96973	
2.81128	8.97064	
2.81189	8.96973	
2.81189	8.97034	
2.81128	8.96912	
2.81158	8.96912	
2.81128	8.96912	
2.81158	8.97003	
2.81189	8.97125	
2.81128	8.97003	
2.81189	8.97003	
2.81219	8.96973	
2.81189	8.96912	
2.81158	8.96881	
2.81128	8.96973	
2.81158	8.97125	
2.81189	8.96973	
2.81128	8.97003	
2.81097	8.96973	
2.81128	8.96942	
2.81097	8.9682	
2.81097	8.96851	
2.81158	8.97064	
2.81097	8.97034	
2.81128	8.96912	
2.81189	8.96973	
2.81128	8.96912	
2.81158	8.9682	
2.81128	8.96942	
2.81097	8.97064	
2.81158	8.96973	
2.81128	8.96942	
2.81158	8.96942	
2.81128	8.97034	
2.81189	8.9679	
2.81158	8.96973	
2.81219	8.97003	
2.81189	8.96912	
2.81128	8.96851	
2.81158	8.97034	
2.81158	8.96942	
2.81158	8.96851	
2.81128	8.96851	
2.81128	8.97156	
2.81189	8.97003	
2.81189	8.96942	
2.81097	8.96942	
2.81097	8.96851	
2.81067	8.96973	
2.81189	8.97064	
2.81158	8.96942	
2.81158	8.96973	
2.81158	8.96881	
2.81189	8.96973	
2.81189	8.96942	
2.81158	8.96851	
2.81158	8.96881	
2.81158	8.97003	
2.81158	8.97003	
2.81158	8.96973	
2.81158	8.97003	
2.81097	8.96881	
2.81128	8.96881	
2.81128	8.96759	
2.81097	8.97064	
2.81189	8.96973	
2.81189	8.96942	
2.81189	8.96912	
2.81158	8.97003	
2.81097	8.96881	
2.81189	8.97034	
2.81128	8.96881	
2.81158	8.96973	
2.81128	8.96912	
2.81158	8.96851	
2.81158	8.96973	
2.81158	8.97064	
2.81158	8.96973	
2.81158	8.96942	
2.81189	8.96973	
2.81219	8.97034	
2.81189	8.9682	
2.81158	8.96912	
2.81158	8.97064	
2.81128	8.97003	
2.81158	8.97003	
2.81128	8.97003	
2.81097	8.96942	
2.81128	8.96881	
2.81097	8.96942	
2.81158	8.97034	
2.81158	8.96973	
2.81097	8.96912	
2.81189	8.96973	
2.81128	8.96973	
2.81189	8.97003	
2.81189	8.97125	
2.81189	8.97064	
2.81189	8.96912	
2.81219	8.96881	
2.81067	8.96942	
2.81128	8.96973	
2.81128	8.96851	
2.81158	8.96851	
2.81219	8.97156	
2.81128	8.97003	
2.81158	8.97003	
2.81189	8.96942	
2.81158	8.97003	
2.81128	8.96973	
2.81189	8.97064	
2.81097	8.97034	
2.81128	8.97003	
2.81128	8.96973	
2.81158	8.96881	
2.81189	8.96973	
2.81189	8.96973	
2.81128	8.96973	
2.81189	8.97125	
2.81189	8.96973	
2.81158	8.96942	
2.81158	8.96851	
2.81219	8.96973	
2.81219	8.96912	
2.81189	8.97003	
2.81158	8.9682	
2.81158	8.96759	
2.81158	8.97064	
2.81219	8.97064	
2.81189	8.96973	
2.81158	8.96973	
2.81158	8.96973	
2.81189	8.96942	
2.81219	8.96942	
2.81189	8.96973	
2.81158	8.96912	
2.81219	8.97064	
2.81128	8.96912	
2.81189	8.96973	
2.81158	8.96942	
2.81067	8.96942	
2.81158	8.96759	
2.81219	8.96912	
2.81189	8.97064	
2.8125	8.97003	
2.81128	8.96942	
2.81128	8.97064	
2.81158	8.96881	
2.81128	8.96912	
2.81219	8.97003	
2.81158	8.97064	
2.81189	8.97003	
2.81067	8.97003	
2.81219	8.97003	
2.81189	8.96942	
2.81158	8.97095	
2.81219	8.96912	
2.81189	8.97003	
2.81219	8.96973	
2.81158	8.97003	
2.81189	8.96912	
2.81189	8.96912	
2.81158	8.96973	
2.81219	8.96851	
2.81189	8.97003	
2.81158	8.9682	
2.81189	8.97003	
2.81219	8.96881	
2.81158	8.97064	
2.81189	8.96973	
2.81189	8.97003	
2.81158	8.96912	
2.81189	8.9682	
2.81158	8.97034	
2.81097	8.96973	
2.81158	8.97003	
2.81189	8.96912	
2.81189	8.96912	
2.81158	8.97034	
2.81189	8.96942	
2.81189	8.97003	
2.81158	8.97003	
2.81219	8.97034	
2.81219	8.96973	
2.81158	8.97003	
2.81189	8.97003	
2.81189	8.96942	
2.81158	8.97064	
2.81189	8.97003	
2.81189	8.97034	
2.81219	8.97034	
2.81189	8.96973	
2.81189	8.96851	
2.81219	8.96881	
2.81219	8.97156	
2.81097	8.97034	
2.81128	8.97003	
2.81158	8.97003	
2.81128	8.96942	
2.81097	8.96851	
2.81128	8.96881	
2.81128	8.96942	
2.81158	8.97034	
2.81097	8.97034	
2.81097	8.96973	
2.81128	8.96973	
2.81189	8.97034	
2.81189	8.97034	
2.81219	8.96912	
2.81158	8.96881	
2.81189	8.97095	
2.81158	8.97034	
2.81189	8.96973	
2.81097	8.96942	
2.81158	8.96912	
2.81128	8.97034	
2.81158	8.96973	
2.81158	8.97064	
2.81189	8.97003	
2.81158	8.96942	
2.81158	8.96973	
2.81189	8.96973	
2.81158	8.96973	
2.81189	8.97003	
2.81158	8.96973	
2.81219	8.97034	
2.81189	8.96881	
2.81189	8.9682	
2.81158	8.97095	
2.81189	8.97003	
2.81189	8.97034	
2.81158	8.97003	
2.8125	8.96973	
2.81128	8.96973	
2.81219	8.96912	
2.81158	8.96881	
2.81219	8.96912	
2.81189	8.96973	
2.81219	8.96881	
2.81158	8.97034	
2.81128	8.96973	
2.81158	8.97003	
2.81219	8.96973	
2.81158	8.96881	
2.81158	8.96851	
2.81189	8.96912	
2.81158	8.96973	
2.81158	8.96942	
2.81158	8.9679	
2.8125	8.96942	
2.81158	8.96942	
2.81189	8.96942	
2.81219	8.97125	
2.81281	8.97064	
2.81189	8.97003	
2.81189	8.96973	
2.81158	8.96912	
2.81219	8.97034	
2.81219	8.96942	
2.81128	8.9682	
2.81219	8.9682	
2.81158	8.97003	
2.81158	8.97034	
2.81189	8.97064	
2.81128	8.96973	
2.81097	8.96973	
2.81219	8.97003	
2.81158	8.96973	
2.81158	8.96881	
2.81128	8.97034	
2.81128	8.96942	
2.81158	8.97003	
2.81128	8.96851	
2.81067	8.97064	
2.81158	8.97034	
2.81189	8.96942	
2.81189	8.96973	
2.81097	8.97034	
2.81128	8.97003	
2.81158	8.96942	
2.81128	8.97003	
2.81158	8.9682	
2.81189	8.96759	
2.81158	8.97125	
2.81189	8.97064	
2.81097	8.97095	
2.81158	8.96973	
2.81158	8.96973	
2.81067	8.96881	
2.81158	8.9682	
2.81097	8.96973	
2.81158	8.96973	
2.81158	8.96851	
2.81189	8.96942	
2.81097	8.97095	
2.81067	8.97003	
2.81189	8.96912	
2.81097	8.97003	
2.81189	8.97003	
2.81158	8.96942	
2.81158	8.97064	
2.81189	8.96881	
2.81158	8.96881	
2.81158	8.97095	
2.81158	8.96912	
2.81158	8.96973	
2.81097	8.96942	
2.81128	8.96912	
2.81158	8.96912	
2.81097	8.96942	
2.81128	8.97003	
2.81097	8.96881	
2.81189	8.96881	
2.81189	8.96912	
2.81189	8.97125	
2.81158	8.97034	
2.81158	8.96912	
2.81219	8.97034	
2.81128	8.96912	
2.81219	8.96942	
2.81097	8.96912	
2.81097	8.9679	
2.81128	8.96881	
2.81128	8.97034	
2.8125	8.96973	
2.81219	8.97125	
2.81158	8.97064	
2.81158	8.96881	
2.81128	8.96973	
2.81158	8.96912	
2.81219	8.96973	
2.81189	8.97003	
2.8125	8.96759	
2.81128	8.9679	
2.81128	8.97095	
2.81219	8.97095	
2.81189	8.97034	
2.81219	8.96973	
2.81158	8.97003	
2.81158	8.96942	
2.81219	8.96881	
2.81189	8.97095	
2.81189	8.97003	
2.81189	8.97156	
2.81219	8.96973	
2.81158	8.96912	
2.81128	8.97003	
2.81067	8.97034	
2.81128	8.97034	
2.81219	8.96942	
2.81158	8.97034	
2.81158	8.96942	
2.81158	8.97125	
2.81097	8.97034	
2.81189	8.97003	
2.81219	8.97003	
2.81189	8.96851	
2.81158	8.96973	
2.8125	8.96942	
2.81158	8.97034	
2.81189	8.97003	
2.81158	8.96942	
2.81219	8.97034	
2.81219	8.97034	
2.81189	8.96973	
2.81219	8.96973	
2.81189	8.97003	
2.81158	8.96912	
2.81189	8.97003	
2.81189	8.96973	
2.81128	8.96851	
2.81158	8.96912	
2.81189	8.96973	
2.81219	8.97034	
2.81128	8.97034	
2.81158	8.96942	
2.81128	8.96942	
2.81189	8.97003	
2.81189	8.96942	
2.81128	8.96973	
2.81189	8.96942	
2.8125	8.96912	
2.81189	8.96881	
2.81158	8.97064	
2.81189	8.96912	
2.81219	8.97125	
2.81219	8.96973	
2.81128	8.97034	
2.81158	8.96973	
2.81189	8.97003	
2.81128	8.9679	
2.81189	8.96942	
2.81219	8.97034	
2.81158	8.97003	
2.81158	8.97034	
2.81158	8.96973	
2.81219	8.96942	
2.81158	8.96942	
2.81219	8.97003	
2.81189	8.97034	
2.81158	8.96973	
2.81158	8.96912	
2.81189	8.97003	
2.81189	8.97064	
2.81189	8.97034	
2.81189	8.97003	
2.81158	8.96942	
2.81219	8.97064	
2.81219	8.97034	
2.81128	8.97034	
2.81189	8.97339	
2.81128	8.96942	
2.81158	8.96942	
2.81189	8.96881	
2.81158	8.97095	
2.81189	8.96973	
2.81158	8.97125	
2.81158	8.97003	
2.81189	8.96973	
2.81128	8.97003	
2.81189	8.96912	
2.81219	8.97095	
2.81189	8.96912	
2.81128	8.96729	
2.81158	8.9682	
2.81158	8.97034	
2.81158	8.97034	
2.81158	8.97095	
2.81189	8.96973	
2.81128	8.96942	
2.81189	8.97034	
2.81189	8.97003	
2.81189	8.96942	
2.81189	8.96912	
2.81158	8.97003	
2.81219	8.96912	
2.81158	8.9679	
2.81189	8.96851	
2.81158	8.97125	
2.81158	8.97064	
2.81219	8.97095	
2.81219	8.96973	
2.81158	8.96912	
2.81189	8.97034	
2.81219	8.97003	
2.81219	8.97064	
2.81158	8.97003	
2.81189	8.96912	
2.81158	8.97034	
2.81219	8.97095	
2.81219	8.97064	
2.81189	8.97003	
2.81158	8.97034	
2.81219	8.96942	
2.81219	8.97003	
2.81189	8.96942	
2.81189	8.97034	
2.81158	8.96912	
2.81189	8.9682	
2.81189	8.96973	
2.81219	8.97064	
2.81219	8.97034	
2.81189	8.96973	
2.81189	8.96973	
2.81158	8.96973	
2.81128	8.97034	
2.81128	8.96973	
2.81189	8.97125	
2.81189	8.96942	
2.81219	8.9682	
2.81128	8.9679	
2.81158	8.97034	
2.81158	8.97003	
2.81128	8.97125	
2.81219	8.97064	
2.81189	8.97095	
2.81097	8.96973	
2.81158	8.96912	
2.81219	8.96912	
2.81158	8.96912	
2.81189	8.97034	
2.81189	8.96942	
2.81189	8.96912	
2.81158	8.96759	
2.81189	8.97125	
2.8125	8.97064	
2.81189	8.97095	
2.81128	8.97003	
2.8125	8.96973	
2.81189	8.96912	
2.81158	8.96973	
2.81158	8.96912	
2.81158	8.96881	
2.81158	8.97034	
2.81158	8.97064	
2.81189	8.96729	
2.8125	8.96942	
2.81158	8.96942	
2.81158	8.96942	
2.81189	8.97064	
2.81219	8.96912	
2.81219	8.97064	
2.8125	8.97034	
2.81189	8.96881	
2.81219	8.97064	
2.81189	8.96973	
2.81219	8.96973	
2.81158	8.96973	
2.81219	8.96973	
2.81219	8.96942	
2.81128	8.96851	
2.8125	8.97003	
2.81219	8.9682	
2.81158	8.96851	
2.81219	8.97064	
2.81158	8.97034	
2.81189	8.97064	
2.81097	8.96973	
2.81189	8.97095	
2.81189	8.97003	
2.81128	8.96973	
2.81158	8.96973	
2.81219	8.97003	
2.81219	8.97003	
2.81189	8.97095	
2.81219	8.96942	
2.81219	8.96973	
2.81189	8.9682	
2.81189	8.96881	
2.81189	8.97156	
2.81128	8.97095	
2.81219	8.97156	
2.81189	8.96973	
2.81219	8.96912	
2.81158	8.96973	
2.81158	8.96881	
2.81158	8.96912	
2.81158	8.97003	
2.81128	8.96729	
2.81158	8.97003	
2.81189	8.9682	
2.81128	8.96851	
2.81158	8.96973	
2.81219	8.96973	
2.81189	8.97064	
2.81219	8.97095	
2.81189	8.97064	
2.81158	8.97003	
2.81189	8.97003	
2.81128	8.96973	
2.81219	8.96973	
2.81128	8.97095	
2.81128	8.96881	
2.81158	8.96973	
2.81128	8.96851	
2.81097	8.96912	
2.81158	8.97034	
2.81158	8.96881	
2.81158	8.96881	
2.8125	8.97064	
2.81189	8.97034	
2.81189	8.97156	
2.81189	8.96973	
2.81219	8.97095	
2.81189	8.97003	
2.81158	8.97034	
2.81189	8.97003	
2.81219	8.96973	
2.81158	8.97003	
2.81189	8.96942	
2.81158	8.97003	
2.81219	8.96942	
2.81189	8.97003	
2.81158	8.96881	
2.81189	8.96881	
2.81189	8.96912	
2.81189	8.97064	
2.81219	8.96912	
2.81158	8.97095	
2.81219	8.97034	
2.81219	8.97095	
2.81158	8.96973	
2.81189	8.96973	
2.81189	8.97003	
2.81189	8.96973	
2.81158	8.97003	
2.81158	8.96973	
2.81189	8.96881	
2.81189	8.96881	
2.81189	8.96881	
2.81158	8.97034	
2.81128	8.97095	
2.81189	8.97095	
2.81158	8.97064	
2.81219	8.96973	
2.81219	8.96942	
2.81219	8.97003	
2.81219	8.96973	
2.81189	8.96942	
2.81189	8.96973	
2.81189	8.96851	
2.81158	8.96912	
2.81189	8.96942	
2.81219	8.97003	
2.81219	8.96729	
2.81189	8.96912	
2.81189	8.97095	
2.81158	8.97064	
2.81219	8.97064	
2.81158	8.97034	
2.81158	8.97095	
2.81189	8.97003	
2.81189	8.96973	
2.81158	8.96973	
2.81189	8.96973	
2.81097	8.96942	
2.81219	8.96912	
2.81158	8.97003	
2.81097	8.96942	
2.81158	8.96912	
2.81219	8.96973	
2.81189	8.96973	
2.81158	8.9682	
2.81158	8.9679	
2.81219	8.96973	
2.81189	8.97064	
2.81189	8.96912	
2.81158	8.97125	
2.81189	8.96973	
2.81219	8.97095	
2.81128	8.96942	
2.8125	8.97125	
2.81189	8.97034	
2.81128	8.97034	
2.81158	8.96973	
2.81158	8.96912	
2.81158	8.96973	
2.81219	8.96973	
2.81158	8.96942	
2.81189	8.9679	
2.81281	8.96973	
2.81158	8.96973	
2.81128	8.96942	
2.8125	8.96973	
2.81189	8.96851	
2.81128	8.97003	
2.81219	8.9682	
2.81189	8.96973	
2.81189	8.9682	
2.81158	8.96912	
2.81189	8.97064	
2.81128	8.96912	
2.81219	8.97034	
2.81219	8.96973	
2.81158	8.96973	
2.81219	8.96973	
2.81128	8.97095	
2.81158	8.97034	
2.81189	8.97125	
2.81189	8.97064	
2.81158	8.96881	
2.81128	8.97003	
2.81189	8.96881	
2.81189	8.97003	
2.81219	8.96942	
2.81189	8.97003	
2.81128	8.96973	
2.81189	8.97003	
2.81219	8.96912	
2.81219	8.97034	
2.81189	8.96942	
2.81128	8.96973	
2.81158	8.96942	
2.81158	8.9679	
2.81189	8.96912	
2.81158	8.96851	
2.81158	8.96942	
2.81219	8.9679	
2.81158	8.96912	
2.81158	8.9682	
2.81158	8.97064	
2.81128	8.96881	
2.81158	8.96851	
2.81189	8.9679	
2.81158	8.9679	
2.81219	8.96942	
2.81219	8.9682	
2.81189	8.97064	
2.81189	8.96759	
2.81189	8.96942	
2.81219	8.97003	
2.81189	8.97125	
2.81219	8.96973	
2.81219	8.97034	
2.81219	8.97003	
2.81189	8.96942	
2.81219	8.96973	
2.81189	8.96973	
2.81158	8.97064	
2.81189	8.96973	
2.81189	8.96973	
2.81128	8.96973	
2.81158	8.96973	
2.81158	8.96912	
2.81189	8.96942	
2.81128	8.96973	
2.8125	8.96942	
2.81219	8.97003	
2.81158	8.9682	
2.81189	8.97003	
2.81219	8.96881	
2.81158	8.96973	
2.81128	8.97003	
2.81219	8.96851	
2.8125	8.96973	
2.81158	8.96912	
2.81128	8.97095	
2.81158	8.97064	
2.81158	8.97156	
2.81189	8.96973	
2.81219	8.97095	
2.81219	8.96973	
2.81219	8.97064	
2.81158	8.96973	
2.81158	8.96973	
2.81219	8.97034	
2.81158	8.96973	
2.81219	8.96942	
2.81158	8.97003	
2.81219	8.96973	
2.81219	8.96912	
2.81189	8.97064	
2.81189	8.96973	
2.81158	8.96942	
2.81189	8.96912	
2.81189	8.97034	
2.8125	8.96912	
2.81097	8.96973	
2.81219	8.97003	
2.81128	8.97034	
2.81189	8.96912	
2.81128	8.96942	
2.81158	8.96973	
2.81158	8.97003	
2.81158	8.96973	
2.81097	8.96973	
2.81128	8.97003	
2.81158	8.96912	
2.81158	8.96973	
2.81189	8.96973	
2.81189	8.96973	
2.81128	8.96973	
2.81158	8.96973	
2.81189	8.97003	
2.81219	8.96973	
2.81158	8.96881	
2.81158	8.96851	
2.81128	8.96851	
2.81158	8.96881	
2.81158	8.96881	
2.81189	8.96912	
2.81219	8.9682	
2.81219	8.96942	
2.81189	8.97003	
2.81158	8.9679	
2.81158	8.96942	
2.81158	8.96851	
2.81219	8.97034	
2.81189	8.9679	
2.81128	8.97003	
2.81128	8.96851	
2.81189	8.97003	
2.81189	8.96912	
2.81219	8.97034	
2.81158	8.97003	
2.81158	8.97125	
2.8125	8.97034	
2.81189	8.97095	
2.81128	8.97003	
2.81158	8.97064	
2.81219	8.96942	
2.81189	8.97064	
2.81128	8.96912	
2.81189	8.96973	
2.81128	8.97064	
2.81189	8.96973	
2.81219	8.96942	
2.81189	8.96942	
2.81158	8.97003	
2.81219	8.97003	
2.81189	8.96942	
2.81189	8.97003	
2.81128	8.96942	
2.81189	8.96942	
2.81158	8.97034	
2.81219	8.96973	
2.81189	8.96973	
2.81189	8.97034	
2.81158	8.97034	
2.81219	8.96973	
2.81128	8.97034	
2.81189	8.96942	
2.81189	8.97003	
2.81158	8.97034	
2.81219	8.96942	
2.81219	8.97034	
2.81189	8.96851	
2.81158	8.96912	
2.81158	8.9682	
2.81128	8.9682	
2.81219	8.9679	
2.81158	8.97034	
2.81189	8.96881	
2.81219	8.9682	
2.8125	8.96942	
2.81189	8.96912	
2.81128	8.97064	
2.81189	8.96912	
2.81219	8.97125	
2.81189	8.96912	
2.81189	8.97186	
2.81189	8.97003	
2.81219	8.97125	
2.81219	8.97034	
2.81189	8.96942	
2.8125	8.96973	
2.81219	8.96942	
2.81219	8.97034	
2.81219	8.96881	
2.81158	8.96973	
2.81189	8.96881	
2.81219	8.97034	
2.81189	8.96973	
2.81128	8.97003	
2.81281	8.96973	
2.81189	8.96912	
2.81189	8.96973	
2.81158	8.9682	
2.81189	8.97034	
2.81189	8.96942	
2.81189	8.96973	
2.81189	8.97095	
2.81158	8.97064	
2.81189	8.96851	
2.81158	8.96942	
2.81128	8.96942	
2.81189	8.97034	
2.81128	8.96851	
2.81189	8.96973	
2.81219	8.96942	
2.8125	8.96973	
2.81189	8.9682	
2.81158	8.96973	
2.81097	8.96881	
2.81219	8.97034	
2.81189	8.96851	
2.81219	8.97003	
2.81158	8.9682	
2.81158	8.96912	
2.81189	8.96759	
2.81128	8.96881	
2.81158	8.96973	
2.81219	8.96881	
2.81158	8.97034	
2.81158	8.96973	
2.81189	8.97003	
2.81128	8.97003	
2.81189	8.97125	
2.81219	8.97003	
2.81158	8.97095	
2.81219	8.96881	
2.81219	8.97125	
2.81219	8.96942	
2.81189	8.97095	
2.81219	8.97003	
2.81219	8.97034	
2.81097	8.96973	
2.81189	8.97003	
2.81128	8.96942	
2.81158	8.96942	
2.81189	8.97034	
2.8125	8.96973	
2.81128	8.96912	
2.81189	8.96942	
2.81158	8.97064	
2.81189	8.97003	
2.8125	8.96973	
2.81158	8.97064	
2.81219	8.96973	
2.81158	8.97003	
2.81158	8.96759	
2.81158	8.97034	
2.81158	8.9682	
2.81189	8.96912	
2.81189	8.9679	
2.81189	8.97003	
2.81189	8.9682	
2.81219	8.96973	
2.81219	8.96851	
2.81189	8.96942	
2.81158	8.96912	
2.81189	8.96881	
2.81097	8.96912	
2.81189	8.96942	
2.81128	8.9679	
2.81189	8.96973	
2.81189	8.96912	
2.81189	8.96729	
2.81189	8.97064	
2.81219	8.96912	
2.81158	8.97003	
2.81219	8.96942	
2.81219	8.97064	
2.81189	8.96973	
2.81219	8.97095	
2.81219	8.96912	
2.81189	8.97095	
2.81189	8.96973	
2.81189	8.96912	
2.81189	8.97003	
2.81189	8.97034	
2.81219	8.96973	
2.81097	8.97125	
2.81219	8.97003	
2.81219	8.97034	
2.81189	8.96973	
2.81219	8.97034	
2.81219	8.96881	
2.81097	8.97003	
2.81158	8.96973	
2.81158	8.96973	
2.81189	8.96973	
2.81219	8.96912	
2.81189	8.96942	
2.8125	8.96881	
2.81158	8.96942	
2.8125	8.96942	
2.81128	8.96942	
2.81219	8.97034	
2.8125	8.96973	
2.81158	8.97034	
2.81128	8.96973	
2.81189	8.96973	
2.81189	8.96942	
2.81158	8.96912	
2.81158	8.96973	
2.81158	8.96881	
2.81189	8.96942	
2.8125	8.96973	
2.81219	8.97003	
2.81158	8.96912	
2.81219	8.97003	
2.81189	8.96942	
2.81189	8.96912	
2.81158	8.96942	
2.81189	8.97064	
2.81219	8.96851	
2.81189	8.96973	
2.81158	8.96942	
2.81219	8.96973	
2.81189	8.96942	
2.81158	8.96881	
2.81219	8.96973	
2.81158	8.97003	
2.81189	8.96912	
2.81158	8.97003	
2.81158	8.97003	
2.81189	8.96942	
2.81158	8.96912	
2.81158	8.97064	
2.81189	8.96973	
2.81219	8.96942	
2.81189	8.96912	
2.81189	8.9682	
2.81128	8.9679	
2.81158	8.97003	
2.81128	8.97003	
2.81219	8.9682	
2.81189	8.9682	
2.81189	8.97003	
2.81219	8.9679	
2.81189	8.97064	
2.81189	8.96942	
2.81219	8.97095	
2.81189	8.97034	
2.81158	8.97003	
2.81189	8.96881	
2.81219	8.97003	
2.81189	8.96942	
2.81219	8.97095	
2.81158	8.96973	
2.81189	8.97034	
2.81189	8.96973	
2.81189	8.97064	
2.81189	8.97095	
2.81189	8.97095	
2.81189	8.97064	
2.81219	8.96973	
2.81219	8.97003	
2.81128	8.96912	
2.81158	8.96942	
2.81189	8.96942	
2.81189	8.97003	
2.81219	8.96942	
2.81219	8.97125	
2.81219	8.96912	
2.81158	8.9682	
2.81189	8.96912	
2.81189	8.97003	
2.81158	8.96942	
2.81158	8.96942	
2.81189	8.96912	
2.81158	8.96912	
2.81189	8.97064	
2.81128	8.96729	
2.81158	8.97003	
2.81128	8.96942	
2.81189	8.97064	
2.81189	8.96912	
2.81158	8.97003	
2.81189	8.96851	
2.81158	8.97003	
2.81219	8.96851	
2.81219	8.9682	
2.81219	8.96881	
2.81189	8.97003	
2.81189	8.97095	
2.81189	8.97095	
2.81158	8.97034	
2.81158	8.96973	
2.81158	8.97003	
2.81158	8.97003	
2.8125	8.97034	
2.81158	8.97034	
2.81219	8.96881	
2.81189	8.96973	
2.81189	8.96942	
2.81219	8.97003	
2.81219	8.96973	
2.81128	8.96973	
2.81158	8.96973	
2.81158	8.96973	
2.81219	8.96881	
2.81219	8.97034	
2.81158	8.96912	
2.81189	8.96912	
2.81219	8.96912	
2.81128	8.96942	
2.81189	8.96942	
2.81158	8.96973	
2.81158	8.96881	
2.81189	8.96973	
2.81189	8.97064	
2.81219	8.97003	
2.81158	8.96942	
2.81189	8.96973	
2.81158	8.97034	
2.8125	8.97003	
2.81219	8.96973	
2.81128	8.96912	
2.81219	8.96973	
2.81219	8.96973	
2.81158	8.97034	
2.81189	8.97125	
2.81189	8.97003	
2.81158	8.97003	
2.81158	8.96973	
2.81189	8.96973	
2.81189	8.97034	
2.81158	8.97003	
2.81189	8.96942	
2.81189	8.96881	
2.81219	8.97034	
2.81189	8.96912	
2.81158	8.97034	
2.81189	8.97003	
2.8125	8.97125	
2.81189	8.96942	
2.81128	8.97064	
2.81158	8.97034	
2.81189	8.97186	
2.81158	8.97125	
2.81158	8.97064	
2.81219	8.96881	
2.81189	8.9682	
2.81189	8.96942	
2.81189	8.97034	
2.81189	8.96942	
2.81189	8.96973	
2.81189	8.96973	
2.81189	8.96912	
2.81128	8.96912	
2.81189	8.96912	
2.81219	8.96942	
2.81189	8.96973	
2.81189	8.97003	
2.81189	8.97064	
2.81158	8.96881	
2.81189	8.97064	
2.81158	8.96942	
2.81189	8.97003	
2.81158	8.96973	
2.81189	8.96942	
2.81219	8.96851	
2.81219	8.96973	
2.81097	8.97064	
2.81189	8.96881	
2.81189	8.97034	
2.81219	8.96942	
2.81189	8.97034	
2.8125	8.97034	
2.81189	8.97064	
2.81189	8.96973	
2.81189	8.97186	
2.81219	8.96973	
2.81128	8.97003	
2.81189	8.96973	
2.81219	8.96912	
2.81219	8.9679	
2.81128	8.9682	
2.81189	8.96912	
2.81189	8.96973	
2.81158	8.97034	
2.81158	8.97095	
2.81219	8.96912	
2.81219	8.97034	
2.81219	8.97003	
2.81158	8.97034	
2.81158	8.96942	
2.81189	8.97034	
2.8125	8.96973	
2.81158	8.97003	
2.81158	8.96912	
2.81219	8.96942	
2.81189	8.97034	
2.81189	8.96973	
2.81158	8.97003	
2.81128	8.97064	
2.8125	8.97156	
2.81158	8.97034	
2.81128	8.97156	
2.81219	8.96912	
2.81158	8.97034	
2.81158	8.96759	
2.81219	8.9679	
2.81189	8.96973	
2.81219	8.96759	
2.81158	8.96912	
2.81189	8.9682	
2.81189	8.96881	
2.81158	8.96881	
2.81189	8.97003	
2.81189	8.97003	
2.8125	8.96973	
2.81219	8.96942	
2.81158	8.9679	
2.8125	8.96942	
2.81219	8.97034	
2.8125	8.96973	
2.81219	8.97095	
2.81189	8.96973	
2.81189	8.97064	
2.81219	8.97003	
2.8125	8.97034	
2.81219	8.96912	
2.8125	8.96973	
2.81189	8.96912	
2.81189	8.96851	
2.81189	8.97034	
2.81158	8.96973	
2.81219	8.96973	
2.81281	8.97003	
2.81219	8.96912	
2.81189	8.96942	
2.81189	8.97003	
2.81219	8.97034	
2.81219	8.96973	
2.81219	8.96942	
2.8125	8.97034	
2.8125	8.96942	
2.81189	8.97095	
2.8125	8.97003	
2.81128	8.97095	
2.81189	8.96942	
2.81189	8.97095	
2.8125	8.96912	
2.81219	8.96973	
2.81281	8.96881	
2.81158	8.96881	
2.81189	8.96942	
2.8125	8.96851	
2.81219	8.96973	
2.81219	8.96973	
2.81219	8.96942	
2.81219	8.9682	
2.81189	8.97003	
2.81219	8.9679	
2.81189	8.96973	
2.81219	8.9679	
2.81219	8.96973	
2.81158	8.9682	
2.8125	8.97003	
2.81189	8.97003	
2.81189	8.96973	
2.81158	8.96973	
2.81158	8.97064	
2.81189	8.97003	
2.8125	8.96881	
2.81311	8.96973	
2.81189	8.96942	
2.8125	8.97034	
2.81219	8.96912	
2.81219	8.97003	
2.8125	8.97034	
2.81219	8.96942	
2.81189	8.97064	
2.81189	8.96973	
2.81219	8.97125	
2.81219	8.96881	
2.81311	8.97003	
2.81219	8.96942	
2.81281	8.97003	
2.81158	8.96942	
2.81219	8.96912	
2.81281	8.96942	
2.81281	8.9679	
2.81219	8.96942	
2.81158	8.9682	
2.81219	8.97003	
2.8125	8.96973	
2.8125	8.97003	
2.8125	8.97003	
2.81219	8.96912	
2.8125	8.96881	
2.8125	8.97003	
2.81189	8.96973	
2.81219	8.97186	
2.81219	8.97064	
2.81189	8.97125	
2.81189	8.96942	
2.81189	8.96912	
2.81219	8.96942	
2.81219	8.96881	
2.8125	8.96942	
2.81158	8.97064	
2.81189	8.97034	
2.81158	8.96912	
2.81219	8.97003	
2.81281	8.97003	
2.81189	8.96942	
2.81189	8.97003	
2.81219	8.97034	
2.81219	8.96942	
2.81219	8.97034	
2.8125	8.96912	
2.81219	8.96881	
2.81189	8.96942	
2.81219	8.96973	
2.81189	8.97003	
2.81219	8.97003	
2.8125	8.96942	
2.81219	8.97034	
2.8125	8.96942	
2.81219	8.97003	
2.81219	8.97095	
2.81158	8.96973	
2.8125	8.97156	
2.81219	8.96912	
2.81311	8.97003	
2.81281	8.9679	
2.81158	8.9679	
2.81219	8.97003	
2.81281	8.96973	
2.8125	8.96912	
2.81189	8.97003	
2.81189	8.96881	
2.8125	8.97034	
2.81219	8.96881	
2.81219	8.96942	
2.81219	8.97125	
2.8125	8.96973	
2.8125	8.97156	
2.81281	8.96973	
2.81158	8.97034	
2.81219	8.97003	
2.81189	8.97064	
2.81219	8.96973	
2.81219	8.9679	
2.81219	8.96912	
2.81219	8.96973	
2.81281	8.97064	
2.81219	8.96912	
2.81219	8.96942	
2.8125	8.96973	
2.81219	8.96942	
2.81219	8.96942	
2.81219	8.96973	
2.81189	8.96942	
2.81158	8.97125	
2.81281	8.97003	
2.81219	8.97156	
2.81281	8.97003	
2.81219	8.96912	
2.81189	8.96851	
2.8125	8.9682	
2.81219	8.96973	
2.8125	8.9682	
2.81219	8.96973	
2.8125	8.96851	
2.81158	8.97003	
2.81189	8.97064	
2.81158	8.97003	
2.81219	8.96973	
2.81158	8.96942	
2.81158	8.97064	
2.81219	8.97034	
2.81189	8.96912	
2.81219	8.96973	
2.81219	8.96912	
2.8125	8.97003	
2.81219	8.96973	
2.81189	8.97095	
2.81158	8.97003	
2.81189	8.96942	
2.8125	8.96851	
2.81281	8.9682	
2.8125	8.97003	
2.8125	8.96881	
2.8125	8.96973	
2.81219	8.96973	
2.81219	8.96942	
2.81219	8.97034	
2.81281	8.96881	
2.8125	8.96973	
2.81219	8.96973	
2.81189	8.96973	
2.81189	8.97003	
2.81281	8.97003	
2.8125	8.97064	
2.81189	8.97003	
2.8125	8.97003	
2.8125	8.97034	
2.81281	8.97064	
2.81097	8.96912	
2.81158	8.9682	
2.81219	8.96942	
2.81189	8.97003	
2.81219	8.96851	
2.81189	8.96973	
2.81158	8.96973	
2.81219	8.96942	
2.81158	8.96912	
2.81189	8.96973	
2.81158	8.96942	
2.81189	8.97034	
2.81189	8.96912	
2.81158	8.96973	
2.81189	8.97003	
2.81128	8.97003	
2.81128	8.97034	
2.81189	8.96973	
2.81158	8.97125	
2.81189	8.97034	
2.81189	8.97064	
2.81189	8.96851	
2.81189	8.97064	
2.8125	8.96973	
2.81189	8.9682	
2.8125	8.96942	
2.81219	8.96973	
2.8125	8.97034	
2.8125	8.97064	
2.81189	8.96942	
2.81189	8.97034	
2.81219	8.96973	
2.81158	8.96912	
2.81219	8.97095	
2.81189	8.96973	
2.81219	8.97095	
2.81158	8.97034	
2.81219	8.97034	
2.81189	8.96912	
2.81189	8.97003	
2.81189	8.96912	
2.81281	8.96851	
2.8125	8.96912	
2.81219	8.96973	
2.81219	8.96912	
2.81219	8.97034	
2.81281	8.96942	
2.81219	8.97034	
2.81219	8.97156	
2.81158	8.96973	
2.81158	8.97034	
2.8125	8.9682	
2.81219	8.96759	
2.81219	8.97003	
2.8125	8.96851	
2.8125	8.96851	
2.8125	8.96912	
2.81189	8.96851	
2.81219	8.97003	
2.81189	8.97095	
2.81219	8.96973	
2.81311	8.96942	
2.8125	8.96912	
2.81189	8.97095	
2.8125	8.96973	
2.8125	8.97125	
2.81311	8.96942	
2.81219	8.96942	
2.81219	8.97034	
2.8125	8.97034	
2.81189	8.96851	
2.81189	8.96973	
2.8125	8.96973	
2.8125	8.96973	
2.81158	8.96973	
2.81281	8.96973	
2.8125	8.97125	
2.81189	8.96973	
2.8125	8.97064	
2.81158	8.96912	
2.81281	8.96851	
2.81281	8.96973	
2.81189	8.96881	
2.8125	8.97003	
2.81219	8.96973	
2.81158	8.96973	
2.81189	8.97034	
2.81158	8.96973	
2.81219	8.97003	
2.81128	8.97156	
2.81189	8.96973	
2.8125	8.96912	
2.81189	8.96881	
2.8125	8.9682	
2.8125	8.96912	
2.8125	8.96912	
2.81219	8.96973	
2.81219	8.97003	
2.8125	8.96942	
2.81219	8.97003	
2.81189	8.97186	
2.81219	8.97003	
2.8125	8.97034	
2.81219	8.97003	
2.8125	8.96973	
2.81158	8.96973	
2.81281	8.97003	
2.81189	8.96942	
2.81189	8.96973	
2.8125	8.96973	
2.81311	8.97003	
2.8125	8.97156	
2.81219	8.96973	
2.81219	8.97095	
2.81281	8.9682	
2.81219	8.96759	
2.8125	8.96912	
2.8125	8.96973	
2.8125	8.96912	
2.81219	8.97034	
2.8125	8.96942	
2.81158	8.97064	
2.8125	8.97064	
2.81219	8.97003	
2.8125	8.96851	
2.81281	8.96942	
2.8125	8.96942	
2.81189	8.96942	
2.81189	8.97003	
2.81219	8.97003	
2.8125	8.97034	
2.81219	8.97095	
2.81281	8.96912	
2.81219	8.9679	
2.81189	8.96973	
2.81189	8.97125	
2.81189	8.96973	
2.81219	8.97003	
2.8125	8.97156	
2.81281	8.97034	
2.81219	8.96973	
2.8125	8.96881	
2.81219	8.96942	
2.8125	8.96912	
2.81219	8.96881	
2.81189	8.96881	
2.81219	8.97003	
2.8125	8.97156	
2.81219	8.97003	
2.8125	8.97034	
2.8125	8.96881	
2.81281	8.96851	
2.81281	8.96942	
2.81189	8.96942	
2.81281	8.97034	
2.81189	8.96942	
2.8125	8.97125	
2.81189	8.96942	
2.81281	8.97186	
2.81219	8.96912	
2.81189	8.97003	
2.81219	8.96912	
2.81219	8.97003	
2.81128	8.96912	
2.81219	8.97034	
2.81219	8.97034	
2.81219	8.96973	
2.81189	8.97034	
2.81281	8.96973	
2.81219	8.97064	
2.81219	8.96942	
2.81281	8.97003	
2.81281	8.96973	
2.81281	8.97034	
2.81219	8.97095	
2.81219	8.96881	
2.81189	8.9679	
2.81281	8.97003	
2.81281	8.96912	
2.81219	8.96973	
2.81189	8.96973	
2.81189	8.97064	
2.81219	8.97003	
2.8125	8.9682	
2.81189	8.96942	
2.81189	8.97034	
2.81219	8.96942	
2.81219	8.96973	
2.8125	8.97095	
2.81219	8.97003	
2.8125	8.97003	
2.81219	8.96973	
2.81158	8.96973	
2.8125	8.96973	
2.81189	8.97003	
2.81219	8.97034	
2.81219	8.97003	
2.81189	8.97095	
2.81219	8.9679	
2.81219	8.96851	
2.81219	8.96942	
2.81219	8.97003	
2.8125	8.96973	
2.8125	8.96973	
2.81158	8.96881	
2.81219	8.96942	
2.8125	8.97125	
2.81219	8.96973	
2.8125	8.96912	
2.81219	8.97003	
2.8125	8.96942	
2.81189	8.96881	
2.8125	8.96912	
2.81219	8.97095	
2.81158	8.97064	
2.8125	8.97003	
2.8125	8.96942	
2.8125	8.9682	
2.81189	8.96912	
2.81219	8.96912	
2.81219	8.96881	
2.8125	8.96973	
2.81189	8.97186	
2.81219	8.96973	
2.81219	8.96851	
2.81189	8.96973	
2.8125	8.97034	
2.81219	8.97003	
2.81219	8.96942	
2.81281	8.96942	
2.81311	8.97003	
2.81158	8.97095	
2.81219	8.97064	
2.81219	8.97064	
2.8125	8.9682	
2.81219	8.96851	
2.81189	8.96973	
2.8125	8.96973	
2.81189	8.96973	
2.81219	8.96973	
2.81219	8.97064	
2.81189	8.96973	
2.8125	8.96912	
2.81219	8.96973	
2.81219	8.96912	
2.8125	8.96942	
2.81219	8.96942	
2.81219	8.97064	
2.81189	8.96912	
2.81219	8.97125	
2.81219	8.9679	
2.81219	8.9682	
2.81189	8.96973	
2.81219	8.96942	
2.8125	8.97003	
2.81189	8.97003	
2.81281	8.97003	
2.81281	8.97003	
2.81189	8.97034	
2.81281	8.96942	
2.81189	8.96881	
2.81219	8.96912	
2.81219	8.96973	
2.81219	8.97003	
2.8125	8.96912	
2.8125	8.97125	
2.81189	8.97064	
2.81219	8.96973	
2.81219	8.96912	
2.81281	8.9682	
2.81219	8.97034	
2.81281	8.97003	
2.8125	8.96973	
2.81219	8.96912	
2.8125	8.96912	
2.81219	8.96973	
2.8125	8.97064	
2.81189	8.97034	
2.81219	8.97156	
2.81189	8.96912	
2.81219	8.97034	
2.8125	8.96942	
2.8125	8.9679	
2.81219	8.97003	
2.81281	8.97034	
2.81189	8.97003	
2.81219	8.96942	
2.8125	8.97003	
2.81219	8.97034	
2.81219	8.97095	
2.8125	8.97095	
2.81281	8.97034	
2.8125	8.96912	
2.81219	8.96851	
2.81281	8.96881	
2.81219	8.96973	
2.8125	8.96912	
2.81219	8.96973	
2.81219	8.97125	
2.81189	8.96942	
2.81219	8.96912	
2.8125	8.96942	
2.8125	8.97003	
2.81158	8.96912	
2.81219	8.96973	
2.81219	8.96912	
2.81219	8.96912	
2.81219	8.97125	
2.81189	8.97034	
2.81219	8.96881	
2.81219	8.97064	
2.81219	8.96942	
2.8125	8.97034	
2.81219	8.96912	
2.81219	8.96942	
2.81219	8.97095	
2.81189	8.97095	
2.81158	8.9682	
2.8125	8.9679	
2.81219	8.96973	
2.8125	8.97034	
2.81219	8.9679	
2.81281	8.96912	
2.81158	8.96973	
2.81189	8.96973	
2.81189	8.97003	
2.81158	8.96942	
2.81189	8.96851	
2.81189	8.96942	
2.81219	8.97003	
2.81219	8.96942	
2.81219	8.96942	
2.81219	8.97064	
2.81219	8.97034	
2.81189	8.97125	
2.81219	8.96881	
2.81189	8.9682	
2.81219	8.96942	
2.81189	8.96881	
2.8125	8.96912	
2.81158	8.96912	
2.81189	8.97064	
2.81219	8.97003	
2.81189	8.97064	
2.81158	8.97003	
2.81189	8.97064	
2.81128	8.9682	
2.81097	8.9682	
2.81219	8.96912	
2.81189	8.97034	
2.81158	8.97003	
2.81189	8.97003	
2.81189	8.97125	
2.8125	8.97003	
2.81189	8.97125	
2.81219	8.96973	
2.81158	8.96851	
2.81158	8.96973	
2.81189	8.96973	
2.81189	8.96942	
2.81189	8.97003	
2.81158	8.97064	
2.81189	8.97064	
2.81219	8.97095	
2.81189	8.9682	
2.81158	8.96942	
2.81128	8.96973	
2.81189	8.96912	
2.81219	8.96881	
2.81189	8.97034	
2.81189	8.96912	
2.81128	8.96973	
2.81158	8.97156	
2.81189	8.96912	
2.81158	8.97095	
2.81128	8.96881	
2.81219	8.96881	
2.8125	8.96973	
2.8125	8.97034	
2.81189	8.96912	
2.81158	8.96881	
2.81189	8.96973	
2.8125	8.96942	
2.8125	8.97064	
2.8125	8.97034	
2.81219	8.97064	
2.8125	8.96973	
2.81189	8.97095	
2.8125	8.96851	
2.81189	8.96912	
2.81158	8.96973	
2.81189	8.97003	
2.81219	8.96942	
2.81219	8.96973	
2.81189	8.96973	
2.81219	8.97003	
2.81219	8.97064	
2.81219	8.96942	
2.81219	8.97095	
2.81219	8.97034	
2.81189	8.96912	
2.81219	8.97003	
2.8125	8.96881	
2.81219	8.96973	
2.81189	8.96973	
2.81219	8.97003	
2.81158	8.97034	
2.81158	8.97095	
2.81158	8.96912	
2.81189	8.9682	
2.81189	8.96973	
2.81281	8.96973	
2.81158	8.96942	
2.81219	8.96973	
2.81158	8.97095	
2.81189	8.96973	
2.81219	8.96973	
2.81097	8.97003	
2.81128	8.96881	
2.81189	8.97003	
2.81219	8.97064	
2.81158	8.97034	
2.81097	8.97003	
2.81219	8.97003	
2.81219	8.97003	
2.81219	8.97186	
2.81189	8.96942	
2.81219	8.96942	
2.81128	8.96942	
2.81189	8.97003	
2.81158	8.96942	
2.81158	8.96942	
2.81189	8.96973	
2.81219	8.96973	
2.81189	8.97034	
2.81189	8.96973	
2.81189	8.96881	
2.81097	8.96912	
2.81189	8.96912	
2.81128	8.96912	
2.81128	8.96912	
2.81189	8.97003	
2.81128	8.97003	
2.81158	8.97125	
2.81219	8.97003	
2.81189	8.9682	
2.81219	8.96973	
2.81189	8.97003	
2.81097	8.97003	
2.81189	8.96973	
2.81189	8.96881	
2.81219	8.96942	
2.81158	8.97125	
2.81189	8.97034	
2.81097	8.97095	
2.81189	8.96973	
2.81219	8.9679	
2.81189	8.97003	
2.81219	8.96973	
2.81219	8.97003	
2.81189	8.96942	
2.81158	8.96973	
2.81189	8.97034	
2.81219	8.97156	
2.8125	8.96973	
2.81219	8.97003	
2.81128	8.96912	
2.81219	8.9682	
2.81219	8.96973	
2.81219	8.97003	
2.81189	8.96912	
2.81189	8.96973	
2.81189	8.96912	
2.81219	8.97064	
2.81189	8.97125	
2.81219	8.96851	
2.81219	8.9679	
2.81189	8.96912	
2.81128	8.96881	
2.81189	8.96973	
2.81158	8.96912	
2.81097	8.97003	
2.81158	8.96973	
2.81219	8.97064	
2.81189	8.96942	
2.81128	8.96912	
2.81158	8.96973	
2.81219	8.96973	
2.81189	8.96912	
2.81219	8.97003	
2.81189	8.97125	
2.81189	8.96973	
2.8125	8.96973	
2.81158	8.97064	
2.81219	8.97003	
2.81158	8.96973	
2.81158	8.97064	
2.81189	8.96912	
2.81189	8.97003	
2.81189	8.97125	
2.81189	8.96942	
2.81158	8.9679	
2.81128	8.97003	
2.81189	8.96912	
2.8125	8.96912	
2.81219	8.96912	
2.81158	8.97034	
2.81189	8.96973	
2.81219	8.97003	
2.81189	8.96973	
2.81097	8.97034	
2.81158	8.97003	
2.81158	8.97034	
2.81128	8.96912	
2.81158	8.96973	
2.81189	8.97095	
2.81158	8.96912	
2.81158	8.96973	
2.81219	8.96942	
2.81189	8.96881	
2.81158	8.96942	
2.81158	8.96973	
2.81219	8.97034	
2.81158	8.97064	
2.81189	8.96942	
2.81189	8.96973	
2.81128	8.96973	
2.81128	8.97003	
2.81128	8.97003	
2.81189	8.96912	
2.81219	8.96942	
2.8125	8.97095	
2.8125	8.9682	
2.81158	8.96759	
2.81219	8.96942	
2.81158	8.96973	
2.81158	8.96942	
2.8125	8.96912	
2.81219	8.97003	
2.8125	8.97034	
2.81158	8.97095	
2.81189	8.97003	
2.81189	8.97125	
2.81189	8.97003	
2.8125	8.9679	
2.8125	8.96973	
2.81219	8.97034	
2.81158	8.97003	
2.81158	8.97003	
2.81219	8.96912	
2.81281	8.96973	
2.81281	8.97064	
2.8125	8.97034	
2.81158	8.97064	
2.81158	8.97034	
2.81189	8.96973	
2.81189	8.96912	
2.81189	8.96729	
2.81189	8.96942	
2.81189	8.96912	
2.81158	8.96973	
2.81219	8.97003	
2.81097	8.96912	
2.81189	8.97003	
2.81158	8.97034	
2.81158	8.96942	
2.81158	8.97156	
2.81189	8.96973	
2.81189	8.97095	
2.81158	8.96851	
2.81128	8.96881	
2.8125	8.97034	
2.8125	8.97003	
2.81189	8.96973	
2.81219	8.97034	
2.81219	8.97064	
2.81219	8.97003	
2.81219	8.96973	
2.81189	8.96942	
2.81219	8.97003	
2.8125	8.96973	
2.81189	8.96942	
2.81219	8.97003	
2.81189	8.96973	
2.8125	8.97186	
2.81189	8.96973	
2.81281	8.96912	
2.8125	8.97003	
2.81158	8.97003	
2.81219	8.96973	
2.81189	8.96973	
2.81219	8.97095	
2.81219	8.97003	
2.8125	8.97064	
2.81219	8.9682	
2.8125	8.96881	
2.81189	8.97034	
2.81189	8.96942	
2.81189	8.96942	
2.81189	8.97003	
2.8125	8.97095	
2.8125	8.97003	
2.81219	8.96912	
2.81219	8.96912	
2.81219	8.96881	
2.81219	8.97034	
2.8125	8.96973	
2.81189	8.96851	
2.81219	8.97034	
2.8125	8.97034	
2.81158	8.96973	
2.8125	8.97064	
2.81219	8.97003	
2.81219	8.97034	
2.8125	8.96912	
2.81219	8.97064	
2.81219	8.97003	
2.81219	8.96942	
2.8125	8.97064	
2.81158	8.96759	
2.81189	8.9682	
2.81189	8.96973	
2.81189	8.97064	
2.81281	8.96881	
2.81281	8.97064	
2.81189	8.97095	
2.8125	8.97034	
2.81219	8.96942	
2.81158	8.97003	
2.81189	8.96973	
2.81281	8.96973	
2.81219	8.96942	
2.81189	8.97034	
2.8125	8.97003	
2.81219	8.97156	
2.81219	8.9682	
2.8125	8.9682	
2.81219	8.96942	
2.8125	8.96973	
2.81311	8.96912	
2.81219	8.97003	
2.81189	8.96973	
2.81219	8.96942	
2.81189	8.97003	
2.81219	8.96942	
2.81219	8.96881	
2.81281	8.97003	
2.81219	8.96942	
2.8125	8.96881	
2.81158	8.96973	
2.81219	8.97034	
2.81189	8.96942	
2.81219	8.97003	
2.81219	8.96851	
2.81189	8.97064	
2.81281	8.97003	
2.8125	8.97034	
2.81219	8.96942	
2.81219	8.97003	
2.81189	8.97095	
2.81219	8.96942	
2.81158	8.96881	
2.8125	8.97034	
2.81219	8.96973	
2.81189	8.96942	
2.81189	8.97003	
2.81189	8.96973	
2.81158	8.96973	
2.81158	8.97003	
2.81219	8.97034	
2.81158	8.96942	
2.81219	8.96973	
2.8125	8.97064	
2.8125	8.97003	
2.81219	8.97156	
2.81219	8.96973	
2.81219	8.96942	
2.8125	8.96881	
2.81189	8.96881	
2.81219	8.97003	
2.81219	8.96912	
2.8125	8.96942	
2.81219	8.96973	
2.81189	8.97064	
2.81219	8.97034	
2.8125	8.97034	
2.8125	8.96942	
2.81189	8.9682	
2.81219	8.96912	
2.8125	8.97003	
2.8125	8.96973	
2.81189	8.96973	
2.8125	8.97064	
2.81219	8.97034	
2.8125	8.97064	
2.81219	8.96881	
2.81281	8.96729	
2.81281	8.96973	
2.81219	8.96973	
2.81219	8.96912	
2.81219	8.96973	
2.81219	8.96973	
2.81219	8.96973	
2.81219	8.97125	
2.81189	8.96851	
2.81219	8.96881	
2.81219	8.97003	
2.81219	8.96912	
2.81219	8.96912	
2.81189	8.96942	
2.81219	8.97125	
2.8125	8.97003	
2.81219	8.96973	
2.81219	8.96973	
2.81189	8.97034	
2.81189	8.97003	
2.8125	8.96973	
2.81219	8.96912	
2.81219	8.96942	
2.81189	8.96973	
2.8125	8.96912	
2.81189	8.97034	
2.81189	8.9682	
2.81219	8.96729	
2.8125	8.96973	
2.8125	8.96973	
2.81219	8.96912	
2.81219	8.96973	
2.81219	8.97064	
2.81189	8.96973	
2.81219	8.96973	
2.81219	8.96973	
2.81219	8.97003	
2.81189	8.96973	
2.81189	8.96973	
2.8125	8.97003	
2.81189	8.96973	
2.81219	8.97095	
2.81189	8.9679	
2.81219	8.9679	
2.81219	8.96942	
2.81219	8.96942	
2.81219	8.97003	
2.81189	8.97034	
2.8125	8.97064	
2.8125	8.96881	
2.81189	8.96851	
2.81189	8.96912	
2.81189	8.96881	
2.81219	8.9682	
2.8125	8.96942	
2.81219	8.97064	
2.81281	8.96973	
2.81219	8.96881	
2.81128	8.97003	
2.8125	8.97003	
2.8125	8.97003	
2.81219	8.96881	
2.81158	8.97003	
2.81219	8.97003	
2.8125	8.97003	
2.81219	8.96881	
2.8125	8.96759	
2.81219	8.96942	
2.81219	8.96973	
2.81219	8.9679	
2.8125	8.96912	
2.81219	8.97064	
2.8125	8.97003	
2.81219	8.96973	
2.81281	8.96851	
2.81189	8.96912	
2.81219	8.96881	
2.81219	8.96973	
2.81281	8.96973	
2.81189	8.97064	
2.8125	8.97003	
2.8125	8.96912	
2.81189	8.96851	
2.81219	8.96912	
2.81219	8.96973	
2.81189	8.96881	
2.81219	8.97003	
2.81219	8.97064	
2.81219	8.96881	
2.81189	8.9682	
2.81219	8.96942	
2.81281	8.96851	
2.8125	8.97003	
2.81281	8.96942	
2.81219	8.96973	
2.81219	8.96912	
2.81219	8.97095	
2.8125	8.96912	
2.8125	8.96973	
2.81189	8.96912	
2.8125	8.97003	
2.81219	8.96881	
2.81219	8.96973	
2.81158	8.96912	
2.8125	8.96912	
2.81189	8.97003	
2.81189	8.97003	
2.81219	8.97064	
2.81219	8.96973	
2.81189	8.96942	
2.81158	8.97095	
2.81158	8.97003	
2.81158	8.97095	
2.81219	8.97003	
2.81219	8.96973	
2.8125	8.96912	
2.81189	8.96912	
2.8125	8.96912	
2.8125	8.97003	
2.8125	8.97125	
2.81219	8.97034	
2.81189	8.97003	
2.81189	8.97003	
2.81219	8.96973	
2.8125	8.96942	
2.8125	8.96912	
2.81219	8.97095	
2.81189	8.96973	
2.81219	8.96973	
2.81189	8.96973	
2.8125	8.96942	
2.81219	8.96942	
2.81158	8.96912	
2.81158	8.97034	
2.81219	8.97003	
2.8125	8.97034	
2.8125	8.96942	
2.81219	8.96881	
2.81189	8.96973	
2.81219	8.96942	
2.8125	8.97034	
2.81189	8.96973	
2.81219	8.97095	
2.81219	8.9679	
2.81189	8.96851	
2.81189	8.97064	
2.81219	8.97003	
2.81189	8.96942	
2.8125	8.96973	
2.81189	8.97064	
2.81311	8.9682	
2.8125	8.96851	
2.81189	8.96973	
2.81219	8.96912	
2.8125	8.96942	
2.8125	8.97095	
2.81219	8.96973	
2.81281	8.97003	
2.81189	8.97125	
2.81219	8.9682	
2.81219	8.9682	
2.81219	8.96973	
2.81219	8.97003	
2.81189	8.97003	
2.81219	8.97003	
2.81189	8.97064	
2.81189	8.97034	
2.81281	8.97003	
2.81281	8.97003	
2.81219	8.97095	
2.8125	8.96942	
2.8125	8.96973	
2.8125	8.9682	
2.81219	8.96942	
2.81219	8.97034	
2.81189	8.97034	
2.81219	8.96973	
2.81219	8.96973	
2.81219	8.97003	
2.8125	8.96881	
2.81219	8.96942	
2.81189	8.97034	
2.81219	8.97003	
2.81219	8.97064	
2.81219	8.96942	
2.81219	8.97003	
2.8125	8.96973	
2.81189	8.96973	
2.81219	8.96942	
2.8125	8.97034	
2.81219	8.97125	
2.81219	8.97034	
2.81128	8.97003	
2.81219	8.96942	
2.81219	8.96973	
2.8125	8.96973	
2.8125	8.96942	
2.8125	8.97095	
2.81219	8.96942	
2.81189	8.97034	
2.81219	8.97003	
2.81189	8.96942	
2.8125	8.96912	
2.81219	8.96973	
2.8125	8.97095	
2.81219	8.96851	
2.8125	8.96881	
2.81189	8.97034	
2.8125	8.96881	
2.8125	8.97064	
2.81219	8.96912	
2.81219	8.96881	
2.81219	8.96973	
2.81219	8.97064	
2.81219	8.96912	
2.81128	8.97003	
2.81219	8.97095	
2.81158	8.9679	
2.81219	8.97003	
2.81189	8.96973	
2.81219	8.96973	
2.81281	8.97095	
2.81219	8.96851	
2.81219	8.96759	
2.81189	8.96942	
2.8125	8.96973	
2.81189	8.96973	
2.81219	8.96973	
2.81219	8.97095	
2.81219	8.9682	
2.81189	8.96729	
2.81219	8.97064	
2.81189	8.97003	
2.81219	8.97034	
2.81189	8.96973	
2.8125	8.97156	
2.81219	8.96973	
2.81219	8.96759	
2.81219	8.97003	
2.81189	8.96912	
2.81158	8.97003	
2.81219	8.96881	
2.81219	8.97003	
2.81219	8.96973	
2.81281	8.97034	
2.81219	8.96881	
2.81219	8.97003	
2.81281	8.97125	
2.8125	8.96973	
2.81189	8.96759	
2.81219	8.96912	
2.81219	8.96973	
2.81158	8.96881	
2.81189	8.96912	
2.81219	8.97064	
2.81219	8.96912	
2.81189	8.96942	
2.81189	8.96881	
2.81219	8.96912	
2.8125	8.97156	
2.81189	8.97034	
2.8125	8.97034	
2.81281	8.96851	
2.81189	8.96973	
2.8125	8.97003	
2.8125	8.96973	
2.8125	8.97034	
2.8125	8.96973	
2.81219	8.96912	
2.81189	8.96912	
2.81281	8.97064	
2.81219	8.97003	
2.81281	8.96881	
2.81219	8.96729	
2.81189	8.97003	
2.8125	8.96942	
2.81219	8.96942	
2.81189	8.96973	
2.81281	8.96942	
2.81189	8.97003	
2.81189	8.97003	
2.81189	8.96973	
2.81219	8.96942	
2.8125	8.97003	
2.81189	8.97064	
2.81219	8.97003	
2.81219	8.96881	
2.81189	8.97095	
2.8125	8.96881	
2.81219	8.96942	
2.81219	8.97095	
2.81219	8.96973	
2.81189	8.9682	
2.81189	8.97095	
2.81219	8.97003	
2.81281	8.97034	
2.81281	8.97064	
2.81219	8.97034	
2.81219	8.97034	
2.81311	8.96942	
2.81219	8.96973	
2.81189	8.97003	
2.8125	8.97186	
2.81189	8.96973	
2.81189	8.96851	
2.81189	8.96973	
2.81219	8.97034	
2.8125	8.96881	
2.81219	8.96912	
2.8125	8.97156	
2.8125	8.96851	
2.81189	8.9682	
2.8125	8.96973	
2.81219	8.96973	
2.81219	8.97034	
2.81189	8.97064	
2.81219	8.97156	
2.8125	8.96912	
2.81158	8.97003	
2.81219	8.96912	
2.8125	8.96912	
2.81189	8.96973	
2.8125	8.97064	
2.81281	8.97064	
2.81219	8.96912	
2.8125	8.96851	
2.81219	8.96881	
2.8125	8.97034	
2.81189	8.96881	
2.8125	8.97003	
2.8125	8.97064	
2.81219	8.96973	
2.81219	8.97034	
2.81219	8.96973	
2.8125	8.96973	
2.8125	8.96942	
2.8125	8.96973	
2.81219	8.97034	
2.81219	8.96942	
2.81219	8.96973	
2.81158	8.97095	
2.81158	8.96942	
2.8125	8.9682	
2.81189	8.97034	
2.81219	8.97034	
2.81189	8.96912	
2.81189	8.97064	
2.81219	8.97125	
2.81219	8.97003	
2.81219	8.96881	
2.81281	8.97034	
2.81189	8.96973	
2.81281	8.97064	
2.81281	8.96881	
2.81219	8.9682	
2.81219	8.96912	
2.81158	8.96973	
2.81219	8.97034	
2.81219	8.97003	
2.81219	8.96881	
2.81281	8.96973	
2.81128	8.97003	
2.81219	8.96912	
2.81158	8.96973	
2.8125	8.96912	
2.81189	8.96942	
2.81219	8.97003	
2.81281	8.97003	
2.8125	8.97034	
2.81219	8.97125	
2.81219	8.9682	
2.81219	8.97034	
2.81219	8.96912	
2.8125	8.96973	
2.81219	8.97095	
2.81158	8.96881	
2.81189	8.96973	
2.81281	8.96942	
2.8125	8.97034	
2.81219	8.96942	
2.8125	8.97034	
2.81219	8.97003	
2.8125	8.96912	
2.81219	8.97034	
2.81189	8.96973	
2.81219	8.97034	
2.8125	8.97156	
2.81219	8.9679	
2.81219	8.96973	
2.81281	8.96973	
2.8125	8.97003	
2.81189	8.96973	
2.81219	8.97034	
2.81219	8.97034	
2.81189	8.97003	
2.81219	8.97003	
2.81219	8.96973	
2.81158	8.96942	
2.81219	8.97034	
2.8125	8.96942	
2.8125	8.97003	
2.8125	8.96912	
2.81189	8.96973	
2.81219	8.97125	
2.81189	8.96851	
2.81158	8.9682	
2.81219	8.96973	
2.81219	8.97003	
2.8125	8.97064	
2.8125	8.97064	
2.81281	8.9682	
2.81189	8.96973	
2.81219	8.96973	
2.81281	8.96973	
2.8125	8.97034	
2.81189	8.96942	
2.81189	8.96912	
2.81189	8.97003	
2.81219	8.96942	
2.8125	8.97064	
2.8125	8.97156	
2.81189	8.96942	
2.81189	8.96881	
2.81219	8.96973	
2.81189	8.96973	
2.81219	8.97156	
2.81219	8.96881	
2.81189	8.96851	
2.81158	8.96942	
2.8125	8.96973	
2.81219	8.97003	
2.8125	8.96973	
2.81281	8.9679	
2.81219	8.96973	
2.81219	8.96912	
2.81219	8.97125	
2.81281	8.97003	
2.81189	8.96881	
2.81219	8.97003	
2.81189	8.97034	
2.81219	8.97125	
2.81219	8.97003	
2.81189	8.96912	
2.81281	8.96973	
2.81219	8.97003	
2.81219	8.96973	
2.81189	8.96912	
2.81128	8.96881	
2.81189	8.96973	
2.81281	8.97003	
2.8125	8.97064	
2.81219	8.96851	
2.81189	8.97003	
2.81189	8.96881	
2.81281	8.96973	
2.81219	8.97064	
2.81189	8.96881	
2.81219	8.96912	
2.81219	8.96973	
2.81281	8.96973	
2.8125	8.97064	
2.8125	8.96912	
2.81219	8.96881	
2.81189	8.96881	
2.81219	8.96973	
2.8125	8.96942	
2.8125	8.97034	
2.81189	8.9679	
2.81219	8.97003	
2.81158	8.96942	
2.81219	8.97064	
2.8125	8.96912	
2.81189	8.9682	
2.81219	8.96942	
2.8125	8.96942	
2.81219	8.97095	
2.81219	8.96912	
2.81219	8.97034	
2.8125	8.96881	
2.81189	8.97034	
2.81158	8.97064	
2.81189	8.96973	
2.81311	8.96912	
2.81189	8.96942	
2.81219	8.96973	
2.81219	8.97064	
2.8125	8.96912	
2.81219	8.96759	
2.81219	8.96973	
2.81219	8.97095	
2.81219	8.97003	
2.81219	8.96912	
2.8125	8.9682	
2.81281	8.96881	
2.81219	8.96912	
2.8125	8.97125	
2.81219	8.96942	
2.81189	8.9679	
2.81219	8.96973	
2.81219	8.96942	
2.8125	8.97003	
2.81219	8.96881	
2.8125	8.9682	
2.8125	8.96973	
2.81189	8.97034	
2.81219	8.97125	
2.81219	8.96881	
2.81219	8.9682	
2.8125	8.96942	
2.81311	8.96912	
2.81189	8.97064	
2.8125	8.96881	
2.8125	8.96942	
2.81189	8.96973	
2.81281	8.96942	
2.81219	8.97125	
2.81219	8.96851	
2.81219	8.96851	
2.81219	8.97034	
2.81219	8.96973	
2.81219	8.97064	
2.81219	8.96881	
2.8125	8.9682	
2.81158	8.96942	
2.81219	8.96942	
2.81189	8.97034	
2.81189	8.96881	
2.81281	8.96759	
2.81219	8.96942	
2.81219	8.96973	
2.81219	8.97034	
2.81189	8.97064	
2.81219	8.96973	
2.8125	8.97003	
2.81158	8.96881	
2.81219	8.96973	
2.81219	8.97003	
2.81281	8.97034	
2.81219	8.97003	
2.81219	8.96759	
2.8125	8.97003	
2.81158	8.97003	
2.81189	8.97003	
2.8125	8.97003	
2.8125	8.96973	
2.81158	8.96942	
2.81219	8.96973	
2.81281	8.96973	
2.81189	8.97003	
2.81189	8.97034	
2.8125	8.97003	
2.81219	8.96973	
2.81219	8.96973	
2.81219	8.97034	
2.8125	8.97064	
2.8125	8.96912	
2.8125	8.96973	
2.81219	8.96912	
2.8125	8.97034	
2.81219	8.97034	
2.8125	8.96973	
2.81189	8.96973	
2.81219	8.97034	
2.81219	8.97034	
2.8125	8.96851	
2.81219	8.96912	
2.81219	8.96973	
2.81219	8.97125	
2.81219	8.96912	
2.81189	8.9679	
2.81219	8.96942	
2.81219	8.96973	
2.81219	8.97095	
2.81158	8.96973	
2.81219	8.96912	
2.81219	8.96851	
2.81219	8.96973	
2.81189	8.97095	
2.81158	8.96912	
2.81189	8.97003	
2.81189	8.96942	
2.8125	8.96973	
2.81219	8.96973	
2.81189	8.97064	
2.81219	8.96851	
2.81158	8.96973	
2.81219	8.97034	
2.81189	8.9679	
2.81189	8.96942	
2.81158	8.96942	
2.81219	8.97125	
2.81219	8.9682	
2.81219	8.96973	
2.8125	8.96942	
2.81219	8.97003	
2.8125	8.97125	
2.81219	8.96851	
2.81219	8.96973	
2.81281	8.97034	
2.8125	8.96912	
2.81158	8.9679	
2.81281	8.97003	
2.81219	8.96881	
2.81281	8.97095	
2.81281	8.96912	
2.8125	8.97064	
2.81189	8.96973	
2.8125	8.97034	
2.8125	8.97003	
2.81189	8.96912	
2.81219	8.96973	
2.81189	8.96973	
2.81281	8.96973	
2.81219	8.96729	
2.8125	8.96942	
2.81158	8.96942	
2.8125	8.97125	
2.81219	8.96942	
2.81219	8.9679	
2.8125	8.96912	
2.81219	8.96973	
2.81219	8.97003	
2.81219	8.96912	
2.81281	8.96942	
2.81219	8.96973	
2.8125	8.97034	
2.8125	8.96912	
2.81219	8.96973	
2.81219	8.96942	
2.81219	8.97125	
2.8125	8.96851	
2.81219	8.96881	
2.81219	8.96973	
2.8125	8.97003	
2.81189	8.97095	
2.8125	8.96912	
2.81158	8.97003	
2.81219	8.96881	
2.81219	8.96973	
2.81158	8.97064	
2.8125	8.96912	
2.8125	8.97003	
2.81219	8.96881	
2.81189	8.97034	
2.81281	8.96942	
2.81281	8.97034	
2.81219	8.96973	
2.81219	8.96973	
2.81189	8.97095	
2.81219	8.9679	
2.81189	8.96973	
2.81219	8.97003	
2.81281	8.97064	
2.8125	8.9682	
2.81281	8.97064	
2.81219	8.96973	
2.81219	8.97003	
2.81219	8.97064	
2.81219	8.9682	
2.81219	8.97034	
2.8125	8.97003	
2.81158	8.97003	
2.8125	8.9682	
2.81219	8.96973	
2.81219	8.96973	
2.8125	8.97034	
2.81281	8.9682	
2.8125	8.97003	
2.8125	8.96912	
2.81281	8.97003	
2.81189	8.96973	
2.8125	8.96942	
2.81281	8.96942	
2.81219	8.97125	
2.81281	8.96942	
2.81158	8.9682	
2.81219	8.96912	
2.81219	8.96973	
2.8125	8.97095	
2.8125	8.96942	
2.81189	8.96912	
2.81219	8.96973	
2.81189	8.96881	
2.8125	8.96973	
2.81219	8.97003	
2.8125	8.96942	
2.81219	8.97064	
2.81158	8.9682	
2.81219	8.97064	
2.81189	8.96942	
2.8125	8.96942	
2.81189	8.97034	
2.81189	8.97003	
2.8125	8.96973	
2.81219	8.97034	
2.8125	8.96973	
2.8125	8.96759	
2.8125	8.96973	
2.8125	8.97034	
2.8125	8.97095	
2.81219	8.96912	
2.81219	8.96881	
2.81219	8.96912	
2.81189	8.96973	
2.81219	8.97064	
2.8125	8.96912	
2.8125	8.97003	
2.8125	8.96881	
2.81219	8.97064	
2.8125	8.96851	
2.81219	8.96912	
2.81158	8.96942	
2.8125	8.97125	
2.8125	8.96851	
2.81219	8.96851	
2.81219	8.96912	
2.81158	8.97003	
2.81219	8.97034	
2.81189	8.96912	
2.81219	8.96973	
2.81219	8.96942	
2.8125	8.96973	
2.81189	8.97003	
2.8125	8.96912	
2.81219	8.97003	
2.81219	8.96942	
2.81281	8.96973	
2.81281	8.97095	
2.81219	8.97003	
2.81189	8.97034	
2.81219	8.96881	
2.81219	8.96942	
2.8125	8.97034	
2.8125	8.96973	
2.8125	8.96973	
2.81219	8.97003	
2.81219	8.96881	
2.8125	8.9679	
2.8125	8.96942	
2.81281	8.96973	
2.8125	8.97095	
2.81219	8.97003	
2.81189	8.97003	
2.8125	8.97064	
2.81219	8.96912	
2.8125	8.96973	
2.81189	8.96973	
2.81189	8.97034	
2.8125	8.96912	
2.81281	8.96942	
2.81219	8.97003	
2.8125	8.97064	
2.81189	8.9679	
2.81189	8.96942	
2.8125	8.97003	
2.81281	8.96973	
2.81189	8.96851	
2.81219	8.97064	
2.81281	8.97034	
2.81219	8.97095	
2.8125	8.9682	
2.81219	8.96973	
2.81189	8.96942	
2.81219	8.96973	
2.81219	8.9679	
2.8125	8.96973	
2.81189	8.97064	
2.8125	8.97095	
2.81189	8.96912	
2.81219	8.96973	
2.81189	8.97003	
2.8125	8.97095	
2.81219	8.9679	
2.8125	8.96881	
2.8125	8.96973	
2.81189	8.97156	
2.81219	8.96973	
2.81219	8.96973	
2.81219	8.96973	
2.81158	8.97034	
2.81281	8.96881	
2.81189	8.96942	
2.81219	8.97003	
2.81219	8.97095	
2.81219	8.96942	
2.8125	8.97034	
2.8125	8.97125	
2.81219	8.96912	
2.81219	8.97034	
2.81219	8.96942	
2.8125	8.97064	
2.81189	8.96851	
2.81219	8.96942	
2.81158	8.97034	
2.81219	8.96973	
2.81281	8.96973	
2.81219	8.97034	
2.81219	8.96973	
2.81219	8.96942	
2.81189	8.96881	
2.81281	8.97003	
2.81219	8.97034	
2.81219	8.97095	
2.81189	8.96942	
2.8125	8.96942	
2.81311	8.96912	
2.8125	8.97034	
2.81189	8.96973	
2.8125	8.96942	
2.8125	8.96973	
2.81219	8.97125	
2.81158	8.96698	
2.8125	8.96973	
2.8125	8.97003	
2.8125	8.97034	
2.81219	8.97064	
2.81281	8.96881	
2.81281	8.96973	
2.8125	8.96942	
2.81219	8.97003	
2.81219	8.96942	
2.8125	8.97217	
2.81219	8.96881	
2.81158	8.97003	
2.81281	8.96881	
2.8125	8.96942	
2.81219	8.97095	
2.81281	8.96973	
2.81219	8.97034	
2.81219	8.96973	
2.81219	8.97034	
2.81219	8.96881	
2.81219	8.96973	
2.81219	8.97034	
2.81219	8.97064	
2.81189	8.96851	
2.81219	8.96912	
2.81189	8.97003	
2.8125	8.97064	
2.8125	8.96851	
2.81219	8.97034	
2.81189	8.97003	
2.81219	8.97064	
2.8125	8.96881	
2.81219	8.97003	
2.8125	8.96881	
2.81219	8.97034	
2.81219	8.96973	
2.8125	8.96973	
2.8125	8.97003	
2.8125	8.97034	
2.81189	8.9682	
2.81281	8.97003	
2.81189	8.97034	
2.81189	8.97003	
2.81189	8.9682	
2.81219	8.96973	
2.81219	8.96973	
2.8125	8.97064	
2.81219	8.97034	
2.81189	8.96942	
2.81219	8.97095	
2.81281	8.96881	
2.81281	8.96942	
2.8125	8.96912	
2.81219	8.97034	
2.81189	8.96973	
2.81189	8.97034	
2.8125	8.97034	
2.81219	8.97095	
2.8125	8.96851	
2.81281	8.96973	
2.81219	8.96942	
2.81311	8.97003	
2.81219	8.96912	
2.8125	8.96881	
2.81219	8.97003	
2.81189	8.97186	
2.81219	8.97034	
2.81189	8.96973	
2.81219	8.96851	
2.81189	8.97003	
2.81128	8.96851	
2.8125	8.96942	
2.81281	8.97064	
2.81219	8.96973	
2.81219	8.96973	
2.81219	8.96881	
2.81219	8.97003	
2.81189	8.96881	
2.81189	8.96942	
2.81189	8.96912	
2.8125	8.96759	
2.81219	8.9679	
2.8125	8.96912	
2.81281	8.96942	
2.81219	8.97034	
2.8125	8.96912	
2.81219	8.97034	
2.81219	8.97095	
2.81219	8.97003	
2.81189	8.96912	
2.81219	8.97064	
2.81219	8.96851	
2.81158	8.97003	
2.81158	8.96912	
2.8125	8.96973	
2.8125	8.96759	
2.81219	8.96942	
2.81219	8.96973	
2.81189	8.97003	
2.8125	8.96973	
2.8125	8.97003	
2.81219	8.97003	
2.81189	8.96729	
2.8125	8.96973	
2.81219	8.96912	
2.8125	8.96912	
2.8125	8.96912	
2.81189	8.96973	
2.8125	8.97034	
2.81189	8.97034	
2.8125	8.96912	
2.81219	8.96912	
2.8125	8.97125	
2.81189	8.9679	
2.81219	8.96912	
2.81189	8.96912	
2.8125	8.97034	
2.8125	8.97064	
2.8125	8.96973	
2.81219	8.96973	
2.81219	8.96973	
2.81219	8.96851	
2.81189	8.96973	
2.81219	8.96881	
2.81219	8.97034	
2.81219	8.96912	
2.81189	8.96912	
2.8125	8.96942	
2.81219	8.97064	
2.8125	8.97034	
2.81219	8.96973	
2.81189	8.96973	
2.8125	8.97003	
2.81219	8.96851	
2.81189	8.96942	
2.81219	8.97034	
2.8125	8.9682	
2.8125	8.96942	
2.81158	8.97003	
2.8125	8.97064	
2.81189	8.96973	
2.81219	8.97034	
2.81219	8.96881	
2.81219	8.97034	
2.81281	8.96881	
2.8125	8.96973	
2.81281	8.97003	
2.81219	8.9679	
2.81219	8.96973	
2.81281	8.96912	
2.81158	8.97125	
2.81219	8.96942	
2.81189	8.97034	
2.81158	8.97034	
2.81219	8.96973	
2.81219	8.96973	
2.81189	8.97003	
2.8125	8.96851	
2.81219	8.96942	
2.81219	8.97095	
2.81189	8.9682	
2.8125	8.97003	
2.81219	8.96942	
2.81219	8.96973	
2.81219	8.96851	
2.8125	8.96973	
2.81189	8.96973	
2.81219	8.9682	
2.81189	8.96973	
2.81219	8.96973	
2.81219	8.97034	
2.81219	8.96912	
2.8125	8.97003	
2.8125	8.97156	
2.81189	8.96973	
2.81219	8.96973	
2.81219	8.97064	
2.81219	8.97003	
2.81219	8.9682	
2.81158	8.96973	
2.81219	8.97064	
2.81281	8.96912	
2.81189	8.97034	
2.81189	8.96973	
2.81158	8.97064	
2.81219	8.96973	
2.81219	8.97003	
2.81189	8.97064	
2.81219	8.96912	
2.8125	8.97064	
2.81219	8.96942	
2.81281	8.97064	
2.81219	8.96729	
2.8125	8.97003	
2.81189	8.97034	
2.81219	8.97156	
2.8125	8.96973	
2.8125	8.97003	
2.81219	8.97034	
2.81281	8.96912	
2.81189	8.97034	
2.81219	8.96973	
2.81189	8.97064	
2.8125	8.9682	
2.81219	8.97064	
2.8125	8.97003	
2.81158	8.96851	
2.81281	8.96973	
2.81219	8.96973	
2.81219	8.9679	
2.8125	8.96942	
2.81189	8.96973	
2.81219	8.97034	
2.8125	8.96942	
2.81189	8.97003	
2.81189	8.97064	
2.81219	8.97034	
2.8125	8.97003	
2.81219	8.97125	
2.81311	8.96973	
2.81189	8.97034	
2.81219	8.97064	
2.81219	8.96942	
2.81189	8.97003	
2.8125	8.97064	
2.81189	8.96942	
2.81189	8.97003	
2.81219	8.97064	
2.81219	8.96881	
2.81219	8.96912	
2.81219	8.96973	
2.8125	8.96851	
2.81189	8.96973	
2.8125	8.97034	
2.81219	8.96912	
2.81189	8.97034	
2.81281	8.97064	
2.81219	8.96973	
2.81219	8.97064	
2.81189	8.97003	
2.81219	8.96973	
2.81219	8.97125	
2.81189	8.96973	
2.81189	8.96973	
2.81189	8.96973	
2.81158	8.96973	
2.81189	8.97034	
2.81281	8.96881	
2.81281	8.97003	
2.81189	8.97034	
2.81219	8.9679	
2.81281	8.96942	
2.81281	8.97034	
2.8125	8.96881	
2.81219	8.96912	
2.81219	8.97034	
2.81189	8.96973	
2.81158	8.96942	
2.81219	8.97003	
2.81219	8.96973	
2.81158	8.96973	
2.8125	8.97034	
2.8125	8.97095	
2.8125	8.96942	
2.81219	8.97003	
2.81219	8.97003	
2.8125	8.96851	
2.8125	8.96912	
2.81219	8.97034	
2.81189	8.96881	
2.8125	8.96973	
2.81189	8.96881	
2.81219	8.96942	
2.81189	8.96973	
2.81158	8.97003	
2.81158	8.97034	
2.81189	8.96942	
2.81219	8.97034	
2.81281	8.96973	
2.81189	8.96973	
2.81219	8.97095	
2.81219	8.96973	
2.8125	8.96912	
2.81189	8.97064	
2.8125	8.9682	
2.81219	8.97003	
2.81219	8.96912	
2.8125	8.97003	
2.81219	8.97064	
2.81219	8.97003	
2.81219	8.96973	
2.8125	8.9682	
2.8125	8.96912	
2.81219	8.97064	
2.81158	8.97034	
2.81281	8.96912	
2.81219	8.96973	
2.81189	8.96942	
2.81281	8.96851	
2.81219	8.97034	
2.81189	8.97095	
2.81281	8.96881	
2.81219	8.96942	
2.8125	8.96881	
2.81219	8.96698	
2.81189	8.97064	
2.81189	8.96942	
2.81219	8.96942	
2.81189	8.9682	
2.81189	8.96912	
2.81219	8.97003	
2.81219	8.97064	
2.8125	8.97003	
2.81219	8.96973	
2.81219	8.97064	
2.8125	8.96912	
2.81189	8.97003	
2.81158	8.97003	
2.81219	8.9679	
2.81189	8.96942	
2.8125	8.97034	
2.81219	8.9679	
2.81281	8.97003	
2.81281	8.96942	
2.81189	8.97064	
2.8125	8.9679	
2.8125	8.96912	
2.81219	8.97308	
2.8125	8.9679	
2.8125	8.96912	
2.81219	8.96942	
2.81219	8.97064	
2.81219	8.97003	
2.81219	8.96942	
2.8125	8.97095	
2.81189	8.97003	
2.8125	8.9682	
2.81219	8.97156	
2.81281	8.96851	
2.81189	8.97003	
2.8125	8.96942	
2.81219	8.96942	
2.81281	8.96729	
2.81219	8.97003	
2.81158	8.96942	
2.81158	8.96912	
2.81281	8.97003	
2.81128	8.96881	
2.81219	8.97064	
2.81219	8.96912	
2.8125	8.96942	
2.8125	8.96912	
2.81219	8.97003	
2.81281	8.9682	
2.8125	8.96942	
2.8125	8.97003	
2.81189	8.97003	
2.81219	8.97003	
2.81281	8.96973	
2.8125	8.97095	
2.81281	8.97034	
2.81189	8.96942	
2.8125	8.97125	
2.81281	8.9682	
2.8125	8.96912	
2.81281	8.96912	
2.81219	8.97003	
2.8125	8.97125	
2.81219	8.96942	
2.81219	8.97003	
2.81189	8.97034	
2.81189	8.96912	
2.81189	8.96973	
2.81158	8.96881	
2.81219	8.97003	
2.81219	8.96973	
2.8125	8.96973	
2.81281	8.97034	
2.81219	8.97034	
2.81219	8.97095	
2.81219	8.96973	
2.8125	8.97003	
2.81219	8.97003	
2.81219	8.96973	
2.81219	8.96912	
2.81219	8.97064	
2.81189	8.97034	
2.81281	8.96881	
2.8125	8.97003	
2.81158	8.96942	
2.81219	8.96973	
2.81219	8.97095	
2.8125	8.96881	
2.81189	8.96912	
2.81189	8.96973	
2.81189	8.96942	
2.81219	8.9682	
2.81219	8.96973	
2.8125	8.96912	
2.81219	8.9682	
2.8125	8.96912	
2.81219	8.96942	
2.8125	8.96881	
2.81189	8.96942	
2.81219	8.97034	
2.81219	8.96881	
2.81158	8.97034	
2.8125	8.96973	
2.81219	8.96881	
2.81219	8.97003	
2.81189	8.96973	
2.81219	8.96942	
2.8125	8.96973	
2.8125	8.96973	
2.81189	8.97125	
2.81219	8.97003	
2.8125	8.96973	
2.81189	8.97064	
2.81219	8.96942	
2.81189	8.97003	
2.81219	8.97003	
2.81219	8.97003	
2.8125	8.96881	
2.81189	8.96912	
2.8125	8.97003	
2.81219	8.96851	
2.8125	8.96912	
2.81219	8.97034	
2.81281	8.9679	
2.81281	8.96881	
2.81219	8.97034	
2.81281	8.96942	
2.81281	8.96973	
2.81158	8.96912	
2.81189	8.97156	
2.8125	8.96942	
2.81281	8.96973	
2.81189	8.97064	
2.81219	8.97034	
2.81281	8.97034	
2.8125	8.96973	
2.8125	8.96973	
2.81219	8.97003	
2.8125	8.96973	
2.81281	8.97034	
2.8125	8.9682	
2.8125	8.96942	
2.8125	8.96973	
2.81219	8.96881	
2.8125	8.97034	
2.81189	8.97003	
2.81219	8.97125	
2.81158	8.96912	
2.81219	8.96912	
2.81189	8.97095	
2.81189	8.9682	
2.81189	8.97003	
2.8125	8.97003	
2.81189	8.9682	
2.81281	8.96973	
2.8125	8.96942	
2.81189	8.97003	
2.81189	8.9682	
2.81219	8.96912	
2.8125	8.96973	
2.81219	8.96881	
2.81219	8.96912	
2.81219	8.97003	
2.81189	8.96942	
2.81219	8.96912	
2.81219	8.97003	
2.81219	8.96912	
2.81189	8.96942	
2.81189	8.97003	
2.81219	8.96942	
2.81189	8.97003	
2.81311	8.96973	
2.81128	8.97034	
2.8125	8.97034	
2.81219	8.96973	
2.81189	8.97003	
2.81219	8.96881	
2.81189	8.97003	
2.81219	8.97095	
2.8125	8.97003	
2.81281	8.97034	
2.81281	8.97095	
2.8125	8.97003	
2.81189	8.97003	
2.81189	8.97125	
2.81281	8.96851	
2.81189	8.97003	
2.81281	8.97125	
2.8125	8.96942	
2.8125	8.96973	
2.81219	8.97034	
2.81219	8.96973	
2.8125	8.96942	
2.81189	8.96912	
2.81189	8.9679	
2.81189	8.96942	
2.81219	8.97064	
2.81219	8.9682	
2.8125	8.96973	
2.81219	8.97034	
2.81219	8.96912	
2.8125	8.96942	
2.81189	8.96912	
2.8125	8.96912	
2.81219	8.97034	
2.81281	8.97003	
2.81219	8.96973	
2.81219	8.96973	
2.81219	8.96881	
2.8125	8.96942	
2.81219	8.97034	
2.8125	8.96973	
2.81219	8.97034	
2.81219	8.96729	
2.81189	8.97003	
2.81219	8.97064	
2.8125	8.96881	
2.81189	8.96881	
2.81158	8.97034	
2.81219	8.96912	
2.81219	8.96912	
2.81219	8.96973	
2.81189	8.96912	
2.81189	8.96973	
2.81281	8.96942	
2.8125	8.97064	
2.81219	8.96973	
2.81219	8.96942	
2.81219	8.97095	
2.81219	8.96881	
2.81219	8.97003	
2.81219	8.97095	
2.81219	8.96729	
2.81219	8.97003	
2.81219	8.96881	
2.8125	8.96881	
2.81219	8.97034	
2.81189	8.96942	
2.81189	8.96973	
2.8125	8.96881	
2.81189	8.96912	
2.81189	8.97003	
2.81219	8.96881	
2.81128	8.97003	
2.81158	8.97003	
2.81219	8.96973	
2.81219	8.97003	
2.81189	8.96973	
2.81189	8.96973	
2.81219	8.97003	
2.81281	8.97034	
2.81219	8.97064	
2.81219	8.96881	
2.81219	8.97064	
2.81219	8.97064	
2.81189	8.96881	
2.81219	8.97034	
2.81219	8.97064	
2.8125	8.97003	
2.81219	8.96942	
2.8125	8.97156	
2.81158	8.97003	
2.81219	8.97003	
2.81189	8.97156	
2.81219	8.96942	
2.8125	8.96851	
2.8125	8.97003	
2.81158	8.96973	
2.81219	8.96973	
2.81219	8.97125	
2.81219	8.96973	
2.81219	8.9682	
2.81189	8.97034	
2.81281	8.97003	
2.81189	8.96973	
2.81189	8.97003	
2.81219	8.9679	
2.81219	8.96912	
2.81219	8.97003	
2.8125	8.96973	
2.81219	8.96942	
2.81281	8.97003	
2.81158	8.96912	
2.8125	8.97003	
2.81281	8.97095	
2.81219	8.96973	
2.81281	8.97003	
2.81219	8.97186	
2.81219	8.96912	
2.81219	8.97003	
2.81219	8.97064	
2.81219	8.96942	
2.8125	8.97003	
2.81281	8.97003	
2.81189	8.9682	
2.81281	8.97003	
2.81219	8.97064	
2.8125	8.97003	
2.81311	8.97003	
2.8125	8.97095	
2.81189	8.96912	
2.81219	8.97034	
2.8125	8.97095	
2.81219	8.96942	
2.81219	8.97064	
2.81219	8.97034	
2.81281	8.96881	
2.8125	8.97003	
2.81219	8.96912	
2.81219	8.9682	
2.81219	8.97034	
2.81219	8.97034	
2.81158	8.96851	
2.81281	8.96973	
2.81219	8.97156	
2.81189	8.96942	
2.81219	8.96942	
2.81281	8.97156	
2.8125	8.97003	
2.81219	8.96942	
2.81281	8.97125	
2.81189	8.96881	
2.81158	8.97003	
2.81219	8.97186	
2.81219	8.97003	
2.81219	8.96942	
2.81189	8.97156	
2.81219	8.97003	
2.81189	8.96881	
2.81219	8.97125	
2.81158	8.96973	
2.81219	8.96973	
2.81189	8.97095	
2.81189	8.9682	
2.8125	8.97034	
2.81219	8.96973	
2.81219	8.97034	
2.81189	8.96942	
2.81189	8.97064	
2.81219	8.96851	
2.8125	8.97034	
2.8125	8.96942	
2.81281	8.96851	
2.81189	8.96973	
2.81189	8.96912	
2.81281	8.96942	
2.8125	8.96973	
2.81189	8.97003	
2.8125	8.9682	
2.81189	8.97003	
2.8125	8.97034	
2.81189	8.96942	
2.81219	8.97034	
2.81219	8.97156	
2.8125	8.97095	
2.81281	8.97003	
2.81219	8.97034	
2.8125	8.9682	
2.81219	8.97003	
2.81219	8.97064	
2.81189	8.96942	
2.81219	8.96942	
2.81158	8.97003	
2.8125	8.9679	
2.81219	8.96973	
2.81219	8.97034	
2.81189	8.9679	
2.81219	8.96942	
2.8125	8.97125	
2.8125	8.96851	
2.81281	8.96912	
2.81281	8.97156	
2.8125	8.9682	
2.8125	8.96942	
2.81189	8.97095	
2.8125	8.96881	
2.8125	8.96881	
2.8125	8.97034	
2.81158	8.96912	
2.81281	8.96881	
2.81219	8.97003	
2.8125	8.96973	
2.81219	8.96881	
2.8125	8.96942	
2.81158	8.96973	
2.8125	8.96881	
2.81128	8.97064	
2.8125	8.96851	
2.81219	8.97003	
2.81219	8.96942	
2.81219	8.96912	
2.81189	8.97003	
2.81219	8.96973	
2.81189	8.97003	
2.81281	8.96973	
2.81219	8.97003	
2.81219	8.96912	
2.81281	8.96973	
2.81311	8.96759	
2.8125	8.96942	
2.8125	8.96912	
2.81219	8.96942	
2.81219	8.96881	
2.81219	8.96881	
2.81219	8.97034	
2.81189	8.96912	
2.81281	8.96912	
2.81219	8.96973	
2.81281	8.97064	
2.81219	8.96881	
2.81219	8.96973	
2.81219	8.97064	
2.8125	8.96912	
2.81219	8.96942	
2.81219	8.96942	
2.8125	8.96851	
2.8125	8.96881	
2.81189	8.9679	
2.81219	8.96881	
2.81311	8.96881	
2.81219	8.96942	
2.81189	8.97034	
2.81189	8.96942	
2.81219	8.96973	
2.81311	8.96912	
2.8125	8.96973	
2.81189	8.97003	
2.8125	8.96881	
2.8125	8.97003	
2.81219	8.97034	
2.81311	8.96912	
2.81219	8.96973	
2.81219	8.97003	
2.8125	8.96942	
2.81219	8.96912	
2.81311	8.97003	
2.81219	8.96881	
2.81158	8.96942	
2.81219	8.97003	
2.81189	8.96881	
2.81219	8.96973	
2.8125	8.97003	
2.81281	8.96912	
2.81189	8.96942	
2.81158	8.97034	
2.81219	8.96973	
2.8125	8.96881	
2.81219	8.96912	
2.81219	8.96912	
2.81219	8.96942	
2.81219	8.97034	
2.81311	8.96881	
2.8125	8.96973	
2.81219	8.97064	
2.8125	8.96973	
2.81219	8.96912	
2.8125	8.97034	
2.81219	8.96881	
2.81219	8.96973	
2.81128	8.96942	
2.81219	8.96942	
2.81219	8.97034	
2.81219	8.97034	
2.81219	8.96942	
2.81189	8.97003	
2.81219	8.97095	
2.81189	8.97003	
2.81189	8.96942	
2.81158	8.97095	
2.81219	8.96942	
2.8125	8.96881	
2.81219	8.97034	
2.81189	8.96912	
2.8125	8.96912	
2.8125	8.97034	
2.8125	8.97003	
2.81219	8.96912	
2.81219	8.97095	
2.81219	8.96942	
2.81158	8.96912	
2.81219	8.96973	
2.81189	8.96912	
2.81189	8.96942	
2.8125	8.97003	
2.8125	8.96851	
2.8125	8.96881	
2.81219	8.96912	
2.81281	8.9682	
2.81219	8.96912	
2.81189	8.96942	
2.81281	8.96973	
2.81128	8.9679	
2.81219	8.9682	
2.8125	8.97064	
2.81189	8.9682	
2.81219	8.96942	
2.81189	8.96942	
2.8125	8.97003	
2.8125	8.96851	
2.81189	8.96942	
2.81281	8.96912	
2.8125	8.96942	
2.81189	8.96912	
2.81219	8.97095	
2.81219	8.96912	
2.81189	8.96973	
2.81219	8.97064	
2.81189	8.97034	
2.81189	8.96881	
2.81219	8.97064	
2.8125	8.96851	
2.81189	8.96912	
2.8125	8.97034	
2.81189	8.96973	
2.81219	8.96973	
2.8125	8.97064	
2.81219	8.96942	
2.81219	8.96973	
2.8125	8.97003	
2.81219	8.9682	
2.81219	8.9682	
2.81219	8.96973	
2.81219	8.96881	
2.81219	8.96851	
2.8125	8.96912	
2.8125	8.96881	
2.8125	8.96912	
2.8125	8.96912	
2.81189	8.96759	
2.81189	8.96912	
2.81219	8.97034	
2.81158	8.96912	
2.81189	8.96881	
2.8125	8.97003	
2.81219	8.9679	
2.81219	8.9682	
2.81219	8.97034	
2.8125	8.9682	
2.81189	8.96942	
2.81189	8.97034	
2.81189	8.96851	
2.81158	8.9682	
2.8125	8.97095	
2.8125	8.96973	
2.81219	8.96942	
2.81189	8.97095	
2.81189	8.96881	
2.8125	8.96881	
2.81189	8.97064	
2.81281	8.96942	
2.81219	8.96973	
2.81219	8.97034	
2.81189	8.96942	
2.81219	8.96942	
2.81189	8.97034	
2.8125	8.96912	
2.81219	8.96912	
2.81189	8.96973	
2.81189	8.96912	
2.81219	8.96973	
2.81219	8.97064	
2.8125	8.96912	
2.81189	8.96881	
2.81219	8.97064	
2.81189	8.96973	
2.8125	8.96912	
2.81281	8.96973	
2.81189	8.9682	
2.81189	8.96881	
2.81219	8.96729	
2.81219	8.96881	
2.8125	8.97034	
2.8125	8.9682	
2.8125	8.96881	
2.8125	8.96912	
2.81281	8.96973	
2.8125	8.97003	
2.81158	8.96912	
2.81189	8.96973	
2.81219	8.96851	
2.81219	8.96912	
2.81189	8.97034	
2.81219	8.96912	
2.81189	8.9682	
2.8125	8.96942	
2.81219	8.96942	
2.81158	8.96881	
2.81219	8.96942	
2.81219	8.97125	
2.8125	8.96912	
2.81219	8.96912	
2.81219	8.97064	
2.81281	8.96942	
2.81189	8.96942	
2.8125	8.97003	
2.8125	8.96942	
2.81189	8.97003	
2.81281	8.97125	
2.81281	8.96881	
2.81219	8.96942	
2.81219	8.97095	
2.81219	8.96973	
2.81219	8.96973	
2.81219	8.97125	
2.81189	8.96973	
2.81158	8.96912	
2.81189	8.96942	
2.81219	8.96912	
2.8125	8.96942	
2.8125	8.96973	
2.8125	8.96973	
2.81219	8.96912	
2.8125	8.96912	
2.81219	8.97003	
2.8125	8.96881	
2.81219	8.96851	
2.81281	8.96942	
2.81281	8.96973	
2.81219	8.97034	
2.8125	8.96942	
2.81311	8.96942	
2.81219	8.97034	
2.81219	8.9682	
2.81189	8.96942	
2.81281	8.97034	
2.8125	8.96973	
2.81219	8.96912	
2.8125	8.96973	
2.81219	8.96942	
2.81281	8.97003	
2.81342	8.97034	
2.81219	8.96912	
2.81281	8.96912	
2.8125	8.97064	
2.81189	8.96881	
2.81311	8.96973	
2.8125	8.9682	
2.81219	8.96973	
2.81158	8.96973	
2.81189	8.96942	
2.81219	8.96851	
2.81189	8.96851	
2.8125	8.96912	
2.81189	8.97034	
2.81219	8.96942	
2.8125	8.96881	
2.8125	8.96942	
2.81219	8.96881	
2.81219	8.96942	
2.81219	8.97064	
2.81219	8.96912	
2.8125	8.96973	
2.81219	8.97095	
2.81219	8.96851	
2.81281	8.9682	
2.81219	8.97064	
2.81189	8.96851	
2.81189	8.96942	
2.81189	8.97003	
2.81219	8.96912	
2.8125	8.96912	
2.81219	8.96881	
2.81219	8.96851	
2.81219	8.97003	
2.81219	8.96729	
2.81219	8.96912	
2.81219	8.96942	
2.8125	8.96851	
2.8125	8.96912	
2.81189	8.96912	
2.8125	8.9679	
2.8125	8.96851	
2.81189	8.96942	
2.81219	8.96759	
2.81219	8.9682	
2.8125	8.96912	
2.81219	8.9682	
2.8125	8.96942	
2.81219	8.96912	
2.81219	8.96912	
2.8125	8.96912	
2.81311	8.96851	
2.81219	8.9679	
2.8125	8.96881	
2.81219	8.96881	
2.81219	8.9682	
2.8125	8.96912	
2.8125	8.96942	
2.8125	8.96759	
2.81189	8.96912	
2.81219	8.97064	
2.81219	8.96698	
2.81189	8.96912	
2.81189	8.97003	
2.81219	8.9679	
2.81219	8.96881	
2.8125	8.96973	
2.81158	8.96729	
2.81158	8.96942	
2.81219	8.96973	
2.81189	8.9682	
2.81219	8.96942	
2.81189	8.96912	
2.81158	8.96667	
2.8125	8.96881	
2.81219	8.96912	
2.8125	8.97034	
2.81219	8.96942	
2.8125	8.96881	
2.81189	8.9682	
2.81281	8.96973	
2.81189	8.9679	
2.81219	8.96881	
2.81219	8.96973	
2.81219	8.96942	
2.81189	8.96912	
2.81219	8.97125	
2.81189	8.96973	
2.8125	8.96912	
2.81189	8.97064	
2.81219	8.97003	
2.81189	8.96912	
2.81219	8.97034	
2.8125	8.96881	
2.81219	8.96973	
2.81219	8.97003	
2.8125	8.96942	
2.8125	8.96912	
2.81158	8.9679	
2.81219	8.96912	
2.81311	8.97003	
2.8125	8.96759	
2.81219	8.96912	
2.81219	8.96942	
2.81219	8.9679	
2.8125	8.96881	
2.81189	8.97125	
2.81219	8.96942	
2.81281	8.96912	
2.81189	8.97003	
2.8125	8.96973	
2.81219	8.96973	
2.81189	8.9679	
2.8125	8.96973	
2.81219	8.97125	
2.81219	8.96912	
2.81189	8.97034	
2.81189	8.97064	
2.81189	8.96973	
2.8125	8.97003	
2.81219	8.97003	
2.81219	8.96973	
2.8125	8.96973	
2.81219	8.96698	
2.8125	8.96973	
2.81219	8.97095	
2.81189	8.96973	
2.81189	8.97003	
2.81219	8.96942	
2.81219	8.97003	
2.81189	8.96942	
2.81189	8.9682	
2.81189	8.97003	
2.81281	8.97034	
2.81281	8.96973	
2.81219	8.96942	
2.8125	8.97095	
2.8125	8.96942	
2.81219	8.97003	
2.81219	8.97034	
2.81189	8.96912	
2.8125	8.96973	
2.8125	8.96881	
2.81189	8.96973	
2.8125	8.96973	
2.8125	8.96881	
2.81219	8.96881	
2.81189	8.96912	
2.81219	8.9679	
2.81219	8.96881	
2.8125	8.97003	
2.8125	8.96942	
2.81219	8.96973	
2.81158	8.96851	
2.8125	8.96973	
2.8125	8.97003	
2.81219	8.9682	
2.81281	8.96942	
2.8125	8.97003	
2.81219	8.96973	
2.81281	8.96973	
2.81281	8.96942	
2.8125	8.96881	
2.81219	8.96973	
2.8125	8.9679	
2.81189	8.96942	
2.81158	8.96912	
2.81219	8.96973	
2.8125	8.96912	
2.8125	8.96759	
2.81189	8.96973	
2.81189	8.97034	
2.81219	8.96912	
2.81219	8.96973	
2.8125	8.96942	
2.8125	8.96942	
2.81281	8.96912	
2.81219	8.96973	
2.81189	8.96881	
2.81219	8.9682	
2.8125	8.97064	
2.81219	8.97034	
2.81219	8.97003	
2.81219	8.96881	
2.81219	8.96851	
2.81219	8.96942	
2.8125	8.96912	
2.81219	8.97003	
2.81219	8.96973	
2.81219	8.96912	
2.8125	8.96973	
2.8125	8.97156	
2.8125	8.96973	
2.81189	8.96942	
2.81189	8.97034	
2.81219	8.96973	
2.8125	8.96973	
2.81189	8.96881	
2.8125	8.96973	
2.81189	8.97034	
2.81219	8.96973	
2.81281	8.97064	
2.8125	8.96942	
2.81189	8.97064	
2.8125	8.96759	
2.81219	8.96912	
2.81281	8.97095	
2.81219	8.97034	
2.81219	8.97034	
2.8125	8.96942	
2.81189	8.97034	
2.81219	8.97034	
2.81219	8.96942	
2.8125	8.96912	
2.81219	8.96881	
2.81281	8.96851	
2.81189	8.97034	
2.8125	8.9682	
2.8125	8.96912	
2.81219	8.96759	
2.81219	8.97034	
2.81219	8.97095	
2.81219	8.96851	
2.81189	8.96942	
2.8125	8.96973	
2.81311	8.96881	
2.8125	8.96881	
2.81219	8.96759	
2.81219	8.9682	
2.8125	8.96881	
2.81219	8.97003	
2.8125	8.97034	
2.81219	8.9682	
2.81219	8.96942	
2.81219	8.96912	
2.81219	8.96912	
2.81219	8.96942	
2.8125	8.97034	
2.8125	8.96942	
2.8125	8.96851	
2.81219	8.96881	
2.8125	8.97034	
2.81219	8.96912	
2.81281	8.96973	
2.81219	8.96881	
2.81189	8.96881	
2.81219	8.97064	
2.8125	8.9682	
2.81189	8.96942	
2.8125	8.9679	
2.81219	8.96912	
2.81219	8.97064	
2.8125	8.96942	
2.81219	8.96973	
2.81219	8.97003	
2.81189	8.96942	
2.81219	8.97003	
2.8125	8.9679	
2.81219	8.96942	
2.81219	8.96942	
2.8125	8.97003	
2.81189	8.97064	
2.81189	8.96912	
2.81189	8.96973	
2.81189	8.96973	
2.8125	8.96881	
2.8125	8.96942	
2.81189	8.9679	
2.81219	8.96912	
2.8125	8.96973	
2.8125	8.96973	
2.81219	8.97003	
2.81219	8.96851	
2.81219	8.96912	
2.81219	8.97064	
2.8125	8.96973	
2.81219	8.96851	
2.8125	8.9679	
2.8125	8.96973	
2.81219	8.96912	
2.8125	8.96942	
2.81219	8.97095	
2.81219	8.96881	
2.81281	8.9682	
2.81189	8.97064	
2.8125	8.97034	
2.81219	8.96881	
2.81189	8.9679	
2.81219	8.96851	
2.81189	8.96973	
2.81219	8.96942	
2.81281	8.96881	
2.81219	8.96942	
2.81219	8.96942	
2.81219	8.97125	
2.8125	8.96881	
2.81219	8.97034	
2.81219	8.96851	
2.81219	8.96942	
2.8125	8.96881	
2.81219	8.96973	
2.81219	8.97064	
2.8125	8.96942	
2.8125	8.96912	
2.81281	8.9682	
2.81219	8.96912	
2.8125	8.96973	
2.8125	8.96912	
2.81189	8.97003	
2.8125	8.96851	
2.81219	8.96912	
2.8125	8.97003	
2.81219	8.96942	
2.81219	8.96973	
2.8125	8.96973	
2.8125	8.97095	
2.8125	8.96973	
2.8125	8.97003	
2.8125	8.97003	
2.8125	8.97003	
2.81219	8.96942	
2.81219	8.96942	
2.8125	8.97064	
2.81219	8.97003	
2.81311	8.97095	
2.81281	8.96851	
2.8125	8.96912	
2.81189	8.96912	
2.8125	8.96942	
2.81219	8.97003	
2.81311	8.96881	
2.81219	8.96912	
2.81219	8.97034	
2.81219	8.96851	
2.8125	8.97003	
2.81281	8.96973	
2.8125	8.96942	
2.8125	8.96851	
2.8125	8.96973	
2.81219	8.96729	
2.81219	8.96881	
2.8125	8.96881	
2.81311	8.96942	
2.81219	8.97003	
2.81189	8.96973	
2.8125	8.97003	
2.81189	8.97064	
2.81189	8.96973	
2.81219	8.97003	
2.81219	8.96729	
2.8125	8.96942	
2.8125	8.96973	
2.81219	8.96973	
2.81281	8.97064	
2.81281	8.97034	
2.81189	8.96973	
2.81189	8.97034	
2.81219	8.96973	
2.8125	8.96881	
2.8125	8.96912	
2.8125	8.96973	
2.81219	8.97003	
2.8125	8.96942	
2.81281	8.97156	
2.81189	8.97034	
2.81219	8.96942	
2.81189	8.97003	
2.81189	8.96942	
2.81219	8.96912	
2.81219	8.96912	
2.81281	8.97125	
2.8125	8.96973	
2.81219	8.97003	
2.81281	8.96881	
2.81219	8.96912	
2.81281	8.96881	
2.81219	8.96912	
2.81219	8.97095	
2.81219	8.97003	
2.81189	8.96973	
2.81189	8.96973	
2.81219	8.97064	
2.81219	8.97003	
2.81219	8.96973	
2.81219	8.97003	
2.81219	8.97003	
2.8125	8.97034	
2.81219	8.97034	
2.8125	8.97064	
2.81219	8.96973	
2.8125	8.97064	
2.8125	8.97095	
2.8125	8.96881	
2.8125	8.96973	
2.81219	8.96973	
2.81219	8.97003	
2.81219	8.96912	
2.81189	8.96973	
2.8125	8.9682	
2.8125	8.96973	
2.81189	8.9679	
2.8125	8.96881	
2.8125	8.97064	
2.81219	8.96912	
2.81219	8.96912	
2.81281	8.96912	
2.8125	8.96881	
2.8125	8.96942	
2.81219	8.96912	
2.81219	8.96912	
2.8125	8.97003	
2.81281	8.97034	
2.81158	8.96942	
2.81281	8.97034	
2.81189	8.96912	
2.81219	8.97064	
2.81158	8.97003	
2.8125	8.96912	
2.81219	8.96851	
2.81189	8.96942	
2.81219	8.96912	
2.81281	8.96973	
2.81189	8.96912	
2.81219	8.97003	
2.81189	8.97064	
2.81219	8.96881	
2.81189	8.96942	
2.81219	8.96851	
2.81219	8.96912	
2.81219	8.96912	
2.8125	8.96881	
2.81219	8.96881	
2.8125	8.96881	
2.8125	8.97034	
2.81158	8.96881	
2.81219	8.97064	
2.8125	8.96881	
2.81219	8.96942	
2.8125	8.96912	
2.8125	8.96942	
2.81281	8.96729	
2.81219	8.96973	
2.81189	8.96912	
2.81189	8.96912	
2.81219	8.97003	
2.81219	8.96973	
2.8125	8.97186	
2.81219	8.96912	
2.81219	8.96912	
2.8125	8.9682	
2.81158	8.96881	
2.8125	8.96667	
2.81158	8.97003	
2.8125	8.97064	
2.81219	8.96973	
2.81189	8.96973	
2.8125	8.97034	
2.81219	8.97034	
2.81189	8.96973	
2.81219	8.96973	
2.81281	8.9682	
2.81189	8.96851	
2.81219	8.96881	
2.8125	8.96973	
2.81189	8.96973	
2.81219	8.97003	
2.8125	8.97003	
2.81219	8.96851	
2.8125	8.97064	
2.8125	8.96759	
2.8125	8.97003	
2.81219	8.97034	
2.8125	8.96851	
2.81219	8.96942	
2.81219	8.96942	
2.81219	8.97003	
2.81189	8.9682	
2.8125	8.96942	
2.81158	8.9679	
2.81158	8.96973	
2.81219	8.96881	
2.8125	8.96973	
2.81281	8.97064	
2.81219	8.96881	
2.81189	8.96881	
2.8125	8.96881	
2.81158	8.96973	
2.8125	8.96973	
2.81219	8.96851	
2.81219	8.96759	
2.81219	8.96912	
2.81219	8.97003	
2.81219	8.96973	
2.8125	8.97064	
2.8125	8.9682	
2.81189	8.96912	
2.81219	8.9682	
2.8125	8.96912	
2.81219	8.96912	
2.81189	8.96973	
2.8125	8.97095	
2.81219	8.96912	
2.81219	8.96851	
2.8125	8.9682	
2.8125	8.97003	
2.8125	8.96912	
2.81219	8.96973	
2.81189	8.97064	
2.81219	8.96881	
2.8125	8.96973	
2.8125	8.96973	
2.8125	8.96912	
2.81219	8.96973	
2.81189	8.97003	
2.81219	8.97003	
2.81281	8.96973	
2.81219	8.96973	
2.81219	8.96759	
2.81311	8.96912	
2.8125	8.96881	
2.81219	8.96912	
2.8125	8.96881	
2.81219	8.96912	
2.81219	8.96912	
2.81189	8.96942	
2.8125	8.97064	
2.8125	8.96881	
2.81219	8.96973	
2.81189	8.96881	
2.81219	8.96881	
2.8125	8.9679	
2.81189	8.96881	
2.8125	8.96942	
2.81219	8.96881	
2.8125	8.96973	
2.81219	8.96942	
2.81219	8.97095	
2.81219	8.96881	
2.81219	8.96942	
2.81219	8.9682	
2.81219	8.97034	
2.81219	8.96912	
2.81189	8.96912	
2.81219	8.96851	
2.81189	8.96912	
2.8125	8.96881	
2.81158	8.96973	
2.8125	8.97095	
2.81189	8.96942	
2.81189	8.96912	
2.8125	8.96973	
2.81311	8.97095	
2.81281	8.96881	
2.8125	8.96973	
2.81189	8.9679	
2.81219	8.96973	
2.81219	8.96912	
2.81219	8.97003	
2.81219	8.96973	
2.81219	8.96942	
2.81219	8.96912	
2.8125	8.96912	
2.81189	8.97034	
2.81219	8.96881	
2.81281	8.97003	
2.8125	8.96759	
2.8125	8.96973	
2.81189	8.96973	
2.81189	8.96942	
2.81219	8.9679	
2.81189	8.96912	
2.81189	8.9682	
2.8125	8.96881	
2.81219	8.97064	
2.81219	8.96851	
2.81219	8.97034	
2.81281	8.96973	
2.8125	8.97064	
2.81219	8.96973	
2.81219	8.97003	
2.8125	8.9679	
2.81189	8.97064	
2.81281	8.96942	
2.81219	8.96942	
2.8125	8.96942	
2.81281	8.96881	
2.8125	8.96912	
2.81158	8.97003	
2.81311	8.96912	
2.81281	8.96881	
2.8125	8.96729	
2.81189	8.96973	
2.8125	8.96912	
2.81219	8.96942	
2.8125	8.96973	
2.81219	8.96912	
2.81158	8.97034	
2.8125	8.96912	
2.81219	8.96912	
2.8125	8.96973	
2.81219	8.97034	
2.81219	8.96851	
2.81219	8.96912	
2.81189	8.96912	
2.8125	8.96912	
2.8125	8.96881	
2.81219	8.96942	
2.81219	8.97156	
2.81281	8.96912	
2.81158	8.97034	
2.81219	8.96759	
2.81189	8.96912	
2.8125	8.96881	
2.81189	8.96881	
2.81219	8.96759	
2.8125	8.96851	
2.81219	8.96729	
2.81189	8.96942	
2.8125	8.97064	
2.81219	8.96942	
2.81219	8.97003	
2.81219	8.96881	
2.81189	8.96973	
2.81219	8.9682	
2.81281	8.96851	
2.81189	8.97034	
2.81219	8.97034	
2.81189	8.96912	
2.81219	8.96881	
2.81219	8.96912	
2.81158	8.97064	
2.81189	8.96912	
2.8125	8.96973	
2.81219	8.97003	
2.8125	8.96973	
2.81219	8.96973	
2.81189	8.96881	
2.81219	8.9682	
2.81189	8.96912	
2.81219	8.96912	
2.81219	8.97064	
2.8125	8.97003	
2.81158	8.96851	
2.81219	8.96912	
2.8125	8.96942	
2.81281	8.96973	
2.81281	8.96912	
2.81219	8.96851	
2.81219	8.96881	
2.81189	8.96881	
2.8125	8.96912	
2.81189	8.96851	
2.81281	8.96942	
2.8125	8.96851	
2.81189	8.97034	
2.81219	8.96881	
2.81219	8.97034	
2.81219	8.96881	
2.8125	8.96912	
2.81189	8.9682	
2.8125	8.96973	
2.81219	8.96912	
2.81189	8.96912	
2.81189	8.96973	
2.81219	8.96942	
2.81219	8.97125	
2.81189	8.96912	
2.81219	8.96881	
2.81189	8.9682	
2.81189	8.96973	
2.8125	8.96881	
2.8125	8.96973	
2.81128	8.96881	
2.81219	8.97003	
2.81281	8.96881	
2.81158	8.96942	
2.8125	8.9679	
2.81311	8.96942	
2.81219	8.96973	
2.81219	8.96912	
2.81219	8.9679	
2.81281	8.96912	
2.81219	8.96942	
2.81158	8.96912	
2.81281	8.96851	
2.81219	8.96881	
2.8125	8.9682	
2.81219	8.96973	
2.81189	8.96881	
2.81158	8.96881	
2.81219	8.9679	
2.8125	8.96912	
2.8125	8.96698	
2.81311	8.96851	
2.8125	8.9682	
2.81219	8.96851	
2.81281	8.96759	
2.81219	8.97003	
2.81189	8.96942	
2.81189	8.96912	
2.81158	8.97156	
2.81219	8.96912	
2.81219	8.96881	
2.81189	8.96912	
2.81189	8.96973	
2.81281	8.96881	
2.81219	8.97034	
2.8125	8.96881	
2.81189	8.97064	
2.81219	8.97003	
2.81189	8.96942	
2.81158	8.96973	
2.8125	8.97125	
2.8125	8.96881	
2.81189	8.96881	
2.81189	8.9679	
2.81219	8.96942	
2.81158	8.96912	
2.8125	8.96973	
2.81311	8.96851	
2.81189	8.96912	
2.8125	8.9682	
2.81219	8.96942	
2.8125	8.96881	
2.81219	8.96851	
2.81189	8.96698	
2.81189	8.96942	
2.81219	8.97064	
2.81219	8.96942	
2.81219	8.96912	
2.81189	8.96942	
2.8125	8.96973	
2.81219	8.96973	
2.81219	8.96912	
2.81158	8.9679	
2.8125	8.96881	
2.81219	8.96912	
2.81219	8.96942	
2.81158	8.96973	
2.81219	8.96912	
2.81158	8.96973	
2.81219	8.96973	
2.81219	8.97095	
2.8125	8.96912	
2.81219	8.96973	
2.81219	8.97034	
2.81219	8.97034	
2.8125	8.96912	
2.8125	8.96881	
2.81219	8.96729	
2.81219	8.96881	
2.81189	8.96912	
2.81219	8.96912	
2.81189	8.96912	
2.81219	8.9682	
2.8125	8.97034	
2.81219	8.96912	
2.8125	8.97003	
2.81219	8.96851	
2.81189	8.96973	
2.81189	8.96973	
2.81219	8.97064	
2.81189	8.96973	
2.81219	8.97003	
2.81219	8.97003	
2.8125	8.97064	
2.8125	8.96942	
2.81219	8.96881	
2.81219	8.97003	
2.81281	8.97003	
2.81281	8.96881	
2.81189	8.96942	
2.8125	8.9682	
2.8125	8.96851	
2.81189	8.96973	
2.81219	8.97034	
2.81189	8.9679	
2.81189	8.96912	
2.8125	8.96912	
2.81219	8.96973	
2.81281	8.97064	
2.8125	8.96973	
2.81189	8.96912	
2.81189	8.96942	
2.81219	8.97064	
2.8125	8.96973	
2.81219	8.96912	
2.81219	8.96973	
2.81219	8.97003	
2.81281	8.96973	
2.81219	8.96912	
2.81219	8.9679	
2.81219	8.96912	
2.81189	8.96881	
2.81219	8.96912	
2.81219	8.96759	
2.81219	8.96973	
2.81219	8.96942	
2.81281	8.96881	
2.81189	8.9679	
2.81281	8.96851	
2.8125	8.96973	
2.81219	8.96851	
2.8125	8.96667	
2.81219	8.96881	
2.81219	8.9682	
2.81219	8.96912	
2.81219	8.96851	
2.8125	8.96973	
2.8125	8.96912	
2.81219	8.96912	
2.8125	8.9679	
2.8125	8.96881	
2.81189	8.96881	
2.81189	8.96942	
2.81219	8.96942	
2.81219	8.96973	
2.81219	8.9679	
2.8125	8.96912	
2.81189	8.97003	
2.8125	8.96942	
2.81219	8.9679	
2.81219	8.96973	
2.81219	8.96912	
2.81189	8.96912	
2.81219	8.96973	
2.81219	8.96973	
2.81281	8.9679	
2.81189	8.96912	
2.81219	8.9682	
2.8125	8.96973	
2.81189	8.97034	
2.8125	8.96881	
2.81189	8.96851	
2.8125	8.96912	
2.81219	8.97095	
2.8125	8.96973	
2.81219	8.97003	
2.81189	8.96881	
2.81219	8.97064	
2.8125	8.96912	
2.81219	8.97003	
2.81158	8.96942	
2.81219	8.97095	
2.81219	8.96912	
2.81281	8.96912	
2.81281	8.96881	
2.81219	8.97003	
2.81219	8.96912	
2.8125	8.96881	
2.8125	8.97034	
2.81219	8.97095	
2.81219	8.96942	
2.81219	8.96973	
2.81189	8.96759	
2.81219	8.96973	
2.8125	8.96881	
2.81219	8.96942	
2.81219	8.96912	
2.81281	8.96851	
2.81311	8.96759	
2.81281	8.96942	
2.81158	8.97003	
2.81219	8.96912	
2.81219	8.9682	
2.81219	8.96973	
2.81219	8.96881	
2.81189	8.96851	
2.81219	8.9679	
2.8125	8.96912	
2.81219	8.96973	
2.81219	8.96973	
2.81219	8.96912	
2.81219	8.96881	
2.81189	8.96973	
2.81281	8.96912	
2.8125	8.96912	
2.81189	8.96973	
2.81189	8.96973	
2.81219	8.97003	
2.81158	8.96973	
2.8125	8.96881	
2.81219	8.97034	
2.81219	8.96851	
2.8125	8.96881	
2.81219	8.96973	
2.81219	8.97064	
2.81219	8.96942	
2.81189	8.96881	
2.81189	8.96881	
2.81219	8.96973	
2.8125	8.96912	
2.81219	8.96973	
2.81219	8.96881	
2.8125	8.97095	
2.81189	8.96912	
2.81219	8.96973	
2.8125	8.96912	
2.81219	8.96973	
2.81219	8.96912	
2.81158	8.96881	
2.81189	8.96942	
2.81189	8.96912	
2.81189	8.96881	
2.81189	8.96912	
2.81158	8.96912	
2.8125	8.96759	
2.81158	8.9682	
2.81219	8.96912	
2.81189	8.96912	
2.81219	8.9679	
2.81189	8.96973	
2.81219	8.96912	
2.81219	8.96973	
2.81219	8.9679	
2.81219	8.96973	
2.81281	8.96912	
2.81219	8.96912	
2.81219	8.96942	
2.8125	8.96973	
2.8125	8.96881	
2.81219	8.97003	
2.81219	8.96851	
2.81219	8.97003	
2.81219	8.96912	
2.81281	8.96912	
2.81219	8.96881	
2.81219	8.96912	
2.8125	8.9682	
2.81189	8.9682	
2.81281	8.96851	
2.81219	8.96881	
2.81219	8.96881	
2.81219	8.96729	
2.8125	8.96881	
2.81219	8.96942	
2.81219	8.96973	
2.81128	8.9679	
2.81219	8.96881	
2.8125	8.96942	
2.8125	8.9682	
2.81219	8.96973	
2.8125	8.96973	
2.81219	8.96942	
2.81219	8.96851	
2.81189	8.96881	
2.81189	8.97003	
2.81219	8.96912	
2.8125	8.9682	
2.81219	8.9682	
2.81219	8.96912	
2.81219	8.96973	
2.81189	8.96912	
2.81311	8.96759	
2.81219	8.96912	
2.81189	8.96973	
2.81219	8.96912	
2.8125	8.96942	
2.8125	8.97003	
2.81219	8.97125	
2.81219	8.9679	
2.81281	8.97003	
2.8125	8.96912	
2.81189	8.97064	
2.8125	8.96973	
2.81189	8.96942	
2.81189	8.97064	
2.81219	8.97095	
2.81219	8.96912	
2.81219	8.96759	
2.81219	8.97003	
2.81219	8.97064	
2.81219	8.96973	
2.81219	8.96851	
2.8125	8.97003	
2.81189	8.96973	
2.81219	8.96881	
2.81219	8.96973	
2.81219	8.9682	
2.81128	8.96973	
2.81189	8.96942	
2.8125	8.96912	
2.81189	8.97003	
2.81189	8.96973	
2.8125	8.96881	
2.81219	8.96973	
2.8125	8.9679	
2.81189	8.97003	
2.8125	8.96973	
2.81189	8.96912	
2.81219	8.96759	
2.81219	8.96942	
2.81189	8.96912	
2.81281	8.96881	
2.81158	8.96759	
2.81219	8.96912	
2.81189	8.96881	
2.8125	8.96973	
2.81219	8.96912	
2.81189	8.97034	
2.8125	8.96942	
2.81219	8.97003	
2.81219	8.97003	
2.81158	8.97064	
2.81219	8.97003	
2.81219	8.96973	
2.81189	8.9682	
2.81189	8.96973	
2.81158	8.96881	
2.81219	8.96973	
2.81219	8.96942	
2.8125	8.96942	
2.8125	8.96851	
2.8125	8.96973	
2.81281	8.96851	
2.81189	8.97095	
2.81219	8.96942	
2.8125	8.97003	
2.81219	8.96912	
2.81189	8.97095	
2.81189	8.96912	
2.8125	8.9682	
2.81219	8.96912	
2.81219	8.96942	
2.81158	8.96973	
2.8125	8.96973	
2.81219	8.96973	
2.81189	8.96851	
2.81189	8.96973	
2.8125	8.96881	
2.81219	8.96912	
2.81219	8.97095	
2.8125	8.97034	
2.81219	8.96912	
2.81158	8.97003	
2.81219	8.97003	
2.81158	8.97064	
2.81189	8.96881	
2.81219	8.97003	
2.81219	8.96973	
2.81219	8.97034	
2.8125	8.96881	
2.81189	8.97095	
2.8125	8.96973	
2.81128	8.97003	
2.81219	8.96942	
2.8125	8.96881	
2.81219	8.97003	
2.81158	8.97003	
2.8125	8.96912	
2.81189	8.96881	
2.81219	8.9682	
2.8125	8.97034	
2.81189	8.96881	
2.81219	8.96912	
2.81189	8.9679	
2.81219	8.96912	
2.8125	8.97064	
2.8125	8.96912	
2.8125	8.96759	
2.81281	8.96912	
2.81189	8.96881	
2.81219	8.96912	
2.81219	8.9682	
2.8125	8.96973	
2.81219	8.96881	
2.81189	8.96912	
2.81189	8.97034	
2.8125	8.97034	
2.81219	8.96912	
2.8125	8.96942	
2.81189	8.96942	
2.81219	8.97064	
2.81219	8.96881	
2.81219	8.97003	
2.81219	8.96942	
2.81219	8.96973	
2.81219	8.96912	
2.81189	8.9682	
2.81158	8.96912	
2.81219	8.96942	
2.81219	8.96851	
2.81219	8.96881	
2.8125	8.97003	
2.8125	8.96912	
2.81219	8.96881	
2.81189	8.96881	
2.81158	8.96912	
2.8125	8.97095	
2.81189	8.96912	
2.81219	8.97003	
2.81219	8.96912	
2.81219	8.97095	
2.81189	8.96851	
2.81281	8.96912	
2.81281	8.96942	
2.81219	8.97125	
2.8125	8.96912	
2.81219	8.96851	
2.81219	8.96912	
2.81189	8.97064	
2.81281	8.96973	
2.81189	8.96881	
2.81219	8.96942	
2.8125	8.96973	
2.81219	8.96912	
2.81281	8.96973	
2.81189	8.96973	
2.81158	8.97095	
2.8125	8.96942	
2.81219	8.96973	
2.8125	8.96912	
2.81281	8.97064	
2.81219	8.96912	
2.81219	8.9679	
2.8125	8.96942	
2.8125	8.96942	
2.81219	8.96912	
2.81189	8.9679	
2.81219	8.96912	
2.81189	8.96759	
2.81219	8.96881	
2.81189	8.96881	
2.81281	8.96973	
2.81189	8.96912	
2.81158	8.97034	
2.81219	8.96912	
2.81281	8.96942	
2.81158	8.96912	
2.81189	8.97003	
2.81219	8.96942	
2.8125	8.96912	
2.81189	8.96881	
2.81189	8.97034	
2.81219	8.96912	
2.81219	8.96942	
2.81189	8.96973	
2.81219	8.96881	
2.81219	8.96942	
2.81189	8.96851	
2.81219	8.96881	
2.81281	8.96851	
2.8125	8.97034	
2.81281	8.96912	
2.81219	8.96942	
2.8125	8.96912	
2.8125	8.97003	
2.81219	8.96973	
2.81189	8.96851	
2.8125	8.9682	
2.81219	8.97064	
2.81219	8.9682	
2.8125	8.96881	
2.81189	8.96942	
2.81219	8.96881	
2.81189	8.97003	
2.8125	8.96881	
2.81128	8.96912	
2.81219	8.9682	
2.81219	8.96973	
2.81219	8.96912	
2.81281	8.96942	
2.8125	8.97003	
2.81189	8.97034	
2.81219	8.96942	
2.81281	8.96973	
2.81219	8.96973	
2.81219	8.96942	
2.8125	8.96881	
2.81189	8.96881	
2.81219	8.97034	
2.81219	8.96912	
2.8125	8.9682	
2.8125	8.96942	
2.81219	8.96973	
2.81219	8.96912	
2.81219	8.96851	
2.81219	8.9682	
2.8125	8.96942	
2.8125	8.96729	
2.81189	8.97003	
2.8125	8.97003	
2.81189	8.96942	
2.81219	8.96881	
2.81189	8.97003	
2.8125	8.96912	
2.81281	8.96881	
2.81219	8.96973	
2.81219	8.9682	
2.81158	8.96942	
2.8125	8.96912	
2.81219	8.96973	
2.81219	8.9682	
2.81219	8.97064	
2.81219	8.96881	
2.81281	8.96881	
2.81219	8.96942	
2.81219	8.96973	
2.81189	8.96912	
2.81189	8.9679	
2.81219	8.96881	
2.81189	8.9682	
2.81219	8.96851	
2.81189	8.9679	
2.81219	8.97003	
2.81219	8.9679	
2.81219	8.97064	
2.81219	8.96851	
2.81189	8.97003	
2.81219	8.96912	
2.81189	8.97003	
2.8125	8.96881	
2.81219	8.9679	
2.81219	8.96912	
2.8125	8.9682	
2.81189	8.96881	
2.81219	8.96973	
2.81219	8.97034	
2.81189	8.96973	
2.81219	8.97034	
2.81158	8.96851	
2.81158	8.97034	
2.8125	8.96881	
2.8125	8.96942	
2.81158	8.96851	
2.8125	8.96942	
2.8125	8.97003	
2.81189	8.96942	
2.81219	8.97003	
2.81189	8.96881	
2.81219	8.96973	
2.81219	8.96942	
2.81219	8.96973	
2.8125	8.96942	
2.8125	8.96973	
2.81219	8.96942	
2.8125	8.9682	
2.81219	8.96942	
2.81219	8.97003	
2.81158	8.97003	
2.81219	8.96912	
2.81219	8.97064	
2.8125	8.96912	
2.81219	8.96942	
2.8125	8.96912	
2.81189	8.96973	
2.81219	8.96942	
2.81219	8.96912	
2.81189	8.96912	
2.81158	8.96759	
2.81189	8.97003	
2.81281	8.96973	
2.81281	8.96973	
2.81219	8.96881	
2.81219	8.97003	
2.81219	8.96942	
2.81219	8.96851	
2.81219	8.97003	
2.81189	8.96942	
2.81219	8.96881	
2.81219	8.9682	
2.8125	8.97003	
2.8125	8.96881	
2.81158	8.96942	
2.81158	8.96881	
2.81219	8.96973	
2.81189	8.96912	
2.8125	8.97095	
2.81189	8.96851	
2.8125	8.96973	
2.81219	8.97034	
2.81219	8.96973	
2.81189	8.96851	
2.81219	8.96942	
2.81219	8.96881	
2.81189	8.96912	
2.81219	8.97064	
2.81219	8.96881	
2.81219	8.9679	
2.8125	8.97034	
2.81189	8.96698	
2.81281	8.96912	
2.81219	8.96942	
2.8125	8.97003	
2.8125	8.97034	
2.8125	8.97034	
2.81219	8.96912	
2.81219	8.96973	
2.81281	8.96912	
2.81189	8.96759	
2.81219	8.96881	
2.81219	8.96942	
2.81219	8.96942	
2.81219	8.96942	
2.8125	8.97034	
2.81219	8.9682	
2.81219	8.96912	
2.8125	8.96912	
2.81219	8.96759	
2.81219	8.97003	
2.8125	8.96942	
2.81281	8.96942	
2.81158	8.96851	
2.81219	8.97095	
2.81219	8.96881	
2.81189	8.97064	
2.8125	8.97034	
2.81219	8.96942	
2.81219	8.96942	
2.8125	8.96973	
2.8125	8.96912	
2.8125	8.96973	
2.81189	8.97003	
2.81219	8.96942	
2.81219	8.96973	
2.81128	8.96973	
2.81219	8.97003	
2.81219	8.96881	
2.81219	8.9682	
2.81219	8.97003	
2.81219	8.96912	
2.8125	8.96912	
2.81219	8.96973	
2.81219	8.9679	
2.8125	8.96851	
2.8125	8.97003	
2.81219	8.96912	
2.81189	8.97003	
2.81128	8.96881	
2.8125	8.97003	
2.81219	8.9682	
2.81158	8.96698	
2.81158	8.96942	
2.81189	8.9682	
2.8125	8.97095	
2.81128	8.96881	
2.81219	8.96942	
2.81189	8.96881	
2.81219	8.9679	
2.81189	8.97034	
2.8125	8.96942	
2.81189	8.97064	
2.8125	8.96912	
2.81219	8.96942	
2.81219	8.96942	
2.81219	8.96912	
2.8125	8.96881	
2.8125	8.96759	
2.81219	8.96881	
2.8125	8.96912	
2.8125	8.96942	
2.81189	8.96942	
2.81219	8.97064	
2.8125	8.96881	
2.81219	8.96973	
2.81189	8.96942	
2.81219	8.97095	
2.81158	8.96912	
2.8125	8.96881	
2.8125	8.96942	
2.81219	8.97003	
2.81158	8.97003	
2.81281	8.96942	
2.81219	8.96942	
2.81219	8.96973	
2.81219	8.96973	
2.81219	8.96973	
2.8125	8.96881	
2.81281	8.96881	
2.81189	8.96973	
2.8125	8.97003	
2.81219	8.96851	
2.81281	8.96881	
2.8125	8.96973	
2.8125	8.97003	
2.81219	8.97034	
2.81281	8.96912	
2.81281	8.96881	
2.8125	8.96973	
2.8125	8.96942	
2.81189	8.97095	
2.81219	8.96881	
2.81219	8.9682	
2.81219	8.96942	
2.8125	8.96759	
2.8125	8.96973	
2.81281	8.96942	
2.81219	8.96912	
2.81219	8.96942	
2.81219	8.9682	
2.81219	8.96912	
2.81219	8.96912	
2.81189	8.96973	
2.8125	8.96942	
2.8125	8.97034	
2.8125	8.96973	
2.8125	8.96942	
2.81219	8.96851	
2.81219	8.96912	
2.81219	8.96851	
2.81219	8.97034	
2.81219	8.97034	
2.81219	8.96973	
2.8125	8.97064	
2.8125	8.96881	
2.81158	8.9682	
2.81189	8.96942	
2.81281	8.96973	
2.81281	8.97095	
2.81281	8.96851	
2.8125	8.96881	
2.81219	8.96912	
2.8125	8.96881	
2.81189	8.97034	
2.8125	8.96881	
2.81219	8.97034	
2.8125	8.96912	
2.81189	8.97064	
2.81219	8.96881	
2.8125	8.97003	
2.81219	8.97003	
2.81219	8.96942	
2.81189	8.96912	
2.81219	8.96973	
2.81189	8.96973	
2.8125	8.9682	
2.81219	8.97064	
2.81219	8.96942	
2.81219	8.96912	
2.81219	8.96881	
2.81219	8.97034	
2.8125	8.96942	
2.81219	8.96973	
2.81189	8.96881	
2.81189	8.96912	
2.81189	8.96912	
2.81189	8.97003	
2.81189	8.96973	
2.81219	8.97003	
2.8125	8.96942	
2.8125	8.96912	
2.81219	8.96942	
2.81281	8.96881	
2.8125	8.96881	
2.81281	8.96912	
2.81281	8.96912	
2.81189	8.96912	
2.81219	8.96973	
2.81219	8.96973	
2.81189	8.97095	
2.81189	8.96881	
2.81219	8.96942	
2.8125	8.96912	
2.81189	8.97003	
2.81189	8.97034	
2.8125	8.96912	
2.8125	8.97064	
2.8125	8.96973	
2.81189	8.96973	
2.81219	8.96912	
2.8125	8.97003	
2.81219	8.96851	
2.8125	8.96881	
2.8125	8.96973	
2.8125	8.97034	
2.8125	8.97064	
2.81219	8.97003	
2.8125	8.97034	
2.81189	8.96912	
2.81189	8.96912	
2.81219	8.9682	
2.81158	8.96881	
2.81219	8.96973	
2.81219	8.96881	
2.81219	8.97034	
2.81189	8.96881	
2.81219	8.96942	
2.81189	8.96912	
2.8125	8.96851	
2.8125	8.96912	
2.81189	8.96912	
2.81311	8.97003	
2.81189	8.96973	
2.81219	8.97064	
2.81189	8.96912	
2.81189	8.96881	
2.81158	8.96912	
2.81219	8.96851	
2.81219	8.97125	
2.81158	8.96881	
2.81219	8.97034	
2.8125	8.97003	
2.81189	8.96942	
2.81311	8.96881	
2.8125	8.96942	
2.8125	8.96973	
2.81219	8.96912	
2.81219	8.97003	
2.81219	8.96851	
2.81189	8.96912	
2.8125	8.96973	
2.81189	8.96973	
2.81219	8.97064	
2.8125	8.96912	
2.81189	8.96851	
2.81189	8.96973	
2.8125	8.97064	
2.81219	8.97003	
2.81189	8.96881	
2.81158	8.96942	
2.8125	8.96912	
2.81219	8.96912	
2.8125	8.96851	
2.81219	8.96881	
2.8125	8.96942	
2.8125	8.96881	
2.81219	8.97003	
2.81219	8.96912	
2.81189	8.96973	
2.81219	8.96942	
2.81219	8.96973	
2.81281	8.96912	
2.81219	8.97003	
2.81219	8.96942	
2.8125	8.96973	
2.81219	8.97003	
2.81219	8.96912	
2.81189	8.96973	
2.81189	8.96881	
2.8125	8.9682	
2.81219	8.97064	
2.81189	8.96881	
2.81189	8.97003	
2.81281	8.96851	
2.81311	8.9679	
2.81219	8.97034	
2.8125	8.96973	
2.8125	8.96729	
2.81281	8.97003	
2.8125	8.9682	
2.8125	8.97034	
2.81219	8.96912	
2.81219	8.96881	
2.81311	8.96973	
2.81219	8.96881	
2.81281	8.96942	
2.81219	8.96912	
2.81219	8.96912	
2.81219	8.96912	
2.8125	8.96973	
2.81189	8.96851	
2.81219	8.96912	
2.8125	8.97034	
2.81219	8.96851	
2.8125	8.97003	
2.81219	8.96942	
2.8125	8.96851	
2.8125	8.97034	
2.81189	8.96912	
2.81189	8.97003	
2.81219	8.96973	
2.8125	8.96912	
2.8125	8.97064	
2.81189	8.96881	
2.81189	8.96698	
2.81281	8.97034	
2.81219	8.96851	
2.81219	8.96912	
2.81219	8.9682	
2.81189	8.96942	
2.81219	8.97186	
2.81219	8.96851	
2.8125	8.96942	
2.8125	8.96973	
2.81281	8.96851	
2.81219	8.97003	
2.81189	8.96942	
2.81219	8.9682	
2.81219	8.96942	
2.81158	8.96851	
2.81189	8.97064	
2.81219	8.9682	
2.81219	8.9682	
2.8125	8.96881	
2.81219	8.96759	
2.8125	8.97034	
2.81219	8.96973	
2.81189	8.96881	
2.81281	8.97003	
2.81219	8.9682	
2.81219	8.96851	
2.8125	8.9682	
2.8125	8.97003	
2.81189	8.96912	
2.81189	8.9682	
2.81219	8.96851	
2.81219	8.96942	
2.81219	8.97003	
2.81219	8.96942	
2.8125	8.97003	
2.81219	8.96973	
2.81219	8.96912	
2.81189	8.96881	
2.81281	8.96942	
2.8125	8.97003	
2.81219	8.96881	
2.81189	8.96851	
2.8125	8.97003	
2.81219	8.97095	
2.81189	8.97003	
2.81219	8.96881	
2.81219	8.96851	
2.81281	8.96942	
2.8125	8.96973	
2.81281	8.97034	
2.81219	8.96851	
2.81219	8.9682	
2.8125	8.96912	
2.81189	8.9682	
2.8125	8.97064	
2.81189	8.96912	
2.81189	8.9682	
2.8125	8.96881	
2.81219	8.96759	
2.81219	8.96851	
2.8125	8.96851	
2.8125	8.96942	
2.8125	8.96912	
2.8125	8.97064	
2.81219	8.96851	
2.8125	8.96942	
2.81219	8.97034	
2.8125	8.96912	
2.81189	8.96912	
2.81189	8.96912	
2.81189	8.96973	
2.81281	8.96973	
2.81158	8.96912	
2.81189	8.96973	
2.8125	8.96881	
2.8125	8.96912	
2.8125	8.97003	
2.81219	8.96881	
2.81219	8.97003	
2.81219	8.96942	
2.81219	8.96942	
2.81219	8.96973	
2.81219	8.96973	
2.81219	8.97034	
2.81219	8.96942	
2.8125	8.96942	
2.8125	8.97003	
2.81219	8.96881	
2.81219	8.97095	
2.81219	8.96881	
2.81189	8.96881	
2.81189	8.96973	
2.81189	8.96942	
2.8125	8.96942	
2.81219	8.96851	
2.81219	8.96912	
2.8125	8.96942	
2.81189	8.96973	
2.81189	8.97095	
2.8125	8.96912	
2.81219	8.96973	
2.81281	8.96973	
2.81311	8.96912	
2.81219	8.96851	
2.81097	8.96973	
2.81219	8.9682	
2.8125	8.96881	
2.81219	8.96973	
2.8125	8.9679	
2.81219	8.96942	
2.81219	8.96942	
2.81219	8.9679	
2.81219	8.97095	
2.81189	8.9682	
2.81219	8.97064	
2.8125	8.96912	
2.8125	8.96942	
2.81219	8.96912	
2.81189	8.9682	
2.8125	8.96942	
2.81219	8.96881	
2.8125	8.96912	
2.81189	8.96912	
2.8125	8.96942	
2.81219	8.96942	
2.81189	8.96881	
2.8125	8.96881	
2.81281	8.96942	
2.81219	8.96973	
2.81219	8.96912	
2.8125	8.9682	
2.81189	8.96942	
2.8125	8.96973	
2.81158	8.9682	
2.81189	8.97034	
2.81189	8.96942	
2.81219	8.97003	
2.81219	8.96942	
2.81189	8.9682	
2.81281	8.96912	
2.8125	8.96973	
2.8125	8.96942	
2.81189	8.96881	
2.8125	8.96759	
2.81219	8.97003	
2.81219	8.96942	
2.81219	8.96973	
2.81189	8.96912	
2.81219	8.96729	
2.81189	8.97003	
2.81219	8.96942	
2.81189	8.97003	
2.81189	8.96881	
2.81219	8.9682	
2.81219	8.96973	
2.81219	8.97003	
2.81219	8.96881	
2.81189	8.96912	
2.81219	8.96729	
2.81219	8.97034	
2.81219	8.96912	
2.8125	8.9679	
2.81189	8.96973	
2.81219	8.9679	
2.8125	8.97064	
2.81219	8.96942	
2.81189	8.9679	
2.81189	8.96973	
2.81219	8.96881	
2.8125	8.97125	
2.81189	8.96851	
2.81219	8.96881	
2.81189	8.96851	
2.8125	8.9682	
2.81219	8.97034	
2.81189	8.96881	
2.81219	8.9679	
2.81189	8.96912	
2.81219	8.9679	
2.81219	8.97034	
2.81189	8.96912	
2.81189	8.96912	
2.81219	8.96973	
2.81189	8.97034	
2.81219	8.97064	
2.81158	8.9679	
2.81219	8.9682	
2.81281	8.96973	
2.81281	8.96881	
2.81219	8.97003	
2.8125	8.96851	
2.81189	8.96881	
2.81219	8.96973	
2.81189	8.96881	
2.81219	8.9679	
2.81219	8.96851	
2.81158	8.96973	
2.81219	8.96942	
2.8125	8.96973	
2.81158	8.97034	
2.8125	8.96881	
2.81189	8.96912	
2.81219	8.97003	
2.81189	8.96881	
2.8125	8.96942	
2.81189	8.96881	
2.81219	8.96881	
2.81158	8.97003	
2.81219	8.96973	
2.81189	8.96759	
2.8125	8.97003	
2.81189	8.96912	
2.81219	8.96851	
2.81219	8.96881	
2.81219	8.97003	
2.81189	8.97034	
2.81281	8.97003	
2.81219	8.96912	
2.81219	8.97003	
2.81219	8.96851	
2.81219	8.9679	
2.81311	8.97064	
2.81189	8.96912	
2.81219	8.96851	
2.81281	8.96973	
2.81189	8.96912	
2.81281	8.96729	
2.81219	8.97034	
2.8125	8.96881	
2.81158	8.9682	
2.81219	8.97003	
2.81189	8.96912	
2.81219	8.96912	
2.81219	8.9679	
2.81219	8.9682	
2.81189	8.97064	
2.81189	8.96942	
2.81189	8.96729	
2.81219	8.97003	
2.81219	8.96851	
2.81189	8.96973	
2.81219	8.97034	
2.81281	8.96942	
2.81189	8.96973	
2.8125	8.96881	
2.81189	8.96942	
2.81219	8.96881	
2.8125	8.96912	
2.8125	8.96912	
2.81219	8.96942	
2.81281	8.96881	
2.8125	8.97003	
2.81281	8.96973	
2.81158	8.9682	
2.81189	8.97034	
2.8125	8.96912	
2.81219	8.96881	
2.81219	8.96881	
2.8125	8.96881	
2.81189	8.96759	
2.81219	8.96912	
2.81219	8.96912	
2.8125	8.96881	
2.81219	8.96881	
2.81281	8.97003	
2.8125	8.97034	
2.8125	8.96881	
2.81219	8.96851	
2.81189	8.96912	
2.8125	8.96881	
2.8125	8.97034	
2.8125	8.96942	
2.8125	8.96973	
2.81219	8.96912	
2.81219	8.96973	
2.81219	8.96759	
2.81189	8.96973	
2.81189	8.97003	
2.8125	8.96912	
2.8125	8.97034	
2.81189	8.96851	
2.81189	8.97064	
2.81219	8.96851	
2.81219	8.96881	
2.81189	8.96912	
2.81281	8.96881	
2.81219	8.96912	
2.8125	8.96912	
2.81281	8.96973	
2.81219	8.96942	
2.81189	8.96881	
2.8125	8.9679	
2.81219	8.97064	
2.81219	8.96973	
2.81281	8.96912	
2.81219	8.96881	
2.81189	8.9682	
2.81219	8.97125	
2.81158	8.96912	
2.81189	8.9682	
2.81189	8.96881	
2.8125	8.96912	
2.81158	8.9682	
2.81158	8.97003	
2.81189	8.96912	
2.81189	8.9679	
2.81281	8.96851	
2.8125	8.96851	
2.81189	8.96942	
2.81219	8.96851	
2.81219	8.96942	
2.81189	8.96973	
2.81219	8.96881	
2.81158	8.9682	
2.81219	8.97003	
2.81219	8.96851	
2.8125	8.96851	
2.81219	8.96973	
2.81219	8.96973	
2.81219	8.97034	
2.81189	8.96942	
2.81158	8.96942	
2.81281	8.96973	
2.8125	8.96881	
2.81189	8.96698	
2.8125	8.97156	
2.81158	8.96881	
2.81219	8.96851	
2.81219	8.97003	
2.81189	8.96912	
2.81219	8.9682	
2.81219	8.97034	
2.8125	8.96942	
2.8125	8.96881	
2.81219	8.96912	
2.81219	8.97003	
2.81219	8.97003	
2.8125	8.96912	
2.81311	8.96881	
2.81219	8.96912	
2.8125	8.96973	
2.81219	8.96912	
2.81158	8.96851	
2.81189	8.96942	
2.81219	8.96973	
2.81189	8.96942	
2.81158	8.96973	
2.81189	8.97064	
2.81189	8.96973	
2.81189	8.96851	
2.8125	8.96973	
2.8125	8.96912	
2.81219	8.96881	
2.8125	8.97003	
2.81189	8.96851	
2.8125	8.96973	
2.8125	8.96912	
2.81158	8.96881	
2.8125	8.96851	
2.81219	8.97034	
2.81219	8.96942	
2.81219	8.9682	
2.81219	8.96912	
2.81189	8.96881	
2.81189	8.96698	
2.81281	8.97064	
2.81189	8.9679	
2.8125	8.96912	
2.81189	8.96912	
2.81219	8.96942	
2.81219	8.9682	
2.81219	8.97003	
2.81189	8.96973	
2.81219	8.96881	
2.81189	8.96912	
2.81219	8.96881	
2.81281	8.97064	
2.81189	8.96881	
2.81219	8.9682	
2.81281	8.96881	
2.81158	8.96881	
2.8125	8.96912	
2.81219	8.96912	
2.81189	8.96942	
2.81219	8.96881	
2.81219	8.96942	
2.8125	8.96881	
2.8125	8.97003	
2.81219	8.96942	
2.81281	8.96881	
2.81219	8.97003	
2.81219	8.96851	
2.81158	8.96881	
2.81219	8.97034	
2.81219	8.96881	
2.81219	8.96973	
2.8125	8.96851	
2.8125	8.96912	
2.81189	8.96881	
2.8125	8.96973	
2.81219	8.96881	
2.81219	8.96912	
2.81219	8.96881	
2.81158	8.96942	
2.81219	8.96973	
2.81281	8.97064	
2.81219	8.96881	
2.81219	8.96851	
2.81189	8.96942	
2.81219	8.96942	
2.81219	8.97034	
2.81219	8.96912	
2.81189	8.96942	
2.81219	8.96973	
2.81219	8.96912	
2.81189	8.97003	
2.81158	8.97064	
2.8125	8.9682	
2.81158	8.96942	
2.81158	8.96912	
2.81219	8.96912	
2.8125	8.9679	
2.81219	8.96942	
2.81189	8.96851	
2.81158	8.96942	
2.81219	8.96912	
2.81219	8.96912	
2.81158	8.9682	
2.8125	8.96973	
2.81189	8.96973	
2.81189	8.96881	
2.81189	8.96912	
2.81281	8.97003	
2.81219	8.97064	
2.81219	8.96851	
2.8125	8.96942	
2.81281	8.96942	
2.81189	8.96973	
2.81158	8.96698	
2.81281	8.97003	
2.8125	8.96942	
2.81219	8.96881	
2.81219	8.97034	
2.81219	8.96881	
2.8125	8.96973	
2.81219	8.96912	
2.81219	8.96881	
2.81189	8.9682	
2.81219	8.96912	
2.81219	8.9679	
2.81219	8.97125	
2.81189	8.96912	
2.8125	8.96881	
2.8125	8.97003	
2.8125	8.96851	
2.81281	8.9679	
2.81189	8.97003	
2.81189	8.96881	
2.81219	8.9679	
2.81189	8.96912	
2.8125	8.96942	
2.8125	8.96973	
2.81189	8.96973	
2.8125	8.96942	
2.81219	8.96912	
2.81189	8.96881	
2.81219	8.97034	
2.81189	8.96912	
2.81219	8.9682	
2.81189	8.96912	
2.81189	8.96912	
2.81219	8.96942	
2.81219	8.96851	
2.81219	8.97034	
2.81219	8.96851	
2.81219	8.96973	
2.81281	8.96942	
2.8125	8.96912	
2.81219	8.96729	
2.81219	8.97095	
2.81219	8.96912	
2.81219	8.96973	
2.81189	8.96942	
2.81219	8.97003	
2.8125	8.9679	
2.8125	8.97034	
2.81219	8.9682	
2.81189	8.9682	
2.81219	8.96942	
2.81219	8.96881	
2.81219	8.96759	
2.81219	8.96973	
2.81219	8.96881	
2.8125	8.96912	
2.8125	8.96973	
2.81189	8.96973	
2.81219	8.96851	
2.81281	8.97095	
2.81189	8.96881	
2.81219	8.96881	
2.81281	8.96942	
2.81219	8.96973	
2.81219	8.97003	
2.81189	8.97003	
2.81219	8.96973	
2.8125	8.96881	
2.81219	8.96942	
2.81189	8.97003	
2.81189	8.96759	
2.81219	8.97003	
2.8125	8.96912	
2.81219	8.96942	
2.8125	8.96973	
2.81219	8.96912	
2.8125	8.9682	
2.81219	8.97064	
2.8125	8.96881	
2.81219	8.96851	
2.81219	8.97003	
2.81189	8.96942	
2.81189	8.9679	
2.81158	8.97064	
2.8125	8.96851	
2.81219	8.96912	
2.81219	8.96851	
2.8125	8.96973	
2.8125	8.9679	
2.81219	8.97156	
2.81189	8.96881	
2.81219	8.96912	
2.81281	8.96973	
2.8125	8.96912	
2.81189	8.96912	
2.81219	8.96973	
2.81158	8.96851	
2.81189	8.96912	
2.81219	8.96973	
2.8125	8.97034	
2.81189	8.96973	
2.81189	8.96912	
2.8125	8.96912	
2.81281	8.96881	
2.81219	8.96942	
2.81158	8.96759	
2.8125	8.97125	
2.81189	8.96973	
2.8125	8.96881	
2.81219	8.96881	
2.8125	8.97003	
2.81189	8.96759	
2.81219	8.97095	
2.81158	8.96973	
2.81189	8.96912	
2.81189	8.96942	
2.81219	8.96942	
2.81189	8.9682	
2.81219	8.96912	
2.81219	8.96851	
2.81219	8.96851	
2.81158	8.96973	
2.81219	8.9679	
2.8125	8.96973	
2.81219	8.96881	
2.81189	8.96942	
2.81219	8.96912	
2.81189	8.97034	
2.81219	8.9679	
2.81189	8.97064	
2.81219	8.96881	
2.81219	8.96851	
2.81281	8.96942	
2.81219	8.96942	
2.8125	8.96851	
2.81219	8.97003	
2.81219	8.96881	
2.81219	8.97003	
2.81219	8.97034	
2.81219	8.96942	
2.81219	8.9682	
2.8125	8.97095	
2.81219	8.96851	
2.8125	8.96912	
2.81219	8.96912	
2.81311	8.97003	
2.81219	8.96759	
2.81219	8.97095	
2.81189	8.96881	
2.81189	8.96973	
2.81281	8.96942	
2.81189	8.96912	
2.81158	8.9679	
2.81219	8.97125	
2.8125	8.9682	
2.81219	8.96881	
2.81219	8.96942	
2.81219	8.97003	
2.81219	8.96912	
2.81219	8.9682	
2.8125	8.97156	
2.81219	8.96851	
2.81219	8.96851	
2.81219	8.96912	
2.8125	8.96912	
2.81219	8.96973	
2.81219	8.97064	
2.81219	8.96912	
2.8125	8.96851	
2.81219	8.96942	
2.81219	8.97003	
2.8125	8.97003	
2.8125	8.97034	
2.81281	8.96912	
2.81219	8.96973	
2.81189	8.96912	
2.81189	8.96973	
2.81189	8.96942	
2.81281	8.9682	
2.81189	8.97095	
2.81219	8.96942	
2.81219	8.96912	
2.8125	8.96942	
2.81189	8.96973	
2.81219	8.97003	
2.81219	8.97003	
2.81219	8.96973	
2.8125	8.96973	
2.81219	8.96881	
2.81219	8.96973	
2.8125	8.96942	
2.81219	8.9679	
2.8125	8.97156	
2.81219	8.96942	
2.81219	8.96851	
2.81219	8.97003	
2.81189	8.96942	
2.81281	8.96912	
2.81219	8.97064	
2.81189	8.97003	
2.81219	8.96912	
2.8125	8.96851	
2.8125	8.96912	
2.81219	8.96973	
2.81219	8.96759	
2.81219	8.97064	
2.8125	8.96912	
2.8125	8.96973	
2.81219	8.97003	
2.81219	8.97003	
2.8125	8.96912	
2.8125	8.97034	
2.81219	8.96912	
2.81189	8.96973	
2.81219	8.9682	
2.81219	8.96942	
2.81281	8.96973	
2.81219	8.9682	
2.81219	8.97034	
2.81189	8.96912	
2.81219	8.96912	
2.81189	8.96851	
2.81219	8.96881	
2.81281	8.96942	
2.81281	8.96973	
2.81158	8.96881	
2.81189	8.96912	
2.81189	8.9682	
2.81219	8.96912	
2.81219	8.96881	
2.81189	8.96973	
2.81219	8.97034	
2.8125	8.96851	
2.81158	8.96973	
2.81311	8.96942	
2.81189	8.96973	
2.81219	8.9682	
2.81281	8.97003	
2.8125	8.96973	
2.81219	8.96973	
2.81281	8.97064	
2.81281	8.96942	
2.81189	8.96881	
2.81219	8.97003	
2.81158	8.96973	
2.81189	8.96881	
2.81189	8.96881	
2.81219	8.96973	
2.81219	8.96912	
2.81219	8.96759	
2.81189	8.97003	
2.81219	8.9682	
2.8125	8.96881	
2.8125	8.96881	
2.8125	8.96912	
2.81219	8.9682	
2.81219	8.97095	
2.8125	8.96851	
2.81189	8.96912	
2.81189	8.96881	
2.81219	8.96881	
2.8125	8.96942	
2.81189	8.96851	
2.81219	8.97064	
2.81219	8.96942	
2.81281	8.97003	
2.81219	8.96851	
2.81311	8.96973	
2.81189	8.96759	
2.81219	8.97064	
2.8125	8.96881	
2.81219	8.96912	
2.81189	8.97034	
2.81219	8.97003	
2.81311	8.9682	
2.81219	8.97095	
2.81189	8.96912	
2.8125	8.96912	
2.81219	8.96912	
2.81219	8.96973	
2.81219	8.96973	
2.81219	8.97003	
2.81219	8.96912	
2.81189	8.96973	
2.81219	8.96729	
2.8125	8.96942	
2.8125	8.96881	
2.81158	8.9679	
2.81219	8.97064	
2.8125	8.96881	
2.81219	8.96942	
2.81189	8.96912	
2.81219	8.96912	
2.81219	8.96973	
2.8125	8.96881	
2.8125	8.97064	
2.8125	8.96881	
2.81189	8.96881	
2.81219	8.96973	
2.8125	8.97034	
2.81189	8.96973	
2.81189	8.97034	
2.81189	8.96973	
2.81219	8.96881	
2.81219	8.96942	
2.81219	8.96942	
2.81189	8.96942	
2.81219	8.97034	
2.81219	8.96973	
2.81219	8.96942	
2.81219	8.96881	
2.81311	8.96912	
2.81219	8.96912	
2.81281	8.96973	
2.81219	8.97064	
2.81219	8.96942	
2.81219	8.96851	
2.81219	8.96942	
2.8125	8.96973	
2.81189	8.96973	
2.81219	8.96698	
2.81281	8.97064	
2.81219	8.96912	
2.8125	8.96912	
2.81219	8.96973	
2.81189	8.96942	
2.81219	8.96973	
2.81219	8.97003	
2.8125	8.96973	
2.81189	8.96881	
2.81189	8.97003	
2.81189	8.96881	
2.81219	8.96973	
2.81219	8.97003	
2.81219	8.96912	
2.8125	8.96942	
2.81281	8.96912	
2.81281	8.96942	
2.81158	8.96851	
2.81219	8.96912	
2.81219	8.96729	
2.8125	8.97034	
2.81219	8.96912	
2.8125	8.96912	
2.81189	8.96973	
2.8125	8.96912	
2.8125	8.96912	
2.81219	8.96942	
2.81189	8.96973	
2.81219	8.96881	
2.81219	8.96942	
2.81219	8.96881	
2.8125	8.96973	
2.81219	8.9679	
2.8125	8.97156	
2.81219	8.96912	
2.8125	8.96912	
2.81189	8.96851	
2.81219	8.96881	
2.81219	8.96942	
2.8125	8.96881	
2.8125	8.97064	
2.81219	8.96942	
2.81219	8.96912	
2.81219	8.96942	
2.81189	8.96881	
2.8125	8.9679	
2.81158	8.97034	
2.81281	8.9682	
2.81219	8.96881	
2.81189	8.96973	
2.81219	8.96912	
2.8125	8.9679	
2.81219	8.97034	
2.81189	8.96942	
2.81189	8.96912	
2.81219	8.96973	
2.81219	8.97003	
2.81219	8.96973	
2.81219	8.97003	
2.81219	8.96912	
2.81281	8.96912	
2.8125	8.96851	
2.81189	8.96973	
2.81219	8.96973	
2.81219	8.97034	
2.81281	8.97003	
2.8125	8.96973	
2.8125	8.96973	
2.8125	8.96881	
2.81219	8.96912	
2.81189	8.97003	
2.81219	8.96973	
2.81219	8.97034	
2.8125	8.96942	
2.81219	8.96912	
2.8125	8.96881	
2.81189	8.97003	
2.81219	8.96942	
2.8125	8.96912	
2.8125	8.97003	
2.8125	8.96942	
2.81219	8.96942	
2.8125	8.9682	
2.8125	8.96942	
2.8125	8.96912	
2.81219	8.96881	
2.8125	8.97064	
2.81219	8.96942	
2.81189	8.97003	
2.81219	8.97003	
2.81219	8.96942	
2.81219	8.96942	
2.81219	8.96973	
2.81281	8.97064	
2.81189	8.97003	
2.81189	8.96912	
2.8125	8.96973	
2.81219	8.96942	
2.8125	8.96912	
2.8125	8.96973	
2.81281	8.96942	
2.81189	8.96912	
2.81219	8.96942	
2.8125	8.96942	
2.81219	8.96912	
2.81189	8.9679	
2.8125	8.97095	
2.81281	8.96973	
2.81189	8.96942	
2.8125	8.96881	
2.81219	8.96912	
2.81219	8.96881	
2.81219	8.96851	
2.8125	8.97095	
2.81281	8.96912	
2.81219	8.96912	
2.81219	8.96912	
2.81219	8.96942	
2.81189	8.96942	
2.81189	8.96881	
2.8125	8.96881	
2.8125	8.96973	
2.81158	8.96881	
2.81219	8.96912	
2.8125	8.96942	
2.81219	8.96973	
2.81219	8.96851	
2.8125	8.96729	
2.8125	8.96973	
2.8125	8.96973	
2.81281	8.96912	
2.81219	8.9682	
2.81189	8.96912	
2.8125	8.9682	
2.81219	8.96759	
2.81219	8.97186	
2.8125	8.96912	
2.81219	8.96912	
2.81219	8.96912	
2.81219	8.96851	
2.81219	8.96973	
2.81219	8.96942	
2.81219	8.96759	
2.8125	8.97095	
2.81219	8.9682	
2.81219	8.96973	
2.81219	8.96912	
2.81219	8.96912	
2.81158	8.9682	
2.81219	8.9679	
2.81219	8.97095	
2.81158	8.96912	
2.81219	8.96942	
2.81219	8.96851	
2.8125	8.96912	
2.81219	8.96912	
2.81219	8.9682	
2.81189	8.97034	
2.8125	8.96881	
2.81219	8.96973	
2.81158	8.96912	
2.81219	8.97003	
2.81158	8.96881	
2.81189	8.96851	
2.81219	8.97095	
2.8125	8.96912	
2.81219	8.96973	
2.81189	8.96973	
2.81158	8.96973	
2.81219	8.96973	
2.81281	8.96973	
2.81189	8.97003	
2.81219	8.96912	
2.81219	8.96942	
2.8125	8.96973	
2.81219	8.97034	
2.81219	8.96759	
2.8125	8.97095	
2.81219	8.96973	
2.8125	8.96912	
2.8125	8.96851	
2.8125	8.96942	
2.8125	8.96942	
2.81219	8.96942	
2.81158	8.97003	
2.8125	8.9679	
2.81219	8.96912	
2.81219	8.96912	
2.81189	8.96942	
2.81189	8.97003	
2.81219	8.9682	
2.81219	8.96973	
2.81219	8.97003	
2.81189	8.96851	
2.81189	8.96912	
2.8125	8.97003	
2.8125	8.96851	
2.81219	8.96851	
2.8125	8.96851	
2.81219	8.97064	
2.81219	8.96912	
2.81189	8.97003	
2.8125	8.96881	
2.8125	8.96973	
2.81219	8.96912	
2.81219	8.9682	
2.81219	8.96759	
2.81189	8.97064	
2.8125	8.96912	
2.81219	8.96942	
2.81219	8.96851	
2.81189	8.97095	
2.81219	8.96881	
2.81189	8.96942	
2.81189	8.9682	
2.81311	8.97156	
2.81189	8.96851	
2.8125	8.96851	
2.81189	8.96851	
2.81219	8.96881	
2.81189	8.96912	
2.8125	8.96881	
2.81219	8.9679	
2.8125	8.97064	
2.8125	8.96881	
2.8125	8.96912	
2.8125	8.96942	
2.81189	8.96912	
2.81219	8.97003	
2.81311	8.96942	
2.81281	8.96881	
2.81189	8.97095	
2.8125	8.96881	
2.81158	8.96973	
2.81281	8.96729	
2.81281	8.96942	
2.81219	8.96942	
2.81189	8.96942	
2.81219	8.96912	
2.81219	8.97034	
2.81219	8.9679	
2.81219	8.96973	
2.81219	8.9679	
2.81281	8.96942	
2.8125	8.96942	
2.8125	8.96881	
2.81189	8.9682	
2.81281	8.97034	
2.81158	8.96973	
2.8125	8.97003	
2.81219	8.96912	
2.81189	8.96973	
2.81219	8.96942	
2.8125	8.96973	
2.81189	8.9679	
2.8125	8.97003	
2.8125	8.96912	
2.81219	8.96942	
2.8125	8.96851	
2.8125	8.96881	
2.81189	8.97064	
2.81219	8.96912	
2.8125	8.96912	
2.81219	8.97003	
2.81189	8.97003	
2.81219	8.96973	
2.8125	8.96973	
2.81219	8.96942	
2.81281	8.96973	
2.81219	8.96881	
2.8125	8.97034	
2.81189	8.96851	
2.81219	8.96912	
2.81189	8.97003	
2.81219	8.9682	
2.81219	8.96942	
2.81219	8.96973	
2.81281	8.96942	
2.81189	8.96973	
2.81219	8.96759	
2.81281	8.97003	
2.8125	8.96912	
2.81311	8.96912	
2.81189	8.9679	
2.81189	8.96973	
2.81189	8.96942	
2.81219	8.96759	
2.81281	8.97156	
2.8125	8.96973	
2.8125	8.96973	
2.81219	8.9679	
2.81219	8.96942	
2.8125	8.97003	
2.81158	8.96851	
2.81189	8.97034	
2.81189	8.97003	
2.81281	8.96912	
2.81219	8.96973	
2.81219	8.96973	
2.8125	8.96912	
2.81158	8.96912	
2.81219	8.9682	
2.81189	8.97003	
2.81219	8.96912	
2.81189	8.96973	
2.81219	8.97003	
2.81158	8.96881	
2.81219	8.96881	
2.8125	8.96851	
2.8125	8.97125	
2.81219	8.96881	
2.81311	8.96912	
2.8125	8.96881	
2.81281	8.96881	
2.81219	8.96912	
2.81219	8.96759	
2.81189	8.97095	
2.81219	8.97003	
2.81219	8.96973	
2.81219	8.9682	
2.8125	8.9682	
2.81219	8.96942	
2.81219	8.96851	
2.8125	8.96973	
2.8125	8.96942	
2.81219	8.9682	
2.81219	8.9682	
2.81189	8.96881	
2.81189	8.96973	
2.81158	8.96973	
2.81189	8.96881	
2.81219	8.97095	
2.81219	8.96881	
2.8125	8.96942	
2.8125	8.96942	
2.8125	8.97003	
2.8125	8.96912	
2.8125	8.96942	
2.81281	8.9682	
2.81219	8.97003	
2.81158	8.96942	
2.8125	8.97003	
2.8125	8.96912	
2.81219	8.96912	
2.8125	8.96912	
2.81219	8.96942	
2.81219	8.96912	
2.81219	8.9682	
2.81158	8.96851	
2.81128	8.97003	
2.81219	8.96942	
2.81189	8.97003	
2.81219	8.96973	
2.8125	8.96881	
2.8125	8.97064	
2.81219	8.96851	
2.81219	8.96881	
2.81219	8.9679	
2.81219	8.96912	
2.81281	8.96973	
2.81189	8.96881	
2.81219	8.96851	
2.81219	8.97034	
2.81189	8.96881	
2.81219	8.9682	
2.81219	8.96912	
2.8125	8.97034	
2.81219	8.96912	
2.81219	8.96912	
2.81219	8.96851	
2.81219	8.97003	
2.81158	8.96912	
2.81219	8.96881	
2.81189	8.96851	
2.81189	8.96942	
2.81219	8.96851	
2.8125	8.96942	
2.81189	8.96973	
2.81189	8.97003	
2.8125	8.96912	
2.81189	8.96912	
2.81311	8.97034	
2.81219	8.96942	
2.81219	8.96973	
2.81219	8.96973	
2.8125	8.97034	
2.81158	8.9679	
2.81219	8.97003	
2.81219	8.9679	
2.81219	8.96973	
2.81219	8.9682	
2.81189	8.96973	
2.8125	8.96912	
2.81189	8.97034	
2.81189	8.96942	
2.81219	8.96881	
2.81281	8.96942	
2.8125	8.96942	
2.81219	8.96881	
2.8125	8.97003	
2.81281	8.96881	
2.81158	8.96912	
2.81189	8.9679	
2.8125	8.97034	
2.81189	8.96912	
2.81219	8.96942	
2.81219	8.96942	
2.81219	8.96851	
2.8125	8.96881	
2.81189	8.96942	
2.81219	8.97034	
2.81189	8.96973	
2.81219	8.97034	
2.81158	8.96851	
2.81158	8.96973	
2.8125	8.96881	
2.81219	8.96973	
2.81219	8.96912	
2.81189	8.96851	
2.81219	8.97003	
2.81189	8.96942	
2.81219	8.96912	
2.81219	8.96942	
2.8125	8.96851	
2.81281	8.96942	
2.8125	8.96912	
2.8125	8.96881	
2.81189	8.9682	
2.81189	8.97125	
2.81219	8.9682	
2.81189	8.96912	
2.81219	8.96942	
2.81189	8.96942	
2.8125	8.96851	
2.81189	8.96942	
2.81219	8.9682	
2.81219	8.97095	
2.81158	8.97095	
2.81189	8.96912	
2.8125	8.9682	
2.81281	8.9679	
2.81189	8.96912	
2.8125	8.97003	
2.8125	8.96973	
2.81189	8.96759	
2.81281	8.97034	
2.81219	8.96881	
2.81189	8.96881	
2.8125	8.96942	
2.81311	8.96912	
2.8125	8.96912	
2.81219	8.96973	
2.81219	8.96729	
2.81219	8.96973	
2.8125	8.96973	
2.81158	8.96912	
2.81158	8.97003	
2.81311	8.9682	
2.8125	8.96973	
2.81189	8.96942	
2.81189	8.96942	
2.81189	8.96851	
2.8125	8.97034	
2.81219	8.97034	
2.81219	8.9682	
2.81189	8.96912	
2.81219	8.96851	
2.81219	8.97034	
2.8125	8.96942	
2.8125	8.96942	
2.81158	8.9682	
2.81219	8.96912	
2.81219	8.97064	
2.81158	8.96912	
2.8125	8.96973	
2.81281	8.96942	
2.81281	8.96912	
2.81189	8.97003	
2.8125	8.97003	
2.81219	8.96973	
2.81189	8.96973	
2.81281	8.96912	
2.81281	8.96942	
2.8125	8.96759	
2.81189	8.96973	
2.8125	8.96942	
2.81281	8.96851	
2.81219	8.97034	
2.8125	8.96851	
2.8125	8.97125	
2.81158	8.96881	
2.81219	8.96942	
2.8125	8.9682	
2.8125	8.9679	
2.81219	8.97003	
2.81219	8.96881	
2.81189	8.96729	
2.81219	8.97064	
2.81189	8.97003	
2.81189	8.96881	
2.8125	8.96942	
2.81158	8.97003	
2.81281	8.97034	
2.81189	8.96973	
2.81219	8.97034	
2.81219	8.96942	
2.81189	8.96912	
2.81189	8.97095	
2.81219	8.97003	
2.81219	8.96942	
2.8125	8.96942	
2.81219	8.96973	
2.81219	8.9682	
2.81219	8.97003	
2.81128	8.96973	
2.81219	8.97003	
2.81219	8.9679	
2.81219	8.97064	
2.81189	8.96881	
2.81219	8.96942	
2.8125	8.96973	
2.81219	8.9682	
2.81219	8.96912	
2.81189	8.96973	
2.8125	8.96912	
2.8125	8.9679	
2.8125	8.97003	
2.81219	8.97034	
2.81219	8.96881	
2.81219	8.97003	
2.8125	8.96881	
2.81219	8.97003	
2.81281	8.96942	
2.81219	8.96942	
2.8125	8.9679	
2.81158	8.97003	
2.81281	8.96942	
2.81158	8.96851	
2.81189	8.96881	
2.8125	8.96881	
2.81311	8.96912	
2.81219	8.96942	
2.8125	8.9682	
2.81219	8.96729	
2.81219	8.97003	
2.81219	8.96973	
2.81281	8.96912	
2.81189	8.97003	
2.81219	8.96912	
2.81219	8.96912	
2.81189	8.96881	
2.81219	8.96973	
2.81158	8.97034	
2.81219	8.97095	
2.81219	8.96973	
2.81219	8.97003	
2.81311	8.96942	
2.81219	8.96851	
2.8125	8.96912	
2.8125	8.96912	
2.81158	8.96851	
2.81189	8.97003	
2.81219	8.96973	
2.8125	8.97003	
2.81189	8.97003	
2.81219	8.96851	
2.81219	8.96942	
2.81281	8.9679	
2.81219	8.97003	
2.81219	8.96912	
2.81189	8.96942	
2.81219	8.96973	
2.8125	8.96942	
2.81219	8.97064	
2.81281	8.96912	
2.81219	8.96973	
2.8125	8.96851	
2.81219	8.96881	
2.81281	8.96942	
2.81219	8.96942	
2.81158	8.96759	
2.81189	8.96973	
2.8125	8.97064	
2.81281	8.96881	
2.81281	8.96942	
2.8125	8.9682	
2.81281	8.97003	
2.81219	8.96912	
2.81158	8.97003	
2.81219	8.96942	
2.81189	8.97003	
2.81189	8.97003	
2.81281	8.96973	
2.8125	8.96912	
2.8125	8.96759	
2.81219	8.9682	
2.81219	8.96942	
2.8125	8.96942	
2.8125	8.9682	
2.81281	8.97095	
2.81189	8.96851	
2.81219	8.96942	
2.8125	8.96942	
2.81219	8.96851	
2.8125	8.96881	
2.8125	8.96973	
2.8125	8.97003	
2.81158	8.96759	
2.8125	8.97064	
2.81219	8.97034	
2.8125	8.9682	
2.81281	8.96881	
2.81219	8.96942	
2.81189	8.96881	
2.81281	8.96942	
2.8125	8.96881	
2.81281	8.96912	
2.81189	8.96973	
2.81281	8.96759	
2.81219	8.97064	
2.81281	8.97064	
2.8125	8.96912	
2.8125	8.96881	
2.81219	8.96942	
2.81189	8.96942	
2.81189	8.96912	
2.81219	8.96973	
2.81219	8.9682	
2.81219	8.9679	
2.81189	8.97064	
2.8125	8.96942	
2.8125	8.96881	
2.81219	8.96942	
2.81281	8.96942	
2.8125	8.96942	
2.81219	8.96942	
2.81219	8.96973	
2.8125	8.96729	
2.81219	8.97064	
2.8125	8.97003	
2.81219	8.96942	
2.81219	8.96912	
2.81219	8.96942	
2.81189	8.9679	
2.81219	8.96912	
2.81219	8.96942	
2.81219	8.96942	
2.81219	8.96973	
2.8125	8.9682	
2.81189	8.97003	
2.81189	8.97034	
2.81189	8.96942	
2.81219	8.96881	
2.81219	8.96912	
2.81219	8.96973	
2.81219	8.96973	
2.81281	8.96881	
2.81219	8.96912	
2.81219	8.96881	
2.8125	8.97064	
2.81128	8.96881	
2.8125	8.96912	
2.81219	8.97003	
2.81219	8.96881	
2.8125	8.97034	
2.81219	8.96881	
2.81281	8.96912	
2.81189	8.96698	
2.81158	8.97095	
2.81219	8.96912	
2.8125	8.96942	
2.8125	8.96912	
2.81219	8.9682	
2.81281	8.96912	
2.81219	8.96881	
2.81219	8.97034	
2.81189	8.96973	
2.81219	8.97003	
2.81219	8.96973	
2.81219	8.96912	
2.81189	8.96912	
2.81219	8.96881	
2.81219	8.96881	
2.8125	8.97003	
2.81219	8.96973	
2.81189	8.96881	
2.81158	8.9682	
2.81189	8.97064	
2.81219	8.96912	
2.81189	8.96881	
2.81219	8.96851	
2.81189	8.96973	
2.8125	8.97034	
2.81189	8.97003	
2.81311	8.96729	
2.8125	8.97034	
2.81219	8.97034	
2.81189	8.96942	
2.8125	8.96881	
2.81189	8.96881	
2.81219	8.9682	
2.8125	8.96942	
2.81128	8.97034	
2.81189	8.96881	
2.81158	8.96729	
2.81219	8.97003	
2.81219	8.97034	
2.81219	8.96942	
2.81219	8.96973	
2.8125	8.96973	
2.81158	8.96912	
2.81281	8.96973	
2.81219	8.96973	
2.81189	8.96973	
2.81189	8.96881	
2.81219	8.96851	
2.81189	8.97064	
2.81281	8.97034	
2.81281	8.9682	
2.81219	8.96851	
2.81189	8.96881	
2.81219	8.96851	
2.81281	8.96912	
2.81158	8.96973	
2.81219	8.96973	
2.81158	8.97064	
2.81219	8.9679	
2.81219	8.97064	
2.8125	8.97003	
2.81219	8.96881	
2.81189	8.96881	
2.81219	8.96912	
2.81219	8.97003	
2.81189	8.96973	
2.81189	8.97003	
2.81219	8.96942	
2.81219	8.96759	
2.8125	8.97003	
2.81219	8.97003	
2.81219	8.96973	
2.81189	8.96942	
2.8125	8.9682	
2.81219	8.96912	
2.81219	8.96881	
2.81219	8.96912	
2.81219	8.96881	
2.81219	8.96942	
2.81189	8.97034	
2.81158	8.97003	
2.8125	8.96881	
2.81219	8.96912	
2.81219	8.96759	
2.81189	8.96912	
2.81219	8.96881	
2.81281	8.97003	
2.81219	8.96912	
2.81219	8.96881	
2.81219	8.96881	
2.81219	8.97034	
2.81189	8.96912	
2.81189	8.96973	
2.81189	8.96912	
2.81219	8.97034	
2.81189	8.96912	
2.81219	8.97003	
2.81281	8.96912	
2.81219	8.9679	
2.81219	8.97095	
2.81189	8.96881	
2.81158	8.96881	
2.81219	8.96912	
2.81219	8.96729	
2.81219	8.96851	
2.81219	8.97003	
2.81158	8.96912	
2.81189	8.96973	
2.8125	8.96912	
2.81311	8.97095	
2.81189	8.96912	
2.81219	8.96851	
2.81219	8.96851	
2.8125	8.96942	
2.81189	8.96881	
2.81219	8.96881	
2.81219	8.96973	
2.81219	8.96973	
2.81219	8.9679	
2.81219	8.96912	
2.81219	8.97064	
2.81219	8.96942	
2.81158	8.96912	
2.81158	8.96851	
2.81189	8.9679	
2.81219	8.96942	
2.81281	8.96912	
2.8125	8.96912	
2.81189	8.96912	
2.81219	8.96942	
2.81158	8.97064	
2.81189	8.96942	
2.81219	8.96973	
2.81189	8.96881	
2.81189	8.96759	
2.81219	8.97034	
2.81219	8.96942	
2.81189	8.96851	
2.81189	8.97003	
2.81189	8.96759	
2.81219	8.97064	
2.81219	8.96912	
2.81219	8.96851	
2.81219	8.97003	
2.8125	8.96881	
2.81219	8.96912	
2.81219	8.97003	
2.8125	8.96973	
2.81158	8.96759	
2.8125	8.96973	
2.81219	8.97034	
2.8125	8.96881	
2.81219	8.96942	
2.8125	8.9682	
2.81219	8.97095	
2.81189	8.96942	
2.81219	8.96912	
2.81189	8.96942	
2.81219	8.9679	
2.81189	8.97064	
2.81158	8.96973	
2.81219	8.96881	
2.81219	8.9682	
2.81189	8.96942	
2.81219	8.96912	
2.8125	8.97003	
2.81219	8.96912	
2.81158	8.96973	
2.81158	8.9682	
2.81219	8.97003	
2.8125	8.96912	
2.81189	8.96973	
2.81219	8.96912	
2.81189	8.9679	
2.81219	8.97003	
2.81311	8.96942	
2.81158	8.96881	
2.81219	8.96912	
2.8125	8.9682	
2.81219	8.96942	
2.81219	8.97034	
2.81219	8.97034	
2.81281	8.96851	
2.8125	8.96912	
2.81219	8.96912	
2.8125	8.96942	
2.81281	8.96912	
2.81219	8.96942	
2.81158	8.96881	
2.81219	8.96881	
2.81219	8.97003	
2.81189	8.97064	
2.8125	8.96881	
2.81219	8.96851	
2.81219	8.96851	
2.81219	8.96973	
2.8125	8.96912	
2.8125	8.96973	
2.8125	8.96942	
2.8125	8.96881	
2.8125	8.97095	
2.81281	8.9682	
2.81219	8.96881	
2.8125	8.96942	
2.8125	8.96759	
2.81219	8.96942	
2.8125	8.96912	
2.8125	8.96912	
2.8125	8.97034	
2.81281	8.9679	
2.81281	8.97064	
2.81189	8.97003	
2.8125	8.96881	
2.81219	8.96881	
2.81189	8.96912	
2.81219	8.96912	
2.81219	8.96973	
2.81219	8.96973	
2.81189	8.96912	
2.8125	8.96759	
2.81219	8.97034	
2.8125	8.97034	
2.81219	8.96942	
2.8125	8.96881	
2.8125	8.96942	
2.8125	8.9682	
2.81219	8.96851	
2.81219	8.96973	
2.81281	8.97003	
2.8125	8.96881	
2.81189	8.96851	
2.81219	8.96881	
2.81219	8.97095	
2.81219	8.97064	
2.81219	8.96942	
2.81219	8.96851	
2.81219	8.96942	
2.81219	8.96942	
2.81219	8.96881	
2.81189	8.96912	
2.81219	8.96912	
2.81219	8.96942	
2.81219	8.96881	
2.81189	8.96912	
2.81189	8.96759	
2.81219	8.96973	
2.81158	8.97064	
2.81128	8.97095	
2.81128	8.96973	
2.81158	8.96881	
2.81067	8.96881	
2.81128	8.96851	
2.81036	8.96942	
2.81097	8.96942	
2.81036	8.96912	
2.80975	8.96973	
2.81036	8.9682	
2.80975	8.9682	
2.80945	8.96759	
2.80975	8.96851	
2.80975	8.97064	
2.80853	8.97064	
2.79022	8.96912	
2.69684	8.974	
2.41882	8.98865	
1.96991	9.01794	
1.50177	9.05548	
1.09802	9.10461	
0.779114	9.15649	
0.541077	9.20837	
0.369568	9.2572	
0.249939	9.30023	
0.167236	9.33441	
0.110779	9.35913	
0.072937	9.37958	
0.0482178	9.39392	
0.0317383	9.40247	
0.0213623	9.40582	
0.0140381	9.4104	
0.0088501	9.41315	
0.00610352	9.41559	
0.00396729	9.41498	
0.00274658	9.4165	
0.00244141	9.41772	
0.00183105	9.41803	
0.0012207	9.41772	
0.000305176	9.41956	
0.000915527	9.41956	
0.000610352	9.41772	
0	9.42017	
-0.000305176	9.41925	
-0.000305176	9.41742	
-0.000610352	9.41864	
-0.000305176	9.41925	
0	9.42017	
-0.000305176	9.41956	
-0.000610352	9.42047	
-0.000610352	9.42017	
-0.000915527	9.42017	
-0.000915527	9.42017	
-0.000610352	9.42017	
0.000305176	9.42017	
-0.000610352	9.41772	
-0.000915527	9.41864	
-0.000305176	9.42139	
-0.000610352	9.42017	
-0.000305176	9.41895	
-0.000610352	9.41925	
0.000305176	9.42017	
0	9.42139	
-0.000305176	9.42017	
-0.000610352	9.42139	
0	9.42139	
-0.000610352	9.42017	
-0.000915527	9.42108	
-0.000610352	9.42078	
-0.0012207	9.42108	
-0.000915527	9.42017	
-0.000610352	9.41956	
-0.000305176	9.42139	
-0.0012207	9.4223	
-0.000305176	9.42169	
0	9.42017	
-0.000915527	9.42108	
-0.000305176	9.42139	
-0.0012207	9.42047	
-0.000915527	9.42078	
-0.000610352	9.42139	
-0.000610352	9.42017	
0	9.42108	
0	9.42139	
-0.000610352	9.42078	
-0.000610352	9.42108	
-0.000610352	9.42108	
-0.000305176	9.42139	
-0.000305176	9.41986	
-0.000610352	9.42017	
-0.000610352	9.42169	
-0.000610352	9.4223	
0	9.422	
0	9.42078	
-0.000610352	9.42108	
-0.000610352	9.42108	
-0.00152588	9.42047	
-0.000915527	9.42047	
-0.000915527	9.42047	
-0.000610352	9.42108	
-0.000610352	9.42047	
-0.000610352	9.42047	
-0.000915527	9.42108	
-0.000610352	9.42047	
-0.000915527	9.42078	
-0.000915527	9.41864	
-0.000305176	9.41956	
-0.0012207	9.422	
0	9.42169	
0	9.42017	
-0.000610352	9.42047	
-0.000915527	9.42108	
-0.000610352	9.41986	
-0.000915527	9.42047	
-0.000610352	9.42047	
-0.000915527	9.42078	
-0.000305176	9.42017	
-0.000915527	9.42078	
-0.000610352	9.42078	
-0.000610352	9.42017	
-0.000610352	9.42047	
-0.000610352	9.42017	
-0.000915527	9.42017	
-0.000305176	9.42322	
-0.000610352	9.42261	
-0.000610352	9.42169	
-0.000915527	9.42047	
-0.0012207	9.42139	
-0.000915527	9.422	
-0.000915527	9.42169	
-0.000610352	9.42108	
-0.000305176	9.4223	
-0.000915527	9.42139	
-0.000915527	9.42108	
-0.000305176	9.42169	
-0.000610352	9.42047	
-0.000305176	9.42139	
-0.000610352	9.42383	
-0.000610352	9.42322	
-0.000305176	9.422	
-0.000610352	9.42108	
-0.000610352	9.422	
-0.000915527	9.4223	
-0.000610352	9.42078	
-0.000610352	9.42108	
-0.000305176	9.42108	
-0.000610352	9.422	
-0.000305176	9.42139	
-0.0012207	9.42139	
-0.000915527	9.42169	
-0.000610352	9.422	
-0.00152588	9.422	
-0.00183105	9.42078	
-0.000610352	9.42169	
-0.00152588	9.42261	
-0.000610352	9.4223	
-0.000305176	9.42169	
-0.0012207	9.42169	
-0.000610352	9.42047	
-0.000915527	9.4223	
-0.000610352	9.42047	
0	9.4223	
-0.000915527	9.42139	
-0.000610352	9.422	
-0.000305176	9.42139	
-0.000915527	9.4223	
-0.000305176	9.42017	
-0.000610352	9.42078	
-0.000305176	9.4223	
-0.000915527	9.42261	
-0.000915527	9.42169	
-0.000915527	9.42139	
-0.000305176	9.42078	
-0.000915527	9.42169	
-0.000610352	9.42108	
-0.000915527	9.422	
-0.0012207	9.42169	
-0.0012207	9.42169	
-0.0012207	9.42078	
-0.000305176	9.42169	
-0.000915527	9.42139	
-0.000610352	9.42169	
-0.000305176	9.41986	
-0.000610352	9.4223	
-0.000610352	9.4223	
-0.000610352	9.42291	
-0.000610352	9.42139	
-0.0012207	9.42139	
-0.000610352	9.42139	
-0.000610352	9.42017	
-0.000915527	9.422	
-0.000915527	9.422	
-0.000305176	9.42169	
-0.000610352	9.42169	
-0.000305176	9.42047	
-0.000305176	9.42139	
-0.000610352	9.42291	
-0.000610352	9.422	
-0.000610352	9.42078	
-0.000915527	9.422	
-0.000610352	9.42139	
-0.000915527	9.42078	
-0.000915527	9.42261	
0	9.422	
-0.000915527	9.42169	
-0.000305176	9.4223	
0	9.42261	
-0.000915527	9.42078	
-0.000915527	9.42047	
-0.000305176	9.42261	
-0.000915527	9.42261	
-0.000305176	9.42322	
-0.0012207	9.4223	
-0.000305176	9.42169	
-0.000610352	9.42169	
-0.000915527	9.42139	
-0.000915527	9.422	
-0.000305176	9.4223	
-0.000610352	9.42139	
-0.000305176	9.422	
-0.000305176	9.42169	
-0.000610352	9.42139	
-0.000610352	9.422	
-0.000915527	9.42139	
-0.000305176	9.42322	
-0.000305176	9.42047	
-0.0012207	9.42108	
-0.000305176	9.42291	
-0.000305176	9.42291	
-0.000610352	9.4223	
-0.000305176	9.42047	
-0.000610352	9.42169	
-0.000610352	9.42108	
-0.000915527	9.42108	
-0.000915527	9.42139	
-0.000610352	9.42139	
-0.000915527	9.42169	
-0.00183105	9.42139	
-0.00152588	9.4223	
-0.00152588	9.422	
-0.00183105	9.42139	
-0.0012207	9.42169	
-0.00183105	9.42047	
-0.00152588	9.4223	
-0.00152588	9.42322	
-0.000915527	9.42261	
-0.0012207	9.422	
-0.00152588	9.42169	
-0.000610352	9.42139	
-0.000305176	9.42169	
-0.000915527	9.422	
-0.000915527	9.42108	
-0.000305176	9.42169	
-0.000610352	9.4223	
-0.000610352	9.42139	
-0.00152588	9.422	
-0.0012207	9.422	
-0.000305176	9.42139	
-0.000915527	9.42261	
-0.000610352	9.42139	
0	9.42017	
-0.000915527	9.42291	
-0.000915527	9.42261	
-0.000305176	9.42261	
-0.000915527	9.42291	
-0.000610352	9.4223	
-0.000915527	9.4223	
-0.000915527	9.42169	
-0.000610352	9.42169	
-0.000610352	9.422	
-0.000610352	9.42169	
-0.000915527	9.42108	
-0.000610352	9.42078	
-0.000610352	9.422	
-0.000610352	9.42108	
-0.000610352	9.422	
-0.00152588	9.4223	
-0.000610352	9.422	
-0.000610352	9.422	
-0.00152588	9.42078	
-0.000610352	9.42108	
-0.000305176	9.422	
-0.000305176	9.4223	
-0.000915527	9.42383	
-0.000915527	9.42169	
-0.000915527	9.42078	
0	9.42139	
-0.000915527	9.42261	
-0.000610352	9.42139	
-0.000915527	9.422	
-0.00152588	9.422	
-0.000915527	9.42017	
-0.000610352	9.42169	
-0.000915527	9.4223	
-0.000610352	9.422	
-0.000610352	9.422	
-0.000610352	9.42169	
-0.000915527	9.422	
-0.000915527	9.42139	
-0.000915527	9.4223	
-0.000610352	9.42047	
-0.000915527	9.422	
-0.000610352	9.42383	
-0.000305176	9.42291	
-0.000915527	9.42139	
-0.000915527	9.42139	
-0.000915527	9.422	
-0.00152588	9.42139	
-0.000915527	9.42047	
-0.000915527	9.42078	
-0.000915527	9.4223	
0	9.422	
-0.000915527	9.42139	
-0.000610352	9.42169	
-0.000610352	9.42261	
-0.000610352	9.42169	
-0.000915527	9.422	
-0.000915527	9.42169	
-0.000610352	9.42291	
-0.000915527	9.4223	
-0.000305176	9.42169	
-0.000610352	9.42169	
-0.000305176	9.42108	
-0.000915527	9.42108	
-0.000610352	9.42169	
-0.000610352	9.42108	
-0.000610352	9.42108	
-0.000610352	9.42139	
-0.0012207	9.42261	
-0.000915527	9.42169	
-0.0012207	9.422	
-0.000305176	9.42169	
-0.000610352	9.422	
-0.000915527	9.42169	
-0.000915527	9.42047	
-0.000915527	9.42078	
-0.000915527	9.42322	
-0.000610352	9.42291	
-0.000610352	9.42291	
-0.000305176	9.42108	
-0.000305176	9.42047	
-0.000915527	9.422	
-0.000610352	9.42139	
-0.0012207	9.42139	
-0.0012207	9.42139	
0	9.41986	
-0.000610352	9.42139	
-0.000610352	9.422	
-0.000305176	9.42169	
-0.0012207	9.422	
-0.000610352	9.422	
-0.000610352	9.42261	
-0.000915527	9.42108	
-0.000610352	9.4223	
-0.000610352	9.42047	
0	9.42108	
-0.000915527	9.4223	
-0.000915527	9.42291	
-0.000610352	9.42261	
-0.0012207	9.42291	
-0.000915527	9.42291	
-0.000915527	9.42169	
-0.000610352	9.42078	
-0.000915527	9.42169	
-0.000915527	9.42139	
-0.000305176	9.42108	
-0.000915527	9.42139	
-0.0012207	9.42169	
0	9.42169	
-0.000610352	9.42108	
-0.000915527	9.42169	
-0.000610352	9.42291	
-0.000305176	9.42169	
-0.000915527	9.422	
-0.000305176	9.4223	
-0.0012207	9.42139	
-0.000915527	9.42169	
-0.000610352	9.42108	
-0.000915527	9.4223	
-0.000610352	9.42017	
-0.000915527	9.42169	
-0.000915527	9.42261	
-0.000915527	9.42322	
-0.000305176	9.42261	
-0.0012207	9.4223	
-0.000610352	9.4223	
-0.000915527	9.42169	
-0.000610352	9.42169	
-0.000610352	9.422	
-0.0012207	9.422	
-0.000610352	9.42169	
-0.000915527	9.422	
-0.000915527	9.42169	
-0.00152588	9.42139	
-0.000610352	9.4223	
-0.000305176	9.42169	
-0.000915527	9.4223	
-0.000610352	9.42139	
-0.000610352	9.42108	
-0.000915527	9.422	
-0.000610352	9.42261	
-0.000915527	9.42017	
-0.0012207	9.42078	
-0.000610352	9.42108	
-0.000610352	9.42383	
-0.000915527	9.42291	
-0.000610352	9.42139	
-0.0012207	9.42139	
-0.000610352	9.422	
-0.000915527	9.42169	
-0.000305176	9.422	
-0.000915527	9.42169	
-0.000915527	9.422	
-0.000915527	9.42261	
-0.000610352	9.42169	
-0.000915527	9.42017	
-0.0012207	9.422	
-0.000610352	9.4223	
-0.000915527	9.422	
-0.000305176	9.42169	
-0.000305176	9.42139	
-0.000305176	9.422	
-0.000610352	9.42169	
-0.0012207	9.42169	
-0.000305176	9.422	
-0.000610352	9.42047	
-0.000915527	9.42047	
-0.000305176	9.42078	
-0.000610352	9.42291	
-0.000610352	9.42261	
-0.000305176	9.42413	
-0.00152588	9.42322	
-0.000915527	9.42322	
-0.00152588	9.42322	
-0.000915527	9.422	
-0.000915527	9.42108	
-0.000915527	9.422	
-0.00152588	9.42169	
-0.0012207	9.42169	
-0.000915527	9.4223	
-0.000915527	9.42078	
-0.0012207	9.42047	
-0.000915527	9.42139	
-0.000915527	9.42108	
-0.0012207	9.422	
-0.000610352	9.42169	
-0.00152588	9.422	
-0.000915527	9.422	
-0.00152588	9.42108	
-0.000915527	9.42139	
-0.0012207	9.42261	
-0.000305176	9.42108	
-0.000915527	9.42047	
-0.00152588	9.42169	
-0.000915527	9.422	
-0.00152588	9.42444	
-0.000610352	9.42261	
-0.000610352	9.42169	
-0.000915527	9.42108	
-0.0012207	9.42139	
-0.000915527	9.42108	
-0.0012207	9.42078	
-0.0012207	9.42169	
-0.00152588	9.422	
-0.00152588	9.42139	
-0.000915527	9.42139	
-0.000915527	9.42078	
-0.00152588	9.42139	
-0.0012207	9.42261	
-0.000915527	9.422	
-0.000915527	9.42108	
-0.000915527	9.42169	
-0.00152588	9.42139	
-0.000915527	9.42139	
-0.00213623	9.422	
-0.00152588	9.42261	
-0.000915527	9.42139	
-0.0012207	9.42261	
-0.0012207	9.42291	
-0.00183105	9.422	
-0.000915527	9.42261	
-0.000915527	9.42047	
-0.0012207	9.42017	
-0.00152588	9.42078	
-0.00152588	9.42169	
-0.000915527	9.422	
-0.00152588	9.42291	
-0.000915527	9.42291	
-0.00152588	9.42291	
-0.00152588	9.42139	
-0.000915527	9.42139	
-0.000915527	9.42169	
-0.00152588	9.4223	
-0.00152588	9.42139	
-0.00152588	9.422	
-0.000915527	9.42169	
-0.000915527	9.42261	
-0.000610352	9.42169	
-0.0012207	9.42017	
-0.0012207	9.42108	
-0.0012207	9.42169	
-0.00152588	9.422	
-0.000610352	9.4223	
-0.000915527	9.422	
-0.000610352	9.4223	
-0.000610352	9.4223	
-0.00152588	9.42169	
-0.0012207	9.42139	
-0.0012207	9.42169	
-0.00152588	9.42139	
-0.0012207	9.422	
-0.000610352	9.422	
-0.000610352	9.42169	
-0.00152588	9.42169	
-0.0012207	9.42139	
-0.0012207	9.42078	
-0.00152588	9.42108	
-0.0012207	9.42017	
-0.0012207	9.42047	
-0.000915527	9.422	
-0.00152588	9.4223	
-0.00152588	9.42352	
-0.00152588	9.42322	
-0.00152588	9.42291	
-0.000610352	9.42261	
-0.00183105	9.422	
-0.00152588	9.42139	
-0.00152588	9.42078	
-0.0012207	9.42108	
-0.00183105	9.422	
-0.000915527	9.42108	
-0.0012207	9.42169	
-0.000915527	9.422	
-0.000915527	9.422	
-0.00152588	9.42139	
-0.0012207	9.42139	
-0.000915527	9.422	
-0.00183105	9.42169	
-0.00152588	9.422	
-0.000610352	9.42047	
-0.000915527	9.42169	
-0.0012207	9.422	
-0.0012207	9.4223	
-0.00152588	9.42108	
-0.000305176	9.42078	
-0.00183105	9.42169	
-0.00183105	9.42169	
-0.0012207	9.42169	
-0.000915527	9.4223	
-0.000610352	9.42169	
-0.00152588	9.4223	
-0.000915527	9.422	
-0.00152588	9.42047	
-0.0012207	9.42017	
-0.0012207	9.42139	
-0.00183105	9.42322	
-0.000610352	9.42261	
-0.000610352	9.42383	
-0.0012207	9.42108	
-0.00152588	9.42139	
-0.000915527	9.42108	
-0.00152588	9.42169	
-0.000915527	9.42169	
-0.000915527	9.42108	
-0.000915527	9.42078	
-0.00152588	9.42139	
-0.0012207	9.42139	
-0.0012207	9.422	
-0.000915527	9.422	
-0.000915527	9.4223	
-0.000610352	9.4223	
-0.0012207	9.42108	
-0.00152588	9.422	
-0.000610352	9.422	
-0.000915527	9.4223	
-0.000915527	9.422	
-0.000915527	9.42108	
-0.000915527	9.422	
-0.00213623	9.42108	
-0.00152588	9.422	
-0.00152588	9.42169	
-0.0012207	9.422	
-0.0012207	9.42078	
-0.000610352	9.42078	
-0.000915527	9.42047	
-0.00152588	9.42047	
-0.000610352	9.42078	
-0.00152588	9.42139	
-0.0012207	9.4223	
-0.0012207	9.42322	
-0.0012207	9.4223	
-0.000915527	9.4223	
-0.000915527	9.42169	
-0.000610352	9.42139	
-0.00152588	9.42108	
-0.00152588	9.42169	
-0.000915527	9.42169	
-0.00183105	9.42139	
-0.0012207	9.42139	
-0.000610352	9.42078	
-0.000915527	9.4223	
-0.0012207	9.422	
-0.000610352	9.42169	
-0.000915527	9.422	
-0.00152588	9.42108	
-0.0012207	9.42017	
-0.00152588	9.42078	
-0.0012207	9.42139	
-0.000610352	9.42139	
-0.0012207	9.42169	
-0.00152588	9.4223	
-0.0012207	9.42139	
-0.000610352	9.422	
-0.0012207	9.42169	
-0.000915527	9.42169	
-0.0012207	9.42169	
-0.000915527	9.42139	
-0.000610352	9.42139	
-0.000610352	9.42139	
-0.0012207	9.422	
-0.0012207	9.42139	
-0.00152588	9.42169	
-0.00152588	9.42047	
-0.00183105	9.42078	
-0.000915527	9.4223	
-0.0012207	9.42169	
-0.0012207	9.42322	
-0.000915527	9.42291	
-0.00152588	9.42322	
-0.00152588	9.42291	
-0.000610352	9.4223	
-0.00152588	9.42261	
-0.000610352	9.42169	
-0.0012207	9.42108	
-0.000610352	9.42169	
-0.0012207	9.422	
-0.00152588	9.42108	
-0.000305176	9.42169	
-0.000915527	9.42108	
-0.000915527	9.42169	
-0.00183105	9.42169	
-0.00152588	9.42108	
-0.0012207	9.42261	
-0.000915527	9.422	
-0.0012207	9.42108	
-0.000915527	9.41956	
-0.000610352	9.42139	
-0.00152588	9.42261	
-0.000915527	9.4223	
-0.000915527	9.42261	
-0.00152588	9.42169	
-0.000915527	9.422	
-0.000915527	9.42169	
-0.00152588	9.42169	
-0.00152588	9.4223	
-0.000915527	9.422	
-0.000915527	9.42169	
-0.0012207	9.42261	
-0.00152588	9.42169	
-0.0012207	9.4223	
-0.000610352	9.42108	
-0.00152588	9.422	
-0.000610352	9.422	
-0.000915527	9.42078	
-0.000305176	9.42078	
-0.00152588	9.42139	
-0.0012207	9.4223	
-0.000915527	9.42108	
-0.000915527	9.42261	
-0.00152588	9.42017	
-0.000915527	9.42078	
-0.00152588	9.42078	
-0.000915527	9.422	
-0.0012207	9.42169	
-0.000915527	9.42261	
-0.0012207	9.422	
-0.000915527	9.42261	
-0.00152588	9.42261	
-0.0012207	9.42322	
-0.00152588	9.42322	
-0.000915527	9.42413	
-0.000610352	9.4223	
-0.000915527	9.4223	
-0.000915527	9.42169	
-0.0012207	9.422	
-0.000915527	9.4223	
-0.0012207	9.42139	
-0.000915527	9.4223	
-0.0012207	9.4223	
-0.00152588	9.42169	
-0.000915527	9.42108	
-0.00152588	9.42078	
-0.00152588	9.422	
-0.0012207	9.42139	
-0.00152588	9.42108	
-0.00152588	9.422	
-0.000915527	9.42169	
-0.000610352	9.42291	
-0.000915527	9.422	
-0.00183105	9.4223	
-0.00152588	9.42047	
-0.00152588	9.41986	
-0.0012207	9.42078	
-0.0012207	9.42108	
-0.000915527	9.42047	
-0.000610352	9.42108	
-0.000915527	9.42169	
-0.0012207	9.42139	
-0.000610352	9.422	
-0.0012207	9.42169	
-0.0012207	9.422	
-0.0012207	9.42108	
-0.0012207	9.4223	
-0.000610352	9.42261	
-0.0012207	9.42139	
-0.0012207	9.4223	
-0.00152588	9.422	
-0.0012207	9.42169	
-0.000915527	9.42169	
-0.00152588	9.42169	
-0.0012207	9.42169	
-0.000915527	9.42169	
-0.00183105	9.42139	
-0.0012207	9.42139	
-0.000915527	9.422	
-0.000915527	9.42352	
-0.00152588	9.42322	
-0.00152588	9.4223	
-0.000915527	9.42261	
-0.0012207	9.422	
-0.00183105	9.42261	
-0.0012207	9.42139	
-0.0012207	9.42169	
-0.0012207	9.42169	
-0.0012207	9.42169	
-0.000915527	9.42169	
-0.0012207	9.4223	
-0.00183105	9.422	
-0.000915527	9.4223	
-0.000915527	9.42169	
-0.0012207	9.422	
-0.00183105	9.42108	
-0.00183105	9.4223	
-0.0012207	9.42261	
-0.000610352	9.42291	
-0.000915527	9.42291	
-0.000610352	9.422	
-0.000915527	9.4223	
-0.0012207	9.42169	
-0.000915527	9.422	
-0.0012207	9.42291	
-0.0012207	9.422	
-0.00152588	9.422	
-0.00152588	9.4223	
-0.000915527	9.42261	
-0.00152588	9.42261	
-0.00152588	9.422	
-0.0012207	9.42169	
-0.00152588	9.42078	
-0.000915527	9.42017	
-0.00152588	9.42169	
-0.00152588	9.4223	
-0.00152588	9.42261	
-0.0012207	9.42261	
-0.00152588	9.4223	
-0.0012207	9.4223	
-0.000305176	9.42169	
-0.00152588	9.42322	
-0.0012207	9.42261	
-0.000610352	9.4223	
-0.0012207	9.422	
-0.000610352	9.42261	
-0.00152588	9.42291	
-0.00152588	9.4223	
-0.000915527	9.42139	
-0.00152588	9.422	
-0.000915527	9.42139	
-0.0012207	9.4223	
-0.0012207	9.422	
-0.00152588	9.4223	
-0.00152588	9.4223	
-0.0012207	9.4223	
-0.000610352	9.42108	
-0.0012207	9.42017	
-0.000915527	9.42108	
-0.000610352	9.42078	
-0.0012207	9.42017	
-0.0012207	9.42169	
-0.00152588	9.42261	
-0.00152588	9.4223	
-0.0012207	9.4223	
-0.00183105	9.42139	
-0.00213623	9.4223	
-0.000610352	9.42078	
-0.000915527	9.4223	
-0.000915527	9.42261	
-0.00152588	9.42108	
-0.000915527	9.42108	
-0.000610352	9.42139	
-0.000915527	9.4223	
-0.0012207	9.422	
-0.0012207	9.42169	
-0.000610352	9.42322	
