-0.00213623	-0.426025	
-0.00335693	-0.426941	
-0.00244141	-0.426331	
-0.00244141	-0.42572	
-0.00152588	-0.42572	
-0.00183105	-0.426331	
-0.00183105	-0.426331	
-0.00213623	-0.425415	
-0.00213623	-0.430603	
-0.00213623	-0.429688	
-0.00244141	-0.430908	
-0.00183105	-0.430603	
-0.00183105	-0.428772	
-0.00213623	-0.429382	
-0.00244141	-0.429077	
-0.0012207	-0.429688	
-0.00244141	-0.430603	
-0.00305176	-0.430603	
-0.00305176	-0.430603	
-0.00274658	-0.430603	
-0.00335693	-0.429993	
-0.00213623	-0.430603	
-0.00213623	-0.426636	
-0.00335693	-0.426636	
-0.00305176	-0.426331	
-0.00274658	-0.426636	
-0.00244141	-0.426025	
-0.00183105	-0.422363	
-0.00305176	-0.422363	
-0.00183105	-0.421143	
-0.00274658	-0.421448	
-0.00213623	-0.421753	
-0.00152588	-0.425415	
-0.00244141	-0.42511	
-0.00274658	-0.429993	
-0.00213623	-0.430298	
-0.00274658	-0.426941	
-0.00183105	-0.42572	
-0.00213623	-0.42511	
-0.00244141	-0.421143	
-0.00213623	-0.421448	
-0.00152588	-0.426025	
-0.00244141	-0.42572	
-0.00183105	-0.42572	
-0.00244141	-0.425415	
-0.00244141	-0.426025	
-0.00274658	-0.426331	
-0.00183105	-0.42572	
-0.00244141	-0.426025	
-0.00183105	-0.425415	
-0.00152588	-0.426025	
-0.00183105	-0.421753	
-0.00213623	-0.421448	
-0.00213623	-0.421753	
-0.00305176	-0.421143	
-0.00183105	-0.421448	
-0.00213623	-0.422363	
-0.00183105	-0.421143	
-0.00244141	-0.422363	
-0.00213623	-0.420837	
-0.00213623	-0.425415	
-0.00152588	-0.42572	
-0.00183105	-0.426025	
-0.00274658	-0.425415	
-0.00274658	-0.42572	
-0.00183105	-0.430603	
-0.00213623	-0.430908	
-0.00274658	-0.430908	
-0.00152588	-0.42572	
-0.0012207	-0.42572	
-0.00183105	-0.42511	
-0.00213623	-0.425415	
-0.00213623	-0.42572	
-0.00152588	-0.429993	
-0.00244141	-0.42572	
-0.00213623	-0.426636	
-0.00213623	-0.426331	
-0.00213623	-0.426331	
-0.00213623	-0.426331	
-0.00274658	-0.426331	
-0.00152588	-0.421753	
-0.00213623	-0.421753	
-0.00183105	-0.421448	
-0.00183105	-0.421448	
-0.0012207	-0.420532	
-0.00244141	-0.421753	
-0.00213623	-0.421143	
-0.00213623	-0.426331	
-0.00244141	-0.426331	
-0.00213623	-0.429993	
-0.00305176	-0.430908	
-0.00274658	-0.426025	
-0.00213623	-0.426636	
-0.00274658	-0.426636	
-0.00244141	-0.426636	
-0.00274658	-0.423584	
-0.00213623	-0.421753	
-0.00274658	-0.421448	
-0.00152588	-0.421448	
-0.00213623	-0.422058	
-0.00183105	-0.425415	
-0.00213623	-0.424805	
-0.00183105	-0.42572	
-0.00213623	-0.426025	
-0.00183105	-0.42572	
-0.00335693	-0.427246	
-0.00274658	-0.426331	
-0.00213623	-0.430298	
-0.00274658	-0.426636	
-0.00305176	-0.426636	
-0.00244141	-0.422974	
-0.00274658	-0.422363	
-0.00244141	-0.422363	
-0.00183105	-0.418701	
-0.00213623	-0.41748	
-0.00213623	-0.421143	
-0.00183105	-0.422363	
-0.00183105	-0.421753	
-0.00183105	-0.421753	
-0.00274658	-0.426941	
-0.00244141	-0.426636	
-0.00244141	-0.426331	
-0.00274658	-0.426331	
-0.00274658	-0.426025	
-0.00244141	-0.424805	
-0.00335693	-0.422668	
-0.00213623	-0.422363	
-0.00244141	-0.422058	
-0.0012207	-0.4245	
-0.00274658	-0.426941	
-0.00213623	-0.426636	
-0.00213623	-0.426331	
-0.00335693	-0.426331	
-0.00244141	-0.426331	
-0.00274658	-0.426636	
-0.00274658	-0.426331	
-0.00274658	-0.426025	
-0.00274658	-0.426025	
-0.00244141	-0.426025	
-0.00183105	-0.426025	
-0.00335693	-0.426636	
-0.00213623	-0.426941	
-0.00244141	-0.426941	
-0.00274658	-0.426331	
-0.00213623	-0.42572	
-0.00274658	-0.426331	
-0.00152588	-0.426331	
-0.00244141	-0.42511	
-0.00213623	-0.426025	
-0.00244141	-0.42511	
-0.00213623	-0.426025	
-0.00244141	-0.425415	
-0.00213623	-0.42572	
-0.00213623	-0.425415	
-0.00244141	-0.426331	
-0.00244141	-0.426025	
-0.00213623	-0.425415	
-0.0012207	-0.426025	
-0.00152588	-0.42572	
-0.00244141	-0.42572	
-0.00274658	-0.42511	
-0.00183105	-0.42572	
-0.00213623	-0.421753	
-0.00183105	-0.42572	
-0.00305176	-0.42572	
-0.00244141	-0.426025	
-0.00183105	-0.42572	
-0.00274658	-0.422363	
-0.00183105	-0.421143	
-0.00213623	-0.42511	
-0.000610352	-0.42572	
-0.00274658	-0.424194	
-0.00213623	-0.422058	
-0.00274658	-0.422058	
-0.00183105	-0.421753	
-0.00152588	-0.420837	
-0.00183105	-0.420837	
-0.00274658	-0.421448	
-0.00213623	-0.421143	
-0.00213623	-0.420837	
-0.00244141	-0.421448	
-0.00183105	-0.422058	
-0.00244141	-0.422363	
-0.00244141	-0.421753	
-0.00244141	-0.422058	
-0.00274658	-0.422363	
-0.00274658	-0.422974	
-0.00274658	-0.422668	
-0.00305176	-0.422363	
-0.00244141	-0.422668	
-0.00274658	-0.421448	
-0.00244141	-0.421753	
-0.00213623	-0.421448	
-0.00274658	-0.426025	
-0.00244141	-0.42572	
-0.00274658	-0.426941	
-0.00183105	-0.42572	
-0.00213623	-0.426941	
-0.00335693	-0.426941	
-0.00274658	-0.426636	
-0.00274658	-0.426636	
-0.00213623	-0.426025	
-0.00396729	-0.427246	
-0.00244141	-0.426941	
-0.00244141	-0.431213	
-0.00213623	-0.429382	
-0.00244141	-0.430603	
-0.00305176	-0.430298	
-0.00305176	-0.431213	
-0.00274658	-0.428772	
-0.00183105	-0.424805	
-0.00244141	-0.426941	
-0.00183105	-0.426025	
-0.00244141	-0.427246	
-0.00213623	-0.426025	
-0.00274658	-0.426636	
-0.00274658	-0.425415	
-0.00152588	-0.42572	
-0.00274658	-0.423279	
-0.00305176	-0.422058	
-0.00213623	-0.426025	
-0.00244141	-0.421143	
-0.00213623	-0.421143	
-0.00213623	-0.421448	
-0.00244141	-0.426025	
-0.00305176	-0.426331	
-0.00335693	-0.426331	
-0.00305176	-0.42572	
-0.00244141	-0.429688	
-0.00244141	-0.430603	
-0.00274658	-0.429993	
-0.00183105	-0.426636	
-0.0012207	-0.42572	
-0.00244141	-0.425415	
-0.00305176	-0.42511	
-0.00274658	-0.426025	
-0.00213623	-0.426025	
-0.00213623	-0.42511	
-0.00305176	-0.425415	
-0.00305176	-0.422668	
-0.00274658	-0.422363	
-0.00213623	-0.422058	
-0.00274658	-0.422668	
-0.00274658	-0.422668	
-0.00213623	-0.426636	
-0.00244141	-0.426941	
-0.00305176	-0.426941	
-0.00244141	-0.427856	
-0.00213623	-0.429688	
-0.00335693	-0.426636	
-0.00244141	-0.426636	
-0.00244141	-0.426331	
-0.00213623	-0.426025	
-0.00152588	-0.42572	
-0.00213623	-0.426025	
-0.00274658	-0.430298	
-0.00274658	-0.430298	
-0.00183105	-0.430298	
-0.00152588	-0.426025	
-0.00244141	-0.425415	
-0.00213623	-0.425415	
-0.00213623	-0.426025	
-0.00152588	-0.425415	
-0.00305176	-0.426025	
-0.00152588	-0.425415	
-0.00305176	-0.426331	
-0.00244141	-0.426331	
-0.00274658	-0.429382	
-0.00305176	-0.427551	
-0.00335693	-0.426941	
-0.00244141	-0.426331	
-0.00152588	-0.426025	
-0.00244141	-0.426331	
-0.00213623	-0.425415	
-0.00183105	-0.421143	
-0.00152588	-0.420837	
-0.00213623	-0.421753	
-0.00183105	-0.422058	
-0.00183105	-0.421448	
-0.00274658	-0.421143	
-0.00305176	-0.422058	
-0.00335693	-0.420837	
-0.00274658	-0.421143	
-0.00213623	-0.421753	
-0.000915527	-0.421753	
-0.00152588	-0.422363	
-0.00213623	-0.42572	
-0.00183105	-0.426025	
-0.00244141	-0.426941	
-0.00244141	-0.426331	
-0.00244141	-0.426025	
-0.00335693	-0.426331	
-0.00244141	-0.42572	
-0.00305176	-0.426331	
-0.00213623	-0.426636	
-0.00305176	-0.426331	
-0.00335693	-0.426636	
-0.00213623	-0.426331	
-0.00274658	-0.422363	
-0.00305176	-0.422363	
-0.00305176	-0.422668	
-0.00244141	-0.422058	
-0.00305176	-0.426941	
-0.00183105	-0.426636	
-0.00274658	-0.426941	
-0.00213623	-0.426025	
-0.00274658	-0.426636	
-0.00274658	-0.427246	
-0.00305176	-0.426331	
-0.00244141	-0.42572	
-0.00183105	-0.425415	
-0.00244141	-0.424194	
-0.00183105	-0.426331	
-0.00274658	-0.421753	
-0.00213623	-0.422058	
-0.00183105	-0.422058	
-0.00274658	-0.422058	
-0.00213623	-0.422668	
-0.00213623	-0.422058	
-0.00183105	-0.421448	
-0.00244141	-0.421753	
-0.00274658	-0.421753	
-0.00274658	-0.422058	
-0.00213623	-0.421448	
-0.00244141	-0.425415	
-0.00274658	-0.426636	
-0.00244141	-0.426025	
-0.00213623	-0.426025	
-0.00213623	-0.422363	
-0.00274658	-0.424805	
-0.0012207	-0.425415	
-0.00213623	-0.424805	
-0.00183105	-0.421753	
-0.00213623	-0.422058	
-0.00244141	-0.422363	
-0.00213623	-0.421753	
-0.00274658	-0.422363	
-0.00305176	-0.422058	
-0.00244141	-0.421753	
-0.00183105	-0.426025	
-0.00244141	-0.426941	
-0.00305176	-0.429382	
-0.00274658	-0.431213	
-0.00213623	-0.431213	
-0.00213623	-0.428467	
-0.00213623	-0.42572	
-0.00213623	-0.42572	
-0.00183105	-0.42572	
-0.00274658	-0.422363	
-0.00152588	-0.420837	
-0.00152588	-0.421143	
-0.00244141	-0.421143	
-0.00244141	-0.421753	
-0.00244141	-0.42572	
-0.00183105	-0.425415	
-0.00152588	-0.421448	
-0.00244141	-0.422058	
-0.00213623	-0.422058	
-0.00244141	-0.421448	
-0.00213623	-0.422058	
-0.00213623	-0.421448	
-0.00213623	-0.421143	
-0.00183105	-0.417786	
-0.00213623	-0.419312	
-0.0012207	-0.420837	
-0.00213623	-0.421448	
-0.00244141	-0.421143	
-0.00274658	-0.425415	
-0.00213623	-0.425415	
-0.00244141	-0.42572	
-0.00274658	-0.425415	
-0.00213623	-0.42572	
-0.00152588	-0.421753	
-0.00274658	-0.421753	
-0.00244141	-0.422668	
-0.00366211	-0.425415	
-0.00213623	-0.426636	
-0.00274658	-0.426025	
-0.00274658	-0.426025	
-0.00244141	-0.426636	
-0.00274658	-0.427551	
-0.00244141	-0.427246	
-0.00274658	-0.426636	
-0.00274658	-0.426331	
-0.00244141	-0.426636	
-0.00274658	-0.426331	
-0.00183105	-0.42511	
-0.00274658	-0.42572	
-0.00274658	-0.426636	
-0.00244141	-0.425415	
-0.00213623	-0.42572	
-0.0012207	-0.425415	
-0.0012207	-0.423279	
-0.00305176	-0.422058	
-0.00244141	-0.422363	
-0.00335693	-0.424194	
-0.00274658	-0.427246	
-0.00396729	-0.427246	
-0.00244141	-0.426941	
-0.00244141	-0.426636	
-0.00244141	-0.426025	
-0.00274658	-0.422363	
-0.00213623	-0.421753	
-0.00244141	-0.42572	
-0.00183105	-0.42511	
-0.00183105	-0.429382	
-0.0012207	-0.429382	
-0.00152588	-0.429077	
-0.00244141	-0.429993	
-0.00335693	-0.430298	
-0.00213623	-0.430298	
-0.00183105	-0.430298	
-0.00213623	-0.430603	
-0.00183105	-0.430298	
-0.00183105	-0.430298	
-0.00213623	-0.431213	
-0.00244141	-0.426025	
-0.00213623	-0.426636	
-0.00274658	-0.426636	
-0.00244141	-0.42572	
-0.00335693	-0.42572	
-0.00183105	-0.425415	
-0.00213623	-0.430298	
-0.00244141	-0.429993	
-0.00213623	-0.430603	
-0.00274658	-0.430603	
-0.00305176	-0.430908	
-0.00274658	-0.430603	
-0.00274658	-0.430908	
-0.00244141	-0.430298	
-0.00213623	-0.426331	
-0.00335693	-0.422058	
-0.00244141	-0.421143	
-0.00244141	-0.422058	
-0.00183105	-0.420532	
-0.00274658	-0.421143	
-0.00183105	-0.421753	
-0.00213623	-0.421753	
-0.00213623	-0.422363	
-0.00213623	-0.42511	
-0.00244141	-0.426331	
-0.00366211	-0.426025	
-0.00244141	-0.426025	
-0.00213623	-0.42572	
-0.00213623	-0.425415	
-0.00305176	-0.426636	
-0.00274658	-0.426331	
-0.00305176	-0.422058	
-0.00152588	-0.421448	
-0.00213623	-0.420837	
-0.00213623	-0.426025	
-0.00213623	-0.42572	
-0.00213623	-0.421448	
-0.00183105	-0.420837	
-0.00274658	-0.422668	
-0.00305176	-0.422363	
-0.00213623	-0.422058	
-0.00244141	-0.418091	
-0.00305176	-0.417786	
-0.00213623	-0.422058	
-0.00305176	-0.422974	
-0.00244141	-0.422058	
-0.00213623	-0.422363	
-0.00244141	-0.421448	
-0.00183105	-0.422058	
-0.00213623	-0.425415	
-0.0012207	-0.42572	
-0.00213623	-0.426025	
-0.00183105	-0.42572	
-0.00213623	-0.426025	
-0.00213623	-0.425415	
-0.00213623	-0.426025	
-0.00213623	-0.42572	
-0.00244141	-0.426025	
-0.00213623	-0.421448	
-0.00213623	-0.420837	
-0.00244141	-0.422058	
-0.00244141	-0.422363	
-0.00213623	-0.422668	
-0.00244141	-0.422363	
-0.00244141	-0.421753	
-0.00335693	-0.422668	
-0.00183105	-0.422058	
-0.00213623	-0.422363	
-0.00213623	-0.422974	
-0.00244141	-0.422363	
-0.00244141	-0.426025	
-0.00213623	-0.426331	
-0.00244141	-0.426331	
-0.00152588	-0.425415	
-0.00213623	-0.426025	
-0.00183105	-0.426025	
-0.00183105	-0.42572	
-0.00244141	-0.427856	
-0.00213623	-0.426025	
-0.00274658	-0.426331	
-0.00244141	-0.423279	
-0.00274658	-0.426025	
-0.00183105	-0.42572	
-0.00152588	-0.426331	
-0.00152588	-0.42572	
-0.00183105	-0.42572	
-0.00213623	-0.426331	
-0.00183105	-0.426636	
-0.00244141	-0.426636	
-0.00183105	-0.42572	
-0.00213623	-0.421753	
-0.00152588	-0.42572	
-0.00305176	-0.426025	
-0.00335693	-0.426331	
-0.00213623	-0.426941	
-0.00274658	-0.422363	
-0.00244141	-0.422668	
-0.00213623	-0.421753	
-0.00244141	-0.424805	
-0.00152588	-0.42511	
-0.00244141	-0.425415	
-0.00183105	-0.426025	
-0.00152588	-0.425415	
-0.00152588	-0.425415	
-0.00213623	-0.4245	
-0.00335693	-0.426025	
-0.00213623	-0.426025	
-0.00244141	-0.426025	
-0.00244141	-0.425415	
-0.00183105	-0.42572	
-0.00152588	-0.42572	
-0.00213623	-0.42572	
-0.00244141	-0.426941	
-0.00335693	-0.426025	
-0.00274658	-0.426941	
-0.00213623	-0.426025	
-0.00183105	-0.422363	
-0.00213623	-0.421753	
-0.00183105	-0.421143	
-0.00213623	-0.421753	
-0.00213623	-0.42572	
-0.00305176	-0.426025	
-0.00274658	-0.426636	
-0.00274658	-0.426636	
-0.00244141	-0.428467	
-0.00274658	-0.429688	
-0.00274658	-0.430908	
-0.00213623	-0.430298	
-0.00183105	-0.429077	
-0.00244141	-0.42572	
-0.00274658	-0.42572	
-0.00274658	-0.42572	
-0.00213623	-0.42511	
-0.00274658	-0.42572	
-0.00305176	-0.426025	
-0.00213623	-0.426331	
-0.00183105	-0.42511	
-0.000915527	-0.425415	
-0.00183105	-0.425415	
-0.00213623	-0.42572	
-0.00244141	-0.42572	
-0.00183105	-0.425415	
-0.00213623	-0.42572	
-0.00274658	-0.426941	
-0.00274658	-0.426941	
-0.00213623	-0.426331	
-0.00244141	-0.426941	
-0.00274658	-0.430298	
-0.00274658	-0.430298	
-0.00244141	-0.429688	
-0.00244141	-0.426025	
-0.00152588	-0.425415	
-0.00213623	-0.424805	
-0.00183105	-0.425415	
-0.00183105	-0.426025	
-0.00244141	-0.426025	
-0.00213623	-0.425415	
-0.00183105	-0.425415	
-0.0012207	-0.426025	
-0.00213623	-0.42511	
-0.00213623	-0.429688	
-0.00213623	-0.430298	
-0.00183105	-0.42572	
-0.00244141	-0.426025	
-0.00244141	-0.42572	
-0.0012207	-0.426025	
-0.00183105	-0.42572	
-0.00305176	-0.42572	
-0.00274658	-0.422363	
-0.00274658	-0.422363	
-0.00244141	-0.426331	
-0.00274658	-0.426331	
-0.00274658	-0.426636	
-0.00244141	-0.426636	
-0.00213623	-0.426331	
-0.00213623	-0.426331	
-0.00244141	-0.426331	
-0.00213623	-0.430298	
-0.00244141	-0.427856	
-0.00305176	-0.426331	
-0.00366211	-0.422058	
-0.00244141	-0.422363	
-0.00244141	-0.426025	
-0.00183105	-0.42511	
-0.00244141	-0.426025	
-0.00152588	-0.42511	
-0.00152588	-0.42572	
-0.00244141	-0.425415	
-0.00183105	-0.422974	
-0.00213623	-0.421143	
-0.00152588	-0.421753	
-0.00244141	-0.421448	
-0.00183105	-0.421143	
-0.00244141	-0.421143	
-0.00274658	-0.422058	
-0.00305176	-0.422668	
-0.00244141	-0.422058	
-0.00305176	-0.422974	
-0.00244141	-0.422058	
-0.00274658	-0.421753	
-0.00274658	-0.426025	
-0.00305176	-0.427246	
-0.00183105	-0.426636	
-0.00366211	-0.430603	
-0.00244141	-0.427551	
-0.00335693	-0.427551	
-0.00274658	-0.426636	
-0.00244141	-0.428162	
-0.00274658	-0.430603	
-0.00274658	-0.430603	
-0.00244141	-0.428162	
-0.00274658	-0.426025	
-0.00213623	-0.426025	
-0.00274658	-0.426636	
-0.00244141	-0.42572	
-0.00274658	-0.42572	
-0.00183105	-0.421448	
-0.00244141	-0.421753	
-0.00244141	-0.421753	
-0.00305176	-0.422363	
-0.00183105	-0.421753	
-0.00152588	-0.420532	
-0.00274658	-0.422058	
-0.00152588	-0.423584	
-0.00274658	-0.425415	
-0.00274658	-0.425415	
-0.00183105	-0.4245	
-0.00183105	-0.425415	
-0.00183105	-0.425415	
-0.0012207	-0.420837	
-0.000915527	-0.419922	
-0.00152588	-0.420837	
-0.00183105	-0.419922	
-0.00213623	-0.425415	
-0.00274658	-0.425415	
-0.00183105	-0.42572	
-0.00274658	-0.426025	
-0.00213623	-0.426636	
-0.00244141	-0.426636	
-0.00335693	-0.426025	
-0.00213623	-0.426331	
-0.00213623	-0.426025	
-0.00244141	-0.422058	
-0.00244141	-0.418396	
-0.00274658	-0.41748	
-0.0012207	-0.416565	
-0.00183105	-0.421143	
-0.00274658	-0.421143	
-0.0012207	-0.421753	
-0.00305176	-0.422058	
-0.00274658	-0.42511	
-0.00213623	-0.425415	
-0.00305176	-0.426331	
-0.00213623	-0.426331	
-0.00274658	-0.426636	
-0.00244141	-0.429077	
-0.00335693	-0.430603	
-0.00213623	-0.430298	
-0.00213623	-0.426331	
-0.00183105	-0.42572	
-0.00213623	-0.42572	
-0.00152588	-0.425415	
-0.00152588	-0.42572	
-0.0012207	-0.421753	
-0.00213623	-0.421448	
-0.00183105	-0.421753	
-0.00244141	-0.42511	
-0.00213623	-0.425415	
-0.00183105	-0.422363	
-0.00274658	-0.421753	
-0.00305176	-0.421753	
-0.00274658	-0.417786	
-0.00183105	-0.419617	
-0.00244141	-0.421753	
-0.00274658	-0.421753	
-0.00183105	-0.421753	
-0.00213623	-0.421448	
-0.00152588	-0.420837	
-0.00152588	-0.421753	
-0.00274658	-0.42572	
-0.00213623	-0.42572	
-0.00183105	-0.425415	
-0.00213623	-0.42511	
-0.00152588	-0.42572	
-0.00183105	-0.425415	
-0.00183105	-0.429382	
-0.00213623	-0.429993	
-0.00183105	-0.431213	
-0.00274658	-0.430298	
-0.00213623	-0.430298	
-0.00244141	-0.428162	
-0.00244141	-0.424194	
-0.00732422	-0.411987	
-0.0134277	-0.377502	
-0.0259399	-0.306702	
-0.0436401	-0.19928	
-0.0732422	0.0128174	
-0.135803	0.913391	
-0.0888062	6.08826	
0.217896	7.65503	
0.602112	7.97638	
0.955505	8.09845	
1.25061	8.15857	
1.46851	8.19122	
1.6333	8.21289	
1.74896	8.22479	
1.82709	8.23273	
1.88293	8.23792	
1.91803	8.24188	
1.94366	8.24371	
1.95953	8.24615	
1.97052	8.24677	
1.97723	8.24799	
1.98334	8.2489	
1.98639	8.24799	
1.98792	8.24799	
1.98883	8.24921	
1.98914	8.2486	
1.99097	8.2486	
1.99127	8.2486	
1.99127	8.24829	
1.99036	8.2486	
1.99158	8.24799	
1.99158	8.24921	
1.99158	8.2486	
1.99127	8.2486	
1.99158	8.2489	
1.99188	8.2486	
1.99188	8.24829	
1.99127	8.2489	
1.99219	8.24829	
1.99158	8.24799	
1.99188	8.2489	
1.99219	8.24921	
1.99188	8.2486	
1.99249	8.24829	
1.99219	8.24829	
1.9928	8.24799	
1.99188	8.2486	
1.99127	8.24799	
1.99127	8.24799	
1.99127	8.24799	
1.99249	8.24768	
1.99127	8.24799	
1.99127	8.24829	
1.99127	8.24677	
1.99127	8.24738	
1.99188	8.24738	
1.99158	8.24677	
1.99219	8.24768	
1.99219	8.24738	
1.99127	8.24738	
1.99127	8.24707	
1.99188	8.24738	
1.99219	8.24707	
1.99188	8.24615	
1.99158	8.24554	
1.99219	8.24738	
1.99188	8.24615	
1.99188	8.24799	
1.99249	8.24585	
1.99219	8.24707	
1.99188	8.24677	
1.99158	8.24677	
1.9928	8.24585	
1.9928	8.24707	
1.99249	8.24554	
1.99219	8.24524	
1.99249	8.24524	
1.9928	8.24585	
1.9928	8.24554	
1.99188	8.24463	
1.99158	8.24463	
1.99158	8.24463	
1.99249	8.24554	
1.99188	8.24493	
1.99249	8.24524	
1.9928	8.24524	
1.99188	8.24524	
1.99219	8.24402	
1.99188	8.24554	
1.99188	8.24554	
1.99249	8.24524	
1.99127	8.24463	
1.99341	8.24402	
1.9931	8.24432	
1.99249	8.24432	
1.99249	8.24524	
1.99188	8.24493	
1.99158	8.24493	
1.99249	8.24371	
1.99249	8.24463	
1.99249	8.24432	
1.9928	8.24402	
1.99219	8.24402	
1.99219	8.24402	
1.99249	8.24463	
1.99188	8.24402	
1.9928	8.24371	
1.99158	8.24402	
1.9931	8.24432	
1.99219	8.24371	
1.99249	8.24402	
1.99249	8.2431	
1.99249	8.2428	
1.99219	8.2431	
1.9931	8.24371	
1.99219	8.2431	
1.99158	8.24249	
1.99249	8.2431	
1.9928	8.24402	
1.9928	8.24371	
1.99219	8.2431	
1.99188	8.2431	
1.99249	8.2428	
1.99219	8.2428	
1.9928	8.2431	
1.99127	8.24219	
1.99249	8.24158	
1.99219	8.24249	
1.99219	8.24249	
1.99127	8.24158	
1.99158	8.24158	
1.99219	8.24188	
1.99188	8.24158	
1.99249	8.24219	
1.99249	8.24158	
1.99158	8.24158	
1.9928	8.24127	
1.9931	8.24097	
1.99249	8.24188	
1.9931	8.24158	
1.99158	8.24097	
1.9928	8.24127	
1.99219	8.24066	
1.99127	8.24188	
1.99249	8.23975	
1.99249	8.24097	
1.99219	8.24097	
1.99158	8.24036	
1.99249	8.24036	
1.9928	8.24127	
1.99249	8.24066	
1.99249	8.24097	
1.99127	8.24005	
1.9928	8.24097	
1.99341	8.24036	
1.99219	8.24036	
1.99249	8.24066	
1.9931	8.24036	
1.99188	8.24005	
1.9931	8.24127	
1.99219	8.24036	
1.99249	8.24005	
1.99188	8.23914	
1.99249	8.23914	
1.99249	8.24005	
1.99219	8.23944	
1.99249	8.23914	
1.99188	8.23944	
1.9928	8.23853	
1.99219	8.23883	
1.9928	8.23914	
1.99341	8.23914	
1.99219	8.23883	
1.99341	8.23914	
1.9928	8.23944	
1.9928	8.23822	
1.9928	8.23944	
1.99249	8.23914	
1.99249	8.23822	
1.9931	8.23883	
1.99341	8.23914	
1.9928	8.23822	
1.9928	8.23914	
1.99249	8.23792	
1.9928	8.23792	
1.99219	8.23792	
1.9931	8.23761	
1.99249	8.23822	
1.99188	8.23792	
1.99219	8.23822	
1.99188	8.23883	
1.99249	8.23883	
1.99219	8.23822	
1.9928	8.23822	
1.99158	8.23883	
1.99249	8.23792	
1.99249	8.23822	
1.99219	8.23792	
1.99127	8.23822	
1.9928	8.23853	
1.99249	8.23853	
1.99249	8.23761	
1.9928	8.23822	
1.9928	8.237	
1.9928	8.237	
1.9931	8.23761	
1.9928	8.2373	
1.99371	8.23853	
1.99249	8.23761	
1.9928	8.23669	
1.99188	8.23761	
1.9931	8.23608	
1.9931	8.237	
1.99249	8.23669	
1.99341	8.23639	
1.99249	8.23639	
1.99188	8.2373	
1.99127	8.23761	
1.99249	8.2373	
1.9928	8.237	
1.99249	8.2373	
1.99219	8.23639	
1.99219	8.23669	
1.99219	8.23608	
1.99249	8.23547	
1.9928	8.23578	
1.9928	8.23547	
1.9928	8.2373	
1.99249	8.23578	
1.9928	8.23547	
1.99188	8.23608	
1.9928	8.23547	
1.9928	8.23639	
1.99341	8.23486	
1.99371	8.23486	
1.99341	8.23578	
1.9928	8.23547	
1.9928	8.23608	
1.9928	8.23608	
1.99219	8.23517	
1.9928	8.23517	
1.99127	8.23517	
1.9931	8.23547	
1.99127	8.23547	
1.99249	8.23486	
1.99219	8.23517	
1.9928	8.23425	
1.9928	8.23517	
1.99371	8.23517	
1.99371	8.23517	
1.99341	8.23578	
1.99402	8.23486	
1.99188	8.23364	
1.9928	8.23456	
1.9931	8.23486	
1.99341	8.23425	
1.9928	8.23395	
1.99219	8.23395	
1.99371	8.23395	
1.99341	8.23425	
1.9928	8.23456	
1.99341	8.23456	
1.99249	8.23364	
1.9928	8.23364	
1.99249	8.23486	
1.9928	8.23425	
1.99219	8.23364	
1.99219	8.23242	
1.9928	8.23364	
1.99249	8.23395	
1.99249	8.23395	
1.99249	8.23334	
1.99249	8.23334	
1.99219	8.23334	
1.9928	8.23364	
1.99371	8.23303	
1.99249	8.23364	
1.99249	8.23334	
1.99371	8.23334	
1.99249	8.23334	
1.9928	8.23364	
1.9928	8.23395	
1.99188	8.23395	
1.99188	8.23242	
1.9928	8.23334	
1.99249	8.23273	
1.99219	8.23334	
1.99249	8.23242	
1.9928	8.23303	
1.99188	8.23334	
1.9928	8.23242	
1.99249	8.23242	
1.9928	8.23181	
1.99341	8.23212	
1.99158	8.23181	
1.99249	8.23303	
1.99249	8.23212	
1.99249	8.23303	
1.9928	8.23151	
1.99249	8.23151	
1.99219	8.2312	
1.9931	8.2312	
1.99249	8.23151	
1.99158	8.23151	
1.99249	8.23212	
1.99219	8.23212	
1.99219	8.23212	
1.99249	8.23273	
1.99188	8.23151	
1.99249	8.2312	
1.99188	8.23059	
1.9931	8.2312	
1.9928	8.2312	
1.99219	8.2312	
1.99249	8.2312	
1.9931	8.2312	
1.9931	8.2312	
1.99188	8.2312	
1.99249	8.2312	
1.99219	8.23059	
1.99249	8.2309	
1.9928	8.2309	
1.99249	8.23029	
1.99158	8.23059	
1.9928	8.23059	
1.99188	8.22998	
1.99249	8.23029	
1.99219	8.23029	
1.99219	8.22937	
1.99249	8.22968	
1.99219	8.23059	
1.99219	8.23059	
1.99219	8.2309	
1.99219	8.23029	
1.9928	8.22906	
1.9928	8.23029	
1.99188	8.22968	
1.9928	8.22906	
1.99249	8.22937	
1.99219	8.22937	
1.99249	8.22998	
1.99219	8.22937	
1.99249	8.22906	
1.99219	8.22876	
1.9931	8.22998	
1.99188	8.22815	
1.99188	8.22906	
1.99249	8.22876	
1.99158	8.22937	
1.9931	8.22876	
1.99219	8.22906	
1.99188	8.22937	
1.99249	8.22876	
1.99249	8.22906	
1.99249	8.22876	
1.99158	8.22906	
1.9928	8.22937	
1.99219	8.22906	
1.99249	8.22876	
1.99158	8.22906	
1.99158	8.22906	
1.99219	8.22845	
1.99219	8.22845	
1.99188	8.22906	
1.9928	8.22845	
1.99249	8.22937	
1.9928	8.22968	
1.9931	8.22968	
1.99249	8.22876	
1.9928	8.22815	
1.9931	8.22845	
1.99341	8.22754	
1.99188	8.22815	
1.99249	8.22845	
1.9928	8.22906	
1.9928	8.22784	
1.99249	8.22784	
1.99188	8.22815	
1.9931	8.22784	
1.99249	8.22815	
1.9928	8.22876	
1.99249	8.22815	
1.99249	8.22693	
1.9928	8.22784	
1.99188	8.22784	
1.9928	8.22723	
1.99249	8.22723	
1.9928	8.22754	
1.99249	8.22693	
1.99188	8.22723	
1.99219	8.22662	
1.99219	8.22693	
1.99188	8.22754	
1.99249	8.22723	
1.9928	8.22723	
1.99249	8.22632	
1.99249	8.22693	
1.9931	8.22754	
1.99249	8.22662	
1.9928	8.22662	
1.99249	8.22601	
1.9928	8.22571	
1.9928	8.22571	
1.99341	8.22601	
1.99219	8.22601	
1.99249	8.2251	
1.99188	8.22571	
1.99158	8.22632	
1.99371	8.22601	
1.9928	8.22601	
1.99341	8.22601	
1.99249	8.22662	
1.99158	8.22632	
1.99219	8.2251	
1.99249	8.2254	
1.9928	8.2254	
1.99249	8.2251	
1.99249	8.22632	
1.99249	8.2254	
1.99219	8.22601	
1.99188	8.2254	
1.99219	8.2254	
1.99188	8.2254	
1.99219	8.22693	
1.99188	8.2254	
1.99219	8.22601	
1.99219	8.22449	
1.9928	8.2254	
1.99219	8.22479	
1.99341	8.2251	
1.99249	8.2254	
1.99249	8.22479	
1.9928	8.22571	
1.99249	8.2254	
1.99249	8.22571	
1.99188	8.22418	
1.99219	8.2251	
1.99219	8.22479	
1.99219	8.22388	
1.99371	8.22418	
1.9928	8.22449	
1.99249	8.22449	
1.9928	8.22418	
1.99219	8.22449	
1.99158	8.22357	
1.99219	8.22418	
1.9928	8.22418	
1.99219	8.22388	
1.99127	8.22449	
1.99219	8.22388	
1.99249	8.22327	
1.99249	8.22357	
1.99341	8.22418	
1.99249	8.22388	
1.9931	8.22418	
1.9931	8.22357	
1.99219	8.22388	
1.99341	8.22388	
1.9928	8.22388	
1.99219	8.22327	
1.99219	8.22418	
1.99249	8.22388	
1.9931	8.22388	
1.99249	8.22357	
1.99249	8.22357	
1.99249	8.22357	
1.99249	8.22296	
1.99188	8.22327	
1.99219	8.22296	
1.99219	8.22296	
1.99219	8.22296	
1.99249	8.22296	
1.99249	8.22327	
1.99249	8.22327	
1.9928	8.22357	
1.99249	8.22296	
1.99249	8.22327	
1.99127	8.22205	
1.99219	8.22235	
1.99219	8.22266	
1.9931	8.22266	
1.99219	8.22296	
1.99219	8.22266	
1.99219	8.22266	
1.99249	8.22144	
1.99158	8.22144	
1.9928	8.22235	
1.99158	8.22327	
1.9928	8.22296	
1.99127	8.22174	
1.99249	8.22266	
1.99219	8.22205	
1.99249	8.22205	
1.99341	8.22266	
1.9928	8.22174	
1.99249	8.22266	
1.99249	8.22083	
1.99188	8.22144	
1.99249	8.22235	
1.9931	8.22144	
1.9928	8.22083	
1.99188	8.22144	
1.99158	8.22083	
1.99188	8.22144	
1.9928	8.22083	
1.99249	8.22083	
1.99066	8.22174	
1.99219	8.22083	
1.99097	8.22113	
1.99158	8.22113	
1.9931	8.22052	
1.99158	8.22083	
1.99219	8.22052	
1.99249	8.22113	
1.99249	8.22083	
1.99127	8.22052	
1.99219	8.22052	
1.99219	8.22174	
1.99158	8.2196	
1.99249	8.22021	
1.9928	8.22052	
1.9928	8.22021	
1.99249	8.22021	
1.99127	8.2196	
1.99249	8.22052	
1.9928	8.2196	
1.99249	8.22021	
1.9928	8.22052	
1.99249	8.2196	
1.99127	8.22021	
1.99219	8.2196	
1.99188	8.2196	
1.99188	8.2196	
1.9928	8.21991	
1.99219	8.2193	
1.99249	8.2193	
1.99219	8.2196	
1.99249	8.2196	
1.99188	8.2193	
1.9931	8.2196	
1.99219	8.21899	
1.99341	8.2196	
1.99341	8.2193	
1.9928	8.2193	
1.99341	8.2196	
1.99127	8.2196	
1.99219	8.2193	
1.99188	8.21991	
1.9928	8.2196	
1.9931	8.2196	
1.99158	8.21991	
1.99188	8.21991	
1.99249	8.2196	
1.99249	8.2193	
1.99219	8.21991	
1.99188	8.21777	
1.9928	8.21838	
1.99188	8.21869	
1.99219	8.21899	
1.99219	8.21747	
1.99219	8.21838	
1.99249	8.21899	
1.9931	8.2193	
1.9928	8.21838	
1.99158	8.21747	
1.99219	8.21838	
1.99249	8.21869	
1.9928	8.21808	
1.99219	8.21869	
1.99219	8.21808	
1.99249	8.21808	
1.99219	8.21777	
1.99219	8.21777	
1.99249	8.21838	
1.99188	8.21777	
1.99188	8.21716	
1.99188	8.21808	
1.9928	8.21838	
1.99127	8.21808	
1.99249	8.21869	
1.99249	8.21808	
1.99249	8.21716	
1.99188	8.21655	
1.99188	8.21686	
1.99188	8.21594	
1.9928	8.21747	
1.9928	8.21686	
1.9928	8.21655	
1.99188	8.21655	
1.99249	8.21686	
1.99249	8.21716	
1.99127	8.21655	
1.99249	8.21625	
1.99219	8.21625	
1.99219	8.21594	
1.9928	8.21655	
1.99127	8.21564	
1.99219	8.21625	
1.9928	8.21655	
1.9928	8.21594	
1.99249	8.21686	
1.9928	8.21686	
1.9928	8.21533	
1.99249	8.21625	
1.99249	8.21564	
1.99219	8.21716	
1.99219	8.21564	
1.99219	8.21594	
1.99219	8.21625	
1.99249	8.21594	
1.99188	8.21564	
1.99249	8.21564	
1.99249	8.21594	
1.99249	8.21686	
1.9928	8.21686	
1.99219	8.21655	
1.99188	8.21625	
1.99249	8.21594	
1.99249	8.21625	
1.99188	8.21625	
1.99219	8.21533	
1.99249	8.21564	
1.9931	8.21533	
1.9931	8.21533	
1.99158	8.21472	
1.99249	8.21503	
1.9931	8.21503	
1.99219	8.21503	
1.9928	8.21533	
1.99219	8.21472	
1.99158	8.21472	
1.99249	8.21564	
1.99158	8.21442	
1.99249	8.21533	
1.9928	8.21472	
1.99097	8.21411	
1.99219	8.21442	
1.99188	8.21411	
1.99249	8.21381	
1.99219	8.21442	
1.9928	8.21472	
1.99341	8.21503	
1.9928	8.21472	
1.99188	8.21503	
1.99249	8.21503	
1.99249	8.21564	
1.9928	8.21503	
1.99219	8.21503	
1.99188	8.21503	
1.99219	8.21503	
1.99219	8.21381	
1.9928	8.21442	
1.99249	8.21411	
1.9928	8.21472	
1.99249	8.21442	
1.99249	8.21442	
1.99219	8.2135	
1.99219	8.21442	
1.99249	8.21381	
1.99219	8.2132	
1.9931	8.21381	
1.99127	8.21228	
1.99188	8.2132	
1.99249	8.21289	
1.99249	8.2132	
1.99219	8.21411	
1.99249	8.21411	
1.99188	8.21411	
1.99249	8.21381	
1.99188	8.21381	
1.99188	8.21411	
1.99249	8.2132	
1.99127	8.21411	
1.99158	8.21411	
1.99188	8.21289	
1.99219	8.2135	
1.99127	8.2135	
1.99127	8.21228	
1.9928	8.21228	
1.99158	8.21381	
1.99249	8.2132	
1.9928	8.2132	
1.99219	8.21289	
1.99188	8.21289	
1.9928	8.2132	
1.99219	8.2132	
1.9931	8.2132	
1.9931	8.21289	
1.99219	8.21198	
1.99249	8.21259	
1.99249	8.21259	
1.99219	8.21228	
1.99219	8.21289	
1.99219	8.21381	
1.99219	8.21289	
1.9931	8.2132	
1.99219	8.21198	
1.99219	8.21259	
1.99188	8.21167	
1.99127	8.21136	
1.99036	8.21136	
1.99127	8.21198	
1.99127	8.21228	
1.99249	8.21106	
1.99219	8.21198	
1.99219	8.21167	
1.9928	8.21167	
1.99219	8.21136	
1.99188	8.21136	
1.99249	8.21167	
1.99219	8.21167	
1.99188	8.21136	
1.99158	8.21167	
1.99219	8.21136	
1.99158	8.21106	
1.99219	8.21106	
1.99249	8.21075	
1.99219	8.21136	
1.99249	8.21228	
1.99097	8.21106	
1.99249	8.21136	
1.99249	8.21106	
1.99188	8.21136	
1.99219	8.21106	
1.99219	8.21106	
1.99219	8.21075	
1.9928	8.21136	
1.99249	8.21075	
1.99249	8.20984	
1.9928	8.21045	
1.99066	8.21045	
1.9928	8.21045	
1.99249	8.21075	
1.99158	8.21014	
1.9928	8.20953	
1.99249	8.20923	
1.99188	8.21045	
1.99188	8.20984	
1.99249	8.21045	
1.99188	8.21014	
1.99219	8.20953	
1.9931	8.20984	
1.99219	8.20984	
1.99249	8.20984	
1.99188	8.21014	
1.99249	8.21014	
1.99219	8.21014	
1.99249	8.20984	
1.99188	8.20984	
1.9928	8.21045	
1.99127	8.20892	
1.9928	8.20984	
1.99219	8.20923	
1.99158	8.21045	
1.99249	8.20984	
1.99127	8.20892	
1.9928	8.20892	
1.99249	8.20953	
1.99219	8.20892	
1.99219	8.20953	
1.99188	8.20923	
1.9928	8.21014	
1.99188	8.20953	
1.99158	8.20923	
1.99158	8.20892	
1.99188	8.20984	
1.99249	8.20953	
1.99188	8.20984	
1.99219	8.21045	
1.99188	8.20923	
1.99249	8.20923	
1.99219	8.20923	
1.9931	8.20953	
1.99127	8.20831	
1.99127	8.20801	
1.99249	8.20892	
1.99097	8.20801	
1.99097	8.20862	
1.99127	8.20862	
1.99219	8.20862	
1.99249	8.20892	
1.99158	8.20831	
1.9928	8.20831	
1.99188	8.20831	
1.99188	8.20801	
1.99127	8.20831	
1.99188	8.2077	
1.99341	8.20831	
1.9928	8.20831	
1.99158	8.20831	
1.99188	8.20892	
1.99188	8.20801	
1.9931	8.2077	
1.99219	8.20801	
1.99219	8.20801	
1.9931	8.2077	
1.9928	8.20801	
1.99249	8.2074	
1.99127	8.20801	
1.99219	8.2077	
1.99219	8.20709	
1.99249	8.20679	
1.9931	8.20709	
1.9928	8.20648	
1.99249	8.20709	
1.99219	8.20679	
1.99219	8.20648	
1.99249	8.20709	
1.99249	8.20648	
1.99249	8.20709	
1.9928	8.20709	
1.99249	8.20679	
1.99158	8.20648	
1.9931	8.20709	
1.99219	8.20679	
1.99341	8.20801	
1.9931	8.20679	
1.99219	8.2077	
1.99249	8.20679	
1.99249	8.20801	
1.99158	8.20648	
1.99249	8.20709	
1.99249	8.20679	
1.99249	8.20709	
1.99158	8.20618	
1.99341	8.20709	
1.99219	8.20648	
1.99219	8.20679	
1.99219	8.20648	
1.99249	8.20679	
1.99249	8.20618	
1.9928	8.20587	
1.99219	8.20587	
1.9931	8.20618	
1.99219	8.20679	
1.9931	8.20648	
1.99188	8.20587	
1.99219	8.20648	
1.99188	8.20496	
1.99127	8.20587	
1.99219	8.20618	
1.99188	8.20557	
1.9928	8.20526	
1.99188	8.20465	
1.9928	8.20526	
1.99249	8.20526	
1.99249	8.20587	
1.99158	8.20465	
1.99219	8.20526	
1.99219	8.20496	
1.9928	8.20618	
1.99188	8.20526	
1.9931	8.20526	
1.9928	8.20496	
1.99219	8.20587	
1.99097	8.20496	
1.9931	8.20526	
1.99249	8.20526	
1.99219	8.20465	
1.9931	8.20496	
1.99249	8.20404	
1.9928	8.20496	
1.99188	8.20465	
1.99219	8.20435	
1.99158	8.20526	
1.9928	8.20496	
1.99249	8.20587	
1.99188	8.20496	
1.99219	8.20557	
1.99188	8.20465	
1.9928	8.20496	
1.99249	8.20496	
1.99249	8.20465	
1.99249	8.20435	
1.99219	8.20465	
1.99219	8.20496	
1.99249	8.20465	
1.99188	8.20526	
1.99066	8.20343	
1.9928	8.20465	
1.99188	8.20435	
1.9928	8.20557	
1.9928	8.20465	
1.99219	8.20465	
1.99127	8.20465	
1.99219	8.20465	
1.99219	8.20496	
1.99249	8.20435	
1.9928	8.20435	
1.99188	8.20435	
1.9931	8.20435	
1.99249	8.20404	
1.99219	8.20404	
1.99158	8.20374	
1.99219	8.20404	
1.99219	8.20435	
1.99219	8.20435	
1.99188	8.20496	
1.9928	8.20404	
1.9928	8.20343	
1.99219	8.20343	
1.9931	8.20404	
1.99219	8.20404	
1.99188	8.20374	
1.99219	8.20374	
1.9928	8.20374	
1.99188	8.20343	
1.99249	8.20343	
1.99219	8.20404	
1.99249	8.20282	
1.99158	8.20251	
1.99127	8.20312	
1.99158	8.20251	
1.99219	8.20374	
1.99249	8.20251	
1.99249	8.20374	
1.99188	8.20282	
1.99188	8.20404	
1.99249	8.20374	
1.99249	8.20374	
1.99249	8.20343	
1.9928	8.20343	
1.99127	8.20251	
1.9928	8.20282	
1.99127	8.20312	
1.99127	8.20282	
1.99188	8.20312	
1.99219	8.20343	
1.99158	8.20343	
1.99127	8.20221	
1.99188	8.20282	
1.9928	8.2016	
1.99219	8.2019	
1.99097	8.2016	
1.99158	8.2016	
1.99188	8.20068	
1.99127	8.20221	
1.99219	8.20221	
1.99158	8.2019	
1.9931	8.2019	
1.99158	8.20221	
1.99188	8.20129	
1.99158	8.20251	
1.99249	8.20251	
1.99219	8.20221	
1.99127	8.20282	
1.99188	8.2019	
1.99249	8.20221	
1.99249	8.20221	
1.99249	8.20221	
1.99249	8.20312	
1.99219	8.2016	
1.99249	8.2019	
1.99249	8.2016	
1.99249	8.2019	
1.99127	8.20099	
1.99188	8.20129	
1.99219	8.2016	
1.9928	8.2016	
1.99219	8.20129	
1.99219	8.20099	
1.99249	8.2019	
1.99219	8.20221	
1.99219	8.20129	
1.99249	8.20129	
1.99188	8.2016	
1.99219	8.20099	
1.99127	8.20099	
1.99219	8.20129	
1.99249	8.2019	
1.99219	8.20099	
1.99249	8.20038	
1.99219	8.20099	
1.99188	8.20099	
1.99158	8.20038	
1.99249	8.2016	
1.99249	8.20038	
1.99097	8.20129	
1.99249	8.20068	
1.99188	8.20068	
1.99188	8.20068	
1.99127	8.20007	
1.99219	8.20099	
1.99188	8.20038	
1.99097	8.20007	
1.99188	8.20007	
1.99097	8.19977	
1.99127	8.20038	
1.99249	8.20099	
1.99097	8.19885	
1.9928	8.20038	
1.99249	8.20038	
1.99219	8.20007	
1.99158	8.20068	
1.99249	8.19977	
1.99219	8.20038	
1.99249	8.19977	
1.99127	8.19916	
1.99097	8.19977	
1.9928	8.20007	
1.99249	8.20007	
1.99158	8.19916	
1.99219	8.19946	
1.99097	8.19977	
1.99127	8.19855	
1.9928	8.19946	
1.99249	8.19885	
1.99158	8.19855	
1.99249	8.19885	
1.99249	8.20007	
1.99158	8.20007	
1.99097	8.19977	
1.9931	8.19977	
1.9928	8.19946	
1.99219	8.19946	
1.99127	8.19946	
1.99249	8.19916	
1.99219	8.19916	
1.99219	8.19946	
1.99158	8.19916	
1.99127	8.19885	
1.9928	8.19916	
1.99219	8.19916	
1.99127	8.19855	
1.99249	8.19916	
1.99158	8.19885	
1.99158	8.19855	
1.99158	8.19824	
1.99219	8.19855	
1.99097	8.19824	
1.99158	8.19824	
1.99066	8.19824	
1.99219	8.19794	
1.99127	8.19916	
1.99127	8.19916	
1.99127	8.19946	
1.99127	8.19855	
1.99127	8.19885	
1.99097	8.19946	
1.99127	8.19855	
1.99249	8.19885	
1.99158	8.19763	
1.99188	8.19916	
1.99219	8.19794	
1.9928	8.19855	
1.99188	8.19885	
1.99158	8.19763	
1.99219	8.19794	
1.9928	8.19885	
1.99219	8.19824	
1.99188	8.19885	
1.99158	8.19855	
1.99158	8.19855	
1.9931	8.19885	
1.99219	8.19763	
1.99219	8.19824	
1.99219	8.19794	
1.9928	8.19763	
1.99249	8.19824	
1.99188	8.19672	
1.99188	8.19763	
1.99249	8.19763	
1.99249	8.19763	
1.99127	8.19763	
1.99127	8.19733	
1.99127	8.19763	
1.99219	8.19824	
1.99188	8.19824	
1.99127	8.19733	
1.99127	8.19672	
1.99188	8.19763	
1.9928	8.19702	
1.99188	8.19733	
1.99249	8.19824	
1.99219	8.19733	
1.99127	8.19702	
1.9928	8.19702	
1.99127	8.19641	
1.99158	8.19672	
1.99158	8.19641	
1.99249	8.19641	
1.99158	8.19702	
1.99097	8.19672	
1.99127	8.19733	
1.99097	8.19641	
1.99127	8.19702	
1.99066	8.19672	
1.99127	8.19733	
1.99097	8.19672	
1.99158	8.19702	
1.99219	8.19641	
1.99127	8.19672	
1.99219	8.19733	
1.99188	8.19702	
1.9928	8.19702	
1.99127	8.1958	
1.99127	8.19641	
1.99158	8.19611	
1.99188	8.19519	
1.99188	8.19641	
1.99127	8.1958	
1.99188	8.19672	
1.99127	8.1955	
1.99188	8.19611	
1.99127	8.1958	
1.99127	8.19611	
1.99097	8.1955	
1.99127	8.1958	
1.99127	8.19519	
1.99188	8.1958	
1.99249	8.1958	
1.99188	8.19489	
1.99066	8.1955	
1.99249	8.1958	
1.99219	8.1955	
1.99127	8.19519	
1.99158	8.1958	
1.99158	8.1958	
1.99188	8.19641	
1.99066	8.19489	
1.99158	8.19641	
1.9928	8.1958	
1.99158	8.19519	
1.99066	8.1955	
1.99127	8.1958	
1.99127	8.19458	
1.99188	8.19458	
1.99188	8.1958	
1.99127	8.19458	
1.99158	8.19427	
1.99097	8.19458	
1.99219	8.19458	
1.99158	8.19458	
1.99188	8.19489	
1.99158	8.19427	
1.99188	8.19458	
1.99219	8.19427	
1.99219	8.19489	
1.99219	8.19427	
1.99097	8.19427	
1.99219	8.19427	
1.99219	8.19458	
1.99249	8.19458	
1.99097	8.19397	
1.99219	8.19489	
1.99249	8.19489	
1.99158	8.19427	
1.99188	8.19427	
1.99158	8.1958	
1.99249	8.19489	
1.99036	8.19427	
1.99219	8.19489	
1.99249	8.19366	
1.99127	8.19489	
1.99158	8.19427	
1.99219	8.19427	
1.99219	8.19397	
1.99097	8.19427	
1.99219	8.19336	
1.99158	8.19427	
1.99158	8.19427	
1.99158	8.19397	
1.99188	8.19458	
1.99127	8.19397	
1.99219	8.19489	
1.99158	8.19427	
1.99158	8.19366	
1.99188	8.19336	
1.99127	8.19336	
1.99188	8.19366	
1.99127	8.19366	
1.99188	8.19214	
1.99219	8.19458	
1.99158	8.19458	
1.99097	8.19397	
1.99219	8.19397	
1.99188	8.19366	
1.99219	8.19366	
1.99158	8.19275	
1.99188	8.19458	
1.99127	8.19305	
1.99158	8.19336	
1.99127	8.19305	
1.99097	8.19336	
1.99127	8.19427	
1.99036	8.19427	
1.99127	8.19336	
1.99036	8.19305	
1.99158	8.19427	
1.99097	8.19366	
1.99127	8.19427	
1.99219	8.19366	
1.99158	8.19275	
1.99158	8.19275	
1.99127	8.19244	
1.99127	8.19244	
1.99188	8.19336	
1.99066	8.19275	
1.99158	8.19305	
1.99127	8.19305	
1.99188	8.19275	
1.99127	8.19244	
1.99066	8.19336	
1.99158	8.19244	
1.99127	8.19427	
1.99127	8.19244	
1.99219	8.19275	
1.99158	8.19244	
1.99249	8.19244	
1.99219	8.19275	
1.99127	8.19336	
1.99249	8.19244	
1.99249	8.19305	
1.99249	8.19305	
1.99249	8.19183	
1.99219	8.19244	
1.99249	8.19244	
1.99158	8.19183	
1.99219	8.19183	
1.99097	8.19183	
1.99188	8.19122	
1.99188	8.19092	
1.99188	8.19275	
1.99127	8.19092	
1.99188	8.19183	
1.99158	8.19183	
1.99249	8.19244	
1.99249	8.19153	
1.99249	8.19214	
1.99188	8.19214	
1.99097	8.19092	
1.99127	8.19122	
1.99158	8.19244	
1.99188	8.19214	
1.99127	8.19183	
1.99219	8.19153	
1.99158	8.19122	
1.99097	8.19183	
1.9931	8.19153	
1.99158	8.19092	
1.99158	8.19122	
1.99097	8.19122	
1.99127	8.19092	
1.99127	8.19122	
1.99249	8.19214	
1.99219	8.19153	
1.99219	8.19061	
1.99219	8.19183	
1.99188	8.19153	
1.99127	8.19153	
1.99188	8.19275	
1.99188	8.19214	
1.99158	8.19214	
1.99097	8.1897	
1.99158	8.19061	
1.99158	8.19153	
1.99188	8.19122	
1.99219	8.19153	
1.99249	8.19153	
1.99127	8.19061	
1.99066	8.19122	
1.99127	8.19092	
1.99219	8.19061	
1.99219	8.19031	
1.99249	8.19183	
1.99097	8.19122	
1.99158	8.19061	
1.99158	8.19092	
1.99127	8.19061	
1.99219	8.19092	
1.99219	8.19061	
1.99219	8.19061	
1.99219	8.19061	
1.99127	8.19031	
1.99188	8.19031	
1.99249	8.19031	
1.99219	8.19092	
1.99158	8.1897	
1.99097	8.18939	
1.99127	8.19031	
1.99188	8.18939	
1.99158	8.19031	
1.99219	8.19	
1.99188	8.18939	
1.99097	8.18909	
1.99188	8.18909	
1.99188	8.18848	
1.99066	8.18939	
1.99066	8.1897	
1.99188	8.18939	
1.99127	8.1897	
1.99158	8.18878	
1.99097	8.18939	
1.99036	8.18939	
1.99036	8.19031	
1.99097	8.18878	
1.99097	8.19	
1.99127	8.19031	
1.99036	8.19	
1.99097	8.18939	
1.99127	8.18909	
1.99219	8.18878	
1.99127	8.18909	
1.99219	8.18878	
1.99219	8.18878	
1.99188	8.18939	
1.99066	8.18909	
1.99127	8.18909	
1.99158	8.18848	
1.99158	8.18939	
1.99219	8.18939	
1.99158	8.18878	
1.99219	8.1897	
1.99066	8.18909	
1.99097	8.18909	
1.99127	8.18878	
1.99127	8.18909	
1.99127	8.18909	
1.99127	8.18909	
1.99158	8.18878	
1.99219	8.18878	
1.99097	8.18878	
1.99127	8.18756	
1.99097	8.18939	
1.99188	8.18848	
1.99188	8.18726	
1.99097	8.18817	
1.99158	8.18787	
1.99158	8.18878	
1.99097	8.18817	
1.99097	8.18817	
1.99097	8.18848	
1.99127	8.18878	
1.99036	8.18695	
1.99066	8.18756	
1.99066	8.18756	
1.99097	8.18817	
1.99036	8.18756	
1.99066	8.18756	
1.99127	8.18817	
1.99127	8.18848	
1.99066	8.18878	
1.99127	8.18878	
1.99219	8.18817	
1.99097	8.18756	
1.99097	8.18787	
1.99188	8.18787	
1.99188	8.18756	
1.99249	8.18756	
1.99219	8.18787	
1.99219	8.18695	
1.99127	8.18756	
1.99188	8.18756	
1.99158	8.18634	
1.99127	8.18756	
1.99127	8.18695	
1.99158	8.18695	
1.99219	8.18756	
1.99219	8.18756	
1.99249	8.18756	
1.99097	8.18756	
1.99219	8.18695	
1.99127	8.18695	
1.99158	8.18787	
1.99188	8.18726	
1.99158	8.18695	
1.99066	8.18756	
1.99097	8.18787	
1.99066	8.18787	
1.98944	8.18726	
1.99127	8.18787	
1.99066	8.18787	
1.99127	8.18756	
1.99066	8.18787	
1.99097	8.18787	
1.99066	8.18695	
1.99219	8.18695	
1.99036	8.18695	
1.99158	8.18695	
1.99158	8.18726	
1.99158	8.18695	
1.99097	8.18665	
1.99097	8.18695	
1.99066	8.18695	
1.99188	8.18604	
1.99127	8.18573	
1.99188	8.18634	
1.99249	8.18604	
1.99188	8.18604	
1.99219	8.18604	
1.99219	8.18695	
1.99219	8.18604	
1.99127	8.18634	
1.99158	8.18634	
1.99371	8.18665	
1.99188	8.18695	
1.99249	8.18573	
1.99188	8.18573	
1.99097	8.18604	
1.99066	8.18604	
1.99066	8.18573	
1.99066	8.18542	
1.99127	8.18573	
1.99036	8.18542	
1.99066	8.18634	
1.99097	8.18573	
1.99097	8.18451	
1.99158	8.18604	
1.99066	8.18451	
1.99188	8.18512	
1.99127	8.18512	
1.99158	8.18512	
1.99097	8.18481	
1.99097	8.18573	
1.99036	8.18542	
1.99066	8.18604	
1.99066	8.18573	
1.99097	8.18542	
1.99158	8.18573	
1.99066	8.18573	
1.99158	8.18542	
1.99188	8.18604	
1.99158	8.18542	
1.99097	8.18542	
1.99066	8.18634	
1.99005	8.18542	
1.99097	8.18512	
1.99097	8.18604	
1.99127	8.18451	
1.99097	8.18542	
1.99066	8.18604	
1.99097	8.18604	
1.99066	8.18542	
1.99097	8.18573	
1.99097	8.18542	
1.99097	8.18512	
1.99127	8.18542	
1.99158	8.18481	
1.99097	8.18512	
1.99066	8.18512	
1.99066	8.18512	
1.99158	8.18359	
1.99097	8.18512	
1.99097	8.18512	
1.99097	8.18481	
1.99097	8.18512	
1.99127	8.18451	
1.99097	8.18359	
1.99097	8.18451	
1.99158	8.18481	
1.99127	8.18451	
1.99249	8.1839	
1.99127	8.1842	
1.99097	8.1842	
1.99158	8.18451	
1.99066	8.18329	
1.99097	8.1842	
1.99097	8.18451	
1.99097	8.18451	
1.99188	8.18359	
1.99097	8.18481	
1.99158	8.1842	
1.99097	8.1842	
1.99066	8.18481	
1.99127	8.18359	
1.99127	8.1842	
1.99127	8.1842	
1.99097	8.18451	
1.99158	8.1839	
1.99158	8.1842	
1.99127	8.18329	
1.99066	8.18359	
1.99005	8.18298	
1.99219	8.18359	
1.99158	8.18451	
1.99188	8.1839	
1.99158	8.1839	
1.99127	8.18359	
1.99036	8.18451	
1.99036	8.1839	
1.99097	8.18451	
1.99158	8.18359	
1.99036	8.18298	
1.99097	8.18298	
1.99036	8.18329	
1.99066	8.18359	
1.99097	8.18329	
1.99097	8.1839	
1.99066	8.1842	
1.99066	8.1839	
1.99188	8.18298	
1.99219	8.1839	
1.99097	8.18268	
1.99127	8.18268	
1.99158	8.18237	
1.99066	8.18237	
1.99127	8.18268	
1.99127	8.18359	
1.99066	8.18207	
1.99097	8.18237	
1.99158	8.18207	
1.99127	8.18207	
1.99066	8.18237	
1.99036	8.18176	
1.99066	8.18207	
1.99158	8.18268	
1.99066	8.18237	
1.99097	8.18237	
1.99097	8.18359	
1.99127	8.18237	
1.99066	8.18268	
1.99066	8.1839	
1.99097	8.18298	
1.99127	8.18207	
1.99097	8.18237	
1.99066	8.18237	
1.99066	8.18268	
1.99158	8.18237	
1.99097	8.18237	
1.99097	8.18268	
1.99158	8.18268	
1.99066	8.18237	
1.99127	8.18237	
1.99097	8.18176	
1.99036	8.18176	
1.99097	8.18298	
1.99127	8.18237	
1.99097	8.18268	
1.99097	8.18176	
1.99127	8.18146	
1.99097	8.18176	
1.99097	8.18085	
1.99158	8.18207	
1.99127	8.18207	
1.99097	8.18146	
1.98975	8.18146	
1.99219	8.18237	
1.99219	8.18176	
1.99066	8.18237	
1.99127	8.18237	
1.99127	8.18176	
1.99158	8.18207	
1.99097	8.18207	
1.99127	8.18176	
1.99066	8.18146	
1.99127	8.18176	
1.99127	8.18237	
1.99005	8.18085	
1.99097	8.18115	
1.99066	8.18085	
1.99036	8.18207	
1.99066	8.18146	
1.99036	8.18115	
1.99066	8.18176	
1.99005	8.18176	
1.99036	8.18115	
1.99066	8.18085	
1.99127	8.18115	
1.99097	8.18115	
1.99097	8.18085	
1.99097	8.18085	
1.99066	8.18146	
1.99066	8.18054	
1.99066	8.18176	
1.99005	8.18146	
1.99066	8.18115	
1.99066	8.18024	
1.99036	8.18085	
1.99127	8.18054	
1.99036	8.18054	
1.99036	8.18115	
1.99005	8.18024	
1.99097	8.18085	
1.99036	8.18054	
1.99127	8.18115	
1.99097	8.18085	
1.99036	8.18054	
1.99036	8.18024	
1.99066	8.18115	
1.99127	8.18054	
1.99097	8.18024	
1.99036	8.18115	
1.99066	8.18115	
1.99127	8.18115	
1.99036	8.17993	
1.99097	8.17963	
1.99066	8.18115	
1.99127	8.18024	
1.99097	8.18054	
1.99036	8.17993	
1.99066	8.18054	
1.99036	8.17932	
1.99097	8.17993	
1.99066	8.18054	
1.99066	8.17993	
1.99097	8.17932	
1.99158	8.17993	
1.99036	8.17993	
1.99066	8.17963	
1.99127	8.17963	
1.99097	8.17963	
1.99097	8.17993	
1.99188	8.17963	
1.99036	8.17963	
1.99036	8.17993	
1.99188	8.17993	
1.99066	8.17993	
1.99158	8.17993	
1.99097	8.17902	
1.99097	8.17932	
1.99097	8.17963	
1.99127	8.17993	
1.99036	8.17932	
1.99066	8.17963	
1.99127	8.17871	
1.99097	8.17993	
1.99127	8.17932	
1.99127	8.17902	
1.99066	8.17963	
1.99127	8.17932	
1.99066	8.17902	
1.99066	8.17963	
1.99097	8.17932	
1.99097	8.17963	
1.99158	8.17932	
1.99097	8.17902	
1.99158	8.17993	
1.99127	8.17932	
1.99066	8.17993	
1.99097	8.17841	
1.99097	8.17932	
1.99066	8.17963	
1.99036	8.17932	
1.99158	8.17841	
1.99036	8.1778	
1.99158	8.1778	
1.99158	8.1781	
1.99097	8.1781	
1.99158	8.1781	
1.99127	8.17932	
1.99127	8.17902	
1.99219	8.17902	
1.99188	8.17871	
1.99127	8.17871	
1.99066	8.17719	
1.99097	8.17749	
1.99066	8.1781	
1.99036	8.17841	
1.99127	8.17749	
1.99097	8.17749	
1.99127	8.1781	
1.99066	8.17841	
1.99066	8.17871	
1.99066	8.1781	
1.99127	8.17932	
1.99127	8.17871	
1.99127	8.17871	
1.99127	8.1778	
1.99097	8.1778	
1.99066	8.17871	
1.99158	8.17871	
1.99127	8.1781	
1.99066	8.17902	
1.99066	8.1781	
1.99127	8.17841	
1.99097	8.1778	
1.99066	8.17719	
1.99066	8.1781	
1.99066	8.1781	
1.99127	8.17749	
1.99127	8.17902	
1.99097	8.17749	
1.99188	8.1778	
1.99066	8.1781	
1.99036	8.1781	
1.99036	8.17719	
1.99097	8.1778	
1.99097	8.17749	
1.99097	8.17871	
1.99219	8.1781	
1.99127	8.1781	
1.99066	8.17749	
1.99127	8.1778	
1.99066	8.1778	
1.99127	8.17688	
1.99066	8.17749	
1.99127	8.17657	
1.99097	8.17719	
1.98975	8.1781	
1.99066	8.1781	
1.99066	8.17749	
1.99066	8.1778	
1.99066	8.17719	
1.99127	8.17657	
1.99036	8.17749	
1.99066	8.17749	
1.99097	8.17749	
1.99097	8.17688	
1.99127	8.17719	
1.99127	8.17749	
1.99097	8.17657	
1.99097	8.17719	
1.99066	8.17657	
1.99005	8.17688	
1.99066	8.17657	
1.99066	8.17657	
1.99066	8.17657	
1.99127	8.17749	
1.99066	8.17719	
1.99097	8.17688	
1.99036	8.17657	
1.99005	8.17596	
1.98975	8.17657	
1.99097	8.17688	
1.98975	8.17657	
1.99066	8.17535	
1.99066	8.17596	
1.99066	8.17596	
1.99066	8.17566	
1.99036	8.17566	
1.99127	8.17596	
1.99158	8.17596	
1.99036	8.17657	
1.99097	8.17596	
1.99097	8.17596	
1.99066	8.17474	
1.99066	8.17596	
1.99066	8.17566	
1.99066	8.17688	
1.99036	8.17627	
1.99097	8.17566	
1.99036	8.17566	
1.99036	8.17596	
1.99005	8.17627	
1.99066	8.17627	
1.99127	8.17627	
1.99036	8.17566	
1.99036	8.17505	
1.99127	8.17505	
1.99036	8.17505	
1.99066	8.17535	
1.99066	8.17596	
1.99036	8.17535	
1.99005	8.17505	
1.99066	8.17505	
1.99005	8.17505	
1.99066	8.17566	
1.99066	8.17505	
1.98975	8.17535	
1.99036	8.17627	
1.99066	8.17627	
1.98975	8.17596	
1.99005	8.17535	
1.99036	8.17474	
1.99036	8.17474	
1.99036	8.17596	
1.99036	8.17535	
1.99036	8.17596	
1.99127	8.17535	
1.99127	8.17657	
1.99066	8.17535	
1.99036	8.17535	
1.99127	8.17505	
1.99097	8.17566	
1.99005	8.17474	
1.99036	8.17596	
1.99066	8.17535	
1.99036	8.17566	
1.99066	8.17535	
1.99066	8.17505	
1.98975	8.17535	
1.99005	8.17505	
1.99158	8.17474	
1.99066	8.17535	
1.99066	8.17535	
1.99066	8.17474	
1.99066	8.17474	
1.99097	8.17566	
1.99066	8.17474	
1.99066	8.17505	
1.99066	8.17444	
1.99097	8.17535	
1.99066	8.17444	
1.99066	8.17413	
1.99036	8.17474	
1.99005	8.17474	
1.99066	8.17474	
1.99066	8.17505	
1.99036	8.17505	
1.99036	8.17474	
1.99036	8.17383	
1.99036	8.17444	
1.99097	8.17505	
1.99005	8.17413	
1.98975	8.17444	
1.99097	8.17474	
1.98944	8.17352	
1.99005	8.17413	
1.98944	8.17322	
1.99066	8.17413	
1.99097	8.17474	
1.99188	8.17291	
1.99097	8.17352	
1.99066	8.17413	
1.99005	8.17413	
1.99066	8.17383	
1.98975	8.17444	
1.99005	8.17413	
1.99066	8.17444	
1.98975	8.17383	
1.99005	8.17383	
1.99036	8.17444	
1.99005	8.17383	
1.99066	8.17413	
1.99066	8.17444	
1.99066	8.17291	
1.99097	8.17322	
1.99066	8.17444	
1.99066	8.17352	
1.99066	8.17352	
1.99097	8.17474	
1.99097	8.17383	
1.99066	8.17322	
1.99036	8.17352	
1.99005	8.17352	
1.99066	8.17383	
1.99066	8.17444	
1.99036	8.17413	
1.99097	8.17413	
1.99036	8.17291	
1.99066	8.17291	
1.99066	8.17322	
1.99097	8.17322	
1.99097	8.17322	
1.99036	8.17291	
1.99097	8.17291	
1.99036	8.17322	
1.99005	8.17383	
1.99097	8.17322	
1.99036	8.17291	
1.99036	8.17291	
1.99097	8.17383	
1.99005	8.17413	
1.99036	8.17383	
1.99005	8.17322	
1.99127	8.1723	
1.99036	8.17322	
1.99036	8.17383	
1.99005	8.17383	
1.99127	8.17291	
1.99066	8.17352	
1.99066	8.17322	
1.99097	8.1723	
1.99036	8.17261	
1.98975	8.17261	
1.99066	8.17291	
1.99005	8.17261	
1.99097	8.1723	
1.99036	8.1723	
1.99036	8.17169	
1.99066	8.17322	
1.99097	8.17291	
1.99066	8.17261	
1.99036	8.17261	
1.99005	8.1723	
1.98975	8.17261	
1.99036	8.17261	
1.99066	8.172	
1.99066	8.172	
1.99066	8.17261	
1.99005	8.1723	
1.98944	8.17261	
1.99066	8.17139	
1.99066	8.1723	
1.99036	8.172	
1.99036	8.17139	
1.99005	8.17291	
1.99066	8.17169	
1.99066	8.1723	
1.99005	8.17291	
1.99036	8.172	
1.99066	8.17322	
1.99066	8.172	
1.99036	8.172	
1.99036	8.17291	
1.98975	8.1723	
1.98944	8.1723	
1.99005	8.172	
1.99097	8.17169	
1.98975	8.1723	
1.98975	8.1723	
1.99097	8.17139	
1.99036	8.172	
1.99066	8.17139	
1.99066	8.17139	
1.99097	8.172	
1.99066	8.17261	
1.99066	8.17291	
1.99066	8.1723	
1.99036	8.17108	
1.99005	8.172	
1.99066	8.17169	
1.98944	8.17108	
1.99036	8.172	
1.99036	8.172	
1.99005	8.17108	
1.98975	8.17169	
1.99066	8.17108	
1.99036	8.16986	
1.99127	8.17139	
1.99066	8.17139	
1.99005	8.172	
1.99036	8.172	
1.99066	8.17169	
1.99005	8.17169	
1.99005	8.17169	
1.99005	8.17169	
1.99036	8.17169	
1.99036	8.17078	
1.99005	8.17047	
1.99005	8.17108	
1.99005	8.17139	
1.99005	8.17078	
1.99036	8.17047	
1.99158	8.17108	
1.98975	8.17139	
1.99036	8.17108	
1.99036	8.17078	
1.99066	8.17139	
1.99005	8.17139	
1.99127	8.172	
1.99036	8.17139	
1.98853	8.17078	
1.98914	8.17139	
1.98975	8.17078	
1.99005	8.17108	
1.99036	8.17139	
1.98975	8.17047	
1.98914	8.16986	
1.98975	8.17078	
1.99036	8.17078	
1.99036	8.17047	
1.98975	8.17017	
1.99066	8.17078	
1.98975	8.17047	
1.99005	8.17047	
1.98975	8.17047	
1.98944	8.17108	
1.99005	8.17047	
1.98975	8.16986	
1.99036	8.17139	
1.99097	8.17078	
1.98975	8.16956	
1.99005	8.17047	
1.99005	8.17108	
1.99005	8.17017	
1.99066	8.17078	
1.98944	8.17108	
1.99005	8.17047	
1.99036	8.16956	
1.99036	8.16986	
1.99036	8.17017	
1.98975	8.16925	
1.99005	8.17047	
1.99036	8.16956	
1.98975	8.16956	
1.98944	8.17047	
1.98975	8.16986	
1.98944	8.16986	
1.99036	8.16956	
1.99005	8.16986	
1.98883	8.16986	
1.99005	8.16956	
1.99066	8.17078	
1.99097	8.16986	
1.98975	8.16986	
1.99005	8.16925	
1.99005	8.16956	
1.99005	8.17047	
1.99036	8.16956	
1.99036	8.16956	
1.99005	8.16956	
1.99036	8.17017	
1.98944	8.16956	
1.98975	8.16864	
1.98883	8.16925	
1.98883	8.17017	
1.99066	8.16986	
1.99005	8.17017	
1.99097	8.17047	
1.99036	8.16895	
1.99005	8.16956	
1.99036	8.17017	
1.98975	8.16956	
1.98975	8.17017	
1.99066	8.17017	
1.99066	8.16895	
1.99005	8.16833	
1.98914	8.16864	
1.98944	8.16833	
1.98975	8.16956	
1.98944	8.16956	
1.98975	8.16986	
1.98883	8.16864	
1.98914	8.16956	
1.99005	8.17017	
1.99066	8.16986	
1.98975	8.16956	
1.98944	8.16986	
1.98975	8.16956	
1.99005	8.16925	
1.99036	8.16895	
1.98944	8.16895	
1.98883	8.16895	
1.98944	8.16986	
1.99005	8.16986	
1.98883	8.16864	
1.98914	8.16986	
1.99005	8.16864	
1.98975	8.16895	
1.99005	8.16864	
1.98883	8.16833	
1.98944	8.16742	
1.99005	8.16833	
1.98944	8.16833	
1.99005	8.16803	
1.98975	8.16803	
1.99005	8.16772	
1.98914	8.16895	
1.98914	8.16864	
1.99005	8.16864	
1.98975	8.16803	
1.99036	8.16772	
1.99005	8.16895	
1.99005	8.16833	
1.99036	8.16803	
1.99005	8.16803	
1.98944	8.16772	
1.98975	8.16895	
1.98883	8.16803	
1.98914	8.16772	
1.98914	8.16833	
1.99005	8.16772	
1.98944	8.16772	
1.98914	8.16833	
1.99005	8.16833	
1.99005	8.16803	
1.99066	8.16772	
1.99005	8.16742	
1.98944	8.16833	
1.98944	8.16833	
1.98944	8.16772	
1.98944	8.16772	
1.98975	8.16772	
1.98944	8.16864	
1.98914	8.16772	
1.98975	8.16895	
1.99005	8.16772	
1.98914	8.16833	
1.98975	8.16864	
1.99005	8.16803	
1.99036	8.16803	
1.98975	8.16833	
1.99005	8.16803	
1.99005	8.16772	
1.99005	8.16803	
1.98975	8.16803	
1.98944	8.16803	
1.99005	8.16803	
1.98975	8.16772	
1.98883	8.16742	
1.98883	8.16681	
1.98944	8.16742	
1.99005	8.16772	
1.98975	8.16681	
1.98914	8.16742	
1.98975	8.16742	
1.99036	8.1665	
1.99066	8.16803	
1.99005	8.16711	
1.98944	8.16681	
1.98944	8.16742	
1.98944	8.16742	
1.98944	8.1665	
1.98883	8.16681	
1.99005	8.16711	
1.98944	8.1662	
1.98975	8.16681	
1.99005	8.16772	
1.98944	8.1665	
1.98944	8.16711	
1.99036	8.16681	
1.98975	8.16711	
1.98944	8.16711	
1.98883	8.16681	
1.98975	8.1662	
1.98914	8.16742	
1.99005	8.16681	
1.98914	8.1662	
1.98914	8.16681	
1.99005	8.1665	
1.98883	8.1662	
1.98944	8.16742	
1.98944	8.1662	
1.99005	8.1662	
1.98944	8.16681	
1.98944	8.1662	
1.98914	8.16711	
1.98944	8.1662	
1.99066	8.16742	
1.98975	8.16711	
1.98914	8.16711	
1.98975	8.1662	
1.98883	8.1665	
1.98944	8.16681	
1.98944	8.1662	
1.98944	8.16681	
1.99005	8.16681	
1.98944	8.1665	
1.98944	8.16559	
1.98944	8.16681	
1.98975	8.1662	
1.98944	8.16681	
1.98975	8.16559	
1.98944	8.16772	
1.98853	8.16681	
1.98944	8.1662	
1.98914	8.1662	
1.98975	8.16559	
1.98914	8.16589	
1.98914	8.16559	
1.98975	8.1662	
1.98853	8.16528	
1.99005	8.16559	
1.99036	8.16498	
1.98944	8.16528	
1.98914	8.16589	
1.98975	8.16589	
1.98975	8.16559	
1.98944	8.16589	
1.99005	8.1662	
1.98975	8.16589	
1.98975	8.16589	
1.98944	8.16589	
1.98914	8.16589	
1.98944	8.1662	
1.98975	8.16589	
1.98975	8.1662	
1.98914	8.16467	
1.98914	8.16559	
1.98914	8.16528	
1.98853	8.16498	
1.98914	8.16559	
1.98914	8.16467	
1.98883	8.16528	
1.98914	8.16498	
1.99036	8.16528	
1.98914	8.16528	
1.99005	8.1662	
1.98944	8.16559	
1.98944	8.16528	
1.98883	8.16528	
1.98944	8.16498	
1.98975	8.16559	
1.98914	8.1665	
1.98944	8.16559	
1.98944	8.16559	
1.99005	8.16559	
1.98975	8.16498	
1.98883	8.16498	
1.98914	8.16528	
1.98914	8.16528	
1.98883	8.16528	
1.98975	8.16528	
1.98914	8.16528	
1.99005	8.16528	
1.98914	8.16406	
1.98914	8.16467	
1.99005	8.16498	
1.99005	8.16559	
1.98883	8.16498	
1.98975	8.16467	
1.99036	8.16559	
1.98914	8.16528	
1.98883	8.16406	
1.98944	8.16345	
1.99005	8.16467	
1.98883	8.16406	
1.98975	8.16498	
1.99005	8.16406	
1.98944	8.16467	
1.99036	8.16498	
1.99005	8.16528	
1.98914	8.16467	
1.98944	8.16467	
1.98975	8.16406	
1.98975	8.16498	
1.98914	8.16528	
1.98975	8.16498	
1.98944	8.16467	
1.99005	8.16498	
1.98883	8.16528	
1.98944	8.16467	
1.98853	8.16406	
1.98914	8.16437	
1.98914	8.16406	
1.98914	8.16406	
1.98914	8.16345	
1.98944	8.16406	
1.98944	8.16406	
1.99036	8.16467	
1.98944	8.16315	
1.98944	8.16437	
1.98944	8.16406	
1.98883	8.16498	
1.99036	8.16345	
1.98975	8.16345	
1.98914	8.16376	
1.98883	8.16467	
1.98975	8.16467	
1.98944	8.16345	
1.98944	8.16406	
1.98914	8.16437	
1.98944	8.16406	
1.98944	8.16345	
1.98975	8.16345	
1.98914	8.16376	
1.98944	8.16315	
1.99036	8.16315	
1.99005	8.16345	
1.98944	8.16345	
1.98944	8.16376	
1.98944	8.16223	
1.98944	8.16254	
1.98853	8.16254	
1.98944	8.16254	
1.98975	8.16406	
1.98975	8.16437	
1.99005	8.16376	
1.98975	8.16345	
1.98944	8.16345	
1.98944	8.16315	
1.98944	8.16376	
1.98883	8.16345	
1.98853	8.16406	
1.98883	8.16193	
1.98914	8.16254	
1.98822	8.16345	
1.98853	8.16345	
1.98853	8.16223	
1.98914	8.16315	
1.98883	8.16223	
1.98975	8.16254	
1.98883	8.16376	
1.98975	8.16315	
1.98914	8.16345	
1.98883	8.16284	
1.99005	8.16345	
1.98914	8.16345	
1.98883	8.16376	
1.98944	8.16284	
1.98914	8.16315	
1.98883	8.16315	
1.98883	8.16345	
1.98883	8.16254	
1.98883	8.16284	
1.98914	8.16284	
1.98944	8.16254	
1.98883	8.16315	
1.98975	8.16345	
1.98975	8.16345	
1.98914	8.16223	
1.98914	8.16315	
1.98914	8.16193	
1.98883	8.16223	
1.98944	8.16223	
1.98944	8.16254	
1.98883	8.16193	
1.98944	8.16315	
1.98853	8.16284	
1.98883	8.16284	
1.98975	8.16284	
1.98944	8.16254	
1.98914	8.16193	
1.98944	8.16254	
1.98914	8.16223	
1.98914	8.16284	
1.98975	8.16345	
1.98975	8.16284	
1.98975	8.16254	
1.98944	8.16345	
1.98975	8.16162	
1.98914	8.16162	
1.98883	8.16071	
1.98822	8.16284	
1.98853	8.16101	
1.98883	8.16162	
1.98853	8.16223	
1.98883	8.16162	
1.98975	8.16223	
1.98975	8.16162	
1.98883	8.16193	
1.98914	8.16162	
1.98883	8.16162	
1.98853	8.16193	
1.98883	8.16101	
1.98883	8.16193	
1.98914	8.16254	
1.98944	8.16254	
1.98914	8.16223	
1.98822	8.16193	
1.98883	8.16254	
1.98883	8.16132	
1.98792	8.16132	
1.98853	8.16193	
1.98914	8.16162	
1.98883	8.16193	
1.98883	8.16132	
1.98761	8.16162	
1.98853	8.16193	
1.98944	8.16193	
1.98883	8.16132	
1.98914	8.16193	
1.98822	8.16193	
1.98792	8.16223	
1.98944	8.16162	
1.98944	8.16223	
1.98975	8.16162	
1.98792	8.16101	
1.98914	8.16193	
1.98944	8.16162	
1.98944	8.16132	
1.99036	8.16223	
1.98883	8.16193	
1.99005	8.16162	
1.98944	8.16162	
1.98761	8.16132	
1.98853	8.16101	
1.98914	8.16132	
1.98914	8.16162	
1.99005	8.16101	
1.98883	8.16101	
1.98944	8.16101	
1.98883	8.16071	
1.98853	8.16071	
1.98914	8.16101	
1.98944	8.16101	
1.98914	8.16162	
1.98883	8.16101	
1.98944	8.1601	
1.98975	8.16101	
1.98883	8.16101	
1.98883	8.1601	
1.98914	8.1601	
1.99005	8.16132	
1.98914	8.16132	
1.98944	8.16162	
1.98883	8.1604	
1.98883	8.16101	
1.98853	8.16101	
1.98883	8.16101	
1.98853	8.1604	
1.98883	8.1604	
1.98853	8.1604	
1.98853	8.16071	
1.98853	8.16162	
1.98761	8.16101	
1.98822	8.16101	
1.98792	8.1601	
1.98853	8.1604	
1.98883	8.1604	
1.98822	8.16132	
1.98853	8.1601	
1.9873	8.15918	
1.98853	8.1601	
1.98853	8.15918	
1.98883	8.15979	
1.98883	8.15979	
1.98944	8.15979	
1.98822	8.15918	
1.98914	8.15918	
1.98975	8.1601	
1.98792	8.1604	
1.98914	8.15918	
1.98883	8.15948	
1.99005	8.15948	
1.98914	8.15979	
1.98944	8.15918	
1.98944	8.15979	
1.98914	8.15948	
1.98883	8.15948	
1.98883	8.1601	
1.98853	8.1601	
1.98883	8.15979	
1.98761	8.15948	
1.98853	8.15887	
1.98822	8.15918	
1.98761	8.15948	
1.98822	8.15979	
1.98914	8.15979	
1.98883	8.1601	
1.98883	8.15979	
1.98822	8.1601	
1.98883	8.1601	
1.98883	8.1604	
1.98853	8.15979	
1.98883	8.1601	
1.98761	8.15979	
1.98853	8.15979	
1.98853	8.15948	
1.98761	8.1601	
1.98792	8.15979	
1.98792	8.1601	
1.98792	8.15887	
1.98853	8.15826	
1.98883	8.15948	
1.98883	8.15948	
1.98944	8.15979	
1.98914	8.15979	
1.98883	8.15948	
1.98853	8.15918	
1.98822	8.15918	
1.98944	8.1604	
1.98914	8.1601	
1.98853	8.15979	
1.98883	8.15918	
1.98944	8.15918	
1.98822	8.15979	
1.98883	8.15918	
1.98944	8.15857	
1.98944	8.15765	
1.98914	8.15857	
1.98761	8.15887	
1.98853	8.15857	
1.98883	8.15796	
1.98883	8.15826	
1.98883	8.15948	
1.98883	8.15887	
1.98914	8.15857	
1.98944	8.15918	
1.98761	8.15979	
1.98853	8.1601	
1.98822	8.15948	
1.98822	8.15979	
1.98792	8.15918	
1.98792	8.15796	
1.98761	8.15979	
1.98822	8.15887	
1.98883	8.15826	
1.98883	8.15918	
1.98883	8.15826	
1.98853	8.15857	
1.98853	8.15765	
1.98975	8.15796	
1.98914	8.15857	
1.98944	8.15887	
1.98944	8.15796	
1.98944	8.15918	
1.98853	8.15735	
1.98853	8.15857	
1.98822	8.15796	
1.98853	8.15765	
1.98883	8.15918	
1.98761	8.15765	
1.98853	8.15857	
1.98761	8.15857	
1.987	8.15826	
1.98761	8.15826	
1.98944	8.15826	
1.98883	8.15796	
1.98853	8.15887	
1.98822	8.15857	
1.98883	8.15857	
1.98792	8.15765	
1.98761	8.15735	
1.98853	8.15826	
1.98853	8.15796	
1.98944	8.15765	
1.98792	8.15735	
1.98883	8.15826	
1.98822	8.15735	
1.98853	8.15796	
1.98822	8.15765	
1.98822	8.15765	
1.98914	8.15826	
1.98853	8.15826	
1.98853	8.15796	
1.98883	8.15857	
1.98883	8.15704	
1.98883	8.15704	
1.98792	8.15643	
1.98853	8.15735	
1.98853	8.15704	
1.98883	8.15796	
1.98853	8.15796	
1.98822	8.15735	
1.98883	8.15704	
1.98883	8.15765	
1.98822	8.15796	
1.98792	8.15765	
1.98792	8.15765	
1.98822	8.15796	
1.98853	8.15796	
1.9873	8.15826	
1.98792	8.15704	
1.98792	8.15735	
1.98792	8.15735	
1.98883	8.15796	
1.98822	8.15765	
1.98883	8.15735	
1.98822	8.15704	
1.98761	8.15643	
1.98792	8.15643	
1.98822	8.15704	
1.98883	8.15735	
1.98883	8.15704	
1.98792	8.15704	
1.98914	8.15735	
1.98914	8.15643	
1.98761	8.15643	
1.98883	8.15674	
1.98822	8.15674	
1.98853	8.15704	
1.98761	8.15704	
1.98822	8.15704	
1.98761	8.15643	
1.98761	8.15735	
1.98761	8.15704	
1.98761	8.15613	
1.98792	8.15735	
1.98761	8.15674	
1.98883	8.15643	
1.98883	8.15643	
1.98853	8.15735	
1.98761	8.15765	
1.98792	8.15643	
1.98761	8.15674	
1.98761	8.15613	
1.9873	8.15674	
1.98792	8.15613	
1.98761	8.15674	
1.98853	8.15613	
1.98822	8.15613	
1.98822	8.15643	
1.98822	8.15613	
1.98761	8.15643	
1.9873	8.15613	
1.98639	8.15613	
1.98792	8.15735	
1.98761	8.15674	
1.98761	8.15674	
1.98853	8.15613	
1.98853	8.15613	
1.98883	8.15613	
1.98822	8.15643	
1.98914	8.15613	
1.98883	8.15552	
1.98822	8.15704	
1.98792	8.15643	
1.98761	8.15704	
1.98761	8.15613	
1.9873	8.15613	
1.98822	8.15674	
1.98761	8.15674	
1.9873	8.15674	
1.98792	8.15674	
1.98792	8.15735	
1.98792	8.15643	
1.9873	8.15613	
1.98792	8.15643	
1.9873	8.15582	
1.98761	8.15613	
1.9873	8.15613	
1.9873	8.15552	
1.98792	8.15613	
1.98761	8.15491	
1.98761	8.15552	
1.98792	8.15582	
1.98761	8.15552	
1.9873	8.15521	
1.98792	8.15552	
1.98792	8.15521	
1.98761	8.15552	
1.98761	8.15521	
1.98853	8.15552	
1.987	8.15521	
1.98761	8.15399	
1.9873	8.15552	
1.98914	8.15491	
1.98822	8.15521	
1.98853	8.15582	
1.98792	8.15582	
1.98853	8.15521	
1.98822	8.15491	
1.98883	8.15552	
1.98761	8.15582	
1.98914	8.15521	
1.98761	8.15491	
1.98853	8.15613	
1.98853	8.15552	
1.98914	8.15552	
1.98761	8.15613	
1.9873	8.15491	
1.98822	8.15491	
1.98792	8.15521	
1.98822	8.15521	
1.98792	8.15521	
1.98761	8.15521	
1.98761	8.15491	
1.987	8.15552	
1.98822	8.15552	
1.98853	8.15521	
1.98792	8.15491	
1.98761	8.1546	
1.98822	8.15582	
1.98822	8.15582	
1.98822	8.15552	
1.98761	8.15552	
1.98792	8.15521	
1.98792	8.1546	
1.98761	8.1546	
1.98853	8.15491	
1.98792	8.15491	
1.98822	8.15582	
1.98761	8.15491	
1.98822	8.15491	
1.98761	8.1546	
1.98883	8.1543	
1.98853	8.15491	
1.98853	8.15491	
1.98761	8.15491	
1.98792	8.15338	
1.98822	8.1546	
1.98761	8.15491	
1.98822	8.1546	
1.98822	8.1543	
1.9873	8.1546	
1.98761	8.15338	
1.98761	8.15338	
1.98792	8.15369	
1.9873	8.15369	
1.98669	8.1546	
1.98761	8.15369	
1.98792	8.15338	
1.987	8.1546	
1.98761	8.15338	
1.98853	8.15399	
1.98853	8.1546	
1.98761	8.15369	
1.98792	8.1543	
1.98761	8.15369	
1.98761	8.1546	
1.98853	8.1546	
1.98853	8.15521	
1.98761	8.15399	
1.98669	8.1546	
1.98822	8.1546	
1.98853	8.1543	
1.98761	8.15399	
1.9873	8.15399	
1.98761	8.15369	
1.98669	8.1543	
1.987	8.15399	
1.987	8.15399	
1.9873	8.15338	
1.98792	8.15399	
1.9873	8.15369	
1.98822	8.15399	
1.98792	8.1543	
1.98761	8.15338	
1.98822	8.15399	
1.98792	8.15399	
1.98822	8.15338	
1.9873	8.15369	
1.98822	8.15338	
1.98761	8.1543	
1.9873	8.1543	
1.98853	8.15399	
1.98761	8.15369	
1.98761	8.1546	
1.9873	8.1546	
1.9873	8.15399	
1.98761	8.15338	
1.98669	8.15338	
1.987	8.15308	
1.9873	8.15308	
1.98761	8.15277	
1.987	8.15369	
1.98608	8.15247	
1.987	8.15277	
1.9873	8.15308	
1.9873	8.1543	
1.98761	8.1543	
1.98883	8.15369	
1.98761	8.15369	
1.98853	8.15338	
1.98761	8.15308	
1.98792	8.1546	
1.98853	8.15338	
1.98761	8.15369	
1.98761	8.15308	
1.98792	8.15338	
1.98853	8.15369	
1.98853	8.1543	
1.98792	8.15308	
1.98853	8.15308	
1.98761	8.15247	
1.98761	8.15277	
1.98761	8.15216	
1.987	8.15338	
1.98822	8.15277	
1.98669	8.15308	
1.987	8.15216	
1.98761	8.15308	
1.98761	8.15277	
1.98547	8.15216	
1.9873	8.15277	
1.98669	8.15216	
1.98761	8.15277	
1.9873	8.15216	
1.9873	8.15247	
1.9873	8.15247	
1.98669	8.15247	
1.98761	8.15247	
1.98669	8.15338	
1.98792	8.15155	
1.987	8.15247	
1.987	8.15338	
1.98792	8.15277	
1.98761	8.15247	
1.98822	8.15247	
1.9873	8.15308	
1.987	8.15247	
1.98853	8.15277	
1.98761	8.15216	
1.9873	8.15216	
1.98761	8.15216	
1.98669	8.15247	
1.9873	8.15247	
1.987	8.15216	
1.98639	8.15155	
1.98761	8.15247	
1.98761	8.15247	
1.9873	8.15308	
1.987	8.15277	
1.98792	8.15308	
1.987	8.15216	
1.987	8.15308	
1.987	8.15247	
1.98761	8.15125	
1.9873	8.15277	
1.98761	8.15247	
1.98792	8.15186	
1.98761	8.15155	
1.987	8.15094	
1.98761	8.15216	
1.98639	8.15186	
1.98669	8.15277	
1.9873	8.15277	
1.9873	8.15277	
1.987	8.15247	
1.98761	8.15186	
1.98761	8.15277	
1.9873	8.15186	
1.98761	8.15155	
1.98761	8.15125	
1.9873	8.15155	
1.98792	8.15247	
1.9873	8.15186	
1.9873	8.15216	
1.98639	8.15216	
1.987	8.15308	
1.9873	8.15186	
1.98669	8.15277	
1.9873	8.15186	
1.98669	8.15247	
1.98761	8.15308	
1.98761	8.15277	
1.987	8.15155	
1.987	8.15125	
1.98761	8.15125	
1.98669	8.15155	
1.987	8.15125	
1.98792	8.15186	
1.98761	8.15125	
1.98761	8.15125	
1.9873	8.15216	
1.9873	8.15216	
1.987	8.15247	
1.98822	8.15247	
1.98639	8.15155	
1.9873	8.15155	
1.98792	8.15277	
1.98761	8.15186	
1.9873	8.15186	
1.98639	8.15094	
1.987	8.15186	
1.98669	8.15094	
1.987	8.15094	
1.9873	8.15155	
1.98669	8.15155	
1.987	8.15094	
1.98669	8.15063	
1.98669	8.15216	
1.98547	8.15125	
1.98669	8.15125	
1.98761	8.15063	
1.9873	8.15125	
1.9873	8.15125	
1.987	8.15125	
1.987	8.15155	
1.987	8.15155	
1.98578	8.15125	
1.98669	8.15033	
1.9873	8.15125	
1.98669	8.15125	
1.9873	8.15155	
1.98639	8.15155	
1.987	8.15125	
1.98669	8.15094	
1.98669	8.15033	
1.98639	8.15033	
1.9873	8.15125	
1.98761	8.15094	
1.987	8.15155	
1.98608	8.15063	
1.9873	8.15125	
1.98761	8.15125	
1.98761	8.15155	
1.98639	8.15063	
1.98639	8.15094	
1.987	8.15063	
1.9873	8.15125	
1.98761	8.15033	
1.98639	8.15063	
1.98608	8.15002	
1.987	8.15002	
1.987	8.15063	
1.98669	8.15033	
1.98639	8.15063	
1.98639	8.15002	
1.98639	8.15033	
1.9873	8.15216	
1.9873	8.15063	
1.987	8.15125	
1.987	8.15063	
1.98669	8.15125	
1.98639	8.15033	
1.98761	8.15094	
1.98669	8.14972	
1.987	8.15125	
1.9873	8.15033	
1.9873	8.15125	
1.98761	8.15125	
1.9873	8.15155	
1.9873	8.15125	
1.9873	8.15125	
1.9873	8.15094	
1.98761	8.14972	
1.98792	8.14972	
1.98639	8.14972	
1.98669	8.14972	
1.98608	8.15002	
1.98547	8.14972	
1.98669	8.15002	
1.9873	8.15002	
1.98669	8.15002	
1.98669	8.15002	
1.98639	8.14972	
1.98639	8.14972	
1.98608	8.15002	
1.987	8.15033	
1.9873	8.15002	
1.987	8.14972	
1.987	8.15002	
1.98639	8.15063	
1.98608	8.14972	
1.98761	8.15063	
1.98669	8.15002	
1.987	8.14941	
1.98669	8.14911	
1.98792	8.14972	
1.98761	8.14911	
1.987	8.14972	
1.98578	8.15002	
1.98669	8.14911	
1.98639	8.14972	
1.98669	8.14972	
1.98669	8.14972	
1.98639	8.15033	
1.98669	8.15002	
1.98669	8.15002	
1.987	8.14911	
1.987	8.14941	
1.9873	8.14972	
1.98669	8.14972	
1.9873	8.14972	
1.98608	8.14911	
1.98669	8.14911	
1.98608	8.14941	
1.98669	8.14911	
1.98639	8.1485	
1.98669	8.1488	
1.98608	8.14911	
1.98639	8.1488	
1.9873	8.14911	
1.98669	8.14819	
1.98608	8.14819	
1.98608	8.14972	
1.98608	8.14911	
1.98578	8.1488	
1.98669	8.1488	
1.98669	8.1485	
1.98669	8.14972	
1.98639	8.14911	
1.98669	8.14941	
1.98639	8.14972	
1.9873	8.14911	
1.98669	8.14972	
1.987	8.14972	
1.9873	8.14941	
1.98639	8.1485	
1.98669	8.1485	
1.987	8.1488	
1.98608	8.14819	
1.98639	8.14819	
1.9873	8.14972	
1.98578	8.14911	
1.9873	8.14941	
1.98639	8.14972	
1.98639	8.14911	
1.98639	8.1485	
1.98608	8.14941	
1.98639	8.14972	
1.98669	8.14941	
1.987	8.14972	
1.98608	8.14941	
1.98608	8.14941	
1.9873	8.14911	
1.98578	8.1485	
1.98639	8.1485	
1.98578	8.1488	
1.98639	8.1488	
1.987	8.1485	
1.98578	8.14819	
1.98669	8.14728	
1.987	8.1485	
1.98639	8.1488	
1.987	8.14819	
1.98669	8.1488	
1.98669	8.1485	
1.9873	8.14819	
1.98669	8.14819	
1.98608	8.14789	
1.98578	8.1485	
1.98608	8.1488	
1.98547	8.14819	
1.98608	8.1488	
1.98669	8.14911	
1.98639	8.1485	
1.98639	8.14941	
1.98669	8.14789	
1.98639	8.1485	
1.98608	8.1485	
1.98608	8.1485	
1.98578	8.14728	
1.98608	8.14789	
1.98578	8.14819	
1.98639	8.1485	
1.98486	8.14819	
1.98669	8.14789	
1.98608	8.14789	
1.98639	8.1485	
1.98669	8.14789	
1.98669	8.1485	
1.98669	8.14819	
1.98639	8.1488	
1.987	8.14789	
1.98669	8.1488	
1.98639	8.14819	
1.98669	8.1488	
1.98639	8.1485	
1.98669	8.1485	
1.9873	8.14789	
1.98608	8.14728	
1.98608	8.14758	
1.98547	8.14819	
1.98639	8.1485	
1.98608	8.1485	
1.98608	8.14758	
1.98517	8.14789	
1.98608	8.14789	
1.98578	8.14758	
1.98608	8.14758	
1.98639	8.14789	
1.98639	8.14758	
1.98669	8.14819	
1.98639	8.14789	
1.98669	8.14789	
1.98669	8.14728	
1.98547	8.14728	
1.98608	8.14758	
1.98547	8.14728	
1.98639	8.14697	
1.98547	8.14728	
1.98639	8.14636	
1.98608	8.14667	
1.98578	8.14697	
1.98639	8.14667	
1.98639	8.14667	
1.98578	8.14819	
1.98639	8.14758	
1.98669	8.14667	
1.98639	8.14667	
1.98578	8.14789	
1.98578	8.14758	
1.98669	8.14636	
1.98578	8.14758	
1.98608	8.14819	
1.98578	8.14758	
1.98547	8.14667	
1.98639	8.14667	
1.98639	8.14667	
1.98639	8.14728	
1.98608	8.14728	
1.98486	8.14697	
1.98608	8.14728	
1.98608	8.14667	
1.98639	8.14728	
1.98669	8.14667	
1.98639	8.14697	
1.98639	8.14667	
1.987	8.14728	
1.9873	8.14728	
1.98608	8.14728	
1.98608	8.14728	
1.98639	8.14789	
1.98639	8.14697	
1.98547	8.14697	
1.98608	8.14697	
1.98578	8.14697	
1.98639	8.14636	
1.98578	8.14636	
1.98547	8.14758	
1.98547	8.14697	
1.98639	8.14606	
1.98578	8.14667	
1.98578	8.14667	
1.98547	8.14575	
1.98578	8.14697	
1.98608	8.14697	
1.98517	8.14697	
1.98547	8.14636	
1.98639	8.14758	
1.98639	8.14697	
1.98608	8.14667	
1.98517	8.14697	
1.98547	8.14667	
1.98547	8.14575	
1.98639	8.14636	
1.98669	8.14636	
1.98486	8.14758	
1.98639	8.14636	
1.98578	8.14667	
1.98578	8.14667	
1.98578	8.14667	
1.98608	8.14606	
1.98639	8.14667	
1.98517	8.14667	
1.98456	8.14636	
1.98578	8.14697	
1.98547	8.14697	
1.98578	8.14697	
1.98456	8.14667	
1.98425	8.14606	
1.98547	8.14667	
1.98547	8.14667	
1.98578	8.14667	
1.98547	8.14636	
1.98486	8.14606	
1.98578	8.14667	
1.98547	8.14606	
1.98639	8.14514	
1.98578	8.14575	
1.98486	8.14636	
1.98639	8.14667	
1.98608	8.14636	
1.98578	8.14575	
1.98547	8.14606	
1.98578	8.14697	
1.98547	8.14575	
1.98639	8.14514	
1.98578	8.14545	
1.98669	8.14575	
1.98578	8.14606	
1.98578	8.14575	
1.98517	8.14575	
1.98517	8.14514	
1.98547	8.14514	
1.98547	8.14514	
1.98578	8.14545	
1.98547	8.14514	
1.98578	8.14606	
1.98486	8.14423	
1.98578	8.14606	
1.98547	8.14575	
1.98547	8.14606	
1.98547	8.14575	
1.98517	8.14636	
1.98578	8.14636	
1.98517	8.14575	
1.98578	8.14575	
1.98517	8.14575	
1.98578	8.14514	
1.98547	8.14453	
1.98547	8.14545	
1.98669	8.14606	
1.98517	8.14636	
1.98639	8.14514	
1.98578	8.14545	
1.98639	8.14667	
1.98578	8.14545	
1.98547	8.14545	
1.98517	8.14606	
1.98578	8.14575	
1.98517	8.14575	
1.98517	8.14575	
1.98547	8.14545	
1.98639	8.14484	
1.98578	8.14545	
1.98608	8.14545	
1.98547	8.14545	
1.98639	8.14545	
1.98608	8.14484	
1.98578	8.14575	
1.98578	8.14606	
1.98547	8.14575	
1.98608	8.14484	
1.98578	8.14545	
1.98517	8.14514	
1.98547	8.14545	
1.98547	8.14514	
1.98547	8.14514	
1.98456	8.14545	
1.98547	8.14545	
1.98608	8.14545	
1.98578	8.14453	
1.98395	8.14514	
1.98517	8.14575	
1.98547	8.14514	
1.98547	8.14575	
1.98517	8.14484	
1.98517	8.14514	
1.98517	8.14514	
1.98517	8.14514	
1.98486	8.14606	
1.98517	8.14545	
1.98547	8.14545	
1.98517	8.14484	
1.98517	8.14392	
1.98517	8.14392	
1.98578	8.14575	
1.98547	8.14636	
1.98578	8.14545	
1.98547	8.14514	
1.98456	8.14514	
1.98486	8.14545	
1.98547	8.14545	
1.98425	8.14575	
1.98486	8.14514	
1.98517	8.14545	
1.98547	8.14545	
1.98547	8.14514	
1.98578	8.14453	
1.98517	8.14545	
1.98578	8.14453	
1.98517	8.14423	
1.98639	8.14392	
1.98517	8.14453	
1.98547	8.14423	
1.98547	8.14514	
1.98425	8.14545	
1.98517	8.14545	
1.98517	8.14484	
1.98608	8.14423	
1.98517	8.14423	
1.98486	8.14453	
1.98517	8.14453	
1.98547	8.14484	
1.98456	8.14362	
1.98486	8.14392	
1.98517	8.14514	
1.98608	8.14514	
1.98517	8.14453	
1.98578	8.14423	
1.98486	8.14484	
1.98578	8.14453	
1.98547	8.14423	
1.98517	8.14423	
1.98486	8.14484	
1.98425	8.14392	
1.98547	8.14392	
1.98578	8.14423	
1.98486	8.14423	
1.98456	8.14514	
1.98517	8.14392	
1.98517	8.14484	
1.98456	8.14453	
1.98517	8.14423	
1.98517	8.14301	
1.98547	8.14484	
1.98517	8.14514	
1.98456	8.14453	
1.98517	8.14514	
1.98547	8.14423	
1.98517	8.14392	
1.98578	8.14362	
1.98578	8.14423	
1.98456	8.14423	
1.98456	8.14362	
1.98517	8.14392	
1.98486	8.14301	
1.98547	8.1427	
1.98517	8.14331	
1.98425	8.14392	
1.98486	8.14362	
1.98395	8.14331	
1.98547	8.14484	
1.98517	8.14453	
1.98517	8.14362	
1.98517	8.14301	
1.98517	8.14392	
1.98547	8.14362	
1.98456	8.1427	
1.98486	8.14362	
1.98547	8.14423	
1.98486	8.14362	
1.98456	8.14362	
1.98517	8.14423	
1.98456	8.14362	
1.98547	8.14362	
1.98517	8.14331	
1.98517	8.14331	
1.98456	8.14362	
1.98456	8.14362	
1.98578	8.14423	
1.98517	8.14362	
1.98608	8.14331	
1.98547	8.14392	
1.98517	8.14453	
1.98547	8.14392	
1.98517	8.14392	
1.98517	8.14362	
1.98486	8.14392	
1.98608	8.1427	
1.98517	8.14362	
1.98608	8.14331	
1.98517	8.14331	
1.98578	8.14362	
1.98486	8.14392	
1.98486	8.1427	
1.98517	8.14362	
1.98517	8.14423	
1.98547	8.14392	
1.98425	8.14362	
1.98486	8.14362	
1.98425	8.14362	
1.98395	8.14362	
1.98456	8.1427	
1.98456	8.14331	
1.98425	8.14301	
1.98486	8.14331	
1.98395	8.14331	
1.98456	8.14301	
1.98395	8.14301	
1.98425	8.14301	
1.98547	8.14301	
1.98608	8.14331	
1.98517	8.14301	
1.98547	8.1427	
1.98456	8.14362	
1.98456	8.14301	
1.98547	8.14331	
1.98517	8.1427	
1.98425	8.14331	
1.98547	8.1427	
1.98456	8.14301	
1.98486	8.14362	
1.98425	8.14362	
1.98486	8.1427	
1.98395	8.14301	
1.98486	8.14301	
1.98425	8.14209	
1.98486	8.14362	
1.98486	8.1427	
1.98425	8.14362	
1.98517	8.1427	
1.98578	8.1427	
1.98395	8.14301	
1.98456	8.1424	
1.98456	8.1424	
1.98547	8.14148	
1.98486	8.1424	
1.98517	8.14209	
1.98608	8.14301	
1.98547	8.14301	
1.98517	8.14301	
1.98517	8.14301	
1.98547	8.1427	
1.98456	8.14301	
1.98456	8.14331	
1.98517	8.14301	
1.98425	8.14362	
1.98456	8.14301	
1.98517	8.1427	
1.98547	8.1427	
1.98456	8.1427	
1.98517	8.1427	
1.98547	8.14301	
1.98486	8.14209	
1.98547	8.14178	
1.98456	8.14178	
1.98547	8.1427	
1.98486	8.14148	
1.98334	8.14148	
1.98425	8.1427	
1.98425	8.14178	
1.98395	8.1427	
1.98425	8.14178	
1.98425	8.1424	
1.98395	8.1424	
1.98425	8.14331	
1.98425	8.1424	
1.98425	8.14209	
1.98425	8.1427	
1.98456	8.1427	
1.98486	8.1427	
1.98395	8.1424	
1.98395	8.1424	
1.98456	8.1424	
1.98334	8.1427	
1.98425	8.14209	
1.98456	8.14331	
1.98425	8.14209	
1.98547	8.1424	
1.98486	8.14148	
1.98425	8.14178	
1.98517	8.14148	
1.98547	8.14209	
1.98334	8.14087	
1.98517	8.14178	
1.98425	8.14178	
1.98456	8.14148	
1.98395	8.14056	
1.98456	8.14148	
1.98395	8.14178	
1.98517	8.1424	
1.98425	8.14178	
1.98364	8.14209	
1.98425	8.14148	
1.98486	8.14178	
1.98486	8.1424	
1.98547	8.1424	
1.98456	8.14209	
1.98456	8.14178	
1.98486	8.14148	
1.98456	8.14117	
1.98456	8.14209	
1.98425	8.14178	
1.98456	8.14178	
1.98517	8.14178	
1.98456	8.14117	
1.98547	8.14117	
1.98425	8.14117	
1.98486	8.14178	
1.98456	8.14148	
1.98486	8.14178	
1.98486	8.14148	
1.98517	8.14148	
1.98456	8.14117	
1.98517	8.14117	
1.98456	8.14148	
1.98456	8.14056	
1.98486	8.14178	
1.98486	8.14117	
1.98395	8.14178	
1.98486	8.14117	
1.98364	8.14117	
1.98456	8.14056	
1.98334	8.14056	
1.98334	8.14117	
1.98425	8.14117	
1.98456	8.14056	
1.98486	8.14178	
1.98456	8.14148	
1.98395	8.14178	
1.98425	8.14087	
1.98456	8.14117	
1.98456	8.14117	
1.98547	8.14148	
1.98395	8.14087	
1.98425	8.14056	
1.98425	8.13965	
1.98425	8.14056	
1.98425	8.14148	
1.98456	8.14178	
1.98425	8.14117	
1.98425	8.14209	
1.98486	8.14117	
1.98395	8.14056	
1.98395	8.14178	
1.98425	8.14056	
1.98456	8.14087	
1.98395	8.14148	
1.98364	8.14178	
1.98395	8.14087	
1.98425	8.14148	
1.98486	8.14148	
1.98364	8.14148	
1.98425	8.14117	
1.98425	8.14117	
1.98547	8.14148	
1.98486	8.14117	
1.98486	8.14117	
1.98425	8.14087	
1.98456	8.14117	
1.98364	8.14026	
1.98486	8.14087	
1.98486	8.14117	
1.98456	8.14087	
1.98425	8.14087	
1.98364	8.14056	
1.98425	8.14056	
1.98456	8.14117	
1.98395	8.14056	
1.98334	8.14087	
1.98395	8.14117	
1.98364	8.14056	
1.98364	8.13995	
1.98364	8.14117	
1.98456	8.14026	
1.98395	8.14026	
1.98425	8.14026	
1.98456	8.13995	
1.98334	8.14117	
1.98486	8.14087	
1.98425	8.14087	
1.98425	8.13995	
1.98425	8.14026	
1.98334	8.13965	
1.98395	8.14026	
1.98303	8.14026	
1.98303	8.13904	
1.98334	8.14026	
1.98364	8.13965	
1.98425	8.13965	
1.98425	8.13995	
1.98395	8.13904	
1.98395	8.13934	
1.98364	8.13995	
1.98334	8.13995	
1.98364	8.13904	
1.98334	8.14026	
1.98334	8.13965	
1.98364	8.13995	
1.98395	8.14056	
1.98517	8.14056	
1.98395	8.13965	
1.98425	8.13995	
1.98456	8.13995	
1.98456	8.14026	
1.98364	8.13965	
1.98456	8.14026	
1.98395	8.13965	
1.98334	8.13873	
1.98395	8.14026	
1.98395	8.13965	
1.98364	8.13904	
1.98425	8.14056	
1.98364	8.13934	
1.98334	8.13995	
1.98395	8.13965	
1.98425	8.13965	
1.98334	8.13934	
1.98364	8.13965	
1.98364	8.14026	
1.98364	8.13995	
1.98334	8.13873	
1.98395	8.13995	
1.98334	8.14026	
1.98334	8.13873	
1.98334	8.13965	
1.98364	8.13965	
1.98364	8.13904	
1.98456	8.13904	
1.98425	8.13934	
1.98425	8.13965	
1.98425	8.14026	
1.98364	8.13904	
1.98364	8.13904	
1.98425	8.13873	
1.98486	8.13965	
1.98334	8.13904	
1.98425	8.13873	
1.98303	8.13995	
1.98456	8.13965	
1.98364	8.14056	
1.98395	8.14026	
1.98303	8.14056	
1.98364	8.13965	
1.98395	8.13995	
1.98334	8.13995	
1.98364	8.13965	
1.98395	8.13995	
1.98364	8.13995	
1.98303	8.13934	
1.98456	8.13965	
1.98364	8.13965	
1.98334	8.13965	
1.98395	8.13965	
1.98395	8.13934	
1.98334	8.13873	
1.98456	8.14026	
1.98273	8.13934	
1.98364	8.13904	
1.98334	8.13965	
1.98364	8.13873	
1.98364	8.13873	
1.98425	8.13934	
1.98395	8.13995	
1.98334	8.13873	
1.98364	8.13934	
1.98334	8.13995	
1.98303	8.13904	
1.98395	8.13965	
1.98395	8.13873	
1.98364	8.13934	
1.98364	8.13934	
1.98395	8.13904	
1.98364	8.13873	
1.98395	8.13873	
1.98334	8.13904	
1.98334	8.14026	
1.98303	8.13904	
1.98303	8.13995	
1.98303	8.13965	
1.98334	8.13873	
1.98395	8.13904	
1.98364	8.13812	
1.98303	8.13873	
1.98364	8.13873	
1.98303	8.13843	
1.98334	8.13904	
1.98303	8.13812	
1.98364	8.13965	
1.98334	8.13934	
1.98364	8.13873	
1.98334	8.13904	
1.98395	8.13873	
1.98334	8.13843	
1.98303	8.13965	
1.98364	8.13965	
1.98334	8.13843	
1.98334	8.13751	
1.98273	8.13812	
1.98303	8.13934	
1.98395	8.13873	
1.98334	8.13965	
1.98425	8.13934	
1.98334	8.13904	
1.98364	8.13904	
1.98395	8.13843	
1.98273	8.13812	
1.98303	8.13812	
1.98273	8.13812	
1.98395	8.13721	
1.98334	8.13843	
1.98395	8.13751	
1.98364	8.13843	
1.98334	8.13873	
1.98364	8.13751	
1.98334	8.13721	
1.98303	8.13812	
1.98395	8.13812	
1.98395	8.13751	
1.98334	8.13721	
1.98303	8.13751	
1.98395	8.13751	
1.98334	8.13782	
1.98212	8.13812	
1.98334	8.13873	
1.98395	8.13904	
1.98334	8.13873	
1.98364	8.13873	
1.98364	8.13873	
1.98364	8.13904	
1.98364	8.13873	
1.98364	8.13904	
1.98334	8.13965	
1.98303	8.13873	
1.98334	8.13812	
1.98364	8.13873	
1.98303	8.13904	
1.98303	8.13843	
1.98364	8.13934	
1.98364	8.13843	
1.98303	8.13782	
1.98364	8.13751	
1.98425	8.13843	
1.98425	8.13843	
1.98334	8.13751	
1.98273	8.13812	
1.98364	8.13751	
1.98334	8.13934	
1.98334	8.13751	
1.98334	8.13721	
1.98456	8.1369	
1.98334	8.13751	
1.98364	8.1369	
1.98334	8.13782	
1.98303	8.13721	
1.98334	8.13751	
1.98334	8.1369	
1.98273	8.13782	
1.98303	8.13843	
1.98273	8.13843	
1.98273	8.13782	
1.98303	8.13751	
1.98273	8.1369	
1.98334	8.13751	
1.98303	8.13599	
1.98273	8.1369	
1.98364	8.1369	
1.98395	8.13782	
1.98334	8.1369	
1.98273	8.13721	
1.98303	8.13812	
1.98242	8.13721	
1.98395	8.13721	
1.98273	8.1369	
1.98181	8.1369	
1.98212	8.1369	
1.98273	8.13751	
1.98273	8.13721	
1.98273	8.1369	
1.98334	8.13782	
1.98303	8.13751	
1.98395	8.1369	
1.98303	8.1369	
1.98242	8.1369	
1.98303	8.1366	
1.98273	8.1366	
1.98334	8.1366	
1.98334	8.13629	
1.98334	8.13629	
1.98303	8.13751	
1.98303	8.13629	
1.98303	8.13751	
1.98303	8.1366	
1.98334	8.13782	
1.98364	8.13751	
1.98273	8.13812	
1.98456	8.13751	
1.98242	8.13751	
1.98273	8.13721	
1.98364	8.13751	
1.98303	8.13751	
1.98364	8.13721	
1.98273	8.1369	
1.98151	8.1369	
1.98242	8.13751	
1.98273	8.13721	
1.98242	8.1366	
1.98364	8.13629	
1.98364	8.13629	
1.98273	8.1369	
1.98334	8.1369	
1.98334	8.13751	
1.98334	8.13721	
1.98273	8.1369	
1.98364	8.13782	
1.98395	8.13751	
1.98303	8.13751	
1.98303	8.13721	
1.98303	8.13782	
1.98242	8.1369	
1.98273	8.1369	
1.98395	8.13721	
1.98303	8.13751	
1.98303	8.1366	
1.98273	8.1369	
1.98273	8.13629	
1.98181	8.1369	
1.98303	8.1369	
1.98273	8.1369	
1.98181	8.13721	
1.98242	8.13629	
1.98242	8.13629	
1.98273	8.13599	
1.98334	8.1369	
1.98212	8.13568	
1.98334	8.13629	
1.98334	8.13629	
1.98303	8.1366	
1.98273	8.13538	
1.98303	8.13599	
1.98212	8.13629	
1.98273	8.1369	
1.98303	8.1366	
1.98364	8.13538	
1.98303	8.13599	
1.98242	8.13599	
1.98303	8.13629	
1.98242	8.13629	
1.98334	8.1366	
1.98242	8.13751	
1.98242	8.1369	
1.98242	8.1369	
1.98273	8.1366	
1.98334	8.1369	
1.98364	8.1369	
1.98273	8.13599	
1.98242	8.1366	
1.98303	8.13629	
1.98151	8.13538	
1.98273	8.13629	
1.98151	8.13629	
1.98242	8.13629	
1.98242	8.13599	
1.98242	8.13568	
1.98242	8.13599	
1.98273	8.13568	
1.98303	8.13568	
1.98212	8.13538	
1.98181	8.13538	
1.98273	8.13507	
1.98334	8.13568	
1.98273	8.13629	
1.98334	8.13599	
1.98242	8.13507	
1.98242	8.13599	
1.98242	8.13568	
1.98212	8.13599	
1.98303	8.13507	
1.98273	8.13568	
1.98273	8.13599	
1.98212	8.13568	
1.98303	8.13507	
1.98242	8.13599	
1.98242	8.13629	
1.98364	8.13629	
1.98334	8.13599	
1.98334	8.1369	
1.98303	8.13629	
1.98273	8.1366	
1.98273	8.1366	
1.98242	8.13629	
1.98334	8.13568	
1.98334	8.13568	
1.98273	8.13599	
1.98273	8.13568	
1.98303	8.13507	
1.98303	8.1366	
1.9809	8.13568	
1.98303	8.13538	
1.98181	8.13538	
1.98303	8.13599	
1.98303	8.13599	
1.98212	8.13568	
1.98273	8.13538	
1.98212	8.13629	
1.98273	8.13629	
1.98303	8.13568	
1.98242	8.13568	
1.98273	8.13568	
1.98303	8.13538	
1.98242	8.13568	
1.98273	8.13538	
1.98242	8.13568	
1.98242	8.13568	
1.98273	8.13538	
1.98242	8.13507	
1.98364	8.13507	
1.98212	8.13477	
1.98273	8.13568	
1.98212	8.13538	
1.98242	8.13599	
1.98273	8.13568	
1.98273	8.13629	
1.98273	8.1366	
1.98303	8.13507	
1.98242	8.13538	
1.98303	8.13599	
1.98303	8.13538	
1.98273	8.13477	
1.98242	8.13568	
1.98181	8.13538	
1.98181	8.13507	
1.98303	8.13538	
1.98151	8.13538	
1.98181	8.13507	
1.98242	8.13507	
1.98242	8.13599	
1.98151	8.13599	
1.98181	8.13568	
1.98242	8.13599	
1.98273	8.13568	
1.98181	8.13507	
1.98181	8.13538	
1.98212	8.13416	
1.98181	8.13568	
1.98212	8.13568	
1.98151	8.13629	
1.98151	8.13538	
1.98242	8.13538	
1.98273	8.13507	
1.98303	8.13538	
1.98303	8.13477	
1.98364	8.13568	
1.98334	8.13477	
1.98273	8.13477	
1.98151	8.13477	
1.98273	8.13446	
1.98273	8.13538	
1.98181	8.13507	
1.98212	8.13446	
1.98273	8.13477	
1.98242	8.13416	
1.98242	8.13477	
1.98273	8.13385	
1.98242	8.13416	
1.98273	8.13416	
1.98151	8.13477	
1.98273	8.13477	
1.98273	8.13507	
1.98242	8.13446	
1.98242	8.13385	
1.98273	8.13416	
1.98273	8.13446	
1.98273	8.13416	
1.98273	8.13446	
1.98303	8.13477	
1.98242	8.13385	
1.98212	8.13477	
1.98242	8.13385	
1.98151	8.13416	
1.98242	8.13507	
1.98212	8.13385	
1.98181	8.13477	
1.98181	8.13416	
1.98273	8.13507	
1.98242	8.13416	
1.98212	8.13507	
1.98273	8.13507	
1.98212	8.13477	
1.98242	8.13446	
1.98273	8.13568	
1.98212	8.13507	
1.98151	8.13385	
1.98303	8.13507	
1.98273	8.13477	
1.98273	8.13477	
1.98303	8.13446	
1.98212	8.13477	
1.98212	8.13385	
1.98242	8.13385	
1.98303	8.13446	
1.98242	8.13446	
1.98242	8.13507	
1.98273	8.13385	
1.98242	8.13477	
1.98151	8.13385	
1.98273	8.13446	
1.98242	8.13416	
1.98273	8.13354	
1.98212	8.13385	
1.98212	8.13416	
1.98273	8.13477	
1.98273	8.13446	
1.98212	8.13385	
1.98273	8.13446	
1.98212	8.13446	
1.98181	8.13477	
1.98151	8.13477	
1.98151	8.13477	
1.98212	8.13354	
1.98273	8.13446	
1.98242	8.13477	
1.98151	8.13477	
1.98181	8.13416	
1.98212	8.13446	
1.98181	8.13385	
1.98181	8.13324	
1.98181	8.13385	
1.98242	8.13385	
1.98273	8.13354	
1.98273	8.13477	
1.98212	8.13507	
1.98151	8.13385	
1.98242	8.13507	
1.98242	8.13324	
1.98181	8.13385	
1.98029	8.13324	
1.98242	8.13385	
1.98151	8.13385	
1.98212	8.13263	
1.98212	8.13354	
1.98181	8.13263	
1.98212	8.13293	
1.98273	8.13324	
1.98181	8.13416	
1.98181	8.13293	
1.98273	8.13354	
1.98212	8.13293	
1.98242	8.13385	
1.98151	8.13385	
1.98059	8.13416	
1.98151	8.13354	
1.9812	8.13324	
1.98242	8.13354	
1.98151	8.13293	
1.98181	8.13324	
1.98181	8.13293	
1.98181	8.13263	
1.9809	8.13293	
1.9812	8.13324	
1.98242	8.13354	
1.98181	8.13324	
1.9809	8.13385	
1.9812	8.13385	
1.98151	8.13416	
1.9812	8.13324	
1.98181	8.13385	
1.98181	8.13446	
1.98242	8.13477	
1.9812	8.13293	
1.98181	8.13324	
1.98181	8.13293	
1.98242	8.13385	
1.98212	8.13324	
1.98151	8.13324	
1.9809	8.13263	
1.98212	8.13385	
1.9809	8.13263	
1.98151	8.13324	
1.9812	8.13324	
1.9809	8.13232	
1.9809	8.13324	
1.98059	8.13263	
1.9809	8.13324	
1.9809	8.13293	
1.9809	8.13263	
1.9812	8.13324	
1.98181	8.13324	
1.98181	8.13324	
1.9809	8.13293	
1.98151	8.13293	
1.98181	8.13263	
1.9809	8.13324	
1.98212	8.13293	
1.98242	8.13354	
1.98212	8.13293	
1.98151	8.13232	
1.98212	8.13263	
1.9812	8.13141	
1.98151	8.13202	
1.98212	8.13232	
1.98151	8.13232	
1.98151	8.13293	
1.98181	8.13263	
1.98151	8.13232	
1.98242	8.13324	
1.98212	8.13232	
1.98212	8.13232	
1.98151	8.13263	
1.9809	8.13263	
1.98273	8.13354	
1.98151	8.13293	
1.98181	8.13293	
1.98303	8.13324	
1.98151	8.13293	
1.98273	8.13293	
1.98212	8.13293	
1.98242	8.13293	
1.98181	8.13263	
1.98181	8.13263	
1.98212	8.13202	
1.98212	8.13202	
1.98181	8.13171	
1.98181	8.13171	
1.98151	8.13232	
1.98151	8.13171	
1.9812	8.13232	
1.9809	8.13232	
1.9809	8.13232	
1.98181	8.13263	
1.98212	8.13232	
1.98151	8.13202	
1.98212	8.13232	
1.98029	8.13232	
1.9812	8.13263	
1.9809	8.13202	
1.9809	8.13171	
1.9812	8.13049	
1.9809	8.1311	
1.98212	8.13263	
1.9809	8.13354	
1.9809	8.13293	
1.9809	8.13354	
1.9812	8.13324	
1.98181	8.13385	
1.98151	8.13324	
1.9809	8.13232	
1.9809	8.13293	
1.98181	8.13293	
1.98181	8.13293	
1.9809	8.13141	
1.9812	8.13202	
1.98151	8.13232	
1.98151	8.13202	
1.98151	8.13202	
1.98151	8.13263	
1.98181	8.13263	
1.9812	8.13232	
1.98151	8.13202	
1.9812	8.13171	
1.98273	8.13202	
1.9812	8.13232	
1.9812	8.13232	
1.98151	8.13263	
1.98151	8.13171	
1.9812	8.13263	
1.9812	8.13263	
1.98181	8.13141	
1.98181	8.13202	
1.98242	8.13263	
1.98151	8.13232	
1.98181	8.13202	
1.98181	8.13232	
1.9809	8.13141	
1.9809	8.13232	
1.9812	8.13232	
1.9809	8.13232	
1.9812	8.13202	
1.98151	8.13202	
1.98151	8.13141	
1.98151	8.13202	
1.98181	8.1311	
1.9812	8.13171	
1.98059	8.13232	
1.9809	8.13171	
1.98151	8.13141	
1.98181	8.13141	
1.9812	8.13202	
1.98212	8.13202	
1.9812	8.13202	
1.98181	8.1308	
1.98181	8.13171	
1.98151	8.13141	
1.9809	8.13141	
1.98181	8.13171	
1.9809	8.13141	
1.98059	8.1311	
1.9809	8.13232	
1.98029	8.13171	
1.9809	8.1308	
1.9809	8.13171	
1.9809	8.13141	
1.9809	8.13232	
1.9809	8.13171	
1.9809	8.13171	
1.9809	8.13263	
1.97998	8.13202	
1.9809	8.13202	
1.98151	8.13141	
1.98151	8.13202	
1.97968	8.13202	
1.98059	8.13141	
1.9809	8.13171	
1.98151	8.1308	
1.9812	8.1308	
1.9812	8.13171	
1.98151	8.1311	
1.98151	8.1308	
1.98059	8.1311	
1.98059	8.13202	
1.9809	8.13141	
1.98181	8.1311	
1.9809	8.13171	
1.98181	8.1311	
1.9809	8.13202	
1.98029	8.13141	
1.9812	8.1311	
1.9809	8.1311	
1.98151	8.13202	
1.9809	8.13232	
1.98029	8.13171	
1.98029	8.1311	
1.9809	8.1311	
1.98151	8.1311	
1.98059	8.13202	
1.98029	8.13171	
1.9809	8.13171	
1.98029	8.13141	
1.9809	8.13141	
1.9809	8.1308	
1.9809	8.13141	
1.98151	8.13141	
1.98181	8.13141	
1.98181	8.1311	
1.98029	8.1311	
1.98029	8.13049	
1.98029	8.13141	
1.98029	8.13141	
1.97998	8.1308	
1.9809	8.1311	
1.98029	8.13202	
1.98151	8.13141	
1.98059	8.13171	
1.9809	8.1311	
1.98059	8.13141	
1.97998	8.1308	
1.97998	8.13141	
1.98029	8.13141	
1.98059	8.1308	
1.97998	8.13141	
1.9812	8.1311	
1.98151	8.13141	
1.9812	8.1311	
1.98151	8.13141	
1.9809	8.1311	
1.9812	8.13171	
1.9812	8.1311	
1.9809	8.13171	
1.98059	8.13019	
1.98059	8.1308	
1.98029	8.13171	
1.9812	8.13019	
1.98029	8.1311	
1.98059	8.1308	
1.98059	8.13019	
1.98029	8.13049	
1.98059	8.13049	
1.98059	8.13019	
1.9809	8.13019	
1.9809	8.1308	
1.98151	8.1308	
1.98151	8.1311	
1.98029	8.1308	
1.9809	8.1308	
1.98029	8.1311	
1.98029	8.1308	
1.98029	8.1308	
1.98059	8.13049	
1.9809	8.1311	
1.98029	8.13049	
1.9812	8.13141	
1.98029	8.1308	
1.9809	8.13049	
1.98059	8.1311	
1.98059	8.1311	
1.9809	8.1311	
1.98059	8.1311	
1.9809	8.1308	
1.9809	8.13049	
1.9809	8.13171	
1.9812	8.13049	
1.9812	8.1308	
1.98059	8.1308	
1.9809	8.13049	
1.98059	8.1308	
1.9809	8.1308	
1.97998	8.13019	
1.98059	8.13049	
1.9809	8.13049	
1.98059	8.1308	
1.98059	8.13049	
1.9812	8.1311	
1.98059	8.1308	
1.98151	8.12988	
1.9812	8.13019	
1.98151	8.1308	
1.97998	8.13049	
1.98151	8.12927	
1.98059	8.13049	
1.98059	8.13049	
1.9809	8.1311	
1.98059	8.1308	
1.98029	8.12988	
1.98029	8.12988	
1.9809	8.1311	
1.9809	8.13049	
1.9812	8.1311	
1.9809	8.1308	
1.98029	8.13019	
1.9809	8.13019	
1.9809	8.13019	
1.9809	8.13049	
1.98029	8.1308	
1.9812	8.13049	
1.98029	8.13049	
1.98151	8.13049	
1.98059	8.12958	
1.97968	8.12988	
1.98029	8.13049	
1.98059	8.13019	
1.9812	8.13141	
1.9812	8.13019	
1.9812	8.13019	
1.98151	8.13019	
1.98029	8.13019	
1.9809	8.13049	
1.98059	8.12988	
1.98151	8.13019	
1.9812	8.12927	
1.98059	8.12836	
1.9809	8.12836	
1.9809	8.12897	
1.97968	8.12866	
1.98059	8.12866	
1.97968	8.12958	
1.9812	8.12958	
1.97998	8.13019	
1.97998	8.12958	
1.9812	8.12988	
1.9809	8.12958	
1.98029	8.12958	
1.98029	8.12927	
1.97968	8.12927	
1.97937	8.12897	
1.97998	8.12927	
1.97937	8.12958	
1.98059	8.12988	
1.97937	8.12958	
1.97998	8.12866	
1.9809	8.12988	
1.9809	8.12897	
1.9812	8.12866	
1.9809	8.12866	
1.9809	8.13019	
1.98029	8.12897	
1.98029	8.13019	
1.98059	8.12958	
1.98029	8.12988	
1.97937	8.12866	
1.97906	8.12927	
1.97998	8.12927	
1.98029	8.13019	
1.97998	8.13049	
1.97998	8.13049	
1.98029	8.12927	
1.98029	8.12958	
1.98029	8.12927	
1.9809	8.13019	
1.97998	8.12958	
1.98059	8.12927	
1.98029	8.12927	
1.97906	8.12897	
1.97998	8.12836	
1.98059	8.12897	
1.98059	8.12866	
1.98029	8.12958	
1.98059	8.12897	
1.98029	8.12866	
1.9809	8.12927	
1.98059	8.12866	
1.98059	8.12866	
1.98059	8.12897	
1.97998	8.12958	
1.97937	8.12958	
1.98029	8.12897	
1.97968	8.12897	
1.97937	8.12927	
1.9809	8.12897	
1.98059	8.12897	
1.98059	8.12897	
1.9809	8.12927	
1.98059	8.12805	
1.98029	8.12958	
1.97968	8.12958	
1.97937	8.12927	
1.97968	8.12897	
1.97998	8.12927	
1.97968	8.12897	
1.98059	8.12897	
1.98029	8.12958	
1.98029	8.12836	
1.98029	8.12897	
1.98029	8.12897	
1.9809	8.12866	
1.98059	8.12958	
1.98029	8.12866	
1.97937	8.12927	
1.98029	8.12836	
1.97968	8.12836	
1.97968	8.12927	
1.97968	8.12958	
1.97906	8.12866	
1.97876	8.12897	
1.97937	8.12927	
1.97998	8.12927	
1.97937	8.12958	
1.97906	8.12866	
1.97937	8.12897	
1.98029	8.12927	
1.98029	8.12927	
1.97937	8.12927	
1.97998	8.12927	
1.97906	8.12927	
1.98029	8.12988	
1.97968	8.12897	
1.97968	8.12866	
1.97998	8.12897	
1.97906	8.12836	
1.97906	8.12897	
1.97937	8.12927	
1.97998	8.12927	
1.97998	8.12897	
1.98029	8.12866	
1.97968	8.12866	
1.97937	8.12805	
1.97968	8.12927	
1.97998	8.12988	
1.97968	8.12927	
1.97998	8.12958	
1.97876	8.12836	
1.97906	8.12805	
1.97906	8.12775	
1.97968	8.12866	
1.97937	8.12897	
1.9809	8.12775	
1.97968	8.12836	
1.97937	8.12897	
1.97937	8.12897	
1.97998	8.12927	
1.97906	8.12897	
1.97968	8.12988	
1.97968	8.12866	
1.97968	8.12897	
1.97845	8.12927	
1.98029	8.12927	
1.97968	8.12866	
1.97937	8.12866	
1.98029	8.12836	
1.97998	8.12927	
1.97998	8.12805	
1.97998	8.12866	
1.98059	8.12775	
1.97845	8.12714	
1.97906	8.12775	
1.97937	8.12744	
1.97937	8.12805	
1.98029	8.12805	
1.97968	8.12866	
1.97876	8.12836	
1.97968	8.12897	
1.97937	8.12988	
1.97906	8.12836	
1.97876	8.12836	
1.98029	8.12805	
1.97937	8.12836	
1.97906	8.12805	
1.97906	8.12836	
1.97937	8.12897	
1.97968	8.12836	
1.97968	8.12775	
1.98059	8.12775	
1.97998	8.12805	
1.97968	8.12775	
1.97937	8.12805	
1.97998	8.12866	
1.98029	8.12836	
1.97937	8.12866	
1.97906	8.12866	
1.97937	8.12958	
1.97906	8.12927	
1.97876	8.12866	
1.97937	8.12744	
1.97906	8.12836	
1.97876	8.12775	
1.97876	8.12744	
1.97876	8.12714	
1.97815	8.12744	
1.97968	8.12744	
1.97876	8.12653	
1.97845	8.12744	
1.97845	8.12714	
1.97845	8.12714	
1.97876	8.12775	
1.97876	8.12775	
1.97845	8.12775	
1.97845	8.12683	
1.97876	8.12744	
1.97968	8.12683	
1.97968	8.12744	
1.97998	8.12836	
1.97937	8.12805	
1.97876	8.12744	
1.97906	8.12775	
1.97876	8.12744	
1.97906	8.12714	
1.97906	8.12714	
1.97784	8.12744	
1.97845	8.12714	
1.97876	8.12714	
1.97937	8.12775	
1.97937	8.12775	
1.97876	8.12744	
1.97937	8.12744	
1.97876	8.12683	
1.98029	8.12775	
1.97906	8.12683	
1.97998	8.12744	
1.97906	8.12836	
1.97876	8.12744	
1.97815	8.12744	
1.97906	8.12744	
1.97876	8.12775	
1.97906	8.12775	
1.97845	8.12866	
1.97906	8.12836	
1.97876	8.12836	
1.97968	8.12866	
1.97998	8.12836	
1.97937	8.12805	
1.97968	8.12836	
1.97937	8.12714	
1.97968	8.12744	
1.97906	8.12744	
1.97937	8.12714	
1.97876	8.12744	
1.97876	8.12744	
1.97937	8.12683	
1.97968	8.12744	
1.97876	8.12744	
1.97815	8.12744	
1.97937	8.12683	
1.97937	8.12683	
1.97906	8.12683	
1.97906	8.12592	
1.97906	8.12683	
1.97937	8.12775	
1.97968	8.12714	
1.97937	8.12622	
1.97937	8.12744	
1.97998	8.12683	
1.97937	8.12714	
1.97906	8.12714	
1.98029	8.12744	
1.97906	8.12744	
1.97906	8.12714	
1.97906	8.12744	
1.97876	8.12744	
1.97937	8.12714	
1.97937	8.12714	
1.97876	8.12714	
1.97937	8.12714	
1.97968	8.12744	
1.97937	8.12805	
1.97906	8.12653	
1.97845	8.12653	
1.97998	8.12714	
1.97876	8.12653	
1.97845	8.12653	
1.97845	8.12592	
1.97876	8.12592	
1.97906	8.12622	
1.97845	8.12622	
1.97876	8.12592	
1.97906	8.12653	
1.97876	8.12653	
1.97876	8.12622	
1.97845	8.12683	
1.97815	8.12592	
1.97845	8.12622	
1.97876	8.12622	
1.97876	8.12653	
1.97876	8.12622	
1.97937	8.12561	
1.97876	8.12622	
1.97937	8.12561	
1.97815	8.12592	
1.97937	8.12592	
1.97876	8.12683	
1.97784	8.12653	
1.97906	8.12622	
1.97906	8.12653	
1.97876	8.12653	
1.97815	8.12561	
1.97876	8.12653	
1.97906	8.12714	
1.97937	8.12683	
1.97845	8.12683	
1.97876	8.12714	
1.97906	8.12653	
1.97876	8.12653	
1.97906	8.12622	
1.97906	8.12683	
1.97815	8.12622	
1.97815	8.12592	
1.97968	8.12592	
1.97906	8.12714	
1.97876	8.12714	
1.97784	8.12683	
1.97815	8.12653	
1.97754	8.12744	
1.97876	8.12683	
1.97876	8.12714	
1.97968	8.12714	
1.97968	8.12775	
1.97845	8.12653	
1.97876	8.12622	
1.97876	8.12592	
1.97876	8.12683	
1.97906	8.12622	
1.97845	8.12531	
1.97876	8.12622	
1.97845	8.12622	
1.97906	8.12653	
1.97784	8.12622	
1.97815	8.12592	
1.97906	8.12592	
1.97845	8.12653	
1.97876	8.12683	
1.97876	8.12653	
1.97876	8.12622	
1.97845	8.12683	
1.97906	8.12714	
1.97845	8.12531	
1.97906	8.12683	
1.97906	8.12653	
1.97784	8.12622	
1.97845	8.12683	
1.97906	8.12592	
1.97845	8.12592	
1.97876	8.12653	
1.97784	8.12653	
1.97845	8.12622	
1.97845	8.12622	
1.97815	8.12683	
1.97906	8.12653	
1.97876	8.12531	
1.97845	8.12683	
1.97845	8.12622	
1.97876	8.12683	
1.97845	8.12531	
1.97906	8.12622	
1.97845	8.12653	
1.97906	8.12592	
1.97906	8.12653	
1.97845	8.12592	
1.97845	8.12531	
1.97845	8.12592	
1.97968	8.12561	
1.97906	8.12592	
1.97845	8.12622	
1.97968	8.12622	
1.97937	8.12622	
1.97876	8.12714	
1.97876	8.12683	
1.97937	8.12592	
1.97845	8.12683	
1.97937	8.12683	
1.97815	8.12622	
1.97784	8.12653	
1.97876	8.12592	
1.97937	8.125	
1.97906	8.12592	
1.97845	8.12622	
1.97815	8.12592	
1.97784	8.12592	
1.97876	8.12592	
1.97845	8.12531	
1.97876	8.12561	
1.97845	8.12592	
1.97876	8.12531	
1.97906	8.12561	
1.97906	8.12531	
1.97876	8.12561	
1.97906	8.12531	
1.97815	8.12531	
1.97815	8.12561	
1.97906	8.12439	
1.97906	8.12561	
1.97845	8.12592	
1.97845	8.12561	
1.97876	8.12469	
1.97876	8.12592	
1.97815	8.12531	
1.97876	8.12531	
1.97906	8.12592	
1.97876	8.12622	
1.97784	8.125	
1.97845	8.12592	
1.97845	8.12592	
1.97815	8.12561	
1.97784	8.12622	
1.97876	8.12469	
1.97906	8.12592	
1.97876	8.12439	
1.97845	8.12561	
1.97845	8.125	
1.97784	8.12531	
1.97845	8.12531	
1.97815	8.125	
1.97906	8.12561	
1.97815	8.125	
1.97876	8.12531	
1.97784	8.12561	
1.97876	8.125	
1.97845	8.12469	
1.97784	8.125	
1.97784	8.125	
1.97876	8.125	
1.97968	8.12469	
1.97845	8.12531	
1.97845	8.12408	
1.97815	8.12561	
1.97906	8.12469	
1.97968	8.125	
1.97876	8.12531	
1.97876	8.125	
1.97876	8.12439	
1.97723	8.125	
1.97845	8.12561	
1.97845	8.12469	
1.97815	8.12378	
1.97876	8.125	
1.97876	8.12439	
1.97876	8.125	
1.97784	8.12531	
1.97876	8.12531	
1.97937	8.12531	
1.97876	8.12561	
1.97876	8.12469	
1.97876	8.12592	
1.97998	8.12531	
1.97876	8.125	
1.97815	8.12561	
1.97906	8.12469	
1.97723	8.12469	
1.97876	8.125	
1.97845	8.12469	
1.97845	8.12531	
1.97876	8.12561	
1.97723	8.12561	
1.97876	8.12531	
1.97845	8.12469	
1.97845	8.12531	
1.97845	8.12469	
1.97815	8.125	
1.97784	8.125	
1.97723	8.12469	
1.97876	8.125	
1.97906	8.125	
1.97845	8.12622	
1.97845	8.125	
1.97876	8.125	
1.97754	8.12469	
1.97906	8.12653	
1.97968	8.125	
1.97906	8.12531	
1.97876	8.125	
1.97906	8.12531	
1.97815	8.12378	
1.97845	8.12439	
1.97784	8.12439	
1.97845	8.125	
1.97876	8.12347	
1.97784	8.125	
1.97784	8.12408	
1.97784	8.12408	
1.97723	8.125	
1.97784	8.12439	
1.97845	8.125	
1.97723	8.12469	
1.97815	8.12439	
1.97845	8.12408	
1.97815	8.12317	
1.97876	8.12531	
1.97784	8.125	
1.97723	8.12378	
1.97815	8.12408	
1.97632	8.12439	
1.97662	8.12347	
1.97754	8.12378	
1.97754	8.12408	
1.97754	8.12469	
1.97754	8.12469	
1.97937	8.125	
1.97876	8.12531	
1.97906	8.12408	
1.97723	8.12561	
1.97723	8.12531	
1.97876	8.125	
1.97906	8.12531	
1.97845	8.125	
1.97784	8.12469	
1.97723	8.12469	
1.97754	8.125	
1.97693	8.12347	
1.97693	8.12408	
1.97754	8.12317	
1.97784	8.12408	
1.97723	8.12408	
1.97723	8.12347	
1.97754	8.12317	
1.97784	8.12378	
1.97754	8.12378	
1.97815	8.12408	
1.97754	8.12347	
1.97693	8.12378	
1.97693	8.12531	
1.97815	8.12469	
1.97845	8.125	
1.97815	8.12469	
1.97754	8.12439	
1.97693	8.12347	
1.97723	8.12378	
1.97693	8.12347	
1.97845	8.12347	
1.97815	8.12256	
1.97784	8.12286	
1.97784	8.12286	
1.97876	8.12347	
1.97845	8.12439	
1.97876	8.12408	
1.97876	8.12347	
1.97784	8.12378	
1.97784	8.12378	
1.97784	8.12317	
1.97754	8.12317	
1.97754	8.12439	
1.97784	8.12408	
1.97662	8.12408	
1.97693	8.12317	
1.97754	8.12347	
1.97662	8.12286	
1.97693	8.12378	
1.97693	8.12408	
1.97723	8.12408	
1.97723	8.12439	
1.97693	8.12286	
1.97693	8.12378	
1.97754	8.12408	
1.97784	8.12408	
1.97784	8.12408	
1.97784	8.12347	
1.97784	8.12408	
1.97662	8.12408	
1.97784	8.12439	
1.97784	8.12378	
1.97754	8.12408	
1.97754	8.12286	
1.97693	8.12317	
1.97662	8.12317	
1.97754	8.12378	
1.97815	8.12317	
1.97693	8.12286	
1.97693	8.12286	
1.97632	8.12317	
1.97723	8.12378	
1.97784	8.12317	
1.97662	8.12347	
1.97723	8.12378	
1.97754	8.12286	
1.97693	8.12347	
1.97754	8.12317	
1.97693	8.12286	
1.97693	8.12317	
1.97784	8.12347	
1.97815	8.12317	
1.97754	8.12317	
1.97723	8.12317	
1.97693	8.12317	
1.97693	8.12347	
1.97784	8.12317	
1.97754	8.12347	
1.97723	8.12408	
1.97754	8.12347	
1.97662	8.12347	
1.97754	8.12286	
1.97754	8.12286	
1.97754	8.12317	
1.97693	8.12286	
1.97754	8.12378	
1.97754	8.12347	
1.97693	8.12256	
1.97693	8.12286	
1.97784	8.12347	
1.97693	8.12317	
1.97784	8.12378	
1.97754	8.12286	
1.97723	8.12286	
1.97784	8.12378	
1.97784	8.12286	
1.97754	8.12256	
1.97754	8.12347	
1.97784	8.12317	
1.97784	8.12225	
1.97693	8.12286	
1.97723	8.12347	
1.97754	8.12225	
1.97662	8.12347	
1.97723	8.12225	
1.97754	8.12225	
1.97784	8.12317	
1.97815	8.12256	
1.97784	8.12164	
1.97815	8.12225	
1.97754	8.12256	
1.97693	8.12286	
1.97784	8.12286	
1.97723	8.12256	
1.97754	8.12317	
1.97815	8.12286	
1.97693	8.12286	
1.97723	8.12286	
1.97693	8.12317	
1.97723	8.12378	
1.97632	8.12256	
1.97693	8.12286	
1.97784	8.12286	
1.97754	8.12225	
1.97784	8.12286	
1.97784	8.12286	
1.97815	8.12195	
1.97784	8.12256	
1.97723	8.12164	
1.97784	8.12286	
1.97632	8.12195	
1.97784	8.12225	
1.97784	8.12195	
1.97693	8.12286	
1.97693	8.12195	
1.97723	8.12134	
1.97815	8.12225	
1.97723	8.12134	
1.97754	8.12164	
1.97784	8.12225	
1.97754	8.12286	
1.97723	8.12317	
1.97784	8.12195	
1.97723	8.12347	
1.97784	8.12347	
1.97784	8.12286	
1.97754	8.12286	
1.97723	8.12286	
1.97754	8.12317	
1.97662	8.12256	
1.97723	8.12256	
1.97754	8.12317	
1.97754	8.12317	
1.97723	8.12347	
1.97723	8.12256	
1.97784	8.12317	
1.97784	8.12195	
1.97784	8.12286	
1.97754	8.12195	
1.97754	8.12256	
1.97723	8.12164	
1.97754	8.12134	
1.97723	8.12225	
1.97662	8.12134	
1.97662	8.12134	
1.97815	8.12256	
1.97662	8.12225	
1.97662	8.12225	
1.97632	8.12225	
1.97632	8.12134	
1.97632	8.12225	
1.97784	8.12195	
1.97662	8.12195	
1.97723	8.12134	
1.97662	8.12134	
1.97723	8.12225	
1.97693	8.12256	
1.97632	8.12103	
1.97723	8.12225	
1.97784	8.12286	
1.97693	8.12195	
1.97693	8.12164	
1.97723	8.12164	
1.97601	8.12134	
1.97662	8.12225	
1.97662	8.12164	
1.97662	8.12195	
1.97754	8.12164	
1.97662	8.12164	
1.97662	8.12103	
1.97784	8.12225	
1.97723	8.12164	
1.97662	8.12164	
1.97571	8.12073	
1.97754	8.12134	
1.97632	8.12164	
1.97723	8.12134	
1.97632	8.12225	
1.97693	8.12225	
1.97601	8.12134	
1.97723	8.12225	
1.97662	8.12164	
1.97693	8.12134	
1.97662	8.12164	
1.97693	8.12347	
1.97693	8.12195	
1.97754	8.12256	
1.97693	8.12225	
1.97662	8.12256	
1.97693	8.12195	
1.97754	8.12195	
1.97632	8.12164	
1.97693	8.12134	
1.97662	8.12164	
1.97754	8.12195	
1.97815	8.12195	
1.97723	8.12256	
1.97723	8.12256	
1.97662	8.12164	
1.97693	8.12164	
1.97662	8.12134	
1.97662	8.12225	
1.97662	8.12225	
1.97662	8.12164	
1.97662	8.12225	
1.97754	8.12286	
1.97693	8.12195	
1.97754	8.12225	
1.97693	8.12103	
1.97662	8.12195	
1.97693	8.12073	
1.97693	8.12073	
1.97662	8.12225	
1.97662	8.12103	
1.97784	8.12164	
1.97693	8.12195	
1.97662	8.12134	
1.97601	8.12134	
1.97662	8.12134	
1.97662	8.12103	
1.97693	8.12103	
1.97662	8.12134	
1.97632	8.12225	
1.97693	8.12134	
1.97754	8.12134	
1.97632	8.12012	
1.97662	8.12134	
1.97662	8.12073	
1.97693	8.12134	
1.97723	8.12073	
1.97723	8.12134	
1.97723	8.12225	
1.97754	8.12103	
1.97784	8.12073	
1.97754	8.12134	
1.97723	8.12042	
1.97662	8.12042	
1.97723	8.12103	
1.97693	8.12073	
1.97784	8.12042	
1.97784	8.12195	
1.97571	8.12164	
1.97632	8.12195	
1.97723	8.12134	
1.97693	8.12164	
1.97754	8.12195	
1.97693	8.12134	
1.97693	8.12134	
1.97662	8.12195	
1.97601	8.12103	
1.97601	8.12225	
1.97723	8.12256	
1.97723	8.12225	
1.97601	8.12164	
1.9754	8.12225	
1.97693	8.12195	
1.97784	8.12073	
1.97662	8.12225	
1.97662	8.12134	
1.97693	8.12225	
1.97693	8.12134	
1.97662	8.12164	
1.97632	8.12164	
1.97601	8.12164	
1.97632	8.12164	
1.97693	8.12164	
1.97632	8.12164	
1.97693	8.12225	
1.97693	8.12195	
1.97693	8.12103	
1.97662	8.12164	
1.97723	8.12103	
1.97571	8.12103	
1.97693	8.12073	
1.97632	8.12164	
1.97632	8.12103	
1.97662	8.12103	
1.97632	8.12103	
1.97693	8.12164	
1.97693	8.12103	
1.97693	8.12164	
1.97601	8.12134	
1.97693	8.12164	
1.97601	8.12164	
1.97662	8.12103	
1.97662	8.12103	
1.97662	8.12103	
1.97662	8.12103	
1.97662	8.12042	
1.97601	8.12042	
1.9754	8.12073	
1.97571	8.12164	
1.97693	8.12134	
1.97662	8.12042	
1.97601	8.12103	
1.97632	8.12073	
1.97662	8.12134	
1.97662	8.12164	
1.97601	8.12042	
1.97632	8.12134	
1.97601	8.12073	
1.97601	8.12042	
1.9754	8.12073	
1.97601	8.12073	
1.97662	8.12012	
1.97662	8.12042	
1.97632	8.12012	
1.97632	8.12073	
1.97662	8.12012	
1.97632	8.12042	
1.97662	8.12073	
1.97662	8.12012	
1.97662	8.11981	
1.97632	8.12012	
1.97632	8.12103	
1.97601	8.12042	
1.97601	8.12042	
1.97571	8.12012	
1.97662	8.12073	
1.97662	8.12042	
1.97632	8.11981	
1.97601	8.11951	
1.97632	8.11981	
1.97662	8.12012	
1.97662	8.11981	
1.97784	8.12103	
1.9754	8.12012	
1.97571	8.12134	
1.97601	8.12073	
1.97693	8.12103	
1.97632	8.12103	
1.97632	8.12042	
1.97601	8.12042	
1.97662	8.12042	
1.97601	8.12073	
1.97601	8.12042	
1.97571	8.12042	
1.97571	8.12073	
1.97632	8.12012	
1.97601	8.12073	
1.9751	8.11981	
1.9751	8.12042	
1.97601	8.12042	
1.97662	8.12012	
1.97632	8.1192	
1.97571	8.1192	
1.97632	8.12073	
1.97571	8.12012	
1.97601	8.12042	
1.97662	8.12012	
1.97632	8.12073	
1.97571	8.1192	
1.97632	8.12012	
1.97632	8.12042	
1.97693	8.12134	
1.97693	8.12103	
1.97632	8.11981	
1.97632	8.12103	
1.97632	8.12042	
1.97662	8.12103	
1.97662	8.12042	
1.97601	8.12103	
1.97723	8.12042	
1.97571	8.12042	
1.97601	8.12012	
1.97601	8.1192	
1.97632	8.11981	
1.97632	8.11951	
1.97601	8.11981	
1.9754	8.12042	
1.97601	8.12042	
1.97632	8.11981	
1.97632	8.11981	
1.97601	8.12073	
1.97601	8.12012	
1.97632	8.12012	
1.97571	8.12042	
1.97601	8.12012	
1.97632	8.11951	
1.97632	8.11951	
1.97632	8.12012	
1.97632	8.12073	
1.97601	8.12042	
1.97601	8.12042	
1.97662	8.12042	
1.97693	8.11981	
1.97693	8.12042	
1.97601	8.12012	
1.97571	8.11981	
1.97601	8.1192	
1.97571	8.1192	
1.9754	8.11981	
1.97571	8.1192	
1.97571	8.11951	
1.97632	8.1192	
1.97632	8.11951	
1.97601	8.12012	
1.97662	8.12012	
1.97662	8.12042	
1.97601	8.11951	
1.97601	8.1189	
1.97632	8.11951	
1.9754	8.11981	
1.97601	8.11951	
1.9754	8.1192	
1.97662	8.11981	
1.97601	8.11981	
1.97571	8.11951	
1.97632	8.11829	
1.9751	8.1189	
1.97571	8.11951	
1.97601	8.11981	
1.9754	8.1192	
1.97601	8.11951	
1.9751	8.12012	
1.97479	8.12012	
1.97571	8.12073	
1.97601	8.12012	
1.9754	8.11981	
1.97601	8.11951	
1.97632	8.1192	
1.97571	8.1192	
1.97571	8.11951	
1.9754	8.1192	
1.97632	8.12012	
1.97571	8.11951	
1.97571	8.11951	
1.97632	8.11951	
1.97601	8.1192	
1.9754	8.1192	
1.97601	8.11798	
1.9754	8.12012	
1.97632	8.1189	
1.97571	8.11859	
1.97601	8.1192	
1.97571	8.11951	
1.97632	8.12012	
1.97632	8.11951	
1.97662	8.1192	
1.97571	8.1189	
1.97632	8.11981	
1.9754	8.1192	
1.97601	8.1189	
1.97601	8.11981	
1.97632	8.1192	
1.97601	8.11859	
1.97571	8.1189	
1.9751	8.11951	
1.9754	8.1189	
1.9754	8.1189	
1.97632	8.1192	
1.97693	8.1189	
1.97571	8.11829	
1.97571	8.11951	
1.97479	8.11829	
1.97601	8.11859	
1.97601	8.11951	
1.97632	8.1189	
1.97601	8.1189	
1.97571	8.11859	
1.97601	8.11859	
1.97632	8.12073	
1.97632	8.1192	
1.97571	8.11859	
1.97571	8.1189	
1.97571	8.11981	
1.97571	8.11859	
1.97662	8.11829	
1.97601	8.1189	
1.9754	8.11829	
1.97601	8.1189	
1.9754	8.11859	
1.9754	8.1189	
1.97601	8.11981	
1.97571	8.11829	
1.97571	8.11859	
1.97601	8.11859	
1.97571	8.11829	
1.97449	8.1189	
1.97662	8.11981	
1.97632	8.1189	
1.97601	8.1189	
1.97632	8.11981	
1.97662	8.1189	
1.97571	8.1192	
1.9754	8.1192	
1.9754	8.11859	
1.97571	8.11951	
1.9754	8.11981	
1.97449	8.1192	
1.9754	8.1192	
1.9751	8.11951	
1.97601	8.11859	
1.97571	8.1192	
1.97601	8.11859	
1.97571	8.1192	
1.97601	8.11859	
1.9754	8.11951	
1.9754	8.1192	
1.9754	8.1189	
1.97479	8.11859	
1.97662	8.11859	
1.97601	8.1189	
1.97571	8.11859	
1.9751	8.1189	
1.9754	8.11951	
1.97601	8.1189	
1.97571	8.1189	
1.97601	8.11829	
1.97662	8.1189	
1.9751	8.11859	
1.97632	8.11798	
1.9751	8.11829	
1.97601	8.1189	
1.97571	8.11798	
1.97601	8.11768	
1.9754	8.11798	
1.97662	8.11829	
1.97693	8.11768	
1.97571	8.11859	
1.97662	8.11798	
1.97662	8.11798	
1.97601	8.1189	
1.97571	8.1192	
1.97571	8.11859	
1.9754	8.1189	
1.9751	8.11829	
1.97601	8.1189	
1.97601	8.1189	
1.9754	8.11859	
1.97571	8.11951	
1.97601	8.11859	
1.9754	8.1189	
1.97601	8.12012	
1.97632	8.11951	
1.97571	8.11859	
1.97601	8.1189	
1.9754	8.1189	
1.9751	8.1189	
1.97571	8.11829	
1.97479	8.11798	
1.97449	8.11798	
1.9751	8.11798	
1.9751	8.11829	
1.97479	8.11737	
1.97601	8.11798	
1.97571	8.11798	
1.9751	8.11829	
1.9754	8.11737	
1.97571	8.11737	
1.97479	8.11829	
1.9754	8.1192	
1.97601	8.11859	
1.97571	8.11859	
1.9754	8.11737	
1.97571	8.11859	
1.97601	8.11768	
1.97601	8.11829	
1.9754	8.11829	
1.97632	8.11798	
1.97601	8.11798	
1.97571	8.11829	
1.97571	8.11798	
1.9754	8.11798	
1.97601	8.11859	
1.97601	8.11859	
1.97601	8.11829	
1.97479	8.1189	
1.97479	8.11859	
1.97571	8.11768	
1.97479	8.11829	
1.97571	8.11829	
1.9754	8.11768	
1.9754	8.11768	
1.97479	8.1192	
1.9754	8.11829	
1.97418	8.1189	
1.9751	8.11798	
1.9751	8.1192	
1.9754	8.11798	
1.9754	8.11829	
1.97601	8.1192	
1.9751	8.11798	
1.9754	8.1189	
1.97479	8.11859	
1.97571	8.11798	
1.97479	8.11951	
1.9754	8.11859	
1.97571	8.11829	
1.97662	8.1192	
1.97479	8.11768	
1.97601	8.11798	
1.97571	8.1192	
1.9751	8.11829	
1.97479	8.11859	
1.97418	8.11798	
1.97357	8.11798	
1.97418	8.11798	
1.9754	8.11768	
1.9751	8.11829	
1.9751	8.11798	
1.97418	8.11768	
1.97418	8.11859	
1.97479	8.11798	
1.97449	8.11798	
1.97449	8.11768	
1.9754	8.11859	
1.97418	8.11829	
1.97479	8.11829	
1.97418	8.11798	
1.97418	8.11829	
1.97418	8.11829	
1.97418	8.11859	
1.97357	8.11829	
1.9751	8.11737	
1.97479	8.11829	
1.97479	8.11798	
1.9754	8.11829	
1.97571	8.11768	
1.9751	8.11829	
1.9751	8.11768	
1.9751	8.11798	
1.9751	8.11829	
1.97449	8.11768	
1.97479	8.11829	
1.97449	8.11829	
1.9754	8.11859	
1.9751	8.11829	
1.9754	8.11737	
1.97449	8.11768	
1.9751	8.11737	
1.9751	8.11798	
1.9751	8.11859	
1.97571	8.11737	
1.9754	8.11737	
1.97632	8.11768	
1.97571	8.11707	
1.9754	8.11707	
1.97601	8.11768	
1.97571	8.11768	
1.97601	8.11798	
1.97571	8.11798	
1.9754	8.11707	
1.97479	8.11707	
1.97479	8.11768	
1.97571	8.11798	
1.97449	8.11798	
1.9751	8.11768	
1.9751	8.11737	
1.97357	8.11768	
1.97388	8.11737	
1.97449	8.11768	
1.97479	8.11798	
1.97571	8.11829	
1.97571	8.11768	
1.97632	8.11829	
1.9751	8.11798	
1.9751	8.11768	
1.97418	8.11798	
1.97388	8.11737	
1.9751	8.11798	
1.97449	8.11798	
1.97479	8.11768	
1.97449	8.11737	
1.9751	8.11768	
1.97449	8.11707	
1.97449	8.11798	
1.97388	8.11768	
1.97388	8.11707	
1.97479	8.11737	
1.97449	8.11829	
1.9751	8.11676	
1.97418	8.11768	
1.9754	8.11707	
1.97449	8.11737	
1.9751	8.11768	
1.97418	8.11707	
1.97418	8.11737	
1.97357	8.11676	
1.97449	8.11646	
1.97479	8.11707	
1.9751	8.11707	
1.97418	8.11707	
1.97449	8.11676	
1.97418	8.11737	
1.97357	8.11859	
1.97479	8.11798	
1.97418	8.11676	
1.97449	8.11707	
1.97418	8.11646	
1.9754	8.11646	
1.9754	8.11646	
1.97479	8.11737	
1.9754	8.11646	
1.9751	8.11615	
1.97479	8.11707	
1.97479	8.11707	
1.97449	8.11676	
1.97449	8.11707	
1.9751	8.11829	
1.97388	8.11707	
1.97479	8.11798	
1.97479	8.11737	
1.97418	8.11707	
1.97418	8.11707	
1.97479	8.11707	
1.97449	8.11707	
1.9751	8.11768	
1.97601	8.11646	
1.9754	8.11646	
1.97449	8.11768	
1.97449	8.11707	
1.9751	8.11737	
1.9754	8.11615	
1.97449	8.11676	
1.97449	8.11707	
1.9751	8.11676	
1.97449	8.11676	
1.97357	8.11676	
1.97479	8.11676	
1.97479	8.11707	
1.97479	8.11707	
1.97449	8.11707	
1.9751	8.11737	
1.9751	8.11646	
1.9751	8.11646	
1.9751	8.11646	
1.97449	8.11768	
1.97418	8.11584	
1.97418	8.11615	
1.9754	8.11676	
1.97418	8.11676	
1.97449	8.11737	
1.97418	8.11707	
1.97418	8.11584	
1.97418	8.11676	
1.97357	8.11584	
1.97449	8.11584	
1.97449	8.11584	
1.9751	8.11584	
1.9751	8.11554	
1.97449	8.11615	
1.97449	8.11584	
1.97449	8.11523	
1.97418	8.11554	
1.97479	8.11615	
1.97449	8.11584	
1.97418	8.11737	
1.97479	8.11646	
1.97449	8.11707	
1.97449	8.11676	
1.97418	8.11707	
1.9751	8.11646	
1.9754	8.11707	
1.97479	8.11707	
1.97479	8.11646	
1.97418	8.11646	
1.97418	8.11676	
1.9751	8.11737	
1.97449	8.11676	
1.97357	8.11676	
1.9751	8.11707	
1.97418	8.11707	
1.97449	8.11646	
1.97449	8.11646	
1.97388	8.11615	
1.97479	8.11676	
1.97418	8.11676	
1.9751	8.11646	
1.97479	8.11676	
1.97357	8.11615	
1.97388	8.11646	
1.9751	8.11707	
1.97449	8.11554	
1.9751	8.11615	
1.9751	8.11646	
1.97418	8.11676	
1.97479	8.11707	
1.97449	8.11646	
1.97449	8.11615	
1.97449	8.11676	
1.97418	8.11646	
1.97388	8.11646	
1.9751	8.11646	
1.97479	8.11615	
1.9751	8.11707	
1.97418	8.11707	
1.97418	8.11646	
1.97418	8.11646	
1.97327	8.11584	
1.97388	8.11584	
1.97388	8.11676	
1.97418	8.11707	
1.9751	8.11646	
1.9751	8.11646	
1.9751	8.11615	
1.97388	8.11646	
1.97418	8.11676	
1.97449	8.11676	
1.97449	8.11554	
1.97357	8.11584	
1.97388	8.11523	
1.97418	8.11646	
1.97357	8.11646	
1.97357	8.11615	
1.97388	8.11554	
1.97357	8.11584	
1.97296	8.11523	
1.97327	8.11646	
1.97418	8.11676	
1.97418	8.11615	
1.97449	8.11646	
1.97418	8.11646	
1.97449	8.11646	
1.97449	8.11615	
1.97418	8.11584	
1.97479	8.11615	
1.97388	8.11615	
1.97479	8.11615	
1.97388	8.11554	
1.97418	8.11615	
1.97327	8.11554	
1.97296	8.11493	
1.97357	8.11584	
1.97418	8.11554	
1.97418	8.11615	
1.97479	8.11523	
1.97418	8.11493	
1.97418	8.11554	
1.97418	8.11462	
1.9751	8.11615	
1.97418	8.11615	
1.97388	8.11584	
1.97479	8.11615	
1.97449	8.11615	
1.97357	8.11584	
1.97418	8.11523	
1.97449	8.11584	
1.97449	8.11523	
1.97388	8.11615	
1.97418	8.11646	
1.97449	8.11584	
1.97479	8.11615	
1.97357	8.11615	
1.9754	8.11615	
1.97449	8.11676	
1.97479	8.11707	
1.97357	8.11615	
1.97296	8.11584	
1.97357	8.11523	
1.97296	8.11523	
1.97388	8.11584	
1.97357	8.11646	
1.97327	8.11615	
1.97418	8.11707	
1.97388	8.11462	
1.97388	8.11584	
1.97418	8.11523	
1.97418	8.11554	
1.97266	8.11462	
1.97296	8.11615	
1.97357	8.11615	
1.97327	8.11554	
1.97327	8.11584	
1.9751	8.11523	
1.97418	8.11523	
1.97418	8.11523	
1.97388	8.11554	
1.97418	8.11615	
1.97388	8.11615	
1.97479	8.11615	
1.97388	8.11584	
1.97418	8.11554	
1.97327	8.11554	
1.97327	8.11615	
1.97357	8.11584	
1.97479	8.11584	
1.97449	8.11523	
1.9751	8.11584	
1.97388	8.11554	
1.97479	8.11523	
1.97418	8.11554	
1.97479	8.11584	
1.97357	8.11523	
1.9751	8.11554	
1.97327	8.11584	
1.97479	8.11554	
1.9751	8.11432	
1.97418	8.11523	
1.97418	8.11523	
1.97449	8.11554	
1.97418	8.11493	
1.97418	8.11462	
1.97479	8.11523	
1.97388	8.11523	
1.97327	8.11523	
1.97296	8.11462	
1.97296	8.11523	
1.97449	8.11554	
1.97449	8.11646	
1.97418	8.11554	
1.97418	8.11615	
1.97388	8.11676	
1.97418	8.11493	
1.97418	8.11584	
1.97357	8.11523	
1.97388	8.11554	
1.97449	8.11523	
1.97388	8.11432	
1.97418	8.11523	
1.97418	8.11554	
1.97357	8.11523	
1.97418	8.11554	
1.97388	8.11523	
1.97357	8.11493	
1.97449	8.11523	
1.97357	8.11462	
1.97449	8.11462	
1.97449	8.11584	
1.97479	8.11584	
1.97388	8.11523	
1.97388	8.11462	
1.97327	8.11462	
1.97418	8.11493	
1.97327	8.11462	
1.97327	8.11523	
1.97388	8.11584	
1.97449	8.11462	
1.97418	8.11554	
1.97418	8.11462	
1.97418	8.11462	
1.97388	8.11462	
1.97418	8.11493	
1.97418	8.11432	
1.97418	8.11523	
1.97357	8.11401	
1.97327	8.11554	
1.97388	8.11523	
1.97357	8.11462	
1.97357	8.11493	
1.97388	8.11523	
1.97266	8.11523	
1.97418	8.11493	
1.97418	8.11462	
1.97449	8.11432	
1.97418	8.11523	
1.97418	8.11554	
1.97388	8.11523	
1.97418	8.11554	
1.97479	8.11523	
1.97418	8.11462	
1.97327	8.11401	
1.97357	8.11432	
1.97296	8.11554	
1.97388	8.11493	
1.97418	8.11493	
1.97388	8.11493	
1.97479	8.11432	
1.97388	8.11554	
1.97327	8.11432	
1.97388	8.11523	
1.97388	8.11432	
1.97327	8.11462	
1.97327	8.11462	
1.97388	8.11554	
1.97357	8.11493	
1.97388	8.11523	
1.97357	8.11493	
1.97388	8.11401	
1.97388	8.11371	
1.97296	8.11432	
1.97388	8.11432	
1.97357	8.11523	
1.97388	8.11432	
1.97266	8.11493	
1.97296	8.11493	
1.97266	8.11462	
1.97327	8.11432	
1.97266	8.11493	
1.97327	8.11432	
1.97357	8.11371	
1.97327	8.11523	
1.97357	8.11432	
1.97327	8.11432	
1.97357	8.11462	
1.97266	8.11371	
1.97327	8.1134	
1.97205	8.11401	
1.97266	8.11371	
1.97327	8.11371	
1.97266	8.11401	
1.97235	8.11432	
1.97296	8.11462	
1.97357	8.11401	
1.97357	8.11523	
1.97357	8.11462	
1.97327	8.11432	
1.97327	8.11432	
1.97327	8.11401	
1.97327	8.11493	
1.97327	8.11462	
1.97327	8.11462	
1.97327	8.11432	
1.97296	8.11371	
1.97296	8.11371	
1.97235	8.11401	
1.97418	8.11432	
1.97296	8.11462	
1.97327	8.11432	
1.97418	8.11432	
1.97327	8.11493	
1.97235	8.11523	
1.97357	8.11493	
1.97357	8.11493	
1.97205	8.11401	
1.97327	8.11462	
1.97327	8.11462	
1.97327	8.11401	
1.97357	8.11462	
1.97388	8.11432	
1.97327	8.11493	
1.97296	8.11462	
1.97327	8.11462	
1.97388	8.11401	
1.97388	8.11401	
1.97357	8.11432	
1.97357	8.11371	
1.97357	8.11371	
1.97205	8.11432	
1.97327	8.11432	
1.97296	8.11401	
1.97327	8.11401	
1.97327	8.11401	
1.97357	8.1134	
1.97266	8.11371	
1.97327	8.1134	
1.97296	8.11371	
1.97327	8.11401	
1.97266	8.11432	
1.97266	8.1134	
1.97266	8.11432	
1.97327	8.11371	
1.97327	8.11401	
1.97357	8.11462	
1.97327	8.11401	
1.97266	8.11401	
1.97296	8.11401	
1.97296	8.11432	
1.97296	8.11462	
1.97266	8.11401	
1.97357	8.1134	
1.97357	8.1131	
1.97357	8.11401	
1.97357	8.11401	
1.97235	8.11401	
1.97296	8.11432	
1.97327	8.1134	
1.97327	8.11401	
1.97327	8.11371	
1.97357	8.11371	
1.97266	8.11401	
1.97327	8.1134	
1.97235	8.11432	
1.97327	8.11432	
1.97296	8.11279	
1.97357	8.11462	
1.97327	8.11493	
1.97357	8.11432	
1.97449	8.11523	
1.97266	8.11432	
1.97327	8.1134	
1.97266	8.1134	
1.97327	8.11401	
1.97296	8.11401	
1.97327	8.11401	
1.97327	8.11401	
1.97296	8.1134	
1.97235	8.1134	
1.97266	8.1131	
1.97296	8.11401	
1.97327	8.11401	
1.97235	8.1131	
1.97266	8.1134	
1.97266	8.1134	
1.97296	8.11371	
1.97296	8.11401	
1.97266	8.1131	
1.97327	8.11371	
1.97327	8.11401	
1.97327	8.11371	
1.97327	8.11401	
1.97296	8.11401	
1.97357	8.11279	
1.97357	8.1134	
1.97296	8.11371	
1.97327	8.11371	
1.97327	8.1131	
1.97357	8.11371	
1.97266	8.11401	
1.97266	8.1131	
1.97388	8.11371	
1.97296	8.11432	
1.97296	8.1131	
1.97235	8.11401	
1.97327	8.11462	
1.97357	8.11401	
1.97235	8.11401	
1.97296	8.11371	
1.97327	8.11401	
1.97266	8.11371	
1.97296	8.11371	
1.97296	8.11401	
1.97418	8.11371	
1.97327	8.1134	
1.97296	8.11371	
1.97418	8.1134	
1.97327	8.1131	
1.97357	8.11249	
1.97327	8.11279	
1.97266	8.11188	
1.97296	8.11218	
1.97296	8.11371	
1.97357	8.11371	
1.97235	8.11371	
1.97327	8.11371	
1.97296	8.11401	
1.97327	8.1134	
1.97327	8.11371	
1.97327	8.11371	
1.97296	8.11371	
1.97418	8.11371	
1.97388	8.11249	
1.97327	8.1131	
1.97266	8.1131	
1.97296	8.1134	
1.97357	8.1134	
1.97296	8.11371	
1.97266	8.11249	
1.97296	8.11249	
1.97357	8.11249	
1.97357	8.1134	
1.97357	8.11279	
1.97174	8.1131	
1.97327	8.11371	
1.97327	8.1131	
1.97327	8.11401	
1.97296	8.11218	
1.97327	8.11218	
1.97235	8.11188	
1.97296	8.11371	
1.97357	8.11279	
1.97357	8.1131	
1.97327	8.1131	
1.97327	8.1131	
1.97296	8.11279	
1.97357	8.1131	
1.97296	8.11249	
1.97296	8.11279	
1.97296	8.11279	
1.97327	8.1134	
1.97296	8.1131	
1.97296	8.1131	
1.97357	8.1134	
1.97296	8.1131	
1.97266	8.1131	
1.97357	8.1131	
1.97357	8.11432	
1.97296	8.1134	
1.97296	8.11249	
1.97205	8.11279	
1.97266	8.11279	
1.97296	8.11249	
1.97388	8.11249	
1.97327	8.11218	
1.97296	8.11249	
1.97296	8.11157	
1.97296	8.11371	
1.97266	8.11249	
1.97296	8.11249	
1.97235	8.11218	
1.97266	8.11249	
1.97205	8.11279	
1.97327	8.11218	
1.97266	8.11279	
1.97296	8.11188	
1.97296	8.11279	
1.97296	8.11218	
1.97327	8.11279	
1.97296	8.1131	
1.97296	8.11249	
1.97327	8.1131	
1.97296	8.1131	
1.97296	8.1131	
1.97235	8.1134	
1.97266	8.1134	
1.97357	8.1131	
1.97235	8.11279	
1.97266	8.1131	
1.97327	8.11218	
1.97327	8.1134	
1.97296	8.1134	
1.97296	8.11279	
1.97266	8.1134	
1.97357	8.11371	
1.97327	8.1131	
1.97388	8.11249	
1.97235	8.11371	
1.97235	8.11188	
1.97296	8.11218	
1.97327	8.11249	
1.97235	8.1131	
1.97327	8.11218	
1.97266	8.11249	
1.97266	8.11249	
1.97205	8.11188	
1.97266	8.11279	
1.97327	8.11249	
1.97296	8.11279	
1.97205	8.11279	
1.97266	8.11249	
1.97296	8.11188	
1.97174	8.11249	
1.97266	8.11279	
1.97266	8.11188	
1.97235	8.11188	
1.97296	8.11249	
1.97235	8.11279	
1.97296	8.11249	
1.97296	8.11218	
1.97235	8.11249	
1.97327	8.11279	
1.97266	8.11218	
1.97296	8.11218	
1.97296	8.11218	
1.97235	8.11249	
1.97296	8.11249	
1.97296	8.1131	
1.97296	8.11218	
1.97357	8.11249	
1.97113	8.11188	
1.97174	8.11279	
1.97205	8.11157	
1.97174	8.11218	
1.97205	8.11218	
1.97266	8.11188	
1.97266	8.11249	
1.97174	8.11157	
1.97296	8.11279	
1.97205	8.11157	
1.97296	8.11218	
1.97296	8.11188	
1.97296	8.11218	
1.97205	8.11249	
1.97327	8.11279	
1.97327	8.1131	
1.97113	8.11279	
1.97174	8.11188	
1.97296	8.1131	
1.97174	8.1131	
1.97235	8.1131	
1.97174	8.11249	
1.97266	8.11188	
1.97235	8.11249	
1.97296	8.11249	
1.97296	8.11218	
1.97266	8.11279	
1.97205	8.11249	
1.97205	8.11188	
1.97144	8.1131	
1.97205	8.11218	
1.97235	8.11249	
1.97266	8.11249	
1.97205	8.11249	
1.97205	8.11157	
1.97205	8.11249	
1.97174	8.11188	
1.97205	8.11218	
1.97205	8.11279	
1.97205	8.11249	
1.97205	8.11157	
1.97205	8.11249	
1.97235	8.11279	
1.97205	8.11218	
1.97266	8.11249	
1.97144	8.11249	
1.97266	8.11218	
1.97296	8.11188	
1.97174	8.11157	
1.97296	8.11218	
1.97327	8.11249	
1.97327	8.11218	
1.97266	8.11157	
1.97266	8.11188	
1.97296	8.11249	
1.97266	8.11188	
1.97296	8.11157	
1.97327	8.11218	
1.97296	8.11157	
1.97266	8.11188	
1.97266	8.11188	
1.97327	8.11127	
1.97235	8.11096	
1.97174	8.11188	
1.97327	8.11249	
1.97266	8.11249	
1.97266	8.11188	
1.97235	8.11249	
1.97235	8.11188	
1.97266	8.11218	
1.97205	8.11188	
1.97205	8.11188	
1.97205	8.11279	
1.97235	8.11188	
1.97266	8.11157	
1.97266	8.11279	
1.97235	8.11188	
1.97174	8.11127	
1.97205	8.11096	
1.97113	8.11188	
1.97174	8.11218	
1.97266	8.11279	
1.97113	8.11096	
1.97144	8.11157	
1.97174	8.11157	
1.97205	8.11157	
1.97205	8.11188	
1.97113	8.11188	
1.97144	8.11218	
1.97235	8.11188	
1.97327	8.11127	
1.97296	8.11157	
1.97327	8.11127	
1.97266	8.11188	
1.97205	8.11188	
1.97205	8.11218	
1.97205	8.11218	
1.97174	8.11157	
1.97327	8.11127	
1.97235	8.11127	
1.97235	8.11096	
1.97174	8.11127	
1.97174	8.11127	
1.97235	8.11096	
1.97174	8.11096	
1.97174	8.11157	
1.97174	8.11066	
1.97144	8.11188	
1.97174	8.11096	
1.97174	8.11188	
1.97174	8.11096	
1.97144	8.11127	
1.97205	8.11127	
1.97174	8.11127	
1.97174	8.11127	
1.97235	8.11096	
1.97174	8.11096	
1.97144	8.11188	
1.97174	8.11218	
1.97144	8.11127	
1.97113	8.11188	
1.97205	8.11127	
1.97266	8.11188	
1.97113	8.11066	
1.97205	8.11096	
1.97205	8.11127	
1.97144	8.11066	
1.97205	8.11096	
1.97113	8.11096	
1.97296	8.11096	
1.97144	8.11127	
1.97174	8.11035	
1.97174	8.11157	
1.97205	8.11127	
1.97113	8.11157	
1.97052	8.11066	
1.97205	8.11096	
1.97174	8.11035	
1.97174	8.11157	
1.97144	8.11127	
1.97144	8.11096	
1.97113	8.11066	
1.97144	8.11157	
1.97144	8.11066	
1.97205	8.11096	
1.97144	8.11157	
1.97113	8.11096	
1.97174	8.11066	
1.97205	8.11127	
1.97205	8.11127	
1.97083	8.11157	
1.97235	8.11066	
1.97144	8.11005	
1.97174	8.11157	
1.97174	8.11066	
1.97174	8.11066	
1.97235	8.11157	
1.97144	8.11188	
1.97113	8.11066	
1.97174	8.11127	
1.97144	8.11066	
1.97174	8.11157	
1.97205	8.11127	
1.97144	8.11066	
1.97113	8.11157	
1.97174	8.11096	
1.97205	8.11127	
1.97205	8.11127	
1.97174	8.11066	
1.97113	8.11127	
1.97174	8.11066	
1.97144	8.11096	
1.97174	8.11066	
1.97174	8.11096	
1.97205	8.11157	
1.97174	8.11157	
1.97205	8.11218	
1.97235	8.11096	
1.97174	8.11066	
1.97144	8.11157	
1.97235	8.11066	
1.97144	8.11096	
1.97205	8.11066	
1.97266	8.11127	
1.97144	8.11157	
1.97144	8.11188	
1.97235	8.11127	
1.97083	8.11127	
1.97235	8.11096	
1.97174	8.11035	
1.97174	8.11188	
1.97266	8.11127	
1.97235	8.11096	
1.97113	8.11066	
1.97144	8.11096	
1.97144	8.11066	
1.97235	8.11127	
1.97144	8.11066	
1.97113	8.10974	
1.97205	8.11096	
1.97174	8.11066	
1.97144	8.11157	
1.97205	8.11066	
1.97174	8.11096	
1.97205	8.11188	
1.97113	8.11096	
1.97174	8.11066	
1.97144	8.11127	
1.97144	8.11218	
1.97205	8.11066	
1.97174	8.11188	
1.97205	8.11127	
1.97144	8.11066	
1.97113	8.11096	
1.97174	8.11066	
1.97205	8.11157	
1.97113	8.11127	
1.97144	8.11096	
1.97113	8.11066	
1.97174	8.11035	
1.97113	8.11096	
1.97083	8.11096	
1.97235	8.11066	
1.97144	8.11035	
1.97113	8.11066	
1.97052	8.11127	
1.97113	8.11127	
1.97083	8.11127	
1.97083	8.11188	
1.97205	8.11188	
1.97113	8.11096	
1.97144	8.11066	
1.97174	8.11127	
1.97144	8.11127	
1.97083	8.11127	
1.97205	8.10974	
1.97083	8.11096	
1.97052	8.10944	
1.97083	8.10944	
1.97083	8.11005	
1.97144	8.11066	
1.97205	8.10974	
1.97174	8.11066	
1.97205	8.11005	
1.97144	8.11066	
1.97205	8.11157	
1.97052	8.11035	
1.97174	8.11127	
1.97174	8.11127	
1.97205	8.11096	
1.97266	8.10944	
1.97113	8.11096	
1.97205	8.11005	
1.97174	8.10944	
1.97174	8.11035	
1.97235	8.11096	
1.97174	8.11066	
1.97144	8.11096	
1.97174	8.11066	
1.97144	8.10974	
1.97205	8.11096	
1.97205	8.11127	
1.97174	8.11066	
1.97083	8.11035	
1.97052	8.11127	
1.97113	8.11035	
1.97113	8.11127	
1.97113	8.11096	
1.97266	8.11035	
1.97113	8.11096	
1.97113	8.11096	
1.97144	8.11096	
1.97083	8.11066	
1.97174	8.11035	
1.97174	8.11066	
1.97144	8.11005	
1.97205	8.11035	
1.97144	8.11127	
1.97083	8.11005	
1.97113	8.11035	
1.97144	8.11035	
1.97144	8.11005	
1.97144	8.10974	
1.97113	8.11005	
1.97144	8.11035	
1.97144	8.10974	
1.97174	8.10944	
1.97144	8.10974	
1.97144	8.10974	
1.97144	8.11035	
1.97052	8.11096	
1.97174	8.11066	
1.97174	8.11157	
1.97083	8.11035	
1.97113	8.10944	
1.97083	8.11035	
1.97052	8.10974	
1.97205	8.11066	
1.97174	8.10974	
1.97144	8.10944	
1.97174	8.11005	
1.97083	8.10974	
1.97144	8.10944	
1.97083	8.10944	
1.97205	8.10974	
1.97113	8.10974	
1.97144	8.11035	
1.97144	8.11005	
1.97113	8.10913	
1.97083	8.11035	
1.97083	8.11096	
1.97113	8.10944	
1.97144	8.10944	
1.97174	8.11096	
1.97083	8.11066	
1.97113	8.10944	
1.97205	8.11005	
1.97174	8.10913	
1.97113	8.11066	
1.97083	8.11005	
1.97144	8.11035	
1.97113	8.11066	
1.96991	8.11005	
1.97174	8.11066	
1.97052	8.11035	
1.97083	8.11096	
1.97113	8.11066	
1.97083	8.11035	
1.97021	8.11035	
1.97052	8.11066	
1.97083	8.11096	
1.96991	8.10974	
1.97052	8.11005	
1.97083	8.11035	
1.97113	8.11035	
1.97021	8.11066	
1.97113	8.11066	
1.97144	8.11066	
1.97113	8.10974	
1.97174	8.10974	
1.97174	8.11035	
1.97083	8.10944	
1.97113	8.10913	
1.97113	8.10944	
1.97083	8.11035	
1.97083	8.10944	
1.97083	8.10974	
1.97052	8.10974	
1.97083	8.10974	
1.97083	8.11035	
1.97174	8.11005	
1.97083	8.10913	
1.97174	8.11096	
1.97052	8.11005	
1.97144	8.11035	
1.97052	8.10822	
1.97052	8.10913	
1.97052	8.11005	
1.97083	8.10944	
1.97174	8.10944	
1.97144	8.10944	
1.97083	8.10974	
1.97174	8.11035	
1.97052	8.11096	
1.9696	8.10944	
1.96991	8.10883	
1.97083	8.11005	
1.97113	8.11066	
1.97052	8.11035	
1.97052	8.11127	
1.97052	8.10974	
1.97113	8.11005	
1.97083	8.10944	
1.97144	8.10974	
1.97021	8.10974	
1.97083	8.11005	
1.97113	8.11035	
1.97083	8.11066	
1.97021	8.11005	
1.97052	8.10974	
1.97052	8.11005	
1.97083	8.10913	
1.97052	8.10974	
1.97021	8.10974	
1.97052	8.10883	
1.97113	8.10974	
1.97083	8.10974	
1.97144	8.10944	
1.97113	8.10944	
1.97083	8.10944	
1.96991	8.10944	
1.97083	8.10974	
1.9696	8.10944	
1.97052	8.10852	
1.9696	8.10974	
1.96991	8.10944	
1.96991	8.10913	
1.97083	8.10974	
1.97052	8.10883	
1.97174	8.11035	
1.97021	8.10913	
1.97021	8.10913	
1.97052	8.10974	
1.97174	8.11005	
1.97052	8.10944	
1.97052	8.10974	
1.97021	8.11035	
1.97052	8.10822	
1.97052	8.10883	
1.97174	8.10974	
1.97144	8.10883	
1.97021	8.10822	
1.97113	8.10852	
1.97083	8.10944	
1.97113	8.10974	
1.97144	8.10944	
1.97021	8.10913	
1.97083	8.10883	
1.97083	8.11005	
1.96991	8.10913	
1.9696	8.10944	
1.97052	8.10883	
1.97144	8.10974	
1.97052	8.10913	
1.97083	8.10913	
1.97113	8.10883	
1.97113	8.10913	
1.97113	8.10913	
1.97052	8.10883	
1.97174	8.10913	
1.97083	8.10822	
1.97144	8.10883	
1.97144	8.10852	
1.97174	8.10913	
1.96991	8.10883	
1.96991	8.10852	
1.97083	8.10913	
1.97083	8.11066	
1.97021	8.10974	
1.97052	8.10883	
1.96991	8.10852	
1.96991	8.10883	
1.97083	8.10944	
1.97144	8.10883	
1.97083	8.10944	
1.96991	8.10883	
1.97113	8.10913	
1.97021	8.10944	
1.97021	8.10913	
1.97052	8.10974	
1.96991	8.10822	
1.97021	8.10913	
1.97021	8.10913	
1.96991	8.10913	
1.97052	8.10883	
1.97144	8.10883	
1.97083	8.10883	
1.97144	8.10883	
1.97083	8.10852	
1.97052	8.10883	
1.97052	8.1076	
1.97021	8.10883	
1.97052	8.10913	
1.97021	8.10852	
1.97052	8.10852	
1.97021	8.10852	
1.96991	8.10883	
1.97021	8.10822	
1.9693	8.10944	
1.96991	8.10822	
1.97021	8.10852	
1.9696	8.10852	
1.96991	8.10852	
1.96991	8.10913	
1.9693	8.10852	
1.97021	8.10822	
1.97083	8.10852	
1.97113	8.10852	
1.96991	8.10913	
1.97083	8.10822	
1.97052	8.10883	
1.97113	8.10852	
1.97052	8.10852	
1.97021	8.10913	
1.9696	8.10913	
1.97021	8.10822	
1.96991	8.10974	
1.96991	8.10913	
1.97083	8.10791	
1.97113	8.10883	
1.97113	8.10822	
1.97021	8.10822	
1.96991	8.10852	
1.97083	8.10791	
1.97083	8.10883	
1.97144	8.10852	
1.97113	8.10913	
1.97144	8.10852	
1.97021	8.10852	
1.97052	8.10791	
1.97083	8.10822	
1.97083	8.10852	
1.97083	8.10883	
1.97144	8.10883	
1.97083	8.10883	
1.97113	8.10852	
1.97113	8.10944	
1.97174	8.10852	
1.97052	8.10791	
1.97052	8.10791	
1.97083	8.10791	
1.97021	8.10852	
1.9696	8.10852	
1.97083	8.10974	
1.97052	8.10913	
1.97021	8.10944	
1.97052	8.10974	
1.97052	8.10883	
1.97052	8.11005	
1.96991	8.10944	
1.97113	8.10852	
1.97052	8.10883	
1.97021	8.10913	
1.97052	8.10822	
1.97021	8.10822	
1.97083	8.10883	
1.97052	8.10791	
1.97083	8.10913	
1.97083	8.10883	
1.96991	8.10913	
1.97021	8.10852	
1.97052	8.10852	
1.97052	8.10791	
1.96991	8.10791	
1.97052	8.10883	
1.97052	8.10883	
1.97021	8.10944	
1.96991	8.10913	
1.97083	8.10852	
1.96991	8.10852	
1.97144	8.10791	
1.9696	8.10852	
1.97021	8.10791	
1.96991	8.10822	
1.97052	8.10883	
1.96991	8.10791	
1.97052	8.10913	
1.9693	8.10791	
1.97052	8.10852	
1.9696	8.10791	
1.97021	8.10852	
1.97021	8.10822	
1.97052	8.10822	
1.97083	8.10883	
1.9696	8.10791	
1.9696	8.10852	
1.9696	8.10883	
1.97083	8.10852	
1.96991	8.10852	
1.9696	8.10822	
1.97021	8.10822	
1.9696	8.10852	
1.9693	8.10883	
1.9693	8.10944	
1.96991	8.10852	
1.96991	8.10822	
1.97052	8.10883	
1.96991	8.1076	
1.97021	8.10883	
1.97021	8.10883	
1.97052	8.10883	
1.97021	8.10852	
1.97052	8.1076	
1.96991	8.10822	
1.96991	8.1076	
1.96991	8.10791	
1.97052	8.10822	
1.96991	8.10852	
1.97113	8.10852	
1.9696	8.10883	
1.97021	8.10822	
1.96991	8.1076	
1.97052	8.1076	
1.9696	8.10699	
1.96991	8.1073	
1.9696	8.10822	
1.96991	8.1076	
1.97052	8.1076	
1.9696	8.1076	
1.96991	8.10822	
1.96991	8.1076	
1.9696	8.10822	
1.96991	8.1076	
1.96991	8.10822	
1.9696	8.10791	
1.96991	8.10852	
1.97021	8.10883	
1.9696	8.10822	
1.96991	8.10822	
1.96991	8.10822	
1.96991	8.10883	
1.96899	8.10699	
1.97021	8.10822	
1.96991	8.10883	
1.96991	8.10791	
1.97052	8.10822	
1.97052	8.10852	
1.96991	8.10791	
1.96991	8.10883	
1.97052	8.10822	
1.9696	8.10852	
1.97021	8.10822	
1.96991	8.10883	
1.96991	8.10852	
1.97021	8.1076	
1.9696	8.10791	
1.9693	8.10791	
1.9693	8.10822	
1.97083	8.1076	
1.96899	8.10638	
1.96991	8.10699	
1.96991	8.1076	
1.96991	8.1073	
1.97021	8.10791	
1.9693	8.10822	
1.9696	8.10822	
1.9696	8.10913	
1.97052	8.10852	
1.96991	8.10883	
1.97021	8.10852	
1.97021	8.10883	
1.97052	8.10883	
1.96991	8.10822	
1.9696	8.1073	
1.9696	8.1073	
1.96991	8.10699	
1.9696	8.1076	
1.97021	8.10944	
1.9696	8.10791	
1.96991	8.1076	
1.9696	8.1073	
1.97052	8.1076	
1.96899	8.10791	
1.96991	8.10791	
1.97021	8.10699	
1.97052	8.1073	
1.97052	8.10608	
1.97021	8.10638	
1.96991	8.10791	
1.96991	8.1073	
1.96991	8.1076	
1.96991	8.10608	
1.97021	8.10669	
1.97021	8.1073	
1.9693	8.1076	
1.97021	8.10791	
1.9696	8.1073	
1.96991	8.10822	
1.96991	8.10791	
1.97021	8.1073	
1.97052	8.10822	
1.97021	8.10822	
1.97021	8.10822	
1.9696	8.10699	
1.97021	8.1076	
1.96991	8.10791	
1.96991	8.1076	
1.9696	8.10699	
1.96991	8.1076	
1.97021	8.1073	
1.97021	8.1076	
1.96991	8.1073	
1.97083	8.1073	
1.97052	8.1073	
1.97021	8.1076	
1.9696	8.1073	
1.97021	8.1076	
1.9696	8.1073	
1.96991	8.10699	
1.96991	8.1076	
1.97021	8.10791	
1.97021	8.10699	
1.97052	8.10791	
1.96991	8.10699	
1.9693	8.1076	
1.9696	8.10699	
1.97083	8.1076	
1.96991	8.1076	
1.96991	8.10852	
1.96991	8.10852	
1.96991	8.1073	
1.97021	8.10791	
1.97021	8.10791	
1.96869	8.1076	
1.9696	8.10791	
1.9696	8.1073	
1.9693	8.10669	
1.97021	8.10822	
1.97021	8.1076	
1.9693	8.10791	
1.9693	8.10699	
1.96899	8.10699	
1.9693	8.10608	
1.96991	8.10608	
1.96899	8.10638	
1.9696	8.10699	
1.9693	8.1073	
1.9693	8.10791	
1.97052	8.10699	
1.97021	8.1076	
1.96991	8.1076	
1.96991	8.1073	
1.96991	8.10669	
1.9693	8.10669	
1.96991	8.1073	
1.9693	8.1076	
1.9693	8.1073	
1.96899	8.10669	
1.9696	8.10699	
1.9693	8.10669	
1.96991	8.10699	
1.96899	8.1073	
1.9696	8.10669	
1.96991	8.10669	
1.97052	8.10699	
1.97052	8.10699	
1.97021	8.10699	
1.96991	8.10608	
1.9696	8.1073	
1.96991	8.10608	
1.97052	8.10699	
1.9696	8.10577	
1.96899	8.10669	
1.9693	8.10638	
1.96991	8.10638	
1.96899	8.10638	
1.96838	8.10638	
1.9693	8.10669	
1.9696	8.10699	
1.9693	8.10699	
1.97021	8.1076	
1.96899	8.10669	
1.96991	8.1076	
1.9696	8.10669	
1.96991	8.1073	
1.9693	8.1076	
1.96991	8.1073	
1.9696	8.1073	
1.97021	8.10791	
1.9693	8.1076	
1.97021	8.10791	
1.96991	8.10852	
1.9696	8.10791	
1.96991	8.10699	
1.97052	8.10791	
1.97021	8.10791	
1.96991	8.1073	
1.97021	8.1076	
1.9696	8.1076	
1.97052	8.10791	
1.9693	8.10699	
1.97021	8.10638	
1.9696	8.10608	
1.96991	8.1073	
1.9693	8.10699	
1.97083	8.1076	
1.96991	8.10822	
1.96991	8.10638	
1.97021	8.1076	
1.9693	8.10699	
1.96991	8.10699	
1.96899	8.10577	
1.96899	8.10608	
1.96869	8.10638	
1.96869	8.1073	
1.96838	8.10608	
1.96899	8.10669	
1.96899	8.10669	
1.96869	8.10638	
1.9693	8.10669	
1.9693	8.10669	
1.96899	8.1076	
1.96869	8.10669	
1.96838	8.1073	
1.9693	8.10699	
1.96991	8.1073	
1.96899	8.10699	
1.9693	8.10699	
1.96899	8.10669	
1.9693	8.10638	
1.9693	8.1073	
1.97021	8.1076	
1.9696	8.10669	
1.96991	8.10669	
1.96899	8.10638	
1.96899	8.10669	
1.97021	8.10669	
1.9696	8.10699	
1.9693	8.10669	
1.96899	8.10669	
1.97021	8.1073	
1.96869	8.1073	
1.96838	8.10699	
1.9693	8.10638	
1.9693	8.10699	
1.96899	8.10699	
1.9693	8.10669	
1.96838	8.10638	
1.96899	8.10669	
1.96808	8.10516	
1.9693	8.10669	
1.96838	8.10699	
1.96808	8.10638	
1.96899	8.10638	
1.96869	8.10669	
1.96899	8.10608	
1.96869	8.10638	
1.9696	8.1073	
1.96838	8.10699	
1.96838	8.10638	
1.96869	8.10577	
1.96899	8.10608	
1.96869	8.10669	
1.96869	8.10699	
1.9696	8.10699	
1.96899	8.10638	
1.9693	8.10638	
1.96991	8.10669	
1.96991	8.10669	
1.97021	8.10699	
1.97021	8.10638	
1.9693	8.10608	
1.9696	8.10699	
1.96869	8.10577	
1.9693	8.10669	
1.9696	8.10699	
1.9696	8.10699	
1.9693	8.10699	
1.9696	8.10669	
1.96899	8.10669	
1.96808	8.10608	
1.96869	8.10608	
1.96869	8.1073	
1.96869	8.1073	
1.96899	8.1073	
1.96899	8.10699	
1.96899	8.1076	
1.9696	8.1073	
1.9693	8.10638	
1.9693	8.10638	
1.96991	8.10638	
1.9693	8.10547	
1.9696	8.10669	
1.96869	8.10547	
1.96899	8.10608	
1.9693	8.10638	
1.9693	8.10638	
1.96716	8.1073	
1.96869	8.10638	
1.96869	8.1073	
1.96899	8.10638	
1.96869	8.10669	
1.96869	8.10638	
1.9693	8.10638	
1.96838	8.10669	
1.97021	8.10699	
1.96991	8.10608	
1.9693	8.1073	
1.96991	8.10669	
1.9693	8.10638	
1.96899	8.10699	
1.9696	8.1073	
1.96869	8.10608	
1.9693	8.10638	
1.96899	8.10699	
1.96899	8.10669	
1.9693	8.10638	
1.96899	8.10608	
1.96899	8.10577	
1.9696	8.10638	
1.96899	8.10577	
1.9696	8.10699	
1.9693	8.10638	
1.9696	8.10699	
1.96838	8.10547	
1.96869	8.10699	
1.96869	8.10669	
1.96838	8.10638	
1.96838	8.10699	
1.9696	8.10699	
1.9696	8.10699	
1.9696	8.10669	
1.96899	8.10699	
1.96869	8.1073	
1.96869	8.10669	
1.96808	8.10699	
1.96777	8.10608	
1.9693	8.10577	
1.96869	8.10608	
1.96777	8.10638	
1.9693	8.10608	
1.96838	8.10577	
1.9696	8.1076	
1.96838	8.10638	
1.96808	8.10669	
1.9693	8.10608	
1.96838	8.10699	
1.96869	8.1073	
1.96838	8.10608	
1.96869	8.10638	
1.96838	8.10608	
1.96808	8.10638	
1.9693	8.10669	
1.96869	8.10608	
1.96808	8.10669	
1.96899	8.10516	
1.96899	8.10577	
1.9696	8.10577	
1.9693	8.10577	
1.96869	8.10577	
1.96838	8.10608	
1.96808	8.10699	
1.96869	8.10608	
1.96869	8.10608	
1.9693	8.10638	
1.96869	8.10577	
1.9696	8.10638	
1.96899	8.10608	
1.96869	8.10577	
1.96869	8.10486	
1.96838	8.10486	
1.96991	8.10486	
1.9696	8.10577	
1.96991	8.10486	
1.96991	8.10516	
1.96808	8.10455	
1.96838	8.10638	
1.96869	8.10638	
1.96899	8.10608	
1.96899	8.10669	
1.96808	8.10608	
1.96899	8.10638	
1.96869	8.10638	
1.9693	8.10638	
1.96869	8.10577	
1.96838	8.10608	
1.96869	8.10608	
1.96838	8.10608	
1.96777	8.10516	
1.96808	8.10455	
1.96991	8.10608	
1.96869	8.10608	
1.96899	8.10577	
1.96899	8.10608	
1.96838	8.10577	
1.96869	8.10516	
1.9693	8.10486	
1.96777	8.10547	
1.96838	8.10547	
1.96838	8.10547	
1.96808	8.10425	
1.96869	8.10486	
1.96869	8.10486	
1.96869	8.10547	
1.96777	8.10455	
1.96808	8.10486	
1.96899	8.10608	
1.96899	8.10486	
1.9696	8.10608	
1.96869	8.10669	
1.96808	8.10547	
1.96869	8.10516	
1.96808	8.10638	
1.96777	8.10547	
1.96899	8.10577	
1.96869	8.10577	
1.96899	8.10638	
1.96747	8.10547	
1.96899	8.10547	
1.96899	8.10669	
1.96838	8.10547	
1.96869	8.10455	
1.96899	8.10547	
1.96747	8.10455	
1.96899	8.10608	
1.96838	8.10577	
1.96838	8.10577	
1.96838	8.10577	
1.96899	8.10608	
1.96838	8.10577	
1.9693	8.10547	
1.9693	8.10608	
1.96899	8.10608	
1.96869	8.10638	
1.96899	8.10547	
1.96899	8.10577	
1.96869	8.10486	
1.96808	8.10486	
1.96838	8.10455	
1.96838	8.10486	
1.9693	8.10486	
1.96838	8.10547	
1.96899	8.10608	
1.96808	8.10455	
1.96899	8.10577	
1.9696	8.10547	
1.96869	8.10547	
1.96838	8.10577	
1.96838	8.10455	
1.96808	8.10486	
1.96808	8.10394	
1.96869	8.10486	
1.96899	8.10455	
1.96808	8.10486	
1.96838	8.10547	
1.96899	8.10486	
1.96808	8.10394	
1.9693	8.10547	
1.96869	8.10577	
1.96838	8.10486	
1.9693	8.10547	
1.96899	8.10547	
1.96899	8.10547	
1.96899	8.10547	
1.96838	8.10577	
1.96838	8.10486	
1.96869	8.10516	
1.96869	8.10425	
1.96808	8.10364	
1.96869	8.10455	
1.96869	8.10394	
1.9696	8.10425	
1.9696	8.10486	
1.96899	8.10516	
1.9693	8.10516	
1.96808	8.10486	
1.96899	8.10516	
1.96899	8.10455	
1.96869	8.10547	
1.96808	8.10547	
1.96838	8.10516	
1.96869	8.10486	
1.96808	8.10455	
1.96869	8.10455	
1.96869	8.10486	
1.96838	8.10516	
1.96869	8.10547	
1.96838	8.10547	
1.96838	8.10547	
1.96838	8.10516	
1.96808	8.10516	
1.96838	8.10516	
1.96838	8.10455	
1.96869	8.10455	
1.96991	8.10547	
1.96869	8.10455	
1.9696	8.10486	
1.96838	8.10425	
1.96869	8.10547	
1.96808	8.10455	
1.96869	8.10394	
1.96838	8.10455	
1.96838	8.10516	
1.96869	8.10547	
1.96899	8.10547	
1.96899	8.10455	
1.96899	8.10455	
1.9693	8.10486	
1.96869	8.10486	
1.96899	8.10425	
1.9696	8.10425	
1.96838	8.10425	
1.96808	8.10516	
1.96838	8.10303	
1.96869	8.10455	
1.96838	8.10455	
1.96838	8.10455	
1.96899	8.10486	
1.96838	8.10608	
1.96838	8.10516	
1.96777	8.10394	
1.96777	8.10486	
1.96838	8.10394	
1.96777	8.10394	
1.96899	8.10455	
1.96899	8.10455	
1.96869	8.10547	
1.96869	8.10547	
1.96899	8.10577	
1.96869	8.10547	
1.96838	8.10455	
1.96899	8.10486	
1.9693	8.10486	
1.96869	8.10455	
1.96869	8.10455	
1.96838	8.10364	
1.96777	8.10394	
1.9693	8.10486	
1.96869	8.10425	
1.96869	8.10394	
1.96838	8.10516	
1.96869	8.10425	
1.96899	8.10455	
1.96777	8.10486	
1.96808	8.10425	
1.96838	8.10486	
1.96747	8.10455	
1.96838	8.10394	
1.96899	8.10425	
1.96716	8.10364	
1.96808	8.10455	
1.96838	8.10364	
1.96899	8.10455	
1.96899	8.10547	
1.96869	8.10455	
1.96777	8.10425	
1.96869	8.10425	
1.96838	8.10333	
1.9696	8.10455	
1.96808	8.10394	
1.96899	8.10486	
1.96869	8.10425	
1.96838	8.10425	
1.96808	8.10394	
1.96869	8.10394	
1.96869	8.10455	
1.96716	8.10394	
1.96869	8.10455	
1.96777	8.10455	
1.96838	8.10394	
1.96777	8.10364	
1.96838	8.10455	
1.96869	8.10272	
1.96747	8.10394	
1.96747	8.10394	
1.96777	8.10425	
1.96716	8.10364	
1.96808	8.10425	
1.96686	8.10394	
1.96808	8.10394	
1.96869	8.10394	
1.96808	8.10425	
1.96869	8.10486	
1.96838	8.10455	
1.96838	8.10425	
1.96808	8.10425	
1.96869	8.10394	
1.96808	8.10455	
1.96777	8.10394	
1.96808	8.10455	
1.96747	8.10425	
1.96838	8.10486	
1.96808	8.10364	
1.96808	8.10455	
1.96808	8.10394	
1.96808	8.10455	
1.96869	8.10394	
1.96838	8.10364	
1.96838	8.10394	
1.96838	8.10394	
1.96869	8.10486	
1.9696	8.10425	
1.96808	8.10364	
1.96808	8.10364	
1.96808	8.10425	
1.96808	8.10425	
1.96808	8.10394	
1.96838	8.10547	
1.96747	8.10394	
1.96777	8.10425	
1.96808	8.10455	
1.96869	8.10394	
1.96808	8.10425	
1.96808	8.10394	
1.96838	8.10425	
1.96808	8.10364	
1.96747	8.10364	
1.96777	8.10425	
1.96777	8.10425	
1.96777	8.10394	
1.96838	8.10394	
1.96838	8.10394	
1.96716	8.10333	
1.96777	8.10455	
1.96777	8.10333	
1.96838	8.10425	
1.96838	8.10486	
1.96838	8.10425	
1.96747	8.10486	
1.96716	8.10425	
1.96747	8.10394	
1.96777	8.10364	
1.96777	8.10516	
1.96777	8.10394	
1.96777	8.10455	
1.96869	8.10486	
1.96716	8.10364	
1.96716	8.10364	
1.96838	8.10364	
1.96716	8.10455	
1.96716	8.10486	
1.96747	8.10394	
1.96716	8.10394	
1.96838	8.10425	
1.96869	8.10394	
1.96716	8.10364	
1.96808	8.10425	
1.96777	8.10333	
1.96808	8.10394	
1.96869	8.10394	
1.96838	8.10425	
1.96808	8.10486	
1.96808	8.10425	
1.96838	8.10394	
1.96747	8.10455	
1.96838	8.10394	
1.96655	8.10425	
1.96808	8.10425	
1.96716	8.10455	
1.96747	8.10394	
1.96747	8.10425	
1.96808	8.10394	
1.96716	8.10303	
1.96808	8.10364	
1.96808	8.10333	
1.96747	8.10272	
1.96716	8.10394	
1.96747	8.10364	
1.96838	8.10486	
1.96869	8.10425	
1.96747	8.10394	
1.96747	8.10303	
1.96747	8.10364	
1.96716	8.10272	
1.96777	8.10333	
1.96808	8.10333	
1.96777	8.10364	
1.96808	8.10394	
1.96808	8.10333	
1.96747	8.10333	
1.96838	8.10272	
1.96747	8.10303	
1.96686	8.10303	
1.96899	8.10242	
1.96838	8.10394	
1.96747	8.10364	
1.96777	8.10333	
1.96716	8.10333	
1.96808	8.10394	
1.96808	8.10333	
1.96686	8.10242	
1.96777	8.10394	
1.96747	8.10333	
1.96808	8.10242	
1.96747	8.10303	
1.96777	8.10333	
1.96777	8.10394	
1.96747	8.10303	
1.96808	8.10333	
1.96747	8.10364	
1.96808	8.10333	
1.96838	8.10333	
1.96838	8.10272	
1.96686	8.10303	
1.96869	8.10394	
1.96808	8.10364	
1.96777	8.10394	
1.96838	8.10333	
1.96808	8.10364	
1.96777	8.10333	
1.96747	8.10364	
1.96716	8.10394	
1.96686	8.10272	
1.96777	8.10333	
1.96747	8.10303	
1.96808	8.10333	
1.96838	8.10394	
1.96716	8.10364	
1.96869	8.10394	
1.96838	8.10303	
1.96869	8.10455	
1.96777	8.10303	
1.96716	8.10394	
1.96777	8.10333	
1.96747	8.10333	
1.96686	8.10272	
1.96838	8.10333	
1.96869	8.10394	
1.96808	8.10364	
1.96777	8.10394	
1.96808	8.10425	
1.96777	8.10364	
1.96777	8.10455	
1.96747	8.10394	
1.96716	8.10455	
1.96747	8.10455	
1.96808	8.10364	
1.96716	8.10333	
1.96838	8.10364	
1.96808	8.10394	
1.96808	8.10364	
1.96655	8.10242	
1.96808	8.10364	
1.96838	8.10272	
1.96716	8.10242	
1.96747	8.10303	
1.96747	8.10303	
1.96777	8.10211	
1.96777	8.10303	
1.96686	8.10242	
1.96716	8.10333	
1.96838	8.10364	
1.96777	8.10333	
1.96747	8.10364	
1.96838	8.10394	
1.96869	8.10394	
1.96808	8.10394	
1.96777	8.10364	
1.96716	8.10303	
1.96747	8.10303	
1.96655	8.10272	
1.96716	8.10333	
1.96808	8.10303	
1.96716	8.10394	
1.96655	8.10333	
1.96838	8.10425	
1.96747	8.10333	
1.96808	8.10333	
1.96747	8.10333	
1.96838	8.10394	
1.96838	8.10333	
1.96808	8.10333	
1.96686	8.10242	
1.96716	8.10272	
1.96777	8.10333	
1.96716	8.10242	
1.96686	8.10303	
1.96747	8.10333	
1.96777	8.10394	
1.96869	8.10455	
1.96686	8.10364	
1.96808	8.10333	
1.96808	8.10364	
1.96808	8.10394	
1.96808	8.10364	
1.96777	8.10272	
1.96716	8.10242	
1.96716	8.10272	
1.96777	8.10364	
1.96747	8.10303	
1.96838	8.10333	
1.96777	8.10242	
1.96686	8.10272	
1.96747	8.10303	
1.96716	8.10303	
1.96777	8.10242	
1.96716	8.10242	
1.96686	8.10303	
1.96777	8.10303	
1.96747	8.10303	
1.96655	8.10272	
1.96808	8.10242	
1.96747	8.10303	
1.96808	8.10303	
1.96747	8.1015	
1.96777	8.10211	
1.96777	8.10242	
1.96716	8.10303	
1.96686	8.10303	
1.96716	8.10303	
1.96716	8.10272	
1.96716	8.10211	
1.96869	8.10303	
1.96716	8.10303	
1.96747	8.10242	
1.96686	8.10211	
1.96747	8.10272	
1.96747	8.10364	
1.96716	8.10364	
1.96716	8.10364	
1.96716	8.10333	
1.96655	8.10333	
1.96716	8.10333	
1.96747	8.10272	
1.96808	8.10303	
1.96777	8.10364	
1.96777	8.10333	
1.96716	8.10303	
1.96808	8.10303	
1.96686	8.10303	
1.96716	8.10303	
1.96716	8.10242	
1.96747	8.10303	
1.96686	8.10242	
1.96777	8.10272	
1.96747	8.10211	
1.96716	8.10181	
1.96777	8.10364	
1.96716	8.10272	
1.96686	8.10272	
1.96747	8.10333	
1.96777	8.10364	
1.96686	8.10364	
1.96716	8.10303	
1.96716	8.10394	
1.96808	8.10303	
1.96747	8.10272	
1.96777	8.10303	
1.96716	8.10181	
1.96686	8.10303	
1.96747	8.10303	
1.96716	8.10181	
1.96808	8.10211	
1.96655	8.10211	
1.96686	8.10181	
1.96686	8.10242	
1.96716	8.10333	
1.96747	8.10303	
1.96777	8.10333	
1.96686	8.10272	
1.96686	8.10211	
1.96747	8.10333	
1.96686	8.10272	
1.96747	8.10272	
1.96686	8.10333	
1.96686	8.1015	
1.96747	8.10333	
1.96686	8.10272	
1.96747	8.10272	
1.96747	8.10333	
1.96716	8.10211	
1.96686	8.10242	
1.96655	8.10211	
1.96655	8.10211	
1.96686	8.10181	
1.96716	8.10242	
1.96747	8.10181	
1.96686	8.10181	
1.96655	8.10211	
1.96625	8.1015	
1.96747	8.10211	
1.96686	8.10242	
1.96747	8.10242	
1.96777	8.10242	
1.96655	8.10242	
1.96686	8.10181	
1.96716	8.10211	
1.96594	8.1015	
1.96716	8.10272	
1.96625	8.10242	
1.96777	8.10242	
1.96869	8.10181	
1.96777	8.10242	
1.96716	8.10242	
1.96625	8.10181	
1.96716	8.10211	
1.96808	8.1012	
1.96686	8.1015	
1.96655	8.10211	
1.96655	8.10272	
1.96747	8.10211	
1.96716	8.10211	
1.96655	8.10272	
1.96564	8.10211	
1.96625	8.10272	
1.96655	8.10272	
1.96716	8.10211	
1.96838	8.10181	
1.96655	8.10272	
1.96716	8.10303	
1.96686	8.10211	
1.96594	8.10272	
1.96716	8.10181	
1.96716	8.10333	
1.96838	8.10272	
1.96747	8.10272	
1.96686	8.10181	
1.96655	8.10242	
1.96716	8.10181	
1.96777	8.10181	
1.96747	8.10272	
1.96777	8.10303	
1.96747	8.10242	
1.96655	8.10211	
1.96625	8.10211	
1.96747	8.10242	
1.96747	8.10272	
1.96655	8.10303	
1.96747	8.10211	
1.96686	8.1015	
1.96716	8.10211	
1.96716	8.10242	
1.96716	8.10211	
1.96716	8.10211	
1.96655	8.10181	
1.96747	8.10242	
1.96686	8.1015	
1.96716	8.10242	
1.96686	8.10211	
1.96747	8.10211	
1.96655	8.10211	
1.96655	8.10211	
1.96686	8.10242	
1.96777	8.10272	
1.96777	8.10242	
1.96777	8.10272	
1.96686	8.10242	
1.96686	8.10211	
1.96686	8.10272	
1.96655	8.10211	
1.96686	8.10181	
1.96686	8.10242	
1.96655	8.10242	
1.96655	8.10333	
1.96686	8.10242	
1.96625	8.10303	
1.96655	8.10211	
1.96625	8.10242	
1.96625	8.10181	
1.96655	8.10242	
1.96594	8.10211	
1.96594	8.10181	
1.96625	8.1015	
1.96655	8.10303	
1.96686	8.10211	
1.96655	8.10181	
1.96655	8.1015	
1.96686	8.1015	
1.96686	8.1015	
1.96686	8.10181	
1.96564	8.10211	
1.96625	8.10181	
1.96655	8.10181	
1.96716	8.10181	
1.96747	8.10181	
1.96655	8.1012	
1.96594	8.10181	
1.96625	8.10242	
1.96655	8.10211	
1.96808	8.10242	
1.96686	8.10181	
1.96655	8.10211	
1.96625	8.10272	
1.96716	8.10242	
1.96777	8.10211	
1.96625	8.10272	
1.96594	8.10242	
1.96655	8.10242	
1.96655	8.10211	
1.96686	8.10211	
1.96655	8.10181	
1.96564	8.10242	
1.96594	8.1015	
1.96655	8.10181	
1.96655	8.10211	
1.96716	8.10181	
1.96655	8.1015	
1.96686	8.1012	
1.96716	8.10181	
1.96716	8.10089	
1.96625	8.1012	
1.96686	8.10211	
1.96655	8.10242	
1.96716	8.10242	
1.96625	8.10181	
1.96594	8.1015	
1.96686	8.10181	
1.96655	8.10181	
1.96625	8.10272	
1.96655	8.1015	
1.96625	8.10181	
1.96564	8.10242	
1.96686	8.10272	
1.96686	8.10242	
1.96777	8.10242	
1.96808	8.10272	
1.96716	8.10211	
1.96686	8.10211	
1.96655	8.10211	
1.96655	8.10242	
1.96686	8.10211	
1.96594	8.1015	
1.96686	8.10181	
1.96625	8.1015	
1.96655	8.10242	
1.96625	8.10242	
1.96716	8.10181	
1.96625	8.10181	
1.96655	8.1015	
1.96625	8.10181	
1.96686	8.1015	
1.96686	8.10211	
1.96594	8.1015	
1.96686	8.10211	
1.96655	8.10181	
1.96564	8.10089	
1.96564	8.10181	
1.96686	8.10181	
1.96625	8.10242	
1.96655	8.1015	
1.96625	8.10242	
1.96686	8.1015	
1.96625	8.10181	
1.96625	8.10242	
1.96594	8.10211	
1.96594	8.10211	
1.96686	8.10181	
1.96716	8.10211	
1.96686	8.10242	
1.96625	8.10181	
1.96625	8.10211	
1.96625	8.1015	
1.96686	8.10242	
1.96594	8.1015	
1.96686	8.10181	
1.96594	8.10181	
1.96564	8.1012	
1.96594	8.10059	
1.96625	8.10089	
1.96655	8.1015	
1.96594	8.10242	
1.96655	8.1015	
1.96747	8.10059	
1.96655	8.10089	
1.96777	8.1015	
1.96655	8.10089	
1.96686	8.10242	
1.96655	8.10242	
1.96594	8.10211	
1.96564	8.10211	
1.96594	8.10181	
1.96564	8.1015	
1.96533	8.1015	
1.96594	8.10089	
1.96564	8.1015	
1.96564	8.10089	
1.96625	8.09998	
1.96594	8.10059	
1.96594	8.10181	
1.96533	8.10089	
1.96655	8.10089	
1.96564	8.10089	
1.96655	8.10211	
1.96655	8.10181	
1.96564	8.10211	
1.96655	8.10181	
1.96686	8.10211	
1.96594	8.10242	
1.96564	8.10181	
1.96655	8.10181	
1.96625	8.10242	
1.96594	8.1015	
1.96686	8.1015	
1.96655	8.1015	
1.96655	8.1015	
1.96625	8.1015	
1.96686	8.1012	
1.96655	8.1015	
1.96594	8.10089	
1.96594	8.1012	
1.96625	8.10089	
1.96533	8.1015	
1.96625	8.10089	
1.96564	8.1012	
1.96625	8.1015	
1.96686	8.1015	
1.96686	8.1015	
1.96594	8.1015	
1.96594	8.1015	
1.96564	8.10181	
1.96564	8.1012	
1.96655	8.10089	
1.96655	8.10181	
1.96594	8.1012	
1.96686	8.10089	
1.96625	8.10059	
1.96594	8.1012	
1.96625	8.1012	
1.96625	8.1012	
1.96655	8.10089	
1.96625	8.10211	
1.96594	8.1012	
1.96503	8.1012	
1.96594	8.1015	
1.96564	8.10059	
1.96564	8.10181	
1.96533	8.10181	
1.96594	8.10059	
1.96564	8.10089	
1.96625	8.10089	
1.96564	8.1015	
1.96564	8.1012	
1.96716	8.10089	
1.96625	8.10028	
1.96625	8.1015	
1.96564	8.10089	
1.96564	8.1015	
1.96655	8.1012	
1.96594	8.10089	
1.96625	8.1015	
1.96594	8.10059	
1.96655	8.1015	
1.96564	8.1015	
1.96533	8.10089	
1.96564	8.10089	
1.96625	8.10059	
1.96686	8.10089	
1.96625	8.10089	
1.96686	8.1015	
1.96655	8.10089	
1.96594	8.1012	
1.96594	8.10028	
1.96442	8.10089	
1.96594	8.10089	
1.96625	8.10028	
1.96625	8.10181	
1.96625	8.10059	
1.96625	8.10181	
1.96594	8.10059	
1.96655	8.10181	
1.96411	8.10089	
1.96625	8.10089	
1.96564	8.10059	
1.96594	8.1015	
1.96564	8.1012	
1.96594	8.10181	
1.96594	8.10059	
1.96594	8.09998	
1.96625	8.10059	
1.96625	8.10059	
1.96503	8.1015	
1.96564	8.10059	
1.96533	8.10059	
1.96625	8.1015	
1.96594	8.10089	
1.96564	8.1012	
1.96625	8.09998	
1.96625	8.10089	
1.96564	8.10059	
1.96564	8.10089	
1.96625	8.1012	
1.96564	8.1012	
1.96594	8.09998	
1.96594	8.10089	
1.96625	8.10089	
1.96655	8.10089	
1.96564	8.10059	
1.96564	8.10059	
1.96594	8.10059	
1.96533	8.10089	
1.96594	8.10059	
1.96625	8.10089	
1.96564	8.1015	
1.96625	8.10089	
1.96533	8.10059	
1.96594	8.10059	
1.96564	8.10089	
1.96564	8.1012	
1.96686	8.10089	
1.96655	8.1015	
1.96503	8.10028	
1.96533	8.10059	
1.96594	8.10181	
1.96503	8.10059	
1.96655	8.10089	
1.96655	8.10059	
1.96655	8.10059	
1.96625	8.1012	
1.96594	8.10089	
1.96594	8.09998	
1.96594	8.10181	
1.96625	8.10059	
1.96625	8.1015	
1.96533	8.1012	
1.96594	8.1015	
1.96655	8.10089	
1.96564	8.10028	
1.96564	8.10059	
1.96594	8.1012	
1.96594	8.10242	
1.96564	8.10181	
1.96564	8.1015	
1.96594	8.10059	
1.96564	8.10059	
1.96564	8.10028	
1.96594	8.10028	
1.96564	8.10059	
1.96564	8.1015	
1.96533	8.1015	
1.96686	8.10181	
1.96533	8.10181	
1.96564	8.10181	
1.96594	8.1015	
1.96594	8.1012	
1.96564	8.10028	
1.96533	8.10059	
1.96564	8.10059	
1.96655	8.09998	
1.96533	8.09998	
1.96655	8.09967	
1.96533	8.1012	
1.96533	8.10059	
1.96655	8.10181	
1.96594	8.10059	
1.96625	8.10059	
1.96594	8.1012	
1.96625	8.1012	
1.96594	8.1015	
1.96503	8.1012	
1.96564	8.10089	
1.96564	8.10089	
1.96625	8.10089	
1.96594	8.10089	
1.96625	8.1015	
1.96594	8.1012	
1.96564	8.1015	
1.96625	8.10059	
1.96594	8.1012	
1.96564	8.10089	
1.96625	8.10059	
1.96686	8.10089	
1.96594	8.1012	
1.96564	8.10089	
1.96625	8.10181	
1.96594	8.10089	
1.96625	8.10089	
1.96594	8.10059	
1.96564	8.10059	
1.96564	8.10089	
1.96625	8.10028	
1.96594	8.10028	
1.96594	8.10059	
1.96564	8.10059	
1.96594	8.1012	
1.96625	8.1012	
1.96564	8.10028	
1.96655	8.1015	
1.96533	8.10028	
1.96594	8.10059	
1.96564	8.10059	
1.96625	8.10059	
1.96594	8.09998	
1.96686	8.10089	
1.96655	8.10089	
1.96625	8.10028	
1.96594	8.10059	
1.96564	8.09998	
1.96686	8.1015	
1.96655	8.10059	
1.96625	8.10028	
1.96594	8.10059	
1.96625	8.10059	
1.96564	8.10059	
1.96655	8.09998	
1.96594	8.10028	
1.96533	8.10089	
1.96594	8.10089	
1.96533	8.10059	
1.96594	8.09998	
1.96625	8.09937	
1.96594	8.09937	
1.96594	8.09937	
1.96625	8.09967	
1.96655	8.10028	
1.96533	8.09967	
1.96625	8.09906	
1.96564	8.10059	
1.96625	8.09998	
1.96533	8.09937	
1.96594	8.09967	
1.96564	8.10059	
1.96564	8.10059	
1.96564	8.1015	
1.96625	8.1015	
1.96625	8.1012	
1.96594	8.10028	
1.96533	8.09998	
1.96564	8.09937	
1.96564	8.09998	
1.96533	8.09998	
1.96594	8.09967	
1.96625	8.09967	
1.96594	8.09937	
1.96625	8.09937	
1.96533	8.09937	
1.96533	8.09998	
1.96564	8.09967	
1.96503	8.09998	
1.96503	8.09937	
1.96472	8.09937	
1.96533	8.09967	
1.96442	8.09937	
1.96411	8.10028	
1.96503	8.09937	
1.96564	8.09967	
1.96564	8.09998	
1.96594	8.10059	
1.96503	8.10028	
1.96564	8.09937	
1.96594	8.1012	
1.96564	8.09998	
1.96594	8.10028	
1.96564	8.10059	
1.96625	8.10089	
1.96594	8.10059	
1.96533	8.10028	
1.96564	8.10059	
1.96533	8.09967	
1.96564	8.10028	
1.96564	8.09967	
1.96533	8.10028	
1.96442	8.10059	
1.96594	8.10089	
1.96594	8.09967	
1.96594	8.10028	
1.96655	8.09937	
1.96472	8.09875	
1.96594	8.09998	
1.96594	8.09875	
1.96533	8.09998	
1.96472	8.09998	
1.96564	8.10089	
1.96564	8.10089	
1.96594	8.10028	
1.96442	8.09998	
1.96503	8.10028	
1.96503	8.09906	
1.96533	8.09967	
1.96564	8.10059	
1.96564	8.10059	
1.96533	8.10089	
1.96564	8.09967	
1.96411	8.09906	
1.96472	8.09998	
1.96503	8.10028	
1.96503	8.09967	
1.96625	8.10028	
1.96594	8.10059	
1.96564	8.09937	
1.96503	8.10028	
1.96564	8.10089	
1.96533	8.10089	
1.96564	8.10059	
1.96533	8.09967	
1.96564	8.09998	
1.96533	8.10028	
1.96472	8.09937	
1.96564	8.10059	
1.96564	8.09967	
1.96594	8.09967	
1.96472	8.09967	
1.96564	8.09967	
1.96533	8.09967	
1.96533	8.10028	
1.96472	8.09967	
1.96503	8.10028	
1.96503	8.09998	
1.96442	8.09967	
1.96442	8.09998	
1.96564	8.10028	
1.96411	8.09998	
1.96411	8.09875	
1.96472	8.09875	
1.96503	8.09967	
1.96503	8.09906	
1.96442	8.09875	
1.96594	8.09937	
1.96533	8.09937	
1.96442	8.09906	
1.96503	8.09906	
1.96503	8.09967	
1.96564	8.09937	
1.96564	8.10028	
1.96564	8.09937	
1.96503	8.09998	
1.96594	8.09998	
1.96533	8.10089	
1.96472	8.09967	
1.96533	8.09845	
1.96533	8.09906	
1.96533	8.09937	
1.96564	8.09998	
1.96503	8.10059	
1.96533	8.09998	
1.96594	8.09875	
1.96503	8.09875	
1.96503	8.09906	
1.96533	8.09875	
1.96564	8.09937	
1.96564	8.09937	
1.96472	8.09906	
1.96503	8.09875	
1.96564	8.09937	
1.96533	8.09967	
1.96533	8.09906	
1.96533	8.09906	
1.96442	8.09937	
1.96533	8.09906	
1.96503	8.09906	
1.96503	8.09906	
1.96472	8.09937	
1.96411	8.09998	
1.96472	8.09875	
1.96594	8.09998	
1.96503	8.09875	
1.96503	8.09845	
1.96503	8.09875	
1.96564	8.09814	
1.96411	8.09875	
1.96442	8.09937	
1.96503	8.09906	
1.96503	8.09906	
1.96472	8.09906	
1.96503	8.09967	
1.96503	8.09875	
1.96442	8.09906	
1.96564	8.09906	
1.96533	8.09998	
1.96533	8.09906	
1.96503	8.09937	
1.96503	8.09906	
1.96564	8.09875	
1.96564	8.09906	
1.96533	8.09967	
1.96503	8.09937	
1.96594	8.09875	
1.96625	8.09875	
1.96533	8.09906	
1.96503	8.09906	
1.96594	8.09937	
1.96564	8.09937	
1.96564	8.09937	
1.96564	8.09937	
1.96564	8.09906	
1.96533	8.09906	
1.96503	8.09937	
1.96472	8.09906	
1.96503	8.09967	
1.96503	8.09937	
1.96533	8.09845	
1.96472	8.09937	
1.96533	8.09937	
1.96564	8.09937	
1.96442	8.09937	
1.96533	8.09906	
1.96381	8.09875	
1.96503	8.09906	
1.96472	8.09906	
1.96564	8.09937	
1.96503	8.09906	
1.96472	8.09967	
1.96533	8.09875	
1.96503	8.09967	
1.96442	8.09937	
1.96442	8.09937	
1.96503	8.09967	
1.96472	8.09906	
1.96442	8.09937	
1.96564	8.09967	
1.96411	8.09875	
1.96533	8.09937	
1.96442	8.09906	
1.96503	8.09906	
1.96533	8.09875	
1.96533	8.09906	
1.96533	8.09845	
1.96472	8.09906	
1.96472	8.09875	
1.96564	8.09875	
1.96564	8.09814	
1.96503	8.09845	
1.96411	8.09814	
1.96442	8.09906	
1.96442	8.09875	
1.96442	8.09845	
1.96533	8.09784	
1.96564	8.09906	
1.96442	8.09906	
1.96503	8.09814	
1.96503	8.09937	
1.96503	8.09906	
1.96503	8.09937	
1.96503	8.09906	
1.96533	8.09937	
1.96503	8.09875	
1.96442	8.09937	
1.96503	8.09875	
1.96533	8.09906	
1.96533	8.09967	
1.96533	8.09967	
1.96533	8.09967	
1.96472	8.09937	
1.96442	8.09875	
1.96533	8.09906	
1.96564	8.09906	
1.9635	8.09906	
1.96533	8.09906	
1.96503	8.09937	
1.96503	8.09967	
1.96533	8.09845	
1.96564	8.09875	
1.96564	8.09875	
1.96533	8.09906	
1.96442	8.09937	
1.96472	8.09906	
1.96472	8.09906	
1.96533	8.09906	
1.96442	8.09875	
1.96442	8.09906	
1.96411	8.09875	
1.96442	8.09814	
1.96503	8.09875	
1.96472	8.09967	
1.96411	8.09845	
1.96472	8.09814	
1.96503	8.09967	
1.96503	8.09906	
1.96594	8.09906	
1.96533	8.09875	
1.96533	8.09875	
1.96503	8.09875	
1.96503	8.09845	
1.96503	8.09814	
1.96533	8.09845	
1.96503	8.09906	
1.96472	8.09937	
1.96472	8.09875	
1.96472	8.09845	
1.96503	8.09875	
1.96442	8.09875	
1.96472	8.09875	
1.96442	8.09937	
1.96533	8.09967	
1.96472	8.09845	
1.96442	8.09906	
1.96503	8.09875	
1.96503	8.09875	
1.96472	8.09814	
1.96503	8.09937	
1.96533	8.09875	
1.96503	8.09906	
1.96472	8.09875	
1.96503	8.09875	
1.96442	8.09906	
1.96503	8.09967	
1.96411	8.09906	
1.96472	8.09906	
1.96503	8.09937	
1.96472	8.09845	
1.96472	8.09937	
1.96564	8.09906	
1.96381	8.09875	
1.96472	8.09845	
1.96442	8.09845	
1.96411	8.09937	
1.96381	8.09875	
1.96442	8.09845	
1.96503	8.09875	
1.96503	8.09875	
1.96442	8.09906	
1.96411	8.09875	
1.96564	8.09906	
1.96442	8.09875	
1.96472	8.09937	
1.96381	8.09937	
1.96472	8.09906	
1.96411	8.09875	
1.96472	8.09906	
1.96472	8.09937	
1.96411	8.09875	
1.9635	8.09845	
1.96472	8.09845	
1.96472	8.09784	
1.96472	8.09845	
1.96442	8.09875	
1.96472	8.09906	
1.96442	8.09875	
1.96442	8.09937	
1.96472	8.09906	
1.96411	8.09784	
1.96411	8.09814	
1.96472	8.09875	
1.96442	8.09784	
1.96503	8.09906	
1.96381	8.09906	
1.96442	8.09845	
1.96442	8.09906	
1.96533	8.09906	
1.96442	8.09906	
1.96472	8.09875	
1.96503	8.09845	
1.96503	8.09784	
1.96442	8.09906	
1.96381	8.09814	
1.96411	8.09875	
1.96442	8.09845	
1.96411	8.09875	
1.96411	8.09845	
1.96503	8.09906	
1.96503	8.09937	
1.96472	8.09784	
1.96503	8.09906	
1.96472	8.09814	
1.96411	8.09845	
1.96503	8.09906	
1.96411	8.09845	
1.96381	8.09814	
1.96381	8.09875	
1.96381	8.09845	
1.96503	8.09967	
1.9632	8.09814	
1.96411	8.09814	
1.96503	8.09814	
1.96442	8.09814	
1.96442	8.09875	
1.96411	8.09845	
1.96472	8.09814	
1.96442	8.09753	
1.9635	8.09784	
1.96381	8.09814	
1.96381	8.09845	
1.96411	8.09845	
1.96472	8.09875	
1.96472	8.09937	
1.96411	8.09814	
1.96533	8.09906	
1.96564	8.09814	
1.96472	8.09814	
1.96442	8.09906	
1.96533	8.09845	
1.96381	8.09814	
1.96503	8.09784	
1.96381	8.09875	
1.96472	8.09875	
1.96442	8.09814	
1.96442	8.09875	
1.96442	8.09967	
1.96533	8.09875	
1.96442	8.09845	
1.96381	8.09814	
1.96442	8.09814	
1.96411	8.09906	
1.96442	8.09906	
1.96472	8.09937	
1.96533	8.09906	
1.96411	8.09814	
1.96381	8.09875	
1.96381	8.09814	
1.9635	8.09875	
1.96472	8.09814	
1.96411	8.09845	
1.96381	8.09875	
1.96442	8.09723	
1.96411	8.09845	
1.96381	8.09814	
1.9635	8.09814	
1.96381	8.09814	
1.96503	8.09845	
1.96533	8.09845	
1.96411	8.09845	
1.96381	8.09845	
1.96503	8.09845	
1.96442	8.09906	
1.96472	8.09875	
1.96472	8.09784	
1.96503	8.09875	
1.96533	8.09784	
1.96411	8.09753	
1.96472	8.09784	
1.96442	8.09814	
1.96381	8.09814	
1.96411	8.09814	
1.96442	8.09784	
1.9635	8.09814	
1.96411	8.09845	
1.96411	8.09845	
1.96411	8.09814	
1.96442	8.09845	
1.96442	8.09845	
1.96411	8.09814	
1.96503	8.09845	
1.96533	8.09784	
1.96503	8.09814	
1.96442	8.09814	
1.96442	8.09845	
1.96411	8.09784	
1.96472	8.09814	
1.96411	8.09875	
1.96442	8.09845	
1.96381	8.09814	
1.96411	8.09875	
1.96503	8.09753	
1.96411	8.09784	
1.96381	8.09875	
1.96381	8.09875	
1.96411	8.09845	
1.96381	8.09784	
1.96411	8.09875	
1.9632	8.09875	
1.96442	8.09814	
1.9632	8.09845	
1.96533	8.09845	
1.96442	8.09753	
1.96503	8.09814	
1.96411	8.09784	
1.96442	8.09814	
1.96472	8.09845	
1.96533	8.09784	
1.96472	8.09784	
1.96442	8.09814	
1.96472	8.09906	
1.96503	8.09937	
1.96411	8.09814	
1.96533	8.09753	
1.96442	8.09814	
1.96411	8.09753	
1.96442	8.09753	
1.96442	8.09814	
1.96472	8.09845	
1.96442	8.09875	
1.96472	8.09753	
1.96381	8.09784	
1.96503	8.09845	
1.96472	8.09875	
1.96381	8.09753	
1.96411	8.09814	
1.96442	8.09814	
1.96442	8.09784	
1.96472	8.09784	
1.96503	8.09784	
1.96503	8.09753	
1.96503	8.09814	
1.96411	8.09753	
1.96442	8.09814	
1.96472	8.09845	
1.9635	8.09845	
1.96381	8.09784	
1.96289	8.09753	
1.9635	8.09845	
1.96442	8.09692	
1.96381	8.09723	
1.96381	8.09723	
1.9632	8.09692	
1.96411	8.09814	
1.96381	8.09723	
1.96442	8.09723	
1.96381	8.09784	
1.9635	8.09814	
1.96411	8.09784	
1.96381	8.09814	
1.96442	8.09784	
1.96472	8.09784	
1.9635	8.09814	
1.96442	8.09784	
1.9632	8.09814	
1.96442	8.09845	
1.96411	8.09814	
1.96381	8.09814	
1.96381	8.09784	
1.96411	8.09814	
1.96381	8.09845	
1.9635	8.09753	
1.9632	8.09814	
1.96381	8.09814	
1.9635	8.09753	
1.96442	8.09723	
1.96411	8.09814	
1.96472	8.09723	
1.96381	8.09784	
1.96411	8.09723	
1.96411	8.09784	
1.9635	8.09845	
1.96503	8.09875	
1.96442	8.09875	
1.96381	8.09814	
1.9635	8.09784	
1.9635	8.09753	
1.9632	8.09723	
1.9635	8.09753	
1.96503	8.09784	
1.96411	8.09784	
1.96381	8.09814	
1.96381	8.09845	
1.96381	8.09784	
1.96442	8.09723	
1.9635	8.09692	
1.96381	8.09631	
1.96411	8.09692	
1.96411	8.09631	
1.96411	8.09753	
1.9635	8.09692	
1.96411	8.09753	
1.9635	8.09692	
1.96411	8.09723	
1.96442	8.09784	
1.96442	8.09784	
1.96503	8.09814	
1.96442	8.09723	
1.96289	8.09784	
1.96442	8.09784	
1.96411	8.09723	
1.96411	8.09753	
1.96411	8.09723	
1.96381	8.09723	
1.96442	8.09723	
1.96533	8.09723	
1.96411	8.09753	
1.96381	8.09753	
1.96259	8.09692	
1.96381	8.09814	
1.9635	8.09723	
1.9632	8.09814	
1.96411	8.09814	
1.96442	8.09753	
1.9635	8.09723	
1.9635	8.09753	
1.9635	8.09753	
1.96411	8.09784	
1.96381	8.09692	
1.96411	8.09692	
1.96411	8.09814	
1.96411	8.09662	
1.96381	8.09753	
1.96442	8.09814	
1.96411	8.09784	
1.96442	8.09814	
1.96442	8.09784	
1.96381	8.09784	
1.96442	8.09753	
1.96442	8.09784	
1.96442	8.09845	
1.96442	8.09814	
1.96472	8.09814	
1.96503	8.09875	
1.9635	8.09753	
1.9632	8.09692	
1.9632	8.09753	
1.9635	8.09753	
1.96411	8.09875	
1.96442	8.09784	
1.96442	8.09784	
1.96411	8.09753	
1.9635	8.09814	
1.96472	8.09753	
1.96381	8.09692	
1.9635	8.09814	
1.96411	8.09692	
1.9635	8.09875	
1.96289	8.09814	
1.96411	8.09784	
1.96381	8.09906	
1.96381	8.09845	
1.96411	8.09814	
1.96381	8.09814	
1.9635	8.09723	
1.96411	8.09723	
1.9632	8.09814	
1.96381	8.09753	
1.9632	8.09784	
1.9635	8.09814	
1.96289	8.09784	
1.96259	8.09692	
1.9632	8.09692	
1.9635	8.09662	
1.96381	8.09692	
1.96411	8.09723	
1.96442	8.09723	
1.96503	8.09662	
1.96411	8.09662	
1.9635	8.09662	
1.96442	8.09784	
1.96411	8.09692	
1.96411	8.09692	
1.9635	8.09753	
1.9635	8.09723	
1.9635	8.09692	
1.96411	8.09692	
1.96381	8.09784	
1.96289	8.09784	
1.9635	8.09814	
1.96411	8.09753	
1.9635	8.09753	
1.96411	8.09692	
1.96442	8.09723	
1.96381	8.09753	
1.96411	8.09723	
1.96289	8.09753	
1.96442	8.09723	
1.96411	8.09692	
1.96381	8.09723	
1.96381	8.09723	
1.96381	8.09662	
1.96411	8.09784	
1.96442	8.09631	
1.9635	8.09662	
1.9632	8.09784	
1.9632	8.09753	
1.96442	8.09814	
1.96442	8.09723	
1.9635	8.09723	
1.96442	8.09753	
1.9635	8.09692	
1.9635	8.09723	
1.96411	8.09723	
1.96381	8.09814	
1.96442	8.09692	
1.9632	8.09692	
1.96289	8.09631	
1.96259	8.09662	
1.96381	8.09631	
1.96381	8.09631	
1.96442	8.09692	
1.96411	8.09692	
1.9635	8.09784	
1.96381	8.09662	
1.96289	8.09723	
1.96259	8.09723	
1.9635	8.09753	
1.9632	8.09631	
1.9635	8.09662	
1.9635	8.09601	
1.96442	8.09631	
1.9635	8.09662	
1.96442	8.09753	
1.9635	8.09692	
1.96381	8.09631	
1.96411	8.09723	
1.9635	8.09662	
1.96381	8.09723	
1.96411	8.09723	
1.96442	8.09753	
1.96442	8.09662	
1.96381	8.09631	
1.9632	8.09784	
1.96289	8.09692	
1.96381	8.09692	
1.96289	8.09631	
1.96259	8.09601	
1.9632	8.09692	
1.9635	8.09662	
1.9632	8.09723	
1.9632	8.09662	
1.9635	8.09692	
1.96289	8.09601	
1.96411	8.09723	
1.9632	8.09662	
1.96289	8.09631	
1.9635	8.09723	
1.96259	8.09631	
1.96228	8.09692	
1.96381	8.09662	
1.96289	8.09692	
1.9635	8.09662	
1.96289	8.09662	
1.96411	8.09753	
1.9632	8.09753	
1.9635	8.09631	
1.9632	8.09692	
1.96289	8.09692	
1.9635	8.09723	
1.96259	8.09662	
1.96228	8.09723	
1.9632	8.09631	
1.9632	8.09662	
1.96411	8.09631	
1.9635	8.09601	
1.9632	8.09723	
1.96411	8.09692	
1.9632	8.09723	
1.9632	8.09723	
1.9635	8.09692	
1.96411	8.09692	
1.96259	8.09662	
1.96289	8.09662	
1.96289	8.09662	
1.96381	8.09662	
1.9632	8.09662	
1.9635	8.09753	
1.9635	8.09753	
1.9635	8.09692	
1.96442	8.09631	
1.96381	8.09692	
1.9635	8.09631	
1.96259	8.09723	
1.9632	8.09692	
1.96259	8.09692	
1.96289	8.09631	
1.96289	8.09631	
1.9635	8.09601	
1.96228	8.09601	
1.96289	8.09631	
1.9632	8.09723	
1.9635	8.09692	
1.9632	8.09723	
1.9635	8.09601	
1.96381	8.09662	
1.9632	8.09662	
1.9635	8.09662	
1.96259	8.09723	
1.96289	8.09631	
1.96228	8.09662	
1.96289	8.09631	
1.9632	8.09753	
1.96289	8.09662	
1.9635	8.09662	
1.96198	8.09692	
1.96289	8.09601	
1.9635	8.09631	
1.96442	8.09692	
1.96411	8.09692	
1.96289	8.09662	
1.9632	8.09723	
1.96381	8.09753	
1.96381	8.09784	
1.9632	8.09784	
1.9632	8.09723	
1.96381	8.09662	
1.9632	8.09692	
1.9632	8.09723	
1.9635	8.09753	
1.9632	8.09692	
1.96289	8.09723	
1.96228	8.09662	
1.9632	8.09662	
1.9632	8.09692	
1.96259	8.09662	
1.96289	8.09631	
1.9632	8.09662	
1.96411	8.09601	
1.9635	8.09723	
1.9632	8.09631	
1.96381	8.09662	
1.9632	8.09662	
1.96381	8.09662	
1.9635	8.09723	
1.96381	8.09753	
1.96198	8.09601	
1.9635	8.09692	
1.9635	8.09723	
1.9632	8.0957	
1.9635	8.09692	
1.9632	8.09662	
1.96259	8.09631	
1.9632	8.09662	
1.96289	8.09662	
1.96442	8.09662	
1.9632	8.09601	
1.9635	8.09631	
1.96228	8.09753	
1.96259	8.09692	
1.9635	8.09662	
1.96381	8.09692	
1.9635	8.09631	
1.9635	8.09631	
1.96289	8.09631	
1.96381	8.09662	
1.9632	8.09631	
1.96381	8.09631	
1.9632	8.09662	
1.9632	8.09662	
1.9632	8.09601	
1.9635	8.09631	
1.9632	8.09723	
1.96289	8.09662	
1.96381	8.09662	
1.96228	8.09631	
1.9632	8.09662	
1.9635	8.09601	
1.9632	8.09631	
1.9635	8.09601	
1.96289	8.09662	
1.9635	8.09601	
1.96381	8.09662	
1.9635	8.09631	
1.96381	8.09662	
1.9632	8.09662	
1.9635	8.09631	
1.96411	8.09692	
1.96442	8.09601	
1.9632	8.09631	
1.9632	8.09601	
1.96381	8.09631	
1.9635	8.09601	
1.9635	8.0954	
1.9632	8.09662	
1.9635	8.09631	
1.96289	8.0957	
1.96289	8.09631	
1.96289	8.09662	
1.96259	8.09601	
1.96289	8.09662	
1.9635	8.09662	
1.9635	8.09662	
1.96259	8.09631	
1.96289	8.09662	
1.9632	8.09631	
1.96289	8.09662	
1.96228	8.09631	
1.96289	8.09662	
1.96259	8.09692	
1.96289	8.09662	
1.9632	8.0954	
1.96381	8.09631	
1.96381	8.09631	
1.96259	8.09631	
1.96381	8.09601	
1.9635	8.09601	
1.9635	8.09662	
1.96228	8.09601	
1.96289	8.09723	
1.96289	8.09723	
1.96259	8.09601	
1.96289	8.09662	
1.96259	8.09601	
1.96289	8.0957	
1.96167	8.09631	
1.96228	8.09601	
1.9632	8.09631	
1.9632	8.09601	
1.9635	8.09631	
1.9635	8.09601	
1.96381	8.09631	
1.9635	8.09723	
1.9632	8.09723	
1.96259	8.09631	
1.9632	8.09601	
1.96228	8.09601	
1.96381	8.09662	
1.9635	8.09601	
1.9635	8.09601	
1.9632	8.09601	
1.9635	8.0957	
1.9632	8.09509	
1.9635	8.09631	
1.96289	8.0954	
1.96259	8.09662	
1.96228	8.09662	
1.96228	8.09631	
1.96411	8.09692	
1.96228	8.09631	
1.96198	8.09631	
1.96289	8.09692	
1.96259	8.09631	
1.96259	8.09601	
1.9632	8.09601	
1.9632	8.09723	
1.96289	8.09601	
1.96289	8.09662	
1.96259	8.09601	
1.9632	8.09631	
1.96259	8.09631	
1.96289	8.09631	
1.96259	8.0957	
1.96259	8.09692	
1.96198	8.0957	
1.9632	8.0957	
1.9635	8.09631	
1.96289	8.09601	
1.9635	8.09631	
1.9632	8.0954	
1.96381	8.09601	
1.9632	8.09662	
1.96259	8.09631	
1.96259	8.09601	
1.96228	8.09601	
1.96289	8.0957	
1.96259	8.09662	
1.96381	8.09662	
1.96381	8.09692	
1.96198	8.09601	
1.9635	8.09601	
1.9632	8.09631	
1.9635	8.09601	
1.9635	8.09631	
1.9632	8.09601	
1.9635	8.09631	
1.96381	8.09631	
1.96259	8.0957	
1.9632	8.0957	
1.96411	8.0954	
1.9632	8.0957	
1.96411	8.0957	
1.96259	8.09509	
1.96289	8.0957	
1.96289	8.0957	
1.9632	8.0957	
1.9632	8.0957	
1.9635	8.0957	
1.96198	8.09631	
1.96228	8.0957	
1.96228	8.09601	
1.96228	8.09692	
1.96167	8.0957	
1.96228	8.0957	
1.96289	8.09601	
1.96289	8.09479	
1.96198	8.0957	
1.96289	8.0957	
1.96259	8.0954	
1.96198	8.09723	
1.96198	8.09692	
1.96259	8.09601	
1.96289	8.0957	
1.96289	8.0954	
1.96259	8.09662	
1.9632	8.09631	
1.96228	8.0957	
1.96228	8.09631	
1.96198	8.09662	
1.96228	8.0957	
1.96198	8.09601	
1.96289	8.09601	
1.96228	8.09601	
1.96228	8.09601	
1.9635	8.09479	
1.96167	8.09479	
1.96289	8.09479	
1.96259	8.0957	
1.96198	8.09479	
1.96259	8.09448	
1.96259	8.0957	
1.96228	8.09448	
1.9632	8.09509	
1.96228	8.0954	
1.96228	8.09601	
1.96259	8.09509	
1.96198	8.0957	
1.96198	8.09509	
1.96228	8.09479	
1.96228	8.09509	
1.96289	8.09448	
1.96259	8.0954	
1.96289	8.0954	
1.96167	8.09601	
1.96228	8.09479	
1.96228	8.0954	
1.96228	8.09601	
1.96289	8.09479	
1.96289	8.0954	
1.96259	8.0954	
1.9632	8.09601	
1.9632	8.09509	
1.96289	8.0957	
1.96198	8.09601	
1.96289	8.09601	
1.96228	8.0957	
1.96289	8.09509	
1.96289	8.09509	
1.96259	8.09509	
1.96289	8.09509	
1.96198	8.09479	
1.96228	8.09601	
1.96289	8.09662	
1.96289	8.09509	
1.96289	8.0957	
1.96167	8.0954	
1.96228	8.09601	
1.96289	8.09601	
1.9632	8.0957	
1.96259	8.09509	
1.96289	8.0957	
1.96289	8.0957	
1.9632	8.0957	
1.9632	8.0957	
1.96228	8.09479	
1.96259	8.09479	
1.9635	8.09479	
1.9632	8.0957	
1.96411	8.09601	
1.9635	8.09479	
1.9632	8.0954	
1.96289	8.09509	
1.9635	8.09448	
1.9632	8.09509	
1.9632	8.09601	
1.96381	8.09601	
1.96289	8.0957	
1.9632	8.0954	
1.96259	8.0954	
1.96259	8.09631	
1.96228	8.09509	
1.96198	8.09509	
1.9632	8.09509	
1.96198	8.0954	
1.96198	8.09509	
1.96289	8.09631	
1.96228	8.0957	
1.96259	8.0957	
1.96289	8.0957	
1.9632	8.0957	
1.96289	8.09509	
1.9632	8.0954	
1.96198	8.09509	
1.96198	8.09448	
1.96289	8.09448	
1.9632	8.0957	
1.96289	8.09509	
1.96198	8.09448	
1.9635	8.09448	
1.96289	8.09601	
1.96289	8.09509	
1.96228	8.09479	
1.96289	8.09509	
1.96198	8.09509	
1.96259	8.09509	
1.9632	8.09479	
1.96228	8.0957	
1.96228	8.0954	
1.96259	8.0957	
1.9632	8.09509	
1.96228	8.09448	
1.9635	8.0954	
1.96259	8.09509	
1.96259	8.0957	
1.9632	8.0957	
1.96289	8.0954	
1.96228	8.0954	
1.9635	8.09601	
1.9632	8.0954	
1.96259	8.0957	
1.9632	8.0957	
1.96198	8.09509	
1.96136	8.09509	
1.96167	8.0954	
1.96167	8.0957	
1.96198	8.09509	
1.96228	8.0957	
1.96198	8.09509	
1.96136	8.09631	
1.96259	8.09509	
1.9632	8.09509	
1.96228	8.09631	
1.96198	8.0954	
1.96136	8.09448	
1.96136	8.0957	
1.96136	8.09448	
1.96198	8.09509	
1.96259	8.09479	
1.96198	8.0954	
1.96136	8.09479	
1.96228	8.0957	
1.96167	8.09479	
1.96167	8.09479	
1.96259	8.09509	
1.96228	8.09479	
1.9632	8.0957	
1.96228	8.0954	
1.96198	8.09509	
1.96198	8.09479	
1.96259	8.0957	
1.96198	8.0957	
1.96198	8.0954	
1.96198	8.0957	
1.96136	8.09479	
1.96167	8.09479	
1.96289	8.09631	
1.96136	8.0954	
1.96136	8.0957	
1.96136	8.09509	
1.96167	8.0954	
1.96198	8.09509	
1.96167	8.09448	
1.96106	8.09509	
1.96136	8.09509	
1.96106	8.09479	
1.96167	8.09479	
1.96198	8.09509	
1.96167	8.09509	
1.96198	8.09448	
1.96198	8.09479	
1.96198	8.09509	
1.96228	8.09509	
1.96228	8.09631	
1.96198	8.09509	
1.96136	8.09418	
1.96228	8.0954	
1.96198	8.0954	
1.96198	8.09509	
1.96167	8.09509	
1.96228	8.09448	
1.96167	8.09601	
1.96228	8.09448	
1.96167	8.09509	
1.96198	8.09479	
1.96289	8.09479	
1.96167	8.0954	
1.96228	8.09509	
1.96167	8.09479	
1.96167	8.09448	
1.96136	8.0957	
1.96198	8.0954	
1.96228	8.09509	
1.96228	8.09479	
1.96289	8.0957	
1.96228	8.09509	
1.96167	8.0954	
1.96198	8.09479	
1.96167	8.09509	
1.96198	8.09448	
1.96198	8.09418	
1.96198	8.09448	
1.96167	8.09448	
1.96289	8.09479	
1.96167	8.0954	
1.96198	8.09509	
1.96136	8.09509	
1.96136	8.09509	
1.96167	8.09509	
1.96136	8.09601	
1.96136	8.0957	
1.96198	8.09479	
1.96198	8.09479	
1.96198	8.09509	
1.96228	8.09509	
1.96198	8.09509	
1.96198	8.09509	
1.96136	8.09509	
1.96198	8.0957	
1.96136	8.09479	
1.96136	8.0954	
1.96167	8.0957	
1.96167	8.09509	
1.96198	8.09509	
1.96228	8.09418	
1.96198	8.09418	
1.96106	8.0954	
1.96136	8.09479	
1.96198	8.09509	
1.96228	8.09479	
1.96167	8.0957	
1.96198	8.09387	
1.96136	8.09479	
1.96075	8.09448	
1.96136	8.09479	
1.96228	8.09448	
1.96167	8.0954	
1.96167	8.09479	
1.96198	8.09509	
1.96228	8.09509	
1.96167	8.09479	
1.96198	8.09479	
1.96198	8.09448	
1.96167	8.09448	
1.96228	8.09509	
1.96289	8.0954	
1.96075	8.09509	
1.96136	8.09448	
1.96228	8.09448	
1.96198	8.09448	
1.96198	8.0954	
1.96228	8.09479	
1.96167	8.09448	
1.9632	8.09479	
1.96198	8.09418	
1.96259	8.09418	
1.96136	8.09418	
1.96167	8.09418	
1.96167	8.09509	
1.96289	8.0954	
1.96106	8.09479	
1.96136	8.09509	
1.96136	8.0957	
1.96136	8.0954	
1.96259	8.09479	
1.96167	8.0954	
1.96167	8.09387	
1.96167	8.0957	
1.96198	8.09479	
1.96198	8.09509	
1.96167	8.09509	
1.96136	8.09509	
1.96106	8.09418	
1.96136	8.0957	
1.96167	8.09479	
1.96136	8.09479	
1.96198	8.0954	
1.96136	8.09479	
1.96198	8.09448	
1.96228	8.0954	
1.96198	8.09448	
1.96198	8.09479	
1.96259	8.09509	
1.96198	8.09509	
1.96136	8.09418	
1.96198	8.09509	
1.96228	8.09448	
1.96228	8.09479	
1.96075	8.09479	
1.96167	8.09418	
1.96167	8.09448	
1.96136	8.09479	
1.96167	8.09479	
1.96198	8.09479	
1.96136	8.09387	
1.96228	8.09448	
1.96228	8.09448	
1.96198	8.09448	
1.96198	8.09479	
1.96198	8.09448	
1.96167	8.09387	
1.96075	8.09387	
1.96198	8.09418	
1.96198	8.09448	
1.96167	8.09448	
1.96289	8.09448	
1.96228	8.09357	
1.96259	8.09448	
1.96167	8.09448	
1.96198	8.09509	
1.96289	8.0957	
1.96167	8.0957	
1.96167	8.09448	
1.96167	8.09509	
1.96198	8.09448	
1.96167	8.09448	
1.96106	8.09479	
1.96167	8.0957	
1.96198	8.09418	
1.96167	8.09448	
1.96136	8.09418	
1.96167	8.09479	
1.96106	8.09509	
1.96167	8.09448	
1.96198	8.09357	
1.96136	8.09418	
1.96198	8.09357	
1.96106	8.09509	
1.96136	8.09509	
1.96198	8.0954	
1.96167	8.09387	
1.96167	8.09479	
1.96228	8.09418	
1.96198	8.09509	
1.96228	8.09326	
1.96198	8.09418	
1.96106	8.09448	
1.96198	8.09418	
1.96198	8.09448	
1.96198	8.09418	
1.96289	8.09387	
1.96136	8.09418	
1.96136	8.09479	
1.96136	8.09479	
1.96136	8.09387	
1.96198	8.09387	
1.96167	8.09448	
1.96167	8.09418	
1.96198	8.09387	
1.96106	8.09357	
1.96198	8.09448	
1.96198	8.09448	
1.96136	8.09448	
1.96106	8.09387	
1.96075	8.09387	
1.96167	8.09387	
1.96075	8.09479	
1.96136	8.09509	
1.96014	8.09387	
1.96136	8.09479	
1.96198	8.09418	
1.96136	8.09418	
1.96228	8.09509	
1.96167	8.09418	
1.96167	8.09418	
1.96136	8.09448	
1.96198	8.09479	
1.96167	8.09418	
1.96198	8.09479	
1.96198	8.09418	
1.96106	8.09387	
1.96136	8.09448	
1.96106	8.09387	
1.96106	8.09448	
1.96106	8.09448	
1.96106	8.09387	
1.96228	8.09418	
1.96075	8.09448	
1.96075	8.09418	
1.96106	8.09479	
1.96167	8.09448	
1.96075	8.09418	
1.96167	8.09418	
1.96167	8.09479	
1.96075	8.09418	
1.96228	8.09357	
1.96014	8.09296	
1.96198	8.09448	
1.96228	8.09418	
1.96106	8.09326	
1.96198	8.09479	
1.96136	8.09387	
1.96106	8.09418	
1.96106	8.09387	
1.96167	8.09448	
1.96167	8.09448	
1.96106	8.09387	
1.96136	8.09387	
1.96136	8.0957	
1.96106	8.09448	
1.96136	8.09418	
1.96106	8.09387	
1.96136	8.09448	
1.96167	8.09418	
1.96167	8.09479	
1.96045	8.09357	
1.96167	8.09418	
1.96136	8.09448	
1.96167	8.09418	
1.96198	8.09418	
1.96167	8.09448	
1.96167	8.09387	
1.96136	8.09387	
1.96106	8.09357	
1.96167	8.09418	
1.96198	8.09418	
1.96045	8.09357	
1.96075	8.09479	
1.96259	8.09387	
1.96136	8.09387	
1.96106	8.09387	
1.96198	8.09387	
1.96136	8.09387	
1.96106	8.09296	
1.96167	8.09418	
1.96136	8.09326	
1.96167	8.09326	
1.96136	8.09418	
1.96075	8.09448	
1.96014	8.09387	
1.96106	8.09357	
1.96167	8.09387	
1.96075	8.09418	
1.96136	8.09357	
1.96167	8.09387	
1.96075	8.09387	
1.96136	8.09326	
1.96167	8.09418	
1.96167	8.09448	
1.96198	8.09448	
1.96198	8.09448	
1.96167	8.09418	
1.96106	8.09357	
1.96075	8.09448	
1.96167	8.09387	
1.96198	8.09387	
1.96167	8.09387	
1.96106	8.09387	
1.96106	8.09418	
1.96167	8.09387	
1.96198	8.09479	
1.96106	8.09387	
1.96259	8.09448	
1.96228	8.09357	
1.96198	8.09387	
1.96136	8.09418	
1.96167	8.09448	
1.96075	8.09387	
1.96106	8.09418	
1.96198	8.09387	
1.96198	8.09448	
1.96106	8.09387	
1.96167	8.09326	
1.96167	8.09357	
1.96167	8.09357	
1.96198	8.09418	
1.96167	8.09357	
1.96198	8.09357	
1.96136	8.09326	
1.96167	8.09326	
1.96136	8.09387	
1.96167	8.09387	
1.96167	8.09265	
1.96198	8.09326	
1.96167	8.09357	
1.96106	8.09326	
1.96198	8.09326	
1.96106	8.09418	
1.96136	8.09296	
1.96228	8.09448	
1.96106	8.09418	
1.96136	8.09357	
1.96136	8.09326	
1.96075	8.09357	
1.96136	8.09357	
1.96136	8.09326	
1.96167	8.09418	
1.96167	8.09357	
1.96136	8.09357	
1.96167	8.09357	
1.96136	8.09296	
1.96106	8.09418	
1.96106	8.09387	
1.96136	8.09296	
1.96136	8.09387	
1.96136	8.09357	
1.96106	8.09357	
1.96045	8.09357	
1.96075	8.09387	
1.96045	8.09357	
1.96075	8.09418	
1.96075	8.09357	
1.96075	8.09326	
1.96045	8.09387	
1.96045	8.09326	
1.96106	8.09387	
1.96106	8.09387	
1.96106	8.09296	
1.96075	8.09357	
1.96014	8.09357	
1.96136	8.09296	
1.96136	8.09387	
1.96136	8.09387	
1.96106	8.09387	
1.96136	8.09296	
1.96075	8.09357	
1.96167	8.09448	
1.96167	8.09479	
1.96167	8.09418	
1.96136	8.09387	
1.96106	8.09387	
1.96167	8.09326	
1.96045	8.09357	
1.96198	8.09387	
1.96167	8.09326	
1.96167	8.09357	
1.96136	8.09357	
1.96198	8.09479	
1.96167	8.09387	
1.96045	8.09357	
1.96106	8.09387	
1.96045	8.09387	
1.96106	8.09418	
1.96045	8.09265	
1.96045	8.09357	
1.96014	8.09357	
1.96075	8.09326	
1.95984	8.09326	
1.96106	8.09357	
1.96075	8.09418	
1.96075	8.09418	
1.96075	8.09357	
1.96136	8.09418	
1.96136	8.09326	
1.96106	8.09357	
1.96167	8.09326	
1.96075	8.09357	
1.96106	8.09387	
1.96045	8.09387	
1.96136	8.09357	
1.96075	8.09387	
1.96106	8.09448	
1.96075	8.09265	
1.96014	8.09296	
1.95953	8.09357	
1.96167	8.09357	
1.96075	8.09357	
1.96167	8.09357	
1.96075	8.09326	
1.96136	8.09357	
1.96045	8.09265	
1.96014	8.09265	
1.96075	8.09387	
1.96075	8.09296	
1.96075	8.09296	
1.96167	8.09357	
1.96075	8.09357	
1.96136	8.09357	
1.96136	8.09418	
1.96136	8.09418	
1.96228	8.09387	
1.96106	8.09357	
1.96198	8.09326	
1.96136	8.09357	
1.96045	8.09296	
1.96045	8.09235	
1.96075	8.09357	
1.96075	8.09326	
1.96075	8.09387	
1.96075	8.09387	
1.96014	8.09357	
1.96136	8.09387	
1.96167	8.09387	
1.96167	8.09326	
1.96136	8.09235	
1.96198	8.09326	
1.96045	8.09265	
1.96075	8.09326	
1.96014	8.09296	
1.96014	8.09387	
1.95984	8.09326	
1.96014	8.09326	
1.96075	8.09357	
1.96198	8.09448	
1.96075	8.09387	
1.96075	8.09357	
1.96045	8.09357	
1.96014	8.09418	
1.96014	8.09326	
1.96045	8.09296	
1.96045	8.09296	
1.96014	8.09326	
1.96259	8.09326	
1.96167	8.09204	
1.96167	8.09357	
1.96075	8.09326	
1.96075	8.09265	
1.96167	8.09387	
1.96075	8.09357	
1.96045	8.09296	
1.96167	8.09418	
1.96106	8.09357	
1.96106	8.09326	
1.96106	8.09326	
1.96014	8.09265	
1.96075	8.09204	
1.96106	8.09265	
1.96045	8.09265	
1.96075	8.09265	
1.96045	8.09357	
1.96014	8.09265	
1.96014	8.09296	
1.96106	8.09357	
1.96045	8.09357	
1.96075	8.09357	
1.96014	8.09326	
1.96045	8.09326	
1.96136	8.09235	
1.96075	8.09235	
1.96075	8.09265	
1.95984	8.09204	
1.96045	8.09357	
1.96075	8.09357	
1.96075	8.09357	
1.96106	8.09357	
1.96075	8.09357	
1.96106	8.09296	
1.96075	8.09296	
1.96045	8.09296	
1.96014	8.09235	
1.96075	8.09326	
1.96045	8.09326	
1.96106	8.09387	
1.95923	8.09326	
1.96106	8.09357	
1.96014	8.09387	
1.96014	8.09326	
1.96045	8.09418	
1.96014	8.09296	
1.95953	8.09296	
1.96045	8.09357	
1.96045	8.09235	
1.96136	8.09387	
1.96045	8.09265	
1.96014	8.09235	
1.95984	8.09265	
1.96045	8.09235	
1.96106	8.09265	
1.96045	8.09296	
1.96075	8.09265	
1.96136	8.09204	
1.96075	8.09235	
1.96014	8.09265	
1.96045	8.09265	
1.96014	8.09418	
1.96075	8.09357	
1.96106	8.09387	
1.96014	8.09357	
1.96045	8.09296	
1.96075	8.09326	
1.96167	8.09357	
1.96075	8.09296	
1.96075	8.09418	
1.96045	8.09418	
1.96045	8.09296	
1.96075	8.09326	
1.96106	8.09357	
1.96106	8.09326	
1.96106	8.09326	
1.96075	8.09265	
1.96075	8.09265	
1.96106	8.09387	
1.96045	8.09357	
1.95984	8.09265	
1.96075	8.09296	
1.96075	8.09296	
1.96136	8.09326	
1.96075	8.09265	
1.96045	8.09387	
1.96045	8.09296	
1.96075	8.09357	
1.96198	8.09357	
1.96136	8.09418	
1.96075	8.09326	
1.96198	8.09418	
1.96045	8.09387	
1.96075	8.09357	
1.96136	8.09326	
1.96075	8.09265	
1.96136	8.09357	
1.96106	8.09357	
1.96167	8.09326	
1.96014	8.09387	
1.96075	8.09418	
1.96106	8.09265	
1.96106	8.09326	
1.96106	8.09357	
1.96136	8.09418	
1.96014	8.09326	
1.96014	8.09235	
1.96045	8.09265	
1.96045	8.09296	
1.96014	8.09204	
1.96014	8.09265	
1.96136	8.09326	
1.96075	8.09357	
1.96014	8.09265	
1.96075	8.09265	
1.96045	8.09265	
1.96045	8.09235	
1.96014	8.09265	
1.95953	8.09265	
1.96045	8.09235	
1.96014	8.09235	
1.96014	8.09235	
1.96075	8.09357	
1.96014	8.09296	
1.96014	8.09387	
1.96014	8.09296	
1.96106	8.09326	
1.96136	8.09265	
1.96136	8.09357	
1.96075	8.09296	
1.96045	8.09418	
1.96014	8.09418	
1.96075	8.09357	
1.96045	8.09265	
1.96014	8.09204	
1.96075	8.09235	
1.96106	8.09204	
1.96075	8.09235	
1.95984	8.09204	
1.96106	8.09265	
1.96075	8.09326	
1.96045	8.09265	
1.96075	8.09235	
1.96045	8.09296	
1.96075	8.09326	
1.96075	8.09265	
1.96075	8.09265	
1.96045	8.09265	
1.96106	8.09296	
1.96045	8.09296	
1.96045	8.09296	
1.95984	8.09235	
1.96106	8.09265	
1.96075	8.09387	
1.96014	8.09296	
1.96014	8.09235	
1.96075	8.09235	
1.96045	8.09326	
1.96045	8.09265	
1.96075	8.09235	
1.95953	8.09296	
1.95984	8.09204	
1.96014	8.09265	
1.96014	8.09326	
1.95953	8.09265	
1.96014	8.09265	
1.96045	8.09204	
1.96045	8.09235	
1.95984	8.09204	
1.96014	8.09265	
1.96014	8.09326	
1.95953	8.09326	
1.96014	8.09265	
1.96075	8.09326	
1.96075	8.09296	
1.96106	8.09326	
1.96106	8.09265	
1.96014	8.09387	
1.96014	8.09265	
1.96045	8.09235	
1.96045	8.09235	
1.95953	8.09265	
1.95984	8.09235	
1.96014	8.09204	
1.95984	8.09326	
1.96045	8.09235	
1.96014	8.09326	
1.96106	8.09265	
1.96045	8.09235	
1.96075	8.09265	
1.96075	8.09326	
1.96045	8.09265	
1.96045	8.09296	
1.96106	8.09204	
1.95984	8.09265	
1.96075	8.09326	
1.96014	8.09265	
1.95984	8.09204	
1.95984	8.09296	
1.96014	8.09204	
1.96014	8.09296	
1.95984	8.09265	
1.96136	8.09296	
1.96075	8.09204	
1.96014	8.09448	
1.95953	8.09387	
1.96014	8.09296	
1.96045	8.09326	
1.96045	8.09265	
1.96075	8.09326	
1.96106	8.09296	
1.96075	8.09235	
1.96014	8.09235	
1.96045	8.09235	
1.96045	8.09265	
1.95984	8.09204	
1.95984	8.09296	
1.96014	8.09265	
1.96014	8.09174	
1.96014	8.09265	
1.95984	8.09265	
1.95984	8.09326	
1.96014	8.09326	
1.96014	8.09204	
1.96106	8.09235	
1.95984	8.09296	
1.96045	8.09296	
1.96045	8.09174	
1.96014	8.09235	
1.95984	8.09326	
1.96014	8.09235	
1.95984	8.09265	
1.96014	8.09235	
1.96045	8.09296	
1.96014	8.09265	
1.95953	8.09296	
1.95953	8.09143	
1.95923	8.09235	
1.96136	8.09235	
1.96136	8.09235	
1.96075	8.09265	
1.96045	8.09204	
1.95953	8.09204	
1.96014	8.09235	
1.96014	8.09174	
1.95953	8.09235	
1.95923	8.09174	
1.95984	8.09174	
1.96014	8.09235	
1.96106	8.09326	
1.96014	8.09265	
1.95984	8.09296	
1.96014	8.09265	
1.96045	8.09235	
1.95984	8.09265	
1.96045	8.09296	
1.96045	8.09235	
1.96014	8.09265	
1.96075	8.09265	
1.96014	8.09265	
1.96045	8.09143	
1.96136	8.09174	
1.96014	8.09174	
1.96014	8.09174	
1.96014	8.09235	
1.95984	8.09113	
1.95984	8.09235	
1.95953	8.09204	
1.96014	8.09265	
1.95953	8.09296	
1.96014	8.09296	
1.96106	8.09296	
1.96014	8.09265	
1.96045	8.09235	
1.96045	8.09204	
1.95923	8.09143	
1.96014	8.09265	
1.96014	8.09265	
1.96014	8.09204	
1.96014	8.09296	
1.95953	8.09265	
1.96075	8.09265	
1.95984	8.09143	
1.96045	8.09235	
1.95953	8.09204	
1.96075	8.09265	
1.95984	8.09265	
1.95984	8.09265	
1.96045	8.09204	
1.96014	8.09265	
1.96045	8.09296	
1.96014	8.09326	
1.95984	8.09265	
1.96045	8.09235	
1.96014	8.09265	
1.96045	8.09235	
1.96014	8.09235	
1.96014	8.09235	
1.96075	8.09204	
1.96014	8.09143	
1.96014	8.09143	
1.96136	8.09235	
1.96014	8.09235	
1.95984	8.09235	
1.95984	8.09235	
1.95984	8.09235	
1.95953	8.09387	
1.96014	8.09265	
1.95984	8.09296	
1.95953	8.09265	
1.96045	8.09143	
1.96014	8.09235	
1.96045	8.09265	
1.95984	8.09204	
1.95984	8.09204	
1.96014	8.09235	
1.96075	8.09265	
1.96014	8.09235	
1.95953	8.09265	
1.95953	8.09265	
1.95892	8.09235	
1.96014	8.09235	
1.95984	8.09204	
1.95953	8.09265	
1.95984	8.09265	
1.96014	8.09204	
1.96045	8.09326	
1.95984	8.09174	
1.96075	8.09235	
1.96045	8.09235	
1.96045	8.09204	
1.95984	8.09235	
1.96014	8.09174	
1.96014	8.09204	
1.96014	8.09174	
1.96045	8.09174	
1.95984	8.09235	
1.96014	8.09174	
1.96014	8.09265	
1.96014	8.09265	
1.96014	8.09174	
1.95953	8.09235	
1.96014	8.09174	
1.95984	8.09204	
1.96075	8.09204	
1.96045	8.09265	
1.96014	8.09204	
1.96045	8.09174	
1.95953	8.09235	
1.96045	8.09204	
1.95953	8.09265	
1.95984	8.09143	
1.95984	8.09235	
1.95984	8.09204	
1.95953	8.09204	
1.96014	8.09143	
1.95984	8.09235	
1.96045	8.09265	
1.96014	8.09265	
1.95953	8.09265	
1.95953	8.09357	
1.96014	8.09265	
1.95953	8.09265	
1.95984	8.09235	
1.95984	8.09326	
1.95923	8.09204	
1.96045	8.09235	
1.96014	8.09174	
1.95984	8.09204	
1.96045	8.09204	
1.96045	8.09265	
1.95953	8.09296	
1.95984	8.09204	
1.96045	8.09174	
1.96045	8.09235	
1.95923	8.09174	
1.95953	8.09143	
1.95953	8.09235	
1.95923	8.09204	
1.95984	8.09174	
1.95953	8.09174	
1.95923	8.09174	
1.95953	8.09235	
1.95892	8.09143	
1.95984	8.09174	
1.95923	8.09174	
1.95984	8.09174	
1.96014	8.09204	
1.95984	8.09235	
1.95953	8.09265	
1.95892	8.09174	
1.95984	8.09204	
1.95984	8.09265	
1.95984	8.09235	
1.95953	8.09235	
1.96014	8.09296	
1.96014	8.09204	
1.95953	8.09174	
1.96014	8.09204	
1.95984	8.09265	
1.96014	8.09235	
1.96014	8.09143	
1.95923	8.09174	
1.95953	8.09143	
1.95953	8.09265	
1.95953	8.09204	
1.96014	8.09235	
1.95923	8.09174	
1.96014	8.09174	
1.95923	8.09204	
1.95953	8.09174	
1.95984	8.09265	
1.95862	8.09174	
1.96045	8.09235	
1.95923	8.09174	
1.95923	8.09235	
1.95953	8.09235	
1.96045	8.09265	
1.95984	8.09235	
1.95953	8.09174	
1.96014	8.09204	
1.95984	8.09204	
1.95984	8.09235	
1.95984	8.09235	
1.96075	8.09296	
1.96014	8.09235	
1.96045	8.09265	
1.96014	8.09265	
1.95984	8.09235	
1.95984	8.09204	
1.96014	8.09265	
1.96014	8.09204	
1.96014	8.09143	
1.96045	8.09235	
1.95923	8.09174	
1.96075	8.09204	
1.95953	8.09143	
1.95953	8.09265	
1.95953	8.09174	
1.95984	8.09235	
1.95923	8.09204	
1.95953	8.09143	
1.96136	8.09174	
1.95984	8.09143	
1.95984	8.09174	
1.96014	8.09174	
1.96045	8.09082	
1.95984	8.09174	
1.96045	8.09143	
1.95923	8.09174	
1.95953	8.09204	
1.95984	8.09174	
1.95923	8.09143	
1.95923	8.09174	
1.96045	8.09143	
1.96014	8.09143	
1.96075	8.09174	
1.95953	8.09204	
1.96014	8.09204	
1.96014	8.09265	
1.96014	8.09174	
1.96014	8.09174	
1.95984	8.09204	
1.95953	8.09143	
1.95862	8.09174	
1.96014	8.09235	
1.96045	8.09204	
1.95953	8.09204	
1.95923	8.09174	
1.96045	8.09143	
1.95953	8.09113	
1.95984	8.09204	
1.95953	8.09204	
1.95984	8.09204	
1.95984	8.09265	
1.96045	8.09174	
1.96014	8.09143	
1.96014	8.09143	
1.96014	8.09113	
1.96045	8.09204	
1.95984	8.09235	
1.96045	8.09174	
1.95923	8.09052	
1.96045	8.09204	
1.95953	8.09143	
1.95984	8.09143	
1.95984	8.09235	
1.96014	8.09204	
1.95953	8.09143	
1.96075	8.09143	
1.96014	8.09204	
1.96045	8.09143	
1.95984	8.09113	
1.95953	8.09113	
1.95953	8.09235	
1.96014	8.09174	
1.96045	8.09143	
1.95953	8.09204	
1.95984	8.09174	
1.95923	8.09235	
1.96014	8.09143	
1.96014	8.09174	
1.96045	8.09204	
1.96075	8.09204	
1.95984	8.09174	
1.95984	8.09204	
1.95923	8.09113	
1.96014	8.09174	
1.95892	8.09143	
1.95953	8.09235	
1.96014	8.09235	
1.95892	8.09174	
1.96014	8.09296	
1.96014	8.09113	
1.95953	8.09204	
1.95923	8.09174	
1.95892	8.09174	
1.96014	8.09113	
1.95953	8.09113	
1.95984	8.09174	
1.96014	8.09174	
1.95984	8.09204	
1.95923	8.09235	
1.95953	8.09235	
1.95923	8.09143	
1.95953	8.09174	
1.95953	8.09082	
1.95923	8.09174	
1.95831	8.09143	
1.95953	8.09113	
1.95953	8.09235	
1.96014	8.09204	
1.95953	8.09174	
1.95953	8.09082	
1.95923	8.09082	
1.95892	8.09143	
1.95831	8.09113	
1.95953	8.09082	
1.95923	8.09143	
1.95892	8.09052	
1.95862	8.09082	
1.95984	8.09174	
1.95953	8.09113	
1.95953	8.09143	
1.95862	8.09143	
1.95923	8.09204	
1.96045	8.09265	
1.96014	8.09174	
1.95923	8.09174	
1.95953	8.09113	
1.95892	8.09143	
1.96045	8.09204	
1.95984	8.09174	
1.95984	8.09174	
1.95923	8.09113	
1.95953	8.09143	
1.95953	8.09174	
1.95892	8.09204	
1.95892	8.09113	
1.95953	8.09174	
1.95953	8.09204	
1.95831	8.09174	
1.9577	8.09143	
1.95892	8.09265	
1.95953	8.09235	
1.95984	8.09143	
1.95953	8.09204	
1.95953	8.09174	
1.95892	8.09113	
1.95892	8.09021	
1.96014	8.09082	
1.95831	8.09143	
1.95892	8.09082	
1.95862	8.09143	
1.95892	8.09143	
1.95892	8.09143	
1.96045	8.09113	
1.95923	8.09113	
1.95892	8.09113	
1.95923	8.09143	
1.95923	8.09082	
1.95892	8.09143	
1.95953	8.09143	
1.95984	8.09143	
1.95923	8.09143	
1.95923	8.09143	
1.95953	8.09143	
1.95892	8.09204	
1.95923	8.09265	
1.9577	8.09235	
1.95984	8.09143	
1.95984	8.09204	
1.95923	8.09143	
1.95923	8.09113	
1.95923	8.09143	
1.95953	8.09113	
1.95892	8.09143	
1.95953	8.09113	
1.95953	8.09113	
1.95862	8.09174	
1.95862	8.09143	
1.95892	8.09143	
1.95892	8.09082	
1.95862	8.09143	
1.95892	8.09143	
1.95862	8.09082	
1.95953	8.09143	
1.95892	8.09143	
1.96014	8.09143	
1.95953	8.09204	
1.95953	8.09174	
1.95984	8.09174	
1.95923	8.09113	
1.95892	8.09113	
1.95953	8.09082	
1.95892	8.09113	
1.95801	8.09052	
1.95984	8.09174	
1.95862	8.09113	
1.95923	8.09174	
1.95892	8.09113	
1.95984	8.09082	
1.95862	8.09082	
1.95923	8.09113	
1.95953	8.09143	
1.95923	8.09082	
1.95923	8.09143	
1.95953	8.0899	
1.95801	8.0899	
1.95984	8.09113	
1.95923	8.09143	
1.95984	8.09113	
1.95953	8.09174	
1.96014	8.09143	
1.95953	8.09174	
1.95984	8.09113	
1.96014	8.09113	
1.95953	8.09174	
1.95892	8.09174	
1.95862	8.09113	
1.95892	8.0899	
1.95923	8.09174	
1.95923	8.09143	
1.96014	8.09143	
1.95892	8.09113	
1.95923	8.09174	
1.95984	8.09143	
1.95862	8.09082	
1.95892	8.09113	
1.95923	8.09052	
1.95984	8.09052	
1.95831	8.09204	
1.95892	8.09082	
1.95892	8.09174	
1.95923	8.09021	
1.95923	8.09082	
1.95984	8.09113	
1.95953	8.09021	
1.95831	8.09082	
1.95984	8.09021	
1.95984	8.09113	
1.95953	8.09113	
1.95892	8.09082	
1.95923	8.09021	
1.95892	8.09113	
1.95862	8.09113	
1.95862	8.09082	
1.95984	8.09143	
1.95862	8.09174	
1.95923	8.09143	
1.95923	8.09082	
1.95892	8.09052	
1.95862	8.09143	
1.95862	8.09052	
1.95801	8.09082	
1.95953	8.09113	
1.96014	8.09113	
1.95984	8.09082	
1.96045	8.09082	
1.95953	8.09052	
1.95923	8.09021	
1.95953	8.09143	
1.95953	8.09082	
1.95923	8.09082	
1.95862	8.09052	
1.95923	8.09082	
1.95892	8.09113	
1.95892	8.09082	
1.95892	8.09082	
1.95831	8.09082	
1.95862	8.09143	
1.95862	8.09082	
1.95953	8.09113	
1.95862	8.09021	
1.95923	8.09082	
1.95923	8.09082	
1.95923	8.09113	
1.95892	8.09113	
1.95892	8.09143	
1.95892	8.09082	
1.95892	8.09082	
1.95892	8.09082	
1.95862	8.09113	
1.95862	8.09174	
1.95892	8.09113	
1.95953	8.09113	
1.95984	8.09174	
1.95923	8.09143	
1.95953	8.09113	
1.95923	8.0899	
1.95892	8.09052	
1.95831	8.09143	
1.95953	8.09113	
1.95892	8.09113	
1.95892	8.09052	
1.95953	8.09143	
1.95831	8.09113	
1.95892	8.09174	
1.95862	8.09143	
1.95831	8.09143	
1.95953	8.09113	
1.95984	8.09082	
1.95923	8.09082	
1.95801	8.09174	
1.95953	8.09113	
1.95862	8.09082	
1.95892	8.09113	
1.95923	8.09204	
1.95862	8.09082	
1.95923	8.09143	
1.95892	8.09052	
1.95923	8.09143	
1.95801	8.09143	
1.95892	8.09143	
1.95892	8.09174	
1.95892	8.09082	
1.95862	8.09113	
1.95831	8.09113	
1.95831	8.09174	
1.95892	8.09143	
1.95892	8.09052	
1.95984	8.09113	
1.95831	8.09021	
1.95862	8.09082	
1.95892	8.09021	
1.95953	8.09082	
1.95862	8.09021	
1.95862	8.09143	
1.95892	8.09174	
1.95862	8.09113	
1.95892	8.09052	
1.95953	8.09143	
1.95862	8.0899	
1.95831	8.09143	
1.95831	8.0899	
1.95892	8.09113	
1.95892	8.09174	
1.95953	8.09113	
1.95892	8.09082	
1.95923	8.09082	
1.95862	8.0896	
1.95801	8.09082	
1.95953	8.09113	
1.95892	8.09113	
1.95892	8.09113	
1.95892	8.09052	
1.95862	8.09113	
1.95953	8.09113	
1.95831	8.09082	
1.95984	8.09052	
1.95984	8.09082	
1.95862	8.09082	
1.95831	8.09113	
1.95953	8.09082	
1.95862	8.09113	
1.95953	8.09174	
1.95862	8.09052	
1.95801	8.09143	
1.95953	8.09174	
1.95892	8.09082	
1.95892	8.09082	
1.95923	8.09113	
1.95923	8.09143	
1.95831	8.09052	
1.95862	8.09143	
1.95984	8.09143	
1.95923	8.09143	
1.95831	8.09052	
1.95862	8.09113	
1.95892	8.09113	
1.95892	8.09174	
1.95801	8.09082	
1.95862	8.09052	
1.95923	8.09052	
1.95862	8.09174	
1.95953	8.09052	
1.95862	8.08929	
1.95801	8.09052	
1.95862	8.0899	
1.95892	8.09113	
1.95984	8.09082	
1.95953	8.09082	
1.95892	8.09174	
1.95923	8.09082	
1.95953	8.09082	
1.95953	8.09052	
1.95953	8.09052	
1.95892	8.09021	
1.95892	8.09143	
1.95923	8.09143	
1.95892	8.09021	
1.95892	8.09082	
1.95831	8.09113	
1.95801	8.09113	
1.95923	8.09143	
1.95892	8.09082	
1.95892	8.09204	
1.95923	8.09021	
1.95923	8.09052	
1.95984	8.09052	
1.95862	8.09082	
1.95923	8.09082	
1.95862	8.09052	
1.95862	8.09082	
1.95831	8.09113	
1.95831	8.09082	
1.95953	8.09143	
1.95923	8.09082	
1.95892	8.09082	
1.95923	8.09082	
1.95953	8.09113	
1.95892	8.09082	
1.95923	8.09082	
1.96014	8.09143	
1.95953	8.09052	
1.95831	8.09113	
1.95892	8.09021	
1.95892	8.09082	
1.95831	8.09052	
1.95923	8.09082	
1.95862	8.09082	
1.95892	8.09113	
1.95923	8.09143	
1.95892	8.09082	
1.95862	8.09113	
1.95953	8.09113	
1.95923	8.09174	
1.95923	8.09113	
1.95923	8.09113	
1.95862	8.09052	
1.95862	8.09052	
1.95953	8.09143	
1.95862	8.09082	
1.95923	8.0896	
1.95862	8.09113	
1.95892	8.09021	
1.95953	8.09143	
1.95892	8.09052	
1.95862	8.09052	
1.95831	8.0896	
1.95862	8.09082	
1.95923	8.09021	
1.95923	8.0899	
1.95862	8.0896	
1.95862	8.09082	
1.95862	8.09021	
1.95801	8.0899	
1.95801	8.09021	
1.9577	8.09052	
1.95862	8.09143	
1.95862	8.09021	
1.95892	8.09021	
1.95923	8.09082	
1.95923	8.09021	
1.95862	8.09021	
1.95892	8.08899	
1.9577	8.0896	
1.9577	8.08899	
1.95953	8.0899	
1.95923	8.08929	
1.95923	8.09052	
1.95862	8.08929	
1.95862	8.08929	
1.95923	8.0896	
1.95831	8.09052	
1.95801	8.08929	
1.95862	8.09021	
1.95801	8.09021	
1.95801	8.0896	
1.95923	8.09113	
1.95923	8.09052	
1.95984	8.09082	
1.95953	8.09113	
1.95923	8.09082	
1.95892	8.09113	
1.95862	8.09021	
1.95801	8.09021	
1.95862	8.09021	
1.95831	8.09082	
1.95831	8.08929	
1.95892	8.09021	
1.95892	8.0899	
1.95892	8.0899	
1.95801	8.0896	
1.95801	8.09052	
1.95831	8.09052	
1.95831	8.09052	
1.95801	8.09021	
1.95892	8.0899	
1.95892	8.0899	
1.95801	8.08899	
1.95831	8.08929	
1.95831	8.0899	
1.95862	8.0896	
1.9577	8.09113	
1.95862	8.09082	
1.95892	8.09021	
1.95831	8.09113	
1.95923	8.09082	
1.95831	8.09082	
1.95892	8.09021	
1.95923	8.09052	
1.95984	8.09082	
1.95862	8.09052	
1.95953	8.09113	
1.95831	8.09052	
1.95831	8.0899	
1.95831	8.09082	
1.95831	8.0899	
1.95862	8.0896	
1.95831	8.0896	
1.95862	8.09021	
1.95923	8.09021	
1.95862	8.09052	
1.95831	8.09082	
1.95801	8.09082	
1.95801	8.09021	
1.95801	8.09021	
1.95831	8.09021	
1.95801	8.09021	
1.95801	8.0899	
1.95923	8.0899	
1.95801	8.09113	
1.95831	8.09021	
1.95892	8.0899	
1.95892	8.09021	
1.95862	8.09113	
1.95831	8.0899	
1.95892	8.09052	
1.95923	8.0899	
1.95831	8.09082	
1.95801	8.09082	
1.95892	8.09113	
1.95679	8.09021	
1.95801	8.08929	
1.95892	8.09052	
1.95831	8.0899	
1.95862	8.0896	
1.95801	8.0899	
1.95862	8.09082	
1.95801	8.0899	
1.95862	8.0899	
1.9577	8.09021	
1.95892	8.09021	
1.95892	8.09052	
1.95831	8.09021	
1.95862	8.0899	
1.95862	8.09113	
1.95862	8.09052	
1.95953	8.09082	
1.95953	8.09021	
1.95862	8.09113	
1.9577	8.09052	
1.95831	8.0899	
1.95801	8.08929	
1.95862	8.0896	
1.95831	8.09082	
1.95862	8.0899	
1.95831	8.08929	
1.9577	8.0899	
1.9574	8.0899	
1.95831	8.09052	
1.95801	8.0899	
1.95831	8.09021	
1.95801	8.0896	
1.95892	8.0899	
1.95831	8.09021	
1.95862	8.0896	
1.95862	8.0899	
1.95862	8.09021	
1.95892	8.09021	
1.95831	8.09021	
1.95831	8.09052	
1.95923	8.08929	
1.95862	8.0899	
1.95831	8.08899	
1.95862	8.0899	
1.95831	8.0899	
1.95801	8.09052	
1.95862	8.09052	
1.95831	8.08929	
1.95831	8.09021	
1.95862	8.0896	
1.95801	8.0899	
1.95831	8.09021	
1.95923	8.09052	
1.95862	8.08899	
1.95862	8.08929	
1.95831	8.09021	
1.95862	8.0896	
1.9574	8.09082	
1.9574	8.09143	
1.95831	8.09082	
1.95831	8.09052	
1.9574	8.09143	
1.95862	8.09021	
1.95892	8.09021	
1.95892	8.09052	
1.95831	8.09052	
1.95892	8.0896	
1.9577	8.08929	
1.95862	8.0899	
1.95831	8.08929	
1.95801	8.08868	
1.95862	8.0899	
1.95923	8.0896	
1.95862	8.0896	
1.95801	8.08899	
1.95892	8.09052	
1.95831	8.09021	
1.95862	8.09021	
1.9574	8.0896	
1.95831	8.0899	
1.95862	8.0896	
1.95862	8.08929	
1.95831	8.0896	
1.95801	8.09082	
1.95831	8.09082	
1.95831	8.09082	
1.95801	8.09082	
1.95709	8.09021	
1.95831	8.0896	
1.95862	8.0899	
1.95892	8.0899	
1.9577	8.09021	
1.95862	8.0899	
1.95831	8.0896	
1.95831	8.09143	
1.95831	8.0899	
1.95801	8.0899	
1.95862	8.09021	
1.95923	8.08929	
1.95923	8.09021	
1.95953	8.09021	
1.95984	8.08929	
1.95953	8.0896	
1.95892	8.08929	
1.95831	8.08868	
1.95862	8.08838	
1.95862	8.0899	
1.9574	8.0896	
1.95801	8.0899	
1.95801	8.09052	
1.95831	8.09052	
1.95862	8.09082	
1.95862	8.09021	
1.95831	8.09021	
1.9577	8.0899	
1.95831	8.0896	
1.95831	8.09082	
1.95801	8.0899	
1.95801	8.0899	
1.95831	8.09052	
1.95801	8.0896	
1.9574	8.0899	
1.9574	8.0899	
1.95801	8.0899	
1.95862	8.09052	
1.95801	8.08929	
1.95892	8.0899	
1.95953	8.09021	
1.95862	8.09052	
1.95892	8.09021	
1.95801	8.09021	
1.95831	8.09021	
1.95801	8.0899	
1.95862	8.0896	
1.95892	8.09021	
1.95862	8.09052	
1.9577	8.0899	
1.95831	8.0896	
1.95801	8.08929	
1.95801	8.08929	
1.95831	8.0896	
1.95801	8.0896	
1.95831	8.09021	
1.95801	8.08899	
1.95801	8.08929	
1.9574	8.08929	
1.9577	8.09052	
1.95831	8.09021	
1.95801	8.08899	
1.95862	8.0896	
1.95709	8.08929	
1.95862	8.08929	
1.95801	8.09021	
1.95801	8.08899	
1.95862	8.08929	
1.95831	8.0896	
1.95862	8.09021	
1.95923	8.09052	
1.95892	8.09021	
1.95801	8.0899	
1.95801	8.0896	
1.95709	8.0899	
1.95801	8.0896	
1.95862	8.08929	
1.95831	8.0899	
1.9577	8.08929	
1.9574	8.09021	
1.95679	8.0896	
1.95709	8.0899	
1.9577	8.09021	
1.95709	8.08929	
1.9574	8.0899	
1.9577	8.0896	
1.9574	8.0899	
1.9577	8.09021	
1.95679	8.09052	
1.9577	8.08929	
1.9574	8.09021	
1.9574	8.09052	
1.95862	8.09082	
1.9574	8.08929	
1.95831	8.09052	
1.95801	8.09021	
1.95801	8.0899	
1.95679	8.08929	
1.9574	8.0899	
1.95801	8.09021	
1.95831	8.08929	
1.95831	8.0899	
1.95801	8.08868	
1.95801	8.0899	
1.9577	8.08929	
1.9577	8.09021	
1.9577	8.09021	
1.95831	8.09021	
1.95709	8.08899	
1.95831	8.09021	
1.9574	8.09052	
1.95801	8.0899	
1.95862	8.0899	
1.95862	8.08929	
1.9574	8.0899	
1.95831	8.0899	
1.9577	8.08929	
1.95801	8.09082	
1.95709	8.08929	
1.95709	8.0896	
1.95801	8.0899	
1.95801	8.0899	
1.95801	8.0896	
1.95862	8.08899	
1.95831	8.0896	
1.95862	8.0899	
1.95801	8.08929	
1.95709	8.0899	
1.95801	8.0896	
1.9577	8.0896	
1.9574	8.0896	
1.95709	8.0896	
1.9574	8.08929	
1.95648	8.08929	
1.95862	8.09021	
1.95801	8.0896	
1.95862	8.0899	
1.95801	8.09021	
1.9577	8.08929	
1.95709	8.08868	
1.95892	8.0899	
1.9577	8.0896	
1.95831	8.08929	
1.95862	8.08899	
1.95892	8.0896	
1.95831	8.0899	
1.95831	8.0896	
1.95801	8.09021	
1.95862	8.08868	
1.9574	8.0896	
1.9577	8.0896	
1.95709	8.09021	
1.9577	8.08929	
1.9574	8.09052	
1.95709	8.09021	
1.95709	8.0899	
1.9574	8.0899	
1.95709	8.0896	
1.95801	8.0896	
1.9577	8.0896	
1.95648	8.08929	
1.9577	8.0896	
1.9574	8.0896	
1.95801	8.0896	
1.95801	8.0896	
1.95801	8.0899	
1.9577	8.08929	
1.95709	8.0899	
1.95709	8.09021	
1.9574	8.09021	
1.95679	8.0896	
1.95709	8.08929	
1.95862	8.08868	
1.95709	8.08899	
1.95831	8.0899	
1.9574	8.08899	
1.9577	8.09021	
1.95801	8.0899	
1.9574	8.08929	
1.95679	8.0896	
1.95831	8.09052	
1.95831	8.08929	
1.95801	8.0896	
1.95831	8.09082	
1.95831	8.09021	
1.95831	8.0899	
1.95801	8.09021	
1.95831	8.08899	
1.9574	8.08929	
1.9574	8.09021	
1.9577	8.0896	
1.9577	8.0896	
1.95709	8.08868	
1.95709	8.08868	
1.95801	8.0896	
1.95862	8.0899	
1.95801	8.0896	
1.95679	8.0896	
1.95709	8.08868	
1.95648	8.08929	
1.9574	8.08929	
1.95801	8.08899	
1.95831	8.08929	
1.9574	8.09052	
1.95801	8.0896	
1.9577	8.08899	
1.95831	8.08929	
1.95862	8.0899	
1.95801	8.0899	
1.95862	8.09021	
1.95862	8.0896	
1.95801	8.08929	
1.95801	8.0896	
1.9574	8.09021	
1.95831	8.0899	
1.9574	8.08899	
1.95801	8.0899	
1.95709	8.08929	
1.95831	8.08899	
1.95831	8.08929	
1.95831	8.0896	
1.9577	8.09021	
1.9577	8.0899	
1.9577	8.08929	
1.95923	8.08929	
1.9577	8.09021	
1.95862	8.0899	
1.95801	8.09052	
1.95709	8.0896	
1.95709	8.0896	
1.95831	8.08899	
1.95831	8.09021	
1.9574	8.0896	
1.95801	8.0896	
1.95801	8.08929	
1.95801	8.0899	
1.95679	8.0899	
1.95709	8.0896	
1.95831	8.09052	
1.95709	8.0899	
1.95709	8.09021	
1.95648	8.09052	
1.95709	8.08929	
1.9574	8.09021	
1.9574	8.0899	
1.9574	8.08899	
1.9574	8.08899	
1.9574	8.08929	
1.95648	8.08929	
1.95709	8.09021	
1.95831	8.08899	
1.95709	8.0899	
1.95709	8.09021	
1.9574	8.08929	
1.95648	8.0899	
1.95709	8.08929	
1.95709	8.0896	
1.95648	8.08929	
1.9577	8.0899	
1.95679	8.0896	
1.95587	8.0896	
1.9577	8.08929	
1.95648	8.0899	
1.95709	8.08929	
1.95679	8.08899	
1.95709	8.0896	
1.95709	8.08899	
1.9577	8.0896	
1.95801	8.0896	
1.95679	8.08929	
1.95679	8.08929	
1.95831	8.08929	
1.95831	8.0899	
1.95709	8.0896	
1.9574	8.08929	
1.95801	8.08929	
1.9574	8.08868	
1.95648	8.08899	
1.95709	8.08838	
1.95709	8.08899	
1.95709	8.08868	
1.95831	8.08929	
1.9577	8.08868	
1.95801	8.08868	
1.9577	8.08838	
1.95679	8.08838	
1.95709	8.08868	
1.9574	8.08899	
1.95679	8.08838	
1.95801	8.08929	
1.9577	8.08899	
1.95862	8.0896	
1.95679	8.0896	
1.9577	8.08868	
1.95679	8.0896	
1.95709	8.08929	
1.9574	8.0899	
1.9574	8.0896	
1.95648	8.09021	
1.95709	8.0896	
1.95801	8.08929	
1.95679	8.08899	
1.95801	8.0896	
1.95618	8.08868	
1.9574	8.08807	
1.95618	8.08838	
1.95709	8.0896	
1.95648	8.0896	
1.95709	8.0896	
1.95679	8.0896	
1.95709	8.08929	
1.9574	8.08899	
1.95862	8.0896	
1.95862	8.08929	
1.9577	8.08868	
1.9574	8.09021	
1.95709	8.0899	
1.95709	8.08929	
1.9574	8.08929	
1.9577	8.08929	
1.95709	8.08929	
1.9574	8.08899	
1.9574	8.08868	
1.9577	8.0896	
1.9577	8.08929	
1.95801	8.08868	
1.9574	8.08807	
1.95709	8.08807	
1.9577	8.08929	
1.95648	8.08807	
1.95709	8.08868	
1.9577	8.08899	
1.95709	8.08868	
1.95709	8.08868	
1.95679	8.08807	
1.95679	8.08868	
1.9574	8.08807	
1.95679	8.08838	
1.95679	8.08899	
1.95709	8.09021	
1.95709	8.08899	
1.9577	8.0896	
1.95679	8.0899	
1.95801	8.08838	
1.9577	8.08899	
1.95709	8.08899	
1.9574	8.0899	
1.9577	8.0899	
1.95709	8.08929	
1.9574	8.09021	
1.9574	8.0899	
1.95801	8.08929	
1.95709	8.0899	
1.9577	8.08899	
1.95679	8.08929	
1.95679	8.08868	
1.95709	8.08929	
1.95709	8.08807	
1.95709	8.08838	
1.95709	8.08899	
1.9577	8.08868	
1.9574	8.08929	
1.95801	8.08807	
1.95709	8.08929	
1.95618	8.08868	
1.95648	8.08868	
1.95709	8.08929	
1.95709	8.08899	
1.95801	8.08868	
1.9577	8.08899	
1.9577	8.08929	
1.9574	8.08929	
1.95709	8.08868	
1.9574	8.08899	
1.9574	8.08807	
1.95709	8.08868	
1.9574	8.08868	
1.9574	8.08868	
1.95709	8.08807	
1.95648	8.08624	
1.95709	8.08838	
1.95679	8.08777	
1.9574	8.08777	
1.95709	8.08868	
1.95801	8.08838	
1.95679	8.0896	
1.9577	8.08899	
1.95679	8.08899	
1.95709	8.08929	
1.95679	8.08899	
1.9577	8.08899	
1.95648	8.08868	
1.95831	8.08929	
1.9574	8.08929	
1.95679	8.08868	
1.9574	8.08899	
1.9574	8.08838	
1.95679	8.08868	
1.9574	8.08899	
1.95679	8.08899	
1.95801	8.08929	
1.95801	8.08929	
1.95709	8.08838	
1.95709	8.08777	
1.95801	8.08929	
1.95709	8.08868	
1.95679	8.08807	
1.95709	8.08868	
1.95648	8.08807	
1.95709	8.08929	
1.9574	8.08868	
1.95709	8.08899	
1.95679	8.08777	
1.9574	8.08838	
1.95709	8.08868	
1.95709	8.08807	
1.95709	8.08807	
1.95679	8.08807	
1.95679	8.08807	
1.95648	8.08777	
1.95679	8.08777	
1.95831	8.08868	
1.95709	8.08868	
1.95679	8.08807	
1.95679	8.08899	
1.95648	8.08838	
1.95862	8.08807	
1.95679	8.08899	
1.9574	8.08777	
1.95679	8.08838	
1.95801	8.08929	
1.95679	8.08899	
1.9574	8.08899	
1.95709	8.08899	
1.9574	8.08868	
1.95709	8.08838	
1.9574	8.08838	
1.95648	8.08868	
1.9574	8.08899	
1.9577	8.0896	
1.9574	8.0896	
1.9577	8.08868	
1.95679	8.0896	
1.95679	8.08807	
1.95648	8.08868	
1.95679	8.08868	
1.95679	8.08838	
1.9577	8.08838	
1.95709	8.08838	
1.9574	8.08868	
1.9574	8.08929	
1.9577	8.08868	
1.95709	8.08868	
1.95709	8.08929	
1.95679	8.08929	
1.95679	8.0896	
1.95648	8.08899	
1.95618	8.08899	
1.95618	8.0896	
1.95679	8.08929	
1.95648	8.08899	
1.9574	8.08899	
1.95679	8.08929	
1.95709	8.0899	
1.95709	8.08899	
1.9574	8.08899	
1.95801	8.08929	
1.95709	8.08868	
1.95709	8.08777	
1.9574	8.08899	
1.95709	8.08929	
1.95648	8.08899	
1.95831	8.08929	
1.9574	8.08899	
1.9574	8.08868	
1.95587	8.08929	
1.95618	8.08807	
1.95648	8.08868	
1.95618	8.08899	
1.95709	8.08868	
1.95648	8.08868	
1.95679	8.08868	
1.95709	8.08899	
1.95801	8.08807	
1.9574	8.08929	
1.95648	8.08746	
1.95648	8.08868	
1.9577	8.08777	
1.95648	8.08807	
1.95679	8.08807	
1.95709	8.08807	
1.9574	8.08838	
1.95801	8.08899	
1.95709	8.08899	
1.95648	8.08807	
1.95618	8.08807	
1.95648	8.08838	
1.95648	8.08746	
1.95587	8.08807	
1.95679	8.08868	
1.9574	8.08807	
1.95679	8.08868	
1.95679	8.08929	
1.95648	8.0896	
1.95648	8.0899	
1.95679	8.08899	
1.95618	8.08868	
1.95618	8.08899	
1.95618	8.08929	
1.95587	8.08899	
1.9574	8.08929	
1.9574	8.08868	
1.95709	8.08807	
1.95679	8.08777	
1.95801	8.08868	
1.9574	8.08807	
1.95679	8.08868	
1.95618	8.08777	
1.95679	8.08929	
1.95648	8.08899	
1.95648	8.08868	
1.95679	8.08838	
1.9577	8.08868	
1.95801	8.08899	
1.95648	8.08868	
1.95709	8.08807	
1.95679	8.08868	
1.9574	8.08899	
1.95709	8.08746	
1.95709	8.08899	
1.95587	8.08777	
1.95679	8.08807	
1.95709	8.08868	
1.95648	8.08899	
1.95709	8.08899	
1.95648	8.08807	
1.95679	8.08838	
1.95709	8.08868	
1.95679	8.08807	
1.95679	8.08929	
1.9577	8.08868	
1.95679	8.08929	
1.95648	8.08777	
1.95709	8.08868	
1.95679	8.08777	
1.95679	8.08838	
1.9577	8.08807	
1.95648	8.08807	
1.95831	8.08807	
1.9574	8.08838	
1.95679	8.08838	
1.95709	8.08807	
1.95679	8.08868	
1.9574	8.08777	
1.95709	8.08868	
1.9574	8.08899	
1.95709	8.08899	
1.95679	8.08807	
1.95618	8.08807	
1.95709	8.08838	
1.9574	8.08746	
1.95709	8.08899	
1.95648	8.08868	
1.9574	8.08868	
1.9574	8.08807	
1.9574	8.08838	
1.95587	8.08899	
1.9574	8.08838	
1.95587	8.08807	
1.9574	8.08868	
1.95618	8.08868	
1.95648	8.08807	
1.95618	8.08899	
1.95709	8.08807	
1.95709	8.08838	
1.95618	8.08868	
1.95709	8.08899	
1.9574	8.08899	
1.95679	8.08899	
1.95709	8.08868	
1.95709	8.08807	
1.9574	8.08899	
1.9577	8.08868	
1.9574	8.08838	
1.95648	8.08868	
1.9574	8.08929	
1.95648	8.08807	
1.95801	8.0896	
1.95709	8.08807	
1.95618	8.08868	
1.95648	8.08807	
1.95648	8.08838	
1.95648	8.08807	
1.95618	8.08838	
1.95709	8.08807	
1.95648	8.08899	
1.95648	8.08807	
1.95679	8.08868	
1.95679	8.08807	
1.95679	8.08929	
1.95709	8.08807	
1.95801	8.08868	
1.95679	8.08838	
1.95679	8.08777	
1.9574	8.08746	
1.95648	8.08899	
1.95709	8.08838	
1.95709	8.08807	
1.9574	8.08746	
1.95679	8.08777	
1.95709	8.08807	
1.95618	8.08716	
1.9577	8.08807	
1.95648	8.08685	
1.95648	8.08777	
1.95679	8.08746	
1.95618	8.08746	
1.9574	8.08807	
1.9574	8.08929	
1.95648	8.08899	
1.95618	8.08838	
1.95618	8.08929	
1.95679	8.08868	
1.95679	8.08899	
1.95709	8.08838	
1.9577	8.08929	
1.95709	8.08746	
1.95679	8.08807	
1.95648	8.08777	
1.95587	8.08838	
1.95648	8.08899	
1.95709	8.08777	
1.95648	8.08899	
1.95648	8.08868	
1.95648	8.08838	
1.9574	8.08777	
1.95679	8.08868	
1.95709	8.08868	
1.95679	8.08807	
1.95709	8.08868	
1.9574	8.08838	
1.95709	8.08868	
1.95679	8.08868	
1.95648	8.08838	
1.95648	8.08807	
1.95648	8.08777	
1.95648	8.08868	
1.95618	8.08807	
1.95648	8.08777	
1.95709	8.08807	
1.95679	8.08807	
1.95648	8.08807	
1.95648	8.08868	
1.95648	8.08899	
1.9574	8.08777	
1.95801	8.08746	
1.95648	8.08716	
1.95618	8.08746	
1.95679	8.08807	
1.95679	8.08838	
1.95648	8.08746	
1.95709	8.08716	
1.9574	8.08746	
1.9574	8.08807	
1.9574	8.08838	
1.95648	8.08868	
1.95648	8.08777	
1.95618	8.08807	
1.95648	8.08868	
1.9574	8.08777	
1.95648	8.08777	
1.95679	8.08716	
1.9577	8.08746	
1.95618	8.08746	
1.9574	8.08807	
1.95801	8.08868	
1.95709	8.08899	
1.95648	8.08777	
1.95679	8.08868	
1.95587	8.08655	
1.95709	8.08777	
1.95679	8.08838	
1.95679	8.08807	
1.95648	8.08777	
1.95648	8.08838	
1.95648	8.08807	
1.95709	8.08777	
1.95709	8.08899	
1.95709	8.08838	
1.95648	8.08746	
1.95618	8.08777	
1.95587	8.08838	
1.95618	8.08868	
1.95618	8.08838	
1.95648	8.08899	
1.95618	8.08899	
1.95648	8.08777	
1.95648	8.08807	
1.95618	8.08838	
1.95709	8.08838	
1.95618	8.08807	
1.95648	8.08868	
1.95587	8.08746	
1.95709	8.08807	
1.95618	8.08899	
1.95709	8.08838	
1.95587	8.08807	
1.95679	8.08838	
1.95618	8.08807	
1.95648	8.08929	
1.95648	8.08838	
1.95648	8.08807	
1.95679	8.08868	
1.95679	8.08838	
1.95648	8.08777	
1.95648	8.08777	
1.95679	8.08868	
1.95679	8.08838	
1.95679	8.08868	
1.95679	8.08807	
1.9574	8.08868	
1.95648	8.08899	
1.95709	8.08899	
1.95587	8.08899	
1.95679	8.08807	
1.95587	8.08807	
1.95618	8.08807	
1.95618	8.08868	
1.95557	8.08838	
1.95679	8.08807	
1.95648	8.08807	
1.95648	8.08807	
1.9574	8.08868	
1.95648	8.08807	
1.95618	8.08807	
1.95679	8.08838	
1.95679	8.08868	
1.95618	8.08868	
1.95648	8.08868	
1.95679	8.08838	
1.95679	8.0896	
1.95648	8.08929	
1.95709	8.08899	
1.95587	8.08838	
1.95648	8.08746	
1.95618	8.08838	
1.95709	8.08868	
1.95679	8.08777	
1.95648	8.08777	
1.95587	8.08838	
1.95618	8.08807	
1.95648	8.08838	
1.95679	8.08807	
1.95709	8.08868	
1.95679	8.08716	
1.95648	8.08777	
1.95709	8.08899	
1.95679	8.08746	
1.95557	8.08777	
1.95679	8.08807	
1.95618	8.08716	
1.95648	8.08868	
1.95709	8.08716	
1.95679	8.08716	
1.95679	8.08777	
1.95618	8.08777	
1.95587	8.08716	
1.95557	8.08746	
1.95587	8.08746	
1.95648	8.08746	
1.95618	8.08838	
1.95648	8.08685	
1.95679	8.08746	
1.95648	8.08716	
1.95709	8.08685	
1.9574	8.08685	
1.9574	8.08746	
1.95587	8.08716	
1.95679	8.08746	
1.95648	8.08746	
1.95648	8.08777	
1.95648	8.08807	
1.95679	8.08716	
1.95587	8.08746	
1.95587	8.08777	
1.95618	8.08807	
1.95648	8.08716	
1.95648	8.08838	
1.95679	8.08838	
1.95587	8.08838	
1.95618	8.08868	
1.95709	8.08899	
1.95709	8.08685	
1.95801	8.08716	
1.95709	8.08716	
1.95679	8.08746	
1.9574	8.08807	
1.9574	8.08838	
1.95618	8.08746	
1.95679	8.08777	
1.95587	8.08777	
1.95679	8.08746	
1.95648	8.08716	
1.95557	8.08777	
1.95679	8.08838	
1.95587	8.08868	
1.95709	8.08899	
1.95557	8.08838	
1.95648	8.08899	
1.95648	8.08807	
1.95618	8.08868	
1.95587	8.08807	
1.95648	8.08807	
1.95648	8.08777	
1.95648	8.08777	
1.95648	8.08868	
1.95709	8.08807	
1.95801	8.08746	
1.95618	8.08716	
1.95618	8.08777	
1.95587	8.08807	
1.95618	8.08716	
1.95618	8.08838	
1.95618	8.08685	
1.95618	8.08716	
1.95648	8.08716	
1.95587	8.08685	
1.95709	8.08807	
1.95618	8.08807	
1.95618	8.08746	
1.95587	8.08777	
1.95587	8.08777	
1.95648	8.08777	
1.95618	8.08777	
1.95648	8.08838	
1.95679	8.08838	
1.95648	8.08807	
1.95648	8.08807	
1.9574	8.08807	
1.95618	8.08899	
1.95618	8.08838	
1.95587	8.08868	
1.95618	8.08838	
1.95587	8.08899	
1.95618	8.08716	
1.95557	8.08655	
1.95648	8.08716	
1.95618	8.08716	
1.95618	8.08716	
1.95587	8.08746	
1.95526	8.08716	
1.95587	8.08685	
1.9574	8.08807	
1.95648	8.08746	
1.95496	8.08777	
1.95557	8.08777	
1.95587	8.08899	
1.95679	8.08868	
1.95648	8.08746	
1.95587	8.08746	
1.95587	8.08746	
1.95587	8.08807	
1.95618	8.08716	
1.95679	8.08838	
1.95618	8.08746	
1.95587	8.08807	
1.95618	8.0896	
1.95648	8.08777	
1.95557	8.08807	
1.95587	8.08777	
1.95557	8.08777	
1.95496	8.08777	
1.95557	8.08899	
1.94458	8.08533	
1.77582	8.06976	
1.38824	8.0365	
0.96344	7.98157	
0.583496	7.89093	
0.290833	7.72919	
0.0671387	7.4057	
-0.0820923	6.62537	
-0.155334	4.36981	
-0.134888	1.58295	
-0.0970459	0.490723	
-0.0656128	0.0704956	
-0.0430298	-0.126953	
-0.0292969	-0.234985	
-0.0192261	-0.300293	
-0.0137329	-0.33905	
-0.0100708	-0.363464	
-0.00823975	-0.377808	
-0.00579834	-0.387878	
-0.00488281	-0.393372	
-0.00457764	-0.396118	
-0.00274658	-0.399475	
-0.00274658	-0.402832	
-0.00305176	-0.403748	
-0.00366211	-0.403748	
-0.00274658	-0.408325	
-0.00274658	-0.40802	
-0.00305176	-0.40741	
-0.00274658	-0.407715	
-0.00305176	-0.407715	
-0.00335693	-0.408325	
-0.00244141	-0.408325	
-0.00274658	-0.40741	
-0.00274658	-0.40802	
-0.00244141	-0.407715	
-0.00244141	-0.404358	
-0.00244141	-0.404358	
-0.00305176	-0.404053	
-0.00305176	-0.404053	
-0.00305176	-0.404358	
-0.00366211	-0.404968	
-0.00244141	-0.404968	
-0.00305176	-0.404663	
-0.00274658	-0.404663	
-0.00335693	-0.405273	
-0.00274658	-0.408936	
-0.00244141	-0.413208	
-0.00335693	-0.413818	
-0.00274658	-0.412598	
-0.00335693	-0.409851	
-0.00396729	-0.409546	
-0.00274658	-0.408936	
-0.00274658	-0.409241	
-0.00305176	-0.40863	
-0.00305176	-0.408936	
-0.00427246	-0.410156	
-0.00274658	-0.410156	
-0.00335693	-0.409546	
-0.00335693	-0.409241	
-0.00305176	-0.405884	
-0.00274658	-0.404663	
-0.00366211	-0.40863	
-0.00305176	-0.409546	
-0.00335693	-0.409546	
-0.00274658	-0.405579	
-0.00274658	-0.404358	
-0.00274658	-0.404053	
-0.00335693	-0.404663	
-0.00305176	-0.408936	
-0.00213623	-0.408325	
-0.00335693	-0.40863	
-0.00274658	-0.408936	
-0.00305176	-0.40863	
-0.00366211	-0.409241	
-0.00335693	-0.409241	
-0.00335693	-0.408936	
-0.00274658	-0.409241	
-0.00274658	-0.409546	
-0.00335693	-0.404663	
-0.00244141	-0.404053	
-0.00244141	-0.404053	
-0.00305176	-0.404358	
-0.00335693	-0.404663	
-0.00244141	-0.403442	
-0.00274658	-0.404663	
-0.00335693	-0.404358	
-0.00305176	-0.408936	
-0.00335693	-0.409241	
-0.00335693	-0.413208	
-0.00274658	-0.414124	
-0.00213623	-0.413513	
-0.00366211	-0.409546	
-0.00335693	-0.409241	
-0.00335693	-0.409241	
-0.00427246	-0.410767	
-0.00305176	-0.409546	
-0.00274658	-0.409546	
-0.00335693	-0.409546	
-0.00335693	-0.409851	
-0.00335693	-0.40863	
-0.00305176	-0.409241	
-0.00335693	-0.40863	
-0.00244141	-0.408936	
-0.00335693	-0.40802	
-0.00335693	-0.409546	
-0.00366211	-0.409546	
-0.00274658	-0.409241	
-0.00305176	-0.410156	
-0.00305176	-0.410156	
-0.00396729	-0.410156	
-0.00305176	-0.410156	
-0.00366211	-0.409851	
-0.00305176	-0.409851	
-0.00305176	-0.410156	
-0.00274658	-0.408325	
-0.00335693	-0.406189	
-0.00366211	-0.406189	
-0.00366211	-0.406494	
-0.00366211	-0.406189	
-0.00366211	-0.405884	
-0.00274658	-0.409851	
-0.00366211	-0.410156	
-0.00305176	-0.409546	
-0.00335693	-0.409851	
-0.00244141	-0.409241	
-0.00305176	-0.409546	
-0.00396729	-0.409546	
-0.00366211	-0.410767	
-0.00396729	-0.409851	
-0.00305176	-0.405273	
-0.00427246	-0.406799	
-0.00366211	-0.410767	
-0.00244141	-0.409546	
-0.00244141	-0.409851	
-0.00213623	-0.409546	
-0.00305176	-0.405579	
-0.00305176	-0.405273	
-0.00244141	-0.404663	
-0.00305176	-0.404968	
-0.00305176	-0.404968	
-0.00305176	-0.404968	
-0.00274658	-0.404663	
-0.00274658	-0.404968	
-0.00274658	-0.405579	
-0.00335693	-0.409546	
-0.00335693	-0.409546	
-0.00335693	-0.409546	
-0.00274658	-0.409546	
-0.00335693	-0.409241	
-0.00335693	-0.408936	
-0.00274658	-0.405884	
-0.00274658	-0.405273	
-0.00366211	-0.405579	
-0.00274658	-0.405273	
-0.00366211	-0.405884	
-0.00305176	-0.405884	
-0.00335693	-0.405884	
-0.00335693	-0.405884	
-0.00305176	-0.405884	
-0.00305176	-0.406189	
-0.00335693	-0.406189	
-0.00335693	-0.409546	
-0.00213623	-0.409546	
-0.00305176	-0.409241	
-0.00244141	-0.410156	
-0.00274658	-0.410156	
-0.00183105	-0.409241	
-0.00305176	-0.410156	
-0.00305176	-0.409851	
-0.00305176	-0.409851	
-0.00274658	-0.409851	
-0.00274658	-0.409851	
-0.00274658	-0.409546	
-0.00274658	-0.406189	
-0.00274658	-0.405884	
-0.00335693	-0.405884	
-0.00244141	-0.405884	
-0.00335693	-0.406189	
-0.00305176	-0.406189	
-0.00305176	-0.406189	
-0.00396729	-0.409241	
-0.00244141	-0.405884	
-0.00213623	-0.404968	
-0.00274658	-0.408325	
-0.00335693	-0.406189	
-0.00274658	-0.405579	
-0.00274658	-0.404968	
-0.00305176	-0.406189	
-0.00244141	-0.405579	
-0.00335693	-0.410156	
-0.00305176	-0.409546	
-0.00274658	-0.40863	
-0.00335693	-0.409241	
-0.00366211	-0.409241	
-0.00274658	-0.408936	
-0.00274658	-0.409546	
-0.00366211	-0.410156	
-0.00274658	-0.405579	
-0.00366211	-0.405579	
-0.00274658	-0.405884	
-0.00274658	-0.405884	
-0.00335693	-0.406189	
-0.00213623	-0.404968	
-0.00335693	-0.406189	
-0.00274658	-0.405273	
-0.00335693	-0.406799	
-0.00335693	-0.408936	
-0.00274658	-0.409241	
-0.00335693	-0.408936	
-0.00305176	-0.406494	
-0.00366211	-0.406189	
-0.00244141	-0.405884	
-0.00366211	-0.405884	
-0.00335693	-0.409241	
-0.00366211	-0.409851	
-0.00335693	-0.410156	
-0.00274658	-0.409546	
-0.00274658	-0.409241	
-0.00244141	-0.40863	
-0.00366211	-0.409546	
-0.00274658	-0.409546	
-0.00244141	-0.40863	
-0.00305176	-0.408936	
-0.00244141	-0.40863	
-0.00305176	-0.40863	
-0.00366211	-0.406494	
-0.00305176	-0.404968	
-0.00366211	-0.404358	
-0.00335693	-0.404663	
-0.00213623	-0.405273	
-0.00366211	-0.404663	
-0.00366211	-0.409241	
-0.00335693	-0.408936	
-0.00305176	-0.409241	
-0.00305176	-0.405273	
-0.00213623	-0.409241	
-0.00335693	-0.409241	
-0.00366211	-0.409851	
-0.00305176	-0.409851	
-0.00213623	-0.413513	
-0.00335693	-0.413208	
-0.00274658	-0.410461	
-0.00305176	-0.409546	
-0.00335693	-0.409546	
-0.00213623	-0.406189	
-0.00366211	-0.405579	
-0.00244141	-0.405273	
-0.00366211	-0.405273	
-0.00305176	-0.404968	
-0.00244141	-0.405579	
-0.00305176	-0.405579	
-0.00274658	-0.405884	
-0.00274658	-0.404968	
-0.00335693	-0.405579	
-0.00335693	-0.405579	
-0.00335693	-0.406189	
-0.00274658	-0.406189	
-0.00274658	-0.406494	
-0.00366211	-0.406189	
-0.00305176	-0.406189	
-0.00366211	-0.405579	
-0.00335693	-0.405579	
-0.00427246	-0.405884	
-0.00366211	-0.401611	
-0.00335693	-0.404968	
-0.00244141	-0.405884	
-0.00305176	-0.405273	
-0.00305176	-0.408936	
-0.00305176	-0.409851	
-0.00274658	-0.409546	
-0.00335693	-0.409851	
-0.00305176	-0.405579	
-0.00366211	-0.406189	
-0.00335693	-0.405579	
-0.00305176	-0.407104	
-0.00335693	-0.405884	
-0.00366211	-0.406494	
-0.00335693	-0.405884	
-0.00213623	-0.405884	
-0.00274658	-0.408325	
-0.00274658	-0.405579	
-0.00305176	-0.405884	
-0.00335693	-0.411377	
-0.00274658	-0.409851	
-0.00274658	-0.409546	
-0.00274658	-0.409851	
-0.00305176	-0.406494	
-0.00366211	-0.406189	
-0.00396729	-0.410156	
-0.00366211	-0.409851	
-0.00396729	-0.415039	
-0.00274658	-0.415039	
-0.00274658	-0.413818	
-0.00335693	-0.414429	
-0.00305176	-0.409851	
-0.00274658	-0.406494	
-0.00274658	-0.405273	
-0.00366211	-0.409851	
-0.00305176	-0.410156	
-0.00305176	-0.409241	
-0.00366211	-0.410156	
-0.00274658	-0.413818	
-0.00274658	-0.414124	
-0.00244141	-0.414124	
-0.00274658	-0.414734	
-0.00396729	-0.411072	
-0.00366211	-0.410156	
-0.00305176	-0.409851	
-0.00335693	-0.409546	
-0.00305176	-0.409546	
-0.00335693	-0.40863	
-0.00244141	-0.413208	
-0.00335693	-0.412903	
-0.00274658	-0.409546	
-0.00335693	-0.409546	
-0.00213623	-0.409241	
-0.00305176	-0.409241	
-0.00274658	-0.410156	
-0.00335693	-0.413818	
-0.00335693	-0.410156	
-0.00274658	-0.410156	
-0.00305176	-0.409241	
-0.00366211	-0.410156	
-0.00366211	-0.409851	
-0.00305176	-0.410156	
-0.00274658	-0.409241	
-0.00305176	-0.409851	
-0.00213623	-0.409241	
-0.00274658	-0.409241	
-0.00305176	-0.408936	
-0.00305176	-0.409851	
-0.00244141	-0.409546	
-0.00335693	-0.411072	
-0.00335693	-0.407715	
-0.00366211	-0.405579	
-0.00366211	-0.406494	
-0.00305176	-0.406799	
-0.00366211	-0.410461	
-0.00213623	-0.409851	
-0.00335693	-0.405273	
-0.00305176	-0.409546	
-0.00305176	-0.410156	
-0.00305176	-0.409851	
-0.00366211	-0.409851	
-0.00274658	-0.409546	
-0.00366211	-0.410156	
-0.00274658	-0.409851	
-0.00335693	-0.409851	
-0.00335693	-0.40741	
-0.00335693	-0.406189	
-0.00305176	-0.405884	
-0.00366211	-0.406494	
-0.00305176	-0.406799	
-0.00396729	-0.406189	
-0.00335693	-0.401306	
-0.00244141	-0.401611	
-0.00305176	-0.402222	
-0.00305176	-0.401611	
-0.00335693	-0.401917	
-0.00244141	-0.402222	
-0.00335693	-0.404358	
-0.00366211	-0.406189	
-0.00305176	-0.406494	
-0.00274658	-0.405579	
-0.00305176	-0.405884	
-0.00305176	-0.405884	
-0.00305176	-0.409241	
-0.00244141	-0.409546	
-0.00305176	-0.409851	
-0.00396729	-0.409851	
-0.00335693	-0.410156	
-0.00366211	-0.410156	
-0.00305176	-0.409851	
-0.00335693	-0.410156	
-0.00274658	-0.409546	
-0.00305176	-0.409546	
-0.00183105	-0.409546	
-0.00305176	-0.410156	
-0.00335693	-0.409241	
-0.00274658	-0.413208	
-0.00305176	-0.413818	
-0.00335693	-0.413513	
-0.00274658	-0.413513	
-0.00305176	-0.413818	
-0.00305176	-0.410156	
-0.00366211	-0.413818	
-0.00274658	-0.410156	
-0.00213623	-0.414429	
-0.00274658	-0.413208	
-0.00335693	-0.413818	
-0.00274658	-0.410156	
-0.00335693	-0.409851	
-0.00335693	-0.406189	
-0.00366211	-0.406189	
-0.00244141	-0.409241	
-0.00335693	-0.408936	
-0.00274658	-0.405884	
-0.00305176	-0.409546	
-0.00274658	-0.40802	
-0.00305176	-0.404663	
-0.00305176	-0.404663	
-0.00335693	-0.404663	
-0.00335693	-0.405579	
-0.00366211	-0.409851	
-0.00305176	-0.409851	
-0.00366211	-0.409241	
-0.00366211	-0.409851	
-0.00274658	-0.406494	
-0.00274658	-0.404968	
-0.00305176	-0.409546	
-0.00274658	-0.409546	
-0.00244141	-0.410156	
-0.00244141	-0.410156	
-0.00244141	-0.407104	
-0.00396729	-0.409851	
-0.00305176	-0.409546	
-0.00366211	-0.406189	
-0.00427246	-0.406189	
-0.00335693	-0.406494	
-0.00335693	-0.409546	
-0.00335693	-0.409546	
-0.00366211	-0.410156	
-0.00274658	-0.412903	
-0.00366211	-0.411987	
-0.00305176	-0.409546	
-0.00274658	-0.410156	
-0.00366211	-0.409851	
-0.00213623	-0.40863	
-0.00366211	-0.413513	
-0.00274658	-0.410461	
-0.00244141	-0.409851	
-0.00335693	-0.409241	
-0.00305176	-0.409851	
-0.00305176	-0.409851	
-0.00335693	-0.409546	
-0.00335693	-0.410156	
-0.00274658	-0.409851	
-0.00335693	-0.410767	
-0.00335693	-0.405579	
-0.00305176	-0.405884	
-0.00244141	-0.406189	
-0.00457764	-0.406494	
-0.00396729	-0.409546	
-0.00305176	-0.409851	
-0.00274658	-0.415039	
-0.00335693	-0.414734	
-0.00335693	-0.414734	
-0.00274658	-0.413513	
-0.00335693	-0.409851	
-0.00274658	-0.409241	
-0.00274658	-0.405273	
-0.00274658	-0.404968	
-0.00396729	-0.406494	
-0.00274658	-0.405579	
-0.00244141	-0.406189	
-0.00366211	-0.409241	
-0.00366211	-0.410156	
-0.00274658	-0.409851	
-0.00335693	-0.410461	
-0.00335693	-0.410461	
-0.00335693	-0.409546	
-0.00396729	-0.411072	
-0.00396729	-0.409851	
-0.00274658	-0.409851	
-0.00427246	-0.407715	
-0.00274658	-0.409546	
-0.00335693	-0.409546	
-0.00335693	-0.409546	
-0.00366211	-0.410156	
-0.00274658	-0.409546	
-0.00244141	-0.409241	
-0.00335693	-0.409546	
-0.00305176	-0.413513	
-0.00335693	-0.414734	
-0.00335693	-0.413513	
-0.00335693	-0.411682	
-0.00274658	-0.409546	
-0.00335693	-0.408325	
-0.00274658	-0.405884	
-0.00335693	-0.406189	
-0.00274658	-0.405273	
-0.00335693	-0.405579	
-0.00274658	-0.409241	
-0.00335693	-0.409546	
-0.00305176	-0.409851	
-0.00335693	-0.409546	
-0.00244141	-0.410461	
-0.00274658	-0.406189	
-0.00335693	-0.405884	
-0.00335693	-0.406189	
-0.00335693	-0.406494	
-0.00305176	-0.405884	
-0.00335693	-0.406189	
-0.00274658	-0.405273	
