-0.00335693	-0.414124	
-0.00366211	-0.414124	
-0.00305176	-0.410156	
-0.00335693	-0.410767	
-0.00335693	-0.413818	
-0.00213623	-0.414429	
-0.00335693	-0.414124	
-0.00335693	-0.413818	
-0.00244141	-0.413513	
-0.00305176	-0.413818	
-0.00305176	-0.414124	
-0.00213623	-0.413513	
-0.00366211	-0.414124	
-0.00305176	-0.413513	
-0.00305176	-0.413513	
-0.00335693	-0.413818	
-0.00274658	-0.413513	
-0.00335693	-0.414124	
-0.00335693	-0.414124	
-0.00274658	-0.412903	
-0.00274658	-0.414429	
-0.00274658	-0.413818	
-0.00305176	-0.414124	
-0.00335693	-0.413513	
-0.00335693	-0.413513	
-0.00274658	-0.413513	
-0.00274658	-0.413208	
-0.00305176	-0.413818	
-0.00305176	-0.414429	
-0.00335693	-0.414734	
-0.00305176	-0.414429	
-0.00244141	-0.413513	
-0.00396729	-0.413208	
-0.00244141	-0.411072	
-0.00244141	-0.409851	
-0.00335693	-0.411987	
-0.00305176	-0.414124	
-0.00366211	-0.414734	
-0.00335693	-0.414124	
-0.00305176	-0.414734	
-0.00305176	-0.414124	
-0.00427246	-0.414734	
-0.00457764	-0.414124	
-0.00335693	-0.410461	
-0.00305176	-0.409851	
-0.00274658	-0.413513	
-0.00305176	-0.415039	
-0.00305176	-0.414124	
-0.00305176	-0.414124	
-0.00274658	-0.414124	
-0.00335693	-0.413818	
-0.00305176	-0.409546	
-0.00305176	-0.409241	
-0.00366211	-0.409546	
-0.00396729	-0.413818	
-0.00366211	-0.414124	
-0.00305176	-0.414734	
-0.00274658	-0.414124	
-0.00366211	-0.413818	
-0.00366211	-0.414429	
-0.00396729	-0.414734	
-0.00305176	-0.413818	
-0.00274658	-0.414734	
-0.00305176	-0.414124	
-0.00305176	-0.413818	
-0.00335693	-0.410767	
-0.00366211	-0.409546	
-0.00335693	-0.408936	
-0.00396729	-0.414124	
-0.00305176	-0.414124	
-0.00305176	-0.414734	
-0.00335693	-0.413513	
-0.00244141	-0.414429	
-0.00305176	-0.414124	
-0.00305176	-0.413818	
-0.00274658	-0.413208	
-0.00244141	-0.413818	
-0.00335693	-0.414429	
-0.00305176	-0.413818	
-0.00305176	-0.418091	
-0.00213623	-0.41748	
-0.00335693	-0.417786	
-0.00213623	-0.41748	
-0.00274658	-0.417786	
-0.00366211	-0.413818	
-0.00305176	-0.413208	
-0.00274658	-0.413208	
-0.00274658	-0.413818	
-0.00274658	-0.414124	
-0.00183105	-0.413208	
-0.00213623	-0.412903	
-0.00274658	-0.413818	
-0.00244141	-0.417175	
-0.00335693	-0.418091	
-0.00213623	-0.417175	
-0.00274658	-0.413818	
-0.00274658	-0.413818	
-0.00274658	-0.414429	
-0.00274658	-0.414124	
-0.00305176	-0.414429	
-0.00305176	-0.414124	
-0.00274658	-0.414734	
-0.00244141	-0.414124	
-0.00305176	-0.413818	
-0.00305176	-0.413513	
-0.00274658	-0.413818	
-0.00274658	-0.418396	
-0.00152588	-0.417175	
-0.00152588	-0.41687	
-0.00183105	-0.417786	
-0.00213623	-0.417175	
-0.00305176	-0.413818	
-0.00274658	-0.413208	
-0.00335693	-0.413818	
-0.00274658	-0.413513	
-0.00335693	-0.413513	
-0.00366211	-0.413818	
-0.00244141	-0.418091	
-0.00213623	-0.418091	
-0.00244141	-0.417786	
-0.00305176	-0.417786	
-0.00274658	-0.418396	
-0.00213623	-0.414734	
-0.00335693	-0.414734	
-0.00274658	-0.413818	
-0.00244141	-0.414124	
-0.00244141	-0.41748	
-0.00274658	-0.417786	
-0.00274658	-0.417786	
-0.00305176	-0.41748	
-0.00274658	-0.417786	
-0.00244141	-0.414429	
-0.00335693	-0.413208	
-0.00274658	-0.410156	
-0.00244141	-0.409546	
-0.00305176	-0.410156	
-0.00305176	-0.410156	
-0.00335693	-0.410156	
-0.00274658	-0.409546	
-0.00274658	-0.409546	
-0.00305176	-0.409851	
-0.00274658	-0.409851	
-0.00305176	-0.409241	
-0.00183105	-0.40802	
-0.00244141	-0.409546	
-0.00335693	-0.408936	
-0.00274658	-0.408325	
-0.00244141	-0.40802	
-0.00183105	-0.408936	
-0.00244141	-0.409241	
-0.00274658	-0.414124	
-0.00335693	-0.413818	
-0.00305176	-0.414124	
-0.00305176	-0.413818	
-0.00274658	-0.409546	
-0.00244141	-0.409241	
-0.00366211	-0.414124	
-0.00335693	-0.414429	
-0.00335693	-0.413818	
-0.00274658	-0.413513	
-0.00335693	-0.413818	
-0.00366211	-0.415039	
-0.00335693	-0.415039	
-0.00335693	-0.414734	
-0.00305176	-0.414734	
-0.00335693	-0.414124	
-0.00274658	-0.414124	
-0.00305176	-0.419006	
-0.00366211	-0.418396	
-0.00274658	-0.418091	
-0.00274658	-0.413818	
-0.00305176	-0.414124	
-0.00305176	-0.413513	
-0.00274658	-0.413818	
-0.00305176	-0.413513	
-0.00305176	-0.413818	
-0.00366211	-0.414124	
-0.00335693	-0.413818	
-0.00244141	-0.413818	
-0.00274658	-0.413818	
-0.00366211	-0.417175	
-0.00244141	-0.41748	
-0.00244141	-0.41748	
-0.00244141	-0.417786	
-0.00366211	-0.418396	
-0.00335693	-0.414124	
-0.00335693	-0.414429	
-0.00274658	-0.413513	
-0.00305176	-0.413818	
-0.00305176	-0.413513	
-0.00335693	-0.413818	
-0.00274658	-0.413208	
-0.00335693	-0.417786	
-0.00305176	-0.418091	
-0.00305176	-0.41748	
-0.00274658	-0.417786	
-0.00366211	-0.418091	
-0.00335693	-0.418091	
-0.00305176	-0.418091	
-0.00335693	-0.420227	
-0.00396729	-0.418091	
-0.00244141	-0.418701	
-0.00335693	-0.418091	
-0.00305176	-0.417786	
-0.00305176	-0.41748	
-0.00274658	-0.417786	
-0.00274658	-0.417175	
-0.00335693	-0.415649	
-0.00396729	-0.413513	
-0.00305176	-0.414124	
-0.00305176	-0.413818	
-0.00366211	-0.413818	
-0.00335693	-0.414124	
-0.00366211	-0.414429	
-0.00244141	-0.41626	
-0.00274658	-0.418396	
-0.00274658	-0.414734	
-0.00274658	-0.413208	
-0.00335693	-0.414124	
-0.00305176	-0.409851	
-0.00396729	-0.413818	
-0.00305176	-0.409241	
-0.00366211	-0.409546	
-0.00366211	-0.409241	
-0.00305176	-0.409241	
-0.00244141	-0.410156	
-0.00305176	-0.414124	
-0.00274658	-0.413818	
-0.00274658	-0.417175	
-0.00274658	-0.418701	
-0.00305176	-0.414429	
-0.00335693	-0.413818	
-0.00335693	-0.414124	
-0.00305176	-0.413208	
-0.00335693	-0.413818	
-0.00274658	-0.413513	
-0.00305176	-0.413818	
-0.00335693	-0.41687	
-0.00305176	-0.414734	
-0.00305176	-0.413513	
-0.00335693	-0.414124	
-0.00274658	-0.413818	
-0.00244141	-0.41626	
-0.00335693	-0.417786	
-0.00305176	-0.418091	
-0.00274658	-0.413513	
-0.00244141	-0.413818	
-0.00244141	-0.413818	
-0.00366211	-0.413818	
-0.00244141	-0.414124	
-0.00305176	-0.414429	
-0.00274658	-0.413818	
-0.00274658	-0.411377	
-0.00335693	-0.409851	
-0.00335693	-0.413818	
-0.00305176	-0.413818	
-0.00274658	-0.414124	
-0.00305176	-0.413513	
-0.00274658	-0.413513	
-0.00335693	-0.413818	
-0.00305176	-0.413818	
-0.00274658	-0.413818	
-0.00366211	-0.414734	
-0.00335693	-0.414734	
-0.00366211	-0.410156	
-0.00244141	-0.409546	
-0.00274658	-0.409851	
-0.00305176	-0.409546	
-0.00305176	-0.413513	
-0.00305176	-0.414429	
-0.00366211	-0.414124	
-0.00366211	-0.415039	
-0.00335693	-0.413818	
-0.00244141	-0.413818	
-0.00305176	-0.414124	
-0.00305176	-0.413208	
-0.00274658	-0.413818	
-0.00335693	-0.413513	
-0.00335693	-0.413818	
-0.00213623	-0.413513	
-0.00366211	-0.413818	
-0.00213623	-0.413818	
-0.00152588	-0.417786	
-0.00244141	-0.418091	
-0.00335693	-0.418396	
-0.00366211	-0.417786	
-0.00305176	-0.418396	
-0.00335693	-0.414734	
-0.00274658	-0.417175	
-0.00305176	-0.414124	
-0.00274658	-0.413818	
-0.00305176	-0.414124	
-0.00335693	-0.413513	
-0.00244141	-0.414429	
-0.00335693	-0.415039	
-0.00335693	-0.413818	
-0.00335693	-0.414734	
-0.00274658	-0.413513	
-0.00244141	-0.413208	
-0.00274658	-0.413513	
-0.00335693	-0.413513	
-0.00335693	-0.413513	
-0.00274658	-0.414124	
-0.00305176	-0.41748	
-0.00305176	-0.418396	
-0.00366211	-0.417786	
-0.00274658	-0.418091	
-0.00305176	-0.417786	
-0.00305176	-0.41748	
-0.00335693	-0.418091	
-0.00305176	-0.414734	
-0.00213623	-0.413818	
-0.00335693	-0.414124	
-0.00335693	-0.413818	
-0.00274658	-0.413208	
-0.00335693	-0.414124	
-0.00305176	-0.414124	
-0.00274658	-0.413513	
-0.00305176	-0.409851	
-0.00305176	-0.408936	
-0.00274658	-0.413513	
-0.00335693	-0.413513	
-0.00305176	-0.414124	
-0.00244141	-0.413513	
-0.00244141	-0.417786	
-0.00305176	-0.418396	
-0.00335693	-0.415649	
-0.00274658	-0.413818	
-0.00213623	-0.413818	
-0.00335693	-0.409851	
-0.00366211	-0.409851	
-0.00305176	-0.410156	
-0.00244141	-0.409851	
-0.00274658	-0.413513	
-0.00274658	-0.413208	
-0.00305176	-0.414124	
-0.00213623	-0.414429	
-0.00244141	-0.413208	
-0.00305176	-0.413818	
-0.00305176	-0.412598	
-0.00274658	-0.408936	
-0.00274658	-0.409851	
-0.00213623	-0.408936	
-0.00305176	-0.413513	
-0.00213623	-0.412292	
-0.00183105	-0.412598	
-0.00335693	-0.409546	
-0.00305176	-0.409546	
-0.00274658	-0.409851	
-0.00274658	-0.409241	
-0.00305176	-0.408936	
-0.00274658	-0.410156	
-0.00305176	-0.409546	
-0.00274658	-0.408936	
-0.00274658	-0.413818	
-0.00274658	-0.413513	
-0.00305176	-0.412903	
-0.00366211	-0.414124	
-0.00335693	-0.414734	
-0.00244141	-0.411072	
-0.00335693	-0.410156	
-0.00244141	-0.412903	
-0.00274658	-0.413513	
-0.00305176	-0.413818	
-0.00274658	-0.414124	
-0.00305176	-0.414124	
-0.00335693	-0.414429	
-0.00274658	-0.413818	
-0.00366211	-0.414734	
-0.00335693	-0.414429	
-0.00274658	-0.413818	
-0.00335693	-0.413513	
-0.00366211	-0.413818	
-0.00274658	-0.414429	
-0.00274658	-0.413208	
-0.00213623	-0.413208	
-0.00366211	-0.413513	
-0.00213623	-0.413208	
-0.00244141	-0.416565	
-0.00335693	-0.412292	
-0.00274658	-0.413513	
-0.00244141	-0.417175	
-0.00274658	-0.417175	
-0.00305176	-0.412903	
-0.00183105	-0.412903	
-0.00244141	-0.413208	
-0.00244141	-0.412903	
-0.00213623	-0.412903	
-0.00213623	-0.412598	
-0.00335693	-0.412903	
-0.00305176	-0.413818	
-0.00244141	-0.413208	
-0.00305176	-0.413513	
-0.00244141	-0.414124	
-0.00335693	-0.412903	
-0.00274658	-0.413818	
-0.00274658	-0.413208	
-0.00305176	-0.414429	
-0.00335693	-0.413208	
-0.00305176	-0.414429	
-0.00244141	-0.412903	
-0.00335693	-0.413513	
-0.00335693	-0.413818	
-0.00335693	-0.413818	
-0.00305176	-0.413513	
-0.00305176	-0.414124	
-0.00335693	-0.413513	
-0.00244141	-0.413513	
-0.00305176	-0.413513	
-0.00335693	-0.413818	
-0.00213623	-0.41748	
-0.00244141	-0.41748	
-0.00335693	-0.418091	
-0.00335693	-0.418396	
-0.00274658	-0.417786	
-0.00366211	-0.418091	
-0.00335693	-0.418091	
-0.00244141	-0.415039	
-0.00244141	-0.413513	
-0.00335693	-0.413513	
-0.00305176	-0.413818	
-0.00335693	-0.409851	
-0.00305176	-0.409241	
-0.00305176	-0.413513	
-0.00396729	-0.414124	
-0.00244141	-0.413208	
-0.00335693	-0.409241	
-0.00274658	-0.409546	
-0.00305176	-0.413513	
-0.00396729	-0.413818	
-0.00244141	-0.413208	
-0.00335693	-0.414124	
-0.00366211	-0.414124	
-0.00213623	-0.416565	
-0.00183105	-0.41748	
-0.00152588	-0.417786	
-0.00244141	-0.41748	
-0.0012207	-0.416565	
-0.00274658	-0.417175	
-0.00305176	-0.417175	
-0.00274658	-0.412903	
-0.00274658	-0.413818	
-0.00274658	-0.410156	
-0.00396729	-0.414124	
-0.00213623	-0.414429	
-0.00305176	-0.414124	
-0.00274658	-0.413818	
-0.00305176	-0.414124	
-0.00274658	-0.413208	
-0.00335693	-0.413513	
-0.00335693	-0.418091	
-0.00335693	-0.418396	
-0.00305176	-0.414429	
-0.00305176	-0.414429	
-0.00305176	-0.413818	
-0.00305176	-0.413818	
-0.00335693	-0.414124	
-0.00274658	-0.413513	
-0.00213623	-0.412598	
-0.00305176	-0.412903	
-0.00213623	-0.413818	
-0.00244141	-0.413818	
-0.00305176	-0.414124	
-0.00396729	-0.413208	
-0.00274658	-0.413818	
-0.00335693	-0.413818	
-0.00244141	-0.417786	
-0.00274658	-0.417786	
-0.00274658	-0.417786	
-0.00335693	-0.413818	
-0.00305176	-0.413818	
-0.00335693	-0.414429	
-0.00366211	-0.413513	
-0.00274658	-0.408936	
-0.00244141	-0.413513	
-0.00335693	-0.413513	
-0.00244141	-0.413818	
-0.00244141	-0.413818	
-0.00305176	-0.413818	
-0.00335693	-0.413818	
-0.00305176	-0.411072	
-0.00305176	-0.409851	
-0.00244141	-0.409851	
-0.00244141	-0.410461	
-0.00274658	-0.409546	
-0.00244141	-0.409851	
-0.00366211	-0.409851	
-0.00305176	-0.413208	
-0.00305176	-0.413208	
-0.00335693	-0.413818	
-0.00335693	-0.411072	
-0.00244141	-0.410767	
-0.00335693	-0.409851	
-0.00335693	-0.413818	
-0.00244141	-0.413208	
-0.00274658	-0.413818	
-0.00335693	-0.414124	
-0.00274658	-0.413818	
-0.00244141	-0.414124	
-0.00244141	-0.418091	
-0.00274658	-0.41748	
-0.00274658	-0.41748	
-0.00244141	-0.41748	
-0.00274658	-0.417175	
-0.00213623	-0.417786	
-0.00213623	-0.418091	
-0.00274658	-0.413513	
-0.00274658	-0.413208	
-0.00244141	-0.409546	
-0.00274658	-0.409851	
-0.00335693	-0.408936	
-0.00213623	-0.409241	
-0.00305176	-0.409546	
-0.00305176	-0.410156	
-0.00335693	-0.409851	
-0.00305176	-0.414429	
-0.00274658	-0.414124	
-0.00274658	-0.418091	
-0.00244141	-0.418701	
-0.00335693	-0.418701	
-0.00274658	-0.419922	
-0.00335693	-0.419312	
-0.00335693	-0.419312	
-0.00274658	-0.418091	
-0.00213623	-0.414429	
-0.00274658	-0.413208	
-0.00305176	-0.413208	
-0.00274658	-0.413208	
-0.00305176	-0.411377	
-0.00305176	-0.410156	
-0.00305176	-0.413818	
-0.00244141	-0.413818	
-0.00305176	-0.414429	
-0.00274658	-0.413818	
-0.00274658	-0.414429	
-0.00274658	-0.413818	
-0.00274658	-0.413818	
-0.00274658	-0.413513	
-0.00305176	-0.413513	
-0.00274658	-0.414124	
-0.00305176	-0.412903	
-0.00335693	-0.413818	
-0.00274658	-0.413818	
-0.00244141	-0.415955	
-0.00427246	-0.413513	
-0.00305176	-0.413513	
-0.00335693	-0.418091	
-0.00335693	-0.418396	
-0.00335693	-0.417786	
-0.00396729	-0.414734	
-0.00396729	-0.415039	
-0.00244141	-0.414124	
-0.00335693	-0.412598	
-0.00244141	-0.411682	
-0.00366211	-0.413818	
-0.00305176	-0.414429	
-0.00427246	-0.413513	
-0.00244141	-0.413513	
-0.00335693	-0.410461	
-0.00244141	-0.412292	
-0.00274658	-0.413818	
-0.00335693	-0.413818	
-0.00244141	-0.413208	
-0.00244141	-0.413818	
-0.00274658	-0.413208	
-0.00244141	-0.412903	
-0.00305176	-0.413513	
-0.00335693	-0.413208	
-0.00274658	-0.413818	
-0.00305176	-0.413208	
-0.00335693	-0.413818	
-0.00274658	-0.413818	
-0.00335693	-0.413208	
-0.00366211	-0.413208	
-0.00244141	-0.413208	
-0.00213623	-0.415955	
-0.00305176	-0.418091	
-0.00244141	-0.417786	
-0.00213623	-0.417175	
-0.00305176	-0.418091	
-0.00305176	-0.418396	
-0.00305176	-0.418091	
-0.00366211	-0.418091	
-0.00244141	-0.417786	
-0.00305176	-0.418091	
-0.00366211	-0.41748	
-0.00335693	-0.418396	
-0.00335693	-0.414124	
-0.00305176	-0.413818	
-0.00366211	-0.414734	
-0.00335693	-0.414429	
-0.00366211	-0.414734	
-0.00305176	-0.413818	
-0.00274658	-0.414124	
-0.00305176	-0.414734	
-0.00244141	-0.409851	
-0.00335693	-0.413818	
-0.00213623	-0.414124	
-0.00305176	-0.413818	
-0.00335693	-0.417175	
-0.00396729	-0.415039	
-0.00335693	-0.418701	
-0.00335693	-0.418091	
-0.00274658	-0.417786	
-0.00305176	-0.414124	
-0.00366211	-0.417786	
-0.00274658	-0.417786	
-0.00274658	-0.414124	
-0.00335693	-0.413818	
-0.00335693	-0.414429	
-0.00244141	-0.414429	
-0.00366211	-0.417786	
-0.00305176	-0.418091	
-0.00244141	-0.413818	
-0.00396729	-0.414124	
-0.00305176	-0.414734	
-0.00274658	-0.413818	
-0.00335693	-0.413208	
-0.00305176	-0.413513	
-0.00305176	-0.413513	
-0.00335693	-0.41687	
-0.00335693	-0.418396	
-0.00335693	-0.417786	
-0.00274658	-0.418701	
-0.00305176	-0.418701	
-0.00305176	-0.414734	
-0.00274658	-0.413818	
-0.00274658	-0.413818	
-0.00335693	-0.41687	
-0.00305176	-0.418396	
-0.00183105	-0.41748	
-0.00305176	-0.414734	
-0.00335693	-0.414734	
-0.00274658	-0.413818	
-0.00366211	-0.418396	
-0.00274658	-0.415039	
-0.00305176	-0.414124	
-0.00305176	-0.414124	
-0.00305176	-0.413818	
-0.00305176	-0.413513	
-0.00305176	-0.414124	
-0.00366211	-0.413818	
-0.00335693	-0.414124	
-0.00244141	-0.413818	
-0.00335693	-0.413818	
-0.00305176	-0.413208	
-0.00366211	-0.414124	
-0.00335693	-0.410156	
-0.00213623	-0.410156	
-0.00305176	-0.409851	
-0.00366211	-0.414429	
-0.00274658	-0.414124	
-0.00305176	-0.418091	
-0.00335693	-0.418091	
-0.00335693	-0.417786	
-0.00274658	-0.418091	
-0.00244141	-0.418091	
-0.00274658	-0.417175	
-0.00244141	-0.413208	
-0.00244141	-0.413208	
-0.00305176	-0.413818	
-0.00274658	-0.413208	
-0.00305176	-0.413513	
-0.00274658	-0.414124	
-0.00244141	-0.413818	
-0.00335693	-0.413513	
-0.00335693	-0.413818	
-0.00274658	-0.413208	
-0.00305176	-0.413208	
-0.00305176	-0.40863	
-0.00305176	-0.411987	
-0.00274658	-0.413208	
-0.00366211	-0.412598	
-0.00274658	-0.413513	
-0.00274658	-0.414124	
-0.00305176	-0.412903	
-0.00213623	-0.412292	
-0.00274658	-0.412598	
-0.00274658	-0.413208	
-0.00274658	-0.412903	
-0.00274658	-0.413208	
-0.00366211	-0.414124	
-0.00396729	-0.414124	
-0.00244141	-0.408936	
-0.00335693	-0.411682	
-0.00305176	-0.414734	
-0.00305176	-0.413818	
-0.00274658	-0.414124	
-0.00335693	-0.413818	
-0.00305176	-0.414124	
-0.00335693	-0.414124	
-0.00274658	-0.414124	
-0.00305176	-0.414429	
-0.00274658	-0.414429	
-0.00274658	-0.413818	
-0.00305176	-0.413818	
-0.00335693	-0.413818	
-0.00366211	-0.414734	
-0.00305176	-0.414734	
-0.00305176	-0.414124	
-0.00335693	-0.413513	
-0.00244141	-0.413513	
-0.00274658	-0.409851	
-0.00305176	-0.409851	
-0.00366211	-0.413513	
-0.00305176	-0.414124	
-0.00244141	-0.415039	
-0.00213623	-0.414124	
-0.00274658	-0.413513	
-0.00305176	-0.414429	
-0.00335693	-0.415039	
-0.00305176	-0.414734	
-0.00305176	-0.414124	
-0.00305176	-0.414124	
-0.00274658	-0.414124	
-0.00244141	-0.414429	
-0.00274658	-0.414124	
-0.00305176	-0.413208	
-0.00305176	-0.413208	
-0.00274658	-0.413513	
-0.00305176	-0.414124	
-0.00274658	-0.414124	
-0.00305176	-0.413208	
-0.00274658	-0.413208	
-0.00335693	-0.414124	
-0.00335693	-0.413818	
-0.00274658	-0.413818	
-0.00244141	-0.413513	
-0.00335693	-0.414124	
-0.00274658	-0.414734	
-0.00305176	-0.414734	
-0.00335693	-0.413208	
-0.00305176	-0.418396	
-0.00305176	-0.418091	
-0.00335693	-0.416565	
-0.00244141	-0.414734	
-0.00213623	-0.413818	
-0.00305176	-0.414124	
-0.00305176	-0.414124	
-0.00244141	-0.413208	
-0.00274658	-0.413208	
-0.00274658	-0.413513	
-0.00305176	-0.410767	
-0.00366211	-0.409241	
-0.00305176	-0.414124	
-0.00335693	-0.414429	
-0.00305176	-0.413818	
-0.00305176	-0.410156	
-0.00244141	-0.409241	
-0.00305176	-0.408325	
-0.00244141	-0.408936	
-0.00213623	-0.408936	
-0.00274658	-0.413818	
-0.00335693	-0.413818	
-0.00244141	-0.413513	
-0.00305176	-0.413513	
-0.00305176	-0.413208	
-0.00274658	-0.413513	
-0.00305176	-0.413818	
-0.00274658	-0.413513	
-0.00183105	-0.413513	
-0.00305176	-0.413513	
-0.00366211	-0.413818	
-0.00244141	-0.414429	
-0.00396729	-0.410156	
-0.00335693	-0.410156	
-0.00335693	-0.409546	
-0.00274658	-0.412598	
-0.00305176	-0.414124	
-0.00335693	-0.413818	
-0.00244141	-0.413818	
-0.00305176	-0.413208	
-0.00335693	-0.413818	
-0.00335693	-0.413818	
-0.00274658	-0.412903	
-0.00244141	-0.412598	
-0.00244141	-0.408936	
-0.00274658	-0.40863	
-0.00213623	-0.408936	
-0.00335693	-0.413818	
-0.00305176	-0.414429	
-0.00335693	-0.414124	
-0.00335693	-0.413818	
-0.00305176	-0.414124	
-0.00244141	-0.414429	
-0.00366211	-0.414429	
-0.00305176	-0.414124	
-0.00335693	-0.414124	
-0.00244141	-0.41748	
-0.00335693	-0.414124	
-0.00274658	-0.413208	
-0.00244141	-0.414734	
-0.00305176	-0.414124	
-0.00335693	-0.414124	
-0.00335693	-0.413818	
-0.00335693	-0.414124	
-0.00335693	-0.409546	
-0.00396729	-0.410767	
-0.00366211	-0.406494	
-0.00274658	-0.405579	
-0.00274658	-0.405884	
-0.00274658	-0.409546	
-0.00274658	-0.410156	
-0.00274658	-0.409241	
-0.00335693	-0.411987	
-0.00274658	-0.413818	
-0.00274658	-0.413818	
-0.00366211	-0.413513	
-0.00274658	-0.413818	
-0.00366211	-0.413513	
-0.00335693	-0.414429	
-0.00305176	-0.413818	
-0.00274658	-0.413513	
-0.00274658	-0.413513	
-0.00335693	-0.409241	
-0.00427246	-0.413513	
-0.00335693	-0.412598	
-0.00274658	-0.413818	
-0.00244141	-0.413818	
-0.00396729	-0.413818	
-0.00335693	-0.414429	
-0.00274658	-0.409546	
-0.00244141	-0.413208	
-0.00183105	-0.412903	
-0.00335693	-0.413208	
-0.00274658	-0.413208	
-0.00213623	-0.412292	
-0.00305176	-0.414124	
-0.00305176	-0.410156	
-0.00305176	-0.411682	
-0.00305176	-0.413513	
-0.00305176	-0.413513	
-0.00305176	-0.414124	
-0.00305176	-0.410156	
-0.00305176	-0.410767	
-0.00274658	-0.412903	
-0.00366211	-0.413208	
-0.00183105	-0.413513	
-0.00274658	-0.413513	
-0.00366211	-0.413818	
-0.00274658	-0.413818	
-0.00366211	-0.413513	
-0.00244141	-0.413513	
-0.00366211	-0.413818	
-0.00305176	-0.413818	
-0.00274658	-0.41748	
-0.00244141	-0.418091	
-0.00274658	-0.417786	
-0.00305176	-0.413818	
-0.00213623	-0.413818	
-0.00305176	-0.412903	
-0.00335693	-0.413513	
-0.00305176	-0.413513	
-0.00366211	-0.409851	
-0.00305176	-0.410156	
-0.00366211	-0.410767	
-0.00244141	-0.409851	
-0.00335693	-0.409851	
-0.00305176	-0.413208	
-0.00335693	-0.413818	
-0.00305176	-0.413818	
-0.00335693	-0.409241	
-0.00244141	-0.411377	
-0.00213623	-0.413208	
-0.00244141	-0.409546	
-0.00305176	-0.409546	
-0.00305176	-0.411072	
-0.00274658	-0.409546	
-0.00366211	-0.410767	
-0.00305176	-0.410156	
-0.00274658	-0.409851	
-0.00305176	-0.413818	
-0.00305176	-0.413818	
-0.00305176	-0.413818	
-0.00335693	-0.415039	
-0.00274658	-0.413818	
-0.00305176	-0.414124	
-0.00244141	-0.414734	
-0.00274658	-0.413818	
-0.00305176	-0.413513	
-0.00335693	-0.413513	
-0.00305176	-0.413818	
-0.00213623	-0.41748	
-0.00274658	-0.414429	
-0.00335693	-0.418091	
-0.00305176	-0.417786	
-0.00244141	-0.418701	
-0.00335693	-0.418396	
-0.00274658	-0.418091	
-0.00305176	-0.41748	
-0.00335693	-0.414124	
-0.00244141	-0.414124	
-0.00305176	-0.412903	
-0.00274658	-0.410156	
-0.00335693	-0.408936	
-0.00274658	-0.408936	
-0.00305176	-0.409546	
-0.00274658	-0.409546	
-0.00244141	-0.409851	
-0.00335693	-0.414734	
-0.00305176	-0.413818	
-0.00152588	-0.41626	
-0.00213623	-0.41748	
-0.00244141	-0.417786	
-0.00244141	-0.417786	
-0.00213623	-0.418396	
-0.00305176	-0.418396	
-0.00335693	-0.41748	
-0.00274658	-0.41687	
-0.00274658	-0.417786	
-0.00274658	-0.413818	
-0.00274658	-0.414734	
-0.00335693	-0.414734	
-0.00274658	-0.418396	
-0.00244141	-0.418701	
-0.00305176	-0.417786	
-0.00366211	-0.415039	
-0.00305176	-0.413818	
-0.00274658	-0.41687	
-0.00335693	-0.417786	
-0.00305176	-0.417786	
-0.00274658	-0.417786	
-0.00335693	-0.413818	
-0.00244141	-0.414734	
-0.00183105	-0.41748	
-0.00274658	-0.418091	
-0.00274658	-0.421753	
-0.00274658	-0.422668	
-0.00274658	-0.417786	
-0.00274658	-0.417786	
-0.00244141	-0.41748	
-0.00244141	-0.416565	
-0.00244141	-0.417175	
-0.00213623	-0.41748	
-0.00213623	-0.417786	
-0.00244141	-0.417786	
-0.00305176	-0.414124	
-0.00305176	-0.413818	
-0.00305176	-0.413513	
-0.00305176	-0.414124	
-0.00274658	-0.413818	
-0.00244141	-0.413818	
-0.00305176	-0.414734	
-0.00274658	-0.413818	
-0.00335693	-0.415344	
-0.00244141	-0.415039	
-0.00305176	-0.414734	
-0.00335693	-0.414124	
-0.00213623	-0.413818	
-0.00335693	-0.414124	
-0.00274658	-0.413818	
-0.00274658	-0.409851	
-0.00274658	-0.409546	
-0.00274658	-0.409241	
-0.00366211	-0.410156	
-0.00305176	-0.415039	
-0.00366211	-0.414429	
-0.00274658	-0.413818	
-0.00305176	-0.414734	
-0.00305176	-0.413818	
-0.00213623	-0.41748	
-0.00274658	-0.415649	
-0.00305176	-0.414429	
-0.00274658	-0.414429	
-0.00335693	-0.413513	
-0.00244141	-0.410156	
-0.00244141	-0.409851	
-0.00305176	-0.410156	
-0.00274658	-0.409851	
-0.00305176	-0.413208	
-0.00244141	-0.415649	
-0.00274658	-0.417786	
-0.00335693	-0.417786	
-0.00244141	-0.416565	
-0.00244141	-0.41748	
-0.00213623	-0.41687	
-0.00213623	-0.417175	
-0.00244141	-0.418396	
-0.00335693	-0.41748	
-0.00335693	-0.41748	
-0.00396729	-0.414124	
-0.00274658	-0.413208	
-0.00244141	-0.413208	
-0.00274658	-0.41748	
-0.00274658	-0.417786	
-0.00274658	-0.417786	
-0.00305176	-0.418091	
-0.00274658	-0.41748	
-0.00244141	-0.417786	
-0.00335693	-0.417786	
-0.00305176	-0.418396	
-0.00274658	-0.417786	
-0.00305176	-0.417786	
-0.00305176	-0.418701	
-0.00335693	-0.418091	
-0.00244141	-0.418091	
-0.00366211	-0.417786	
-0.00305176	-0.419006	
-0.00305176	-0.419006	
-0.00305176	-0.419312	
-0.00335693	-0.414124	
-0.00335693	-0.414734	
-0.00305176	-0.414429	
-0.00305176	-0.414429	
-0.00274658	-0.414124	
-0.00305176	-0.414429	
-0.00305176	-0.413818	
-0.00274658	-0.414124	
-0.00305176	-0.413513	
-0.00183105	-0.417786	
-0.00274658	-0.417786	
-0.00335693	-0.413208	
-0.00274658	-0.414124	
-0.00305176	-0.414429	
-0.00305176	-0.414124	
-0.00335693	-0.412598	
-0.00244141	-0.414124	
-0.00274658	-0.414124	
-0.00366211	-0.418396	
-0.00274658	-0.417786	
-0.00335693	-0.41748	
-0.00305176	-0.415649	
-0.00335693	-0.414429	
-0.00305176	-0.412903	
-0.00335693	-0.413513	
-0.00244141	-0.413513	
-0.00335693	-0.413818	
-0.00305176	-0.414124	
-0.00305176	-0.413818	
-0.00244141	-0.413513	
-0.00305176	-0.412903	
-0.00274658	-0.40863	
-0.00274658	-0.408936	
-0.00244141	-0.409546	
-0.00274658	-0.409546	
-0.00274658	-0.409546	
-0.00274658	-0.413513	
-0.00335693	-0.410461	
-0.00274658	-0.414429	
-0.00335693	-0.414734	
-0.00335693	-0.413818	
-0.00274658	-0.413513	
-0.00335693	-0.415039	
-0.00274658	-0.414124	
-0.00305176	-0.414734	
-0.00305176	-0.413513	
-0.00427246	-0.413208	
-0.00335693	-0.413818	
-0.00244141	-0.414124	
-0.00305176	-0.414124	
-0.00396729	-0.413818	
-0.00335693	-0.414429	
-0.00366211	-0.414429	
-0.00366211	-0.414124	
-0.00335693	-0.414429	
-0.00335693	-0.414429	
-0.00335693	-0.413513	
-0.00274658	-0.413818	
-0.00274658	-0.413208	
-0.00335693	-0.414124	
-0.00305176	-0.413513	
-0.00244141	-0.414124	
-0.00305176	-0.414429	
-0.00244141	-0.414124	
-0.00274658	-0.413818	
-0.00274658	-0.414124	
-0.00305176	-0.413208	
-0.00335693	-0.414429	
-0.00244141	-0.412903	
-0.00244141	-0.412598	
-0.00274658	-0.413818	
-0.00366211	-0.414429	
-0.00305176	-0.414124	
-0.00274658	-0.413513	
-0.00305176	-0.41748	
-0.00335693	-0.417786	
-0.00335693	-0.418396	
-0.00274658	-0.418396	
-0.00335693	-0.414734	
-0.00305176	-0.413818	
-0.00274658	-0.413513	
-0.00366211	-0.413513	
-0.00274658	-0.413818	
-0.00305176	-0.413208	
-0.00274658	-0.41687	
-0.00213623	-0.41748	
-0.00305176	-0.417786	
-0.00366211	-0.414124	
-0.00335693	-0.413818	
-0.00305176	-0.414734	
-0.00274658	-0.414429	
-0.00274658	-0.414124	
-0.00244141	-0.413818	
-0.00335693	-0.412903	
-0.00183105	-0.413208	
-0.00213623	-0.412903	
-0.00274658	-0.413818	
-0.00305176	-0.413513	
-0.00335693	-0.413818	
-0.00305176	-0.413513	
-0.00305176	-0.413513	
-0.00305176	-0.413818	
-0.00274658	-0.413208	
-0.00305176	-0.413818	
-0.00305176	-0.413818	
-0.00305176	-0.413818	
-0.00366211	-0.414429	
-0.00244141	-0.413208	
-0.00305176	-0.413513	
-0.00274658	-0.413513	
-0.00305176	-0.413208	
-0.00274658	-0.413818	
-0.00213623	-0.417175	
-0.00305176	-0.417786	
-0.00366211	-0.418396	
-0.00366211	-0.419006	
-0.00274658	-0.41687	
-0.00305176	-0.418091	
-0.00335693	-0.418396	
-0.00244141	-0.413818	
-0.00305176	-0.413818	
-0.00335693	-0.410461	
-0.00305176	-0.410156	
-0.00274658	-0.412292	
-0.00274658	-0.413818	
-0.00244141	-0.413818	
-0.00305176	-0.414734	
-0.00335693	-0.414124	
-0.00305176	-0.41748	
-0.00274658	-0.417786	
-0.00305176	-0.417786	
-0.00274658	-0.417786	
-0.00335693	-0.41687	
-0.00213623	-0.414124	
-0.00305176	-0.413513	
-0.00274658	-0.413818	
-0.00274658	-0.413818	
-0.00274658	-0.414124	
-0.00305176	-0.413513	
-0.00305176	-0.413513	
-0.00274658	-0.41626	
-0.00244141	-0.41748	
-0.00244141	-0.417786	
-0.00244141	-0.417786	
-0.00335693	-0.414124	
-0.00335693	-0.414124	
-0.00213623	-0.41687	
-0.00274658	-0.418091	
-0.00244141	-0.418091	
-0.00305176	-0.417786	
-0.00244141	-0.41748	
-0.00274658	-0.418091	
-0.00335693	-0.417786	
-0.00183105	-0.417786	
-0.00213623	-0.417786	
-0.00244141	-0.41748	
-0.00305176	-0.414429	
-0.00335693	-0.415039	
-0.00366211	-0.413513	
-0.00244141	-0.414734	
-0.00305176	-0.414124	
-0.00274658	-0.418396	
-0.00305176	-0.417786	
-0.00274658	-0.413818	
-0.00305176	-0.413818	
-0.00396729	-0.413513	
-0.00305176	-0.414124	
-0.00305176	-0.409241	
-0.00274658	-0.413513	
-0.00244141	-0.413513	
-0.00305176	-0.413818	
-0.00274658	-0.41626	
-0.00274658	-0.417786	
-0.00152588	-0.417786	
-0.00244141	-0.413513	
-0.00366211	-0.413513	
-0.00305176	-0.413818	
-0.00244141	-0.413513	
-0.00305176	-0.409546	
-0.00274658	-0.408936	
-0.00305176	-0.409851	
-0.00335693	-0.413513	
-0.00305176	-0.412903	
-0.00335693	-0.413513	
-0.00305176	-0.414124	
-0.00274658	-0.409546	
-0.00274658	-0.409851	
-0.00213623	-0.412598	
-0.00305176	-0.413818	
-0.00335693	-0.413818	
-0.00274658	-0.414124	
-0.00213623	-0.413818	
-0.00335693	-0.414124	
-0.00244141	-0.414429	
-0.00274658	-0.413513	
-0.00274658	-0.414124	
-0.00274658	-0.413818	
-0.00366211	-0.413208	
-0.00244141	-0.414429	
-0.00305176	-0.417175	
-0.00213623	-0.418091	
-0.00366211	-0.413818	
-0.00274658	-0.413818	
-0.00335693	-0.418091	
-0.00213623	-0.417786	
-0.00274658	-0.415039	
-0.00335693	-0.414124	
-0.00213623	-0.41748	
-0.00244141	-0.417175	
-0.00244141	-0.414429	
-0.00335693	-0.414124	
-0.00335693	-0.417786	
-0.00305176	-0.413513	
-0.00305176	-0.414124	
-0.00305176	-0.412903	
-0.00335693	-0.410156	
-0.00305176	-0.412903	
-0.00335693	-0.413208	
-0.00305176	-0.414429	
-0.00274658	-0.409851	
-0.00305176	-0.413513	
-0.00274658	-0.413513	
-0.00366211	-0.414734	
-0.00305176	-0.415039	
-0.00335693	-0.413818	
-0.00274658	-0.413513	
-0.00335693	-0.414734	
-0.00305176	-0.413818	
-0.00335693	-0.413513	
-0.00244141	-0.417175	
-0.00274658	-0.417175	
-0.00274658	-0.41748	
-0.00305176	-0.41748	
-0.00274658	-0.41748	
-0.00274658	-0.41748	
-0.00244141	-0.41748	
-0.00244141	-0.417175	
-0.00244141	-0.41748	
-0.00244141	-0.417786	
-0.00244141	-0.41748	
-0.00305176	-0.418396	
-0.00274658	-0.417175	
-0.00335693	-0.418091	
-0.00335693	-0.41687	
-0.00366211	-0.413818	
-0.00274658	-0.414124	
-0.00335693	-0.414734	
-0.00335693	-0.413513	
-0.00244141	-0.413818	
-0.00335693	-0.418396	
-0.00305176	-0.417786	
-0.00305176	-0.414124	
-0.00274658	-0.41687	
-0.00305176	-0.415039	
-0.00366211	-0.414734	
-0.00244141	-0.417175	
-0.00244141	-0.41748	
-0.00274658	-0.418396	
-0.00366211	-0.417786	
-0.00335693	-0.418091	
-0.00274658	-0.41748	
-0.00274658	-0.414124	
-0.00335693	-0.414124	
-0.00305176	-0.413208	
-0.00335693	-0.414124	
-0.00274658	-0.413208	
-0.00183105	-0.413208	
-0.00274658	-0.41687	
-0.00244141	-0.41748	
-0.00213623	-0.417786	
-0.00274658	-0.41748	
-0.00213623	-0.41748	
-0.00244141	-0.413208	
-0.00244141	-0.413208	
-0.00183105	-0.41687	
-0.00305176	-0.418091	
-0.00305176	-0.414734	
-0.00274658	-0.413818	
-0.00335693	-0.413513	
-0.00274658	-0.413818	
-0.00335693	-0.414734	
-0.00244141	-0.414124	
-0.00244141	-0.413513	
-0.00305176	-0.413818	
-0.00274658	-0.413513	
-0.00335693	-0.413513	
-0.00305176	-0.413208	
-0.00274658	-0.413818	
-0.00335693	-0.414124	
-0.00244141	-0.413818	
-0.00244141	-0.413513	
-0.00335693	-0.413513	
-0.00335693	-0.413818	
-0.00274658	-0.413818	
-0.00244141	-0.417786	
-0.00213623	-0.417175	
-0.00274658	-0.418396	
-0.00244141	-0.417786	
-0.00335693	-0.418396	
-0.00244141	-0.414124	
-0.00274658	-0.411377	
-0.00244141	-0.408936	
-0.00244141	-0.409851	
-0.00427246	-0.409851	
-0.00274658	-0.410461	
-0.00183105	-0.408936	
-0.00213623	-0.40863	
-0.00213623	-0.408325	
-0.00274658	-0.408325	
-0.00305176	-0.411987	
-0.00305176	-0.413818	
-0.00305176	-0.413818	
-0.00274658	-0.411987	
-0.00274658	-0.408936	
-0.00305176	-0.408936	
-0.00335693	-0.409546	
-0.00274658	-0.409546	
-0.00366211	-0.409851	
-0.00213623	-0.412598	
-0.00305176	-0.414429	
-0.00244141	-0.413818	
-0.00335693	-0.414429	
-0.00305176	-0.411377	
-0.00366211	-0.410156	
-0.00305176	-0.409546	
-0.00183105	-0.409851	
-0.00366211	-0.410156	
-0.00335693	-0.409851	
-0.00335693	-0.409546	
-0.00305176	-0.409241	
-0.00335693	-0.409546	
-0.00305176	-0.409241	
-0.00305176	-0.410156	
-0.00274658	-0.413513	
-0.00244141	-0.414124	
-0.00305176	-0.413513	
-0.00244141	-0.409241	
-0.00244141	-0.408325	
-0.00335693	-0.409546	
-0.00274658	-0.414124	
-0.00366211	-0.414124	
-0.00396729	-0.414429	
-0.00244141	-0.41687	
-0.00213623	-0.418396	
-0.00274658	-0.418091	
-0.00335693	-0.415039	
-0.00274658	-0.414124	
-0.00305176	-0.413818	
-0.00244141	-0.411377	
-0.00305176	-0.408936	
-0.00305176	-0.409546	
-0.00274658	-0.409241	
-0.00305176	-0.409241	
-0.00305176	-0.412903	
-0.00366211	-0.414124	
-0.00305176	-0.414429	
-0.00244141	-0.413818	
-0.00366211	-0.413818	
-0.00335693	-0.417175	
-0.00183105	-0.417175	
-0.00274658	-0.418091	
-0.00305176	-0.41748	
-0.00396729	-0.415039	
-0.00488281	-0.40863	
-0.00823975	-0.396423	
-0.010376	-0.377502	
-0.0186157	-0.346069	
-0.0350952	-0.267944	
-0.0640869	-0.0891113	
-0.108948	0.373535	
-0.163879	2.6535	
-0.0363159	6.96381	
0.259094	7.82776	
0.588379	8.06335	
0.91217	8.17078	
1.18774	8.237	
1.40137	8.27728	
1.56464	8.30292	
1.67816	8.32184	
1.76025	8.33191	
1.81519	8.34045	
1.85272	8.34534	
1.87897	8.34839	
1.89545	8.35114	
1.90674	8.35297	
1.91437	8.35419	
1.91925	8.3548	
1.922	8.35541	
1.92291	8.35541	
1.92474	8.35449	
1.92535	8.35449	
1.92657	8.35571	
1.9278	8.3551	
1.9278	8.35541	
1.9281	8.3548	
1.92749	8.3551	
1.9278	8.35419	
1.92841	8.3548	
1.92902	8.35449	
1.92871	8.3548	
1.92871	8.35449	
1.92963	8.35419	
1.92963	8.35388	
1.93054	8.35358	
1.92963	8.35449	
1.92993	8.35358	
1.93024	8.35358	
1.92963	8.35327	
1.92963	8.35388	
1.93115	8.3548	
1.93024	8.35388	
1.93115	8.35327	
1.93054	8.35327	
1.92963	8.35327	
1.93085	8.35327	
1.93146	8.35297	
1.93146	8.35297	
1.93207	8.35297	
1.93115	8.35236	
1.93085	8.35266	
1.93207	8.35205	
1.93176	8.35205	
1.93024	8.35114	
1.93115	8.35144	
1.93146	8.35114	
1.93146	8.35266	
1.93085	8.35114	
1.93054	8.35083	
1.93176	8.35175	
1.93146	8.35022	
1.93176	8.35022	
1.93146	8.34961	
1.93146	8.35022	
1.93207	8.35052	
1.93207	8.35022	
1.93207	8.34869	
1.93207	8.35022	
1.93237	8.35022	
1.93298	8.34961	
1.93207	8.349	
1.93268	8.34961	
1.93359	8.3493	
1.93329	8.34869	
1.9339	8.34869	
1.9339	8.349	
1.93329	8.34808	
1.93451	8.34839	
1.9342	8.34869	
1.9339	8.34839	
1.9339	8.34808	
1.93359	8.34717	
1.93451	8.34808	
1.93512	8.34839	
1.9342	8.34839	
1.93481	8.34808	
1.93481	8.34839	
1.93451	8.34747	
1.9339	8.34778	
1.93512	8.34778	
1.9342	8.34717	
1.93481	8.34686	
1.93481	8.34656	
1.93451	8.34686	
1.93481	8.34625	
1.93634	8.34625	
1.93512	8.34686	
1.93634	8.34656	
1.93542	8.34656	
1.93573	8.34656	
1.93604	8.34595	
1.93604	8.34564	
1.93573	8.34534	
1.93542	8.34534	
1.93604	8.34534	
1.93573	8.34534	
1.93573	8.34534	
1.93634	8.34473	
1.93634	8.34625	
1.93634	8.34534	
1.93665	8.34473	
1.93695	8.34473	
1.93665	8.34503	
1.93665	8.34473	
1.93695	8.34473	
1.93787	8.34412	
1.93726	8.34381	
1.93695	8.34412	
1.93726	8.3429	
1.93726	8.34381	
1.93848	8.34351	
1.93756	8.34412	
1.93726	8.34412	
1.93726	8.3432	
1.93878	8.3432	
1.93756	8.34351	
1.93695	8.34259	
1.93817	8.3432	
1.93848	8.3429	
1.93878	8.3432	
1.93878	8.3429	
1.93878	8.34259	
1.93878	8.34229	
1.93909	8.34229	
1.93817	8.34198	
1.93939	8.34167	
1.93909	8.34198	
1.93848	8.34198	
1.93848	8.34198	
1.93878	8.34137	
1.93939	8.34167	
1.93878	8.34106	
1.93939	8.34106	
1.93909	8.34137	
1.93878	8.34076	
1.93848	8.34106	
1.93909	8.34137	
1.94	8.34045	
1.9397	8.34076	
1.94	8.34076	
1.94031	8.34015	
1.93939	8.34045	
1.9397	8.34015	
1.9397	8.34015	
1.94031	8.33984	
1.94031	8.34045	
1.94031	8.33954	
1.94031	8.33954	
1.94	8.33954	
1.94061	8.34015	
1.9397	8.33832	
1.94	8.33984	
1.94061	8.33954	
1.94061	8.33832	
1.94	8.33862	
1.94153	8.33771	
1.94153	8.33801	
1.94122	8.33862	
1.94122	8.33832	
1.94153	8.33771	
1.94061	8.33771	
1.94153	8.33862	
1.94153	8.33771	
1.94122	8.33771	
1.94122	8.33801	
1.94061	8.33771	
1.94092	8.3371	
1.94	8.3371	
1.94214	8.33771	
1.94092	8.33679	
1.94153	8.3371	
1.94153	8.33771	
1.94214	8.3371	
1.94153	8.3374	
1.94122	8.33679	
1.94244	8.3374	
1.94183	8.33618	
1.94183	8.33557	
1.94183	8.33679	
1.94214	8.33649	
1.94122	8.33649	
1.94214	8.33618	
1.94275	8.33649	
1.94183	8.33588	
1.94183	8.33618	
1.94275	8.33588	
1.94244	8.33588	
1.94336	8.33618	
1.94336	8.33618	
1.94305	8.33588	
1.94305	8.33435	
1.94336	8.33588	
1.94244	8.33557	
1.94275	8.33496	
1.94305	8.33527	
1.94244	8.33466	
1.94244	8.33344	
1.94366	8.33405	
1.94336	8.33466	
1.94397	8.33466	
1.94244	8.33374	
1.94336	8.33405	
1.94275	8.33374	
1.94336	8.33405	
1.94275	8.33374	
1.94366	8.33405	
1.94336	8.33344	
1.94336	8.33466	
1.94427	8.33405	
1.94427	8.33313	
1.94458	8.33313	
1.94366	8.33313	
1.94336	8.33344	
1.94427	8.33282	
1.94397	8.33313	
1.94458	8.33221	
1.94336	8.33282	
1.94397	8.33252	
1.94519	8.33191	
1.94489	8.33282	
1.94458	8.33191	
1.94489	8.3316	
1.94427	8.33221	
1.94489	8.3316	
1.94458	8.33252	
1.94489	8.33191	
1.94519	8.3316	
1.94519	8.33221	
1.94458	8.3316	
1.94489	8.3316	
1.94458	8.3313	
1.94519	8.3313	
1.94489	8.3316	
1.9455	8.33099	
1.9455	8.3313	
1.94519	8.33038	
1.9455	8.32977	
1.94672	8.33008	
1.94519	8.33069	
1.94641	8.33069	
1.94611	8.33038	
1.94519	8.33099	
1.94702	8.33038	
1.94641	8.33099	
1.9455	8.33038	
1.94611	8.32947	
1.94611	8.32977	
1.94519	8.33038	
1.9458	8.32825	
1.94641	8.32886	
1.94733	8.32886	
1.9455	8.32977	
1.94641	8.32855	
1.94611	8.32855	
1.9455	8.32825	
1.94641	8.32855	
1.94611	8.32886	
1.94611	8.32825	
1.94672	8.32855	
1.94641	8.32794	
1.9458	8.32794	
1.94611	8.32764	
1.94672	8.32794	
1.94641	8.32733	
1.94672	8.32733	
1.94702	8.32703	
1.94672	8.32733	
1.94672	8.32733	
1.94733	8.32825	
1.94702	8.32703	
1.94672	8.32733	
1.94733	8.32672	
1.94733	8.32611	
1.94733	8.32672	
1.94763	8.32581	
1.94794	8.32703	
1.94702	8.32642	
1.94763	8.32611	
1.94702	8.32733	
1.94763	8.32733	
1.94763	8.32703	
1.94794	8.32764	
1.94733	8.32672	
1.94824	8.32672	
1.94733	8.32489	
1.94794	8.32611	
1.94733	8.32489	
1.94824	8.3252	
1.94855	8.3252	
1.94916	8.3255	
1.94855	8.3252	
1.94916	8.3255	
1.94885	8.32611	
1.94916	8.3252	
1.94824	8.3255	
1.94916	8.32428	
1.94855	8.32428	
1.94916	8.3252	
1.94824	8.32397	
1.94763	8.32458	
1.94885	8.32397	
1.94916	8.32397	
1.94855	8.32428	
1.94946	8.32428	
1.94916	8.32367	
1.95007	8.32397	
1.94946	8.32397	
1.94916	8.32428	
1.94946	8.32275	
1.94946	8.32336	
1.94885	8.32275	
1.94885	8.32367	
1.94946	8.32275	
1.95007	8.32245	
1.94946	8.32275	
1.94946	8.32336	
1.95068	8.32306	
1.94946	8.32336	
1.94977	8.32245	
1.95129	8.32245	
1.94916	8.32245	
1.95068	8.32092	
1.94977	8.32153	
1.94977	8.32123	
1.95068	8.32214	
1.95038	8.32123	
1.95099	8.32153	
1.95099	8.32184	
1.94977	8.32184	
1.95068	8.32214	
1.95038	8.32245	
1.94977	8.32214	
1.95099	8.32123	
1.95099	8.32184	
1.95068	8.32092	
1.95099	8.32123	
1.9516	8.32184	
1.94977	8.32184	
1.95038	8.32184	
1.95038	8.32153	
1.95099	8.32062	
1.95068	8.32123	
1.95038	8.32092	
1.9519	8.32092	
1.95068	8.32092	
1.94977	8.32001	
1.95129	8.32092	
1.95221	8.3194	
1.95099	8.32001	
1.95099	8.3194	
1.9519	8.31879	
1.9516	8.3194	
1.9519	8.3197	
1.9519	8.31909	
1.95129	8.31818	
1.9516	8.31787	
1.9519	8.31848	
1.9519	8.31848	
1.9519	8.31818	
1.95129	8.31848	
1.9516	8.31848	
1.9516	8.31848	
1.9519	8.31879	
1.95251	8.31757	
1.95251	8.31848	
1.9519	8.31848	
1.9516	8.31787	
1.95282	8.31787	
1.95221	8.31818	
1.95221	8.31787	
1.95312	8.31848	
1.95251	8.31787	
1.95374	8.31787	
1.9519	8.31757	
1.9516	8.31696	
1.95221	8.31635	
1.95251	8.31757	
1.9516	8.31696	
1.9516	8.31604	
1.95221	8.31604	
1.95312	8.31665	
1.95312	8.31665	
1.95282	8.31604	
1.95312	8.31604	
1.95282	8.31726	
1.95251	8.31512	
1.95282	8.31543	
1.95251	8.31543	
1.95282	8.31635	
1.95374	8.31512	
1.95251	8.31543	
1.95221	8.31604	
1.95343	8.31543	
1.95251	8.31573	
1.95282	8.31604	
1.95282	8.31543	
1.95312	8.31543	
1.95251	8.31512	
1.95221	8.31512	
1.95251	8.31482	
1.95282	8.31543	
1.95312	8.31451	
1.95312	8.31451	
1.95312	8.31512	
1.95312	8.31543	
1.95343	8.31512	
1.95312	8.31451	
1.95251	8.31451	
1.95374	8.31451	
1.95312	8.3136	
1.95374	8.31421	
1.95404	8.3136	
1.95374	8.3136	
1.95343	8.31451	
1.95374	8.3139	
1.95526	8.31482	
1.95343	8.3136	
1.95343	8.3139	
1.95404	8.3136	
1.95435	8.3139	
1.95343	8.31299	
1.95404	8.3136	
1.95465	8.31421	
1.95343	8.31299	
1.95435	8.31329	
1.95465	8.3139	
1.95465	8.31329	
1.95465	8.31329	
1.95496	8.31238	
1.95496	8.31299	
1.95526	8.31238	
1.95496	8.31207	
1.95465	8.31299	
1.95465	8.31299	
1.95465	8.31299	
1.95435	8.31268	
1.95374	8.31238	
1.95465	8.31177	
1.95404	8.31146	
1.95404	8.31116	
1.95435	8.31238	
1.95496	8.31238	
1.95496	8.31116	
1.95526	8.31116	
1.95496	8.31116	
1.95496	8.31085	
1.95465	8.31116	
1.95526	8.31085	
1.95435	8.31085	
1.95557	8.31055	
1.95618	8.31116	
1.95587	8.31116	
1.95496	8.31116	
1.95557	8.31146	
1.95587	8.31177	
1.95557	8.31207	
1.95618	8.30994	
1.95648	8.31085	
1.95557	8.31024	
1.95526	8.30994	
1.95526	8.31055	
1.95679	8.31055	
1.95587	8.30994	
1.95526	8.31024	
1.95557	8.31055	
1.95587	8.30933	
1.95557	8.30994	
1.95557	8.30994	
1.95618	8.30933	
1.95557	8.30872	
1.95526	8.30811	
1.95587	8.30902	
1.95557	8.30902	
1.95587	8.30841	
1.95587	8.30872	
1.95587	8.3078	
1.95557	8.30872	
1.95526	8.3075	
1.95648	8.30841	
1.95557	8.30872	
1.95526	8.3075	
1.95557	8.30841	
1.95618	8.3078	
1.95648	8.3078	
1.95618	8.3075	
1.95557	8.30841	
1.95587	8.30811	
1.95587	8.30841	
1.95557	8.30841	
1.95587	8.30811	
1.95709	8.30658	
1.95679	8.3075	
1.9574	8.3075	
1.95709	8.30658	
1.9574	8.30688	
1.95709	8.3075	
1.95801	8.30688	
1.9574	8.30627	
1.95679	8.30566	
1.95831	8.30597	
1.95709	8.30597	
1.95709	8.30627	
1.95801	8.30566	
1.95648	8.30719	
1.95679	8.30597	
1.95679	8.30627	
1.95648	8.30566	
1.9574	8.30597	
1.9574	8.30597	
1.9577	8.30566	
1.9574	8.30566	
1.9574	8.30566	
1.95709	8.30475	
1.95709	8.30566	
1.95709	8.30475	
1.95831	8.30475	
1.9577	8.30505	
1.95801	8.30597	
1.95892	8.30536	
1.9574	8.30597	
1.95892	8.30536	
1.95892	8.30505	
1.95892	8.30414	
1.95953	8.30475	
1.95923	8.30475	
1.95923	8.30475	
1.95892	8.30414	
1.95923	8.30414	
1.95953	8.30475	
1.95923	8.30353	
1.95923	8.30353	
1.95892	8.30414	
1.95862	8.30383	
1.95923	8.30353	
1.95923	8.30353	
1.95923	8.30383	
1.95923	8.30383	
1.95923	8.30292	
1.95892	8.30414	
1.95862	8.30353	
1.95892	8.30414	
1.95892	8.30322	
1.95953	8.30414	
1.95923	8.30322	
1.95892	8.30292	
1.95923	8.30322	
1.95892	8.30261	
1.95892	8.30322	
1.95923	8.30231	
1.95923	8.30261	
1.95923	8.30261	
1.95923	8.30292	
1.95923	8.30261	
1.95923	8.30231	
1.96045	8.3017	
1.95984	8.30231	
1.96014	8.30292	
1.96014	8.30292	
1.95984	8.30261	
1.96014	8.302	
1.95953	8.302	
1.95984	8.302	
1.95923	8.30109	
1.95953	8.302	
1.95984	8.30261	
1.96045	8.302	
1.96014	8.3017	
1.96014	8.30231	
1.95984	8.30017	
1.96014	8.30231	
1.96075	8.302	
1.95984	8.302	
1.96014	8.30109	
1.96014	8.30048	
1.96014	8.30048	
1.95984	8.30048	
1.96014	8.30078	
1.96045	8.30109	
1.96014	8.30109	
1.95984	8.30017	
1.96106	8.29987	
1.96075	8.30048	
1.96075	8.30109	
1.95984	8.30048	
1.96014	8.30017	
1.96075	8.29987	
1.96075	8.29956	
1.96014	8.29895	
1.96106	8.29956	
1.96045	8.29895	
1.95984	8.29895	
1.96045	8.29987	
1.96014	8.29895	
1.96014	8.29895	
1.96045	8.29865	
1.96106	8.29834	
1.96075	8.29926	
1.96106	8.29895	
1.96014	8.29834	
1.96075	8.29803	
1.96075	8.29865	
1.96198	8.29895	
1.95984	8.29895	
1.95923	8.29895	
1.96136	8.29895	
1.96045	8.29895	
1.96136	8.29895	
1.96167	8.29803	
1.96136	8.29865	
1.96106	8.29742	
1.96167	8.29803	
1.96167	8.29773	
1.96136	8.29742	
1.96167	8.29773	
1.96198	8.29773	
1.96167	8.29834	
1.96136	8.29742	
1.96198	8.29773	
1.96136	8.29681	
1.96167	8.29865	
1.96167	8.29681	
1.96198	8.29742	
1.96167	8.29712	
1.96167	8.29712	
1.96167	8.29803	
1.96136	8.29742	
1.96198	8.29651	
1.96198	8.29742	
1.96228	8.29712	
1.96198	8.29681	
1.96136	8.29773	
1.96136	8.29742	
1.96228	8.29742	
1.96167	8.29651	
1.96106	8.2959	
1.96198	8.2962	
1.96198	8.29651	
1.96228	8.2962	
1.96167	8.2962	
1.96136	8.29651	
1.96198	8.29559	
1.96259	8.2959	
1.96228	8.29559	
1.96259	8.29529	
1.9635	8.29529	
1.9632	8.29559	
1.96259	8.29529	
1.96289	8.29529	
1.96167	8.29437	
1.96289	8.29529	
1.96198	8.29559	
1.96228	8.29407	
1.96381	8.29468	
1.9632	8.29437	
1.9635	8.29407	
1.9632	8.29437	
1.96289	8.29437	
1.9635	8.29407	
1.96381	8.29437	
1.96289	8.29437	
1.9632	8.29468	
1.96289	8.29468	
1.96289	8.29468	
1.96381	8.29529	
1.9632	8.29468	
1.9635	8.29407	
1.9632	8.29407	
1.96259	8.29346	
1.9632	8.29407	
1.96289	8.29346	
1.96381	8.29437	
1.9632	8.29315	
1.9632	8.29315	
1.96442	8.29376	
1.9635	8.29285	
1.96228	8.29254	
1.96198	8.29346	
1.9632	8.29376	
1.96472	8.29315	
1.96442	8.29346	
1.96381	8.29285	
1.96472	8.29163	
1.96411	8.29254	
1.9635	8.29224	
1.96442	8.29224	
1.96442	8.29224	
1.96442	8.29285	
1.96411	8.29285	
1.96472	8.29193	
1.96472	8.29254	
1.96411	8.29224	
1.96381	8.29254	
1.96442	8.29193	
1.96442	8.29163	
1.96503	8.29285	
1.96503	8.29254	
1.96442	8.29254	
1.96442	8.29193	
1.96381	8.29224	
1.96381	8.29285	
1.96381	8.29102	
1.96411	8.29193	
1.96594	8.29224	
1.96442	8.29224	
1.96442	8.29071	
1.96442	8.29163	
1.96472	8.2901	
1.96442	8.29102	
1.96472	8.29132	
1.96442	8.29071	
1.96442	8.29071	
1.96533	8.29102	
1.96472	8.29102	
1.96533	8.2901	
1.96442	8.2901	
1.96411	8.29071	
1.96533	8.29132	
1.96472	8.29041	
1.96472	8.29041	
1.96503	8.29102	
1.96533	8.29132	
1.96472	8.28979	
1.96533	8.28949	
1.96564	8.28979	
1.96533	8.28888	
1.96503	8.28949	
1.96533	8.2901	
1.96503	8.28918	
1.96594	8.28979	
1.96594	8.28949	
1.96503	8.28949	
1.96625	8.28918	
1.96625	8.28888	
1.96564	8.28949	
1.96564	8.2901	
1.96594	8.2901	
1.96533	8.28949	
1.96533	8.28949	
1.96594	8.28918	
1.96594	8.28918	
1.96625	8.28888	
1.96533	8.28857	
1.96655	8.28857	
1.96625	8.28857	
1.96594	8.28888	
1.96594	8.28857	
1.96533	8.28857	
1.96564	8.28796	
1.96625	8.28766	
1.96625	8.28796	
1.96625	8.28888	
1.96716	8.28827	
1.96686	8.28796	
1.96625	8.28888	
1.96594	8.28857	
1.96625	8.28766	
1.96686	8.28766	
1.96655	8.28827	
1.96625	8.28766	
1.96655	8.28766	
1.96655	8.28766	
1.96655	8.28827	
1.96655	8.28705	
1.96594	8.28674	
1.96564	8.28705	
1.96533	8.28644	
1.96625	8.28705	
1.96625	8.28644	
1.96655	8.28644	
1.96686	8.28613	
1.96655	8.28583	
1.96655	8.28644	
1.96686	8.28644	
1.96686	8.28613	
1.96625	8.28613	
1.96625	8.28705	
1.96686	8.28613	
1.96716	8.28552	
1.96777	8.28644	
1.96716	8.28583	
1.96716	8.28644	
1.96625	8.28552	
1.96716	8.28613	
1.96777	8.28613	
1.96655	8.28552	
1.96777	8.28613	
1.96716	8.28522	
1.96808	8.28644	
1.96686	8.28583	
1.96747	8.28583	
1.96747	8.28552	
1.96747	8.28491	
1.96838	8.28583	
1.96686	8.28491	
1.96655	8.2843	
1.96594	8.2843	
1.96808	8.28552	
1.96747	8.28613	
1.96869	8.28522	
1.96655	8.28461	
1.96747	8.28461	
1.96747	8.28491	
1.96869	8.28491	
1.96808	8.284	
1.96716	8.28369	
1.96747	8.284	
1.96808	8.28339	
1.96808	8.2843	
1.96716	8.28369	
1.96838	8.28369	
1.96747	8.284	
1.96686	8.284	
1.96869	8.284	
1.96838	8.28369	
1.96838	8.28369	
1.96838	8.28278	
1.96747	8.284	
1.96869	8.28369	
1.96869	8.28461	
1.96899	8.28308	
1.96808	8.28247	
1.96747	8.28308	
1.96808	8.28369	
1.96899	8.28308	
1.96838	8.28278	
1.96808	8.28247	
1.96777	8.28186	
1.96869	8.28247	
1.96808	8.28278	
1.96838	8.28247	
1.96869	8.28247	
1.96869	8.28278	
1.96899	8.28156	
1.96838	8.28186	
1.96808	8.28186	
1.96869	8.28186	
1.96869	8.28156	
1.96777	8.28156	
1.96991	8.28308	
1.96838	8.28278	
1.9693	8.28156	
1.96869	8.28217	
1.96838	8.28186	
1.96777	8.28156	
1.96899	8.28094	
1.96838	8.28033	
1.96899	8.28094	
1.96808	8.28094	
1.96869	8.28064	
1.97083	8.28156	
1.96991	8.28186	
1.96991	8.28156	
1.9693	8.28094	
1.96869	8.28064	
1.9696	8.28064	
1.9696	8.28094	
1.96991	8.28156	
1.9696	8.28094	
1.97021	8.28094	
1.9696	8.28186	
1.96991	8.28125	
1.96991	8.28094	
1.96991	8.28156	
1.97052	8.28064	
1.96991	8.28064	
1.97052	8.28156	
1.97021	8.28094	
1.9693	8.27972	
1.96991	8.28003	
1.96991	8.28003	
1.97113	8.28033	
1.97021	8.27942	
1.96991	8.27911	
1.96991	8.27972	
1.97052	8.27881	
1.97052	8.28003	
1.96991	8.2785	
1.96991	8.27942	
1.96991	8.27911	
1.96991	8.2785	
1.96991	8.27881	
1.96899	8.27911	
1.9693	8.2785	
1.97021	8.2785	
1.96991	8.27881	
1.96991	8.27789	
1.97021	8.27789	
1.97021	8.27881	
1.97083	8.2785	
1.97021	8.2782	
1.97083	8.2785	
1.97174	8.27911	
1.97052	8.2785	
1.97144	8.2782	
1.97144	8.27789	
1.97052	8.27759	
1.97052	8.27759	
1.97052	8.27789	
1.97083	8.27667	
1.97113	8.27728	
1.97052	8.27789	
1.97144	8.27637	
1.97235	8.27759	
1.97113	8.27728	
1.97174	8.27728	
1.97113	8.27728	
1.97144	8.27789	
1.97113	8.27728	
1.97083	8.27698	
1.97113	8.27698	
1.97113	8.2782	
1.97083	8.27698	
1.97021	8.27637	
1.97083	8.27759	
1.97083	8.27698	
1.97113	8.27728	
1.97052	8.27667	
1.97174	8.27698	
1.97113	8.27606	
1.97144	8.27728	
1.97266	8.27728	
1.97205	8.27698	
1.97144	8.27637	
1.97205	8.27667	
1.97174	8.27637	
1.97205	8.27667	
1.97174	8.27728	
1.97205	8.27606	
1.97205	8.27637	
1.97205	8.27606	
1.97174	8.27576	
1.97266	8.27576	
1.97144	8.27576	
1.97174	8.27606	
1.97205	8.27606	
1.97174	8.27576	
1.97144	8.27606	
1.97174	8.27576	
1.97205	8.27484	
1.97235	8.27545	
1.97144	8.27637	
1.97174	8.27515	
1.97205	8.27515	
1.97174	8.27484	
1.97205	8.27576	
1.97266	8.27576	
1.97327	8.27515	
1.97144	8.27515	
1.97327	8.27637	
1.97327	8.27484	
1.97266	8.27545	
1.97174	8.27545	
1.97235	8.27515	
1.97327	8.27545	
1.97327	8.27484	
1.97327	8.27454	
1.97266	8.27454	
1.97296	8.27362	
1.97296	8.27332	
1.97357	8.27393	
1.97296	8.27362	
1.97296	8.27454	
1.97205	8.27332	
1.97296	8.27362	
1.97266	8.27301	
1.97266	8.27301	
1.97357	8.27332	
1.97266	8.27362	
1.97235	8.27301	
1.97357	8.27362	
1.97235	8.27271	
1.97327	8.27332	
1.97235	8.27362	
1.97296	8.27393	
1.97235	8.27301	
1.97205	8.27332	
1.97327	8.2724	
1.97235	8.27301	
1.97296	8.27301	
1.97266	8.27301	
1.97327	8.27332	
1.97357	8.2724	
1.97296	8.27271	
1.97296	8.2724	
1.97296	8.2724	
1.97296	8.27332	
1.97266	8.27271	
1.97266	8.27179	
1.97296	8.2724	
1.97357	8.27271	
1.97266	8.27209	
1.97327	8.27179	
1.97327	8.27209	
1.97174	8.27209	
1.97296	8.27148	
1.97296	8.2724	
1.97357	8.27332	
1.97327	8.27271	
1.97357	8.27301	
1.97449	8.27118	
1.97357	8.2724	
1.97388	8.2724	
1.97388	8.27271	
1.97327	8.27148	
1.97388	8.27118	
1.97327	8.27148	
1.97388	8.2724	
1.97449	8.27209	
1.97388	8.27179	
1.97418	8.27087	
1.97327	8.27026	
1.97357	8.27118	
1.97388	8.27148	
1.97388	8.27087	
1.97418	8.27057	
1.97357	8.27057	
1.97388	8.27087	
1.97418	8.27148	
1.97357	8.27087	
1.97327	8.27026	
1.97388	8.27118	
1.97418	8.27148	
1.97479	8.27057	
1.97357	8.26965	
1.97449	8.27057	
1.97449	8.27026	
1.9754	8.26904	
1.97479	8.27026	
1.97418	8.26996	
1.97357	8.26965	
1.97388	8.26996	
1.97418	8.26904	
1.97327	8.26904	
1.97418	8.26904	
1.97449	8.26904	
1.97418	8.26935	
1.97388	8.26935	
1.97449	8.26935	
1.9751	8.26904	
1.97449	8.26874	
1.9754	8.26874	
1.97479	8.26904	
1.97449	8.26874	
1.9751	8.26874	
1.97418	8.26874	
1.97388	8.26813	
1.97571	8.26904	
1.9751	8.26935	
1.97479	8.26782	
1.97449	8.26843	
1.9754	8.26843	
1.9754	8.26813	
1.97479	8.26904	
1.9754	8.26843	
1.97601	8.26904	
1.97571	8.26935	
1.97601	8.26813	
1.97632	8.26904	
1.9751	8.26874	
1.97571	8.26874	
1.97571	8.26782	
1.97601	8.26874	
1.9754	8.26843	
1.9751	8.26843	
1.9754	8.26782	
1.9754	8.26752	
1.97479	8.26691	
1.97479	8.26782	
1.9754	8.26782	
1.97571	8.26752	
1.9754	8.2666	
1.9751	8.26691	
1.9754	8.26721	
1.97571	8.26782	
1.97601	8.26782	
1.9751	8.26752	
1.97601	8.26721	
1.9754	8.26752	
1.97571	8.26691	
1.97601	8.26721	
1.9754	8.26752	
1.97571	8.2666	
1.97601	8.26569	
1.97632	8.2663	
1.97632	8.26599	
1.97571	8.26599	
1.97632	8.26569	
1.97632	8.26599	
1.97662	8.26569	
1.9754	8.26569	
1.9754	8.2663	
1.97571	8.2663	
1.97601	8.2666	
1.97693	8.26691	
1.97601	8.26508	
1.97601	8.26538	
1.97632	8.26538	
1.97632	8.26538	
1.97632	8.26508	
1.97662	8.26569	
1.97601	8.26569	
1.97601	8.26538	
1.97571	8.26508	
1.97601	8.26538	
1.97571	8.26416	
1.97601	8.26477	
1.97571	8.26477	
1.97632	8.26447	
1.97723	8.26416	
1.97693	8.26385	
1.97662	8.26355	
1.9754	8.26416	
1.97693	8.26385	
1.97662	8.26447	
1.97632	8.26447	
1.97662	8.26416	
1.97662	8.26416	
1.97662	8.26385	
1.97662	8.26416	
1.97693	8.26447	
1.97662	8.26355	
1.97632	8.26324	
1.97632	8.26324	
1.97693	8.26385	
1.97693	8.26355	
1.97632	8.26416	
1.97693	8.26385	
1.97754	8.26385	
1.97662	8.26324	
1.97632	8.26385	
1.97723	8.26324	
1.97784	8.26385	
1.97693	8.26355	
1.97662	8.26355	
1.97693	8.26355	
1.97815	8.26385	
1.97693	8.26324	
1.97632	8.26355	
1.97723	8.26324	
1.97784	8.26263	
1.97693	8.26355	
1.97693	8.26324	
1.97693	8.26263	
1.97815	8.26355	
1.97784	8.26324	
1.97754	8.26294	
1.97723	8.26233	
1.97845	8.26263	
1.97754	8.26233	
1.97723	8.26233	
1.97693	8.26172	
1.97693	8.26263	
1.97784	8.26294	
1.97754	8.26233	
1.97754	8.26233	
1.97815	8.26233	
1.97723	8.26202	
1.97845	8.26202	
1.97754	8.26202	
1.97784	8.26233	
1.97784	8.26202	
1.97784	8.26233	
1.97723	8.26263	
1.97693	8.26263	
1.97784	8.26263	
1.97723	8.26294	
1.97693	8.26233	
1.97815	8.26233	
1.97723	8.26233	
1.97754	8.26263	
1.97723	8.2605	
1.97693	8.26141	
1.97693	8.2608	
1.97754	8.26111	
1.97754	8.26172	
1.97815	8.26172	
1.97693	8.26111	
1.97876	8.2608	
1.97815	8.26111	
1.97784	8.26111	
1.97754	8.25989	
1.97693	8.25989	
1.97723	8.2605	
1.97693	8.26111	
1.97754	8.2605	
1.97784	8.2605	
1.97723	8.26019	
1.97815	8.2605	
1.97754	8.2605	
1.97815	8.2605	
1.97845	8.25928	
1.97845	8.2605	
1.97845	8.2605	
1.97845	8.25989	
1.97784	8.25958	
1.97845	8.25958	
1.97815	8.25989	
1.97937	8.25989	
1.97937	8.26019	
1.97906	8.25867	
1.97876	8.26019	
1.97876	8.25989	
1.97906	8.25989	
1.97906	8.25989	
1.97937	8.25989	
1.97876	8.25958	
1.97876	8.25928	
1.97968	8.25958	
1.97876	8.25958	
1.97876	8.25989	
1.97876	8.25958	
1.97906	8.25897	
1.97906	8.25867	
1.97906	8.25867	
1.97937	8.25836	
1.97906	8.25775	
1.97906	8.25958	
1.97937	8.25928	
1.97968	8.25867	
1.97968	8.25745	
1.97937	8.25806	
1.97937	8.25775	
1.97906	8.25836	
1.97815	8.25867	
1.97754	8.25806	
1.97876	8.25836	
1.97876	8.25897	
1.97906	8.25897	
1.97845	8.25867	
1.97937	8.25806	
1.97845	8.25806	
1.97906	8.25775	
1.97845	8.25714	
1.97906	8.25806	
1.97937	8.25745	
1.97876	8.25806	
1.97876	8.25745	
1.97937	8.25836	
1.97845	8.25745	
1.97906	8.25714	
1.97845	8.25684	
1.97876	8.25714	
1.97906	8.25684	
1.97968	8.25775	
1.97906	8.25745	
1.97937	8.25714	
1.97937	8.25714	
1.97906	8.25623	
1.97968	8.25623	
1.97968	8.25653	
1.97937	8.25745	
1.97968	8.25714	
1.97998	8.25714	
1.97968	8.25745	
1.97937	8.25653	
1.97968	8.25714	
1.98029	8.25653	
1.98029	8.25714	
1.9812	8.25684	
1.98029	8.25592	
1.98059	8.25684	
1.97998	8.25592	
1.98029	8.25562	
1.98029	8.25653	
1.98029	8.25592	
1.98029	8.25592	
1.97998	8.25592	
1.97998	8.25531	
1.97906	8.25592	
1.97998	8.25684	
1.98029	8.25592	
1.98059	8.25592	
1.98029	8.25592	
1.98059	8.255	
1.97998	8.255	
1.98059	8.25592	
1.98059	8.25623	
1.98059	8.25531	
1.98029	8.25592	
1.98059	8.25531	
1.97998	8.25531	
1.98029	8.25623	
1.98059	8.25592	
1.9809	8.25562	
1.9809	8.25562	
1.98059	8.25531	
1.9809	8.25562	
1.98059	8.25623	
1.97968	8.25562	
1.98059	8.255	
1.97998	8.25531	
1.97968	8.2547	
1.97937	8.2547	
1.98029	8.25531	
1.98059	8.255	
1.98059	8.2547	
1.9809	8.2547	
1.97968	8.2547	
1.9809	8.25409	
1.9809	8.25439	
1.9809	8.2547	
1.9809	8.25562	
1.98059	8.255	
1.98059	8.2547	
1.9809	8.25439	
1.98059	8.255	
1.98181	8.25531	
1.98059	8.25409	
1.98151	8.255	
1.9812	8.2547	
1.9812	8.25409	
1.9809	8.25378	
1.98029	8.25348	
1.9809	8.25378	
1.98059	8.25348	
1.9809	8.25348	
1.9809	8.25378	
1.98059	8.25287	
1.9809	8.25317	
1.98181	8.25378	
1.98212	8.25287	
1.98181	8.25348	
1.98151	8.25317	
1.98029	8.25287	
1.98059	8.25348	
1.98151	8.25256	
1.98151	8.25256	
1.98151	8.25226	
1.9812	8.25287	
1.98151	8.25256	
1.98151	8.25226	
1.98151	8.25287	
1.98151	8.25287	
1.9809	8.25226	
1.98181	8.25287	
1.9809	8.25256	
1.98212	8.25256	
1.98242	8.25256	
1.98273	8.25226	
1.98181	8.25317	
1.98151	8.25195	
1.98212	8.25287	
1.98181	8.25317	
1.98181	8.25287	
1.98151	8.25165	
1.98181	8.25226	
1.98242	8.25165	
1.98181	8.25256	
1.98212	8.25134	
1.98181	8.25226	
1.98212	8.25104	
1.98181	8.25165	
1.98212	8.25195	
1.9812	8.25134	
1.98151	8.25165	
1.98242	8.25256	
1.98181	8.25256	
1.98151	8.25165	
1.98242	8.25195	
1.98242	8.25195	
1.98303	8.25134	
1.98242	8.25165	
1.98242	8.25134	
1.98181	8.25012	
1.98212	8.25134	
1.98242	8.25195	
1.98212	8.25195	
1.98151	8.25134	
1.9809	8.25104	
1.98181	8.25165	
1.98242	8.25165	
1.98273	8.25134	
1.98212	8.25226	
1.98212	8.25073	
1.98273	8.25073	
1.98303	8.25104	
1.98273	8.25073	
1.98303	8.24982	
1.98273	8.25012	
1.98273	8.25043	
1.98303	8.24951	
1.98242	8.25012	
1.98273	8.25012	
1.98364	8.25043	
1.98181	8.25012	
1.98303	8.24982	
1.98273	8.25043	
1.98273	8.24982	
1.98273	8.24951	
1.98242	8.25012	
1.98212	8.24982	
1.98273	8.25012	
1.98273	8.24951	
1.98242	8.24921	
1.98242	8.24982	
1.98303	8.24951	
1.98334	8.24982	
1.98334	8.24951	
1.98303	8.2489	
1.98334	8.2489	
1.98273	8.24982	
1.98273	8.24921	
1.98303	8.24921	
1.98303	8.24799	
1.98334	8.24921	
1.98364	8.24921	
1.98334	8.2486	
1.98273	8.24921	
1.98273	8.24799	
1.98303	8.24829	
1.98273	8.24921	
1.98273	8.2486	
1.98303	8.2489	
1.98334	8.24829	
1.98334	8.24829	
1.98303	8.24951	
1.98364	8.24921	
1.98303	8.24799	
1.98334	8.24799	
1.98395	8.2486	
1.98456	8.24799	
1.98334	8.24829	
1.98364	8.24707	
1.98334	8.24738	
1.98334	8.24646	
1.98303	8.24799	
1.98334	8.24799	
1.98334	8.24646	
1.98395	8.24707	
1.98395	8.24738	
1.98303	8.24768	
1.98334	8.24677	
1.98303	8.24799	
1.98334	8.24738	
1.98303	8.24768	
1.98303	8.24768	
1.98395	8.24768	
1.98364	8.24829	
1.98273	8.24646	
1.98303	8.24768	
1.98334	8.24646	
1.98303	8.24707	
1.98334	8.24677	
1.98303	8.24677	
1.98303	8.24615	
1.98273	8.24707	
1.98334	8.24738	
1.98334	8.24707	
1.98334	8.24768	
1.98303	8.24707	
1.98303	8.24768	
1.98364	8.24677	
1.98334	8.24738	
1.98364	8.24707	
1.98456	8.24768	
1.98486	8.24646	
1.98395	8.24738	
1.98425	8.24585	
1.98364	8.24615	
1.98364	8.24554	
1.98303	8.24524	
1.98395	8.24554	
1.98334	8.24554	
1.98334	8.24585	
1.98364	8.24493	
1.98425	8.24585	
1.98395	8.24524	
1.98456	8.24524	
1.98364	8.24463	
1.98425	8.24524	
1.98456	8.24585	
1.98456	8.24554	
1.98517	8.24615	
1.98486	8.24585	
1.98395	8.24585	
1.98364	8.24554	
1.98334	8.24554	
1.98456	8.24463	
1.98456	8.24493	
1.98425	8.24554	
1.98425	8.24585	
1.98395	8.24463	
1.98334	8.24493	
1.98364	8.24463	
1.98364	8.24432	
1.98273	8.24432	
1.98334	8.24493	
1.98395	8.24432	
1.98456	8.24402	
1.98364	8.24524	
1.98395	8.24463	
1.98395	8.24371	
1.98425	8.24463	
1.98425	8.24432	
1.98395	8.24402	
1.98456	8.24402	
1.98425	8.24402	
1.98456	8.24432	
1.98364	8.24432	
1.98425	8.24341	
1.98425	8.24371	
1.98456	8.24463	
1.98395	8.24341	
1.98425	8.24341	
1.98364	8.2431	
1.98395	8.24463	
1.98456	8.24432	
1.98425	8.24432	
1.98486	8.24371	
1.98547	8.24371	
1.98456	8.24432	
1.98456	8.24432	
1.98456	8.24371	
1.98395	8.2428	
1.98456	8.2428	
1.98456	8.24341	
1.98456	8.24371	
1.98456	8.24341	
1.98486	8.24371	
1.98425	8.24402	
1.98486	8.24341	
1.98608	8.24371	
1.98456	8.2428	
1.98517	8.2428	
1.98547	8.24371	
1.98486	8.2431	
1.98456	8.24341	
1.98517	8.24249	
1.98517	8.2431	
1.98517	8.24341	
1.98425	8.2431	
1.98578	8.2428	
1.98517	8.24219	
1.98578	8.2431	
1.98547	8.24188	
1.98517	8.24219	
1.98578	8.2428	
1.98517	8.24219	
1.98578	8.2428	
1.98517	8.2431	
1.98547	8.2431	
1.98456	8.2431	
1.98425	8.2428	
1.98547	8.24249	
1.98547	8.24188	
1.98486	8.24127	
1.98486	8.24127	
1.98578	8.24066	
1.98517	8.24219	
1.98486	8.24219	
1.98517	8.24097	
1.98608	8.24127	
1.98639	8.24158	
1.98578	8.24066	
1.98608	8.24097	
1.98547	8.24097	
1.98547	8.24127	
1.98456	8.24066	
1.98517	8.24127	
1.98547	8.24219	
1.98486	8.24158	
1.98486	8.24066	
1.98547	8.24066	
1.98456	8.24066	
1.98608	8.24066	
1.98578	8.24127	
1.98547	8.24097	
1.98578	8.23975	
1.98517	8.24097	
1.98547	8.24158	
1.98547	8.24127	
1.98578	8.24127	
1.98517	8.24097	
1.98547	8.24066	
1.98608	8.24097	
1.98578	8.24127	
1.98547	8.24066	
1.98639	8.24066	
1.98639	8.24036	
1.98608	8.24066	
1.98578	8.24097	
1.98547	8.24066	
1.98578	8.24005	
1.98608	8.24036	
1.98517	8.24036	
1.98578	8.24036	
1.98578	8.24005	
1.98547	8.23975	
1.98517	8.23975	
1.98608	8.24005	
1.98578	8.24036	
1.98608	8.24005	
1.98578	8.23883	
1.98547	8.23944	
1.98578	8.23914	
1.98578	8.23944	
1.98578	8.23914	
1.9873	8.23975	
1.98547	8.23944	
1.98578	8.23975	
1.98578	8.23975	
1.98517	8.23975	
1.98608	8.23975	
1.98578	8.23914	
1.98578	8.23914	
1.98578	8.23914	
1.98578	8.23914	
1.98608	8.23914	
1.98578	8.23914	
1.98608	8.23914	
1.98578	8.23883	
1.98578	8.23914	
1.98517	8.23883	
1.98517	8.23944	
1.98639	8.23914	
1.98669	8.23914	
1.98608	8.23822	
1.98608	8.23944	
1.98639	8.23914	
1.98639	8.23853	
1.98578	8.23944	
1.98608	8.23822	
1.98578	8.23853	
1.98669	8.23853	
1.98639	8.23822	
1.98578	8.23853	
1.98639	8.23792	
1.98547	8.23761	
1.98669	8.237	
1.98669	8.23822	
1.98639	8.23792	
1.98669	8.23792	
1.9873	8.237	
1.98608	8.23853	
1.98639	8.23883	
1.98608	8.23761	
1.98578	8.23761	
1.98608	8.23853	
1.98639	8.23761	
1.98669	8.23761	
1.98669	8.23792	
1.98608	8.2373	
1.98578	8.23761	
1.98669	8.23761	
1.98547	8.23761	
1.98669	8.23669	
1.98547	8.237	
1.98669	8.23639	
1.98639	8.23669	
1.98669	8.237	
1.98608	8.23639	
1.987	8.237	
1.98578	8.23669	
1.98578	8.2373	
1.98669	8.2373	
1.987	8.2373	
1.98639	8.23608	
1.987	8.23669	
1.98669	8.23608	
1.9873	8.23639	
1.98669	8.2373	
1.98792	8.23578	
1.98639	8.23639	
1.9873	8.23669	
1.9873	8.237	
1.9873	8.2373	
1.9873	8.23639	
1.98792	8.23639	
1.98639	8.23669	
1.9873	8.23608	
1.98669	8.23639	
1.98669	8.23669	
1.987	8.23608	
1.9873	8.23639	
1.98761	8.23608	
1.98669	8.23608	
1.9873	8.23669	
1.98792	8.23639	
1.98792	8.23608	
1.98822	8.23578	
1.98639	8.237	
1.987	8.23639	
1.98761	8.237	
1.987	8.23547	
1.987	8.23486	
1.98669	8.23578	
1.987	8.23578	
1.98669	8.23578	
1.98669	8.23517	
1.98761	8.23608	
1.98761	8.23547	
1.987	8.23547	
1.98669	8.23486	
1.98669	8.23456	
1.98669	8.23517	
1.98639	8.23547	
1.98669	8.23486	
1.98761	8.23456	
1.987	8.23456	
1.9873	8.23547	
1.98853	8.23517	
1.9873	8.23486	
1.98792	8.23517	
1.98761	8.23456	
1.98761	8.23456	
1.98761	8.23486	
1.98761	8.23456	
1.98822	8.23517	
1.98761	8.23456	
1.98822	8.23517	
1.98761	8.23456	
1.98853	8.23486	
1.98761	8.23425	
1.98761	8.23486	
1.9873	8.23486	
1.98792	8.23364	
1.98761	8.23486	
1.98761	8.23456	
1.9873	8.23334	
1.98792	8.23334	
1.987	8.23334	
1.98822	8.23303	
1.98792	8.23273	
1.98792	8.23395	
1.987	8.23242	
1.9873	8.23334	
1.98792	8.23303	
1.98792	8.23273	
1.987	8.23334	
1.98822	8.23395	
1.98761	8.23334	
1.98822	8.23303	
1.98761	8.23303	
1.9873	8.23303	
1.98792	8.23334	
1.98792	8.23334	
1.98761	8.23334	
1.9873	8.23364	
1.9873	8.23364	
1.98822	8.23303	
1.98669	8.23303	
1.98761	8.23242	
1.98761	8.23334	
1.98792	8.23334	
1.9873	8.23303	
1.98792	8.23334	
1.98792	8.23334	
1.98792	8.23334	
1.987	8.23273	
1.98792	8.23242	
1.98792	8.23273	
1.98761	8.23395	
1.98822	8.23303	
1.98822	8.23303	
1.98822	8.23303	
1.98792	8.23273	
1.98853	8.23303	
1.98761	8.23303	
1.98792	8.23212	
1.98822	8.23212	
1.98853	8.23151	
1.98822	8.23212	
1.98761	8.23181	
1.98853	8.23181	
1.98883	8.23181	
1.9873	8.23151	
1.98792	8.23242	
1.987	8.23212	
1.98822	8.23212	
1.98883	8.23303	
1.98822	8.23212	
1.98761	8.23242	
1.98883	8.23181	
1.98853	8.23212	
1.98822	8.23151	
1.98792	8.2312	
1.98792	8.23242	
1.9873	8.2312	
1.98761	8.23151	
1.987	8.23151	
1.987	8.2312	
1.98853	8.23151	
1.98761	8.2309	
1.98822	8.2309	
1.98853	8.2312	
1.98853	8.23151	
1.98822	8.2312	
1.98822	8.2309	
1.98883	8.2312	
1.98822	8.23059	
1.9873	8.23029	
1.9873	8.2312	
1.98761	8.23059	
1.98822	8.2309	
1.98883	8.23059	
1.98853	8.23059	
1.98792	8.23059	
1.98883	8.23029	
1.98883	8.23059	
1.98914	8.2309	
1.98883	8.23029	
1.98914	8.23151	
1.98883	8.2312	
1.98914	8.23029	
1.98792	8.22968	
1.98853	8.23059	
1.98853	8.2309	
1.98914	8.22968	
1.98944	8.22998	
1.98883	8.22968	
1.98914	8.22998	
1.98975	8.22968	
1.98914	8.22998	
1.98914	8.2309	
1.98944	8.22968	
1.98883	8.23059	
1.98914	8.23029	
1.98761	8.23029	
1.98853	8.22968	
1.98975	8.23029	
1.98822	8.22937	
1.98883	8.22968	
1.98883	8.22968	
1.98914	8.22937	
1.98853	8.22968	
1.98883	8.22968	
1.98914	8.22906	
1.98853	8.22937	
1.98822	8.23029	
1.98853	8.22906	
1.98853	8.22906	
1.98822	8.22937	
1.98914	8.22968	
1.98792	8.22906	
1.98883	8.22906	
1.98822	8.22937	
1.98853	8.22937	
1.98853	8.22876	
1.98975	8.22998	
1.98853	8.22876	
1.98883	8.22906	
1.98883	8.22876	
1.98883	8.22937	
1.98944	8.22845	
1.98944	8.22876	
1.98792	8.22906	
1.98792	8.22876	
1.98883	8.22906	
1.98883	8.22815	
1.98883	8.22906	
1.98944	8.22784	
1.99005	8.22815	
1.98944	8.22845	
1.98944	8.22815	
1.98944	8.22815	
1.98914	8.22815	
1.98944	8.22754	
1.98975	8.22815	
1.99005	8.22845	
1.98914	8.22937	
1.98944	8.22906	
1.98944	8.22876	
1.98883	8.22754	
1.98975	8.22876	
1.98914	8.22845	
1.99005	8.22876	
1.98914	8.22815	
1.98914	8.22784	
1.98853	8.22815	
1.98914	8.22784	
1.98975	8.22662	
1.98944	8.22754	
1.98914	8.22693	
1.98944	8.22754	
1.98853	8.22632	
1.98975	8.22693	
1.98944	8.22662	
1.98883	8.22784	
1.98914	8.22632	
1.98853	8.22754	
1.98944	8.22693	
1.98975	8.22693	
1.98944	8.22693	
1.99005	8.22693	
1.98914	8.22693	
1.98944	8.22754	
1.98944	8.22693	
1.99036	8.22693	
1.98975	8.22693	
1.98944	8.22693	
1.98944	8.22693	
1.99036	8.22693	
1.98944	8.22662	
1.98975	8.22693	
1.98883	8.22571	
1.98914	8.22632	
1.98944	8.22693	
1.98944	8.22601	
1.98914	8.22601	
1.98914	8.22632	
1.98944	8.22601	
1.98914	8.22601	
1.98914	8.22571	
1.98944	8.2254	
1.98822	8.22571	
1.98883	8.2251	
1.98975	8.2251	
1.98944	8.2254	
1.99005	8.22571	
1.98944	8.22662	
1.99005	8.22601	
1.98944	8.22601	
1.98944	8.2251	
1.98883	8.2254	
1.98944	8.2251	
1.98975	8.22479	
1.99005	8.22601	
1.99036	8.22601	
1.98914	8.2251	
1.99036	8.2254	
1.98944	8.22571	
1.98944	8.2251	
1.98914	8.22601	
1.98914	8.22571	
1.98883	8.22662	
1.98944	8.22662	
1.98914	8.22571	
1.98975	8.2254	
1.99097	8.22601	
1.99005	8.2251	
1.99036	8.2254	
1.99036	8.22571	
1.99097	8.22601	
1.99097	8.22571	
1.99066	8.2254	
1.99005	8.22449	
1.98975	8.22571	
1.98975	8.22418	
1.99036	8.22479	
1.98975	8.22418	
1.99005	8.22418	
1.98975	8.22449	
1.99036	8.22388	
1.99005	8.22357	
1.98914	8.22388	
1.99005	8.22479	
1.99036	8.22479	
1.99005	8.22357	
1.99005	8.22418	
1.99097	8.22449	
1.99066	8.22388	
1.99127	8.22449	
1.99127	8.22388	
1.98975	8.2251	
1.99005	8.22479	
1.99036	8.2254	
1.98975	8.22388	
1.99097	8.22418	
1.98944	8.22449	
1.98975	8.22388	
1.99066	8.22327	
1.98975	8.22357	
1.99036	8.22418	
1.98975	8.22327	
1.98944	8.22357	
1.99066	8.22418	
1.99036	8.22418	
1.99036	8.22388	
1.99036	8.22296	
1.99127	8.22357	
1.99066	8.22418	
1.99036	8.22418	
1.99097	8.22266	
1.99097	8.22388	
1.99097	8.22388	
1.99005	8.22388	
1.99188	8.22266	
1.99097	8.22388	
1.99036	8.22388	
1.99097	8.22418	
1.99097	8.22418	
1.98975	8.22327	
1.99005	8.22388	
1.99005	8.22357	
1.98975	8.22327	
1.99036	8.22357	
1.99005	8.22357	
1.99036	8.22296	
1.99097	8.22235	
1.99066	8.22235	
1.99005	8.22296	
1.99005	8.22235	
1.99097	8.22296	
1.99005	8.22327	
1.99005	8.22296	
1.99127	8.22266	
1.99127	8.22266	
1.99127	8.22266	
1.99097	8.22235	
1.99066	8.22235	
1.99097	8.22266	
1.99036	8.22266	
1.99005	8.22235	
1.99005	8.22174	
1.99097	8.22144	
1.98975	8.22205	
1.99127	8.22113	
1.99005	8.22113	
1.99066	8.22113	
1.98975	8.22113	
1.99005	8.22083	
1.99066	8.22083	
1.99036	8.22083	
1.99066	8.22205	
1.99066	8.22113	
1.99066	8.22174	
1.99066	8.22174	
1.99036	8.22174	
1.99036	8.22174	
1.99066	8.22113	
1.99036	8.22083	
1.99036	8.22205	
1.99066	8.22144	
1.99097	8.22174	
1.99127	8.22113	
1.99066	8.22144	
1.99097	8.22174	
1.98975	8.22144	
1.99097	8.22144	
1.99005	8.22144	
1.99066	8.22113	
1.99066	8.22113	
1.99005	8.22083	
1.99005	8.22021	
1.99036	8.22113	
1.99066	8.22083	
1.99066	8.22083	
1.99066	8.22052	
1.99036	8.22021	
1.99127	8.22052	
1.99097	8.22144	
1.99158	8.22021	
1.99097	8.22144	
1.99249	8.22052	
1.99066	8.2196	
1.99158	8.22052	
1.99127	8.22052	
1.99066	8.21991	
1.99005	8.22052	
1.99127	8.22052	
1.99127	8.22052	
1.99036	8.2196	
1.99005	8.2193	
1.99066	8.21991	
1.99005	8.21991	
1.99066	8.21991	
1.99066	8.2193	
1.99066	8.2196	
1.99097	8.2196	
1.99097	8.2193	
1.99127	8.2196	
1.99188	8.22021	
1.99066	8.21869	
1.99036	8.2196	
1.99127	8.2193	
1.99127	8.21899	
1.99066	8.2193	
1.99036	8.21899	
1.99066	8.2196	
1.99097	8.2196	
1.99066	8.21899	
1.99036	8.2193	
1.99066	8.2193	
1.99158	8.21991	
1.99127	8.2196	
1.99097	8.21869	
1.99127	8.21869	
1.99097	8.21869	
1.99066	8.2193	
1.99036	8.2196	
1.98975	8.21869	
1.99127	8.21869	
1.99036	8.21869	
1.99097	8.2196	
1.99219	8.21899	
1.99158	8.21808	
1.99219	8.21716	
1.99066	8.21838	
1.99127	8.21808	
1.99158	8.21838	
1.99158	8.21869	
1.99158	8.21777	
1.99188	8.21838	
1.99158	8.21808	
1.99097	8.21808	
1.99188	8.21716	
1.99188	8.21899	
1.99158	8.21838	
1.99097	8.21808	
1.99188	8.21869	
1.99097	8.21777	
1.99127	8.21869	
1.99066	8.21808	
1.99188	8.21869	
1.99097	8.21808	
1.99249	8.21747	
1.99097	8.21808	
1.99188	8.21777	
1.99066	8.21777	
1.99066	8.21808	
1.99158	8.21747	
1.99127	8.21747	
1.99066	8.21808	
1.99219	8.21808	
1.99219	8.21777	
1.99188	8.21777	
1.99158	8.21808	
1.99188	8.21716	
1.99127	8.21777	
1.99219	8.21808	
1.99158	8.21747	
1.99097	8.21777	
1.9931	8.21808	
1.99158	8.21716	
1.99188	8.21747	
1.99127	8.21777	
1.99158	8.21777	
1.9928	8.21777	
1.99188	8.21716	
1.99219	8.21777	
1.99097	8.21716	
1.99066	8.21655	
1.99097	8.21686	
1.99188	8.21655	
1.99188	8.21655	
1.99097	8.21625	
1.99219	8.21686	
1.99188	8.21686	
1.99127	8.21625	
1.99188	8.21655	
1.99249	8.21716	
1.9928	8.21686	
1.99188	8.21594	
1.99188	8.21625	
1.99188	8.21625	
1.99188	8.21625	
1.99249	8.21655	
1.99127	8.21594	
1.99188	8.21655	
1.9931	8.21625	
1.99219	8.21686	
1.99158	8.21686	
1.9928	8.21594	
1.99066	8.21716	
1.99127	8.21533	
1.99158	8.21655	
1.99188	8.21625	
1.99219	8.21594	
1.99219	8.21564	
1.99249	8.21533	
1.99127	8.21564	
1.99219	8.21564	
1.99219	8.21594	
1.99219	8.21533	
1.99219	8.21594	
1.99219	8.21625	
1.99249	8.21533	
1.9928	8.21564	
1.99249	8.21564	
1.99249	8.21594	
1.99127	8.21594	
1.99188	8.21564	
1.99188	8.21594	
1.99219	8.21594	
1.99219	8.21533	
1.99219	8.21503	
1.99249	8.21533	
1.99158	8.21533	
1.9928	8.21594	
1.99219	8.21564	
1.9928	8.21594	
1.99219	8.21564	
1.99158	8.21533	
1.99158	8.21533	
1.9928	8.21564	
1.99219	8.21594	
1.99219	8.21503	
1.99219	8.21442	
1.99249	8.21472	
1.99219	8.21564	
1.99219	8.21472	
1.99188	8.21472	
1.99219	8.21442	
1.99188	8.21564	
1.99219	8.21533	
1.99188	8.21625	
1.9928	8.21533	
1.99219	8.21411	
1.99249	8.21503	
1.99219	8.21442	
1.99219	8.21442	
1.99249	8.21381	
1.99188	8.21472	
1.9928	8.21442	
1.99249	8.21381	
1.9931	8.21411	
1.99158	8.2132	
1.9928	8.21381	
1.99249	8.21411	
1.99219	8.21381	
1.99127	8.21411	
1.99249	8.21472	
1.99219	8.21503	
1.99249	8.2135	
1.99249	8.21472	
1.99249	8.2132	
1.99219	8.2135	
1.99249	8.2132	
1.99249	8.2132	
1.99188	8.21289	
1.99127	8.21411	
1.9928	8.2135	
1.99158	8.21411	
1.99188	8.21289	
1.99097	8.21411	
1.9928	8.21381	
1.99127	8.21411	
1.99219	8.21381	
1.9928	8.21411	
1.9928	8.21411	
1.99249	8.2135	
1.99249	8.21411	
1.9931	8.21442	
1.99219	8.2135	
1.9928	8.21381	
1.99249	8.21472	
1.99249	8.21411	
1.99188	8.21411	
1.99219	8.2132	
1.9928	8.21228	
1.99097	8.21381	
1.99188	8.21259	
1.99219	8.21259	
1.99188	8.21289	
1.99249	8.21136	
1.99188	8.21198	
1.9928	8.21075	
1.99249	8.21228	
1.99249	8.21289	
1.99219	8.21259	
1.99219	8.21167	
1.99158	8.21228	
1.99188	8.21289	
1.99249	8.21289	
1.99188	8.21228	
1.99249	8.21167	
1.99219	8.21198	
1.99249	8.21167	
1.99249	8.21259	
1.99188	8.21136	
1.99341	8.21075	
1.99371	8.21167	
1.99341	8.21136	
1.9928	8.21198	
1.99249	8.21136	
1.9931	8.21106	
1.99341	8.21106	
1.9931	8.21106	
1.9928	8.21167	
1.99402	8.21136	
1.9931	8.21106	
1.9931	8.21167	
1.9931	8.21136	
1.9931	8.21198	
1.9931	8.21167	
1.9931	8.21075	
1.9931	8.21075	
1.9931	8.21106	
1.99341	8.21106	
1.99249	8.21136	
1.99249	8.21136	
1.9931	8.21136	
1.99371	8.21106	
1.9931	8.21136	
1.99249	8.21136	
1.9928	8.21106	
1.99249	8.21075	
1.99188	8.21045	
1.9931	8.21045	
1.9928	8.21075	
1.9931	8.21136	
1.9931	8.21045	
1.99341	8.21136	
1.99341	8.21014	
1.99341	8.21106	
1.99371	8.21167	
1.99341	8.21136	
1.99249	8.21136	
1.99341	8.21136	
1.99341	8.21106	
1.99371	8.21014	
1.99371	8.21106	
1.99249	8.21075	
1.9931	8.21106	
1.99402	8.21075	
1.99341	8.21106	
1.9931	8.21045	
1.9931	8.21075	
1.9931	8.21075	
1.99432	8.21045	
1.9931	8.21075	
1.99341	8.21106	
1.99188	8.21106	
1.99219	8.21045	
1.9928	8.21075	
1.99249	8.21014	
1.9931	8.21045	
1.99341	8.21075	
1.9928	8.20923	
1.99341	8.21045	
1.99341	8.20984	
1.99341	8.20892	
1.9931	8.21014	
1.99371	8.20984	
1.99341	8.20953	
1.99371	8.21045	
1.99341	8.20984	
1.99341	8.20953	
1.99371	8.20984	
1.9928	8.21014	
1.99341	8.21014	
1.99432	8.20953	
1.99402	8.20923	
1.99249	8.20984	
1.99341	8.20923	
1.99341	8.20984	
1.99341	8.20984	
1.9931	8.21014	
1.99402	8.20984	
1.99341	8.20953	
1.99341	8.20953	
1.9928	8.20953	
1.99371	8.20862	
1.99341	8.20892	
1.99341	8.20923	
1.99341	8.20953	
1.9931	8.20953	
1.99463	8.20892	
1.99341	8.20953	
1.99432	8.20801	
1.99341	8.20923	
1.99371	8.20892	
1.99341	8.20953	
1.99371	8.20862	
1.99402	8.20923	
1.9931	8.20923	
1.99402	8.20892	
1.99402	8.20923	
1.99341	8.20831	
1.99341	8.20923	
1.99341	8.20892	
1.9928	8.20892	
1.99432	8.20984	
1.9931	8.20953	
1.9931	8.2077	
1.99371	8.20801	
1.99371	8.20801	
1.99402	8.20831	
1.9928	8.20801	
1.99371	8.20801	
1.99341	8.20801	
1.99341	8.2074	
1.99341	8.20801	
1.99341	8.20801	
1.99341	8.20801	
1.99371	8.20862	
1.99341	8.2077	
1.99371	8.20801	
1.99371	8.20801	
1.99493	8.2077	
1.99402	8.2077	
1.99371	8.20801	
1.99371	8.2074	
1.99432	8.20709	
1.99371	8.20801	
1.99402	8.20801	
1.99402	8.20801	
1.99371	8.20831	
1.99432	8.20801	
1.99402	8.2074	
1.99463	8.20831	
1.99402	8.20831	
1.99402	8.20801	
1.99371	8.20709	
1.99371	8.20618	
1.9928	8.2074	
1.9931	8.20709	
1.99371	8.20709	
1.99371	8.2077	
1.99432	8.20709	
1.99341	8.2074	
1.99524	8.20831	
1.9931	8.2074	
1.99341	8.2074	
1.9928	8.20709	
1.9931	8.20709	
1.9931	8.2074	
1.99341	8.20648	
1.99371	8.2074	
1.99432	8.20648	
1.99371	8.20679	
1.99371	8.20679	
1.99402	8.20679	
1.99432	8.20679	
1.99432	8.20618	
1.99341	8.20648	
1.99371	8.20526	
1.99371	8.20618	
1.99341	8.20648	
1.99341	8.20618	
1.99371	8.20709	
1.99341	8.20648	
1.99341	8.20587	
1.99463	8.20679	
1.99371	8.20557	
1.9931	8.20587	
1.9931	8.20557	
1.99341	8.20648	
1.99402	8.20648	
1.99341	8.20648	
1.99371	8.20679	
1.99463	8.20709	
1.99402	8.20557	
1.99463	8.20526	
1.99371	8.20496	
1.99341	8.20465	
1.99402	8.20496	
1.9928	8.20496	
1.9931	8.20526	
1.99341	8.20526	
1.99432	8.20496	
1.9928	8.20465	
1.99402	8.20435	
1.99402	8.20587	
1.99371	8.20587	
1.9931	8.20587	
1.99432	8.20496	
1.99463	8.20496	
1.99402	8.20557	
1.99432	8.20526	
1.99371	8.20465	
1.99371	8.20618	
1.99402	8.20496	
1.99402	8.20557	
1.99341	8.20435	
1.99432	8.20465	
1.99371	8.20496	
1.99402	8.20404	
1.99371	8.20557	
1.9931	8.20526	
1.99432	8.20496	
1.99371	8.20496	
1.99402	8.20435	
1.99341	8.20496	
1.99341	8.20496	
1.99371	8.20435	
1.99371	8.20435	
1.99341	8.20496	
1.99402	8.20557	
1.99402	8.20557	
1.99432	8.20404	
1.99402	8.20435	
1.99402	8.20404	
1.99402	8.20374	
1.99402	8.20435	
1.99402	8.20374	
1.99402	8.20374	
1.99402	8.20465	
1.99402	8.20465	
1.9931	8.20404	
1.99432	8.20435	
1.99402	8.20404	
1.99402	8.20343	
1.9931	8.20465	
1.99402	8.20435	
1.99432	8.20404	
1.99341	8.20404	
1.99341	8.20404	
1.99402	8.20435	
1.99432	8.20404	
1.99493	8.20435	
1.99493	8.20374	
1.99432	8.20404	
1.99493	8.20404	
1.99432	8.20343	
1.99463	8.20374	
1.99463	8.20343	
1.99402	8.20343	
1.99402	8.20496	
1.99402	8.20404	
1.99432	8.20435	
1.99402	8.20374	
1.99402	8.20343	
1.99463	8.20374	
1.99432	8.20404	
1.99341	8.20343	
1.99341	8.20312	
1.99402	8.20435	
1.99463	8.20312	
1.99402	8.20404	
1.99402	8.20374	
1.9931	8.20404	
1.9931	8.20312	
1.9931	8.20251	
1.99402	8.20343	
1.99432	8.20282	
1.99402	8.20312	
1.99371	8.20251	
1.99432	8.20221	
1.99463	8.20282	
1.99371	8.20282	
1.99402	8.20374	
1.99432	8.20251	
1.99524	8.20282	
1.99402	8.20312	
1.99463	8.20251	
1.99402	8.20312	
1.99402	8.20251	
1.99432	8.20221	
1.99432	8.20282	
1.99402	8.20251	
1.99371	8.20221	
1.99432	8.20282	
1.99432	8.2016	
1.99432	8.20221	
1.99493	8.20312	
1.99432	8.20221	
1.99463	8.2019	
1.99463	8.20312	
1.99402	8.20343	
1.99432	8.20221	
1.99432	8.20312	
1.99371	8.20251	
1.99493	8.2019	
1.99493	8.20251	
1.99402	8.20251	
1.99463	8.20221	
1.99493	8.20251	
1.99432	8.2019	
1.99402	8.20221	
1.99402	8.20251	
1.99493	8.2019	
1.99463	8.2019	
1.99463	8.20129	
1.99432	8.20129	
1.99463	8.2016	
1.99463	8.2016	
1.99493	8.20129	
1.99463	8.2016	
1.99463	8.20099	
1.99432	8.20129	
1.99493	8.20068	
1.99402	8.20099	
1.99493	8.20129	
1.99463	8.20099	
1.99493	8.20129	
1.99493	8.20038	
1.99432	8.20099	
1.99463	8.20129	
1.99432	8.20129	
1.99524	8.2019	
1.99493	8.2016	
1.99493	8.2016	
1.99463	8.2016	
1.99432	8.20129	
1.99432	8.20068	
1.99402	8.2016	
1.99463	8.20129	
1.99554	8.20099	
1.99554	8.20129	
1.99463	8.20068	
1.99463	8.20068	
1.99432	8.20038	
1.99402	8.20099	
1.99432	8.20099	
1.99493	8.20068	
1.99493	8.20068	
1.99402	8.20099	
1.99463	8.20129	
1.99432	8.20038	
1.99341	8.20038	
1.99432	8.20038	
1.99432	8.19946	
1.99371	8.20099	
1.99432	8.20068	
1.99402	8.20068	
1.99402	8.19977	
1.99432	8.20099	
1.99371	8.20007	
1.99463	8.19977	
1.99493	8.20038	
1.99554	8.20007	
1.99524	8.19946	
1.99463	8.20038	
1.99493	8.20099	
1.99524	8.20068	
1.99493	8.19977	
1.99493	8.19977	
1.99463	8.20007	
1.99463	8.20038	
1.99402	8.19977	
1.99493	8.20007	
1.99554	8.19977	
1.99402	8.19977	
1.99371	8.19977	
1.99371	8.20007	
1.99432	8.19977	
1.99432	8.20038	
1.99493	8.20007	
1.99524	8.19946	
1.99463	8.19916	
1.99432	8.19916	
1.99524	8.19977	
1.99463	8.20038	
1.99493	8.20068	
1.99493	8.19977	
1.99493	8.19977	
1.99493	8.19977	
1.99371	8.19977	
1.99524	8.20038	
1.99432	8.19946	
1.99463	8.19946	
1.99463	8.19977	
1.99554	8.19977	
1.99493	8.20038	
1.99554	8.19977	
1.99554	8.19916	
1.99524	8.19946	
1.99524	8.19824	
1.99493	8.19855	
1.99493	8.19824	
1.99493	8.19855	
1.99524	8.19916	
1.99554	8.19946	
1.99463	8.19946	
1.99463	8.19885	
1.99493	8.19885	
1.99493	8.19824	
1.99493	8.19855	
1.99554	8.19855	
1.99463	8.19885	
1.99432	8.19794	
1.99463	8.19916	
1.99554	8.19946	
1.99463	8.19885	
1.99554	8.19885	
1.99493	8.19885	
1.99432	8.19885	
1.99524	8.19855	
1.99524	8.19916	
1.99524	8.19916	
1.99554	8.19855	
1.99524	8.19824	
1.99524	8.19885	
1.99463	8.19885	
1.99554	8.19702	
1.99585	8.19763	
1.99493	8.19672	
1.99554	8.19733	
1.99493	8.19824	
1.99432	8.19855	
1.99524	8.19824	
1.99463	8.19824	
1.99585	8.19824	
1.99402	8.19763	
1.99493	8.19794	
1.99463	8.19763	
1.99463	8.19855	
1.99493	8.19885	
1.99493	8.19763	
1.99554	8.19855	
1.99493	8.19855	
1.99554	8.19794	
1.99493	8.19763	
1.99493	8.19885	
1.99585	8.19794	
1.99554	8.19855	
1.99524	8.19794	
1.99554	8.19885	
1.99554	8.19916	
1.99493	8.19855	
1.99493	8.19824	
1.99524	8.19916	
1.99463	8.19855	
1.99493	8.19824	
1.99493	8.19733	
1.99463	8.19763	
1.99554	8.19824	
1.99493	8.19702	
1.99554	8.19733	
1.99554	8.19763	
1.99493	8.19824	
1.99554	8.19733	
1.99493	8.19641	
1.99432	8.19733	
1.99524	8.19641	
1.99524	8.19733	
1.99493	8.19672	
1.99463	8.19672	
1.99463	8.19641	
1.99524	8.19702	
1.99493	8.19702	
1.99463	8.19702	
1.99524	8.19763	
1.99524	8.19702	
1.99493	8.19733	
1.99493	8.19702	
1.99524	8.19702	
1.99554	8.19763	
1.99554	8.19702	
1.99554	8.19672	
1.99493	8.19702	
1.99432	8.19702	
1.99524	8.19702	
1.99524	8.19733	
1.99493	8.19702	
1.99463	8.19672	
1.99585	8.19672	
1.99463	8.19702	
1.99524	8.19611	
1.99463	8.1958	
1.99493	8.19733	
1.99493	8.19641	
1.99554	8.19672	
1.99524	8.19702	
1.99524	8.19702	
1.99554	8.19702	
1.99493	8.19733	
1.99524	8.19672	
1.99493	8.19641	
1.99493	8.19672	
1.99554	8.19702	
1.99524	8.19672	
1.99524	8.1958	
1.99493	8.19672	
1.99524	8.1958	
1.99432	8.1955	
1.99493	8.1958	
1.99585	8.1958	
1.99585	8.19611	
1.99554	8.19519	
1.99524	8.19611	
1.99493	8.19519	
1.99524	8.1955	
1.99554	8.19489	
1.99554	8.19519	
1.99463	8.19519	
1.99493	8.19641	
1.99554	8.19489	
1.99463	8.19519	
1.99493	8.1955	
1.99493	8.1958	
1.99432	8.1955	
1.99463	8.19611	
1.99585	8.19641	
1.99585	8.1955	
1.99554	8.19611	
1.99554	8.19611	
1.99554	8.1958	
1.99493	8.1958	
1.99493	8.19519	
1.99493	8.19489	
1.99463	8.19519	
1.99524	8.19458	
1.99554	8.19519	
1.99463	8.19458	
1.99463	8.19458	
1.99463	8.19458	
1.99493	8.19427	
1.99524	8.19489	
1.99463	8.19519	
1.99524	8.19519	
1.99463	8.19519	
1.99493	8.19489	
1.99524	8.19519	
1.99554	8.19489	
1.99554	8.19489	
1.99524	8.1955	
1.99585	8.19397	
1.99463	8.19458	
1.99524	8.19427	
1.99432	8.19427	
1.99524	8.19427	
1.99493	8.19519	
1.99585	8.19519	
1.99493	8.19427	
1.99524	8.19458	
1.99524	8.19519	
1.99493	8.19519	
1.99493	8.19427	
1.99524	8.19519	
1.99493	8.19458	
1.99585	8.19397	
1.99493	8.19458	
1.99554	8.19366	
1.99493	8.19427	
1.99493	8.19458	
1.99554	8.19427	
1.99524	8.19305	
1.99463	8.19336	
1.99524	8.19397	
1.99493	8.19305	
1.99402	8.19458	
1.99463	8.19489	
1.99432	8.19427	
1.99432	8.19489	
1.99432	8.19366	
1.99432	8.19397	
1.99463	8.19397	
1.99463	8.19366	
1.99493	8.19366	
1.99402	8.19336	
1.99554	8.19397	
1.99524	8.19366	
1.99524	8.19336	
1.99493	8.19366	
1.99524	8.19336	
1.99493	8.19397	
1.99615	8.19397	
1.99585	8.19366	
1.99554	8.19305	
1.99402	8.19336	
1.99554	8.19397	
1.99524	8.19366	
1.99585	8.19336	
1.99585	8.19336	
1.99615	8.19214	
1.99585	8.19336	
1.99677	8.19336	
1.99554	8.19305	
1.99554	8.19336	
1.99554	8.19336	
1.99493	8.19244	
1.99493	8.19275	
1.99554	8.19397	
1.99493	8.19214	
1.99554	8.19366	
1.99524	8.19305	
1.99585	8.19366	
1.99585	8.19336	
1.99493	8.19305	
1.99554	8.19336	
1.99585	8.19366	
1.99463	8.19305	
1.99493	8.19214	
1.99524	8.19244	
1.99463	8.19275	
1.99493	8.19336	
1.99554	8.19244	
1.99493	8.19336	
1.99554	8.19244	
1.99524	8.19244	
1.99646	8.19244	
1.99554	8.19244	
1.99554	8.19244	
1.99646	8.19336	
1.99615	8.19275	
1.99524	8.19183	
1.99585	8.19214	
1.99585	8.19214	
1.99493	8.19275	
1.99524	8.19244	
1.99524	8.19366	
1.99524	8.19244	
1.99524	8.19214	
1.99585	8.19214	
1.99493	8.19122	
1.99554	8.19183	
1.99554	8.19244	
1.99493	8.19153	
1.99554	8.19153	
1.99554	8.19153	
1.99554	8.19153	
1.99554	8.19122	
1.99615	8.19183	
1.99585	8.19183	
1.99615	8.19244	
1.99524	8.19183	
1.99493	8.19183	
1.99463	8.19183	
1.99554	8.19153	
1.99524	8.19122	
1.99554	8.19153	
1.99432	8.19183	
1.99402	8.19122	
1.99524	8.19214	
1.99524	8.19122	
1.99554	8.19061	
1.99585	8.19153	
1.99585	8.19153	
1.99493	8.19122	
1.99554	8.19153	
1.99493	8.19122	
1.99554	8.19122	
1.99524	8.19122	
1.99615	8.19122	
1.99524	8.19031	
1.99524	8.19061	
1.99554	8.19092	
1.99585	8.19092	
1.99585	8.19092	
1.99524	8.19092	
1.99585	8.19092	
1.99585	8.19153	
1.99615	8.19183	
1.99493	8.19031	
1.99493	8.19153	
1.99615	8.19153	
1.99585	8.19122	
1.99615	8.19153	
1.99554	8.19092	
1.99554	8.19061	
1.99615	8.19153	
1.99615	8.19122	
1.99585	8.19183	
1.99493	8.19183	
1.99615	8.19153	
1.99524	8.19122	
1.99493	8.19061	
1.99524	8.19122	
1.99615	8.19061	
1.99585	8.19092	
1.99646	8.19031	
1.99707	8.19061	
1.99615	8.19031	
1.99615	8.19031	
1.99585	8.19061	
1.99615	8.19061	
1.99554	8.19	
1.99585	8.19031	
1.99554	8.19031	
1.99554	8.19	
1.99615	8.19122	
1.99615	8.19031	
1.99554	8.19061	
1.99615	8.19031	
1.99615	8.19	
1.99646	8.19031	
1.99646	8.18909	
1.99554	8.18939	
1.99585	8.19	
1.99615	8.1897	
1.99554	8.1897	
1.99646	8.18939	
1.99615	8.19	
1.99554	8.19122	
1.99585	8.19	
1.99554	8.1897	
1.99585	8.1897	
1.99524	8.18939	
1.99554	8.1897	
1.99646	8.19031	
1.99646	8.19031	
1.99554	8.1897	
1.99615	8.19031	
1.99554	8.18939	
1.99646	8.19031	
1.99554	8.1897	
1.99615	8.18878	
1.99615	8.1897	
1.99554	8.18939	
1.99615	8.18848	
1.99585	8.18817	
1.99554	8.18909	
1.99585	8.18878	
1.99554	8.18909	
1.99615	8.19	
1.99646	8.18848	
1.99585	8.1897	
1.99554	8.18909	
1.99554	8.18909	
1.99524	8.18939	
1.99493	8.18909	
1.99524	8.18848	
1.99463	8.18878	
1.99615	8.18939	
1.99615	8.18878	
1.99554	8.18848	
1.99615	8.18848	
1.99524	8.18939	
1.99646	8.18848	
1.99615	8.18878	
1.99554	8.18817	
1.99615	8.18817	
1.99615	8.18756	
1.99554	8.18787	
1.99646	8.18787	
1.99554	8.18787	
1.99646	8.18909	
1.99554	8.18787	
1.99615	8.18848	
1.99554	8.18817	
1.99615	8.18848	
1.99646	8.18756	
1.99585	8.18756	
1.99585	8.18787	
1.99707	8.18817	
1.99707	8.18878	
1.99554	8.18695	
1.99493	8.18665	
1.99554	8.18695	
1.99554	8.18695	
1.99554	8.18726	
1.99554	8.18787	
1.99463	8.18787	
1.99554	8.18695	
1.99463	8.18695	
1.99493	8.18726	
1.99554	8.18878	
1.99554	8.18848	
1.99524	8.18756	
1.99554	8.18909	
1.99524	8.18848	
1.99524	8.18817	
1.99524	8.18817	
1.99554	8.18726	
1.99646	8.18695	
1.99585	8.18756	
1.99554	8.18787	
1.99493	8.18726	
1.99554	8.18787	
1.99524	8.18726	
1.99615	8.18726	
1.99615	8.18756	
1.99646	8.18726	
1.99677	8.18726	
1.99524	8.18726	
1.99585	8.18726	
1.99615	8.18726	
1.99585	8.18665	
1.99585	8.18787	
1.99585	8.18787	
1.99554	8.18756	
1.99554	8.18756	
1.99554	8.18695	
1.99615	8.18787	
1.99615	8.18695	
1.99585	8.18726	
1.99646	8.18665	
1.99646	8.18787	
1.99493	8.18695	
1.99585	8.18665	
1.99585	8.18634	
1.99646	8.18665	
1.99738	8.18695	
1.99646	8.18665	
1.99585	8.18695	
1.99554	8.18665	
1.99615	8.18604	
1.99646	8.18695	
1.99677	8.18665	
1.99646	8.18726	
1.99738	8.18787	
1.99585	8.18695	
1.99524	8.18787	
1.99554	8.18726	
1.99493	8.18756	
1.99493	8.18665	
1.99646	8.18604	
1.99646	8.18695	
1.99615	8.18634	
1.99585	8.18604	
1.99585	8.18634	
1.99677	8.18665	
1.99615	8.18573	
1.99677	8.18634	
1.99585	8.18573	
1.99707	8.18604	
1.99585	8.18634	
1.99646	8.18665	
1.99646	8.18634	
1.99646	8.18665	
1.99646	8.18695	
1.99615	8.18695	
1.99493	8.18726	
1.99585	8.18665	
1.99524	8.18634	
1.99524	8.18573	
1.99554	8.18573	
1.99646	8.18573	
1.99615	8.18512	
1.99677	8.18665	
1.99646	8.18573	
1.99585	8.18604	
1.99585	8.18573	
1.99585	8.18512	
1.99585	8.18634	
1.99646	8.18512	
1.99646	8.18634	
1.99646	8.18573	
1.99707	8.18604	
1.99707	8.18665	
1.99585	8.18573	
1.99646	8.18634	
1.99646	8.18542	
1.99646	8.18573	
1.99707	8.18604	
1.99615	8.18542	
1.99615	8.18542	
1.99585	8.18542	
1.99615	8.18542	
1.99585	8.18512	
1.99554	8.18604	
1.99554	8.18512	
1.99677	8.18542	
1.99646	8.18542	
1.99615	8.18542	
1.99554	8.18512	
1.99646	8.18573	
1.99554	8.18542	
1.99615	8.18512	
1.99554	8.18512	
1.99554	8.18573	
1.99585	8.18573	
1.99646	8.18573	
1.99585	8.18542	
1.99554	8.18542	
1.99615	8.18512	
1.99493	8.18634	
1.99646	8.18512	
1.99677	8.18512	
1.99615	8.18512	
1.99646	8.18573	
1.99615	8.18481	
1.99615	8.18573	
1.99646	8.18542	
1.99646	8.18512	
1.99646	8.18542	
1.99707	8.18481	
1.99554	8.18481	
1.99646	8.1842	
1.99615	8.1842	
1.99615	8.18451	
1.99615	8.18451	
1.99524	8.18481	
1.99585	8.18481	
1.99677	8.18451	
1.99707	8.18451	
1.99738	8.18542	
1.99585	8.18451	
1.99554	8.18451	
1.99615	8.18512	
1.99615	8.18451	
1.99554	8.18451	
1.99554	8.18512	
1.99646	8.18542	
1.99707	8.18481	
1.99554	8.18451	
1.99646	8.1839	
1.99677	8.1839	
1.99554	8.1842	
1.99646	8.1842	
1.99738	8.1839	
1.99677	8.18359	
1.99677	8.18298	
1.99585	8.18451	
1.99524	8.1839	
1.99585	8.18359	
1.99585	8.18451	
1.99524	8.18481	
1.99585	8.1842	
1.99585	8.18512	
1.99493	8.1842	
1.99585	8.1839	
1.99585	8.1842	
1.99615	8.1839	
1.99585	8.1839	
1.99554	8.18359	
1.99493	8.18359	
1.99615	8.18298	
1.99585	8.18268	
1.99615	8.18329	
1.99493	8.18329	
1.99646	8.18329	
1.99615	8.18359	
1.99554	8.1839	
1.99585	8.1839	
1.99615	8.1842	
1.99707	8.18512	
1.99554	8.1839	
1.99615	8.1839	
1.99646	8.18359	
1.99585	8.18359	
1.99585	8.18359	
1.99646	8.18298	
1.99707	8.18359	
1.99554	8.18237	
1.99585	8.18298	
1.99615	8.18298	
1.99677	8.18329	
1.99615	8.18237	
1.99554	8.1842	
1.99615	8.1839	
1.99554	8.18451	
1.99615	8.1839	
1.99554	8.18298	
1.99646	8.18298	
1.99646	8.18237	
1.99615	8.18268	
1.99615	8.18237	
1.99585	8.18298	
1.99554	8.18268	
1.99524	8.18237	
1.99615	8.18359	
1.99585	8.18359	
1.99615	8.18359	
1.99646	8.18268	
1.99524	8.18207	
1.99524	8.18237	
1.99585	8.18298	
1.99615	8.18298	
1.99585	8.18207	
1.99615	8.18176	
1.99554	8.18268	
1.99554	8.18268	
1.99493	8.18329	
1.99524	8.18298	
1.99493	8.18268	
1.99585	8.18237	
1.99493	8.18146	
1.99524	8.18237	
1.99554	8.18237	
1.99585	8.18146	
1.99615	8.18237	
1.99585	8.18176	
1.99615	8.18176	
1.99615	8.18176	
1.99585	8.18207	
1.99646	8.18207	
1.99463	8.18207	
1.99493	8.18207	
1.99554	8.18207	
1.99615	8.18176	
1.99554	8.18268	
1.99615	8.18237	
1.99677	8.18176	
1.99554	8.18176	
1.99615	8.18115	
1.99585	8.18115	
1.99615	8.18207	
1.99615	8.18146	
1.99646	8.18237	
1.99615	8.18268	
1.99585	8.18176	
1.99707	8.18176	
1.99615	8.18207	
1.99646	8.18207	
1.99768	8.18207	
1.99554	8.18115	
1.99615	8.18146	
1.99615	8.18237	
1.99585	8.18176	
1.99646	8.18207	
1.99677	8.18176	
1.99677	8.18207	
1.99493	8.18268	
1.99493	8.18207	
1.99615	8.18207	
1.99554	8.18298	
1.99615	8.18176	
1.99585	8.18115	
1.99554	8.18115	
1.99646	8.18176	
1.99585	8.18176	
1.99615	8.18146	
1.99524	8.18176	
1.99646	8.18115	
1.99554	8.18146	
1.99677	8.18054	
1.99554	8.18146	
1.99615	8.18054	
1.99615	8.18085	
1.99524	8.18054	
1.99554	8.18115	
1.99493	8.18115	
1.99646	8.18115	
1.99615	8.18085	
1.99524	8.18115	
1.99707	8.18024	
1.99554	8.18024	
1.99646	8.18085	
1.99646	8.18115	
1.99615	8.18054	
1.99677	8.18054	
1.99585	8.18024	
1.99585	8.18146	
1.99646	8.17963	
1.99554	8.18054	
1.99707	8.18115	
1.99615	8.18024	
1.99646	8.18085	
1.99554	8.18085	
1.99646	8.18115	
1.99615	8.17993	
1.99615	8.18054	
1.99554	8.18024	
1.99585	8.18024	
1.99554	8.18024	
1.99646	8.18115	
1.99585	8.18024	
1.99585	8.18024	
1.99707	8.18024	
1.99615	8.18115	
1.99615	8.18024	
1.99585	8.18054	
1.99615	8.18024	
1.99707	8.18024	
1.99646	8.17871	
1.99554	8.17963	
1.99554	8.17993	
1.99615	8.17993	
1.99707	8.17932	
1.99585	8.17902	
1.99585	8.17963	
1.99554	8.17963	
1.99615	8.17932	
1.99585	8.17963	
1.99585	8.17963	
1.99493	8.17993	
1.99585	8.17993	
1.99646	8.17993	
1.99707	8.17871	
1.99615	8.18024	
1.99615	8.17963	
1.99677	8.17963	
1.99707	8.17993	
1.99677	8.17902	
1.99615	8.17871	
1.99554	8.17902	
1.99646	8.17932	
1.99707	8.17871	
1.99677	8.17963	
1.99707	8.17902	
1.99646	8.17871	
1.99646	8.17902	
1.99615	8.17963	
1.99615	8.17932	
1.99554	8.17932	
1.99677	8.17993	
1.99524	8.17902	
1.99463	8.17932	
1.99677	8.17902	
1.99585	8.17871	
1.99615	8.17932	
1.99615	8.17902	
1.99554	8.17932	
1.99615	8.17993	
1.99615	8.17841	
1.99585	8.17871	
1.99585	8.17871	
1.99554	8.17902	
1.99554	8.17871	
1.99615	8.17902	
1.99646	8.17902	
1.99585	8.17902	
1.99677	8.17902	
1.99646	8.17932	
1.99615	8.17932	
1.99646	8.17902	
1.99677	8.17902	
1.99585	8.17841	
1.99554	8.17902	
1.99463	8.17963	
1.99646	8.17932	
1.99585	8.17963	
1.99585	8.17902	
1.99615	8.17932	
1.99615	8.17932	
1.99646	8.17871	
1.99646	8.17871	
1.99615	8.17871	
1.99707	8.17841	
1.99615	8.17841	
1.99646	8.1781	
1.99707	8.17841	
1.99646	8.17841	
1.99615	8.1778	
1.99646	8.1781	
1.99524	8.17749	
1.99615	8.1778	
1.99677	8.1781	
1.99646	8.1781	
1.99646	8.17871	
1.99615	8.17841	
1.99646	8.17871	
1.99585	8.1781	
1.99677	8.17871	
1.99646	8.17871	
1.99646	8.17749	
1.99554	8.1781	
1.99493	8.17749	
1.99615	8.17841	
1.99646	8.1778	
1.99677	8.17719	
1.99615	8.1778	
1.99585	8.17749	
1.99615	8.1781	
1.99646	8.1781	
1.99493	8.17688	
1.99585	8.1781	
1.99677	8.1778	
1.99615	8.17871	
1.99677	8.1778	
1.99615	8.17841	
1.99707	8.1778	
1.99646	8.17871	
1.99615	8.17841	
1.99554	8.1778	
1.99646	8.17688	
1.99615	8.17719	
1.99615	8.1781	
1.99646	8.17657	
1.99524	8.17627	
1.99554	8.17688	
1.99615	8.17657	
1.99585	8.17719	
1.99554	8.17596	
1.99615	8.17688	
1.99615	8.17719	
1.99585	8.17719	
1.99615	8.17719	
1.99615	8.1778	
1.99585	8.17719	
1.99585	8.17719	
1.99615	8.1781	
1.99554	8.17627	
1.99615	8.17657	
1.99585	8.17749	
1.99646	8.1778	
1.99707	8.17688	
1.99646	8.1781	
1.99738	8.17871	
1.99615	8.1778	
1.99615	8.17871	
1.99554	8.17688	
1.99646	8.17719	
1.99554	8.17627	
1.99615	8.17657	
1.99646	8.17749	
1.99677	8.17719	
1.99646	8.17688	
1.99646	8.17719	
1.99707	8.17719	
1.99615	8.17719	
1.99615	8.17657	
1.99615	8.17657	
1.99585	8.17596	
1.99677	8.17535	
1.99585	8.17596	
1.99615	8.17596	
1.99615	8.17566	
1.99554	8.17566	
1.99646	8.17627	
1.99615	8.17688	
1.99615	8.17596	
1.99554	8.17596	
1.99585	8.17596	
1.99646	8.17596	
1.99463	8.17596	
1.99554	8.17688	
1.99585	8.17657	
1.99585	8.17596	
1.99554	8.17749	
1.99554	8.17627	
1.99554	8.17596	
1.99585	8.17627	
1.99585	8.17596	
1.99585	8.17566	
1.99585	8.17535	
1.99524	8.17627	
1.99585	8.17535	
1.99646	8.17627	
1.99615	8.17596	
1.99615	8.17566	
1.99615	8.17627	
1.99677	8.17505	
1.99677	8.17627	
1.99585	8.17566	
1.99585	8.17596	
1.99554	8.17688	
1.99738	8.17627	
1.99585	8.17596	
1.99646	8.17627	
1.99646	8.17596	
1.99677	8.17535	
1.99677	8.17566	
1.99707	8.17505	
1.99554	8.17535	
1.99707	8.17474	
1.99615	8.17505	
1.99677	8.17596	
1.99646	8.17566	
1.99646	8.17535	
1.99615	8.17413	
1.99554	8.17505	
1.99585	8.17535	
1.99554	8.17566	
1.99646	8.17535	
1.99768	8.17474	
1.99585	8.17474	
1.99707	8.17505	
1.99646	8.17505	
1.99707	8.17505	
1.99585	8.17566	
1.99585	8.17474	
1.99677	8.17596	
1.99707	8.17444	
1.99646	8.17566	
1.99615	8.17505	
1.99585	8.17566	
1.99585	8.17474	
1.99646	8.17444	
1.99554	8.17505	
1.99615	8.17535	
1.99554	8.17474	
1.99554	8.17505	
1.99585	8.17474	
1.99615	8.17505	
1.99585	8.17474	
1.99677	8.17505	
1.99646	8.17474	
1.99738	8.17505	
1.99524	8.17474	
1.99615	8.17566	
1.99585	8.17413	
1.99585	8.17535	
1.99646	8.17535	
1.99524	8.17444	
1.99677	8.17566	
1.99646	8.17444	
1.99646	8.17474	
1.99554	8.17413	
1.99554	8.17535	
1.99646	8.17444	
1.99615	8.17444	
1.99615	8.17474	
1.99554	8.17444	
1.99646	8.17383	
1.99524	8.17352	
1.99677	8.17413	
1.99524	8.17322	
1.99554	8.17322	
1.99585	8.17413	
1.99524	8.17444	
1.99615	8.17383	
1.99493	8.17322	
1.99554	8.17444	
1.99615	8.17383	
1.99585	8.17505	
1.99585	8.17444	
1.99615	8.17474	
1.99615	8.17505	
1.99646	8.17444	
1.99585	8.17383	
1.99615	8.17413	
1.99585	8.17383	
1.99615	8.17413	
1.99524	8.17322	
1.99585	8.17383	
1.99615	8.17383	
1.99615	8.17413	
1.99677	8.17383	
1.99615	8.17322	
1.99646	8.17413	
1.99615	8.17413	
1.99707	8.17413	
1.99554	8.17383	
1.99646	8.17413	
1.99646	8.17322	
1.99585	8.17322	
1.99707	8.17413	
1.99585	8.17444	
1.99554	8.17322	
1.99554	8.17291	
1.99646	8.17352	
1.99554	8.17352	
1.99615	8.17352	
1.99615	8.17383	
1.99615	8.17352	
1.99585	8.17383	
1.99493	8.17383	
1.99615	8.17322	
1.99677	8.17291	
1.99677	8.1723	
1.99615	8.17383	
1.99554	8.1723	
1.99646	8.17291	
1.99554	8.17261	
1.99646	8.17383	
1.99554	8.17261	
1.99615	8.1723	
1.99585	8.17291	
1.99585	8.17352	
1.99463	8.17291	
1.99554	8.17322	
1.99615	8.17291	
1.99677	8.17261	
1.99585	8.17261	
1.99585	8.17261	
1.99646	8.1723	
1.99677	8.172	
1.99677	8.1723	
1.99615	8.17261	
1.99646	8.1723	
1.99677	8.17261	
1.99646	8.17261	
1.99585	8.17261	
1.99646	8.17322	
1.99585	8.1723	
1.99585	8.1723	
1.99585	8.17261	
1.99585	8.1723	
1.99524	8.17261	
1.99554	8.17261	
1.99463	8.172	
1.99554	8.1723	
1.99615	8.1723	
1.99646	8.1723	
1.99615	8.17322	
1.99524	8.17169	
1.99615	8.17169	
1.99493	8.172	
1.99585	8.172	
1.99615	8.17261	
1.99615	8.1723	
1.99646	8.1723	
1.99646	8.172	
1.99646	8.17169	
1.99615	8.17169	
1.99585	8.17139	
1.99524	8.17139	
1.99585	8.172	
1.99738	8.17169	
1.99646	8.17139	
1.99615	8.172	
1.99646	8.17261	
1.99585	8.1723	
1.99646	8.17078	
1.99677	8.17169	
1.99493	8.17169	
1.99615	8.17139	
1.99615	8.17169	
1.99615	8.17169	
1.99554	8.17169	
1.99585	8.17169	
1.99585	8.172	
1.99554	8.1723	
1.99646	8.1723	
1.99615	8.172	
1.99585	8.172	
1.99585	8.17291	
1.99524	8.1723	
1.99585	8.172	
1.99615	8.17169	
1.99585	8.17139	
1.99615	8.17169	
1.99646	8.17169	
1.99554	8.17169	
1.99646	8.17169	
1.99615	8.172	
1.99493	8.17169	
1.99585	8.17078	
1.99738	8.17139	
1.99677	8.1723	
1.99585	8.172	
1.99615	8.17169	
1.99615	8.172	
1.99615	8.1723	
1.99585	8.17108	
1.99585	8.17139	
1.99493	8.172	
1.99524	8.172	
1.99677	8.17291	
1.99615	8.17169	
1.99524	8.1723	
1.99615	8.172	
1.99554	8.17108	
1.99585	8.16986	
1.99585	8.17108	
1.99707	8.17108	
1.99585	8.17078	
1.99615	8.17047	
1.99554	8.17078	
1.99585	8.17139	
1.99432	8.17139	
1.99554	8.17108	
1.99615	8.17169	
1.99493	8.17078	
1.99615	8.17139	
1.99554	8.17078	
1.99554	8.17139	
1.99524	8.17017	
1.99524	8.17047	
1.99554	8.17139	
1.99585	8.17108	
1.99554	8.17078	
1.99554	8.17047	
1.99646	8.17108	
1.99524	8.17047	
1.99554	8.17047	
1.99615	8.17017	
1.99554	8.17078	
1.99585	8.17047	
1.99585	8.17078	
1.99585	8.17078	
1.99585	8.16956	
1.99585	8.17017	
1.99615	8.17047	
1.99615	8.17047	
1.99677	8.17047	
1.99493	8.17017	
1.99463	8.17078	
1.99524	8.17078	
1.99524	8.17169	
1.99585	8.17108	
1.99615	8.17078	
1.99554	8.17047	
1.99554	8.17017	
1.99646	8.17078	
1.99585	8.17108	
1.99707	8.17017	
1.99646	8.17139	
1.99524	8.17017	
1.99554	8.17047	
1.99493	8.16986	
1.99554	8.17047	
1.99615	8.17047	
1.99615	8.17017	
1.99615	8.17017	
1.99554	8.17017	
1.99646	8.17078	
1.99615	8.17017	
1.99585	8.17047	
1.99615	8.17017	
1.99585	8.17017	
1.99677	8.16925	
1.99677	8.17017	
1.99554	8.16986	
1.99524	8.16956	
1.99615	8.16986	
1.99554	8.17047	
1.99493	8.17017	
1.99646	8.16956	
1.99615	8.16986	
1.99646	8.16925	
1.99524	8.16895	
1.99585	8.17017	
1.99524	8.17017	
1.99585	8.17017	
1.99615	8.16956	
1.99585	8.17047	
1.99493	8.16956	
1.99615	8.16986	
1.99554	8.16956	
1.99554	8.17017	
1.99615	8.16956	
1.99554	8.16956	
1.99646	8.16956	
1.99493	8.16925	
1.99554	8.17047	
1.99554	8.16956	
1.99493	8.16956	
1.99615	8.16986	
1.99524	8.16986	
1.99585	8.17017	
1.99615	8.16986	
1.99585	8.16986	
1.99493	8.16864	
1.99585	8.16956	
1.99554	8.16956	
1.99554	8.16925	
1.99493	8.16895	
1.99554	8.16925	
1.99615	8.16803	
1.99585	8.16895	
1.99554	8.16864	
1.99615	8.16925	
1.99585	8.16895	
1.99554	8.16833	
1.99554	8.16895	
1.99585	8.16895	
1.99554	8.16956	
1.99585	8.17017	
1.99493	8.16833	
1.99585	8.16925	
1.99493	8.16895	
1.99554	8.16833	
1.99554	8.16925	
1.99585	8.16925	
1.99493	8.16833	
1.99493	8.16895	
1.99585	8.16895	
1.99524	8.16895	
1.99615	8.16895	
1.99554	8.16895	
1.99585	8.16925	
1.99463	8.16803	
1.99554	8.16925	
1.99524	8.16864	
1.99646	8.16864	
1.99615	8.16895	
1.99554	8.16925	
1.99585	8.16864	
1.99554	8.16895	
1.99554	8.16956	
1.99524	8.16833	
1.99524	8.16772	
1.99524	8.16772	
1.99615	8.16803	
1.99615	8.16742	
1.99554	8.16833	
1.99554	8.16864	
1.99493	8.16772	
1.99646	8.16742	
1.99524	8.16772	
1.99615	8.16864	
1.99554	8.16833	
1.99554	8.16833	
1.99524	8.16803	
1.99554	8.16742	
1.99585	8.16833	
1.99554	8.16864	
1.99554	8.16772	
1.99585	8.16772	
1.99463	8.16864	
1.99585	8.16772	
1.99554	8.16833	
1.99554	8.16803	
1.99615	8.16803	
1.99493	8.16833	
1.99615	8.16772	
1.99585	8.16833	
1.99585	8.16833	
1.99524	8.16803	
1.99585	8.16803	
1.99585	8.16772	
1.99493	8.16833	
1.99554	8.16711	
1.99615	8.16803	
1.99493	8.16803	
1.99615	8.16833	
1.99646	8.16833	
1.99615	8.16772	
1.99585	8.16803	
1.99585	8.16803	
1.99615	8.16833	
1.99493	8.16742	
1.99585	8.16772	
1.99524	8.16772	
1.99554	8.16711	
1.99554	8.16742	
1.99554	8.16681	
1.99493	8.16589	
1.99677	8.16772	
1.99524	8.16681	
1.99585	8.16772	
1.99524	8.16711	
1.99524	8.16742	
1.99677	8.16803	
1.99524	8.16711	
1.99463	8.1662	
1.99554	8.16681	
1.99493	8.16742	
1.99554	8.16681	
1.99585	8.16742	
1.99646	8.16711	
1.99524	8.16711	
1.99554	8.16681	
1.99615	8.1665	
1.99585	8.16681	
1.99615	8.1662	
1.99493	8.1665	
1.99585	8.1662	
1.99585	8.16711	
1.99554	8.1665	
1.99615	8.16681	
1.99615	8.16803	
1.99585	8.1662	
1.99615	8.16711	
1.99615	8.16681	
1.99554	8.16681	
1.99585	8.16681	
1.99646	8.16772	
1.99585	8.16711	
1.99493	8.16681	
1.99524	8.16681	
1.99554	8.1662	
1.99554	8.1665	
1.99585	8.16681	
1.99524	8.16681	
1.99615	8.16681	
1.99585	8.1662	
1.99463	8.16589	
1.99493	8.16589	
1.99524	8.16742	
1.99524	8.1662	
1.99524	8.16681	
1.99463	8.16711	
1.99554	8.16681	
1.99524	8.1662	
1.99524	8.16711	
1.99524	8.1665	
1.99554	8.16711	
1.99493	8.16559	
1.99524	8.1662	
1.99493	8.1662	
1.99493	8.16589	
1.99524	8.16528	
1.99524	8.1665	
1.99554	8.16589	
1.99585	8.1662	
1.99615	8.16589	
1.99554	8.1662	
1.99554	8.16711	
1.99463	8.1662	
1.99493	8.16711	
1.99524	8.1662	
1.99524	8.16498	
1.99493	8.1662	
1.99615	8.16589	
1.99524	8.16528	
1.99554	8.16589	
1.99585	8.16559	
1.99554	8.16589	
1.99585	8.16498	
1.99554	8.16589	
1.99615	8.16559	
1.99524	8.16559	
1.99615	8.16559	
1.99615	8.16528	
1.99615	8.1662	
1.99615	8.16711	
1.99524	8.16528	
1.99493	8.16498	
1.99585	8.16528	
1.99615	8.16589	
1.99585	8.16559	
1.99585	8.16528	
1.99463	8.16559	
1.99463	8.16498	
1.99554	8.16559	
1.99554	8.16559	
1.99493	8.16528	
1.99615	8.16559	
1.99463	8.16467	
1.99615	8.16589	
1.99524	8.16528	
1.99554	8.16559	
1.99493	8.16559	
1.99493	8.16589	
1.99463	8.16498	
1.99524	8.16498	
1.99493	8.16559	
1.99554	8.16498	
1.99615	8.16528	
1.99493	8.16589	
1.99463	8.16498	
1.99463	8.16498	
1.99463	8.16528	
1.99554	8.16528	
1.99432	8.16467	
1.99554	8.16528	
1.99493	8.16528	
1.99463	8.16528	
1.99463	8.16498	
1.99554	8.16528	
1.99493	8.16498	
1.99646	8.1662	
1.99524	8.1662	
1.99524	8.16559	
1.99585	8.16559	
1.99554	8.16467	
1.99524	8.16437	
1.99554	8.16437	
1.99615	8.16498	
1.99493	8.16437	
1.99493	8.16467	
1.99554	8.16437	
1.99524	8.16376	
1.99493	8.16345	
1.99432	8.16437	
1.99463	8.16498	
1.99463	8.16315	
1.99524	8.16467	
1.99463	8.16498	
1.99493	8.16437	
1.99493	8.16498	
1.99554	8.16498	
1.99524	8.16467	
1.99463	8.16467	
1.99493	8.16528	
1.99554	8.16406	
1.99493	8.16467	
1.99463	8.16437	
1.99432	8.16467	
1.99524	8.16559	
1.99463	8.16467	
1.99524	8.16406	
1.99554	8.16467	
1.99493	8.16467	
1.99524	8.16498	
1.99493	8.16467	
1.99493	8.16467	
1.99585	8.16528	
1.99524	8.16467	
1.99493	8.16437	
1.99432	8.16437	
1.99432	8.16406	
1.99524	8.16498	
1.99554	8.16406	
1.99493	8.16437	
1.99585	8.16467	
1.99554	8.16406	
1.99493	8.16437	
1.99524	8.16467	
1.99524	8.16376	
1.99585	8.16406	
1.99463	8.16315	
1.99463	8.16376	
1.99493	8.16315	
1.99554	8.16406	
1.99463	8.16406	
1.99524	8.16284	
1.99493	8.16315	
1.99493	8.16345	
1.99493	8.16223	
1.99493	8.16315	
1.99554	8.16406	
1.99463	8.16345	
1.99524	8.16498	
1.99554	8.16315	
1.99554	8.16406	
1.99493	8.16376	
1.99554	8.16315	
1.99402	8.16254	
1.99493	8.16315	
1.99554	8.16345	
1.99524	8.16406	
1.99554	8.16345	
1.99646	8.16315	
1.99554	8.16254	
1.99524	8.16406	
1.99493	8.16376	
1.99524	8.16254	
1.99524	8.16254	
1.99524	8.16315	
1.99615	8.16437	
1.99524	8.16376	
1.99615	8.16376	
1.99554	8.16376	
1.99615	8.16345	
1.99585	8.16254	
1.99432	8.16315	
1.99615	8.16284	
1.99554	8.16223	
1.99493	8.16284	
1.99493	8.16284	
1.99493	8.16284	
1.99524	8.16345	
1.99524	8.16345	
1.99493	8.16284	
1.99463	8.16315	
1.99493	8.16284	
1.99585	8.16162	
1.99493	8.16223	
1.99463	8.16193	
1.99463	8.16193	
1.99493	8.16193	
1.99493	8.16162	
1.99432	8.16162	
1.99463	8.16284	
1.99524	8.16254	
1.99432	8.16223	
1.99524	8.16223	
1.99463	8.16254	
1.99493	8.16254	
1.99554	8.16284	
1.99524	8.16162	
1.99432	8.16223	
1.99554	8.16254	
1.99554	8.16193	
1.99554	8.16132	
1.99585	8.16284	
1.99554	8.16223	
1.99493	8.16284	
1.99585	8.16193	
1.99432	8.16223	
1.99493	8.16315	
1.99646	8.16193	
1.99524	8.16315	
1.99493	8.16284	
1.99585	8.16345	
1.99463	8.16193	
1.99554	8.16315	
1.99554	8.16284	
1.99463	8.16254	
1.99493	8.16223	
1.99432	8.16223	
1.99554	8.16223	
1.99463	8.16223	
1.99463	8.16284	
1.99493	8.16193	
1.99432	8.16193	
1.99493	8.16223	
1.99493	8.16193	
1.99432	8.16254	
1.99554	8.16315	
1.99493	8.16223	
1.99493	8.16193	
1.99554	8.16162	
1.99463	8.16193	
1.99463	8.16162	
1.99524	8.16162	
1.99493	8.16071	
1.99524	8.16132	
1.99493	8.16132	
1.99554	8.16223	
1.99432	8.16254	
1.99463	8.16132	
1.99493	8.16193	
1.99524	8.16162	
1.99463	8.16101	
1.99493	8.16162	
1.99524	8.16071	
1.99463	8.16101	
1.99432	8.16101	
1.99554	8.16071	
1.99493	8.16132	
1.99493	8.16101	
1.99493	8.16162	
1.99524	8.16162	
1.99463	8.16132	
1.99493	8.16101	
1.99463	8.16162	
1.99554	8.16132	
1.99493	8.16132	
1.99493	8.16132	
1.99432	8.16162	
1.99432	8.1604	
1.99402	8.16101	
1.99463	8.16254	
1.99463	8.16101	
1.99493	8.16101	
1.99463	8.16071	
1.99463	8.16132	
1.99524	8.16132	
1.99524	8.16101	
1.99493	8.1604	
1.99554	8.16071	
1.99524	8.1604	
1.99432	8.1604	
1.99524	8.16101	
1.99524	8.16071	
1.99585	8.16162	
1.99554	8.16101	
1.99646	8.16071	
1.99585	8.16132	
1.99493	8.16101	
1.99554	8.1601	
1.99463	8.16101	
1.99554	8.1604	
1.99554	8.16071	
1.99371	8.15918	
1.99463	8.1601	
1.99493	8.1601	
1.99402	8.1601	
1.99493	8.1604	
1.99493	8.16071	
1.99493	8.1604	
1.99493	8.16132	
1.99493	8.16071	
1.99554	8.16101	
1.99493	8.16101	
1.99524	8.16101	
1.99524	8.16132	
1.99524	8.16101	
1.99493	8.1601	
1.99493	8.1604	
1.99524	8.1601	
1.99432	8.15948	
1.99463	8.1604	
1.99432	8.15979	
1.99493	8.1604	
1.99493	8.16101	
1.99493	8.1604	
1.99493	8.15979	
1.99463	8.1604	
1.99463	8.1604	
1.99493	8.1604	
1.99463	8.1604	
1.99463	8.1601	
1.99463	8.16071	
1.99524	8.16101	
1.99493	8.1604	
1.99432	8.15948	
1.99493	8.15948	
1.99554	8.1601	
1.99463	8.15948	
1.99524	8.15979	
1.99493	8.15948	
1.99432	8.15979	
1.99524	8.15979	
1.99341	8.1601	
1.99493	8.15979	
1.99432	8.15918	
1.99371	8.15887	
1.99402	8.15948	
1.99402	8.15918	
1.99463	8.15979	
1.99493	8.15979	
1.99463	8.1601	
1.99524	8.15948	
1.99493	8.1604	
1.99524	8.15918	
1.99493	8.15979	
1.99585	8.15979	
1.99493	8.15979	
1.99585	8.15948	
1.99463	8.1601	
1.99432	8.15979	
1.99554	8.1604	
1.99524	8.1601	
1.99463	8.15979	
1.99493	8.15979	
1.99493	8.15979	
1.99463	8.1604	
1.99554	8.1601	
1.99432	8.15948	
1.99463	8.15948	
1.99432	8.15948	
1.99463	8.15948	
1.99554	8.15979	
1.99554	8.15979	
1.99463	8.15948	
1.99524	8.15948	
1.99524	8.15918	
1.99463	8.1601	
1.99402	8.15948	
1.99432	8.15918	
1.99463	8.15918	
1.99463	8.15887	
1.99554	8.15826	
1.99432	8.15826	
1.99371	8.15826	
1.99402	8.15765	
1.99463	8.15826	
1.99371	8.15796	
1.99432	8.15857	
1.99493	8.15826	
1.99432	8.15826	
1.99463	8.15765	
1.99493	8.15765	
1.99402	8.15826	
1.99463	8.15887	
1.99493	8.15948	
1.99432	8.15796	
1.99463	8.15918	
1.99463	8.15887	
1.99463	8.15948	
1.99493	8.15948	
1.99493	8.15918	
1.99371	8.15979	
1.99463	8.15857	
1.99463	8.15826	
1.99463	8.15857	
1.99493	8.15887	
1.99402	8.15796	
1.99463	8.15796	
1.99463	8.15796	
1.99432	8.15948	
1.99554	8.15979	
1.99463	8.15948	
1.99463	8.15948	
1.99493	8.15887	
1.99493	8.15887	
1.99493	8.15796	
1.99585	8.15857	
1.99554	8.15826	
1.99463	8.15796	
1.99524	8.15826	
1.99463	8.15796	
1.99493	8.15704	
1.99524	8.15826	
1.99493	8.15826	
1.99554	8.15826	
1.99493	8.15765	
1.99463	8.15796	
1.99463	8.15826	
1.99463	8.15857	
1.99463	8.15704	
1.99493	8.15735	
1.99524	8.15765	
1.99463	8.15765	
1.99493	8.15704	
1.99493	8.15765	
1.99524	8.15765	
1.99493	8.15704	
1.99554	8.15796	
1.99493	8.15826	
1.99554	8.15765	
1.99402	8.15765	
1.99341	8.15796	
1.99402	8.15826	
1.99463	8.15796	
1.99463	8.15674	
1.99463	8.15796	
1.99463	8.15796	
1.99432	8.15796	
1.99524	8.15735	
1.99493	8.15765	
1.99585	8.15765	
1.99554	8.15796	
1.99524	8.15735	
1.99524	8.15765	
1.99463	8.15674	
1.99615	8.15735	
1.99493	8.15796	
1.99554	8.15765	
1.99524	8.15796	
1.99524	8.15796	
1.99524	8.15735	
1.99493	8.15796	
1.99463	8.15735	
1.99493	8.15765	
1.99585	8.15765	
1.99463	8.15735	
1.99493	8.15704	
1.99493	8.15735	
1.99524	8.15765	
1.99493	8.15765	
1.99432	8.15796	
1.99524	8.15796	
1.99554	8.15857	
1.99432	8.15826	
1.99493	8.15765	
1.99493	8.15826	
1.99432	8.15704	
1.99493	8.15735	
1.99432	8.15704	
1.99493	8.15643	
1.99493	8.15674	
1.99432	8.15704	
1.99432	8.15643	
1.99463	8.15674	
1.99493	8.15643	
1.99402	8.15735	
1.99493	8.15704	
1.99432	8.15735	
1.99432	8.15674	
1.99432	8.15674	
1.99432	8.15704	
1.99371	8.15674	
1.99432	8.15674	
1.99463	8.15643	
1.99432	8.15552	
1.99493	8.15643	
1.99463	8.15704	
1.99432	8.15643	
1.99493	8.15674	
1.99554	8.15643	
1.99432	8.15643	
1.99524	8.15674	
1.99524	8.15765	
1.99402	8.15674	
1.99493	8.15796	
1.99432	8.15643	
1.99402	8.15643	
1.99402	8.15735	
1.99493	8.15735	
1.99554	8.15704	
1.99493	8.15643	
1.99493	8.15674	
1.99463	8.15674	
1.99402	8.15674	
1.99371	8.15613	
1.99371	8.15704	
1.99432	8.15735	
1.99493	8.15735	
1.99402	8.15643	
1.99432	8.15674	
1.99554	8.15674	
1.99432	8.15643	
1.99463	8.15643	
1.99402	8.15643	
1.99493	8.15552	
1.99463	8.15613	
1.99432	8.15613	
1.99432	8.15643	
1.99432	8.15521	
1.99402	8.15582	
1.99463	8.15582	
1.99463	8.15613	
1.99432	8.15582	
1.99493	8.15552	
1.99463	8.15521	
1.99524	8.15552	
1.99493	8.15552	
1.99402	8.15613	
1.99432	8.15613	
1.99432	8.15643	
1.99493	8.15643	
1.99463	8.15704	
1.99493	8.15674	
1.99493	8.15704	
1.99493	8.15643	
1.99493	8.15552	
1.99371	8.15552	
1.99432	8.15582	
1.99493	8.15613	
1.99432	8.15552	
1.99524	8.15643	
1.99432	8.15704	
1.99463	8.15582	
1.99463	8.15613	
1.99493	8.15674	
1.99432	8.15613	
1.99402	8.15552	
1.99432	8.15582	
1.99463	8.15491	
1.99371	8.15582	
1.9931	8.15582	
1.99432	8.15582	
1.99432	8.15613	
1.99432	8.15674	
1.99524	8.15582	
1.99432	8.15521	
1.99493	8.15552	
1.99463	8.15552	
1.99493	8.15552	
1.99463	8.15552	
1.99585	8.15552	
1.99463	8.15613	
1.99524	8.15491	
1.99432	8.15491	
1.99432	8.15613	
1.99463	8.15521	
1.99463	8.15521	
1.99493	8.15491	
1.99463	8.15552	
1.99432	8.15552	
1.99402	8.15613	
1.99402	8.1546	
1.99493	8.15491	
1.99493	8.15552	
1.99463	8.15552	
1.99371	8.15521	
1.99524	8.15491	
1.99463	8.15521	
1.99524	8.15552	
1.99463	8.1543	
1.99432	8.15552	
1.99432	8.15521	
1.99402	8.15521	
1.99463	8.15491	
1.99432	8.15613	
1.99493	8.15552	
1.99402	8.15552	
1.99463	8.1546	
1.99371	8.15491	
1.99371	8.15521	
1.99432	8.1546	
1.99463	8.15552	
1.99493	8.15521	
1.99463	8.15582	
1.99463	8.1546	
1.99371	8.15491	
1.99432	8.15552	
1.99493	8.15491	
1.99463	8.1546	
1.99432	8.15552	
1.99432	8.1546	
1.99402	8.15399	
1.99463	8.15521	
1.99371	8.1546	
1.99371	8.1546	
1.99402	8.15521	
1.99402	8.15552	
1.99371	8.15521	
1.99493	8.1546	
1.99371	8.1543	
1.99371	8.15338	
1.99402	8.1543	
1.99463	8.15399	
1.99371	8.15369	
1.99402	8.1546	
1.99371	8.1546	
1.9928	8.15338	
1.9931	8.15491	
1.99371	8.15491	
1.99371	8.15491	
1.99402	8.15521	
1.99432	8.15369	
1.99341	8.15399	
1.99371	8.1543	
1.99463	8.15491	
1.99371	8.15491	
1.99432	8.15338	
1.99432	8.15338	
1.99432	8.15491	
1.99524	8.1543	
1.99371	8.15491	
1.99432	8.1543	
1.99493	8.15491	
1.99463	8.1543	
1.99493	8.1543	
1.99493	8.15399	
1.99493	8.15491	
1.99463	8.1546	
1.99402	8.15338	
1.99341	8.1543	
1.99371	8.15338	
1.9931	8.15369	
1.99432	8.15399	
1.99402	8.15338	
1.99432	8.15338	
1.99371	8.1543	
1.99493	8.1546	
1.99402	8.15369	
1.99432	8.15369	
1.99341	8.15399	
1.99371	8.15369	
1.99432	8.15369	
1.99432	8.15399	
1.99432	8.15399	
1.99463	8.15399	
1.99371	8.15338	
1.99524	8.15338	
1.99432	8.15308	
1.99341	8.15338	
1.99463	8.1543	
1.99402	8.1543	
1.99493	8.1543	
1.99493	8.15491	
1.99463	8.15308	
1.99463	8.15338	
1.99371	8.15399	
1.99371	8.15308	
1.99402	8.1543	
1.99432	8.1543	
1.99341	8.15338	
1.99432	8.15399	
1.99463	8.15369	
1.99402	8.1543	
1.99402	8.15338	
1.99463	8.15369	
1.99432	8.15308	
1.99371	8.15308	
1.99402	8.15277	
1.9931	8.15247	
1.99402	8.15216	
1.99402	8.15216	
1.99371	8.15216	
1.99341	8.15247	
1.99371	8.15308	
1.99371	8.15308	
1.99432	8.15216	
1.99402	8.15277	
1.99371	8.15308	
1.99371	8.15247	
1.9931	8.15338	
1.99432	8.15277	
1.99432	8.15308	
1.99371	8.15247	
1.99432	8.15277	
1.99402	8.15338	
1.99371	8.15277	
1.99371	8.15247	
1.99402	8.15277	
1.99432	8.15308	
1.99371	8.15216	
1.99432	8.15247	
1.99371	8.15308	
1.99463	8.15369	
1.99463	8.15277	
1.99432	8.15308	
1.9931	8.15277	
1.99371	8.15277	
1.99341	8.15277	
1.99432	8.15308	
1.99402	8.15186	
1.99402	8.15247	
1.99402	8.15308	
1.99432	8.15277	
1.9931	8.15216	
1.99402	8.15338	
1.99463	8.15308	
1.99432	8.15308	
1.99371	8.15308	
1.99341	8.15277	
1.99341	8.15247	
1.99371	8.15186	
1.99371	8.15186	
1.99371	8.15216	
1.99432	8.15369	
1.99371	8.15277	
1.9931	8.15277	
1.99371	8.15216	
1.99402	8.15186	
1.9931	8.15216	
1.99432	8.15247	
1.99371	8.15277	
1.99432	8.15186	
1.99371	8.15277	
1.99371	8.15277	
1.99432	8.15155	
1.99463	8.15155	
1.99402	8.15186	
1.99402	8.15216	
1.99371	8.15216	
1.99432	8.15247	
1.99402	8.15247	
1.99402	8.15247	
1.99402	8.15186	
1.99371	8.15155	
1.99341	8.15247	
1.99432	8.15216	
1.99341	8.15186	
1.99432	8.15216	
1.99402	8.15155	
1.99463	8.15277	
1.99402	8.15247	
1.9931	8.15216	
1.99371	8.15216	
1.99463	8.15155	
1.99371	8.15186	
1.99432	8.15247	
1.99341	8.15247	
1.99341	8.15247	
1.99249	8.15277	
1.9931	8.15216	
1.9931	8.15186	
1.99371	8.15216	
1.99371	8.15277	
1.99402	8.15186	
1.99341	8.15155	
1.99371	8.15155	
1.99371	8.15063	
1.99371	8.15125	
1.99402	8.15155	
1.99402	8.15094	
1.99341	8.15125	
1.9928	8.15094	
1.9931	8.15125	
1.99402	8.15094	
1.99341	8.15216	
1.99341	8.15155	
1.99463	8.15186	
1.99371	8.15125	
1.99432	8.15094	
1.99402	8.15186	
1.9931	8.15125	
1.99402	8.15094	
1.99402	8.15155	
1.99402	8.15186	
1.99371	8.15186	
1.9931	8.15247	
1.99341	8.15186	
1.99463	8.15186	
1.99371	8.15125	
1.99402	8.15155	
1.99463	8.15094	
1.99463	8.15125	
1.99402	8.15125	
1.9928	8.15094	
1.99371	8.15125	
1.9931	8.15125	
1.99432	8.15155	
1.99493	8.15155	
1.99341	8.15094	
1.99371	8.15063	
1.99341	8.15063	
1.99371	8.15125	
1.99432	8.15155	
1.99402	8.15094	
1.99402	8.15125	
1.99371	8.15094	
1.99524	8.15155	
1.99432	8.15186	
1.99402	8.15247	
1.99463	8.15125	
1.9931	8.15125	
1.99341	8.15002	
1.99402	8.15186	
1.99402	8.15155	
1.99371	8.15094	
1.99493	8.15094	
1.99402	8.15155	
1.99371	8.15094	
1.99402	8.15094	
1.99371	8.15063	
1.99341	8.15094	
1.99402	8.15094	
1.99432	8.15125	
1.99371	8.15125	
1.99371	8.15094	
1.99341	8.15094	
1.99371	8.15125	
1.99371	8.15063	
1.99371	8.15002	
1.99341	8.15033	
1.9931	8.15125	
1.99432	8.15094	
1.9931	8.15033	
1.9931	8.15094	
1.99371	8.15155	
1.99463	8.15063	
1.99341	8.15125	
1.99371	8.15155	
1.9931	8.15063	
1.99402	8.15063	
1.99371	8.15094	
1.99402	8.15033	
1.99432	8.15063	
1.99371	8.15063	
1.99432	8.15155	
1.99371	8.15033	
1.99493	8.15094	
1.99402	8.15094	
1.99402	8.15033	
1.99371	8.15002	
1.99371	8.15094	
1.99402	8.15125	
1.99371	8.15094	
1.99402	8.15216	
1.99371	8.15125	
1.99432	8.15094	
1.9931	8.15094	
1.9931	8.15063	
1.99371	8.15094	
1.99463	8.15033	
1.99371	8.15063	
1.99371	8.15002	
1.9931	8.15094	
1.9928	8.15033	
1.99371	8.15063	
1.99341	8.15094	
1.99371	8.15033	
1.9931	8.15125	
1.99341	8.15063	
1.9931	8.15002	
1.99341	8.14972	
1.99402	8.14972	
1.9931	8.15002	
1.9931	8.15002	
1.99402	8.14941	
1.99371	8.14972	
1.9928	8.14972	
1.9928	8.14941	
1.99341	8.14972	
1.9928	8.14941	
1.9931	8.14972	
1.99341	8.15002	
1.9931	8.15002	
1.9931	8.15033	
1.99249	8.15033	
1.9931	8.15033	
1.99341	8.15033	
1.9931	8.15033	
1.99341	8.14972	
1.9931	8.14972	
1.99432	8.14941	
1.99341	8.15033	
1.9931	8.15002	
1.99249	8.15094	
1.99341	8.15125	
1.9928	8.15033	
1.99341	8.14972	
1.99341	8.14941	
1.99371	8.15033	
1.99371	8.15002	
1.9931	8.14972	
1.99371	8.14972	
1.9931	8.14972	
1.9931	8.15033	
1.9931	8.15002	
1.99249	8.14941	
1.9928	8.14941	
1.99219	8.14972	
1.99249	8.1488	
1.9928	8.1485	
1.99371	8.14911	
1.99341	8.14941	
1.9928	8.14941	
1.9931	8.14911	
1.9928	8.14941	
1.9931	8.1488	
1.99371	8.14941	
1.99402	8.14941	
1.99402	8.14972	
1.99371	8.14941	
1.99371	8.14911	
1.99371	8.14941	
1.9931	8.1488	
1.9931	8.14911	
1.99371	8.1488	
1.9931	8.1488	
1.9931	8.14911	
1.99341	8.14941	
1.99341	8.14972	
1.99371	8.15033	
1.9931	8.15002	
1.9928	8.15033	
1.99341	8.14972	
1.99402	8.14972	
1.9928	8.14911	
1.99249	8.14911	
1.99402	8.14911	
1.99371	8.15002	
1.99371	8.15002	
1.9931	8.1488	
1.99341	8.14972	
1.99341	8.1485	
1.99341	8.1488	
1.99371	8.14758	
1.9931	8.1485	
1.99249	8.1485	
1.99249	8.1488	
1.9931	8.1485	
1.9931	8.14789	
1.9931	8.14819	
1.9931	8.1485	
1.99402	8.1488	
1.99432	8.1485	
1.99371	8.1488	
1.99341	8.1485	
1.9928	8.1485	
1.99371	8.1485	
1.99371	8.14819	
1.99371	8.1488	
1.99402	8.1485	
1.9931	8.14819	
1.9931	8.1485	
1.99371	8.1488	
1.9928	8.1485	
1.9931	8.14819	
1.99249	8.14819	
1.99371	8.14911	
1.99341	8.14819	
1.9928	8.14789	
1.9928	8.14789	
1.99249	8.14789	
1.9931	8.14789	
1.9931	8.1488	
1.9931	8.1485	
1.99219	8.1485	
1.99249	8.14819	
1.9928	8.14789	
1.99341	8.14789	
1.9931	8.1485	
1.99341	8.1485	
1.9931	8.1485	
1.99371	8.14789	
1.99371	8.1485	
1.99249	8.1488	
1.99341	8.1485	
1.99371	8.1485	
1.9928	8.14819	
1.9931	8.14819	
1.9928	8.14819	
1.99341	8.1485	
1.99341	8.14819	
1.99219	8.14789	
1.99249	8.1485	
1.9931	8.14819	
1.9928	8.1488	
1.9928	8.1485	
1.9931	8.14758	
1.99402	8.14819	
1.9931	8.14819	
1.9931	8.14819	
1.99249	8.14819	
1.99341	8.14728	
1.9931	8.14758	
1.99371	8.14789	
1.9931	8.14697	
1.99402	8.14758	
1.99341	8.14758	
1.9931	8.14819	
1.9931	8.14758	
1.9931	8.14728	
1.99371	8.14789	
1.99341	8.14789	
1.99341	8.14728	
1.9928	8.14789	
1.9928	8.14789	
1.9931	8.14819	
1.9928	8.14728	
1.9928	8.14728	
1.99249	8.14697	
1.9931	8.14728	
1.9931	8.14728	
1.99219	8.14758	
1.99249	8.14697	
1.99249	8.14728	
1.99341	8.14789	
1.9931	8.14758	
1.9931	8.14789	
1.99371	8.14728	
1.99341	8.14728	
1.99432	8.14758	
1.9931	8.14697	
1.9931	8.14758	
1.9928	8.14728	
1.99341	8.14728	
1.9931	8.14697	
1.9931	8.14789	
1.99341	8.14789	
1.99341	8.14789	
1.9931	8.14789	
1.9931	8.14667	
1.9931	8.14789	
1.9928	8.14728	
1.9931	8.14758	
1.99249	8.14758	
1.99249	8.14697	
1.99219	8.14667	
1.99188	8.14667	
1.99249	8.14667	
1.99249	8.14758	
1.99219	8.14606	
1.99188	8.14728	
1.99219	8.14667	
1.99158	8.14667	
1.99249	8.14728	
1.99158	8.14667	
1.99219	8.14728	
1.99188	8.14728	
1.99249	8.14697	
1.99127	8.14636	
1.99127	8.14697	
1.99219	8.14697	
1.99158	8.14667	
1.9928	8.14728	
1.99249	8.14728	
1.9928	8.14636	
1.9931	8.14636	
1.9931	8.14697	
1.99219	8.14728	
1.9928	8.14728	
1.9928	8.14697	
1.9931	8.14636	
1.99219	8.14697	
1.9931	8.14697	
1.9928	8.14697	
1.99188	8.14667	
1.99249	8.14697	
1.9931	8.14758	
1.9931	8.14667	
1.99371	8.14636	
1.9928	8.14606	
1.9928	8.14667	
1.9928	8.14667	
1.99249	8.14667	
1.99249	8.14636	
1.99036	8.14636	
1.99219	8.14758	
1.9928	8.14728	
1.9928	8.14667	
1.99188	8.14697	
1.99219	8.14728	
1.99219	8.14667	
1.99188	8.14697	
1.99219	8.14697	
1.99219	8.14636	
1.99066	8.14575	
1.99249	8.14575	
1.99219	8.14728	
1.99219	8.14636	
1.99127	8.14606	
1.99188	8.14636	
1.99219	8.14606	
1.99097	8.14545	
1.99127	8.14636	
1.9931	8.14667	
1.99249	8.14697	
1.99219	8.14636	
1.99158	8.14545	
1.99127	8.14606	
1.9928	8.14606	
1.9928	8.14667	
1.99158	8.14606	
1.99219	8.14636	
1.99219	8.14697	
1.99219	8.14606	
1.99188	8.14545	
1.99219	8.14575	
1.99158	8.14667	
1.99158	8.14514	
1.99219	8.14606	
1.99219	8.14575	
1.99341	8.14606	
1.99219	8.14575	
1.9928	8.14636	
1.9928	8.14606	
1.99219	8.14575	
1.99127	8.14636	
1.99097	8.14575	
1.99219	8.14545	
1.99219	8.14514	
1.99249	8.14636	
1.9931	8.14606	
1.9928	8.14545	
1.99158	8.14514	
1.99219	8.14514	
1.9928	8.14697	
1.99249	8.14697	
1.99158	8.14636	
1.99188	8.14575	
1.99188	8.14545	
1.9931	8.14606	
1.99219	8.14514	
1.9928	8.14514	
1.99219	8.14484	
1.99249	8.14514	
1.9928	8.14514	
1.99158	8.14545	
1.9928	8.14545	
1.99158	8.14575	
1.99219	8.14545	
1.99219	8.14545	
1.99249	8.14575	
1.99249	8.14606	
1.9931	8.14575	
1.99249	8.14636	
1.9931	8.14545	
1.9928	8.14575	
1.9931	8.14575	
1.9928	8.14545	
1.99219	8.14545	
1.99219	8.14545	
1.99219	8.14606	
1.99219	8.14484	
1.99249	8.14575	
1.9928	8.14514	
1.99127	8.14484	
1.9928	8.14514	
1.9928	8.14514	
1.9928	8.14545	
1.9928	8.14484	
1.99219	8.14575	
1.99158	8.14545	
1.99341	8.14575	
1.99249	8.14606	
1.9931	8.14484	
1.99249	8.14545	
1.99249	8.14545	
1.99219	8.14545	
1.9931	8.14545	
1.99219	8.14514	
1.99249	8.14606	
1.9928	8.14575	
1.99249	8.14545	
1.99249	8.14545	
1.9928	8.14575	
1.99219	8.14514	
1.99249	8.14484	
1.99219	8.14514	
1.99188	8.14392	
1.99158	8.14545	
1.99249	8.14453	
1.99188	8.14484	
1.9928	8.14545	
1.99219	8.14392	
1.99188	8.14392	
1.99249	8.14423	
1.9928	8.14453	
1.99158	8.14484	
1.99188	8.14392	
1.99249	8.14484	
1.99219	8.14484	
1.99188	8.14514	
1.99219	8.14545	
1.99249	8.14484	
1.9928	8.14575	
1.9928	8.14453	
1.9931	8.14423	
1.9928	8.14484	
1.9931	8.14453	
1.9928	8.14423	
1.9928	8.14484	
1.9928	8.14453	
1.99249	8.14453	
1.9928	8.14362	
1.99188	8.14453	
1.99249	8.14423	
1.9928	8.14392	
1.99249	8.14453	
1.99219	8.14514	
1.99219	8.14575	
1.99219	8.14514	
1.99219	8.14484	
1.9928	8.14453	
1.9928	8.14453	
1.99249	8.14484	
1.99219	8.14545	
1.99158	8.14392	
1.99219	8.14453	
1.99127	8.14423	
1.99219	8.14545	
1.99219	8.14484	
1.99249	8.14362	
1.99219	8.14484	
1.99219	8.14392	
1.9928	8.14331	
1.99127	8.14331	
1.99249	8.14453	
1.99188	8.14362	
1.9928	8.14423	
1.99127	8.14392	
1.99158	8.14331	
1.99188	8.14301	
1.99219	8.14331	
1.99127	8.14331	
1.99127	8.14453	
1.99158	8.14362	
1.99097	8.14392	
1.99188	8.14392	
1.99249	8.14362	
1.99219	8.14331	
1.99249	8.14362	
1.99249	8.14362	
1.99158	8.14392	
1.99127	8.14392	
1.99219	8.14392	
1.99249	8.14362	
1.99188	8.14392	
1.99127	8.14362	
1.99219	8.14362	
1.99188	8.14362	
1.99249	8.14392	
1.9931	8.14392	
1.99219	8.14392	
1.99249	8.14331	
1.99249	8.14331	
1.99219	8.14362	
1.99158	8.14392	
1.99249	8.14362	
1.99219	8.14362	
1.99219	8.14301	
1.9928	8.14331	
1.99188	8.14331	
1.99127	8.14331	
1.99188	8.14392	
1.99188	8.14423	
1.99249	8.14331	
1.99158	8.14362	
1.99249	8.14362	
1.99188	8.14423	
1.99188	8.14392	
1.99219	8.14392	
1.99219	8.14362	
1.99219	8.1427	
1.99097	8.14331	
1.99127	8.14301	
1.99188	8.14362	
1.99127	8.14301	
1.99219	8.14301	
1.99188	8.1427	
1.99249	8.14331	
1.99249	8.14362	
1.99219	8.14331	
1.99219	8.1427	
1.99188	8.14301	
1.99188	8.1424	
1.99249	8.14301	
1.99219	8.14392	
1.99158	8.14362	
1.99219	8.14301	
1.99219	8.14392	
1.99249	8.14331	
1.99188	8.1427	
1.99127	8.14331	
1.99219	8.14331	
1.99188	8.14331	
1.99066	8.14331	
1.99127	8.1427	
1.99188	8.1424	
1.99127	8.1427	
1.99127	8.1424	
1.99127	8.1427	
1.99219	8.14301	
1.99249	8.14331	
1.99249	8.14331	
1.99127	8.1427	
1.99097	8.14331	
1.99097	8.1424	
1.99219	8.14362	
1.99188	8.1427	
1.99158	8.1427	
1.99158	8.1427	
1.99158	8.14148	
1.99158	8.14148	
1.99249	8.14178	
1.99188	8.14178	
1.99249	8.1424	
1.99158	8.14148	
1.99158	8.1427	
1.99219	8.1427	
1.99127	8.1427	
1.99158	8.14148	
1.99066	8.14301	
1.99097	8.1427	
1.99066	8.14301	
1.99127	8.14331	
1.99097	8.1427	
1.99158	8.14178	
1.99158	8.14331	
1.99036	8.1424	
1.99127	8.14362	
1.99036	8.1427	
1.99158	8.14331	
1.99188	8.1427	
1.99127	8.14331	
1.99066	8.1427	
1.99188	8.14178	
1.99097	8.1427	
1.99066	8.1427	
1.99097	8.1424	
1.99066	8.14301	
1.99097	8.14178	
1.99219	8.1427	
1.99097	8.1427	
1.99127	8.14301	
1.99188	8.14178	
1.99097	8.1427	
1.99066	8.1427	
1.99066	8.1427	
1.99066	8.14301	
1.99158	8.14331	
1.99127	8.1427	
1.99127	8.14209	
1.99158	8.14148	
1.99127	8.1427	
1.99127	8.1424	
1.99188	8.1424	
1.99158	8.1424	
1.99188	8.14148	
1.99188	8.14209	
1.99188	8.14178	
1.99158	8.14209	
1.99127	8.14209	
1.99097	8.14148	
1.99249	8.14148	
1.99249	8.14148	
1.99127	8.14117	
1.99127	8.14209	
1.99097	8.14209	
1.99219	8.1424	
1.99127	8.14178	
1.99188	8.14178	
1.99127	8.14178	
1.99158	8.14209	
1.99219	8.14148	
1.99188	8.14148	
1.99158	8.14209	
1.99188	8.14178	
1.99188	8.14117	
1.99127	8.14148	
1.99158	8.14117	
1.99005	8.14148	
1.99127	8.14209	
1.99097	8.1427	
1.99127	8.14209	
1.99158	8.14178	
1.99097	8.1427	
1.99158	8.1427	
1.99127	8.14209	
1.99219	8.14148	
1.99127	8.14178	
1.99188	8.1424	
1.99127	8.14209	
1.99158	8.1427	
1.99127	8.1427	
1.99127	8.14026	
1.99158	8.14148	
1.99219	8.14178	
1.99127	8.14178	
1.99219	8.14148	
1.99188	8.14117	
1.99005	8.14087	
1.99097	8.14087	
1.99188	8.14087	
1.99158	8.14178	
1.9928	8.14087	
1.99219	8.14209	
1.99188	8.14148	
1.99188	8.14178	
1.99158	8.14178	
1.99127	8.14117	
1.99127	8.14178	
1.99127	8.14056	
1.99127	8.14209	
1.99188	8.14148	
1.99158	8.14087	
1.99097	8.14148	
1.99158	8.14209	
1.99066	8.14148	
1.99097	8.14148	
1.99097	8.14148	
1.99066	8.14117	
1.99036	8.14056	
1.99005	8.14117	
1.99219	8.14117	
1.99097	8.14117	
1.99127	8.1424	
1.99188	8.14087	
1.99127	8.1424	
1.99097	8.14056	
1.99127	8.14178	
1.99188	8.14209	
1.99127	8.14148	
1.99127	8.14087	
1.99066	8.14087	
1.99158	8.14148	
1.99097	8.14117	
1.99066	8.14117	
1.99066	8.14117	
1.99127	8.14117	
1.99097	8.14148	
1.99097	8.14209	
1.99127	8.14087	
1.99097	8.14087	
1.99127	8.14117	
1.98975	8.14148	
1.99097	8.14117	
1.99127	8.14117	
1.99036	8.14117	
1.99097	8.14148	
1.99097	8.14148	
1.99066	8.14148	
1.99036	8.14026	
1.99097	8.13995	
1.99097	8.14056	
1.99097	8.14117	
1.99097	8.14117	
1.99127	8.14087	
1.99127	8.14056	
1.99127	8.14087	
1.99066	8.14056	
1.99036	8.14087	
1.99097	8.14087	
1.99066	8.14087	
1.99066	8.13995	
1.99066	8.14026	
1.99127	8.14026	
1.99097	8.14056	
1.99036	8.14117	
1.99066	8.14087	
1.99127	8.14087	
1.99097	8.14056	
1.99066	8.14087	
1.99097	8.14056	
1.99005	8.14056	
1.99097	8.14117	
1.99097	8.14148	
1.99066	8.14087	
1.99188	8.14148	
1.99097	8.13995	
1.99127	8.14026	
1.99036	8.13995	
1.99066	8.13995	
1.99097	8.13995	
1.99127	8.14026	
1.99127	8.14056	
1.99127	8.14026	
1.99219	8.14148	
1.99097	8.14026	
1.99097	8.14117	
1.99158	8.14026	
1.99127	8.14026	
1.99097	8.14056	
1.99127	8.14056	
1.99005	8.14026	
1.99036	8.14026	
1.99036	8.13934	
1.99127	8.14056	
1.99036	8.13995	
1.99066	8.14056	
1.99036	8.13995	
1.99158	8.13995	
1.99005	8.14087	
1.99097	8.14026	
1.99097	8.14056	
1.99066	8.14117	
1.99097	8.14026	
1.99036	8.14117	
1.98975	8.13995	
1.98944	8.14026	
1.99036	8.14087	
1.99005	8.14026	
1.99158	8.14056	
1.99127	8.14178	
1.99066	8.14026	
1.99097	8.14026	
1.99066	8.13995	
1.99127	8.13995	
1.99005	8.13965	
1.99097	8.13995	
1.99097	8.13995	
1.99097	8.14056	
1.99158	8.14026	
1.99127	8.14087	
1.99066	8.13995	
1.99066	8.13934	
1.99036	8.13995	
1.99066	8.13995	
1.99097	8.13995	
1.99066	8.14026	
1.99066	8.13934	
1.99158	8.14026	
1.99066	8.14056	
1.99036	8.14056	
1.99036	8.13965	
1.99005	8.13934	
1.99127	8.14026	
1.99097	8.13965	
1.99066	8.13873	
1.99036	8.13995	
1.99036	8.13965	
1.99005	8.14026	
1.99005	8.14026	
1.99005	8.13965	
1.99097	8.13995	
1.99097	8.13965	
1.99066	8.13934	
1.99066	8.13965	
1.99066	8.13995	
1.99066	8.13873	
1.99097	8.13873	
1.99005	8.13843	
1.98975	8.13904	
1.99066	8.13843	
1.99036	8.13873	
1.99066	8.13873	
1.99097	8.13873	
1.99036	8.13904	
1.99066	8.13873	
1.99097	8.13904	
1.99036	8.13904	
1.99066	8.13873	
1.99066	8.13904	
1.98975	8.13904	
1.99097	8.13812	
1.99066	8.13904	
1.99036	8.13843	
1.99066	8.13904	
1.99066	8.13873	
1.99036	8.13782	
1.99127	8.13843	
1.99005	8.13904	
1.99097	8.13873	
1.99036	8.13812	
1.99066	8.13904	
1.99097	8.13843	
1.99066	8.13904	
1.98975	8.13812	
1.99005	8.13843	
1.99005	8.13843	
1.99005	8.13873	
1.98975	8.13751	
1.99066	8.13843	
1.98975	8.13904	
1.99066	8.13812	
1.99005	8.13812	
1.99036	8.13873	
1.99066	8.13904	
1.99066	8.13934	
1.99066	8.13904	
1.99158	8.13873	
1.99097	8.13934	
1.99127	8.13873	
1.99066	8.13965	
1.99036	8.13904	
1.99066	8.14026	
1.99097	8.13965	
1.99097	8.13904	
1.98944	8.13782	
1.99005	8.13934	
1.99097	8.13965	
1.99005	8.13873	
1.99127	8.13843	
1.99036	8.13873	
1.99097	8.13873	
1.99066	8.13873	
1.99066	8.13843	
1.99036	8.13812	
1.99127	8.13873	
1.99097	8.13873	
1.99005	8.13934	
1.99097	8.13812	
1.99066	8.13904	
1.98944	8.13812	
1.99036	8.13873	
1.99036	8.13934	
1.99066	8.13843	
1.99097	8.13873	
1.99036	8.13812	
1.99066	8.13934	
1.99066	8.13812	
1.99005	8.13904	
1.99005	8.13843	
1.99066	8.13812	
1.99005	8.13843	
1.99097	8.13904	
1.99066	8.13965	
1.99066	8.13843	
1.99036	8.13812	
1.99005	8.13812	
1.99005	8.13904	
1.99036	8.13873	
1.99097	8.13843	
1.99066	8.13843	
1.99097	8.13873	
1.99097	8.13904	
1.98944	8.13843	
1.99066	8.13843	
1.99066	8.13843	
1.99005	8.13873	
1.99066	8.13843	
1.99005	8.13934	
1.99036	8.13873	
1.99005	8.13782	
1.98944	8.13843	
1.99005	8.13904	
1.99036	8.13812	
1.98944	8.13904	
1.98944	8.13812	
1.99097	8.13843	
1.99005	8.13904	
1.98944	8.13873	
1.99036	8.13843	
1.99097	8.13904	
1.99127	8.13904	
1.99036	8.13843	
1.99097	8.13873	
1.99005	8.13812	
1.99036	8.13904	
1.98944	8.13873	
1.99005	8.13934	
1.99005	8.13934	
1.99036	8.13843	
1.99005	8.13721	
1.99005	8.13843	
1.99036	8.13873	
1.99005	8.13843	
1.98975	8.13812	
1.99005	8.13843	
1.99036	8.13812	
1.98975	8.13843	
1.99036	8.13782	
1.98975	8.13721	
1.99097	8.13812	
1.99005	8.13782	
1.99097	8.13782	
1.99066	8.13812	
1.99097	8.13812	
1.99066	8.13812	
1.99097	8.13782	
1.99036	8.13782	
1.99097	8.13751	
1.99066	8.13721	
1.99066	8.13751	
1.98975	8.1369	
1.99066	8.13751	
1.99066	8.13721	
1.99036	8.1369	
1.98944	8.13751	
1.99066	8.13812	
1.99036	8.13751	
1.98944	8.13812	
1.98944	8.13873	
1.99066	8.13843	
1.98975	8.13873	
1.98975	8.13812	
1.99005	8.13812	
1.98975	8.13782	
1.99036	8.13751	
1.98975	8.13873	
1.99005	8.13751	
1.98914	8.13782	
1.98914	8.13812	
1.99005	8.1369	
1.98975	8.1366	
1.99036	8.13721	
1.99036	8.13812	
1.99066	8.13751	
1.98975	8.13751	
1.99005	8.13751	
1.98914	8.1369	
1.98975	8.13751	
1.98883	8.13721	
1.98914	8.13751	
1.98975	8.1369	
1.98944	8.13812	
1.98975	8.13751	
1.99097	8.13721	
1.98975	8.13751	
1.99036	8.13751	
1.98944	8.13721	
1.98883	8.13751	
1.99005	8.13751	
1.98914	8.13751	
1.98914	8.13721	
1.99005	8.1369	
1.99005	8.13751	
1.98914	8.13812	
1.99036	8.1369	
1.99005	8.1369	
1.99005	8.13751	
1.99036	8.13751	
1.99066	8.13721	
1.99066	8.13629	
1.98883	8.13568	
1.98975	8.13629	
1.98944	8.13568	
1.98944	8.13629	
1.98944	8.1369	
1.99036	8.13568	
1.98975	8.13629	
1.98944	8.13629	
1.99066	8.13629	
1.99097	8.1366	
1.98975	8.13629	
1.98975	8.1366	
1.98944	8.13629	
1.99036	8.13599	
1.99005	8.13568	
1.99005	8.1366	
1.99005	8.1366	
1.98975	8.13599	
1.99036	8.1366	
1.99005	8.13568	
1.99005	8.13568	
1.99005	8.13629	
1.99005	8.13599	
1.98914	8.1366	
1.98914	8.1366	
1.98883	8.13721	
1.98975	8.1366	
1.98944	8.1366	
1.99005	8.1366	
1.98944	8.1366	
1.98975	8.1366	
1.99036	8.1369	
1.98975	8.1369	
1.99005	8.1369	
1.98975	8.1369	
1.98944	8.1369	
1.98975	8.13629	
1.99005	8.13629	
1.98975	8.1369	
1.98914	8.13629	
1.98944	8.13599	
1.98975	8.13629	
1.99005	8.13721	
1.98944	8.1366	
1.98944	8.13721	
1.98914	8.13629	
1.98883	8.13782	
1.98975	8.13629	
1.98944	8.13599	
1.98883	8.13629	
1.98944	8.1366	
1.98975	8.13599	
1.99005	8.13538	
1.98975	8.1366	
1.98975	8.1366	
1.98975	8.13568	
1.98944	8.13629	
1.98914	8.13599	
1.98944	8.1366	
1.98975	8.13599	
1.98975	8.13721	
1.98914	8.13599	
1.98944	8.1369	
1.98914	8.13507	
1.99005	8.13568	
1.98975	8.13721	
1.99036	8.13599	
1.99005	8.13629	
1.98944	8.13568	
1.98914	8.1366	
1.98975	8.1369	
1.98914	8.13629	
1.98944	8.13538	
1.98944	8.13599	
1.98944	8.1366	
1.98944	8.13629	
1.98944	8.13629	
1.98914	8.13629	
1.98944	8.1366	
1.98914	8.13538	
1.98975	8.13568	
1.99005	8.13568	
1.98914	8.13538	
1.99036	8.13568	
1.98975	8.13538	
1.98944	8.13507	
1.98975	8.13568	
1.98944	8.13568	
1.98944	8.13599	
1.98944	8.13629	
1.99036	8.13538	
1.98944	8.13568	
1.99036	8.13538	
1.98944	8.13538	
1.99005	8.1366	
1.98975	8.13568	
1.98944	8.13538	
1.99005	8.13599	
1.98883	8.13629	
1.98914	8.13599	
1.98914	8.13599	
1.98975	8.13568	
1.98944	8.13568	
1.98975	8.13507	
1.98914	8.13568	
1.98944	8.13568	
1.99005	8.13568	
1.98975	8.13538	
1.98853	8.13538	
1.99005	8.13568	
1.98914	8.13599	
1.98975	8.13568	
1.98883	8.13568	
1.98914	8.13599	
1.98883	8.13538	
1.98914	8.13568	
1.98883	8.13507	
1.98883	8.13507	
1.98883	8.13507	
1.98944	8.13385	
1.98914	8.13477	
1.98883	8.13416	
1.98853	8.13477	
1.98883	8.13568	
1.98914	8.13568	
1.98914	8.13568	
1.98914	8.13538	
1.98914	8.13477	
1.98914	8.13538	
1.98975	8.13538	
1.98975	8.13538	
1.98975	8.13538	
1.98944	8.13477	
1.98944	8.13507	
1.98914	8.13477	
1.98944	8.13385	
1.98944	8.13538	
1.98975	8.13446	
1.98975	8.13507	
1.99005	8.13568	
1.99005	8.13538	
1.98914	8.13568	
1.99005	8.13599	
1.98914	8.13507	
1.98975	8.13477	
1.98975	8.13507	
1.98914	8.13568	
1.98914	8.13507	
1.99005	8.13538	
1.98853	8.13507	
1.98853	8.13538	
1.98975	8.13446	
1.98914	8.13568	
1.98944	8.13446	
1.98914	8.13568	
1.98975	8.13416	
1.98914	8.13568	
1.98975	8.13507	
1.98883	8.13507	
1.98975	8.13477	
1.98914	8.13477	
1.98944	8.13507	
1.98914	8.13538	
1.98944	8.13477	
1.98944	8.13507	
1.98914	8.13538	
1.98975	8.13507	
1.98975	8.13507	
1.98914	8.13568	
1.99005	8.13477	
1.98944	8.13477	
1.98944	8.13538	
1.98944	8.13507	
1.98853	8.13446	
1.98883	8.13599	
1.98853	8.13446	
1.98975	8.13477	
1.98914	8.13538	
1.98944	8.13507	
1.99005	8.13507	
1.98944	8.13538	
1.98914	8.13538	
1.98883	8.13477	
1.98914	8.13538	
1.98792	8.13538	
1.98883	8.13477	
1.98883	8.13477	
1.98914	8.13507	
1.98883	8.13507	
1.98944	8.13477	
1.98914	8.13385	
1.98914	8.13446	
1.98792	8.13446	
1.98944	8.13416	
1.98883	8.13354	
1.98883	8.13507	
1.98853	8.13385	
1.99036	8.13446	
1.98883	8.13507	
1.98944	8.13568	
1.98792	8.13446	
1.98975	8.13446	
1.98792	8.13507	
1.98975	8.13507	
1.98914	8.13446	
1.98883	8.13507	
1.98883	8.13477	
1.99005	8.13477	
1.98822	8.13416	
1.98883	8.13507	
1.98853	8.13416	
1.98975	8.13324	
1.98883	8.13293	
1.98944	8.13324	
1.98975	8.13263	
1.98944	8.13324	
1.99005	8.13293	
1.98944	8.13385	
1.98883	8.13324	
1.98944	8.13416	
1.98853	8.13354	
1.98853	8.13477	
1.98792	8.13416	
1.98883	8.13385	
1.98822	8.13477	
1.98914	8.13385	
1.98822	8.13446	
1.98883	8.13385	
1.98822	8.13477	
1.98853	8.13385	
1.98883	8.13416	
1.98883	8.13538	
1.98914	8.13416	
1.98883	8.13477	
1.98975	8.13446	
1.98944	8.13416	
1.99005	8.13446	
1.98944	8.13538	
1.98975	8.13385	
1.98944	8.13385	
1.98883	8.13324	
1.98853	8.13324	
1.98914	8.13385	
1.98822	8.13385	
1.98853	8.13446	
1.98944	8.13385	
1.98853	8.13446	
1.98883	8.13446	
1.98944	8.13507	
1.98914	8.13416	
1.98914	8.13354	
1.98914	8.13354	
1.99005	8.13324	
1.98883	8.13293	
1.98883	8.13324	
1.98822	8.13293	
1.98914	8.13354	
1.99005	8.13385	
1.98853	8.13324	
1.98914	8.13354	
1.98853	8.13324	
1.98883	8.13324	
1.98761	8.13354	
1.98883	8.13324	
1.98883	8.13293	
1.98914	8.13354	
1.98761	8.13263	
1.98914	8.13263	
1.98822	8.13324	
1.98822	8.13416	
1.98975	8.13293	
1.98883	8.13324	
1.98853	8.13324	
1.98883	8.13385	
1.98853	8.13354	
1.98883	8.13324	
1.98914	8.13293	
1.98883	8.13385	
1.98822	8.13354	
1.98944	8.13385	
1.98944	8.13354	
1.98975	8.13293	
1.98944	8.13263	
1.98914	8.13446	
1.98883	8.13446	
1.98883	8.13293	
1.98914	8.13354	
1.98761	8.13263	
1.98792	8.13324	
1.98914	8.13324	
1.98914	8.13385	
1.98792	8.13385	
1.98883	8.13354	
1.98914	8.13354	
1.98914	8.13354	
1.98944	8.13324	
1.98914	8.13293	
1.98853	8.13385	
1.98883	8.13263	
1.99005	8.13324	
1.98883	8.13263	
1.98944	8.13293	
1.98914	8.13263	
1.98883	8.13385	
1.98883	8.13354	
1.98761	8.13293	
1.98822	8.13232	
1.98853	8.13324	
1.98883	8.13293	
1.98883	8.13354	
1.98792	8.13232	
1.98853	8.13324	
1.98883	8.13385	
1.98853	8.13324	
1.98914	8.13324	
1.98822	8.13354	
1.98914	8.13293	
1.98853	8.13293	
1.98914	8.13324	
1.98853	8.13263	
1.98883	8.13293	
1.98883	8.13324	
1.98822	8.13293	
1.98914	8.13293	
1.98883	8.13354	
1.98944	8.13385	
1.98883	8.13324	
1.98853	8.13293	
1.98883	8.13263	
1.98914	8.13293	
1.98914	8.13263	
1.98914	8.13293	
1.98853	8.13263	
1.98883	8.13232	
1.98944	8.13202	
1.98883	8.13232	
1.98883	8.13263	
1.98853	8.13293	
1.98853	8.13324	
1.98883	8.13263	
1.98914	8.13293	
1.98883	8.13232	
1.98975	8.13202	
1.98914	8.13232	
1.98914	8.13202	
1.98792	8.13232	
1.98792	8.13232	
1.98883	8.13263	
1.98792	8.13324	
1.98761	8.13202	
1.98792	8.13171	
1.98792	8.13202	
1.98914	8.13202	
1.98883	8.13232	
1.98883	8.13232	
1.98822	8.13202	
1.98792	8.13324	
1.98761	8.13263	
1.98822	8.13324	
1.98792	8.13293	
1.98914	8.13324	
1.98822	8.13293	
1.98761	8.13171	
1.98883	8.13293	
1.98883	8.13324	
1.98822	8.13263	
1.98853	8.13293	
1.98822	8.13232	
1.98761	8.13232	
1.98853	8.13232	
1.98822	8.13232	
1.987	8.13171	
1.98822	8.13232	
1.98853	8.13263	
1.98853	8.13232	
1.98883	8.13171	
1.98792	8.13263	
1.98853	8.13202	
1.98792	8.13232	
1.98761	8.13141	
1.98792	8.13232	
1.98792	8.13202	
1.98792	8.13263	
1.98822	8.13232	
1.98883	8.13171	
1.98792	8.1311	
1.98853	8.13232	
1.98761	8.13141	
1.98761	8.13202	
1.98761	8.13171	
1.98761	8.13263	
1.9873	8.13232	
1.98792	8.13171	
1.98669	8.13232	
1.98761	8.13202	
1.98822	8.13171	
1.98761	8.13141	
1.98792	8.13171	
1.98822	8.13263	
1.98761	8.13141	
1.9873	8.13141	
1.98792	8.13263	
1.98761	8.13171	
1.98853	8.13232	
1.98761	8.13202	
1.98853	8.13202	
1.98853	8.1311	
1.98853	8.13171	
1.98761	8.13141	
1.98761	8.1311	
1.98853	8.1311	
1.9873	8.1311	
1.98914	8.13171	
1.9873	8.13202	
1.98792	8.13171	
1.98761	8.13232	
1.98761	8.13202	
1.98853	8.13263	
1.9873	8.13232	
1.98853	8.13232	
1.98853	8.13263	
1.98761	8.13171	
1.98792	8.13202	
1.9873	8.13171	
1.98792	8.13263	
1.98822	8.13202	
1.98761	8.13263	
1.98761	8.13202	
1.9873	8.13263	
1.9873	8.13202	
1.9873	8.13202	
1.98761	8.13232	
1.98792	8.13141	
1.98883	8.13202	
1.98761	8.13263	
1.98761	8.13171	
1.9873	8.13202	
1.9873	8.13202	
1.98761	8.13171	
1.98792	8.13202	
1.98822	8.13171	
1.98761	8.13171	
1.98761	8.13141	
1.9873	8.13171	
1.98761	8.13049	
1.98761	8.1311	
1.98853	8.13141	
1.98792	8.1311	
1.98669	8.13049	
1.98853	8.13171	
1.98792	8.1308	
1.98853	8.13232	
1.98761	8.1311	
1.98761	8.13141	
1.98792	8.13171	
1.98822	8.1311	
1.98761	8.1308	
1.98761	8.13141	
1.98761	8.13171	
1.98792	8.1311	
1.98822	8.13141	
1.9873	8.13171	
1.98792	8.1311	
1.98792	8.13049	
1.98761	8.13049	
1.98761	8.1308	
1.98792	8.13141	
1.98853	8.13141	
1.9873	8.13141	
1.98822	8.1308	
1.98792	8.1311	
1.98639	8.13171	
1.98792	8.1311	
1.98669	8.13049	
1.98761	8.12958	
1.98761	8.1311	
1.98822	8.13202	
1.98792	8.1311	
1.98761	8.13171	
1.9873	8.1311	
1.9873	8.1311	
1.98822	8.13049	
1.987	8.1308	
1.98792	8.13049	
1.9873	8.1308	
1.98761	8.13019	
1.98761	8.1311	
1.98792	8.1311	
1.98761	8.13049	
1.98761	8.1308	
1.98822	8.13049	
1.98761	8.1308	
1.98792	8.1308	
1.9873	8.13019	
1.98761	8.1311	
1.98639	8.1311	
1.98761	8.1308	
1.98883	8.13202	
1.98761	8.1311	
1.98669	8.1311	
1.98822	8.1311	
1.9873	8.1308	
1.98792	8.1311	
1.98792	8.13049	
1.9873	8.13049	
1.98761	8.1308	
1.98761	8.13049	
1.98792	8.1308	
1.9873	8.13019	
1.98761	8.1308	
1.98669	8.1311	
1.98792	8.1308	
1.98761	8.13141	
1.9873	8.13202	
1.98761	8.1311	
1.98822	8.1308	
1.98792	8.1311	
1.9873	8.13049	
1.98792	8.13141	
1.98792	8.1311	
1.98792	8.1308	
1.98761	8.13141	
1.98761	8.13141	
1.98792	8.1308	
1.9873	8.13049	
1.98792	8.13049	
1.98792	8.13049	
1.987	8.1308	
1.987	8.1308	
1.9873	8.13019	
1.98792	8.1308	
1.9873	8.12958	
1.98761	8.1308	
1.98761	8.13049	
1.98669	8.1308	
1.987	8.13049	
1.98761	8.13171	
1.98761	8.13019	
1.98669	8.1308	
1.98822	8.13019	
1.9873	8.13019	
1.98761	8.12958	
1.98761	8.12988	
1.9873	8.1308	
1.98822	8.1308	
1.98761	8.13049	
1.9873	8.1308	
1.98792	8.13019	
1.987	8.13019	
1.9873	8.13049	
1.987	8.12988	
1.98608	8.13049	
1.98853	8.13171	
1.987	8.12988	
1.98761	8.1311	
1.98761	8.13019	
1.98822	8.13049	
1.98822	8.13049	
1.98792	8.1308	
1.98792	8.13019	
1.98761	8.13049	
1.98761	8.13049	
1.98853	8.12988	
1.98761	8.12958	
1.98761	8.13049	
1.9873	8.12988	
1.987	8.13019	
1.98853	8.13049	
1.98822	8.1308	
1.98669	8.12897	
1.98822	8.13049	
1.98822	8.12958	
1.98761	8.12988	
1.98761	8.13049	
1.98761	8.13019	
1.9873	8.12927	
1.9873	8.12927	
1.9873	8.12927	
1.9873	8.13019	
1.9873	8.1308	
1.98639	8.13049	
1.9873	8.12958	
1.98761	8.13049	
1.98761	8.13019	
1.9873	8.13049	
1.98792	8.1308	
1.98761	8.1308	
1.98792	8.1311	
1.98669	8.1308	
1.98761	8.1308	
1.98822	8.1308	
1.98761	8.13019	
1.98792	8.13049	
1.98761	8.1308	
1.98761	8.1308	
1.98822	8.13019	
1.98792	8.12988	
1.98608	8.13019	
1.98639	8.13049	
1.9873	8.13049	
1.987	8.13049	
1.9873	8.12988	
1.98761	8.13049	
1.987	8.1311	
1.987	8.1308	
1.9873	8.12988	
1.98669	8.13049	
1.98792	8.13019	
1.98639	8.13049	
1.9873	8.13049	
1.98761	8.1311	
1.98639	8.13049	
1.9873	8.13049	
1.9873	8.13019	
1.9873	8.13019	
1.98669	8.12927	
1.987	8.13019	
1.987	8.12927	
1.9873	8.12927	
1.98792	8.13049	
1.98792	8.12897	
1.98792	8.13019	
1.98792	8.12927	
1.98669	8.12927	
1.98761	8.12988	
1.9873	8.12927	
1.98792	8.12927	
1.98669	8.12866	
1.9873	8.13049	
1.98761	8.13049	
1.98639	8.12958	
1.98792	8.13019	
1.98761	8.12958	
1.98761	8.12958	
1.9873	8.12958	
1.9873	8.12988	
1.987	8.13019	
1.98669	8.12988	
1.98761	8.12897	
1.9873	8.12927	
1.98761	8.12897	
1.98761	8.12927	
1.98669	8.12866	
1.9873	8.12927	
1.98822	8.12866	
1.98639	8.12958	
1.9873	8.12988	
1.9873	8.12958	
1.98608	8.12927	
1.98761	8.12897	
1.987	8.12958	
1.98792	8.1308	
1.9873	8.12897	
1.98608	8.12866	
1.98639	8.12897	
1.9873	8.12927	
1.98761	8.12958	
1.98608	8.12958	
1.98639	8.12897	
1.98669	8.12866	
1.987	8.12927	
1.98669	8.12897	
1.9873	8.12897	
1.9873	8.12927	
1.98639	8.12897	
1.98639	8.12958	
1.98669	8.12866	
1.98608	8.12927	
1.98669	8.12836	
1.987	8.13019	
1.9873	8.12897	
1.98639	8.12927	
1.98669	8.12805	
1.98669	8.12866	
1.9873	8.12866	
1.9873	8.12927	
1.98639	8.12805	
1.98669	8.12897	
1.98853	8.12897	
1.9873	8.12927	
1.98639	8.12927	
1.9873	8.12866	
1.98669	8.12897	
1.98669	8.12927	
1.9873	8.12927	
1.98792	8.12897	
1.9873	8.12897	
1.98761	8.12897	
1.98822	8.12805	
1.98792	8.12836	
1.987	8.12836	
1.98761	8.12836	
1.98608	8.12897	
1.98669	8.12897	
1.987	8.12897	
1.98639	8.12836	
1.9873	8.12836	
1.98669	8.12805	
1.98761	8.12958	
1.98761	8.12958	
1.98639	8.12927	
1.98669	8.12897	
1.9873	8.12958	
1.9873	8.12927	
1.987	8.12866	
1.98761	8.12805	
1.987	8.12775	
1.9873	8.12744	
1.98669	8.12775	
1.98761	8.12836	
1.9873	8.12897	
1.9873	8.12836	
1.9873	8.12927	
1.98669	8.12866	
1.98639	8.12866	
1.987	8.12897	
1.98608	8.12805	
1.98639	8.12744	
1.98639	8.12805	
1.987	8.12836	
1.98761	8.12866	
1.9873	8.12866	
1.98578	8.12897	
1.98608	8.12897	
1.98639	8.12836	
1.98608	8.12897	
1.98639	8.12836	
1.98669	8.12897	
1.987	8.12775	
1.98608	8.12805	
1.98639	8.12897	
1.98792	8.12836	
1.9873	8.12866	
1.98639	8.12866	
1.987	8.12836	
1.9873	8.12897	
1.98639	8.12836	
1.98669	8.12775	
1.987	8.12866	
1.98639	8.12836	
1.98639	8.12927	
1.98639	8.12927	
1.98547	8.12836	
1.98639	8.12775	
1.98639	8.12775	
1.98639	8.12836	
1.98639	8.12866	
1.98669	8.12836	
1.98669	8.12866	
1.98639	8.12775	
1.98761	8.12866	
1.98639	8.12866	
1.98608	8.12775	
1.98578	8.12805	
1.98639	8.12775	
1.98669	8.12744	
1.98639	8.12744	
1.98639	8.12836	
1.987	8.12836	
1.98608	8.12775	
1.98578	8.12744	
1.987	8.12836	
1.98639	8.12805	
1.98578	8.12744	
1.98639	8.12805	
1.98639	8.12805	
1.98639	8.12775	
1.98669	8.12714	
1.98792	8.12744	
1.98639	8.12775	
1.98578	8.12805	
1.98608	8.12775	
1.987	8.12897	
1.98639	8.12866	
1.98669	8.12866	
1.98517	8.12866	
1.98639	8.12836	
1.98669	8.12897	
1.9873	8.12897	
1.98761	8.12836	
1.98608	8.12744	
1.98639	8.12836	
1.98669	8.12744	
1.9873	8.12805	
1.98639	8.12775	
1.98669	8.12775	
1.9873	8.12714	
1.98608	8.12714	
1.98608	8.12744	
1.98639	8.12653	
1.98578	8.12714	
1.98761	8.12775	
1.98639	8.12805	
1.98639	8.12866	
1.98608	8.12775	
1.98608	8.12744	
1.987	8.12744	
1.98639	8.12775	
1.987	8.12744	
1.98608	8.12805	
1.98578	8.12744	
1.98547	8.12683	
1.98639	8.12836	
1.98608	8.12744	
1.98639	8.12805	
1.98639	8.12744	
1.98669	8.12714	
1.98608	8.12744	
1.987	8.12836	
1.98608	8.12775	
1.98608	8.12744	
1.98639	8.12805	
1.98669	8.12775	
1.98669	8.12805	
1.987	8.12775	
1.9873	8.12714	
1.98639	8.12836	
1.98669	8.12775	
1.98639	8.12653	
1.98639	8.12714	
1.98669	8.12714	
1.98608	8.12683	
1.98669	8.12714	
1.98578	8.12744	
1.98669	8.12805	
1.98669	8.12714	
1.98639	8.12744	
1.987	8.12714	
1.98608	8.12714	
1.98639	8.12775	
1.987	8.12744	
1.98669	8.12744	
1.98669	8.12714	
1.98639	8.12714	
1.98639	8.12836	
1.98578	8.12805	
1.98669	8.12744	
1.98639	8.12714	
1.987	8.12744	
1.98547	8.12592	
1.98578	8.12714	
1.98669	8.12714	
1.98639	8.12622	
1.98639	8.12653	
1.98578	8.12653	
1.98608	8.12683	
1.987	8.12653	
1.98608	8.12653	
1.98639	8.12714	
1.987	8.12714	
1.9873	8.12622	
1.98639	8.12653	
1.9873	8.12714	
1.987	8.12714	
1.98639	8.12683	
1.98608	8.12622	
1.98669	8.12714	
1.98639	8.12744	
1.98578	8.12714	
1.98608	8.12714	
1.987	8.12744	
1.98669	8.12714	
1.98639	8.12592	
1.98639	8.12683	
1.98669	8.12592	
1.98639	8.12653	
1.98669	8.12683	
1.98639	8.12592	
1.98608	8.12653	
1.98639	8.12683	
1.98578	8.12714	
1.98517	8.12683	
1.98639	8.12653	
1.98608	8.12653	
1.98578	8.12592	
1.98608	8.12683	
1.98578	8.12622	
1.98578	8.12622	
1.98547	8.12683	
1.98547	8.12683	
1.98578	8.12622	
1.98669	8.12592	
1.98517	8.12653	
1.98578	8.12683	
1.98608	8.12744	
1.98578	8.12622	
1.98578	8.12592	
1.98639	8.12592	
1.98639	8.12592	
1.98669	8.12592	
1.98608	8.12592	
1.98578	8.12561	
1.98578	8.12592	
1.9873	8.12622	
1.98639	8.12683	
1.98578	8.12622	
1.98578	8.12622	
1.98578	8.12683	
1.98608	8.12653	
1.98578	8.12683	
1.98608	8.12653	
1.98578	8.12622	
1.98517	8.12653	
1.98578	8.12714	
1.98578	8.12622	
1.98578	8.12622	
1.98639	8.125	
1.98639	8.12592	
1.98578	8.12622	
1.98578	8.12683	
1.98578	8.12653	
1.98578	8.12592	
1.98547	8.12622	
1.98578	8.12561	
1.98578	8.12653	
1.98456	8.125	
1.98517	8.12653	
1.98578	8.12561	
1.98547	8.12653	
1.98517	8.12653	
1.98608	8.12683	
1.98639	8.12683	
1.98639	8.12622	
1.98517	8.12653	
1.98547	8.12592	
1.98639	8.12592	
1.98578	8.12622	
1.98608	8.12714	
1.98578	8.12622	
1.98578	8.12622	
1.98578	8.12653	
1.98608	8.12653	
1.98547	8.12592	
1.987	8.12714	
1.98578	8.12622	
1.98639	8.12683	
1.98578	8.12653	
1.98639	8.12622	
1.98517	8.12683	
1.98639	8.12653	
1.98547	8.12622	
1.98608	8.12683	
1.98578	8.12683	
1.98608	8.12622	
1.98578	8.12592	
1.98608	8.12653	
1.98578	8.12683	
1.98608	8.12683	
1.98639	8.12653	
1.98608	8.12592	
1.98669	8.12592	
1.98547	8.12592	
1.98608	8.12653	
1.98578	8.12653	
1.98578	8.12653	
1.98608	8.12714	
1.98578	8.12622	
1.98608	8.12653	
1.98547	8.12592	
1.98578	8.12592	
1.98578	8.12592	
1.98547	8.12653	
1.98639	8.12531	
1.98517	8.12653	
1.98578	8.12531	
1.98639	8.12592	
1.98578	8.12531	
1.98608	8.12561	
1.98608	8.12592	
1.98578	8.12531	
1.98578	8.12531	
1.98578	8.12561	
1.98517	8.12531	
1.98608	8.12561	
1.98608	8.12592	
1.98608	8.12592	
1.98547	8.12592	
1.98639	8.12592	
1.98608	8.12561	
1.98578	8.125	
1.98608	8.125	
1.98517	8.12469	
1.98578	8.12592	
1.98578	8.12561	
1.98578	8.12531	
1.98578	8.12469	
1.98578	8.12439	
1.98639	8.12531	
1.9873	8.12561	
1.98608	8.125	
1.98547	8.125	
1.98517	8.12561	
1.98456	8.125	
1.98456	8.12531	
1.98517	8.12531	
1.98547	8.12592	
1.98578	8.12561	
1.98517	8.12592	
1.98517	8.12592	
1.98639	8.125	
1.98578	8.12531	
1.9873	8.12531	
1.98578	8.12592	
1.98578	8.12592	
1.98517	8.125	
1.98547	8.12439	
1.98547	8.12469	
1.98547	8.12408	
1.98578	8.125	
1.98547	8.125	
1.98578	8.12408	
1.98486	8.125	
1.98517	8.12469	
1.98486	8.12531	
1.98517	8.12531	
1.98608	8.12592	
1.98517	8.125	
1.98486	8.12561	
1.98608	8.12592	
1.98608	8.12592	
1.98517	8.12408	
1.98578	8.12439	
1.98639	8.12531	
1.98608	8.12531	
1.98547	8.12531	
1.98608	8.12592	
1.98578	8.125	
1.98486	8.125	
1.98578	8.12561	
1.98547	8.12531	
1.98547	8.12592	
1.98578	8.12592	
1.98608	8.125	
1.98456	8.12469	
1.98456	8.12531	
1.98547	8.12439	
1.98486	8.12469	
1.98517	8.12592	
1.98517	8.12439	
1.98517	8.12439	
1.98669	8.12531	
1.98578	8.12439	
1.98639	8.12439	
1.98517	8.12439	
1.98578	8.12531	
1.98578	8.125	
1.98486	8.12469	
1.98486	8.125	
1.98547	8.12469	
1.98547	8.125	
1.98486	8.12439	
1.98425	8.12408	
1.98608	8.12469	
1.98578	8.12531	
1.98547	8.12378	
1.98456	8.12439	
1.98517	8.12469	
1.98547	8.12439	
1.98517	8.125	
1.98486	8.12469	
1.98517	8.12531	
1.98486	8.125	
1.98456	8.125	
1.98608	8.12531	
1.98486	8.12439	
1.98547	8.12592	
1.98517	8.12469	
1.98578	8.12469	
1.98547	8.12378	
1.98517	8.12531	
1.98517	8.12408	
1.98517	8.12439	
1.98639	8.12439	
1.98547	8.12439	
1.98425	8.125	
1.98517	8.12561	
1.98517	8.12469	
1.98456	8.12531	
1.98517	8.12378	
1.98517	8.12469	
1.98578	8.12469	
1.98608	8.12592	
1.98547	8.12439	
1.98456	8.125	
1.98425	8.12408	
1.98547	8.12378	
1.98486	8.12439	
1.98517	8.12439	
1.98486	8.12408	
1.98517	8.12469	
1.98517	8.12408	
1.98395	8.12408	
1.98547	8.12469	
1.98517	8.12378	
1.98517	8.12378	
1.98578	8.12408	
1.98425	8.12408	
1.98517	8.125	
1.98456	8.12439	
1.98486	8.12469	
1.98517	8.12622	
1.98547	8.12531	
1.98456	8.12531	
1.98517	8.12439	
1.98517	8.12408	
1.98547	8.12439	
1.98547	8.12439	
1.98486	8.12347	
1.98486	8.12378	
1.98578	8.12347	
1.98517	8.12317	
1.98456	8.12317	
1.98456	8.12347	
1.98486	8.125	
1.98517	8.12561	
1.98456	8.12408	
1.98517	8.12531	
1.98456	8.12469	
1.98486	8.12347	
1.98486	8.12531	
1.98456	8.12469	
1.98517	8.12561	
1.98547	8.12469	
1.98486	8.12439	
1.98486	8.12469	
1.98456	8.12408	
1.98547	8.12408	
1.98547	8.12469	
1.98547	8.12531	
1.98486	8.12439	
1.98486	8.125	
1.98486	8.12408	
1.98486	8.12378	
1.98547	8.12439	
1.98547	8.12378	
1.98517	8.12378	
1.98517	8.12378	
1.98456	8.12317	
1.98486	8.12378	
1.98517	8.12408	
1.98517	8.12347	
1.98456	8.12286	
1.98517	8.12286	
1.98395	8.12286	
1.98486	8.12347	
1.98517	8.12256	
1.98364	8.12286	
1.98517	8.12347	
1.98425	8.12378	
1.98517	8.12408	
1.98486	8.12408	
1.98547	8.12378	
1.98517	8.12378	
1.98456	8.12408	
1.98517	8.12347	
1.98517	8.12408	
1.98456	8.12408	
1.98486	8.12378	
1.98578	8.12347	
1.98456	8.12317	
1.98456	8.12317	
1.98517	8.12408	
1.98456	8.12408	
1.98486	8.12347	
1.98425	8.12347	
1.98425	8.12347	
1.98456	8.12408	
1.98456	8.12439	
1.98517	8.12286	
1.98517	8.12439	
1.98517	8.12408	
1.98517	8.12439	
1.98547	8.12378	
1.98547	8.12439	
1.98517	8.12286	
1.98547	8.12378	
1.98547	8.12378	
1.98547	8.12347	
1.98456	8.12439	
1.98517	8.12347	
1.98425	8.12347	
1.98547	8.12469	
1.98547	8.12408	
1.98517	8.12469	
1.98517	8.12317	
1.98547	8.12439	
1.98486	8.12378	
1.98608	8.12408	
1.98486	8.12439	
1.98547	8.12347	
1.98456	8.12286	
1.98456	8.12317	
1.98486	8.12408	
1.98517	8.12225	
1.98456	8.12317	
1.98608	8.12408	
1.98486	8.12347	
1.98456	8.12378	
1.98486	8.12256	
1.98456	8.12408	
1.98486	8.12317	
1.98517	8.12378	
1.98517	8.12317	
1.98395	8.12347	
1.98425	8.12347	
1.98395	8.12317	
1.98456	8.12317	
1.98517	8.12317	
1.98486	8.12378	
1.98517	8.12317	
1.98517	8.12286	
1.98425	8.12317	
1.98456	8.12286	
1.98456	8.12256	
1.98425	8.12286	
1.98517	8.12347	
1.98486	8.12286	
1.98517	8.12317	
1.98395	8.12347	
1.98425	8.12347	
1.98395	8.12347	
1.98486	8.12286	
1.98425	8.12256	
1.98456	8.12256	
1.98456	8.12256	
1.98547	8.12317	
1.98547	8.12225	
1.98547	8.12195	
1.98517	8.12317	
1.98425	8.12347	
1.98456	8.12347	
1.98517	8.12347	
1.98547	8.12256	
1.98578	8.12347	
1.98517	8.12317	
1.98547	8.12378	
1.98517	8.12317	
1.98608	8.12256	
1.98486	8.12408	
1.98486	8.12286	
1.98456	8.12286	
1.98486	8.12317	
1.98425	8.12317	
1.98456	8.12286	
1.98547	8.12317	
1.98547	8.12225	
1.98425	8.12286	
1.98517	8.12225	
1.98456	8.12317	
1.98456	8.12286	
1.98517	8.12225	
1.98425	8.12317	
1.98395	8.12256	
1.98456	8.12286	
1.98425	8.12378	
1.98456	8.12317	
1.98456	8.12286	
1.98395	8.12286	
1.98364	8.12347	
1.98517	8.12317	
1.98425	8.12347	
1.98364	8.12347	
1.98395	8.12347	
1.98456	8.12256	
1.98486	8.12286	
1.98456	8.12317	
1.98456	8.12225	
1.98364	8.12256	
1.98456	8.12286	
1.98456	8.12256	
1.98517	8.12256	
1.98395	8.12225	
1.98486	8.12256	
1.98456	8.12347	
1.98395	8.12286	
1.98456	8.12225	
1.98486	8.12225	
1.98364	8.12164	
1.98456	8.12195	
1.98456	8.12225	
1.98456	8.12225	
1.98517	8.12256	
1.98395	8.12286	
1.98395	8.12347	
1.98303	8.12317	
1.98395	8.12225	
1.98456	8.12256	
1.98425	8.12225	
1.98364	8.12195	
1.98517	8.12195	
1.98486	8.12256	
1.98486	8.12195	
1.98395	8.12286	
1.98456	8.12286	
1.98456	8.12256	
1.98486	8.12286	
1.98517	8.12225	
1.98425	8.12195	
1.98273	8.12164	
1.98334	8.12195	
1.98395	8.12195	
1.98425	8.12256	
1.98456	8.12256	
1.98395	8.12164	
1.98456	8.12286	
1.98486	8.12195	
1.98364	8.12164	
1.98303	8.12164	
1.98456	8.12317	
1.98456	8.12195	
1.98334	8.12164	
1.98456	8.12256	
1.98395	8.12256	
1.98395	8.12225	
1.98364	8.12225	
1.98395	8.12195	
1.98364	8.12164	
1.98395	8.12164	
1.98425	8.12195	
1.98395	8.12225	
1.98395	8.12286	
1.98395	8.12317	
1.98395	8.12225	
1.98364	8.12164	
1.98395	8.12225	
1.98273	8.12164	
1.98395	8.12195	
1.98395	8.12195	
1.98425	8.12286	
1.98364	8.12195	
1.98303	8.12195	
1.98425	8.12195	
1.98334	8.12225	
1.98395	8.12225	
1.98303	8.12164	
1.98425	8.12164	
1.98395	8.12164	
1.98395	8.12164	
1.98456	8.12195	
1.98364	8.12256	
1.98395	8.12195	
1.98364	8.12256	
1.98395	8.12195	
1.98456	8.12195	
1.98364	8.12225	
1.98456	8.12195	
1.98486	8.12134	
1.98395	8.12164	
1.98425	8.12164	
1.98334	8.12134	
1.98364	8.12225	
1.98425	8.12225	
1.98334	8.12225	
1.98456	8.12225	
1.98425	8.12164	
1.98364	8.12195	
1.98517	8.12195	
1.98395	8.12195	
1.98395	8.12164	
1.98395	8.12286	
1.98334	8.12134	
1.98395	8.12195	
1.98273	8.12286	
1.98364	8.12103	
1.98364	8.12256	
1.98364	8.12164	
1.98395	8.12134	
1.98395	8.12164	
1.98395	8.12164	
1.98425	8.12225	
1.98395	8.12225	
1.98425	8.12134	
1.98456	8.12195	
1.98425	8.12256	
1.98486	8.12103	
1.98456	8.12195	
1.98395	8.12134	
1.98364	8.12225	
1.98425	8.12225	
1.98395	8.12164	
1.98364	8.12195	
1.98303	8.12225	
1.98334	8.12225	
1.98273	8.12042	
1.98334	8.12103	
1.98334	8.12073	
1.98395	8.12195	
1.98364	8.12103	
1.98334	8.12103	
1.98364	8.12164	
1.98364	8.12164	
1.98395	8.12164	
1.98395	8.12164	
1.98334	8.12225	
1.98395	8.12195	
1.98395	8.12225	
1.98395	8.12225	
1.98364	8.12195	
1.98395	8.12225	
1.98456	8.12073	
1.98425	8.12042	
1.98395	8.12042	
1.98425	8.12134	
1.98395	8.12164	
1.98364	8.12103	
1.98395	8.12073	
1.98334	8.12195	
1.98364	8.12134	
1.98334	8.12073	
1.98334	8.12103	
1.98425	8.12042	
1.98395	8.12134	
1.98364	8.12164	
1.98364	8.12103	
1.98364	8.12164	
1.98425	8.12042	
1.98395	8.12134	
1.98395	8.12042	
1.98364	8.12103	
1.98364	8.12103	
1.98364	8.12134	
1.98273	8.11951	
1.98395	8.12103	
1.98364	8.12073	
1.98334	8.12134	
1.98395	8.12225	
1.98456	8.12195	
1.98395	8.12195	
1.98395	8.12195	
1.98364	8.12103	
1.98395	8.12103	
1.98395	8.12012	
1.98425	8.12134	
1.98395	8.12103	
1.98395	8.12225	
1.98425	8.12195	
1.98486	8.12195	
1.98334	8.12225	
1.98364	8.12103	
1.98364	8.12164	
1.98395	8.12164	
1.98364	8.12103	
1.98395	8.12134	
1.98395	8.12134	
1.98334	8.12225	
1.98517	8.12164	
1.98456	8.12164	
1.98364	8.12225	
1.98395	8.12195	
1.98303	8.12134	
1.98364	8.12073	
1.98364	8.12103	
1.98334	8.12073	
1.98334	8.12103	
1.98334	8.12073	
1.98273	8.12042	
1.98303	8.12073	
1.98334	8.12042	
1.98303	8.12042	
1.98395	8.12134	
1.98334	8.12103	
1.98364	8.12073	
1.98303	8.12073	
1.98273	8.12195	
1.98303	8.12103	
1.98334	8.12012	
1.98364	8.12073	
1.98425	8.12073	
1.98334	8.12042	
1.98303	8.12134	
1.98395	8.12073	
1.98303	8.12073	
1.98395	8.12103	
1.98334	8.12103	
1.98364	8.12164	
1.98364	8.12042	
1.98364	8.12103	
1.98334	8.12073	
1.98334	8.12103	
1.98425	8.12073	
1.98303	8.12073	
1.98395	8.12012	
1.98395	8.12042	
1.98334	8.12042	
1.98364	8.12073	
1.98364	8.12012	
1.98303	8.12134	
1.98395	8.12042	
1.98334	8.12073	
1.98334	8.12134	
1.98242	8.12012	
1.98303	8.12134	
1.98334	8.12103	
1.98334	8.12073	
1.98242	8.12103	
1.98334	8.12042	
1.98273	8.12103	
1.98364	8.12012	
1.98334	8.12073	
1.98334	8.12073	
1.98425	8.12042	
1.98334	8.12103	
1.98334	8.12164	
1.98303	8.12103	
1.98334	8.12103	
1.98334	8.12164	
1.98364	8.12134	
1.98364	8.12073	
1.98303	8.12103	
1.98303	8.12012	
1.98273	8.12103	
1.98334	8.12073	
1.98273	8.12042	
1.98303	8.12042	
1.98273	8.12073	
1.98334	8.12073	
1.98334	8.11951	
1.98364	8.11981	
1.98364	8.12073	
1.98303	8.11981	
1.98273	8.11951	
1.98273	8.1189	
1.98303	8.12012	
1.98334	8.1192	
1.98334	8.11981	
1.98334	8.12012	
1.98303	8.11951	
1.98303	8.11981	
1.98303	8.1189	
1.98334	8.11981	
1.98334	8.12012	
1.98273	8.11951	
1.98242	8.1189	
1.98334	8.11981	
1.98303	8.12073	
1.98242	8.12012	
1.98242	8.1192	
1.98395	8.12042	
1.98273	8.11981	
1.98334	8.12073	
1.98273	8.11981	
1.98334	8.12012	
1.98425	8.12012	
1.98395	8.12042	
1.98181	8.11981	
1.98273	8.12012	
1.98242	8.11981	
1.98273	8.11951	
1.98334	8.12012	
1.98273	8.12012	
1.98212	8.11951	
1.98242	8.11981	
1.98334	8.1189	
1.98334	8.1189	
1.98303	8.11951	
1.98181	8.11981	
1.98273	8.11981	
1.98364	8.11951	
1.98273	8.12073	
1.98273	8.12012	
1.98242	8.12012	
1.98273	8.12012	
1.98364	8.11981	
1.98364	8.11981	
1.98334	8.12042	
1.98303	8.11981	
1.98303	8.12042	
1.98334	8.11951	
1.98303	8.1192	
1.98334	8.1189	
1.98334	8.1192	
1.98303	8.12012	
1.98364	8.11981	
1.98334	8.12042	
1.98334	8.12042	
1.98334	8.12042	
1.98303	8.12012	
1.98364	8.11981	
1.98212	8.11981	
1.98334	8.12073	
1.98334	8.12042	
1.98273	8.11981	
1.98212	8.11951	
1.98273	8.12042	
1.98242	8.11981	
1.98242	8.11981	
1.98303	8.12073	
1.98242	8.11981	
1.98273	8.12012	
1.98303	8.12042	
1.98334	8.11829	
1.98303	8.12012	
1.98273	8.11829	
1.98364	8.11859	
1.98334	8.1192	
1.98364	8.1189	
1.98273	8.11859	
1.98334	8.11859	
1.98334	8.1192	
1.98242	8.1192	
1.98334	8.11981	
1.98334	8.12042	
1.98303	8.11981	
1.98273	8.11981	
1.98242	8.11981	
1.98273	8.11981	
1.98273	8.1189	
1.98303	8.11859	
1.98303	8.11981	
1.98303	8.11859	
1.98364	8.1189	
1.98334	8.11951	
1.98364	8.11829	
1.98242	8.1192	
1.98242	8.11859	
1.98334	8.1189	
1.98212	8.1192	
1.98242	8.11951	
1.98334	8.11951	
1.98273	8.11981	
1.98303	8.11859	
1.98242	8.11859	
1.98364	8.11981	
1.98303	8.1189	
1.98273	8.11951	
1.98242	8.11951	
1.98273	8.12042	
1.98242	8.12012	
1.98303	8.12012	
1.98273	8.11951	
1.98334	8.11951	
1.98212	8.1192	
1.98181	8.12012	
1.98273	8.12042	
1.98242	8.12042	
1.98242	8.12012	
1.98151	8.11951	
1.98303	8.12042	
1.98303	8.1192	
1.98303	8.1192	
1.98273	8.1192	
1.98242	8.11798	
1.98273	8.11981	
1.98212	8.1189	
1.98303	8.1189	
1.98181	8.1189	
1.98181	8.11951	
1.98181	8.11829	
1.98303	8.11829	
1.98273	8.1189	
1.98303	8.11859	
1.98425	8.1189	
1.98334	8.1192	
1.98273	8.1192	
1.98334	8.1189	
1.98303	8.11829	
1.98273	8.1189	
1.98334	8.11951	
1.98364	8.1189	
1.98303	8.1189	
1.98364	8.1192	
1.98303	8.1189	
1.98273	8.1189	
1.98273	8.11951	
1.98212	8.1189	
1.98273	8.1192	
1.98273	8.1189	
1.98242	8.11859	
1.98303	8.1189	
1.98334	8.1189	
1.98273	8.1192	
1.98242	8.11859	
1.98151	8.11829	
1.98242	8.1189	
1.98273	8.11859	
1.98212	8.11829	
1.98242	8.1192	
1.98181	8.11859	
1.98303	8.1189	
1.98242	8.11859	
1.98181	8.11798	
1.98303	8.1192	
1.98212	8.1189	
1.98273	8.1192	
1.98181	8.1189	
1.98242	8.11951	
1.98212	8.1189	
1.98212	8.1189	
1.98181	8.1189	
1.98212	8.1192	
1.98273	8.11859	
1.98303	8.11859	
1.98273	8.1189	
1.98181	8.11859	
1.98212	8.1189	
1.98273	8.11859	
1.98242	8.1192	
1.98151	8.11859	
1.98273	8.11951	
1.98303	8.11859	
1.98181	8.11768	
1.98303	8.11798	
1.98242	8.11798	
1.98212	8.11829	
1.98273	8.11829	
1.98242	8.11859	
1.98212	8.11798	
1.98303	8.11859	
1.98212	8.1189	
1.98334	8.1189	
1.98334	8.1189	
1.98212	8.11859	
1.98181	8.1189	
1.98242	8.11859	
1.98303	8.1189	
1.98242	8.11859	
1.98242	8.11859	
1.98181	8.1189	
1.98181	8.11859	
1.98212	8.1189	
1.98151	8.1189	
1.98273	8.1192	
1.98151	8.11737	
1.98273	8.11859	
1.98242	8.11829	
1.98273	8.11798	
1.98273	8.1192	
1.98364	8.11859	
1.98364	8.1192	
1.98212	8.11859	
1.98273	8.11829	
1.98334	8.1189	
1.98242	8.11829	
1.98212	8.1189	
1.98181	8.1192	
1.98212	8.1192	
1.98151	8.11859	
1.98212	8.1189	
1.98181	8.1189	
1.98242	8.1192	
1.98151	8.11859	
1.9809	8.1192	
1.98151	8.11798	
1.98242	8.1189	
1.98151	8.1189	
1.98151	8.11829	
1.9812	8.11768	
1.98273	8.11768	
1.98181	8.11737	
1.98212	8.11829	
1.98273	8.11798	
1.98212	8.11859	
1.98273	8.11859	
1.98242	8.11829	
1.98303	8.11829	
1.98181	8.11768	
1.98212	8.11798	
1.9812	8.11829	
1.98242	8.11798	
1.98212	8.1189	
1.98242	8.1189	
1.98242	8.11798	
1.98151	8.11798	
1.98303	8.11829	
1.98242	8.11829	
1.98242	8.11737	
1.98181	8.11829	
1.98181	8.11859	
1.98181	8.11798	
1.98303	8.11768	
1.98303	8.11859	
1.98273	8.11859	
1.98303	8.11829	
1.98273	8.1192	
1.98151	8.11798	
1.98181	8.11768	
1.98212	8.11768	
1.98242	8.11829	
1.98181	8.11798	
1.98212	8.11707	
1.98181	8.11768	
1.98303	8.1192	
1.98303	8.11859	
1.98303	8.1189	
1.98181	8.11798	
1.98242	8.1189	
1.98273	8.11707	
1.98242	8.11859	
1.98151	8.1189	
1.98303	8.11859	
1.98181	8.1189	
1.98273	8.1189	
1.98242	8.11859	
1.98273	8.11798	
1.9812	8.11829	
1.98151	8.11951	
1.98242	8.11859	
1.98273	8.11768	
1.98334	8.11798	
1.98242	8.11829	
1.98273	8.11829	
1.98273	8.11859	
1.98242	8.1189	
1.98242	8.11798	
1.9812	8.11768	
1.98181	8.11737	
1.98273	8.11737	
1.9812	8.11768	
1.98242	8.11829	
1.98212	8.11768	
1.98151	8.11768	
1.98212	8.11798	
1.98181	8.11798	
1.98181	8.11768	
1.98242	8.11829	
1.98181	8.11859	
1.98242	8.11798	
1.98273	8.11859	
1.98212	8.11798	
1.98273	8.11798	
1.98242	8.11798	
1.9809	8.11768	
1.98242	8.11798	
1.98181	8.11768	
1.98151	8.11737	
1.98151	8.11737	
1.98151	8.11829	
1.98151	8.11798	
1.98212	8.11737	
1.98181	8.11737	
1.98242	8.11707	
1.98181	8.11737	
1.98273	8.11646	
1.98181	8.11737	
1.98151	8.11798	
1.98242	8.11737	
1.98181	8.11768	
1.98212	8.11646	
1.98242	8.11768	
1.98242	8.11798	
1.98151	8.11707	
1.98181	8.11829	
1.98212	8.11676	
1.98242	8.11707	
1.98242	8.11737	
1.98181	8.11737	
1.98242	8.11768	
1.98212	8.11768	
1.98181	8.11798	
1.98242	8.11768	
1.98212	8.11798	
1.98151	8.11768	
1.98273	8.11829	
1.98212	8.11768	
1.98242	8.11859	
1.9812	8.11737	
1.98273	8.11768	
1.98181	8.11829	
1.98212	8.11707	
1.98242	8.11737	
1.98181	8.11676	
1.98273	8.11798	
1.98181	8.11707	
1.98151	8.11737	
1.98181	8.11829	
1.9812	8.11829	
1.98151	8.11829	
1.9812	8.11737	
1.9812	8.11798	
1.98151	8.11768	
1.98151	8.11737	
1.9809	8.11707	
1.98212	8.11707	
1.98212	8.11646	
1.98151	8.11768	
1.98181	8.11676	
1.98151	8.11676	
1.98212	8.11768	
1.98212	8.11737	
1.98242	8.11768	
1.98212	8.11737	
1.98212	8.11707	
1.98273	8.11707	
1.98181	8.11615	
1.98303	8.11707	
1.98151	8.11676	
1.98181	8.11676	
1.98151	8.11584	
1.9812	8.11676	
1.9809	8.11737	
1.98059	8.11676	
1.9809	8.11737	
1.98242	8.11676	
1.98212	8.11615	
1.98242	8.11646	
1.98151	8.11676	
1.98242	8.11646	
1.98181	8.11737	
1.98212	8.11768	
1.98242	8.11707	
1.98181	8.11676	
1.98181	8.11707	
1.98273	8.11646	
1.98181	8.11676	
1.98181	8.11615	
1.98151	8.11676	
1.98181	8.11646	
1.9812	8.11615	
1.98273	8.11646	
1.98151	8.11584	
1.98181	8.11646	
1.98181	8.11615	
1.98273	8.11676	
1.98273	8.11646	
1.9812	8.11798	
1.98181	8.11676	
1.98242	8.11676	
1.98181	8.11737	
1.98181	8.11707	
1.98212	8.11707	
1.98151	8.11646	
1.97998	8.11584	
1.9812	8.11646	
1.98181	8.11707	
1.98181	8.11737	
1.98212	8.11707	
1.98151	8.11676	
1.98151	8.11798	
1.98181	8.11737	
1.9812	8.11707	
1.98059	8.11768	
1.98151	8.11615	
1.98273	8.11615	
1.98181	8.11615	
1.98181	8.11615	
1.98212	8.11768	
1.98242	8.11798	
1.98212	8.11707	
1.98212	8.11707	
1.98181	8.11707	
1.9812	8.11829	
1.98151	8.1189	
1.9809	8.11676	
1.98059	8.11737	
1.9809	8.11707	
1.9812	8.11646	
1.9812	8.11707	
1.98151	8.11707	
1.9812	8.11676	
1.9809	8.11676	
1.98151	8.11707	
1.98151	8.11707	
1.98151	8.11646	
1.98151	8.11707	
1.98212	8.11676	
1.98181	8.11676	
1.9809	8.11676	
1.9812	8.11646	
1.98059	8.11584	
1.98181	8.11646	
1.98212	8.11676	
1.98181	8.11768	
1.98151	8.11768	
1.98212	8.11615	
1.98181	8.11615	
1.98059	8.11676	
1.98181	8.11646	
1.9812	8.11615	
1.9812	8.11646	
1.97998	8.11646	
1.9812	8.11676	
1.98151	8.11737	
1.9812	8.11676	
1.98151	8.11768	
1.98151	8.11707	
1.9812	8.11676	
1.98059	8.11615	
1.98059	8.11737	
1.98059	8.11707	
1.98151	8.11676	
1.98181	8.11737	
1.98151	8.11707	
1.9809	8.11615	
1.9809	8.11584	
1.9812	8.11646	
1.98212	8.11676	
1.98181	8.11737	
1.9809	8.11737	
1.98151	8.11676	
1.98212	8.11707	
1.98151	8.11615	
1.9809	8.11676	
1.98029	8.11615	
1.9809	8.11646	
1.98059	8.11707	
1.98151	8.11707	
1.98029	8.11646	
1.9809	8.11615	
1.9809	8.11646	
1.9812	8.11676	
1.98059	8.11676	
1.98181	8.11615	
1.98151	8.11615	
1.9809	8.11676	
1.98059	8.11584	
1.98151	8.11676	
1.98181	8.11646	
1.98151	8.11676	
1.9812	8.11584	
1.98059	8.11676	
1.9809	8.11646	
1.98151	8.11615	
1.98181	8.11707	
1.98151	8.11646	
1.98151	8.11646	
1.98151	8.11707	
1.9809	8.11615	
1.9812	8.11646	
1.9809	8.11676	
1.98242	8.11707	
1.9809	8.11676	
1.98151	8.11646	
1.9812	8.11707	
1.98151	8.11554	
1.98059	8.11646	
1.98059	8.11584	
1.98059	8.11646	
1.9809	8.11615	
1.98059	8.11707	
1.9809	8.11615	
1.9812	8.11615	
1.9809	8.11523	
1.9812	8.11676	
1.98059	8.11646	
1.98151	8.11707	
1.98151	8.11584	
1.9812	8.11646	
1.98029	8.11676	
1.98151	8.11615	
1.98059	8.11615	
1.98151	8.11646	
1.9812	8.11646	
1.98151	8.11554	
1.98181	8.11554	
1.98059	8.11523	
1.9812	8.11523	
1.9809	8.11615	
1.9809	8.11676	
1.9809	8.11676	
1.9809	8.11676	
1.97998	8.11707	
1.98212	8.11615	
1.9812	8.11615	
1.98059	8.11554	
1.9809	8.11554	
1.9812	8.11554	
1.98181	8.11584	
1.98181	8.11554	
1.98151	8.11615	
1.9809	8.11615	
1.98059	8.11646	
1.98151	8.11646	
1.98151	8.11554	
1.98151	8.11615	
1.9809	8.11615	
1.98181	8.11676	
1.98181	8.11615	
1.98181	8.11584	
1.9809	8.11554	
1.9812	8.11615	
1.98181	8.11584	
1.9812	8.11584	
1.9809	8.11584	
1.98059	8.11584	
1.98212	8.11584	
1.9809	8.11646	
1.9809	8.11676	
1.98151	8.11615	
1.9812	8.11523	
1.98059	8.11554	
1.98181	8.11584	
1.98181	8.11584	
1.98059	8.11584	
1.98029	8.11584	
1.9809	8.11493	
1.9809	8.11554	
1.98059	8.11554	
1.98059	8.11615	
1.9809	8.11523	
1.98029	8.11493	
1.97998	8.11493	
1.98029	8.11432	
1.98151	8.11462	
1.9809	8.11584	
1.9809	8.11646	
1.9809	8.11646	
1.98151	8.11584	
1.98059	8.11615	
1.9812	8.11523	
1.9812	8.11615	
1.98059	8.11615	
1.9809	8.11554	
1.97998	8.11584	
1.9812	8.11462	
1.98059	8.11523	
1.98029	8.11462	
1.98059	8.11462	
1.9812	8.11523	
1.98059	8.11493	
1.98059	8.11615	
1.98029	8.11523	
1.9809	8.11584	
1.98059	8.11554	
1.98029	8.11554	
1.9809	8.11523	
1.9809	8.11615	
1.9812	8.11554	
1.9812	8.11493	
1.98059	8.11554	
1.97968	8.11462	
1.9812	8.11493	
1.98059	8.11584	
1.9812	8.11615	
1.9809	8.11523	
1.98059	8.11462	
1.9812	8.11554	
1.98029	8.11554	
1.98059	8.11554	
1.9809	8.11584	
1.98059	8.11523	
1.98059	8.11493	
1.97968	8.11432	
1.98059	8.11523	
1.98059	8.11523	
1.98029	8.11523	
1.98059	8.11523	
1.98029	8.11432	
1.9809	8.11462	
1.98151	8.11523	
1.98029	8.11493	
1.98059	8.11523	
1.97968	8.11432	
1.98059	8.11462	
1.98029	8.11432	
1.9809	8.11493	
1.9812	8.11554	
1.98029	8.11554	
1.97998	8.11462	
1.9809	8.11523	
1.9809	8.11584	
1.98059	8.11523	
1.9809	8.11523	
1.9809	8.11523	
1.98151	8.11523	
1.98059	8.11523	
1.9809	8.11554	
1.9809	8.11493	
1.98059	8.11554	
1.98029	8.11523	
1.98059	8.11554	
1.97998	8.11554	
1.9812	8.11615	
1.9809	8.11554	
1.98059	8.11646	
1.98029	8.11462	
1.98059	8.11554	
1.98151	8.11554	
1.98029	8.11523	
1.9812	8.11523	
1.98029	8.11584	
1.97876	8.11523	
1.97906	8.11584	
1.97968	8.11523	
1.97968	8.11432	
1.98029	8.11401	
1.97968	8.11432	
1.98029	8.11523	
1.9812	8.11554	
1.9812	8.11523	
1.98029	8.11432	
1.9809	8.11401	
1.98029	8.11432	
1.98029	8.11432	
1.9809	8.11615	
1.98029	8.11493	
1.97998	8.11401	
1.98059	8.11554	
1.97998	8.11523	
1.98029	8.11493	
1.98029	8.11523	
1.97968	8.11493	
1.97998	8.11493	
1.98059	8.11554	
1.9809	8.11584	
1.98029	8.11432	
1.98059	8.11523	
1.9812	8.11493	
1.98059	8.11523	
1.9809	8.11462	
1.97998	8.11462	
1.9809	8.11462	
1.98029	8.11523	
1.98029	8.11401	
1.97998	8.1134	
1.98029	8.11371	
1.98059	8.11554	
1.9812	8.11493	
1.98029	8.11493	
1.9809	8.11462	
1.98059	8.11493	
1.98059	8.11554	
1.97998	8.11523	
1.98059	8.11462	
1.9809	8.11462	
1.97968	8.11432	
1.97998	8.11432	
1.98059	8.11523	
1.98029	8.11493	
1.98029	8.11493	
1.98059	8.11493	
1.97998	8.11462	
1.98029	8.11462	
1.9809	8.11432	
1.9809	8.11462	
1.98029	8.11584	
1.98029	8.11462	
1.98029	8.11462	
1.98059	8.11523	
1.98029	8.11493	
1.9809	8.11523	
1.97937	8.11584	
1.98029	8.11523	
1.97968	8.11493	
1.98029	8.11401	
1.98029	8.11401	
1.97968	8.11493	
1.9809	8.11493	
1.98029	8.11462	
1.97968	8.11371	
1.97998	8.11493	
1.98029	8.11493	
1.98029	8.11401	
1.98059	8.11432	
1.98059	8.11432	
1.98029	8.11462	
1.97968	8.11401	
1.97968	8.1134	
1.98059	8.1131	
1.9809	8.11432	
1.98029	8.11371	
1.97968	8.11432	
1.98029	8.11432	
1.9809	8.11462	
1.98029	8.11462	
1.9812	8.11432	
1.97998	8.11371	
1.98029	8.11462	
1.97968	8.11462	
1.9812	8.11523	
1.97937	8.11432	
1.97968	8.11371	
1.97906	8.11401	
1.97937	8.11462	
1.98059	8.11371	
1.97968	8.11401	
1.97998	8.11432	
1.98029	8.1131	
1.97906	8.1131	
1.98059	8.11462	
1.97968	8.1131	
1.98059	8.11401	
1.98029	8.1131	
1.97968	8.1131	
1.98059	8.11462	
1.98029	8.11401	
1.98029	8.11401	
1.97998	8.11401	
1.9809	8.11462	
1.98029	8.11401	
1.97968	8.11493	
1.98059	8.11401	
1.98029	8.11432	
1.98029	8.11401	
1.97968	8.11401	
1.98059	8.11432	
1.98059	8.11462	
1.9809	8.1131	
1.97998	8.11401	
1.97968	8.1134	
1.97968	8.1131	
1.98029	8.1134	
1.98029	8.11371	
1.98029	8.11249	
1.98059	8.11371	
1.97906	8.11401	
1.97906	8.11401	
1.98029	8.11462	
1.97968	8.11523	
1.97968	8.11371	
1.9809	8.11432	
1.97937	8.11493	
1.97968	8.11401	
1.97998	8.11462	
1.97998	8.11401	
1.97906	8.11432	
1.98059	8.11401	
1.98059	8.11432	
1.97906	8.11432	
1.97968	8.11401	
1.97968	8.11523	
1.97998	8.11462	
1.97906	8.11432	
1.97937	8.11371	
1.98029	8.11401	
1.97906	8.11371	
1.97815	8.1131	
1.97937	8.11279	
1.97937	8.11401	
1.97968	8.11249	
1.98029	8.11401	
1.97998	8.11462	
1.98059	8.11371	
1.9809	8.1134	
1.97876	8.1131	
1.97937	8.1134	
1.97876	8.11401	
1.97968	8.1131	
1.97937	8.1131	
1.97906	8.11279	
1.97937	8.1131	
1.97998	8.11279	
1.97876	8.11249	
1.97937	8.1131	
1.97968	8.11279	
1.97845	8.11249	
1.97906	8.1134	
1.97968	8.11371	
1.97937	8.1134	
1.97845	8.11371	
1.97998	8.1134	
1.97906	8.11371	
1.97968	8.11279	
1.97937	8.1134	
1.97998	8.11432	
1.97998	8.11279	
1.97968	8.1131	
1.98059	8.11401	
1.97968	8.11462	
1.98029	8.11401	
1.97998	8.11401	
1.9809	8.1134	
1.97906	8.11401	
1.97968	8.11371	
1.97998	8.11401	
1.98029	8.11371	
1.97968	8.11432	
1.97906	8.1131	
1.97906	8.11279	
1.97906	8.11279	
1.97906	8.11279	
1.97906	8.1134	
1.97906	8.11371	
1.97937	8.1131	
1.97876	8.11279	
1.97876	8.1131	
1.97937	8.11249	
1.97937	8.1134	
1.97937	8.11371	
1.97968	8.11371	
1.98029	8.11371	
1.97998	8.1131	
1.97906	8.11249	
1.97937	8.1134	
1.97906	8.11249	
1.97876	8.11279	
1.97906	8.1134	
1.97906	8.1134	
1.97968	8.1131	
1.97937	8.1131	
1.97906	8.11249	
1.97906	8.11249	
1.97906	8.1134	
1.98029	8.11401	
1.97998	8.1134	
1.97876	8.11279	
1.97906	8.11371	
1.97784	8.11432	
1.97998	8.11279	
1.97937	8.1134	
1.97968	8.11279	
1.98059	8.11401	
1.97968	8.11279	
1.97937	8.1134	
1.97998	8.11371	
1.97937	8.11401	
1.97906	8.11279	
1.97876	8.1131	
1.97937	8.1131	
1.97906	8.11249	
1.97906	8.1131	
1.97845	8.11279	
1.97937	8.11371	
1.97906	8.11279	
1.97937	8.11218	
1.97906	8.11279	
1.97906	8.1131	
1.97876	8.11279	
1.97937	8.11279	
1.97906	8.11218	
1.97937	8.11401	
1.97906	8.11432	
1.97968	8.11371	
1.97937	8.11188	
1.97906	8.11371	
1.97845	8.1131	
1.97906	8.11371	
1.97968	8.11371	
1.97968	8.11249	
1.97845	8.11218	
1.97845	8.11249	
1.97937	8.1131	
1.97937	8.1131	
1.97906	8.11279	
1.97876	8.11279	
1.97937	8.11249	
1.97968	8.1134	
1.97876	8.11249	
1.97968	8.11371	
1.97968	8.11371	
1.97937	8.11371	
1.97906	8.11279	
1.97937	8.1134	
1.97876	8.11279	
1.97906	8.11371	
1.97876	8.11371	
1.97937	8.1134	
1.97937	8.1134	
1.97906	8.1131	
1.97906	8.11249	
1.97906	8.11279	
1.97968	8.11249	
1.97876	8.1134	
1.97876	8.11249	
1.97876	8.11279	
1.97876	8.1131	
1.97845	8.1131	
1.97876	8.1134	
1.97937	8.1131	
1.97784	8.11249	
1.97937	8.11279	
1.97937	8.11279	
1.97876	8.1134	
1.97937	8.11401	
1.97937	8.1131	
1.97845	8.1134	
1.97906	8.1131	
1.97876	8.11249	
1.97845	8.11218	
1.97815	8.11188	
1.97845	8.1134	
1.97876	8.11249	
1.97876	8.1134	
1.97937	8.11432	
1.97876	8.11401	
1.97845	8.1131	
1.97876	8.11218	
1.97876	8.11279	
1.97937	8.1131	
1.97845	8.11279	
1.97906	8.11279	
1.97876	8.11279	
1.97876	8.11371	
1.97845	8.11279	
1.97906	8.11218	
1.97937	8.11279	
1.97876	8.1131	
1.97906	8.11279	
1.97937	8.11249	
1.97845	8.11279	
1.97906	8.11279	
1.97845	8.11401	
1.97845	8.1131	
1.97845	8.1131	
1.97845	8.11218	
1.97876	8.11188	
1.97876	8.11249	
1.97815	8.11249	
1.97876	8.11218	
1.97906	8.11279	
1.97815	8.1131	
1.97845	8.1134	
1.97815	8.11279	
1.97815	8.11218	
1.97845	8.1131	
1.97906	8.11401	
1.97906	8.11401	
1.97937	8.11371	
1.97845	8.1134	
1.97784	8.1134	
1.97876	8.11249	
1.97937	8.11249	
1.97876	8.1131	
1.97876	8.11249	
1.97876	8.11279	
1.97876	8.1131	
1.97876	8.11279	
1.97845	8.11249	
1.97906	8.1131	
1.97906	8.11218	
1.97815	8.11279	
1.97937	8.11249	
1.97815	8.1134	
1.97906	8.11218	
1.97815	8.11218	
1.97906	8.11249	
1.97906	8.11279	
1.97876	8.11249	
1.97845	8.11279	
1.97906	8.11279	
1.97906	8.11249	
1.97876	8.11218	
1.97937	8.11249	
1.97906	8.11279	
1.97845	8.11249	
1.97876	8.11279	
1.97845	8.11188	
1.97937	8.11218	
1.97815	8.11249	
1.97815	8.11188	
1.97845	8.11218	
1.97906	8.11157	
1.97815	8.11188	
1.97876	8.11249	
1.97815	8.11249	
1.97876	8.11218	
1.97815	8.11249	
1.97937	8.11218	
1.97906	8.11279	
1.97906	8.11249	
1.97845	8.11218	
1.97906	8.11249	
1.97906	8.11249	
1.97845	8.11127	
1.97876	8.11249	
1.97876	8.11218	
1.97876	8.11127	
1.97845	8.11127	
1.97876	8.11279	
1.97876	8.11279	
1.97876	8.11249	
1.97906	8.11218	
1.97815	8.11249	
1.97815	8.11188	
1.97968	8.11279	
1.97876	8.11218	
1.97937	8.11218	
1.97845	8.11218	
1.97968	8.11218	
1.97815	8.11127	
1.97876	8.11188	
1.97906	8.11127	
1.97906	8.11157	
1.97876	8.11249	
1.97876	8.11279	
1.97845	8.11249	
1.97784	8.11218	
1.97876	8.11249	
1.97815	8.11218	
1.97906	8.11218	
1.97906	8.11218	
1.97845	8.11157	
1.97906	8.11218	
1.97906	8.11279	
1.97845	8.1131	
1.97876	8.11218	
1.97845	8.1131	
1.97906	8.11279	
1.97845	8.11218	
1.97876	8.11279	
1.97937	8.11157	
1.97754	8.11157	
1.97815	8.11188	
1.97998	8.11188	
1.97906	8.11157	
1.97876	8.11188	
1.97876	8.11188	
1.97845	8.11249	
1.97906	8.11218	
1.97876	8.11249	
1.97815	8.11279	
1.97845	8.11249	
1.97845	8.11188	
1.97845	8.11218	
1.97845	8.11188	
1.97906	8.11218	
1.97876	8.11249	
1.97784	8.11157	
1.97845	8.11188	
1.97968	8.11218	
1.97784	8.11249	
1.97876	8.11279	
1.97937	8.11218	
1.97876	8.11249	
1.97876	8.11218	
1.97845	8.11249	
1.97723	8.11218	
1.97876	8.11218	
1.97815	8.11127	
1.97815	8.11096	
1.97815	8.11218	
1.97845	8.11157	
1.97845	8.11066	
1.97876	8.11157	
1.97845	8.11188	
1.97876	8.11127	
1.97845	8.11249	
1.97845	8.11249	
1.97876	8.11249	
1.97784	8.11188	
1.97815	8.11249	
1.97815	8.11127	
1.97845	8.11157	
1.97754	8.11127	
1.97906	8.11249	
1.97906	8.11188	
1.97906	8.11218	
1.97937	8.11218	
1.97815	8.11188	
1.97876	8.11157	
1.97754	8.11127	
1.97815	8.11157	
1.97815	8.11188	
1.97998	8.11188	
1.97845	8.11188	
1.97906	8.11127	
1.97815	8.11188	
1.97876	8.11127	
1.97876	8.11096	
1.97815	8.11127	
1.97845	8.11127	
1.97845	8.11127	
1.97876	8.11127	
1.97876	8.11066	
1.97754	8.11188	
1.97845	8.11218	
1.97754	8.11127	
1.97906	8.11249	
1.97815	8.11218	
1.97815	8.11096	
1.97815	8.11066	
1.97937	8.11157	
1.97815	8.11096	
1.97876	8.11249	
1.97876	8.11127	
1.97845	8.11218	
1.97815	8.11188	
1.97876	8.11096	
1.97784	8.11157	
1.97815	8.11188	
1.97784	8.11188	
1.97845	8.11188	
1.97876	8.11249	
1.97845	8.11218	
1.97754	8.11127	
1.97784	8.11188	
1.97876	8.11096	
1.97876	8.11157	
1.97845	8.11066	
1.97845	8.11096	
1.97845	8.11127	
1.97784	8.11066	
1.97784	8.11066	
1.97845	8.11096	
1.97784	8.11127	
1.97815	8.11157	
1.97784	8.11157	
1.97693	8.11188	
1.97754	8.11127	
1.97754	8.11066	
1.97754	8.11188	
1.97754	8.11127	
1.97754	8.11188	
1.97845	8.11127	
1.97845	8.11157	
1.97754	8.11066	
1.97845	8.11127	
1.97754	8.11218	
1.97754	8.11188	
1.97784	8.11188	
1.97845	8.11157	
1.97845	8.11218	
1.97876	8.11157	
1.97876	8.11127	
1.97876	8.11035	
1.97754	8.11096	
1.97784	8.11157	
1.97845	8.11096	
1.97693	8.10974	
1.97784	8.11157	
1.97754	8.11066	
1.97845	8.11096	
1.97754	8.11096	
1.97784	8.11096	
1.97754	8.11127	
1.97754	8.11096	
1.97754	8.11127	
1.97662	8.11127	
1.97723	8.11157	
1.97815	8.11127	
1.97815	8.11096	
1.97723	8.11096	
1.97693	8.11157	
1.97876	8.11096	
1.97784	8.11127	
1.97784	8.11096	
1.97815	8.11066	
1.97723	8.11157	
1.97784	8.11066	
1.97784	8.11096	
1.97754	8.11066	
1.97693	8.11066	
1.97601	8.11127	
1.97693	8.11127	
1.97693	8.11127	
1.97754	8.11096	
1.97723	8.11249	
1.97693	8.11127	
1.97815	8.11157	
1.97754	8.11096	
1.97754	8.11096	
1.97845	8.11096	
1.97784	8.11066	
1.97754	8.11188	
1.97723	8.11096	
1.97754	8.11005	
1.97815	8.11066	
1.97723	8.11127	
1.97784	8.11218	
1.97815	8.11066	
1.97662	8.11066	
1.97845	8.11096	
1.97845	8.11157	
1.97723	8.11127	
1.97784	8.11066	
1.97754	8.11096	
1.97784	8.11096	
1.97754	8.11035	
1.97784	8.11066	
1.97632	8.11035	
1.97754	8.11066	
1.97815	8.11157	
1.97754	8.11096	
1.97723	8.11035	
1.97754	8.11066	
1.97723	8.11096	
1.97754	8.11066	
1.97754	8.11066	
1.97754	8.11096	
1.97784	8.11188	
1.97815	8.11157	
1.97876	8.11127	
1.97754	8.11035	
1.97845	8.11096	
1.97876	8.11096	
1.97754	8.11066	
1.97815	8.11127	
1.97754	8.11096	
1.97784	8.11127	
1.97693	8.11066	
1.97845	8.11127	
1.97754	8.11096	
1.97784	8.11066	
1.97784	8.11035	
1.97662	8.11035	
1.97693	8.10944	
1.97754	8.11035	
1.97693	8.10913	
1.97662	8.11066	
1.97815	8.11096	
1.97693	8.11035	
1.97784	8.11066	
1.97723	8.11035	
1.97662	8.11096	
1.97815	8.11066	
1.97784	8.11066	
1.97693	8.11035	
1.97815	8.11096	
1.97693	8.11066	
1.97662	8.11096	
1.97784	8.11218	
1.97845	8.11127	
1.97845	8.11096	
1.97723	8.11035	
1.97784	8.11157	
1.97815	8.11096	
1.97754	8.11066	
1.97693	8.11096	
1.97723	8.11096	
1.97754	8.11066	
1.97754	8.11066	
1.97784	8.11066	
1.97754	8.11096	
1.97815	8.11066	
1.97754	8.11066	
1.97693	8.11035	
1.97784	8.11096	
1.97754	8.11035	
1.97723	8.11035	
1.97754	8.11035	
1.97784	8.11005	
1.97723	8.11096	
1.97754	8.11096	
1.97723	8.10974	
1.97784	8.10974	
1.97784	8.10974	
1.97784	8.11005	
1.97784	8.11066	
1.97845	8.11066	
1.97723	8.11035	
1.97693	8.10944	
1.97784	8.10974	
1.97784	8.11096	
1.97723	8.11066	
1.97662	8.11035	
1.97754	8.11096	
1.97754	8.11066	
1.97723	8.10974	
1.97723	8.10944	
1.97784	8.11035	
1.97723	8.10913	
1.97723	8.10913	
1.97693	8.10883	
1.97693	8.10974	
1.97784	8.10974	
1.97815	8.10944	
1.97723	8.10944	
1.97845	8.11035	
1.97662	8.11035	
1.97754	8.11066	
1.97876	8.11035	
1.97754	8.11035	
1.97784	8.10974	
1.97754	8.11035	
1.97784	8.11005	
1.97754	8.11096	
1.97723	8.11005	
1.97754	8.10944	
1.97754	8.11035	
1.97784	8.11035	
1.97723	8.11035	
1.97693	8.11005	
1.97784	8.11005	
1.97784	8.11035	
1.97693	8.11005	
1.97662	8.11066	
1.97754	8.10974	
1.97845	8.11005	
1.97754	8.10974	
1.97784	8.11035	
1.97754	8.11096	
1.97693	8.11005	
1.97754	8.11035	
1.97815	8.11066	
1.97784	8.11096	
1.97815	8.11127	
1.97723	8.11035	
1.97845	8.11127	
1.97784	8.11035	
1.97693	8.11035	
1.97662	8.10944	
1.97662	8.10913	
1.97754	8.10974	
1.97723	8.11035	
1.97754	8.10852	
1.97784	8.10944	
1.97723	8.10944	
1.97754	8.10944	
1.97784	8.10974	
1.97662	8.10913	
1.97693	8.10944	
1.97754	8.11035	
1.97723	8.11035	
1.97845	8.10974	
1.97693	8.10944	
1.97723	8.11035	
1.97662	8.10944	
1.97784	8.11066	
1.97632	8.10913	
1.97723	8.10944	
1.97754	8.10944	
1.97723	8.11035	
1.97784	8.11005	
1.97723	8.10974	
1.97754	8.11005	
1.97693	8.11005	
1.97693	8.10974	
1.97754	8.10974	
1.97723	8.10883	
1.97723	8.11005	
1.97632	8.11035	
1.97693	8.10974	
1.97632	8.10944	
1.97571	8.10883	
1.97754	8.10913	
1.97754	8.10944	
1.97723	8.11005	
1.97754	8.10944	
1.97784	8.11005	
1.97784	8.11005	
1.97693	8.10913	
1.97662	8.10883	
1.97784	8.11035	
1.97754	8.11035	
1.97754	8.10852	
1.97784	8.11005	
1.97693	8.10913	
1.97754	8.11005	
1.97723	8.11005	
1.97754	8.11005	
1.97754	8.10944	
1.97693	8.10974	
1.97693	8.10974	
1.97693	8.10974	
1.97632	8.10974	
1.97662	8.11005	
1.97693	8.10974	
1.97662	8.10944	
1.97662	8.10883	
1.97662	8.11005	
1.97693	8.10974	
1.97693	8.10944	
1.97693	8.10913	
1.97784	8.10974	
1.97723	8.11035	
1.97754	8.10883	
1.97723	8.10944	
1.97662	8.10944	
1.97601	8.10974	
1.97601	8.10974	
1.97723	8.10913	
1.97632	8.10883	
1.97723	8.10883	
1.97784	8.10883	
1.97662	8.10822	
1.97693	8.10852	
1.97571	8.10944	
1.97693	8.10852	
1.97571	8.10883	
1.97662	8.10883	
1.97662	8.10883	
1.97632	8.11005	
1.97662	8.10822	
1.97662	8.10822	
1.97662	8.10852	
1.97693	8.10944	
1.97693	8.10913	
1.97693	8.10822	
1.97754	8.10944	
1.97754	8.10913	
1.97784	8.10883	
1.97754	8.10852	
1.97723	8.10913	
1.97754	8.10913	
1.97662	8.10883	
1.97754	8.10913	
1.97662	8.10913	
1.97632	8.10974	
1.97754	8.10852	
1.97754	8.10974	
1.97662	8.10974	
1.97571	8.10913	
1.97601	8.10944	
1.97601	8.10944	
1.97632	8.10974	
1.97662	8.10913	
1.97601	8.10944	
1.97723	8.10944	
1.97662	8.10883	
1.97693	8.10974	
1.97693	8.10913	
1.97693	8.10883	
1.97693	8.10974	
1.97693	8.10913	
1.97632	8.10852	
1.97662	8.10852	
1.97571	8.10883	
1.97571	8.10913	
1.97693	8.10852	
1.97693	8.10974	
1.97723	8.10944	
1.97754	8.11035	
1.97754	8.10974	
1.97693	8.10913	
1.97662	8.10883	
1.97693	8.10944	
1.97662	8.10913	
1.97754	8.10883	
1.97632	8.11005	
1.97693	8.10852	
1.97723	8.10974	
1.97754	8.10913	
1.97632	8.10852	
1.97662	8.10883	
1.97632	8.10974	
1.97662	8.10913	
1.97693	8.10974	
1.97693	8.10883	
1.97601	8.10944	
1.97662	8.10913	
1.97662	8.10974	
1.97754	8.10913	
1.97693	8.10883	
1.97754	8.10944	
1.97693	8.10944	
1.97632	8.10974	
1.97723	8.11005	
1.97662	8.10883	
1.97632	8.10913	
1.97601	8.10913	
1.97571	8.10883	
1.97601	8.10852	
1.97632	8.10883	
1.97601	8.10944	
1.97601	8.10974	
1.97571	8.10913	
1.97632	8.10852	
1.97601	8.10883	
1.97693	8.10944	
1.97662	8.10913	
1.97632	8.10974	
1.97601	8.10913	
1.97601	8.10944	
1.97601	8.10852	
1.97632	8.10974	
1.97662	8.10913	
1.97693	8.10883	
1.97662	8.10822	
1.97632	8.10852	
1.97662	8.10822	
1.97632	8.10883	
1.97632	8.10852	
1.97632	8.10944	
1.97601	8.10913	
1.97662	8.10913	
1.97601	8.10913	
1.97571	8.10852	
1.97662	8.10791	
1.97693	8.10791	
1.97662	8.10852	
1.97662	8.10944	
1.97662	8.10944	
1.97571	8.10852	
1.97571	8.10822	
1.97601	8.10791	
1.9754	8.10913	
1.97632	8.10822	
1.97571	8.10852	
1.97632	8.10974	
1.97662	8.10913	
1.97601	8.10913	
1.97601	8.10944	
1.97601	8.10852	
1.97632	8.10852	
1.97693	8.10791	
1.97632	8.10852	
1.97571	8.10883	
1.97571	8.10791	
1.97571	8.1076	
1.97662	8.10852	
1.97601	8.10791	
1.9754	8.10822	
1.97571	8.10883	
1.97601	8.10822	
1.97662	8.10883	
1.97662	8.10791	
1.97571	8.10822	
1.97662	8.10883	
1.97632	8.10883	
1.97662	8.10883	
1.97662	8.10852	
1.97662	8.10913	
1.97632	8.10883	
1.97632	8.10883	
1.97632	8.10852	
1.97571	8.10852	
1.97571	8.10852	
1.97571	8.10852	
1.9754	8.10791	
1.97571	8.10791	
1.9754	8.10852	
1.97693	8.10791	
1.9754	8.10791	
1.9754	8.10852	
1.9754	8.10822	
1.97662	8.10883	
1.97632	8.10883	
1.97662	8.10883	
1.97693	8.10791	
1.97662	8.10974	
1.97571	8.10852	
1.9754	8.10822	
1.97571	8.10852	
1.97601	8.10883	
1.97632	8.10913	
1.97601	8.10822	
1.9754	8.10791	
1.97601	8.10852	
1.97632	8.10852	
1.97662	8.10883	
1.97601	8.10791	
1.97571	8.10822	
1.97662	8.10883	
1.97662	8.10852	
1.97754	8.10883	
1.97693	8.10883	
1.97601	8.10883	
1.97662	8.10822	
1.97601	8.10852	
1.97601	8.10822	
1.97601	8.10822	
1.97601	8.10822	
1.97571	8.10822	
1.9754	8.10822	
1.97571	8.10822	
1.97632	8.10883	
1.97601	8.10852	
1.97601	8.10883	
1.97571	8.1076	
1.9751	8.10822	
1.9754	8.10791	
1.97601	8.10852	
1.9751	8.10822	
1.97601	8.10822	
1.9754	8.10822	
1.97571	8.10822	
1.97632	8.1076	
1.9754	8.10822	
1.97601	8.10852	
1.97662	8.10852	
1.97662	8.10852	
1.97693	8.10944	
1.97632	8.10822	
1.97632	8.10883	
1.97601	8.10822	
1.9751	8.10852	
1.97571	8.10822	
1.97601	8.10822	
1.97632	8.10822	
1.97601	8.10822	
1.97601	8.10822	
1.97571	8.10791	
1.97662	8.10822	
1.97601	8.10883	
1.97601	8.10822	
1.97601	8.1073	
1.97601	8.1076	
1.97632	8.1073	
1.97662	8.1076	
1.97601	8.1076	
1.9754	8.1073	
1.97571	8.10822	
1.97601	8.1076	
1.97632	8.10913	
1.97601	8.10791	
1.9754	8.10852	
1.97632	8.10822	
1.97662	8.10791	
1.97601	8.10822	
1.9754	8.10791	
1.9754	8.10822	
1.97601	8.10852	
1.97571	8.10822	
1.97632	8.10822	
1.9754	8.10852	
1.97601	8.10791	
1.97601	8.1076	
1.97632	8.10791	
1.97601	8.1073	
1.9754	8.10822	
1.97632	8.10822	
1.97571	8.10791	
1.9754	8.10791	
1.9754	8.1076	
1.97601	8.10791	
1.97571	8.10791	
1.97662	8.10791	
1.97601	8.1076	
1.97632	8.1073	
1.97601	8.1076	
1.97601	8.1076	
1.97601	8.1076	
1.97723	8.1076	
1.97601	8.10669	
1.97632	8.1076	
1.97571	8.1073	
1.97601	8.1076	
1.97571	8.10791	
1.97662	8.10791	
1.97632	8.1076	
1.97601	8.10791	
1.97601	8.10791	
1.97571	8.10791	
1.97632	8.1073	
1.97662	8.10791	
1.97632	8.1076	
1.97601	8.10883	
1.97632	8.10852	
1.97601	8.1076	
1.97601	8.10791	
1.97632	8.10699	
1.97571	8.10791	
1.97693	8.1073	
1.97571	8.1076	
1.97571	8.10699	
1.97632	8.10669	
1.97571	8.1076	
1.97601	8.10822	
1.97662	8.10883	
1.9754	8.10822	
1.97601	8.1076	
1.97571	8.10699	
1.97693	8.1076	
1.97571	8.1076	
1.9754	8.1073	
1.97601	8.10791	
1.9754	8.10791	
1.97601	8.1076	
1.97571	8.10791	
1.97479	8.10822	
1.97601	8.10791	
1.97571	8.10822	
1.97601	8.1076	
1.97601	8.10852	
1.9754	8.1076	
1.97662	8.10791	
1.97662	8.10822	
1.97632	8.10852	
1.97571	8.10822	
1.9754	8.10791	
1.9754	8.10791	
1.97632	8.10791	
1.97601	8.1076	
1.9751	8.1076	
1.97601	8.10791	
1.97632	8.1076	
1.97601	8.1073	
1.9754	8.1073	
1.9754	8.1073	
1.9751	8.1076	
1.9751	8.1076	
1.97571	8.10822	
1.97571	8.10791	
1.9754	8.1076	
1.97571	8.1073	
1.97571	8.10638	
1.9754	8.10669	
1.9751	8.10669	
1.97632	8.10699	
1.97571	8.10822	
1.9751	8.10699	
1.9751	8.1076	
1.9754	8.10791	
1.9751	8.1076	
1.97571	8.1076	
1.97601	8.10791	
1.9754	8.10852	
1.9754	8.1076	
1.97601	8.10791	
1.97601	8.10791	
1.9754	8.1073	
1.97632	8.10791	
1.97632	8.10699	
1.97632	8.10638	
1.97632	8.10669	
1.97601	8.10699	
1.97632	8.10638	
1.97571	8.1076	
1.97601	8.1073	
1.97601	8.1076	
1.97632	8.10699	
1.97601	8.10699	
1.97662	8.10669	
1.97571	8.10699	
1.97662	8.1076	
1.97601	8.1076	
1.97662	8.1073	
1.97601	8.1076	
1.97601	8.10669	
1.9754	8.10699	
1.97571	8.10699	
1.97571	8.1076	
1.97632	8.10669	
1.9754	8.10669	
1.97601	8.10699	
1.97601	8.10699	
1.97571	8.1076	
1.9754	8.10699	
1.97632	8.10699	
1.9751	8.1076	
1.97601	8.1073	
1.97571	8.10791	
1.97479	8.10577	
1.97571	8.1076	
1.97449	8.1073	
1.97479	8.1073	
1.97601	8.1076	
1.97601	8.1073	
1.97632	8.1073	
1.97571	8.10791	
1.97571	8.1073	
1.9754	8.10791	
1.9754	8.10791	
1.9751	8.1073	
1.97571	8.1076	
1.9751	8.10699	
1.9754	8.10638	
1.97571	8.1073	
1.97571	8.10669	
1.9751	8.10822	
1.97571	8.10669	
1.97601	8.1076	
1.97601	8.1073	
1.97571	8.10822	
1.9754	8.1073	
1.97601	8.10669	
1.9754	8.10638	
1.97571	8.10669	
1.97601	8.1076	
1.9754	8.1073	
1.9754	8.1073	
1.9751	8.10699	
1.9751	8.10608	
1.9751	8.10577	
1.97601	8.10638	
1.97571	8.10699	
1.97662	8.10577	
1.9754	8.10699	
1.9751	8.10669	
1.97479	8.10669	
1.97479	8.10669	
1.9754	8.10638	
1.9754	8.10638	
1.9751	8.10638	
1.9751	8.10638	
1.97449	8.10638	
1.97479	8.10608	
1.97418	8.10638	
1.97479	8.10669	
1.97479	8.10699	
1.97449	8.10638	
1.9751	8.10699	
1.97479	8.10577	
1.97449	8.1073	
1.9751	8.10669	
1.97632	8.10699	
1.97571	8.10669	
1.9751	8.1073	
1.9754	8.10699	
1.97449	8.10638	
1.97449	8.10699	
1.9751	8.10669	
1.9751	8.10608	
1.97571	8.10638	
1.97479	8.10699	
1.97388	8.10699	
1.9754	8.1073	
1.97479	8.10638	
1.9754	8.10699	
1.9754	8.1076	
1.97449	8.10669	
1.9754	8.1076	
1.9751	8.10699	
1.97479	8.10608	
1.97418	8.10638	
1.97479	8.10669	
1.97571	8.10638	
1.9754	8.10608	
1.97449	8.10699	
1.97571	8.10669	
1.9751	8.10669	
1.97479	8.10669	
1.97479	8.10638	
1.97571	8.10699	
1.9754	8.10699	
1.97479	8.10699	
1.97571	8.10669	
1.97662	8.10699	
1.97571	8.10699	
1.97662	8.10669	
1.97632	8.1073	
1.97662	8.10669	
1.97601	8.10699	
1.97601	8.1073	
1.9751	8.10638	
1.97601	8.1073	
1.9754	8.10608	
1.97479	8.10577	
1.97479	8.10608	
1.97571	8.10669	
1.9754	8.10638	
1.97632	8.10638	
1.9754	8.10699	
1.9751	8.10638	
1.97571	8.1073	
1.97601	8.10638	
1.97571	8.10669	
1.9754	8.10638	
1.97571	8.10669	
1.97571	8.10669	
1.9751	8.1073	
1.97479	8.10638	
1.97479	8.10699	
1.9754	8.10638	
1.97479	8.1073	
1.97449	8.10699	
1.97449	8.10669	
1.9754	8.10638	
1.9754	8.10638	
1.97571	8.10669	
1.9754	8.10669	
1.97632	8.10669	
1.97601	8.1073	
1.97632	8.10638	
1.97571	8.10699	
1.97571	8.1073	
1.97601	8.10669	
1.97479	8.10669	
1.9754	8.10699	
1.97601	8.10699	
1.9751	8.10669	
1.9754	8.10669	
1.9751	8.10638	
1.97449	8.10638	
1.97388	8.10699	
1.97449	8.10699	
1.97479	8.10669	
1.97449	8.10638	
1.9751	8.10669	
1.9754	8.10638	
1.97479	8.10608	
1.97479	8.10669	
1.9754	8.10486	
1.97571	8.10547	
1.9754	8.10699	
1.9754	8.10669	
1.9754	8.10669	
1.9751	8.10608	
1.9751	8.10547	
1.9754	8.10608	
1.9751	8.10638	
1.97449	8.10577	
1.97449	8.10638	
1.97388	8.10699	
1.97449	8.10669	
1.97418	8.10669	
1.97449	8.10638	
1.97418	8.10638	
1.97418	8.10699	
1.97449	8.10577	
1.97388	8.10669	
1.97418	8.10638	
1.97418	8.10638	
1.97357	8.10638	
1.97388	8.10699	
1.97449	8.10638	
1.97418	8.10669	
1.97388	8.10638	
1.97479	8.10608	
1.97388	8.10638	
1.97388	8.10608	
1.97388	8.10699	
1.97449	8.10699	
1.97418	8.10638	
1.97418	8.10669	
1.97449	8.10669	
1.97479	8.10669	
1.97327	8.10638	
1.97449	8.10577	
1.97418	8.10608	
1.9751	8.10516	
1.97449	8.10608	
1.97479	8.10455	
1.97449	8.10425	
1.97479	8.10547	
1.97479	8.10577	
1.97449	8.10608	
1.9751	8.10577	
1.97449	8.10608	
1.97571	8.10608	
1.97418	8.10638	
1.97418	8.10577	
1.97388	8.10547	
1.97388	8.10547	
1.97418	8.10608	
1.97479	8.10547	
1.97449	8.10608	
1.97479	8.10638	
1.97479	8.10699	
1.97479	8.10608	
1.97418	8.10669	
1.97449	8.10699	
1.97449	8.10608	
1.97479	8.10608	
1.9751	8.10669	
1.97479	8.10547	
1.9751	8.10608	
1.9754	8.10669	
1.9751	8.10608	
1.9754	8.10577	
1.97479	8.10486	
1.97479	8.10547	
1.97418	8.10699	
1.9754	8.10608	
1.97449	8.10608	
1.97479	8.10577	
1.97418	8.10638	
1.97418	8.10516	
1.97418	8.10486	
1.97449	8.10455	
1.97388	8.10486	
1.97449	8.10608	
1.97418	8.10547	
1.9751	8.10516	
1.97479	8.10638	
1.9751	8.10608	
1.97449	8.10669	
1.97388	8.10577	
1.97449	8.10486	
1.97418	8.10577	
1.97479	8.10638	
1.9751	8.10516	
1.9751	8.10577	
1.97418	8.10608	
1.97418	8.10516	
1.97479	8.10547	
1.9751	8.10547	
1.97449	8.10486	
1.97357	8.10516	
1.9751	8.10577	
1.97357	8.10669	
1.97479	8.10577	
1.9751	8.10577	
1.97418	8.10577	
1.97449	8.10608	
1.9751	8.10638	
1.9754	8.10577	
1.97418	8.10608	
1.97418	8.10638	
1.97388	8.10577	
1.9751	8.10455	
1.97418	8.10455	
1.97418	8.10547	
1.97449	8.10516	
1.97479	8.10455	
1.97418	8.10486	
1.97479	8.10486	
1.97479	8.10425	
1.97418	8.10425	
1.97479	8.10455	
1.97388	8.10425	
1.97449	8.10455	
1.97449	8.10516	
1.97388	8.10486	
1.97449	8.10516	
1.97449	8.10486	
1.97388	8.10425	
1.9751	8.10486	
1.97479	8.10516	
1.97449	8.10486	
1.97418	8.10547	
1.97418	8.10486	
1.97449	8.10547	
1.97418	8.10455	
1.97388	8.10455	
1.97449	8.10547	
1.97418	8.10425	
1.97449	8.10516	
1.97357	8.10516	
1.97418	8.10577	
1.97388	8.10486	
1.97357	8.10486	
1.97418	8.10394	
1.9751	8.10516	
1.97449	8.10455	
1.97327	8.10486	
1.97388	8.10547	
1.97418	8.10547	
1.97449	8.10577	
1.97449	8.10425	
1.97418	8.10455	
1.97418	8.10486	
1.97388	8.10516	
1.97418	8.10394	
1.97418	8.10455	
1.97418	8.10425	
1.97418	8.10455	
1.97357	8.10486	
1.97479	8.10455	
1.97449	8.10547	
1.97449	8.10455	
1.97449	8.10486	
1.97418	8.10425	
1.97449	8.10455	
1.97388	8.10455	
1.97357	8.10425	
1.97418	8.10455	
1.97327	8.10364	
1.97418	8.10364	
1.97388	8.10425	
1.97418	8.10486	
1.97418	8.10455	
1.97449	8.10486	
1.97388	8.10486	
1.97418	8.10425	
1.97357	8.10547	
1.97449	8.10486	
1.97449	8.10455	
1.9751	8.10547	
1.97449	8.10516	
1.97418	8.10486	
1.97418	8.10547	
1.97357	8.10486	
1.97449	8.10455	
1.97418	8.10455	
1.9751	8.10455	
1.97418	8.10547	
1.97418	8.10547	
1.97479	8.10547	
1.97418	8.10455	
1.97388	8.10455	
1.97449	8.10364	
1.97357	8.10486	
1.97479	8.10486	
1.97418	8.10516	
1.97479	8.10455	
1.97418	8.10455	
1.97418	8.10394	
1.97418	8.10425	
1.97418	8.10364	
1.97418	8.10394	
1.97479	8.10364	
1.97449	8.10455	
1.97449	8.10455	
1.97388	8.10394	
1.97449	8.10394	
1.97449	8.10516	
1.97449	8.10425	
1.9754	8.10425	
1.9751	8.10364	
1.97449	8.10425	
1.97357	8.10394	
1.97388	8.10425	
1.97418	8.10486	
1.97357	8.10516	
1.97418	8.10425	
1.9751	8.10455	
1.97388	8.10455	
1.97388	8.10486	
1.97418	8.10425	
1.97357	8.10425	
1.97418	8.10455	
1.97418	8.10425	
1.97418	8.10425	
1.97449	8.10425	
1.97418	8.10394	
1.97418	8.10425	
1.97388	8.10547	
1.9751	8.10547	
1.97479	8.10455	
1.97449	8.10455	
1.97449	8.10425	
1.9754	8.10425	
1.97479	8.10394	
1.97479	8.10486	
1.97479	8.10455	
1.97418	8.10516	
1.9751	8.10547	
1.97479	8.10455	
1.97357	8.10547	
1.97327	8.10486	
1.97388	8.10516	
1.97388	8.10455	
1.97388	8.10486	
1.97388	8.10394	
1.97357	8.10425	
1.97418	8.10394	
1.97357	8.10425	
1.97418	8.10394	
1.97418	8.10425	
1.9751	8.10486	
1.97479	8.10394	
1.97418	8.10516	
1.9751	8.10425	
1.97449	8.10394	
1.97449	8.10394	
1.97388	8.10455	
1.9751	8.10486	
1.97418	8.10486	
1.97479	8.10425	
1.97449	8.10455	
1.97418	8.10364	
1.97479	8.10455	
1.97449	8.10425	
1.97357	8.10455	
1.97418	8.10394	
1.97357	8.10547	
1.97327	8.10394	
1.97296	8.10394	
1.97357	8.10455	
1.97327	8.10394	
1.97388	8.10394	
1.97418	8.10333	
1.97388	8.10425	
1.97418	8.10425	
1.97418	8.10394	
1.97388	8.10425	
1.97357	8.10455	
1.97327	8.10547	
1.97388	8.10577	
1.97388	8.10547	
1.97296	8.10455	
1.97388	8.10547	
1.97357	8.10547	
1.97418	8.10486	
1.97418	8.10364	
1.97296	8.10455	
1.97296	8.10516	
1.97357	8.10425	
1.97296	8.10455	
1.97266	8.10333	
1.97357	8.10394	
1.97327	8.10394	
1.97357	8.10425	
1.97449	8.10547	
1.97418	8.10394	
1.97418	8.10425	
1.9754	8.10394	
1.97449	8.10455	
1.97388	8.10516	
1.97388	8.10333	
1.97357	8.10333	
1.97418	8.10455	
1.97327	8.10486	
1.97388	8.10455	
1.97418	8.10425	
1.97357	8.10486	
1.97357	8.10455	
1.97327	8.10547	
1.97357	8.10425	
1.97327	8.10516	
1.97388	8.10394	
1.97418	8.10425	
1.97418	8.10394	
1.97296	8.10394	
1.97296	8.10394	
1.97388	8.10455	
1.97418	8.10303	
1.97388	8.10333	
1.97388	8.10364	
1.97418	8.10364	
1.97388	8.10364	
1.97357	8.10272	
1.97296	8.10303	
1.97327	8.10425	
1.97388	8.10394	
1.97357	8.10486	
1.97296	8.10516	
1.97357	8.10455	
1.97327	8.10394	
1.97357	8.10394	
1.97418	8.10333	
1.97327	8.10425	
1.97266	8.10425	
1.97296	8.10394	
1.97357	8.10364	
1.97357	8.10394	
1.97388	8.10425	
1.97357	8.10394	
1.97357	8.10425	
1.97357	8.10364	
1.97357	8.10333	
1.97327	8.10364	
1.97388	8.10364	
1.97418	8.10364	
1.97388	8.10303	
1.97388	8.10333	
1.97388	8.10394	
1.97357	8.10364	
1.97357	8.10364	
1.97418	8.10333	
1.97418	8.10394	
1.97357	8.10333	
1.97418	8.10303	
1.97388	8.10364	
1.97357	8.10333	
1.97357	8.10425	
1.97388	8.10394	
1.97388	8.10364	
1.97357	8.10425	
1.97418	8.10486	
1.97327	8.10394	
1.97327	8.10394	
1.97296	8.10364	
1.97296	8.10425	
1.97327	8.10394	
1.97296	8.10364	
1.97296	8.10303	
1.97266	8.10333	
1.97418	8.10333	
1.97296	8.10364	
1.97296	8.10364	
1.97388	8.10425	
1.97296	8.10486	
1.97357	8.10394	
1.97296	8.10394	
1.97266	8.10425	
1.97388	8.10394	
1.97357	8.10455	
1.97357	8.10364	
1.97357	8.10394	
1.97388	8.10394	
1.97327	8.10364	
1.97296	8.10425	
1.97327	8.10333	
1.97296	8.10303	
1.97357	8.10425	
1.97388	8.10425	
1.97357	8.10425	
1.97327	8.10364	
1.97357	8.10333	
1.97388	8.10364	
1.97388	8.10394	
1.97388	8.10394	
1.97296	8.10394	
1.97327	8.10364	
1.97327	8.10425	
1.97327	8.10333	
1.97357	8.10272	
1.97266	8.10364	
1.97327	8.10303	
1.97296	8.10333	
1.97327	8.10425	
1.97296	8.10364	
1.97327	8.10333	
1.97388	8.10364	
1.97357	8.10394	
1.97357	8.10364	
1.97449	8.10333	
1.97327	8.10364	
1.97327	8.10394	
1.97418	8.10394	
1.97296	8.10303	
1.97357	8.10333	
1.97388	8.10364	
1.97357	8.10425	
1.97357	8.10333	
1.97327	8.10303	
1.97327	8.10303	
1.97357	8.10364	
1.97357	8.10364	
1.97388	8.10333	
1.97357	8.10394	
1.97327	8.10394	
1.97357	8.10425	
1.97357	8.10333	
1.97296	8.10394	
1.97327	8.10333	
1.97357	8.10333	
1.97296	8.10333	
1.97235	8.10303	
1.97266	8.10272	
1.97327	8.10303	
1.97357	8.10333	
1.97388	8.10333	
1.97418	8.10333	
1.97418	8.10272	
1.97327	8.10303	
1.97266	8.10364	
1.97296	8.10364	
1.97296	8.10394	
1.97357	8.10272	
1.97327	8.10303	
1.97388	8.10242	
1.97357	8.10394	
1.97327	8.10394	
1.97327	8.10364	
1.97296	8.10364	
1.97296	8.10394	
1.97327	8.10364	
1.97296	8.10394	
1.97327	8.10394	
1.97296	8.10364	
1.97357	8.10333	
1.97388	8.10394	
1.97388	8.10364	
1.97418	8.10394	
1.97388	8.10394	
1.97357	8.10364	
1.97296	8.10333	
1.97388	8.10333	
1.97327	8.10303	
1.97266	8.10211	
1.97205	8.10242	
1.97235	8.10211	
1.97266	8.10242	
1.97296	8.10272	
1.97266	8.10364	
1.97327	8.10303	
1.97296	8.10364	
1.97296	8.10303	
1.97357	8.10303	
1.97296	8.10272	
1.97327	8.10272	
1.97266	8.10333	
1.97266	8.10364	
1.97296	8.10333	
1.97327	8.10303	
1.97296	8.10364	
1.97296	8.10394	
1.97327	8.10333	
1.97296	8.10425	
1.97266	8.10425	
1.97235	8.10303	
1.97357	8.10394	
1.97296	8.10333	
1.97327	8.10333	
1.97296	8.10303	
1.97235	8.10364	
1.97296	8.10333	
1.97266	8.10333	
1.97357	8.10333	
1.97296	8.10364	
1.97357	8.10394	
1.97327	8.10333	
1.97327	8.10394	
1.97266	8.10303	
1.97327	8.10272	
1.97296	8.10333	
1.97296	8.10364	
1.97266	8.10333	
1.97266	8.10364	
1.97357	8.10333	
1.97357	8.10333	
1.97357	8.10333	
1.97388	8.10364	
1.97357	8.10333	
1.97327	8.10303	
1.97357	8.10272	
1.97327	8.10272	
1.97235	8.10303	
1.97296	8.10272	
1.97266	8.10303	
1.97357	8.10333	
1.97327	8.10272	
1.97235	8.10303	
1.97296	8.10364	
1.97266	8.10242	
1.97266	8.10272	
1.97296	8.10333	
1.97357	8.10364	
1.97296	8.10364	
1.97266	8.10272	
1.97235	8.10333	
1.97327	8.10303	
1.97357	8.10272	
1.97266	8.10181	
1.97327	8.10272	
1.97327	8.10211	
1.97266	8.10303	
1.97296	8.10272	
1.97327	8.10303	
1.97357	8.10333	
1.97327	8.10303	
1.97296	8.10242	
1.97357	8.10303	
1.97357	8.10211	
1.97357	8.10333	
1.97296	8.10242	
1.97296	8.10272	
1.97327	8.1015	
1.97327	8.10303	
1.97296	8.10303	
1.97235	8.10333	
1.97266	8.10333	
1.97296	8.10272	
1.97327	8.10333	
1.97266	8.10272	
1.97327	8.10303	
1.97296	8.10242	
1.97327	8.10333	
1.97296	8.10455	
1.97388	8.10303	
1.97296	8.10364	
1.97327	8.10303	
1.97296	8.10333	
1.97388	8.10272	
1.97357	8.10364	
1.97296	8.10394	
1.97266	8.10272	
1.97327	8.10242	
1.97296	8.10242	
1.97266	8.10211	
1.97296	8.10211	
1.97296	8.10303	
1.97357	8.10272	
1.97327	8.10303	
1.97266	8.10303	
1.97418	8.10333	
1.97266	8.10181	
1.97296	8.10272	
1.97296	8.10333	
1.97388	8.10272	
1.97296	8.10272	
1.97296	8.10242	
1.97296	8.10303	
1.97327	8.10272	
1.97296	8.10272	
1.97235	8.10181	
1.97327	8.10211	
1.97357	8.10272	
1.97357	8.10211	
1.97327	8.10211	
1.97418	8.10211	
1.97296	8.10242	
1.97327	8.10181	
1.97357	8.10303	
1.97296	8.10303	
1.97357	8.10272	
1.97266	8.10242	
1.97296	8.10181	
1.97357	8.10242	
1.97296	8.10242	
1.97266	8.10181	
1.97266	8.10242	
1.97296	8.10303	
1.97296	8.10211	
1.97266	8.10181	
1.97357	8.10181	
1.97296	8.10272	
1.97327	8.10303	
1.97266	8.10211	
1.97266	8.10211	
1.97296	8.10242	
1.97327	8.10211	
1.97388	8.10181	
1.97235	8.10211	
1.97418	8.10211	
1.97266	8.10242	
1.97266	8.10181	
1.97296	8.10211	
1.97296	8.10181	
1.97296	8.10211	
1.97327	8.10242	
1.97296	8.10242	
1.97205	8.1015	
1.97266	8.10181	
1.97235	8.10211	
1.97296	8.10211	
1.97266	8.10211	
1.97327	8.10211	
1.97296	8.10303	
1.97296	8.10272	
1.97296	8.10272	
1.97296	8.10364	
1.97296	8.10242	
1.97235	8.10211	
1.97266	8.10211	
1.97205	8.10211	
1.97174	8.10211	
1.97266	8.10181	
1.97235	8.10181	
1.97235	8.10211	
1.97266	8.10242	
1.97327	8.10211	
1.97296	8.10211	
1.97296	8.10303	
1.97266	8.10242	
1.97266	8.10211	
1.97235	8.10211	
1.97235	8.10242	
1.97235	8.10333	
1.97205	8.10333	
1.97327	8.10303	
1.97205	8.10181	
1.97296	8.10181	
1.97266	8.10242	
1.97296	8.10303	
1.97205	8.10272	
1.97174	8.10272	
1.97296	8.10242	
1.97235	8.10242	
1.97144	8.10181	
1.97174	8.10242	
1.97205	8.10242	
1.97205	8.1015	
1.97235	8.10181	
1.97266	8.1015	
1.97266	8.10211	
1.97235	8.10181	
1.97266	8.10211	
1.97235	8.10272	
1.97174	8.10242	
1.97235	8.10211	
1.97266	8.10242	
1.97296	8.10272	
1.97296	8.10211	
1.97357	8.10242	
1.97205	8.10181	
1.97296	8.10181	
1.97205	8.10181	
1.97296	8.10211	
1.97296	8.10272	
1.97266	8.10211	
1.97266	8.10211	
1.97266	8.10181	
1.97174	8.10211	
1.97235	8.1015	
1.97235	8.10242	
1.97296	8.10211	
1.97266	8.10242	
1.97205	8.10181	
1.97235	8.10242	
1.97327	8.10211	
1.97327	8.10181	
1.97266	8.10211	
1.97266	8.10211	
1.97296	8.10211	
1.97266	8.10211	
1.97266	8.10303	
1.97266	8.10211	
1.97174	8.1015	
1.97266	8.10181	
1.97266	8.10211	
1.97266	8.10242	
1.97266	8.1015	
1.97266	8.10181	
1.97266	8.10211	
1.97235	8.10242	
1.97205	8.1015	
1.97174	8.1015	
1.97205	8.10303	
1.97174	8.10211	
1.97266	8.10211	
1.97205	8.10242	
1.97235	8.10272	
1.97266	8.10242	
1.97296	8.10181	
1.97205	8.10181	
1.97174	8.10272	
1.97235	8.10211	
1.97205	8.10181	
1.97296	8.10242	
1.97296	8.10211	
1.97266	8.10211	
1.97357	8.10242	
1.97235	8.10303	
1.97205	8.10211	
1.97266	8.10242	
1.97205	8.10242	
1.97296	8.10181	
1.97418	8.10211	
1.97266	8.10242	
1.97205	8.1015	
1.97235	8.10181	
1.97205	8.1015	
1.97266	8.10242	
1.97266	8.1015	
1.97266	8.10211	
1.97357	8.10181	
1.97357	8.10242	
1.97266	8.10211	
1.97327	8.10211	
1.97266	8.10272	
1.97174	8.10211	
1.97205	8.10211	
1.97174	8.10272	
1.97205	8.10211	
1.97205	8.10181	
1.97296	8.10181	
1.97205	8.10272	
1.97174	8.1012	
1.97174	8.10181	
1.97296	8.10181	
1.97235	8.10211	
1.97296	8.10211	
1.97266	8.10211	
1.97266	8.10242	
1.97266	8.10242	
1.97266	8.10181	
1.97174	8.10181	
1.97174	8.10211	
1.97235	8.10211	
1.97205	8.10181	
1.97266	8.10181	
1.97235	8.10059	
1.97296	8.10059	
1.97327	8.1015	
1.97235	8.1015	
1.97327	8.10181	
1.97266	8.10181	
1.97235	8.1015	
1.97205	8.1015	
1.97357	8.10181	
1.97266	8.10211	
1.97235	8.10181	
1.97205	8.10089	
1.97235	8.10181	
1.97266	8.10211	
1.97266	8.10211	
1.97296	8.10211	
1.97235	8.10211	
1.97235	8.10181	
1.97205	8.1015	
1.97296	8.10089	
1.97174	8.1015	
1.97144	8.10181	
1.97113	8.10089	
1.97205	8.1015	
1.97235	8.10059	
1.97174	8.1015	
1.97235	8.10211	
1.97266	8.10181	
1.97235	8.10242	
1.97266	8.1015	
1.97205	8.10272	
1.97174	8.10181	
1.97235	8.10181	
1.97174	8.10181	
1.97174	8.10181	
1.97205	8.10181	
1.97266	8.10242	
1.97205	8.10242	
1.97144	8.1015	
1.97205	8.10211	
1.97205	8.10181	
1.97235	8.10242	
1.97144	8.1015	
1.97266	8.1012	
1.97174	8.1012	
1.97205	8.10181	
1.97235	8.10181	
1.97174	8.10211	
1.97266	8.10181	
1.97327	8.10242	
1.97266	8.10211	
1.97266	8.10272	
1.97205	8.10181	
1.97235	8.1015	
1.97174	8.10181	
1.97235	8.10242	
1.97235	8.1015	
1.97174	8.10211	
1.97266	8.10211	
1.97235	8.10181	
1.97235	8.10211	
1.97205	8.10242	
1.97205	8.10181	
1.97235	8.10181	
1.97144	8.1015	
1.97174	8.10089	
1.97144	8.1015	
1.97174	8.1012	
1.97144	8.1012	
1.97235	8.1015	
1.97205	8.1012	
1.97144	8.10211	
1.97296	8.10181	
1.97266	8.10181	
1.97205	8.1015	
1.97052	8.1012	
1.97174	8.10211	
1.97144	8.10059	
1.97205	8.10181	
1.97174	8.10242	
1.97144	8.1012	
1.97144	8.1012	
1.97205	8.10181	
1.97174	8.1015	
1.97083	8.10059	
1.97083	8.1015	
1.97113	8.09998	
1.97205	8.1012	
1.97174	8.10059	
1.97174	8.09998	
1.97205	8.10211	
1.97144	8.10181	
1.97144	8.1015	
1.97144	8.10089	
1.97113	8.10089	
1.97144	8.09998	
1.97144	8.1012	
1.97052	8.10028	
1.97144	8.10181	
1.97144	8.1012	
1.97144	8.10089	
1.97266	8.1015	
1.97205	8.10089	
1.97205	8.10089	
1.97266	8.1012	
1.97174	8.10089	
1.97083	8.10089	
1.97144	8.10059	
1.97205	8.10211	
1.97144	8.1012	
1.97083	8.10089	
1.97174	8.10089	
1.97235	8.10028	
1.97174	8.10059	
1.97144	8.1012	
1.97174	8.10181	
1.97205	8.10089	
1.97205	8.1015	
1.97205	8.10089	
1.97113	8.10089	
1.97235	8.10089	
1.97144	8.10059	
1.97144	8.1015	
1.97174	8.10181	
1.97174	8.10059	
1.97174	8.1012	
1.97174	8.10242	
1.97266	8.1012	
1.97174	8.1015	
1.97113	8.10089	
1.97174	8.09998	
1.97205	8.1012	
1.97205	8.1012	
1.97174	8.1012	
1.97174	8.1012	
1.97113	8.1015	
1.97174	8.1015	
1.97235	8.10089	
1.97205	8.10181	
1.97144	8.10089	
1.97113	8.10089	
1.97144	8.10089	
1.97113	8.10089	
1.97113	8.10059	
1.97205	8.1012	
1.97144	8.10028	
1.97144	8.10059	
1.97113	8.10089	
1.97052	8.1015	
1.97113	8.10089	
1.97205	8.09998	
1.97296	8.1012	
1.97174	8.10089	
1.97174	8.10089	
1.97052	8.1012	
1.97144	8.1015	
1.97235	8.10089	
1.97174	8.10089	
1.97144	8.10059	
1.97174	8.10028	
1.97174	8.10059	
1.97113	8.10089	
1.97205	8.1012	
1.97205	8.10089	
1.97174	8.10028	
1.97174	8.1015	
1.97235	8.10089	
1.97113	8.10059	
1.97266	8.09967	
1.97144	8.10028	
1.97113	8.10059	
1.97174	8.09967	
1.97174	8.10089	
1.97174	8.1012	
1.97144	8.10059	
1.97174	8.09998	
1.97144	8.1012	
1.97205	8.10059	
1.97083	8.10059	
1.97144	8.10059	
1.97113	8.10059	
1.97174	8.10028	
1.97174	8.09998	
1.97144	8.1012	
1.97144	8.10028	
1.97174	8.1012	
1.97205	8.10089	
1.97205	8.1015	
1.97174	8.10089	
1.97083	8.1015	
1.97205	8.10028	
1.97235	8.1012	
1.97174	8.10242	
1.97205	8.10089	
1.97174	8.10181	
1.97235	8.10059	
1.97144	8.10059	
1.97144	8.10089	
1.97144	8.10059	
1.97174	8.10028	
1.97205	8.1012	
1.97205	8.10089	
1.97174	8.1012	
1.97174	8.10089	
1.97083	8.10211	
1.97235	8.10211	
1.97144	8.1015	
1.97174	8.1015	
1.97174	8.10211	
1.97205	8.1012	
1.97113	8.10028	
1.97205	8.1015	
1.97083	8.10059	
1.97113	8.1012	
1.97205	8.1012	
1.97266	8.09967	
1.97174	8.10089	
1.97144	8.10059	
1.97083	8.10059	
1.97113	8.10181	
1.97205	8.10089	
1.97174	8.09998	
1.97174	8.1012	
1.97113	8.10181	
1.97113	8.09998	
1.97205	8.10089	
1.97174	8.1015	
1.97266	8.10089	
1.97174	8.10028	
1.97144	8.1015	
1.97083	8.10028	
1.97174	8.10059	
1.97205	8.10089	
1.97174	8.10089	
1.97174	8.10089	
1.97144	8.1015	
1.97174	8.1012	
1.97174	8.1012	
1.97205	8.10028	
1.97174	8.1012	
1.97266	8.10059	
1.97174	8.10028	
1.97174	8.1015	
1.97205	8.10089	
1.97083	8.10089	
1.97144	8.1012	
1.97144	8.1015	
1.97205	8.10028	
1.97235	8.10028	
1.97205	8.10089	
1.97205	8.10181	
1.97144	8.10028	
1.97205	8.1015	
1.97235	8.10089	
1.97174	8.10089	
1.97113	8.1012	
1.97205	8.10089	
1.97205	8.10059	
1.97174	8.10181	
1.97144	8.09998	
1.97144	8.10059	
1.97144	8.10059	
1.97174	8.1012	
1.97174	8.10059	
1.97174	8.10059	
1.97174	8.10089	
1.97205	8.10089	
1.97205	8.10089	
1.97235	8.10028	
1.97235	8.1012	
1.97205	8.10059	
1.97205	8.09998	
1.97174	8.10059	
1.97113	8.10089	
1.97144	8.10059	
1.97113	8.10059	
1.97083	8.10059	
1.97205	8.10089	
1.97144	8.10089	
1.97235	8.1012	
1.97266	8.10028	
1.97113	8.10089	
1.97174	8.10089	
1.97144	8.1012	
1.97144	8.10059	
1.97083	8.10059	
1.97266	8.1015	
1.97144	8.1012	
1.97144	8.10089	
1.97205	8.1012	
1.97113	8.10028	
1.97174	8.10059	
1.97144	8.10059	
1.97205	8.10089	
1.97174	8.10059	
1.97144	8.10089	
1.97174	8.10028	
1.97144	8.10089	
1.97144	8.10089	
1.97144	8.10089	
1.97235	8.10089	
1.97113	8.10089	
1.97113	8.10059	
1.97144	8.10059	
1.97113	8.10028	
1.97113	8.09998	
1.97083	8.1012	
1.97174	8.10028	
1.97113	8.10089	
1.97144	8.1012	
1.97083	8.1012	
1.97144	8.10059	
1.97083	8.10089	
1.97235	8.10059	
1.97174	8.1012	
1.97083	8.10059	
1.97113	8.10028	
1.97144	8.10059	
1.97083	8.10059	
1.97083	8.10059	
1.97083	8.09906	
1.97113	8.10089	
1.97144	8.09937	
1.97083	8.09937	
1.97083	8.10028	
1.97144	8.10059	
1.97021	8.09967	
1.97083	8.10089	
1.97144	8.10059	
1.97052	8.10181	
1.97144	8.10028	
1.96991	8.09906	
1.97113	8.10089	
1.97113	8.10028	
1.97144	8.10089	
1.97113	8.10089	
1.97052	8.09967	
1.97021	8.09998	
1.96991	8.09998	
1.97083	8.09937	
1.96991	8.10028	
1.97144	8.09906	
1.97052	8.09998	
1.97021	8.09998	
1.97113	8.10028	
1.97144	8.10059	
1.96991	8.10089	
1.97083	8.10028	
1.96991	8.10028	
1.96991	8.09967	
1.97052	8.10028	
1.97144	8.10028	
1.97113	8.10089	
1.97113	8.10059	
1.97174	8.1012	
1.97083	8.10089	
1.97083	8.10028	
1.97144	8.10089	
1.97144	8.10089	
1.97083	8.10089	
1.97174	8.09998	
1.97083	8.10089	
1.97083	8.09937	
1.97052	8.10059	
1.97083	8.09998	
1.97113	8.10028	
1.97083	8.10028	
1.97052	8.09998	
1.97083	8.10059	
1.97144	8.09967	
1.97113	8.09937	
1.97174	8.09967	
1.97144	8.10089	
1.97144	8.10028	
1.97266	8.09998	
1.97052	8.10089	
1.97205	8.10059	
1.97174	8.09998	
1.97205	8.10059	
1.97113	8.09906	
1.97052	8.10089	
1.97113	8.10059	
1.97083	8.09998	
1.97052	8.10089	
1.97144	8.10028	
1.97144	8.10089	
1.97144	8.10059	
1.97205	8.10059	
1.97144	8.10089	
1.97052	8.10059	
1.97021	8.09998	
1.97052	8.09967	
1.97083	8.10028	
1.97083	8.09937	
1.97205	8.09967	
1.97113	8.09937	
1.97144	8.09998	
1.97144	8.10028	
1.97113	8.10059	
1.97052	8.09937	
1.97052	8.09998	
1.97113	8.09967	
1.97083	8.09998	
1.97113	8.09967	
1.97083	8.09967	
1.97174	8.10059	
1.97144	8.09875	
1.97113	8.09937	
1.97083	8.09967	
1.97052	8.09998	
1.97113	8.09937	
1.97113	8.10028	
1.97021	8.10028	
1.97083	8.09998	
1.97083	8.09998	
1.97144	8.09906	
1.97083	8.09937	
1.97083	8.09967	
1.97052	8.10059	
1.96991	8.09967	
1.97021	8.10028	
1.9696	8.10059	
1.96899	8.09967	
1.96991	8.09967	
1.97021	8.09937	
1.9696	8.09967	
1.9696	8.09875	
1.97052	8.09937	
1.97052	8.09906	
1.97021	8.09967	
1.97083	8.09937	
1.97052	8.09937	
1.97083	8.09967	
1.97113	8.09906	
1.97235	8.09906	
1.97052	8.09937	
1.97205	8.09906	
1.97144	8.09998	
1.97083	8.09967	
1.97052	8.09937	
1.97083	8.10028	
1.97021	8.09998	
1.97083	8.09998	
1.97052	8.09967	
1.97021	8.09937	
1.97083	8.09967	
1.96991	8.10028	
1.97052	8.09937	
1.97113	8.09967	
1.97021	8.09906	
1.97021	8.09906	
1.97021	8.09937	
1.97113	8.09906	
1.97052	8.09906	
1.97052	8.10028	
1.97144	8.10059	
1.97083	8.09906	
1.97052	8.09875	
1.97021	8.09906	
1.97144	8.09998	
1.9696	8.09937	
1.96991	8.10028	
1.96991	8.09937	
1.9693	8.09937	
1.96991	8.09967	
1.97083	8.09967	
1.97052	8.09967	
1.9696	8.09967	
1.96991	8.09937	
1.9696	8.09967	
1.97021	8.09998	
1.9693	8.09906	
1.96991	8.09875	
1.97021	8.10028	
1.96991	8.09906	
1.97021	8.09845	
1.97021	8.09875	
1.97083	8.09906	
1.97052	8.09967	
1.97083	8.09967	
1.96991	8.09875	
1.97083	8.09998	
1.97052	8.10028	
1.97113	8.09906	
1.97113	8.10028	
1.97113	8.10028	
1.97021	8.09967	
1.96991	8.10089	
1.96991	8.10059	
1.9696	8.09967	
1.9696	8.09937	
1.9696	8.09998	
1.96991	8.09998	
1.97021	8.09906	
1.97021	8.09998	
1.97052	8.10089	
1.97052	8.10089	
1.97052	8.10028	
1.97113	8.09967	
1.97052	8.09998	
1.96991	8.09906	
1.9696	8.09998	
1.96991	8.09906	
1.9693	8.09967	
1.96991	8.09937	
1.9696	8.09875	
1.96991	8.09998	
1.97052	8.09937	
1.97083	8.09845	
1.97083	8.09937	
1.97083	8.09967	
1.97052	8.09998	
1.97083	8.09998	
1.97021	8.09967	
1.96991	8.09998	
1.97021	8.09937	
1.96991	8.09967	
1.97021	8.09967	
1.97021	8.09875	
1.97052	8.09998	
1.97021	8.09937	
1.9693	8.09967	
1.9696	8.09906	
1.97052	8.09937	
1.97052	8.09906	
1.97083	8.09937	
1.97113	8.09937	
1.97113	8.09875	
1.96991	8.09845	
1.96991	8.09906	
1.97052	8.09906	
1.97113	8.09875	
1.97021	8.09906	
1.97144	8.09845	
1.9696	8.09937	
1.97021	8.09875	
1.97021	8.09906	
1.97021	8.09967	
1.97052	8.09875	
1.97144	8.09967	
1.97021	8.09967	
1.9693	8.09845	
1.9693	8.09875	
1.97052	8.09906	
1.96991	8.09906	
1.97021	8.09937	
1.97113	8.09906	
1.96991	8.09906	
1.97083	8.09937	
1.97021	8.09875	
1.97052	8.09906	
1.97052	8.09937	
1.97021	8.09937	
1.96991	8.09998	
1.96991	8.10059	
1.96991	8.10059	
1.96991	8.09937	
1.96991	8.09906	
1.97083	8.09875	
1.96991	8.09875	
1.97021	8.09967	
1.97021	8.09906	
1.97021	8.09784	
1.97083	8.09875	
1.96991	8.09937	
1.97052	8.09937	
1.96991	8.09937	
1.97021	8.09937	
1.97021	8.09937	
1.9696	8.09875	
1.96991	8.09937	
1.97021	8.09906	
1.96991	8.09906	
1.97021	8.09875	
1.96991	8.09906	
1.97021	8.09967	
1.97021	8.09937	
1.96991	8.09845	
1.96991	8.09998	
1.97021	8.09906	
1.9696	8.10028	
1.97083	8.09998	
1.97083	8.09967	
1.9693	8.09906	
1.96991	8.09906	
1.97021	8.09998	
1.96991	8.09906	
1.97052	8.09875	
1.96991	8.09906	
1.9696	8.09875	
1.9696	8.09845	
1.9696	8.09906	
1.96991	8.09937	
1.97052	8.09906	
1.9696	8.09998	
1.97083	8.09906	
1.97052	8.09937	
1.97083	8.09967	
1.97021	8.09937	
1.96991	8.09906	
1.96991	8.09906	
1.97021	8.09906	
1.97083	8.09845	
1.96991	8.09906	
1.97052	8.09937	
1.97052	8.09814	
1.9696	8.09845	
1.96991	8.09875	
1.97083	8.09906	
1.96991	8.09906	
1.97052	8.09937	
1.97052	8.09875	
1.97052	8.09845	
1.97021	8.09875	
1.9693	8.09814	
1.97021	8.09784	
1.97083	8.09875	
1.97021	8.09937	
1.97052	8.09875	
1.9696	8.09906	
1.96991	8.09906	
1.97083	8.09875	
1.96991	8.09906	
1.96991	8.09814	
1.97021	8.09906	
1.97052	8.09875	
1.97113	8.09967	
1.9696	8.09875	
1.97083	8.09906	
1.9696	8.09845	
1.97052	8.09845	
1.97021	8.09814	
1.96991	8.09875	
1.96991	8.09875	
1.96991	8.09937	
1.96991	8.09967	
1.97021	8.09998	
1.97021	8.09937	
1.96991	8.09906	
1.96899	8.09875	
1.9696	8.09906	
1.97052	8.09906	
1.97052	8.09845	
1.97021	8.09906	
1.96991	8.09875	
1.9696	8.09937	
1.97021	8.09967	
1.97021	8.09967	
1.97052	8.09937	
1.97052	8.09845	
1.97052	8.09875	
1.96991	8.09967	
1.97052	8.09875	
1.97052	8.09998	
1.9693	8.09906	
1.97113	8.09875	
1.9696	8.09845	
1.96991	8.09937	
1.97083	8.09875	
1.97021	8.09814	
1.97052	8.09937	
1.97052	8.09906	
1.97021	8.09875	
1.97021	8.09937	
1.9693	8.09875	
1.97052	8.09937	
1.96991	8.09845	
1.96991	8.09906	
1.96991	8.09875	
1.96991	8.09906	
1.9696	8.09784	
1.9696	8.09814	
1.9696	8.09906	
1.96899	8.09937	
1.9693	8.09875	
1.9696	8.09845	
1.97021	8.09845	
1.96899	8.09906	
1.97021	8.09875	
1.9696	8.09814	
1.97021	8.09937	
1.9693	8.09906	
1.97021	8.09906	
1.97052	8.09875	
1.96991	8.09906	
1.96991	8.09753	
1.97052	8.09814	
1.97021	8.09937	
1.96991	8.09845	
1.9693	8.09937	
1.97021	8.09906	
1.9696	8.09875	
1.9696	8.09814	
1.9696	8.09875	
1.96991	8.09814	
1.9693	8.09845	
1.9696	8.09906	
1.97021	8.09845	
1.9696	8.09814	
1.9693	8.09906	
1.96991	8.09845	
1.97021	8.09845	
1.9693	8.09814	
1.97052	8.09845	
1.9696	8.09875	
1.96991	8.09784	
1.97021	8.09845	
1.97052	8.09845	
1.97021	8.09845	
1.9696	8.09937	
1.96991	8.09814	
1.97052	8.09875	
1.97021	8.09937	
1.96991	8.09906	
1.9696	8.09937	
1.97052	8.09937	
1.96991	8.09875	
1.9696	8.09906	
1.97113	8.09906	
1.97021	8.09875	
1.9696	8.09814	
1.97021	8.09906	
1.9696	8.09967	
1.96991	8.09875	
1.96991	8.09967	
1.97052	8.09845	
1.9696	8.09875	
1.9696	8.09875	
1.96991	8.09875	
1.9693	8.09784	
1.97083	8.09906	
1.97113	8.09937	
1.97021	8.09875	
1.97083	8.09906	
1.9693	8.09814	
1.97113	8.09814	
1.97021	8.09784	
1.97021	8.09753	
1.97052	8.09814	
1.97052	8.09753	
1.96991	8.09875	
1.97021	8.09875	
1.96991	8.09784	
1.96899	8.09723	
1.97021	8.09814	
1.97021	8.09784	
1.96869	8.09784	
1.96991	8.09784	
1.97021	8.09784	
1.96899	8.09845	
1.9696	8.09784	
1.9693	8.09845	
1.9696	8.09845	
1.96899	8.09845	
1.9696	8.09784	
1.96899	8.09814	
1.9696	8.09784	
1.9696	8.09753	
1.96899	8.09845	
1.9693	8.09814	
1.96991	8.09784	
1.96991	8.09845	
1.97052	8.09845	
1.96991	8.09753	
1.97052	8.09906	
1.96991	8.09875	
1.97021	8.09875	
1.96991	8.09875	
1.97083	8.09845	
1.96991	8.09784	
1.96991	8.09875	
1.97083	8.09845	
1.97021	8.09875	
1.97052	8.09723	
1.97021	8.09814	
1.97021	8.09784	
1.97083	8.09723	
1.97021	8.09784	
1.96991	8.09845	
1.97083	8.09784	
1.9693	8.09875	
1.96991	8.09906	
1.97052	8.09753	
1.97021	8.09723	
1.97083	8.09784	
1.9693	8.09814	
1.96991	8.09753	
1.9696	8.09784	
1.9693	8.09814	
1.96991	8.09814	
1.9696	8.09814	
1.9696	8.09814	
1.97021	8.09814	
1.96991	8.09875	
1.97052	8.09845	
1.97021	8.09814	
1.97113	8.09875	
1.9693	8.09814	
1.9693	8.09845	
1.97021	8.09814	
1.97021	8.09845	
1.97021	8.09845	
1.97021	8.09753	
1.9693	8.09814	
1.9693	8.09845	
1.9693	8.09784	
1.97021	8.09784	
1.9693	8.09875	
1.96991	8.09845	
1.9696	8.09753	
1.9696	8.09753	
1.9696	8.09784	
1.96991	8.09875	
1.97021	8.09875	
1.97021	8.09875	
1.9693	8.09845	
1.9696	8.09845	
1.9696	8.09875	
1.96991	8.09906	
1.96991	8.09875	
1.9693	8.09784	
1.9696	8.09814	
1.96899	8.09814	
1.96991	8.09845	
1.96899	8.09814	
1.96869	8.09875	
1.9693	8.09814	
1.9696	8.09814	
1.9696	8.09845	
1.9696	8.09814	
1.9696	8.09814	
1.9696	8.09845	
1.97021	8.09814	
1.97052	8.09784	
1.97052	8.09814	
1.97052	8.09875	
1.9696	8.09784	
1.9696	8.09723	
1.9696	8.09875	
1.96899	8.09845	
1.9696	8.09875	
1.96899	8.09845	
1.96899	8.09814	
1.96899	8.09845	
1.96991	8.09814	
1.97021	8.09784	
1.9696	8.09814	
1.96899	8.09723	
1.9693	8.09875	
1.9693	8.09723	
1.9696	8.09814	
1.9696	8.09814	
1.97021	8.09845	
1.96899	8.09753	
1.9693	8.09845	
1.96991	8.09845	
1.9693	8.09875	
1.9696	8.09814	
1.9696	8.09845	
1.9696	8.09814	
1.9693	8.09814	
1.9693	8.09753	
1.96899	8.09875	
1.9696	8.09723	
1.9693	8.09814	
1.96838	8.09845	
1.9696	8.09814	
1.9693	8.09845	
1.96838	8.09753	
1.9696	8.09692	
1.9693	8.09692	
1.9696	8.09631	
1.96991	8.09723	
1.96899	8.09753	
1.96899	8.09784	
1.9693	8.09784	
1.96899	8.09784	
1.96991	8.09723	
1.96899	8.09601	
1.96991	8.09753	
1.9693	8.09784	
1.9693	8.09814	
1.9696	8.09845	
1.9696	8.09814	
1.96869	8.09814	
1.9693	8.09784	
1.9696	8.09692	
1.96899	8.09753	
1.9693	8.09875	
1.9696	8.09814	
1.9696	8.09814	
1.9693	8.09906	
1.97021	8.09753	
1.9693	8.09814	
1.9693	8.09814	
1.9696	8.09784	
1.9696	8.09692	
1.9693	8.09662	
1.9696	8.09692	
1.9693	8.09784	
1.9696	8.09723	
1.9696	8.09723	
1.9696	8.09784	
1.9693	8.09723	
1.96869	8.09662	
1.9696	8.09753	
1.97052	8.09723	
1.9696	8.09753	
1.96899	8.09723	
1.96899	8.09814	
1.9693	8.09845	
1.96869	8.09814	
1.9693	8.09845	
1.9693	8.09784	
1.96899	8.09784	
1.9693	8.09784	
1.96869	8.09753	
1.96869	8.09692	
1.96777	8.09723	
1.9696	8.09784	
1.96899	8.09845	
1.96869	8.09845	
1.9696	8.09814	
1.96869	8.09814	
1.96838	8.09814	
1.96869	8.09814	
1.96838	8.09723	
1.96838	8.09753	
1.96899	8.09814	
1.9693	8.09753	
1.96991	8.09753	
1.96869	8.09814	
1.96991	8.09692	
1.9693	8.09814	
1.9693	8.09814	
1.96777	8.09723	
1.9696	8.09814	
1.9696	8.09784	
1.96869	8.09784	
1.96991	8.09875	
1.96899	8.09784	
1.9696	8.09814	
1.9696	8.09814	
1.9693	8.09784	
1.96899	8.09723	
1.9696	8.09814	
1.9693	8.09875	
1.96899	8.09814	
1.9693	8.09845	
1.96899	8.09784	
1.96899	8.09784	
1.9696	8.09784	
1.9696	8.09845	
1.96899	8.09875	
1.9696	8.09814	
1.96869	8.09723	
1.96869	8.09753	
1.97052	8.09692	
1.96899	8.09723	
1.9696	8.09662	
1.96991	8.09631	
1.96869	8.09692	
1.96869	8.09784	
1.96899	8.09814	
1.96899	8.09814	
1.9693	8.09784	
1.9693	8.09784	
1.96899	8.09814	
1.9693	8.09723	
1.96991	8.09784	
1.96899	8.09753	
1.96991	8.09845	
1.9693	8.09784	
1.9693	8.09753	
1.9693	8.09814	
1.97021	8.09723	
1.9693	8.09814	
1.96991	8.09814	
1.9696	8.09692	
1.96991	8.09692	
1.96991	8.09753	
1.96869	8.09753	
1.9696	8.09692	
1.96869	8.09723	
1.97021	8.09723	
1.96869	8.09784	
1.9696	8.09631	
1.96899	8.09753	
1.96899	8.09753	
1.96899	8.09784	
1.9696	8.09814	
1.96838	8.09723	
1.96899	8.09814	
1.9696	8.09845	
1.9693	8.09814	
1.96899	8.09753	
1.9693	8.09875	
1.9696	8.09784	
1.9696	8.09753	
1.9693	8.09753	
1.9693	8.09845	
1.96777	8.09662	
1.9693	8.09662	
1.96899	8.09723	
1.96869	8.09723	
1.96991	8.09662	
1.96869	8.09692	
1.96869	8.09723	
1.96869	8.09723	
1.96838	8.09723	
1.96899	8.09723	
1.96869	8.09723	
1.96899	8.09753	
1.96899	8.09753	
1.96991	8.09662	
1.9696	8.09784	
1.96991	8.09692	
1.9693	8.09753	
1.9693	8.09784	
1.96899	8.09784	
1.96869	8.09845	
1.9693	8.09723	
1.96747	8.09814	
1.9696	8.09723	
1.96869	8.09814	
1.96808	8.09631	
1.96899	8.09723	
1.96899	8.09692	
1.96808	8.09723	
1.9693	8.09753	
1.9693	8.09662	
1.96838	8.09631	
1.9693	8.09753	
1.9693	8.09692	
1.9696	8.09845	
1.96808	8.09692	
1.9693	8.09723	
1.96991	8.09662	
1.96869	8.09601	
1.96777	8.09601	
1.96838	8.09723	
1.96838	8.09662	
1.96899	8.09662	
1.9693	8.09662	
1.96899	8.09601	
1.96899	8.09692	
1.9693	8.09723	
1.9696	8.09723	
1.96899	8.09753	
1.96838	8.09631	
1.96869	8.09692	
1.9693	8.09601	
1.9693	8.09723	
1.96899	8.09692	
1.9693	8.09692	
1.9696	8.09692	
1.96838	8.09692	
1.9696	8.09662	
1.96869	8.09692	
1.96869	8.09631	
1.96838	8.09631	
1.9696	8.09723	
1.96808	8.09662	
1.96777	8.09631	
1.96808	8.09692	
1.96869	8.09753	
1.96869	8.09814	
1.96869	8.09784	
1.96899	8.09723	
1.96899	8.09784	
1.96838	8.09753	
1.9693	8.09753	
1.96808	8.09845	
1.9693	8.09753	
1.96838	8.09753	
1.96899	8.09723	
1.9693	8.09601	
1.9693	8.09784	
1.9693	8.09753	
1.96899	8.09631	
1.96991	8.09662	
1.9696	8.09662	
1.96777	8.09631	
1.9693	8.09753	
1.96899	8.09601	
1.96899	8.09692	
1.96838	8.09662	
1.96869	8.09631	
1.96899	8.09692	
1.96869	8.09631	
1.96869	8.09601	
1.96838	8.09692	
1.96838	8.09662	
1.96899	8.09631	
1.96869	8.09692	
1.9693	8.09723	
1.96869	8.09723	
1.96838	8.09692	
1.96869	8.09723	
1.96808	8.09631	
1.96869	8.09692	
1.9693	8.09692	
1.96838	8.09662	
1.96838	8.09631	
1.96838	8.09662	
1.96869	8.09662	
1.96899	8.09601	
1.96899	8.09723	
1.96838	8.09662	
1.9693	8.09692	
1.96838	8.09662	
1.96899	8.09753	
1.96899	8.0957	
1.96838	8.09631	
1.96838	8.09692	
1.9693	8.09601	
1.96869	8.09662	
1.96869	8.09692	
1.96869	8.09631	
1.96838	8.09662	
1.96838	8.09662	
1.96869	8.09692	
1.96899	8.09692	
1.96899	8.09631	
1.96899	8.09601	
1.96899	8.09662	
1.96899	8.09631	
1.96899	8.09723	
1.96899	8.09662	
1.96869	8.09631	
1.96899	8.0957	
1.96899	8.09692	
1.96899	8.09662	
1.9693	8.09814	
1.96899	8.09753	
1.96869	8.09723	
1.96899	8.09662	
1.9693	8.09723	
1.96747	8.09723	
1.96808	8.09723	
1.96869	8.09723	
1.96991	8.09814	
1.96838	8.09662	
1.96899	8.09723	
1.96899	8.09631	
1.96838	8.09662	
1.96838	8.09662	
1.96838	8.09631	
1.96869	8.09662	
1.96869	8.09692	
1.9693	8.09692	
1.96808	8.09662	
1.96838	8.09753	
1.96869	8.09723	
1.96838	8.09723	
1.96869	8.09601	
1.96808	8.09784	
1.96777	8.09784	
1.96869	8.09662	
1.96899	8.09753	
1.96838	8.09601	
1.96808	8.09753	
1.96869	8.09723	
1.96899	8.09692	
1.96869	8.09723	
1.96838	8.09723	
1.96899	8.09662	
1.9693	8.09692	
1.96869	8.09662	
1.96869	8.09692	
1.96869	8.09692	
1.96838	8.09662	
1.96899	8.09784	
1.96899	8.09692	
1.96808	8.09723	
1.96899	8.09631	
1.96838	8.09631	
1.96747	8.09662	
1.96808	8.09662	
1.96808	8.09723	
1.9693	8.09662	
1.96869	8.09662	
1.96869	8.09631	
1.96869	8.09662	
1.9693	8.09662	
1.96808	8.09723	
1.96869	8.09631	
1.96869	8.09753	
1.96838	8.09723	
1.96869	8.09784	
1.96869	8.09723	
1.96869	8.09723	
1.96869	8.09662	
1.96838	8.09753	
1.96991	8.09692	
1.9693	8.09631	
1.96838	8.09662	
1.96899	8.09723	
1.96899	8.09631	
1.96869	8.09662	
1.9693	8.09692	
1.96899	8.09662	
1.96869	8.09631	
1.96869	8.09692	
1.96899	8.09692	
1.96747	8.09692	
1.96838	8.09723	
1.96869	8.09753	
1.96838	8.09692	
1.96869	8.09723	
1.96777	8.09662	
1.9455	8.09174	
1.73492	8.07312	
1.32965	8.0368	
0.901794	7.97791	
0.541687	7.87811	
0.250549	7.70111	
0.0418091	7.33643	
-0.0967407	6.42792	
-0.15564	3.909	
-0.13031	1.3736	
-0.090332	0.426941	
-0.0613403	0.0497437	
-0.0415039	-0.131226	
-0.0274658	-0.232849	
-0.0192261	-0.290527	
-0.0125122	-0.325012	
-0.0106812	-0.348511	
-0.00915527	-0.364075	
-0.00610352	-0.372314	
-0.00579834	-0.379028	
-0.00396729	-0.383301	
-0.00488281	-0.382996	
-0.00457764	-0.38208	
-0.00366211	-0.38269	
-0.00396729	-0.382996	
-0.00335693	-0.387268	
-0.00335693	-0.387878	
-0.00396729	-0.387878	
-0.00396729	-0.388489	
-0.00335693	-0.388184	
-0.00335693	-0.387878	
-0.00335693	-0.386658	
-0.00244141	-0.387268	
-0.00213623	-0.386963	
-0.00335693	-0.382385	
-0.00244141	-0.38269	
-0.00335693	-0.38269	
-0.00305176	-0.384827	
-0.00335693	-0.387878	
-0.00396729	-0.388184	
-0.00305176	-0.382996	
-0.00305176	-0.382385	
-0.00305176	-0.38269	
-0.00366211	-0.386963	
-0.00305176	-0.386353	
-0.00366211	-0.387268	
-0.00274658	-0.386963	
-0.00305176	-0.387268	
-0.00305176	-0.387573	
-0.00244141	-0.392151	
-0.00335693	-0.389099	
-0.00457764	-0.389404	
-0.00396729	-0.389099	
-0.00396729	-0.388489	
-0.00427246	-0.388489	
-0.00366211	-0.387878	
-0.00274658	-0.387878	
-0.00366211	-0.383301	
-0.00396729	-0.383301	
-0.00274658	-0.387268	
-0.00335693	-0.387268	
-0.00366211	-0.386963	
-0.00335693	-0.386963	
-0.00335693	-0.388489	
-0.00335693	-0.388184	
-0.00366211	-0.383301	
-0.00396729	-0.384521	
-0.00396729	-0.384216	
-0.00396729	-0.383606	
-0.00427246	-0.383301	
-0.00366211	-0.386658	
-0.00305176	-0.388489	
-0.00366211	-0.384216	
-0.00305176	-0.383911	
-0.00396729	-0.382996	
-0.00427246	-0.382996	
-0.00305176	-0.382996	
-0.00305176	-0.382996	
-0.00305176	-0.384216	
-0.00366211	-0.383606	
-0.00396729	-0.384216	
-0.00366211	-0.383301	
-0.00366211	-0.384216	
-0.00396729	-0.384521	
-0.00305176	-0.383301	
-0.00274658	-0.389099	
-0.00335693	-0.388489	
-0.00366211	-0.387573	
-0.00335693	-0.383606	
-0.00274658	-0.389099	
-0.00396729	-0.388184	
-0.00335693	-0.388794	
-0.00396729	-0.388794	
-0.00305176	-0.387268	
-0.00366211	-0.388489	
-0.00305176	-0.388489	
-0.00427246	-0.388489	
-0.00427246	-0.388489	
-0.00366211	-0.389099	
-0.00305176	-0.387878	
-0.00335693	-0.387573	
-0.00305176	-0.387878	
-0.00274658	-0.387573	
-0.00396729	-0.388794	
-0.00335693	-0.389099	
-0.00396729	-0.388184	
-0.00366211	-0.388794	
-0.00305176	-0.388184	
-0.00335693	-0.389404	
-0.00335693	-0.388794	
-0.00335693	-0.388794	
-0.00335693	-0.388794	
-0.00457764	-0.389404	
-0.00366211	-0.388794	
-0.00335693	-0.388794	
-0.00427246	-0.384216	
-0.00335693	-0.383911	
-0.00396729	-0.384216	
-0.00335693	-0.383301	
-0.00244141	-0.383911	
-0.00366211	-0.383606	
-0.00274658	-0.387573	
-0.00366211	-0.387573	
-0.00305176	-0.387268	
-0.00305176	-0.387573	
-0.00366211	-0.393066	
-0.00305176	-0.392761	
-0.00335693	-0.392456	
-0.00335693	-0.392456	
-0.00427246	-0.393066	
-0.00305176	-0.393066	
-0.00366211	-0.392761	
-0.00335693	-0.393372	
-0.00305176	-0.388794	
-0.00427246	-0.386658	
-0.00335693	-0.383911	
-0.00274658	-0.383606	
-0.00366211	-0.387878	
-0.00274658	-0.387268	
-0.00335693	-0.387878	
-0.00305176	-0.387573	
-0.00274658	-0.387878	
-0.00213623	-0.386963	
-0.00335693	-0.390625	
-0.00335693	-0.393372	
-0.00366211	-0.393677	
-0.00305176	-0.392761	
-0.00305176	-0.393372	
-0.00366211	-0.393066	
-0.00366211	-0.393677	
-0.00335693	-0.393372	
-0.00396729	-0.393372	
-0.00335693	-0.393066	
-0.00213623	-0.388489	
-0.00396729	-0.388794	
-0.00335693	-0.389404	
-0.00305176	-0.388184	
-0.00396729	-0.388794	
-0.00305176	-0.388794	
-0.00305176	-0.387878	
-0.00305176	-0.387573	
-0.00396729	-0.384216	
-0.00305176	-0.384216	
-0.00274658	-0.388489	
-0.00305176	-0.388489	
-0.00335693	-0.385437	
-0.00305176	-0.384521	
-0.00335693	-0.384827	
-0.00305176	-0.383911	
-0.00305176	-0.385132	
-0.00335693	-0.388489	
-0.00335693	-0.388184	
-0.00396729	-0.389099	
-0.00335693	-0.387878	
-0.00274658	-0.388184	
-0.00274658	-0.386963	
-0.00274658	-0.387268	
-0.00305176	-0.388184	
-0.00274658	-0.388184	
-0.00274658	-0.390015	
-0.00274658	-0.392761	
-0.00274658	-0.392761	
-0.00366211	-0.393066	
-0.00396729	-0.393066	
-0.00305176	-0.393066	
-0.00274658	-0.393677	
-0.00305176	-0.389099	
-0.00274658	-0.388794	
-0.00274658	-0.389099	
-0.00427246	-0.389709	
-0.00305176	-0.387573	
-0.00274658	-0.387268	
-0.00305176	-0.388489	
-0.00335693	-0.388794	
-0.00366211	-0.384827	
-0.00305176	-0.384216	
-0.00396729	-0.384216	
-0.00274658	-0.384216	
-0.00366211	-0.387268	
-0.00305176	-0.386963	
-0.00335693	-0.383606	
-0.00274658	-0.383911	
-0.00305176	-0.384216	
-0.00274658	-0.383606	
-0.00274658	-0.384827	
-0.00274658	-0.388794	
-0.00274658	-0.388794	
-0.00335693	-0.388184	
-0.00335693	-0.389099	
-0.00335693	-0.389099	
-0.00366211	-0.388794	
-0.00366211	-0.388794	
-0.00366211	-0.389099	
-0.00305176	-0.388489	
-0.00335693	-0.388794	
-0.00274658	-0.387878	
-0.00244141	-0.387878	
-0.00274658	-0.388489	
-0.00335693	-0.387878	
-0.00335693	-0.387268	
-0.00305176	-0.384521	
-0.00396729	-0.383911	
-0.00396729	-0.384521	
-0.00274658	-0.384216	
-0.00366211	-0.383606	
-0.00335693	-0.384216	
-0.00427246	-0.384216	
-0.00396729	-0.383301	
-0.00366211	-0.388489	
-0.00305176	-0.388489	
-0.00335693	-0.388794	
-0.00366211	-0.389404	
-0.00274658	-0.389099	
-0.00274658	-0.388794	
-0.00335693	-0.388489	
-0.00335693	-0.388794	
-0.00274658	-0.389404	
-0.00396729	-0.388794	
-0.00335693	-0.388184	
-0.00305176	-0.388794	
-0.00274658	-0.388489	
-0.00274658	-0.387878	
-0.00274658	-0.387573	
-0.00305176	-0.386963	
-0.00213623	-0.386963	
-0.00366211	-0.383301	
-0.00335693	-0.383301	
-0.00305176	-0.38269	
-0.00335693	-0.386658	
-0.00335693	-0.386963	
-0.00305176	-0.388489	
-0.00335693	-0.393066	
-0.00335693	-0.393066	
-0.00396729	-0.389404	
-0.00396729	-0.389404	
-0.00366211	-0.384827	
-0.00335693	-0.384216	
-0.00396729	-0.384216	
-0.00366211	-0.379639	
-0.00366211	-0.383301	
-0.00274658	-0.383911	
-0.00366211	-0.383911	
-0.00335693	-0.383911	
-0.00396729	-0.384521	
-0.00335693	-0.383911	
-0.00366211	-0.383911	
-0.00335693	-0.383911	
-0.00335693	-0.383606	
-0.00335693	-0.383301	
-0.00427246	-0.384216	
-0.00274658	-0.387878	
-0.00305176	-0.389099	
-0.00396729	-0.389404	
-0.00305176	-0.387573	
-0.00396729	-0.389099	
-0.00335693	-0.388489	
-0.00366211	-0.388489	
-0.00335693	-0.388794	
-0.00366211	-0.389404	
-0.00427246	-0.388794	
-0.00335693	-0.385437	
-0.00274658	-0.383606	
-0.00366211	-0.383911	
-0.00366211	-0.386658	
-0.00305176	-0.389099	
-0.00335693	-0.388794	
-0.00518799	-0.389404	
-0.00305176	-0.392456	
-0.00274658	-0.389404	
-0.00305176	-0.388794	
-0.00366211	-0.389709	
-0.00305176	-0.389099	
-0.00396729	-0.39032	
-0.00396729	-0.389709	
-0.00457764	-0.385742	
-0.00427246	-0.384827	
-0.00396729	-0.389404	
-0.00366211	-0.388794	
-0.00305176	-0.393372	
-0.00305176	-0.393066	
-0.00335693	-0.393372	
-0.00427246	-0.393677	
-0.00335693	-0.393677	
-0.00335693	-0.393372	
-0.00488281	-0.394897	
-0.00335693	-0.397644	
-0.00396729	-0.392761	
-0.00396729	-0.393982	
-0.00335693	-0.393066	
-0.00274658	-0.388794	
-0.00335693	-0.389099	
-0.00366211	-0.388794	
-0.00305176	-0.388794	
-0.00305176	-0.389404	
-0.00274658	-0.388184	
-0.00335693	-0.388489	
-0.00366211	-0.389099	
-0.00274658	-0.384827	
-0.00366211	-0.383911	
-0.00488281	-0.384827	
-0.00335693	-0.388489	
-0.00366211	-0.389709	
-0.00427246	-0.389099	
-0.00427246	-0.389404	
-0.00366211	-0.389404	
-0.00427246	-0.389099	
-0.00274658	-0.389099	
-0.00427246	-0.388489	
-0.00335693	-0.389099	
-0.00427246	-0.389404	
-0.00366211	-0.389099	
-0.00366211	-0.389099	
-0.00366211	-0.388794	
-0.00274658	-0.388489	
-0.00335693	-0.388184	
-0.00274658	-0.388489	
-0.00335693	-0.383301	
-0.00305176	-0.384216	
-0.00305176	-0.384521	
-0.00335693	-0.383301	
-0.00396729	-0.384216	
-0.00274658	-0.386963	
-0.00274658	-0.387573	
-0.00335693	-0.387268	
-0.00335693	-0.389099	
-0.00305176	-0.388489	
-0.00335693	-0.389404	
-0.00335693	-0.389099	
-0.00305176	-0.389709	
-0.00396729	-0.389404	
-0.00366211	-0.388794	
-0.00366211	-0.389404	
-0.00366211	-0.389099	
-0.00457764	-0.388794	
-0.00396729	-0.385132	
-0.00335693	-0.384521	
-0.00396729	-0.384521	
-0.00244141	-0.384827	
-0.00396729	-0.384827	
-0.00457764	-0.384521	
-0.00335693	-0.384216	
-0.00457764	-0.384521	
-0.00335693	-0.384216	
-0.00274658	-0.383911	
-0.00396729	-0.384216	
-0.00335693	-0.388489	
-0.00396729	-0.389404	
-0.00366211	-0.389709	
-0.00396729	-0.389099	
-0.00427246	-0.384216	
-0.00366211	-0.384521	
-0.00396729	-0.384216	
-0.00213623	-0.382996	
-0.00274658	-0.387878	
-0.00335693	-0.389099	
-0.00366211	-0.389099	
-0.00335693	-0.389099	
-0.00396729	-0.389709	
-0.00396729	-0.393677	
-0.00335693	-0.393677	
-0.00335693	-0.393982	
-0.00366211	-0.389709	
-0.00335693	-0.389404	
-0.00244141	-0.389099	
-0.00366211	-0.389099	
-0.00274658	-0.388184	
-0.00274658	-0.387878	
-0.00305176	-0.387573	
-0.00335693	-0.388489	
-0.00366211	-0.388794	
-0.00335693	-0.389404	
-0.00396729	-0.389404	
-0.00335693	-0.388794	
-0.00396729	-0.389404	
-0.00366211	-0.389709	
-0.00366211	-0.390015	
-0.00305176	-0.389404	
-0.00457764	-0.389404	
-0.00366211	-0.389099	
-0.00457764	-0.389404	
-0.00396729	-0.389404	
-0.00366211	-0.389099	
-0.00335693	-0.389099	
-0.00335693	-0.389709	
-0.00305176	-0.389404	
-0.00366211	-0.389709	
-0.00396729	-0.389709	
-0.00427246	-0.39032	
-0.00366211	-0.389709	
-0.00335693	-0.389709	
-0.00305176	-0.388794	
-0.00305176	-0.389099	
-0.00335693	-0.384216	
-0.00366211	-0.384827	
-0.00335693	-0.384521	
-0.00335693	-0.384216	
-0.00335693	-0.389099	
-0.00366211	-0.389404	
-0.00335693	-0.389404	
-0.00366211	-0.389099	
-0.00366211	-0.389099	
-0.00427246	-0.389709	
-0.00396729	-0.388489	
-0.00427246	-0.390015	
-0.00396729	-0.388794	
-0.00366211	-0.389099	
-0.00274658	-0.389099	
-0.00366211	-0.384216	
-0.00335693	-0.383911	
-0.00274658	-0.384216	
-0.00335693	-0.384216	
-0.00335693	-0.384216	
-0.00335693	-0.383911	
-0.00335693	-0.384216	
-0.00396729	-0.384827	
-0.00366211	-0.389099	
-0.00335693	-0.389404	
-0.00366211	-0.389709	
-0.00396729	-0.389099	
-0.00305176	-0.388794	
-0.00335693	-0.389099	
-0.00335693	-0.388794	
-0.00396729	-0.389099	
-0.00427246	-0.384827	
-0.00366211	-0.384216	
-0.00427246	-0.384521	
-0.00366211	-0.384521	
-0.00335693	-0.384521	
-0.00335693	-0.383911	
-0.00396729	-0.388794	
-0.00366211	-0.389404	
-0.00366211	-0.389099	
-0.00396729	-0.389404	
-0.00396729	-0.388489	
-0.00366211	-0.389099	
-0.00335693	-0.388794	
-0.00335693	-0.384216	
-0.00366211	-0.384216	
-0.00335693	-0.389404	
-0.00396729	-0.388794	
-0.00335693	-0.389709	
-0.00396729	-0.389404	
-0.00396729	-0.389709	
-0.00335693	-0.389404	
-0.00457764	-0.390015	
-0.00427246	-0.384521	
-0.00366211	-0.383911	
-0.00427246	-0.384216	
-0.00396729	-0.384216	
-0.00274658	-0.383606	
-0.00335693	-0.384216	
-0.00366211	-0.388489	
-0.00335693	-0.388489	
-0.00366211	-0.388794	
-0.00366211	-0.390015	
-0.00335693	-0.384521	
-0.00457764	-0.384827	
-0.00366211	-0.384521	
-0.00274658	-0.383606	
-0.00366211	-0.388184	
-0.00335693	-0.383911	
-0.00244141	-0.385437	
-0.00305176	-0.388794	
-0.00305176	-0.388794	
-0.00305176	-0.388489	
-0.00305176	-0.389099	
-0.00366211	-0.384827	
-0.00335693	-0.384827	
-0.00335693	-0.384216	
-0.00366211	-0.384216	
-0.00335693	-0.385132	
-0.00335693	-0.388489	
-0.00335693	-0.385437	
-0.00305176	-0.384216	
-0.00305176	-0.384216	
-0.00366211	-0.386963	
-0.00305176	-0.388489	
-0.00335693	-0.388794	
-0.00305176	-0.389099	
-0.00335693	-0.389099	
-0.00396729	-0.389099	
-0.00366211	-0.389709	
-0.00335693	-0.389099	
-0.00396729	-0.389099	
-0.00335693	-0.388489	
-0.00366211	-0.388489	
-0.00305176	-0.388489	
-0.00274658	-0.389099	
-0.00213623	-0.387573	
-0.00335693	-0.388489	
-0.00366211	-0.388794	
-0.00305176	-0.388489	
-0.00305176	-0.389404	
-0.00335693	-0.389404	
-0.00274658	-0.388184	
-0.00335693	-0.389099	
-0.00335693	-0.388489	
-0.00396729	-0.389404	
-0.00305176	-0.387878	
-0.00305176	-0.384216	
-0.00305176	-0.383301	
-0.00305176	-0.387878	
-0.00274658	-0.388184	
-0.00396729	-0.387878	
-0.00335693	-0.389099	
-0.00335693	-0.388794	
-0.00366211	-0.389404	
-0.00335693	-0.389404	
-0.00335693	-0.383301	
-0.00305176	-0.383911	
-0.00366211	-0.384521	
-0.00305176	-0.384216	
-0.00396729	-0.383301	
-0.00396729	-0.384827	
-0.00396729	-0.384216	
-0.00366211	-0.384827	
-0.00366211	-0.383911	
-0.00457764	-0.388489	
-0.00305176	-0.388489	
-0.00335693	-0.388489	
-0.00335693	-0.389099	
-0.00366211	-0.389099	
-0.00305176	-0.386963	
-0.00335693	-0.386353	
-0.00427246	-0.389709	
-0.00427246	-0.388794	
-0.00335693	-0.388794	
-0.00396729	-0.388794	
-0.00366211	-0.389099	
-0.00274658	-0.389709	
-0.00305176	-0.388794	
-0.00335693	-0.389709	
-0.00366211	-0.390015	
-0.00335693	-0.389404	
-0.00457764	-0.386047	
-0.00457764	-0.389709	
-0.00396729	-0.389099	
-0.00366211	-0.389404	
-0.00457764	-0.389709	
-0.00335693	-0.389404	
-0.00335693	-0.389709	
-0.00335693	-0.389099	
-0.00366211	-0.389404	
-0.00274658	-0.388489	
-0.00396729	-0.389404	
-0.00396729	-0.389099	
-0.00396729	-0.389099	
-0.00305176	-0.393066	
-0.00335693	-0.393372	
-0.00366211	-0.393982	
-0.00305176	-0.393372	
-0.00335693	-0.393066	
-0.00366211	-0.393066	
-0.00305176	-0.389709	
-0.00335693	-0.389099	
-0.00457764	-0.390015	
-0.00335693	-0.384521	
-0.00366211	-0.389404	
-0.00335693	-0.389099	
-0.00366211	-0.388794	
-0.00335693	-0.388489	
-0.00305176	-0.389099	
-0.00396729	-0.389099	
-0.00244141	-0.389709	
-0.00335693	-0.389099	
-0.00366211	-0.390015	
-0.00488281	-0.389404	
-0.00305176	-0.389099	
-0.00305176	-0.388489	
-0.00335693	-0.389404	
-0.00396729	-0.389404	
-0.00366211	-0.389099	
-0.00366211	-0.389709	
-0.00366211	-0.389099	
-0.00457764	-0.389709	
-0.00366211	-0.389099	
-0.00244141	-0.389099	
-0.00305176	-0.389099	
-0.00335693	-0.388794	
-0.00366211	-0.390015	
-0.00335693	-0.388794	
-0.00305176	-0.39032	
-0.00335693	-0.389709	
-0.00396729	-0.389709	
-0.00335693	-0.389404	
-0.00305176	-0.389099	
-0.00335693	-0.388794	
-0.00396729	-0.389709	
-0.00305176	-0.389404	
-0.00335693	-0.384521	
-0.00396729	-0.388489	
-0.00396729	-0.389404	
-0.00366211	-0.388794	
-0.00274658	-0.389709	
-0.00366211	-0.389099	
-0.00396729	-0.389404	
-0.00274658	-0.388489	
-0.00396729	-0.388489	
-0.00366211	-0.384827	
-0.00274658	-0.384521	
-0.00366211	-0.383911	
-0.00335693	-0.384521	
-0.00427246	-0.384827	
-0.00457764	-0.384216	
-0.00427246	-0.384216	
-0.00366211	-0.384521	
-0.00366211	-0.383301	
-0.00366211	-0.384216	
-0.00366211	-0.383911	
-0.00274658	-0.388184	
-0.00305176	-0.388184	
-0.00366211	-0.389099	
-0.00335693	-0.388489	
-0.00335693	-0.389099	
-0.00366211	-0.389709	
-0.00335693	-0.389709	
-0.00396729	-0.389099	
-0.00366211	-0.389709	
-0.00427246	-0.389709	
-0.00488281	-0.390015	
-0.00488281	-0.390625	
-0.00427246	-0.390015	
-0.00335693	-0.390015	
-0.00366211	-0.389709	
-0.00396729	-0.389404	
-0.00396729	-0.389099	
-0.00366211	-0.384827	
-0.00366211	-0.388794	
-0.00366211	-0.388794	
-0.00335693	-0.392761	
-0.00274658	-0.393372	
-0.00335693	-0.393372	
-0.00396729	-0.393372	
-0.00396729	-0.39093	
-0.00335693	-0.388489	
-0.00396729	-0.389099	
-0.00274658	-0.389404	
-0.00366211	-0.390015	
-0.00366211	-0.389709	
-0.00396729	-0.389709	
-0.00366211	-0.389709	
-0.00335693	-0.389099	
-0.00366211	-0.388794	
-0.00427246	-0.388794	
-0.00396729	-0.388794	
-0.00335693	-0.384521	
-0.00366211	-0.383606	
-0.00335693	-0.384216	
-0.00366211	-0.384216	
-0.00427246	-0.389099	
-0.00274658	-0.389709	
-0.00396729	-0.389099	
-0.00427246	-0.389099	
-0.00427246	-0.394592	
-0.00457764	-0.394287	
-0.00396729	-0.394897	
-0.00366211	-0.394592	
-0.00488281	-0.394897	
-0.00518799	-0.394897	
-0.00427246	-0.393982	
-0.00335693	-0.393677	
-0.00488281	-0.390625	
-0.00366211	-0.390015	
-0.00335693	-0.388794	
-0.00396729	-0.390015	
-0.00457764	-0.385742	
-0.00366211	-0.385132	
-0.00366211	-0.389099	
-0.00366211	-0.385437	
-0.00457764	-0.384827	
-0.00274658	-0.384521	
-0.00457764	-0.384521	
-0.00366211	-0.385132	
-0.00427246	-0.389404	
-0.00366211	-0.386353	
-0.00366211	-0.386963	
-0.00366211	-0.387268	
-0.00457764	-0.388489	
-0.00305176	-0.388794	
-0.00366211	-0.383606	
-0.00396729	-0.384216	
-0.00305176	-0.383911	
-0.00366211	-0.384521	
-0.00335693	-0.388794	
-0.00335693	-0.389099	
-0.00335693	-0.384827	
-0.00396729	-0.384216	
-0.00305176	-0.384216	
-0.00335693	-0.384216	
-0.00335693	-0.384827	
-0.00305176	-0.384521	
-0.00366211	-0.384216	
-0.00366211	-0.384521	
-0.00396729	-0.383606	
-0.00366211	-0.388794	
-0.00396729	-0.389404	
-0.00427246	-0.389404	
-0.00366211	-0.389099	
-0.00305176	-0.388489	
-0.00305176	-0.389099	
-0.00335693	-0.389099	
-0.00335693	-0.389404	
-0.00335693	-0.388794	
-0.00457764	-0.389709	
-0.00335693	-0.385132	
-0.00366211	-0.384216	
-0.00427246	-0.384827	
-0.00457764	-0.385742	
-0.00488281	-0.385437	
-0.00396729	-0.385132	
-0.00427246	-0.385437	
-0.00457764	-0.389709	
-0.00457764	-0.389709	
-0.00457764	-0.384827	
-0.00366211	-0.384216	
-0.00396729	-0.383911	
-0.00366211	-0.385132	
-0.00366211	-0.385437	
-0.00335693	-0.387878	
-0.00305176	-0.389099	
-0.00366211	-0.389099	
-0.00335693	-0.389709	
-0.00335693	-0.388794	
-0.00274658	-0.388794	
-0.00457764	-0.384827	
-0.00305176	-0.383911	
-0.00427246	-0.385132	
-0.00366211	-0.384521	
-0.00335693	-0.390015	
-0.00427246	-0.39032	
-0.00427246	-0.393982	
-0.00366211	-0.388794	
-0.00366211	-0.389404	
-0.00366211	-0.388794	
-0.00244141	-0.388489	
-0.00396729	-0.384827	
-0.00335693	-0.389099	
-0.00457764	-0.389709	
-0.00457764	-0.389404	
-0.00396729	-0.389099	
-0.00305176	-0.390015	
-0.00366211	-0.389404	
-0.00366211	-0.389099	
-0.00366211	-0.389404	
-0.00366211	-0.384827	
-0.00427246	-0.385132	
-0.00366211	-0.384827	
-0.00305176	-0.385437	
-0.00396729	-0.385437	
-0.00396729	-0.385132	
-0.00274658	-0.384216	
-0.00396729	-0.384827	
-0.00305176	-0.387268	
-0.00366211	-0.389404	
-0.00305176	-0.388794	
-0.00396729	-0.388794	
-0.00305176	-0.392761	
-0.00366211	-0.393677	
-0.00366211	-0.393372	
-0.00335693	-0.393372	
-0.00335693	-0.388794	
-0.00396729	-0.390015	
-0.00366211	-0.389709	
-0.00366211	-0.389709	
-0.00396729	-0.389709	
-0.00396729	-0.386658	
-0.00305176	-0.384521	
-0.00366211	-0.383911	
-0.00335693	-0.384216	
-0.00396729	-0.389099	
-0.00396729	-0.389099	
-0.00305176	-0.389404	
-0.00366211	-0.388184	
-0.00305176	-0.388794	
-0.00396729	-0.389709	
-0.00366211	-0.389099	
-0.00335693	-0.389099	
-0.00305176	-0.389099	
-0.00366211	-0.389099	
-0.00427246	-0.390015	
-0.00427246	-0.388794	
-0.00366211	-0.388794	
-0.00335693	-0.388794	
-0.00396729	-0.389099	
-0.00335693	-0.388794	
-0.00366211	-0.388489	
-0.00335693	-0.389099	
-0.00457764	-0.388794	
-0.00427246	-0.389709	
-0.00366211	-0.390015	
-0.00427246	-0.385437	
-0.00396729	-0.387573	
-0.00396729	-0.389099	
-0.00427246	-0.390015	
-0.00457764	-0.389099	
-0.00396729	-0.391541	
-0.00366211	-0.393982	
-0.00335693	-0.393066	
-0.00366211	-0.389099	
-0.00396729	-0.389404	
-0.00518799	-0.390015	
-0.00457764	-0.389709	
-0.00366211	-0.389709	
-0.00457764	-0.389709	
-0.00488281	-0.394592	
-0.00396729	-0.394287	
-0.00396729	-0.394287	
-0.00366211	-0.390625	
-0.00396729	-0.389709	
-0.00335693	-0.384216	
-0.00396729	-0.384521	
-0.00305176	-0.388489	
-0.00366211	-0.389099	
-0.00335693	-0.389709	
-0.00366211	-0.39032	
-0.00396729	-0.389709	
-0.00396729	-0.389404	
-0.00488281	-0.389709	
-0.00396729	-0.389709	
-0.00427246	-0.390015	
-0.00427246	-0.388794	
-0.00305176	-0.389099	
-0.00396729	-0.389404	
-0.00427246	-0.389709	
-0.00396729	-0.388794	
-0.00396729	-0.389404	
-0.00305176	-0.388794	
-0.00366211	-0.389099	
-0.00335693	-0.389404	
-0.00335693	-0.389099	
-0.00335693	-0.389404	
-0.00335693	-0.384216	
-0.00335693	-0.383606	
-0.00396729	-0.384827	
-0.00396729	-0.385132	
-0.00366211	-0.384827	
-0.00335693	-0.383911	
-0.00335693	-0.384521	
-0.00427246	-0.384521	
-0.00457764	-0.384827	
-0.00457764	-0.389404	
-0.00366211	-0.389099	
-0.00305176	-0.389404	
-0.00366211	-0.393066	
-0.00366211	-0.393982	
-0.00366211	-0.394287	
-0.00457764	-0.393372	
-0.00366211	-0.390015	
-0.00366211	-0.389099	
-0.00335693	-0.389099	
-0.00427246	-0.389099	
-0.00335693	-0.389709	
-0.00457764	-0.389099	
-0.00457764	-0.390015	
-0.00396729	-0.390015	
-0.00457764	-0.39032	
-0.00396729	-0.389709	
-0.00427246	-0.389709	
-0.00366211	-0.386047	
-0.00457764	-0.385437	
-0.00335693	-0.384521	
-0.00274658	-0.383911	
-0.00366211	-0.386658	
-0.00396729	-0.388489	
-0.00366211	-0.389099	
-0.00335693	-0.389099	
-0.00427246	-0.390015	
-0.00335693	-0.388794	
-0.00335693	-0.388489	
-0.00366211	-0.389709	
-0.00396729	-0.389709	
-0.00366211	-0.389404	
-0.00396729	-0.389709	
-0.00396729	-0.389404	
-0.00427246	-0.389404	
-0.00396729	-0.389099	
-0.00427246	-0.390015	
-0.00427246	-0.385437	
-0.00427246	-0.384521	
-0.00396729	-0.387573	
-0.00427246	-0.389709	
-0.00427246	-0.389709	
-0.00305176	-0.388794	
-0.00305176	-0.389099	
-0.00335693	-0.388489	
-0.00335693	-0.389099	
-0.00396729	-0.389099	
-0.00335693	-0.389099	
-0.00396729	-0.389404	
-0.00335693	-0.390015	
-0.00366211	-0.39032	
-0.00427246	-0.393982	
-0.00396729	-0.393677	
-0.00366211	-0.393372	
-0.00366211	-0.393677	
-0.00366211	-0.392761	
-0.00366211	-0.389404	
-0.00396729	-0.39032	
-0.00396729	-0.389404	
-0.00366211	-0.393372	
-0.00396729	-0.393677	
-0.00457764	-0.393982	
-0.00427246	-0.394287	
-0.00335693	-0.393066	
-0.00366211	-0.393677	
-0.00274658	-0.393677	
-0.00457764	-0.393372	
-0.00396729	-0.393982	
-0.00305176	-0.394287	
-0.00366211	-0.393982	
-0.00366211	-0.393982	
-0.00366211	-0.390015	
-0.00396729	-0.389709	
-0.00335693	-0.389404	
-0.00335693	-0.389404	
-0.00366211	-0.384827	
-0.00366211	-0.384521	
-0.00366211	-0.384827	
-0.00396729	-0.385437	
-0.00427246	-0.384216	
-0.00396729	-0.389099	
-0.00457764	-0.389404	
-0.00366211	-0.390015	
-0.00457764	-0.393372	
-0.00335693	-0.393677	
-0.00335693	-0.393982	
-0.00366211	-0.393372	
-0.00488281	-0.393677	
-0.00366211	-0.389709	
-0.00366211	-0.389099	
-0.00366211	-0.389709	
-0.00335693	-0.389099	
-0.00427246	-0.389099	
-0.00366211	-0.389404	
-0.00366211	-0.389709	
-0.00396729	-0.393372	
-0.00457764	-0.393677	
-0.00366211	-0.393066	
-0.00335693	-0.393982	
-0.00457764	-0.39032	
-0.00457764	-0.389709	
-0.00396729	-0.389404	
-0.00427246	-0.389709	
-0.00335693	-0.39032	
-0.00335693	-0.393677	
-0.00427246	-0.394592	
-0.00457764	-0.394592	
-0.00335693	-0.393372	
-0.00396729	-0.393982	
-0.00396729	-0.394287	
-0.00396729	-0.391846	
-0.00335693	-0.388794	
-0.00366211	-0.385132	
-0.00335693	-0.384521	
-0.00457764	-0.385132	
-0.00305176	-0.385132	
-0.00335693	-0.383911	
-0.00305176	-0.384521	
-0.00335693	-0.384827	
-0.00366211	-0.389099	
-0.00335693	-0.389099	
-0.00366211	-0.389099	
-0.00366211	-0.389709	
-0.00427246	-0.388794	
-0.00366211	-0.389709	
-0.00366211	-0.389709	
-0.00396729	-0.389099	
-0.00274658	-0.393066	
-0.00244141	-0.393677	
-0.00305176	-0.396118	
-0.00305176	-0.393066	
-0.00396729	-0.393372	
-0.00396729	-0.393066	
-0.00274658	-0.392761	
-0.00427246	-0.391541	
-0.00335693	-0.389099	
-0.00305176	-0.388794	
-0.00366211	-0.388794	
-0.00366211	-0.389099	
-0.00457764	-0.394287	
-0.00427246	-0.393372	
-0.00335693	-0.393066	
-0.00366211	-0.393372	
-0.00366211	-0.393372	
-0.00366211	-0.390015	
-0.00335693	-0.389709	
-0.00396729	-0.389404	
-0.00366211	-0.389709	
-0.00335693	-0.389709	
-0.00396729	-0.389709	
-0.00457764	-0.389709	
-0.00335693	-0.389709	
-0.00366211	-0.389099	
-0.00366211	-0.389709	
-0.00305176	-0.389099	
-0.00366211	-0.390015	
-0.00335693	-0.39032	
-0.00366211	-0.393372	
-0.00396729	-0.393372	
-0.00396729	-0.389099	
-0.00335693	-0.389099	
-0.00274658	-0.388489	
-0.00396729	-0.389099	
-0.00335693	-0.388794	
-0.00396729	-0.388794	
-0.00366211	-0.392761	
-0.00366211	-0.393372	
-0.00335693	-0.392761	
-0.00396729	-0.393066	
-0.00305176	-0.393066	
-0.00396729	-0.392761	
-0.00335693	-0.393677	
-0.00274658	-0.391235	
-0.00335693	-0.389099	
-0.00427246	-0.389404	
-0.00457764	-0.390015	
-0.00366211	-0.389404	
-0.00396729	-0.389404	
-0.00396729	-0.389404	
-0.00396729	-0.389099	
-0.00396729	-0.393372	
-0.00305176	-0.393372	
-0.00335693	-0.393372	
-0.00366211	-0.393372	
-0.00305176	-0.389099	
-0.00335693	-0.389099	
-0.00457764	-0.389099	
-0.00305176	-0.389099	
-0.00305176	-0.389404	
-0.00396729	-0.389404	
-0.00366211	-0.389099	
-0.00457764	-0.389709	
-0.00396729	-0.389709	
-0.00366211	-0.389099	
-0.00305176	-0.390015	
-0.00396729	-0.389709	
-0.00457764	-0.390015	
-0.00366211	-0.388794	
-0.00305176	-0.389099	
-0.00366211	-0.389099	
-0.00427246	-0.389709	
-0.00396729	-0.392151	
-0.00427246	-0.394287	
-0.00427246	-0.393677	
-0.00457764	-0.393982	
-0.00396729	-0.394592	
-0.00457764	-0.39032	
-0.00366211	-0.389709	
-0.00396729	-0.384827	
-0.00396729	-0.384827	
-0.00366211	-0.385437	
-0.00366211	-0.389404	
-0.00335693	-0.389404	
-0.00427246	-0.390015	
-0.00305176	-0.389099	
-0.00396729	-0.388489	
-0.00335693	-0.388794	
-0.00488281	-0.388794	
-0.00335693	-0.388794	
-0.00305176	-0.388489	
-0.00335693	-0.389404	
-0.00427246	-0.389709	
-0.00366211	-0.389404	
-0.00396729	-0.389709	
-0.00427246	-0.389709	
-0.00366211	-0.389099	
-0.00396729	-0.389709	
-0.00396729	-0.385742	
-0.00396729	-0.384521	
-0.00457764	-0.384521	
-0.00427246	-0.389709	
-0.00366211	-0.389709	
-0.00366211	-0.390015	
-0.00488281	-0.390015	
-0.00427246	-0.390015	
-0.00335693	-0.390015	
-0.00427246	-0.389709	
-0.00427246	-0.393677	
-0.00366211	-0.393677	
-0.00396729	-0.393372	
-0.00305176	-0.393372	
-0.00274658	-0.393066	
-0.00366211	-0.393372	
-0.00305176	-0.393066	
-0.00366211	-0.389404	
-0.00366211	-0.389099	
-0.00396729	-0.389404	
-0.00335693	-0.388794	
-0.00366211	-0.389404	
-0.00366211	-0.388184	
-0.00305176	-0.388794	
-0.00396729	-0.389099	
-0.00427246	-0.389404	
-0.00366211	-0.385132	
-0.00396729	-0.384827	
-0.00366211	-0.384827	
-0.00366211	-0.385437	
-0.00335693	-0.390015	
-0.00335693	-0.384827	
-0.00366211	-0.389099	
-0.00396729	-0.384216	
-0.00366211	-0.389404	
-0.00335693	-0.389709	
-0.00366211	-0.394592	
-0.00396729	-0.389404	
-0.00457764	-0.39032	
-0.00366211	-0.391846	
-0.00396729	-0.389404	
-0.00396729	-0.389709	
-0.00457764	-0.390015	
-0.00366211	-0.393677	
-0.00396729	-0.393982	
-0.00366211	-0.393372	
-0.00335693	-0.393372	
-0.00457764	-0.394287	
-0.00335693	-0.393372	
-0.00335693	-0.393982	
-0.00396729	-0.393677	
-0.00335693	-0.393677	
-0.00396729	-0.393982	
-0.00457764	-0.393372	
-0.00396729	-0.389404	
-0.00335693	-0.389404	
-0.00396729	-0.389709	
-0.00396729	-0.389099	
-0.00396729	-0.39032	
-0.00396729	-0.389709	
-0.00427246	-0.385742	
-0.00366211	-0.384521	
-0.00335693	-0.383911	
-0.00366211	-0.383911	
-0.00366211	-0.383911	
-0.00396729	-0.384216	
-0.00335693	-0.384521	
-0.00366211	-0.389099	
-0.00335693	-0.389404	
-0.00396729	-0.389709	
-0.00335693	-0.393372	
-0.00366211	-0.390015	
-0.00396729	-0.389709	
-0.00335693	-0.389404	
-0.00427246	-0.388794	
-0.00366211	-0.389099	
-0.00396729	-0.389404	
-0.00335693	-0.392456	
-0.00335693	-0.393372	
-0.00396729	-0.394287	
-0.00305176	-0.393677	
-0.00335693	-0.393982	
-0.00366211	-0.393372	
-0.00457764	-0.394592	
-0.00396729	-0.394897	
-0.00427246	-0.394592	
-0.00396729	-0.393982	
-0.00396729	-0.393677	
-0.00457764	-0.393982	
-0.00457764	-0.395203	
-0.00427246	-0.390625	
-0.00396729	-0.390015	
-0.00366211	-0.389099	
-0.00457764	-0.389099	
-0.00488281	-0.390015	
-0.00396729	-0.385437	
-0.00366211	-0.384827	
-0.00366211	-0.389709	
-0.00396729	-0.389404	
-0.00396729	-0.389099	
-0.00396729	-0.389404	
-0.00366211	-0.389404	
-0.00488281	-0.39032	
-0.00396729	-0.39032	
-0.00427246	-0.392761	
-0.00396729	-0.393982	
-0.00335693	-0.393372	
-0.00396729	-0.393677	
-0.00427246	-0.393677	
-0.00335693	-0.390625	
-0.00396729	-0.390015	
-0.00335693	-0.389404	
-0.00396729	-0.389404	
-0.00427246	-0.388794	
-0.00396729	-0.390015	
-0.00396729	-0.389404	
-0.00396729	-0.388794	
-0.00366211	-0.389099	
-0.00457764	-0.390015	
-0.00488281	-0.390015	
-0.00457764	-0.389404	
-0.00396729	-0.393372	
-0.00427246	-0.393677	
-0.00366211	-0.39032	
-0.00457764	-0.388794	
-0.00366211	-0.389404	
-0.00488281	-0.390015	
-0.00457764	-0.390015	
-0.00427246	-0.39032	
-0.00549316	-0.389709	
-0.00427246	-0.390015	
-0.00457764	-0.388794	
-0.00335693	-0.389709	
-0.00335693	-0.389099	
-0.00366211	-0.389099	
-0.00488281	-0.395203	
-0.00427246	-0.394897	
-0.00396729	-0.39032	
-0.00457764	-0.389099	
-0.00427246	-0.390015	
-0.00335693	-0.389404	
-0.00335693	-0.389099	
-0.00427246	-0.389404	
-0.00396729	-0.389099	
-0.00396729	-0.389099	
-0.00396729	-0.39032	
-0.00396729	-0.389099	
-0.00366211	-0.390015	
-0.00457764	-0.389099	
-0.00396729	-0.389709	
-0.00366211	-0.389709	
-0.00396729	-0.389404	
-0.00335693	-0.389404	
-0.00427246	-0.389099	
-0.00396729	-0.389099	
-0.00366211	-0.388794	
-0.00335693	-0.393372	
-0.00457764	-0.389404	
-0.00366211	-0.388794	
-0.00396729	-0.390015	
-0.00396729	-0.389099	
-0.00396729	-0.385437	
-0.00366211	-0.385132	
-0.00427246	-0.384827	
-0.00396729	-0.384521	
-0.00427246	-0.389404	
-0.00457764	-0.389709	
-0.00396729	-0.390015	
-0.00457764	-0.389709	
-0.00427246	-0.39032	
-0.00457764	-0.390625	
-0.00396729	-0.385742	
-0.00427246	-0.389709	
-0.00427246	-0.39032	
-0.00366211	-0.392151	
-0.00396729	-0.394592	
-0.00427246	-0.394592	
-0.00396729	-0.393982	
-0.00366211	-0.389709	
-0.00457764	-0.389404	
-0.00335693	-0.389099	
-0.00366211	-0.389709	
-0.00488281	-0.389709	
-0.00457764	-0.389709	
-0.00488281	-0.39032	
-0.00457764	-0.389099	
-0.00427246	-0.389404	
-0.00427246	-0.389709	
-0.00335693	-0.389099	
-0.00457764	-0.390015	
-0.00335693	-0.389404	
