0.000610352	8.81531	
0.0012207	8.81744	
-0.00183105	8.81622	
-0.00244141	8.81775	
0.00335693	8.81775	
0.000915527	8.81744	
0.00213623	8.81744	
-0.00366211	8.81653	
-0.000915527	8.81805	
0.00152588	8.81714	
-0.000610352	8.81714	
0	8.81744	
0.00274658	8.81714	
-0.00335693	8.81683	
0.000305176	8.81744	
0.00274658	8.81744	
0.000610352	8.81714	
-0.000610352	8.81744	
0.00152588	8.81744	
0.0012207	8.81775	
-0.00335693	8.81683	
0.00152588	8.81714	
0	8.81775	
0.00152588	8.81714	
0.000610352	8.81683	
-0.000610352	8.81805	
0.00152588	8.81775	
-0.00152588	8.81714	
0.000305176	8.81775	
-0.00366211	8.81714	
0	8.81744	
-0.00366211	8.81714	
0.00396729	8.81744	
-0.00335693	8.81744	
0	8.81775	
-0.000610352	8.81775	
-0.00305176	8.81683	
-0.00152588	8.81775	
-0.00152588	8.81775	
0.00427246	8.81714	
-0.000610352	8.81714	
-0.0012207	8.81744	
0	8.81714	
0.000915527	8.81714	
-0.000305176	8.81683	
-0.0012207	8.81775	
0.000915527	8.81714	
-0.000610352	8.81622	
-0.000305176	8.81775	
0.00152588	8.81775	
0.0012207	8.81805	
-0.00244141	8.81744	
0.00244141	8.81714	
-0.000915527	8.81653	
0.00152588	8.81714	
0.00457764	8.81775	
-0.00213623	8.81714	
0.000915527	8.81744	
-0.00274658	8.81744	
-0.00396729	8.81714	
-0.000305176	8.81836	
-0.000610352	8.81744	
0.00427246	8.81775	
-0.00244141	8.81775	
-0.000610352	8.81714	
0.00457764	8.81744	
0.00152588	8.81927	
-0.0012207	8.81989	
0.0012207	8.81714	
-0.00274658	8.81775	
0.000610352	8.81714	
0.000915527	8.81683	
-0.00335693	8.81775	
-0.000610352	8.81744	
-0.00244141	8.81714	
0.00396729	8.81714	
0	8.81714	
-0.00335693	8.81653	
0.00274658	8.81714	
-0.00152588	8.81714	
-0.00152588	8.81744	
0.00396729	8.81714	
-0.00244141	8.81714	
0.000610352	8.81775	
-0.00335693	8.81775	
0.00244141	8.81683	
-0.00213623	8.81714	
-0.0012207	8.81744	
0.00579834	8.81714	
-0.00152588	8.81775	
0.00183105	8.81714	
0.00335693	8.81775	
0.000305176	8.81775	
0.00152588	8.81866	
0.00244141	8.81958	
0.0012207	8.81897	
-0.00152588	8.81897	
0	8.81927	
0.00183105	8.81927	
-0.000915527	8.81866	
0.00183105	8.81927	
-0.00305176	8.81927	
0.000305176	8.81897	
-0.000305176	8.81714	
0.000610352	8.81653	
-0.000915527	8.81683	
0.00213623	8.81897	
-0.0012207	8.81744	
-0.000305176	8.81714	
-0.00183105	8.81775	
-0.00152588	8.81744	
0.00457764	8.81775	
-0.0012207	8.81744	
0.00183105	8.81744	
0.000305176	8.81714	
0	8.81683	
0.0012207	8.81775	
-0.00274658	8.81744	
0.00366211	8.81805	
-0.00305176	8.81744	
0.00183105	8.81775	
-0.00274658	8.81714	
0.00488281	8.81744	
-0.000305176	8.81805	
0.00183105	8.81653	
0.00244141	8.81897	
0.00152588	8.81775	
-0.000610352	8.81714	
0	8.81744	
0.00183105	8.81744	
-0.00183105	8.81866	
-0.000305176	8.81927	
0.000305176	8.81775	
-0.000915527	8.81714	
-0.000305176	8.81805	
-0.000610352	8.81683	
0.0012207	8.81744	
0.00244141	8.81744	
-0.00366211	8.81683	
-0.000610352	8.81714	
-0.00305176	8.81683	
0.00396729	8.81683	
-0.000610352	8.81683	
0.00213623	8.81744	
-0.00335693	8.81744	
0.00579834	8.81714	
-0.00152588	8.81714	
0.00152588	8.81744	
0.000305176	8.81744	
0.000305176	8.81714	
0.00213623	8.81683	
-0.00213623	8.81744	
0.00183105	8.81714	
0	8.81744	
0.00244141	8.81775	
-0.00335693	8.81744	
0.00366211	8.81775	
0.000915527	8.81683	
0.0012207	8.81683	
0.000915527	8.81744	
-0.00244141	8.81714	
0.000305176	8.81714	
-0.00183105	8.81683	
0.00305176	8.81714	
-0.00457764	8.81714	
0.0012207	8.81683	
-0.00244141	8.81744	
0.000305176	8.81683	
-0.000610352	8.81683	
-0.000305176	8.81714	
0.00305176	8.81744	
0.0012207	8.81714	
0.000305176	8.81714	
0.00183105	8.81775	
0	8.81744	
0.00152588	8.81683	
-0.00152588	8.81775	
-0.00183105	8.81714	
0.000915527	8.81714	
0.00335693	8.81683	
-0.00335693	8.81714	
0.00244141	8.81744	
-0.000610352	8.81714	
0.000305176	8.81775	
0.00579834	8.81683	
-0.0012207	8.81744	
0	8.81683	
0	8.81897	
0.00213623	8.81866	
-0.000915527	8.81897	
0.00152588	8.81744	
0.000915527	8.81927	
0.00152588	8.81805	
-0.00305176	8.81958	
0.00335693	8.81775	
0	8.81744	
0.00213623	8.81744	
0.00457764	8.81775	
-0.000610352	8.81653	
-0.000915527	8.81653	
0.00366211	8.81744	
-0.00274658	8.81683	
0.00213623	8.81714	
0.00396729	8.81714	
-0.00244141	8.81714	
0.000305176	8.81897	
-0.000610352	8.81744	
-0.00335693	8.81714	
-0.00183105	8.81622	
0.00213623	8.81714	
0.000915527	8.81744	
0.0012207	8.81714	
-0.0012207	8.81744	
0.0012207	8.81836	
0.000305176	8.81744	
0.00152588	8.81744	
0.00213623	8.81775	
0.000305176	8.81714	
0.000305176	8.81714	
0.000915527	8.81744	
0.0012207	8.81714	
0.000915527	8.81714	
0.000305176	8.81805	
-0.00335693	8.81653	
-0.000305176	8.81775	
-0.0012207	8.81622	
0.00335693	8.81714	
-0.000610352	8.81744	
0.00152588	8.81744	
-0.00152588	8.81683	
-0.00366211	8.81775	
0.0012207	8.81744	
-0.000915527	8.81653	
0.00335693	8.81744	
-0.00152588	8.81744	
0.00244141	8.81744	
0.00549316	8.81775	
0.0012207	8.81714	
0.000305176	8.81683	
-0.000305176	8.81775	
0.000610352	8.81805	
-0.0012207	8.81775	
0	8.81805	
0.00183105	8.81683	
-0.000305176	8.81775	
0	8.81714	
0.000610352	8.81775	
0.00213623	8.81714	
0.00183105	8.81744	
0.000305176	8.81775	
0.00152588	8.81683	
0.00305176	8.81714	
-0.000915527	8.81775	
0.000915527	8.81653	
0.00152588	8.81775	
-0.00183105	8.81714	
-0.000610352	8.81744	
-0.00366211	8.81714	
-0.000305176	8.81714	
0.000305176	8.81775	
0.000915527	8.81683	
-0.00244141	8.81714	
0	8.81714	
0.00213623	8.81744	
-0.00335693	8.81744	
0.00427246	8.81714	
-0.000305176	8.81775	
0.000610352	8.81714	
0.000305176	8.81775	
-0.000915527	8.81714	
-0.000915527	8.81775	
0.000305176	8.81683	
0	8.81714	
-0.000915527	8.81744	
-0.000610352	8.81775	
0.000915527	8.81714	
0.000305176	8.81775	
0.00396729	8.81744	
0.00152588	8.81714	
0.000305176	8.81714	
0.00213623	8.81714	
0.000610352	8.81714	
-0.000305176	8.81714	
-0.000915527	8.81775	
0.0012207	8.81714	
-0.00152588	8.81775	
0.00213623	8.81775	
-0.00244141	8.81714	
0.0012207	8.81683	
0.00152588	8.81744	
0.000610352	8.81744	
-0.000610352	8.81714	
-0.000610352	8.81836	
0.0012207	8.81775	
0.000305176	8.81683	
-0.000305176	8.81836	
0.0012207	8.81775	
-0.00183105	8.81927	
-0.000305176	8.81775	
0.0012207	8.81744	
0	8.81897	
0.00366211	8.81897	
0.000915527	8.81958	
0.000915527	8.81927	
0.00183105	8.81744	
0	8.81744	
-0.000610352	8.81775	
0	8.81775	
0.000305176	8.81775	
0.0012207	8.81714	
0.00427246	8.81744	
-0.00183105	8.81744	
-0.000915527	8.81683	
0.00183105	8.81805	
0.000305176	8.81744	
-0.00213623	8.81714	
-0.00427246	8.81805	
0.00274658	8.81744	
0.00427246	8.81653	
0.000610352	8.81683	
-0.000305176	8.81714	
0.00366211	8.81714	
0	8.81714	
-0.00183105	8.81714	
0.00427246	8.81683	
0	8.81714	
-0.00274658	8.81714	
0.00396729	8.81744	
-0.00244141	8.81683	
0.0012207	8.81714	
0.00396729	8.81775	
-0.00305176	8.81683	
0.000610352	8.81775	
-0.00335693	8.81744	
-0.00396729	8.81653	
0.00213623	8.81714	
0.00183105	8.81775	
0.000305176	8.81775	
0.000305176	8.81683	
0.00244141	8.81714	
-0.000610352	8.81683	
-0.00335693	8.81714	
-0.000915527	8.81683	
-0.000305176	8.81744	
-0.00335693	8.81805	
-0.00335693	8.81683	
0.000915527	8.81805	
0.00274658	8.81805	
0.000610352	8.81714	
0.0012207	8.81805	
0.0012207	8.81805	
0.000610352	8.81683	
0	8.81775	
0.00152588	8.81775	
0.000305176	8.81775	
0.00183105	8.81744	
0.00213623	8.81744	
0	8.81683	
-0.0012207	8.81744	
-0.000610352	8.81744	
0.000915527	8.81653	
0.000610352	8.81805	
0.00213623	8.81805	
-0.000915527	8.81714	
0.00183105	8.81927	
0.000915527	8.81927	
-0.00274658	8.81927	
0.00152588	8.81897	
0.0012207	8.81836	
-0.000915527	8.81683	
-0.000610352	8.81744	
0.00244141	8.81744	
0.00152588	8.81775	
-0.00152588	8.81714	
0.00457764	8.81775	
0.000305176	8.81653	
0.00152588	8.81744	
0.00488281	8.81683	
-0.00152588	8.81714	
0.00152588	8.81683	
0.00549316	8.81714	
-0.00183105	8.81775	
0.000915527	8.81714	
0.00518799	8.81744	
-0.000305176	8.81744	
0.00213623	8.81714	
0.00274658	8.81683	
-0.00152588	8.81744	
-0.00244141	8.81775	
-0.00274658	8.81622	
0.00152588	8.81927	
0.00488281	8.81836	
0	8.81775	
-0.00335693	8.81714	
-0.000610352	8.81775	
0.00152588	8.81775	
0.00183105	8.81927	
-0.000305176	8.81927	
0	8.81805	
0.000915527	8.81836	
-0.0012207	8.81866	
0.0012207	8.81775	
0.00274658	8.81714	
0.00335693	8.81683	
0.00823975	8.81561	
0.017395	8.81378	
0.03479	8.80707	
0.0982666	8.79059	
0.214539	8.76465	
0.361938	8.74176	
0.509338	8.72406	
0.628357	8.71277	
0.718384	8.70575	
0.787659	8.70117	
0.834045	8.69904	
0.870667	8.69568	
0.895386	8.69507	
0.915222	8.69324	
0.917664	8.69263	
0.924988	8.69293	
0.929565	8.69141	
0.937195	8.69171	
0.937195	8.69141	
0.939026	8.69171	
0.937195	8.6911	
0.937195	8.69049	
0.942383	8.69141	
0.942383	8.6911	
0.942078	8.69141	
0.942078	8.6908	
0.943909	8.69141	
0.942993	8.69171	
0.941467	8.69049	
0.941467	8.69202	
0.942993	8.6908	
0.943298	8.6908	
0.941467	8.69049	
0.943604	8.69019	
0.940552	8.69049	
0.942078	8.69141	
0.942993	8.69171	
0.940247	8.69019	
0.941772	8.69049	
0.941162	8.69049	
0.942993	8.69049	
0.942993	8.69049	
0.941162	8.69019	
0.942688	8.6908	
0.943298	8.69019	
0.940247	8.68988	
0.944214	8.68988	
0.942078	8.69019	
0.93811	8.69049	
0.942383	8.68988	
0.93811	8.69049	
0.943909	8.68958	
0.941467	8.69049	
0.93811	8.68958	
0.938416	8.68958	
0.941467	8.69049	
0.939941	8.69019	
0.939636	8.68988	
0.944214	8.69019	
0.943604	8.69019	
0.938416	8.68958	
0.943909	8.68988	
0.941772	8.69049	
0.942688	8.68988	
0.944519	8.69049	
0.945129	8.68927	
0.940552	8.68958	
0.942688	8.68896	
0.947876	8.68958	
0.940857	8.68927	
0.939941	8.68958	
0.939331	8.68958	
0.942993	8.69019	
0.939026	8.68988	
0.942078	8.68927	
0.943909	8.68866	
0.942688	8.68927	
0.938416	8.68866	
0.943909	8.68927	
0.944824	8.68927	
0.939941	8.68866	
0.943604	8.68866	
0.942078	8.68927	
0.937805	8.68927	
0.944519	8.68927	
0.94635	8.68866	
0.941467	8.68835	
0.940552	8.68896	
0.940552	8.68866	
0.942688	8.68774	
0.944824	8.68866	
0.941467	8.68896	
0.941772	8.68774	
0.942383	8.68835	
0.941772	8.68774	
0.945129	8.68805	
0.944519	8.68774	
0.943298	8.68835	
0.944519	8.68805	
0.939636	8.68774	
0.942078	8.68835	
0.940247	8.68835	
0.94696	8.68835	
0.941162	8.68774	
0.941772	8.68774	
0.941162	8.68866	
0.942383	8.68835	
0.940247	8.68744	
0.942688	8.68774	
0.944519	8.68805	
0.939636	8.68774	
0.939026	8.68835	
0.94574	8.68805	
0.943604	8.68805	
0.939026	8.68744	
0.944214	8.68835	
0.943909	8.68805	
0.941772	8.68805	
0.939941	8.68835	
0.939331	8.68774	
0.944824	8.68774	
0.944824	8.68805	
0.942993	8.68774	
0.941772	8.68835	
0.94574	8.68835	
0.941772	8.68805	
0.944519	8.68805	
0.941772	8.68744	
0.942993	8.68744	
0.942688	8.68805	
0.940857	8.68713	
0.945435	8.68866	
0.947266	8.68866	
0.943604	8.68835	
0.939636	8.68774	
0.939636	8.68866	
0.944824	8.68805	
0.945129	8.68835	
0.944519	8.68805	
0.941772	8.68866	
0.942688	8.68896	
0.943909	8.68866	
0.944519	8.68805	
0.948792	8.68774	
0.942383	8.68774	
0.943909	8.68835	
0.945129	8.68835	
0.943909	8.68805	
0.945129	8.68774	
0.941772	8.68774	
0.942688	8.68713	
0.946655	8.68805	
0.943298	8.68774	
0.940247	8.68805	
0.943604	8.68835	
0.942993	8.68866	
0.940552	8.68835	
0.940552	8.68774	
0.943909	8.68866	
0.944519	8.68805	
0.943909	8.68805	
0.942383	8.68774	
0.942993	8.68896	
0.944824	8.68866	
0.942993	8.68866	
0.946045	8.68866	
0.941467	8.68774	
0.943604	8.68958	
0.948181	8.68988	
0.942383	8.68927	
0.943909	8.68958	
0.943298	8.68835	
0.940857	8.68896	
0.945435	8.68866	
0.944519	8.68927	
0.944519	8.68866	
0.944519	8.68988	
0.943604	8.68835	
0.947571	8.68896	
0.941162	8.68835	
0.939331	8.68927	
0.938721	8.68805	
0.943604	8.68835	
0.946655	8.68896	
0.942688	8.68958	
0.941467	8.68958	
0.942993	8.68927	
0.941467	8.69019	
0.943298	8.68958	
0.942078	8.69049	
0.944519	8.68988	
0.941772	8.69019	
0.944824	8.68958	
0.947571	8.69019	
0.942383	8.69019	
0.939636	8.68896	
0.938416	8.68866	
0.944519	8.69019	
0.942383	8.68927	
0.941162	8.69141	
0.943298	8.68958	
0.939636	8.68958	
0.944519	8.68927	
0.945129	8.68927	
0.940552	8.68988	
0.944519	8.68958	
0.94574	8.68988	
0.943604	8.68988	
0.944519	8.68988	
0.943604	8.68958	
0.941772	8.68958	
0.947266	8.68958	
0.942993	8.68896	
0.944519	8.68927	
0.948181	8.68866	
0.942078	8.68866	
0.939941	8.68866	
0.941162	8.68958	
0.944519	8.68958	
0.944824	8.68927	
0.941772	8.68896	
0.941162	8.68866	
0.941162	8.68927	
0.944519	8.68896	
0.945129	8.68958	
0.944519	8.68958	
0.942383	8.68958	
0.947876	8.68896	
0.941467	8.68927	
0.941162	8.68927	
0.940552	8.68866	
0.946045	8.68805	
0.948486	8.68805	
0.943298	8.68774	
0.939331	8.68835	
0.939941	8.68835	
0.945129	8.68805	
0.945435	8.68805	
0.943909	8.68805	
0.943298	8.68835	
0.942688	8.68835	
0.944214	8.68866	
0.945435	8.68805	
0.948181	8.68835	
0.942688	8.68835	
0.939636	8.68835	
0.939331	8.68866	
0.945435	8.68805	
0.94574	8.68896	
0.943604	8.68866	
0.940247	8.68805	
0.942688	8.68835	
0.942383	8.68866	
0.942993	8.68805	
0.944214	8.68774	
0.944824	8.68866	
0.948486	8.68805	
0.945435	8.68896	
0.94696	8.68774	
0.943604	8.68774	
0.942078	8.68805	
0.940857	8.68896	
0.943909	8.68866	
0.942383	8.68866	
0.944519	8.68805	
0.945129	8.68896	
0.942383	8.68927	
0.94635	8.68866	
0.94635	8.68896	
0.942688	8.68866	
0.943298	8.68866	
0.943909	8.68835	
0.941467	8.68866	
0.942383	8.68896	
0.943909	8.68927	
0.944519	8.68866	
0.940247	8.68805	
0.942993	8.68958	
0.944214	8.68835	
0.943604	8.68866	
0.943298	8.68927	
0.943298	8.68927	
0.944214	8.68866	
0.948181	8.68805	
0.942993	8.68927	
0.94635	8.68896	
0.941162	8.68958	
0.942993	8.68774	
0.942383	8.68896	
0.944519	8.68896	
0.945129	8.68896	
0.944824	8.68866	
0.94574	8.68866	
0.948486	8.68805	
0.941162	8.68774	
0.941467	8.68805	
0.942993	8.68835	
0.939331	8.68835	
0.942078	8.68835	
0.944824	8.68896	
0.941772	8.68835	
0.942078	8.68805	
0.944519	8.68927	
0.943298	8.68774	
0.939026	8.68774	
0.941162	8.68805	
0.943298	8.68866	
0.94574	8.68866	
0.941162	8.68866	
0.942688	8.68805	
0.942993	8.68835	
0.944519	8.68835	
0.941772	8.68805	
0.942078	8.68835	
0.948486	8.68835	
0.944519	8.68866	
0.947571	8.68835	
0.943298	8.68866	
0.943909	8.68927	
0.944214	8.68866	
0.94574	8.68835	
0.939941	8.68866	
0.943298	8.68866	
0.943909	8.68866	
0.943909	8.68835	
0.942078	8.68927	
0.939636	8.68866	
0.944824	8.68866	
0.944519	8.68866	
0.945129	8.68835	
0.942688	8.68835	
0.947266	8.68835	
0.942993	8.68866	
0.947876	8.68835	
0.942688	8.68988	
0.945129	8.68927	
0.944519	8.68958	
0.942078	8.68866	
0.945129	8.68835	
0.941772	8.68866	
0.940552	8.68866	
0.939941	8.68805	
0.940552	8.68896	
0.940857	8.68896	
0.944824	8.68835	
0.944824	8.68866	
0.944214	8.68896	
0.943298	8.68896	
0.947571	8.68835	
0.941772	8.68896	
0.943604	8.68896	
0.943298	8.68835	
0.940552	8.68866	
0.939636	8.68866	
0.943604	8.68896	
0.942993	8.68866	
0.942078	8.68927	
0.939941	8.68866	
0.941467	8.68896	
0.940552	8.68896	
0.941772	8.68896	
0.942688	8.68866	
0.944519	8.68958	
0.942688	8.68866	
0.94635	8.68774	
0.943604	8.68896	
0.943604	8.68835	
0.944214	8.68866	
0.945129	8.68835	
0.948486	8.68835	
0.942993	8.68835	
0.943909	8.68866	
0.943909	8.68805	
0.941467	8.68805	
0.940247	8.68866	
0.943604	8.68866	
0.942688	8.68835	
0.942078	8.68805	
0.940247	8.68835	
0.940552	8.68805	
0.942383	8.68866	
0.939636	8.68774	
0.945435	8.68835	
0.94574	8.68774	
0.942993	8.68958	
0.94574	8.68835	
0.944214	8.68805	
0.943909	8.68835	
0.939941	8.68744	
0.945435	8.68805	
0.944214	8.68805	
0.944214	8.68866	
0.943298	8.68866	
0.943604	8.68744	
0.943604	8.68805	
0.945129	8.68805	
0.945129	8.68866	
0.941772	8.68805	
0.943604	8.68866	
0.942383	8.68805	
0.944519	8.68835	
0.943298	8.68774	
0.945129	8.68835	
0.940552	8.68774	
0.939941	8.68866	
0.943298	8.68835	
0.939941	8.68835	
0.943604	8.68866	
0.943298	8.68896	
0.944214	8.68896	
0.940857	8.68866	
0.939026	8.68774	
0.940552	8.68866	
0.942383	8.68774	
0.943298	8.68805	
0.943909	8.68774	
0.941467	8.68744	
0.943909	8.68774	
0.942688	8.68805	
0.946045	8.68713	
0.944824	8.68713	
0.940552	8.68744	
0.942078	8.68774	
0.940247	8.68805	
0.941467	8.68774	
0.943604	8.68713	
0.949097	8.68744	
0.941162	8.68713	
0.941772	8.68713	
0.943909	8.68805	
0.942078	8.68744	
0.943909	8.68866	
0.943909	8.68774	
0.949402	8.68805	
0.944214	8.68805	
0.947876	8.68805	
0.943604	8.68835	
0.946045	8.68774	
0.944214	8.68774	
0.945435	8.68835	
0.949097	8.68744	
0.94696	8.68835	
0.941162	8.68744	
0.945129	8.68713	
0.944519	8.68713	
0.942078	8.68713	
0.941162	8.68713	
0.944214	8.68713	
0.942688	8.68744	
0.945435	8.68652	
0.941162	8.68713	
0.939636	8.68713	
0.940247	8.68683	
0.944824	8.68744	
0.94574	8.68713	
0.940247	8.68683	
0.941772	8.68683	
0.942993	8.68713	
0.944519	8.68683	
0.948792	8.68774	
0.944519	8.68744	
0.948792	8.68713	
0.943298	8.68744	
0.94696	8.68774	
0.945435	8.68683	
0.943298	8.68744	
0.940552	8.68683	
0.94574	8.68652	
0.941772	8.68683	
0.945129	8.68713	
0.944214	8.68713	
0.945129	8.68744	
0.948181	8.68774	
0.942993	8.68713	
0.945435	8.68744	
0.945435	8.68744	
0.94574	8.68805	
0.947266	8.68683	
0.94574	8.68713	
0.943604	8.68683	
0.94574	8.68713	
0.942993	8.68744	
0.942078	8.68713	
0.948486	8.68774	
0.944214	8.68713	
0.946655	8.68805	
0.945129	8.68744	
0.942688	8.68744	
0.942078	8.68683	
0.941772	8.68683	
0.945435	8.68683	
0.943298	8.68713	
0.943909	8.68713	
0.94635	8.68713	
0.941467	8.68713	
0.944824	8.68713	
0.94635	8.68744	
0.942688	8.68683	
0.945435	8.68683	
0.945435	8.68744	
0.943298	8.68805	
0.942993	8.68713	
0.941772	8.68683	
0.944519	8.68652	
0.942078	8.68713	
0.944214	8.68683	
0.943298	8.68774	
0.945129	8.68744	
0.945435	8.68713	
0.943909	8.68713	
0.943909	8.68744	
0.944214	8.68713	
0.943604	8.68713	
0.947571	8.68744	
0.943604	8.68744	
0.941162	8.68683	
0.941162	8.68744	
0.942688	8.68683	
0.950317	8.68683	
0.94574	8.68805	
0.94635	8.68713	
0.946045	8.68835	
0.945129	8.68683	
0.946045	8.68713	
0.945129	8.68652	
0.940247	8.68713	
0.940857	8.68744	
0.943604	8.68713	
0.943909	8.68744	
0.948792	8.68713	
0.94635	8.68683	
0.943604	8.68591	
0.945435	8.68652	
0.94635	8.68713	
0.944519	8.6853	
0.94574	8.68591	
0.939636	8.68561	
0.942383	8.68591	
0.940552	8.68561	
0.945435	8.68713	
0.944519	8.68652	
0.943604	8.68561	
0.944214	8.68683	
0.940857	8.68622	
0.942078	8.68591	
0.941772	8.68622	
0.943604	8.68622	
0.950012	8.68622	
0.94574	8.68591	
0.942078	8.6853	
0.942993	8.68591	
0.950317	8.68652	
0.946045	8.68622	
0.941162	8.68591	
0.94574	8.68622	
0.945129	8.68622	
0.943604	8.68591	
0.947266	8.68713	
0.943909	8.68591	
0.945435	8.68683	
0.945435	8.68652	
0.944214	8.68561	
0.948486	8.68622	
0.94574	8.68591	
0.94696	8.68652	
0.945435	8.68591	
0.941772	8.68622	
0.942078	8.68591	
0.943298	8.68652	
0.94635	8.68652	
0.943298	8.68591	
0.941467	8.68652	
0.944519	8.68591	
0.94574	8.68622	
0.945435	8.68652	
0.946655	8.68713	
0.941162	8.68652	
0.94574	8.68591	
0.943298	8.68622	
0.94696	8.68591	
0.944214	8.68591	
0.942993	8.68591	
0.946045	8.68591	
0.943909	8.6853	
0.94696	8.68561	
0.946655	8.68622	
0.94696	8.68561	
0.948181	8.68561	
0.94696	8.68591	
0.944519	8.685	
0.94574	8.68561	
0.943909	8.68622	
0.943298	8.68561	
0.942993	8.685	
0.944519	8.68591	
0.94635	8.68561	
0.945435	8.685	
0.947876	8.68561	
0.944824	8.68591	
0.945129	8.68591	
0.942383	8.68591	
0.943604	8.68652	
0.948792	8.68591	
0.943604	8.68591	
0.944824	8.68591	
0.944519	8.68622	
0.942078	8.68561	
0.942688	8.68622	
0.943604	8.68591	
0.949402	8.68561	
0.94635	8.68622	
0.945435	8.68591	
0.946655	8.68622	
0.945435	8.68591	
0.943909	8.6853	
0.943909	8.68591	
0.945435	8.68591	
0.946045	8.68561	
0.94635	8.68591	
0.944824	8.68652	
0.950928	8.68561	
0.947876	8.68591	
0.949097	8.68652	
0.94696	8.68561	
0.944519	8.68652	
0.944214	8.68652	
0.942993	8.68591	
0.94574	8.68591	
0.945129	8.6853	
0.944824	8.68591	
0.947266	8.68591	
0.942078	8.68591	
0.945129	8.68591	
0.942383	8.68469	
0.944824	8.685	
0.949707	8.685	
0.946045	8.68591	
0.947266	8.6853	
0.944824	8.685	
0.947876	8.68591	
0.94635	8.685	
0.943604	8.68469	
0.941162	8.6853	
0.942993	8.685	
0.942078	8.68561	
0.943909	8.68561	
0.950928	8.6853	
0.946045	8.68561	
0.947266	8.68591	
0.944214	8.68591	
0.947571	8.68652	
0.943909	8.68561	
0.949707	8.68591	
0.947266	8.6853	
0.950012	8.68561	
0.947876	8.68561	
0.946655	8.6853	
0.947266	8.68591	
0.94696	8.685	
0.94574	8.68561	
0.944214	8.68622	
0.94574	8.68561	
0.946045	8.68561	
0.945129	8.68591	
0.948181	8.68561	
0.941467	8.68561	
0.941772	8.68561	
0.944824	8.68591	
0.946045	8.685	
0.951233	8.68561	
0.946655	8.68622	
0.94574	8.68561	
0.94696	8.68622	
0.94574	8.68561	
0.945435	8.68591	
0.944519	8.68591	
0.944519	8.68591	
0.942688	8.68622	
0.94574	8.68591	
0.947571	8.68652	
0.944519	8.68561	
0.946045	8.685	
0.942078	8.68622	
0.944519	8.68622	
0.949402	8.68561	
0.948486	8.6853	
0.943298	8.68561	
0.94635	8.6853	
0.949707	8.68652	
0.947266	8.68591	
0.949707	8.68591	
0.94696	8.68561	
0.948181	8.68561	
0.94635	8.68622	
0.945129	8.68622	
0.943909	8.68591	
0.948792	8.68622	
0.943604	8.68561	
0.944519	8.68591	
0.94635	8.6853	
0.948486	8.68561	
0.946045	8.68591	
0.94635	8.68652	
0.949707	8.685	
0.94635	8.685	
0.942688	8.6853	
0.946045	8.68469	
0.944824	8.68439	
0.945435	8.6853	
0.942383	8.685	
0.944214	8.685	
0.950928	8.685	
0.947266	8.68561	
0.942688	8.685	
0.945129	8.68439	
0.949707	8.68439	
0.943298	8.68408	
0.94574	8.6853	
0.94574	8.6853	
0.942688	8.6853	
0.942993	8.68561	
0.94696	8.68469	
0.943604	8.6853	
0.946655	8.68439	
0.947571	8.68561	
0.946045	8.685	
0.945435	8.68439	
0.945435	8.685	
0.947571	8.68561	
0.947571	8.6853	
0.943298	8.68439	
0.946045	8.68439	
0.947876	8.685	
0.94635	8.68469	
0.947876	8.68439	
0.942993	8.685	
0.942688	8.68561	
0.947571	8.6853	
0.947571	8.68469	
0.941772	8.68408	
0.941772	8.6853	
0.944824	8.68469	
0.944824	8.685	
0.942993	8.685	
0.944824	8.6853	
0.945129	8.6853	
0.94635	8.68469	
0.945435	8.6853	
0.947571	8.685	
0.944214	8.68469	
0.94574	8.68561	
0.945435	8.68439	
0.947571	8.6853	
0.944519	8.68561	
0.943909	8.68469	
0.945435	8.68561	
0.948181	8.685	
0.947266	8.685	
0.94635	8.6853	
0.945129	8.68561	
0.945435	8.68469	
0.947571	8.685	
0.946045	8.68469	
0.942383	8.68439	
0.942383	8.68439	
0.947876	8.68561	
0.943604	8.68469	
0.94635	8.6853	
0.947571	8.6853	
0.944824	8.6853	
0.947571	8.6853	
0.947266	8.68439	
0.947266	8.68378	
0.947571	8.68439	
0.942383	8.68469	
0.946045	8.68378	
0.950928	8.68378	
0.948181	8.68408	
0.942688	8.68378	
0.945129	8.68439	
0.950012	8.68469	
0.94635	8.68469	
0.942688	8.68378	
0.94574	8.68408	
0.951233	8.68378	
0.948181	8.68378	
0.942993	8.68378	
0.944214	8.68439	
0.942383	8.68347	
0.942993	8.68378	
0.945129	8.68378	
0.947571	8.68378	
0.943604	8.68439	
0.944519	8.685	
0.947571	8.68408	
0.943909	8.68439	
0.94574	8.68439	
0.947876	8.68439	
0.945129	8.68469	
0.951233	8.68469	
0.947266	8.685	
0.948181	8.685	
0.948486	8.68408	
0.946045	8.68378	
0.948792	8.685	
0.950012	8.68378	
0.948181	8.685	
0.943604	8.68439	
0.947571	8.68408	
0.943604	8.68469	
0.946655	8.68439	
0.944214	8.6853	
0.94696	8.685	
0.943604	8.68439	
0.942993	8.685	
0.947266	8.685	
0.948486	8.68378	
0.942993	8.68408	
0.942993	8.685	
0.94574	8.68408	
0.947266	8.685	
0.950928	8.685	
0.944824	8.685	
0.944214	8.68469	
0.945129	8.685	
0.942688	8.68408	
0.949097	8.685	
0.944824	8.68469	
0.94696	8.68439	
0.952148	8.68439	
0.944824	8.68408	
0.944214	8.68439	
0.945435	8.68408	
0.949402	8.68439	
0.948486	8.685	
0.949097	8.68469	
0.947876	8.68408	
0.952148	8.68439	
0.945435	8.68469	
0.944519	8.68439	
0.948486	8.6853	
0.944824	8.685	
0.944519	8.6853	
0.948486	8.68561	
0.947876	8.685	
0.942688	8.68439	
0.944519	8.685	
0.94696	8.68469	
0.945435	8.68439	
0.945129	8.68439	
0.946655	8.68439	
0.94574	8.68469	
0.94574	8.685	
0.94635	8.68439	
0.949707	8.685	
0.945435	8.68439	
0.949707	8.68469	
0.947571	8.68408	
0.952759	8.68378	
0.949097	8.68408	
0.945129	8.68378	
0.946655	8.68378	
0.945129	8.68408	
0.943604	8.68408	
0.948181	8.68347	
0.944214	8.68439	
0.946045	8.68439	
0.949097	8.685	
0.948486	8.68469	
0.94696	8.68408	
0.943298	8.68439	
0.943604	8.68347	
0.945129	8.68439	
0.94696	8.68378	
0.944824	8.68439	
0.942993	8.68469	
0.944519	8.68439	
0.948181	8.68439	
0.943909	8.68347	
0.943604	8.68469	
0.947876	8.68347	
0.943604	8.6853	
0.94635	8.68378	
0.946655	8.685	
0.94696	8.68408	
0.951233	8.68439	
0.948181	8.68378	
0.949402	8.68469	
0.949402	8.68347	
0.943604	8.68378	
0.947571	8.68439	
0.944214	8.68408	
0.943604	8.68408	
0.948181	8.68439	
0.947571	8.68378	
0.946045	8.68439	
0.948181	8.68439	
0.947571	8.68469	
0.945435	8.68439	
0.94635	8.68378	
0.948486	8.68378	
0.949402	8.68439	
0.94635	8.68408	
0.94635	8.68378	
0.946045	8.68347	
0.943604	8.68347	
0.948486	8.68469	
0.945129	8.68408	
0.94696	8.68469	
0.947876	8.68469	
0.945435	8.68408	
0.951538	8.68378	
0.946655	8.68439	
0.94574	8.68378	
0.943909	8.68408	
0.949097	8.68378	
0.946655	8.68378	
0.946655	8.68439	
0.946045	8.68439	
0.947876	8.685	
0.94696	8.68408	
0.946655	8.68439	
0.942688	8.68378	
0.94574	8.68439	
0.948486	8.68439	
0.944214	8.68408	
0.94635	8.68469	
0.948486	8.68469	
0.945435	8.68408	
0.951233	8.68378	
0.948181	8.68408	
0.946655	8.68439	
0.949097	8.68439	
0.944214	8.68439	
0.948792	8.68408	
0.943604	8.68347	
0.947571	8.68378	
0.94635	8.68378	
0.951233	8.68439	
0.94635	8.68347	
0.952148	8.68317	
0.946045	8.68317	
0.947571	8.68378	
0.943909	8.68347	
0.947266	8.68317	
0.948792	8.68378	
0.947266	8.68347	
0.944214	8.68378	
0.946045	8.68439	
0.94635	8.68378	
0.946655	8.68408	
0.948486	8.68347	
0.94696	8.68439	
0.948486	8.68347	
0.944519	8.68378	
0.947876	8.68317	
0.943298	8.68378	
0.947266	8.68378	
0.949097	8.68378	
0.945129	8.68378	
0.949402	8.68378	
0.947571	8.68378	
0.950623	8.68347	
0.947571	8.68378	
0.944214	8.68378	
0.947876	8.68286	
0.945435	8.68317	
0.943604	8.68317	
0.944519	8.68347	
0.948486	8.68378	
0.944519	8.68378	
0.947571	8.68378	
0.947571	8.68408	
0.948486	8.68439	
0.948792	8.68317	
0.952454	8.68408	
0.948792	8.68378	
0.94696	8.68286	
0.947876	8.68378	
0.94696	8.68378	
0.949402	8.68378	
0.94574	8.68408	
0.952148	8.68408	
0.948792	8.68317	
0.950928	8.68439	
0.947571	8.68378	
0.944519	8.68378	
0.94574	8.68347	
0.951233	8.68378	
0.948181	8.68408	
0.945435	8.68347	
0.949402	8.68347	
0.943298	8.68378	
0.946045	8.68347	
0.948181	8.68378	
0.944214	8.68378	
0.94635	8.68378	
0.948181	8.68469	
0.949707	8.68378	
0.949707	8.68439	
0.947266	8.68347	
0.950012	8.68286	
0.943604	8.68317	
0.949097	8.68378	
0.945129	8.68347	
0.947266	8.68347	
0.947266	8.68347	
0.94635	8.68378	
0.944214	8.68256	
0.94574	8.68378	
0.945129	8.68347	
0.946045	8.68408	
0.948792	8.68378	
0.945129	8.68347	
0.948486	8.68408	
0.952759	8.68347	
0.943604	8.68408	
0.948792	8.68439	
0.94574	8.68378	
0.947876	8.68347	
0.949707	8.68439	
0.945129	8.68317	
0.950317	8.68347	
0.949402	8.68378	
0.949707	8.68317	
0.949097	8.68286	
0.947266	8.68256	
0.948181	8.68286	
0.948486	8.68347	
0.947266	8.68256	
0.94574	8.68286	
0.952148	8.68317	
0.947571	8.68317	
0.950012	8.68256	
0.944519	8.68256	
0.948792	8.68378	
0.944824	8.68225	
0.947571	8.68286	
0.947266	8.68317	
0.949402	8.68286	
0.945129	8.68286	
0.94635	8.68317	
0.948486	8.68286	
0.945129	8.68286	
0.948792	8.68317	
0.951843	8.68286	
0.949402	8.68286	
0.953369	8.68286	
0.949097	8.68317	
0.947876	8.68378	
0.948792	8.68317	
0.94696	8.68286	
0.949707	8.68286	
0.947571	8.68225	
0.945129	8.68286	
0.949097	8.68317	
0.943604	8.68286	
0.948486	8.68317	
0.94696	8.68286	
0.947571	8.68317	
0.947571	8.68347	
0.947571	8.68317	
0.949097	8.68317	
0.94574	8.68317	
0.947571	8.68317	
0.944519	8.68317	
0.94696	8.68347	
0.949097	8.68286	
0.948181	8.68347	
0.947876	8.68378	
0.948792	8.68347	
0.946045	8.68317	
0.948792	8.68317	
0.944824	8.68286	
0.94696	8.68286	
0.950623	8.68347	
0.949402	8.68286	
0.944824	8.68347	
0.948792	8.68317	
0.946045	8.68347	
0.950928	8.68378	
0.948792	8.68347	
0.94635	8.68378	
0.950012	8.68347	
0.947876	8.68347	
0.949707	8.68347	
0.947571	8.68317	
0.945435	8.68347	
0.949707	8.68317	
0.94696	8.68286	
0.950317	8.68347	
0.947266	8.68408	
0.94574	8.68317	
0.948181	8.68317	
0.946045	8.68317	
0.948792	8.68378	
0.947266	8.68317	
0.951538	8.68256	
0.947571	8.68317	
0.945435	8.68347	
0.947571	8.68378	
0.951233	8.68347	
0.947571	8.68378	
0.946045	8.68256	
0.947876	8.68378	
0.948181	8.68378	
0.950012	8.68286	
0.945435	8.68317	
0.947876	8.68317	
0.94696	8.68286	
0.948181	8.68347	
0.949707	8.68317	
0.946045	8.68286	
0.948486	8.68317	
0.947266	8.68317	
0.949707	8.68317	
0.950317	8.68347	
0.944824	8.68286	
0.948792	8.68378	
0.947571	8.68317	
0.949402	8.68378	
0.950012	8.68317	
0.948181	8.68347	
0.946655	8.68378	
0.948792	8.68378	
0.953369	8.68378	
0.944519	8.68347	
0.949707	8.68286	
0.947876	8.68317	
0.949707	8.68317	
0.951843	8.68347	
0.947266	8.68408	
0.948792	8.68286	
0.945129	8.68256	
0.948181	8.68256	
0.947876	8.68378	
0.950012	8.68317	
0.947876	8.68317	
0.944519	8.68317	
0.947876	8.68347	
0.951233	8.68256	
0.945129	8.68286	
0.949402	8.68317	
0.947571	8.68256	
0.950012	8.68317	
0.952148	8.68286	
0.94574	8.68256	
0.949097	8.68347	
0.946045	8.68347	
0.94696	8.68317	
0.947571	8.68286	
0.948181	8.68317	
0.94635	8.68286	
0.94696	8.68347	
0.947571	8.68256	
0.947876	8.68286	
0.946045	8.68286	
0.951233	8.68317	
0.949707	8.68347	
0.953064	8.68317	
0.94574	8.68225	
0.94696	8.68347	
0.950928	8.68317	
0.949707	8.68317	
0.953064	8.68317	
0.947571	8.68256	
0.948486	8.68286	
0.951233	8.68286	
0.948792	8.68317	
0.947876	8.68164	
0.947876	8.68225	
0.948792	8.68317	
0.950012	8.68286	
0.949402	8.68256	
0.953369	8.68286	
0.945435	8.68286	
0.948181	8.68347	
0.945129	8.68256	
0.949097	8.68317	
0.953064	8.68317	
0.94696	8.68256	
0.949402	8.68317	
0.949402	8.68286	
0.947571	8.68347	
0.948486	8.68317	
0.946655	8.68286	
0.950012	8.68347	
0.950317	8.68317	
0.94696	8.68317	
0.949707	8.68378	
0.94696	8.68378	
0.951233	8.68256	
0.948486	8.68286	
0.951538	8.68286	
0.945129	8.68256	
0.949402	8.68317	
0.947266	8.68286	
0.949402	8.68317	
0.953979	8.68378	
0.944824	8.68286	
0.948792	8.68317	
0.948792	8.68317	
0.949402	8.68286	
0.953979	8.68317	
0.944214	8.68286	
0.947571	8.68286	
0.952759	8.68286	
0.947571	8.68256	
0.947266	8.68317	
0.944824	8.68195	
0.949707	8.68286	
0.950623	8.68317	
0.949097	8.68286	
0.947571	8.68256	
0.946045	8.68317	
0.949707	8.68286	
0.94574	8.68286	
0.948792	8.68286	
0.953979	8.68347	
0.944824	8.68347	
0.949402	8.68286	
0.952759	8.68225	
0.949402	8.68317	
0.948792	8.68286	
0.950928	8.68347	
0.947266	8.68286	
0.948792	8.68286	
0.947571	8.68256	
0.948486	8.68317	
0.946045	8.68286	
0.948792	8.68256	
0.952148	8.68225	
0.950012	8.68195	
0.953979	8.68256	
0.950317	8.68225	
0.947571	8.68286	
0.949402	8.68256	
0.947876	8.68286	
0.950623	8.68286	
0.947876	8.68256	
0.94574	8.68225	
0.950928	8.68317	
0.948181	8.68225	
0.949097	8.68256	
0.949097	8.68225	
0.945129	8.68225	
0.949707	8.68286	
0.946045	8.68317	
0.949402	8.68317	
0.947266	8.68286	
0.950012	8.68317	
0.947266	8.68317	
0.94635	8.68256	
0.950623	8.68317	
0.947571	8.68286	
0.94635	8.68286	
0.950623	8.68317	
0.947876	8.68256	
0.951843	8.68347	
0.948181	8.68195	
0.950012	8.68256	
0.945435	8.68225	
0.947571	8.68225	
0.948181	8.68347	
0.948792	8.68286	
0.946045	8.68256	
0.949097	8.68317	
0.944519	8.68286	
0.947266	8.68225	
0.949402	8.68317	
0.947266	8.68317	
0.947876	8.68317	
0.952454	8.68317	
0.94574	8.68286	
0.949402	8.68286	
0.949707	8.68256	
0.948792	8.68317	
0.953674	8.68256	
0.94574	8.68256	
0.950012	8.68256	
0.948792	8.68225	
0.949707	8.68256	
0.952454	8.68256	
0.945129	8.68225	
0.950012	8.68256	
0.953369	8.68225	
0.948792	8.68225	
0.950928	8.68256	
0.945435	8.68286	
0.947876	8.68225	
0.953064	8.68286	
0.948181	8.68256	
0.947876	8.68286	
0.946655	8.68256	
0.949707	8.68286	
0.953979	8.68317	
0.947876	8.68256	
0.944214	8.68286	
0.949707	8.68317	
0.947571	8.68286	
0.950928	8.68286	
0.949402	8.68347	
0.947571	8.68286	
0.950928	8.68256	
0.94696	8.68286	
0.949402	8.68256	
0.948181	8.68256	
0.94696	8.68347	
0.950317	8.68256	
0.949097	8.68286	
0.945129	8.68256	
0.950012	8.68317	
0.949097	8.68256	
0.950012	8.68378	
0.950623	8.68347	
0.949097	8.68286	
0.945435	8.68256	
0.948792	8.68317	
0.950012	8.68317	
0.950623	8.68286	
0.944824	8.68225	
0.950623	8.68347	
0.947571	8.68256	
0.950623	8.68347	
0.950928	8.68317	
0.944824	8.68195	
0.950623	8.68225	
0.949402	8.68286	
0.950623	8.68225	
0.94635	8.68286	
0.950012	8.68286	
0.947876	8.68317	
0.944519	8.68256	
0.950317	8.68286	
0.950928	8.68317	
0.94696	8.68286	
0.950928	8.68286	
0.948486	8.68286	
0.949097	8.68317	
0.950623	8.68347	
0.949402	8.68317	
0.946655	8.68317	
0.949707	8.68286	
0.947266	8.68256	
0.94574	8.68317	
0.948486	8.68286	
0.953979	8.68317	
0.949097	8.68225	
0.94696	8.68256	
0.950623	8.68317	
0.947571	8.68347	
0.949402	8.68347	
0.949402	8.68286	
0.94696	8.68286	
0.949402	8.68347	
0.950928	8.68286	
0.948181	8.68378	
0.947266	8.68317	
0.948181	8.68286	
0.94574	8.68256	
0.949097	8.68317	
0.949402	8.68256	
0.950012	8.68256	
0.949707	8.68225	
0.948792	8.68347	
0.948181	8.68256	
0.950317	8.68317	
0.950317	8.68286	
0.94574	8.68317	
0.946655	8.68347	
0.949097	8.68286	
0.954285	8.68347	
0.944519	8.68317	
0.949707	8.68286	
0.953064	8.68256	
0.947266	8.68225	
0.944214	8.68256	
0.948792	8.68225	
0.950623	8.68225	
0.946045	8.68195	
0.949707	8.68225	
0.950623	8.68164	
0.953369	8.68225	
0.944519	8.68256	
0.948181	8.68256	
0.947266	8.68195	
0.950317	8.68225	
0.947571	8.68195	
0.950317	8.68195	
0.945129	8.68195	
0.949402	8.68164	
0.953369	8.68225	
0.949097	8.68225	
0.944824	8.68164	
0.948181	8.68225	
0.947571	8.68225	
0.947876	8.68195	
0.946045	8.68225	
0.949097	8.68195	
0.951843	8.68317	
0.949097	8.68286	
0.948486	8.68225	
0.945435	8.68225	
0.945435	8.68256	
0.949097	8.68195	
0.953674	8.68195	
0.949097	8.68286	
0.949402	8.68195	
0.946655	8.68317	
0.948486	8.68225	
0.952759	8.68225	
0.945435	8.68225	
0.946655	8.68225	
0.94635	8.68225	
0.950623	8.68225	
0.947571	8.68256	
0.948486	8.68195	
0.950012	8.68225	
0.947876	8.68225	
0.94635	8.68256	
0.950623	8.68225	
0.951233	8.68195	
0.94574	8.68195	
0.948792	8.68195	
0.953369	8.68286	
0.947876	8.68225	
0.945129	8.68195	
0.950928	8.68195	
0.946655	8.68256	
0.945435	8.68225	
0.949707	8.68225	
0.948486	8.68225	
0.95459	8.68225	
0.944824	8.68256	
0.947876	8.68195	
0.946045	8.68103	
0.948181	8.68195	
0.946655	8.68164	
0.950012	8.68256	
0.949402	8.68225	
0.947266	8.68286	
0.946045	8.68225	
0.950012	8.68286	
0.953064	8.68164	
0.947266	8.68286	
0.94696	8.68256	
0.951538	8.68164	
0.947571	8.68195	
0.945129	8.68164	
0.950012	8.68225	
0.949707	8.68195	
0.944824	8.68195	
0.950928	8.68256	
0.948792	8.68225	
0.952759	8.68164	
0.949402	8.68195	
0.949402	8.68195	
0.94635	8.68286	
0.950012	8.68225	
0.947876	8.68195	
0.945435	8.68195	
0.94696	8.68164	
0.952454	8.68164	
0.948792	8.68195	
0.94574	8.68195	
0.948792	8.68225	
0.946045	8.68195	
0.949402	8.68195	
0.952759	8.68225	
0.950317	8.68225	
0.947876	8.68225	
0.947571	8.68225	
0.948181	8.68134	
0.949707	8.68225	
0.952759	8.68225	
0.947571	8.68256	
0.949097	8.68256	
0.948792	8.68195	
0.951233	8.68195	
0.948181	8.68195	
0.948181	8.68195	
0.949402	8.68225	
0.951538	8.68225	
0.944824	8.68164	
0.949707	8.68317	
0.953369	8.68195	
0.947876	8.68195	
0.952759	8.68195	
0.949402	8.68225	
0.94696	8.68225	
0.949097	8.68225	
0.950928	8.68256	
0.947876	8.68195	
0.949402	8.68164	
0.947266	8.68164	
0.949402	8.68164	
0.952148	8.68256	
0.948486	8.68103	
0.94574	8.68103	
0.951538	8.68195	
0.947571	8.68164	
0.946045	8.68134	
0.950623	8.68134	
0.949402	8.68134	
0.953064	8.68195	
0.945435	8.68195	
0.950928	8.68164	
0.953979	8.68225	
0.948486	8.68073	
0.94635	8.68164	
0.948486	8.68164	
0.950928	8.68195	
0.950928	8.68164	
0.954285	8.68225	
0.947876	8.68134	
0.950012	8.68164	
0.949097	8.68225	
0.945435	8.68225	
0.950012	8.68225	
0.954285	8.68164	
0.950623	8.68164	
0.948181	8.68103	
0.950317	8.68164	
0.947266	8.68164	
0.948792	8.68103	
0.953674	8.68164	
0.948181	8.68164	
0.949097	8.68134	
0.948486	8.68225	
0.950928	8.68164	
0.950623	8.68195	
0.948792	8.68103	
0.948486	8.68225	
0.944824	8.68073	
0.951233	8.68195	
0.951843	8.68134	
0.948181	8.68164	
0.94696	8.68195	
0.950012	8.68134	
0.94574	8.68073	
0.951538	8.68225	
0.951233	8.68286	
0.949402	8.68103	
0.947876	8.68195	
0.948181	8.68195	
0.94696	8.68103	
0.949097	8.68225	
0.951843	8.68134	
0.951233	8.68195	
0.946655	8.68134	
0.950623	8.68073	
0.9552	8.68164	
0.946655	8.68164	
0.950317	8.68134	
0.952454	8.68164	
0.949707	8.68195	
0.949097	8.68225	
0.950623	8.68164	
0.946045	8.68256	
0.947876	8.68164	
0.948792	8.68073	
0.951233	8.68256	
0.949707	8.68134	
0.950623	8.68195	
0.950623	8.68134	
0.950623	8.68225	
0.953979	8.68164	
0.948486	8.68073	
0.94574	8.68225	
0.949707	8.68134	
0.947571	8.68103	
0.947876	8.68164	
0.948486	8.68103	
0.951233	8.68164	
0.949097	8.68164	
0.954895	8.68134	
0.946045	8.68195	
0.949402	8.68225	
0.94574	8.68164	
0.947571	8.68195	
0.950317	8.68164	
0.955505	8.68164	
0.946045	8.68164	
0.947571	8.68103	
0.949707	8.68103	
0.951538	8.68134	
0.947876	8.68225	
0.949097	8.68195	
0.948181	8.68103	
0.950928	8.68195	
0.953369	8.68256	
0.949707	8.68225	
0.945435	8.68103	
0.949707	8.68225	
0.951843	8.68164	
0.950012	8.68225	
0.946655	8.68164	
0.950928	8.68134	
0.953979	8.68256	
0.94574	8.68164	
0.948486	8.68103	
0.949402	8.68164	
0.948486	8.68195	
0.947571	8.68103	
0.949402	8.68225	
0.950012	8.68195	
0.950928	8.68195	
0.954285	8.68164	
0.948792	8.68103	
0.947571	8.68134	
0.949097	8.68164	
0.952148	8.68164	
0.948486	8.68164	
0.94635	8.68195	
0.951233	8.68103	
0.953369	8.68195	
0.946045	8.68134	
0.947876	8.68164	
0.947266	8.68164	
0.951538	8.68164	
0.950012	8.68225	
0.948486	8.68134	
0.948486	8.68134	
0.948181	8.68073	
0.953369	8.68134	
0.951538	8.68103	
0.948792	8.68195	
0.953674	8.68164	
0.948181	8.68164	
0.949097	8.68195	
0.945435	8.68073	
0.948792	8.68164	
0.951843	8.68134	
0.947876	8.68073	
0.948486	8.68164	
0.950623	8.68164	
0.951233	8.68164	
0.954285	8.68134	
0.950928	8.68103	
0.949707	8.68195	
0.948792	8.68134	
0.951538	8.68134	
0.950623	8.68164	
0.953064	8.68195	
0.949707	8.68103	
0.944519	8.68164	
0.951233	8.68164	
0.951538	8.68225	
0.948486	8.68195	
0.953674	8.68164	
0.948181	8.68195	
0.948486	8.68134	
0.951843	8.68225	
0.947571	8.68164	
0.950623	8.68134	
0.948486	8.68164	
0.951843	8.68103	
0.948486	8.68134	
0.953064	8.68225	
0.951538	8.68225	
0.950928	8.68134	
0.953369	8.68225	
0.949707	8.68134	
0.948792	8.68164	
0.955505	8.68195	
0.949097	8.68042	
0.947571	8.68134	
0.946655	8.68103	
0.947266	8.68195	
0.950012	8.68103	
0.94696	8.68073	
0.948792	8.68164	
0.951233	8.68134	
0.950928	8.68164	
0.953674	8.68225	
0.948181	8.68164	
0.946655	8.68073	
0.949402	8.68225	
0.951843	8.68134	
0.951233	8.68164	
0.953979	8.68134	
0.950012	8.68225	
0.949402	8.68195	
0.951538	8.68164	
0.946655	8.68073	
0.947571	8.68225	
0.947876	8.68164	
0.947266	8.68134	
0.950317	8.68134	
0.947266	8.68073	
0.949707	8.68164	
0.952454	8.68164	
0.951233	8.68042	
0.953979	8.68164	
0.952148	8.68164	
0.949402	8.68195	
0.952148	8.68195	
0.951538	8.68164	
0.950012	8.68073	
0.948486	8.68103	
0.949402	8.68195	
0.947876	8.68103	
0.951538	8.68164	
0.947266	8.68134	
0.952454	8.68195	
0.952148	8.68164	
0.951233	8.68134	
0.954895	8.68164	
0.951233	8.68195	
0.950317	8.68164	
0.952759	8.68225	
0.952759	8.68225	
0.952148	8.68164	
0.951233	8.68195	
0.94635	8.68103	
0.949402	8.68134	
0.951538	8.68195	
0.950012	8.68134	
0.951843	8.68134	
0.951538	8.68164	
0.948486	8.68103	
0.946045	8.68134	
0.948792	8.68164	
0.950317	8.68195	
0.949402	8.68225	
0.952759	8.68195	
0.952759	8.68103	
0.951233	8.68164	
0.953979	8.68164	
0.951233	8.68164	
0.949097	8.68134	
0.950928	8.68103	
0.953064	8.68195	
0.950928	8.68195	
0.951233	8.68256	
0.95459	8.68164	
0.952148	8.68195	
0.950928	8.68164	
0.950928	8.68164	
0.952759	8.68195	
0.951233	8.68195	
0.949707	8.68134	
0.947266	8.68164	
0.951843	8.68164	
0.950317	8.68195	
0.953369	8.68164	
0.952148	8.68164	
0.952148	8.68225	
0.952148	8.68134	
0.951843	8.68164	
0.950623	8.68195	
0.952148	8.68164	
0.949402	8.68134	
0.950623	8.68225	
0.947266	8.68225	
0.949097	8.68073	
0.950928	8.68134	
0.953979	8.68195	
0.952454	8.68103	
0.951538	8.68256	
0.948181	8.68134	
0.95459	8.68103	
0.951538	8.68195	
0.946045	8.68073	
0.950928	8.68073	
0.952148	8.68073	
0.954895	8.68134	
0.952759	8.68134	
0.951233	8.68134	
0.948486	8.68134	
0.9552	8.68103	
0.951538	8.68225	
0.951538	8.68164	
0.951538	8.68042	
0.949097	8.68103	
0.94696	8.68073	
0.948792	8.68073	
0.950623	8.68011	
0.955811	8.68073	
0.949402	8.68073	
0.949707	8.68103	
0.950623	8.68134	
0.954285	8.68134	
0.949097	8.68073	
0.949707	8.68103	
0.956421	8.68103	
0.951538	8.68134	
0.953064	8.68042	
0.951233	8.68042	
0.95459	8.68103	
0.952454	8.68042	
0.950928	8.68164	
0.945435	8.68042	
0.948792	8.68073	
0.947266	8.68134	
0.949707	8.68042	
0.947571	8.68134	
0.947876	8.68134	
0.950012	8.68103	
0.948486	8.67981	
0.952759	8.68134	
0.94635	8.68042	
0.951538	8.68164	
0.951843	8.68103	
0.954285	8.68134	
0.951843	8.68103	
0.950928	8.68103	
0.955811	8.68103	
0.951538	8.68225	
0.952454	8.68011	
0.951233	8.68195	
0.950928	8.68073	
0.947571	8.68103	
0.949097	8.68134	
0.950317	8.68195	
0.953369	8.68134	
0.950317	8.68164	
0.950012	8.68134	
0.951233	8.68134	
0.954895	8.68011	
0.947266	8.68073	
0.949402	8.68042	
0.950317	8.68103	
0.9552	8.68073	
0.952148	8.68103	
0.952148	8.68103	
0.950012	8.68164	
0.948181	8.68073	
0.950623	8.68195	
0.953064	8.68073	
0.951233	8.68134	
0.949707	8.68103	
0.950928	8.68164	
0.948486	8.68103	
0.950317	8.68103	
0.950928	8.68134	
0.953369	8.68073	
0.948486	8.68073	
0.952148	8.68073	
0.94635	8.68073	
0.951843	8.68103	
0.94696	8.68073	
0.949402	8.68073	
0.951233	8.68103	
0.95459	8.68073	
0.951233	8.68195	
0.952454	8.68073	
0.948792	8.68073	
0.949707	8.68103	
0.94696	8.68073	
0.950928	8.68195	
0.950928	8.68103	
0.9552	8.68195	
0.952454	8.68134	
0.950928	8.68073	
0.950012	8.68073	
0.955811	8.68073	
0.951843	8.68073	
0.949402	8.68073	
0.952148	8.68073	
0.947266	8.68073	
0.94635	8.68073	
0.950317	8.68103	
0.950928	8.68073	
0.9552	8.68164	
0.952759	8.68073	
0.951233	8.68011	
0.947876	8.68042	
0.94696	8.68011	
0.949402	8.68164	
0.949097	8.68073	
0.949707	8.68134	
0.951538	8.68042	
0.950012	8.68011	
0.946655	8.68042	
0.950623	8.68164	
0.950012	8.68134	
0.9552	8.68134	
0.949707	8.68073	
0.950317	8.68073	
0.953674	8.68195	
0.951538	8.68134	
0.953064	8.68073	
0.950317	8.68103	
0.951843	8.68073	
0.950623	8.68134	
0.950317	8.68042	
0.950012	8.68103	
0.956116	8.68164	
0.952148	8.68103	
0.951843	8.68011	
0.950928	8.68134	
0.95459	8.68103	
0.949097	8.68073	
0.950623	8.68042	
0.956116	8.6795	
0.950623	8.68011	
0.952148	8.68042	
0.949097	8.68042	
0.950012	8.67981	
0.951233	8.67981	
0.948181	8.68073	
0.949707	8.68011	
0.950317	8.67981	
0.955505	8.68042	
0.952759	8.68042	
0.953064	8.6795	
0.950623	8.68042	
0.949097	8.6795	
0.948181	8.68011	
0.950317	8.6795	
0.950012	8.67981	
0.9552	8.67981	
0.950012	8.68073	
0.949097	8.6795	
0.952148	8.6795	
0.950623	8.68011	
0.955505	8.68011	
0.951538	8.6792	
0.952454	8.67981	
0.950012	8.68042	
0.954895	8.68042	
0.949707	8.6795	
0.953064	8.67981	
0.950317	8.68042	
0.948792	8.67981	
0.953674	8.67981	
0.952454	8.68042	
0.952148	8.67981	
0.950012	8.68042	
0.954285	8.68011	
0.952148	8.6795	
0.952148	8.67981	
0.950928	8.68073	
0.951233	8.68011	
0.952759	8.68011	
0.951843	8.68011	
0.951843	8.6795	
0.949402	8.68011	
0.947571	8.68011	
0.951233	8.68011	
0.948486	8.68011	
0.948792	8.68042	
0.949402	8.68042	
0.952148	8.68073	
0.952148	8.68011	
0.950012	8.68011	
0.94635	8.6792	
0.950928	8.68042	
0.949097	8.67981	
0.952454	8.68011	
0.950623	8.68011	
0.948792	8.68011	
0.955811	8.68042	
0.951233	8.6795	
0.951233	8.68011	
0.947571	8.67981	
0.953979	8.68011	
0.949707	8.68011	
0.953064	8.6792	
0.951233	8.6795	
0.948792	8.6795	
0.949097	8.67981	
0.950317	8.68042	
0.950928	8.67981	
0.95459	8.67981	
0.950928	8.68042	
0.948486	8.68042	
0.950928	8.67981	
0.951843	8.68011	
0.947571	8.68011	
0.947571	8.68011	
0.950623	8.67981	
0.951843	8.67981	
0.947266	8.6795	
0.951233	8.68011	
0.947266	8.6795	
0.948486	8.6795	
0.950623	8.68011	
0.9552	8.68042	
0.950623	8.68042	
0.950928	8.68073	
0.950012	8.6795	
0.955505	8.6795	
0.950317	8.68042	
0.950317	8.68011	
0.949402	8.67981	
0.947571	8.6795	
0.953064	8.67981	
0.952454	8.68073	
0.951233	8.68042	
0.948181	8.68042	
0.954895	8.68103	
0.952148	8.67981	
0.952454	8.68042	
0.951538	8.68011	
0.954285	8.68011	
0.951233	8.68011	
0.950317	8.68073	
0.950012	8.68011	
0.955505	8.68042	
0.952759	8.68103	
0.952454	8.68011	
0.951538	8.68042	
0.952454	8.68011	
0.948486	8.68073	
0.950928	8.68042	
0.949707	8.68042	
0.9552	8.68073	
0.952148	8.68073	
0.952454	8.68073	
0.950012	8.68042	
0.94696	8.68011	
0.951538	8.68103	
0.950317	8.68011	
0.952148	8.68042	
0.947266	8.6795	
0.950928	8.68134	
0.947266	8.67981	
0.951233	8.68073	
0.950623	8.68073	
0.951538	8.68073	
0.946655	8.68011	
0.947876	8.68011	
0.948792	8.68011	
0.950012	8.68073	
0.953064	8.68073	
0.950928	8.68073	
0.94635	8.68042	
0.949097	8.68042	
0.951233	8.68073	
0.94696	8.68011	
0.954895	8.68073	
0.951233	8.67981	
0.951538	8.68042	
0.950012	8.68073	
0.954895	8.68042	
0.949707	8.68011	
0.94696	8.68011	
0.951233	8.68042	
0.951233	8.68073	
0.94635	8.68073	
0.948181	8.68042	
0.949402	8.68011	
0.950623	8.67981	
0.947571	8.68073	
0.955811	8.68103	
0.951233	8.68164	
0.948181	8.68042	
0.950012	8.68042	
0.951843	8.68042	
0.949707	8.68134	
0.954285	8.68042	
0.952148	8.68042	
0.951843	8.68073	
0.947876	8.68042	
0.9552	8.68042	
0.952148	8.68073	
0.950928	8.68164	
0.951538	8.68042	
0.948486	8.68073	
0.953064	8.68073	
0.950928	8.68073	
0.948792	8.68011	
0.949097	8.68103	
0.946045	8.68042	
0.949402	8.68103	
0.952148	8.67981	
0.947571	8.68042	
0.950012	8.68042	
0.950623	8.68042	
0.948792	8.68042	
0.947266	8.68073	
0.950012	8.68134	
0.951233	8.68103	
0.950012	8.68073	
0.956726	8.68073	
0.951233	8.68073	
0.947266	8.68011	
0.950928	8.68073	
0.951538	8.68011	
0.94696	8.6792	
0.950317	8.67981	
0.951843	8.68042	
0.950928	8.68042	
0.949097	8.68011	
0.953369	8.68011	
0.953064	8.68042	
0.948181	8.68073	
0.950317	8.68011	
0.951233	8.68042	
0.947876	8.68011	
0.953674	8.68134	
0.947571	8.68073	
0.952759	8.68011	
0.950928	8.68073	
0.948792	8.68042	
0.953979	8.68164	
0.949097	8.68073	
0.953369	8.68042	
0.952148	8.68042	
0.949402	8.68011	
0.954895	8.68073	
0.952759	8.68042	
0.950317	8.68042	
0.950317	8.68011	
0.951843	8.68011	
0.951843	8.68073	
0.949097	8.68073	
0.948486	8.68042	
0.949707	8.68134	
0.953674	8.68073	
0.947266	8.68042	
0.949707	8.68042	
0.949707	8.68042	
0.953979	8.6795	
0.951233	8.68042	
0.947876	8.67981	
0.949707	8.6795	
0.951843	8.68073	
0.947876	8.68011	
0.947571	8.68073	
0.950317	8.68011	
0.950012	8.68042	
0.948486	8.68073	
0.950623	8.68042	
0.949402	8.68042	
0.953064	8.68073	
0.949402	8.68042	
0.951233	8.68073	
0.947876	8.68042	
0.952454	8.68042	
0.953064	8.68042	
0.951843	8.68042	
0.949707	8.68073	
0.950623	8.68042	
0.949707	8.68011	
0.948486	8.68011	
0.951538	8.68042	
0.951843	8.6792	
0.949097	8.68073	
0.95459	8.68011	
0.951843	8.68042	
0.951843	8.68103	
0.950928	8.68011	
0.956116	8.68042	
0.953369	8.68073	
0.952759	8.68042	
0.951843	8.68103	
0.948181	8.68042	
0.955505	8.68011	
0.952148	8.67981	
0.951843	8.68073	
0.950928	8.68042	
0.94635	8.68011	
0.951233	8.68073	
0.950928	8.68042	
0.952759	8.68073	
0.952148	8.68103	
0.949707	8.68042	
0.948792	8.68073	
0.952148	8.68042	
0.951233	8.68073	
0.952454	8.68073	
0.950317	8.68011	
0.950317	8.68011	
0.947266	8.68042	
0.952759	8.68011	
0.951233	8.68073	
0.953064	8.68042	
0.949402	8.68042	
0.950928	8.68042	
0.949097	8.68073	
0.949402	8.68164	
0.951538	8.68103	
0.950623	8.68042	
0.954285	8.67981	
0.950928	8.68042	
0.953674	8.68073	
0.948486	8.68011	
0.951538	8.67981	
0.952759	8.68042	
0.94696	8.68011	
0.956116	8.68011	
0.951233	8.68042	
0.952759	8.68011	
0.951233	8.68042	
0.950928	8.68042	
0.948792	8.68042	
0.953369	8.68011	
0.953064	8.6795	
0.947876	8.68011	
0.953674	8.68103	
0.950012	8.67981	
0.952148	8.67981	
0.948792	8.67981	
0.951538	8.68103	
0.950928	8.68011	
0.952454	8.68011	
0.950012	8.68011	
0.950623	8.6795	
0.949402	8.68011	
0.957031	8.68103	
0.950623	8.68011	
0.947571	8.68042	
0.953674	8.67981	
0.950317	8.68011	
0.952759	8.68042	
0.952454	8.67981	
0.95459	8.67981	
0.953674	8.68042	
0.950928	8.67981	
0.951233	8.67981	
0.949097	8.67981	
0.954895	8.6795	
0.952759	8.68073	
0.953674	8.68073	
0.948181	8.68011	
0.953369	8.68073	
0.949707	8.67981	
0.952759	8.68042	
0.948486	8.68011	
0.955811	8.68042	
0.949402	8.68011	
0.952759	8.67981	
0.953674	8.68103	
0.950317	8.68042	
0.948181	8.6795	
0.953064	8.68011	
0.948486	8.68042	
0.952454	8.68011	
0.951538	8.68011	
0.949402	8.68042	
0.954285	8.68042	
0.950623	8.67981	
0.950012	8.67981	
0.951233	8.68073	
0.950623	8.67981	
0.950623	8.68042	
0.952148	8.6795	
0.952148	8.67981	
0.948792	8.67981	
0.952759	8.67981	
0.950012	8.6795	
0.952759	8.68042	
0.952454	8.68011	
0.950623	8.67981	
0.950928	8.68042	
0.951233	8.68011	
0.949097	8.6795	
0.953064	8.67981	
0.952759	8.68011	
0.948792	8.67981	
0.952454	8.68042	
0.952148	8.68042	
0.947571	8.68011	
0.95459	8.68011	
0.951538	8.67981	
0.950928	8.67981	
0.951843	8.67981	
0.950623	8.67981	
0.946655	8.67981	
0.954285	8.68011	
0.952759	8.67981	
0.953369	8.67981	
0.949097	8.67981	
0.948181	8.68011	
0.953064	8.68042	
0.950317	8.68042	
0.952454	8.68073	
0.951538	8.68042	
0.950623	8.68042	
0.947571	8.68042	
0.9552	8.67981	
0.951843	8.6795	
0.951233	8.68011	
0.952148	8.6795	
0.951843	8.68073	
0.953064	8.68042	
0.951233	8.68103	
0.948486	8.68073	
0.952148	8.68011	
0.952454	8.67981	
0.953369	8.68073	
0.947876	8.68073	
0.952454	8.6792	
0.949402	8.68011	
0.952454	8.68011	
0.950623	8.67981	
0.947876	8.6795	
0.952759	8.68011	
0.951843	8.67981	
0.950012	8.68073	
0.951538	8.68011	
0.950012	8.68011	
0.955505	8.6792	
0.950623	8.68103	
0.953369	8.68042	
0.948181	8.6795	
0.953674	8.6795	
0.950623	8.68011	
0.950928	8.68073	
0.952454	8.68011	
0.950928	8.68042	
0.952148	8.67981	
0.95459	8.68011	
0.953369	8.67981	
0.950012	8.68073	
0.953064	8.67981	
0.952148	8.68042	
0.947571	8.67981	
0.955811	8.67981	
0.951538	8.68011	
0.953064	8.68042	
0.951538	8.68011	
0.952148	8.68042	
0.950012	8.68011	
0.952454	8.68073	
0.949097	8.68042	
0.950623	8.67981	
0.951233	8.68042	
0.948486	8.68042	
0.953979	8.68011	
0.952759	8.68042	
0.952148	8.68042	
0.94696	8.68011	
0.957031	8.68042	
0.950928	8.68164	
0.952454	8.67981	
0.949097	8.67981	
0.95459	8.68011	
0.950012	8.6792	
0.952454	8.67889	
0.951538	8.68011	
0.949402	8.67981	
0.954285	8.68011	
0.949097	8.6795	
0.953064	8.67981	
0.951843	8.6795	
0.951233	8.67981	
0.948486	8.67981	
0.957336	8.67981	
0.951538	8.67981	
0.950623	8.68011	
0.949707	8.6795	
0.953064	8.6792	
0.950317	8.6795	
0.953064	8.68011	
0.950012	8.6795	
0.95459	8.6795	
0.953064	8.67981	
0.95459	8.6795	
0.951233	8.68011	
0.953674	8.6792	
0.950928	8.67981	
0.952759	8.67981	
0.948486	8.6792	
0.951843	8.6795	
0.956726	8.68011	
0.952759	8.68042	
0.949402	8.68011	
0.951538	8.67981	
0.952454	8.6795	
0.950317	8.68011	
0.952148	8.6792	
0.950623	8.6795	
0.953979	8.6795	
0.950012	8.68011	
0.954285	8.67981	
0.953064	8.6795	
0.952759	8.6792	
0.953674	8.67859	
0.950623	8.67981	
0.951843	8.68011	
0.949402	8.6795	
0.957642	8.67981	
0.951233	8.68011	
0.949097	8.6795	
0.954895	8.6792	
0.950623	8.67981	
0.951843	8.68011	
0.953064	8.67889	
0.951538	8.67981	
0.948181	8.67889	
0.955811	8.6795	
0.950012	8.67981	
0.951233	8.67981	
0.954285	8.6795	
0.951538	8.6792	
0.950623	8.67981	
0.950928	8.68011	
0.956726	8.6795	
0.951843	8.68011	
0.953064	8.6795	
0.952454	8.67981	
0.953674	8.68011	
0.950928	8.67889	
0.953064	8.6792	
0.950012	8.6792	
0.948181	8.67889	
0.95459	8.67981	
0.951538	8.67981	
0.953674	8.67981	
0.950012	8.6792	
0.952759	8.6795	
0.953064	8.68011	
0.953064	8.6795	
0.951233	8.68042	
0.947876	8.68011	
0.956116	8.6795	
0.953979	8.6795	
0.951538	8.6795	
0.953979	8.6792	
0.953064	8.67981	
0.950623	8.6795	
0.954285	8.6792	
0.949707	8.6792	
0.952759	8.6795	
0.950928	8.6792	
0.949097	8.6792	
0.952454	8.67981	
0.956116	8.6795	
0.948181	8.67981	
0.953674	8.6792	
0.950317	8.6795	
0.950928	8.67981	
0.951233	8.6792	
0.948486	8.6795	
0.956726	8.6795	
0.957031	8.68011	
0.953369	8.68042	
0.950012	8.68042	
0.948792	8.6792	
0.953674	8.68011	
0.953064	8.67981	
0.950012	8.6795	
0.952148	8.67981	
0.952454	8.67981	
0.949402	8.68042	
0.951233	8.6792	
0.956421	8.68011	
0.948792	8.68011	
0.951233	8.67981	
0.95459	8.6792	
0.952759	8.6795	
0.950928	8.6795	
0.952759	8.6792	
0.952759	8.6792	
0.951233	8.68011	
0.949707	8.6795	
0.947876	8.67981	
0.949707	8.6795	
0.956421	8.6795	
0.953369	8.68011	
0.952148	8.67981	
0.951843	8.68011	
0.949402	8.68011	
0.951233	8.6795	
0.953674	8.67981	
0.950928	8.6795	
0.950317	8.6795	
0.950317	8.6795	
0.953064	8.67981	
0.950623	8.67981	
0.950928	8.6795	
0.948486	8.6795	
0.956116	8.67981	
0.950012	8.67981	
0.949097	8.6795	
0.953064	8.6792	
0.950928	8.68011	
0.952759	8.6795	
0.951538	8.67981	
0.950928	8.6792	
0.947571	8.67981	
0.948181	8.67981	
0.949402	8.6792	
0.951538	8.68042	
0.952148	8.68042	
0.953674	8.68011	
0.952454	8.67981	
0.947876	8.6792	
0.949097	8.68011	
0.954285	8.6795	
0.952759	8.6795	
0.950012	8.6795	
0.953674	8.6795	
0.951233	8.6795	
0.948792	8.6792	
0.949097	8.6795	
0.956116	8.67981	
0.952759	8.67981	
0.948792	8.67981	
0.949097	8.68011	
0.952454	8.68042	
0.953064	8.6795	
0.952148	8.68011	
0.950623	8.67981	
0.952148	8.67981	
0.953064	8.67981	
0.953369	8.68042	
0.950928	8.67981	
0.951233	8.68011	
0.947266	8.6795	
0.949707	8.6795	
0.948792	8.6792	
0.952759	8.6792	
0.956421	8.67981	
0.953064	8.68011	
0.952148	8.6795	
0.951233	8.6795	
0.951538	8.68073	
0.954285	8.68042	
0.953979	8.68011	
0.948181	8.6792	
0.949097	8.68011	
0.952759	8.68011	
0.953979	8.6795	
0.951233	8.68042	
0.950317	8.68011	
0.950012	8.68011	
0.951233	8.68011	
0.953064	8.68073	
0.952759	8.68042	
0.950623	8.68011	
0.949402	8.68042	
0.949402	8.67981	
0.956726	8.68011	
0.956421	8.68011	
0.955505	8.68011	
0.950928	8.68011	
0.949097	8.6792	
0.948792	8.68042	
0.951843	8.68011	
0.953674	8.68042	
0.952759	8.67981	
0.951538	8.68011	
0.953674	8.68011	
0.953064	8.67981	
0.950928	8.68011	
0.951233	8.6792	
0.951538	8.68011	
0.950012	8.68011	
0.948181	8.68011	
0.950317	8.68011	
0.957336	8.68011	
0.9552	8.68073	
0.956116	8.68042	
0.951233	8.6792	
0.951233	8.6795	
0.953369	8.68073	
0.95459	8.68073	
0.951843	8.68011	
0.948181	8.6795	
0.949707	8.67981	
0.948181	8.6795	
0.953674	8.67859	
0.953979	8.67889	
0.952759	8.67889	
0.953064	8.68042	
0.951233	8.6792	
0.951233	8.6792	
0.952454	8.67981	
0.951233	8.67889	
0.953369	8.6792	
0.952454	8.6792	
0.951233	8.6795	
0.948181	8.67889	
0.949402	8.6795	
0.953979	8.67859	
0.953674	8.6795	
0.956726	8.67859	
0.954895	8.67981	
0.949707	8.6792	
0.951233	8.6792	
0.953674	8.6792	
0.951233	8.6792	
0.951843	8.6795	
0.953369	8.6795	
0.951538	8.6792	
0.953369	8.6795	
0.952454	8.6795	
0.951233	8.67828	
0.951843	8.6792	
0.951538	8.67981	
0.950317	8.6795	
0.948181	8.67889	
0.957642	8.6792	
0.957336	8.6792	
0.953979	8.6792	
0.953979	8.6795	
0.952759	8.67981	
0.954285	8.6795	
0.950012	8.6792	
0.950928	8.6795	
0.949402	8.67889	
0.950012	8.6792	
0.949402	8.6792	
0.950928	8.67889	
0.953674	8.6792	
0.952454	8.6795	
0.951233	8.67981	
0.950623	8.68011	
0.952454	8.67889	
0.950317	8.67889	
0.949402	8.6792	
0.951843	8.6792	
0.952148	8.6795	
0.952759	8.6792	
0.952454	8.6792	
0.951233	8.67981	
0.948792	8.6792	
0.94635	8.6792	
0.949402	8.67889	
0.955811	8.67981	
0.955505	8.67981	
0.956726	8.6792	
0.956421	8.67889	
0.957031	8.67981	
0.9552	8.6792	
0.950623	8.6795	
0.948181	8.67889	
0.948486	8.67859	
0.949097	8.6792	
0.949097	8.67981	
0.949707	8.67981	
0.952148	8.68011	
0.954285	8.6792	
0.953064	8.6795	
0.950317	8.6795	
0.951233	8.6792	
0.950623	8.6792	
0.950928	8.67859	
0.950012	8.68042	
0.951538	8.6795	
0.950623	8.6792	
0.952759	8.6795	
0.952759	8.6792	
0.950623	8.6795	
0.951843	8.6792	
0.951538	8.6795	
0.951233	8.67889	
0.952148	8.6795	
0.951538	8.6792	
0.951843	8.6795	
0.951538	8.6795	
0.950317	8.6792	
0.949402	8.6795	
0.948486	8.6795	
0.949402	8.67889	
0.953979	8.6792	
0.954285	8.67889	
0.955505	8.6792	
0.954285	8.6792	
0.956421	8.6795	
0.952148	8.6792	
0.953674	8.6792	
0.954285	8.67889	
0.949402	8.6792	
0.948181	8.6795	
0.950012	8.6792	
0.953674	8.6795	
0.950928	8.6795	
0.951843	8.6795	
0.949402	8.6792	
0.951233	8.6792	
0.953064	8.67889	
0.950012	8.67889	
0.950623	8.6795	
0.948792	8.67981	
0.948181	8.6795	
0.952454	8.68011	
0.952454	8.6792	
0.953979	8.6795	
0.954895	8.6792	
0.952759	8.6795	
0.953064	8.67981	
0.953979	8.6792	
0.953979	8.67981	
0.950623	8.6792	
0.951233	8.67981	
0.950012	8.6792	
0.949707	8.6795	
0.950928	8.6795	
0.949707	8.67981	
0.950928	8.6792	
0.950623	8.6792	
0.951538	8.6792	
0.950317	8.6792	
0.950012	8.67981	
0.950928	8.67859	
0.950623	8.6795	
0.950317	8.6792	
0.950623	8.67889	
0.950928	8.6795	
0.950623	8.6792	
0.951538	8.6792	
0.950012	8.6792	
0.950623	8.67889	
0.950012	8.6792	
0.950623	8.6792	
0.952148	8.67981	
0.953369	8.6792	
0.950928	8.6792	
0.951538	8.67981	
0.950928	8.6792	
0.952759	8.67981	
0.951233	8.6795	
0.950012	8.6795	
0.950623	8.6795	
0.950623	8.6792	
0.953064	8.6792	
0.953979	8.6795	
0.953674	8.67981	
0.953064	8.68011	
0.952148	8.6795	
0.951233	8.67981	
0.949097	8.6792	
0.949097	8.6795	
0.948792	8.6792	
0.949707	8.67889	
0.949402	8.6792	
0.948792	8.6792	
0.948486	8.6792	
0.949707	8.6792	
0.949707	8.67981	
0.957336	8.6795	
0.957336	8.68011	
0.956421	8.6792	
0.953979	8.67981	
0.949097	8.67981	
0.950012	8.6792	
0.953979	8.67981	
0.953674	8.6792	
0.953979	8.6792	
0.951843	8.6795	
0.954285	8.67981	
0.953064	8.67889	
0.951538	8.67889	
0.950623	8.6792	
0.950317	8.6795	
0.951538	8.6795	
0.951233	8.68011	
0.953674	8.6795	
0.953674	8.6792	
0.952148	8.67889	
0.951233	8.67981	
0.950928	8.6792	
0.950623	8.6792	
0.950623	8.6795	
0.953674	8.6792	
0.952454	8.6792	
0.951843	8.67859	
0.953674	8.67981	
0.951233	8.67889	
0.951538	8.6792	
0.951233	8.67889	
0.952759	8.67859	
0.952759	8.67889	
0.952148	8.67859	
0.953064	8.67889	
0.953064	8.67859	
0.951843	8.67889	
0.952454	8.6795	
0.951538	8.67889	
0.951538	8.67889	
0.952148	8.67828	
0.951233	8.68011	
0.952148	8.67889	
0.951538	8.67889	
0.952148	8.6792	
0.952454	8.67859	
0.952148	8.6792	
0.952454	8.67889	
0.951233	8.67889	
0.951538	8.6795	
0.952454	8.67889	
0.953064	8.6792	
0.953979	8.67859	
0.953979	8.6792	
0.953979	8.6792	
0.952454	8.6792	
0.952759	8.67889	
0.953064	8.67889	
0.954285	8.67889	
0.951538	8.67889	
0.952454	8.67859	
0.953979	8.67981	
0.953674	8.67981	
0.954895	8.67981	
0.954285	8.67859	
0.949707	8.67889	
0.953674	8.67889	
0.957031	8.67889	
0.954285	8.67889	
0.952759	8.67889	
0.949402	8.67828	
0.953369	8.6792	
0.950012	8.67859	
0.948792	8.6792	
0.949097	8.67889	
0.949097	8.67889	
0.951843	8.67889	
0.953369	8.67859	
0.953979	8.6792	
0.953979	8.67889	
0.953674	8.6795	
0.953674	8.67889	
0.95459	8.67889	
0.953064	8.6792	
0.950317	8.6792	
0.951538	8.6795	
0.952148	8.6795	
0.951233	8.67889	
0.952148	8.67859	
0.952454	8.67981	
0.955811	8.67889	
0.950928	8.6792	
0.950623	8.6795	
0.949097	8.67859	
0.951843	8.6792	
0.950928	8.6795	
0.953674	8.6792	
0.952454	8.67828	
0.951538	8.6792	
0.953369	8.67859	
0.957336	8.67889	
0.958252	8.67859	
0.953979	8.67889	
0.953979	8.67859	
0.950012	8.67889	
0.949402	8.6792	
0.952454	8.67889	
0.951843	8.67889	
0.953064	8.6795	
0.952148	8.67828	
0.952454	8.67859	
0.953064	8.67889	
0.953369	8.6792	
0.953064	8.67889	
0.952454	8.6792	
0.951233	8.6795	
0.952148	8.67889	
0.951843	8.6795	
0.951233	8.67889	
0.951843	8.6795	
0.954285	8.6792	
0.953674	8.6792	
0.953979	8.67889	
0.953064	8.67859	
0.950928	8.67859	
0.951843	8.67889	
0.954895	8.6792	
0.955811	8.67889	
0.956726	8.67889	
0.957031	8.67889	
0.950623	8.67889	
0.949097	8.67889	
0.949097	8.67889	
0.949707	8.67828	
0.951538	8.67859	
0.954285	8.67828	
0.952759	8.6792	
0.950928	8.67889	
0.950317	8.6795	
0.950623	8.67889	
0.951233	8.67859	
0.950928	8.6792	
0.95459	8.6795	
0.953979	8.67859	
0.953674	8.6795	
0.953064	8.6792	
0.949707	8.6792	
0.950317	8.6792	
0.953369	8.67889	
0.952454	8.6792	
0.951538	8.6792	
0.954895	8.67859	
0.953064	8.6792	
0.952148	8.67889	
0.951233	8.67859	
0.957031	8.6792	
0.958252	8.6792	
0.958252	8.67889	
0.957947	8.6792	
0.954895	8.6792	
0.957031	8.6795	
0.948486	8.6792	
0.952454	8.6795	
0.952148	8.6792	
0.952759	8.6792	
0.953064	8.67859	
0.952759	8.67859	
0.952454	8.67828	
0.952759	8.67889	
0.951233	8.67889	
0.952148	8.67889	
0.952454	8.6792	
0.953674	8.6792	
0.951538	8.67859	
0.954285	8.67889	
0.952454	8.6792	
0.953674	8.6795	
0.952454	8.6795	
0.952759	8.67859	
0.953674	8.67859	
0.950317	8.67889	
0.950012	8.6792	
0.952148	8.67889	
0.957642	8.6792	
0.955505	8.67889	
0.956421	8.6795	
0.949707	8.6795	
0.951843	8.6792	
0.953979	8.6792	
0.953979	8.67889	
0.952454	8.6792	
0.950317	8.6795	
0.950623	8.67889	
0.950623	8.6792	
0.952454	8.67889	
0.953674	8.67889	
0.951233	8.67889	
0.952759	8.67889	
0.955505	8.67859	
0.953674	8.6792	
0.954285	8.67889	
0.954895	8.67828	
0.950928	8.6795	
0.949097	8.6795	
0.949097	8.6795	
0.951843	8.67889	
0.954895	8.67889	
0.95459	8.67859	
0.953064	8.6795	
0.958252	8.6792	
0.9552	8.67828	
0.953369	8.67889	
0.950012	8.67859	
0.949097	8.67859	
0.952759	8.67859	
0.952148	8.67889	
0.953369	8.6792	
0.95459	8.6792	
0.952454	8.67889	
0.954285	8.67889	
0.951233	8.67859	
0.949707	8.6795	
0.956116	8.6795	
0.954895	8.6792	
0.956421	8.67828	
0.949707	8.67889	
0.949402	8.67889	
0.951233	8.67889	
0.953674	8.67859	
0.95459	8.67828	
0.951233	8.67828	
0.952148	8.6795	
0.953064	8.6792	
0.951843	8.67981	
0.953369	8.67889	
0.9552	8.67889	
0.950317	8.67981	
0.949097	8.67859	
0.949097	8.67889	
0.949097	8.67889	
0.954895	8.6792	
0.953674	8.67889	
0.954895	8.67889	
0.95459	8.6792	
0.953064	8.6795	
0.952454	8.6795	
0.953674	8.67889	
0.958557	8.67859	
0.952759	8.67889	
0.949097	8.67889	
0.951538	8.67889	
0.953979	8.67889	
0.953674	8.6792	
0.95459	8.67889	
0.954285	8.67981	
0.950623	8.6795	
0.951233	8.67889	
0.950928	8.67859	
0.957642	8.67889	
0.957947	8.6792	
0.956421	8.6792	
0.953064	8.6792	
0.949707	8.67859	
0.951233	8.67889	
0.953674	8.6792	
0.954285	8.67889	
0.953979	8.6792	
0.952454	8.67859	
0.952148	8.6792	
0.951538	8.67828	
0.953064	8.67889	
0.953064	8.6795	
0.954895	8.6792	
0.952148	8.67859	
0.950012	8.6792	
0.952454	8.67889	
0.954895	8.6792	
0.952454	8.6795	
0.952759	8.6795	
0.953064	8.6792	
0.957947	8.6792	
0.957947	8.6792	
0.957947	8.67889	
0.950317	8.67859	
0.952148	8.6792	
0.952759	8.67889	
0.953369	8.67859	
0.953064	8.6792	
0.952454	8.6792	
0.953064	8.67981	
0.9552	8.67981	
0.954895	8.67889	
0.952759	8.67859	
0.953064	8.6792	
0.952759	8.67828	
0.95459	8.67889	
0.95459	8.6792	
0.956116	8.67859	
0.953979	8.6792	
0.949707	8.67889	
0.954895	8.6795	
0.951233	8.67889	
0.95459	8.67859	
0.952759	8.67889	
0.952759	8.6792	
0.949097	8.67889	
0.949097	8.67889	
0.949097	8.67859	
0.950012	8.6792	
0.953979	8.67889	
0.954285	8.67889	
0.953369	8.67981	
0.952759	8.6795	
0.951843	8.6792	
0.953064	8.67889	
0.953674	8.67859	
0.954285	8.6792	
0.953369	8.67889	
0.953979	8.67828	
0.952759	8.67889	
0.953369	8.6792	
0.954285	8.6792	
0.953979	8.67981	
0.954895	8.67889	
0.954895	8.6795	
0.957642	8.67981	
0.952454	8.67798	
0.953369	8.67828	
0.950928	8.6792	
0.950623	8.67889	
0.949707	8.67859	
0.952759	8.6792	
0.953064	8.67889	
0.95459	8.67859	
0.954895	8.67889	
0.953064	8.67889	
0.953369	8.6792	
0.953064	8.67889	
0.951843	8.6792	
0.950928	8.6795	
0.954285	8.6795	
0.957642	8.6792	
0.957031	8.6795	
0.957947	8.67981	
0.956116	8.6792	
0.957642	8.67859	
0.955811	8.67889	
0.950012	8.67889	
0.9552	8.67859	
0.953979	8.67889	
0.951233	8.67828	
0.951233	8.6792	
0.953369	8.67859	
0.955505	8.67859	
0.955505	8.6792	
0.950928	8.67828	
0.949707	8.67798	
0.949097	8.67859	
0.9552	8.67828	
0.952759	8.67798	
0.958557	8.67889	
0.949097	8.67889	
0.953064	8.67828	
0.952148	8.67889	
0.955505	8.6792	
0.952454	8.67828	
0.9552	8.67798	
0.950317	8.67828	
0.952148	8.67889	
0.957947	8.67859	
0.950623	8.67767	
0.951843	8.67889	
0.954285	8.67859	
0.951233	8.67798	
0.951538	8.6792	
0.953979	8.67828	
0.955505	8.67859	
0.950012	8.67859	
0.952454	8.67828	
0.953674	8.67859	
0.95459	8.67767	
0.958557	8.6792	
0.948792	8.67889	
0.953064	8.67889	
0.953064	8.67859	
0.95459	8.67828	
0.953369	8.6792	
0.954285	8.6795	
0.953979	8.67889	
0.955505	8.6792	
0.950012	8.67889	
0.951233	8.6792	
0.95459	8.6792	
0.950928	8.67889	
0.955505	8.6792	
0.9552	8.67828	
0.950928	8.67889	
0.949707	8.67889	
0.954895	8.67828	
0.957642	8.6792	
0.957642	8.6792	
0.956116	8.6795	
0.951233	8.6792	
0.952759	8.6792	
0.953369	8.6795	
0.951538	8.6795	
0.955505	8.67859	
0.954285	8.6792	
0.949707	8.6792	
0.954285	8.6792	
0.956421	8.67859	
0.949707	8.67889	
0.952454	8.67889	
0.95459	8.67889	
0.953064	8.67859	
0.951233	8.67981	
0.956116	8.67828	
0.950623	8.67981	
0.948792	8.67828	
0.954285	8.67889	
0.952148	8.67889	
0.958252	8.6795	
0.955811	8.67889	
0.948792	8.67889	
0.952454	8.6792	
0.954285	8.67889	
0.952148	8.67889	
0.952148	8.67889	
0.951233	8.67981	
0.950012	8.6792	
0.953064	8.67859	
0.956116	8.67889	
0.956421	8.67889	
0.953369	8.67889	
0.953674	8.67889	
0.954895	8.67889	
0.952148	8.67889	
0.950928	8.6792	
0.95459	8.67889	
0.955811	8.6792	
0.951233	8.67889	
0.951843	8.6792	
0.95459	8.67859	
0.954895	8.67889	
0.952148	8.67859	
0.958252	8.67859	
0.949707	8.67859	
0.952148	8.6795	
0.95459	8.67828	
0.952759	8.67889	
0.953369	8.67889	
0.952148	8.6792	
0.956116	8.67889	
0.953979	8.67889	
0.949402	8.67889	
0.950928	8.67889	
0.953064	8.6792	
0.95459	8.6792	
0.953674	8.67889	
0.951843	8.6792	
0.953674	8.6792	
0.949707	8.6792	
0.954895	8.6795	
0.953064	8.67889	
0.958252	8.6795	
0.95459	8.67889	
0.951538	8.67889	
0.951538	8.6792	
0.951843	8.67981	
0.953064	8.67889	
0.952759	8.6792	
0.9552	8.6795	
0.950012	8.6792	
0.955811	8.67889	
0.951233	8.67859	
0.952454	8.67859	
0.953369	8.6792	
0.951233	8.67859	
0.95459	8.6795	
0.955811	8.67889	
0.951538	8.67889	
0.954895	8.67889	
0.958557	8.67981	
0.958557	8.67889	
0.952759	8.6792	
0.952148	8.67859	
0.954285	8.6792	
0.952454	8.6795	
0.95459	8.67889	
0.951233	8.67889	
0.95459	8.67859	
0.957947	8.67889	
0.950012	8.67828	
0.953064	8.67859	
0.954285	8.67859	
0.952148	8.6792	
0.954895	8.67859	
0.950012	8.6792	
0.955505	8.6792	
0.952759	8.67889	
0.959473	8.67889	
0.949402	8.67859	
0.952759	8.67889	
0.953064	8.6792	
0.952454	8.67889	
0.950012	8.67889	
0.957642	8.6792	
0.950623	8.67828	
0.954285	8.6795	
0.954895	8.6792	
0.951233	8.67889	
0.9552	8.67889	
0.953674	8.67828	
0.954285	8.67889	
0.953369	8.67889	
0.95459	8.67889	
0.949402	8.6792	
0.953674	8.6792	
0.953064	8.6792	
0.954285	8.6792	
0.953064	8.67889	
0.95459	8.67981	
0.958252	8.67798	
0.949707	8.67889	
0.951538	8.6792	
0.954285	8.6792	
0.952454	8.6792	
0.952759	8.6792	
0.951538	8.67889	
0.953064	8.6792	
0.959473	8.67889	
0.949402	8.67889	
0.952148	8.67889	
0.95459	8.67859	
0.952454	8.6792	
0.9552	8.67889	
0.957947	8.67889	
0.949707	8.6795	
0.95459	8.67889	
0.952759	8.67889	
0.955811	8.6795	
0.951233	8.6792	
0.957336	8.67859	
0.950012	8.67889	
0.953064	8.67889	
0.954895	8.6792	
0.954285	8.67859	
0.949402	8.6795	
0.956421	8.67889	
0.953979	8.67828	
0.951843	8.67889	
0.955505	8.67859	
0.951233	8.67889	
0.954285	8.6792	
0.949097	8.67889	
0.952454	8.6795	
0.952454	8.6792	
0.9552	8.6792	
0.95459	8.67859	
0.950012	8.6792	
0.95459	8.67889	
0.951538	8.67828	
0.952454	8.6795	
0.952148	8.67889	
0.953674	8.67889	
0.958557	8.67889	
0.949707	8.67889	
0.952148	8.67889	
0.951538	8.67828	
0.954285	8.6792	
0.953979	8.67889	
0.952148	8.6795	
0.952759	8.6792	
0.953674	8.67859	
0.953369	8.67889	
0.951233	8.67889	
0.951843	8.68011	
0.958557	8.67889	
0.950012	8.6792	
0.952148	8.67889	
0.951538	8.67859	
0.950623	8.67889	
0.958252	8.67767	
0.950623	8.67767	
0.954285	8.67828	
0.951538	8.67859	
0.953369	8.67798	
0.950012	8.67798	
0.954895	8.67828	
0.95459	8.67737	
0.959167	8.67859	
0.950012	8.67828	
0.951843	8.67737	
0.953979	8.67859	
0.953064	8.67828	
0.950317	8.67859	
0.954895	8.67889	
0.951843	8.6792	
0.952759	8.67859	
0.956116	8.6792	
0.949402	8.67828	
0.955811	8.67859	
0.953064	8.67859	
0.951843	8.67828	
0.95459	8.67859	
0.953979	8.67798	
0.956421	8.67859	
0.960999	8.67828	
0.950012	8.6792	
0.954285	8.67889	
0.952148	8.67859	
0.95459	8.6792	
0.952759	8.67828	
0.955811	8.67889	
0.957336	8.67889	
0.950012	8.67889	
0.953674	8.67889	
0.954895	8.67889	
0.954895	8.67767	
0.95459	8.67828	
0.953979	8.67981	
0.953979	8.6792	
0.952148	8.67889	
0.956116	8.67889	
0.951233	8.6792	
0.953064	8.67889	
0.949707	8.67859	
0.953064	8.67889	
0.954895	8.67859	
0.951843	8.67859	
0.951843	8.67859	
0.953674	8.67859	
0.953064	8.67859	
0.953674	8.6792	
0.949707	8.6792	
0.955811	8.67859	
0.949707	8.6792	
0.952454	8.67859	
0.952759	8.67889	
0.95459	8.67859	
0.951538	8.67889	
0.952148	8.67798	
0.953369	8.67828	
0.952454	8.67889	
0.954285	8.67889	
0.955811	8.67889	
0.953674	8.67859	
0.952148	8.67859	
0.953369	8.67889	
0.952759	8.67889	
0.950317	8.6792	
0.958252	8.67828	
0.952148	8.67828	
0.953369	8.67859	
0.954895	8.67798	
0.951233	8.67859	
0.955505	8.67859	
0.955811	8.67889	
0.950317	8.67828	
0.954895	8.67828	
0.954895	8.67828	
0.950928	8.67889	
0.951843	8.6795	
0.953674	8.67828	
0.952148	8.67859	
0.955811	8.67828	
0.950623	8.67889	
0.953064	8.67828	
0.957947	8.67828	
0.948792	8.67859	
0.953674	8.67828	
0.952148	8.67889	
0.952454	8.67828	
0.957947	8.67889	
0.950317	8.67798	
0.954285	8.6792	
0.952454	8.67767	
0.956116	8.67859	
0.950012	8.67889	
0.955505	8.6792	
0.957336	8.67859	
0.950317	8.67859	
0.954285	8.67889	
0.955505	8.67859	
0.950623	8.67859	
0.953674	8.67859	
0.954895	8.67859	
0.955505	8.67859	
0.951233	8.67767	
0.954895	8.67859	
0.958252	8.67828	
0.953979	8.67859	
0.954895	8.67798	
0.955505	8.67798	
0.952454	8.67889	
0.951233	8.67828	
0.953979	8.67859	
0.956116	8.67889	
0.95459	8.67859	
0.953674	8.67889	
0.954895	8.67889	
0.95459	8.67798	
0.95459	8.67828	
0.952759	8.67828	
0.955811	8.67859	
0.953979	8.67889	
0.952759	8.67767	
0.953979	8.67859	
0.953064	8.67889	
0.954895	8.67859	
0.950317	8.67859	
0.955811	8.67828	
0.956726	8.6792	
0.953674	8.67859	
0.953674	8.67889	
0.952759	8.67828	
0.954895	8.67889	
0.951233	8.67798	
0.958252	8.67859	
0.950012	8.67798	
0.954895	8.67828	
0.953674	8.67828	
0.952148	8.67889	
0.955811	8.67767	
0.954285	8.67859	
0.953369	8.67828	
0.952759	8.67859	
0.954895	8.67859	
0.953674	8.67828	
0.953674	8.67859	
0.957642	8.67889	
0.950928	8.67798	
0.953979	8.67859	
0.952148	8.67889	
0.952454	8.67889	
0.9552	8.67798	
0.953064	8.67859	
0.953674	8.6792	
0.959778	8.67889	
0.951233	8.67889	
0.952454	8.67859	
0.952454	8.67828	
0.950623	8.67889	
0.957947	8.67889	
0.953369	8.67828	
0.952759	8.67889	
0.956421	8.67889	
0.950623	8.67859	
0.955505	8.67798	
0.953674	8.67828	
0.955811	8.67859	
0.952759	8.67889	
0.953979	8.67859	
0.9552	8.67828	
0.951233	8.67889	
0.957642	8.67859	
0.952759	8.67798	
0.953064	8.67889	
0.95459	8.67859	
0.950623	8.67828	
0.9552	8.67889	
0.959473	8.67889	
0.951843	8.67828	
0.95459	8.67859	
0.952759	8.67828	
0.952148	8.67859	
0.955811	8.67828	
0.954285	8.67859	
0.953369	8.67828	
0.952148	8.67798	
0.955505	8.67828	
0.958252	8.67889	
0.950928	8.67828	
0.954285	8.67828	
0.954895	8.6792	
0.950317	8.6792	
0.953674	8.67859	
0.954895	8.67828	
0.955505	8.67798	
0.952148	8.67798	
0.953674	8.67889	
0.949097	8.67828	
0.953979	8.67859	
0.954895	8.67889	
0.957947	8.67889	
0.953064	8.6795	
0.951538	8.67828	
0.956116	8.67828	
0.950928	8.67828	
0.952759	8.67767	
0.949097	8.67828	
0.95459	8.67859	
0.953674	8.67859	
0.953064	8.67767	
0.949402	8.67767	
0.95459	8.67828	
0.953979	8.67859	
0.950317	8.67767	
0.952148	8.67859	
0.950623	8.67859	
0.952148	8.67859	
0.951843	8.67859	
0.951538	8.67828	
0.953064	8.67859	
0.954895	8.67859	
0.951843	8.67828	
0.9552	8.6792	
0.949402	8.67828	
0.952454	8.67859	
0.949097	8.67828	
0.951843	8.67859	
0.95459	8.67859	
0.953064	8.67859	
0.952148	8.67828	
0.955505	8.6792	
0.951233	8.67798	
0.954285	8.67798	
0.955811	8.67889	
0.957947	8.67798	
0.949402	8.67889	
0.952759	8.67828	
0.952759	8.67828	
0.950623	8.67859	
0.957947	8.6795	
0.953674	8.67828	
0.952148	8.67889	
0.952759	8.67828	
0.9552	8.67889	
0.957947	8.67859	
0.952454	8.67889	
0.954285	8.67798	
0.955811	8.67859	
0.952759	8.67859	
0.953369	8.67889	
0.951843	8.67859	
0.954895	8.67859	
0.951538	8.67859	
0.953369	8.67828	
0.957336	8.67859	
0.952148	8.67859	
0.9552	8.67828	
0.955505	8.67889	
0.954285	8.67889	
0.951538	8.67859	
0.9552	8.67889	
0.952454	8.67889	
0.956421	8.67859	
0.951233	8.67828	
0.954895	8.67889	
0.959473	8.67859	
0.953064	8.67828	
0.953064	8.67798	
0.952148	8.6795	
0.958557	8.67889	
0.953064	8.67859	
0.953674	8.67859	
0.956116	8.67859	
0.95459	8.67828	
0.959167	8.67859	
0.953674	8.67828	
0.9552	8.67889	
0.953064	8.67828	
0.955811	8.67828	
0.952454	8.67859	
0.953064	8.67798	
0.953979	8.67889	
0.955505	8.67889	
0.958557	8.67889	
0.953064	8.67828	
0.9552	8.67798	
0.9552	8.6795	
0.952148	8.67828	
0.953064	8.67798	
0.9552	8.67828	
0.952759	8.67889	
0.951538	8.67889	
0.954285	8.67859	
0.952148	8.67859	
0.953369	8.67889	
0.954895	8.67859	
0.957642	8.67859	
0.951538	8.67828	
0.9552	8.67859	
0.9552	8.6792	
0.950623	8.67859	
0.955811	8.67798	
0.958252	8.67859	
0.951538	8.67828	
0.9552	8.67859	
0.953064	8.67828	
0.951233	8.67859	
0.950317	8.67828	
0.9552	8.67859	
0.95459	8.67828	
0.952454	8.67828	
0.956116	8.67859	
0.959473	8.67798	
0.951538	8.67889	
0.954285	8.67798	
0.955811	8.67767	
0.954285	8.67828	
0.955811	8.67889	
0.95459	8.67828	
0.954285	8.67889	
0.950623	8.67828	
0.953674	8.67859	
0.958862	8.67828	
0.95459	8.67706	
0.954285	8.67767	
0.954895	8.67798	
0.956116	8.67767	
0.951233	8.67798	
0.95459	8.67798	
0.956726	8.67767	
0.950623	8.67798	
0.960083	8.67798	
0.954285	8.67767	
0.954895	8.67798	
0.954895	8.67767	
0.958862	8.67706	
0.955505	8.67798	
0.955505	8.67828	
0.950317	8.67737	
0.955811	8.67767	
0.950623	8.67706	
0.953979	8.67767	
0.953674	8.67828	
0.950928	8.67767	
0.950928	8.67767	
0.953064	8.67737	
0.952759	8.67798	
0.956116	8.67767	
0.958252	8.67706	
0.952148	8.67676	
0.956116	8.67767	
0.954285	8.67737	
0.959167	8.67828	
0.9552	8.67828	
0.953979	8.67798	
0.953674	8.67828	
0.95459	8.67859	
0.957031	8.67767	
0.953979	8.67767	
0.954285	8.67767	
0.955811	8.67767	
0.958252	8.67798	
0.954285	8.67767	
0.952759	8.67767	
0.9552	8.67737	
0.955505	8.67706	
0.957336	8.67767	
0.953064	8.67767	
0.956116	8.67798	
0.95459	8.67798	
0.957947	8.67798	
0.953064	8.67798	
0.953064	8.67767	
0.954895	8.67767	
0.953674	8.67737	
0.950012	8.67737	
0.953369	8.67737	
0.953674	8.67767	
0.951233	8.67798	
0.952759	8.67706	
0.952454	8.67767	
0.950317	8.67859	
0.9552	8.67828	
0.950012	8.67767	
0.955811	8.67767	
0.955505	8.67798	
0.958862	8.67767	
0.953369	8.67767	
0.953064	8.67737	
0.954895	8.67767	
0.955505	8.67798	
0.955505	8.67798	
0.950928	8.67706	
0.955505	8.67767	
0.954285	8.67798	
0.954895	8.67767	
0.953369	8.67767	
0.952454	8.67767	
0.954895	8.67706	
0.955505	8.67767	
0.958252	8.67798	
0.954895	8.67798	
0.952759	8.67737	
0.950928	8.67767	
0.950928	8.67767	
0.956421	8.67798	
0.9552	8.67828	
0.954285	8.67798	
0.957031	8.67798	
0.952148	8.67737	
0.954895	8.67798	
0.956116	8.67767	
0.95459	8.67767	
0.9552	8.67798	
0.954895	8.67737	
0.951233	8.67737	
0.957031	8.67737	
0.953674	8.67828	
0.9552	8.67889	
0.95459	8.67767	
0.958862	8.67828	
0.955811	8.67798	
0.956116	8.67706	
0.953674	8.67798	
0.957336	8.67737	
0.953674	8.67767	
0.952759	8.67798	
0.951843	8.67767	
0.953979	8.67737	
0.95459	8.67767	
0.955505	8.67767	
0.956421	8.67767	
0.959167	8.67767	
0.953979	8.67767	
0.953064	8.67767	
0.953064	8.67798	
0.953979	8.67767	
0.954285	8.67767	
0.952759	8.67737	
0.958252	8.67767	
0.953674	8.67798	
0.953064	8.67798	
0.958252	8.67828	
0.95459	8.67767	
0.955505	8.67767	
0.953674	8.67798	
0.954895	8.67767	
0.952759	8.67828	
0.951233	8.67767	
0.950928	8.67828	
0.953064	8.67767	
0.950623	8.67767	
0.955505	8.67737	
0.950623	8.67767	
0.9552	8.67798	
0.951538	8.67767	
0.950012	8.67828	
0.952454	8.67859	
0.952759	8.67737	
0.959473	8.67767	
0.954285	8.67828	
0.952454	8.67767	
0.950928	8.67737	
0.950623	8.67706	
0.953369	8.67798	
0.951233	8.67767	
0.960083	8.67767	
0.953064	8.67798	
0.952454	8.67737	
0.954895	8.67737	
0.9552	8.67706	
0.956421	8.67798	
0.9552	8.67798	
0.959167	8.67767	
0.953064	8.67737	
0.953064	8.67706	
0.952759	8.67767	
0.953064	8.67767	
0.952454	8.67798	
0.950317	8.67767	
0.957031	8.67798	
0.952148	8.67828	
0.953064	8.67828	
0.952148	8.67798	
0.952759	8.67706	
0.953979	8.67737	
0.952759	8.67737	
0.955811	8.67737	
0.953369	8.67798	
0.956116	8.67889	
0.952759	8.67859	
0.952759	8.67798	
0.955505	8.67798	
0.957336	8.67828	
0.950623	8.67798	
0.954895	8.67889	
0.952148	8.67859	
0.950623	8.67767	
0.953064	8.67828	
0.952454	8.67798	
0.95459	8.67798	
0.953064	8.67767	
0.95459	8.67859	
0.951233	8.67767	
0.950317	8.67859	
0.955505	8.67798	
0.956116	8.67767	
0.955811	8.67828	
0.950012	8.67798	
0.955811	8.67798	
0.953674	8.67859	
0.955811	8.67828	
0.955505	8.67828	
0.955811	8.67828	
0.954285	8.67798	
0.953674	8.67798	
0.952759	8.67859	
0.953674	8.67767	
0.953064	8.67798	
0.951843	8.67859	
0.959778	8.67767	
0.954285	8.67859	
0.953979	8.67859	
0.950928	8.67828	
0.952454	8.67798	
0.953674	8.67859	
0.953674	8.67828	
0.955811	8.67767	
0.9552	8.67859	
0.954285	8.67798	
0.958252	8.67798	
0.955811	8.67737	
0.953369	8.67798	
0.95459	8.67767	
0.952759	8.67706	
0.953369	8.67767	
0.951843	8.67767	
0.95459	8.67798	
0.953674	8.67798	
0.953674	8.67767	
0.956116	8.67706	
0.950928	8.67676	
0.9552	8.67798	
0.951843	8.67798	
0.951233	8.67706	
0.952759	8.67798	
0.953674	8.67828	
0.960388	8.67737	
0.953979	8.67706	
0.953979	8.67737	
0.959167	8.67767	
0.954285	8.67798	
0.953369	8.67798	
0.953674	8.67767	
0.959473	8.67767	
0.954285	8.67737	
0.956726	8.67767	
0.952148	8.67767	
0.954895	8.67767	
0.953674	8.67737	
0.953979	8.67767	
0.954285	8.67798	
0.956116	8.67767	
0.951538	8.67767	
0.950928	8.67615	
0.953064	8.67706	
0.953064	8.67767	
0.958557	8.67767	
0.953979	8.67798	
0.95459	8.67767	
0.95459	8.67767	
0.952148	8.67798	
0.953064	8.67828	
0.951233	8.67767	
0.955505	8.67798	
0.953674	8.67737	
0.953674	8.67737	
0.958862	8.67737	
0.956116	8.67798	
0.9552	8.67798	
0.950928	8.67798	
0.957031	8.67859	
0.951538	8.67706	
0.956726	8.67798	
0.953064	8.67798	
0.950623	8.67767	
0.953064	8.67798	
0.953064	8.67798	
0.955811	8.67767	
0.95459	8.67706	
0.9552	8.67828	
0.959167	8.67767	
0.955505	8.67767	
0.953979	8.67798	
0.951233	8.67737	
0.959778	8.67828	
0.953674	8.67767	
0.953064	8.67828	
0.955811	8.67767	
0.953369	8.67828	
0.953674	8.67828	
0.953064	8.67798	
0.958862	8.67798	
0.954285	8.67767	
0.95459	8.67737	
0.959473	8.67798	
0.955811	8.67767	
0.955505	8.67737	
0.956421	8.67767	
0.954285	8.67767	
0.9552	8.67798	
0.951233	8.67737	
0.950623	8.67798	
0.952759	8.67767	
0.951233	8.67706	
0.957947	8.67706	
0.95459	8.67859	
0.95459	8.67859	
0.957336	8.67737	
0.955505	8.67767	
0.956421	8.67737	
0.956421	8.67798	
0.957642	8.67676	
0.955811	8.67767	
0.951843	8.67737	
0.953674	8.67767	
0.954285	8.67706	
0.951233	8.67737	
0.958862	8.67828	
0.953674	8.67798	
0.955811	8.67706	
0.958862	8.67767	
0.956116	8.67828	
0.956421	8.67767	
0.95459	8.67767	
0.950623	8.67737	
0.956116	8.67737	
0.951233	8.67737	
0.952148	8.67676	
0.9552	8.67828	
0.952759	8.67767	
0.956421	8.67828	
0.9552	8.67767	
0.954285	8.67737	
0.958557	8.67798	
0.956726	8.67798	
0.956421	8.67798	
0.95459	8.67798	
0.954285	8.67798	
0.955505	8.67737	
0.955505	8.67767	
0.955505	8.67828	
0.954895	8.67859	
0.953979	8.67828	
0.950928	8.67737	
0.953674	8.67767	
0.958862	8.67767	
0.952759	8.67767	
0.951538	8.67828	
0.954285	8.67737	
0.955505	8.67828	
0.951538	8.67767	
0.952759	8.67737	
0.953674	8.67798	
0.95459	8.67798	
0.95459	8.67798	
0.954895	8.67859	
0.951233	8.67828	
0.952454	8.67798	
0.953369	8.67798	
0.952454	8.67767	
0.958862	8.67859	
0.95459	8.67737	
0.955811	8.67737	
0.959473	8.67798	
0.9552	8.67767	
0.954895	8.67798	
0.955811	8.67798	
0.950928	8.67645	
0.9552	8.67859	
0.952148	8.67798	
0.952454	8.67767	
0.952759	8.67767	
0.950928	8.67737	
0.956726	8.67737	
0.954895	8.67737	
0.956421	8.67798	
0.957336	8.67828	
0.954285	8.67798	
0.955811	8.67767	
0.954895	8.67798	
0.952148	8.67828	
0.954895	8.67859	
0.951538	8.67828	
0.952148	8.67798	
0.953979	8.67767	
0.950928	8.67737	
0.957336	8.67798	
0.950928	8.67737	
0.954285	8.67767	
0.953369	8.67706	
0.951538	8.67798	
0.953369	8.67767	
0.951843	8.67737	
0.959473	8.67798	
0.953979	8.67798	
0.9552	8.67798	
0.956116	8.67767	
0.953369	8.67767	
0.951843	8.67798	
0.958252	8.67767	
0.953674	8.67737	
0.954895	8.67798	
0.958557	8.67798	
0.955505	8.67798	
0.957031	8.67798	
0.954895	8.67859	
0.953674	8.67706	
0.953979	8.67767	
0.953064	8.67767	
0.9552	8.67706	
0.957336	8.67798	
0.957642	8.67767	
0.956726	8.67798	
0.957031	8.67828	
0.955811	8.67767	
0.951538	8.67706	
0.953064	8.67737	
0.95459	8.67828	
0.953064	8.67767	
0.955811	8.67798	
0.95459	8.67737	
0.953979	8.67798	
0.9552	8.67828	
0.9552	8.67767	
0.959778	8.67828	
0.954285	8.67859	
0.956116	8.67798	
0.957031	8.67706	
0.955505	8.67767	
0.951538	8.67767	
0.957336	8.67737	
0.955505	8.67767	
0.953674	8.67737	
0.956421	8.67767	
0.956421	8.67737	
0.955505	8.67798	
0.9552	8.67767	
0.95459	8.67798	
0.956421	8.67645	
0.955811	8.67767	
0.956116	8.67767	
0.953979	8.67767	
0.9552	8.67706	
0.955505	8.67798	
0.954285	8.67737	
0.959778	8.67737	
0.956116	8.67828	
0.95459	8.67828	
0.957031	8.67828	
0.95459	8.67767	
0.954895	8.67767	
0.957336	8.67767	
0.953674	8.67798	
0.954285	8.67737	
0.959167	8.67676	
0.955811	8.67737	
0.957031	8.67706	
0.952148	8.67676	
0.953979	8.67737	
0.950928	8.67706	
0.960999	8.67706	
0.9552	8.67706	
0.9552	8.67706	
0.952148	8.67737	
0.953674	8.67737	
0.953064	8.67737	
0.95459	8.67737	
0.954895	8.67737	
0.958862	8.67737	
0.956421	8.67676	
0.951843	8.67767	
0.956726	8.67767	
0.955811	8.67737	
0.955811	8.67767	
0.952148	8.67676	
0.955505	8.67767	
0.9552	8.67767	
0.958252	8.67737	
0.954895	8.67798	
0.95459	8.67737	
0.958557	8.67737	
0.956726	8.67706	
0.955811	8.67706	
0.957947	8.67706	
0.954285	8.67676	
0.956116	8.67737	
0.957947	8.67767	
0.955811	8.67737	
0.957642	8.67676	
0.956726	8.67767	
0.952148	8.67706	
0.956421	8.67645	
0.950928	8.67767	
0.953979	8.67706	
0.954285	8.67706	
0.95459	8.67737	
0.951233	8.67676	
0.957031	8.67676	
0.951843	8.67737	
0.953674	8.67706	
0.954285	8.67798	
0.957336	8.67737	
0.951233	8.67706	
0.953674	8.67737	
0.955811	8.67706	
0.95459	8.67706	
0.957336	8.67737	
0.953064	8.67737	
0.953979	8.67737	
0.955811	8.67767	
0.954895	8.67676	
0.951538	8.67706	
0.959473	8.67737	
0.956116	8.67676	
0.952759	8.67767	
0.954285	8.67737	
0.954895	8.67706	
0.957336	8.67706	
0.951843	8.67676	
0.955505	8.67737	
0.952148	8.67767	
0.950317	8.67676	
0.953979	8.67706	
0.953674	8.67737	
0.960083	8.67706	
0.95459	8.67737	
0.953674	8.67767	
0.951233	8.67737	
0.956421	8.67737	
0.953979	8.67767	
0.954285	8.67737	
0.956116	8.67706	
0.957031	8.67767	
0.953674	8.67737	
0.954895	8.67767	
0.95459	8.67706	
0.9552	8.67706	
0.952454	8.67767	
0.956726	8.67737	
0.957642	8.67798	
0.955505	8.67737	
0.954895	8.67645	
0.953674	8.67828	
0.959167	8.67737	
0.956116	8.67706	
0.953979	8.67737	
0.958252	8.67737	
0.953979	8.67737	
0.954895	8.67706	
0.951843	8.67676	
0.953064	8.67706	
0.955811	8.67737	
0.957336	8.67676	
0.956421	8.67676	
0.951843	8.67737	
0.955811	8.67737	
0.956116	8.67706	
0.95459	8.67798	
0.9552	8.67767	
0.956726	8.67737	
0.951843	8.67706	
0.953979	8.67798	
0.956421	8.67767	
0.955811	8.67737	
0.954895	8.67737	
0.957947	8.67767	
0.956421	8.67828	
0.953674	8.67798	
0.95459	8.67767	
0.95459	8.67737	
0.953369	8.67737	
0.957947	8.67737	
0.956116	8.67645	
0.957642	8.67767	
0.9552	8.67798	
0.95459	8.67798	
0.953064	8.67737	
0.958557	8.67798	
0.956726	8.67737	
0.953674	8.67828	
0.950012	8.67737	
0.954285	8.67798	
0.958862	8.67584	
0.953979	8.67767	
0.957642	8.67706	
0.950928	8.67737	
0.953674	8.67706	
0.958862	8.67737	
0.95459	8.67706	
0.952759	8.67737	
0.958862	8.67737	
0.954285	8.67706	
0.953064	8.67767	
0.953674	8.67859	
0.954895	8.67737	
0.956116	8.67798	
0.958252	8.67737	
0.954285	8.67676	
0.954895	8.67767	
0.953979	8.67737	
0.957336	8.67767	
0.955505	8.67737	
0.95459	8.67737	
0.956421	8.67767	
0.959778	8.67737	
0.955505	8.67706	
0.952454	8.67706	
0.955811	8.67767	
0.954285	8.67737	
0.954895	8.67737	
0.958862	8.67767	
0.95459	8.67706	
0.952148	8.67798	
0.960083	8.67645	
0.954285	8.67767	
0.954895	8.67706	
0.953979	8.67737	
0.957642	8.67706	
0.956726	8.67767	
0.950012	8.67676	
0.95459	8.67767	
0.954285	8.67767	
0.953064	8.67767	
0.952454	8.67737	
0.959167	8.67798	
0.955811	8.67737	
0.954285	8.67767	
0.954285	8.67767	
0.957031	8.67798	
0.959167	8.67767	
0.956116	8.67767	
0.953064	8.67737	
0.957031	8.67706	
0.954895	8.67767	
0.960388	8.67767	
0.9552	8.67706	
0.956421	8.67767	
0.953369	8.67676	
0.956421	8.67737	
0.95459	8.67798	
0.95459	8.67737	
0.954285	8.67737	
0.954285	8.67706	
0.956421	8.67706	
0.957031	8.67706	
0.956726	8.67706	
0.953369	8.67828	
0.956421	8.67706	
0.952148	8.67706	
0.959167	8.67737	
0.95459	8.67645	
0.956421	8.67676	
0.955505	8.67676	
0.957336	8.67706	
0.954285	8.67767	
0.954895	8.67737	
0.952454	8.67706	
0.954285	8.67706	
0.953979	8.67676	
0.960083	8.67737	
0.957031	8.67767	
0.953369	8.67676	
0.956116	8.67737	
0.951843	8.67676	
0.956726	8.67767	
0.955811	8.67767	
0.958557	8.67798	
0.954285	8.67676	
0.953674	8.67706	
0.957336	8.67676	
0.956116	8.67706	
0.957031	8.67737	
0.956421	8.67737	
0.953064	8.67798	
0.950928	8.67676	
0.953064	8.67706	
0.959778	8.67767	
0.953369	8.67645	
0.956116	8.67798	
0.952759	8.67737	
0.956116	8.67676	
0.956726	8.67767	
0.9552	8.67676	
0.952759	8.67737	
0.951233	8.67676	
0.956116	8.67767	
0.957336	8.67676	
0.956421	8.67676	
0.953674	8.67676	
0.957947	8.67767	
0.956116	8.67706	
0.953369	8.67767	
0.955505	8.67828	
0.954895	8.67737	
0.954285	8.67798	
0.954285	8.67767	
0.957642	8.67737	
0.953369	8.67737	
0.95459	8.67706	
0.957031	8.67737	
0.951233	8.67737	
0.953979	8.67737	
0.959167	8.67767	
0.953979	8.67706	
0.95459	8.67737	
0.952148	8.67737	
0.957031	8.67737	
0.953674	8.67706	
0.953979	8.67737	
0.956421	8.67737	
0.951538	8.67706	
0.953674	8.67676	
0.958557	8.67737	
0.95459	8.67676	
0.953064	8.67737	
0.960083	8.67706	
0.954895	8.67767	
0.956726	8.67798	
0.957336	8.67767	
0.951538	8.67676	
0.959778	8.67706	
0.957642	8.67706	
0.955505	8.67798	
0.956421	8.67737	
0.952148	8.67737	
0.95459	8.67737	
0.957031	8.67706	
0.957336	8.67706	
0.955505	8.67676	
0.952148	8.67706	
0.961304	8.67676	
0.956421	8.67767	
0.954285	8.67767	
0.955811	8.67706	
0.953064	8.67767	
0.951538	8.67676	
0.954285	8.67706	
0.959473	8.67767	
0.954285	8.67737	
0.9552	8.67798	
0.951233	8.67737	
0.956726	8.67676	
0.953369	8.67737	
0.957336	8.67737	
0.958252	8.67767	
0.956116	8.67767	
0.952148	8.67767	
0.956116	8.67737	
0.953979	8.67706	
0.951843	8.67645	
0.95459	8.67737	
0.953064	8.67706	
0.955505	8.67859	
0.957336	8.67798	
0.954285	8.67737	
0.958252	8.67706	
0.953979	8.67767	
0.957031	8.67798	
0.959778	8.67767	
0.954895	8.67737	
0.952148	8.67706	
0.956421	8.67798	
0.951538	8.67737	
0.957642	8.67798	
0.954895	8.67737	
0.955811	8.67767	
0.9552	8.67767	
0.9552	8.67676	
0.960999	8.67737	
0.9552	8.67676	
0.952454	8.67706	
0.956116	8.67706	
0.953369	8.67706	
0.960999	8.67676	
0.955505	8.67767	
0.958557	8.67767	
0.954895	8.67767	
0.954895	8.67767	
0.955811	8.67737	
0.953064	8.67798	
0.956116	8.67767	
0.951538	8.67706	
0.9552	8.67706	
0.955505	8.67767	
0.958252	8.67737	
0.95459	8.67767	
0.95459	8.67767	
0.951843	8.67767	
0.954285	8.67737	
0.954285	8.67706	
0.957642	8.67798	
0.954895	8.67767	
0.95459	8.67767	
0.956421	8.67676	
0.956116	8.67706	
0.952759	8.67828	
0.954285	8.67767	
0.95459	8.67706	
0.959167	8.67737	
0.9552	8.67767	
0.953979	8.67767	
0.951233	8.67676	
0.957031	8.67767	
0.952148	8.67676	
0.953979	8.67737	
0.955505	8.67767	
0.9552	8.67737	
0.952148	8.67798	
0.956116	8.67767	
0.955505	8.67767	
0.954285	8.67737	
0.956726	8.67767	
0.953979	8.67798	
0.952759	8.67798	
0.951843	8.67706	
0.9552	8.67676	
0.959778	8.67737	
0.95459	8.67767	
0.957642	8.67676	
0.95459	8.67737	
0.954895	8.67676	
0.952454	8.67676	
0.957642	8.67767	
0.959167	8.67767	
0.9552	8.67706	
0.957336	8.67737	
0.955811	8.67828	
0.955811	8.67737	
0.954895	8.67706	
0.952454	8.67706	
0.956116	8.67737	
0.952759	8.67737	
0.951538	8.67706	
0.956726	8.67737	
0.953674	8.67767	
0.957336	8.67737	
0.960693	8.67706	
0.954285	8.67706	
0.956116	8.67767	
0.954285	8.67737	
0.954895	8.67767	
0.95459	8.67706	
0.955811	8.67767	
0.956116	8.67706	
0.956421	8.67706	
0.952759	8.67767	
0.955811	8.67645	
0.951538	8.67615	
0.957642	8.67676	
0.954285	8.67737	
0.957336	8.67645	
0.959778	8.67645	
0.953674	8.67615	
0.957031	8.67584	
0.9552	8.67645	
0.953674	8.67615	
0.955811	8.67676	
0.953674	8.67676	
0.953674	8.67645	
0.956116	8.67645	
0.956421	8.67554	
0.952454	8.67584	
0.960693	8.67615	
0.956116	8.67615	
0.957947	8.67645	
0.953979	8.67584	
0.955505	8.67706	
0.954895	8.67645	
0.953064	8.67676	
0.956116	8.67676	
0.956726	8.67584	
0.960999	8.67615	
0.956421	8.67676	
0.957336	8.67584	
0.95459	8.67706	
0.9552	8.67706	
0.9552	8.67645	
0.953064	8.67645	
0.957031	8.67706	
0.953064	8.67615	
0.951843	8.67584	
0.957642	8.67615	
0.955811	8.67645	
0.957947	8.67706	
0.958252	8.67615	
0.955811	8.67706	
0.957642	8.67615	
0.958862	8.67706	
0.959167	8.67645	
0.9552	8.67706	
0.960083	8.67676	
0.9552	8.67676	
0.957336	8.67645	
0.954895	8.67584	
0.953674	8.67615	
0.956421	8.67645	
0.952148	8.67645	
0.953369	8.67584	
0.955505	8.67615	
0.956116	8.67615	
0.953674	8.67615	
0.951233	8.67584	
0.957947	8.67615	
0.956116	8.67676	
0.952148	8.67554	
0.953369	8.67615	
0.953369	8.67584	
0.956116	8.67676	
0.954895	8.67615	
0.952454	8.67523	
0.958252	8.67615	
0.95459	8.67584	
0.953979	8.67584	
0.953369	8.67615	
0.956116	8.67615	
0.954285	8.67615	
0.95459	8.67584	
0.953064	8.67584	
0.957336	8.67615	
0.952454	8.67615	
0.954895	8.67584	
0.952148	8.67645	
0.956116	8.67615	
0.953674	8.67584	
0.956116	8.67615	
0.958252	8.67676	
0.955505	8.67645	
0.953064	8.67645	
0.957336	8.67615	
0.956116	8.67584	
0.956421	8.67645	
0.958862	8.67645	
0.955505	8.67676	
0.957031	8.67676	
0.956421	8.67615	
0.955505	8.67737	
0.9552	8.67584	
0.956421	8.67615	
0.95459	8.67645	
0.953369	8.67554	
0.9552	8.67676	
0.957642	8.67645	
0.955505	8.67584	
0.957031	8.67676	
0.956726	8.67645	
0.954285	8.67645	
0.952148	8.67645	
0.953674	8.67615	
0.956421	8.67645	
0.954285	8.67615	
0.954895	8.67645	
0.954285	8.67645	
0.957336	8.67645	
0.952148	8.67584	
0.951843	8.67737	
0.956116	8.67615	
0.954285	8.67645	
0.955811	8.67615	
0.960388	8.67676	
0.957642	8.67645	
0.958862	8.67676	
0.955505	8.67706	
0.955811	8.67737	
0.954895	8.67645	
0.952148	8.67676	
0.954285	8.67645	
0.956116	8.67737	
0.955811	8.67645	
0.957642	8.67645	
0.956726	8.67615	
0.955505	8.67706	
0.953979	8.67584	
0.956421	8.67615	
0.953979	8.67645	
0.952454	8.67615	
0.951538	8.67615	
0.957642	8.67645	
0.953674	8.67706	
0.957031	8.67615	
0.9552	8.67645	
0.954895	8.67645	
0.952148	8.67584	
0.955505	8.67706	
0.959167	8.67737	
0.953674	8.67676	
0.952759	8.67676	
0.957336	8.67615	
0.956421	8.67676	
0.957336	8.67615	
0.958557	8.67706	
0.953674	8.67645	
0.954285	8.67706	
0.9552	8.67737	
0.958862	8.67706	
0.953979	8.67737	
0.958557	8.67645	
0.95459	8.67767	
0.952759	8.67706	
0.957336	8.67767	
0.954285	8.67767	
0.951233	8.67706	
0.955505	8.67737	
0.956421	8.67737	
0.95459	8.67737	
0.956421	8.67676	
0.954895	8.67737	
0.955505	8.67645	
0.957642	8.67706	
0.960388	8.67615	
0.955505	8.67706	
0.959473	8.67676	
0.953979	8.67676	
0.958557	8.67737	
0.957336	8.67767	
0.960388	8.67706	
0.95459	8.67737	
0.957336	8.67767	
0.955811	8.67737	
0.955811	8.67737	
0.955811	8.67706	
0.958252	8.67706	
0.9552	8.67706	
0.957031	8.67615	
0.955811	8.67584	
0.952454	8.67737	
0.954285	8.67676	
0.952454	8.67706	
0.956421	8.67676	
0.957947	8.67706	
0.955505	8.67767	
0.953369	8.67615	
0.954285	8.67706	
0.956116	8.67645	
0.95459	8.67645	
0.953674	8.67706	
0.956116	8.67706	
0.956421	8.67645	
0.955505	8.67676	
0.958252	8.67737	
0.953674	8.67676	
0.956421	8.67615	
0.954895	8.67737	
0.953369	8.67645	
0.9552	8.67706	
0.958252	8.67737	
0.955811	8.67676	
0.95459	8.67645	
0.955811	8.67737	
0.954895	8.67706	
0.955505	8.67676	
0.953064	8.67615	
0.956116	8.67584	
0.957947	8.67645	
0.955811	8.67767	
0.952759	8.67676	
0.954285	8.67645	
0.957336	8.67645	
0.957031	8.67706	
0.960083	8.67676	
0.95459	8.67706	
0.954895	8.67737	
0.955505	8.67706	
0.958252	8.67676	
0.953979	8.67706	
0.955811	8.67737	
0.956726	8.67615	
0.957642	8.67615	
0.9552	8.67645	
0.956116	8.67676	
0.957031	8.67737	
0.953674	8.67615	
0.958252	8.67706	
0.961304	8.67645	
0.955505	8.67645	
0.952148	8.67706	
0.957642	8.67737	
0.952759	8.67706	
0.957336	8.67615	
0.957947	8.67737	
0.958862	8.67584	
0.955505	8.67737	
0.952454	8.67737	
0.955811	8.67615	
0.958252	8.67737	
0.95459	8.67676	
0.953064	8.67706	
0.9552	8.67737	
0.957947	8.67706	
0.955811	8.67645	
0.958557	8.67737	
0.954285	8.67645	
0.955505	8.67737	
0.955505	8.67676	
0.960388	8.67737	
0.953979	8.67706	
0.958252	8.67645	
0.9552	8.67706	
0.95459	8.67676	
0.957642	8.67737	
0.958252	8.67737	
0.955505	8.67615	
0.960999	8.67706	
0.957947	8.67706	
0.957031	8.67706	
0.956421	8.67706	
0.959778	8.67737	
0.958557	8.67645	
0.960388	8.67737	
0.956726	8.67584	
0.958862	8.67706	
0.955811	8.67645	
0.957947	8.67676	
0.957336	8.67706	
0.958862	8.67706	
0.957947	8.67706	
0.957642	8.67706	
0.95459	8.67584	
0.95459	8.67645	
0.952148	8.67676	
0.952148	8.67676	
0.957031	8.67584	
0.956421	8.67706	
0.957336	8.67767	
0.957336	8.67706	
0.952454	8.67615	
0.954285	8.67706	
0.952454	8.67676	
0.955811	8.67706	
0.956726	8.67615	
0.957336	8.67706	
0.95459	8.67706	
0.957642	8.67676	
0.955811	8.67615	
0.960083	8.67615	
0.954895	8.67737	
0.95459	8.67615	
0.951538	8.67584	
0.952454	8.67584	
0.953064	8.67584	
0.955505	8.67523	
0.956726	8.67554	
0.955811	8.67615	
0.956116	8.67645	
0.956116	8.67615	
0.957947	8.67645	
0.95459	8.67645	
0.960999	8.67706	
0.957336	8.67554	
0.959778	8.67645	
0.9552	8.67584	
0.956116	8.67584	
0.957336	8.67584	
0.951538	8.67584	
0.956421	8.67523	
0.955811	8.67584	
0.957642	8.67554	
0.955811	8.67615	
0.960999	8.67615	
0.9552	8.67584	
0.960693	8.67554	
0.9552	8.67584	
0.95459	8.67523	
0.952454	8.67615	
0.953064	8.67584	
0.953979	8.67523	
0.956726	8.67584	
0.957031	8.67584	
0.957031	8.67615	
0.960083	8.67554	
0.957947	8.67645	
0.953064	8.67615	
0.955505	8.67584	
0.955811	8.67554	
0.957947	8.67615	
0.954895	8.67615	
0.958252	8.67676	
0.956421	8.67584	
0.961304	8.67615	
0.957031	8.67584	
0.9552	8.67584	
0.952454	8.67615	
0.953674	8.67584	
0.953369	8.67493	
0.955505	8.67584	
0.957642	8.67615	
0.956421	8.67676	
0.959473	8.67584	
0.957642	8.67615	
0.956116	8.67554	
0.957642	8.67554	
0.957336	8.67676	
0.958557	8.67676	
0.9552	8.67706	
0.956421	8.67615	
0.953979	8.67615	
0.960693	8.67615	
0.953979	8.67584	
0.95459	8.67676	
0.952454	8.67615	
0.954895	8.67615	
0.952454	8.67645	
0.956726	8.67584	
0.955811	8.67676	
0.955505	8.67706	
0.956116	8.67584	
0.957336	8.67676	
0.960999	8.67615	
0.954895	8.67554	
0.953064	8.67584	
0.952759	8.67645	
0.955505	8.67584	
0.9552	8.67554	
0.954895	8.67615	
0.957947	8.67676	
0.954895	8.67615	
0.952454	8.67584	
0.952454	8.67615	
0.954895	8.67554	
0.9552	8.67645	
0.95459	8.67584	
0.955505	8.67737	
0.957642	8.67584	
0.951843	8.67584	
0.952454	8.67554	
0.954895	8.67615	
0.957336	8.67645	
0.95459	8.67645	
0.955505	8.67706	
0.957336	8.67523	
0.953064	8.67584	
0.954895	8.67584	
0.952148	8.67523	
0.953674	8.67584	
0.956726	8.67554	
0.957947	8.67584	
0.956421	8.67584	
0.956726	8.67645	
0.9552	8.67554	
0.955811	8.67554	
0.957336	8.67554	
0.955811	8.67645	
0.953979	8.67554	
0.954895	8.67584	
0.960083	8.67584	
0.953979	8.67554	
0.960388	8.67645	
0.957642	8.67554	
0.956421	8.67615	
0.957336	8.67615	
0.956116	8.67615	
0.960693	8.67584	
0.957336	8.67676	
0.960693	8.67645	
0.957642	8.67645	
0.953064	8.67523	
0.955505	8.67584	
0.952454	8.67645	
0.957336	8.67584	
0.956116	8.67584	
0.955811	8.67584	
0.956421	8.67645	
0.952454	8.67584	
0.955505	8.67523	
0.951843	8.67554	
0.955811	8.67645	
0.9552	8.67584	
0.954285	8.67645	
0.957031	8.67554	
0.951843	8.67584	
0.952759	8.67584	
0.95459	8.67554	
0.952454	8.67615	
0.955505	8.67645	
0.957336	8.67615	
0.953674	8.67584	
0.952759	8.67554	
0.951843	8.67584	
0.956421	8.67676	
0.953674	8.67676	
0.956116	8.67584	
0.958557	8.67645	
0.954895	8.67676	
0.954285	8.67584	
0.952454	8.67584	
0.953674	8.67615	
0.9552	8.67523	
0.956421	8.67584	
0.960388	8.67523	
0.955811	8.67584	
0.955811	8.67645	
0.953674	8.67645	
0.955811	8.67615	
0.953674	8.67706	
0.956116	8.67645	
0.956116	8.67584	
0.956116	8.67676	
0.957336	8.67645	
0.956726	8.67554	
0.952759	8.67584	
0.95459	8.67615	
0.957947	8.67584	
0.955505	8.67706	
0.956726	8.67676	
0.957947	8.67645	
0.958252	8.67584	
0.953979	8.67615	
0.957947	8.67645	
0.958252	8.67645	
0.958557	8.67645	
0.956421	8.67645	
0.959167	8.67676	
0.957336	8.67584	
0.962524	8.67615	
0.957336	8.67645	
0.957031	8.67676	
0.958557	8.67554	
0.956726	8.67615	
0.95459	8.67645	
0.954895	8.67676	
0.956116	8.67737	
0.956726	8.67676	
0.955811	8.67676	
0.957947	8.67615	
0.954285	8.67584	
0.957947	8.67645	
0.958252	8.67645	
0.958252	8.67706	
0.9552	8.67584	
0.956726	8.67676	
0.954895	8.67584	
0.953674	8.67645	
0.954285	8.67676	
0.954895	8.67676	
0.958557	8.67615	
0.956726	8.67706	
0.955811	8.67554	
0.952759	8.67584	
0.956421	8.67676	
0.956116	8.67615	
0.956116	8.67584	
0.955505	8.67645	
0.956421	8.67615	
0.953979	8.67554	
0.953979	8.67645	
0.952759	8.67615	
0.958252	8.67706	
0.955811	8.67554	
0.955505	8.67676	
0.956116	8.67645	
0.959167	8.67645	
0.95459	8.67676	
0.959473	8.67706	
0.9552	8.67584	
0.952759	8.67645	
0.957031	8.67615	
0.952454	8.67615	
0.9552	8.67676	
0.957336	8.67645	
0.956116	8.67706	
0.957336	8.67645	
0.960388	8.67645	
0.958862	8.67706	
0.962219	8.67584	
0.958252	8.67584	
0.957336	8.67584	
0.957642	8.67645	
0.956726	8.67584	
0.952759	8.67645	
0.95459	8.67615	
0.952454	8.67554	
0.954895	8.67645	
0.957031	8.67615	
0.955811	8.67676	
0.955811	8.67584	
0.960999	8.67615	
0.957947	8.67615	
0.952454	8.67706	
0.952454	8.67676	
0.955811	8.67645	
0.959473	8.67706	
0.958252	8.67615	
0.958252	8.67676	
0.954895	8.67767	
0.957642	8.67645	
0.953064	8.67615	
0.954285	8.67645	
0.956421	8.67645	
0.960999	8.67615	
0.957031	8.67615	
0.952454	8.67615	
0.953369	8.67615	
0.956726	8.67584	
0.955505	8.67615	
0.955811	8.67615	
0.957336	8.67645	
0.957947	8.67676	
0.957642	8.67676	
0.953979	8.67554	
0.955505	8.67676	
0.953064	8.67706	
0.955505	8.67737	
0.953979	8.67615	
0.960083	8.67645	
0.957642	8.67584	
0.958252	8.67615	
0.958557	8.67737	
0.957031	8.67645	
0.957031	8.67584	
0.953674	8.67615	
0.956116	8.67737	
0.954285	8.67615	
0.958862	8.67645	
0.953674	8.67584	
0.956726	8.67645	
0.954285	8.67615	
0.958862	8.67706	
0.955811	8.67615	
0.954895	8.67676	
0.955505	8.67615	
0.957947	8.67676	
0.952759	8.67706	
0.953674	8.67615	
0.955505	8.67615	
0.954285	8.67706	
0.955811	8.67676	
0.956116	8.67584	
0.956421	8.67615	
0.956116	8.67706	
0.955811	8.67676	
0.954895	8.67615	
0.956116	8.67706	
0.957642	8.67676	
0.955811	8.67615	
0.955811	8.67676	
0.957336	8.67615	
0.957336	8.67584	
0.957642	8.67737	
0.958557	8.67676	
0.954285	8.67554	
0.959778	8.67615	
0.957947	8.67615	
0.952454	8.67615	
0.953369	8.67676	
0.954895	8.67615	
0.961609	8.67645	
0.956421	8.67645	
0.957336	8.67706	
0.956726	8.67676	
0.9552	8.67615	
0.957947	8.67706	
0.958252	8.67615	
0.956421	8.67676	
0.95459	8.67615	
0.953674	8.67645	
0.955505	8.67615	
0.958252	8.67676	
0.958557	8.67615	
0.954895	8.67523	
0.960083	8.67615	
0.958557	8.67676	
0.953064	8.67615	
0.953979	8.67615	
0.95459	8.67676	
0.957336	8.67645	
0.95459	8.67645	
0.954895	8.67615	
0.958252	8.67615	
0.956421	8.67706	
0.954285	8.67615	
0.95459	8.67615	
0.955811	8.67615	
0.957947	8.67706	
0.953064	8.67615	
0.955505	8.67676	
0.960388	8.67645	
0.959473	8.67584	
0.951843	8.67584	
0.952454	8.67615	
0.955505	8.67554	
0.958862	8.67645	
0.955811	8.67554	
0.954895	8.67645	
0.959167	8.67584	
0.9552	8.67645	
0.9552	8.67676	
0.954895	8.67676	
0.956116	8.67615	
0.959167	8.67584	
0.954285	8.67645	
0.956726	8.67676	
0.960388	8.67645	
0.955505	8.67584	
0.956116	8.67615	
0.959778	8.67706	
0.958557	8.67676	
0.952454	8.67584	
0.954895	8.67706	
0.956726	8.67645	
0.959473	8.67676	
0.958862	8.67645	
0.958557	8.67615	
0.956421	8.67645	
0.957947	8.67706	
0.955505	8.67584	
0.957336	8.67645	
0.957642	8.67645	
0.958252	8.67706	
0.957336	8.67676	
0.957642	8.67615	
0.954285	8.67615	
0.953064	8.67584	
0.957031	8.67645	
0.952759	8.67645	
0.953979	8.67615	
0.956116	8.67645	
0.959473	8.67706	
0.959473	8.67645	
0.954895	8.67554	
0.954895	8.67615	
0.95459	8.67676	
0.961914	8.67554	
0.957947	8.67523	
0.955811	8.67676	
0.955811	8.67676	
0.956116	8.67615	
0.958252	8.67615	
0.955505	8.67615	
0.957642	8.67584	
0.956421	8.67615	
0.955811	8.67676	
0.956116	8.67676	
0.957336	8.67615	
0.955811	8.67645	
0.952148	8.67615	
0.953674	8.67706	
0.954895	8.67584	
0.959167	8.67645	
0.957336	8.67676	
0.958252	8.67645	
0.957031	8.67615	
0.9552	8.67584	
0.957336	8.67615	
0.957947	8.67615	
0.958252	8.67615	
0.953674	8.67645	
0.953064	8.67706	
0.956116	8.67615	
0.95459	8.67554	
0.953369	8.67615	
0.955505	8.67615	
0.957031	8.67584	
0.953064	8.67706	
0.955505	8.67645	
0.959778	8.67645	
0.957642	8.67676	
0.952759	8.67615	
0.953064	8.67584	
0.957642	8.67615	
0.960693	8.67615	
0.955505	8.67645	
0.954895	8.67615	
0.961609	8.67706	
0.957642	8.67615	
0.956421	8.67584	
0.956116	8.67615	
0.955505	8.67645	
0.9552	8.67676	
0.958557	8.67645	
0.956421	8.67645	
0.959473	8.67676	
0.957336	8.67615	
0.953064	8.67615	
0.953064	8.67676	
0.955505	8.67645	
0.956116	8.67676	
0.957336	8.67645	
0.955811	8.67706	
0.961609	8.67645	
0.958252	8.67706	
0.955505	8.67615	
0.960388	8.67645	
0.957642	8.67645	
0.955811	8.67615	
0.957031	8.67706	
0.954895	8.67615	
0.957336	8.67676	
0.958862	8.67737	
0.957947	8.67645	
0.957031	8.67615	
0.956421	8.67676	
0.957947	8.67676	
0.95459	8.67615	
0.955811	8.67676	
0.957642	8.67676	
0.957336	8.67706	
0.956726	8.67676	
0.95459	8.67554	
0.957947	8.67676	
0.955505	8.67676	
0.9552	8.67676	
0.957642	8.67676	
0.958862	8.67584	
0.955505	8.67615	
0.956116	8.67584	
0.961304	8.67615	
0.952759	8.67615	
0.956421	8.67645	
0.952759	8.67676	
0.956421	8.67706	
0.957642	8.67706	
0.952759	8.67645	
0.954285	8.67706	
0.9552	8.67615	
0.954895	8.67706	
0.952759	8.67737	
0.957336	8.67615	
0.953369	8.67645	
0.952759	8.67615	
0.956726	8.67554	
0.952759	8.67615	
0.955811	8.67676	
0.957642	8.67615	
0.955505	8.67584	
0.957947	8.67584	
0.957947	8.67615	
0.95459	8.67615	
0.958862	8.67615	
0.956421	8.67676	
0.956116	8.67615	
0.956116	8.67676	
0.953064	8.67615	
0.955505	8.67706	
0.952759	8.67676	
0.953064	8.67676	
0.958252	8.67615	
0.95459	8.67584	
0.958252	8.67706	
0.955811	8.67615	
0.957031	8.67676	
0.955505	8.67737	
0.954895	8.67645	
0.957642	8.67645	
0.957031	8.67645	
0.9552	8.67615	
0.956726	8.67645	
0.960388	8.67676	
0.956116	8.67615	
0.953979	8.67645	
0.961304	8.67706	
0.954285	8.67615	
0.956726	8.67554	
0.957947	8.67676	
0.954285	8.67584	
0.957336	8.67615	
0.952454	8.67554	
0.953369	8.67615	
0.957947	8.67554	
0.955505	8.67615	
0.960999	8.67615	
0.953369	8.67584	
0.955505	8.67615	
0.960999	8.67584	
0.958557	8.67645	
0.95459	8.67523	
0.959778	8.67645	
0.955505	8.67554	
0.955505	8.67554	
0.957947	8.67615	
0.953674	8.67554	
0.956116	8.67615	
0.959778	8.67554	
0.952454	8.67554	
0.9552	8.67645	
0.953064	8.67584	
0.952759	8.67584	
0.956116	8.67615	
0.956116	8.67615	
0.953674	8.67584	
0.957336	8.67554	
0.952759	8.67584	
0.958557	8.67584	
0.956421	8.67645	
0.956116	8.67584	
0.957642	8.67615	
0.955505	8.67645	
0.9552	8.67584	
0.955505	8.67523	
0.958557	8.67615	
0.955811	8.67584	
0.960693	8.67676	
0.957947	8.67615	
0.954895	8.67584	
0.957642	8.67645	
0.957336	8.67676	
0.958862	8.67584	
0.953369	8.67523	
0.953979	8.67706	
0.958252	8.67584	
0.952148	8.67554	
0.958862	8.67615	
0.956421	8.67645	
0.953979	8.67554	
0.960999	8.67645	
0.954895	8.67584	
0.956421	8.67584	
0.959778	8.67584	
0.953064	8.67584	
0.955811	8.67523	
0.952454	8.67523	
0.956116	8.67523	
0.958557	8.67645	
0.957031	8.67615	
0.958252	8.67676	
0.956421	8.67615	
0.958557	8.67615	
0.952759	8.67584	
0.953064	8.67554	
0.957642	8.67615	
0.952759	8.67584	
0.953064	8.67676	
0.95459	8.67615	
0.960999	8.67615	
0.956116	8.67584	
0.9552	8.67584	
0.960083	8.67554	
0.958557	8.67645	
0.956116	8.67615	
0.961914	8.67554	
0.957031	8.67615	
0.957642	8.67584	
0.957947	8.67676	
0.955505	8.67615	
0.957642	8.67615	
0.957336	8.67615	
0.956726	8.67523	
0.957031	8.67584	
0.955505	8.67584	
0.9552	8.67615	
0.957642	8.67584	
0.961304	8.67615	
0.958252	8.67554	
0.955505	8.67554	
0.962219	8.67615	
0.9552	8.67523	
0.957947	8.67615	
0.956421	8.67523	
0.953674	8.67554	
0.958557	8.67676	
0.9552	8.67615	
0.957947	8.67584	
0.955811	8.67584	
0.956116	8.67615	
0.957031	8.67584	
0.956116	8.67584	
0.955811	8.67615	
0.957642	8.67676	
0.952148	8.67554	
0.960388	8.67523	
0.957947	8.67584	
0.955505	8.67584	
0.956116	8.67584	
0.958557	8.67676	
0.956421	8.67584	
0.95459	8.67645	
0.95459	8.67584	
0.957642	8.67523	
0.953674	8.67554	
0.958862	8.67584	
0.957642	8.67554	
0.955505	8.67554	
0.958557	8.67615	
0.958252	8.67615	
0.956116	8.67645	
0.958252	8.67615	
0.957642	8.67584	
0.958252	8.67584	
0.956421	8.67615	
0.958862	8.67676	
0.9552	8.67554	
0.962219	8.67645	
0.953979	8.67615	
0.956116	8.67615	
0.952148	8.67645	
0.952759	8.67615	
0.957947	8.67584	
0.952148	8.67523	
0.960693	8.67645	
0.95459	8.67676	
0.955505	8.67645	
0.953674	8.67554	
0.957947	8.67615	
0.957642	8.67676	
0.956116	8.67615	
0.960999	8.67584	
0.957031	8.67584	
0.954285	8.67584	
0.960693	8.67554	
0.953369	8.67676	
0.955505	8.67645	
0.952454	8.67645	
0.957947	8.67584	
0.957642	8.67676	
0.955505	8.67645	
0.954285	8.67584	
0.958252	8.67584	
0.957642	8.67584	
0.956726	8.67645	
0.958252	8.67676	
0.955811	8.67615	
0.957336	8.67645	
0.954895	8.67645	
0.954285	8.67584	
0.958557	8.67554	
0.955811	8.67554	
0.956726	8.67615	
0.956421	8.67554	
0.960388	8.67645	
0.955505	8.67523	
0.957642	8.67645	
0.952454	8.67523	
0.957336	8.67584	
0.953979	8.67615	
0.957642	8.67584	
0.9552	8.67615	
0.954895	8.67584	
0.957947	8.67615	
0.95459	8.67737	
0.956116	8.67584	
0.957031	8.67584	
0.955811	8.67615	
0.955505	8.67645	
0.953979	8.67615	
0.957642	8.67645	
0.95459	8.67523	
0.957642	8.67584	
0.955811	8.67615	
0.956421	8.67554	
0.957031	8.67584	
0.961609	8.67615	
0.954895	8.67584	
0.954285	8.67676	
0.951843	8.67523	
0.957031	8.67554	
0.956421	8.67584	
0.955811	8.67615	
0.956726	8.67645	
0.960999	8.67584	
0.952759	8.67554	
0.958557	8.67584	
0.955811	8.67615	
0.952759	8.67615	
0.957947	8.67615	
0.954285	8.67615	
0.953979	8.67554	
0.953064	8.67523	
0.960693	8.67554	
0.952454	8.67645	
0.957947	8.67554	
0.953369	8.67676	
0.957947	8.67523	
0.955811	8.67523	
0.956726	8.67584	
0.959167	8.67615	
0.954895	8.67554	
0.957336	8.67615	
0.960999	8.67615	
0.956421	8.67584	
0.954895	8.67584	
0.953369	8.67645	
0.95459	8.67615	
0.958557	8.67615	
0.952148	8.67615	
0.95459	8.67584	
0.956726	8.67584	
0.954895	8.67615	
0.957336	8.67615	
0.961914	8.67554	
0.952454	8.67676	
0.957947	8.67615	
0.955811	8.67615	
0.953369	8.67584	
0.956726	8.67615	
0.954895	8.67737	
0.957947	8.67645	
0.960388	8.67615	
0.954285	8.67615	
0.957947	8.67584	
0.955505	8.67584	
0.953674	8.67554	
0.958557	8.67615	
0.953674	8.67554	
0.956116	8.67584	
0.953674	8.67584	
0.961304	8.67554	
0.956116	8.67523	
0.955505	8.67645	
0.953064	8.67554	
0.958557	8.67676	
0.955811	8.67615	
0.9552	8.67584	
0.955811	8.67584	
0.953369	8.67584	
0.957336	8.67554	
0.955811	8.67615	
0.954285	8.67584	
0.957336	8.67584	
0.954895	8.67584	
0.9552	8.67554	
0.958557	8.67615	
0.953369	8.67554	
0.953979	8.67645	
0.956116	8.67645	
0.954895	8.67645	
0.960388	8.67645	
0.957336	8.67645	
0.957947	8.67584	
0.955811	8.67584	
0.9552	8.67523	
0.953979	8.67584	
0.957336	8.67615	
0.957336	8.67615	
0.958862	8.67554	
0.957642	8.67615	
0.957336	8.67645	
0.954895	8.67584	
0.952454	8.67554	
0.957947	8.67615	
0.954895	8.67676	
0.9552	8.67462	
0.953369	8.67493	
0.956116	8.67493	
0.954285	8.67523	
0.957642	8.67554	
0.958252	8.67523	
0.957336	8.67523	
0.954895	8.67523	
0.955505	8.67432	
0.958862	8.67523	
0.956116	8.67462	
0.957336	8.67554	
0.957642	8.67523	
0.95459	8.67523	
0.95459	8.67462	
0.960083	8.67554	
0.95459	8.67493	
0.957031	8.67493	
0.957031	8.67462	
0.961914	8.67462	
0.954285	8.67584	
0.959778	8.67493	
0.956726	8.67523	
0.95459	8.67523	
0.957031	8.67554	
0.958252	8.67554	
0.954895	8.67462	
0.955505	8.67432	
0.95459	8.67493	
0.957947	8.67523	
0.955505	8.67554	
0.955811	8.67523	
0.960083	8.67554	
0.9552	8.67523	
0.958252	8.67554	
0.956116	8.67523	
0.953674	8.67493	
0.958557	8.67554	
0.9552	8.67493	
0.9552	8.67523	
0.952759	8.67462	
0.961609	8.67554	
0.953369	8.67523	
0.958557	8.67523	
0.955811	8.67493	
0.955811	8.67462	
0.959167	8.67493	
0.955505	8.67554	
0.953979	8.67493	
0.962219	8.67554	
0.953979	8.67584	
0.958557	8.67584	
0.958557	8.67584	
0.962219	8.67554	
0.958557	8.67554	
0.959167	8.67493	
0.956421	8.67523	
0.958862	8.67554	
0.960083	8.67554	
0.953979	8.67554	
0.957336	8.67462	
0.957031	8.67584	
0.95459	8.67584	
0.958557	8.67523	
0.956726	8.67523	
0.954895	8.67523	
0.954285	8.67462	
0.959167	8.67523	
0.959473	8.67523	
0.957947	8.67584	
0.955811	8.67523	
0.960083	8.67554	
0.956421	8.67493	
0.958862	8.67554	
0.957336	8.67554	
0.957336	8.67554	
0.956116	8.67584	
0.955811	8.67615	
0.959473	8.67584	
0.956116	8.67584	
0.958252	8.67523	
0.960999	8.67462	
0.959473	8.67523	
0.957336	8.67523	
0.9552	8.67493	
0.954895	8.67554	
0.952759	8.67462	
0.960083	8.67523	
0.956726	8.67554	
0.954895	8.67462	
0.955505	8.67523	
0.954285	8.67554	
0.961609	8.67615	
0.958862	8.67554	
0.959778	8.67554	
0.956116	8.67615	
0.956726	8.67493	
0.953674	8.67462	
0.956726	8.67523	
0.958862	8.67493	
0.959167	8.67554	
0.957642	8.67523	
0.956116	8.67554	
0.957947	8.67493	
0.957336	8.67554	
0.958252	8.67554	
0.962524	8.67554	
0.958862	8.67615	
0.953979	8.67584	
0.957947	8.67554	
0.957336	8.67584	
0.95459	8.67462	
0.957947	8.67584	
0.953674	8.67554	
0.957031	8.67523	
0.95459	8.67554	
0.954285	8.67523	
0.9552	8.67584	
0.958862	8.67645	
0.957642	8.67554	
0.957336	8.67554	
0.956726	8.67554	
0.953979	8.67554	
0.955811	8.67615	
0.958252	8.67554	
0.958252	8.67462	
0.955505	8.67554	
0.957336	8.67523	
0.960999	8.67493	
0.95459	8.67584	
0.953064	8.67432	
0.958862	8.67493	
0.957336	8.67615	
0.960083	8.67554	
0.961304	8.67584	
0.953064	8.67615	
0.957947	8.67615	
0.958252	8.67584	
0.961609	8.67676	
0.959167	8.67554	
0.953369	8.67554	
0.957642	8.67615	
0.957336	8.67523	
0.952759	8.67493	
0.953979	8.67523	
0.959473	8.67523	
0.958862	8.67493	
0.955811	8.67554	
0.956726	8.67523	
0.954285	8.67523	
0.958252	8.67554	
0.957642	8.67584	
0.957947	8.67523	
0.956421	8.67523	
0.957947	8.67554	
0.957031	8.67523	
0.956116	8.67615	
0.952759	8.67615	
0.956421	8.67645	
0.957642	8.67523	
0.955811	8.67493	
0.954285	8.67523	
0.956726	8.67615	
0.956116	8.67523	
0.959778	8.67615	
0.958252	8.67645	
0.957947	8.67554	
0.962524	8.67615	
0.954895	8.67523	
0.957947	8.67615	
0.958862	8.67615	
0.958557	8.67462	
0.962219	8.67523	
0.953674	8.67493	
0.958557	8.67554	
0.957336	8.67584	
0.956726	8.67554	
0.957947	8.67584	
0.955505	8.67554	
0.955505	8.67584	
0.958862	8.67523	
0.955811	8.67584	
0.953979	8.67554	
0.961914	8.67584	
0.958862	8.67554	
0.955811	8.67584	
0.9552	8.67523	
0.957336	8.67523	
0.956726	8.67554	
0.961914	8.67523	
0.956726	8.67554	
0.9552	8.67554	
0.958252	8.67554	
0.958862	8.67554	
0.961914	8.67523	
0.956726	8.67584	
0.953979	8.67615	
0.957947	8.67645	
0.958557	8.67523	
0.961304	8.67523	
0.962524	8.67554	
0.959778	8.67615	
0.956726	8.67554	
0.956116	8.67523	
0.956421	8.67584	
0.955505	8.67584	
0.957031	8.67554	
0.9552	8.67523	
0.958557	8.67554	
0.958557	8.67523	
0.958557	8.67554	
0.959778	8.67493	
0.95459	8.67554	
0.959473	8.67523	
0.959167	8.67584	
0.959778	8.67523	
0.956726	8.67615	
0.957947	8.67523	
0.961304	8.67584	
0.9552	8.67554	
0.953979	8.67584	
0.956116	8.67554	
0.956726	8.67584	
0.956726	8.67554	
0.9552	8.67523	
0.962219	8.67523	
0.957642	8.67493	
0.95459	8.67554	
0.9552	8.67493	
0.955505	8.67523	
0.957642	8.67554	
0.9552	8.67523	
0.962219	8.67615	
0.954285	8.67554	
0.9552	8.67554	
0.957947	8.67554	
0.958557	8.67615	
0.960999	8.67523	
0.962524	8.67554	
0.958557	8.67554	
0.957031	8.67523	
0.956726	8.67554	
0.957031	8.67554	
0.957947	8.67554	
0.962524	8.67615	
0.958557	8.67584	
0.953674	8.67523	
0.959473	8.67584	
0.958557	8.67554	
0.955811	8.67462	
0.955811	8.67554	
0.958252	8.67554	
0.955505	8.67493	
0.954895	8.67584	
0.955811	8.67584	
0.95459	8.67584	
0.9552	8.67554	
0.961914	8.67615	
0.959778	8.67462	
0.957947	8.67584	
0.956116	8.67615	
0.956421	8.67554	
0.957947	8.67554	
0.958252	8.67523	
0.961914	8.67615	
0.959167	8.67554	
0.958862	8.67615	
0.956116	8.67584	
0.957336	8.67493	
0.958862	8.67523	
0.958252	8.67554	
0.961914	8.67615	
0.959167	8.67554	
0.957336	8.67554	
0.958252	8.67523	
0.957336	8.67584	
0.953979	8.67493	
0.957642	8.67554	
0.959473	8.67523	
0.958557	8.67554	
0.956421	8.67523	
0.95459	8.67523	
0.957336	8.67584	
0.953979	8.67554	
0.955505	8.67554	
0.957336	8.67523	
0.957336	8.67584	
0.953674	8.67523	
0.954895	8.67523	
0.960388	8.67554	
0.958252	8.67554	
0.957947	8.67523	
0.954285	8.67523	
0.953674	8.67584	
0.956116	8.67554	
0.956116	8.67493	
0.9552	8.67584	
0.957947	8.67523	
0.958252	8.67493	
0.96283	8.67615	
0.956116	8.67584	
0.9552	8.67584	
0.958557	8.67554	
0.956421	8.67493	
0.953369	8.67584	
0.960693	8.67554	
0.959167	8.67615	
0.956116	8.67493	
0.958862	8.67584	
0.956726	8.67584	
0.954895	8.67584	
0.956726	8.67523	
0.953979	8.67493	
0.956726	8.67523	
0.958557	8.67523	
0.959167	8.67584	
0.962219	8.67554	
0.961304	8.67615	
0.9552	8.67615	
0.957031	8.67554	
0.957031	8.67523	
0.956726	8.67615	
0.957336	8.67584	
0.958557	8.67584	
0.9552	8.67554	
0.958862	8.67584	
0.958252	8.67523	
0.958557	8.67584	
0.955811	8.67554	
0.961304	8.67645	
0.959167	8.67676	
0.958862	8.67523	
0.958252	8.67615	
0.957031	8.67554	
0.958252	8.67554	
0.953369	8.67523	
0.955505	8.67554	
0.958862	8.67584	
0.958557	8.67554	
0.959473	8.67554	
0.957336	8.67523	
0.957947	8.67523	
0.95459	8.67523	
0.957031	8.67554	
0.958557	8.67523	
0.956726	8.67615	
0.954895	8.67615	
0.955505	8.67554	
0.953979	8.67615	
0.958252	8.67523	
0.95459	8.67615	
0.956726	8.67554	
0.955505	8.67554	
0.957336	8.67615	
0.962219	8.67493	
0.959473	8.67554	
0.954895	8.67554	
0.956421	8.67584	
0.955811	8.67523	
0.954895	8.67584	
0.9552	8.67462	
0.960693	8.67615	
0.954285	8.67615	
0.95459	8.67584	
0.956116	8.67737	
0.955505	8.67554	
0.9552	8.67523	
0.954285	8.67584	
0.955811	8.67554	
0.958557	8.67523	
0.959778	8.67523	
0.957642	8.67554	
0.958862	8.67554	
0.961914	8.67523	
0.95459	8.67523	
0.953369	8.67554	
0.958557	8.67584	
0.954895	8.67584	
0.953064	8.67493	
0.9552	8.67584	
0.961304	8.67584	
0.956116	8.67554	
0.954285	8.67554	
0.957642	8.67554	
0.957336	8.67615	
0.952454	8.67523	
0.9552	8.67615	
0.957336	8.67523	
0.957642	8.67584	
0.957947	8.67554	
0.957642	8.67554	
0.956421	8.67615	
0.958557	8.67584	
0.960693	8.67584	
0.958862	8.67645	
0.956116	8.67584	
0.955505	8.67554	
0.954895	8.67615	
0.953674	8.67615	
0.957642	8.67645	
0.953369	8.67554	
0.956421	8.67554	
0.959167	8.67554	
0.957642	8.67584	
0.953674	8.67584	
0.953064	8.67523	
0.959473	8.67523	
0.954285	8.67523	
0.953064	8.67554	
0.956116	8.67523	
0.955505	8.67523	
0.957947	8.67554	
0.958252	8.67584	
0.959167	8.67462	
0.956421	8.67493	
0.956726	8.67554	
0.954285	8.67554	
0.95459	8.67462	
0.958252	8.67462	
0.955505	8.67584	
0.957336	8.67523	
0.95459	8.67462	
0.962219	8.67523	
0.961914	8.67462	
0.958862	8.67523	
0.957947	8.67432	
0.956116	8.67401	
0.957031	8.67554	
0.955505	8.67584	
0.961914	8.67493	
0.957947	8.67584	
0.953674	8.67401	
0.955811	8.67432	
0.955811	8.67493	
0.956116	8.67462	
0.9552	8.67462	
0.957336	8.67493	
0.959167	8.67493	
0.954895	8.67493	
0.956116	8.67462	
0.957336	8.67401	
0.953674	8.67523	
0.953674	8.67401	
0.956726	8.67462	
0.953979	8.67523	
0.953979	8.67523	
0.956116	8.67523	
0.956726	8.67432	
0.957031	8.67493	
0.958252	8.67462	
0.959473	8.67523	
0.961914	8.67462	
0.956726	8.67523	
0.960388	8.67462	
0.957336	8.67493	
0.958252	8.67523	
0.957031	8.67432	
0.957642	8.67462	
0.958252	8.67432	
0.958557	8.67493	
0.958557	8.67432	
0.957947	8.67554	
0.959778	8.67462	
0.960083	8.67432	
0.957031	8.67493	
0.956421	8.67462	
0.953674	8.67432	
0.9552	8.67523	
0.961609	8.67462	
0.961609	8.67493	
0.959473	8.67462	
0.958557	8.67493	
0.959473	8.67432	
0.956116	8.67432	
0.958862	8.67432	
0.962524	8.67523	
0.958557	8.67432	
0.959167	8.67554	
0.959167	8.67523	
0.959473	8.67493	
0.956421	8.67523	
0.957031	8.67523	
0.954895	8.67432	
0.957947	8.67523	
0.955811	8.67462	
0.961609	8.67523	
0.957642	8.67401	
0.955505	8.67493	
0.953979	8.67432	
0.9552	8.67554	
0.957336	8.67462	
0.956726	8.67523	
0.959167	8.67462	
0.956116	8.67432	
0.953979	8.67432	
0.962219	8.67462	
0.962219	8.67554	
0.956116	8.67523	
0.954285	8.67462	
0.958862	8.67462	
0.955811	8.67432	
0.952454	8.67462	
0.958252	8.67432	
0.957336	8.67462	
0.957642	8.67432	
0.956116	8.67432	
0.954895	8.67401	
0.954895	8.67493	
0.96283	8.67493	
0.954895	8.67401	
0.957336	8.67493	
0.962219	8.67584	
0.956726	8.67523	
0.962219	8.67523	
0.959167	8.67615	
0.9552	8.67523	
0.9552	8.67523	
0.958862	8.67554	
0.956726	8.67432	
0.958862	8.67493	
0.955811	8.67554	
0.957031	8.67462	
0.958252	8.67432	
0.958557	8.67462	
0.954895	8.67493	
0.955811	8.67462	
0.957031	8.67432	
0.955505	8.67523	
0.957031	8.67462	
0.957947	8.67523	
0.953674	8.67462	
0.961914	8.67432	
0.959473	8.67462	
0.956116	8.67554	
0.960083	8.67554	
0.957336	8.67523	
0.956116	8.67493	
0.959473	8.67584	
0.958252	8.67523	
0.95459	8.67432	
0.955505	8.67523	
0.959473	8.67462	
0.958252	8.67554	
0.956116	8.67554	
0.959167	8.67493	
0.95459	8.67493	
0.956116	8.67462	
0.955811	8.67462	
0.953674	8.67462	
0.955811	8.67432	
0.962524	8.67493	
0.956421	8.67554	
0.960999	8.67493	
0.962219	8.67523	
0.956726	8.67584	
0.953979	8.67554	
0.957336	8.67523	
0.9552	8.67493	
0.953979	8.67523	
0.959473	8.67523	
0.957336	8.67462	
0.957336	8.67584	
0.956116	8.67554	
0.957336	8.67493	
0.955811	8.67462	
0.957336	8.67523	
0.957031	8.67523	
0.960083	8.67493	
0.9552	8.67493	
0.956421	8.67523	
0.960999	8.67493	
0.957947	8.67584	
0.958252	8.67493	
0.953979	8.67523	
0.958557	8.67523	
0.954285	8.67523	
0.957642	8.67523	
0.956116	8.67523	
0.956421	8.67493	
0.958557	8.67554	
0.959167	8.67493	
0.955811	8.67523	
0.957031	8.67523	
0.958557	8.67523	
0.957031	8.67554	
0.957642	8.67523	
0.953674	8.67462	
0.953674	8.67523	
0.955505	8.67554	
0.95459	8.67493	
0.962219	8.67554	
0.958252	8.67462	
0.957642	8.67493	
0.956421	8.67554	
0.958557	8.67554	
0.953979	8.67584	
0.958862	8.67523	
0.957642	8.67523	
0.953369	8.67432	
0.958862	8.67523	
0.958862	8.67523	
0.958557	8.67493	
0.957336	8.67523	
0.956421	8.67554	
0.957947	8.67493	
0.956421	8.67493	
0.958252	8.67554	
0.953064	8.67554	
0.954895	8.67493	
0.962524	8.67615	
0.954285	8.67523	
0.961609	8.67523	
0.961304	8.67554	
0.962524	8.67554	
0.954895	8.67584	
0.962524	8.67584	
0.961609	8.67554	
0.957336	8.67584	
0.960999	8.67462	
0.957336	8.67523	
0.958252	8.67554	
0.959473	8.67554	
0.95459	8.67493	
0.958862	8.67554	
0.956421	8.67523	
0.958862	8.67523	
0.954895	8.67554	
0.958557	8.67523	
0.958252	8.67493	
0.958252	8.67523	
0.954285	8.67523	
0.955505	8.67554	
0.957642	8.67493	
0.953674	8.67523	
0.959473	8.67523	
0.953979	8.67554	
0.959167	8.67523	
0.959473	8.67584	
0.957336	8.67493	
0.956726	8.67554	
0.958557	8.67523	
0.956116	8.67554	
0.957336	8.67462	
0.956116	8.67523	
0.957336	8.67523	
0.958252	8.67523	
0.955811	8.67462	
0.958252	8.67493	
0.953064	8.67462	
0.957031	8.67584	
0.956726	8.67493	
0.953979	8.67462	
0.963135	8.67493	
0.954895	8.67462	
0.962219	8.67462	
0.955505	8.67462	
0.960999	8.67523	
0.962219	8.67523	
0.957336	8.67493	
0.960083	8.67493	
0.957031	8.67554	
0.960083	8.67493	
0.96283	8.67493	
0.959473	8.67523	
0.963135	8.67462	
0.954895	8.67493	
0.957336	8.67615	
0.961914	8.67523	
0.956421	8.67462	
0.954895	8.67523	
0.957642	8.67554	
0.957336	8.67584	
0.959473	8.67432	
0.955505	8.67523	
0.958252	8.67554	
0.958557	8.67554	
0.953979	8.67493	
0.957336	8.67493	
0.959473	8.67584	
0.956726	8.67523	
0.959778	8.67523	
0.957336	8.67554	
0.955811	8.67493	
0.958862	8.67554	
0.957642	8.67462	
0.957336	8.67523	
0.953674	8.67493	
0.958862	8.67523	
0.954895	8.67493	
0.958862	8.67401	
0.959473	8.67432	
0.958557	8.67584	
0.955811	8.67462	
0.959778	8.67523	
0.953979	8.67584	
0.957947	8.67523	
0.953979	8.67523	
0.958557	8.67523	
0.9552	8.67523	
0.959167	8.67493	
0.953979	8.67523	
0.957642	8.67462	
0.959473	8.67554	
0.954895	8.67493	
0.960083	8.67554	
0.95459	8.67493	
0.958557	8.67554	
0.95459	8.67493	
0.959778	8.67554	
0.954285	8.67493	
0.959778	8.67554	
0.9552	8.67523	
0.957336	8.67523	
0.960388	8.67554	
0.957031	8.67523	
0.960693	8.67462	
0.956421	8.67554	
0.957947	8.67523	
0.959473	8.67493	
0.955811	8.67584	
0.959167	8.67523	
0.9552	8.67523	
0.959778	8.67493	
0.958557	8.67523	
0.959778	8.67523	
0.953674	8.67554	
0.957642	8.67493	
0.958862	8.67523	
0.95459	8.67523	
0.958557	8.67523	
0.957031	8.67554	
0.956421	8.67523	
0.957642	8.67523	
0.957336	8.67584	
0.9552	8.67493	
0.957031	8.67554	
0.957336	8.67493	
0.957031	8.67493	
0.959167	8.67584	
0.952759	8.67462	
0.955811	8.67554	
0.953369	8.67462	
0.95459	8.67493	
0.96283	8.67554	
0.958862	8.67462	
0.957642	8.67523	
0.960999	8.67523	
0.956726	8.67584	
0.957642	8.67584	
0.959167	8.67523	
0.961914	8.67554	
0.957642	8.67554	
0.960999	8.67554	
0.957336	8.67462	
0.955811	8.67584	
0.959473	8.67554	
0.954285	8.67493	
0.957336	8.67493	
0.954895	8.67554	
0.959473	8.67523	
0.9552	8.67523	
0.956116	8.67523	
0.959473	8.67493	
0.958557	8.67523	
0.960999	8.67493	
0.958862	8.67523	
0.961609	8.67493	
0.958862	8.67493	
0.961304	8.67554	
0.959778	8.67493	
0.960388	8.67493	
0.957031	8.67584	
0.961304	8.67554	
0.957947	8.67554	
0.960083	8.67493	
0.957642	8.67554	
0.958862	8.67615	
0.957947	8.67554	
0.960693	8.67554	
0.958862	8.67432	
0.961304	8.67523	
0.96283	8.67523	
0.955505	8.67462	
0.962524	8.67462	
0.961609	8.67554	
0.956421	8.67584	
0.960999	8.67554	
0.956726	8.67523	
0.958252	8.67523	
0.956116	8.67554	
0.962219	8.67493	
0.956116	8.67523	
0.962219	8.67523	
0.960999	8.67554	
0.954285	8.67523	
0.955505	8.67462	
0.957642	8.67462	
0.954285	8.67523	
0.957336	8.67493	
0.953674	8.67462	
0.958252	8.67554	
0.953979	8.67462	
0.958252	8.67493	
0.953979	8.67493	
0.957336	8.67523	
0.956116	8.67523	
0.957642	8.67493	
0.952759	8.67554	
0.955811	8.67584	
0.961304	8.67462	
0.95459	8.67523	
0.958557	8.67554	
0.956726	8.67554	
0.958862	8.67523	
0.960999	8.67523	
0.961304	8.67554	
0.960999	8.67523	
0.957336	8.67493	
0.961914	8.67554	
0.956726	8.67554	
0.962219	8.67523	
0.957642	8.67462	
0.958862	8.67523	
0.963135	8.67493	
0.956116	8.67493	
0.962524	8.67584	
0.953674	8.67493	
0.959778	8.67493	
0.95459	8.67493	
0.956726	8.67493	
0.956726	8.67493	
0.959167	8.67493	
0.957031	8.67493	
0.954285	8.67462	
0.958862	8.67615	
0.953674	8.67493	
0.957642	8.67462	
0.95459	8.67462	
0.957642	8.67584	
0.954285	8.67523	
0.957947	8.67554	
0.957336	8.67523	
0.959167	8.67554	
0.956421	8.67584	
0.955811	8.67462	
0.957031	8.67523	
0.956116	8.67523	
0.958557	8.67523	
0.956116	8.67554	
0.956421	8.67493	
0.955811	8.67493	
0.957642	8.67493	
0.957336	8.67493	
0.957031	8.67462	
0.957947	8.67523	
0.957947	8.67493	
0.957336	8.67462	
0.956421	8.67554	
0.954895	8.67554	
0.959473	8.67523	
0.957336	8.67523	
0.957947	8.67523	
0.959167	8.67554	
0.959473	8.67554	
0.958862	8.67554	
0.958557	8.67523	
0.959473	8.67493	
0.959167	8.67523	
0.958557	8.67554	
0.958862	8.67523	
0.958862	8.67493	
0.958862	8.67493	
0.960083	8.67493	
0.957642	8.67584	
0.960083	8.67493	
0.956116	8.67523	
0.956421	8.67554	
0.958862	8.67554	
0.953979	8.67493	
0.954895	8.67493	
0.956726	8.67554	
0.961609	8.67493	
0.957947	8.67554	
0.956116	8.67462	
0.960083	8.67554	
0.953979	8.67554	
0.961609	8.67584	
0.954285	8.67523	
0.96344	8.67523	
0.959167	8.67493	
0.960388	8.67523	
0.958557	8.67493	
0.96344	8.67493	
0.953979	8.67493	
0.96283	8.67462	
0.954895	8.67462	
0.953369	8.67493	
0.957031	8.67584	
0.953064	8.67462	
0.958862	8.67523	
0.955505	8.67523	
0.958557	8.67523	
0.957336	8.67432	
0.958862	8.67554	
0.957947	8.67493	
0.959167	8.67462	
0.957031	8.67523	
0.959167	8.67523	
0.957642	8.67554	
0.957031	8.67462	
0.957031	8.67523	
0.9552	8.67554	
0.957947	8.67554	
0.956116	8.67493	
0.957642	8.67462	
0.957336	8.67493	
0.957947	8.67523	
0.958252	8.67554	
0.959167	8.67493	
0.954895	8.67523	
0.953369	8.67493	
0.959778	8.67523	
0.955505	8.67523	
0.959473	8.67493	
0.959473	8.67462	
0.958252	8.67493	
0.961304	8.67523	
0.958252	8.67493	
0.953674	8.67401	
0.956421	8.67523	
0.957031	8.67523	
0.953674	8.67493	
0.957642	8.67523	
0.955505	8.67462	
0.957947	8.67523	
0.957642	8.67462	
0.958862	8.67554	
0.956726	8.67493	
0.956421	8.67493	
0.956421	8.67523	
0.956116	8.67493	
0.957031	8.67523	
0.956116	8.67462	
0.958862	8.67584	
0.956421	8.67462	
0.959167	8.67523	
0.959778	8.67554	
0.959473	8.67523	
0.956116	8.67493	
0.953979	8.67523	
0.958862	8.67554	
0.954285	8.67523	
0.958862	8.67523	
0.957947	8.67462	
0.957336	8.67523	
0.961914	8.67462	
0.956421	8.67554	
0.961304	8.67493	
0.958557	8.67493	
0.954895	8.67401	
0.96283	8.67554	
0.954285	8.67493	
0.962524	8.67554	
0.957336	8.67493	
0.952454	8.67493	
0.958557	8.67462	
0.953979	8.67432	
0.958557	8.67554	
0.957336	8.67554	
0.956421	8.67554	
0.957947	8.67523	
0.958252	8.67523	
0.957642	8.67493	
0.959167	8.67493	
0.955811	8.67462	
0.953674	8.67523	
0.954895	8.67523	
0.958862	8.67554	
0.954895	8.67584	
0.957642	8.67523	
0.960083	8.67523	
0.961914	8.67615	
0.957642	8.67584	
0.954285	8.67523	
0.958252	8.67493	
0.9552	8.67584	
0.957947	8.67523	
0.956726	8.67554	
0.958252	8.67584	
0.956726	8.67523	
0.956116	8.67523	
0.957031	8.67584	
0.956116	8.67523	
0.958557	8.67462	
0.959167	8.67523	
0.956421	8.67523	
0.957336	8.67523	
0.958557	8.67523	
0.957031	8.67493	
0.954285	8.67554	
0.959167	8.67462	
0.958557	8.67523	
0.957336	8.67554	
0.960693	8.67493	
0.962219	8.67493	
0.953674	8.67493	
0.957947	8.67523	
0.955505	8.67523	
0.952759	8.67432	
0.958557	8.67493	
0.957031	8.67554	
0.955811	8.67523	
0.958862	8.67462	
0.958862	8.67584	
0.955811	8.67493	
0.958862	8.67462	
0.958862	8.67432	
0.956116	8.67523	
0.956116	8.67554	
0.960083	8.67523	
0.959778	8.67523	
0.960693	8.67493	
0.955505	8.67493	
0.955811	8.67462	
0.957642	8.67493	
0.957031	8.67493	
0.956116	8.67523	
0.956726	8.67523	
0.957336	8.67462	
0.960083	8.67523	
0.958252	8.67523	
0.954285	8.67523	
0.959473	8.67493	
0.960083	8.67523	
0.957336	8.67554	
0.961609	8.67462	
0.958862	8.67554	
0.953979	8.67493	
0.956421	8.67523	
0.958252	8.67584	
0.957947	8.67554	
0.959167	8.67493	
0.957642	8.67462	
0.957031	8.67554	
0.956116	8.67523	
0.956116	8.67493	
0.958557	8.67523	
0.960083	8.67554	
0.960693	8.67523	
0.958862	8.67584	
0.959778	8.67462	
0.959778	8.67523	
0.959473	8.67523	
0.957336	8.67554	
0.957642	8.67462	
0.958252	8.67493	
0.957947	8.67523	
0.957642	8.67462	
0.957947	8.67462	
0.959167	8.67523	
0.956421	8.67584	
0.955505	8.67584	
0.958252	8.67584	
0.962219	8.67523	
0.961609	8.67523	
0.95459	8.67462	
0.959778	8.67523	
0.958862	8.67462	
0.956726	8.67523	
0.955811	8.67554	
0.958557	8.67493	
0.957642	8.67523	
0.958862	8.67493	
0.958252	8.67523	
0.960388	8.67493	
0.963745	8.67523	
0.95459	8.67493	
0.953369	8.67523	
0.958252	8.67493	
0.957947	8.67493	
0.957642	8.67523	
0.956116	8.67523	
0.958557	8.67493	
0.956421	8.67462	
0.954895	8.67493	
0.956421	8.67554	
0.958252	8.67523	
0.954285	8.67523	
0.956116	8.67523	
0.959778	8.67493	
0.96344	8.67523	
0.954285	8.67523	
0.958252	8.67523	
0.956116	8.67462	
0.954285	8.67493	
0.958862	8.67523	
0.956421	8.67493	
0.955811	8.67554	
0.957947	8.67523	
0.959778	8.67523	
0.958862	8.67523	
0.958862	8.67584	
0.957642	8.67432	
0.961304	8.67493	
0.957031	8.67493	
0.954895	8.67432	
0.956116	8.67554	
0.958862	8.67493	
0.959473	8.67462	
0.958557	8.67523	
0.958557	8.67523	
0.958252	8.67523	
0.956116	8.67493	
0.960693	8.67493	
0.963135	8.67493	
0.953979	8.67493	
0.956116	8.67523	
0.956726	8.67493	
0.9552	8.67432	
0.958557	8.67493	
0.956116	8.67432	
0.955811	8.67523	
0.956116	8.67493	
0.953979	8.67554	
0.953979	8.67554	
0.959473	8.67523	
0.956116	8.67523	
0.956726	8.67523	
0.953064	8.67493	
0.954285	8.67554	
0.958557	8.67523	
0.957031	8.67523	
0.957642	8.67523	
0.956421	8.67493	
0.955505	8.67493	
0.958862	8.67493	
0.958252	8.67493	
0.957336	8.67493	
0.959473	8.67523	
0.957947	8.67432	
0.954895	8.67523	
0.958252	8.67523	
0.956726	8.67523	
0.957947	8.67523	
0.9552	8.67493	
0.958557	8.67523	
0.955811	8.67493	
0.956726	8.67523	
0.956726	8.67493	
0.957336	8.67462	
0.957031	8.67554	
0.958252	8.67615	
0.962524	8.67523	
0.962524	8.67554	
0.957336	8.67554	
0.957336	8.67523	
0.957031	8.67523	
0.958557	8.67493	
0.956116	8.67554	
0.958557	8.67615	
0.958252	8.67554	
0.957642	8.67554	
0.960999	8.67584	
0.953674	8.67401	
0.9552	8.67462	
0.957031	8.67462	
0.957642	8.67615	
0.955811	8.67493	
0.958862	8.67493	
0.959167	8.67493	
0.956116	8.67523	
0.953064	8.67493	
0.9552	8.67493	
0.959473	8.67554	
0.962219	8.67554	
0.960083	8.67584	
0.958252	8.67462	
0.957336	8.67432	
0.956421	8.67493	
0.955811	8.67523	
0.9552	8.67523	
0.954895	8.67493	
0.958557	8.67493	
0.961304	8.67523	
0.959778	8.67493	
0.957947	8.67493	
0.956726	8.67554	
0.955811	8.67493	
0.957642	8.67523	
0.955505	8.67523	
0.957642	8.67523	
0.959473	8.67523	
0.960999	8.67554	
0.961304	8.67554	
0.958862	8.67554	
0.955811	8.67432	
0.956116	8.67523	
0.958557	8.67523	
0.958557	8.67523	
0.959167	8.67523	
0.958252	8.67554	
0.960693	8.67523	
0.961914	8.67523	
0.953064	8.67554	
0.956116	8.67523	
0.954895	8.67493	
0.958862	8.67493	
0.958557	8.67554	
0.957336	8.67554	
0.95459	8.67554	
0.957947	8.67493	
0.959167	8.67584	
0.960999	8.67584	
0.960693	8.67554	
0.958862	8.67462	
0.956726	8.67523	
0.957947	8.67493	
0.957336	8.67493	
0.953674	8.67493	
0.954285	8.67523	
0.957336	8.67523	
0.953369	8.67523	
0.953369	8.67523	
0.957947	8.67523	
0.957031	8.67523	
0.956726	8.67493	
0.955505	8.67554	
0.953674	8.67554	
0.95459	8.67493	
0.956421	8.67523	
0.961914	8.67493	
0.961304	8.67523	
0.959167	8.67523	
0.959167	8.67493	
0.955505	8.67523	
0.953979	8.67493	
0.960693	8.67523	
0.956116	8.67523	
0.956421	8.67554	
0.955811	8.67523	
0.958252	8.67462	
0.95459	8.67462	
0.955505	8.67462	
0.959778	8.67462	
0.957642	8.67523	
0.956421	8.67584	
0.957642	8.67523	
0.956421	8.67523	
0.953979	8.67523	
0.955811	8.67523	
0.955811	8.67523	
0.955811	8.67523	
0.955811	8.67401	
0.958557	8.67523	
0.957336	8.67462	
0.959473	8.67493	
0.956726	8.67462	
0.953979	8.67523	
0.956421	8.67523	
0.961304	8.67462	
0.958557	8.67462	
0.956116	8.67523	
0.958557	8.67432	
0.956116	8.67523	
0.957642	8.67554	
0.961914	8.67462	
0.959473	8.67493	
0.958252	8.67523	
0.958557	8.67462	
0.953979	8.67462	
0.95459	8.67401	
0.957336	8.67554	
0.95459	8.67493	
0.95459	8.67401	
0.954895	8.67523	
0.956726	8.67493	
0.954895	8.67432	
0.953979	8.67401	
0.959473	8.67493	
0.953674	8.67462	
0.953369	8.67462	
0.959167	8.67432	
0.957031	8.67523	
0.957947	8.67462	
0.956116	8.67462	
0.955505	8.67432	
0.955505	8.67462	
0.958557	8.67493	
0.956116	8.67493	
0.956116	8.67523	
0.957642	8.67493	
0.959473	8.67432	
0.958862	8.67523	
0.959473	8.67493	
0.960083	8.67493	
0.962524	8.67462	
0.963135	8.67523	
0.958557	8.67493	
0.956726	8.67462	
0.957947	8.67462	
0.957642	8.67401	
0.958557	8.67462	
0.958862	8.67493	
0.959778	8.67493	
0.954285	8.67523	
0.956116	8.67493	
0.958557	8.67554	
0.957336	8.67523	
0.955505	8.67493	
0.955505	8.67493	
0.961304	8.67462	
0.956421	8.67523	
0.953979	8.67371	
0.956421	8.67462	
0.957642	8.67523	
0.954285	8.67432	
0.958557	8.67554	
0.959167	8.67523	
0.957031	8.67462	
0.961914	8.67493	
0.958557	8.67432	
0.956421	8.67432	
0.959473	8.67493	
0.957947	8.67523	
0.953674	8.67493	
0.955505	8.67462	
0.956116	8.67523	
0.957947	8.67462	
0.952759	8.67432	
0.957336	8.67493	
0.957947	8.67523	
0.95459	8.67462	
0.955505	8.67493	
0.960693	8.67493	
0.958557	8.67493	
0.956421	8.67493	
0.957336	8.67462	
0.956421	8.67554	
0.956421	8.67462	
0.961304	8.67493	
0.961609	8.67462	
0.956116	8.67432	
0.957336	8.67493	
0.955505	8.67401	
0.957336	8.67493	
0.953979	8.67462	
0.953674	8.67493	
0.957031	8.67493	
0.95459	8.67462	
0.957336	8.67493	
0.957947	8.67523	
0.957947	8.67432	
0.958862	8.67493	
0.960388	8.67493	
0.962219	8.67462	
0.958862	8.67462	
0.956116	8.67493	
0.959167	8.67462	
0.958862	8.67432	
0.957947	8.67554	
0.954285	8.67554	
0.954285	8.67401	
0.9552	8.67493	
0.957947	8.67523	
0.953674	8.67462	
0.957642	8.67462	
0.961609	8.67493	
0.956116	8.67523	
0.956421	8.67493	
0.958252	8.67554	
0.958557	8.67432	
0.957642	8.67554	
0.954895	8.67432	
0.957336	8.67493	
0.955505	8.67493	
0.957336	8.67493	
0.958557	8.67493	
0.957336	8.67493	
0.960999	8.67523	
0.956421	8.67462	
0.956116	8.67462	
0.956116	8.67493	
0.955811	8.67462	
0.954285	8.67493	
0.954285	8.67523	
0.956421	8.67462	
0.953979	8.67554	
0.957336	8.67493	
0.956421	8.67523	
0.959473	8.67462	
0.959167	8.67493	
0.957947	8.67462	
0.952759	8.67401	
0.954895	8.67462	
0.955811	8.67493	
0.957031	8.67462	
0.960388	8.67523	
0.961609	8.67493	
0.957947	8.67432	
0.956116	8.67493	
0.958557	8.67493	
0.958862	8.67523	
0.958252	8.67523	
0.9552	8.67462	
0.953674	8.67371	
0.9552	8.67462	
0.957947	8.67493	
0.958862	8.67493	
0.956726	8.67493	
0.955811	8.67401	
0.955505	8.67523	
0.955505	8.67432	
0.957947	8.67493	
0.961304	8.67462	
0.960693	8.67462	
0.958557	8.67493	
0.959778	8.67462	
0.955811	8.67371	
0.954285	8.67462	
0.962524	8.67401	
0.957031	8.67493	
0.956421	8.67554	
0.958557	8.67523	
0.953979	8.67462	
0.957336	8.67493	
0.956116	8.67523	
0.956116	8.67493	
0.957031	8.67462	
0.958862	8.67462	
0.959473	8.67523	
0.960693	8.67493	
0.955505	8.67523	
0.957947	8.67493	
0.957336	8.67462	
0.953674	8.67493	
0.954285	8.67493	
0.962219	8.67523	
0.956726	8.67462	
0.957642	8.67523	
0.957947	8.67462	
0.9552	8.67462	
0.957031	8.67523	
0.956421	8.67462	
0.956116	8.67493	
0.957947	8.67462	
0.957947	8.67493	
0.959473	8.67523	
0.955505	8.67493	
0.961609	8.67493	
0.957336	8.67493	
0.957336	8.67493	
0.958557	8.67523	
0.958252	8.67462	
0.956421	8.67554	
0.954895	8.67493	
0.957336	8.67432	
0.956421	8.67432	
0.956726	8.67432	
0.959167	8.67493	
0.957031	8.67462	
0.958252	8.67462	
0.957947	8.67462	
0.958862	8.67462	
0.955811	8.67554	
0.95459	8.67523	
0.960999	8.67462	
0.957947	8.67493	
0.958557	8.67462	
0.953369	8.67432	
0.960999	8.67523	
0.95459	8.67462	
0.955811	8.67432	
0.956116	8.67432	
0.958557	8.67523	
0.955505	8.67432	
0.954285	8.67462	
0.956116	8.67523	
0.957947	8.67493	
0.958862	8.67523	
0.959167	8.67523	
0.962524	8.67493	
0.958252	8.67493	
0.958862	8.67432	
0.953674	8.67493	
0.958557	8.67432	
0.961304	8.67462	
0.958557	8.67401	
0.959778	8.67401	
0.956726	8.67401	
0.95459	8.67401	
0.963135	8.67432	
0.957642	8.67493	
0.958557	8.67493	
0.953369	8.67523	
0.9552	8.67493	
0.96283	8.67493	
0.957642	8.67432	
0.957031	8.67493	
0.959167	8.67584	
0.956421	8.67462	
0.958252	8.67493	
0.957031	8.67523	
0.956116	8.67554	
0.959473	8.67554	
0.957947	8.67493	
0.959473	8.67523	
0.954895	8.67462	
0.957642	8.67401	
0.956726	8.67493	
0.958557	8.67493	
0.958557	8.67432	
0.95459	8.67554	
0.957336	8.67523	
0.956116	8.67523	
0.956421	8.67462	
0.953979	8.67523	
0.961914	8.67523	
0.953674	8.67523	
0.959167	8.67462	
0.958557	8.67462	
0.954895	8.67432	
0.954895	8.67401	
0.956726	8.67462	
0.9552	8.67432	
0.95459	8.67401	
0.956116	8.67462	
0.957947	8.67462	
0.959778	8.67432	
0.953674	8.67462	
0.955811	8.67432	
0.956116	8.67462	
0.956726	8.67462	
0.957642	8.67523	
0.961914	8.67523	
0.956116	8.67493	
0.955811	8.67462	
0.957336	8.67523	
0.959778	8.67432	
0.955811	8.67462	
0.956421	8.67401	
0.960083	8.67523	
0.957336	8.67432	
0.956116	8.67432	
0.958557	8.67401	
0.957642	8.67523	
0.959167	8.67462	
0.95459	8.67523	
0.96344	8.67462	
0.958557	8.67462	
0.957031	8.67493	
0.959473	8.67523	
0.953979	8.67493	
0.956421	8.67523	
0.953979	8.67493	
0.953979	8.67493	
0.956421	8.67493	
0.957642	8.67523	
0.959473	8.67523	
0.953674	8.67432	
0.957336	8.67554	
0.959473	8.67493	
0.958557	8.67523	
0.957642	8.67462	
0.953674	8.67432	
0.957336	8.67554	
0.955505	8.67432	
0.954895	8.67432	
0.958557	8.67554	
0.958862	8.67432	
0.957336	8.67462	
0.956116	8.67493	
0.956116	8.67432	
0.960388	8.67523	
0.957642	8.67462	
0.957947	8.67554	
0.958557	8.67462	
0.954895	8.67493	
0.963135	8.67554	
0.957947	8.67462	
0.957642	8.67493	
0.957336	8.67493	
0.954895	8.67401	
0.958862	8.67462	
0.957031	8.67523	
0.957336	8.67462	
0.958557	8.67462	
0.959167	8.67462	
0.957642	8.67554	
0.95459	8.67462	
0.956726	8.67462	
0.959778	8.67462	
0.959473	8.67462	
0.958557	8.67523	
0.955811	8.67523	
0.957642	8.67432	
0.959778	8.67462	
0.956116	8.67462	
0.959167	8.67462	
0.955811	8.67493	
0.957947	8.67554	
0.959778	8.67523	
0.960083	8.67523	
0.957947	8.67554	
0.955505	8.67432	
0.957947	8.67523	
0.957336	8.67432	
0.958557	8.67462	
0.958252	8.67432	
0.957031	8.67462	
0.958252	8.67462	
0.957031	8.67523	
0.958557	8.67401	
0.953064	8.67432	
0.955811	8.67554	
0.958862	8.67462	
0.958557	8.67462	
0.954285	8.67462	
0.957642	8.67554	
0.958862	8.67462	
0.95459	8.67493	
0.962219	8.67462	
0.958557	8.67462	
0.959473	8.67523	
0.953979	8.67523	
0.962219	8.67523	
0.955811	8.67401	
0.958557	8.67401	
0.957336	8.67523	
0.958862	8.67432	
0.958557	8.67401	
0.954895	8.67462	
0.956726	8.67371	
0.9552	8.67432	
0.957336	8.67493	
0.954285	8.67462	
0.957947	8.67493	
0.959473	8.67462	
0.955505	8.67523	
0.963135	8.67462	
0.958862	8.67493	
0.957031	8.67462	
0.956726	8.67523	
0.956421	8.67462	
0.953064	8.67432	
0.958557	8.67493	
0.958862	8.67462	
0.961304	8.67401	
0.959167	8.67432	
0.957947	8.67493	
0.957336	8.67371	
0.95459	8.67493	
0.96283	8.67462	
0.958862	8.67462	
0.959167	8.67493	
0.95459	8.67523	
0.960083	8.67462	
0.960999	8.67523	
0.957642	8.67493	
0.955811	8.67493	
0.958557	8.67432	
0.954285	8.67432	
0.956116	8.67432	
0.957642	8.67462	
0.955811	8.67493	
0.96405	8.67401	
0.957947	8.67554	
0.956116	8.67462	
0.958862	8.67554	
0.95459	8.67462	
0.957336	8.67584	
0.958557	8.67432	
0.956726	8.67432	
0.963745	8.67523	
0.959167	8.67432	
0.958557	8.67493	
0.956116	8.67493	
0.960388	8.67462	
0.957642	8.67493	
0.958862	8.67493	
0.961609	8.67493	
0.953674	8.67401	
0.9552	8.67432	
0.959778	8.67462	
0.958862	8.67493	
0.959473	8.67462	
0.959473	8.67401	
0.95459	8.67462	
0.962219	8.67401	
0.957336	8.67401	
0.960388	8.67401	
0.956421	8.67401	
0.958557	8.67401	
0.958252	8.67493	
0.959473	8.67462	
0.959473	8.67493	
0.959778	8.67523	
0.953369	8.67462	
0.957031	8.67462	
0.957031	8.67432	
0.958252	8.67462	
0.957336	8.67432	
0.955505	8.67554	
0.957336	8.67401	
0.959473	8.67432	
0.961304	8.67401	
0.959167	8.67462	
0.956116	8.67493	
0.960083	8.67401	
0.957336	8.67401	
0.957642	8.67493	
0.956726	8.67432	
0.956116	8.67523	
0.96344	8.67493	
0.958862	8.67493	
0.959473	8.67371	
0.956116	8.67462	
0.958862	8.67432	
0.9552	8.67401	
0.957031	8.67401	
0.959778	8.67401	
0.957947	8.67462	
0.954285	8.67432	
0.958557	8.67523	
0.955505	8.67432	
0.956726	8.67432	
0.957947	8.67432	
0.959167	8.67462	
0.959778	8.67432	
0.957031	8.67523	
0.956421	8.67401	
0.959167	8.67462	
0.9552	8.67432	
0.957642	8.67432	
0.957947	8.67493	
0.959167	8.67432	
0.961914	8.67462	
0.955505	8.6734	
0.957642	8.67432	
0.959473	8.67401	
0.958252	8.67523	
0.958557	8.67462	
0.959167	8.67462	
0.957642	8.67462	
0.959778	8.67401	
0.957642	8.67432	
0.95459	8.67401	
0.96283	8.67462	
0.956726	8.67432	
0.958862	8.67462	
0.958252	8.67401	
0.96344	8.67432	
0.958862	8.67462	
0.957336	8.67432	
0.958862	8.67462	
0.957336	8.67493	
0.959473	8.67401	
0.957336	8.67493	
0.957336	8.67401	
0.958252	8.67401	
0.959778	8.67432	
0.9552	8.67462	
0.955811	8.67462	
0.957031	8.67493	
0.959778	8.67401	
0.959778	8.67462	
0.959473	8.67401	
0.957031	8.67432	
0.959167	8.67432	
0.9552	8.67493	
0.958557	8.67401	
0.954285	8.67401	
0.959167	8.67371	
0.958252	8.67432	
0.959778	8.67371	
0.960083	8.67523	
0.953979	8.67401	
0.958862	8.67432	
0.9552	8.67493	
0.959167	8.67401	
0.956726	8.67371	
0.959167	8.67401	
0.963745	8.67432	
0.959473	8.67432	
0.957031	8.67462	
0.958252	8.67493	
0.956421	8.67401	
0.959167	8.67462	
0.955811	8.67432	
0.962524	8.67462	
0.954285	8.67432	
0.959778	8.67462	
0.959473	8.67432	
0.96283	8.67432	
0.958557	8.67462	
0.958252	8.67493	
0.958557	8.67493	
0.956421	8.67371	
0.959473	8.67462	
0.958252	8.67432	
0.954285	8.67432	
0.957031	8.67432	
0.957031	8.67432	
0.960999	8.67432	
0.956421	8.67432	
0.959167	8.67432	
0.95459	8.67432	
0.960083	8.67401	
0.956116	8.67432	
0.957947	8.67401	
0.958557	8.67401	
0.958862	8.67432	
0.959167	8.67462	
0.954285	8.67462	
0.954285	8.67401	
0.957031	8.67462	
0.954285	8.67432	
0.959778	8.67401	
0.957336	8.67493	
0.955505	8.67462	
0.960083	8.67432	
0.9552	8.67432	
0.956421	8.67432	
0.957031	8.67462	
0.96283	8.67401	
0.958252	8.67462	
0.956726	8.67432	
0.957336	8.67554	
0.959167	8.67432	
0.956421	8.67432	
0.957642	8.67493	
0.956726	8.67432	
0.959167	8.67371	
0.957642	8.67401	
0.95459	8.67401	
0.958557	8.67523	
0.954285	8.67462	
0.955505	8.67401	
0.957336	8.67462	
0.958557	8.67432	
0.955811	8.67493	
0.959778	8.67432	
0.955811	8.67401	
0.957642	8.67401	
0.957336	8.67493	
0.958862	8.67462	
0.956116	8.67432	
0.959778	8.67401	
0.955505	8.67401	
0.957336	8.67432	
0.957642	8.67401	
0.960083	8.67432	
0.957642	8.67432	
0.957031	8.67432	
0.959167	8.67462	
0.958252	8.67462	
0.956116	8.67401	
0.957336	8.67432	
0.953979	8.67432	
0.960083	8.67371	
0.956726	8.67371	
0.959167	8.67432	
0.955811	8.67401	
0.96283	8.67432	
0.9552	8.67401	
0.956116	8.67462	
0.958557	8.67432	
0.957336	8.67371	
0.959778	8.67462	
0.956116	8.67462	
0.960999	8.67462	
0.957642	8.67462	
0.959778	8.67462	
0.957336	8.67432	
0.953064	8.67401	
0.958557	8.67493	
0.95459	8.67432	
0.957642	8.67523	
0.956726	8.67462	
0.956116	8.67401	
0.96344	8.67493	
0.956726	8.67401	
0.959778	8.67432	
0.962524	8.67462	
0.956726	8.67523	
0.957336	8.67432	
0.957642	8.67462	
0.957031	8.67401	
0.958557	8.67462	
0.959167	8.67462	
0.955811	8.67462	
0.959778	8.67371	
0.959473	8.67493	
0.959473	8.67493	
0.956421	8.67462	
0.959167	8.67523	
0.956726	8.67462	
0.956421	8.67432	
0.958252	8.67432	
0.956726	8.67462	
0.958862	8.67462	
0.959167	8.67401	
0.956116	8.67371	
0.959473	8.67432	
0.958252	8.67432	
0.954895	8.67432	
0.959167	8.67401	
0.959167	8.67462	
0.954895	8.67401	
0.957947	8.67432	
0.9552	8.67432	
0.956116	8.67401	
0.956421	8.67401	
0.954285	8.67493	
0.960693	8.67401	
0.958557	8.67462	
0.956116	8.67432	
0.960999	8.67493	
0.957642	8.67432	
0.957947	8.67462	
0.962524	8.67401	
0.957336	8.67462	
0.954895	8.67401	
0.961914	8.67462	
0.957947	8.67462	
0.957947	8.67462	
0.961914	8.67493	
0.957336	8.67432	
0.95459	8.67432	
0.957642	8.67371	
0.957642	8.67401	
0.95459	8.67401	
0.95459	8.67371	
0.958252	8.67493	
0.957642	8.67462	
0.9552	8.67432	
0.958252	8.67493	
0.959473	8.67401	
0.956116	8.67432	
0.959473	8.67462	
0.960083	8.67432	
0.958252	8.67432	
0.957336	8.67432	
0.957031	8.67493	
0.958557	8.67432	
0.956421	8.67432	
0.959778	8.67462	
0.956116	8.67462	
0.959473	8.67432	
0.959473	8.67401	
0.959473	8.67523	
0.956726	8.67401	
0.958252	8.67432	
0.959473	8.67462	
0.959167	8.67401	
0.96344	8.67432	
0.956726	8.67432	
0.956116	8.67401	
0.953674	8.67432	
0.959473	8.67462	
0.961304	8.67493	
0.95459	8.67401	
0.960388	8.67462	
0.961304	8.67493	
0.953979	8.67432	
0.959778	8.67432	
0.956421	8.67432	
0.953674	8.67493	
0.958252	8.67401	
0.955811	8.67401	
0.961304	8.67462	
0.957031	8.67523	
0.954285	8.67401	
0.954285	8.67462	
0.959778	8.67371	
0.960693	8.67432	
0.95459	8.67401	
0.959778	8.67401	
0.954895	8.67432	
0.954895	8.67432	
0.959778	8.67401	
0.956726	8.67432	
0.958252	8.67371	
0.959167	8.67432	
0.960388	8.67432	
0.953979	8.67462	
0.959473	8.67401	
0.957336	8.67432	
0.962524	8.67462	
0.956116	8.67401	
0.959167	8.67371	
0.960083	8.67432	
0.956116	8.67432	
0.957336	8.67371	
0.96344	8.67432	
0.956116	8.67493	
0.960693	8.67432	
0.961609	8.67432	
0.956421	8.67493	
0.957947	8.67401	
0.962219	8.67462	
0.955811	8.67371	
0.959167	8.67432	
0.957642	8.67432	
0.958862	8.67493	
0.957947	8.67493	
0.957336	8.67462	
0.959473	8.67462	
0.956116	8.67493	
0.957642	8.67401	
0.959167	8.67432	
0.957947	8.67493	
0.957031	8.67462	
0.958862	8.67432	
0.957031	8.67493	
0.958252	8.67493	
0.956116	8.67401	
0.960083	8.67401	
0.960388	8.67462	
0.958557	8.67432	
0.957947	8.67432	
0.960693	8.67401	
0.956116	8.67493	
0.958252	8.67432	
0.961609	8.67432	
0.958557	8.67493	
0.958862	8.67462	
0.957642	8.67493	
0.956116	8.67371	
0.960693	8.67462	
0.957947	8.67432	
0.956421	8.67493	
0.960999	8.67432	
0.957031	8.67462	
0.954895	8.67493	
0.95459	8.67371	
0.957947	8.67432	
0.957642	8.67401	
0.954285	8.67432	
0.957031	8.67432	
0.953979	8.67432	
0.957336	8.67432	
0.958252	8.67401	
0.954285	8.67432	
0.953979	8.67462	
0.959167	8.67401	
0.959473	8.67493	
0.958862	8.67462	
0.957336	8.67462	
0.957336	8.67432	
0.959167	8.67462	
0.957031	8.67401	
0.960083	8.67432	
0.956116	8.67462	
0.957642	8.67401	
0.962524	8.67401	
0.956116	8.67462	
0.954895	8.6731	
0.953369	8.67432	
0.959473	8.67462	
0.962219	8.67493	
0.957031	8.67371	
0.953979	8.67432	
0.95459	8.6734	
0.959167	8.67523	
0.959778	8.67401	
0.957642	8.67401	
0.958862	8.6734	
0.959778	8.67401	
0.957642	8.67371	
0.957031	8.6731	
0.957031	8.67401	
0.958862	8.67432	
0.959778	8.67432	
0.961914	8.67462	
0.957947	8.67493	
0.959473	8.67279	
0.962219	8.67401	
0.957336	8.6734	
0.958862	8.67432	
0.961914	8.67432	
0.957336	8.67401	
0.957947	8.67462	
0.96283	8.67493	
0.956116	8.67401	
0.959473	8.67523	
0.960693	8.67523	
0.958862	8.67462	
0.958252	8.67401	
0.962219	8.67401	
0.956421	8.6734	
0.958252	8.67371	
0.963135	8.67462	
0.957031	8.67401	
0.958252	8.67432	
0.96344	8.67401	
0.957031	8.67401	
0.958862	8.67432	
0.96405	8.6734	
0.956116	8.67279	
0.954285	8.6734	
0.954285	8.67401	
0.958557	8.67401	
0.961914	8.6734	
0.958862	8.67493	
0.954285	8.67432	
0.96283	8.67432	
0.957336	8.67401	
0.954285	8.67401	
0.955811	8.6734	
0.959473	8.67279	
0.960999	8.67371	
0.958862	8.6734	
0.959167	8.67401	
0.958252	8.67462	
0.958862	8.67371	
0.960083	8.67279	
0.963745	8.6734	
0.956726	8.67401	
0.959473	8.6734	
0.960083	8.67371	
0.960083	8.6734	
0.961609	8.67371	
0.958862	8.67371	
0.957031	8.6734	
0.9552	8.6734	
0.959473	8.67371	
0.959778	8.6731	
0.957642	8.67401	
0.956116	8.67371	
0.957642	8.67371	
0.957031	8.67371	
0.958557	8.67371	
0.96283	8.6731	
0.958862	8.6731	
0.959778	8.67371	
0.955811	8.6734	
0.960388	8.6734	
0.963135	8.67371	
0.957642	8.67371	
0.956116	8.6731	
0.960083	8.67401	
0.957947	8.67371	
0.9552	8.67401	
0.95459	8.67279	
0.959167	8.6734	
0.960083	8.6734	
0.959778	8.67371	
0.960388	8.6734	
0.96405	8.6734	
0.957031	8.6731	
0.955505	8.6734	
0.960999	8.67401	
0.957642	8.6731	
0.9552	8.67371	
0.953979	8.67279	
0.957947	8.6731	
0.956421	8.67279	
0.959473	8.67371	
0.959778	8.6734	
0.956116	8.67401	
0.959778	8.67371	
0.958557	8.67401	
0.960693	8.6731	
0.959778	8.6734	
0.959473	8.6731	
0.960083	8.6731	
0.958862	8.67371	
0.958252	8.67371	
0.954895	8.67371	
0.961914	8.67279	
0.957642	8.67371	
0.955811	8.67371	
0.955505	8.6731	
0.958252	8.67401	
0.958252	8.67432	
0.959167	8.6731	
0.960388	8.67432	
0.96405	8.67279	
0.958557	8.67401	
0.955505	8.67401	
0.956421	8.6731	
0.956726	8.67401	
0.954895	8.6734	
0.958862	8.67279	
0.959167	8.67432	
0.960388	8.67401	
0.959778	8.67279	
0.962219	8.67371	
0.957642	8.6731	
0.955505	8.67279	
0.960388	8.6734	
0.959778	8.6734	
0.961914	8.67371	
0.957642	8.67371	
0.959473	8.67371	
0.957642	8.67401	
0.958862	8.6734	
0.959473	8.67432	
0.960083	8.6734	
0.957947	8.67432	
0.958862	8.6731	
0.958557	8.67371	
0.960693	8.6731	
0.960999	8.6734	
0.956116	8.6734	
0.955811	8.6731	
0.95459	8.6734	
0.954895	8.6734	
0.954285	8.6734	
0.958557	8.6734	
0.958557	8.6734	
0.9552	8.6731	
0.959167	8.6734	
0.960083	8.6734	
0.959167	8.67371	
0.957947	8.6731	
0.960083	8.67401	
0.957336	8.6731	
0.959473	8.6734	
0.957336	8.67279	
0.961304	8.67432	
0.96344	8.67401	
0.957336	8.67371	
0.956726	8.67401	
0.956421	8.67432	
0.957336	8.67401	
0.958252	8.6734	
0.958557	8.67371	
0.959778	8.67401	
0.963135	8.67371	
0.958862	8.67401	
0.957947	8.67371	
0.953979	8.6734	
0.959778	8.67432	
0.960388	8.67432	
0.957642	8.67401	
0.956116	8.6734	
0.955505	8.6734	
0.957947	8.67371	
0.957642	8.67432	
0.959167	8.67371	
0.960693	8.67371	
0.959778	8.6731	
0.957031	8.67371	
0.955811	8.67432	
0.956116	8.67371	
0.957031	8.67401	
0.956116	8.67371	
0.959167	8.67401	
0.958252	8.67432	
0.956726	8.67401	
0.955505	8.67401	
0.956116	8.6734	
0.957947	8.67462	
0.959167	8.67401	
0.957947	8.67401	
0.954895	8.67432	
0.954895	8.67432	
0.960083	8.67432	
0.957947	8.67371	
0.957642	8.6731	
0.9552	8.6734	
0.957336	8.67432	
0.955811	8.67371	
0.9552	8.67371	
0.958252	8.67401	
0.959473	8.67432	
0.958862	8.67432	
0.957947	8.67401	
0.96344	8.67432	
0.960693	8.67401	
0.96283	8.67401	
0.958557	8.67401	
0.9552	8.67401	
0.954895	8.67401	
0.959473	8.67401	
0.957947	8.67371	
0.959473	8.67401	
0.959778	8.67371	
0.963745	8.67371	
0.959473	8.67462	
0.959778	8.67401	
0.956726	8.67401	
0.956421	8.67371	
0.95459	8.67432	
0.960388	8.67401	
0.957947	8.67432	
0.957947	8.67371	
0.958252	8.67462	
0.954895	8.6734	
0.960999	8.67462	
0.960083	8.67401	
0.958252	8.67462	
0.960083	8.67462	
0.958557	8.67401	
0.959473	8.67371	
0.962219	8.67432	
0.957031	8.67371	
0.959167	8.67401	
0.958252	8.67401	
0.954895	8.67401	
0.959167	8.67432	
0.959167	8.67432	
0.960999	8.67371	
0.958862	8.67401	
0.956726	8.67401	
0.955811	8.67401	
0.957642	8.67401	
0.957336	8.67371	
0.959473	8.67432	
0.959473	8.67401	
0.958252	8.67371	
0.959167	8.6731	
0.957947	8.67371	
0.958557	8.67432	
0.955505	8.67371	
0.956116	8.67401	
0.960693	8.67401	
0.962524	8.67462	
0.959167	8.67371	
0.956116	8.67462	
0.956726	8.67371	
0.960388	8.67432	
0.960083	8.67401	
0.959473	8.67401	
0.960388	8.67432	
0.955505	8.67371	
0.959473	8.67401	
0.96344	8.67401	
0.958557	8.67401	
0.960693	8.67462	
0.957031	8.67432	
0.957336	8.67401	
0.962219	8.67371	
0.957336	8.67462	
0.957336	8.67462	
0.962219	8.6734	
0.958862	8.67371	
0.958252	8.6734	
0.957642	8.67401	
0.955811	8.67432	
0.958862	8.67401	
0.959167	8.67432	
0.960693	8.67401	
0.959167	8.6734	
0.960693	8.67401	
0.962524	8.67432	
0.960388	8.67401	
0.958862	8.67401	
0.957947	8.6734	
0.960388	8.67401	
0.959167	8.67462	
0.959167	8.67371	
0.96344	8.67401	
0.957031	8.67401	
0.958252	8.67371	
0.958557	8.67432	
0.959473	8.67432	
0.958557	8.6734	
0.958862	8.67401	
0.958252	8.67462	
0.957642	8.67371	
0.960693	8.67371	
0.955505	8.6734	
0.960083	8.67432	
0.963745	8.67401	
0.959778	8.67401	
0.960388	8.67371	
0.960083	8.67432	
0.956421	8.67401	
0.956116	8.6734	
0.960083	8.67371	
0.956116	8.67401	
0.959778	8.67401	
0.957947	8.67432	
0.957947	8.6734	
0.9552	8.6734	
0.954895	8.67401	
0.954895	8.67432	
0.959778	8.67432	
0.960999	8.67371	
0.96344	8.67462	
0.958252	8.67371	
0.96405	8.67432	
0.958862	8.6734	
0.960999	8.67432	
0.958862	8.67401	
0.957336	8.67401	
0.962524	8.67432	
0.958252	8.67401	
0.9552	8.6734	
0.957947	8.67401	
0.960083	8.67432	
0.959778	8.6734	
0.960693	8.6734	
0.956421	8.6731	
0.959473	8.67371	
0.956116	8.67371	
0.960693	8.6734	
0.959473	8.67432	
0.958252	8.67371	
0.960388	8.67401	
0.961914	8.67371	
0.959778	8.67432	
0.958862	8.67432	
0.956116	8.67462	
0.954895	8.6734	
0.955505	8.67401	
0.958557	8.67371	
0.958557	8.67401	
0.958862	8.67401	
0.955811	8.67432	
0.957031	8.67432	
0.955811	8.67371	
0.955811	8.67401	
0.958252	8.67371	
0.96344	8.67462	
0.958862	8.67401	
0.956726	8.67432	
0.958252	8.67493	
0.959167	8.67432	
0.959473	8.67462	
0.959473	8.67432	
0.954895	8.6734	
0.9552	8.67371	
0.956116	8.6734	
0.958862	8.67462	
0.964355	8.6734	
0.960693	8.67401	
0.961304	8.67462	
0.959778	8.67401	
0.958862	8.67401	
0.957336	8.67462	
0.956726	8.67371	
0.954285	8.67371	
0.955505	8.67432	
0.956421	8.67432	
0.958557	8.67401	
0.958252	8.67462	
0.958862	8.67462	
0.955505	8.67432	
0.957947	8.67371	
0.958862	8.67462	
0.959778	8.67401	
0.958862	8.67371	
0.957947	8.67432	
0.960999	8.67493	
0.956116	8.6734	
0.957642	8.67401	
0.960999	8.67432	
0.959473	8.67432	
0.962219	8.67371	
0.957642	8.67371	
0.961304	8.67462	
0.959778	8.6734	
0.959778	8.67401	
0.960693	8.67401	
0.960388	8.67432	
0.957947	8.67401	
0.960083	8.67401	
0.958862	8.67401	
0.959778	8.67401	
0.957336	8.67401	
0.95459	8.67401	
0.956726	8.67371	
0.956116	8.67371	
0.958252	8.67371	
0.963135	8.67401	
0.957336	8.67401	
0.961304	8.67401	
0.958862	8.67401	
0.959778	8.67432	
0.960083	8.67432	
0.956421	8.67432	
0.955811	8.6734	
0.9552	8.67401	
0.954895	8.67371	
0.957642	8.6734	
0.96344	8.67432	
0.958862	8.67432	
0.957336	8.67432	
0.958252	8.67432	
0.960693	8.67401	
0.960083	8.67401	
0.959473	8.6731	
0.95459	8.67371	
0.954895	8.67432	
0.958557	8.67432	
0.959473	8.67462	
0.95459	8.67371	
0.956421	8.67401	
0.956726	8.67462	
0.959473	8.67432	
0.957642	8.67401	
0.960388	8.67401	
0.956116	8.67432	
0.957947	8.67432	
0.960083	8.67401	
0.957642	8.67432	
0.963135	8.67371	
0.959778	8.67462	
0.959473	8.67401	
0.958862	8.67371	
0.9552	8.67432	
0.958252	8.6731	
0.960693	8.67401	
0.959473	8.67401	
0.959167	8.67371	
0.954895	8.6734	
0.957947	8.67401	
0.957642	8.67401	
0.959473	8.67401	
0.96344	8.67371	
0.961304	8.67432	
0.956116	8.67371	
0.958862	8.67371	
0.963135	8.67493	
0.959778	8.67432	
0.961914	8.67432	
0.960083	8.67432	
0.958557	8.67371	
0.956421	8.6734	
0.955505	8.6734	
0.959473	8.67401	
0.960999	8.67401	
0.957642	8.67401	
0.955505	8.67462	
0.954895	8.6734	
0.957642	8.67432	
0.954895	8.67371	
0.959167	8.67371	
0.963135	8.67371	
0.959778	8.6734	
0.962219	8.67432	
0.960388	8.67401	
0.958557	8.67401	
0.957642	8.67371	
0.958557	8.67432	
0.958252	8.67523	
0.960083	8.67462	
0.959167	8.67462	
0.958252	8.67401	
0.958557	8.67371	
0.960388	8.67401	
0.957031	8.6734	
0.963135	8.67432	
0.957947	8.67432	
0.958862	8.67432	
0.958252	8.67401	
0.955505	8.67493	
0.958862	8.67432	
0.960388	8.67371	
0.958557	8.67432	
0.958252	8.67401	
0.958862	8.67432	
0.958252	8.67401	
0.957336	8.67401	
0.957031	8.67432	
0.957947	8.67371	
0.959473	8.6734	
0.960388	8.67371	
0.955505	8.67371	
0.958862	8.67401	
0.960083	8.67401	
0.959778	8.6734	
0.956116	8.67432	
0.956726	8.67371	
0.956726	8.67432	
0.959778	8.67401	
0.960693	8.67432	
0.959473	8.67401	
0.960388	8.67432	
0.959473	8.67432	
0.960693	8.67462	
0.962219	8.67432	
0.957031	8.67432	
0.959473	8.6734	
0.960083	8.67371	
0.960388	8.67371	
0.957336	8.67401	
0.961609	8.67371	
0.958252	8.6734	
0.960083	8.67401	
0.959778	8.67401	
0.957031	8.67401	
0.957947	8.6734	
0.961304	8.67432	
0.958252	8.67432	
0.960693	8.67401	
0.958252	8.67401	
0.960388	8.67401	
0.959473	8.67371	
0.955505	8.67432	
0.958557	8.67432	
0.959167	8.67401	
0.960083	8.67371	
0.955505	8.67371	
0.958252	8.6734	
0.961609	8.67401	
0.958252	8.67432	
0.961609	8.67432	
0.957336	8.67401	
0.959473	8.67432	
0.959473	8.67432	
0.958557	8.67401	
0.958252	8.6734	
0.96405	8.6734	
0.958557	8.67371	
0.957031	8.67401	
0.960999	8.67432	
0.955505	8.6734	
0.956116	8.67401	
0.959778	8.6734	
0.960388	8.67401	
0.957642	8.67432	
0.959473	8.67371	
0.957947	8.67371	
0.955811	8.6734	
0.958862	8.67401	
0.960083	8.67371	
0.959167	8.67371	
0.955505	8.67432	
0.958252	8.67371	
0.960693	8.67462	
0.959167	8.67371	
0.955811	8.67462	
0.955811	8.67371	
0.9552	8.67401	
0.958557	8.67401	
0.959778	8.6731	
0.957031	8.67401	
0.956726	8.67371	
0.954895	8.67401	
0.958252	8.67401	
0.961304	8.67401	
0.960693	8.67401	
0.960999	8.67401	
0.960083	8.67371	
0.963745	8.67401	
0.960999	8.6734	
0.955505	8.6731	
0.957031	8.67432	
0.963135	8.67371	
0.960693	8.67401	
0.957031	8.6734	
0.957031	8.67371	
0.962524	8.67371	
0.958252	8.6734	
0.959167	8.67371	
0.959167	8.67401	
0.954895	8.67401	
0.960693	8.67371	
0.9552	8.67371	
0.959473	8.67371	
0.964355	8.67401	
0.960388	8.6734	
0.954895	8.6734	
0.957947	8.67432	
0.96283	8.67401	
0.959778	8.6734	
0.958557	8.67432	
0.958862	8.6734	
0.960388	8.67401	
0.957336	8.67371	
0.96283	8.67401	
0.959167	8.67432	
0.962524	8.67401	
0.957031	8.67371	
0.957947	8.67401	
0.959167	8.67371	
0.954285	8.67401	
0.955505	8.6734	
0.957947	8.67432	
0.957642	8.67401	
0.963745	8.67401	
0.957642	8.67432	
0.962524	8.67462	
0.958252	8.67401	
0.958252	8.67401	
0.956726	8.67279	
0.956116	8.67401	
0.958252	8.67401	
0.959167	8.67401	
0.960083	8.6734	
0.956116	8.67401	
0.958252	8.6734	
0.959473	8.67401	
0.959778	8.67462	
0.955811	8.67371	
0.956116	8.6731	
0.960083	8.67371	
0.959473	8.67432	
0.957642	8.67401	
0.956726	8.6734	
0.9552	8.67432	
0.959473	8.67371	
0.960388	8.67432	
0.954895	8.67401	
0.956116	8.67371	
0.958252	8.67401	
0.960083	8.67401	
0.9552	8.67401	
0.958557	8.67401	
0.956421	8.67401	
0.957336	8.67371	
0.962219	8.67401	
0.957336	8.6731	
0.959473	8.67432	
0.960083	8.67432	
0.959167	8.6734	
0.955505	8.67371	
0.959473	8.67432	
0.960693	8.67371	
0.954895	8.67371	
0.956726	8.67401	
0.959167	8.67401	
0.960999	8.67371	
0.953979	8.67401	
0.955505	8.6734	
0.957642	8.67371	
0.959778	8.67371	
0.955505	8.6734	
0.957336	8.6734	
0.959167	8.67401	
0.960083	8.67432	
0.955811	8.67401	
0.955811	8.67401	
0.958252	8.67432	
0.959778	8.67432	
0.962219	8.67401	
0.959167	8.6734	
0.957031	8.67401	
0.957947	8.67401	
0.959778	8.67401	
0.960083	8.67371	
0.956726	8.67371	
0.957947	8.67432	
0.956116	8.67493	
0.9552	8.67432	
0.958862	8.67401	
0.959167	8.67371	
0.95459	8.6731	
0.956421	8.67401	
0.956726	8.67371	
0.960388	8.67401	
0.957642	8.6734	
0.958862	8.67401	
0.957031	8.67371	
0.96283	8.67432	
0.960693	8.67401	
0.964661	8.67371	
0.959167	8.6734	
0.956421	8.6734	
0.959778	8.67371	
0.955505	8.67401	
0.955505	8.67401	
0.960083	8.67371	
0.958862	8.6734	
0.957947	8.67401	
0.959778	8.67432	
0.958557	8.67401	
0.958252	8.67401	
0.958557	8.67401	
0.958252	8.67371	
0.960083	8.67432	
0.956116	8.67432	
0.957947	8.67462	
0.960693	8.67432	
0.959167	8.6734	
0.960999	8.67462	
0.958557	8.67401	
0.960999	8.67371	
0.958557	8.67401	
0.959778	8.67371	
0.958557	8.67432	
0.960083	8.67371	
0.957947	8.67401	
0.962219	8.67462	
0.960693	8.67371	
0.958862	8.67371	
0.958557	8.67401	
0.958557	8.6734	
0.957947	8.67401	
0.960999	8.67371	
0.958862	8.67371	
0.96283	8.67462	
0.959473	8.67401	
0.957947	8.6734	
0.957947	8.6734	
0.961609	8.67401	
0.959778	8.6734	
0.957642	8.67371	
0.959167	8.67371	
0.960388	8.67371	
0.957947	8.67371	
0.964966	8.67401	
0.961304	8.67371	
0.955811	8.67279	
0.958252	8.67401	
0.957642	8.6731	
0.9552	8.67371	
0.960693	8.67371	
0.956421	8.6731	
0.957947	8.6731	
0.959778	8.67401	
0.960083	8.67371	
0.9552	8.67371	
0.958862	8.67432	
0.959473	8.67401	
0.958252	8.6734	
0.961914	8.67432	
0.959778	8.67432	
0.961914	8.67279	
0.961609	8.67371	
0.954895	8.67371	
0.960083	8.67371	
0.961304	8.67371	
0.958252	8.67462	
0.955811	8.67401	
0.960388	8.67432	
0.958862	8.67432	
0.959167	8.67432	
0.957642	8.67371	
0.96405	8.67401	
0.958862	8.67432	
0.956116	8.67279	
0.955811	8.67279	
0.959167	8.6731	
0.956421	8.6734	
0.9552	8.6734	
0.9552	8.6734	
0.959778	8.6731	
0.959473	8.67371	
0.958862	8.6734	
0.959778	8.67401	
0.956726	8.67279	
0.957642	8.67371	
0.957336	8.6731	
0.959778	8.6731	
0.957642	8.6731	
0.959167	8.6734	
0.957642	8.67371	
0.958252	8.6734	
0.960693	8.67401	
0.957947	8.6734	
0.96283	8.6734	
0.957336	8.67401	
0.96283	8.67279	
0.955505	8.67371	
0.958557	8.6734	
0.960693	8.6734	
0.956116	8.67371	
0.959473	8.67401	
0.957642	8.67279	
0.96283	8.67401	
0.957642	8.67371	
0.964661	8.67371	
0.955505	8.6731	
0.960999	8.67371	
0.958252	8.6734	
0.958557	8.6731	
0.958557	8.6731	
0.957642	8.67401	
0.960083	8.67371	
0.958557	8.6731	
0.961304	8.67401	
0.959778	8.67371	
0.958862	8.67371	
0.958557	8.6734	
0.956726	8.67371	
0.959778	8.6734	
0.957336	8.6734	
0.962219	8.6734	
0.958862	8.67371	
0.958252	8.67371	
0.957947	8.67401	
0.957947	8.67249	
0.957336	8.6734	
0.955505	8.6734	
0.954895	8.67371	
0.960693	8.67401	
0.957031	8.6731	
0.958252	8.67432	
0.958252	8.67371	
0.958557	8.6734	
0.955811	8.6731	
0.957642	8.67371	
0.955811	8.6734	
0.960083	8.6734	
0.958252	8.6734	
0.962219	8.67401	
0.960388	8.6734	
0.961914	8.67401	
0.956726	8.67371	
0.958252	8.67371	
0.958252	8.67401	
0.957947	8.67371	
0.960388	8.67432	
0.956421	8.67401	
0.955811	8.67371	
0.958252	8.67432	
0.959167	8.67432	
0.959167	8.67371	
0.960693	8.67371	
0.958252	8.67371	
0.963745	8.67371	
0.956421	8.6731	
0.959473	8.6734	
0.960388	8.67249	
0.953674	8.6731	
0.957336	8.67401	
0.958252	8.67371	
0.96283	8.6734	
0.959473	8.6734	
0.96405	8.6731	
0.958557	8.6734	
0.958557	8.6734	
0.958252	8.67279	
0.957947	8.6734	
0.960388	8.67432	
0.956421	8.67401	
0.960999	8.6734	
0.959473	8.67432	
0.963135	8.6734	
0.958862	8.6734	
0.958252	8.6731	
0.959778	8.67371	
0.955505	8.6734	
0.9552	8.67371	
0.957336	8.6731	
0.960083	8.67371	
0.957642	8.67371	
0.959778	8.67371	
0.958862	8.6734	
0.962219	8.6731	
0.959473	8.67371	
0.963135	8.67462	
0.957947	8.6734	
0.956116	8.67279	
0.958557	8.67401	
0.956116	8.67279	
0.960388	8.67401	
0.957642	8.67279	
0.960999	8.6734	
0.958862	8.6734	
0.96344	8.6734	
0.957947	8.6734	
0.958252	8.67371	
0.958252	8.67279	
0.957947	8.67371	
0.960083	8.6731	
0.957336	8.67401	
0.962524	8.67401	
0.960083	8.67371	
0.96405	8.67401	
0.956421	8.6731	
0.957642	8.67432	
0.960083	8.67371	
0.958557	8.6734	
0.958862	8.6731	
0.957947	8.67371	
0.958252	8.6734	
0.959473	8.6734	
0.961609	8.67401	
0.957336	8.67279	
0.958862	8.6731	
0.960999	8.6734	
0.957642	8.6731	
0.957642	8.6734	
0.959778	8.67401	
0.957336	8.67371	
0.957642	8.67401	
0.958557	8.6731	
0.955811	8.67371	
0.958557	8.6734	
0.955505	8.67371	
0.958252	8.6731	
0.958252	8.6734	
0.960693	8.67462	
0.955811	8.67279	
0.960388	8.6734	
0.954895	8.6734	
0.960388	8.67462	
0.956726	8.67279	
0.963745	8.67371	
0.960388	8.67401	
0.959778	8.6734	
0.960999	8.67401	
0.957031	8.6734	
0.957336	8.67401	
0.956116	8.67279	
0.955811	8.67279	
0.959473	8.67401	
0.957336	8.6734	
0.957336	8.67371	
0.961914	8.67371	
0.957336	8.67371	
0.957031	8.6731	
0.957642	8.67279	
0.958252	8.67371	
0.960999	8.67432	
0.958557	8.67401	
0.959473	8.67371	
0.959778	8.67371	
0.958557	8.67371	
0.960693	8.67371	
0.955505	8.6734	
0.958862	8.6731	
0.9552	8.6734	
0.960999	8.67462	
0.957947	8.6734	
0.96405	8.67432	
0.959778	8.67371	
0.96283	8.67371	
0.954285	8.6731	
0.960083	8.67371	
0.956116	8.6731	
0.959167	8.6731	
0.959778	8.6731	
0.959778	8.6734	
0.957031	8.6734	
0.960083	8.67401	
0.957642	8.67371	
0.958252	8.67371	
0.958862	8.67371	
0.956116	8.6734	
0.960999	8.6731	
0.958557	8.67401	
0.960388	8.67401	
0.957947	8.67371	
0.959473	8.6731	
0.958252	8.6734	
0.958862	8.6734	
0.960693	8.6734	
0.957947	8.67279	
0.960693	8.6734	
0.958557	8.6734	
0.954285	8.67371	
0.957947	8.67371	
0.957947	8.67371	
0.959167	8.67371	
0.958862	8.67401	
0.954895	8.67249	
0.960388	8.67401	
0.957336	8.67279	
0.961304	8.67279	
0.957642	8.67371	
0.9552	8.6731	
0.960999	8.67401	
0.957336	8.6734	
0.955505	8.67371	
0.960999	8.67279	
0.959167	8.6734	
0.961304	8.6734	
0.959778	8.6734	
0.96344	8.67371	
0.958252	8.67371	
0.964661	8.6734	
0.955505	8.67279	
0.960083	8.67371	
0.957642	8.67432	
0.960083	8.6731	
0.961304	8.6734	
0.955505	8.6734	
0.960693	8.67371	
0.957642	8.67371	
0.960388	8.6731	
0.962524	8.67279	
0.960999	8.6734	
0.960693	8.67371	
0.958252	8.67371	
0.957947	8.67371	
0.959473	8.67401	
0.960999	8.67371	
0.959473	8.67432	
0.956116	8.6734	
0.960693	8.67401	
0.962219	8.6734	
0.956116	8.6731	
0.960999	8.67401	
0.958862	8.6731	
0.959778	8.67371	
0.96283	8.67432	
0.957031	8.67432	
0.957947	8.67432	
0.962524	8.67371	
0.957642	8.67371	
0.956116	8.6731	
0.960388	8.67432	
0.957336	8.67401	
0.9552	8.6731	
0.960388	8.6731	
0.958252	8.67401	
0.962524	8.6734	
0.958557	8.6734	
0.960693	8.6734	
0.955505	8.67371	
0.960388	8.67371	
0.957336	8.6731	
0.957336	8.67371	
0.957336	8.67371	
0.963745	8.67401	
0.957336	8.67401	
0.95459	8.6734	
0.959167	8.6731	
0.960693	8.67371	
0.958252	8.67401	
0.955505	8.67401	
0.960999	8.6731	
0.961914	8.67371	
0.954895	8.67401	
0.957642	8.67279	
0.961304	8.67401	
0.959167	8.6734	
0.958862	8.67401	
0.959167	8.67432	
0.960693	8.6731	
0.957336	8.6731	
0.959473	8.67371	
0.957031	8.67371	
0.959473	8.67371	
0.960999	8.67371	
0.955811	8.6731	
0.960693	8.6731	
0.957947	8.67401	
0.960999	8.6734	
0.956726	8.67371	
0.958252	8.6734	
0.96344	8.67371	
0.959473	8.67401	
0.96344	8.67371	
0.955811	8.67279	
0.958862	8.67371	
0.96344	8.6734	
0.959167	8.67371	
0.955811	8.6734	
0.960083	8.6734	
0.957642	8.67401	
0.960999	8.67371	
0.960388	8.6731	
0.958252	8.67371	
0.960693	8.67401	
0.958557	8.67371	
0.956116	8.67371	
0.960083	8.67279	
0.958557	8.67401	
0.962219	8.67401	
0.956421	8.6734	
0.958252	8.67401	
0.958252	8.6731	
0.957642	8.67401	
0.954285	8.6734	
0.961304	8.67371	
0.957947	8.67401	
0.956116	8.6734	
0.959167	8.6734	
0.958557	8.6734	
0.96405	8.67279	
0.955505	8.6731	
0.958557	8.67432	
0.963135	8.67371	
0.958557	8.67371	
0.954895	8.6731	
0.960693	8.67462	
0.960083	8.6734	
0.956116	8.67371	
0.960388	8.6734	
0.958557	8.67371	
0.959778	8.67432	
0.960999	8.6731	
0.960693	8.6731	
0.959167	8.67371	
0.958862	8.67401	
0.960083	8.67401	
0.957336	8.6734	
0.958557	8.67401	
0.955505	8.67432	
0.960083	8.67371	
0.964355	8.67371	
0.955505	8.6731	
0.959778	8.6731	
0.96344	8.6734	
0.957642	8.67279	
0.954895	8.67371	
0.960999	8.6731	
0.960693	8.6731	
0.954895	8.6731	
0.960693	8.6734	
0.958252	8.6731	
0.960388	8.6734	
0.961304	8.67371	
0.958862	8.6731	
0.955811	8.6731	
0.960693	8.6731	
0.961914	8.6731	
0.957642	8.6734	
0.959778	8.6731	
0.960999	8.67432	
0.958252	8.67371	
0.958252	8.6731	
0.960999	8.6731	
0.957336	8.67279	
0.955811	8.67279	
0.959167	8.6734	
0.959473	8.67401	
0.961914	8.67432	
0.958252	8.6731	
0.959473	8.67371	
0.958862	8.6734	
0.958862	8.6731	
0.958557	8.6734	
0.958557	8.67371	
0.956116	8.67401	
0.959167	8.67371	
0.96405	8.67371	
0.959778	8.67401	
0.957031	8.67371	
0.960999	8.6734	
0.958557	8.6734	
0.956421	8.67279	
0.961304	8.67401	
0.957947	8.67401	
0.958862	8.67401	
0.961304	8.6731	
0.958557	8.6734	
0.955505	8.67432	
0.960693	8.6734	
0.961304	8.67279	
0.958557	8.67371	
0.958862	8.67279	
0.962219	8.67371	
0.958862	8.6734	
0.958557	8.67371	
0.958557	8.67249	
0.960999	8.6734	
0.959167	8.67371	
0.957642	8.6731	
0.958862	8.6734	
0.957031	8.6734	
0.961304	8.6734	
0.957642	8.67401	
0.956116	8.6734	
0.957336	8.6734	
0.959778	8.67371	
0.961609	8.6734	
0.955811	8.67371	
0.958862	8.6734	
0.961609	8.6734	
0.959167	8.6734	
0.957642	8.67401	
0.957642	8.6734	
0.961304	8.67371	
0.960999	8.67432	
0.960388	8.6731	
0.958862	8.67401	
0.956116	8.67279	
0.959778	8.6734	
0.960693	8.67432	
0.957947	8.67401	
0.958557	8.6731	
0.959778	8.6731	
0.955811	8.67279	
0.958862	8.67401	
0.960999	8.6734	
0.960693	8.67401	
0.96405	8.67401	
0.957947	8.67279	
0.957031	8.6731	
0.958862	8.67371	
0.960388	8.6731	
0.959473	8.6734	
0.960999	8.6734	
0.960693	8.67371	
0.958862	8.6734	
0.964661	8.67401	
0.956116	8.67279	
0.957336	8.6734	
0.957642	8.67371	
0.958557	8.6731	
0.959167	8.67371	
0.961609	8.67371	
0.960693	8.6734	
0.960999	8.67371	
0.959778	8.67371	
0.96344	8.67401	
0.958557	8.67401	
0.9552	8.67371	
0.958252	8.6731	
0.959167	8.67371	
0.960388	8.67371	
0.96344	8.67371	
0.960999	8.67401	
0.958862	8.67371	
0.963135	8.67401	
0.9552	8.6734	
0.960083	8.67371	
0.958557	8.6731	
0.959778	8.67371	
0.959778	8.67249	
0.956421	8.6734	
0.957642	8.67401	
0.955811	8.67371	
0.960388	8.6731	
0.962219	8.6734	
0.957642	8.67401	
0.958557	8.6734	
0.958557	8.67371	
0.957947	8.6734	
0.960388	8.6734	
0.961914	8.6731	
0.957947	8.6734	
0.954285	8.6734	
0.957947	8.67371	
0.959473	8.6731	
0.960693	8.67371	
0.956726	8.67371	
0.958252	8.67371	
0.954285	8.6734	
0.960693	8.67401	
0.961304	8.67462	
0.959778	8.67462	
0.96344	8.67371	
0.957642	8.67371	
0.956726	8.67371	
0.958862	8.67401	
0.9552	8.6734	
0.957336	8.67371	
0.958557	8.6734	
0.957947	8.6734	
0.959473	8.67371	
0.960693	8.6731	
0.960388	8.6734	
0.960388	8.6734	
0.960999	8.6731	
0.963135	8.67371	
0.957642	8.6734	
0.958862	8.6731	
0.958862	8.6734	
0.958252	8.67371	
0.960999	8.6734	
0.958862	8.67432	
0.958252	8.67371	
0.959167	8.6734	
0.962219	8.6734	
0.956726	8.67401	
0.957642	8.6734	
0.955505	8.67279	
0.960693	8.67401	
0.958557	8.67371	
0.960999	8.67371	
0.956421	8.6734	
0.959473	8.67371	
0.96344	8.6734	
0.960083	8.6731	
0.959167	8.67371	
0.957642	8.67371	
0.957642	8.67371	
0.957031	8.6731	
0.956726	8.67371	
0.956421	8.6734	
0.960083	8.67371	
0.960388	8.67279	
0.960999	8.67371	
0.957642	8.67371	
0.957031	8.67371	
0.955811	8.67371	
0.959778	8.67401	
0.958252	8.67401	
0.960999	8.6734	
0.959778	8.6734	
0.959167	8.67401	
0.959473	8.6734	
0.957642	8.6734	
0.955811	8.6731	
0.957947	8.6734	
0.958862	8.6734	
0.957031	8.67279	
0.955505	8.67401	
0.956726	8.6731	
0.960693	8.67401	
0.954895	8.6731	
0.960083	8.67401	
0.960999	8.67401	
0.960083	8.6734	
0.963745	8.67401	
0.960693	8.6734	
0.957947	8.67401	
0.958557	8.67401	
0.959473	8.67432	
0.9552	8.67279	
0.957336	8.67401	
0.957642	8.67401	
0.962219	8.67371	
0.960999	8.67371	
0.959167	8.67401	
0.958557	8.67371	
0.961914	8.67401	
0.960083	8.6734	
0.959473	8.6734	
0.955811	8.67371	
0.957642	8.67401	
0.960693	8.6731	
0.961304	8.6731	
0.958557	8.6734	
0.956726	8.67279	
0.957947	8.6734	
0.957642	8.6731	
0.957336	8.6734	
0.960083	8.67401	
0.958557	8.6731	
0.95459	8.67401	
0.959778	8.6734	
0.956421	8.67401	
0.961304	8.67401	
0.960693	8.67279	
0.958557	8.67279	
0.956421	8.6734	
0.960693	8.67371	
0.958862	8.6734	
0.964355	8.67432	
0.961304	8.67371	
0.957947	8.67401	
0.957031	8.6731	
0.962219	8.67401	
0.960693	8.67371	
0.956116	8.67432	
0.962524	8.67371	
0.956116	8.6731	
0.960388	8.6731	
0.959778	8.67401	
0.960083	8.67279	
0.956421	8.6734	
0.959473	8.67401	
0.957336	8.6734	
0.962219	8.67371	
0.9552	8.67279	
0.957642	8.6734	
0.957336	8.6734	
0.956116	8.67371	
0.960083	8.67401	
0.9552	8.67279	
0.961304	8.67371	
0.955811	8.67279	
0.957642	8.67371	
0.959167	8.6734	
0.962219	8.6734	
0.957642	8.6731	
0.959473	8.67371	
0.961914	8.6731	
0.959778	8.6734	
0.955811	8.67279	
0.957031	8.67279	
0.955811	8.67279	
0.957336	8.67279	
0.958252	8.6731	
0.958252	8.67279	
0.962524	8.6731	
0.960693	8.6731	
0.960999	8.67401	
0.959778	8.6731	
0.958557	8.67279	
0.956116	8.6734	
0.960999	8.67249	
0.954895	8.67249	
0.960693	8.67279	
0.959167	8.6734	
0.957642	8.6731	
0.957336	8.6731	
0.959473	8.6731	
0.955811	8.6734	
0.959167	8.6731	
0.961304	8.6731	
0.961609	8.67279	
0.96405	8.6731	
0.960693	8.67279	
0.959473	8.67371	
0.96344	8.6734	
0.956116	8.67249	
0.957031	8.67279	
0.955505	8.6731	
0.959473	8.67279	
0.960693	8.6734	
0.95459	8.67279	
0.959167	8.67401	
0.957336	8.67279	
0.960083	8.6731	
0.960083	8.67249	
0.958862	8.6734	
0.959167	8.6731	
0.960999	8.6734	
0.955505	8.67371	
0.957642	8.67249	
0.956726	8.6731	
0.958252	8.67401	
0.960693	8.67279	
0.958252	8.67218	
0.960083	8.67279	
0.960999	8.67279	
0.960083	8.67279	
0.960999	8.67279	
0.960083	8.6731	
0.958862	8.67279	
0.962524	8.67279	
0.957031	8.67279	
0.959778	8.67371	
0.96344	8.6734	
0.960999	8.6734	
0.958252	8.6734	
0.961914	8.6731	
0.961304	8.67279	
0.961609	8.67371	
0.960388	8.67279	
0.962219	8.67371	
0.958862	8.67249	
0.961304	8.6731	
0.954895	8.6731	
0.958557	8.67279	
0.957031	8.6731	
0.959167	8.6731	
0.9552	8.6734	
0.957642	8.6734	
0.960999	8.6731	
0.955811	8.67218	
0.958557	8.6731	
0.960083	8.67371	
0.959778	8.6734	
0.960388	8.6731	
0.959167	8.67249	
0.958557	8.67371	
0.963135	8.6731	
0.956421	8.67279	
0.957642	8.6731	
0.958557	8.67279	
0.959778	8.67279	
0.957947	8.6731	
0.958557	8.67371	
0.96344	8.67371	
0.957642	8.6734	
0.960693	8.67371	
0.958252	8.6731	
0.958252	8.6731	
0.957947	8.6731	
0.958862	8.6731	
0.962524	8.6734	
0.960999	8.6734	
0.960999	8.67279	
0.959778	8.6731	
0.957947	8.6734	
0.959778	8.67249	
0.959473	8.67371	
0.958862	8.67279	
0.964966	8.67279	
0.957031	8.6734	
0.960083	8.67249	
0.960999	8.6731	
0.96283	8.6734	
0.960693	8.67371	
0.960388	8.67279	
0.955811	8.6731	
0.959167	8.6731	
0.956726	8.6731	
0.958557	8.67249	
0.955505	8.6731	
0.957947	8.67401	
0.960388	8.6731	
0.953979	8.67218	
0.958252	8.6731	
0.955811	8.6734	
0.957336	8.6731	
0.958862	8.6734	
0.96344	8.6734	
0.960999	8.67279	
0.958557	8.6734	
0.956421	8.6734	
0.963745	8.6734	
0.955811	8.6731	
0.957031	8.6731	
0.958862	8.6734	
0.96405	8.6731	
0.958862	8.6731	
0.960388	8.67371	
0.954895	8.67279	
0.961609	8.67371	
0.956421	8.67401	
0.957947	8.67371	
0.959473	8.67279	
0.963745	8.67279	
0.961304	8.67371	
0.957947	8.6731	
0.958252	8.67279	
0.960388	8.6734	
0.957642	8.6731	
0.957642	8.67249	
0.954895	8.6731	
0.958862	8.67279	
0.960083	8.67371	
0.955505	8.6734	
0.960999	8.6731	
0.958557	8.6731	
0.957642	8.67371	
0.957642	8.6734	
0.96344	8.67371	
0.959167	8.67279	
0.959473	8.6731	
0.955811	8.6731	
0.958862	8.67279	
0.956726	8.6734	
0.957947	8.67279	
0.957642	8.67371	
0.957947	8.6734	
0.958557	8.67279	
0.958557	8.6731	
0.958557	8.6734	
0.961914	8.67401	
0.959167	8.6734	
0.960388	8.6734	
0.956421	8.67279	
0.956421	8.67371	
0.959778	8.67371	
0.955505	8.67249	
0.959778	8.67371	
0.9552	8.6731	
0.957642	8.6734	
0.959167	8.6734	
0.96344	8.67371	
0.956726	8.6731	
0.959778	8.67279	
0.957947	8.67371	
0.959778	8.6731	
0.955505	8.6734	
0.957947	8.67279	
0.957947	8.67371	
0.961609	8.67371	
0.960693	8.67279	
0.959778	8.67371	
0.955811	8.6731	
0.960693	8.67279	
0.958557	8.67279	
0.959167	8.67371	
0.956116	8.67279	
0.956116	8.67401	
0.959473	8.6731	
0.958557	8.67279	
0.957947	8.6734	
0.958862	8.67279	
0.957642	8.6734	
0.958252	8.6734	
0.956116	8.6734	
0.963135	8.67279	
0.961609	8.6731	
0.960693	8.6731	
0.955505	8.67279	
0.963745	8.67279	
0.956726	8.67279	
0.960693	8.67371	
0.959167	8.67279	
0.964355	8.6734	
0.961304	8.6731	
0.960083	8.67371	
0.955505	8.6731	
0.960388	8.67279	
0.957947	8.6731	
0.957947	8.67279	
0.958862	8.67249	
0.960083	8.67279	
0.958252	8.6731	
0.957947	8.6734	
0.96344	8.67279	
0.960999	8.67432	
0.961304	8.67371	
0.958557	8.67371	
0.955811	8.6734	
0.962219	8.67279	
0.960388	8.6734	
0.959167	8.67371	
0.9552	8.6734	
0.963745	8.67249	
0.960999	8.6731	
0.959778	8.6731	
0.957336	8.67279	
0.959167	8.67279	
0.963745	8.6734	
0.957336	8.67279	
0.958557	8.6734	
0.959778	8.67371	
0.964661	8.6734	
0.960999	8.6731	
0.960388	8.67188	
0.957336	8.67279	
0.959778	8.6731	
0.957336	8.67249	
0.956421	8.67401	
0.957947	8.67279	
0.959167	8.6731	
0.960999	8.6731	
0.958252	8.6734	
0.957642	8.67371	
0.957642	8.6734	
0.959167	8.6734	
0.96283	8.6734	
0.961304	8.6731	
0.960083	8.67279	
0.955505	8.67249	
0.958252	8.67279	
0.955811	8.67249	
0.958252	8.67249	
0.956116	8.67279	
0.961609	8.6731	
0.958252	8.67371	
0.960693	8.67371	
0.959167	8.6734	
0.96405	8.6731	
0.959778	8.6731	
0.961304	8.6731	
0.959778	8.67371	
0.955505	8.67401	
0.956421	8.67249	
0.957642	8.67279	
0.958862	8.6731	
0.96405	8.67279	
0.961304	8.6731	
0.9552	8.6734	
0.958557	8.6734	
0.957642	8.6734	
0.962524	8.67249	
0.957947	8.6734	
0.958557	8.67279	
0.964661	8.67401	
0.959778	8.6731	
0.960999	8.67371	
0.960388	8.6734	
0.959473	8.6731	
0.957642	8.67371	
0.959778	8.67279	
0.957642	8.67279	
0.963135	8.67371	
0.956116	8.6734	
0.959167	8.67279	
0.958862	8.67279	
0.963745	8.6734	
0.959778	8.6731	
0.960083	8.6734	
0.955505	8.6734	
0.958252	8.6731	
0.956421	8.6731	
0.956726	8.67249	
0.955505	8.6731	
0.960999	8.6734	
0.959778	8.6731	
0.958862	8.6731	
0.954895	8.6731	
0.963745	8.6731	
0.960999	8.6734	
0.960693	8.6731	
0.959473	8.67218	
0.9552	8.67249	
0.956726	8.6734	
0.957642	8.67279	
0.958557	8.6734	
0.961609	8.67279	
0.960999	8.67401	
0.960388	8.67249	
0.960083	8.67371	
0.9552	8.67249	
0.96283	8.67279	
0.960388	8.6731	
0.959473	8.6731	
0.9552	8.67279	
0.961304	8.6731	
0.959167	8.67432	
0.960388	8.6734	
0.958557	8.6734	
0.9552	8.67279	
0.958252	8.6734	
0.960083	8.67371	
0.960693	8.67371	
0.956116	8.67249	
0.961304	8.6734	
0.958557	8.6734	
0.958557	8.6734	
0.959167	8.67371	
0.96405	8.6734	
0.957336	8.67249	
0.960999	8.67371	
0.955505	8.67279	
0.958252	8.6731	
0.957031	8.67279	
0.960083	8.67279	
0.957947	8.67371	
0.956726	8.6734	
0.962219	8.6731	
0.960083	8.6731	
0.960083	8.6731	
0.9552	8.67249	
0.957947	8.6734	
0.958252	8.6734	
0.959473	8.6734	
0.957336	8.6734	
0.959167	8.6731	
0.96344	8.6734	
0.956116	8.67371	
0.957336	8.6734	
0.957947	8.6731	
0.955505	8.6734	
0.962219	8.6734	
0.959167	8.6731	
0.955505	8.6734	
0.958862	8.67279	
0.959473	8.6731	
0.955811	8.67279	
0.961609	8.6734	
0.960083	8.6734	
0.960388	8.6734	
0.956116	8.67249	
0.964355	8.6734	
0.958862	8.6731	
0.956116	8.6731	
0.962219	8.67279	
0.958252	8.6731	
0.958557	8.67371	
0.961609	8.67371	
0.961304	8.6731	
0.960999	8.67279	
0.954895	8.67249	
0.961914	8.6734	
0.961304	8.6731	
0.960388	8.6734	
0.960083	8.6731	
0.958557	8.67371	
0.960083	8.67279	
0.960999	8.6734	
0.960693	8.67279	
0.959167	8.67249	
0.958862	8.6731	
0.960693	8.6731	
0.957642	8.67279	
0.957031	8.67279	
0.957947	8.67279	
0.96344	8.6731	
0.956116	8.6731	
0.958557	8.67249	
0.958862	8.6731	
0.955505	8.67279	
0.958557	8.6734	
0.957336	8.6734	
0.961304	8.67279	
0.957642	8.6731	
0.960693	8.67279	
0.955505	8.6734	
0.955811	8.67371	
0.959778	8.6734	
0.959778	8.67279	
0.958557	8.67371	
0.960999	8.67371	
0.961304	8.67401	
0.955505	8.67249	
0.959167	8.67279	
0.960083	8.67371	
0.9552	8.67279	
0.961609	8.6731	
0.958557	8.6734	
0.959473	8.67279	
0.959473	8.6731	
0.963135	8.6731	
0.957947	8.67218	
0.956116	8.6734	
0.960388	8.67249	
0.958557	8.67279	
0.959167	8.67371	
0.963135	8.6734	
0.957642	8.6734	
0.957642	8.67279	
0.960999	8.67279	
0.958557	8.67279	
0.956421	8.6731	
0.964355	8.67371	
0.960999	8.67371	
0.957031	8.6731	
0.958862	8.6731	
0.960999	8.67249	
0.957642	8.6734	
0.964355	8.67279	
0.956421	8.67279	
0.958252	8.67249	
0.957642	8.6734	
0.956421	8.67218	
0.962524	8.6734	
0.961609	8.6734	
0.958252	8.6731	
0.958862	8.6734	
0.959778	8.6731	
0.956116	8.67279	
0.962524	8.6734	
0.960693	8.6734	
0.959778	8.6734	
0.959167	8.6731	
0.957336	8.6731	
0.958252	8.6734	
0.954895	8.6731	
0.961304	8.6734	
0.957336	8.6731	
0.960083	8.6734	
0.957336	8.67218	
0.960999	8.6731	
0.960693	8.67249	
0.959473	8.67279	
0.958862	8.67249	
0.957336	8.6734	
0.960388	8.67279	
0.959473	8.6734	
0.960999	8.6734	
0.959778	8.6731	
0.955811	8.6734	
0.96344	8.6731	
0.959167	8.67249	
0.960388	8.67371	
0.955505	8.67249	
0.962219	8.67249	
0.959167	8.67371	
0.957947	8.6734	
0.959778	8.67279	
0.957336	8.6734	
0.959473	8.67279	
0.955505	8.6734	
0.959473	8.6731	
0.961304	8.6734	
0.960999	8.6734	
0.958252	8.6731	
0.960999	8.67279	
0.960083	8.6734	
0.960083	8.67371	
0.957031	8.67279	
0.959167	8.67371	
0.962219	8.67249	
0.956726	8.6734	
0.957947	8.6731	
0.958252	8.6734	
0.955811	8.67249	
0.964355	8.67279	
0.959167	8.6731	
0.955811	8.6734	
0.960999	8.6731	
0.959167	8.67279	
0.957336	8.6734	
0.963135	8.6734	
0.956116	8.67371	
0.958862	8.67279	
0.960693	8.67279	
0.958862	8.67371	
0.961304	8.6731	
0.958252	8.67371	
0.9552	8.67279	
0.957947	8.67401	
0.960388	8.6734	
0.955811	8.6731	
0.956421	8.6734	
0.960083	8.6734	
0.960388	8.6734	
0.957336	8.67279	
0.964661	8.6731	
0.960999	8.6734	
0.957947	8.6734	
0.957031	8.6734	
0.957642	8.67279	
0.962524	8.67371	
0.955505	8.6731	
0.959473	8.67279	
0.960083	8.6731	
0.958252	8.6734	
0.957031	8.6731	
0.962524	8.6731	
0.960999	8.6731	
0.956116	8.6731	
0.957642	8.67279	
0.960999	8.67279	
0.956116	8.67249	
0.96344	8.67279	
0.960388	8.67279	
0.960693	8.67279	
0.955811	8.6731	
0.96405	8.67279	
0.960693	8.67371	
0.958252	8.67249	
0.957642	8.6734	
0.960388	8.6731	
0.957947	8.67279	
0.956726	8.6734	
0.958252	8.6731	
0.958557	8.67279	
0.956421	8.67279	
0.961609	8.6731	
0.961304	8.67279	
0.961609	8.67279	
0.959778	8.6734	
0.957947	8.6734	
0.960083	8.67371	
0.959778	8.67279	
0.958252	8.67279	
0.958862	8.67371	
0.95459	8.67249	
0.961609	8.6734	
0.959473	8.67279	
0.959473	8.6734	
0.958252	8.6731	
0.960693	8.67279	
0.958557	8.67249	
0.960999	8.67371	
0.959167	8.67279	
0.959473	8.6734	
0.959778	8.6731	
0.95459	8.67279	
0.962524	8.6731	
0.958557	8.6734	
0.957336	8.6731	
0.957031	8.67249	
0.960083	8.6734	
0.959167	8.6731	
0.957947	8.6734	
0.96405	8.67371	
0.957947	8.67249	
0.957336	8.67249	
0.961609	8.67279	
0.959473	8.6734	
0.959473	8.6734	
0.959778	8.6734	
0.959778	8.67249	
0.960083	8.6731	
0.957031	8.67279	
0.959167	8.67279	
0.96283	8.6731	
0.955811	8.67279	
0.958252	8.6734	
0.960083	8.67249	
0.960083	8.6734	
0.958862	8.67249	
0.959473	8.67279	
0.958252	8.67371	
0.961304	8.67371	
0.958252	8.6731	
0.960388	8.6734	
0.956421	8.67218	
0.964661	8.67249	
0.958557	8.6734	
0.958252	8.67279	
0.958862	8.6731	
0.955505	8.67249	
0.964355	8.6731	
0.959473	8.6734	
0.958862	8.67401	
0.955505	8.6734	
0.958862	8.67279	
0.959778	8.6734	
0.9552	8.67279	
0.963745	8.6731	
0.956116	8.67279	
0.960999	8.67249	
0.960999	8.67279	
0.954895	8.67218	
0.964661	8.6734	
0.961609	8.6731	
0.955811	8.67371	
0.961609	8.6734	
0.957336	8.6731	
0.960999	8.6734	
0.957947	8.6734	
0.959167	8.67249	
0.956726	8.67279	
0.960388	8.67279	
0.957947	8.6731	
0.960999	8.67218	
0.959167	8.67371	
0.958252	8.67218	
0.962219	8.67371	
0.959473	8.67279	
0.956116	8.6731	
0.961304	8.6731	
0.959167	8.67279	
0.960693	8.6731	
0.955811	8.6731	
0.96344	8.67279	
0.963745	8.67371	
0.956116	8.6734	
0.959167	8.67249	
0.960388	8.6731	
0.957947	8.6734	
0.956116	8.6731	
0.965271	8.6731	
0.958557	8.6731	
0.958557	8.67279	
0.957031	8.67249	
0.961609	8.67279	
0.958557	8.6734	
0.959778	8.67249	
0.958557	8.6734	
0.955811	8.67279	
0.958862	8.6734	
0.960388	8.67279	
0.960388	8.67218	
0.960388	8.6734	
0.958252	8.6731	
0.95459	8.67279	
0.96405	8.6734	
0.959473	8.67279	
0.959473	8.6734	
0.957031	8.6734	
0.960693	8.6734	
0.957336	8.6731	
0.960083	8.67279	
0.957642	8.6731	
0.961304	8.67279	
0.962219	8.6734	
0.956421	8.67249	
0.960999	8.6731	
0.960083	8.6734	
0.958252	8.67371	
0.956726	8.67249	
0.964966	8.67371	
0.958862	8.6734	
0.961304	8.67279	
0.955505	8.6731	
0.961914	8.6734	
0.957642	8.6734	
0.960693	8.67249	
0.956421	8.67249	
0.963745	8.6734	
0.963135	8.67371	
0.957031	8.6731	
0.959167	8.67279	
0.958252	8.6734	
0.958252	8.6734	
0.959473	8.67279	
0.956116	8.6731	
0.955505	8.67218	
0.963745	8.6731	
0.960388	8.67371	
0.958862	8.6731	
0.958252	8.67279	
0.961304	8.6734	
0.957642	8.6731	
0.960388	8.6731	
0.959778	8.67279	
0.960083	8.6731	
0.958557	8.67371	
0.958557	8.67279	
0.956421	8.6734	
0.957031	8.6731	
0.959778	8.6734	
0.959778	8.67279	
0.956116	8.67371	
0.960999	8.6734	
0.960693	8.6734	
0.960388	8.67279	
0.958862	8.67279	
0.957947	8.6731	
0.954895	8.6731	
0.96405	8.6734	
0.958862	8.67371	
0.960999	8.67432	
0.956726	8.67279	
0.958252	8.6734	
0.959473	8.6731	
0.958557	8.67279	
0.958862	8.6734	
0.957336	8.67279	
0.959473	8.67401	
0.957947	8.6731	
0.957336	8.6734	
0.959167	8.6734	
0.958557	8.6731	
0.9552	8.67218	
0.96405	8.6731	
0.961304	8.67279	
0.959167	8.6731	
0.955811	8.67371	
0.958252	8.67401	
0.960999	8.67249	
0.958252	8.67279	
0.959778	8.6734	
0.959167	8.6734	
0.955505	8.67279	
0.963135	8.6731	
0.957642	8.67371	
0.957947	8.6734	
0.960083	8.67371	
0.958557	8.6734	
0.955811	8.6734	
0.960083	8.6731	
0.960693	8.6734	
0.961609	8.6731	
0.954895	8.6731	
0.961914	8.6734	
0.959167	8.67279	
0.960083	8.6731	
0.959167	8.6731	
0.955811	8.6731	
0.962524	8.67371	
0.959473	8.67371	
0.959778	8.67371	
0.957947	8.6734	
0.960388	8.6731	
0.958557	8.6731	
0.958557	8.67218	
0.9552	8.6731	
0.958862	8.67249	
0.96405	8.6731	
0.959167	8.6731	
0.954895	8.6731	
0.960388	8.67279	
0.957947	8.67279	
0.959473	8.6731	
0.955811	8.67279	
0.96344	8.67279	
0.962219	8.6731	
0.960693	8.6734	
0.958862	8.67218	
0.960083	8.67279	
0.958557	8.67401	
0.956116	8.67279	
0.960388	8.67279	
0.964661	8.6734	
0.959473	8.67432	
0.958557	8.6731	
0.955505	8.67218	
0.960083	8.6734	
0.958557	8.6734	
0.958557	8.6734	
0.958862	8.67371	
0.956421	8.67279	
0.962524	8.6734	
0.960999	8.67371	
0.956116	8.6731	
0.960388	8.67371	
0.960083	8.67401	
0.959167	8.6731	
0.962524	8.6734	
0.959473	8.67371	
0.960083	8.6734	
0.955811	8.6734	
0.958557	8.6731	
0.960693	8.6731	
0.958862	8.67371	
0.957336	8.6731	
0.960388	8.67279	
0.957031	8.67249	
0.956116	8.67249	
0.96344	8.6734	
0.959167	8.6734	
0.959167	8.67371	
0.960999	8.67249	
0.958252	8.6734	
0.960693	8.67401	
0.959167	8.6731	
0.955505	8.67249	
0.963745	8.6734	
0.959778	8.67279	
0.961609	8.67371	
0.9552	8.6734	
0.960693	8.67249	
0.958557	8.6734	
0.957947	8.67279	
0.960999	8.6734	
0.958557	8.67249	
0.957642	8.6731	
0.955505	8.6734	
0.959167	8.6731	
0.960693	8.67371	
0.955811	8.6734	
0.958252	8.67371	
0.957947	8.6734	
0.960999	8.67279	
0.959778	8.6734	
0.958862	8.6731	
0.957947	8.67279	
0.9552	8.67279	
0.960388	8.6731	
0.96283	8.67249	
0.96405	8.6734	
0.962219	8.6731	
0.958557	8.6731	
0.961304	8.6731	
0.957642	8.6731	
0.955811	8.67218	
0.961914	8.6731	
0.960083	8.6734	
0.957642	8.6734	
0.959473	8.6731	
0.959778	8.6731	
0.957947	8.67249	
0.959778	8.67249	
0.956116	8.6731	
0.955505	8.6734	
0.961304	8.67401	
0.960083	8.67249	
0.959473	8.6734	
0.957947	8.6731	
0.957947	8.67279	
0.960999	8.6734	
0.958862	8.67279	
0.958862	8.6731	
0.959778	8.67401	
0.958557	8.6731	
0.958557	8.67279	
0.9552	8.67249	
0.964661	8.67371	
0.961304	8.6731	
0.959167	8.6731	
0.960388	8.6731	
0.956726	8.6731	
0.961609	8.67218	
0.957336	8.6731	
0.960999	8.6731	
0.959778	8.6734	
0.960083	8.6734	
0.958862	8.67401	
0.955505	8.67249	
0.960693	8.6734	
0.963745	8.67279	
0.963135	8.6731	
0.959473	8.6731	
0.957642	8.67279	
0.957336	8.67401	
0.960693	8.6734	
0.958862	8.67279	
0.958557	8.67279	
0.959778	8.6734	
0.959167	8.6731	
0.960693	8.67249	
0.957947	8.6731	
0.955811	8.67279	
0.956421	8.67279	
0.957642	8.67371	
0.964355	8.67279	
0.958862	8.6731	
0.959473	8.67371	
0.960083	8.67279	
0.955811	8.6734	
0.956421	8.67279	
0.959167	8.6731	
0.959778	8.67279	
0.958557	8.6731	
0.959167	8.67371	
0.959778	8.67249	
0.955811	8.67279	
0.962524	8.67279	
0.962219	8.67371	
0.960083	8.67279	
0.955811	8.67279	
0.956116	8.6734	
0.957336	8.67279	
0.960999	8.67249	
0.960693	8.67218	
0.957947	8.6734	
0.960083	8.6734	
0.959778	8.6734	
0.958557	8.6734	
0.959778	8.6731	
0.958557	8.6731	
0.957031	8.67249	
0.960999	8.6731	
0.964355	8.67371	
0.962524	8.6734	
0.959167	8.67279	
0.960083	8.67218	
0.955505	8.6734	
0.958557	8.67279	
0.960999	8.6731	
0.961304	8.67249	
0.961609	8.67279	
0.957336	8.67249	
0.959473	8.6731	
0.960693	8.6731	
0.957947	8.6731	
0.955811	8.67371	
0.959473	8.6734	
0.960999	8.67371	
0.961914	8.6731	
0.96283	8.67249	
0.956421	8.67371	
0.959473	8.67371	
0.955505	8.6734	
0.959167	8.6734	
0.961304	8.6731	
0.958862	8.6734	
0.957947	8.6734	
0.960388	8.67279	
0.958557	8.6734	
0.959778	8.67279	
0.957336	8.67279	
0.954895	8.67188	
0.960388	8.67249	
0.96283	8.6734	
0.960693	8.67279	
0.959778	8.6734	
0.960083	8.67371	
0.9552	8.67371	
0.958862	8.6734	
0.961304	8.6731	
0.957947	8.6731	
0.957336	8.6731	
0.959778	8.6731	
0.960693	8.67249	
0.958557	8.6731	
0.957947	8.6734	
0.954895	8.6731	
0.955811	8.6731	
0.962219	8.67279	
0.961304	8.67279	
0.963745	8.6731	
0.96344	8.6731	
0.957642	8.67279	
0.959167	8.67249	
0.955811	8.67371	
0.958557	8.67279	
0.956421	8.67279	
0.958557	8.67279	
0.959778	8.67279	
0.958252	8.67249	
0.958557	8.6731	
0.960693	8.6734	
0.959778	8.67279	
0.958557	8.67371	
0.959167	8.6734	
0.957947	8.67371	
0.958252	8.6734	
0.958252	8.67218	
0.958252	8.6731	
0.958252	8.6731	
0.957031	8.6731	
0.95459	8.6731	
0.95459	8.67249	
0.95459	8.67279	
0.9552	8.67279	
0.956421	8.67249	
0.96405	8.6734	
0.964661	8.6734	
0.959778	8.67401	
0.958862	8.6734	
0.959167	8.67371	
0.958252	8.6734	
0.960693	8.6731	
0.960693	8.6731	
0.957031	8.6734	
0.955811	8.67279	
0.955505	8.67249	
0.960999	8.67279	
0.959778	8.6731	
0.957642	8.67279	
0.956726	8.6731	
0.956421	8.6734	
0.960999	8.67371	
0.958557	8.67279	
0.957947	8.6731	
0.956116	8.6731	
0.955811	8.67218	
0.963135	8.6734	
0.963745	8.6731	
0.959778	8.67371	
0.957336	8.6731	
0.9552	8.6731	
0.956726	8.6731	
0.958252	8.6731	
0.961304	8.67249	
0.959473	8.6734	
0.958557	8.67371	
0.959778	8.67371	
0.958862	8.67279	
0.958557	8.67371	
0.958557	8.67279	
0.959473	8.67279	
0.960388	8.6734	
0.960083	8.6734	
0.958557	8.6731	
0.959167	8.6731	
0.958862	8.6731	
0.956421	8.67371	
0.956726	8.67249	
0.955505	8.6731	
0.955505	8.67249	
0.956726	8.67279	
0.958252	8.6734	
0.964966	8.6734	
0.965271	8.6734	
0.96283	8.67279	
0.963745	8.67371	
0.962219	8.6731	
0.96344	8.67371	
0.96405	8.6731	
0.96344	8.6731	
0.960999	8.6734	
0.962524	8.6731	
0.961304	8.67279	
0.958557	8.6731	
0.961304	8.6731	
0.958557	8.6734	
0.960999	8.67371	
0.958862	8.67371	
0.958557	8.6731	
0.959778	8.67249	
0.960083	8.67371	
0.961914	8.6731	
0.961609	8.6734	
0.961304	8.67371	
0.958252	8.6731	
0.957947	8.67279	
0.957642	8.67249	
0.960388	8.67279	
0.960083	8.6731	
0.961304	8.67279	
0.959167	8.6734	
0.955505	8.67279	
0.955811	8.6731	
0.956726	8.67371	
0.955811	8.67279	
0.956421	8.67279	
0.955505	8.67249	
0.95459	8.67371	
0.956116	8.67371	
0.956421	8.6734	
0.956116	8.67249	
0.958557	8.67249	
0.960693	8.67371	
0.959167	8.67279	
0.960388	8.67401	
0.960693	8.6734	
0.961609	8.67279	
0.958252	8.67279	
0.959167	8.67371	
0.959778	8.6731	
0.958862	8.6731	
0.959473	8.67371	
0.958557	8.6731	
0.958862	8.6734	
0.959167	8.6734	
0.961914	8.6731	
0.960693	8.67279	
0.959473	8.67371	
0.962524	8.6731	
0.961914	8.67279	
0.961609	8.6731	
0.961304	8.67371	
0.961914	8.6734	
0.960999	8.6731	
0.956726	8.67371	
0.957031	8.67279	
0.959778	8.67371	
0.959167	8.6734	
0.961304	8.6731	
0.961304	8.67371	
0.959473	8.6734	
0.961914	8.6734	
0.961609	8.67371	
0.961609	8.67279	
0.960693	8.67279	
0.960999	8.6734	
0.958862	8.6731	
0.959167	8.6731	
0.960999	8.6731	
0.960083	8.6731	
0.955505	8.67371	
0.95459	8.67218	
0.957031	8.6731	
0.958252	8.6731	
0.955811	8.6731	
0.959778	8.6731	
0.960999	8.67249	
0.958862	8.67371	
0.958862	8.67279	
0.959778	8.67432	
0.960388	8.6731	
0.958252	8.6734	
0.959473	8.6731	
0.96283	8.67371	
0.959778	8.67279	
0.959473	8.6734	
0.957947	8.6731	
0.959778	8.6731	
0.958862	8.67249	
0.960999	8.67279	
0.961304	8.6734	
0.960693	8.67279	
0.960999	8.6731	
0.960083	8.6734	
0.961304	8.6734	
0.959473	8.6734	
0.958252	8.6734	
0.959167	8.67371	
0.959778	8.67401	
0.958557	8.67279	
0.958862	8.67279	
0.958557	8.6734	
0.960999	8.67432	
0.960999	8.67371	
0.960693	8.67371	
0.960999	8.67371	
0.960693	8.6734	
0.960693	8.6731	
0.960693	8.6734	
0.958862	8.6734	
0.960693	8.6731	
0.959778	8.67279	
0.959778	8.67279	
0.961609	8.6731	
0.960388	8.67401	
0.961304	8.6734	
0.960999	8.67371	
0.960693	8.67371	
0.959167	8.6734	
0.959778	8.67371	
0.960388	8.67279	
0.960083	8.6731	
0.960693	8.67401	
0.961304	8.6734	
0.958252	8.6731	
0.960999	8.6734	
0.960999	8.67279	
0.961914	8.6731	
0.960693	8.6731	
0.960999	8.67371	
0.960083	8.6734	
0.956116	8.6734	
0.955505	8.6734	
0.956421	8.6734	
0.955505	8.6731	
0.956421	8.67279	
0.954895	8.67371	
0.9552	8.6731	
0.958862	8.6734	
0.960999	8.67371	
0.960999	8.6734	
0.960693	8.6734	
0.960693	8.6731	
0.959778	8.6734	
0.959473	8.67279	
0.958862	8.6734	
0.958862	8.67371	
0.959778	8.67371	
0.964661	8.6731	
0.961304	8.6731	
0.96405	8.6731	
0.96283	8.6731	
0.96344	8.6734	
0.960388	8.67188	
0.957031	8.67218	
0.955811	8.67249	
0.956421	8.67126	
0.956116	8.67188	
0.954895	8.67188	
0.955505	8.67218	
0.954895	8.67279	
0.955505	8.67279	
0.956421	8.6731	
0.955505	8.6734	
0.956116	8.67188	
0.955811	8.67188	
0.95459	8.67157	
0.956116	8.6731	
0.959473	8.67188	
0.958557	8.67218	
0.96405	8.67279	
0.963135	8.67279	
0.960999	8.67279	
0.959778	8.67126	
0.960388	8.67188	
0.959778	8.67218	
0.958252	8.67279	
0.960388	8.67218	
0.959473	8.67218	
0.960083	8.67279	
0.960083	8.67279	
0.960388	8.67218	
0.959167	8.67188	
0.959167	8.67279	
0.958557	8.67218	
0.960999	8.67279	
0.960083	8.67249	
0.958862	8.67249	
0.959473	8.67249	
0.960693	8.67218	
0.961304	8.67218	
0.959167	8.6731	
0.959167	8.67218	
0.960999	8.6734	
0.965271	8.67249	
0.964661	8.67218	
0.963745	8.6734	
0.956421	8.6731	
0.956116	8.67218	
0.957031	8.67218	
0.960083	8.67249	
0.959167	8.67249	
0.958862	8.6731	
0.958862	8.67249	
0.959778	8.67157	
0.960083	8.67218	
0.959473	8.67218	
0.959473	8.67218	
0.958862	8.67249	
0.960693	8.67249	
0.959167	8.67218	
0.958862	8.6731	
0.959167	8.67218	
0.959167	8.67188	
0.959167	8.67188	
0.958862	8.67249	
0.961304	8.67218	
0.959778	8.6734	
0.961304	8.67249	
0.959167	8.67218	
0.960693	8.67218	
0.958252	8.67249	
0.957947	8.67218	
0.958557	8.67188	
0.958557	8.67249	
0.960083	8.67249	
0.961609	8.67279	
0.961304	8.67279	
0.961304	8.67188	
0.959778	8.67218	
0.960999	8.67249	
0.960083	8.67279	
0.960999	8.67188	
0.961914	8.67188	
0.956421	8.67249	
0.957336	8.67188	
0.956116	8.67188	
0.956421	8.67279	
0.958862	8.67126	
0.960388	8.67218	
0.960999	8.67279	
0.958252	8.67218	
0.963745	8.67218	
0.96405	8.67188	
0.961304	8.67218	
0.958557	8.67157	
0.955811	8.67188	
0.956116	8.67188	
0.956421	8.67279	
0.956421	8.67279	
0.957031	8.67188	
0.957947	8.67188	
0.957642	8.67188	
0.960999	8.67188	
0.960388	8.67188	
0.960388	8.67188	
0.960999	8.67218	
0.960083	8.67157	
0.959167	8.67249	
0.959167	8.67249	
0.960083	8.67249	
0.961914	8.67279	
0.957031	8.67188	
0.957336	8.67157	
0.955505	8.67218	
0.956421	8.67218	
0.957336	8.67218	
0.957336	8.67218	
0.957336	8.67279	
0.956421	8.67218	
0.958557	8.67188	
0.960999	8.67279	
0.961609	8.67249	
0.958557	8.67188	
0.961609	8.67249	
0.965271	8.67218	
0.965271	8.67249	
0.964966	8.67249	
0.964966	8.67218	
0.963745	8.67188	
0.957642	8.67279	
0.956116	8.67218	
0.959167	8.67279	
0.957947	8.67188	
0.958557	8.67218	
0.958557	8.67218	
0.959473	8.67188	
0.959473	8.67249	
0.959778	8.67188	
0.960388	8.67249	
0.958252	8.67157	
0.960083	8.67218	
0.957947	8.67188	
0.959473	8.67218	
0.959473	8.67218	
0.961304	8.67188	
0.959473	8.67188	
0.958557	8.67279	
0.960083	8.67249	
0.959473	8.67218	
0.958557	8.67157	
0.962219	8.6731	
0.96344	8.67218	
0.963745	8.67218	
0.960999	8.67218	
0.962524	8.67218	
0.957336	8.67157	
0.955811	8.67188	
0.958252	8.67218	
0.958252	8.67188	
0.959473	8.67188	
0.959778	8.67218	
0.960388	8.67218	
0.960693	8.67218	
0.960693	8.67218	
0.958557	8.67157	
0.959778	8.67188	
0.957947	8.67188	
0.958557	8.67218	
0.961304	8.67157	
0.959167	8.67249	
0.958862	8.67249	
0.961609	8.67157	
0.958557	8.67249	
0.955811	8.67218	
0.955505	8.67279	
0.955505	8.67218	
0.955811	8.67188	
0.9552	8.67249	
0.9552	8.67249	
0.956421	8.67157	
0.960388	8.67279	
0.961304	8.67188	
0.960388	8.67188	
0.959473	8.67188	
0.961914	8.67279	
0.960693	8.67249	
0.9552	8.67249	
0.9552	8.67249	
0.957642	8.67188	
0.958557	8.67218	
0.960693	8.67279	
0.959473	8.67249	
0.958252	8.67218	
0.960693	8.67188	
0.958557	8.67249	
0.956116	8.67188	
0.959778	8.67218	
0.963135	8.67249	
0.956726	8.67188	
0.955505	8.67218	
0.958557	8.6734	
0.961304	8.67249	
0.958557	8.67279	
0.957947	8.67218	
0.959473	8.67279	
0.961304	8.67157	
0.959473	8.67218	
0.956116	8.67188	
0.956116	8.67249	
0.958557	8.67188	
0.959778	8.67218	
0.96283	8.6731	
0.963745	8.67249	
0.956726	8.67218	
0.958557	8.67188	
0.959473	8.67218	
0.960083	8.67188	
0.960083	8.67218	
0.958252	8.67279	
0.958557	8.67218	
0.959778	8.67218	
0.955505	8.67218	
0.956116	8.67188	
0.961914	8.67249	
0.96405	8.67279	
0.960388	8.67188	
0.957642	8.67279	
0.959167	8.67157	
0.959473	8.67279	
0.960693	8.67249	
0.959167	8.67188	
0.957947	8.67279	
0.958862	8.67218	
0.960999	8.67218	
0.960693	8.67218	
0.956421	8.67188	
0.956116	8.67249	
0.960083	8.67188	
0.960999	8.67279	
0.958862	8.67249	
0.959167	8.67157	
0.964355	8.67279	
0.96405	8.67218	
0.955811	8.67126	
0.956421	8.67188	
0.957642	8.67188	
0.958557	8.67218	
0.959778	8.67218	
0.960083	8.67249	
0.959778	8.67218	
0.960083	8.67218	
0.959778	8.67249	
0.957642	8.67218	
0.957031	8.67218	
0.960083	8.67279	
0.963135	8.67279	
0.958252	8.67188	
0.959167	8.67188	
0.959167	8.67218	
0.961304	8.67249	
0.957642	8.67218	
0.960693	8.67218	
0.961914	8.67249	
0.961304	8.67188	
0.956116	8.67126	
0.960388	8.67188	
0.959778	8.67188	
0.96283	8.6731	
0.958862	8.67218	
0.955505	8.67218	
0.9552	8.67157	
0.955505	8.67249	
0.958862	8.67249	
0.958557	8.67188	
0.959167	8.67188	
0.960999	8.67188	
0.959778	8.67188	
0.961914	8.67279	
0.959778	8.67188	
0.964355	8.67249	
0.958862	8.67218	
0.957031	8.67188	
0.960083	8.67279	
0.960693	8.67218	
0.961304	8.67188	
0.959473	8.67218	
0.958252	8.67157	
0.959167	8.67279	
0.962219	8.67218	
0.957642	8.67249	
0.956116	8.67218	
0.961609	8.67249	
0.958557	8.67218	
0.960693	8.67249	
0.96283	8.67279	
0.960999	8.67126	
0.957947	8.67188	
0.959778	8.67249	
0.960083	8.67249	
0.959473	8.67279	
0.960999	8.6731	
0.960693	8.67218	
0.958557	8.67188	
0.956726	8.67279	
0.957336	8.67218	
0.964966	8.67218	
0.960083	8.67279	
0.958252	8.67279	
0.960693	8.67157	
0.958862	8.67188	
0.960388	8.67218	
0.958252	8.67279	
0.961609	8.67188	
0.961609	8.67279	
0.955811	8.67157	
0.958252	8.67279	
0.961609	8.67218	
0.959778	8.67249	
0.96344	8.67218	
0.965271	8.67249	
0.959473	8.67126	
0.957336	8.67218	
0.959778	8.67218	
0.960083	8.67249	
0.961609	8.67249	
0.959473	8.67249	
0.962219	8.67249	
0.956726	8.67279	
0.96344	8.67218	
0.960999	8.67218	
0.955811	8.67218	
0.959167	8.67218	
0.959167	8.67188	
0.960999	8.67218	
0.960388	8.67249	
0.958862	8.67126	
0.957336	8.67126	
0.960388	8.67188	
0.960693	8.67249	
0.96405	8.67218	
0.962524	8.67218	
0.958862	8.67188	
0.958557	8.67218	
0.959778	8.67279	
0.958557	8.67157	
0.958252	8.67218	
0.960083	8.67249	
0.961609	8.67249	
0.956421	8.67249	
0.959167	8.67188	
0.96344	8.67188	
0.955505	8.67188	
0.958557	8.67218	
0.960388	8.67218	
0.958557	8.67218	
0.957947	8.67249	
0.960693	8.67249	
0.957336	8.67218	
0.958862	8.67249	
0.959167	8.67249	
0.96283	8.67218	
0.962524	8.67249	
0.957031	8.67188	
0.959778	8.67188	
0.960083	8.67188	
0.960999	8.67188	
0.958862	8.67218	
0.961304	8.67218	
0.960083	8.67249	
0.961304	8.67249	
0.959473	8.67188	
0.955811	8.67157	
0.956116	8.67218	
0.958862	8.67218	
0.961304	8.67249	
0.957947	8.67249	
0.957336	8.67188	
0.960388	8.67249	
0.960999	8.67279	
0.959473	8.67188	
0.956116	8.67218	
0.955811	8.67249	
0.961304	8.67279	
0.960999	8.67249	
0.96283	8.67218	
0.961609	8.67218	
0.956116	8.67157	
0.959473	8.67218	
0.960083	8.67279	
0.958557	8.67249	
0.960693	8.67188	
0.958252	8.67218	
0.958862	8.67249	
0.963745	8.67218	
0.956421	8.67126	
0.960693	8.67126	
0.959778	8.67279	
0.958252	8.67218	
0.961304	8.67249	
0.960083	8.67218	
0.956116	8.67188	
0.958252	8.67218	
0.958862	8.67249	
0.96344	8.67218	
0.9552	8.67249	
0.957947	8.67218	
0.958862	8.67218	
0.960083	8.67188	
0.959778	8.6731	
0.958557	8.67188	
0.960388	8.6731	
0.957947	8.67249	
0.960693	8.67188	
0.955811	8.67188	
0.957642	8.67157	
0.959778	8.67249	
0.957947	8.67279	
0.959778	8.67279	
0.956116	8.6731	
0.960693	8.67157	
0.958557	8.67218	
0.964355	8.67188	
0.960693	8.67249	
0.955811	8.67218	
0.959473	8.67249	
0.960693	8.67249	
0.960083	8.67218	
0.958862	8.67218	
0.960388	8.67249	
0.960693	8.67218	
0.96283	8.67249	
0.959473	8.67188	
0.956421	8.67157	
0.960388	8.67249	
0.957947	8.67279	
0.959778	8.67249	
0.960999	8.67188	
0.958252	8.67218	
0.957642	8.67188	
0.961609	8.6731	
0.960083	8.67249	
0.964355	8.67249	
0.956116	8.67218	
0.959473	8.67188	
0.958557	8.67096	
0.960999	8.67157	
0.959473	8.67188	
0.961914	8.67249	
0.957336	8.67218	
0.963745	8.67096	
0.956116	8.67218	
0.960999	8.67218	
0.961304	8.67218	
0.959473	8.67126	
0.959473	8.67188	
0.956421	8.67249	
0.959167	8.67279	
0.962219	8.67249	
0.957947	8.67188	
0.957336	8.67249	
0.959778	8.67249	
0.959778	8.67249	
0.960999	8.67157	
0.958557	8.67188	
0.956726	8.67218	
0.964355	8.67249	
0.955811	8.67126	
0.958862	8.67249	
0.961304	8.67218	
0.957947	8.67188	
0.959473	8.67249	
0.959778	8.67218	
0.956116	8.67188	
0.961304	8.67249	
0.960693	8.67279	
0.963135	8.67218	
0.955811	8.67188	
0.960083	8.67188	
0.960999	8.67279	
0.958557	8.67188	
0.961914	8.67249	
0.957947	8.67188	
0.960999	8.67249	
0.964355	8.6731	
0.957947	8.67249	
0.961609	8.67218	
0.958862	8.67157	
0.961914	8.67249	
0.956116	8.67188	
0.962524	8.67279	
0.965576	8.67249	
0.961304	8.67218	
0.958252	8.67218	
0.959473	8.67279	
0.960999	8.67249	
0.958252	8.67188	
0.960388	8.67188	
0.956116	8.67126	
0.964661	8.67249	
0.959167	8.67188	
0.956116	8.67188	
0.961304	8.67249	
0.958557	8.67218	
0.959473	8.67157	
0.961609	8.67279	
0.956421	8.67279	
0.960083	8.67249	
0.959778	8.6731	
0.96405	8.67218	
0.955505	8.67188	
0.959167	8.67249	
0.960999	8.67249	
0.959167	8.67249	
0.960083	8.67249	
0.960083	8.67249	
0.956116	8.67188	
0.962524	8.67218	
0.957031	8.67188	
0.959778	8.67218	
0.959167	8.67218	
0.957947	8.67249	
0.961914	8.67218	
0.958252	8.67279	
0.957031	8.67188	
0.959778	8.6731	
0.964355	8.67188	
0.956421	8.67188	
0.960083	8.67249	
0.959167	8.67218	
0.960693	8.67218	
0.960388	8.67218	
0.958862	8.67249	
0.959167	8.67279	
0.959473	8.67188	
0.960693	8.67218	
0.957642	8.67218	
0.961304	8.67157	
0.959778	8.67249	
0.961914	8.67279	
0.962219	8.6731	
0.960999	8.67218	
0.956116	8.67218	
0.958862	8.67218	
0.960999	8.67249	
0.958557	8.6731	
0.960693	8.67188	
0.959473	8.67249	
0.957642	8.67188	
0.958557	8.67218	
0.960388	8.67157	
0.960388	8.67218	
0.961609	8.67188	
0.960388	8.67249	
0.960999	8.67188	
0.961914	8.67279	
0.958557	8.67157	
0.959167	8.67218	
0.959167	8.67249	
0.960999	8.67188	
0.961609	8.67218	
0.955505	8.67188	
0.960693	8.67249	
0.957642	8.67218	
0.960999	8.67218	
0.957642	8.67188	
0.958252	8.67249	
0.962219	8.67218	
0.955811	8.67188	
0.959167	8.67249	
0.959473	8.67279	
0.961609	8.67279	
0.956421	8.67157	
0.96405	8.67188	
0.956421	8.67218	
0.960693	8.67218	
0.958252	8.67249	
0.961609	8.67218	
0.960083	8.67249	
0.956421	8.6731	
0.961914	8.67249	
0.961914	8.67249	
0.964355	8.67157	
0.955505	8.67218	
0.959167	8.67218	
0.960999	8.67157	
0.958557	8.67218	
0.963745	8.67218	
0.961914	8.67188	
0.958557	8.67249	
0.960999	8.67279	
0.957947	8.67279	
0.960388	8.67188	
0.955811	8.6731	
0.958557	8.67279	
0.962524	8.67157	
0.959167	8.67279	
0.960388	8.67218	
0.958252	8.67249	
0.958862	8.67218	
0.964661	8.67249	
0.959473	8.67218	
0.958252	8.67218	
0.961304	8.67249	
0.957642	8.67157	
0.956116	8.67188	
0.961304	8.67218	
0.962524	8.67218	
0.956421	8.67126	
0.958862	8.67249	
0.960083	8.6731	
0.957947	8.67218	
0.960388	8.67157	
0.957031	8.67249	
0.96405	8.67157	
0.958862	8.67279	
0.959473	8.67218	
0.957642	8.67188	
0.961304	8.67249	
0.955811	8.67218	
0.960693	8.67249	
0.960388	8.67249	
0.96283	8.67096	
0.955811	8.67188	
0.958557	8.67249	
0.959778	8.67188	
0.958862	8.67279	
0.960693	8.67218	
0.963745	8.67218	
0.955505	8.67218	
0.960999	8.67218	
0.957336	8.67157	
0.961609	8.67249	
0.956116	8.67188	
0.962219	8.67218	
0.964355	8.67218	
0.9552	8.67157	
0.958252	8.67188	
0.960999	8.67249	
0.958862	8.67218	
0.960693	8.67188	
0.962524	8.67249	
0.956116	8.67126	
0.959167	8.67218	
0.960999	8.67218	
0.958862	8.67157	
0.960999	8.67218	
0.955811	8.67279	
0.962524	8.67218	
0.959167	8.67188	
0.959167	8.67249	
0.959778	8.67279	
0.958557	8.67218	
0.958862	8.67249	
0.961914	8.67218	
0.958557	8.67188	
0.957642	8.67218	
0.959778	8.67188	
0.957947	8.67249	
0.960999	8.67188	
0.959167	8.67249	
0.958557	8.67218	
0.964966	8.67218	
0.956726	8.67157	
0.958862	8.67157	
0.959473	8.67188	
0.961609	8.67279	
0.957336	8.67218	
0.96283	8.67218	
0.956726	8.67218	
0.960083	8.67188	
0.957947	8.67218	
0.961609	8.67188	
0.955811	8.67218	
0.960083	8.67188	
0.964355	8.67279	
0.956421	8.67218	
0.958252	8.67188	
0.961304	8.67188	
0.959778	8.67218	
0.957642	8.67096	
0.963745	8.6731	
0.957031	8.67249	
0.960999	8.67218	
0.958252	8.67126	
0.960999	8.67218	
0.955505	8.67188	
0.960083	8.67218	
0.964355	8.67218	
0.956116	8.67188	
0.959778	8.67249	
0.958557	8.67188	
0.959473	8.67279	
0.964355	8.6734	
0.958252	8.67218	
0.961914	8.67188	
0.957947	8.67188	
0.962219	8.67279	
0.957031	8.67249	
0.959167	8.67249	
0.964355	8.67157	
0.9552	8.67249	
0.958557	8.67218	
0.962219	8.67249	
0.961914	8.67218	
0.957642	8.67157	
0.961914	8.67218	
0.958862	8.67218	
0.958862	8.67157	
0.961914	8.67249	
0.956726	8.67249	
0.961304	8.67218	
0.964355	8.67249	
0.954895	8.67188	
0.959473	8.67218	
0.960693	8.67218	
0.961304	8.67218	
0.956116	8.67218	
0.96405	8.67279	
0.958862	8.67249	
0.960388	8.67218	
0.961609	8.67157	
0.955811	8.67188	
0.959778	8.67218	
0.960388	8.67249	
0.959473	8.67249	
0.961304	8.67157	
0.961914	8.67157	
0.957642	8.67218	
0.962524	8.67188	
0.958862	8.67249	
0.958252	8.67218	
0.962524	8.67279	
0.957031	8.67249	
0.960388	8.67157	
0.963745	8.67218	
0.958252	8.67157	
0.960693	8.67188	
0.960083	8.67218	
0.957947	8.6731	
0.961914	8.67249	
0.955505	8.67249	
0.959778	8.67249	
0.959473	8.67157	
0.956116	8.67218	
0.96283	8.67279	
0.955811	8.67218	
0.958557	8.67157	
0.958862	8.67249	
0.960388	8.67249	
0.964355	8.67279	
0.956421	8.67188	
0.961304	8.67279	
0.960693	8.67279	
0.958252	8.67218	
0.960388	8.67188	
0.960693	8.67218	
0.962219	8.67188	
0.958862	8.67188	
0.960083	8.67249	
0.960693	8.67249	
0.962524	8.67218	
0.957031	8.67157	
0.960999	8.67126	
0.960388	8.67157	
0.958252	8.67249	
0.958252	8.67249	
0.958862	8.67249	
0.964355	8.67218	
0.958862	8.67249	
0.960083	8.67218	
0.960693	8.67218	
0.960693	8.67218	
0.956421	8.67157	
0.96283	8.67279	
0.955811	8.67249	
0.958862	8.67249	
0.957336	8.67157	
0.961609	8.67249	
0.956116	8.67249	
0.958862	8.67188	
0.96344	8.67249	
0.957947	8.67157	
0.961304	8.67249	
0.961304	8.67188	
0.960388	8.67218	
0.960388	8.6731	
0.959167	8.67279	
0.957336	8.67188	
0.959778	8.67218	
0.959167	8.67218	
0.960388	8.67157	
0.957336	8.67157	
0.959473	8.67188	
0.960693	8.67218	
0.961304	8.67218	
0.959473	8.67218	
0.956116	8.67157	
0.959473	8.67249	
0.960083	8.67188	
0.961914	8.67188	
0.961304	8.67157	
0.963745	8.67279	
0.957031	8.67157	
0.959473	8.67249	
0.958252	8.67218	
0.955811	8.67249	
0.962219	8.67279	
0.957031	8.67157	
0.961304	8.67249	
0.960083	8.67279	
0.956116	8.67249	
0.957947	8.67188	
0.957642	8.67218	
0.958557	8.67126	
0.958557	8.67157	
0.960693	8.67157	
0.96344	8.67279	
0.955505	8.67157	
0.960693	8.67218	
0.958557	8.67096	
0.961304	8.67249	
0.957947	8.6731	
0.959473	8.67218	
0.954895	8.67249	
0.959167	8.67188	
0.960999	8.67218	
0.958862	8.67188	
0.960999	8.67126	
0.960999	8.67249	
0.957947	8.67218	
0.957336	8.67188	
0.959167	8.67218	
0.96283	8.67249	
0.958862	8.67249	
0.960999	8.67218	
0.958862	8.67218	
0.955811	8.67218	
0.955505	8.67249	
0.960083	8.67218	
0.958862	8.67249	
0.960693	8.67249	
0.959778	8.67249	
0.96405	8.67249	
0.954895	8.67126	
0.960388	8.67218	
0.957947	8.67157	
0.956726	8.67218	
0.960693	8.67188	
0.958557	8.67188	
0.960388	8.67279	
0.956116	8.67249	
0.961304	8.67249	
0.962219	8.67249	
0.960388	8.67249	
0.959778	8.67249	
0.961914	8.67188	
0.96405	8.67188	
0.960388	8.67218	
0.957947	8.67249	
0.962219	8.67157	
0.959778	8.67188	
0.958862	8.67218	
0.956421	8.67188	
0.958862	8.67279	
0.958557	8.67249	
0.958557	8.67279	
0.956116	8.67218	
0.960388	8.67188	
0.958557	8.67218	
0.958252	8.67279	
0.959473	8.67279	
0.96405	8.67126	
0.956116	8.67249	
0.958862	8.67249	
0.960083	8.67218	
0.961304	8.67218	
0.964355	8.67188	
0.959167	8.67279	
0.957336	8.67188	
0.961914	8.67279	
0.957642	8.67218	
0.958862	8.67249	
0.964661	8.67249	
0.958557	8.67157	
0.961609	8.67249	
0.960999	8.67188	
0.960388	8.6731	
0.955811	8.67218	
0.960693	8.6731	
0.960388	8.67157	
0.957336	8.67249	
0.961304	8.67249	
0.964661	8.67279	
0.960083	8.67218	
0.958862	8.67188	
0.957336	8.67218	
0.956116	8.67188	
0.960999	8.67279	
0.960999	8.67188	
0.956421	8.67218	
0.961304	8.67218	
0.957031	8.67188	
0.960999	8.67188	
0.961914	8.67188	
0.96405	8.67279	
0.957947	8.67249	
0.957947	8.67188	
0.960083	8.67188	
0.961914	8.67249	
0.962219	8.67218	
0.957642	8.67126	
0.961304	8.67218	
0.960388	8.67126	
0.96344	8.67126	
0.957947	8.67188	
0.959167	8.67249	
0.961914	8.67218	
0.961609	8.67249	
0.965271	8.67249	
0.959473	8.67249	
0.961304	8.67218	
0.960388	8.67249	
0.96405	8.67188	
0.960999	8.67188	
0.958252	8.67249	
0.956421	8.67218	
0.960999	8.67218	
0.955505	8.67218	
0.959473	8.67218	
0.959473	8.67188	
0.955811	8.67157	
0.956421	8.67218	
0.959778	8.67218	
0.961914	8.67188	
0.960999	8.67188	
0.961914	8.67157	
0.959778	8.67157	
0.958862	8.67188	
0.957031	8.67157	
0.957642	8.67188	
0.960999	8.67157	
0.960693	8.67218	
0.961304	8.67218	
0.965271	8.67218	
0.959167	8.67218	
0.959167	8.67218	
0.96344	8.67188	
0.957031	8.67188	
0.960693	8.67218	
0.960083	8.67218	
0.961304	8.67188	
0.965576	8.67218	
0.959778	8.67188	
0.959778	8.67249	
0.957642	8.67249	
0.960999	8.67249	
0.959778	8.67249	
0.959778	8.67218	
0.956116	8.67126	
0.958557	8.67218	
0.956116	8.67218	
0.958557	8.67218	
0.961304	8.67249	
0.957947	8.67218	
0.955505	8.67188	
0.960083	8.67188	
0.962524	8.67249	
0.958862	8.67279	
0.959167	8.67188	
0.961304	8.67157	
0.959473	8.67249	
0.959778	8.67157	
0.956726	8.67249	
0.956726	8.67188	
0.958252	8.67188	
0.957642	8.67279	
0.960083	8.67218	
0.957336	8.67126	
0.960999	8.67218	
0.961304	8.67188	
0.961914	8.67218	
0.960083	8.67218	
0.960083	8.67218	
0.959778	8.67218	
0.958557	8.67157	
0.958862	8.67218	
0.959778	8.67188	
0.955811	8.67218	
0.959473	8.67249	
0.961304	8.67279	
0.961914	8.67249	
0.959473	8.67218	
0.959473	8.67218	
0.960999	8.67218	
0.963745	8.67249	
0.960388	8.67249	
0.961914	8.67249	
0.961609	8.67249	
0.958252	8.67249	
0.961304	8.67249	
0.960999	8.67279	
0.959473	8.67157	
0.959778	8.67249	
0.961304	8.67279	
0.961304	8.67249	
0.960083	8.67188	
0.959473	8.67188	
0.960693	8.67218	
0.961914	8.67249	
0.960693	8.67218	
0.960999	8.67218	
0.960693	8.67249	
0.964966	8.67249	
0.958252	8.67218	
0.958557	8.67157	
0.956116	8.67218	
0.957947	8.67218	
0.957947	8.67218	
0.956421	8.67157	
0.959473	8.67249	
0.956726	8.67249	
0.959473	8.67188	
0.960693	8.67218	
0.96405	8.67249	
0.960693	8.67157	
0.959167	8.67218	
0.957031	8.67249	
0.961914	8.6734	
0.955505	8.67218	
0.959778	8.67249	
0.957336	8.67249	
0.959778	8.67218	
0.960693	8.67188	
0.960693	8.67218	
0.956421	8.67249	
0.961304	8.67279	
0.958862	8.67188	
0.960999	8.67279	
0.960083	8.67249	
0.961609	8.67279	
0.958252	8.67218	
0.957642	8.67249	
0.956116	8.67218	
0.959778	8.67218	
0.956116	8.67218	
0.961609	8.67188	
0.957336	8.67218	
0.962524	8.67249	
0.960388	8.67188	
0.961609	8.67249	
0.960999	8.67279	
0.961914	8.67218	
0.958557	8.6731	
0.960693	8.67249	
0.96344	8.67249	
0.959473	8.67218	
0.959778	8.67218	
0.960388	8.67279	
0.961914	8.67218	
0.959473	8.6731	
0.959167	8.67157	
0.962219	8.67279	
0.960999	8.67249	
0.960388	8.67218	
0.960388	8.67279	
0.962524	8.67249	
0.958252	8.67188	
0.958557	8.67157	
0.958862	8.67126	
0.958252	8.67218	
0.959473	8.67279	
0.959167	8.67218	
0.957947	8.67249	
0.958557	8.67218	
0.956116	8.67218	
0.956116	8.67279	
0.959778	8.67279	
0.957336	8.67249	
0.959473	8.67279	
0.956726	8.67218	
0.959778	8.67249	
0.957336	8.67249	
0.956726	8.67249	
0.958557	8.67279	
0.961914	8.67279	
0.958862	8.67279	
0.955505	8.67279	
0.960999	8.67188	
0.955811	8.67279	
0.955505	8.67249	
0.960083	8.67279	
0.956421	8.67188	
0.959167	8.67188	
0.956116	8.67157	
0.958557	8.67249	
0.964661	8.67249	
0.960693	8.67188	
0.961609	8.67126	
0.958252	8.67218	
0.957031	8.67126	
0.957947	8.67279	
0.963745	8.67279	
0.961304	8.67279	
0.957947	8.67279	
0.963135	8.67249	
0.960083	8.67279	
0.958862	8.67188	
0.958557	8.67188	
0.958557	8.67218	
0.961914	8.67218	
0.960693	8.67249	
0.956116	8.67249	
0.958252	8.67218	
0.956421	8.67249	
0.956421	8.67249	
0.958252	8.67188	
0.957336	8.67249	
0.963135	8.67249	
0.959167	8.67279	
0.958557	8.67218	
0.962219	8.67249	
0.959778	8.67279	
0.960693	8.67188	
0.960999	8.67279	
0.956726	8.67249	
0.958557	8.67218	
0.96283	8.67279	
0.961304	8.67249	
0.961304	8.67279	
0.962219	8.67249	
0.955505	8.67188	
0.960999	8.67249	
0.957642	8.67249	
0.956116	8.67249	
0.957947	8.67249	
0.960999	8.67188	
0.964966	8.67218	
0.959778	8.67279	
0.961914	8.67218	
0.96405	8.67188	
0.960083	8.67249	
0.961914	8.67279	
0.960388	8.67279	
0.956421	8.67188	
0.959778	8.67249	
0.957642	8.67218	
0.956421	8.67188	
0.958252	8.67218	
0.958557	8.67279	
0.96283	8.67249	
0.959778	8.67249	
0.958252	8.67218	
0.956726	8.67218	
0.959167	8.67218	
0.959778	8.67218	
0.960999	8.67249	
0.964661	8.67249	
0.959473	8.67249	
0.958252	8.67188	
0.960693	8.67249	
0.957642	8.67218	
0.958557	8.67188	
0.956726	8.67188	
0.958862	8.67218	
0.956726	8.67126	
0.959473	8.67249	
0.961609	8.6734	
0.960693	8.67249	
0.959778	8.67218	
0.958557	8.6731	
0.964355	8.67249	
0.959778	8.6731	
0.962219	8.67249	
0.964966	8.67249	
0.960999	8.67249	
0.962524	8.67188	
0.959778	8.67218	
0.956726	8.67157	
0.960083	8.67218	
0.959778	8.67249	
0.960693	8.67218	
0.960083	8.67126	
0.958862	8.67218	
0.965576	8.67157	
0.959167	8.67157	
0.962219	8.67157	
0.961609	8.67157	
0.959473	8.67126	
0.956726	8.67188	
0.962219	8.67188	
0.959473	8.67188	
0.959167	8.67188	
0.964355	8.67188	
0.960388	8.67249	
0.960083	8.67157	
0.959167	8.67218	
0.957947	8.67096	
0.958557	8.67126	
0.96344	8.67157	
0.961304	8.67188	
0.962524	8.67218	
0.961914	8.67157	
0.955811	8.67126	
0.961304	8.67218	
0.960999	8.67126	
0.956116	8.67096	
0.957947	8.67249	
0.962219	8.67279	
0.963745	8.67249	
0.961304	8.6731	
0.957947	8.67218	
0.958862	8.67188	
0.958252	8.67126	
0.960083	8.67218	
0.958252	8.67188	
0.961914	8.67188	
0.957031	8.6731	
0.960083	8.67157	
0.961304	8.67126	
0.960083	8.6731	
0.956421	8.6734	
0.958557	8.67279	
0.963135	8.67249	
0.959167	8.67218	
0.959473	8.67218	
0.959167	8.67188	
0.962219	8.67218	
0.959778	8.67126	
0.956116	8.67188	
0.960083	8.67126	
0.959778	8.67188	
0.960999	8.67188	
0.960999	8.67188	
0.959778	8.67188	
0.960083	8.67188	
0.955811	8.67188	
0.959778	8.67249	
0.956116	8.67249	
0.964966	8.67188	
0.960083	8.67096	
0.956726	8.67126	
0.956421	8.67188	
0.958557	8.67157	
0.960999	8.67218	
0.959778	8.67126	
0.961609	8.67218	
0.959167	8.67157	
0.956421	8.67157	
0.957336	8.67126	
0.960388	8.67188	
0.959473	8.67188	
0.960693	8.67157	
0.955505	8.67188	
0.959473	8.67126	
0.960999	8.67157	
0.962219	8.67218	
0.955811	8.67157	
0.960388	8.67188	
0.957947	8.67188	
0.959167	8.67188	
0.962219	8.67218	
0.958862	8.67218	
0.95459	8.67188	
0.960083	8.67218	
0.960693	8.67218	
0.961609	8.67188	
0.956421	8.67065	
0.959778	8.67126	
0.959167	8.67188	
0.959778	8.67218	
0.963135	8.67157	
0.960999	8.67188	
0.960999	8.67188	
0.959778	8.67218	
0.956116	8.67126	
0.957947	8.67188	
0.961914	8.67157	
0.959167	8.67218	
0.960693	8.67188	
0.961609	8.67157	
0.963745	8.67218	
0.957947	8.67126	
0.960999	8.67126	
0.960693	8.67218	
0.959473	8.67096	
0.960388	8.67188	
0.959167	8.67157	
0.959473	8.67126	
0.958557	8.67157	
0.96344	8.67157	
0.960083	8.67157	
0.959167	8.67157	
0.959778	8.67157	
0.959778	8.67096	
0.960083	8.67188	
0.959167	8.67126	
0.957947	8.67096	
0.960693	8.67126	
0.958252	8.67126	
0.960693	8.67188	
0.959473	8.67188	
0.960083	8.67218	
0.962219	8.67157	
0.961609	8.67126	
0.955505	8.67126	
0.960999	8.67188	
0.957336	8.67188	
0.959167	8.67218	
0.962219	8.67157	
0.962219	8.67218	
0.955505	8.67188	
0.959778	8.67157	
0.957642	8.67188	
0.961304	8.67188	
0.962219	8.67249	
0.962219	8.67188	
0.9552	8.67096	
0.960083	8.67157	
0.963745	8.67218	
0.961609	8.67188	
0.958252	8.67157	
0.96283	8.67218	
0.960388	8.67249	
0.960388	8.67218	
0.961304	8.67249	
0.960083	8.67279	
0.957336	8.67157	
0.964661	8.67157	
0.960083	8.67096	
0.960388	8.67157	
0.959473	8.67126	
0.958862	8.67096	
0.961609	8.67157	
0.962219	8.67126	
0.961304	8.67188	
0.956421	8.67218	
0.959167	8.67188	
0.961609	8.67157	
0.962219	8.67188	
0.956726	8.67188	
0.960388	8.67065	
0.957947	8.67126	
0.960999	8.67126	
0.96283	8.67188	
0.960999	8.67218	
0.956421	8.67188	
0.958252	8.67126	
0.963135	8.67249	
0.959167	8.67188	
0.958862	8.67188	
0.963745	8.67218	
0.959778	8.67188	
0.960999	8.67126	
0.957031	8.67157	
0.962219	8.67218	
0.956726	8.67126	
0.965881	8.67249	
0.960083	8.67188	
0.957031	8.67188	
0.957947	8.67218	
0.962219	8.67157	
0.960388	8.67188	
0.957336	8.67188	
0.958862	8.67188	
0.961609	8.67249	
0.960999	8.67188	
0.956116	8.67157	
0.961914	8.67218	
0.959473	8.67157	
0.960388	8.67188	
0.96405	8.67218	
0.960388	8.67096	
0.956421	8.67218	
0.965271	8.67096	
0.960693	8.67188	
0.956726	8.67188	
0.957031	8.67126	
0.959167	8.67218	
0.960693	8.67188	
0.959473	8.67188	
0.961304	8.67157	
0.958862	8.67188	
0.958252	8.67096	
0.959778	8.67218	
0.961304	8.67218	
0.956421	8.67249	
0.960999	8.67188	
0.959473	8.67188	
0.958862	8.67218	
0.962219	8.67096	
0.960083	8.67218	
0.960083	8.67157	
0.961914	8.67218	
0.960388	8.67096	
0.959473	8.67126	
0.961304	8.67126	
0.957642	8.67126	
0.960083	8.67218	
0.96405	8.67157	
0.959167	8.67188	
0.955811	8.67218	
0.965271	8.67157	
0.959167	8.67188	
0.957642	8.67188	
0.959167	8.67218	
0.962219	8.67096	
0.959167	8.67249	
0.959778	8.67249	
0.961914	8.67188	
0.957336	8.67126	
0.958557	8.67157	
0.956726	8.67126	
0.960388	8.67188	
0.961609	8.67157	
0.956726	8.67188	
0.959473	8.67157	
0.962219	8.67188	
0.960999	8.67157	
0.959778	8.67188	
0.961914	8.67126	
0.961304	8.67188	
0.958252	8.67188	
0.962219	8.67157	
0.956726	8.67126	
0.960999	8.67126	
0.96344	8.67218	
0.957642	8.67188	
0.962219	8.67157	
0.957031	8.67157	
0.960388	8.67188	
0.96344	8.67157	
0.959778	8.67157	
0.957947	8.67188	
0.963745	8.67188	
0.958252	8.67126	
0.957336	8.67249	
0.957031	8.67157	
0.960999	8.67126	
0.959473	8.67188	
0.958862	8.67218	
0.961609	8.67157	
0.957336	8.67096	
0.958252	8.67126	
0.958557	8.67188	
0.959778	8.67126	
0.960693	8.67218	
0.956421	8.67126	
0.958862	8.67188	
0.962219	8.67157	
0.959167	8.67157	
0.959778	8.67188	
0.960999	8.67157	
0.959167	8.67218	
0.958252	8.67126	
0.961609	8.67157	
0.956421	8.67126	
0.960693	8.67218	
0.955811	8.67096	
0.962219	8.67218	
0.959778	8.67218	
0.958557	8.67218	
0.961609	8.67188	
0.957642	8.67218	
0.959167	8.67218	
0.961914	8.67126	
0.958862	8.67249	
0.960083	8.67249	
0.956421	8.67157	
0.961914	8.67188	
0.959778	8.67218	
0.958862	8.67188	
0.959473	8.67218	
0.959167	8.67157	
0.961914	8.67249	
0.959473	8.67188	
0.959473	8.67218	
0.960999	8.67249	
0.956421	8.67126	
0.958557	8.67218	
0.960999	8.67188	
0.958862	8.67249	
0.959778	8.67188	
0.964966	8.67157	
0.959167	8.67218	
0.957031	8.67188	
0.960693	8.67157	
0.960999	8.67188	
0.956421	8.67188	
0.961914	8.67188	
0.956421	8.67188	
0.964661	8.67249	
0.961609	8.67126	
0.96405	8.67188	
0.957642	8.67157	
0.960693	8.67218	
0.961914	8.67188	
0.959778	8.67188	
0.96344	8.67188	
0.961609	8.67126	
0.956116	8.67096	
0.960083	8.67157	
0.961609	8.67188	
0.959473	8.67188	
0.960999	8.67126	
0.956726	8.67157	
0.96344	8.67188	
0.960999	8.67188	
0.961304	8.67188	
0.958557	8.67188	
0.962219	8.67279	
0.958862	8.67188	
0.960693	8.67218	
0.957336	8.67096	
0.958252	8.67126	
0.961914	8.67126	
0.959778	8.67188	
0.961914	8.67065	
0.959167	8.67249	
0.958557	8.67188	
0.964661	8.67188	
0.960388	8.67157	
0.964355	8.67126	
0.959778	8.67218	
0.960999	8.67188	
0.956421	8.67157	
0.960999	8.67157	
0.964661	8.67157	
0.961609	8.67188	
0.957947	8.67096	
0.964966	8.67096	
0.960693	8.67188	
0.961304	8.67218	
0.961304	8.67188	
0.955811	8.67126	
0.965576	8.67188	
0.960083	8.67188	
0.955505	8.67249	
0.959167	8.67126	
0.960083	8.67188	
0.961914	8.67157	
0.959167	8.67126	
0.960388	8.67157	
0.959167	8.67188	
0.962219	8.67188	
0.964661	8.67126	
0.961304	8.67096	
0.961609	8.67218	
0.960693	8.67188	
0.959778	8.67157	
0.956421	8.67126	
0.959778	8.67188	
0.961914	8.67188	
0.958557	8.67188	
0.960083	8.67157	
0.957947	8.67126	
0.959167	8.67157	
0.963135	8.67126	
0.958252	8.67126	
0.962219	8.67188	
0.959167	8.67218	
0.962219	8.67188	
0.957031	8.67096	
0.960083	8.67188	
0.961304	8.67157	
0.958252	8.67218	
0.960999	8.67157	
0.958252	8.67249	
0.960999	8.6731	
0.959167	8.67279	
0.959167	8.6731	
0.957642	8.67249	
0.961304	8.67249	
0.958252	8.67218	
0.962524	8.67249	
0.960388	8.67249	
0.964966	8.67218	
0.958862	8.67249	
0.962219	8.67249	
0.959473	8.67218	
0.961914	8.67249	
0.958557	8.67249	
0.961914	8.6734	
0.958862	8.6734	
0.958862	8.6734	
0.957947	8.6731	
0.960083	8.6731	
0.956116	8.6731	
0.959167	8.67279	
0.960083	8.67371	
0.958862	8.67371	
0.958252	8.6731	
0.961304	8.67371	
0.959167	8.6734	
0.960388	8.67371	
0.958557	8.6731	
0.962219	8.67371	
0.959167	8.67401	
0.960693	8.6734	
0.96283	8.6734	
0.958557	8.6734	
0.958862	8.6734	
0.956726	8.6731	
0.959473	8.67371	
0.957947	8.6734	
0.961304	8.6731	
0.965271	8.6734	
0.961304	8.67401	
0.963745	8.67401	
0.958862	8.6734	
0.959778	8.67279	
0.959473	8.67401	
0.958862	8.67401	
0.958862	8.6734	
0.960999	8.67371	
0.964966	8.6734	
0.959167	8.6731	
0.957031	8.67401	
0.960083	8.67371	
0.959167	8.6734	
0.954895	8.6731	
0.961914	8.6734	
0.958252	8.67279	
0.960999	8.67279	
0.959167	8.67371	
0.960083	8.67371	
0.956421	8.67279	
0.958862	8.6731	
0.960083	8.6734	
0.960693	8.6731	
0.959473	8.67432	
0.956421	8.6734	
0.960083	8.6734	
0.961914	8.6734	
0.957031	8.6734	
0.960999	8.67279	
0.960083	8.67371	
0.958252	8.6734	
0.963745	8.6734	
0.958557	8.67401	
0.955811	8.67279	
0.959778	8.67279	
0.960388	8.67401	
0.959778	8.67432	
0.957031	8.67279	
0.960999	8.6731	
0.957947	8.67188	
0.955811	8.67188	
0.961609	8.67279	
0.956726	8.67157	
0.958557	8.6734	
0.965271	8.67279	
0.960693	8.67279	
0.959167	8.67432	
0.960693	8.6731	
0.956116	8.67218	
0.959778	8.67188	
0.958557	8.6731	
0.961914	8.67188	
0.958252	8.67249	
0.960999	8.67279	
0.957947	8.67249	
0.961304	8.67249	
0.958252	8.67279	
0.960999	8.67249	
0.96405	8.6731	
0.961304	8.67218	
0.964661	8.67218	
0.958252	8.67279	
0.96283	8.67249	
0.956421	8.67249	
0.959778	8.67218	
0.958252	8.67218	
0.959778	8.67279	
0.959473	8.67279	
0.958862	8.67249	
0.959167	8.67249	
0.958252	8.6731	
0.959778	8.67188	
0.96344	8.6731	
0.960693	8.67218	
0.962524	8.67279	
0.959473	8.67401	
0.960999	8.67371	
0.959167	8.67249	
0.962219	8.67188	
0.958252	8.6731	
0.960693	8.67249	
0.964355	8.67371	
0.961609	8.6731	
0.96405	8.67249	
0.960083	8.67218	
0.960693	8.67279	
0.955505	8.67279	
0.960693	8.67249	
0.959778	8.67279	
0.962219	8.67279	
0.960388	8.6734	
0.958862	8.67218	
0.956726	8.67249	
0.960999	8.67249	
0.959473	8.67218	
0.964966	8.6731	
0.960693	8.6734	
0.964966	8.67218	
0.957947	8.67218	
0.960388	8.67218	
0.956726	8.67279	
0.960388	8.67249	
0.956421	8.67249	
0.961609	8.67249	
0.960388	8.67279	
0.958557	8.67279	
0.956726	8.67188	
0.960999	8.67371	
0.957336	8.67249	
0.96405	8.67279	
0.960693	8.67279	
0.964661	8.67279	
0.958557	8.67249	
0.961914	8.67279	
0.959167	8.67249	
0.961609	8.67188	
0.960083	8.67279	
0.960693	8.67249	
0.96405	8.67218	
0.961609	8.67279	
0.959167	8.6734	
0.960999	8.67279	
0.960999	8.67249	
0.956116	8.67218	
0.959167	8.67279	
0.960693	8.67279	
0.958557	8.67279	
0.960388	8.6731	
0.959167	8.67188	
0.957031	8.67249	
0.959778	8.67279	
0.960999	8.67218	
0.965576	8.67218	
0.960083	8.67249	
0.962219	8.67249	
0.959778	8.67279	
0.960693	8.67279	
0.958557	8.67279	
0.957031	8.6734	
0.961304	8.67249	
0.961914	8.67279	
0.959473	8.67218	
0.958557	8.67279	
0.959778	8.6731	
0.957947	8.67218	
0.961914	8.67218	
0.959778	8.67218	
0.956116	8.67218	
0.961914	8.6734	
0.964355	8.67218	
0.960388	8.6731	
0.96405	8.6731	
0.958557	8.67249	
0.959473	8.67279	
0.960999	8.67279	
0.963135	8.67279	
0.959473	8.67279	
0.961914	8.67249	
0.960388	8.67249	
0.961914	8.67218	
0.958862	8.67371	
0.959473	8.67249	
0.961304	8.67249	
0.960693	8.67188	
0.96344	8.67279	
0.958862	8.67249	
0.960693	8.67279	
0.959473	8.67279	
0.960693	8.67249	
0.960083	8.67249	
0.957336	8.67249	
0.959473	8.67218	
0.959473	8.67249	
0.963135	8.67249	
0.959167	8.6731	
0.963745	8.67279	
0.960999	8.67249	
0.96405	8.6731	
0.959167	8.6731	
0.960388	8.67279	
0.960083	8.67249	
0.956726	8.67279	
0.961304	8.67249	
0.960083	8.6731	
0.960693	8.67279	
0.958557	8.67249	
0.961914	8.6731	
0.961609	8.67218	
0.960693	8.6731	
0.959473	8.67279	
0.958862	8.67249	
0.961304	8.67279	
0.959778	8.67249	
0.961914	8.6731	
0.959473	8.6731	
0.958862	8.67218	
0.96283	8.67249	
0.959473	8.67218	
0.956726	8.67279	
0.956421	8.67157	
0.956116	8.67218	
0.959778	8.67218	
0.958252	8.67188	
0.962219	8.67249	
0.960693	8.67249	
0.961304	8.67279	
0.96405	8.67188	
0.960083	8.67249	
0.958557	8.6731	
0.958252	8.67279	
0.962524	8.67218	
0.959473	8.67249	
0.960999	8.67157	
0.957336	8.67218	
0.962219	8.67279	
0.960388	8.67279	
0.956116	8.67249	
0.957642	8.67218	
0.962219	8.67249	
0.957642	8.67279	
0.959778	8.67279	
0.964661	8.67279	
0.960388	8.67188	
0.957336	8.67188	
0.961304	8.67279	
0.964661	8.67249	
0.958252	8.67188	
0.960999	8.67249	
0.959167	8.67249	
0.959473	8.67218	
0.960999	8.67188	
0.957947	8.67249	
0.962219	8.67249	
0.960388	8.67279	
0.958557	8.67218	
0.957336	8.67279	
0.96283	8.67279	
0.96405	8.67279	
0.960388	8.67249	
0.957336	8.67218	
0.957642	8.67279	
0.964661	8.67218	
0.960388	8.67249	
0.96283	8.67249	
0.962524	8.67218	
0.960693	8.67249	
0.961304	8.6734	
0.960693	8.67218	
0.961304	8.67249	
0.965881	8.67279	
0.960999	8.67249	
0.964966	8.67218	
0.959473	8.67279	
0.960693	8.67249	
0.960999	8.6734	
0.957642	8.67218	
0.960693	8.67249	
0.960693	8.67279	
0.960999	8.67218	
0.964355	8.67279	
0.958252	8.67218	
0.960999	8.6731	
0.958862	8.67249	
0.963135	8.67249	
0.960083	8.67249	
0.961914	8.67249	
0.959778	8.67218	
0.957642	8.67218	
0.959167	8.67279	
0.961304	8.67249	
0.958557	8.67249	
0.96405	8.67279	
0.958252	8.67279	
0.960999	8.67249	
0.959778	8.67218	
0.961914	8.67279	
0.957947	8.67279	
0.959473	8.6734	
0.961304	8.67249	
0.960999	8.67249	
0.957947	8.67249	
0.959473	8.67249	
0.958862	8.6734	
0.962219	8.67218	
0.957947	8.67249	
0.959167	8.67188	
0.960693	8.67279	
0.961914	8.67249	
0.959167	8.67249	
0.961609	8.6731	
0.959167	8.67249	
0.958252	8.67279	
0.958252	8.67188	
0.962219	8.67249	
0.959167	8.6731	
0.956421	8.67218	
0.957947	8.6731	
0.960999	8.67279	
0.959167	8.67249	
0.957336	8.67279	
0.960693	8.6731	
0.957642	8.67279	
0.955811	8.67218	
0.961914	8.67279	
0.959473	8.67279	
0.956116	8.67218	
0.955811	8.67249	
0.961609	8.67218	
0.960083	8.67249	
0.957336	8.67188	
0.955811	8.67249	
0.960999	8.67279	
0.958862	8.6734	
0.956421	8.67249	
0.955811	8.67279	
0.959473	8.67279	
0.960388	8.67279	
0.959167	8.67279	
0.957336	8.67188	
0.961914	8.67279	
0.959167	8.67279	
0.956421	8.6731	
0.956116	8.67249	
0.959167	8.67249	
0.956116	8.67279	
0.958557	8.6731	
0.958862	8.67279	
0.959778	8.67249	
0.958862	8.67279	
0.959167	8.67218	
0.955811	8.67279	
0.961609	8.67188	
0.961304	8.67279	
0.960693	8.67249	
0.959778	8.67279	
0.957336	8.67279	
0.959167	8.67249	
0.961304	8.67218	
0.959778	8.67279	
0.957336	8.67249	
0.960388	8.67249	
0.957336	8.67279	
0.957336	8.67218	
0.961914	8.67188	
0.960388	8.67249	
0.957336	8.67249	
0.956421	8.67249	
0.960999	8.67279	
0.960388	8.67279	
0.956116	8.67279	
0.955811	8.67249	
0.960388	8.67279	
0.961304	8.67249	
0.956726	8.6731	
0.957642	8.67218	
0.961914	8.67249	
0.960388	8.67218	
0.958252	8.67218	
0.956421	8.67279	
0.959473	8.67249	
0.959167	8.6734	
0.962524	8.67279	
0.958862	8.67249	
0.962219	8.67279	
0.960083	8.6731	
0.965576	8.67218	
0.958862	8.67249	
0.955811	8.67249	
0.957336	8.67218	
0.955505	8.6731	
0.96283	8.67279	
0.961914	8.67188	
0.960999	8.67279	
0.960083	8.67279	
0.957947	8.67279	
0.959167	8.6731	
0.961304	8.6731	
0.959778	8.67279	
0.962219	8.67279	
0.957947	8.67279	
0.959473	8.67279	
0.961304	8.67218	
0.957642	8.67249	
0.961609	8.67249	
0.965881	8.67249	
0.959167	8.6731	
0.959167	8.67249	
0.956421	8.67279	
0.957031	8.67249	
0.961609	8.6731	
0.960083	8.67249	
0.957947	8.67279	
0.960388	8.6731	
0.960083	8.67249	
0.958252	8.67218	
0.960388	8.67279	
0.960388	8.67249	
0.959167	8.67249	
0.961609	8.67279	
0.958252	8.67188	
0.962219	8.67218	
0.962219	8.67218	
0.960693	8.67249	
0.960083	8.6734	
0.958557	8.67188	
0.957947	8.67249	
0.96283	8.67279	
0.958862	8.67218	
0.956421	8.67249	
0.956116	8.67279	
0.959778	8.6731	
0.961304	8.67249	
0.958862	8.67279	
0.960083	8.67249	
0.959778	8.67249	
0.962524	8.67279	
0.961609	8.67279	
0.957336	8.67126	
0.961914	8.67279	
0.961914	8.67279	
0.957336	8.6734	
0.959473	8.67249	
0.958252	8.67249	
0.958557	8.67279	
0.964966	8.67279	
0.958557	8.67218	
0.960083	8.67279	
0.960999	8.67279	
0.959167	8.67249	
0.958862	8.67249	
0.958862	8.67218	
0.964966	8.67279	
0.958557	8.67279	
0.956421	8.67279	
0.959473	8.67279	
0.958862	8.67249	
0.960693	8.67249	
0.958557	8.67371	
0.957947	8.67188	
0.955811	8.67188	
0.959778	8.67249	
0.961304	8.67218	
0.962219	8.67371	
0.959167	8.67249	
0.964661	8.67249	
0.959778	8.67279	
0.965271	8.67249	
0.958862	8.67249	
0.959167	8.67188	
0.957336	8.67249	
0.957336	8.67249	
0.957031	8.67249	
0.960999	8.67218	
0.962219	8.6731	
0.960083	8.67279	
0.956116	8.67279	
0.957947	8.6731	
0.956116	8.6731	
0.958862	8.67279	
0.961304	8.67279	
0.962219	8.67218	
0.959778	8.67249	
0.958862	8.67218	
0.958557	8.67218	
0.959473	8.67249	
0.960693	8.67249	
0.957336	8.67218	
0.962219	8.67279	
0.963135	8.67279	
0.958557	8.67279	
0.959167	8.67218	
0.956421	8.67249	
0.955505	8.67188	
0.957642	8.67279	
0.960693	8.67279	
0.960693	8.67279	
0.959778	8.67218	
0.960999	8.67279	
0.958252	8.67279	
0.958862	8.67249	
0.960999	8.67279	
0.958252	8.67188	
0.960693	8.67218	
0.955811	8.67279	
0.960388	8.67249	
0.960083	8.6731	
0.959778	8.6734	
0.960083	8.67249	
0.963135	8.67218	
0.962219	8.67249	
0.957336	8.67249	
0.960999	8.67188	
0.960999	8.6731	
0.959167	8.67279	
0.960999	8.67218	
0.956116	8.67218	
0.957947	8.6731	
0.955505	8.67188	
0.956421	8.67279	
0.958252	8.67218	
0.959778	8.67188	
0.958862	8.67249	
0.959167	8.67249	
0.956421	8.67249	
0.956421	8.67218	
0.961914	8.67188	
0.960388	8.67157	
0.960693	8.67188	
0.959167	8.67126	
0.963135	8.67188	
0.960999	8.67218	
0.962524	8.67126	
0.960388	8.67218	
0.959778	8.6731	
0.959167	8.67188	
0.959778	8.67279	
0.957336	8.67279	
0.958252	8.6731	
0.959167	8.67218	
0.960999	8.67249	
0.957642	8.67188	
0.960388	8.67218	
0.955811	8.67249	
0.961609	8.67279	
0.962219	8.67218	
0.962219	8.67249	
0.959167	8.67188	
0.96405	8.67218	
0.960999	8.67188	
0.964661	8.67218	
0.961609	8.67279	
0.960388	8.67218	
0.958557	8.67371	
0.959473	8.67279	
0.960999	8.67218	
0.957947	8.67157	
0.96405	8.67218	
0.958862	8.67188	
0.959167	8.67188	
0.960388	8.67188	
0.959473	8.67218	
0.96405	8.67126	
0.962524	8.67157	
0.956421	8.67157	
0.956421	8.67188	
0.958557	8.67126	
0.958862	8.67188	
0.960693	8.67188	
0.956421	8.67188	
0.961914	8.67188	
0.958557	8.67188	
0.956421	8.67218	
0.958252	8.67218	
0.959167	8.67096	
0.960083	8.67188	
0.956421	8.67188	
0.959167	8.67218	
0.959473	8.67279	
0.962524	8.67218	
0.961609	8.67188	
0.959473	8.67249	
0.958862	8.67218	
0.960999	8.67218	
0.961304	8.67279	
0.959473	8.67249	
0.954895	8.67218	
0.957336	8.67126	
0.956421	8.67249	
0.955811	8.67157	
0.956116	8.67249	
0.961914	8.6734	
0.957642	8.67279	
0.954285	8.67279	
0.955505	8.67188	
0.956421	8.67188	
0.953979	8.67188	
0.956421	8.67249	
0.957947	8.67218	
0.956116	8.67218	
0.956421	8.67279	
0.957031	8.67279	
0.956116	8.67279	
0.938416	8.67432	
0.814514	8.68042	
0.634155	8.69415	
0.476074	8.71124	
0.342712	8.72864	
0.246887	8.74664	
0.168762	8.76373	
0.112915	8.77716	
0.0772095	8.78815	
0.0521851	8.79639	
0.0302124	8.80219	
0.0189209	8.80646	
0.0109863	8.80951	
0.00640869	8.81195	
0.00488281	8.81256	
0.00762939	8.81439	
0.00610352	8.81439	
0.00274658	8.815	
0.000610352	8.8147	
-0.000610352	8.81531	
-0.000915527	8.81439	
0.00152588	8.815	
0	8.815	
0	8.81531	
-0.00183105	8.81561	
-0.00274658	8.81592	
-0.00183105	8.81592	
-0.000915527	8.81622	
0.00183105	8.81592	
-0.000610352	8.81653	
0.000305176	8.81653	
-0.00305176	8.81653	
-0.0012207	8.81653	
0.00366211	8.81653	
0.00244141	8.81622	
-0.00335693	8.81561	
-0.00244141	8.81622	
-0.000610352	8.81653	
0.000305176	8.81714	
0.000305176	8.81653	
-0.000305176	8.81714	
-0.00213623	8.81622	
0.000915527	8.81561	
0.00183105	8.81592	
-0.000610352	8.81683	
0.00488281	8.81592	
0.00244141	8.81714	
0.000915527	8.81683	
0.0012207	8.81683	
0.00183105	8.81622	
-0.00213623	8.81653	
-0.0012207	8.81653	
0.000305176	8.81653	
0.00183105	8.81622	
-0.0012207	8.81622	
0.00305176	8.81622	
0.000915527	8.81622	
-0.00183105	8.81622	
0.000610352	8.81592	
-0.00305176	8.81622	
-0.00244141	8.81653	
-0.000915527	8.81714	
0.00305176	8.81622	
0	8.81683	
-0.000915527	8.81653	
-0.000915527	8.81653	
-0.000305176	8.81622	
0.00274658	8.81622	
0.00305176	8.81653	
-0.00305176	8.81561	
-0.00274658	8.81622	
0.000915527	8.81561	
-0.00305176	8.81531	
0.0012207	8.81653	
-0.000915527	8.81622	
0.00396729	8.81622	
-0.000305176	8.81683	
0.00183105	8.81561	
0.00152588	8.81683	
0.00213623	8.81653	
-0.00305176	8.81622	
-0.00183105	8.81683	
0.000305176	8.81653	
0.00427246	8.81683	
0.00244141	8.81653	
-0.00366211	8.81561	
-0.000610352	8.81561	
-0.0012207	8.81622	
0.00427246	8.81653	
-0.000915527	8.81592	
0.00152588	8.81683	
0.00213623	8.81683	
0.00152588	8.81592	
0.000305176	8.81622	
0.000915527	8.81622	
0.000610352	8.81561	
0.00335693	8.81653	
-0.00183105	8.81683	
0.000915527	8.81622	
0.000305176	8.81561	
0.0012207	8.81683	
-0.00244141	8.81592	
-0.00152588	8.81561	
-0.000915527	8.81592	
0.00305176	8.81653	
0.000305176	8.81653	
0.000610352	8.81622	
-0.000305176	8.81683	
-0.0012207	8.81714	
-0.000610352	8.81683	
0.000610352	8.81714	
0	8.81683	
-0.00152588	8.81592	
-0.00183105	8.81592	
-0.000305176	8.81683	
0.00244141	8.81653	
0.00213623	8.81653	
-0.00305176	8.81561	
-0.00244141	8.81683	
-0.0012207	8.81683	
0.00579834	8.81683	
0.00183105	8.81653	
-0.00213623	8.81683	
0.00457764	8.81592	
0.000915527	8.81592	
0.00152588	8.81653	
0.0012207	8.81714	
0	8.81714	
0	8.81561	
-0.000305176	8.81592	
0	8.81683	
0.00213623	8.81653	
0.00152588	8.81561	
-0.00335693	8.81622	
-0.00274658	8.81622	
0.000305176	8.81683	
0.00549316	8.81622	
0	8.81653	
-0.00152588	8.81683	
0.00579834	8.81622	
0.00244141	8.81653	
0.000915527	8.81653	
0.00274658	8.81653	
0.00305176	8.81592	
-0.000305176	8.81622	
0.0012207	8.81622	
-0.000610352	8.81683	
0.0012207	8.81683	
0.00213623	8.81653	
0.00152588	8.81744	
-0.00244141	8.81622	
0.000915527	8.81683	
0.000305176	8.81683	
-0.00335693	8.81592	
-0.00274658	8.81622	
0.000305176	8.81561	
0.000915527	8.81622	
-0.00335693	8.81683	
0.0012207	8.81622	
-0.000915527	8.81561	
-0.00305176	8.81592	
-0.000305176	8.81714	
0.00396729	8.81622	
0.0012207	8.81622	
-0.00366211	8.81622	
0.00274658	8.81714	
0.000915527	8.81622	
0.00457764	8.81653	
0.00183105	8.81622	
-0.0012207	8.81561	
0.00640869	8.81653	
0.000915527	8.81592	
0.000915527	8.81653	
0.00244141	8.81592	
0.0012207	8.81592	
-0.00366211	8.81622	
-0.00305176	8.81683	
0.000305176	8.81592	
0.000305176	8.81683	
-0.00244141	8.81561	
0.000610352	8.81561	
0.00183105	8.81561	
-0.00213623	8.81683	
0.000305176	8.81653	
-0.000305176	8.81683	
0.00244141	8.81683	
-0.00213623	8.81561	
0.00549316	8.81714	
0.00274658	8.81622	
-0.0012207	8.81622	
0.00213623	8.81714	
0.00183105	8.81714	
-0.00183105	8.81622	
-0.00274658	8.81683	
-0.000915527	8.81683	
0.00518799	8.81653	
0.00183105	8.81653	
-0.000915527	8.81653	
0.00305176	8.81653	
0.00183105	8.81622	
-0.000305176	8.81592	
0.000305176	8.81561	
0	8.81622	
-0.000305176	8.81744	
-0.00305176	8.81683	
0.000305176	8.81653	
0.00274658	8.81592	
0.00305176	8.81683	
-0.00213623	8.81622	
-0.00213623	8.81653	
0.00274658	8.81683	
-0.000610352	8.81714	
-0.00213623	8.81592	
-0.000915527	8.81653	
0.00640869	8.81592	
0.00213623	8.81592	
0.00183105	8.81592	
0.000915527	8.81622	
-0.000610352	8.81622	
0.00183105	8.81622	
0.0012207	8.81592	
0.000915527	8.81592	
0.00183105	8.81592	
-0.00244141	8.81683	
0.000305176	8.81714	
0.00579834	8.81714	
0.00213623	8.81653	
-0.000610352	8.81622	
0.00213623	8.81622	
0.00305176	8.81683	
0.000610352	8.81653	
0.00488281	8.81622	
0.00274658	8.81622	
-0.00274658	8.81561	
0.00335693	8.81592	
0.00152588	8.81653	
-0.00305176	8.81592	
-0.00244141	8.81622	
-0.00183105	8.81683	
0.00579834	8.81683	
0.00213623	8.81592	
-0.000305176	8.81561	
0.00579834	8.81653	
0.000915527	8.81653	
-0.000610352	8.81653	
0.000610352	8.81683	
0.000305176	8.81592	
-0.000915527	8.81653	
0.00335693	8.81683	
0.00244141	8.81622	
-0.00152588	8.81561	
0.00549316	8.81622	
-0.00183105	8.81653	
-0.000305176	8.81592	
-0.00152588	8.81592	
-0.00274658	8.81683	
0.000305176	8.81592	
-0.00244141	8.81683	
0.00366211	8.81653	
-0.00305176	8.81653	
0.000610352	8.81683	
0.000915527	8.81683	
-0.0012207	8.81653	
0.000305176	8.81653	
0.00213623	8.81653	
-0.000610352	8.81653	
0.00152588	8.81592	
-0.0012207	8.81683	
0.00274658	8.81653	
0.00244141	8.81683	
-0.000915527	8.81744	
0.00274658	8.81683	
0.00244141	8.81592	
0	8.81653	
0.000915527	8.81653	
0	8.81622	
0.000305176	8.81744	
0.000915527	8.81653	
0.00183105	8.81683	
-0.00274658	8.81622	
-0.00305176	8.81622	
0.000305176	8.81653	
-0.0012207	8.81653	
-0.00274658	8.81653	
0.0012207	8.81592	
0.00152588	8.81683	
-0.00213623	8.81622	
0.00152588	8.81653	
0.0012207	8.81653	
0.00213623	8.81622	
0.00183105	8.81561	
