-0.00183105	8.81348	
0.000305176	8.81439	
0.0012207	8.81439	
0.0012207	8.8147	
0.000610352	8.81378	
-0.00427246	8.8147	
0.000915527	8.815	
-0.00152588	8.815	
-0.000610352	8.815	
0.00305176	8.81531	
-0.000305176	8.815	
0.00152588	8.81561	
-0.00183105	8.81622	
0	8.815	
-0.000305176	8.81439	
-0.00152588	8.81531	
-0.00305176	8.81531	
0.00183105	8.81531	
-0.000915527	8.8147	
0.0012207	8.8147	
0.000305176	8.8147	
-0.00244141	8.8147	
-0.00152588	8.815	
0.000305176	8.81531	
0	8.81531	
-0.00457764	8.815	
-0.00183105	8.815	
0.0012207	8.81531	
-0.00274658	8.815	
0.00305176	8.815	
-0.000305176	8.815	
-0.000915527	8.81531	
-0.00244141	8.8147	
0.00183105	8.815	
-0.00152588	8.815	
-0.0012207	8.81531	
0.000610352	8.81531	
-0.00213623	8.81439	
-0.00213623	8.81531	
0.00305176	8.81531	
0.000610352	8.81439	
-0.00396729	8.815	
-0.00244141	8.81653	
0.00152588	8.81531	
-0.00183105	8.8147	
-0.00305176	8.8147	
0.0012207	8.81439	
-0.00396729	8.81531	
-0.00457764	8.81561	
-0.000610352	8.815	
-0.000305176	8.8147	
-0.00488281	8.81531	
-0.00152588	8.81531	
0.000305176	8.8147	
-0.00335693	8.81531	
-0.000610352	8.815	
0.000915527	8.815	
0	8.81439	
-0.00396729	8.81409	
-0.00152588	8.8147	
-0.00183105	8.815	
-0.00244141	8.815	
0.00305176	8.81561	
0.000305176	8.81531	
-0.00152588	8.8147	
-0.000610352	8.81531	
0.00396729	8.81439	
-0.000305176	8.8147	
-0.0012207	8.8147	
-0.00274658	8.81531	
0.00335693	8.8147	
0.000915527	8.8147	
0.00213623	8.815	
-0.00152588	8.8147	
0.0012207	8.815	
-0.000915527	8.8147	
0.00427246	8.815	
0.000305176	8.815	
-0.000915527	8.81409	
-0.000915527	8.8147	
0.00366211	8.81561	
0.000610352	8.815	
-0.00396729	8.815	
0.000610352	8.815	
-0.00427246	8.81439	
-0.00335693	8.815	
0.0012207	8.8147	
-0.00427246	8.8147	
-0.00152588	8.8147	
0.000610352	8.8147	
-0.00335693	8.81439	
0.00396729	8.815	
0	8.81531	
0.00274658	8.81531	
-0.00213623	8.81531	
-0.00213623	8.815	
0.00183105	8.815	
-0.00427246	8.8147	
-0.00366211	8.815	
0.000305176	8.81439	
-0.00213623	8.815	
-0.00152588	8.81439	
0.0012207	8.8147	
-0.00244141	8.81531	
0.00335693	8.815	
0	8.8147	
0.00305176	8.81409	
-0.00396729	8.81439	
-0.000610352	8.815	
-0.00396729	8.815	
-0.00183105	8.815	
-0.000915527	8.815	
-0.000610352	8.8147	
0.00366211	8.8147	
-0.000610352	8.81592	
0	8.8147	
-0.00274658	8.81561	
-0.000610352	8.81439	
-0.00335693	8.81439	
-0.00183105	8.81439	
-0.000610352	8.81531	
-0.00183105	8.81531	
0.00396729	8.81531	
0	8.815	
0.00457764	8.815	
-0.00457764	8.81531	
0	8.8147	
-0.000305176	8.815	
0.0012207	8.81531	
0.00396729	8.8147	
0.000915527	8.815	
-0.00427246	8.81409	
-0.00213623	8.815	
-0.000305176	8.81439	
-0.00305176	8.815	
-0.000610352	8.81409	
0.0012207	8.81439	
-0.00305176	8.8147	
-0.000305176	8.8147	
0.000305176	8.815	
-0.00335693	8.81531	
-0.000915527	8.81409	
-0.000305176	8.815	
-0.00183105	8.81409	
0.00152588	8.815	
-0.00152588	8.8147	
0.000915527	8.81439	
-0.00518799	8.81439	
0.000305176	8.815	
0.000305176	8.81531	
-0.00274658	8.81439	
0.00152588	8.81531	
-0.00183105	8.8147	
-0.00183105	8.815	
-0.00152588	8.8147	
0.000610352	8.815	
-0.00213623	8.815	
0.00396729	8.81561	
-0.000610352	8.8147	
-0.00152588	8.81592	
-0.00213623	8.81592	
0.0012207	8.81592	
0.000915527	8.81409	
0.00305176	8.81531	
0.00183105	8.81439	
-0.00335693	8.81439	
-0.00244141	8.815	
0.00213623	8.8147	
-0.00213623	8.8147	
-0.000915527	8.81531	
0.00152588	8.81531	
-0.00274658	8.81561	
-0.000305176	8.8147	
0	8.81439	
-0.00335693	8.815	
-0.000915527	8.81531	
0.00152588	8.81561	
-0.000305176	8.815	
0.00274658	8.81439	
0.0012207	8.81531	
0.00518799	8.815	
0.0012207	8.8147	
-0.00366211	8.81439	
-0.000915527	8.815	
-0.00274658	8.81378	
-0.00305176	8.815	
0.000305176	8.8147	
-0.00335693	8.81531	
0	8.815	
0.0012207	8.81531	
0.000305176	8.8147	
-0.00152588	8.81531	
0	8.815	
-0.00152588	8.81531	
0.000305176	8.8147	
-0.00457764	8.81409	
-0.00244141	8.81439	
-0.00488281	8.81439	
-0.00152588	8.81409	
0.000305176	8.8147	
-0.00427246	8.81439	
0	8.81439	
-0.000305176	8.81439	
0.00152588	8.8147	
-0.00396729	8.81531	
-0.00213623	8.81531	
-0.000610352	8.815	
-0.00518799	8.81439	
0	8.81531	
-0.00427246	8.8147	
-0.000305176	8.81439	
0.00335693	8.815	
-0.00244141	8.81439	
0.000915527	8.81409	
-0.00335693	8.81409	
-0.000305176	8.81561	
0.00427246	8.815	
-0.00183105	8.8147	
-0.000915527	8.81439	
-0.00335693	8.81531	
-0.000915527	8.81439	
-0.00183105	8.81531	
-0.000305176	8.81531	
-0.00274658	8.8147	
-0.00183105	8.81561	
-0.00366211	8.815	
-0.000915527	8.815	
-0.00183105	8.8147	
0.00244141	8.81561	
0.000915527	8.815	
0.00244141	8.8147	
0.00152588	8.8147	
-0.00244141	8.81439	
-0.0012207	8.81531	
-0.00305176	8.81439	
0.0012207	8.81561	
-0.00335693	8.815	
0.00274658	8.815	
0	8.815	
-0.000915527	8.815	
-0.00152588	8.8147	
-0.00183105	8.81531	
-0.00152588	8.8147	
0.000915527	8.81439	
-0.00213623	8.81439	
0.000915527	8.815	
-0.00213623	8.81531	
-0.00152588	8.815	
-0.0012207	8.8147	
0.000915527	8.8147	
-0.00274658	8.8147	
-0.000610352	8.81653	
-0.00366211	8.81622	
-0.00427246	8.81592	
0.000610352	8.8147	
-0.00396729	8.81439	
-0.000915527	8.81439	
0.000610352	8.8147	
-0.00244141	8.81439	
-0.00274658	8.8147	
-0.000915527	8.8147	
-0.00335693	8.81439	
-0.00396729	8.815	
-0.000610352	8.8147	
-0.00427246	8.8147	
-0.000915527	8.8147	
-0.00183105	8.815	
0.000305176	8.81439	
-0.00274658	8.815	
-0.000915527	8.8147	
-0.0012207	8.81439	
-0.00152588	8.815	
0	8.815	
-0.00427246	8.815	
0.000915527	8.81653	
-0.00488281	8.81531	
-0.00274658	8.81622	
0	8.81683	
-0.00213623	8.81592	
0.000305176	8.81531	
0.00305176	8.81439	
-0.00152588	8.81409	
-0.000610352	8.8147	
-0.00366211	8.81531	
-0.00183105	8.8147	
0	8.815	
0.0012207	8.8147	
0.000305176	8.815	
-0.0012207	8.815	
-0.000915527	8.81439	
-0.00183105	8.8147	
0.000305176	8.81531	
-0.00396729	8.815	
0.000305176	8.815	
-0.00518799	8.8147	
-0.00427246	8.81531	
0.000915527	8.815	
-0.00274658	8.815	
-0.00183105	8.815	
-0.00183105	8.815	
0.000610352	8.8147	
-0.00305176	8.81561	
0.0012207	8.815	
-0.000610352	8.81439	
-0.00152588	8.81531	
-0.000305176	8.8147	
-0.00152588	8.8147	
0.0012207	8.8147	
-0.00213623	8.815	
-0.00152588	8.81439	
0	8.8147	
-0.00335693	8.8147	
0.0012207	8.81531	
-0.000610352	8.8147	
-0.000610352	8.81561	
-0.000305176	8.81561	
-0.00396729	8.8147	
0.000305176	8.81439	
-0.00366211	8.8147	
0.000915527	8.81531	
-0.00244141	8.81531	
-0.00488281	8.81439	
0.0012207	8.815	
-0.000915527	8.81531	
-0.00152588	8.8147	
0.000915527	8.815	
0.000610352	8.8147	
-0.00274658	8.81409	
-0.000610352	8.8147	
-0.00152588	8.81592	
0.000915527	8.8147	
-0.00152588	8.81439	
-0.00274658	8.8147	
-0.0012207	8.81531	
0.00305176	8.81439	
0.0012207	8.8147	
-0.00305176	8.81409	
-0.000610352	8.81409	
-0.00183105	8.81531	
-0.000305176	8.81561	
0.0012207	8.81439	
0	8.81531	
0.000610352	8.815	
0.000305176	8.81531	
0.00518799	8.81531	
-0.000915527	8.81531	
-0.000915527	8.8147	
0.000610352	8.815	
-0.000915527	8.8147	
-0.000915527	8.8147	
0.00152588	8.815	
-0.00305176	8.81409	
0.000305176	8.81409	
-0.00183105	8.815	
0.000915527	8.81439	
0.00152588	8.81439	
-0.000305176	8.8147	
-0.00305176	8.81531	
-0.00152588	8.81439	
-0.00183105	8.8147	
0.000305176	8.81531	
-0.00457764	8.81409	
0	8.8147	
-0.0012207	8.8147	
0.00366211	8.8147	
0.00213623	8.81531	
-0.00457764	8.815	
-0.000305176	8.81439	
-0.00152588	8.81439	
0.00152588	8.81439	
-0.0012207	8.8147	
0.00183105	8.815	
0.0012207	8.8147	
0.00396729	8.8147	
-0.00274658	8.81439	
-0.000305176	8.81531	
-0.00274658	8.81531	
0.000610352	8.815	
0.00457764	8.815	
-0.00366211	8.815	
-0.00244141	8.81531	
0.00274658	8.81531	
-0.000915527	8.81531	
-0.00152588	8.81531	
-0.00396729	8.81439	
0.000305176	8.8147	
-0.00213623	8.815	
-0.0012207	8.81439	
0.00335693	8.8147	
0.00183105	8.81531	
-0.00152588	8.815	
-0.00244141	8.815	
-0.000915527	8.81531	
-0.00152588	8.815	
-0.00183105	8.815	
-0.00427246	8.81439	
-0.00183105	8.815	
-0.00396729	8.81409	
0.000915527	8.81531	
-0.00274658	8.81439	
0.00396729	8.81531	
-0.00244141	8.8147	
-0.00305176	8.815	
0.000610352	8.8147	
-0.00152588	8.81531	
-0.000305176	8.81531	
-0.0012207	8.815	
-0.00457764	8.81409	
-0.00183105	8.81439	
-0.00244141	8.815	
0	8.8147	
-0.00213623	8.815	
-0.00457764	8.81409	
-0.000305176	8.8147	
-0.000610352	8.81439	
0.000915527	8.815	
0.000610352	8.8147	
0.00488281	8.815	
-0.00274658	8.81592	
-0.000305176	8.81531	
-0.00335693	8.81531	
0	8.81439	
0.00427246	8.81531	
0.000305176	8.815	
-0.00274658	8.8147	
0.000305176	8.81531	
-0.0012207	8.815	
-0.000610352	8.81531	
-0.000915527	8.81439	
-0.00488281	8.81378	
0.000915527	8.81592	
-0.000610352	8.81439	
-0.000915527	8.8147	
-0.000305176	8.81561	
-0.00427246	8.8147	
0.00152588	8.81439	
-0.00488281	8.81531	
-0.000915527	8.8147	
-0.000305176	8.8147	
0.00366211	8.81561	
-0.000305176	8.81531	
-0.00396729	8.81439	
-0.00305176	8.81439	
-0.000610352	8.81531	
0.00183105	8.815	
-0.00213623	8.81531	
-0.00396729	8.815	
-0.00396729	8.815	
-0.00274658	8.81439	
-0.00213623	8.81531	
0.000305176	8.815	
0.000305176	8.81531	
0.000915527	8.8147	
-0.000915527	8.81531	
-0.00396729	8.815	
0.000610352	8.81561	
0.00427246	8.815	
0.000915527	8.815	
-0.00244141	8.81439	
0.000305176	8.81409	
-0.000610352	8.8147	
-0.00183105	8.81531	
0.000610352	8.815	
-0.00305176	8.81531	
-0.00183105	8.81439	
-0.00213623	8.8147	
0.00427246	8.81561	
0	8.815	
0.000610352	8.81409	
-0.000305176	8.8147	
0.000610352	8.815	
-0.00305176	8.8147	
-0.00152588	8.815	
-0.00274658	8.81439	
-0.00152588	8.81531	
-0.00244141	8.8147	
-0.00427246	8.81531	
-0.00335693	8.815	
-0.00213623	8.8147	
-0.00244141	8.8147	
-0.0012207	8.8147	
-0.00152588	8.81531	
0	8.81531	
-0.00274658	8.81439	
-0.0012207	8.81531	
0.000610352	8.8147	
-0.00305176	8.815	
0	8.815	
-0.00274658	8.81531	
0.00152588	8.81409	
-0.00213623	8.81531	
-0.00335693	8.8147	
0.0012207	8.81531	
-0.00183105	8.81439	
-0.00274658	8.81439	
-0.00183105	8.81531	
-0.00366211	8.81439	
0.000915527	8.81531	
-0.00274658	8.815	
-0.00366211	8.81439	
0	8.815	
-0.00396729	8.8147	
0.000305176	8.81531	
-0.00213623	8.81439	
0.0012207	8.8147	
-0.00152588	8.8147	
-0.00274658	8.81439	
-0.000305176	8.81439	
-0.00183105	8.81561	
-0.000610352	8.81439	
0.000305176	8.81439	
-0.00396729	8.81531	
0.00183105	8.8147	
0.000915527	8.81439	
-0.000915527	8.815	
-0.00305176	8.81531	
0	8.81531	
-0.000305176	8.81531	
-0.00335693	8.81439	
-0.000305176	8.8147	
0.00305176	8.81531	
-0.00213623	8.8147	
0.00213623	8.81439	
-0.00457764	8.81592	
0	8.81439	
-0.000610352	8.8147	
0.000610352	8.815	
0.00274658	8.815	
-0.00396729	8.81439	
-0.000610352	8.8147	
0.00305176	8.81439	
0	8.81439	
-0.000610352	8.81439	
-0.00457764	8.8147	
0	8.81531	
0.00274658	8.8147	
-0.000915527	8.8147	
0	8.8147	
-0.00488281	8.81439	
0.000610352	8.81561	
0	8.815	
0.000610352	8.815	
0.00427246	8.8147	
0.0012207	8.81531	
-0.000305176	8.81409	
-0.00335693	8.81439	
-0.00152588	8.8147	
0.000305176	8.81439	
-0.00244141	8.81531	
0.00152588	8.81531	
0	8.81439	
-0.00335693	8.8147	
0.00152588	8.8147	
0.000610352	8.8147	
-0.00396729	8.81439	
0	8.8147	
-0.00183105	8.8147	
0.00152588	8.81439	
-0.00183105	8.81439	
0.00274658	8.815	
-0.000305176	8.815	
-0.00488281	8.8147	
0.0012207	8.8147	
-0.00213623	8.815	
-0.000915527	8.81439	
-0.0012207	8.81439	
-0.00457764	8.8147	
-0.00427246	8.81439	
0.00183105	8.815	
0.00335693	8.8147	
0.0012207	8.81561	
0.00427246	8.81409	
-0.00488281	8.8147	
0.000610352	8.81439	
0.00396729	8.81439	
-0.00152588	8.8147	
-0.00518799	8.81439	
0.000305176	8.8147	
0	8.81439	
-0.00274658	8.81409	
-0.00213623	8.815	
-0.00152588	8.81592	
-0.000915527	8.81531	
0.00183105	8.81531	
0	8.8147	
-0.00305176	8.81439	
-0.0012207	8.815	
-0.00152588	8.815	
0.00183105	8.81531	
-0.00305176	8.815	
0.000915527	8.81531	
-0.00183105	8.81439	
-0.000915527	8.8147	
-0.000305176	8.81439	
-0.00305176	8.815	
0.000610352	8.815	
-0.000610352	8.81531	
0	8.81439	
-0.00152588	8.8147	
-0.00366211	8.815	
0.000915527	8.81531	
-0.000915527	8.8147	
-0.000915527	8.81439	
0.000915527	8.8147	
-0.00152588	8.815	
-0.00152588	8.8147	
-0.000305176	8.81439	
-0.000305176	8.815	
-0.000610352	8.815	
-0.00366211	8.81409	
0	8.815	
-0.000305176	8.81409	
-0.00213623	8.81531	
0.00183105	8.8147	
-0.00335693	8.8147	
-0.00152588	8.815	
-0.00213623	8.81439	
0.00305176	8.8147	
-0.00335693	8.8147	
0.000610352	8.81531	
0.000305176	8.8147	
-0.000610352	8.815	
0.00335693	8.815	
-0.00457764	8.81439	
0	8.8147	
0.00244141	8.815	
-0.00213623	8.8147	
0.00274658	8.81409	
-0.00366211	8.8147	
-0.00183105	8.8147	
0.00427246	8.8147	
0	8.815	
-0.00305176	8.815	
-0.00335693	8.81409	
-0.00183105	8.81531	
0.00305176	8.81439	
-0.00183105	8.8147	
-0.00457764	8.8147	
0	8.8147	
0.000610352	8.815	
-0.00457764	8.81409	
0.000305176	8.8147	
-0.0012207	8.815	
0.00152588	8.8147	
-0.00213623	8.815	
0.0012207	8.81531	
0.0012207	8.815	
0.000915527	8.815	
0.0012207	8.81531	
0.000915527	8.81531	
0.000305176	8.815	
0.00305176	8.81531	
-0.000610352	8.81439	
-0.00183105	8.81439	
-0.00427246	8.81439	
-0.00213623	8.815	
0.00305176	8.81561	
-0.00213623	8.815	
-0.00335693	8.8147	
0.000915527	8.815	
-0.00244141	8.8147	
-0.0012207	8.81531	
0.00152588	8.815	
-0.000305176	8.81531	
0	8.81439	
0.00152588	8.815	
-0.00244141	8.8147	
-0.00305176	8.81531	
-0.00213623	8.815	
0	8.81561	
0	8.8147	
0.000305176	8.815	
-0.00183105	8.81439	
0.000305176	8.81439	
0.000610352	8.81531	
-0.00457764	8.8147	
-0.0012207	8.815	
0.00366211	8.81531	
-0.000305176	8.815	
-0.00244141	8.815	
-0.000305176	8.8147	
0	8.8147	
-0.00366211	8.81409	
0.000610352	8.815	
-0.000915527	8.815	
-0.0012207	8.8147	
0.0012207	8.815	
-0.00152588	8.81439	
-0.00274658	8.81439	
0	8.815	
0.00427246	8.81531	
0.0012207	8.81531	
-0.000305176	8.81531	
-0.00457764	8.81439	
-0.0012207	8.81378	
0.00366211	8.81561	
-0.00152588	8.8147	
0.000305176	8.81531	
-0.00396729	8.8147	
0.000610352	8.81439	
0.00366211	8.81561	
-0.00396729	8.81531	
-0.000610352	8.81439	
0.0012207	8.81409	
0.000915527	8.8147	
-0.000305176	8.81531	
0.00305176	8.8147	
0.000915527	8.815	
-0.00305176	8.81439	
-0.00396729	8.8147	
0.000305176	8.81439	
0.00274658	8.8147	
-0.00457764	8.81531	
-0.000610352	8.815	
0.00335693	8.81439	
-0.00213623	8.8147	
-0.00366211	8.81409	
0.000610352	8.81531	
0.000305176	8.81531	
-0.00183105	8.81439	
-0.00183105	8.81531	
-0.00183105	8.8147	
-0.0012207	8.8147	
0.00152588	8.81409	
-0.00152588	8.81409	
-0.00427246	8.81531	
-0.000305176	8.81409	
0.00396729	8.81561	
-0.00274658	8.81439	
0.000915527	8.815	
0.000305176	8.81439	
-0.00213623	8.8147	
-0.00396729	8.81531	
-0.00213623	8.81531	
-0.00183105	8.81439	
-0.000610352	8.81531	
-0.00244141	8.81409	
-0.00457764	8.81439	
0.000305176	8.8147	
0	8.815	
-0.00457764	8.81439	
0.0012207	8.8147	
-0.000610352	8.815	
0	8.815	
0	8.81439	
0	8.81409	
-0.000915527	8.81561	
-0.000610352	8.81409	
-0.00152588	8.8147	
-0.000305176	8.81561	
-0.00396729	8.8147	
0.000610352	8.81561	
-0.00152588	8.81531	
-0.00152588	8.8147	
0.00152588	8.81531	
0.000305176	8.815	
-0.00335693	8.81439	
-0.000305176	8.81531	
0.00396729	8.8147	
-0.000305176	8.815	
0.000610352	8.81439	
-0.0012207	8.8147	
0.000915527	8.81439	
0.00213623	8.8147	
-0.00274658	8.81531	
0.000305176	8.81409	
-0.000915527	8.81409	
0.000915527	8.81531	
0.00335693	8.815	
-0.00488281	8.815	
-0.00152588	8.81439	
0	8.8147	
-0.000305176	8.81531	
0	8.8147	
0.000305176	8.81531	
0.00183105	8.815	
0	8.8147	
-0.00305176	8.81378	
-0.000915527	8.8147	
0.00488281	8.8147	
-0.00335693	8.8147	
0.00152588	8.81439	
0.00213623	8.81439	
-0.00183105	8.8147	
-0.00427246	8.81439	
0.000915527	8.8147	
0.000305176	8.81439	
-0.00152588	8.81439	
-0.00305176	8.81531	
0.000915527	8.8147	
0.000305176	8.8147	
-0.00366211	8.8147	
-0.00183105	8.815	
0.00457764	8.815	
0.000915527	8.8147	
0.0012207	8.81531	
-0.00457764	8.81439	
0	8.815	
0.0012207	8.8147	
-0.00213623	8.81439	
-0.000915527	8.81531	
0.00396729	8.815	
-0.00396729	8.8147	
0.000305176	8.8147	
0.00183105	8.8147	
-0.00183105	8.815	
-0.00457764	8.81409	
0.00183105	8.815	
-0.00213623	8.81531	
-0.00335693	8.8147	
-0.00335693	8.8147	
-0.00213623	8.8147	
-0.00457764	8.815	
0.00152588	8.8147	
-0.000305176	8.8147	
-0.00244141	8.81439	
-0.000915527	8.8147	
0.0012207	8.815	
0.00396729	8.81409	
-0.00274658	8.815	
0.000305176	8.81592	
0.00427246	8.81531	
0	8.815	
-0.00213623	8.81439	
-0.00183105	8.81531	
0.000915527	8.815	
-0.000610352	8.815	
-0.00244141	8.81561	
0.000610352	8.815	
-0.000610352	8.81409	
-0.00152588	8.81409	
-0.00244141	8.81439	
-0.00213623	8.81409	
0.000305176	8.81439	
-0.000610352	8.815	
-0.00152588	8.8147	
0	8.8147	
0.000305176	8.81439	
-0.000915527	8.81439	
-0.00244141	8.815	
-0.00244141	8.81439	
-0.000610352	8.81439	
0.00152588	8.815	
0	8.815	
-0.00213623	8.8147	
-0.000305176	8.81409	
-0.00183105	8.8147	
0	8.81439	
-0.00244141	8.815	
-0.00366211	8.8147	
0.0012207	8.8147	
-0.00183105	8.81378	
0.00488281	8.815	
-0.00427246	8.81531	
-0.00274658	8.81439	
-0.00457764	8.8147	
-0.00366211	8.81439	
-0.000915527	8.81439	
0.00457764	8.81439	
-0.00457764	8.8147	
-0.00183105	8.81531	
-0.00366211	8.815	
-0.00457764	8.81439	
0.000305176	8.81531	
0.00427246	8.8147	
-0.00183105	8.815	
-0.00213623	8.81531	
-0.00335693	8.81561	
-0.0012207	8.8147	
-0.0012207	8.815	
0	8.81531	
0	8.815	
-0.00274658	8.8147	
-0.00305176	8.81439	
0.000610352	8.8147	
-0.000305176	8.8147	
0.000915527	8.81439	
0	8.81439	
-0.00335693	8.815	
-0.00244141	8.81439	
0.0012207	8.81439	
-0.000305176	8.8147	
0.00152588	8.81439	
-0.00244141	8.81409	
-0.00457764	8.81592	
0.000305176	8.81622	
-0.00152588	8.81622	
0.00213623	8.81653	
-0.00274658	8.815	
-0.00244141	8.81531	
0.00427246	8.81348	
0.0296021	8.80798	
0.0872803	8.79364	
0.203552	8.77167	
0.338135	8.75275	
0.465393	8.73718	
0.581665	8.72711	
0.680542	8.72162	
0.747986	8.71674	
0.80719	8.71307	
0.843811	8.71094	
0.865784	8.70972	
0.884705	8.7088	
0.900574	8.70758	
0.903625	8.70758	
0.913086	8.70728	
0.915527	8.70697	
0.914307	8.70728	
0.919495	8.70758	
0.921936	8.70728	
0.928345	8.70697	
0.918884	8.70605	
0.920715	8.70605	
0.924072	8.70758	
0.925293	8.70636	
0.923767	8.70636	
0.926819	8.70697	
0.923157	8.70667	
0.925903	8.70514	
0.927734	8.70636	
0.921936	8.70636	
0.921631	8.70605	
0.925903	8.70605	
0.921326	8.70544	
0.925293	8.70544	
0.921936	8.70544	
0.926208	8.70605	
0.922852	8.70514	
0.930176	8.70636	
0.921326	8.70514	
0.922852	8.70483	
0.921936	8.70514	
0.924377	8.70575	
0.924683	8.70514	
0.92926	8.70636	
0.925598	8.70514	
0.923157	8.70575	
0.920715	8.70453	
0.921326	8.70605	
0.926208	8.70514	
0.920715	8.70544	
0.926208	8.70544	
0.924683	8.70636	
0.923157	8.70636	
0.920715	8.70514	
0.925293	8.70605	
0.920105	8.70575	
0.921326	8.70636	
0.923157	8.70514	
0.921631	8.70483	
0.926208	8.70453	
0.924683	8.70544	
0.927124	8.70514	
0.921936	8.70483	
0.923462	8.70453	
0.926514	8.70453	
0.925598	8.70483	
0.924377	8.70453	
0.928345	8.70483	
0.922241	8.70453	
0.924377	8.70514	
0.92926	8.70483	
0.926208	8.70453	
0.925293	8.70483	
0.929871	8.70453	
0.921021	8.70544	
0.925598	8.70483	
0.924683	8.70483	
0.927124	8.70514	
0.925293	8.70422	
0.930786	8.70483	
0.92804	8.70514	
0.927734	8.70483	
0.925598	8.70453	
0.926819	8.70392	
0.924683	8.70422	
0.921021	8.70422	
0.927429	8.70422	
0.926208	8.70392	
0.924377	8.70422	
0.921326	8.70392	
0.926819	8.70392	
0.921326	8.70361	
0.926208	8.70392	
0.926514	8.70331	
0.924377	8.70361	
0.922241	8.70392	
0.927429	8.70453	
0.922241	8.70392	
0.926819	8.70514	
0.927429	8.70422	
0.926208	8.70544	
0.922852	8.70392	
0.927734	8.70331	
0.921326	8.70331	
0.92804	8.70361	
0.92804	8.70392	
0.926208	8.70361	
0.926819	8.70422	
0.924683	8.70361	
0.925903	8.70361	
0.92804	8.70392	
0.922852	8.70392	
0.924377	8.70422	
0.921936	8.70361	
0.923462	8.70422	
0.927734	8.70361	
0.921936	8.70361	
0.92804	8.70392	
0.925598	8.70392	
0.926208	8.70453	
0.925598	8.70392	
0.925598	8.70453	
0.926208	8.70422	
0.925903	8.70483	
0.923462	8.70361	
0.925598	8.70422	
0.924072	8.70422	
0.926514	8.70392	
0.92804	8.70392	
0.923767	8.70392	
0.927734	8.70422	
0.92804	8.70361	
0.927734	8.70361	
0.926819	8.70361	
0.924988	8.70422	
0.923462	8.70392	
0.924683	8.70422	
0.922852	8.70361	
0.924377	8.70361	
0.923157	8.70331	
0.923462	8.70392	
0.927124	8.70422	
0.921936	8.70361	
0.925293	8.70392	
0.922546	8.70392	
0.924683	8.70453	
0.921936	8.70361	
0.922241	8.70361	
0.926819	8.70422	
0.922852	8.70392	
0.92804	8.70422	
0.927734	8.70392	
0.927124	8.70331	
0.925903	8.70361	
0.927734	8.70331	
0.926819	8.70392	
0.924377	8.70331	
0.928345	8.70392	
0.925903	8.70422	
0.923462	8.70331	
0.923462	8.70392	
0.926819	8.70331	
0.925293	8.7027	
0.928345	8.70331	
0.928955	8.70392	
0.927734	8.70392	
0.926514	8.703	
0.927429	8.703	
0.926819	8.70361	
0.925903	8.703	
0.926514	8.70331	
0.924683	8.70361	
0.922241	8.70361	
0.923157	8.70331	
0.927124	8.70331	
0.922852	8.70331	
0.927124	8.70331	
0.92804	8.7027	
0.928955	8.703	
0.926819	8.70239	
0.929871	8.70331	
0.926208	8.70422	
0.931396	8.70361	
0.928345	8.70392	
0.928345	8.7027	
0.927124	8.70331	
0.927734	8.70361	
0.92865	8.7027	
0.926514	8.70331	
0.927734	8.703	
0.928955	8.70239	
0.928345	8.70361	
0.924072	8.70331	
0.924988	8.7027	
0.927124	8.703	
0.925598	8.7027	
0.927429	8.7027	
0.925903	8.703	
0.925598	8.70209	
0.923767	8.70209	
0.924072	8.703	
0.927734	8.703	
0.923157	8.7027	
0.929871	8.7027	
0.923462	8.70239	
0.925598	8.703	
0.925903	8.7027	
0.928345	8.70239	
0.925598	8.70239	
0.927124	8.70239	
0.929565	8.70331	
0.923157	8.703	
0.925293	8.70331	
0.924072	8.7027	
0.924683	8.70209	
0.92865	8.7027	
0.923462	8.70239	
0.92926	8.703	
0.92865	8.703	
0.92865	8.70239	
0.926819	8.70239	
0.927124	8.70331	
0.926819	8.70361	
0.929565	8.70209	
0.926208	8.70209	
0.927124	8.7027	
0.926208	8.7027	
0.927124	8.70209	
0.92926	8.70239	
0.92926	8.7027	
0.930481	8.7027	
0.929565	8.70239	
0.928955	8.70209	
0.931091	8.70239	
0.926819	8.70239	
0.926514	8.7027	
0.930481	8.70239	
0.926208	8.7027	
0.926208	8.70209	
0.924072	8.70239	
0.926514	8.70209	
0.929871	8.7027	
0.927734	8.7027	
0.929565	8.703	
0.92804	8.70148	
0.92926	8.70178	
0.929871	8.70209	
0.929871	8.70239	
0.927734	8.70178	
0.930786	8.70209	
0.926208	8.70148	
0.927124	8.70178	
0.926819	8.70148	
0.930481	8.70209	
0.92926	8.70239	
0.933533	8.70148	
0.924988	8.70239	
0.928955	8.70209	
0.927124	8.70209	
0.924683	8.70209	
0.928955	8.70209	
0.925903	8.70209	
0.930481	8.70239	
0.929565	8.70209	
0.92926	8.7027	
0.933228	8.70239	
0.929871	8.703	
0.929871	8.70239	
0.929565	8.7027	
0.930481	8.7027	
0.931091	8.70178	
0.92926	8.70239	
0.931091	8.70239	
0.930176	8.70239	
0.927124	8.7027	
0.932922	8.70239	
0.931702	8.70209	
0.929565	8.70178	
0.927734	8.70056	
0.925293	8.70148	
0.92926	8.70148	
0.924988	8.70087	
0.931091	8.70178	
0.929565	8.70178	
0.92865	8.70148	
0.930176	8.70209	
0.929871	8.70178	
0.929871	8.70117	
0.932922	8.70148	
0.92865	8.70117	
0.92865	8.70148	
0.927734	8.70209	
0.925598	8.70209	
0.92865	8.70148	
0.925903	8.70178	
0.92926	8.70178	
0.927124	8.70178	
0.930176	8.70239	
0.926819	8.70148	
0.92926	8.70209	
0.929565	8.70148	
0.926208	8.70148	
0.92865	8.70178	
0.924988	8.70117	
0.92926	8.7027	
0.930786	8.70148	
0.92926	8.70148	
0.92804	8.70148	
0.930786	8.70148	
0.931702	8.7027	
0.930176	8.70178	
0.929871	8.70209	
0.932922	8.70056	
0.927124	8.70087	
0.926819	8.70087	
0.929871	8.70148	
0.925903	8.70056	
0.92926	8.70117	
0.928955	8.70148	
0.931702	8.70148	
0.930786	8.70178	
0.92926	8.70117	
0.931702	8.70087	
0.930481	8.70117	
0.930481	8.69995	
0.925903	8.70178	
0.927124	8.70026	
0.92865	8.70178	
0.92804	8.70148	
0.931702	8.70148	
0.927429	8.70148	
0.928345	8.70026	
0.927124	8.70087	
0.92865	8.70117	
0.929565	8.70178	
0.92865	8.70087	
0.931702	8.70148	
0.925903	8.70117	
0.928345	8.70148	
0.925598	8.70026	
0.926514	8.70178	
0.930176	8.70148	
0.92804	8.70117	
0.933533	8.70117	
0.925598	8.70178	
0.927734	8.70148	
0.925903	8.70117	
0.928955	8.70117	
0.930786	8.70148	
0.927124	8.70026	
0.92926	8.70117	
0.92926	8.70056	
0.929565	8.70056	
0.926514	8.70056	
0.927734	8.70087	
0.929565	8.70056	
0.934448	8.70026	
0.926208	8.70056	
0.92804	8.70148	
0.929871	8.70117	
0.931396	8.70056	
0.929871	8.70026	
0.929565	8.70148	
0.934448	8.70026	
0.926514	8.70117	
0.927734	8.70026	
0.929565	8.69995	
0.932007	8.69995	
0.928955	8.70026	
0.935669	8.70148	
0.931396	8.70117	
0.932617	8.70026	
0.931396	8.70087	
0.935059	8.70117	
0.932617	8.70117	
0.932312	8.70056	
0.932312	8.70117	
0.931396	8.70117	
0.931702	8.70148	
0.932007	8.70087	
0.930176	8.70148	
0.932007	8.70178	
0.931702	8.70148	
0.92865	8.70087	
0.930786	8.70148	
0.932922	8.70026	
0.931396	8.70178	
0.934143	8.70056	
0.931396	8.69995	
0.92926	8.70026	
0.932007	8.70056	
0.929871	8.70026	
0.931396	8.69995	
0.932007	8.69995	
0.92926	8.69965	
0.928955	8.69995	
0.931091	8.69995	
0.926514	8.69965	
0.929565	8.70148	
0.932617	8.69965	
0.931396	8.70056	
0.927124	8.69965	
0.927124	8.69934	
0.928345	8.70117	
0.929871	8.69995	
0.934448	8.70026	
0.931091	8.70026	
0.933228	8.70056	
0.931702	8.70087	
0.932922	8.70087	
0.932007	8.70087	
0.931396	8.70026	
0.935669	8.70056	
0.931702	8.70148	
0.928955	8.70087	
0.927124	8.69995	
0.926514	8.69995	
0.930176	8.70056	
0.925903	8.70056	
0.930481	8.70178	
0.931702	8.70056	
0.931702	8.70117	
0.92804	8.70026	
0.932007	8.70087	
0.929871	8.70087	
0.935974	8.70178	
0.930786	8.70087	
0.930786	8.70056	
0.929871	8.70087	
0.932617	8.70117	
0.92926	8.69965	
0.92804	8.69995	
0.933228	8.70026	
0.928955	8.69965	
0.92926	8.69965	
0.928955	8.69934	
0.927124	8.69965	
0.931091	8.69965	
0.926208	8.69965	
0.931091	8.70026	
0.928345	8.70026	
0.92926	8.69995	
0.927734	8.69965	
0.929565	8.69995	
0.932007	8.69965	
0.92926	8.69934	
0.935364	8.69965	
0.927124	8.69965	
0.930481	8.69965	
0.930176	8.69934	
0.932312	8.69995	
0.929565	8.69934	
0.92865	8.69965	
0.931396	8.69965	
0.92804	8.70026	
0.92926	8.69965	
0.930176	8.69965	
0.933838	8.69934	
0.933228	8.70026	
0.932617	8.70026	
0.927124	8.69934	
0.930176	8.70056	
0.927429	8.69965	
0.92926	8.70026	
0.927124	8.69965	
0.927734	8.70026	
0.928955	8.69965	
0.930176	8.70056	
0.932312	8.69965	
0.929871	8.69904	
0.928955	8.69995	
0.926819	8.69965	
0.931396	8.69904	
0.932007	8.69965	
0.932922	8.69995	
0.933533	8.69934	
0.933838	8.69965	
0.932922	8.69995	
0.935364	8.69934	
0.933228	8.69965	
0.932617	8.70026	
0.933533	8.69904	
0.933533	8.69965	
0.933228	8.69995	
0.933533	8.69965	
0.935974	8.69965	
0.931091	8.69934	
0.931396	8.69965	
0.935669	8.70026	
0.932617	8.69965	
0.931091	8.69934	
0.931091	8.69995	
0.934143	8.69995	
0.932922	8.69995	
0.931396	8.69995	
0.928345	8.69934	
0.932922	8.70026	
0.932922	8.69965	
0.932922	8.69965	
0.936279	8.69995	
0.932312	8.69934	
0.931702	8.69995	
0.936584	8.69995	
0.933838	8.69995	
0.934448	8.69995	
0.929565	8.69965	
0.932312	8.69965	
0.928345	8.69904	
0.929871	8.69873	
0.929871	8.69873	
0.936279	8.69934	
0.934753	8.69965	
0.934448	8.69904	
0.931702	8.69904	
0.92926	8.69873	
0.930481	8.69965	
0.932617	8.69873	
0.92926	8.69873	
0.93689	8.69934	
0.930176	8.69873	
0.931396	8.69934	
0.933533	8.69934	
0.933228	8.69995	
0.92804	8.69934	
0.932922	8.69904	
0.92804	8.69873	
0.935059	8.69965	
0.928955	8.69995	
0.932922	8.69995	
0.933228	8.69934	
0.930786	8.69873	
0.929871	8.69843	
0.931396	8.69904	
0.932007	8.69904	
0.935974	8.69965	
0.933838	8.69843	
0.932922	8.69934	
0.933533	8.69904	
0.930786	8.69873	
0.929871	8.69965	
0.930786	8.69934	
0.931702	8.69965	
0.936279	8.69965	
0.933533	8.69965	
0.934143	8.69934	
0.933533	8.69995	
0.929565	8.69904	
0.933228	8.69934	
0.934143	8.69934	
0.932617	8.69965	
0.930786	8.69934	
0.937195	8.69995	
0.933533	8.69904	
0.929565	8.69904	
0.931396	8.69873	
0.933228	8.69812	
0.928345	8.69873	
0.929871	8.69812	
0.932922	8.69873	
0.931396	8.69843	
0.92926	8.69781	
0.935059	8.69843	
0.934143	8.69873	
0.931702	8.69843	
0.930481	8.69781	
0.935364	8.69904	
0.933533	8.69781	
0.933533	8.69812	
0.92926	8.69812	
0.931702	8.69812	
0.929871	8.69873	
0.934143	8.69843	
0.934143	8.69843	
0.92865	8.69873	
0.931702	8.69873	
0.934448	8.69812	
0.933838	8.69873	
0.929871	8.69904	
0.935974	8.69873	
0.931396	8.69873	
0.934143	8.69812	
0.933533	8.69873	
0.928955	8.69751	
0.936279	8.69934	
0.933533	8.69843	
0.932922	8.69843	
0.928345	8.69812	
0.932617	8.69843	
0.931091	8.69812	
0.930481	8.69812	
0.932922	8.69843	
0.935974	8.69843	
0.933838	8.69781	
0.934143	8.69843	
0.931702	8.69812	
0.934753	8.69873	
0.935669	8.69904	
0.933838	8.69812	
0.930786	8.69873	
0.934448	8.69843	
0.936584	8.69812	
0.934753	8.69781	
0.933228	8.69904	
0.935669	8.69843	
0.935364	8.69873	
0.934753	8.69904	
0.934143	8.69873	
0.929871	8.69843	
0.931396	8.69843	
0.934448	8.69812	
0.933838	8.69873	
0.932922	8.69873	
0.932007	8.69843	
0.932617	8.69873	
0.928955	8.69843	
0.935364	8.69904	
0.935059	8.69812	
0.929871	8.69904	
0.929871	8.69812	
0.933228	8.69904	
0.932312	8.69812	
0.937195	8.69873	
0.934753	8.69873	
0.933228	8.69843	
0.931396	8.69843	
0.934143	8.69843	
0.930786	8.69812	
0.930176	8.69873	
0.932617	8.69843	
0.932617	8.69812	
0.930176	8.69873	
0.934143	8.69781	
0.930481	8.69843	
0.931702	8.69873	
0.933838	8.69873	
0.93689	8.69904	
0.929871	8.69812	
0.932007	8.69812	
0.934143	8.69812	
0.938721	8.69843	
0.935364	8.69812	
0.933533	8.69812	
0.931702	8.69843	
0.932617	8.69843	
0.93811	8.69843	
0.935669	8.69873	
0.934753	8.69812	
0.933838	8.69812	
0.935364	8.69812	
0.929871	8.69843	
0.934143	8.69843	
0.933228	8.69904	
0.9375	8.69781	
0.935059	8.69812	
0.933228	8.69812	
0.930176	8.69781	
0.934143	8.69781	
0.933533	8.69843	
0.933228	8.69873	
0.930481	8.69781	
0.929871	8.69843	
0.934143	8.69812	
0.933533	8.69781	
0.938416	8.69843	
0.934753	8.69812	
0.934753	8.69812	
0.934753	8.69873	
0.931091	8.69751	
0.932922	8.69873	
0.932617	8.69873	
0.933533	8.69843	
0.93811	8.69843	
0.933228	8.69843	
0.934448	8.69812	
0.934753	8.69843	
0.931396	8.69812	
0.930481	8.69843	
0.932922	8.69873	
0.933533	8.69812	
0.93689	8.69751	
0.935669	8.69751	
0.933838	8.69751	
0.934143	8.69843	
0.933838	8.69843	
0.930786	8.6972	
0.931702	8.69781	
0.932922	8.6972	
0.9375	8.69751	
0.932922	8.69781	
0.932922	8.69751	
0.934448	8.6972	
0.932922	8.69751	
0.930176	8.6972	
0.935364	8.6972	
0.933228	8.6972	
0.935364	8.6972	
0.935059	8.69781	
0.931091	8.6969	
0.931091	8.69659	
0.929565	8.69751	
0.934448	8.6972	
0.935974	8.6972	
0.932922	8.6969	
0.932617	8.6972	
0.929871	8.6972	
0.934448	8.6972	
0.929871	8.69781	
0.935364	8.69781	
0.931396	8.69751	
0.934448	8.6969	
0.929565	8.69751	
0.93689	8.69781	
0.935669	8.6969	
0.934753	8.6969	
0.928955	8.69659	
0.933838	8.6972	
0.929871	8.69751	
0.934448	8.6972	
0.934143	8.69812	
0.936584	8.69751	
0.935974	8.6972	
0.935364	8.6972	
0.932617	8.6972	
0.93811	8.69781	
0.936279	8.69812	
0.935669	8.6972	
0.932312	8.6972	
0.930176	8.69751	
0.933228	8.69781	
0.935974	8.69781	
0.935364	8.69629	
0.931396	8.69659	
0.934448	8.6972	
0.930786	8.69781	
0.933228	8.6969	
0.932007	8.6972	
0.934448	8.6972	
0.935669	8.69659	
0.935364	8.6969	
0.930176	8.69629	
0.934143	8.6972	
0.929871	8.69659	
0.932922	8.69751	
0.934753	8.6969	
0.930481	8.6969	
0.930176	8.6969	
0.934143	8.69659	
0.935059	8.69751	
0.92926	8.69659	
0.933228	8.6972	
0.931091	8.69659	
0.935364	8.6972	
0.934448	8.69629	
0.937805	8.6972	
0.935364	8.69659	
0.935364	8.69659	
0.933533	8.69629	
0.938416	8.6969	
0.934448	8.6969	
0.930786	8.6972	
0.935669	8.69659	
0.936279	8.6969	
0.931091	8.69598	
0.932922	8.69598	
0.935059	8.6969	
0.932922	8.6969	
0.933533	8.69781	
0.930481	8.69629	
0.9375	8.69659	
0.935669	8.6969	
0.930786	8.69629	
0.933838	8.69629	
0.935974	8.69629	
0.931091	8.69659	
0.931091	8.69659	
0.933533	8.69537	
0.933533	8.6969	
0.940857	8.6972	
0.934753	8.6972	
0.933838	8.6972	
0.933228	8.69659	
0.933228	8.69629	
0.935669	8.6969	
0.934753	8.69659	
0.935059	8.69629	
0.930481	8.69568	
0.935059	8.69629	
0.931396	8.69659	
0.934143	8.69629	
0.935669	8.69598	
0.93689	8.6969	
0.935669	8.69629	
0.936584	8.69659	
0.932007	8.69568	
0.940552	8.69629	
0.93689	8.69659	
0.936279	8.6969	
0.934143	8.69568	
0.932922	8.69598	
0.931396	8.6969	
0.934448	8.69751	
0.934448	8.6969	
0.933228	8.6972	
0.935364	8.6969	
0.932007	8.6972	
0.934753	8.69629	
0.935974	8.6969	
0.932617	8.6969	
0.932617	8.6969	
0.934143	8.69659	
0.934143	8.6969	
0.936584	8.69659	
0.935059	8.69751	
0.932312	8.6969	
0.933228	8.6969	
0.935364	8.69659	
0.934448	8.6972	
0.931702	8.6969	
0.933838	8.6969	
0.935364	8.69751	
0.931702	8.6972	
0.934448	8.69659	
0.935974	8.69659	
0.936584	8.69629	
0.935059	8.69629	
0.933228	8.69568	
0.938416	8.69659	
0.935669	8.69537	
0.935669	8.69629	
0.930786	8.69629	
0.939331	8.69629	
0.935669	8.6969	
0.931702	8.69598	
0.935669	8.69629	
0.935974	8.69598	
0.933228	8.69629	
0.938416	8.69659	
0.937195	8.69568	
0.935974	8.69568	
0.933533	8.69568	
0.940247	8.69659	
0.93689	8.6972	
0.931702	8.69659	
0.935364	8.6969	
0.935669	8.69659	
0.931396	8.69659	
0.931091	8.69629	
0.934143	8.6969	
0.933533	8.6969	
0.935059	8.69598	
0.935974	8.69659	
0.932617	8.6969	
0.936279	8.69659	
0.936279	8.69598	
0.932007	8.69659	
0.935974	8.69659	
0.935669	8.69629	
0.934753	8.6969	
0.934143	8.69659	
0.939331	8.69659	
0.934448	8.6969	
0.931702	8.6969	
0.936279	8.6972	
0.936584	8.69659	
0.931396	8.69629	
0.932007	8.69568	
0.934448	8.6969	
0.934448	8.69659	
0.931091	8.69659	
0.939636	8.69659	
0.93689	8.69659	
0.934143	8.69659	
0.933838	8.69568	
0.935669	8.69629	
0.938721	8.69659	
0.936279	8.69537	
0.936279	8.69537	
0.935059	8.69537	
0.939636	8.69568	
0.9375	8.69507	
0.935974	8.69537	
0.933228	8.69537	
0.934143	8.69568	
0.940247	8.69629	
0.933533	8.69568	
0.934753	8.69568	
0.935669	8.69598	
0.939026	8.69598	
0.9375	8.69568	
0.932922	8.69537	
0.937195	8.69598	
0.936584	8.69598	
0.934143	8.69629	
0.932007	8.69598	
0.936584	8.69507	
0.936279	8.69568	
0.935364	8.69598	
0.940552	8.69568	
0.935974	8.69568	
0.931702	8.69476	
0.93689	8.69568	
0.935669	8.69476	
0.932922	8.69568	
0.938416	8.69629	
0.937195	8.69507	
0.936584	8.69568	
0.931396	8.69568	
0.935059	8.69598	
0.932617	8.69507	
0.937195	8.69629	
0.93689	8.69537	
0.933533	8.69629	
0.939026	8.69507	
0.9375	8.69537	
0.93689	8.69598	
0.933838	8.69568	
0.940552	8.69568	
0.935974	8.69568	
0.934143	8.69507	
0.936279	8.69476	
0.93689	8.69507	
0.932617	8.69507	
0.939636	8.69568	
0.93689	8.69446	
0.937195	8.69537	
0.935974	8.69507	
0.940247	8.69507	
0.937805	8.69568	
0.93811	8.69568	
0.934448	8.69476	
0.935669	8.69537	
0.939941	8.69598	
0.935364	8.69568	
0.936584	8.69629	
0.935669	8.69629	
0.934143	8.69568	
0.941162	8.69629	
0.937195	8.69507	
0.933533	8.69507	
0.935059	8.69507	
0.935974	8.69598	
0.940857	8.69568	
0.934448	8.69476	
0.937195	8.69568	
0.936279	8.69568	
0.940857	8.69598	
0.93811	8.69598	
0.93811	8.69537	
0.935974	8.69507	
0.935364	8.69568	
0.940552	8.69568	
0.933838	8.69537	
0.935059	8.69598	
0.93689	8.69568	
0.932617	8.69476	
0.941772	8.69537	
0.937805	8.69598	
0.934448	8.69507	
0.933838	8.69507	
0.935059	8.69537	
0.939331	8.69659	
0.93811	8.69537	
0.935364	8.69598	
0.936584	8.69537	
0.938416	8.69598	
0.937805	8.69568	
0.937805	8.69537	
0.932617	8.69629	
0.9375	8.69568	
0.9375	8.69568	
0.935669	8.69537	
0.935364	8.69476	
0.936279	8.69537	
0.93689	8.69507	
0.935364	8.69476	
0.936584	8.69476	
0.935974	8.69476	
0.935669	8.69476	
0.937805	8.69537	
0.936279	8.69507	
0.935669	8.69537	
0.93689	8.69537	
0.935974	8.69537	
0.93689	8.69446	
0.9375	8.69507	
0.93811	8.69507	
0.935974	8.69507	
0.934143	8.69476	
0.939636	8.69537	
0.935364	8.69476	
0.936584	8.69446	
0.934143	8.69507	
0.936279	8.69537	
0.940552	8.69507	
0.933533	8.69537	
0.938721	8.69537	
0.937805	8.69476	
0.935669	8.69537	
0.941772	8.69537	
0.9375	8.69507	
0.935059	8.69598	
0.938721	8.69507	
0.935059	8.69507	
0.933838	8.69537	
0.939636	8.69568	
0.93811	8.69537	
0.935059	8.69476	
0.93689	8.69507	
0.935059	8.69507	
0.937805	8.69537	
0.939026	8.69476	
0.932922	8.69507	
0.938721	8.69293	
0.9375	8.69415	
0.936279	8.69385	
0.932922	8.69385	
0.940552	8.69446	
0.934143	8.69415	
0.936279	8.69446	
0.93811	8.69476	
0.93689	8.69415	
0.937805	8.69354	
0.938721	8.69476	
0.939026	8.69415	
0.934143	8.69476	
0.937805	8.69385	
0.93689	8.69385	
0.93689	8.69415	
0.933838	8.69385	
0.940247	8.69446	
0.935059	8.69446	
0.93689	8.69385	
0.938721	8.69354	
0.933228	8.69354	
0.941162	8.69446	
0.93689	8.69446	
0.933533	8.69385	
0.93811	8.69507	
0.936584	8.69324	
0.933533	8.69446	
0.941162	8.69446	
0.934448	8.69415	
0.935974	8.69415	
0.9375	8.69415	
0.936584	8.69354	
0.938416	8.69507	
0.93689	8.69446	
0.935364	8.69476	
0.938721	8.69354	
0.93811	8.69446	
0.933533	8.69476	
0.939026	8.69415	
0.938721	8.69446	
0.937195	8.69415	
0.936279	8.69354	
0.933533	8.69354	
0.939636	8.69446	
0.940552	8.69415	
0.936584	8.69476	
0.933533	8.69415	
0.93811	8.69415	
0.93689	8.69446	
0.93811	8.69446	
0.936584	8.69476	
0.934143	8.69476	
0.935974	8.69385	
0.937195	8.69446	
0.936584	8.69446	
0.940552	8.69385	
0.93689	8.69476	
0.936584	8.69415	
0.9375	8.69507	
0.935364	8.69415	
0.9375	8.69507	
0.933838	8.69385	
0.940552	8.69415	
0.934753	8.69446	
0.938721	8.69446	
0.938721	8.69385	
0.938721	8.69446	
0.934753	8.69415	
0.942688	8.69476	
0.936279	8.69415	
0.9375	8.69446	
0.933533	8.69476	
0.939636	8.69385	
0.936584	8.69385	
0.93689	8.69415	
0.936279	8.69324	
0.937805	8.69415	
0.93689	8.69415	
0.936584	8.69446	
0.934448	8.69385	
0.940552	8.69415	
0.937805	8.69415	
0.93811	8.69354	
0.937195	8.69446	
0.935974	8.69385	
0.941772	8.69446	
0.936584	8.69415	
0.93811	8.69354	
0.937195	8.69385	
0.936279	8.69385	
0.939026	8.69385	
0.936584	8.69507	
0.934753	8.69385	
0.939331	8.69415	
0.935974	8.69385	
0.937195	8.69415	
0.935669	8.69415	
0.935974	8.69415	
0.939331	8.69415	
0.939331	8.69415	
0.937805	8.69446	
0.941467	8.69446	
0.938721	8.69415	
0.935059	8.69385	
0.939331	8.69476	
0.936584	8.69415	
0.933838	8.69415	
0.941467	8.69354	
0.936279	8.69354	
0.935974	8.69324	
0.938416	8.69385	
0.936584	8.69385	
0.938721	8.69324	
0.936279	8.69415	
0.939331	8.69354	
0.93811	8.69385	
0.93689	8.69385	
0.938416	8.69415	
0.935974	8.69354	
0.938721	8.69385	
0.93811	8.69385	
0.939331	8.69446	
0.937195	8.69415	
0.939026	8.69385	
0.937195	8.69354	
0.935364	8.69354	
0.939026	8.69354	
0.937195	8.69415	
0.938416	8.69446	
0.93811	8.69324	
0.934753	8.69354	
0.939026	8.69354	
0.938721	8.69293	
0.937195	8.69385	
0.941467	8.69385	
0.93689	8.69415	
0.934448	8.69385	
0.939636	8.69446	
0.9375	8.69354	
0.936584	8.69324	
0.939636	8.69415	
0.936279	8.69385	
0.9375	8.69354	
0.938721	8.69385	
0.935364	8.69354	
0.937805	8.69354	
0.9375	8.69354	
0.939331	8.69415	
0.933838	8.69415	
0.939026	8.69446	
0.937195	8.69354	
0.939331	8.69263	
0.9375	8.69354	
0.940552	8.69293	
0.9375	8.69324	
0.940552	8.69263	
0.938721	8.69263	
0.939026	8.69263	
0.9375	8.69354	
0.935364	8.69232	
0.941467	8.69263	
0.939941	8.69324	
0.939941	8.69263	
0.939331	8.69324	
0.938416	8.69232	
0.939331	8.69385	
0.93689	8.69263	
0.940552	8.69354	
0.935669	8.69293	
0.939026	8.69263	
0.937195	8.69202	
0.937805	8.69293	
0.935059	8.69263	
0.943298	8.69263	
0.93811	8.69293	
0.936279	8.69324	
0.940552	8.69324	
0.93811	8.69354	
0.939331	8.69263	
0.937805	8.69324	
0.93689	8.69324	
0.935364	8.69232	
0.937805	8.69232	
0.939636	8.69263	
0.938416	8.69232	
0.942383	8.69324	
0.939941	8.69293	
0.934753	8.69263	
0.940857	8.69263	
0.938721	8.69293	
0.937195	8.69293	
0.940857	8.69293	
0.938416	8.69385	
0.937195	8.69293	
0.939026	8.69324	
0.937805	8.69293	
0.93689	8.69293	
0.942993	8.69415	
0.940857	8.69385	
0.935364	8.69324	
0.940552	8.69354	
0.936279	8.69354	
0.939331	8.69293	
0.934753	8.69354	
0.942078	8.69354	
0.93689	8.69324	
0.937195	8.69293	
0.938721	8.69293	
0.938416	8.69263	
0.939026	8.69354	
0.939026	8.69293	
0.940247	8.69293	
0.9375	8.69324	
0.9375	8.69354	
0.939331	8.69232	
0.936279	8.69232	
0.942383	8.69293	
0.936584	8.69232	
0.938721	8.69232	
0.939941	8.69232	
0.9375	8.69171	
0.939941	8.69171	
0.943298	8.69293	
0.938721	8.69263	
0.935059	8.69263	
0.939941	8.69293	
0.937195	8.69232	
0.939331	8.69293	
0.9375	8.69171	
0.943298	8.69263	
0.940552	8.69263	
0.93689	8.69232	
0.939331	8.69293	
0.934448	8.69171	
0.943909	8.69293	
0.939636	8.69202	
0.93811	8.69263	
0.935364	8.69263	
0.940247	8.69232	
0.93811	8.69263	
0.937195	8.69263	
0.939331	8.69202	
0.935669	8.69232	
0.942688	8.69324	
0.935669	8.69202	
0.941772	8.69263	
0.9375	8.69202	
0.940552	8.69263	
0.939331	8.69232	
0.93811	8.69202	
0.937195	8.69263	
0.942993	8.69263	
0.939026	8.69232	
0.939941	8.69263	
0.936279	8.69202	
0.940857	8.69232	
0.940247	8.69263	
0.93689	8.69263	
0.940247	8.69232	
0.93811	8.69324	
0.935669	8.69232	
0.941467	8.69293	
0.940857	8.69171	
0.939331	8.69263	
0.93811	8.69293	
0.939026	8.69232	
0.941162	8.69263	
0.939026	8.69324	
0.935669	8.69232	
0.941162	8.69232	
0.93689	8.69202	
0.939026	8.69232	
0.936584	8.69202	
0.935974	8.69263	
0.940247	8.69232	
0.939026	8.69232	
0.939636	8.69232	
0.939026	8.69232	
0.934753	8.69141	
0.944214	8.69171	
0.938416	8.69263	
0.935974	8.69202	
0.935974	8.69263	
0.940552	8.69202	
0.937805	8.69232	
0.940857	8.69232	
0.93689	8.69202	
0.935974	8.69202	
0.942078	8.69171	
0.939026	8.69141	
0.9375	8.69232	
0.940247	8.69232	
0.940552	8.69202	
0.939941	8.69263	
0.938416	8.69232	
0.935059	8.69141	
0.941772	8.69232	
0.944214	8.69232	
0.938416	8.69293	
0.941467	8.69202	
0.936279	8.69171	
0.938416	8.69202	
0.940552	8.69293	
0.937805	8.69263	
0.939636	8.69202	
0.939331	8.69263	
0.93811	8.69293	
0.940857	8.69202	
0.9375	8.69232	
0.941467	8.69293	
0.938721	8.69293	
0.935974	8.69293	
0.941467	8.69232	
0.940247	8.69232	
0.940552	8.69293	
0.936279	8.69232	
0.940247	8.69202	
0.940247	8.69263	
0.940247	8.69232	
0.936584	8.69232	
0.943298	8.69232	
0.935974	8.69293	
0.940552	8.69232	
0.939636	8.69232	
0.940247	8.69263	
0.93811	8.69171	
0.93689	8.69324	
0.942078	8.69293	
0.938416	8.69263	
0.941162	8.69263	
0.939941	8.69232	
0.939941	8.69263	
0.9375	8.69202	
0.939636	8.69171	
0.938416	8.6908	
0.942688	8.69232	
0.937195	8.69141	
0.941162	8.69141	
0.940857	8.69171	
0.939026	8.69141	
0.935974	8.69202	
0.939636	8.69202	
0.938721	8.69171	
0.941162	8.69141	
0.935669	8.69171	
0.939331	8.6911	
0.938721	8.69202	
0.940857	8.69202	
0.937805	8.6908	
0.93689	8.69202	
0.942688	8.69141	
0.935974	8.69171	
0.941467	8.69141	
0.939636	8.69141	
0.939331	8.69232	
0.9375	8.69232	
0.943604	8.69263	
0.945435	8.69202	
0.939026	8.69263	
0.939636	8.69232	
0.940552	8.69232	
0.938416	8.69202	
0.940857	8.69232	
0.9375	8.69202	
0.943909	8.69232	
0.937195	8.69263	
0.940552	8.69232	
0.939636	8.69263	
0.940552	8.69202	
0.939331	8.69141	
0.935974	8.69202	
0.943604	8.69171	
0.939941	8.69263	
0.939026	8.69263	
0.941162	8.69202	
0.93689	8.69202	
0.940552	8.69232	
0.939636	8.69263	
0.9375	8.69202	
0.941162	8.69232	
0.936584	8.69232	
0.936584	8.69202	
0.943909	8.69232	
0.937805	8.69171	
0.941467	8.69141	
0.938721	8.6911	
0.939026	8.69171	
0.938416	8.69202	
0.935974	8.69202	
0.941467	8.69202	
0.943298	8.69232	
0.942078	8.69141	
0.9375	8.6911	
0.938416	8.6908	
0.939636	8.69171	
0.939026	8.69202	
0.937195	8.6908	
0.938416	8.69141	
0.937805	8.69141	
0.940552	8.69141	
0.938721	8.6908	
0.941162	8.69171	
0.941162	8.69171	
0.937195	8.6908	
0.93811	8.69049	
0.943909	8.6908	
0.941162	8.69141	
0.939636	8.6908	
0.938416	8.69141	
0.938416	8.69202	
0.939331	8.6911	
0.942078	8.69171	
0.93811	8.6908	
0.941467	8.69141	
0.939941	8.69141	
0.937805	8.69171	
0.938721	8.6908	
0.942688	8.6908	
0.938416	8.69171	
0.9375	8.69141	
0.9375	8.6911	
0.942078	8.69171	
0.939026	8.69141	
0.941162	8.6908	
0.939636	8.69049	
0.93689	8.69049	
0.936584	8.69049	
0.945435	8.69202	
0.941772	8.69202	
0.942993	8.6911	
0.936584	8.6911	
0.939636	8.6911	
0.941772	8.69141	
0.942078	8.6911	
0.938416	8.69141	
0.942078	8.6911	
0.941772	8.6911	
0.941772	8.69202	
0.941467	8.6908	
0.941772	8.69141	
0.940857	8.69141	
0.940552	8.6911	
0.940552	8.69171	
0.939636	8.69141	
0.940247	8.69141	
0.9375	8.69049	
0.943604	8.69171	
0.941162	8.69141	
0.9375	8.69141	
0.939636	8.69049	
0.940247	8.6908	
0.941772	8.6908	
0.941467	8.69049	
0.940247	8.6908	
0.935974	8.69019	
0.943909	8.69141	
0.939331	8.6908	
0.941467	8.69049	
0.941467	8.6908	
0.93689	8.68958	
0.93689	8.69019	
0.938416	8.69019	
0.939636	8.69049	
0.942078	8.6908	
0.937805	8.6911	
0.940857	8.6911	
0.941467	8.6911	
0.940552	8.6908	
0.93689	8.69049	
0.940247	8.6908	
0.936279	8.69049	
0.941467	8.6908	
0.941772	8.69171	
0.941467	8.6911	
0.939331	8.6911	
0.941467	8.6911	
0.939026	8.6911	
0.938416	8.69141	
0.9375	8.6908	
0.944824	8.69141	
0.944824	8.69141	
0.941772	8.69141	
0.939941	8.69202	
0.940857	8.6911	
0.942383	8.69171	
0.938721	8.6908	
0.93689	8.6908	
0.937195	8.6908	
0.93689	8.69141	
0.938721	8.6911	
0.940857	8.69171	
0.93811	8.69141	
0.940552	8.69171	
0.941772	8.69171	
0.941467	8.6908	
0.937195	8.69049	
0.93689	8.69171	
0.942383	8.6911	
0.944519	8.69171	
0.93689	8.6911	
0.937805	8.6908	
0.939331	8.69141	
0.942078	8.69202	
0.940857	8.69141	
0.941467	8.69141	
0.941467	8.69141	
0.941162	8.69202	
0.940552	8.6911	
0.940247	8.69202	
0.940247	8.69141	
0.941467	8.68958	
0.945129	8.69049	
0.939636	8.69141	
0.940552	8.6908	
0.941162	8.69019	
0.942078	8.69019	
0.936279	8.69049	
0.9375	8.68988	
0.942688	8.6911	
0.941162	8.6908	
0.939636	8.68988	
0.940247	8.69019	
0.941467	8.69049	
0.941467	8.6908	
0.941467	8.68988	
0.941772	8.69049	
0.941467	8.69049	
0.941772	8.6908	
0.941162	8.68988	
0.940552	8.69049	
0.937195	8.69019	
0.937805	8.69019	
0.944519	8.69049	
0.942993	8.69049	
0.939941	8.68988	
0.937805	8.69019	
0.942383	8.69019	
0.942688	8.6911	
0.940857	8.68988	
0.942383	8.6908	
0.941162	8.6911	
0.939636	8.6908	
0.938721	8.69049	
0.937805	8.6908	
0.94696	8.69019	
0.940247	8.6908	
0.943298	8.69049	
0.941467	8.69049	
0.942993	8.6911	
0.93689	8.6911	
0.939636	8.69049	
0.939331	8.69019	
0.943604	8.69049	
0.943298	8.6908	
0.940552	8.6908	
0.938416	8.69049	
0.942383	8.6908	
0.942688	8.69019	
0.942078	8.69049	
0.941467	8.69019	
0.941772	8.68988	
0.941772	8.69019	
0.942383	8.69019	
0.941772	8.68927	
0.940247	8.69019	
0.938416	8.68988	
0.93689	8.68927	
0.942383	8.68988	
0.944824	8.69019	
0.942078	8.68896	
0.942688	8.68988	
0.943604	8.68988	
0.942993	8.69049	
0.945129	8.68988	
0.940857	8.69019	
0.944824	8.69019	
0.939331	8.68958	
0.943298	8.69049	
0.941772	8.68988	
0.938721	8.68988	
0.941162	8.68988	
0.944824	8.68958	
0.93811	8.68988	
0.939026	8.68927	
0.938721	8.68988	
0.938416	8.68896	
0.941467	8.69019	
0.939941	8.69019	
0.944824	8.68866	
0.944519	8.68927	
0.941162	8.68988	
0.945435	8.68988	
0.938416	8.69019	
0.93811	8.69049	
0.941467	8.69019	
0.942993	8.68958	
0.941162	8.68927	
0.940247	8.68988	
0.942688	8.69019	
0.942688	8.68958	
0.941162	8.68988	
0.941162	8.69019	
0.940247	8.68927	
0.938721	8.69019	
0.942383	8.68927	
0.946045	8.69019	
0.94635	8.68958	
0.939941	8.6908	
0.944519	8.68988	
0.939331	8.69019	
0.937805	8.68866	
0.939636	8.69019	
0.939636	8.69019	
0.942993	8.68988	
0.943909	8.68988	
0.940857	8.68988	
0.941467	8.68958	
0.939331	8.68958	
0.941772	8.68988	
0.942688	8.69049	
0.942078	8.69049	
0.941467	8.68927	
0.940552	8.68988	
0.938416	8.68988	
0.941467	8.68988	
0.940247	8.69019	
0.942688	8.69019	
0.939941	8.6908	
0.93811	8.68988	
0.942688	8.6908	
0.943604	8.68988	
0.942383	8.68988	
0.940247	8.68988	
0.942383	8.68927	
0.942993	8.69019	
0.943298	8.69049	
0.942993	8.68958	
0.943298	8.68958	
0.941162	8.68927	
0.940552	8.68958	
0.937805	8.68958	
0.943909	8.68958	
0.947266	8.68896	
0.945129	8.68988	
0.94696	8.68927	
0.947266	8.69049	
0.946655	8.68927	
0.947876	8.69019	
0.94574	8.68958	
0.943604	8.68958	
0.941772	8.68958	
0.943909	8.69019	
0.943604	8.68988	
0.944214	8.69019	
0.938416	8.68988	
0.938721	8.69019	
0.938416	8.68958	
0.93811	8.69019	
0.939331	8.68988	
0.937805	8.69019	
0.941772	8.68958	
0.944214	8.68988	
0.943909	8.69019	
0.942688	8.69019	
0.944214	8.68988	
0.942688	8.69019	
0.942993	8.68988	
0.940552	8.69019	
0.942688	8.69019	
0.943298	8.68927	
0.943604	8.69049	
0.942993	8.68988	
0.942383	8.68958	
0.942688	8.69049	
0.942688	8.69049	
0.941467	8.68988	
0.938721	8.69019	
0.943298	8.68927	
0.945435	8.68988	
0.943604	8.68988	
0.941467	8.69019	
0.939026	8.68927	
0.942383	8.68927	
0.942688	8.68988	
0.940552	8.68988	
0.941772	8.68988	
0.943298	8.68958	
0.943298	8.68988	
0.943298	8.68988	
0.943604	8.69049	
0.942993	8.69019	
0.943604	8.68927	
0.943604	8.69049	
0.943604	8.68988	
0.942993	8.68896	
0.943298	8.68896	
0.942993	8.68896	
0.943298	8.68927	
0.942688	8.68896	
0.943604	8.68927	
0.940857	8.68927	
0.940857	8.68866	
0.942078	8.68958	
0.942078	8.68927	
0.941467	8.68927	
0.941772	8.68988	
0.938416	8.68958	
0.938721	8.68927	
0.944214	8.68988	
0.945435	8.68927	
0.941162	8.68988	
0.942688	8.68927	
0.940247	8.68988	
0.940857	8.68988	
0.942383	8.68927	
0.944519	8.68988	
0.943909	8.68958	
0.943909	8.69019	
0.939941	8.68958	
0.938416	8.68958	
0.937805	8.69019	
0.938416	8.68958	
0.939331	8.69019	
0.941772	8.68927	
0.944519	8.68896	
0.941467	8.69019	
0.940247	8.69019	
0.940247	8.68866	
0.943298	8.68896	
0.943298	8.68896	
0.942993	8.68958	
0.942993	8.68927	
0.943604	8.68958	
0.942993	8.68927	
0.941467	8.69019	
0.938416	8.68927	
0.938721	8.68927	
0.939026	8.68958	
0.938721	8.68958	
0.941772	8.68927	
0.94696	8.69019	
0.944214	8.68958	
0.942688	8.68988	
0.941467	8.69019	
0.943909	8.68958	
0.943298	8.68896	
0.943298	8.68927	
0.942993	8.68988	
0.946045	8.68958	
0.939941	8.68958	
0.945435	8.68958	
0.944519	8.68958	
0.94635	8.68896	
0.943909	8.68866	
0.940857	8.68988	
0.941162	8.68927	
0.94696	8.69019	
0.942993	8.69019	
0.941162	8.69019	
0.946655	8.68958	
0.946045	8.68927	
0.947876	8.68958	
0.942688	8.68958	
0.945129	8.68958	
0.94696	8.68988	
0.941772	8.68927	
0.946655	8.68866	
0.942993	8.68866	
0.942688	8.68866	
0.939941	8.68835	
0.943604	8.68927	
0.945129	8.68866	
0.94574	8.68896	
0.941162	8.68835	
0.945129	8.68866	
0.944214	8.68835	
0.943604	8.68927	
0.943604	8.68866	
0.943909	8.68866	
0.942993	8.68927	
0.943604	8.68866	
0.943909	8.68866	
0.94574	8.68805	
0.944824	8.68896	
0.94635	8.68896	
0.944824	8.68866	
0.942688	8.68866	
0.943909	8.68866	
0.94574	8.68927	
0.943604	8.68896	
0.944214	8.68805	
0.940247	8.68866	
0.945129	8.68866	
0.946045	8.68835	
0.939636	8.68896	
0.942993	8.68896	
0.942078	8.68896	
0.939331	8.68866	
0.944824	8.68866	
0.943604	8.68866	
0.944214	8.68835	
0.941162	8.68805	
0.940552	8.68896	
0.946655	8.68927	
0.941772	8.68866	
0.94574	8.68866	
0.939636	8.68866	
0.943909	8.68896	
0.946045	8.68896	
0.946045	8.68835	
0.943909	8.68835	
0.945435	8.68835	
0.941772	8.68927	
0.942383	8.68896	
0.944519	8.68835	
0.946045	8.68896	
0.939636	8.68866	
0.940552	8.68835	
0.942688	8.68896	
0.943909	8.68835	
0.945129	8.68866	
0.942383	8.68835	
0.944214	8.68835	
0.944214	8.68896	
0.944214	8.68927	
0.941772	8.68866	
0.944519	8.68927	
0.944214	8.68958	
0.940552	8.68866	
0.942993	8.68896	
0.943604	8.68805	
0.944214	8.68896	
0.944519	8.68866	
0.944519	8.68866	
0.942993	8.68958	
0.945129	8.68896	
0.944519	8.68927	
0.943604	8.68896	
0.944519	8.68835	
0.943604	8.68805	
0.945435	8.68835	
0.943909	8.68774	
0.944824	8.68835	
0.944824	8.68866	
0.944519	8.68835	
0.942993	8.68835	
0.945129	8.68835	
0.945129	8.68835	
0.943909	8.68744	
0.944214	8.68866	
0.944824	8.68835	
0.944214	8.68805	
0.944824	8.68805	
0.945435	8.68835	
0.944519	8.68896	
0.942993	8.68835	
0.944214	8.68774	
0.945129	8.68866	
0.944824	8.68805	
0.944519	8.68744	
0.945129	8.68774	
0.945129	8.68835	
0.944824	8.68866	
0.944519	8.68805	
0.944824	8.68835	
0.944824	8.68805	
0.944214	8.68805	
0.944214	8.68835	
0.944824	8.68896	
0.944519	8.68805	
0.944824	8.68805	
0.945129	8.68835	
0.944519	8.68866	
0.943909	8.68805	
0.942383	8.68835	
0.944519	8.68835	
0.943909	8.68866	
0.944824	8.68866	
0.943604	8.68805	
0.942688	8.68896	
0.945129	8.68835	
0.945129	8.68805	
0.943604	8.68805	
0.943909	8.68774	
0.944214	8.68835	
0.943909	8.68866	
0.944214	8.68805	
0.944214	8.68805	
0.944214	8.68866	
0.944214	8.68866	
0.944214	8.68835	
0.942993	8.68866	
0.943909	8.68866	
0.944824	8.68835	
0.943604	8.68866	
0.942383	8.68805	
0.943604	8.68866	
0.943909	8.68805	
0.943909	8.68896	
0.943909	8.68866	
0.943909	8.68866	
0.944519	8.68896	
0.942688	8.68835	
0.943909	8.68866	
0.944519	8.68958	
0.944824	8.68805	
0.944519	8.68805	
0.944824	8.68835	
0.943298	8.68866	
0.942993	8.68896	
0.942383	8.68835	
0.943909	8.68927	
0.941772	8.68866	
0.942383	8.68866	
0.943298	8.68805	
0.942993	8.68835	
0.942993	8.68774	
0.943298	8.68744	
0.942993	8.68774	
0.941467	8.68744	
0.941467	8.68744	
0.947571	8.68866	
0.948181	8.68805	
0.94696	8.68805	
0.947266	8.68835	
0.945129	8.68866	
0.94696	8.68835	
0.944824	8.68774	
0.947876	8.68805	
0.943909	8.68805	
0.948792	8.68866	
0.946045	8.68835	
0.948181	8.68805	
0.94696	8.68835	
0.947571	8.68866	
0.946655	8.68835	
0.943909	8.68713	
0.946045	8.68896	
0.94696	8.68866	
0.94574	8.68805	
0.94696	8.68835	
0.942993	8.68835	
0.943909	8.68805	
0.947571	8.68896	
0.942688	8.68896	
0.943298	8.68805	
0.948181	8.68866	
0.947571	8.68866	
0.947876	8.68805	
0.947266	8.68866	
0.944214	8.68805	
0.94635	8.68805	
0.947571	8.68866	
0.945435	8.68866	
0.946655	8.68805	
0.945435	8.68774	
0.944519	8.68805	
0.942078	8.68835	
0.944214	8.68805	
0.944519	8.68744	
0.94574	8.68774	
0.941467	8.68805	
0.946045	8.68866	
0.943909	8.68774	
0.94635	8.68835	
0.948181	8.68774	
0.945435	8.68744	
0.940552	8.68866	
0.947266	8.68866	
0.944519	8.68805	
0.94574	8.68866	
0.94574	8.68774	
0.94696	8.68866	
0.947876	8.68835	
0.945129	8.68866	
0.944214	8.68774	
0.946045	8.68774	
0.943604	8.68805	
0.946655	8.68774	
0.947876	8.68866	
0.941772	8.68835	
0.948792	8.68805	
0.942993	8.68835	
0.94574	8.68835	
0.947571	8.68866	
0.949402	8.68805	
0.94635	8.68835	
0.94574	8.68835	
0.944214	8.68774	
0.947876	8.68835	
0.94574	8.68866	
0.946655	8.68744	
0.942688	8.68805	
0.949097	8.68683	
0.947266	8.68774	
0.940857	8.68744	
0.947876	8.68774	
0.942383	8.68683	
0.948181	8.68774	
0.946045	8.68713	
0.948792	8.68774	
0.944214	8.68805	
0.94635	8.68744	
0.943298	8.68774	
0.946655	8.68744	
0.94635	8.68744	
0.944519	8.68805	
0.943604	8.68744	
0.943604	8.68774	
0.943909	8.68744	
0.944519	8.68713	
0.943909	8.68774	
0.943604	8.68713	
0.942993	8.68774	
0.943604	8.68744	
0.944214	8.68774	
0.945129	8.68744	
0.943298	8.68744	
0.944519	8.68744	
0.944214	8.68744	
0.944519	8.68835	
0.943604	8.68744	
0.944519	8.68713	
0.945129	8.68805	
0.945129	8.68744	
0.944824	8.68713	
0.944519	8.68774	
0.945435	8.68683	
0.945129	8.68774	
0.943604	8.68774	
0.945435	8.68744	
0.944824	8.68805	
0.946045	8.68805	
0.943909	8.68774	
0.944824	8.68744	
0.944214	8.68774	
0.943604	8.68805	
0.944519	8.68774	
0.94574	8.68744	
0.944519	8.68774	
0.944519	8.68835	
0.946045	8.68835	
0.943909	8.68713	
0.944519	8.68774	
0.944519	8.68805	
0.944824	8.68774	
0.944824	8.68866	
0.945435	8.68805	
0.945129	8.68805	
0.943909	8.68713	
0.945435	8.68774	
0.94574	8.68774	
0.945435	8.68805	
0.945435	8.68744	
0.943298	8.68805	
0.944214	8.68805	
0.944214	8.68774	
0.942993	8.68866	
0.944519	8.68774	
0.942688	8.68744	
0.944519	8.68835	
0.945435	8.68744	
0.942383	8.68805	
0.946045	8.68805	
0.946045	8.68713	
0.942688	8.68805	
0.941772	8.68744	
0.945435	8.68805	
0.948486	8.68774	
0.945435	8.68774	
0.948486	8.68683	
0.94574	8.68713	
0.948792	8.68744	
0.949097	8.68713	
0.94635	8.68683	
0.947571	8.68774	
0.947876	8.68683	
0.948181	8.68652	
0.944824	8.68713	
0.944214	8.68713	
0.946655	8.68774	
0.948486	8.68683	
0.943298	8.68683	
0.946045	8.68683	
0.948181	8.68805	
0.94574	8.68713	
0.948181	8.68744	
0.94635	8.68774	
0.94696	8.68744	
0.947876	8.68774	
0.948792	8.68713	
0.94635	8.68683	
0.947571	8.68683	
0.94574	8.68622	
0.947571	8.68774	
0.948181	8.68683	
0.948486	8.68683	
0.94696	8.68713	
0.947876	8.68683	
0.94574	8.68683	
0.947571	8.68713	
0.948792	8.68713	
0.946655	8.68744	
0.942383	8.68713	
0.94696	8.68683	
0.948792	8.68744	
0.946045	8.68683	
0.948486	8.68774	
0.948181	8.68744	
0.948486	8.68713	
0.94635	8.68713	
0.946655	8.68744	
0.948486	8.68713	
0.947876	8.68713	
0.948181	8.68713	
0.948486	8.68774	
0.944519	8.68744	
0.948486	8.68683	
0.948486	8.68744	
0.941162	8.68652	
0.941467	8.68683	
0.940857	8.68713	
0.942993	8.68713	
0.94574	8.68713	
0.945129	8.68713	
0.943909	8.68652	
0.944214	8.68713	
0.945129	8.68652	
0.944519	8.68744	
0.944519	8.68683	
0.943604	8.68683	
0.942688	8.68652	
0.946045	8.68652	
0.943298	8.68744	
0.940552	8.68683	
0.943909	8.68683	
0.946655	8.68683	
0.941772	8.68683	
0.946045	8.68683	
0.941772	8.68622	
0.939636	8.68683	
0.943604	8.68774	
0.943604	8.68713	
0.945129	8.68652	
0.944824	8.68683	
0.943909	8.68683	
0.942688	8.68713	
0.941162	8.68744	
0.942688	8.68713	
0.947571	8.68713	
0.947876	8.68744	
0.948486	8.68744	
0.948792	8.68805	
0.947876	8.68774	
0.940552	8.68652	
0.943909	8.68652	
0.944824	8.68683	
0.945435	8.68652	
0.943909	8.68713	
0.943604	8.68744	
0.945129	8.68652	
0.940552	8.68744	
0.941772	8.68744	
0.945435	8.68744	
0.944214	8.68744	
0.94635	8.68713	
0.945129	8.68774	
0.942688	8.68683	
0.945129	8.68713	
0.939941	8.68713	
0.946045	8.68744	
0.944824	8.68683	
0.940552	8.68652	
0.943604	8.68713	
0.945129	8.68713	
0.946045	8.68774	
0.944519	8.68713	
0.944824	8.68744	
0.946045	8.68744	
0.943604	8.68744	
0.944824	8.68713	
0.947876	8.68744	
0.947571	8.68774	
0.94574	8.68683	
0.939941	8.68744	
0.941162	8.68774	
0.942078	8.68744	
0.945435	8.68744	
0.94574	8.68774	
0.943298	8.68683	
0.942688	8.68713	
0.94696	8.68774	
0.943909	8.68744	
0.940247	8.68713	
0.943604	8.68744	
0.941162	8.68774	
0.942688	8.68683	
0.940857	8.68713	
0.942993	8.68713	
0.940857	8.68683	
0.942078	8.68683	
0.941772	8.68652	
0.943604	8.68744	
0.942078	8.68683	
0.944519	8.68744	
0.945129	8.68683	
0.944214	8.68683	
0.948486	8.68713	
0.948181	8.68622	
0.94696	8.68744	
0.943909	8.68591	
0.94635	8.68713	
0.939636	8.68713	
0.944824	8.68713	
0.944824	8.68744	
0.944519	8.68652	
0.943298	8.68713	
0.943909	8.68713	
0.945129	8.68683	
0.944519	8.68744	
0.945435	8.68683	
0.948792	8.68744	
0.949402	8.68744	
0.948181	8.68683	
0.944519	8.68713	
0.941772	8.68713	
0.946045	8.68713	
0.94574	8.68713	
0.945129	8.68713	
0.944214	8.68713	
0.947266	8.68713	
0.941467	8.68652	
0.943604	8.68713	
0.94635	8.68744	
0.943909	8.68713	
0.94574	8.68652	
0.940552	8.68713	
0.942993	8.68683	
0.943909	8.68652	
0.94574	8.68683	
0.943298	8.68683	
0.943909	8.68744	
0.945129	8.68713	
0.944824	8.68713	
0.944214	8.68713	
0.943909	8.68652	
0.943909	8.68713	
0.941467	8.68652	
0.948792	8.68713	
0.948792	8.68774	
0.948792	8.68713	
0.948792	8.68713	
0.941162	8.68744	
0.942993	8.68713	
0.94574	8.68683	
0.944824	8.68713	
0.945435	8.68683	
0.943909	8.68652	
0.945129	8.68652	
0.945129	8.68713	
0.943909	8.68744	
0.943909	8.68744	
0.944519	8.68652	
0.944519	8.68713	
0.944824	8.68713	
0.945129	8.68683	
0.947571	8.68652	
0.941772	8.68622	
0.941162	8.68591	
0.941467	8.68561	
0.94635	8.68591	
0.94574	8.68591	
0.944824	8.68591	
0.950317	8.68652	
0.944519	8.68652	
0.945435	8.68561	
0.942688	8.68652	
0.944214	8.68683	
0.944214	8.68652	
0.94635	8.68591	
0.944214	8.68591	
0.945435	8.68591	
0.943604	8.68652	
0.945129	8.68683	
0.947266	8.68683	
0.949402	8.68622	
0.941467	8.6853	
0.944214	8.68591	
0.94635	8.68591	
0.943604	8.68622	
0.943604	8.68652	
0.947266	8.68652	
0.94574	8.68591	
0.944214	8.68622	
0.942383	8.6853	
0.941162	8.68591	
0.941772	8.68622	
0.942993	8.68622	
0.942383	8.68683	
0.941467	8.68683	
0.944214	8.68622	
0.942078	8.68591	
0.943604	8.68591	
0.941467	8.68622	
0.941467	8.68591	
0.942383	8.68622	
0.94574	8.68683	
0.943909	8.68683	
0.943909	8.68622	
0.949707	8.68652	
0.947266	8.68652	
0.941772	8.68622	
0.943298	8.68713	
0.946045	8.68591	
0.946045	8.68713	
0.941772	8.68622	
0.948486	8.68652	
0.946045	8.68744	
0.944824	8.68561	
0.942383	8.68622	
0.942993	8.68683	
0.945435	8.68591	
0.945435	8.68683	
0.94574	8.68652	
0.946045	8.68622	
0.945435	8.68683	
0.945129	8.68744	
0.94574	8.68683	
0.944824	8.68652	
0.945435	8.68622	
0.943909	8.68652	
0.942688	8.68652	
0.948486	8.68622	
0.949402	8.68683	
0.948181	8.68683	
0.948792	8.68652	
0.943604	8.68652	
0.945435	8.68713	
0.94635	8.68622	
0.945129	8.68652	
0.943604	8.68713	
0.943604	8.68652	
0.945435	8.68683	
0.947571	8.68713	
0.941772	8.68683	
0.943604	8.68683	
0.946045	8.68683	
0.945129	8.68683	
0.946045	8.68683	
0.943909	8.68622	
0.946045	8.68561	
0.943298	8.68561	
0.950012	8.6853	
0.943909	8.68622	
0.942688	8.6853	
0.948792	8.68591	
0.942993	8.68591	
0.94696	8.68591	
0.940857	8.68561	
0.944214	8.68591	
0.945435	8.68622	
0.945129	8.685	
0.946045	8.685	
0.94635	8.68591	
0.943909	8.68561	
0.946655	8.6853	
0.944214	8.68591	
0.945129	8.68561	
0.945129	8.68622	
0.943604	8.68561	
0.945435	8.6853	
0.944824	8.68622	
0.94696	8.68561	
0.942383	8.6853	
0.945129	8.68591	
0.948792	8.68591	
0.948792	8.68652	
0.949402	8.68561	
0.94696	8.68591	
0.944214	8.68591	
0.94696	8.68591	
0.945435	8.68652	
0.944519	8.68591	
0.94635	8.68561	
0.942078	8.68591	
0.942383	8.68561	
0.947266	8.68591	
0.94635	8.68591	
0.950928	8.68561	
0.946045	8.6853	
0.941772	8.68561	
0.945129	8.68591	
0.94574	8.68561	
0.946045	8.68561	
0.946655	8.68622	
0.944214	8.68561	
0.94635	8.68622	
0.944214	8.68591	
0.949097	8.68591	
0.950012	8.68591	
0.949402	8.68652	
0.943298	8.68622	
0.94635	8.6853	
0.944519	8.68561	
0.944214	8.68561	
0.94574	8.6853	
0.942993	8.68561	
0.943604	8.68652	
0.94574	8.68622	
0.94635	8.685	
0.944824	8.68561	
0.94635	8.68561	
0.944824	8.68591	
0.946655	8.68561	
0.943909	8.68561	
0.944214	8.68561	
0.944214	8.68591	
0.947266	8.68591	
0.947266	8.68561	
0.944519	8.68591	
0.942993	8.68652	
0.948792	8.68622	
0.950317	8.68591	
0.950928	8.68622	
0.94635	8.68561	
0.942383	8.6853	
0.94696	8.68652	
0.945435	8.68561	
0.944824	8.68591	
0.947571	8.68652	
0.942688	8.68591	
0.944824	8.68591	
0.945129	8.68652	
0.949402	8.68622	
0.948181	8.6853	
0.944519	8.68591	
0.948792	8.68652	
0.945129	8.68683	
0.942688	8.68622	
0.943909	8.68622	
0.944824	8.68622	
0.947571	8.68591	
0.944824	8.68652	
0.946045	8.68591	
0.942993	8.68622	
0.945435	8.68652	
0.950623	8.68561	
0.943909	8.68561	
0.947266	8.68591	
0.947571	8.68652	
0.947266	8.68561	
0.942688	8.68561	
0.94635	8.68622	
0.946655	8.68652	
0.943604	8.68561	
0.94574	8.68652	
0.947571	8.68622	
0.945129	8.68622	
0.947571	8.68652	
0.943298	8.68591	
0.948792	8.68591	
0.943909	8.68622	
0.947266	8.68591	
0.945435	8.68591	
0.949097	8.68591	
0.942993	8.68683	
0.943909	8.68591	
0.94574	8.68713	
0.951538	8.68561	
0.944824	8.68591	
0.94574	8.68561	
0.945435	8.6853	
0.946655	8.68591	
0.945435	8.6853	
0.947876	8.68622	
0.942688	8.68652	
0.950012	8.68622	
0.943604	8.6853	
0.94635	8.68561	
0.947571	8.68591	
0.944824	8.68683	
0.946045	8.68561	
0.94635	8.68591	
0.950012	8.68591	
0.944214	8.6853	
0.943298	8.68561	
0.945129	8.68591	
0.945129	8.68561	
0.947266	8.68652	
0.944519	8.68591	
0.948181	8.68591	
0.942993	8.68561	
0.950012	8.68591	
0.942993	8.6853	
0.947876	8.68469	
0.94635	8.68591	
0.94574	8.68561	
0.944519	8.68591	
0.948792	8.6853	
0.944214	8.68622	
0.947266	8.68591	
0.950623	8.6853	
0.946655	8.68561	
0.94635	8.6853	
0.945435	8.68622	
0.94635	8.68591	
0.94696	8.68591	
0.945129	8.68652	
0.950317	8.68622	
0.943909	8.68561	
0.946655	8.68622	
0.944214	8.68591	
0.948486	8.68683	
0.94635	8.68591	
0.942993	8.68561	
0.946045	8.68561	
0.950012	8.68591	
0.942688	8.68561	
0.94574	8.68652	
0.947266	8.68561	
0.94635	8.68591	
0.948486	8.685	
0.950012	8.68591	
0.949402	8.6853	
0.947571	8.68591	
0.945435	8.685	
0.94574	8.685	
0.946045	8.68622	
0.944519	8.68652	
0.94696	8.68622	
0.94696	8.68622	
0.946045	8.68591	
0.941772	8.68561	
0.945129	8.68561	
0.944824	8.6853	
0.946045	8.68652	
0.949402	8.68622	
0.942688	8.68561	
0.945435	8.68591	
0.945435	8.6853	
0.947266	8.6853	
0.944519	8.6853	
0.947571	8.68591	
0.942688	8.68591	
0.94635	8.68591	
0.946045	8.68561	
0.951233	8.68591	
0.942993	8.68561	
0.946045	8.68622	
0.947571	8.68622	
0.947266	8.68652	
0.945435	8.68591	
0.950623	8.68683	
0.943298	8.68622	
0.947571	8.68561	
0.945129	8.6853	
0.94696	8.6853	
0.947876	8.68469	
0.942993	8.685	
0.943909	8.68469	
0.948181	8.68469	
0.950928	8.6853	
0.945129	8.68439	
0.946045	8.6853	
0.947876	8.68469	
0.946045	8.685	
0.947876	8.68469	
0.950623	8.685	
0.944214	8.685	
0.946045	8.685	
0.946045	8.68561	
0.947266	8.685	
0.947266	8.6853	
0.947571	8.68561	
0.941467	8.685	
0.947876	8.68469	
0.946045	8.68439	
0.947266	8.68469	
0.948792	8.6853	
0.943909	8.6853	
0.946655	8.6853	
0.944214	8.68439	
0.947876	8.6853	
0.942383	8.68561	
0.944214	8.685	
0.946045	8.68622	
0.94696	8.685	
0.945129	8.6853	
0.942078	8.6853	
0.946045	8.6853	
0.948181	8.6853	
0.945435	8.6853	
0.948486	8.685	
0.949402	8.685	
0.943909	8.6853	
0.947266	8.68561	
0.945129	8.68561	
0.948792	8.6853	
0.944214	8.6853	
0.948792	8.6853	
0.947266	8.68561	
0.94574	8.685	
0.946655	8.68561	
0.946655	8.6853	
0.948792	8.6853	
0.951233	8.685	
0.949097	8.68561	
0.945129	8.6853	
0.947266	8.6853	
0.944824	8.68561	
0.947876	8.6853	
0.943604	8.68622	
0.946045	8.68561	
0.94696	8.6853	
0.946045	8.68561	
0.94635	8.6853	
0.947266	8.6853	
0.943298	8.685	
0.951538	8.685	
0.946655	8.685	
0.94635	8.68561	
0.948181	8.6853	
0.947571	8.6853	
0.94574	8.68591	
0.94574	8.6853	
0.951843	8.685	
0.942383	8.685	
0.94574	8.6853	
0.94574	8.685	
0.947876	8.68469	
0.950928	8.68591	
0.950928	8.685	
0.947876	8.6853	
0.94696	8.685	
0.949097	8.68408	
0.943604	8.685	
0.947266	8.68591	
0.945435	8.685	
0.943909	8.6853	
0.948486	8.68561	
0.94574	8.685	
0.942993	8.685	
0.94696	8.685	
0.946045	8.68591	
0.945435	8.68469	
0.947876	8.6853	
0.948486	8.6853	
0.947571	8.68561	
0.943298	8.685	
0.946045	8.6853	
0.94696	8.68591	
0.948486	8.68561	
0.950012	8.685	
0.951538	8.685	
0.944214	8.68469	
0.948792	8.68561	
0.947571	8.68561	
0.94574	8.68561	
0.946045	8.68469	
0.948792	8.68561	
0.952454	8.6853	
0.942688	8.68561	
0.946655	8.6853	
0.944824	8.68652	
0.947876	8.68591	
0.951538	8.6853	
0.946655	8.68591	
0.947266	8.6853	
0.948486	8.68591	
0.942688	8.68561	
0.94696	8.68591	
0.944214	8.6853	
0.94635	8.68591	
0.948181	8.6853	
0.944214	8.68652	
0.946045	8.68591	
0.950928	8.68561	
0.944519	8.685	
0.946655	8.68469	
0.945129	8.685	
0.949402	8.68439	
0.947876	8.685	
0.952454	8.6853	
0.943298	8.68469	
0.947876	8.68439	
0.948792	8.685	
0.949707	8.68561	
0.94635	8.68439	
0.94574	8.685	
0.948181	8.685	
0.946655	8.68469	
0.942993	8.685	
0.948181	8.6853	
0.947266	8.68561	
0.944519	8.68469	
0.952148	8.685	
0.947876	8.685	
0.946655	8.685	
0.949402	8.6853	
0.943604	8.685	
0.948486	8.6853	
0.942993	8.685	
0.949097	8.6853	
0.944824	8.685	
0.94635	8.68439	
0.947571	8.68469	
0.94635	8.68378	
0.94574	8.68469	
0.947571	8.685	
0.949402	8.685	
0.94574	8.68469	
0.94696	8.68469	
0.942993	8.68469	
0.94635	8.685	
0.94696	8.68439	
0.949097	8.685	
0.948486	8.685	
0.943909	8.685	
0.946045	8.685	
0.948181	8.68469	
0.943909	8.685	
0.946045	8.6853	
0.947266	8.6853	
0.947876	8.68408	
0.946655	8.68469	
0.943604	8.68469	
0.945435	8.6853	
0.948486	8.6853	
0.947266	8.68469	
0.949402	8.6853	
0.943909	8.68439	
0.94696	8.6853	
0.94696	8.685	
0.94696	8.6853	
0.94635	8.6853	
0.948181	8.685	
0.951538	8.685	
0.94635	8.6853	
0.94574	8.6853	
0.949097	8.68591	
0.948181	8.6853	
0.947876	8.685	
0.94696	8.68439	
0.948181	8.68439	
0.946045	8.68469	
0.947266	8.68439	
0.950928	8.6853	
0.944519	8.68469	
0.94574	8.6853	
0.948486	8.685	
0.942993	8.68469	
0.948181	8.685	
0.951233	8.68439	
0.942688	8.68469	
0.948486	8.685	
0.947266	8.685	
0.944214	8.68469	
0.949402	8.68469	
0.946655	8.68561	
0.94574	8.68561	
0.949402	8.68469	
0.944214	8.68408	
0.948181	8.68469	
0.948486	8.68469	
0.946655	8.6853	
0.947571	8.68439	
0.945435	8.68469	
0.951538	8.685	
0.948181	8.6853	
0.946045	8.68439	
0.947571	8.685	
0.948792	8.68561	
0.951538	8.685	
0.943604	8.685	
0.948181	8.68439	
0.94635	8.68469	
0.94635	8.68439	
0.951233	8.68561	
0.947266	8.685	
0.946655	8.685	
0.949707	8.685	
0.944214	8.6853	
0.949402	8.685	
0.952759	8.6853	
0.943909	8.68469	
0.947266	8.6853	
0.946655	8.68469	
0.943909	8.685	
0.951538	8.68469	
0.944214	8.685	
0.945435	8.68439	
0.947876	8.685	
0.948181	8.6853	
0.948486	8.6853	
0.946045	8.68439	
0.94635	8.685	
0.94635	8.68469	
0.944519	8.68561	
0.944824	8.685	
0.949402	8.685	
0.94574	8.68469	
0.947266	8.685	
0.949097	8.685	
0.953064	8.68561	
0.943909	8.68408	
0.948792	8.68469	
0.947266	8.685	
0.952454	8.68591	
0.944519	8.68439	
0.94696	8.68439	
0.949707	8.68469	
0.948792	8.6853	
0.944824	8.68408	
0.946655	8.68469	
0.946045	8.685	
0.947876	8.68469	
0.951538	8.685	
0.94574	8.6853	
0.94635	8.68469	
0.948486	8.685	
0.949097	8.685	
0.953369	8.68561	
0.943604	8.68439	
0.949402	8.685	
0.949097	8.68347	
0.950928	8.68408	
0.945129	8.68378	
0.947571	8.68439	
0.949707	8.68378	
0.947876	8.68469	
0.947571	8.68408	
0.944519	8.68378	
0.947876	8.68439	
0.946045	8.68469	
0.947571	8.68378	
0.952148	8.68408	
0.949402	8.68469	
0.94635	8.68439	
0.947266	8.68317	
0.949707	8.68347	
0.950012	8.68408	
0.947876	8.68439	
0.947876	8.68408	
0.944824	8.68439	
0.951233	8.68378	
0.945129	8.68469	
0.94696	8.68408	
0.947876	8.68408	
0.948181	8.68469	
0.947266	8.68378	
0.947266	8.68439	
0.948181	8.685	
0.944519	8.68469	
0.952148	8.6853	
0.948792	8.68378	
0.94696	8.68439	
0.950012	8.68439	
0.946655	8.68439	
0.947571	8.6853	
0.943604	8.68439	
0.947571	8.68408	
0.946045	8.68378	
0.944214	8.68469	
0.949402	8.68408	
0.948792	8.68469	
0.948181	8.68439	
0.945435	8.6853	
0.947571	8.68469	
0.953064	8.68439	
0.944824	8.68408	
0.948486	8.68408	
0.946045	8.68408	
0.947266	8.68439	
0.948181	8.68408	
0.948486	8.68439	
0.947876	8.68408	
0.948792	8.68469	
0.953369	8.68469	
0.94635	8.68408	
0.94696	8.68408	
0.944824	8.685	
0.952148	8.68439	
0.947571	8.68408	
0.946655	8.68469	
0.945435	8.68408	
0.947571	8.685	
0.950317	8.685	
0.944519	8.68469	
0.947266	8.68469	
0.947266	8.68439	
0.945435	8.68439	
0.947571	8.68469	
0.948181	8.68439	
0.947266	8.68408	
0.949402	8.68408	
0.948792	8.68439	
0.951233	8.68408	
0.943909	8.68469	
0.947266	8.68439	
0.94635	8.68408	
0.946045	8.68439	
0.949402	8.685	
0.948181	8.68408	
0.946045	8.68439	
0.945129	8.68408	
0.949402	8.68408	
0.945129	8.68378	
0.947876	8.685	
0.947266	8.68408	
0.946045	8.68469	
0.944824	8.68378	
0.94635	8.68439	
0.949097	8.68408	
0.947571	8.6853	
0.946655	8.68439	
0.943298	8.68439	
0.948486	8.68439	
0.946045	8.68439	
0.945435	8.68408	
0.947876	8.68378	
0.949097	8.68469	
0.94635	8.68378	
0.949402	8.68439	
0.947876	8.68378	
0.950623	8.68439	
0.945129	8.68469	
0.948792	8.68469	
0.949707	8.68408	
0.951843	8.685	
0.944214	8.68439	
0.94635	8.68469	
0.944824	8.68469	
0.947571	8.6853	
0.943298	8.68439	
0.949707	8.6853	
0.946045	8.68469	
0.944214	8.685	
0.947571	8.68469	
0.949097	8.685	
0.950623	8.68469	
0.949402	8.685	
0.945129	8.68439	
0.949097	8.68469	
0.94696	8.68439	
0.94635	8.68408	
0.94635	8.68408	
0.947266	8.68469	
0.950012	8.68378	
0.94574	8.68469	
0.952148	8.68439	
0.946655	8.68408	
0.947571	8.68439	
0.949097	8.68378	
0.949402	8.68408	
0.94635	8.68469	
0.94635	8.68469	
0.948181	8.68408	
0.948181	8.68408	
0.948792	8.68408	
0.94635	8.68439	
0.949402	8.68378	
0.949707	8.68469	
0.952454	8.68439	
0.947876	8.68408	
0.946045	8.685	
0.946045	8.68378	
0.94635	8.68439	
0.953064	8.68439	
0.944824	8.68439	
0.948181	8.68439	
0.947266	8.68408	
0.94696	8.68439	
0.949097	8.68408	
0.949707	8.68469	
0.949097	8.68408	
0.944519	8.68408	
0.947571	8.68378	
0.943604	8.68347	
0.949402	8.68378	
0.949402	8.68378	
0.952759	8.68439	
0.94635	8.68439	
0.947571	8.68439	
0.949402	8.68469	
0.945435	8.68378	
0.949402	8.68378	
0.945129	8.68408	
0.948486	8.68378	
0.949097	8.68439	
0.952454	8.68469	
0.94696	8.68439	
0.946655	8.68378	
0.94574	8.68439	
0.947876	8.68439	
0.952454	8.68439	
0.944519	8.68408	
0.949402	8.68378	
0.949402	8.68469	
0.952759	8.68378	
0.949097	8.68378	
0.947571	8.68439	
0.944824	8.68439	
0.950317	8.68469	
0.943604	8.68439	
0.949097	8.68378	
0.949402	8.68408	
0.949707	8.68378	
0.952759	8.68469	
0.948486	8.68439	
0.94635	8.68378	
0.945435	8.68439	
0.949707	8.685	
0.951538	8.68347	
0.944214	8.68378	
0.948181	8.68439	
0.94635	8.68378	
0.945435	8.68378	
0.952759	8.68378	
0.94574	8.68408	
0.948181	8.68286	
0.950012	8.68408	
0.947876	8.68408	
0.950928	8.68317	
0.945129	8.68378	
0.948486	8.68408	
0.947571	8.68378	
0.947571	8.68347	
0.947876	8.68408	
0.948486	8.68378	
0.951233	8.68378	
0.948486	8.68378	
0.95459	8.68378	
0.94635	8.68347	
0.950317	8.68378	
0.946655	8.68286	
0.950928	8.68378	
0.949402	8.68347	
0.949707	8.68378	
0.948792	8.685	
0.952759	8.68347	
0.949097	8.68408	
0.949097	8.68347	
0.94574	8.68317	
0.947571	8.68378	
0.949097	8.68408	
0.950623	8.68408	
0.949097	8.68469	
0.953674	8.68347	
0.948486	8.68317	
0.948181	8.68286	
0.951233	8.68408	
0.947266	8.68378	
0.947571	8.68347	
0.949097	8.68317	
0.949707	8.68439	
0.953674	8.68317	
0.944519	8.68317	
0.948792	8.68347	
0.950012	8.68378	
0.953979	8.68378	
0.947876	8.68347	
0.948181	8.68347	
0.948792	8.68378	
0.950928	8.68317	
0.95459	8.68439	
0.948181	8.68378	
0.948792	8.68378	
0.947876	8.68408	
0.946655	8.68378	
0.944824	8.68347	
0.950012	8.68408	
0.948181	8.68378	
0.949097	8.68408	
0.947571	8.68286	
0.947876	8.68408	
0.945435	8.68347	
0.949402	8.68378	
0.950623	8.68378	
0.951233	8.68286	
0.950623	8.68347	
0.952454	8.68347	
0.949097	8.68347	
0.948486	8.68408	
0.946045	8.68317	
0.948792	8.68378	
0.950317	8.68347	
0.950928	8.68439	
0.951233	8.68347	
0.949707	8.68317	
0.948792	8.68378	
0.947266	8.68347	
0.952454	8.68378	
0.948181	8.68408	
0.947266	8.68286	
0.949097	8.68347	
0.948792	8.68378	
0.945129	8.68378	
0.950623	8.68378	
0.951538	8.68317	
0.951233	8.68347	
0.949402	8.68408	
0.948181	8.68378	
0.945129	8.68347	
0.948181	8.68408	
0.948792	8.68378	
0.947571	8.68378	
0.947876	8.68317	
0.949707	8.68378	
0.947876	8.68378	
0.947266	8.68408	
0.954285	8.68439	
0.948792	8.68469	
0.949707	8.68378	
0.953674	8.68408	
0.949402	8.68439	
0.950012	8.68439	
0.94696	8.68408	
0.954285	8.68378	
0.949402	8.68408	
0.947266	8.68378	
0.946045	8.68378	
0.947266	8.68378	
0.947571	8.68408	
0.949402	8.68408	
0.949402	8.68439	
0.948181	8.68439	
0.949097	8.685	
0.947876	8.68439	
0.953064	8.68378	
0.950623	8.68408	
0.949402	8.68378	
0.950012	8.68439	
0.953979	8.68469	
0.950317	8.68408	
0.949097	8.68378	
0.953979	8.68439	
0.950012	8.68408	
0.950928	8.68408	
0.948181	8.68439	
0.944824	8.68439	
0.949402	8.68408	
0.947571	8.68378	
0.948486	8.68378	
0.947876	8.68439	
0.947571	8.68347	
0.949707	8.685	
0.944519	8.68378	
0.949707	8.68439	
0.949707	8.68408	
0.953369	8.68408	
0.949097	8.685	
0.950623	8.68439	
0.946045	8.68347	
0.953979	8.68408	
0.948181	8.68469	
0.94696	8.68347	
0.953674	8.68378	
0.948792	8.68469	
0.950623	8.68469	
0.946045	8.68378	
0.950623	8.68347	
0.947876	8.68439	
0.949402	8.68439	
0.953064	8.68378	
0.950012	8.68439	
0.950317	8.68408	
0.950623	8.68347	
0.950012	8.68378	
0.949707	8.68408	
0.950012	8.68439	
0.953064	8.68408	
0.948181	8.68378	
0.947876	8.68317	
0.94635	8.68378	
0.949707	8.68347	
0.948486	8.68378	
0.950012	8.68317	
0.952454	8.68347	
0.950012	8.68286	
0.948486	8.68256	
0.948181	8.68256	
0.950012	8.68256	
0.947571	8.68378	
0.948181	8.68347	
0.949402	8.68439	
0.947571	8.68317	
0.947876	8.68286	
0.950012	8.68317	
0.949097	8.68347	
0.948792	8.68256	
0.947876	8.68286	
0.950928	8.68317	
0.948181	8.68317	
0.945129	8.68347	
0.949402	8.68286	
0.947876	8.68347	
0.948486	8.68317	
0.947266	8.68317	
0.94574	8.68286	
0.947266	8.68347	
0.945435	8.68347	
0.953064	8.68347	
0.949097	8.68378	
0.949097	8.68286	
0.953979	8.68378	
0.950012	8.68378	
0.948792	8.68317	
0.948181	8.68317	
0.946655	8.68347	
0.949097	8.68347	
0.946655	8.68317	
0.949707	8.68378	
0.948181	8.68378	
0.948792	8.68347	
0.954285	8.68286	
0.948181	8.68347	
0.947571	8.68317	
0.950317	8.68347	
0.947876	8.68378	
0.947876	8.68317	
0.947571	8.68347	
0.947571	8.68347	
0.948181	8.68378	
0.948181	8.68317	
0.949097	8.68317	
0.94696	8.68317	
0.947571	8.68317	
0.947876	8.68347	
0.950623	8.68378	
0.950012	8.68378	
0.949402	8.68347	
0.950623	8.68378	
0.953979	8.68378	
0.948792	8.68347	
0.948181	8.68378	
0.94574	8.68378	
0.948792	8.68378	
0.949402	8.68469	
0.948792	8.68408	
0.94574	8.68378	
0.946655	8.68317	
0.949707	8.68408	
0.951538	8.68317	
0.950623	8.68347	
0.947876	8.68347	
0.950012	8.68317	
0.949097	8.68408	
0.949707	8.68317	
0.949097	8.68439	
0.949097	8.68408	
0.950928	8.68408	
0.954895	8.68408	
0.946045	8.68347	
0.947876	8.68286	
0.946045	8.68347	
0.949097	8.68256	
0.950317	8.68347	
0.950623	8.68378	
0.951233	8.68286	
0.950623	8.68347	
0.948792	8.68286	
0.948181	8.68286	
0.952148	8.68378	
0.947266	8.68408	
0.948181	8.68378	
0.94635	8.68225	
0.952148	8.68286	
0.953674	8.68256	
0.948486	8.68347	
0.948181	8.68256	
0.949707	8.68317	
0.948486	8.68225	
0.948792	8.68256	
0.94574	8.68256	
0.953674	8.68286	
0.950012	8.68256	
0.948792	8.68286	
0.948486	8.68317	
0.949707	8.68286	
0.949402	8.68286	
0.94574	8.68286	
0.950317	8.68286	
0.948486	8.68256	
0.948792	8.68347	
0.953674	8.68286	
0.950928	8.68195	
0.950623	8.68286	
0.950012	8.68317	
0.947571	8.68286	
0.950012	8.68286	
0.949707	8.68256	
0.953369	8.68317	
0.950317	8.68256	
0.949707	8.68256	
0.950317	8.68317	
0.949707	8.68256	
0.950012	8.68286	
0.94635	8.68256	
0.949402	8.68317	
0.947266	8.68256	
0.947266	8.68347	
0.950012	8.68286	
0.944519	8.68286	
0.949707	8.68256	
0.947571	8.68225	
0.946655	8.68195	
0.949097	8.68225	
0.945435	8.68256	
0.953674	8.68317	
0.948486	8.68317	
0.949097	8.68256	
0.953674	8.68317	
0.950012	8.68286	
0.949707	8.68317	
0.948181	8.68256	
0.949707	8.68317	
0.949402	8.68286	
0.950317	8.68256	
0.947876	8.68317	
0.949097	8.68286	
0.94635	8.68225	
0.952454	8.68286	
0.949097	8.68286	
0.947571	8.68256	
0.953979	8.68317	
0.949097	8.68256	
0.950012	8.68317	
0.950623	8.68225	
0.951843	8.68286	
0.949402	8.68347	
0.948792	8.68347	
0.953369	8.68317	
0.950317	8.68347	
0.949097	8.68347	
0.94574	8.68256	
0.952454	8.68256	
0.948792	8.68378	
0.949402	8.68286	
0.950623	8.68317	
0.948792	8.68256	
0.949707	8.68256	
0.950012	8.68347	
0.949402	8.68286	
0.948486	8.68286	
0.950928	8.68317	
0.950623	8.68317	
0.950317	8.68286	
0.946655	8.68347	
0.953979	8.68286	
0.947266	8.68225	
0.949097	8.68256	
0.953369	8.68317	
0.950623	8.68256	
0.951233	8.68317	
0.951233	8.68286	
0.947876	8.68225	
0.950623	8.68286	
0.948181	8.68256	
0.946045	8.68286	
0.950928	8.68317	
0.951233	8.68256	
0.949402	8.68347	
0.953674	8.68286	
0.948792	8.68317	
0.948792	8.68317	
0.953979	8.68347	
0.950012	8.68256	
0.951233	8.68347	
0.949097	8.68256	
0.944824	8.68256	
0.951233	8.68347	
0.94696	8.68286	
0.948181	8.68347	
0.948792	8.68317	
0.948486	8.68286	
0.949097	8.68317	
0.94635	8.68317	
0.947876	8.68256	
0.952759	8.68256	
0.950928	8.68286	
0.951538	8.68378	
0.950928	8.68317	
0.945129	8.68225	
0.949402	8.68317	
0.952454	8.68286	
0.950623	8.68256	
0.951538	8.68347	
0.952454	8.68347	
0.946045	8.68256	
0.948181	8.68256	
0.948486	8.68347	
0.948486	8.68256	
0.950012	8.68225	
0.950623	8.68256	
0.947266	8.68317	
0.950928	8.68256	
0.947876	8.68256	
0.950012	8.68317	
0.949402	8.68286	
0.950928	8.68225	
0.944519	8.68225	
0.949707	8.68256	
0.952759	8.68256	
0.951233	8.68317	
0.946655	8.68225	
0.950623	8.68256	
0.949402	8.68286	
0.948792	8.68225	
0.950928	8.68195	
0.950012	8.68256	
0.94635	8.68347	
0.951233	8.68225	
0.950928	8.68286	
0.949097	8.68134	
0.953369	8.68256	
0.949097	8.68225	
0.94574	8.68195	
0.953979	8.68347	
0.949097	8.68286	
0.948486	8.68225	
0.946045	8.68256	
0.947266	8.68317	
0.948792	8.68225	
0.947571	8.68195	
0.953979	8.68256	
0.950012	8.68347	
0.950623	8.68225	
0.952148	8.68286	
0.950623	8.68286	
0.950317	8.68256	
0.948792	8.68225	
0.94574	8.68195	
0.949097	8.68347	
0.953369	8.68408	
0.950012	8.68317	
0.951843	8.68256	
0.952759	8.68286	
0.950928	8.68256	
0.951843	8.68317	
0.947266	8.68317	
0.948181	8.68286	
0.948181	8.68256	
0.946655	8.68286	
0.950012	8.68225	
0.950928	8.68317	
0.947266	8.68286	
0.948181	8.68225	
0.952454	8.68347	
0.949707	8.68317	
0.948486	8.68256	
0.951233	8.68286	
0.947266	8.68286	
0.947266	8.68317	
0.947571	8.68256	
0.947876	8.68256	
0.951843	8.68256	
0.949707	8.68256	
0.951538	8.68317	
0.954285	8.68256	
0.948486	8.68317	
0.94635	8.68225	
0.955811	8.68317	
0.949097	8.68317	
0.951538	8.68225	
0.952759	8.68256	
0.949402	8.68347	
0.947876	8.68256	
0.952148	8.68317	
0.950623	8.68256	
0.949097	8.68317	
0.952148	8.68347	
0.952454	8.68317	
0.947876	8.68256	
0.950623	8.68256	
0.949402	8.68286	
0.949707	8.68317	
0.955505	8.68347	
0.950012	8.68347	
0.951538	8.68286	
0.951538	8.68286	
0.945435	8.68256	
0.949707	8.68286	
0.954895	8.68286	
0.949402	8.68256	
0.947266	8.68256	
0.954285	8.68256	
0.951843	8.68256	
0.948181	8.68286	
0.94696	8.68286	
0.948792	8.68286	
0.949402	8.68256	
0.954895	8.68317	
0.949707	8.68286	
0.949097	8.68347	
0.94696	8.68317	
0.949402	8.68256	
0.947876	8.68286	
0.950012	8.68256	
0.948486	8.68256	
0.949402	8.68256	
0.953979	8.68256	
0.952148	8.68317	
0.947876	8.68256	
0.953979	8.68347	
0.950928	8.68317	
0.951538	8.68286	
0.952759	8.68256	
0.948792	8.68317	
0.948792	8.68286	
0.952759	8.68317	
0.950928	8.68286	
0.947571	8.68286	
0.950928	8.68256	
0.952454	8.68286	
0.952759	8.68225	
0.948486	8.68195	
0.949707	8.68073	
0.955505	8.68225	
0.951843	8.68195	
0.948792	8.68195	
0.952759	8.68256	
0.950317	8.68256	
0.951538	8.68164	
0.953674	8.68195	
0.949707	8.68195	
0.94696	8.68164	
0.954285	8.68195	
0.949402	8.68286	
0.950928	8.68164	
0.947876	8.68164	
0.948792	8.68164	
0.948486	8.68225	
0.955811	8.68225	
0.952759	8.68195	
0.948486	8.68195	
0.950928	8.68195	
0.953064	8.68225	
0.948792	8.68225	
0.953369	8.68195	
0.951233	8.68256	
0.952454	8.68256	
0.951843	8.68256	
0.951843	8.68317	
0.951538	8.68317	
0.951233	8.68225	
0.950012	8.68256	
0.9552	8.68256	
0.949402	8.68256	
0.949402	8.68225	
0.950012	8.68256	
0.948486	8.68225	
0.949097	8.68256	
0.953369	8.68256	
0.952454	8.68225	
0.94696	8.68195	
0.9552	8.68256	
0.950317	8.68256	
0.950012	8.68225	
0.950623	8.68195	
0.949402	8.68225	
0.950012	8.68225	
0.95459	8.68286	
0.950012	8.68286	
0.949097	8.68256	
0.954895	8.68225	
0.950623	8.68225	
0.951538	8.68195	
0.951233	8.68256	
0.94635	8.68225	
0.951843	8.68195	
0.948486	8.68256	
0.950012	8.68317	
0.951538	8.68225	
0.952148	8.68256	
0.949402	8.68195	
0.949402	8.68225	
0.95459	8.68286	
0.951538	8.68256	
0.952454	8.68256	
0.953064	8.68225	
0.950928	8.68286	
0.949097	8.68286	
0.950317	8.68225	
0.950623	8.68225	
0.949402	8.68286	
0.947266	8.68256	
0.953064	8.68195	
0.951538	8.68225	
0.947266	8.68286	
0.948792	8.68195	
0.950012	8.68225	
0.947571	8.68225	
0.949707	8.68286	
0.949402	8.68256	
0.950928	8.68256	
0.947571	8.68256	
0.950623	8.68225	
0.952148	8.68286	
0.947876	8.68225	
0.949402	8.68256	
0.950012	8.68225	
0.949097	8.68195	
0.950012	8.68256	
0.947876	8.68225	
0.954895	8.68286	
0.950623	8.68225	
0.951843	8.68286	
0.947876	8.68195	
0.950012	8.68195	
0.949707	8.68225	
0.951233	8.68286	
0.952148	8.68225	
0.948181	8.68225	
0.949402	8.68195	
0.952454	8.68225	
0.949707	8.68256	
0.950012	8.68286	
0.951538	8.68256	
0.951233	8.68256	
0.948792	8.68225	
0.950928	8.68256	
0.946045	8.68195	
0.948792	8.68225	
0.954895	8.68286	
0.950928	8.68225	
0.951538	8.68256	
0.952454	8.68225	
0.946045	8.68256	
0.950928	8.68286	
0.948486	8.68317	
0.952148	8.68256	
0.949402	8.68256	
0.952759	8.68225	
0.94696	8.68164	
0.949707	8.68286	
0.954895	8.68256	
0.951538	8.68256	
0.952759	8.68256	
0.950012	8.68256	
0.950317	8.68256	
0.949402	8.68256	
0.953369	8.68256	
0.949097	8.68225	
0.948792	8.68256	
0.949707	8.68286	
0.949402	8.68317	
0.954895	8.68286	
0.949402	8.68347	
0.947571	8.68286	
0.949402	8.68256	
0.950012	8.68256	
0.952148	8.68256	
0.950317	8.68164	
0.952454	8.68195	
0.952759	8.68256	
0.950012	8.68286	
0.950317	8.68195	
0.94696	8.68256	
0.949097	8.68195	
0.950623	8.68195	
0.955811	8.68256	
0.950928	8.68286	
0.947876	8.68286	
0.947571	8.68286	
0.952454	8.68225	
0.948792	8.68286	
0.946655	8.68256	
0.950012	8.68256	
0.954895	8.68256	
0.952148	8.68256	
0.947571	8.68286	
0.956421	8.68195	
0.952454	8.68164	
0.950623	8.68103	
0.947571	8.68103	
0.949707	8.68164	
0.951538	8.68164	
0.951843	8.68164	
0.951843	8.68073	
0.954285	8.68164	
0.949402	8.68103	
0.947876	8.68134	
0.955811	8.68164	
0.951538	8.68164	
0.949402	8.68073	
0.949402	8.68164	
0.953064	8.68134	
0.951538	8.68164	
0.950928	8.68164	
0.951538	8.68225	
0.954895	8.68164	
0.950623	8.68195	
0.949707	8.68164	
0.949402	8.68134	
0.950623	8.68195	
0.953369	8.68164	
0.951843	8.68103	
0.951843	8.68195	
0.950928	8.68195	
0.950623	8.68195	
0.950012	8.68073	
0.951538	8.68195	
0.952454	8.68164	
0.956116	8.68164	
0.952148	8.68134	
0.948792	8.68103	
0.952148	8.68164	
0.952454	8.68164	
0.950623	8.68256	
0.950623	8.68225	
0.950317	8.68164	
0.950317	8.68195	
0.953064	8.68134	
0.953369	8.68164	
0.946655	8.68073	
0.949707	8.68164	
0.952759	8.68195	
0.949707	8.68164	
0.953369	8.68042	
0.947571	8.68195	
0.950623	8.68103	
0.954285	8.68164	
0.950012	8.68073	
0.950012	8.68195	
0.950623	8.68103	
0.950012	8.68195	
0.955505	8.68195	
0.948486	8.68164	
0.953064	8.68195	
0.947266	8.68164	
0.949707	8.68164	
0.949097	8.68164	
0.952759	8.68134	
0.950317	8.68103	
0.947876	8.68103	
0.950012	8.68134	
0.956116	8.68164	
0.950928	8.68134	
0.951538	8.68195	
0.948486	8.68073	
0.951843	8.68134	
0.947266	8.68103	
0.950317	8.68195	
0.951843	8.68195	
0.951538	8.68225	
0.953369	8.68103	
0.947876	8.68164	
0.950928	8.68195	
0.952759	8.68195	
0.947266	8.68134	
0.953064	8.68103	
0.950012	8.68164	
0.950623	8.68134	
0.955505	8.68164	
0.952148	8.68134	
0.9552	8.68195	
0.950317	8.68164	
0.947571	8.68134	
0.950317	8.68164	
0.950623	8.68164	
0.9552	8.68195	
0.949402	8.68103	
0.949707	8.68103	
0.953369	8.68164	
0.949097	8.68195	
0.9552	8.68195	
0.949402	8.68225	
0.952148	8.68195	
0.947266	8.68134	
0.952148	8.68103	
0.952148	8.68195	
0.951233	8.68195	
0.949707	8.68225	
0.94696	8.68073	
0.950012	8.68164	
0.9552	8.68164	
0.951538	8.68073	
0.949402	8.68164	
0.949097	8.68164	
0.950317	8.68195	
0.95459	8.68225	
0.950928	8.68195	
0.948486	8.68195	
0.948792	8.68195	
0.950317	8.68195	
0.956421	8.68164	
0.950012	8.68256	
0.952148	8.68225	
0.947571	8.68164	
0.950623	8.68103	
0.955505	8.68225	
0.950317	8.68256	
0.949707	8.68195	
0.950623	8.68256	
0.951233	8.68164	
0.956116	8.68256	
0.949097	8.68195	
0.953369	8.68195	
0.94696	8.68195	
0.952759	8.68134	
0.948181	8.68164	
0.952454	8.68164	
0.952454	8.68225	
0.950623	8.68164	
0.953064	8.68134	
0.948486	8.68134	
0.953674	8.68195	
0.951233	8.68195	
0.950928	8.68164	
0.949402	8.68195	
0.950012	8.68164	
0.952759	8.68164	
0.956116	8.68134	
0.950623	8.68164	
0.955505	8.68164	
0.951538	8.68164	
0.951538	8.68225	
0.949402	8.68164	
0.950012	8.68225	
0.955811	8.68225	
0.949707	8.68225	
0.953369	8.68195	
0.951843	8.68164	
0.953064	8.68042	
0.949097	8.68225	
0.951233	8.68103	
0.952148	8.68225	
0.950012	8.68134	
0.953979	8.68195	
0.950623	8.68164	
0.948486	8.68164	
0.947266	8.68073	
0.951538	8.68256	
0.949097	8.68164	
0.950317	8.68164	
0.950928	8.68225	
0.950317	8.68134	
0.953369	8.68042	
0.948181	8.68042	
0.951843	8.68195	
0.954895	8.68134	
0.950317	8.68225	
0.951843	8.68225	
0.950012	8.68195	
0.953064	8.68103	
0.95459	8.68195	
0.952148	8.68164	
0.950623	8.68164	
0.950623	8.68164	
0.953064	8.68134	
0.955811	8.68164	
0.952454	8.68195	
0.948181	8.68164	
0.951843	8.68164	
0.953369	8.68134	
0.956421	8.68164	
0.950317	8.68134	
0.953674	8.68195	
0.947876	8.68164	
0.949707	8.68164	
0.952454	8.68225	
0.949402	8.68195	
0.950928	8.68195	
0.955505	8.68195	
0.950623	8.68103	
0.952148	8.68164	
0.948792	8.68164	
0.949402	8.68134	
0.951538	8.68134	
0.951233	8.68195	
0.951843	8.68134	
0.951538	8.68164	
0.953369	8.68134	
0.950012	8.68164	
0.953064	8.68134	
0.950623	8.68164	
0.951843	8.68134	
0.953064	8.68103	
0.950012	8.68134	
0.953369	8.68195	
0.952759	8.68225	
0.951233	8.68195	
0.948486	8.68134	
0.952454	8.68164	
0.950012	8.68164	
0.953064	8.68103	
0.950012	8.68225	
0.949402	8.68103	
0.953064	8.68134	
0.950928	8.68164	
0.951233	8.68134	
0.948486	8.68164	
0.952454	8.68164	
0.947876	8.68164	
0.950928	8.68164	
0.951843	8.68134	
0.947876	8.68073	
0.953674	8.68195	
0.956421	8.68134	
0.951843	8.68164	
0.956116	8.68134	
0.951843	8.68225	
0.951233	8.68103	
0.951843	8.68225	
0.955505	8.68225	
0.950012	8.68225	
0.954285	8.68164	
0.951233	8.68225	
0.9552	8.68195	
0.950928	8.68225	
0.951538	8.68164	
0.952148	8.68073	
0.953674	8.68225	
0.952148	8.68134	
0.951538	8.68164	
0.957336	8.68195	
0.952148	8.68164	
0.955811	8.68195	
0.952759	8.68195	
0.951233	8.68195	
0.952148	8.68195	
0.951538	8.68164	
0.951538	8.68195	
0.953369	8.68164	
0.957336	8.68134	
0.953369	8.68164	
0.955505	8.68164	
0.950623	8.68164	
0.951233	8.68164	
0.951538	8.68073	
0.949402	8.68164	
0.953369	8.68164	
0.949097	8.68164	
0.948181	8.68164	
0.950928	8.68042	
0.948792	8.68073	
0.952759	8.68073	
0.952759	8.68103	
0.951233	8.68073	
0.948792	8.68164	
0.952759	8.68134	
0.952759	8.68164	
0.952148	8.68164	
0.952759	8.68164	
0.952454	8.68103	
0.949097	8.68164	
0.956421	8.68164	
0.950623	8.68164	
0.947876	8.68164	
0.952148	8.68164	
0.951843	8.68103	
0.950317	8.68134	
0.950012	8.68134	
0.951233	8.68134	
0.951843	8.68134	
0.951538	8.68164	
0.949402	8.68103	
0.952759	8.68195	
0.950928	8.68134	
0.952148	8.68164	
0.948486	8.68103	
0.953369	8.68073	
0.950623	8.68103	
0.949097	8.68103	
0.950928	8.68164	
0.949707	8.68103	
0.953369	8.68073	
0.954285	8.68164	
0.953674	8.68164	
0.956116	8.68225	
0.949707	8.68164	
0.953674	8.68164	
0.951233	8.68073	
0.948486	8.68103	
0.953369	8.68164	
0.948792	8.68103	
0.957336	8.68164	
0.951233	8.68195	
0.950623	8.68042	
0.954285	8.68103	
0.956421	8.68195	
0.953064	8.68103	
0.9552	8.68134	
0.950317	8.68134	
0.953979	8.68195	
0.952148	8.68164	
0.948181	8.68134	
0.953369	8.68195	
0.948792	8.68134	
0.955811	8.68195	
0.951843	8.68073	
0.951843	8.68195	
0.951843	8.68195	
0.953674	8.68134	
0.951843	8.68103	
0.949097	8.68134	
0.951233	8.68103	
0.948181	8.68073	
0.949097	8.68134	
0.950012	8.68164	
0.951233	8.68103	
0.950623	8.68073	
0.953369	8.68164	
0.951233	8.68164	
0.949097	8.68164	
0.952148	8.68164	
0.948181	8.68164	
0.948792	8.68042	
0.951538	8.68134	
0.948486	8.68042	
0.953979	8.68103	
0.957947	8.68164	
0.950623	8.68225	
0.949707	8.68195	
0.954895	8.68134	
0.957947	8.68225	
0.950317	8.68164	
0.950317	8.68134	
0.953674	8.68103	
0.956421	8.68164	
0.952759	8.68225	
0.950012	8.68042	
0.953674	8.68134	
0.956421	8.68164	
0.950317	8.68073	
0.950317	8.68134	
0.952148	8.68164	
0.957336	8.68073	
0.950623	8.68164	
0.948181	8.68042	
0.953369	8.68134	
0.957031	8.68103	
0.949707	8.68103	
0.949707	8.68103	
0.950623	8.68225	
0.9552	8.68134	
0.950928	8.68195	
0.948181	8.68164	
0.953674	8.68164	
0.954895	8.68134	
0.951843	8.68195	
0.952148	8.68134	
0.953369	8.68073	
0.951538	8.68134	
0.950928	8.68164	
0.953064	8.68134	
0.947876	8.68164	
0.950012	8.68195	
0.950623	8.68103	
0.953369	8.68103	
0.950012	8.68073	
0.948181	8.68134	
0.952454	8.68103	
0.950623	8.68103	
0.950012	8.68103	
0.950928	8.68103	
0.952454	8.68164	
0.948792	8.68164	
0.953674	8.68073	
0.954895	8.68164	
0.950928	8.68103	
0.949402	8.68103	
0.952454	8.68103	
0.948486	8.68103	
0.953064	8.68164	
0.951538	8.68164	
0.948486	8.68164	
0.952454	8.68164	
0.950012	8.68195	
0.949097	8.68134	
0.953369	8.68164	
0.956726	8.68164	
0.953369	8.68134	
0.955811	8.68134	
0.951233	8.68134	
0.953064	8.68134	
0.951843	8.68073	
0.948181	8.68134	
0.953674	8.68134	
0.952454	8.68195	
0.950928	8.68134	
0.950623	8.68134	
0.952454	8.68073	
0.953674	8.68164	
0.951233	8.68134	
0.953369	8.68164	
0.950928	8.68073	
0.953064	8.68195	
0.951233	8.68195	
0.954895	8.68164	
0.953674	8.68134	
0.950012	8.68103	
0.953064	8.68103	
0.950012	8.68042	
0.949097	8.68042	
0.948792	8.68073	
0.953979	8.68011	
0.953064	8.68042	
0.951538	8.68011	
0.954285	8.68011	
0.952454	8.68011	
0.950623	8.68042	
0.949707	8.68042	
0.948792	8.67981	
0.954285	8.68042	
0.953369	8.68011	
0.949097	8.68073	
0.948486	8.67981	
0.954285	8.68042	
0.952759	8.68073	
0.953979	8.68011	
0.950928	8.68011	
0.95459	8.68103	
0.950317	8.68042	
0.953369	8.68042	
0.951538	8.68011	
0.956421	8.68073	
0.952454	8.68011	
0.957947	8.68073	
0.951233	8.68042	
0.950317	8.67981	
0.949402	8.68073	
0.949097	8.6795	
0.953979	8.67981	
0.953064	8.68134	
0.950012	8.68042	
0.948181	8.68011	
0.953674	8.68011	
0.953674	8.68011	
0.953064	8.67981	
0.951843	8.68011	
0.950623	8.68011	
0.951538	8.68011	
0.951843	8.68103	
0.953979	8.68011	
0.957336	8.67981	
0.951843	8.68011	
0.953979	8.68073	
0.951843	8.68073	
0.954895	8.68042	
0.954285	8.67981	
0.952148	8.68042	
0.952759	8.68073	
0.957336	8.68042	
0.951538	8.68073	
0.953979	8.68073	
0.952454	8.67981	
0.949097	8.68134	
0.953369	8.68042	
0.953979	8.68011	
0.952148	8.68042	
0.957031	8.68042	
0.950928	8.67981	
0.953674	8.68011	
0.953979	8.68042	
0.955811	8.68011	
0.951233	8.68011	
0.953979	8.68011	
0.952148	8.68042	
0.950623	8.68011	
0.951538	8.68042	
0.950928	8.67981	
0.949097	8.67981	
0.950928	8.68042	
0.953674	8.68011	
0.954895	8.68103	
0.952454	8.68011	
0.950928	8.68042	
0.953979	8.68073	
0.950012	8.68103	
0.948486	8.68042	
0.953979	8.68073	
0.949402	8.68011	
0.954285	8.68073	
0.953674	8.68042	
0.950928	8.68164	
0.948792	8.68011	
0.953979	8.68042	
0.959473	8.68134	
0.951538	8.68042	
0.948486	8.68073	
0.950317	8.68164	
0.9552	8.68164	
0.951538	8.68073	
0.950012	8.68042	
0.954285	8.68073	
0.957642	8.68164	
0.951843	8.68042	
0.954285	8.68164	
0.95459	8.68011	
0.956116	8.68195	
0.953674	8.68073	
0.957031	8.68134	
0.953064	8.68103	
0.954895	8.68103	
0.952759	8.68103	
0.955811	8.68103	
0.950012	8.68042	
0.953369	8.68164	
0.951843	8.68042	
0.954285	8.68164	
0.953064	8.68134	
0.957642	8.68073	
0.953064	8.68134	
0.955811	8.68103	
0.951843	8.68073	
0.951538	8.68164	
0.953979	8.68042	
0.95459	8.68164	
0.953979	8.68073	
0.956726	8.68011	
0.953064	8.68073	
0.949097	8.68073	
0.953674	8.68011	
0.948181	8.68073	
0.952454	8.68073	
0.948486	8.68011	
0.954285	8.68073	
0.957642	8.68073	
0.950928	8.68073	
0.953369	8.68073	
0.953064	8.68011	
0.952148	8.68103	
0.949402	8.68103	
0.952454	8.68042	
0.953674	8.68164	
0.953064	8.68134	
0.955811	8.68195	
0.951843	8.68073	
0.952148	8.68134	
0.951538	8.68073	
0.953674	8.68164	
0.95459	8.68164	
0.950928	8.68073	
0.953064	8.68011	
0.951233	8.68042	
0.948792	8.67981	
0.948181	8.68073	
0.953979	8.68073	
0.952454	8.68103	
0.950012	8.68103	
0.950928	8.68134	
0.951843	8.68103	
0.953674	8.68134	
0.950928	8.68073	
0.950317	8.68011	
0.949707	8.68011	
0.954285	8.67981	
0.951843	8.6795	
0.952454	8.68042	
0.949402	8.6795	
0.953369	8.68042	
0.953674	8.6795	
0.952148	8.6795	
0.949402	8.68011	
0.953674	8.68011	
0.954285	8.68042	
0.953064	8.67981	
0.957336	8.68011	
0.950623	8.67981	
0.951843	8.68011	
0.952454	8.68011	
0.956421	8.68073	
0.951538	8.6795	
0.953674	8.68042	
0.952148	8.68011	
0.949402	8.67981	
0.951233	8.67981	
0.951843	8.67981	
0.953979	8.6795	
0.953369	8.68011	
0.9552	8.68011	
0.950012	8.68011	
0.953674	8.67981	
0.951843	8.68073	
0.948792	8.68042	
0.948181	8.6795	
0.954285	8.68011	
0.952454	8.6792	
0.949707	8.68011	
0.948792	8.6792	
0.951538	8.68011	
0.953369	8.68011	
0.953064	8.67981	
0.951843	8.68042	
0.952759	8.67981	
0.950623	8.67981	
0.955505	8.68011	
0.953369	8.67981	
0.957336	8.68011	
0.953369	8.67981	
0.955811	8.6795	
0.951538	8.68042	
0.949707	8.68042	
0.952759	8.67981	
0.949402	8.67981	
0.953979	8.67981	
0.950623	8.68042	
0.952148	8.6795	
0.951843	8.68011	
0.952148	8.68011	
0.95459	8.6795	
0.953674	8.6795	
0.9552	8.68011	
0.951843	8.67981	
0.952148	8.67981	
0.955505	8.67981	
0.9552	8.67981	
0.951538	8.67981	
0.949707	8.6795	
0.953369	8.68042	
0.950012	8.67981	
0.95459	8.6795	
0.954285	8.68042	
0.954895	8.68011	
0.952759	8.68042	
0.953369	8.68042	
0.952454	8.68011	
0.952759	8.68103	
0.953369	8.68042	
0.950317	8.68011	
0.9552	8.67981	
0.951233	8.68042	
0.951538	8.68073	
0.953979	8.68042	
0.955505	8.68103	
0.953369	8.68042	
0.950928	8.68073	
0.951538	8.67981	
0.955811	8.68042	
0.952454	8.68164	
0.953064	8.68073	
0.950012	8.68103	
0.953369	8.68042	
0.953064	8.6795	
0.954895	8.68042	
0.955505	8.68042	
0.952759	8.68042	
0.954285	8.68011	
0.951538	8.68011	
0.954895	8.68011	
0.953674	8.68073	
0.957642	8.68042	
0.954895	8.68042	
0.953979	8.68042	
0.954285	8.68042	
0.952759	8.68073	
0.9552	8.68134	
0.958557	8.68073	
0.951233	8.68042	
0.949402	8.68042	
0.949402	8.68011	
0.950317	8.68042	
0.955505	8.68011	
0.953979	8.68073	
0.950317	8.68073	
0.948792	8.68103	
0.9552	8.68042	
0.953064	8.68073	
0.953064	8.68011	
0.953064	8.68073	
0.958252	8.68011	
0.951538	8.68042	
0.952454	8.68011	
0.952759	8.68011	
0.9552	8.68011	
0.951538	8.68011	
0.957336	8.68042	
0.952759	8.68042	
0.949402	8.68073	
0.950012	8.68011	
0.949402	8.68042	
0.955505	8.68073	
0.953979	8.68042	
0.955505	8.68042	
0.953979	8.68073	
0.957642	8.68073	
0.954285	8.68103	
0.958557	8.68011	
0.951843	8.68134	
0.949097	8.68042	
0.953674	8.68042	
0.949402	8.68011	
0.954285	8.68011	
0.950317	8.68042	
0.953979	8.68042	
0.951233	8.68011	
0.954895	8.68042	
0.954285	8.67981	
0.954285	8.68073	
0.953979	8.67981	
0.950012	8.68042	
0.956116	8.68103	
0.957336	8.68073	
0.954285	8.68103	
0.952454	8.68103	
0.953064	8.68042	
0.953369	8.68042	
0.957336	8.68073	
0.954895	8.68073	
0.956116	8.68073	
0.953369	8.68042	
0.951843	8.68073	
0.952454	8.68011	
0.951233	8.67981	
0.952148	8.68073	
0.952148	8.68073	
0.950928	8.68042	
0.948792	8.68011	
0.950317	8.68073	
0.952454	8.68011	
0.95459	8.68103	
0.953369	8.68011	
0.956421	8.68073	
0.951843	8.68011	
0.9552	8.68103	
0.953979	8.68073	
0.954285	8.68042	
0.953979	8.68011	
0.952454	8.68073	
0.952454	8.67981	
0.949707	8.68042	
0.950012	8.68011	
0.948792	8.68042	
0.95459	8.68042	
0.953979	8.68103	
0.954895	8.68073	
0.953064	8.68073	
0.9552	8.68011	
0.951843	8.67981	
0.958252	8.68073	
0.952759	8.68042	
0.950623	8.68011	
0.954285	8.68011	
0.953064	8.67981	
0.954895	8.68011	
0.953979	8.68073	
0.951233	8.68073	
0.952148	8.67981	
0.950012	8.68073	
0.952148	8.6795	
0.954285	8.68042	
0.954895	8.68042	
0.957031	8.68042	
0.951538	8.6795	
0.953674	8.68103	
0.951843	8.67981	
0.952148	8.68164	
0.952148	8.6792	
0.953064	8.68011	
0.950317	8.67981	
0.950623	8.68011	
0.952148	8.68042	
0.954285	8.6795	
0.951538	8.68042	
0.950623	8.6795	
0.952454	8.68042	
0.955505	8.68011	
0.953979	8.6792	
0.953064	8.68042	
0.952454	8.67981	
0.957336	8.67981	
0.954285	8.68011	
0.949402	8.68011	
0.954285	8.68073	
0.953064	8.68011	
0.953369	8.67981	
0.953674	8.67981	
0.949097	8.6795	
0.949402	8.68011	
0.949097	8.67981	
0.952454	8.68042	
0.953979	8.68011	
0.958862	8.68011	
0.95459	8.68011	
0.953979	8.67981	
0.95459	8.68103	
0.954285	8.68042	
0.950317	8.68042	
0.953369	8.67981	
0.953674	8.68042	
0.953674	8.68011	
0.949707	8.67889	
0.949402	8.68011	
0.950623	8.68011	
0.951233	8.67981	
0.954285	8.68042	
0.953064	8.67981	
0.951538	8.68011	
0.953979	8.68011	
0.949097	8.6792	
0.950012	8.68011	
0.951538	8.67981	
0.952148	8.68073	
0.953369	8.68011	
0.952148	8.68073	
0.949707	8.68011	
0.952454	8.68011	
0.953979	8.6795	
0.951843	8.6795	
0.958557	8.68011	
0.952759	8.68011	
0.949097	8.68073	
0.949097	8.68073	
0.948792	8.67981	
0.950012	8.68011	
0.951233	8.67981	
0.958557	8.68073	
0.952454	8.68042	
0.95459	8.68011	
0.955505	8.68011	
0.9552	8.68011	
0.954895	8.68011	
0.953064	8.68042	
0.949402	8.68103	
0.951233	8.67981	
0.954285	8.68011	
0.954895	8.68042	
0.954285	8.6795	
0.949097	8.68011	
0.954895	8.68011	
0.950012	8.67981	
0.951538	8.68011	
0.953369	8.67981	
0.955505	8.68042	
0.953979	8.67981	
0.950317	8.6795	
0.949707	8.67981	
0.950012	8.6795	
0.951843	8.67981	
0.952148	8.67981	
0.958862	8.68042	
0.955811	8.68042	
0.95459	8.67981	
0.954895	8.68011	
0.953674	8.67981	
0.957336	8.6795	
0.954895	8.68042	
0.949402	8.67981	
0.951843	8.68011	
0.952148	8.68011	
0.952759	8.67981	
0.953979	8.6795	
0.950012	8.68011	
0.952148	8.67981	
0.952148	8.68011	
0.955811	8.6795	
0.950012	8.68011	
0.952454	8.68011	
0.955811	8.68011	
0.951538	8.6795	
0.958252	8.68042	
0.953979	8.6795	
0.953674	8.6795	
0.955505	8.68042	
0.95459	8.67981	
0.952148	8.68042	
0.950012	8.6792	
0.953064	8.6792	
0.955811	8.6795	
0.952759	8.6792	
0.957031	8.67889	
0.955505	8.67889	
0.953674	8.68011	
0.953674	8.6795	
0.953369	8.6795	
0.950623	8.6792	
0.950928	8.6792	
0.952759	8.6792	
0.957947	8.6795	
0.952759	8.67889	
0.958557	8.6795	
0.951538	8.6792	
0.952759	8.6792	
0.953064	8.6792	
0.952454	8.67859	
0.957336	8.6795	
0.951233	8.6792	
0.953369	8.6792	
0.956726	8.6792	
0.955811	8.6792	
0.949402	8.6795	
0.949402	8.6795	
0.952148	8.67981	
0.954895	8.67981	
0.952148	8.6792	
0.953369	8.6792	
0.953369	8.6795	
0.952759	8.6792	
0.957947	8.68011	
0.95459	8.67981	
0.949097	8.67859	
0.952454	8.67981	
0.951233	8.6795	
0.958862	8.67889	
0.951843	8.6795	
0.952759	8.6792	
0.950928	8.67889	
0.953064	8.6795	
0.957031	8.6792	
0.956116	8.67889	
0.953369	8.6792	
0.955811	8.68042	
0.95459	8.6795	
0.955505	8.67889	
0.953064	8.6792	
0.958557	8.67981	
0.954895	8.67859	
0.949097	8.67889	
0.953369	8.6792	
0.952454	8.67889	
0.957031	8.67981	
0.953064	8.6795	
0.954285	8.6795	
0.955505	8.6795	
0.95459	8.68011	
0.950317	8.6795	
0.952759	8.67889	
0.948486	8.6792	
0.951538	8.6795	
0.953674	8.6795	
0.9552	8.6792	
0.952759	8.67889	
0.95459	8.68011	
0.953369	8.67981	
0.954285	8.67981	
0.954285	8.6795	
0.955505	8.68011	
0.952454	8.6795	
0.955811	8.6795	
0.952148	8.67981	
0.953064	8.6795	
0.957336	8.67981	
0.95459	8.6795	
0.954285	8.6795	
0.955505	8.6792	
0.953064	8.67981	
0.955505	8.6792	
0.952759	8.67981	
0.9552	8.67981	
0.952759	8.6795	
0.953979	8.6792	
0.954285	8.6795	
0.9552	8.68011	
0.953979	8.6792	
0.949402	8.67981	
0.951538	8.6792	
0.95459	8.68011	
0.950012	8.6795	
0.950012	8.68011	
0.951843	8.68011	
0.955811	8.6795	
0.951233	8.67981	
0.950623	8.6795	
0.951538	8.6795	
0.95459	8.6795	
0.954895	8.6795	
0.949707	8.6795	
0.952148	8.67981	
0.955811	8.67981	
0.951843	8.6795	
0.951538	8.67889	
0.955811	8.6795	
0.953674	8.67981	
0.952759	8.6795	
0.955811	8.67981	
0.953979	8.67981	
0.950623	8.6792	
0.952759	8.6795	
0.95459	8.6795	
0.952759	8.67981	
0.953369	8.68011	
0.95459	8.67981	
0.950623	8.67981	
0.953979	8.68011	
0.952759	8.6795	
0.951538	8.6792	
0.949707	8.67981	
0.953369	8.68042	
0.957642	8.67981	
0.956421	8.67981	
0.950012	8.6792	
0.956116	8.6795	
0.954285	8.67981	
0.953369	8.68011	
0.958557	8.67981	
0.956421	8.68042	
0.949402	8.6795	
0.951538	8.6795	
0.953369	8.67981	
0.957336	8.6795	
0.9552	8.6795	
0.954895	8.68011	
0.953674	8.67981	
0.953369	8.6795	
0.9552	8.68042	
0.955505	8.67981	
0.953064	8.67981	
0.953064	8.67981	
0.956116	8.6795	
0.95459	8.67981	
0.950623	8.6795	
0.952454	8.67981	
0.952454	8.6795	
0.958862	8.67981	
0.953674	8.6795	
0.952454	8.67981	
0.958252	8.67981	
0.95459	8.6792	
0.951233	8.6792	
0.951538	8.6795	
0.952148	8.67981	
0.958557	8.68011	
0.951538	8.68073	
0.952148	8.6795	
0.953369	8.6795	
0.950012	8.6795	
0.952454	8.6792	
0.958862	8.68011	
0.953979	8.67981	
0.954285	8.67981	
0.955505	8.68011	
0.952148	8.68011	
0.955505	8.67981	
0.953369	8.6795	
0.9552	8.68011	
0.955505	8.68011	
0.955505	8.6792	
0.952148	8.6795	
0.953369	8.67981	
0.953064	8.67981	
0.952148	8.67981	
0.954895	8.67981	
0.952148	8.6792	
0.953064	8.67981	
0.953674	8.67981	
0.953064	8.6795	
0.952759	8.6795	
0.954895	8.6792	
0.953979	8.67981	
0.952148	8.6792	
0.95459	8.6792	
0.953674	8.67981	
0.952759	8.68011	
0.954895	8.67981	
0.953064	8.68011	
0.953064	8.67981	
0.955811	8.67828	
0.954895	8.67889	
0.953064	8.67859	
0.953369	8.67859	
0.956116	8.67828	
0.956116	8.67859	
0.952759	8.67889	
0.956116	8.67981	
0.956116	8.67981	
0.954285	8.67889	
0.952454	8.68011	
0.955505	8.6795	
0.952759	8.67889	
0.950317	8.6792	
0.951843	8.67828	
0.956421	8.67828	
0.950012	8.67828	
0.951233	8.67828	
0.956116	8.6795	
0.952148	8.67859	
0.952759	8.67889	
0.955505	8.67859	
0.949707	8.67889	
0.950623	8.67889	
0.956726	8.67828	
0.951843	8.67889	
0.952148	8.6792	
0.953064	8.67889	
0.959778	8.67859	
0.952454	8.67889	
0.955811	8.67828	
0.956726	8.6795	
0.952148	8.67889	
0.952454	8.67828	
0.952148	8.67859	
0.958252	8.6792	
0.956726	8.67889	
0.950928	8.67828	
0.957642	8.6792	
0.954895	8.67889	
0.950928	8.67859	
0.958862	8.67889	
0.953064	8.6792	
0.953369	8.67889	
0.956116	8.67981	
0.956726	8.67981	
0.951538	8.67859	
0.958252	8.67859	
0.956116	8.67981	
0.953979	8.67889	
0.959473	8.6795	
0.952759	8.6792	
0.954895	8.6792	
0.951233	8.6792	
0.956726	8.67889	
0.950928	8.6795	
0.951538	8.67889	
0.954285	8.67889	
0.950623	8.67889	
0.952148	8.6792	
0.95459	8.67889	
0.950928	8.67889	
0.951538	8.6795	
0.957336	8.67859	
0.9552	8.6792	
0.957642	8.6792	
0.952148	8.6795	
0.95459	8.6792	
0.957642	8.67889	
0.954285	8.67859	
0.953674	8.6792	
0.958252	8.6795	
0.955505	8.67889	
0.951843	8.67981	
0.958862	8.67981	
0.95459	8.67889	
0.953979	8.67859	
0.958862	8.6792	
0.95459	8.6792	
0.951843	8.67889	
0.954895	8.6792	
0.954895	8.6795	
0.951233	8.6795	
0.950928	8.6792	
0.953979	8.67889	
0.958862	8.67859	
0.952454	8.67828	
0.952759	8.67889	
0.959473	8.6792	
0.957031	8.6792	
0.953369	8.6795	
0.959167	8.6795	
0.9552	8.6792	
0.953369	8.6792	
0.957947	8.67889	
0.953369	8.6792	
0.953369	8.6792	
0.959167	8.67889	
0.952148	8.6792	
0.955811	8.6795	
0.956726	8.6792	
0.953064	8.6795	
0.952759	8.6792	
0.956726	8.6792	
0.951233	8.67981	
0.956726	8.67889	
0.950928	8.67859	
0.953369	8.6792	
0.956116	8.6795	
0.950317	8.6792	
0.958862	8.6792	
0.954895	8.6792	
0.953674	8.6792	
0.957642	8.6795	
0.956116	8.67859	
0.953674	8.6795	
0.958862	8.67981	
0.956726	8.6792	
0.952759	8.6795	
0.959167	8.6792	
0.951538	8.67981	
0.953674	8.6792	
0.953979	8.6792	
0.950928	8.67981	
0.953979	8.6792	
0.951538	8.6792	
0.953064	8.67889	
0.953369	8.6795	
0.959167	8.6795	
0.954285	8.67828	
0.952454	8.6792	
0.956116	8.6792	
0.957031	8.6792	
0.950928	8.67889	
0.958252	8.68011	
0.956726	8.67889	
0.950928	8.67859	
0.95459	8.67889	
0.953674	8.6795	
0.954895	8.6792	
0.958557	8.67859	
0.953979	8.67889	
0.952759	8.6795	
0.957336	8.6795	
0.9552	8.6792	
0.952454	8.6795	
0.957031	8.67889	
0.951538	8.6792	
0.952759	8.6792	
0.950317	8.6795	
0.95459	8.6792	
0.955505	8.6792	
0.952759	8.6795	
0.955505	8.6792	
0.9552	8.67889	
0.953979	8.67889	
0.956421	8.67981	
0.955811	8.6795	
0.954285	8.6792	
0.955505	8.6795	
0.955811	8.6792	
0.953674	8.67889	
0.955505	8.6795	
0.953674	8.6795	
0.9552	8.6792	
0.957642	8.6792	
0.95459	8.6792	
0.953064	8.6792	
0.957947	8.6795	
0.952148	8.6792	
0.956421	8.6792	
0.950928	8.67889	
0.959167	8.6795	
0.950928	8.67889	
0.953979	8.67889	
0.951843	8.67889	
0.956116	8.68011	
0.95459	8.6792	
0.95459	8.6795	
0.954285	8.6792	
0.954285	8.67889	
0.954895	8.67889	
0.954285	8.6795	
0.956421	8.6792	
0.95459	8.67889	
0.959778	8.6792	
0.953979	8.67889	
0.953979	8.67859	
0.949707	8.67889	
0.958862	8.67889	
0.953064	8.67889	
0.95459	8.67859	
0.957336	8.6792	
0.950928	8.6792	
0.953369	8.67981	
0.959167	8.6795	
0.952454	8.6792	
0.954285	8.6795	
0.956116	8.67889	
0.952454	8.67889	
0.953979	8.6792	
0.950928	8.6795	
0.955811	8.6792	
0.953674	8.67889	
0.9552	8.67889	
0.953979	8.6792	
0.953674	8.6795	
0.955811	8.67981	
0.953979	8.6795	
0.953064	8.6795	
0.955811	8.67828	
0.958252	8.6792	
0.953064	8.67798	
0.9552	8.67828	
0.957947	8.67889	
0.953979	8.6792	
0.953064	8.67828	
0.959778	8.6792	
0.952148	8.67767	
0.956421	8.67828	
0.950928	8.67828	
0.957642	8.67859	
0.953674	8.67859	
0.952454	8.6792	
0.959473	8.67859	
0.952454	8.67859	
0.953674	8.67828	
0.952454	8.67859	
0.952759	8.67859	
0.954895	8.6792	
0.954895	8.6792	
0.953369	8.67828	
0.95459	8.67798	
0.9552	8.67859	
0.956116	8.67889	
0.956726	8.67828	
0.95459	8.6792	
0.957947	8.6792	
0.953064	8.67859	
0.957031	8.67859	
0.953979	8.67889	
0.95459	8.67889	
0.956116	8.67889	
0.9552	8.6792	
0.955505	8.67889	
0.956116	8.6792	
0.956116	8.67889	
0.957642	8.6795	
0.952759	8.67889	
0.960388	8.67981	
0.952759	8.67859	
0.953979	8.67889	
0.954895	8.67859	
0.953064	8.6795	
0.956726	8.67889	
0.950928	8.67981	
0.957642	8.67859	
0.9552	8.6792	
0.954895	8.67889	
0.958557	8.67859	
0.952759	8.67889	
0.957336	8.67889	
0.956726	8.67889	
0.957642	8.67889	
0.952148	8.67889	
0.957336	8.6792	
0.950928	8.67828	
0.958557	8.6792	
0.952454	8.67859	
0.956726	8.6792	
0.955505	8.67859	
0.959473	8.6792	
0.952759	8.67889	
0.955505	8.6792	
0.951233	8.67889	
0.954895	8.6792	
0.952759	8.6795	
0.953979	8.6795	
0.952148	8.67767	
0.955811	8.6792	
0.955811	8.67981	
0.954285	8.6795	
0.953674	8.6792	
0.9552	8.67889	
0.956421	8.67889	
0.955505	8.6792	
0.953674	8.67859	
0.956421	8.6795	
0.959167	8.67889	
0.953369	8.6792	
0.953369	8.67859	
0.958862	8.6792	
0.951843	8.67859	
0.954895	8.67889	
0.951538	8.67828	
0.952759	8.6792	
0.957336	8.6795	
0.952454	8.6792	
0.959778	8.67828	
0.951538	8.67889	
0.956116	8.6792	
0.953979	8.67889	
0.95459	8.6795	
0.953064	8.67859	
0.9552	8.6792	
0.9552	8.6792	
0.957031	8.67889	
0.953064	8.67889	
0.960083	8.67859	
0.954285	8.67859	
0.956726	8.6795	
0.952454	8.67798	
0.953064	8.67828	
0.956726	8.6792	
0.953369	8.67889	
0.956116	8.67889	
0.95459	8.6792	
0.954285	8.67828	
0.954895	8.67889	
0.955505	8.67859	
0.954895	8.67889	
0.952759	8.6792	
0.959473	8.67798	
0.953369	8.67889	
0.954895	8.67859	
0.952148	8.67859	
0.956116	8.6792	
0.952454	8.67859	
0.9552	8.6792	
0.953674	8.67889	
0.9552	8.67889	
0.957336	8.6792	
0.955505	8.6792	
0.9552	8.67889	
0.953674	8.67798	
0.953064	8.6792	
0.956421	8.67889	
0.953979	8.67889	
0.956116	8.67889	
0.955505	8.67889	
0.953064	8.67859	
0.956726	8.6795	
0.953369	8.67859	
0.956726	8.6792	
0.951843	8.67889	
0.958252	8.67889	
0.953064	8.6792	
0.955811	8.6792	
0.95459	8.67889	
0.958557	8.6792	
0.954285	8.67889	
0.952454	8.67859	
0.952454	8.67828	
0.951843	8.67798	
0.956726	8.67981	
0.950928	8.67859	
0.956421	8.6795	
0.952759	8.67889	
0.955505	8.67981	
0.953674	8.67889	
0.956726	8.6792	
0.95459	8.67859	
0.955505	8.67889	
0.958862	8.6792	
0.951843	8.67859	
0.956421	8.6792	
0.953064	8.6795	
0.956116	8.67859	
0.952759	8.6792	
0.955505	8.6792	
0.953674	8.67889	
0.954285	8.6792	
0.954285	8.67889	
0.953979	8.67859	
0.957947	8.67859	
0.951843	8.6792	
0.956726	8.6792	
0.9552	8.67828	
0.955811	8.67889	
0.95459	8.67889	
0.9552	8.6792	
0.953979	8.67828	
0.958252	8.67859	
0.953064	8.67889	
0.956726	8.67889	
0.952148	8.67859	
0.956726	8.67889	
0.953674	8.6792	
0.956116	8.6792	
0.953979	8.67889	
0.953979	8.67889	
0.957031	8.67889	
0.953064	8.67889	
0.9552	8.67828	
0.957031	8.6792	
0.954895	8.67889	
0.954285	8.6792	
0.951843	8.67828	
0.956726	8.67889	
0.953674	8.67889	
0.953064	8.67889	
0.951538	8.67828	
0.953674	8.67889	
0.954895	8.67828	
0.9552	8.67828	
0.950928	8.67859	
0.957336	8.6792	
0.953369	8.67828	
0.955811	8.67859	
0.959778	8.67859	
0.95459	8.67859	
0.955811	8.6792	
0.951538	8.67859	
0.959778	8.67859	
0.953369	8.67889	
0.953979	8.67859	
0.951843	8.67889	
0.9552	8.67767	
0.955811	8.67828	
0.956116	8.67889	
0.955811	8.67828	
0.957031	8.67767	
0.953674	8.6795	
0.951233	8.67798	
0.956116	8.67798	
0.951233	8.67859	
0.955505	8.67859	
0.954285	8.67798	
0.957642	8.67828	
0.953674	8.67828	
0.954285	8.67859	
0.958557	8.67859	
0.953979	8.67828	
0.957642	8.6792	
0.954285	8.67859	
0.951233	8.67798	
0.952454	8.67889	
0.955505	8.67889	
0.953369	8.6792	
0.957642	8.67798	
0.953674	8.67767	
0.954285	8.67798	
0.950928	8.67828	
0.959778	8.67889	
0.950623	8.67859	
0.955505	8.67859	
0.956421	8.67859	
0.958252	8.67889	
0.952148	8.67859	
0.953674	8.67798	
0.950928	8.67828	
0.957336	8.67828	
0.951843	8.67828	
0.955811	8.67889	
0.956116	8.67889	
0.958862	8.67828	
0.953064	8.67767	
0.9552	8.67798	
0.953979	8.67828	
0.951538	8.67828	
0.955505	8.6792	
0.955811	8.67828	
0.953979	8.67859	
0.951538	8.67798	
0.955505	8.67828	
0.957336	8.67828	
0.954285	8.67798	
0.953979	8.67859	
0.951843	8.67859	
0.957642	8.67859	
0.952759	8.67889	
0.954285	8.67889	
0.954285	8.67828	
0.954285	8.67798	
0.953064	8.67798	
0.957031	8.67767	
0.953979	8.67828	
0.954895	8.67798	
0.956726	8.67859	
0.954895	8.67737	
0.957336	8.67889	
0.952759	8.67859	
0.950928	8.67828	
0.956421	8.67828	
0.953674	8.67828	
0.953674	8.67798	
0.951538	8.67859	
0.960388	8.67767	
0.950317	8.67889	
0.956726	8.67798	
0.9552	8.67828	
0.957642	8.67828	
0.952454	8.67859	
0.955811	8.67828	
0.9552	8.67828	
0.953979	8.67828	
0.959778	8.67859	
0.957642	8.67889	
0.951538	8.67798	
0.956421	8.67828	
0.956726	8.67798	
0.960693	8.67828	
0.953674	8.67889	
0.950928	8.67889	
0.955505	8.67859	
0.955505	8.67828	
0.956116	8.67859	
0.953979	8.67798	
0.9552	8.67828	
0.954285	8.67859	
0.952454	8.67889	
0.956726	8.67828	
0.954285	8.6792	
0.953064	8.67828	
0.954895	8.67828	
0.955505	8.67828	
0.957031	8.67828	
0.953674	8.67798	
0.953674	8.67859	
0.951233	8.67828	
0.9552	8.67828	
0.954895	8.67798	
0.955505	8.67889	
0.953674	8.67859	
0.954285	8.67798	
0.954895	8.67828	
0.9552	8.67828	
0.956726	8.67767	
0.954285	8.67798	
0.953674	8.67859	
0.954285	8.67889	
0.956421	8.67798	
0.954285	8.67798	
0.956116	8.67828	
0.960693	8.67767	
0.952454	8.67828	
0.954895	8.67889	
0.954895	8.67889	
0.9552	8.67859	
0.954285	8.67889	
0.9552	8.67828	
0.956726	8.6792	
0.95459	8.67859	
0.950928	8.67798	
0.956421	8.67798	
0.953674	8.67859	
0.952759	8.67828	
0.952454	8.67767	
0.958862	8.67767	
0.950928	8.67798	
0.956421	8.67828	
0.956116	8.67828	
0.958252	8.6792	
0.950928	8.67828	
0.957031	8.67889	
0.9552	8.67828	
0.953369	8.67828	
0.956421	8.67889	
0.954895	8.67859	
0.953674	8.67828	
0.95459	8.67828	
0.95459	8.67798	
0.954285	8.67889	
0.953674	8.67828	
0.953369	8.67889	
0.9552	8.67859	
0.959778	8.67828	
0.952454	8.67828	
0.956116	8.67859	
0.9552	8.67859	
0.957031	8.67828	
0.958557	8.67859	
0.95459	8.67889	
0.956421	8.6792	
0.955811	8.67828	
0.959778	8.67798	
0.952148	8.67859	
0.952759	8.67828	
0.956421	8.67828	
0.954285	8.67889	
0.960388	8.67828	
0.951538	8.67859	
0.954285	8.67798	
0.955811	8.67889	
0.95459	8.67889	
0.956421	8.67798	
0.958557	8.67889	
0.954285	8.67798	
0.95459	8.67859	
0.95459	8.67889	
0.95459	8.67889	
0.956421	8.67828	
0.956116	8.67889	
0.953369	8.67859	
0.951843	8.67889	
0.956116	8.67889	
0.9552	8.67828	
0.953674	8.67889	
0.953674	8.67798	
0.950623	8.67859	
0.956421	8.67889	
0.955505	8.67859	
0.952759	8.67828	
0.950928	8.67767	
0.950928	8.67889	
0.956116	8.6795	
0.957031	8.67889	
0.956421	8.67889	
0.954895	8.6795	
0.952759	8.67828	
0.954895	8.67859	
0.957336	8.67859	
0.957031	8.67828	
0.95459	8.67828	
0.952454	8.67889	
0.95459	8.67889	
0.952759	8.6795	
0.952454	8.67828	
0.953979	8.6792	
0.953369	8.67828	
0.951538	8.67889	
0.959473	8.67828	
0.953979	8.6792	
0.95459	8.67889	
0.953979	8.67859	
0.951233	8.6792	
0.956421	8.6792	
0.957642	8.6792	
0.955811	8.67889	
0.955505	8.67889	
0.950928	8.67767	
0.952454	8.67859	
0.95459	8.67859	
0.952759	8.67798	
0.9552	8.67798	
0.956726	8.67859	
0.956116	8.67828	
0.953674	8.67706	
0.958862	8.67798	
0.95459	8.67798	
0.954285	8.67859	
0.953979	8.67798	
0.951538	8.67798	
0.953674	8.67767	
0.956726	8.67767	
0.957642	8.67767	
0.956726	8.67889	
0.9552	8.67767	
0.9552	8.67828	
0.95459	8.67859	
0.957947	8.67859	
0.955505	8.67798	
0.954895	8.67798	
0.952148	8.67767	
0.957336	8.67828	
0.95459	8.67767	
0.953979	8.67798	
0.952454	8.67828	
0.957336	8.67859	
0.957336	8.67798	
0.954895	8.67767	
0.954285	8.67767	
0.953064	8.67767	
0.957336	8.67767	
0.957947	8.67798	
0.956116	8.67798	
0.956116	8.67828	
0.9552	8.67798	
0.95459	8.67706	
0.955811	8.67859	
0.955811	8.67798	
0.957947	8.67828	
0.955811	8.67767	
0.955811	8.67767	
0.957947	8.67737	
0.958862	8.67828	
0.953369	8.67798	
0.957336	8.67767	
0.955811	8.67798	
0.955811	8.67828	
0.959167	8.67798	
0.957642	8.67767	
0.956421	8.67798	
0.953979	8.67767	
0.952759	8.67828	
0.958862	8.67798	
0.956421	8.67767	
0.95459	8.67798	
0.956116	8.67767	
0.955811	8.67859	
0.953064	8.67798	
0.956421	8.67828	
0.95459	8.67798	
0.957947	8.67859	
0.957336	8.67737	
0.95459	8.67767	
0.952759	8.67767	
0.957336	8.67737	
0.95459	8.67767	
0.956421	8.67798	
0.957642	8.67798	
0.956421	8.67798	
0.955505	8.67798	
0.953064	8.67767	
0.952148	8.67889	
0.957336	8.67798	
0.952759	8.67737	
0.952148	8.67798	
0.954895	8.67767	
0.953674	8.67828	
0.953369	8.67767	
0.953674	8.67798	
0.956116	8.67828	
0.957031	8.67889	
0.952148	8.67798	
0.957031	8.67798	
0.957031	8.67828	
0.959778	8.67828	
0.958862	8.67798	
0.956726	8.67828	
0.957947	8.67767	
0.957947	8.67889	
0.9552	8.67798	
0.952454	8.67767	
0.957642	8.67798	
0.956726	8.67767	
0.958252	8.67767	
0.955811	8.67767	
0.953369	8.67767	
0.955505	8.67859	
0.956116	8.67798	
0.957642	8.67828	
0.95459	8.67798	
0.955811	8.67798	
0.958557	8.67798	
0.9552	8.67798	
0.957336	8.67828	
0.956421	8.67767	
0.958557	8.67828	
0.9552	8.67798	
0.953674	8.67767	
0.959473	8.67767	
0.960388	8.67798	
0.954895	8.67767	
0.955505	8.67889	
0.956421	8.67859	
0.954285	8.67798	
0.956726	8.67828	
0.957031	8.67706	
0.959778	8.67859	
0.955811	8.67737	
0.954895	8.67859	
0.954895	8.67828	
0.951843	8.67798	
0.951233	8.67859	
0.95459	8.67798	
0.956116	8.67798	
0.957031	8.67859	
0.957336	8.67828	
0.956116	8.67798	
0.951233	8.67828	
0.957336	8.67798	
0.957031	8.67828	
0.957642	8.67798	
0.956421	8.67828	
0.9552	8.67859	
0.956726	8.67828	
0.951233	8.67767	
0.953674	8.67767	
0.95459	8.67889	
0.952148	8.67859	
0.952454	8.67767	
0.95459	8.67828	
0.957031	8.67859	
0.954895	8.67859	
0.954895	8.67706	
0.954895	8.67859	
0.955505	8.67737	
0.951843	8.67828	
0.955811	8.67798	
0.9552	8.67828	
0.951843	8.67798	
0.955505	8.67737	
0.957031	8.67798	
0.9552	8.67798	
0.95459	8.67706	
0.951233	8.67737	
0.955811	8.67767	
0.959473	8.67767	
0.956726	8.67828	
0.954895	8.67798	
0.955505	8.67767	
0.954895	8.67798	
0.95459	8.67798	
0.956116	8.67798	
0.953369	8.67767	
0.954285	8.67859	
0.957031	8.67828	
0.954285	8.67859	
0.954285	8.67798	
0.952148	8.67767	
0.957947	8.67798	
0.957642	8.67828	
0.953064	8.67859	
0.956421	8.67828	
0.957031	8.67859	
0.9552	8.67737	
0.957336	8.67767	
0.951233	8.67767	
0.952759	8.67767	
0.956421	8.67828	
0.956421	8.67767	
0.953064	8.67767	
0.957336	8.67828	
0.954895	8.67828	
0.955505	8.67798	
0.95459	8.67767	
0.960999	8.67798	
0.959473	8.67859	
0.9552	8.67798	
0.958252	8.67828	
0.955811	8.67859	
0.955811	8.67798	
0.955811	8.67767	
0.951538	8.67737	
0.952454	8.67828	
0.958557	8.67798	
0.953369	8.67889	
0.951538	8.67798	
0.957336	8.67767	
0.954895	8.67767	
0.954285	8.67767	
0.952759	8.6792	
0.960388	8.67737	
0.956116	8.67767	
0.952454	8.67798	
0.954895	8.67828	
0.957336	8.67767	
0.955811	8.67828	
0.957336	8.67767	
0.961304	8.67889	
0.959473	8.67798	
0.957031	8.67828	
0.958252	8.67798	
0.956421	8.67798	
0.957336	8.67798	
0.954285	8.67828	
0.952148	8.67737	
0.953674	8.67706	
0.955505	8.67706	
0.95459	8.67798	
0.954285	8.67767	
0.9552	8.67767	
0.95459	8.67737	
0.95459	8.67798	
0.954285	8.67798	
0.961609	8.67767	
0.961304	8.67798	
0.956726	8.67767	
0.955505	8.67798	
0.954285	8.67706	
0.957947	8.67737	
0.955505	8.67798	
0.952759	8.67767	
0.952759	8.67706	
0.960999	8.67737	
0.955505	8.67798	
0.957947	8.67798	
0.953674	8.67798	
0.953064	8.67737	
0.9552	8.67767	
0.956116	8.67798	
0.956421	8.67798	
0.958862	8.67767	
0.957642	8.67706	
0.959473	8.67706	
0.956726	8.67767	
0.953064	8.67737	
0.953979	8.67767	
0.957642	8.67798	
0.95459	8.67798	
0.955811	8.67798	
0.956421	8.67706	
0.961914	8.67798	
0.960693	8.67798	
0.958252	8.67737	
0.955505	8.67737	
0.952759	8.67737	
0.958557	8.67767	
0.957642	8.67737	
0.956421	8.67737	
0.955505	8.67767	
0.955811	8.67828	
0.957336	8.67798	
0.956116	8.67798	
0.959473	8.67706	
0.958557	8.67767	
0.957947	8.67706	
0.957642	8.67737	
0.956116	8.67706	
0.957031	8.67798	
0.958557	8.67798	
0.952759	8.67767	
0.956116	8.67828	
0.959167	8.67767	
0.958557	8.67767	
0.958252	8.67767	
0.956421	8.67798	
0.95459	8.67798	
0.956116	8.67737	
0.958252	8.67737	
0.956116	8.67828	
0.9552	8.67737	
0.953369	8.67767	
0.959167	8.67798	
0.960083	8.67828	
0.957642	8.67828	
0.954895	8.67706	
0.954285	8.67798	
0.954285	8.67798	
0.9552	8.67798	
0.956421	8.67767	
0.956116	8.67767	
0.955505	8.67798	
0.956726	8.67767	
0.956116	8.67828	
0.9552	8.67737	
0.957642	8.67828	
0.957642	8.67767	
0.958557	8.67737	
0.956421	8.67737	
0.957947	8.67798	
0.954895	8.67798	
0.953064	8.67706	
0.957031	8.67828	
0.958252	8.67767	
0.957947	8.67767	
0.956421	8.67798	
0.957947	8.67828	
0.9552	8.67767	
0.957031	8.67767	
0.951843	8.67706	
0.9552	8.67767	
0.955811	8.67798	
0.959167	8.67798	
0.957642	8.67767	
0.957031	8.67706	
0.958557	8.67767	
0.957031	8.67828	
0.955811	8.67737	
0.9552	8.67828	
0.955505	8.67798	
0.957947	8.67737	
0.957642	8.67767	
0.9552	8.67767	
0.953369	8.67767	
0.957642	8.67767	
0.956116	8.67767	
0.956421	8.67798	
0.955505	8.67767	
0.9552	8.67767	
0.956421	8.67798	
0.954285	8.67737	
0.955505	8.67706	
0.957947	8.67737	
0.952759	8.67737	
0.952759	8.67676	
0.960083	8.67767	
0.959778	8.67798	
0.956116	8.67798	
0.956116	8.67798	
0.955505	8.67706	
0.957947	8.67767	
0.958862	8.67706	
0.957947	8.67737	
0.95459	8.67767	
0.9552	8.67737	
0.956116	8.67767	
0.961914	8.67767	
0.960083	8.67767	
0.956116	8.67828	
0.954285	8.67767	
0.954895	8.67889	
0.956726	8.67737	
0.957336	8.67767	
0.957031	8.67767	
0.954895	8.67798	
0.956116	8.67737	
0.957642	8.67737	
0.953064	8.67676	
0.953979	8.67798	
0.958557	8.67767	
0.959778	8.67737	
0.956116	8.67798	
0.961609	8.67737	
0.955505	8.67828	
0.957031	8.67767	
0.953674	8.67798	
0.957642	8.67859	
0.953979	8.67767	
0.957642	8.67767	
0.958557	8.67828	
0.957642	8.67737	
0.955505	8.67767	
0.955811	8.67798	
0.956116	8.67737	
0.956116	8.67737	
0.953369	8.67767	
0.959473	8.67737	
0.960999	8.67767	
0.955811	8.67798	
0.957947	8.67767	
0.9552	8.67798	
0.956726	8.67828	
0.95459	8.67798	
0.956116	8.67737	
0.955505	8.67767	
0.954285	8.67706	
0.952454	8.67706	
0.961304	8.67767	
0.959778	8.67798	
0.956116	8.67798	
0.953369	8.67706	
0.95459	8.67737	
0.958557	8.67767	
0.958557	8.67828	
0.955505	8.67706	
0.958862	8.67767	
0.957947	8.67737	
0.954895	8.67706	
0.956116	8.67798	
0.957947	8.67798	
0.952454	8.67767	
0.953979	8.67737	
0.961914	8.67828	
0.960999	8.67676	
0.956726	8.67767	
0.953979	8.67798	
0.958557	8.67737	
0.954285	8.67767	
0.953064	8.67798	
0.957336	8.67706	
0.957642	8.67706	
0.95459	8.67767	
0.958252	8.67859	
0.955505	8.67737	
0.955505	8.67767	
0.955505	8.67737	
0.955811	8.67767	
0.955505	8.67706	
0.957336	8.67798	
0.955811	8.67767	
0.95459	8.67737	
0.957336	8.67828	
0.955505	8.67767	
0.960388	8.67798	
0.953979	8.67767	
0.962524	8.67737	
0.958252	8.67798	
0.960999	8.67767	
0.958252	8.67767	
0.957947	8.67798	
0.953064	8.67767	
0.957947	8.67798	
0.953674	8.67767	
0.952454	8.67767	
0.956116	8.67767	
0.958862	8.67828	
0.955505	8.67737	
0.956116	8.67798	
0.957642	8.67798	
0.9552	8.67767	
0.956116	8.67798	
0.957642	8.67737	
0.956421	8.67767	
0.957642	8.67767	
0.956421	8.67798	
0.953064	8.67706	
0.961304	8.67767	
0.953979	8.67737	
0.960999	8.67737	
0.953064	8.67798	
0.957642	8.67798	
0.959167	8.67737	
0.957947	8.67737	
0.953369	8.67737	
0.956421	8.67706	
0.958557	8.67676	
0.953064	8.67767	
0.955811	8.67676	
0.958862	8.67737	
0.955811	8.67706	
0.958252	8.67737	
0.958252	8.67859	
0.955505	8.67767	
0.955505	8.67767	
0.9552	8.67798	
0.956421	8.67798	
0.957031	8.67737	
0.9552	8.67767	
0.957336	8.67798	
0.952148	8.67676	
0.952148	8.67706	
0.958862	8.67737	
0.960999	8.67767	
0.957336	8.67737	
0.957031	8.67798	
0.958252	8.67767	
0.953064	8.67737	
0.955811	8.67828	
0.958557	8.67737	
0.958252	8.67706	
0.956116	8.67767	
0.958557	8.67706	
0.956726	8.67706	
0.956726	8.67737	
0.955505	8.67676	
0.954895	8.67737	
0.955811	8.67767	
0.955811	8.67767	
0.953979	8.67737	
0.957031	8.67645	
0.952454	8.67737	
0.953674	8.67676	
0.961914	8.67737	
0.959167	8.67676	
0.956116	8.67737	
0.955811	8.67737	
0.958557	8.67676	
0.954285	8.67676	
0.957642	8.67737	
0.958252	8.67706	
0.953979	8.67676	
0.956116	8.67737	
0.957336	8.67737	
0.955505	8.67706	
0.957336	8.67706	
0.957642	8.67706	
0.9552	8.67645	
0.9552	8.67767	
0.957031	8.67645	
0.954895	8.67706	
0.957642	8.67706	
0.957336	8.67706	
0.954895	8.67706	
0.962219	8.67676	
0.953369	8.67737	
0.960083	8.67798	
0.959473	8.67798	
0.957031	8.67737	
0.954895	8.67645	
0.957947	8.67767	
0.957336	8.67615	
0.954895	8.67645	
0.955811	8.67737	
0.958862	8.67706	
0.957642	8.67767	
0.95459	8.67737	
0.955505	8.67737	
0.957031	8.67676	
0.9552	8.67767	
0.957947	8.67737	
0.952759	8.67737	
0.954285	8.67737	
0.952759	8.67737	
0.9552	8.67767	
0.954285	8.67737	
0.953064	8.67737	
0.953064	8.67737	
0.9552	8.67767	
0.954285	8.67706	
0.958557	8.67676	
0.956726	8.67706	
0.960083	8.67798	
0.954895	8.67676	
0.960083	8.67737	
0.9552	8.67676	
0.954895	8.67737	
0.958557	8.67737	
0.954895	8.67706	
0.955811	8.67737	
0.955505	8.67737	
0.954895	8.67706	
0.953979	8.67676	
0.955811	8.67706	
0.960083	8.67737	
0.955505	8.67767	
0.9552	8.67706	
0.958252	8.67676	
0.953064	8.67676	
0.955505	8.67706	
0.955811	8.67676	
0.952454	8.67737	
0.957336	8.67798	
0.9552	8.67615	
0.956116	8.67706	
0.95459	8.67737	
0.955811	8.67676	
0.958252	8.67767	
0.955505	8.67767	
0.957947	8.67798	
0.957336	8.67676	
0.954895	8.67706	
0.956116	8.67706	
0.9552	8.67767	
0.955505	8.67676	
0.957031	8.67706	
0.952148	8.67767	
0.9552	8.67737	
0.954285	8.67737	
0.957336	8.67737	
0.953064	8.67706	
0.956726	8.67767	
0.952759	8.67706	
0.957031	8.67706	
0.956421	8.67676	
0.952454	8.67767	
0.961609	8.67767	
0.960083	8.67798	
0.956421	8.67706	
0.958862	8.67706	
0.9552	8.67676	
0.956116	8.67676	
0.958557	8.67706	
0.955811	8.67706	
0.952454	8.67737	
0.958252	8.67676	
0.951538	8.67737	
0.958252	8.67767	
0.952454	8.67737	
0.956421	8.67828	
0.956726	8.67737	
0.95459	8.67737	
0.958862	8.67706	
0.957642	8.67737	
0.955811	8.67737	
0.955811	8.67737	
0.958252	8.67767	
0.955505	8.67767	
0.957336	8.67767	
0.954285	8.67737	
0.955505	8.67737	
0.959778	8.67737	
0.953674	8.67767	
0.961914	8.67737	
0.957336	8.67706	
0.955505	8.67828	
0.953064	8.67798	
0.957031	8.67767	
0.956726	8.67706	
0.958252	8.67767	
0.957642	8.67767	
0.958557	8.67767	
0.954895	8.67767	
0.956421	8.67798	
0.957947	8.67767	
0.956116	8.67798	
0.956116	8.67798	
0.955505	8.67798	
0.956116	8.67767	
0.958557	8.67798	
0.957031	8.67798	
0.958252	8.67798	
0.952454	8.67737	
0.956421	8.67676	
0.960083	8.67737	
0.958557	8.67767	
0.959778	8.67676	
0.960693	8.67737	
0.956421	8.67737	
0.957947	8.67737	
0.957336	8.67798	
0.957642	8.67798	
0.958557	8.67737	
0.956116	8.67706	
0.95459	8.67767	
0.956726	8.67798	
0.958557	8.67767	
0.957642	8.67767	
0.953979	8.67706	
0.958862	8.67706	
0.953674	8.67737	
0.956116	8.67737	
0.958252	8.67767	
0.9552	8.67828	
0.956116	8.67767	
0.958252	8.67767	
0.954285	8.67767	
0.957336	8.67828	
0.959778	8.67737	
0.957642	8.67737	
0.957642	8.67737	
0.957947	8.67767	
0.958252	8.67767	
0.958557	8.67767	
0.957336	8.67767	
0.956421	8.67767	
0.958252	8.67767	
0.95459	8.67767	
0.957947	8.67737	
0.953674	8.67767	
0.957947	8.67767	
0.95459	8.67737	
0.956421	8.67767	
0.952759	8.67706	
0.954285	8.67767	
0.961609	8.67767	
0.959778	8.67737	
0.957642	8.67706	
0.959167	8.67767	
0.959167	8.67798	
0.955505	8.67859	
0.955505	8.67737	
0.959167	8.67737	
0.954895	8.67737	
0.957031	8.67676	
0.953674	8.67767	
0.955505	8.67859	
0.958862	8.67676	
0.957947	8.67798	
0.958862	8.67767	
0.956421	8.67737	
0.959473	8.67828	
0.958252	8.67706	
0.958862	8.67645	
0.956726	8.67737	
0.959167	8.67706	
0.9552	8.67767	
0.958252	8.67798	
0.957336	8.67737	
0.958557	8.67767	
0.958557	8.67737	
0.953674	8.67737	
0.957947	8.67737	
0.953674	8.67767	
0.958862	8.67706	
0.954285	8.67767	
0.958557	8.67706	
0.953064	8.67859	
0.958252	8.67798	
0.954895	8.67798	
0.954285	8.67706	
0.957031	8.67706	
0.95459	8.67706	
0.957642	8.67676	
0.956116	8.67676	
0.953674	8.67737	
0.958557	8.67676	
0.954285	8.67737	
0.958862	8.67767	
0.954895	8.67737	
0.957336	8.67767	
0.953674	8.67828	
0.958557	8.67798	
0.954285	8.67706	
0.955811	8.67737	
0.95459	8.67767	
0.954895	8.67798	
0.956116	8.67798	
0.953369	8.67767	
0.959473	8.67737	
0.953674	8.67737	
0.957642	8.67767	
0.955505	8.67767	
0.953674	8.67706	
0.958862	8.67737	
0.954285	8.67676	
0.955505	8.67645	
0.9552	8.67828	
0.955811	8.67645	
0.956421	8.67676	
0.955505	8.67676	
0.958862	8.67737	
0.956116	8.67676	
0.953064	8.67706	
0.957336	8.67676	
0.95459	8.67645	
0.955505	8.67615	
0.958252	8.67706	
0.957947	8.67706	
0.957947	8.67706	
0.958557	8.67706	
0.957642	8.67645	
0.957642	8.67645	
0.957947	8.67737	
0.957947	8.67676	
0.957336	8.67615	
0.956726	8.67737	
0.955505	8.67676	
0.958252	8.67706	
0.958252	8.67706	
0.955811	8.67615	
0.953369	8.67676	
0.957642	8.67645	
0.953064	8.67645	
0.958557	8.67584	
0.954285	8.67615	
0.955505	8.67706	
0.954895	8.67737	
0.957336	8.67676	
0.953064	8.67615	
0.956116	8.67615	
0.958862	8.67706	
0.955811	8.67615	
0.955505	8.67645	
0.9552	8.67737	
0.957336	8.67615	
0.957336	8.67676	
0.95459	8.67676	
0.958252	8.67645	
0.954895	8.67615	
0.956421	8.67676	
0.954285	8.67615	
0.957947	8.67706	
0.957336	8.67645	
0.958252	8.67676	
0.958862	8.67676	
0.955811	8.67706	
0.957336	8.67584	
0.955505	8.67645	
0.958252	8.67615	
0.954895	8.67615	
0.958252	8.67615	
0.955811	8.67737	
0.953674	8.67645	
0.958557	8.67645	
0.954285	8.67645	
0.957642	8.67584	
0.952759	8.67737	
0.958862	8.67676	
0.953979	8.67615	
0.957642	8.67676	
0.954895	8.67645	
0.953674	8.67706	
0.957947	8.67676	
0.954895	8.67676	
0.956421	8.67706	
0.9552	8.67615	
0.956726	8.67645	
0.953369	8.67706	
0.958252	8.67706	
0.95459	8.67706	
0.958252	8.67767	
0.961609	8.67767	
0.956421	8.67706	
0.956726	8.67737	
0.960999	8.67767	
0.953369	8.67676	
0.959778	8.67737	
0.952759	8.67737	
0.957947	8.67676	
0.955505	8.67615	
0.960693	8.67676	
0.956421	8.67676	
0.958862	8.67645	
0.961304	8.67706	
0.958252	8.67645	
0.958557	8.67645	
0.961609	8.67645	
0.953064	8.67615	
0.956726	8.67737	
0.9552	8.67615	
0.958862	8.67706	
0.956116	8.67676	
0.961304	8.67676	
0.955811	8.67706	
0.953979	8.67615	
0.957031	8.67676	
0.956421	8.67706	
0.955505	8.67706	
0.954895	8.67706	
0.957031	8.67706	
0.956116	8.67676	
0.956421	8.67615	
0.958557	8.67706	
0.958862	8.67706	
0.958252	8.67676	
0.953064	8.67737	
0.953369	8.67676	
0.958557	8.67615	
0.957336	8.67676	
0.955811	8.67737	
0.957947	8.67615	
0.961304	8.67645	
0.9552	8.67615	
0.95459	8.67584	
0.957336	8.67523	
0.957336	8.67554	
0.956726	8.67676	
0.956116	8.67615	
0.956116	8.67676	
0.956116	8.67706	
0.956116	8.67584	
0.957947	8.67676	
0.956421	8.67676	
0.957947	8.67706	
0.958557	8.67706	
0.957336	8.67615	
0.956726	8.67676	
0.956726	8.67706	
0.957031	8.67676	
0.955811	8.67645	
0.958252	8.67737	
0.956421	8.67645	
0.958862	8.67767	
0.956421	8.67645	
0.958557	8.67676	
0.957031	8.67615	
0.954895	8.67737	
0.958557	8.67645	
0.959778	8.67706	
0.955505	8.67676	
0.953369	8.67737	
0.9552	8.67706	
0.956421	8.67645	
0.9552	8.67676	
0.956116	8.67676	
0.953674	8.67584	
0.958862	8.67706	
0.953979	8.67645	
0.956421	8.67706	
0.961304	8.67645	
0.957031	8.67737	
0.960999	8.67645	
0.962219	8.67767	
0.956116	8.67706	
0.953674	8.67676	
0.957642	8.67645	
0.953674	8.67584	
0.957336	8.67706	
0.953064	8.67706	
0.957336	8.67706	
0.952759	8.67676	
0.957947	8.67737	
0.952148	8.67737	
0.958252	8.67737	
0.95459	8.67615	
0.957336	8.67767	
0.957031	8.67737	
0.957642	8.67737	
0.956726	8.67706	
0.955505	8.67767	
0.957336	8.67706	
0.958557	8.67737	
0.958252	8.67706	
0.953674	8.67645	
0.958862	8.67676	
0.959167	8.67767	
0.953979	8.67737	
0.957947	8.67737	
0.959778	8.67737	
0.957031	8.67737	
0.959778	8.67737	
0.962219	8.67645	
0.953979	8.67737	
0.959473	8.67676	
0.9552	8.67676	
0.956726	8.67676	
0.955811	8.67737	
0.957031	8.67676	
0.957947	8.67615	
0.953674	8.67737	
0.958557	8.67706	
0.955505	8.67676	
0.959167	8.67737	
0.957336	8.67737	
0.956421	8.67737	
0.957031	8.67645	
0.956116	8.67706	
0.959167	8.67737	
0.955811	8.67615	
0.958252	8.67706	
0.958862	8.67737	
0.956116	8.67706	
0.959473	8.67676	
0.956116	8.67798	
0.958862	8.67706	
0.956726	8.67676	
0.956421	8.67706	
0.958557	8.67767	
0.95459	8.67706	
0.953979	8.67676	
0.958862	8.67798	
0.953979	8.67737	
0.956726	8.67767	
0.961609	8.67737	
0.963135	8.67737	
0.95459	8.67676	
0.954895	8.67615	
0.957336	8.67706	
0.954285	8.67737	
0.957947	8.67737	
0.956116	8.67767	
0.957947	8.67767	
0.956726	8.67615	
0.956726	8.67767	
0.958557	8.67767	
0.956726	8.67737	
0.958862	8.67798	
0.958252	8.67767	
0.958252	8.67798	
0.959167	8.67706	
0.956726	8.67645	
0.9552	8.67706	
0.959778	8.67706	
0.956421	8.67737	
0.9552	8.67706	
0.958862	8.67767	
0.954895	8.67676	
0.956726	8.67767	
0.957336	8.67767	
0.963135	8.67645	
0.953369	8.67737	
0.953064	8.67645	
0.957642	8.67706	
0.957336	8.67676	
0.955505	8.67737	
0.958557	8.67706	
0.959167	8.67676	
0.955811	8.67645	
0.955505	8.67706	
0.959167	8.67767	
0.957336	8.67737	
0.954895	8.67706	
0.957336	8.67706	
0.954895	8.67645	
0.953979	8.67737	
0.958252	8.67737	
0.958557	8.67706	
0.955811	8.67706	
0.956421	8.67737	
0.954285	8.67737	
0.95459	8.67615	
0.958252	8.67706	
0.959778	8.67767	
0.960388	8.67798	
0.957642	8.67737	
0.953369	8.67706	
0.958252	8.67737	
0.9552	8.67737	
0.957642	8.67706	
0.957947	8.67828	
0.956726	8.67706	
0.957031	8.67798	
0.956421	8.67767	
0.958557	8.67737	
0.959167	8.67767	
0.957336	8.67737	
0.957947	8.67737	
0.953369	8.67645	
0.953674	8.67676	
0.955811	8.67706	
0.956116	8.67767	
0.956421	8.67737	
0.957642	8.67737	
0.959473	8.67706	
0.957947	8.67767	
0.953674	8.67676	
0.956421	8.67615	
0.956421	8.67676	
0.958557	8.67737	
0.958252	8.67706	
0.95459	8.67676	
0.961609	8.67676	
0.952454	8.67737	
0.953674	8.67737	
0.958252	8.67615	
0.956726	8.67706	
0.954895	8.67676	
0.958557	8.67706	
0.959473	8.67737	
0.959167	8.67584	
0.955505	8.67767	
0.960693	8.67767	
0.957947	8.67737	
0.953674	8.67706	
0.953064	8.67706	
0.957642	8.67706	
0.958252	8.67737	
0.957336	8.67767	
0.957336	8.67676	
0.953674	8.67737	
0.956116	8.67706	
0.956726	8.67737	
0.959473	8.67737	
0.958862	8.67706	
0.958557	8.67737	
0.956421	8.67706	
0.956726	8.67737	
0.959473	8.67645	
0.958252	8.67645	
0.957031	8.67584	
0.956116	8.67584	
0.960693	8.67706	
0.958557	8.67767	
0.953674	8.67676	
0.954895	8.67615	
0.958557	8.67615	
0.956421	8.67645	
0.955811	8.67645	
0.955505	8.67584	
0.957642	8.67615	
0.957336	8.67645	
0.955505	8.67645	
0.955811	8.67584	
0.957031	8.67676	
0.961914	8.67615	
0.962524	8.67676	
0.956421	8.67584	
0.955505	8.67523	
0.958557	8.67645	
0.956116	8.67584	
0.958252	8.67676	
0.956116	8.67584	
0.957642	8.67676	
0.957336	8.67645	
0.957336	8.67584	
0.959167	8.67615	
0.957947	8.67554	
0.958252	8.67645	
0.956421	8.67615	
0.955505	8.67615	
0.958557	8.67676	
0.953674	8.67676	
0.954285	8.67584	
0.958557	8.67584	
0.963135	8.67615	
0.960083	8.67615	
0.953979	8.67523	
0.953674	8.67554	
0.957947	8.67645	
0.957031	8.67676	
0.956116	8.67615	
0.955811	8.67554	
0.95459	8.67645	
0.956421	8.67615	
0.959167	8.67615	
0.961609	8.67645	
0.96283	8.67645	
0.957642	8.67584	
0.957336	8.67706	
0.955505	8.67645	
0.957336	8.67706	
0.957336	8.67645	
0.957947	8.67554	
0.957031	8.67584	
0.959473	8.67615	
0.954895	8.67615	
0.9552	8.67615	
0.957642	8.67676	
0.961304	8.67615	
0.960083	8.67706	
0.954285	8.67706	
0.952454	8.67615	
0.958252	8.67676	
0.956726	8.67615	
0.955505	8.67615	
0.956421	8.67615	
0.953674	8.67615	
0.954895	8.67584	
0.958862	8.67706	
0.953674	8.67615	
0.952454	8.67645	
0.958862	8.67737	
0.957947	8.67645	
0.958862	8.67645	
0.957031	8.67584	
0.95459	8.67676	
0.954895	8.67584	
0.958557	8.67706	
0.953674	8.67584	
0.953369	8.67554	
0.955811	8.67615	
0.957031	8.67615	
0.953674	8.67584	
0.95459	8.67645	
0.956421	8.67615	
0.957947	8.67584	
0.960693	8.67615	
0.956421	8.67706	
0.956421	8.67615	
0.958557	8.67676	
0.957336	8.67584	
0.955811	8.67584	
0.958557	8.67676	
0.959473	8.67645	
0.956116	8.67615	
0.955505	8.67554	
0.954895	8.67615	
0.956726	8.67584	
0.955505	8.67554	
0.955811	8.67645	
0.957031	8.67645	
0.957642	8.67615	
0.956726	8.67615	
0.957031	8.67645	
0.953674	8.67645	
0.956116	8.67645	
0.956116	8.67737	
0.953369	8.67615	
0.953979	8.67584	
0.956116	8.67584	
0.958557	8.67584	
0.9552	8.67645	
0.959778	8.67584	
0.957947	8.67676	
0.959778	8.67645	
0.957031	8.67645	
0.957947	8.67584	
0.956116	8.67584	
0.957642	8.67584	
0.955811	8.67676	
0.954285	8.67615	
0.957031	8.67645	
0.958252	8.67584	
0.962219	8.67645	
0.960388	8.67584	
0.958862	8.67706	
0.956726	8.67584	
0.955505	8.67676	
0.956726	8.67615	
0.956421	8.67737	
0.960388	8.67554	
0.962219	8.67645	
0.956116	8.67706	
0.957336	8.67615	
0.955811	8.67645	
0.956726	8.67645	
0.953369	8.67584	
0.956421	8.67737	
0.962524	8.67676	
0.956726	8.67584	
0.957031	8.67645	
0.959778	8.67615	
0.959473	8.67676	
0.958862	8.67706	
0.959473	8.67706	
0.957336	8.67645	
0.958252	8.67615	
0.956726	8.67645	
0.958557	8.67584	
0.956421	8.67615	
0.957031	8.67615	
0.953674	8.67645	
0.957336	8.67645	
0.958252	8.67523	
0.959167	8.67584	
0.958862	8.67615	
0.960999	8.67645	
0.961609	8.67645	
0.958252	8.67615	
0.956421	8.67645	
0.956421	8.67584	
0.957947	8.67676	
0.958252	8.67615	
0.960083	8.67676	
0.960083	8.67584	
0.956116	8.67676	
0.957336	8.67615	
0.956726	8.67645	
0.958557	8.67645	
0.959473	8.67615	
0.959473	8.67584	
0.958557	8.67676	
0.961304	8.67676	
0.957336	8.67615	
0.958252	8.67645	
0.956421	8.67645	
0.955811	8.67554	
0.955811	8.67554	
0.954285	8.67676	
0.959473	8.67645	
0.96283	8.67615	
0.956726	8.67645	
0.956116	8.67706	
0.957336	8.67615	
0.959473	8.67554	
0.957031	8.67676	
0.960083	8.67615	
0.958252	8.67584	
0.957947	8.67523	
0.958862	8.67615	
0.959167	8.67584	
0.957642	8.67676	
0.957642	8.67615	
0.9552	8.67584	
0.95459	8.67584	
0.957031	8.67615	
0.959167	8.67584	
0.957336	8.67676	
0.954285	8.67584	
0.960083	8.67676	
0.953979	8.67584	
0.954895	8.67676	
0.955505	8.67676	
0.955811	8.67676	
0.95459	8.67554	
0.956421	8.67584	
0.958862	8.67706	
0.953674	8.67554	
0.956116	8.67676	
0.955811	8.67615	
0.955505	8.67615	
0.953979	8.67584	
0.953674	8.67584	
0.957642	8.67706	
0.955505	8.67615	
0.956726	8.67645	
0.9552	8.67615	
0.956116	8.67554	
0.958252	8.67645	
0.959473	8.67645	
0.961609	8.67645	
0.955505	8.67615	
0.955505	8.67706	
0.957336	8.67615	
0.957947	8.67615	
0.956726	8.67615	
0.961304	8.67645	
0.963135	8.67615	
0.959167	8.67676	
0.957031	8.67645	
0.957642	8.67737	
0.958862	8.67645	
0.956421	8.67645	
0.955505	8.67615	
0.954285	8.67584	
0.958252	8.67615	
0.958557	8.67615	
0.958557	8.67584	
0.95459	8.67645	
0.956421	8.67645	
0.954895	8.67615	
0.956726	8.67615	
0.956726	8.67615	
0.957336	8.67645	
0.95459	8.67676	
0.954895	8.67645	
0.960999	8.67645	
0.957642	8.67676	
0.957336	8.67584	
0.957031	8.67645	
0.956116	8.67615	
0.956726	8.67706	
0.961304	8.67615	
0.961304	8.67645	
0.957031	8.67554	
0.957336	8.67615	
0.959778	8.67584	
0.959473	8.67615	
0.959778	8.67615	
0.959167	8.67615	
0.957031	8.67554	
0.958252	8.67554	
0.958557	8.67645	
0.958557	8.67523	
0.958862	8.67706	
0.959778	8.67554	
0.961914	8.67615	
0.96283	8.67615	
0.958252	8.67584	
0.956116	8.67615	
0.955811	8.67645	
0.958862	8.67645	
0.954285	8.67584	
0.960693	8.67676	
0.96344	8.67615	
0.957642	8.67615	
0.957947	8.67554	
0.958252	8.67615	
0.953979	8.67554	
0.959167	8.67554	
0.955811	8.67493	
0.957947	8.67554	
0.956726	8.67554	
0.957947	8.67523	
0.957031	8.67615	
0.959167	8.67523	
0.959473	8.67554	
0.957031	8.67554	
0.957336	8.67584	
0.956726	8.67615	
0.956421	8.67493	
0.957642	8.67615	
0.960999	8.67584	
0.962524	8.67615	
0.957336	8.67584	
0.956116	8.67584	
0.958252	8.67554	
0.957947	8.67676	
0.959167	8.67554	
0.959473	8.67584	
0.963135	8.67523	
0.957642	8.67523	
0.956726	8.67584	
0.956726	8.67523	
0.957336	8.67554	
0.958557	8.67554	
0.962524	8.67584	
0.95459	8.67554	
0.958557	8.67645	
0.958557	8.67615	
0.953979	8.67584	
0.95459	8.67554	
0.956726	8.67584	
0.956421	8.67554	
0.955811	8.67584	
0.955811	8.67645	
0.957336	8.67645	
0.956421	8.67523	
0.961914	8.67523	
0.959473	8.67584	
0.958252	8.67554	
0.958862	8.67554	
0.955505	8.67584	
0.954895	8.67615	
0.957336	8.67554	
0.953369	8.67523	
0.954895	8.67584	
0.954895	8.67584	
0.958252	8.67523	
0.954285	8.67554	
0.960388	8.67584	
0.96283	8.67584	
0.958252	8.67615	
0.957642	8.67554	
0.956726	8.67584	
0.958557	8.67584	
0.959167	8.67584	
0.961914	8.67615	
0.955505	8.67615	
0.957947	8.67615	
0.958862	8.67584	
0.9552	8.67523	
0.955811	8.67615	
0.956726	8.67523	
0.955811	8.67584	
0.956726	8.67584	
0.957947	8.67554	
0.959473	8.67584	
0.960083	8.67615	
0.956116	8.67523	
0.956421	8.67493	
0.957336	8.67645	
0.957642	8.67584	
0.957336	8.67615	
0.955811	8.67584	
0.953979	8.67615	
0.956726	8.67645	
0.958252	8.67584	
0.953979	8.67615	
0.955811	8.67706	
0.963135	8.67584	
0.958862	8.67615	
0.956726	8.67615	
0.959167	8.67554	
0.959167	8.67615	
0.956421	8.67584	
0.9552	8.67584	
0.956726	8.67584	
0.956421	8.67584	
0.959473	8.67584	
0.959167	8.67584	
0.959473	8.67554	
0.952759	8.67584	
0.9552	8.67554	
0.957031	8.67554	
0.957642	8.67554	
0.959473	8.67584	
0.960388	8.67645	
0.958557	8.67584	
0.957336	8.67554	
0.953369	8.67615	
0.957031	8.67493	
0.959167	8.67584	
0.958252	8.67584	
0.957031	8.67584	
0.959167	8.67554	
0.953979	8.67584	
0.962219	8.67554	
0.954895	8.67615	
0.954895	8.67493	
0.956116	8.67584	
0.958252	8.67554	
0.958862	8.67645	
0.959778	8.67584	
0.953369	8.67584	
0.957336	8.67676	
0.958557	8.67554	
0.955505	8.67523	
0.954895	8.67554	
0.958862	8.67523	
0.954895	8.67554	
0.956116	8.67615	
0.959167	8.67554	
0.956116	8.67584	
0.957336	8.67676	
0.955811	8.67584	
0.958252	8.67554	
0.957031	8.67554	
0.957031	8.67554	
0.954285	8.67554	
0.956116	8.67584	
0.961304	8.67645	
0.957947	8.67523	
0.958252	8.67615	
0.954285	8.67554	
0.957336	8.67584	
0.96344	8.67615	
0.958862	8.67584	
0.958557	8.67554	
0.959167	8.67554	
0.959167	8.67523	
0.959167	8.67645	
0.957642	8.67584	
0.957642	8.67554	
0.956726	8.67554	
0.953979	8.67615	
0.957947	8.67523	
0.958557	8.67584	
0.959473	8.67584	
0.956116	8.67554	
0.954895	8.67584	
0.958862	8.67584	
0.957336	8.67523	
0.958862	8.67584	
0.959778	8.67584	
0.957031	8.67584	
0.957642	8.67584	
0.958252	8.67584	
0.954895	8.67554	
0.960083	8.67615	
0.96283	8.67584	
0.957947	8.67584	
0.957642	8.67584	
0.959778	8.67523	
0.954895	8.67584	
0.964355	8.67615	
0.957642	8.67554	
0.958557	8.67493	
0.957642	8.67615	
0.956421	8.67584	
0.960388	8.67706	
0.959473	8.67615	
0.959473	8.67615	
0.956421	8.67615	
0.9552	8.67584	
0.959473	8.67584	
0.954895	8.67523	
0.956726	8.67523	
0.956421	8.67615	
0.957642	8.67523	
0.956421	8.67554	
0.959778	8.67615	
0.960083	8.67615	
0.959778	8.67523	
0.959473	8.67554	
0.958252	8.67523	
0.955505	8.67554	
0.96283	8.67554	
0.959473	8.67554	
0.959167	8.67554	
0.958557	8.67554	
0.954895	8.67615	
0.958862	8.67584	
0.958252	8.67584	
0.957947	8.67554	
0.954285	8.67645	
0.958862	8.67554	
0.957642	8.67615	
0.958252	8.67523	
0.957336	8.67584	
0.959778	8.67554	
0.958862	8.67584	
0.953979	8.67615	
0.957642	8.67493	
0.957031	8.67584	
0.956116	8.67493	
0.960999	8.67615	
0.953674	8.67554	
0.956421	8.67523	
0.957336	8.67584	
0.955505	8.67615	
0.962524	8.67584	
0.961609	8.67523	
0.958862	8.67676	
0.959778	8.67554	
0.954285	8.67554	
0.958557	8.67584	
0.958252	8.67523	
0.957947	8.67523	
0.956726	8.67615	
0.959167	8.67554	
0.959473	8.67554	
0.9552	8.67554	
0.959167	8.67554	
0.958557	8.67615	
0.9552	8.67584	
0.962524	8.67554	
0.962524	8.67615	
0.958252	8.67554	
0.957031	8.67523	
0.958862	8.67676	
0.957336	8.67615	
0.96344	8.67676	
0.958862	8.67584	
0.958862	8.67584	
0.956726	8.67615	
0.961914	8.67554	
0.955811	8.67584	
0.956726	8.67584	
0.956116	8.67523	
0.959778	8.67584	
0.953979	8.67523	
0.956726	8.67615	
0.959778	8.67554	
0.956726	8.67554	
0.962219	8.67615	
0.958252	8.67584	
0.958862	8.67584	
0.9552	8.67554	
0.96283	8.67554	
0.962524	8.67554	
0.959167	8.67584	
0.958252	8.67615	
0.956421	8.67645	
0.954285	8.67584	
0.96283	8.67645	
0.959167	8.67584	
0.958862	8.67584	
0.953979	8.67554	
0.961609	8.67554	
0.9552	8.67615	
0.955505	8.67584	
0.956116	8.67676	
0.959473	8.67645	
0.960999	8.67676	
0.96283	8.67554	
0.957947	8.67584	
0.959167	8.67584	
0.95459	8.67584	
0.960693	8.67554	
0.962219	8.67584	
0.958557	8.67523	
0.958557	8.67554	
0.957947	8.67523	
0.955505	8.67584	
0.961914	8.67523	
0.956421	8.67554	
0.957031	8.67554	
0.957947	8.67584	
0.957031	8.67615	
0.956421	8.67645	
0.956116	8.67584	
0.953674	8.67493	
0.96283	8.67584	
0.957031	8.67554	
0.958862	8.67554	
0.954285	8.67523	
0.961914	8.67676	
0.953979	8.67523	
0.955811	8.67554	
0.958252	8.67584	
0.959167	8.67554	
0.95459	8.67554	
0.957642	8.67615	
0.958862	8.67584	
0.957642	8.67584	
0.958252	8.67615	
0.958862	8.67554	
0.958862	8.67676	
0.95459	8.67523	
0.961914	8.67584	
0.957031	8.67554	
0.9552	8.67584	
0.957642	8.67615	
0.959778	8.67523	
0.958252	8.67584	
0.955811	8.67554	
0.957031	8.67645	
0.9552	8.67584	
0.960999	8.67523	
0.959473	8.67523	
0.956421	8.67676	
0.95459	8.67554	
0.957642	8.67615	
0.9552	8.67523	
0.958557	8.67645	
0.959778	8.67554	
0.957336	8.67584	
0.958557	8.67584	
0.957947	8.67523	
0.954285	8.67615	
0.961609	8.67615	
0.956116	8.67523	
0.959473	8.67584	
0.954895	8.67645	
0.958252	8.67523	
0.959473	8.67615	
0.958862	8.67584	
0.958252	8.67615	
0.953674	8.67615	
0.957336	8.67615	
0.959167	8.67584	
0.959778	8.67615	
0.957642	8.67584	
0.957031	8.67615	
0.957642	8.67554	
0.957336	8.67554	
0.956726	8.67554	
0.958862	8.67554	
0.954895	8.67584	
0.960388	8.67584	
0.953979	8.67462	
0.956421	8.67584	
0.959473	8.67584	
0.957336	8.67554	
0.956726	8.67584	
0.958862	8.67584	
0.954285	8.67584	
0.957642	8.67493	
0.9552	8.67523	
0.959778	8.67584	
0.9552	8.67523	
0.960083	8.67615	
0.958862	8.67554	
0.959167	8.67615	
0.958557	8.67584	
0.954895	8.67554	
0.957947	8.67645	
0.953979	8.67584	
0.959778	8.67554	
0.957642	8.67554	
0.960693	8.67615	
0.9552	8.67584	
0.95459	8.67554	
0.959473	8.67554	
0.959167	8.67493	
0.963135	8.67523	
0.958862	8.67615	
0.956421	8.67584	
0.960083	8.67615	
0.957031	8.67554	
0.958252	8.67554	
0.958252	8.67523	
0.961304	8.67554	
0.954285	8.67523	
0.956116	8.67493	
0.959167	8.67554	
0.957031	8.67554	
0.956726	8.67615	
0.958862	8.67584	
0.95459	8.67462	
0.959778	8.67615	
0.958252	8.67554	
0.961304	8.67554	
0.956726	8.67493	
0.960999	8.67645	
0.959167	8.67615	
0.958557	8.67615	
0.958252	8.67584	
0.955505	8.67554	
0.957336	8.67584	
0.959778	8.67523	
0.956116	8.67615	
0.960999	8.67584	
0.955811	8.67615	
0.957642	8.67584	
0.959473	8.67554	
0.958252	8.67615	
0.958862	8.67584	
0.955505	8.67523	
0.957336	8.67554	
0.958862	8.67523	
0.957031	8.67554	
0.959778	8.67584	
0.956421	8.67615	
0.959778	8.67554	
0.957031	8.67554	
0.96283	8.67584	
0.959778	8.67584	
0.959473	8.67584	
0.957642	8.67584	
0.953979	8.67615	
0.956726	8.67615	
0.956421	8.67554	
0.957642	8.67584	
0.95459	8.67615	
0.955505	8.67584	
0.959778	8.67615	
0.958862	8.67615	
0.958862	8.67554	
0.958862	8.67523	
0.956421	8.67554	
0.957947	8.67554	
0.954895	8.67584	
0.959473	8.67554	
0.957642	8.67523	
0.963135	8.67584	
0.956726	8.67523	
0.960388	8.67554	
0.958557	8.67523	
0.959473	8.67615	
0.957947	8.67584	
0.959473	8.67523	
0.955505	8.67554	
0.958557	8.67676	
0.955505	8.67554	
0.962524	8.67584	
0.954285	8.67615	
0.958252	8.67554	
0.954895	8.67462	
0.96344	8.67554	
0.956726	8.67615	
0.956421	8.67645	
0.959473	8.67615	
0.955811	8.67584	
0.956726	8.67554	
0.95459	8.67523	
0.960999	8.67645	
0.956726	8.67554	
0.956421	8.67523	
0.96283	8.67554	
0.956726	8.67554	
0.958862	8.67615	
0.953674	8.67584	
0.959167	8.67584	
0.957642	8.67584	
0.958557	8.67584	
0.957947	8.67554	
0.955505	8.67554	
0.957336	8.67584	
0.959778	8.67584	
0.956726	8.67523	
0.963135	8.67554	
0.958862	8.67584	
0.956421	8.67554	
0.957642	8.67584	
0.958252	8.67615	
0.958557	8.67584	
0.959473	8.67645	
0.954285	8.67554	
0.957947	8.67584	
0.956726	8.67554	
0.9552	8.67584	
0.957642	8.67554	
0.956726	8.67554	
0.956421	8.67584	
0.959167	8.67554	
0.955505	8.67554	
0.959778	8.67554	
0.962219	8.67584	
0.955505	8.67523	
0.957031	8.67493	
0.958557	8.67584	
0.954895	8.67523	
0.957947	8.67615	
0.953979	8.67584	
0.96283	8.67584	
0.953674	8.67584	
0.957336	8.67615	
0.958252	8.67554	
0.962524	8.67584	
0.958557	8.67554	
0.957947	8.67493	
0.957336	8.67523	
0.953979	8.67554	
0.956116	8.67554	
0.957642	8.67554	
0.9552	8.67615	
0.958252	8.67615	
0.955505	8.67523	
0.959778	8.67645	
0.96344	8.67523	
0.956421	8.67645	
0.959167	8.67645	
0.960693	8.67584	
0.955811	8.67584	
0.957031	8.67584	
0.958252	8.67554	
0.960693	8.67523	
0.953064	8.67554	
0.959473	8.67554	
0.959473	8.67554	
0.953674	8.67615	
0.959167	8.67584	
0.956421	8.67493	
0.953674	8.67554	
0.957642	8.67584	
0.959778	8.67615	
0.957642	8.67584	
0.958557	8.67584	
0.957642	8.67584	
0.959778	8.67584	
0.957642	8.67584	
0.958557	8.67584	
0.954285	8.67554	
0.960388	8.67584	
0.956726	8.67554	
0.959473	8.67554	
0.956116	8.67584	
0.957336	8.67523	
0.955811	8.67584	
0.956116	8.67584	
0.96283	8.67615	
0.958557	8.67584	
0.959473	8.67554	
0.958252	8.67554	
0.959167	8.67645	
0.956421	8.67615	
0.959473	8.67584	
0.953979	8.67584	
0.956421	8.67615	
0.954895	8.67615	
0.962219	8.67584	
0.956726	8.67523	
0.960083	8.67584	
0.95459	8.67554	
0.96344	8.67554	
0.955811	8.67523	
0.956421	8.67523	
0.958252	8.67584	
0.95459	8.67523	
0.957031	8.67676	
0.95459	8.67615	
0.963135	8.67554	
0.954285	8.67554	
0.956116	8.67584	
0.959167	8.67615	
0.957947	8.67615	
0.959473	8.67584	
0.956726	8.67554	
0.959778	8.67645	
0.958862	8.67554	
0.957336	8.67554	
0.959778	8.67554	
0.955811	8.67615	
0.954895	8.67615	
0.956726	8.67554	
0.959167	8.67706	
0.957031	8.67645	
0.958862	8.67523	
0.958862	8.67584	
0.956726	8.67554	
0.961304	8.67584	
0.957336	8.67554	
0.959167	8.67554	
0.955505	8.67584	
0.953979	8.67523	
0.958557	8.67584	
0.95459	8.67615	
0.96283	8.67493	
0.958862	8.67523	
0.959167	8.67523	
0.954895	8.67615	
0.958862	8.67554	
0.957031	8.67523	
0.959473	8.67493	
0.960083	8.67523	
0.954285	8.67584	
0.957031	8.67584	
0.958252	8.67615	
0.962524	8.67584	
0.957031	8.67523	
0.959778	8.67554	
0.957336	8.67523	
0.958557	8.67493	
0.959167	8.67615	
0.958252	8.67584	
0.959473	8.67554	
0.955505	8.67523	
0.960693	8.67584	
0.957642	8.67554	
0.958252	8.67615	
0.9552	8.67554	
0.959167	8.67584	
0.962524	8.67615	
0.957642	8.67584	
0.958252	8.67554	
0.959778	8.67615	
0.954895	8.67554	
0.957031	8.67584	
0.95459	8.67615	
0.960999	8.67523	
0.958252	8.67554	
0.957642	8.67554	
0.958557	8.67523	
0.954285	8.67554	
0.957947	8.67584	
0.956421	8.67584	
0.96344	8.67584	
0.957947	8.67615	
0.959473	8.67584	
0.961914	8.67523	
0.959167	8.67584	
0.957642	8.67523	
0.960083	8.67584	
0.958557	8.67554	
0.957642	8.67584	
0.960388	8.67584	
0.956116	8.67554	
0.959167	8.67554	
0.956421	8.67554	
0.954285	8.67523	
0.957947	8.67584	
0.95459	8.67584	
0.95459	8.67523	
0.957031	8.67523	
0.957642	8.67554	
0.960999	8.67523	
0.953979	8.67523	
0.959778	8.67645	
0.954895	8.67615	
0.9552	8.67554	
0.960083	8.67523	
0.956726	8.67554	
0.957642	8.67584	
0.960083	8.67523	
0.962524	8.67645	
0.957031	8.67584	
0.959778	8.67615	
0.959778	8.67523	
0.954285	8.67676	
0.959473	8.67615	
0.959167	8.67615	
0.954285	8.67645	
0.959167	8.67584	
0.957947	8.67584	
0.954895	8.67554	
0.959167	8.67584	
0.95459	8.67615	
0.959167	8.67615	
0.958862	8.67523	
0.958252	8.67584	
0.964355	8.67615	
0.956116	8.67554	
0.959778	8.67554	
0.960693	8.67554	
0.959473	8.67554	
0.957336	8.67584	
0.957642	8.67615	
0.959778	8.67584	
0.959473	8.67523	
0.959167	8.67615	
0.957642	8.67645	
0.956726	8.67615	
0.957947	8.67615	
0.959167	8.67523	
0.958557	8.67584	
0.958252	8.67645	
0.958862	8.67584	
0.956726	8.67584	
0.957947	8.67676	
0.958557	8.67706	
0.959778	8.67584	
0.958862	8.67584	
0.95459	8.67554	
0.957642	8.67615	
0.954895	8.67584	
0.962524	8.67645	
0.957947	8.67645	
0.954895	8.67584	
0.955811	8.67523	
0.958557	8.67615	
0.959167	8.67584	
0.954285	8.67584	
0.959167	8.67615	
0.958557	8.67615	
0.953674	8.67554	
0.958862	8.67554	
0.959778	8.67584	
0.956421	8.67584	
0.958862	8.67554	
0.957947	8.67584	
0.9552	8.67554	
0.958252	8.67584	
0.953979	8.67584	
0.958252	8.67615	
0.958252	8.67584	
0.959473	8.67584	
0.955505	8.67584	
0.95459	8.67554	
0.955505	8.67554	
0.960693	8.67584	
0.957336	8.67584	
0.958252	8.67554	
0.961304	8.67523	
0.957642	8.67615	
0.958862	8.67645	
0.961609	8.67676	
0.958252	8.67645	
0.956421	8.67523	
0.961914	8.67584	
0.957947	8.67584	
0.954285	8.67493	
0.9552	8.67523	
0.958252	8.67554	
0.956726	8.67584	
0.961914	8.67523	
0.958557	8.67615	
0.9552	8.67554	
0.955505	8.67523	
0.958862	8.67584	
0.955505	8.67554	
0.9552	8.67584	
0.960083	8.67615	
0.957031	8.67584	
0.955505	8.67493	
0.958557	8.67554	
0.958252	8.67615	
0.959778	8.67615	
0.956421	8.67615	
0.958252	8.67615	
0.958557	8.67523	
0.957947	8.67584	
0.96405	8.67615	
0.957947	8.67615	
0.957642	8.67584	
0.961609	8.67584	
0.957947	8.67615	
0.959778	8.67615	
0.96344	8.67615	
0.955811	8.67615	
0.959473	8.67554	
0.960693	8.67554	
0.9552	8.67523	
0.957947	8.67584	
0.960388	8.67615	
0.958862	8.67615	
0.955505	8.67584	
0.953979	8.67493	
0.959778	8.67554	
0.958862	8.67554	
0.956116	8.67554	
0.957947	8.67554	
0.960693	8.67554	
0.958557	8.67584	
0.958557	8.67584	
0.956116	8.67554	
0.958557	8.67584	
0.958557	8.67584	
0.959473	8.67645	
0.957947	8.67554	
0.959167	8.67645	
0.958557	8.67676	
0.959473	8.67615	
0.961609	8.67584	
0.957642	8.67523	
0.959167	8.67584	
0.959778	8.67615	
0.958252	8.67523	
0.957336	8.67615	
0.956726	8.67615	
0.959778	8.67523	
0.957031	8.67584	
0.956116	8.67554	
0.960083	8.67554	
0.962524	8.67615	
0.958252	8.67554	
0.957031	8.67554	
0.956421	8.67554	
0.959473	8.67584	
0.960693	8.67615	
0.959778	8.67584	
0.957336	8.67554	
0.962524	8.67645	
0.956726	8.67615	
0.954895	8.67493	
0.955811	8.67523	
0.957947	8.67584	
0.957031	8.67584	
0.956726	8.67584	
0.959473	8.67523	
0.962524	8.67615	
0.958252	8.67584	
0.955811	8.67615	
0.9552	8.67523	
0.958557	8.67584	
0.960693	8.67554	
0.9552	8.67554	
0.959778	8.67554	
0.959778	8.67554	
0.958557	8.67584	
0.957947	8.67584	
0.957947	8.67584	
0.960388	8.67554	
0.957947	8.67584	
0.960083	8.67615	
0.959778	8.67584	
0.957947	8.67554	
0.959167	8.67584	
0.958557	8.67584	
0.958862	8.67523	
0.963135	8.67615	
0.960999	8.67554	
0.955811	8.67523	
0.95459	8.67554	
0.960083	8.67584	
0.958252	8.67584	
0.955505	8.67554	
0.955811	8.67554	
0.956421	8.67523	
0.957947	8.67584	
0.954895	8.67554	
0.954895	8.67584	
0.958862	8.67554	
0.957642	8.67584	
0.959473	8.67615	
0.957336	8.67584	
0.957336	8.67523	
0.958557	8.67554	
0.959167	8.67584	
0.955811	8.67493	
0.958557	8.67615	
0.954895	8.67584	
0.956726	8.67615	
0.960388	8.67615	
0.960999	8.67615	
0.957642	8.67615	
0.95459	8.67493	
0.954895	8.67615	
0.959778	8.67523	
0.960083	8.67615	
0.958557	8.67645	
0.957947	8.67523	
0.957947	8.67523	
0.958557	8.67584	
0.958557	8.67584	
0.96283	8.67584	
0.960083	8.67554	
0.960693	8.67554	
0.958557	8.67523	
0.957031	8.67554	
0.957642	8.67584	
0.958252	8.67645	
0.957642	8.67615	
0.958557	8.67554	
0.960388	8.67554	
0.96344	8.67584	
0.958252	8.67615	
0.954285	8.67523	
0.954895	8.67523	
0.958557	8.67584	
0.957031	8.67523	
0.958862	8.67615	
0.957642	8.67615	
0.957336	8.67584	
0.959778	8.67554	
0.961304	8.67615	
0.956726	8.67523	
0.956421	8.67584	
0.957642	8.67615	
0.958557	8.67584	
0.960693	8.67554	
0.958252	8.67554	
0.956421	8.67584	
0.955811	8.67554	
0.957947	8.67676	
0.960388	8.67523	
0.959473	8.67615	
0.959778	8.67615	
0.962524	8.67554	
0.958557	8.67645	
0.960388	8.67584	
0.958252	8.67584	
0.95459	8.67584	
0.96283	8.67615	
0.957031	8.67615	
0.959167	8.67554	
0.958252	8.67584	
0.956116	8.67584	
0.957642	8.67676	
0.959167	8.67523	
0.959778	8.67676	
0.962219	8.67584	
0.960388	8.67615	
0.960388	8.67584	
0.956726	8.67584	
0.959778	8.67554	
0.956726	8.67554	
0.957336	8.67554	
0.957336	8.67645	
0.958862	8.67615	
0.960083	8.67615	
0.956116	8.67554	
0.958252	8.67706	
0.96283	8.67584	
0.958252	8.67554	
0.955811	8.67554	
0.956116	8.67584	
0.957336	8.67523	
0.959473	8.67523	
0.957031	8.67615	
0.956421	8.67645	
0.953369	8.67645	
0.960083	8.67554	
0.961609	8.67523	
0.958252	8.67523	
0.958557	8.67645	
0.958252	8.67584	
0.958862	8.67615	
0.956421	8.67676	
0.959473	8.67615	
0.957336	8.67615	
0.957031	8.67554	
0.959473	8.67584	
0.960999	8.67615	
0.958557	8.67554	
0.958557	8.67554	
0.956726	8.67554	
0.957947	8.67493	
0.959473	8.67554	
0.956421	8.67615	
0.959167	8.67584	
0.960693	8.67554	
0.959473	8.67645	
0.957947	8.67615	
0.954285	8.67523	
0.957336	8.67554	
0.959167	8.67584	
0.958862	8.67584	
0.960083	8.67584	
0.958557	8.67615	
0.958862	8.67584	
0.961914	8.67584	
0.956116	8.67554	
0.95459	8.67554	
0.956116	8.67584	
0.958252	8.67615	
0.954285	8.67554	
0.954895	8.67523	
0.959473	8.67554	
0.961914	8.67554	
0.957031	8.67584	
0.960388	8.67645	
0.957947	8.67584	
0.957031	8.67584	
0.954895	8.67554	
0.956421	8.67584	
0.95459	8.67554	
0.960083	8.67615	
0.959778	8.67523	
0.958252	8.67523	
0.959167	8.67584	
0.957031	8.67584	
0.956116	8.67584	
0.962219	8.67584	
0.957947	8.67554	
0.955505	8.67615	
0.955811	8.67523	
0.957031	8.67554	
0.957642	8.67615	
0.957336	8.67554	
0.956116	8.67584	
0.959778	8.67554	
0.959167	8.67584	
0.958862	8.67584	
0.957642	8.67554	
0.956726	8.67584	
0.958252	8.67615	
0.958862	8.67615	
0.96283	8.67584	
0.956116	8.67676	
0.955505	8.67584	
0.956116	8.67615	
0.953979	8.67554	
0.955811	8.67554	
0.958557	8.67584	
0.957642	8.67554	
0.956726	8.67615	
0.954895	8.67554	
0.956421	8.67554	
0.954285	8.67493	
0.954285	8.67615	
0.957031	8.67584	
0.959473	8.67615	
0.956421	8.67676	
0.956726	8.67615	
0.953979	8.67584	
0.958862	8.67523	
0.957947	8.67584	
0.960083	8.67554	
0.960999	8.67584	
0.957947	8.67615	
0.960999	8.67584	
0.956116	8.67493	
0.960999	8.67584	
0.96283	8.67554	
0.958862	8.67584	
0.9552	8.67584	
0.955811	8.67615	
0.960083	8.67523	
0.960388	8.67554	
0.960083	8.67554	
0.959167	8.67615	
0.964661	8.67615	
0.958557	8.67493	
0.960388	8.67554	
0.957947	8.67615	
0.958862	8.67554	
0.96283	8.67615	
0.959167	8.67554	
0.959167	8.67706	
0.959473	8.67615	
0.960388	8.67584	
0.963135	8.67584	
0.957947	8.67523	
0.96283	8.67584	
0.958252	8.67523	
0.956726	8.67615	
0.960083	8.67615	
0.960999	8.67554	
0.958252	8.67554	
0.961304	8.67554	
0.961609	8.67584	
0.958252	8.67584	
0.956421	8.67493	
0.957031	8.67615	
0.957642	8.67523	
0.958557	8.67554	
0.957642	8.67554	
0.9552	8.67615	
0.955811	8.67645	
0.955811	8.67493	
0.957336	8.67554	
0.960388	8.67554	
0.960693	8.67554	
0.960083	8.67584	
0.957947	8.67523	
0.9552	8.67554	
0.958862	8.67523	
0.95459	8.67493	
0.957642	8.67554	
0.960388	8.67523	
0.957031	8.67523	
0.957031	8.67554	
0.958252	8.67493	
0.959473	8.67615	
0.956421	8.67615	
0.961304	8.67615	
0.958252	8.67615	
0.957336	8.67645	
0.956116	8.67584	
0.95459	8.67554	
0.960083	8.67554	
0.958252	8.67523	
0.959167	8.67554	
0.961304	8.67523	
0.959778	8.67554	
0.960693	8.67523	
0.955811	8.67523	
0.959167	8.67554	
0.958862	8.67523	
0.960388	8.67523	
0.960999	8.67584	
0.956726	8.67584	
0.9552	8.67615	
0.95459	8.67584	
0.957336	8.67584	
0.956116	8.67584	
0.959778	8.67615	
0.960083	8.67615	
0.957031	8.67554	
0.9552	8.67554	
0.958557	8.67615	
0.957642	8.67584	
0.958862	8.67493	
0.960083	8.67523	
0.96344	8.67523	
0.960693	8.67523	
0.960999	8.67462	
0.957642	8.67523	
0.959778	8.67493	
0.959473	8.67554	
0.961609	8.67523	
0.95459	8.67462	
0.95459	8.67554	
0.957642	8.67493	
0.957642	8.67523	
0.96405	8.67493	
0.959473	8.67493	
0.960388	8.67584	
0.958557	8.67493	
0.958862	8.67523	
0.959473	8.67523	
0.960388	8.67462	
0.955811	8.67493	
0.960083	8.67493	
0.961304	8.67432	
0.959473	8.67432	
0.960388	8.67523	
0.959473	8.67523	
0.958862	8.67462	
0.96405	8.67462	
0.958557	8.67554	
0.963135	8.67554	
0.957642	8.67462	
0.959778	8.67523	
0.959473	8.67554	
0.960999	8.67523	
0.959778	8.67523	
0.958557	8.67523	
0.95459	8.67432	
0.959167	8.67493	
0.958862	8.67493	
0.957336	8.67462	
0.954895	8.67523	
0.958557	8.67493	
0.959167	8.67584	
0.958862	8.67493	
0.959778	8.67462	
0.961609	8.67523	
0.960693	8.67523	
0.960999	8.67493	
0.959167	8.67462	
0.957642	8.67462	
0.957642	8.67462	
0.960693	8.67523	
0.958252	8.67523	
0.959778	8.67554	
0.958862	8.67523	
0.960693	8.67462	
0.957336	8.67462	
0.959778	8.67523	
0.963745	8.67554	
0.957336	8.67462	
0.960083	8.67462	
0.959167	8.67401	
0.960083	8.67584	
0.957947	8.67523	
0.960083	8.67523	
0.962219	8.67493	
0.957947	8.67493	
0.958862	8.67493	
0.958862	8.67493	
0.957947	8.67493	
0.96405	8.67523	
0.958252	8.67493	
0.961609	8.67584	
0.958252	8.67493	
0.959778	8.67554	
0.959167	8.67554	
0.959778	8.67493	
0.95459	8.67493	
0.958557	8.67493	
0.955811	8.67432	
0.959778	8.67493	
0.960693	8.67462	
0.959167	8.67554	
0.957336	8.67493	
0.954285	8.67462	
0.958252	8.67493	
0.956421	8.67462	
0.958557	8.67493	
0.96283	8.67523	
0.957642	8.67523	
0.960083	8.67493	
0.958862	8.67523	
0.956116	8.67462	
0.959778	8.67493	
0.958862	8.67493	
0.964355	8.67523	
0.959778	8.67523	
0.962524	8.67493	
0.958862	8.67493	
0.957947	8.67523	
0.957031	8.67584	
0.955811	8.67523	
0.956116	8.67554	
0.9552	8.67462	
0.958252	8.67462	
0.957642	8.67493	
0.96283	8.67523	
0.960999	8.67554	
0.961914	8.67523	
0.959473	8.67462	
0.960388	8.67493	
0.960083	8.67523	
0.955505	8.67523	
0.958557	8.67493	
0.955505	8.67432	
0.958862	8.67523	
0.958557	8.67493	
0.961609	8.67462	
0.960083	8.67554	
0.961914	8.67554	
0.957947	8.67554	
0.959167	8.67523	
0.957642	8.67432	
0.954895	8.67462	
0.958252	8.67523	
0.956421	8.67493	
0.958557	8.67523	
0.958557	8.67493	
0.963745	8.67523	
0.960083	8.67523	
0.961609	8.67493	
0.959473	8.67462	
0.957642	8.67554	
0.960083	8.67493	
0.958557	8.67462	
0.955811	8.67493	
0.960083	8.67523	
0.955505	8.67462	
0.959167	8.67462	
0.962524	8.67462	
0.960693	8.67523	
0.963135	8.67523	
0.959167	8.67493	
0.959778	8.67523	
0.959778	8.67554	
0.959167	8.67523	
0.954895	8.67523	
0.955505	8.67432	
0.956726	8.67493	
0.959778	8.67462	
0.954285	8.67493	
0.958862	8.67493	
0.956116	8.67432	
0.957031	8.67462	
0.96283	8.67493	
0.957642	8.67462	
0.962219	8.67554	
0.958557	8.67462	
0.957336	8.67523	
0.956421	8.67493	
0.957947	8.67523	
0.96405	8.67493	
0.959778	8.67523	
0.96344	8.67554	
0.960388	8.67523	
0.959778	8.67462	
0.957336	8.67401	
0.956421	8.67432	
0.958252	8.67462	
0.9552	8.67462	
0.959167	8.67462	
0.960388	8.67462	
0.95459	8.67493	
0.955505	8.67554	
0.955811	8.67462	
0.957947	8.67523	
0.96344	8.67493	
0.960388	8.67584	
0.960083	8.67554	
0.959167	8.67493	
0.958862	8.67523	
0.957642	8.67523	
0.960999	8.67554	
0.958557	8.67493	
0.959778	8.67493	
0.960083	8.67523	
0.958862	8.67523	
0.96344	8.67554	
0.957947	8.67462	
0.961609	8.67584	
0.958252	8.67493	
0.959473	8.67493	
0.956726	8.67432	
0.960388	8.67523	
0.957642	8.67432	
0.958862	8.67554	
0.958252	8.67523	
0.959778	8.67432	
0.9552	8.67462	
0.955811	8.67432	
0.958862	8.67493	
0.957947	8.67523	
0.960693	8.67462	
0.960999	8.67462	
0.96344	8.67462	
0.959167	8.67523	
0.959778	8.67493	
0.958557	8.67432	
0.959473	8.67462	
0.955811	8.67462	
0.959778	8.67493	
0.956116	8.67462	
0.957031	8.67493	
0.957947	8.67493	
0.957336	8.67493	
0.955811	8.67401	
0.958557	8.67523	
0.963745	8.67554	
0.960388	8.67462	
0.957031	8.67462	
0.960083	8.67493	
0.958252	8.67493	
0.957336	8.67462	
0.959167	8.67523	
0.958252	8.67523	
0.95459	8.67523	
0.960083	8.67493	
0.960693	8.67462	
0.956726	8.67554	
0.954895	8.67493	
0.957947	8.67523	
0.960999	8.67462	
0.956726	8.67523	
0.957336	8.67462	
0.9552	8.67432	
0.957642	8.67462	
0.960999	8.67493	
0.960693	8.67523	
0.961304	8.67554	
0.960083	8.67523	
0.958252	8.67493	
0.957336	8.67493	
0.959473	8.67493	
0.957947	8.67554	
0.957336	8.67432	
0.956421	8.67462	
0.957947	8.67493	
0.96344	8.67523	
0.956726	8.67462	
0.957642	8.67493	
0.957642	8.67554	
0.958862	8.67462	
0.959778	8.67462	
0.958252	8.67523	
0.956421	8.67493	
0.954895	8.67462	
0.958252	8.67462	
0.959473	8.67493	
0.95459	8.67523	
0.955505	8.67554	
0.957947	8.67554	
0.960388	8.67493	
0.959473	8.67523	
0.954895	8.67432	
0.956726	8.67462	
0.957031	8.67432	
0.96283	8.67523	
0.960388	8.67523	
0.963745	8.67493	
0.960083	8.67554	
0.958862	8.67584	
0.956726	8.67493	
0.955505	8.67523	
0.958862	8.67584	
0.961304	8.67554	
0.959778	8.67554	
0.960999	8.67493	
0.956421	8.67493	
0.960083	8.67615	
0.955811	8.67554	
0.959778	8.67554	
0.964355	8.67523	
0.960693	8.67554	
0.960388	8.67462	
0.958557	8.67615	
0.957947	8.67523	
0.958862	8.67523	
0.961609	8.67584	
0.959167	8.67554	
0.960999	8.67584	
0.957336	8.67523	
0.959167	8.67462	
0.957642	8.67523	
0.958557	8.67615	
0.959778	8.67584	
0.960999	8.67523	
0.954895	8.67523	
0.9552	8.67584	
0.959778	8.67554	
0.961609	8.67584	
0.954895	8.67462	
0.958252	8.67554	
0.958862	8.67554	
0.960388	8.67554	
0.9552	8.67554	
0.957336	8.67615	
0.957947	8.67523	
0.958862	8.67554	
0.961914	8.67584	
0.957947	8.67523	
0.959167	8.67584	
0.959473	8.67523	
0.958252	8.67523	
0.958862	8.67523	
0.96283	8.67523	
0.960693	8.67554	
0.957947	8.67523	
0.958557	8.67523	
0.962219	8.67584	
0.959778	8.67554	
0.959778	8.67706	
0.957336	8.67615	
0.956421	8.67523	
0.959167	8.67584	
0.957947	8.67554	
0.960083	8.67523	
0.956421	8.67584	
0.959167	8.67615	
0.959167	8.67584	
0.958252	8.67584	
0.960693	8.67584	
0.959778	8.67462	
0.964661	8.67554	
0.960999	8.67523	
0.961914	8.67523	
0.958557	8.67493	
0.964966	8.67554	
0.961304	8.67493	
0.956421	8.67493	
0.957947	8.67493	
0.96405	8.67493	
0.960999	8.67554	
0.9552	8.67554	
0.958557	8.67523	
0.964661	8.67523	
0.960388	8.67523	
0.956421	8.67462	
0.961609	8.67554	
0.954895	8.67523	
0.955811	8.67493	
0.958862	8.67493	
0.959473	8.67523	
0.958557	8.67493	
0.960999	8.67554	
0.960388	8.67523	
0.957031	8.67523	
0.958557	8.67493	
0.960693	8.67493	
0.958252	8.67584	
0.957642	8.67554	
0.955505	8.67523	
0.955811	8.67523	
0.960388	8.67493	
0.959778	8.67615	
0.955811	8.67523	
0.957031	8.67523	
0.959473	8.67554	
0.957336	8.67523	
0.955505	8.67523	
0.9552	8.67432	
0.960083	8.67554	
0.955811	8.67523	
0.958862	8.67554	
0.958862	8.67554	
0.960999	8.67523	
0.957947	8.67523	
0.958557	8.67523	
0.961304	8.67554	
0.959473	8.67523	
0.956116	8.67554	
0.957947	8.67523	
0.955505	8.67584	
0.959473	8.67523	
0.960083	8.67523	
0.955505	8.67462	
0.958557	8.67554	
0.955505	8.67554	
0.959167	8.67554	
0.956421	8.67432	
0.9552	8.67554	
0.960388	8.67523	
0.957336	8.67523	
0.959473	8.67523	
0.961609	8.67523	
0.957947	8.67523	
0.958557	8.67523	
0.958252	8.67584	
0.958862	8.67523	
0.960083	8.67554	
0.960999	8.67554	
0.959778	8.67462	
0.96283	8.67523	
0.959778	8.67523	
0.9552	8.67554	
0.958557	8.67584	
0.95459	8.67493	
0.956726	8.67523	
0.960083	8.67554	
0.961609	8.67554	
0.954895	8.67493	
0.957642	8.67523	
0.956421	8.67493	
0.959473	8.67493	
0.958862	8.67523	
0.958252	8.67584	
0.958862	8.67554	
0.959473	8.67554	
0.955505	8.67523	
0.955505	8.67523	
0.959473	8.67554	
0.957336	8.67493	
0.957336	8.67462	
0.956116	8.67493	
0.958862	8.67462	
0.959473	8.67462	
0.958252	8.67493	
0.960693	8.67584	
0.958252	8.67554	
0.960083	8.67554	
0.959778	8.67584	
0.958862	8.67523	
0.957336	8.67523	
0.962524	8.67493	
0.958557	8.67523	
0.96405	8.67554	
0.960693	8.67493	
0.957336	8.67615	
0.957642	8.67493	
0.96405	8.67584	
0.959473	8.67615	
0.957947	8.67554	
0.960388	8.67584	
0.957336	8.67554	
0.961609	8.67676	
0.956726	8.67493	
0.962219	8.67523	
0.959473	8.67523	
0.958252	8.67523	
0.960388	8.67493	
0.958252	8.67523	
0.959167	8.67584	
0.96405	8.67523	
0.958862	8.67493	
0.957336	8.67523	
0.960388	8.67554	
0.958862	8.67554	
0.958557	8.67523	
0.956726	8.67523	
0.96344	8.67584	
0.958252	8.67523	
0.958252	8.67523	
0.960388	8.67554	
0.957947	8.67493	
0.957336	8.67432	
0.960083	8.67523	
0.956116	8.67523	
0.955811	8.67584	
0.959167	8.67554	
0.960693	8.67554	
0.960083	8.67615	
0.96283	8.67523	
0.961304	8.67523	
0.958557	8.67554	
0.957031	8.67462	
0.957947	8.67554	
0.960693	8.67554	
0.958557	8.67523	
0.960693	8.67584	
0.959167	8.67462	
0.962524	8.67554	
0.959167	8.67523	
0.958862	8.67523	
0.957031	8.67401	
0.957947	8.67462	
0.958557	8.67493	
0.958557	8.67493	
0.956116	8.67401	
0.957336	8.67432	
0.956116	8.67462	
0.957031	8.67493	
0.958862	8.67493	
0.958252	8.67462	
0.958862	8.67401	
0.961914	8.67462	
0.957642	8.67493	
0.956421	8.67523	
0.960693	8.67493	
0.958252	8.67462	
0.960388	8.67432	
0.957031	8.67432	
0.963745	8.67462	
0.960388	8.67462	
0.96405	8.67462	
0.961304	8.67462	
0.958862	8.67462	
0.955811	8.67401	
0.958557	8.67432	
0.96405	8.67462	
0.9552	8.67523	
0.960388	8.67462	
0.961914	8.67493	
0.957947	8.67523	
0.960083	8.67432	
0.960999	8.67462	
0.957031	8.67432	
0.958252	8.67462	
0.959167	8.67432	
0.959167	8.67554	
0.958557	8.67462	
0.958557	8.67462	
0.958252	8.67493	
0.958252	8.67493	
0.96405	8.67493	
0.959778	8.67462	
0.958862	8.67432	
0.960999	8.67493	
0.958252	8.67462	
0.960388	8.67493	
0.958862	8.67462	
0.96283	8.67462	
0.960388	8.67432	
0.96405	8.67493	
0.956726	8.67432	
0.959473	8.67401	
0.955811	8.67462	
0.959778	8.67523	
0.964661	8.67554	
0.960999	8.67432	
0.958557	8.67432	
0.961609	8.67462	
0.959167	8.67401	
0.960083	8.67523	
0.957947	8.67462	
0.958862	8.67462	
0.958252	8.67493	
0.954895	8.67432	
0.960693	8.67462	
0.958862	8.67401	
0.960388	8.67462	
0.959778	8.67401	
0.964966	8.67432	
0.955811	8.67401	
0.960693	8.67493	
0.960693	8.67462	
0.960693	8.67462	
0.962524	8.67462	
0.957336	8.67493	
0.960693	8.67432	
0.956116	8.67462	
0.959778	8.67462	
0.961914	8.67493	
0.961914	8.67493	
0.957336	8.67432	
0.959167	8.67432	
0.959167	8.67554	
0.958557	8.67493	
0.960999	8.67462	
0.955811	8.67462	
0.960388	8.67462	
0.955505	8.67401	
0.960999	8.67554	
0.956726	8.67432	
0.959473	8.67493	
0.957947	8.67493	
0.956116	8.67432	
0.957336	8.67401	
0.959778	8.67462	
0.957947	8.67462	
0.958557	8.67432	
0.960388	8.67462	
0.958557	8.67523	
0.962219	8.67493	
0.958252	8.67432	
0.960388	8.67493	
0.957336	8.67554	
0.959778	8.67432	
0.956421	8.67493	
0.960999	8.67462	
0.96405	8.67462	
0.960693	8.67493	
0.955811	8.67462	
0.958557	8.67401	
0.955811	8.67432	
0.957336	8.67493	
0.958557	8.67462	
0.963135	8.67523	
0.957947	8.67493	
0.9552	8.67432	
0.960083	8.67462	
0.960999	8.67493	
0.955505	8.67432	
0.960999	8.67493	
0.957031	8.67462	
0.961609	8.67462	
0.957336	8.67432	
0.96344	8.67462	
0.958862	8.67493	
0.954895	8.67462	
0.956421	8.67432	
0.958862	8.67493	
0.96283	8.67432	
0.959473	8.67462	
0.962524	8.67493	
0.956116	8.67401	
0.960083	8.67493	
0.955811	8.67462	
0.958252	8.67462	
0.958557	8.67432	
0.960999	8.67432	
0.955811	8.67432	
0.957336	8.67462	
0.958862	8.67432	
0.958557	8.67493	
0.958252	8.67401	
0.9552	8.67462	
0.960388	8.67432	
0.959167	8.67493	
0.961304	8.67462	
0.957947	8.67523	
0.956421	8.67401	
0.958252	8.67493	
0.95459	8.67432	
0.956421	8.67554	
0.958252	8.67462	
0.96283	8.67554	
0.959167	8.67462	
0.96283	8.67432	
0.958252	8.67554	
0.957642	8.67462	
0.956421	8.67523	
0.958862	8.67462	
0.958557	8.67432	
0.960693	8.67432	
0.959167	8.67371	
0.956116	8.67432	
0.959167	8.67462	
0.958252	8.67493	
0.960083	8.67401	
0.958557	8.67493	
0.958252	8.67462	
0.955505	8.67432	
0.960388	8.67432	
0.955505	8.67371	
0.961304	8.67584	
0.958862	8.67401	
0.957031	8.67493	
0.960083	8.67432	
0.957336	8.67493	
0.959778	8.67493	
0.961304	8.67493	
0.957031	8.67523	
0.959167	8.67401	
0.957947	8.67432	
0.959473	8.67523	
0.960999	8.67432	
0.957642	8.67462	
0.958862	8.67432	
0.959473	8.67462	
0.96405	8.67432	
0.961304	8.67462	
0.958557	8.67493	
0.959778	8.67432	
0.958557	8.67523	
0.959473	8.67462	
0.961304	8.67401	
0.956116	8.67493	
0.957947	8.67462	
0.954895	8.67493	
0.955505	8.67523	
0.957947	8.67462	
0.964355	8.67493	
0.960388	8.67462	
0.96344	8.67432	
0.957336	8.67432	
0.959167	8.67493	
0.956421	8.67462	
0.958557	8.67493	
0.960693	8.67401	
0.960693	8.67554	
0.954285	8.67432	
0.959778	8.67493	
0.9552	8.67432	
0.960388	8.67493	
0.958862	8.67401	
0.958557	8.67493	
0.957947	8.67462	
0.955811	8.67371	
0.959778	8.67554	
0.957642	8.67493	
0.958862	8.67493	
0.959473	8.67462	
0.956421	8.67493	
0.959778	8.67493	
0.958252	8.67371	
0.960083	8.67493	
0.960083	8.67493	
0.963745	8.67432	
0.954895	8.67462	
0.960693	8.67432	
0.958557	8.67554	
0.958862	8.67493	
0.961304	8.67493	
0.960693	8.67401	
0.957031	8.67493	
0.960693	8.67493	
0.9552	8.67493	
0.958557	8.67462	
0.960999	8.67462	
0.957947	8.67401	
0.956421	8.67493	
0.957642	8.67554	
0.961914	8.67462	
0.958862	8.67401	
0.959778	8.67493	
0.958252	8.67432	
0.960083	8.67401	
0.964661	8.67401	
0.956116	8.67401	
0.959473	8.67462	
0.960083	8.67462	
0.958862	8.67462	
0.957336	8.67432	
0.959473	8.67462	
0.958557	8.67462	
0.958557	8.67523	
0.956726	8.67401	
0.960388	8.67401	
0.954895	8.67432	
0.960083	8.67493	
0.960999	8.67462	
0.960999	8.67493	
0.960083	8.67432	
0.960083	8.67493	
0.96405	8.67462	
0.955505	8.67432	
0.958557	8.67493	
0.960693	8.67493	
0.958557	8.67432	
0.957336	8.67462	
0.959778	8.67523	
0.959778	8.67401	
0.956421	8.67462	
0.958557	8.67584	
0.959778	8.67462	
0.963745	8.67523	
0.957336	8.67432	
0.959473	8.67493	
0.961304	8.67462	
0.958557	8.67493	
0.95459	8.67432	
0.960388	8.67462	
0.957642	8.67523	
0.955505	8.67432	
0.960693	8.67493	
0.959167	8.67493	
0.958252	8.67432	
0.960388	8.67462	
0.956726	8.67462	
0.960083	8.67554	
0.958862	8.67523	
0.960388	8.67462	
0.959778	8.67523	
0.957947	8.67432	
0.959778	8.67493	
0.959778	8.67462	
0.957947	8.67554	
0.964661	8.67554	
0.955505	8.67493	
0.960693	8.67554	
0.961609	8.67493	
0.960693	8.67432	
0.96283	8.67462	
0.9552	8.67493	
0.958862	8.67493	
0.958862	8.67493	
0.960388	8.67462	
0.95459	8.67523	
0.961609	8.67493	
0.957336	8.67523	
0.958252	8.67493	
0.958252	8.67462	
0.9552	8.67493	
0.960693	8.67432	
0.957336	8.67462	
0.955505	8.67523	
0.960083	8.67401	
0.957336	8.67523	
0.960693	8.67493	
0.961914	8.67493	
0.958252	8.67401	
0.957642	8.67554	
0.960999	8.67493	
0.959167	8.67432	
0.960083	8.67493	
0.957031	8.67432	
0.957947	8.67493	
0.958557	8.67493	
0.955811	8.67462	
0.961609	8.67523	
0.958862	8.67523	
0.957031	8.67523	
0.959167	8.67462	
0.958557	8.67462	
0.960083	8.67554	
0.960999	8.67523	
0.957947	8.67493	
0.957336	8.67523	
0.958557	8.67432	
0.962524	8.67432	
0.960693	8.67493	
0.959167	8.67462	
0.956116	8.67493	
0.960693	8.67493	
0.963745	8.67462	
0.955505	8.67493	
0.960083	8.67462	
0.96344	8.67493	
0.957947	8.67462	
0.956116	8.67432	
0.958252	8.67432	
0.957336	8.67523	
0.961304	8.67462	
0.959167	8.67493	
0.957336	8.67462	
0.961609	8.67493	
0.958862	8.67523	
0.9552	8.67462	
0.960999	8.67523	
0.958252	8.67462	
0.960083	8.67462	
0.958862	8.67523	
0.960083	8.67493	
0.963745	8.67493	
0.958252	8.67493	
0.95459	8.67493	
0.960693	8.67462	
0.957031	8.67523	
0.957336	8.67462	
0.960693	8.67462	
0.957947	8.67493	
0.958862	8.67493	
0.960693	8.67432	
0.959167	8.67493	
0.956116	8.67493	
0.958862	8.67432	
0.96405	8.67523	
0.957642	8.67493	
0.957642	8.67493	
0.956116	8.67432	
0.960999	8.67493	
0.957947	8.67523	
0.958862	8.67493	
0.961304	8.67462	
0.958557	8.67523	
0.956116	8.67523	
0.957947	8.67523	
0.961304	8.67462	
0.9552	8.67462	
0.956726	8.67462	
0.958557	8.67554	
0.960388	8.67493	
0.956116	8.67523	
0.959473	8.67523	
0.960999	8.67462	
0.958862	8.67493	
0.958557	8.67462	
0.959167	8.67523	
0.9552	8.67493	
0.959473	8.67493	
0.960693	8.67462	
0.959778	8.67554	
0.956726	8.67462	
0.959167	8.67462	
0.9552	8.67401	
0.960083	8.67493	
0.961304	8.67493	
0.960083	8.67493	
0.96344	8.67523	
0.957642	8.67493	
0.959167	8.67462	
0.961609	8.67493	
0.960999	8.67493	
0.960693	8.67523	
0.96344	8.67432	
0.957642	8.67462	
0.958862	8.67493	
0.960693	8.67493	
0.961609	8.67493	
0.959167	8.67554	
0.957642	8.67432	
0.957947	8.67493	
0.964355	8.67523	
0.957031	8.67523	
0.957642	8.67462	
0.9552	8.67523	
0.957031	8.67523	
0.959778	8.67493	
0.96283	8.67493	
0.959473	8.67523	
0.957947	8.67523	
0.956726	8.67523	
0.958862	8.67493	
0.958862	8.67462	
0.956421	8.67462	
0.960083	8.67523	
0.957947	8.67523	
0.959778	8.67462	
0.963745	8.67462	
0.960999	8.67401	
0.958557	8.67493	
0.957947	8.67493	
0.959167	8.67493	
0.960083	8.67523	
0.961304	8.67462	
0.961304	8.67462	
0.958862	8.67523	
0.964355	8.67401	
0.959778	8.67523	
0.957642	8.67493	
0.956421	8.67462	
0.955505	8.67462	
0.960999	8.67401	
0.955505	8.67432	
0.960693	8.67554	
0.961609	8.67493	
0.956726	8.67462	
0.956726	8.67523	
0.959473	8.67462	
0.959473	8.67493	
0.956421	8.67432	
0.960388	8.67493	
0.96344	8.67462	
0.958557	8.67493	
0.958862	8.67462	
0.960999	8.67462	
0.957642	8.67432	
0.958252	8.67432	
0.958862	8.67432	
0.960693	8.67432	
0.958557	8.67462	
0.964355	8.67432	
0.958862	8.67523	
0.960083	8.67432	
0.964355	8.67432	
0.959473	8.67432	
0.955811	8.67432	
0.960388	8.67462	
0.960083	8.67462	
0.956421	8.67401	
0.958252	8.67462	
0.960083	8.67493	
0.962219	8.67432	
0.959167	8.67554	
0.958862	8.67493	
0.957947	8.67462	
0.957336	8.67493	
0.958862	8.67462	
0.955811	8.67432	
0.958862	8.67493	
0.961914	8.67432	
0.959167	8.67462	
0.958252	8.67523	
0.959473	8.67462	
0.955505	8.67401	
0.958557	8.67432	
0.959778	8.67371	
0.960388	8.67432	
0.96405	8.67554	
0.958557	8.67493	
0.959167	8.67432	
0.959778	8.67432	
0.959778	8.67493	
0.959167	8.67493	
0.961304	8.67523	
0.960388	8.67462	
0.958862	8.67462	
0.964661	8.67462	
0.956421	8.67493	
0.957642	8.67432	
0.958557	8.67523	
0.958252	8.67401	
0.959778	8.67432	
0.965576	8.67432	
0.9552	8.67401	
0.958252	8.67432	
0.957031	8.67432	
0.961304	8.67523	
0.959473	8.67432	
0.965576	8.67493	
0.956421	8.67432	
0.958252	8.67462	
0.955811	8.67371	
0.959778	8.67432	
0.961304	8.67432	
0.955811	8.67432	
0.958862	8.67462	
0.960693	8.67462	
0.960083	8.67432	
0.96344	8.67432	
0.958862	8.67493	
0.959473	8.67493	
0.964661	8.67401	
0.956421	8.67401	
0.957947	8.67462	
0.957947	8.67432	
0.957642	8.67462	
0.960083	8.67432	
0.958862	8.67371	
0.961304	8.67493	
0.960693	8.67462	
0.959473	8.67462	
0.962219	8.67432	
0.960083	8.67493	
0.9552	8.67432	
0.960388	8.67432	
0.961914	8.67462	
0.959473	8.67462	
0.958862	8.67401	
0.961304	8.67432	
0.958252	8.67493	
0.962524	8.67432	
0.957642	8.67493	
0.960999	8.67462	
0.96405	8.67462	
0.958557	8.67432	
0.955505	8.67432	
0.961914	8.67371	
0.959778	8.67432	
0.958557	8.67432	
0.956421	8.67432	
0.960999	8.67493	
0.954285	8.67493	
0.958557	8.67462	
0.956421	8.67432	
0.958557	8.67462	
0.956421	8.67432	
0.956116	8.67462	
0.960693	8.67401	
0.957947	8.67401	
0.960999	8.67462	
0.960083	8.67523	
0.960388	8.67493	
0.960388	8.67523	
0.960083	8.67462	
0.955505	8.67462	
0.961914	8.67493	
0.958252	8.67432	
0.959167	8.67462	
0.957031	8.67432	
0.960693	8.67462	
0.957336	8.67401	
0.960693	8.67493	
0.961914	8.67462	
0.958252	8.67432	
0.956421	8.67432	
0.959778	8.67462	
0.961914	8.67523	
0.956421	8.67493	
0.957947	8.67432	
0.957947	8.67462	
0.960693	8.67493	
0.959167	8.67432	
0.962219	8.67462	
0.956421	8.67432	
0.959167	8.67462	
0.958862	8.67401	
0.959473	8.67401	
0.960388	8.67371	
0.964966	8.67401	
0.955505	8.67401	
0.957947	8.67401	
0.955811	8.67371	
0.959778	8.67462	
0.960999	8.67432	
0.9552	8.67401	
0.958557	8.67493	
0.960999	8.67493	
0.961304	8.67432	
0.96405	8.67462	
0.958557	8.67493	
0.956116	8.67432	
0.960083	8.67432	
0.959473	8.67493	
0.958557	8.67493	
0.956116	8.67462	
0.956726	8.67462	
0.960999	8.67462	
0.958557	8.67371	
0.960999	8.67554	
0.962219	8.67493	
0.957336	8.67493	
0.956421	8.67493	
0.957947	8.67523	
0.956116	8.67401	
0.960083	8.67523	
0.959167	8.67462	
0.958557	8.67493	
0.955811	8.67432	
0.959473	8.67462	
0.959473	8.67493	
0.957947	8.67462	
0.960999	8.67432	
0.960693	8.67401	
0.959167	8.67493	
0.958252	8.67493	
0.960388	8.67432	
0.961304	8.67523	
0.961304	8.67493	
0.961914	8.67493	
0.960083	8.67432	
0.96405	8.67493	
0.959167	8.67432	
0.957947	8.67401	
0.959167	8.67462	
0.960388	8.67523	
0.960083	8.67493	
0.958557	8.67462	
0.957947	8.67432	
0.958557	8.67401	
0.963135	8.67493	
0.956116	8.67432	
0.957642	8.67462	
0.960388	8.67523	
0.961304	8.67462	
0.959473	8.67462	
0.96405	8.67493	
0.959167	8.67432	
0.957642	8.67493	
0.958557	8.67432	
0.956116	8.67462	
0.959778	8.67493	
0.9552	8.67432	
0.958557	8.67523	
0.961304	8.67462	
0.959778	8.67462	
0.959473	8.67401	
0.959778	8.67462	
0.959167	8.67432	
0.964966	8.67462	
0.956116	8.67523	
0.957947	8.67493	
0.956116	8.67462	
0.960083	8.67401	
0.960083	8.67462	
0.964355	8.67432	
0.957336	8.67432	
0.957336	8.67401	
0.954895	8.67493	
0.957031	8.67462	
0.960693	8.67462	
0.960083	8.67401	
0.961609	8.67432	
0.961304	8.67371	
0.958862	8.67432	
0.963745	8.67493	
0.957947	8.67371	
0.957947	8.67401	
0.958557	8.67462	
0.958557	8.67432	
0.960083	8.67432	
0.955811	8.67371	
0.960388	8.67401	
0.959473	8.67462	
0.96405	8.67401	
0.956116	8.67462	
0.957947	8.67523	
0.956421	8.67432	
0.956726	8.67432	
0.960693	8.67462	
0.954895	8.67462	
0.960999	8.67432	
0.961609	8.67493	
0.959473	8.67493	
0.962524	8.67462	
0.959167	8.67493	
0.958557	8.67493	
0.959778	8.67432	
0.960083	8.67462	
0.959778	8.67401	
0.958557	8.67432	
0.960999	8.67432	
0.955811	8.67401	
0.961304	8.67493	
0.961609	8.67401	
0.961304	8.67493	
0.964966	8.67401	
0.961304	8.67462	
0.958557	8.67371	
0.960083	8.67371	
0.959778	8.67432	
0.960999	8.67493	
0.961304	8.67523	
0.962524	8.67462	
0.959473	8.67401	
0.959167	8.67462	
0.962219	8.67401	
0.958862	8.67432	
0.959778	8.67432	
0.964661	8.67462	
0.960083	8.67493	
0.959473	8.67432	
0.959778	8.67432	
0.958557	8.67493	
0.957947	8.67462	
0.956421	8.67462	
0.956421	8.67462	
0.959473	8.67462	
0.958862	8.67493	
0.961914	8.67493	
0.962219	8.67493	
0.961914	8.67401	
0.96405	8.67462	
0.962219	8.67523	
0.962219	8.67462	
0.960693	8.67432	
0.961609	8.67401	
0.960083	8.67432	
0.961304	8.67432	
0.962219	8.67493	
0.958862	8.67432	
0.959167	8.67462	
0.964355	8.67432	
0.960388	8.67462	
0.961914	8.67432	
0.961609	8.67462	
0.965576	8.67462	
0.962219	8.67371	
0.959778	8.67493	
0.963745	8.67493	
0.962219	8.67432	
0.961609	8.67493	
0.960693	8.67523	
0.957336	8.67371	
0.958862	8.67371	
0.961914	8.67432	
0.957336	8.67279	
0.962219	8.6731	
0.956116	8.67371	
0.957947	8.67432	
0.956116	8.67432	
0.957947	8.67401	
0.960999	8.67401	
0.957031	8.67279	
0.964966	8.67371	
0.957031	8.6734	
0.957947	8.67371	
0.960999	8.67432	
0.964355	8.67432	
0.957642	8.6734	
0.958862	8.6734	
0.960083	8.67371	
0.965576	8.67401	
0.960693	8.67371	
0.956726	8.67432	
0.960388	8.6734	
0.960693	8.6734	
0.960693	8.67371	
0.957031	8.67279	
0.961304	8.67371	
0.959778	8.67371	
0.96283	8.67371	
0.957031	8.67432	
0.958557	8.67371	
0.959167	8.6734	
0.96344	8.6734	
0.962219	8.67371	
0.959167	8.67401	
0.957031	8.67401	
0.96283	8.67401	
0.957947	8.67432	
0.961304	8.67371	
0.960083	8.6734	
0.956421	8.6734	
0.964661	8.67371	
0.959473	8.67401	
0.961304	8.67401	
0.959473	8.6731	
0.962524	8.67371	
0.962219	8.67371	
0.961609	8.67371	
0.961609	8.67401	
0.960693	8.6734	
0.960083	8.6734	
0.960999	8.67371	
0.955505	8.6734	
0.959167	8.67401	
0.957336	8.6734	
0.960083	8.67401	
0.961304	8.67401	
0.963135	8.67279	
0.957642	8.6734	
0.958862	8.6734	
0.959167	8.6734	
0.96405	8.67432	
0.960693	8.67401	
0.958862	8.67371	
0.958557	8.67371	
0.958862	8.67401	
0.958862	8.67401	
0.960388	8.67462	
0.959473	8.67401	
0.956421	8.6734	
0.959473	8.67401	
0.959778	8.67371	
0.957947	8.67401	
0.956116	8.67401	
0.960693	8.67401	
0.961304	8.67401	
0.9552	8.67401	
0.958862	8.67371	
0.956726	8.67432	
0.959167	8.6734	
0.960388	8.67371	
0.96283	8.67401	
0.960083	8.67371	
0.960999	8.67401	
0.956726	8.6734	
0.965576	8.67371	
0.959778	8.67432	
0.960388	8.67462	
0.957947	8.67401	
0.959473	8.67371	
0.96283	8.6734	
0.961304	8.6734	
0.961609	8.67371	
0.959778	8.67371	
0.964661	8.67371	
0.960999	8.67401	
0.960999	8.67371	
0.961304	8.67371	
0.959473	8.6731	
0.957336	8.67401	
0.959473	8.67371	
0.959778	8.67401	
0.96283	8.67401	
0.960388	8.6734	
0.957642	8.6734	
0.960388	8.67401	
0.957642	8.67371	
0.961304	8.67401	
0.961304	8.67432	
0.959778	8.6734	
0.96344	8.67432	
0.960083	8.67401	
0.961914	8.6734	
0.961304	8.67401	
0.964966	8.67371	
0.962524	8.67371	
0.961304	8.67401	
0.956116	8.67371	
0.959778	8.6734	
0.956421	8.67371	
0.958252	8.6734	
0.960693	8.6731	
0.961609	8.6731	
0.958862	8.67401	
0.960999	8.67401	
0.956726	8.67401	
0.960083	8.67401	
0.956726	8.67432	
0.958557	8.67371	
0.960388	8.67401	
0.964355	8.67432	
0.959778	8.6734	
0.958862	8.67401	
0.960083	8.67401	
0.960693	8.67279	
0.960693	8.67371	
0.956116	8.67401	
0.959778	8.67401	
0.961304	8.67371	
0.957031	8.67371	
0.958862	8.67371	
0.958862	8.67401	
0.961304	8.67371	
0.957642	8.67401	
0.958557	8.67432	
0.959778	8.67462	
0.961609	8.67371	
0.958557	8.67401	
0.956421	8.67371	
0.957642	8.67432	
0.957947	8.67462	
0.959167	8.67401	
0.957947	8.67371	
0.959778	8.67432	
0.956726	8.67401	
0.961914	8.67432	
0.960999	8.67279	
0.960388	8.67371	
0.958862	8.67371	
0.959778	8.67371	
0.959167	8.67401	
0.956726	8.67432	
0.96405	8.67432	
0.962524	8.67371	
0.958252	8.67371	
0.959167	8.67371	
0.959473	8.6731	
0.958557	8.67371	
0.957031	8.67371	
0.958252	8.67371	
0.958862	8.67371	
0.955811	8.6734	
0.965271	8.67401	
0.959473	8.67371	
0.961914	8.67401	
0.957947	8.6734	
0.959778	8.6731	
0.963745	8.6734	
0.961914	8.6731	
0.961609	8.67401	
0.960083	8.67401	
0.966492	8.67401	
0.960693	8.67462	
0.962219	8.6734	
0.958862	8.6734	
0.960999	8.67401	
0.961609	8.6734	
0.96283	8.6731	
0.957947	8.6731	
0.958862	8.67401	
0.960083	8.6734	
0.959167	8.6731	
0.962524	8.67462	
0.959473	8.6734	
0.958252	8.6734	
0.960083	8.6731	
0.964661	8.67401	
0.960693	8.67401	
0.962219	8.67371	
0.957336	8.67401	
0.965271	8.6734	
0.960693	8.67401	
0.957642	8.67371	
0.958557	8.67432	
0.959473	8.67401	
0.964661	8.67371	
0.958252	8.67401	
0.958252	8.67371	
0.959473	8.6734	
0.956116	8.6734	
0.960999	8.6734	
0.956116	8.6731	
0.957947	8.67371	
0.960388	8.67371	
0.958252	8.67401	
0.957947	8.67432	
0.960999	8.67401	
0.960999	8.6734	
0.957031	8.67371	
0.96405	8.67432	
0.961914	8.6734	
0.960999	8.67401	
0.958557	8.6734	
0.960693	8.6734	
0.963745	8.6734	
0.957031	8.67371	
0.958557	8.67432	
0.960388	8.67371	
0.96344	8.6734	
0.960083	8.67401	
0.959473	8.6731	
0.958252	8.67401	
0.959473	8.67401	
0.962219	8.67371	
0.959778	8.67401	
0.959778	8.67401	
0.959778	8.67432	
0.963745	8.67432	
0.959473	8.67401	
0.956421	8.67279	
0.962524	8.67432	
0.959473	8.67371	
0.958557	8.67401	
0.963745	8.67401	
0.957642	8.67432	
0.959778	8.67432	
0.958862	8.67371	
0.957947	8.67432	
0.961609	8.67432	
0.961914	8.67401	
0.957947	8.6731	
0.959473	8.67401	
0.961304	8.67371	
0.956116	8.67371	
0.958252	8.67401	
0.961609	8.67371	
0.960693	8.67371	
0.959778	8.67371	
0.956726	8.67371	
0.96405	8.67401	
0.958862	8.6731	
0.96283	8.67401	
0.959778	8.67371	
0.957642	8.67371	
0.96405	8.67371	
0.959473	8.67371	
0.958862	8.67371	
0.959167	8.67401	
0.957947	8.67401	
0.959167	8.67371	
0.956116	8.6734	
0.961304	8.67401	
0.958252	8.6734	
0.958557	8.6731	
0.958557	8.67371	
0.955811	8.67432	
0.958862	8.67401	
0.959167	8.67462	
0.96283	8.67371	
0.959473	8.67371	
0.956421	8.67401	
0.958252	8.67371	
0.960999	8.67371	
0.957031	8.67401	
0.957336	8.6734	
0.959778	8.67432	
0.960693	8.6734	
0.958862	8.6734	
0.964966	8.67371	
0.959167	8.6734	
0.957031	8.67371	
0.961914	8.67371	
0.959778	8.67371	
0.956726	8.6731	
0.963745	8.6734	
0.957031	8.67371	
0.958557	8.67371	
0.959473	8.6734	
0.959167	8.6734	
0.959778	8.67401	
0.959167	8.67432	
0.962524	8.67401	
0.957031	8.67432	
0.962219	8.6734	
0.957642	8.67401	
0.959167	8.67401	
0.96344	8.67462	
0.957031	8.67371	
0.96283	8.67401	
0.961304	8.67371	
0.959167	8.6731	
0.955811	8.67371	
0.961609	8.67432	
0.962219	8.67371	
0.956421	8.6731	
0.960083	8.67371	
0.960693	8.6734	
0.958557	8.6734	
0.963745	8.67401	
0.958557	8.67371	
0.961914	8.67371	
0.960083	8.6734	
0.958862	8.6734	
0.957642	8.6734	
0.965271	8.67401	
0.961609	8.67401	
0.956421	8.67371	
0.961914	8.6734	
0.960083	8.67432	
0.958557	8.6734	
0.964966	8.67371	
0.957947	8.67371	
0.958862	8.67401	
0.959167	8.6734	
0.956116	8.67371	
0.960083	8.67401	
0.960999	8.67401	
0.962219	8.67462	
0.958557	8.67371	
0.961304	8.67371	
0.957642	8.6734	
0.960999	8.67371	
0.960693	8.6731	
0.960083	8.6734	
0.958557	8.6734	
0.960999	8.6734	
0.960999	8.67371	
0.960693	8.67371	
0.959167	8.6731	
0.961914	8.67401	
0.957947	8.67371	
0.956421	8.6731	
0.959778	8.67371	
0.961304	8.67371	
0.959473	8.6734	
0.961914	8.67371	
0.959778	8.67371	
0.957336	8.6731	
0.962219	8.67371	
0.958252	8.67371	
0.960999	8.6734	
0.96344	8.67371	
0.957031	8.6734	
0.959778	8.6734	
0.960083	8.67371	
0.956421	8.67371	
0.963135	8.6731	
0.959167	8.67401	
0.956116	8.67401	
0.961304	8.6734	
0.961304	8.67432	
0.956421	8.67371	
0.960083	8.67371	
0.962219	8.67401	
0.961304	8.6734	
0.956421	8.67401	
0.960388	8.6734	
0.957947	8.6734	
0.961914	8.67401	
0.958862	8.6734	
0.960083	8.6734	
0.960083	8.67401	
0.957031	8.6731	
0.960388	8.67371	
0.961914	8.67432	
0.958252	8.6734	
0.964966	8.67432	
0.960999	8.6734	
0.961609	8.6734	
0.959167	8.67401	
0.961914	8.67401	
0.958557	8.67371	
0.960999	8.67371	
0.959778	8.67371	
0.956116	8.67401	
0.959473	8.67401	
0.961609	8.67371	
0.959778	8.67401	
0.96283	8.67279	
0.962219	8.6734	
0.960083	8.6734	
0.956116	8.67401	
0.961914	8.6734	
0.958557	8.6731	
0.958252	8.67371	
0.961304	8.6734	
0.957642	8.67371	
0.962219	8.67401	
0.959778	8.67432	
0.958862	8.67401	
0.957031	8.67279	
0.964661	8.67371	
0.961914	8.67432	
0.956116	8.6731	
0.962219	8.67371	
0.957947	8.67432	
0.961304	8.67432	
0.956421	8.67249	
0.96405	8.67462	
0.959167	8.6731	
0.959167	8.6734	
0.960388	8.67371	
0.958862	8.67371	
0.956726	8.67401	
0.96405	8.67401	
0.959778	8.6734	
0.956421	8.6731	
0.959778	8.67432	
0.959473	8.6734	
0.959778	8.67401	
0.957336	8.67371	
0.964661	8.67401	
0.957336	8.6731	
0.960388	8.6734	
0.960693	8.67401	
0.959167	8.67371	
0.956116	8.67371	
0.96344	8.67401	
0.960388	8.67432	
0.956116	8.67371	
0.962219	8.67371	
0.959473	8.6734	
0.960999	8.6734	
0.956726	8.67371	
0.96405	8.67432	
0.960083	8.6734	
0.956421	8.67371	
0.960693	8.67371	
0.960693	8.67371	
0.957336	8.6734	
0.964661	8.67371	
0.958557	8.67401	
0.959778	8.67371	
0.956726	8.67432	
0.962219	8.67432	
0.959167	8.67249	
0.960083	8.67401	
0.956421	8.6734	
0.963135	8.6731	
0.960083	8.67401	
0.956421	8.6734	
0.959473	8.6731	
0.961304	8.67462	
0.959167	8.67401	
0.957031	8.67371	
0.965576	8.67401	
0.959473	8.67432	
0.957336	8.6734	
0.959167	8.67371	
0.959167	8.67371	
0.959167	8.67371	
0.960693	8.67371	
0.958557	8.6734	
0.960083	8.67371	
0.961609	8.67371	
0.960083	8.67371	
0.960388	8.67371	
0.954895	8.6734	
0.964661	8.67401	
0.959167	8.67401	
0.961609	8.67371	
0.961914	8.67279	
0.957947	8.67401	
0.961304	8.6734	
0.956116	8.67401	
0.956116	8.67432	
0.960083	8.67401	
0.959167	8.67371	
0.959778	8.67401	
0.958557	8.67401	
0.96283	8.67462	
0.958862	8.67371	
0.957947	8.6731	
0.956421	8.67401	
0.961914	8.6734	
0.957947	8.67401	
0.960083	8.6731	
0.957947	8.6734	
0.96405	8.67401	
0.957336	8.6734	
0.959473	8.67401	
0.958862	8.67432	
0.960083	8.67371	
0.959167	8.67401	
0.955811	8.6731	
0.960999	8.67279	
0.962219	8.67401	
0.957642	8.67371	
0.960999	8.67401	
0.958557	8.67401	
0.960693	8.67371	
0.957642	8.67462	
0.960388	8.67371	
0.96283	8.6734	
0.957031	8.6734	
0.958862	8.67371	
0.959167	8.67401	
0.955811	8.6734	
0.963745	8.67279	
0.960083	8.67401	
0.957642	8.67371	
0.958252	8.6734	
0.958862	8.67401	
0.960999	8.67401	
0.959473	8.6734	
0.958862	8.67371	
0.964661	8.67462	
0.958557	8.67371	
0.958252	8.6734	
0.958862	8.67371	
0.957031	8.6734	
0.964661	8.67432	
0.96283	8.67432	
0.959167	8.67432	
0.962219	8.67401	
0.958557	8.67401	
0.960999	8.67401	
0.959167	8.67432	
0.960083	8.67493	
0.961914	8.67401	
0.960999	8.67371	
0.959167	8.67432	
0.961304	8.67462	
0.960083	8.67401	
0.956726	8.67432	
0.96405	8.67401	
0.960083	8.6734	
0.961914	8.67401	
0.960999	8.67371	
0.960083	8.67493	
0.959167	8.67462	
0.960083	8.67401	
0.956116	8.67371	
0.964355	8.67432	
0.959473	8.67401	
0.960693	8.67371	
0.959167	8.67401	
0.959473	8.67401	
0.957642	8.6734	
0.965271	8.67432	
0.960999	8.67401	
0.957336	8.67371	
0.960083	8.67432	
0.960083	8.67432	
0.959167	8.67401	
0.962524	8.6731	
0.957031	8.67371	
0.959778	8.67371	
0.962219	8.67432	
0.960693	8.67401	
0.960083	8.67401	
0.961609	8.67371	
0.960999	8.67432	
0.960083	8.67462	
0.960999	8.67432	
0.959473	8.67401	
0.961914	8.67462	
0.956726	8.67432	
0.964966	8.67432	
0.957642	8.6734	
0.962219	8.67401	
0.960693	8.67401	
0.960693	8.67401	
0.960083	8.67401	
0.956116	8.67401	
0.963135	8.67493	
0.961609	8.67493	
0.961609	8.67432	
0.959473	8.67432	
0.959473	8.67401	
0.958557	8.67432	
0.96283	8.67401	
0.958557	8.67401	
0.966187	8.67432	
0.957031	8.67432	
0.960999	8.67401	
0.960388	8.67401	
0.960083	8.67401	
0.960693	8.67371	
0.957031	8.6734	
0.96283	8.67462	
0.960693	8.67371	
0.960083	8.67432	
0.962219	8.67401	
0.959167	8.67401	
0.961609	8.67432	
0.959167	8.67401	
0.960388	8.67401	
0.963135	8.67371	
0.956726	8.67432	
0.962524	8.67401	
0.959167	8.67432	
0.960999	8.67432	
0.960999	8.67432	
0.957336	8.67371	
0.965881	8.67462	
0.962524	8.67493	
0.962524	8.67432	
0.956726	8.6734	
0.962524	8.67401	
0.958862	8.67432	
0.960693	8.67401	
0.957031	8.6734	
0.962524	8.67401	
0.959778	8.67432	
0.960693	8.67462	
0.959167	8.67371	
0.960693	8.67493	
0.959778	8.67432	
0.960083	8.67401	
0.957947	8.67401	
0.956421	8.6734	
0.96405	8.67432	
0.959778	8.67462	
0.962219	8.67401	
0.957336	8.67401	
0.960693	8.67371	
0.963135	8.67371	
0.958862	8.67493	
0.960999	8.67371	
0.958252	8.6731	
0.963135	8.67401	
0.959473	8.67493	
0.959778	8.67462	
0.960083	8.67401	
0.962219	8.67401	
0.960388	8.67401	
0.960083	8.67371	
0.956116	8.67401	
0.959473	8.67371	
0.963135	8.67432	
0.962524	8.67432	
0.957336	8.67432	
0.962219	8.67371	
0.960388	8.67432	
0.960999	8.67432	
0.958557	8.67401	
0.957031	8.67371	
0.962219	8.67432	
0.961609	8.67401	
0.959167	8.67401	
0.961914	8.67462	
0.959473	8.67523	
0.958862	8.67462	
0.964661	8.67371	
0.960388	8.67432	
0.961304	8.67462	
0.956421	8.67462	
0.961609	8.67493	
0.958862	8.6734	
0.958557	8.67371	
0.961304	8.67401	
0.959778	8.67401	
0.959778	8.67401	
0.963135	8.67493	
0.960693	8.67401	
0.960083	8.67371	
0.961304	8.67371	
0.959778	8.67401	
0.956116	8.67432	
0.964661	8.67432	
0.96344	8.67493	
0.959778	8.67432	
0.959778	8.67401	
0.960999	8.67432	
0.958557	8.67401	
0.960999	8.67462	
0.961609	8.67432	
0.957031	8.67401	
0.964661	8.67401	
0.958862	8.67371	
0.962524	8.67371	
0.959778	8.67432	
0.961609	8.67493	
0.960083	8.67432	
0.956421	8.67401	
0.964966	8.67401	
0.959778	8.67432	
0.960388	8.67432	
0.96283	8.67371	
0.956726	8.67432	
0.958252	8.67401	
0.960693	8.67401	
0.962524	8.67462	
0.960083	8.67493	
0.960693	8.67401	
0.961914	8.67462	
0.960388	8.67401	
0.956421	8.67401	
0.96283	8.67401	
0.963135	8.67462	
0.957336	8.67462	
0.961304	8.67432	
0.960083	8.67371	
0.960999	8.67432	
0.961914	8.67401	
0.959778	8.67401	
0.960083	8.67432	
0.956421	8.67401	
0.96344	8.67493	
0.964355	8.67432	
0.959778	8.67462	
0.961304	8.67432	
0.960999	8.67401	
0.956421	8.67432	
0.961304	8.67432	
0.959473	8.67462	
0.959473	8.67432	
0.961914	8.67371	
0.960999	8.67432	
0.957642	8.67432	
0.957336	8.67401	
0.964661	8.67493	
0.957031	8.67371	
0.962219	8.67462	
0.959167	8.67371	
0.960693	8.67432	
0.960083	8.67371	
0.959778	8.67432	
0.959473	8.67432	
0.960693	8.67401	
0.960083	8.67432	
0.96344	8.67401	
0.964661	8.67462	
0.960999	8.67401	
0.962219	8.67432	
0.961304	8.67401	
0.959167	8.67432	
0.96344	8.67432	
0.959167	8.67371	
0.960693	8.67401	
0.962219	8.67371	
0.959778	8.67462	
0.957947	8.67432	
0.959167	8.67401	
0.960388	8.67462	
0.958252	8.67432	
0.96283	8.67401	
0.959778	8.67401	
0.960999	8.67462	
0.960693	8.67401	
0.957642	8.67401	
0.959473	8.67401	
0.963745	8.67432	
0.960083	8.67462	
0.962219	8.67432	
0.956421	8.67462	
0.956116	8.67432	
0.961304	8.67401	
0.962219	8.6734	
0.960083	8.67401	
0.959778	8.67401	
0.957031	8.67432	
0.963745	8.67432	
0.957031	8.67371	
0.960999	8.67462	
0.960693	8.67401	
0.959778	8.67432	
0.959778	8.67432	
0.956421	8.67401	
0.962524	8.67462	
0.959778	8.67401	
0.962219	8.67401	
0.959473	8.67371	
0.960388	8.67371	
0.960388	8.67462	
0.958862	8.67462	
0.961914	8.67493	
0.960388	8.67493	
0.962219	8.67432	
0.965576	8.67462	
0.957642	8.67371	
0.961914	8.67462	
0.959778	8.67432	
0.960999	8.67401	
0.960083	8.67401	
0.956421	8.67462	
0.965271	8.67401	
0.966492	8.67371	
0.960999	8.67462	
0.962524	8.67401	
0.958862	8.67371	
0.957947	8.67401	
0.960999	8.67432	
0.959473	8.67401	
0.960999	8.67523	
0.960083	8.67401	
0.960693	8.6734	
0.96283	8.67371	
0.958862	8.67371	
0.96283	8.67432	
0.959167	8.67523	
0.961304	8.67432	
0.957031	8.67401	
0.956726	8.67432	
0.965576	8.67432	
0.962524	8.67493	
0.96283	8.67432	
0.957642	8.67401	
0.958862	8.67371	
0.961914	8.67462	
0.960083	8.67401	
0.962219	8.67432	
0.959167	8.67401	
0.960693	8.67401	
0.964355	8.67462	
0.958252	8.67432	
0.961304	8.67462	
0.960083	8.67401	
0.960999	8.67462	
0.960693	8.67432	
0.959778	8.67371	
0.959778	8.67462	
0.956116	8.67432	
0.965881	8.67432	
0.960083	8.67462	
0.96283	8.67432	
0.957336	8.67401	
0.956116	8.6734	
0.96283	8.67462	
0.961914	8.67401	
0.959473	8.67432	
0.961304	8.67493	
0.958862	8.67401	
0.959167	8.67432	
0.957642	8.67401	
0.956421	8.67371	
0.961304	8.67432	
0.964966	8.6734	
0.964355	8.67401	
0.957947	8.67432	
0.957642	8.67462	
0.961609	8.6734	
0.961914	8.67432	
0.958557	8.67371	
0.963135	8.67432	
0.961914	8.67401	
0.960388	8.67401	
0.960999	8.67493	
0.960693	8.67493	
0.956116	8.67401	
0.960083	8.67432	
0.965271	8.67462	
0.961914	8.67462	
0.960693	8.67432	
0.962219	8.67462	
0.962219	8.67462	
0.957031	8.67371	
0.957642	8.67401	
0.959778	8.67371	
0.960083	8.6731	
0.961609	8.6734	
0.960083	8.67371	
0.956726	8.67371	
0.963745	8.67462	
0.96405	8.67432	
0.959778	8.67371	
0.961304	8.67432	
0.962219	8.67432	
0.957947	8.67401	
0.962219	8.67401	
0.959778	8.6734	
0.956421	8.67462	
0.96405	8.67432	
0.964661	8.67493	
0.960083	8.67493	
0.962219	8.67401	
0.957336	8.67432	
0.961914	8.67462	
0.962219	8.67462	
0.959167	8.67462	
0.960999	8.6734	
0.961914	8.6731	
0.957947	8.67371	
0.959473	8.67371	
0.964661	8.67401	
0.964355	8.6734	
0.958557	8.6731	
0.961304	8.67371	
0.959167	8.6731	
0.959778	8.6734	
0.961914	8.67279	
0.959473	8.6731	
0.956116	8.6731	
0.962219	8.6731	
0.960083	8.67279	
0.960083	8.67371	
0.965881	8.67279	
0.965881	8.67279	
0.959167	8.67401	
0.961609	8.6734	
0.962524	8.6734	
0.957642	8.6734	
0.958557	8.6734	
0.960999	8.6734	
0.961609	8.67371	
0.957947	8.6734	
0.960388	8.6734	
0.959167	8.6734	
0.957031	8.6734	
0.962219	8.6734	
0.96405	8.6734	
0.964355	8.67371	
0.960388	8.67371	
0.957642	8.67371	
0.958862	8.67371	
0.959778	8.6734	
0.959473	8.67401	
0.960693	8.67279	
0.961304	8.67371	
0.960999	8.67371	
0.959778	8.67371	
0.959778	8.6731	
0.957947	8.67401	
0.955505	8.6731	
0.957336	8.6731	
0.961914	8.67401	
0.96405	8.6734	
0.960388	8.6731	
0.960693	8.67279	
0.962524	8.67371	
0.957947	8.6734	
0.956726	8.67371	
0.959778	8.67371	
0.959778	8.67371	
0.963135	8.67371	
0.958557	8.67371	
0.960083	8.67218	
0.960388	8.67279	
0.960693	8.67371	
0.957031	8.6731	
0.959167	8.6734	
0.958252	8.6731	
0.963135	8.6731	
0.964966	8.6734	
0.964661	8.67401	
0.963745	8.67401	
0.957336	8.6731	
0.960999	8.67371	
0.958557	8.67401	
0.958557	8.67371	
0.960999	8.6731	
0.961914	8.6731	
0.961609	8.67279	
0.960999	8.6734	
0.960693	8.67371	
0.957031	8.6734	
0.96283	8.6731	
0.964661	8.6734	
0.959473	8.6734	
0.961609	8.67371	
0.957336	8.6731	
0.959473	8.6731	
0.962524	8.6734	
0.959473	8.6731	
0.963135	8.6734	
0.960388	8.6734	
0.959167	8.67279	
0.958557	8.67371	
0.959167	8.6731	
0.961914	8.67371	
0.959473	8.6731	
0.957336	8.6734	
0.962219	8.67371	
0.96283	8.6734	
0.959167	8.67249	
0.959778	8.6731	
0.962524	8.6734	
0.959473	8.67279	
0.961914	8.6734	
0.960388	8.67371	
0.955811	8.67249	
0.964661	8.6734	
0.964661	8.6731	
0.960083	8.6734	
0.962524	8.6731	
0.962219	8.67279	
0.957336	8.67371	
0.959778	8.6734	
0.961609	8.67279	
0.962219	8.6734	
0.963135	8.6734	
0.963135	8.67371	
0.959778	8.67371	
0.960999	8.6731	
0.958862	8.6731	
0.962219	8.67371	
0.958557	8.6731	
0.959167	8.67371	
0.958862	8.6731	
0.959778	8.6731	
0.959167	8.67401	
0.960999	8.6731	
0.961609	8.67432	
0.961609	8.6734	
0.960999	8.6734	
0.960388	8.67371	
0.957336	8.67371	
0.956726	8.6734	
0.957031	8.67279	
0.959778	8.67401	
0.960693	8.67279	
0.964661	8.6731	
0.965271	8.67279	
0.96344	8.67371	
0.96283	8.67432	
0.957336	8.67371	
0.960083	8.67401	
0.96283	8.6734	
0.961914	8.6734	
0.959167	8.6731	
0.959473	8.6731	
0.959778	8.67279	
0.960693	8.67401	
0.960693	8.6734	
0.961304	8.67371	
0.959778	8.6734	
0.960083	8.67371	
0.960999	8.67401	
0.960693	8.6734	
0.960388	8.67371	
0.956421	8.67279	
0.956116	8.6731	
0.957642	8.6734	
0.963135	8.6731	
0.965881	8.6734	
0.96405	8.67279	
0.96283	8.67401	
0.960388	8.6734	
0.96283	8.6731	
0.96283	8.67371	
0.962219	8.6731	
0.959778	8.6731	
0.957336	8.6734	
0.960999	8.67279	
0.96283	8.6734	
0.962524	8.6734	
0.960999	8.67371	
0.958862	8.6731	
0.958557	8.6734	
0.959778	8.6731	
0.960693	8.6734	
0.961304	8.6734	
0.959167	8.67218	
0.956726	8.67371	
0.957336	8.6731	
0.957031	8.67249	
0.960388	8.6731	
0.964661	8.6731	
0.957947	8.6734	
0.956726	8.6734	
0.960388	8.6734	
0.961914	8.67371	
0.960999	8.6734	
0.959778	8.67371	
0.959778	8.6731	
0.959167	8.6734	
0.959778	8.6734	
0.960999	8.67371	
0.961609	8.67371	
0.960388	8.6731	
0.959778	8.67432	
0.959778	8.6734	
0.956421	8.6731	
0.955811	8.6734	
0.957031	8.67279	
0.957336	8.67279	
0.959778	8.6734	
0.964661	8.67401	
0.961304	8.6731	
0.961914	8.6734	
0.961914	8.6734	
0.962524	8.6734	
0.960388	8.6734	
0.956726	8.6734	
0.957642	8.67249	
0.959473	8.6734	
0.961304	8.67401	
0.961304	8.6731	
0.96405	8.6731	
0.962524	8.67371	
0.961609	8.67371	
0.961914	8.6731	
0.962219	8.6734	
0.96283	8.67279	
0.962524	8.6731	
0.958557	8.6731	
0.958862	8.67371	
0.959167	8.67401	
0.961609	8.67249	
0.961609	8.6734	
0.961304	8.6731	
0.960693	8.6731	
0.960388	8.6731	
0.958862	8.6734	
0.957336	8.6731	
0.956726	8.67279	
0.956726	8.67371	
0.957947	8.6731	
0.96405	8.6734	
0.96283	8.67279	
0.961304	8.67279	
0.96344	8.67401	
0.96283	8.67279	
0.96405	8.6734	
0.964661	8.6734	
0.965271	8.67371	
0.964661	8.67371	
0.964355	8.67371	
0.965271	8.6734	
0.96344	8.67371	
0.959473	8.67371	
0.956116	8.67279	
0.957642	8.6731	
0.959167	8.6731	
0.959473	8.6734	
0.960388	8.67401	
0.961914	8.6734	
0.962524	8.6731	
0.962219	8.67279	
0.960693	8.6734	
0.961304	8.67371	
0.960388	8.6734	
0.959473	8.67401	
0.959473	8.67218	
0.958557	8.6734	
0.960693	8.67371	
0.962524	8.6734	
0.960693	8.67279	
0.959473	8.67401	
0.960388	8.6734	
0.959473	8.67279	
0.960083	8.6734	
0.960083	8.67401	
0.958862	8.6731	
0.960083	8.67371	
0.958557	8.67371	
0.957642	8.67249	
0.956421	8.6734	
0.955811	8.67432	
0.957947	8.67371	
0.966797	8.67371	
0.965576	8.6734	
0.963745	8.6731	
0.962524	8.67371	
0.961304	8.67432	
0.959473	8.67279	
0.960999	8.67371	
0.960999	8.6731	
0.960083	8.6731	
0.961609	8.6734	
0.962219	8.67432	
0.961914	8.67371	
0.959778	8.6734	
0.958252	8.6731	
0.957031	8.67371	
0.957336	8.67371	
0.956726	8.67371	
0.957642	8.6731	
0.957947	8.6734	
0.960693	8.67371	
0.962524	8.6734	
0.961914	8.67279	
0.961609	8.6734	
0.958862	8.67432	
0.961914	8.67249	
0.963745	8.67371	
0.962524	8.67371	
0.962524	8.67279	
0.962524	8.6734	
0.960388	8.67401	
0.961304	8.67371	
0.962219	8.6734	
0.96283	8.6731	
0.959778	8.6734	
0.96283	8.67279	
0.961914	8.67371	
0.957336	8.67371	
0.958862	8.67401	
0.961304	8.6731	
0.961914	8.6731	
0.962524	8.67279	
0.962219	8.6731	
0.959473	8.67432	
0.958862	8.67371	
0.958862	8.6731	
0.958862	8.6734	
0.960083	8.67462	
0.959473	8.6731	
0.959473	8.6731	
0.959778	8.67371	
0.961609	8.67371	
0.960083	8.67371	
0.961304	8.6731	
0.958862	8.67401	
0.959778	8.6734	
0.960693	8.67279	
0.959778	8.6731	
0.961304	8.67371	
0.961304	8.67371	
0.960388	8.6734	
0.960388	8.6734	
0.958862	8.67401	
0.959167	8.67432	
0.959778	8.67371	
0.960083	8.6734	
0.958862	8.67371	
0.958862	8.67371	
0.960999	8.67371	
0.958862	8.67371	
0.961304	8.67401	
0.962524	8.67401	
0.962524	8.67432	
0.962524	8.6734	
0.962524	8.67493	
0.96283	8.6734	
0.96283	8.67371	
0.961914	8.67401	
0.960693	8.67371	
0.962219	8.67432	
0.961914	8.67432	
0.961609	8.67432	
0.960693	8.67432	
0.960083	8.67371	
0.962219	8.6731	
0.962219	8.67279	
0.963135	8.67371	
0.962219	8.67371	
0.962524	8.6734	
0.958557	8.67401	
0.956726	8.67249	
0.957336	8.6734	
0.960083	8.67371	
0.960693	8.67279	
0.962524	8.6734	
0.963135	8.6731	
0.962524	8.67462	
0.961914	8.67371	
0.959778	8.67523	
0.960083	8.67401	
0.961609	8.6734	
0.960083	8.67371	
0.959473	8.67401	
0.964355	8.67401	
0.965576	8.67432	
0.965271	8.6731	
0.965881	8.67371	
0.960999	8.6731	
0.958557	8.6734	
0.957947	8.67279	
0.960083	8.6731	
0.959778	8.6731	
0.960693	8.67371	
0.960693	8.67401	
0.960693	8.6734	
0.960388	8.67401	
0.961304	8.67401	
0.961914	8.67432	
0.962219	8.6731	
0.962219	8.67401	
0.962524	8.67432	
0.961304	8.67401	
0.961914	8.67371	
0.961609	8.67401	
0.959473	8.6734	
0.959473	8.6734	
0.959778	8.67432	
0.959778	8.67401	
0.960693	8.6734	
0.961304	8.6734	
0.958557	8.67401	
0.958557	8.6734	
0.964355	8.67432	
0.963745	8.67432	
0.964355	8.67401	
0.965576	8.67401	
0.963135	8.6734	
0.964966	8.6734	
0.961304	8.67401	
0.964966	8.67401	
0.96405	8.67401	
0.957642	8.6734	
0.957642	8.67432	
0.957031	8.67371	
0.957336	8.67401	
0.958862	8.67401	
0.959167	8.67401	
0.960693	8.67401	
0.961304	8.67401	
0.958252	8.6734	
0.958557	8.6734	
0.958252	8.67401	
0.959167	8.67462	
0.959167	8.6734	
0.959167	8.6734	
0.958557	8.67371	
0.959167	8.67432	
0.958557	8.67371	
0.958557	8.67432	
0.961609	8.67401	
0.963135	8.6734	
0.960083	8.67401	
0.958252	8.67401	
0.958557	8.6731	
0.960083	8.67401	
0.960388	8.67401	
0.961609	8.67432	
0.960083	8.6734	
0.960083	8.67432	
0.959778	8.6731	
0.961914	8.67371	
0.962219	8.6731	
0.961914	8.67371	
0.955811	8.67401	
0.957947	8.67371	
0.956726	8.67462	
0.959778	8.67432	
0.961914	8.67371	
0.959778	8.6734	
0.961914	8.67432	
0.956421	8.6734	
0.957642	8.67371	
0.957336	8.67371	
0.956421	8.6734	
0.957642	8.67371	
0.958862	8.67371	
0.961304	8.67462	
0.960693	8.6731	
0.961914	8.67401	
0.962524	8.67371	
0.962219	8.67371	
0.959167	8.67401	
0.959167	8.67401	
0.960693	8.67401	
0.964966	8.67432	
0.963745	8.67462	
0.964661	8.67371	
0.957336	8.67371	
0.957947	8.67371	
0.956116	8.67371	
0.959473	8.67401	
0.960083	8.67401	
0.959778	8.6734	
0.960388	8.67401	
0.960693	8.67401	
0.960388	8.67401	
0.960083	8.6734	
0.959473	8.67432	
0.961304	8.67371	
0.960388	8.67371	
0.960999	8.6734	
0.959473	8.67401	
0.961304	8.67493	
0.962219	8.67401	
0.961304	8.67401	
0.960388	8.67432	
0.959778	8.6734	
0.958862	8.67401	
0.959473	8.67432	
0.959778	8.67401	
0.959778	8.6731	
0.961609	8.67432	
0.962524	8.67371	
0.959473	8.67371	
0.960388	8.67371	
0.959778	8.67401	
0.957336	8.67371	
0.957031	8.67371	
0.96344	8.67401	
0.96283	8.6734	
0.964966	8.67371	
0.96283	8.67401	
0.961304	8.6734	
0.957642	8.6734	
0.958557	8.67401	
0.960083	8.6734	
0.962219	8.6734	
0.959473	8.67401	
0.958557	8.67401	
0.961304	8.6734	
0.961609	8.67371	
0.962219	8.67401	
0.96283	8.67279	
0.961914	8.6734	
0.957947	8.6734	
0.957947	8.67432	
0.957947	8.67371	
0.962524	8.67401	
0.961609	8.67371	
0.960083	8.67401	
0.959778	8.67493	
0.964355	8.67371	
0.966187	8.67401	
0.965881	8.67371	
0.960083	8.67401	
0.957336	8.67401	
0.958252	8.67371	
0.960388	8.67401	
0.960388	8.67401	
0.959473	8.67371	
0.961304	8.67401	
0.96283	8.67371	
0.959167	8.67401	
0.958862	8.6734	
0.962524	8.67371	
0.963135	8.6734	
0.962524	8.67401	
0.96283	8.6734	
0.957642	8.6734	
0.96283	8.67371	
0.964966	8.67371	
0.960388	8.6734	
0.957031	8.67401	
0.960693	8.67432	
0.960693	8.6734	
0.962219	8.67432	
0.961609	8.67371	
0.959167	8.67371	
0.960083	8.6731	
0.96283	8.6734	
0.960388	8.67401	
0.957336	8.67493	
0.960388	8.67401	
0.960999	8.6734	
0.963745	8.67371	
0.963745	8.67401	
0.956726	8.67432	
0.956726	8.67371	
0.959473	8.6734	
0.959778	8.67371	
0.960999	8.67371	
0.962524	8.67401	
0.958557	8.67401	
0.959473	8.67371	
0.959167	8.67371	
0.957642	8.67401	
0.965271	8.6734	
0.958862	8.67371	
0.959473	8.67371	
0.960083	8.67371	
0.961914	8.67401	
0.960999	8.67371	
0.958862	8.67401	
0.960388	8.6731	
0.962524	8.67401	
0.963135	8.67432	
0.960388	8.67371	
0.956421	8.67371	
0.959167	8.67432	
0.962524	8.67401	
0.960083	8.67401	
0.965881	8.67371	
0.958557	8.67371	
0.956726	8.67279	
0.959778	8.6734	
0.961304	8.67371	
0.961304	8.67401	
0.959167	8.67432	
0.959167	8.6734	
0.961609	8.67371	
0.960999	8.6734	
0.957947	8.6734	
0.963135	8.6734	
0.964661	8.67432	
0.956726	8.67371	
0.959167	8.67401	
0.961914	8.67401	
0.958862	8.6731	
0.962524	8.67401	
0.960999	8.67401	
0.956726	8.67401	
0.960083	8.67432	
0.961914	8.6734	
0.960083	8.67401	
0.965576	8.67401	
0.956726	8.6734	
0.959778	8.67371	
0.959473	8.67371	
0.961914	8.67401	
0.959473	8.6734	
0.960693	8.6734	
0.957642	8.6734	
0.960999	8.67371	
0.964355	8.67371	
0.961914	8.6734	
0.956116	8.6734	
0.959778	8.6734	
0.961304	8.67432	
0.961609	8.67401	
0.960083	8.6734	
0.962219	8.67371	
0.960999	8.67401	
0.960693	8.67371	
0.958557	8.6731	
0.961914	8.67401	
0.960388	8.67432	
0.96344	8.67371	
0.965576	8.67432	
0.956116	8.6734	
0.957336	8.6734	
0.959778	8.67279	
0.959473	8.6734	
0.962219	8.6731	
0.961914	8.6734	
0.958862	8.67371	
0.957642	8.6734	
0.961304	8.6734	
0.962524	8.67279	
0.957031	8.67249	
0.961914	8.67371	
0.959473	8.6734	
0.958862	8.67401	
0.961304	8.67371	
0.961914	8.6731	
0.958557	8.6731	
0.957947	8.6731	
0.961914	8.67401	
0.961914	8.6731	
0.963745	8.67371	
0.963135	8.6734	
0.960083	8.6731	
0.960083	8.6734	
0.961609	8.6734	
0.958862	8.6734	
0.961304	8.6734	
0.958252	8.6734	
0.958862	8.67279	
0.961914	8.67279	
0.957031	8.67371	
0.960999	8.67371	
0.958862	8.67218	
0.958557	8.6734	
0.960999	8.6734	
0.961914	8.67371	
0.957642	8.6731	
0.961914	8.6734	
0.960999	8.67371	
0.962524	8.6734	
0.964661	8.6734	
0.958557	8.67279	
0.958252	8.6734	
0.960083	8.6734	
0.960999	8.67371	
0.958862	8.67401	
0.959778	8.67401	
0.957642	8.6734	
0.958862	8.6731	
0.964661	8.67371	
0.959473	8.6734	
0.959167	8.6731	
0.960999	8.67401	
0.958557	8.6734	
0.961609	8.67432	
0.961304	8.67371	
0.956116	8.6734	
0.960693	8.67371	
0.959167	8.6734	
0.96405	8.67371	
0.956116	8.6734	
0.957947	8.6734	
0.958862	8.6731	
0.961914	8.6731	
0.960083	8.67279	
0.958557	8.67401	
0.960388	8.67401	
0.962219	8.67401	
0.958252	8.67279	
0.957336	8.67279	
0.96344	8.67371	
0.960693	8.6731	
0.958252	8.6731	
0.959167	8.67401	
0.959167	8.6731	
0.959778	8.6734	
0.960083	8.67279	
0.961304	8.6731	
0.959778	8.67371	
0.957031	8.67218	
0.962524	8.6734	
0.961609	8.67371	
0.96405	8.6734	
0.960388	8.67249	
0.960388	8.6731	
0.959167	8.67371	
0.960388	8.6734	
0.961304	8.67371	
0.960083	8.6734	
0.958252	8.67371	
0.961304	8.6734	
0.962219	8.67401	
0.959167	8.6734	
0.958557	8.6734	
0.962524	8.67371	
0.961914	8.6734	
0.957336	8.6731	
0.961304	8.6731	
0.961914	8.67371	
0.960999	8.67371	
0.958557	8.6734	
0.959167	8.67371	
0.960083	8.67401	
0.96283	8.6734	
0.958862	8.67279	
0.956421	8.6734	
0.959778	8.67371	
0.961609	8.6731	
0.96344	8.6734	
0.962219	8.6734	
0.957031	8.6731	
0.958862	8.67401	
0.960083	8.67218	
0.959167	8.6734	
0.961914	8.67371	
0.959778	8.67371	
0.960999	8.67279	
0.959778	8.6734	
0.957642	8.6734	
0.963745	8.6734	
0.96405	8.67279	
0.956421	8.67371	
0.960388	8.67401	
0.958862	8.67371	
0.961609	8.67371	
0.959778	8.67371	
0.961914	8.6734	
0.962219	8.6734	
0.957947	8.6731	
0.957642	8.6731	
0.962219	8.67371	
0.960388	8.67371	
0.960388	8.67279	
0.962219	8.67371	
0.961914	8.6731	
0.955505	8.6734	
0.959167	8.6734	
0.959167	8.67279	
0.962219	8.67371	
0.959778	8.67279	
0.96283	8.6734	
0.958252	8.67279	
0.96344	8.67371	
0.956421	8.6731	
0.956726	8.67249	
0.959778	8.67279	
0.961609	8.6731	
0.959778	8.67371	
0.958557	8.6731	
0.960693	8.6734	
0.960083	8.6731	
0.957642	8.6734	
0.961914	8.6731	
0.963745	8.67401	
0.965271	8.67279	
0.958252	8.6731	
0.957336	8.6734	
0.960083	8.6731	
0.959778	8.67401	
0.960388	8.67432	
0.962524	8.6731	
0.960083	8.67279	
0.961914	8.67371	
0.962219	8.67279	
0.959778	8.6734	
0.96344	8.6734	
0.957642	8.6731	
0.958252	8.67249	
0.961609	8.67371	
0.958862	8.6731	
0.959473	8.67371	
0.96283	8.6734	
0.958862	8.67279	
0.958252	8.6731	
0.963135	8.67401	
0.960693	8.67401	
0.959473	8.67401	
0.96344	8.67432	
0.965881	8.6734	
0.957336	8.6734	
0.960693	8.67279	
0.960693	8.6734	
0.961609	8.67371	
0.958862	8.6734	
0.960693	8.6734	
0.958252	8.6731	
0.960693	8.6734	
0.964966	8.67401	
0.959473	8.67249	
0.959778	8.67279	
0.962219	8.6734	
0.958557	8.6731	
0.962524	8.67371	
0.958557	8.6731	
0.958862	8.67371	
0.961609	8.6731	
0.963745	8.6734	
0.962219	8.6734	
0.957031	8.67371	
0.960388	8.67371	
0.961304	8.6734	
0.960083	8.6731	
0.960999	8.6734	
0.960693	8.6731	
0.958557	8.6734	
0.957642	8.6734	
0.960999	8.6734	
0.956421	8.6731	
0.960999	8.67371	
0.960999	8.67432	
0.957947	8.67371	
0.959778	8.67371	
0.961609	8.67279	
0.960388	8.67371	
0.957642	8.67371	
0.962524	8.67371	
0.960999	8.6731	
0.965271	8.67371	
0.962219	8.6734	
0.956116	8.6734	
0.960388	8.6731	
0.961304	8.67371	
0.959778	8.67401	
0.961304	8.6734	
0.960999	8.6734	
0.957642	8.6734	
0.965576	8.67279	
0.958252	8.6734	
0.959778	8.6734	
0.960999	8.67371	
0.957947	8.67371	
0.962524	8.6734	
0.958557	8.67279	
0.959473	8.67371	
0.959778	8.67371	
0.963745	8.6734	
0.959167	8.6731	
0.959473	8.6731	
0.959778	8.67371	
0.959778	8.67401	
0.962219	8.6734	
0.960388	8.6734	
0.956726	8.6734	
0.964966	8.67371	
0.957031	8.6731	
0.961304	8.6731	
0.959473	8.6731	
0.961914	8.67279	
0.962219	8.67371	
0.956726	8.6734	
0.959778	8.67371	
0.961609	8.6734	
0.962524	8.6731	
0.965271	8.6731	
0.958252	8.6734	
0.956421	8.67401	
0.960083	8.67371	
0.959167	8.6734	
0.961914	8.67371	
0.961609	8.67401	
0.958557	8.6734	
0.961609	8.67279	
0.959167	8.67462	
0.959167	8.67371	
0.964966	8.67401	
0.956726	8.67371	
0.959473	8.67401	
0.961914	8.6734	
0.958862	8.67279	
0.962219	8.67401	
0.961914	8.67371	
0.957947	8.6734	
0.957031	8.6734	
0.961914	8.67279	
0.958557	8.67493	
0.96344	8.6734	
0.963135	8.6734	
0.958252	8.67371	
0.956421	8.6731	
0.960388	8.6734	
0.959778	8.67371	
0.961914	8.67401	
0.959778	8.67371	
0.961914	8.6731	
0.957642	8.67401	
0.959778	8.67401	
0.962219	8.67371	
0.957336	8.6731	
0.961609	8.6734	
0.958557	8.67371	
0.958862	8.67279	
0.956421	8.67401	
0.961914	8.67371	
0.962524	8.6731	
0.959473	8.67371	
0.966187	8.6734	
0.960999	8.6731	
0.958557	8.6731	
0.960083	8.6734	
0.959473	8.6731	
0.962219	8.67432	
0.957336	8.67371	
0.964661	8.67371	
0.956116	8.67279	
0.961304	8.6734	
0.958862	8.6731	
0.960999	8.67371	
0.961914	8.6731	
0.960083	8.67401	
0.962219	8.67401	
0.959473	8.6731	
0.965881	8.67371	
0.957031	8.6731	
0.960083	8.67371	
0.960693	8.67279	
0.959167	8.6731	
0.960693	8.6731	
0.959473	8.6734	
0.957031	8.67279	
0.961914	8.6731	
0.958252	8.6734	
0.960693	8.67401	
0.962219	8.6734	
0.957336	8.67249	
0.962219	8.6734	
0.963745	8.67432	
0.959778	8.67371	
0.957031	8.67279	
0.961914	8.67279	
0.959167	8.67401	
0.962219	8.6734	
0.960083	8.6731	
0.961304	8.67279	
0.96405	8.67249	
0.957031	8.67249	
0.957031	8.6731	
0.960083	8.67279	
0.962524	8.6731	
0.962524	8.6731	
0.959167	8.6734	
0.962524	8.67371	
0.961304	8.67279	
0.965271	8.67371	
0.958557	8.6734	
0.960388	8.67371	
0.960999	8.6734	
0.959167	8.6731	
0.961914	8.67371	
0.956726	8.6731	
0.962524	8.67371	
0.959167	8.67279	
0.958252	8.67371	
0.960693	8.67401	
0.961304	8.67279	
0.958862	8.6734	
0.96283	8.6734	
0.960693	8.67371	
0.961609	8.67371	
0.959473	8.6734	
0.963135	8.6734	
0.959778	8.67371	
0.956116	8.6734	
0.959473	8.6734	
0.961914	8.67249	
0.961914	8.6734	
0.957947	8.6731	
0.96344	8.6734	
0.959778	8.67401	
0.962219	8.6731	
0.960693	8.67432	
0.960693	8.67401	
0.960388	8.67371	
0.958252	8.67249	
0.960693	8.67401	
0.964966	8.67249	
0.959473	8.67279	
0.957642	8.67371	
0.960083	8.67371	
0.960693	8.67371	
0.959778	8.67371	
0.960083	8.6734	
0.962524	8.6734	
0.958862	8.67401	
0.957642	8.6731	
0.957642	8.67279	
0.960693	8.6734	
0.962524	8.67371	
0.958862	8.6731	
0.961304	8.6734	
0.958557	8.6731	
0.957336	8.67371	
0.961914	8.67401	
0.959778	8.6734	
0.965881	8.67401	
0.964355	8.6734	
0.959473	8.67279	
0.960999	8.67371	
0.959167	8.6731	
0.960999	8.6731	
0.961609	8.6731	
0.958862	8.67432	
0.962524	8.67371	
0.957031	8.6731	
0.96344	8.67462	
0.960693	8.6731	
0.959167	8.67371	
0.962524	8.67371	
0.958557	8.67371	
0.962524	8.6734	
0.959778	8.6734	
0.957336	8.67279	
0.959778	8.67371	
0.961914	8.67432	
0.962524	8.6734	
0.965881	8.6731	
0.956116	8.6734	
0.959778	8.6731	
0.962219	8.6731	
0.959167	8.6734	
0.962219	8.6734	
0.957642	8.67371	
0.960693	8.67371	
0.962524	8.67401	
0.960388	8.6731	
0.962219	8.6731	
0.959473	8.67401	
0.962524	8.67371	
0.956726	8.6731	
0.963135	8.6731	
0.960388	8.67371	
0.965576	8.6734	
0.955505	8.6734	
0.959778	8.6734	
0.961914	8.67371	
0.959167	8.6731	
0.960083	8.67371	
0.960999	8.67371	
0.960693	8.6734	
0.965271	8.6734	
0.956116	8.6734	
0.961609	8.67432	
0.960083	8.6734	
0.960083	8.67371	
0.962524	8.6734	
0.957336	8.67432	
0.961304	8.67401	
0.959473	8.6734	
0.965576	8.6731	
0.96344	8.6731	
0.960388	8.67279	
0.962219	8.6734	
0.959778	8.6734	
0.962524	8.6731	
0.957642	8.67401	
0.96344	8.6731	
0.960999	8.67371	
0.961304	8.67371	
0.960999	8.67401	
0.960388	8.6731	
0.960388	8.67371	
0.960388	8.67371	
0.964661	8.67371	
0.962219	8.6734	
0.956116	8.67249	
0.959778	8.6734	
0.960999	8.67371	
0.958557	8.67279	
0.962524	8.6731	
0.957336	8.67371	
0.961914	8.6731	
0.958557	8.67279	
0.959167	8.67371	
0.961304	8.67371	
0.958862	8.6731	
0.96283	8.67371	
0.960693	8.67279	
0.960999	8.67401	
0.962524	8.67401	
0.960693	8.67401	
0.963135	8.67371	
0.957031	8.67401	
0.959778	8.6734	
0.961304	8.6731	
0.959167	8.6734	
0.961609	8.6734	
0.957642	8.6731	
0.96405	8.67371	
0.957642	8.67279	
0.960083	8.67371	
0.958862	8.67279	
0.958862	8.6734	
0.960388	8.67371	
0.957336	8.6734	
0.959167	8.67371	
0.964661	8.67401	
0.957031	8.6731	
0.959167	8.67371	
0.959473	8.67279	
0.959167	8.67371	
0.961304	8.67371	
0.957336	8.67371	
0.964966	8.6731	
0.957336	8.67371	
0.960083	8.6734	
0.960693	8.67279	
0.963135	8.67371	
0.958252	8.6731	
0.962219	8.6734	
0.960693	8.6734	
0.965271	8.67401	
0.957336	8.6731	
0.960083	8.67371	
0.960388	8.6734	
0.959473	8.6731	
0.959473	8.67279	
0.96283	8.67371	
0.959473	8.67279	
0.958557	8.67279	
0.958557	8.6731	
0.960999	8.6734	
0.958252	8.67249	
0.96283	8.6734	
0.964661	8.67371	
0.956116	8.6734	
0.960693	8.6731	
0.962219	8.67432	
0.962219	8.67371	
0.957336	8.67432	
0.965271	8.67371	
0.957336	8.6731	
0.961914	8.6734	
0.959473	8.67279	
0.963135	8.6734	
0.957642	8.6734	
0.961609	8.6734	
0.960693	8.6731	
0.963135	8.67279	
0.958557	8.6731	
0.960999	8.6731	
0.959473	8.6731	
0.960388	8.6734	
0.962219	8.67432	
0.961304	8.6731	
0.958252	8.6731	
0.962524	8.67371	
0.959167	8.6731	
0.96344	8.6734	
0.957336	8.67279	
0.961914	8.6731	
0.966187	8.67279	
0.956421	8.67371	
0.959778	8.6731	
0.960083	8.6731	
0.96283	8.6731	
0.958557	8.67371	
0.965881	8.67371	
0.960999	8.67432	
0.960083	8.6731	
0.961914	8.6734	
0.957642	8.6734	
0.963135	8.6734	
0.966797	8.6731	
0.958252	8.6734	
0.959473	8.6731	
0.959473	8.67371	
0.957336	8.67279	
0.96283	8.6731	
0.96283	8.67371	
0.958862	8.6731	
0.961914	8.6734	
0.96344	8.67432	
0.96344	8.6734	
0.957947	8.67279	
0.959778	8.67279	
0.961304	8.67371	
0.960999	8.6734	
0.963135	8.6734	
0.957336	8.67279	
0.961914	8.67371	
0.959473	8.67371	
0.959473	8.6734	
0.962524	8.67279	
0.966187	8.67279	
0.959778	8.67371	
0.961609	8.6734	
0.960083	8.6734	
0.96283	8.6734	
0.96283	8.6734	
0.959473	8.6734	
0.960388	8.6734	
0.962219	8.67371	
0.957642	8.67371	
0.963135	8.6731	
0.966492	8.6731	
0.957336	8.67279	
0.961304	8.67279	
0.961609	8.67371	
0.957642	8.67371	
0.963135	8.6734	
0.961914	8.67371	
0.959167	8.67371	
0.957947	8.67279	
0.963135	8.67401	
0.966797	8.6734	
0.961304	8.67371	
0.960999	8.67401	
0.961304	8.6734	
0.964355	8.6731	
0.958252	8.67279	
0.960693	8.67401	
0.962219	8.67279	
0.96283	8.67279	
0.965881	8.67401	
0.959473	8.6731	
0.962219	8.6734	
0.962524	8.6731	
0.958557	8.6731	
0.957336	8.6731	
0.962524	8.6734	
0.960083	8.6734	
0.957947	8.6734	
0.959778	8.67371	
0.959778	8.6731	
0.959778	8.6734	
0.959778	8.6731	
0.957947	8.6734	
0.964966	8.6734	
0.957947	8.6731	
0.960999	8.6731	
0.963135	8.67371	
0.958862	8.67371	
0.960693	8.6734	
0.957336	8.67249	
0.962524	8.67371	
0.962524	8.6731	
0.96283	8.67371	
0.957947	8.6734	
0.961914	8.6734	
0.960693	8.6734	
0.957031	8.6731	
0.960693	8.67371	
0.962524	8.6734	
0.959778	8.67371	
0.961914	8.67401	
0.96283	8.6734	
0.966187	8.67371	
0.957031	8.6731	
0.961304	8.67432	
0.96283	8.6731	
0.959167	8.67432	
0.96405	8.67371	
0.958252	8.67249	
0.962219	8.67401	
0.96283	8.6734	
0.965576	8.67371	
0.959778	8.6734	
0.961609	8.67249	
0.962524	8.6734	
0.957336	8.67371	
0.960388	8.6734	
0.963745	8.6734	
0.960388	8.67279	
0.961609	8.67371	
0.960388	8.67371	
0.965271	8.67371	
0.957336	8.6731	
0.960999	8.67401	
0.959473	8.6734	
0.957642	8.6731	
0.961609	8.6734	
0.963745	8.67371	
0.960083	8.67401	
0.960388	8.67371	
0.960999	8.6734	
0.957947	8.67371	
0.958557	8.6734	
0.959778	8.6734	
0.959778	8.67371	
0.96283	8.6734	
0.962219	8.67371	
0.964966	8.67279	
0.955811	8.6734	
0.961914	8.6734	
0.959778	8.6731	
0.956726	8.6734	
0.958252	8.6731	
0.961609	8.67279	
0.96344	8.67371	
0.961914	8.67371	
0.960083	8.6734	
0.956726	8.67279	
0.960693	8.67371	
0.959167	8.67371	
0.960083	8.67371	
0.965271	8.67279	
0.960999	8.6734	
0.958862	8.6734	
0.959167	8.6731	
0.962219	8.6734	
0.965881	8.67401	
0.957642	8.67279	
0.961914	8.6734	
0.960388	8.6734	
0.957336	8.6734	
0.957947	8.67279	
0.960388	8.6734	
0.958862	8.67371	
0.96283	8.6731	
0.962219	8.67401	
0.96405	8.67371	
0.957642	8.67371	
0.961304	8.6734	
0.962524	8.6734	
0.96405	8.67371	
0.957947	8.6731	
0.961914	8.6734	
0.960388	8.6731	
0.956726	8.6731	
0.96283	8.67218	
0.966797	8.67371	
0.960083	8.67401	
0.959473	8.6734	
0.957336	8.67371	
0.965271	8.67279	
0.958252	8.67249	
0.961304	8.67401	
0.96283	8.67371	
0.962219	8.6734	
0.966492	8.67249	
0.957336	8.67371	
0.960693	8.67371	
0.960999	8.67432	
0.961914	8.6734	
0.956726	8.67249	
0.961914	8.67371	
0.96344	8.6731	
0.958557	8.67371	
0.964966	8.6734	
0.959167	8.6734	
0.962524	8.67371	
0.961914	8.67279	
0.963135	8.6734	
0.957031	8.67371	
0.961609	8.67371	
0.96344	8.67371	
0.958557	8.6734	
0.959778	8.6734	
0.956726	8.67371	
0.962524	8.67371	
0.962524	8.6731	
0.964355	8.67371	
0.961914	8.67371	
0.962219	8.6731	
0.957947	8.6734	
0.960083	8.67371	
0.957031	8.6731	
0.961304	8.6734	
0.960999	8.67279	
0.960999	8.67371	
0.961304	8.67249	
0.961304	8.6734	
0.957947	8.6734	
0.96283	8.6731	
0.961914	8.67279	
0.961609	8.6731	
0.96344	8.6734	
0.964661	8.67401	
0.960693	8.6734	
0.959778	8.6731	
0.959167	8.6731	
0.963135	8.6734	
0.964355	8.67371	
0.959473	8.67371	
0.960388	8.6731	
0.957336	8.67279	
0.958557	8.67279	
0.962524	8.67279	
0.963745	8.67432	
0.962219	8.67371	
0.964966	8.6731	
0.960388	8.6734	
0.961609	8.6734	
0.960999	8.67279	
0.958252	8.6734	
0.957947	8.67371	
0.961304	8.6734	
0.963135	8.6734	
0.961609	8.6734	
0.965576	8.67371	
0.961304	8.6734	
0.962219	8.67279	
0.959167	8.6734	
0.959778	8.6731	
0.962524	8.6731	
0.962219	8.67371	
0.960693	8.67249	
0.961304	8.6734	
0.963135	8.67279	
0.960693	8.67279	
0.960083	8.6734	
0.961304	8.67371	
0.959473	8.67279	
0.960388	8.67218	
0.960388	8.67401	
0.962219	8.67401	
0.966797	8.6734	
0.960388	8.6734	
0.962524	8.6734	
0.960999	8.6734	
0.959778	8.6731	
0.960388	8.6734	
0.959473	8.67432	
0.958862	8.67279	
0.959778	8.67401	
0.960999	8.6734	
0.958252	8.67371	
0.961914	8.67401	
0.962524	8.6734	
0.96405	8.67371	
0.960388	8.6734	
0.959473	8.67371	
0.957947	8.67371	
0.960388	8.6734	
0.956421	8.67279	
0.960999	8.67401	
0.960999	8.67371	
0.961609	8.6731	
0.957947	8.6731	
0.961304	8.6731	
0.963135	8.67279	
0.96283	8.67279	
0.965576	8.6734	
0.959778	8.67371	
0.959778	8.67371	
0.960999	8.6734	
0.960693	8.67371	
0.959473	8.6734	
0.962219	8.67279	
0.96344	8.67371	
0.957336	8.67371	
0.960388	8.67371	
0.959167	8.67279	
0.959167	8.67371	
0.957336	8.6734	
0.959167	8.67279	
0.961914	8.6734	
0.963135	8.6734	
0.965881	8.67371	
0.960388	8.6734	
0.961609	8.6734	
0.96283	8.6731	
0.964966	8.6734	
0.961304	8.67371	
0.959778	8.6731	
0.957336	8.67279	
0.960083	8.67371	
0.957031	8.6734	
0.960693	8.6734	
0.960999	8.6731	
0.964661	8.6731	
0.960693	8.6731	
0.959778	8.67371	
0.957336	8.6731	
0.965576	8.6734	
0.959473	8.6734	
0.961609	8.6734	
0.959167	8.6731	
0.964661	8.67371	
0.961609	8.67401	
0.961609	8.67279	
0.957642	8.67371	
0.959167	8.6731	
0.957947	8.67371	
0.96283	8.6731	
0.96283	8.6734	
0.96405	8.67371	
0.959778	8.6731	
0.958862	8.6731	
0.960388	8.67401	
0.962524	8.6734	
0.964661	8.6731	
0.960083	8.6731	
0.959167	8.6734	
0.959778	8.67371	
0.962219	8.67279	
0.960999	8.67371	
0.959778	8.6731	
0.961914	8.67371	
0.963135	8.6734	
0.960693	8.67218	
0.959778	8.6734	
0.959167	8.6734	
0.961304	8.6734	
0.957642	8.6734	
0.960388	8.6731	
0.962524	8.6731	
0.962524	8.6734	
0.965576	8.67401	
0.960388	8.67279	
0.962219	8.67188	
0.962524	8.67218	
0.965271	8.67279	
0.960693	8.6731	
0.959167	8.67249	
0.958557	8.6731	
0.96283	8.6731	
0.966187	8.6731	
0.960388	8.67371	
0.959473	8.67249	
0.958252	8.6731	
0.957947	8.67279	
0.959778	8.67401	
0.961914	8.6734	
0.962219	8.67279	
0.965881	8.67279	
0.960999	8.67218	
0.960999	8.6731	
0.961304	8.67249	
0.960999	8.67249	
0.962524	8.67157	
0.96405	8.67279	
0.96405	8.6731	
0.966492	8.67279	
0.960999	8.67249	
0.959778	8.67188	
0.957947	8.67218	
0.957642	8.67157	
0.959778	8.67249	
0.963745	8.67249	
0.96283	8.67218	
0.964661	8.6731	
0.957642	8.67218	
0.962524	8.67218	
0.959167	8.67126	
0.957947	8.67249	
0.959778	8.6734	
0.957947	8.67188	
0.960388	8.67279	
0.958862	8.67279	
0.961914	8.67249	
0.96344	8.67218	
0.965271	8.67279	
0.962219	8.67218	
0.962219	8.67279	
0.960083	8.67188	
0.965881	8.67249	
0.961609	8.67188	
0.960693	8.67218	
0.962524	8.67249	
0.958862	8.6731	
0.959778	8.67279	
0.961304	8.67218	
0.961304	8.67279	
0.960083	8.67188	
0.962219	8.67218	
0.961609	8.67279	
0.959473	8.67188	
0.960999	8.67218	
0.958252	8.67279	
0.962219	8.67371	
0.957947	8.6731	
0.961914	8.67279	
0.959167	8.67249	
0.958252	8.67188	
0.961304	8.67249	
0.96283	8.67218	
0.96344	8.67249	
0.965576	8.67279	
0.961304	8.67279	
0.960693	8.67218	
0.960083	8.67249	
0.959778	8.67279	
0.959778	8.67218	
0.960693	8.6731	
0.960693	8.67279	
0.959778	8.67279	
0.963135	8.67249	
0.96344	8.67218	
0.966187	8.67279	
0.960999	8.67279	
0.960083	8.67279	
0.957642	8.67249	
0.964661	8.67218	
0.960999	8.67218	
0.959778	8.67279	
0.958862	8.67279	
0.957642	8.67188	
0.960388	8.67218	
0.958252	8.67279	
0.96283	8.67279	
0.961304	8.67249	
0.960999	8.67218	
0.958557	8.67218	
0.957642	8.67188	
0.960999	8.67279	
0.959778	8.67218	
0.961914	8.67401	
0.957947	8.67157	
0.96283	8.6731	
0.960693	8.67249	
0.957947	8.67218	
0.960388	8.67249	
0.962524	8.67249	
0.964661	8.67249	
0.967407	8.6731	
0.961304	8.67249	
0.960999	8.67249	
0.96405	8.67249	
0.961304	8.67279	
0.960083	8.67279	
0.959167	8.67188	
0.963135	8.67249	
0.962524	8.6731	
0.963135	8.67218	
0.957642	8.67249	
0.959473	8.67249	
0.957947	8.67249	
0.962219	8.6734	
0.960693	8.67249	
0.960083	8.67218	
0.960083	8.67279	
0.961304	8.67249	
0.963135	8.67249	
0.962219	8.67218	
0.957336	8.67218	
0.962219	8.6731	
0.958862	8.67249	
0.957336	8.67218	
0.960999	8.67249	
0.959473	8.67249	
0.960999	8.6734	
0.957336	8.67218	
0.963745	8.6731	
0.958252	8.67279	
0.960999	8.67218	
0.959778	8.67249	
0.959473	8.67249	
0.966492	8.6731	
0.959473	8.67279	
0.960693	8.6731	
0.958252	8.6731	
0.958557	8.67279	
0.959473	8.67279	
0.958557	8.67279	
0.960999	8.67218	
0.957336	8.67218	
0.961304	8.67249	
0.962524	8.67218	
0.957031	8.67249	
0.960388	8.67249	
0.957947	8.67279	
0.960693	8.67249	
0.958252	8.67249	
0.960388	8.67249	
0.960693	8.67279	
0.960083	8.67279	
0.960083	8.67218	
0.958557	8.67188	
0.964661	8.67279	
0.960693	8.67249	
0.959167	8.6731	
0.958557	8.67279	
0.957947	8.67188	
0.959167	8.67249	
0.957642	8.67249	
0.960083	8.6731	
0.959473	8.6731	
0.960693	8.67218	
0.958862	8.67218	
0.960083	8.67218	
0.960693	8.67279	
0.961914	8.6731	
0.96344	8.67279	
0.960693	8.67249	
0.959778	8.67249	
0.964355	8.67279	
0.960083	8.6731	
0.960693	8.67249	
0.963135	8.67279	
0.960083	8.67249	
0.961914	8.67218	
0.962524	8.6731	
0.965271	8.6731	
0.96283	8.67249	
0.963135	8.67249	
0.96283	8.67218	
0.958557	8.67249	
0.962524	8.67249	
0.96283	8.67218	
0.965881	8.67218	
0.959473	8.67249	
0.959778	8.6731	
0.960693	8.67371	
0.965576	8.6731	
0.960083	8.67371	
0.961304	8.67279	
0.958862	8.6731	
0.959473	8.67249	
0.959778	8.67279	
0.961304	8.67188	
0.96283	8.67279	
0.960999	8.67218	
0.960693	8.67249	
0.958252	8.67249	
0.958557	8.67279	
0.960388	8.67279	
0.960999	8.67279	
0.962219	8.67218	
0.960388	8.67279	
0.957642	8.67218	
0.959473	8.67249	
0.957947	8.67249	
0.966492	8.67279	
0.960693	8.6734	
0.961609	8.67249	
0.957947	8.67279	
0.957947	8.67218	
0.959167	8.67279	
0.957336	8.67249	
0.960999	8.67279	
0.961304	8.67279	
0.959167	8.67279	
0.960693	8.67279	
0.960693	8.67218	
0.960999	8.67249	
0.96283	8.67249	
0.957947	8.67249	
0.961914	8.67279	
0.961304	8.67249	
0.957336	8.67249	
0.960083	8.67249	
0.960693	8.6731	
0.960388	8.67279	
0.958557	8.6731	
0.960388	8.67279	
0.959167	8.67249	
0.961609	8.67279	
0.96344	8.67279	
0.962219	8.67279	
0.964661	8.67218	
0.960693	8.67218	
0.96283	8.67279	
0.960999	8.67218	
0.960083	8.67218	
0.957642	8.67279	
0.965881	8.67218	
0.961304	8.67371	
0.961914	8.67218	
0.963745	8.6731	
0.960693	8.6731	
0.962219	8.67279	
0.96344	8.6734	
0.957642	8.67249	
0.96344	8.67188	
0.959473	8.67188	
0.958862	8.67279	
0.959167	8.67279	
0.958252	8.67279	
0.964355	8.67249	
0.961304	8.67218	
0.961304	8.67249	
0.966187	8.6731	
0.961914	8.67249	
0.962219	8.67218	
0.96283	8.6731	
0.958557	8.6734	
0.962219	8.67249	
0.962219	8.67218	
0.962524	8.67249	
0.96344	8.67279	
0.96405	8.67279	
0.963745	8.67279	
0.957642	8.67279	
0.961914	8.67249	
0.958252	8.67188	
0.958557	8.67218	
0.960083	8.67218	
0.960693	8.67218	
0.965271	8.67279	
0.960388	8.67249	
0.962524	8.67249	
0.965271	8.67279	
0.961914	8.67249	
0.962524	8.67218	
0.960999	8.67249	
0.960388	8.67218	
0.959778	8.67249	
0.964661	8.67279	
0.962524	8.67249	
0.964355	8.67218	
0.960388	8.67249	
0.965271	8.67188	
0.961304	8.6731	
0.96344	8.6731	
0.958557	8.67249	
0.961914	8.6731	
0.958557	8.67249	
0.964661	8.67218	
0.960693	8.6734	
0.96344	8.67249	
0.963135	8.67249	
0.963135	8.67279	
0.963745	8.67371	
0.962219	8.67371	
0.962219	8.67279	
0.96283	8.67249	
0.959473	8.67249	
0.961304	8.6731	
0.962524	8.67249	
0.963135	8.6731	
0.957336	8.67249	
0.963135	8.67279	
0.957947	8.67218	
0.957947	8.67218	
0.960083	8.67279	
0.961304	8.67249	
0.965576	8.67249	
0.961304	8.67279	
0.960693	8.67279	
0.956726	8.6731	
0.959778	8.67249	
0.960083	8.67279	
0.964355	8.67249	
0.961914	8.6731	
0.960083	8.67279	
0.962524	8.67279	
0.963135	8.6731	
0.96344	8.67371	
0.959778	8.67279	
0.960083	8.67249	
0.960693	8.6731	
0.965881	8.67279	
0.963135	8.67279	
0.962219	8.67279	
0.962524	8.67249	
0.957642	8.67279	
0.963135	8.6734	
0.959778	8.67279	
0.957642	8.67218	
0.960999	8.67218	
0.96283	8.67279	
0.958557	8.67218	
0.96283	8.67279	
0.958557	8.67279	
0.961304	8.67249	
0.96344	8.67249	
0.96344	8.67279	
0.957336	8.67279	
0.960388	8.67279	
0.965576	8.67249	
0.962219	8.67279	
0.958252	8.67371	
0.964661	8.6731	
0.960083	8.67249	
0.958557	8.67249	
0.959473	8.67279	
0.96344	8.6734	
0.963745	8.67371	
0.960388	8.6734	
0.963135	8.6731	
0.961914	8.67279	
0.961914	8.67218	
0.958557	8.6734	
0.967712	8.67249	
0.962524	8.6731	
0.96344	8.67218	
0.958557	8.67279	
0.959473	8.67249	
0.959167	8.67371	
0.959473	8.67188	
0.960999	8.67279	
0.963745	8.67279	
0.962219	8.67249	
0.959473	8.6731	
0.966187	8.6731	
0.960388	8.6731	
0.959167	8.6731	
0.96283	8.67279	
0.959167	8.67279	
0.961914	8.67279	
0.961304	8.6734	
0.962524	8.6731	
0.959778	8.67279	
0.960999	8.6731	
0.96405	8.6731	
0.957336	8.67279	
0.96344	8.67249	
0.958557	8.67279	
0.96283	8.6731	
0.96344	8.67279	
0.967102	8.6731	
0.960083	8.67249	
0.958252	8.67279	
0.960999	8.6731	
0.958862	8.67279	
0.965881	8.6734	
0.960693	8.6731	
0.963745	8.6731	
0.960693	8.6731	
0.960388	8.6731	
0.960083	8.67279	
0.959473	8.67279	
0.961304	8.67371	
0.96405	8.6731	
0.963135	8.67401	
0.959778	8.6734	
0.96344	8.6734	
0.961914	8.67371	
0.959473	8.6731	
0.961304	8.67279	
0.962219	8.6734	
0.961914	8.6734	
0.960693	8.67249	
0.96283	8.6731	
0.959473	8.67279	
0.961304	8.6731	
0.958252	8.6734	
0.96405	8.67401	
0.962219	8.67249	
0.959778	8.6731	
0.958557	8.67249	
0.959778	8.67279	
0.957947	8.6734	
0.966492	8.67279	
0.960999	8.6734	
0.963135	8.6734	
0.961304	8.67249	
0.960083	8.67279	
0.961914	8.67279	
0.963135	8.67279	
0.963135	8.67249	
0.960693	8.67249	
0.960388	8.67249	
0.963135	8.67279	
0.96344	8.6731	
0.961609	8.6734	
0.962524	8.67218	
0.961914	8.67249	
0.959778	8.6734	
0.958252	8.6731	
0.966797	8.67401	
0.960388	8.67371	
0.96405	8.6734	
0.957947	8.67279	
0.959778	8.67279	
0.961609	8.6734	
0.958557	8.67279	
0.960388	8.67279	
0.966492	8.6731	
0.96283	8.6734	
0.958252	8.6731	
0.964966	8.6731	
0.960999	8.67279	
0.960083	8.67371	
0.960999	8.6734	
0.96283	8.67371	
0.961304	8.6731	
0.958252	8.6734	
0.959778	8.6734	
0.958557	8.6731	
0.959473	8.67371	
0.959167	8.67279	
0.963745	8.6734	
0.96283	8.67371	
0.959473	8.6734	
0.960999	8.67249	
0.963135	8.67279	
0.961914	8.6731	
0.960999	8.6731	
0.963135	8.67249	
0.957642	8.67218	
0.960083	8.6731	
0.960388	8.67371	
0.960999	8.67279	
0.960999	8.6731	
0.965271	8.67279	
0.961304	8.6734	
0.960999	8.67279	
0.96283	8.6731	
0.961914	8.6731	
0.964355	8.6734	
0.960999	8.67188	
0.960388	8.6734	
0.962219	8.6731	
0.96344	8.67249	
0.960999	8.67401	
0.965271	8.6731	
0.963745	8.67249	
0.958252	8.67249	
0.964661	8.67218	
0.961304	8.67157	
0.96283	8.67157	
0.957947	8.67188	
0.961304	8.67218	
0.963135	8.67218	
0.958252	8.67279	
0.962524	8.67218	
0.959473	8.67157	
0.96283	8.67218	
0.958557	8.67188	
0.966797	8.67218	
0.962219	8.6734	
0.958252	8.67279	
0.962219	8.67279	
0.962524	8.6734	
0.962524	8.67218	
0.961304	8.67188	
0.963135	8.67218	
0.960999	8.67249	
0.963135	8.67188	
0.961304	8.67249	
0.960693	8.67249	
0.958557	8.67188	
0.961609	8.67188	
0.962524	8.67188	
0.963745	8.67157	
0.963135	8.67126	
0.958252	8.67218	
0.959778	8.67188	
0.96344	8.67218	
0.963745	8.67279	
0.960693	8.67249	
0.96283	8.67188	
0.959167	8.67188	
0.963745	8.67188	
0.96405	8.67188	
0.961609	8.67249	
0.960388	8.67157	
0.963135	8.67188	
0.960693	8.67157	
0.966187	8.67279	
0.96344	8.67157	
0.960083	8.67249	
0.961609	8.67188	
0.96405	8.67249	
0.96283	8.67218	
0.960999	8.67249	
0.958862	8.67218	
0.963135	8.67218	
0.958557	8.67279	
0.968018	8.67249	
0.96344	8.67249	
0.960388	8.67188	
0.963135	8.67249	
0.961914	8.67218	
0.963135	8.67188	
0.960999	8.67096	
0.962524	8.67249	
0.960693	8.67279	
0.964355	8.67249	
0.960999	8.67279	
0.961609	8.67188	
0.963745	8.67218	
0.958252	8.67188	
0.96283	8.67249	
0.961609	8.67218	
0.961609	8.67279	
0.957947	8.67188	
0.96283	8.67249	
0.958252	8.67188	
0.962219	8.67249	
0.960999	8.67218	
0.96405	8.67188	
0.958557	8.67157	
0.964355	8.67249	
0.961914	8.67218	
0.960388	8.67218	
0.963135	8.67249	
0.958252	8.67157	
0.96344	8.67249	
0.96283	8.67249	
0.957642	8.67157	
0.961914	8.67157	
0.961914	8.67188	
0.960083	8.67218	
0.958557	8.67157	
0.957336	8.67218	
0.960388	8.67218	
0.963745	8.67249	
0.958862	8.67188	
0.96344	8.67188	
0.958557	8.67096	
0.96344	8.67218	
0.960083	8.67126	
0.960388	8.67188	
0.960999	8.67279	
0.962524	8.67249	
0.96283	8.67249	
0.958557	8.67249	
0.960999	8.67188	
0.96405	8.67218	
0.961304	8.6731	
0.960999	8.67279	
0.963135	8.67249	
0.957947	8.67157	
0.96344	8.67218	
0.961914	8.67218	
0.958557	8.67249	
0.963135	8.67218	
0.959473	8.67126	
0.963135	8.67188	
0.960693	8.67249	
0.960083	8.67279	
0.957642	8.67188	
0.960693	8.67218	
0.963135	8.67249	
0.96283	8.67249	
0.961304	8.67249	
0.958862	8.67279	
0.960999	8.67218	
0.962524	8.67218	
0.964966	8.67218	
0.96344	8.6731	
0.959778	8.67218	
0.962524	8.67218	
0.958557	8.67218	
0.964355	8.67218	
0.961609	8.67157	
0.962524	8.67218	
0.963135	8.67249	
0.958252	8.67249	
0.961609	8.67249	
0.960693	8.67188	
0.958557	8.67249	
0.961609	8.67249	
0.961914	8.67249	
0.961304	8.67249	
0.963135	8.67218	
0.960693	8.67126	
0.960083	8.67279	
0.963745	8.67157	
0.959167	8.67188	
0.96344	8.67188	
0.961609	8.67218	
0.959778	8.67218	
0.962219	8.67218	
0.966492	8.67249	
0.961914	8.67188	
0.961914	8.67218	
0.960999	8.67249	
0.96405	8.67218	
0.96283	8.67218	
0.960999	8.67188	
0.962219	8.67249	
0.958252	8.67218	
0.96283	8.67188	
0.960693	8.67218	
0.961609	8.67249	
0.963745	8.67249	
0.957642	8.67188	
0.962524	8.67218	
0.962219	8.67218	
0.960693	8.67218	
0.962524	8.67157	
0.957642	8.67188	
0.96283	8.67218	
0.961609	8.67188	
0.959778	8.67218	
0.96344	8.67188	
0.961914	8.67249	
0.961609	8.67188	
0.966187	8.67279	
0.962219	8.67218	
0.959473	8.67218	
0.963135	8.67188	
0.962524	8.67279	
0.966492	8.67188	
0.960083	8.67188	
0.960693	8.67188	
0.961304	8.67218	
0.962219	8.67188	
0.961914	8.67279	
0.960999	8.67188	
0.958862	8.67249	
0.96283	8.67279	
0.959473	8.67157	
0.967102	8.67249	
0.96344	8.67249	
0.960999	8.67126	
0.96344	8.6731	
0.958252	8.67279	
0.966187	8.67218	
0.962524	8.6731	
0.961609	8.67218	
0.963135	8.67218	
0.958862	8.67188	
0.966797	8.67218	
0.962219	8.67188	
0.958557	8.67188	
0.960999	8.67126	
0.96344	8.67279	
0.96405	8.67279	
0.962524	8.67126	
0.958557	8.67218	
0.962524	8.67188	
0.961304	8.67188	
0.968018	8.67249	
0.963135	8.67188	
0.960388	8.67218	
0.961914	8.67249	
0.963135	8.67279	
0.967102	8.67188	
0.962524	8.67188	
0.965881	8.67218	
0.963135	8.67188	
0.958862	8.67188	
0.965271	8.67188	
0.96283	8.67249	
0.958252	8.67188	
0.961914	8.67249	
0.96344	8.67157	
0.961304	8.67218	
0.960693	8.67249	
0.960388	8.67126	
0.960693	8.67218	
0.96344	8.67249	
0.960999	8.67279	
0.961609	8.67249	
0.959473	8.67249	
0.962524	8.67218	
0.959167	8.67249	
0.959778	8.67188	
0.961304	8.67218	
0.966492	8.67218	
0.959473	8.67218	
0.964355	8.67188	
0.960388	8.67218	
0.96344	8.67218	
0.958252	8.67126	
0.96405	8.67157	
0.961914	8.67218	
0.961304	8.67188	
0.959167	8.67188	
0.96283	8.67218	
0.959778	8.67157	
0.967102	8.67218	
0.962524	8.67157	
0.965271	8.67218	
0.962524	8.67218	
0.961304	8.67188	
0.959473	8.67188	
0.963135	8.67157	
0.959167	8.67188	
0.96405	8.67249	
0.960999	8.67279	
0.961304	8.67249	
0.958252	8.67249	
0.962524	8.67157	
0.960083	8.67249	
0.959167	8.67157	
0.960388	8.67126	
0.966797	8.67188	
0.960999	8.67249	
0.963135	8.67218	
0.961914	8.67279	
0.963135	8.67249	
0.961304	8.67157	
0.961304	8.67188	
0.966797	8.67188	
0.963745	8.67218	
0.962219	8.67188	
0.96283	8.67218	
0.958557	8.67279	
0.961304	8.6731	
0.960999	8.67249	
0.965881	8.67249	
0.960083	8.67188	
0.964661	8.67188	
0.961304	8.67188	
0.96344	8.67249	
0.958252	8.67249	
0.963745	8.67218	
0.964661	8.67218	
0.962524	8.67188	
0.966187	8.67218	
0.960999	8.67126	
0.96344	8.67249	
0.960999	8.67279	
0.96405	8.67157	
0.957031	8.67249	
0.962219	8.67188	
0.961304	8.67218	
0.960693	8.67218	
0.960083	8.67249	
0.96283	8.67249	
0.958862	8.67188	
0.957336	8.67218	
0.96283	8.67249	
0.959473	8.67188	
0.963135	8.67188	
0.960388	8.67218	
0.961914	8.67218	
0.957947	8.67188	
0.960999	8.67218	
0.96344	8.67218	
0.961914	8.67157	
0.960083	8.67157	
0.963135	8.67279	
0.958557	8.67249	
0.965881	8.67279	
0.959778	8.67249	
0.962524	8.67188	
0.959473	8.67218	
0.960693	8.67157	
0.961914	8.67157	
0.958252	8.67218	
0.96283	8.67218	
0.958252	8.67218	
0.963745	8.6731	
0.960388	8.67249	
0.965271	8.67249	
0.960999	8.67249	
0.961914	8.67249	
0.961304	8.67218	
0.962219	8.67249	
0.960999	8.67279	
0.96283	8.67188	
0.965271	8.67279	
0.963135	8.67218	
0.96405	8.67249	
0.961304	8.67249	
0.959473	8.67279	
0.958252	8.67188	
0.961304	8.67249	
0.958557	8.67126	
0.960693	8.67249	
0.960999	8.67249	
0.961914	8.67249	
0.964355	8.67279	
0.960693	8.67188	
0.96344	8.67249	
0.960999	8.67188	
0.959778	8.67249	
0.962524	8.67188	
0.961304	8.67218	
0.962219	8.67218	
0.960999	8.67188	
0.961914	8.67188	
0.958557	8.6731	
0.957947	8.67218	
0.959778	8.67249	
0.964661	8.67218	
0.962219	8.67249	
0.965271	8.67249	
0.961304	8.67249	
0.957642	8.67218	
0.96283	8.67279	
0.960999	8.67218	
0.960388	8.67188	
0.959167	8.67188	
0.96283	8.67249	
0.957947	8.67188	
0.964355	8.67188	
0.959778	8.67279	
0.959473	8.67279	
0.96405	8.67188	
0.965576	8.67279	
0.962219	8.6731	
0.965881	8.67279	
0.960083	8.67218	
0.96405	8.67157	
0.957947	8.67157	
0.961304	8.67249	
0.960388	8.67126	
0.960693	8.67279	
0.960999	8.67279	
0.960388	8.67279	
0.961609	8.67126	
0.962219	8.67279	
0.961304	8.67249	
0.960999	8.67249	
0.960083	8.67218	
0.964966	8.67188	
0.960999	8.67218	
0.957947	8.67218	
0.959167	8.67218	
0.960693	8.67218	
0.960083	8.67279	
0.963135	8.67279	
0.965271	8.67188	
0.96283	8.67218	
0.965881	8.67218	
0.960999	8.67157	
0.958557	8.67188	
0.962524	8.67188	
0.960999	8.67188	
0.96344	8.67218	
0.961609	8.67218	
0.960999	8.67218	
0.962524	8.67218	
0.964355	8.67249	
0.959778	8.67249	
0.962524	8.67218	
0.961609	8.67188	
0.958557	8.67279	
0.961304	8.67249	
0.958557	8.67188	
0.961609	8.67249	
0.960388	8.67188	
0.957642	8.67218	
0.96405	8.67157	
0.961304	8.67249	
0.962524	8.67188	
0.963135	8.67157	
0.960999	8.67218	
0.96344	8.67249	
0.962219	8.67218	
0.960083	8.67188	
0.962524	8.67279	
0.958252	8.67218	
0.962219	8.67218	
0.961304	8.67218	
0.958252	8.67218	
0.964355	8.67188	
0.966797	8.67188	
0.96283	8.67188	
0.964966	8.67218	
0.960999	8.67157	
0.96405	8.67157	
0.960083	8.67218	
0.961609	8.67218	
0.960388	8.67157	
0.964355	8.67279	
0.965576	8.67249	
0.962524	8.67249	
0.964661	8.67218	
0.960083	8.67157	
0.96405	8.67279	
0.961609	8.67218	
0.961914	8.67157	
0.96344	8.67249	
0.958557	8.67249	
0.96344	8.67249	
0.960388	8.67218	
0.964966	8.67157	
0.961304	8.67157	
0.964661	8.67249	
0.960693	8.67188	
0.96344	8.67188	
0.959473	8.67188	
0.96405	8.67249	
0.964661	8.67157	
0.963135	8.6731	
0.967102	8.67279	
0.959778	8.67249	
0.96405	8.67249	
0.960999	8.67157	
0.963745	8.67279	
0.959473	8.67157	
0.96344	8.67126	
0.966797	8.6731	
0.963745	8.6731	
0.966187	8.67218	
0.960388	8.67218	
0.96344	8.67188	
0.961914	8.67218	
0.959473	8.67157	
0.962524	8.67279	
0.959778	8.67188	
0.959778	8.67065	
0.961609	8.67218	
0.960083	8.67218	
0.963745	8.67218	
0.966492	8.67188	
0.96344	8.67188	
0.96344	8.67157	
0.960083	8.67188	
0.962524	8.67157	
0.961609	8.67157	
0.958557	8.67218	
0.963745	8.67188	
0.958862	8.67157	
0.958862	8.67188	
0.96344	8.67188	
0.958557	8.67157	
0.963745	8.67126	
0.964966	8.67249	
0.96283	8.67249	
0.96405	8.67249	
0.960999	8.67249	
0.961914	8.67249	
0.963135	8.67249	
0.962524	8.67249	
0.961304	8.67188	
0.96344	8.67279	
0.961609	8.67218	
0.958252	8.67249	
0.961304	8.67249	
0.962219	8.67249	
0.960999	8.67188	
0.958252	8.67157	
0.96283	8.67188	
0.961914	8.67249	
0.960999	8.67218	
0.963745	8.67249	
0.962219	8.67188	
0.959167	8.67188	
0.960083	8.67218	
0.960388	8.67218	
0.960083	8.67218	
0.963135	8.67188	
0.964355	8.67157	
0.960083	8.67218	
0.959473	8.67218	
0.964355	8.67218	
0.965881	8.67279	
0.96283	8.67218	
0.964355	8.67218	
0.964355	8.67249	
0.964661	8.67157	
0.963135	8.67218	
0.966797	8.67188	
0.960388	8.67279	
0.96344	8.67279	
0.961304	8.67218	
0.961914	8.67249	
0.962219	8.67218	
0.958252	8.67218	
0.960388	8.67218	
0.96283	8.67218	
0.962524	8.67249	
0.962524	8.67279	
0.960999	8.67188	
0.958557	8.67279	
0.960999	8.67218	
0.96405	8.67188	
0.960693	8.67249	
0.963135	8.67218	
0.959778	8.67096	
0.963135	8.67188	
0.961914	8.67279	
0.958862	8.67249	
0.959778	8.67249	
0.963135	8.67249	
0.960999	8.67279	
0.958557	8.67188	
0.962524	8.67249	
0.960083	8.67279	
0.961304	8.67188	
0.959473	8.67157	
0.962524	8.67249	
0.961609	8.6731	
0.957947	8.67188	
0.963135	8.67188	
0.960693	8.67218	
0.961914	8.67188	
0.961609	8.67218	
0.961304	8.67157	
0.958862	8.67218	
0.960693	8.67218	
0.964661	8.67188	
0.960083	8.67126	
0.957642	8.67157	
0.963135	8.67188	
0.964355	8.67218	
0.960999	8.67279	
0.962524	8.67279	
0.960999	8.67279	
0.962219	8.67218	
0.961304	8.67218	
0.961304	8.67249	
0.962524	8.67157	
0.963745	8.67249	
0.961609	8.67157	
0.959167	8.67218	
0.961914	8.67157	
0.963745	8.67188	
0.961304	8.67249	
0.966492	8.67218	
0.962219	8.67279	
0.961609	8.67249	
0.96283	8.67218	
0.96283	8.67218	
0.963745	8.67218	
0.965576	8.67249	
0.960693	8.67218	
0.96405	8.67157	
0.962219	8.67218	
0.96405	8.67188	
0.962524	8.67126	
0.961914	8.67279	
0.963135	8.67157	
0.96405	8.67249	
0.960693	8.67249	
0.958557	8.67188	
0.963745	8.67249	
0.959167	8.67218	
0.961304	8.67218	
0.960999	8.67218	
0.959167	8.67218	
0.960999	8.67249	
0.960999	8.67188	
0.957642	8.67188	
0.96283	8.67188	
0.957336	8.67157	
0.960083	8.6731	
0.962524	8.67249	
0.96344	8.67249	
0.960693	8.67157	
0.965881	8.67249	
0.961914	8.67249	
0.962524	8.67188	
0.962219	8.67279	
0.965576	8.67249	
0.961304	8.67249	
0.960999	8.67157	
0.962524	8.67218	
0.963135	8.67249	
0.96344	8.67188	
0.96283	8.67249	
0.962524	8.67218	
0.965881	8.67249	
0.962219	8.67188	
0.963745	8.67279	
0.96283	8.67249	
0.964355	8.6731	
0.962524	8.67218	
0.965271	8.67157	
0.960693	8.67218	
0.958252	8.67218	
0.963745	8.67188	
0.966797	8.67279	
0.961609	8.67188	
0.963745	8.6731	
0.961914	8.67218	
0.96344	8.67249	
0.96344	8.67188	
0.964355	8.67249	
0.962524	8.67188	
0.967102	8.67218	
0.96283	8.67218	
0.965271	8.67218	
0.960999	8.67218	
0.96283	8.67218	
0.961914	8.67249	
0.961304	8.67096	
0.963135	8.67188	
0.960999	8.67249	
0.961914	8.67218	
0.960693	8.67188	
0.963135	8.67249	
0.963135	8.67279	
0.962219	8.67279	
0.958557	8.67218	
0.963135	8.67188	
0.960999	8.67249	
0.961914	8.67157	
0.963135	8.67218	
0.962524	8.67218	
0.959167	8.67218	
0.958862	8.67157	
0.96344	8.67218	
0.958252	8.67188	
0.962219	8.67188	
0.961914	8.67096	
0.960083	8.67157	
0.959167	8.67188	
0.960083	8.67279	
0.960999	8.67218	
0.961304	8.6731	
0.96344	8.67249	
0.962219	8.67279	
0.963135	8.67188	
0.962219	8.67279	
0.96405	8.67218	
0.958252	8.67249	
0.959167	8.67188	
0.958557	8.6734	
0.880432	8.67615	
0.714722	8.68744	
0.549622	8.70209	
0.394592	8.71918	
0.281677	8.73657	
0.192871	8.75427	
0.133057	8.76862	
0.0906372	8.7796	
0.0595093	8.78693	
0.0408936	8.79456	
0.0283813	8.80005	
0.0143433	8.80219	
0.00854492	8.80493	
0.00701904	8.80676	
0.00183105	8.80798	
0.00213623	8.8089	
0.00274658	8.8092	
0.00213623	8.80951	
-0.000305176	8.80951	
0.00305176	8.8089	
0.000305176	8.81012	
-0.000305176	8.80981	
-0.00183105	8.81042	
-0.0012207	8.81042	
-0.00305176	8.80951	
0.00305176	8.81042	
0.000915527	8.81073	
-0.000915527	8.8092	
-0.000610352	8.80981	
0.000915527	8.80951	
-0.000915527	8.81012	
0.00213623	8.80981	
0.000305176	8.80981	
0	8.80981	
-0.00152588	8.80981	
-0.000305176	8.81012	
0.000610352	8.81012	
-0.00366211	8.80981	
0.00213623	8.81042	
0.0012207	8.80981	
0.00213623	8.80981	
0.000915527	8.81042	
-0.00274658	8.81012	
-0.000610352	8.80981	
-0.00183105	8.80981	
-0.000610352	8.81012	
0.00183105	8.81012	
-0.000305176	8.80951	
0.00488281	8.80981	
0.0012207	8.81042	
0.00579834	8.80981	
-0.000305176	8.80981	
0.00152588	8.81042	
-0.0012207	8.80951	
0.000305176	8.81042	
-0.00213623	8.80981	
-0.000610352	8.80981	
-0.000610352	8.81042	
0.0012207	8.80951	
0.00152588	8.81012	
0.00305176	8.81042	
0.00457764	8.80951	
0	8.81012	
-0.00244141	8.80951	
-0.00274658	8.81042	
-0.0012207	8.80951	
-0.00335693	8.80981	
-0.00152588	8.80951	
-0.000305176	8.81012	
0.00183105	8.81042	
-0.00335693	8.81012	
0	8.80981	
-0.00396729	8.81073	
0.0012207	8.81012	
0.00183105	8.80951	
-0.00183105	8.80951	
-0.00274658	8.8092	
-0.000610352	8.8092	
0.00152588	8.81042	
0.00213623	8.80981	
0.000305176	8.81012	
-0.00274658	8.81042	
-0.000915527	8.81012	
-0.000305176	8.81012	
0.00183105	8.80951	
-0.00396729	8.80951	
0.000915527	8.81012	
-0.00152588	8.8092	
0.00152588	8.80951	
0.000915527	8.80951	
-0.00274658	8.80951	
-0.00274658	8.80951	
0.000305176	8.80951	
0.00152588	8.80981	
0.00213623	8.8089	
0	8.81073	
0.00488281	8.81042	
-0.000305176	8.81042	
0.00335693	8.80981	
-0.000610352	8.80981	
-0.000915527	8.81012	
0.00244141	8.80951	
0.00549316	8.81012	
0.00213623	8.81042	
0.000305176	8.80951	
-0.000305176	8.80951	
-0.00213623	8.80951	
-0.000610352	8.80951	
0	8.80981	
-0.0012207	8.80951	
0.000610352	8.81042	
-0.000915527	8.81012	
-0.000915527	8.80951	
0.000610352	8.80981	
0.00213623	8.81012	
0.00335693	8.80981	
0.00244141	8.80951	
0.00518799	8.81012	
-0.000915527	8.81042	
0.0012207	8.81042	
-0.00152588	8.8092	
-0.000305176	8.81012	
-0.00274658	8.81012	
-0.000915527	8.80951	
-0.000305176	8.80981	
-0.000305176	8.81134	
-0.0012207	8.81165	
-0.00183105	8.81165	
-0.000610352	8.81104	
-0.0012207	8.81165	
-0.000915527	8.81195	
0.0012207	8.81195	
-0.000610352	8.81104	
-0.00213623	8.81165	
-0.00305176	8.81165	
-0.00244141	8.81195	
-0.00244141	8.81165	
0.000305176	8.81042	
0.000305176	8.81134	
0.00213623	8.81073	
0.00457764	8.81165	
0.00244141	8.81165	
-0.00152588	8.81104	
0.000610352	8.81134	
0.00152588	8.81134	
0.00183105	8.81165	
0	8.81195	
0.00549316	8.81134	
0.00183105	8.81134	
0.00396729	8.81134	
-0.000305176	8.81134	
0.000610352	8.81165	
-0.00244141	8.81134	
-0.000915527	8.81073	
0.00305176	8.81104	
0.000305176	8.81165	
0.00610352	8.81195	
-0.000305176	8.81165	
-0.00152588	8.81195	
-0.000915527	8.81165	
0.000915527	8.81226	
0.00366211	8.81134	
-0.000305176	8.81134	
0.00579834	8.81134	
-0.000610352	8.81165	
0	8.81073	
0.00183105	8.81134	
-0.000610352	8.81104	
0.00610352	8.81104	
0.00274658	8.81104	
0.00457764	8.81134	
-0.000915527	8.81165	
0	8.81165	
-0.000915527	8.81042	
0.000915527	8.81134	
0.00183105	8.81104	
-0.000610352	8.81134	
0.00335693	8.81134	
0.00183105	8.81165	
-0.00183105	8.81195	
-0.00274658	8.81195	
-0.00183105	8.81134	
0.000915527	8.81104	
-0.000915527	8.81104	
0.0012207	8.81104	
0.0012207	8.81104	
-0.000915527	8.81073	
-0.00152588	8.81073	
-0.00366211	8.81165	
0.00213623	8.81134	
0.0012207	8.81104	
0	8.81195	
0.000915527	8.81165	
0.00396729	8.81134	
0.00244141	8.81165	
0.000610352	8.81134	
