-0.000610352	8.78113	
0.000915527	8.78204	
0.000305176	8.78235	
-0.00427246	8.78174	
-0.00396729	8.78174	
0.00213623	8.78204	
0.000915527	8.78204	
0	8.78235	
0.000610352	8.78174	
-0.00213623	8.78204	
-0.00213623	8.78174	
0.000305176	8.78204	
0.000305176	8.78235	
-0.00213623	8.78296	
-0.000915527	8.78235	
0.000915527	8.78204	
-0.00488281	8.78204	
-0.0012207	8.78174	
0.00396729	8.78296	
-0.00366211	8.78143	
0.00244141	8.78265	
0.00396729	8.78235	
-0.0012207	8.78235	
0.00244141	8.78174	
0.000305176	8.78174	
0	8.78204	
0.0012207	8.78235	
0.000915527	8.78204	
-0.00457764	8.78174	
-0.00152588	8.78204	
0.000610352	8.78204	
-0.00183105	8.78235	
-0.00183105	8.78204	
-0.00152588	8.78143	
0.00213623	8.78235	
0	8.78265	
-0.00213623	8.78235	
0	8.78204	
-0.00213623	8.78174	
0	8.78174	
-0.00213623	8.78174	
-0.00152588	8.78235	
-0.000305176	8.78204	
-0.00183105	8.78204	
0.000305176	8.78204	
-0.00457764	8.78265	
0.000915527	8.78204	
-0.00335693	8.78174	
-0.000915527	8.78235	
0.00335693	8.78204	
0.00244141	8.78235	
-0.0012207	8.78265	
0.00305176	8.78204	
0	8.78174	
0.00274658	8.78174	
0	8.78143	
0.000915527	8.78265	
-0.000610352	8.78113	
0.00366211	8.78204	
-0.000610352	8.78296	
-0.00274658	8.78235	
0.00152588	8.78265	
-0.000915527	8.78174	
-0.00457764	8.78265	
0.000305176	8.78235	
-0.00335693	8.78174	
0.000915527	8.78143	
-0.00335693	8.78174	
-0.00152588	8.78204	
0.00213623	8.78235	
-0.00213623	8.78174	
0.00152588	8.78235	
-0.00213623	8.78265	
0.00152588	8.78235	
-0.00152588	8.78174	
-0.00274658	8.78174	
-0.00213623	8.78235	
0.000305176	8.78235	
-0.000610352	8.78235	
0.000610352	8.78174	
-0.00183105	8.78265	
-0.0012207	8.78204	
-0.000915527	8.78235	
-0.00152588	8.78204	
-0.000915527	8.78235	
-0.00366211	8.78204	
0.00152588	8.78174	
-0.00366211	8.78235	
0.00183105	8.78265	
-0.00396729	8.78235	
0.0012207	8.78204	
-0.00396729	8.78204	
-0.00274658	8.78204	
0.0012207	8.78235	
-0.00305176	8.78265	
0.000305176	8.78174	
-0.000915527	8.78174	
-0.00152588	8.78204	
-0.0012207	8.78204	
-0.00457764	8.78174	
-0.000610352	8.78296	
0.000305176	8.78204	
-0.000610352	8.78174	
-0.000915527	8.78174	
-0.00183105	8.78204	
0.000305176	8.78265	
0.000610352	8.78235	
-0.0012207	8.78296	
0.000915527	8.78204	
0	8.78235	
-0.000915527	8.78204	
0.00152588	8.78174	
-0.000610352	8.78204	
0.00152588	8.78204	
-0.00152588	8.78174	
0.00152588	8.78204	
-0.00152588	8.78204	
-0.00213623	8.78235	
0	8.78235	
-0.00274658	8.78174	
-0.0012207	8.78235	
0.000915527	8.78204	
-0.000610352	8.78204	
0.000305176	8.78204	
0.000610352	8.78143	
0.000305176	8.78174	
0.000915527	8.78204	
-0.0012207	8.78235	
-0.000610352	8.78235	
-0.000610352	8.78204	
-0.00183105	8.78204	
-0.00183105	8.78235	
0.000915527	8.78235	
0.00152588	8.78265	
0.000305176	8.78204	
0.000305176	8.78204	
-0.00213623	8.78235	
-0.00274658	8.78204	
0.00152588	8.78204	
-0.00366211	8.78235	
-0.000610352	8.78235	
-0.000915527	8.78418	
-0.00183105	8.78357	
0.000305176	8.78204	
0.0012207	8.78204	
-0.00305176	8.78235	
0.000915527	8.78235	
-0.00366211	8.78204	
0.0012207	8.78204	
-0.00213623	8.78235	
0.00183105	8.78143	
-0.00305176	8.78204	
0.0012207	8.78204	
-0.00183105	8.78174	
0.00152588	8.78235	
-0.00335693	8.78235	
0	8.78174	
-0.00183105	8.78204	
0.00152588	8.78204	
-0.00274658	8.78113	
-0.000305176	8.78235	
-0.00335693	8.78204	
-0.00152588	8.78235	
0.00213623	8.78235	
-0.00152588	8.78143	
-0.00335693	8.78235	
0.00152588	8.78235	
-0.00305176	8.78204	
0.00152588	8.78204	
-0.00305176	8.78265	
0	8.78174	
-0.00366211	8.78235	
0.0012207	8.78204	
-0.0012207	8.78143	
-0.00152588	8.78174	
-0.000305176	8.78174	
-0.000305176	8.78204	
0.00183105	8.78174	
-0.000915527	8.78143	
-0.00396729	8.78204	
0.000305176	8.78204	
-0.00366211	8.78204	
0.000610352	8.78235	
-0.00274658	8.78174	
0	8.78265	
-0.00183105	8.78143	
0.0012207	8.78235	
-0.00427246	8.78204	
-0.000610352	8.78204	
0.0012207	8.78265	
-0.00152588	8.78235	
-0.000915527	8.78235	
0.00518799	8.78265	
0.00518799	8.78265	
0.00213623	8.78204	
-0.0012207	8.78204	
0.00366211	8.78204	
0.000610352	8.78174	
0.0012207	8.78204	
0.00457764	8.78174	
0.0012207	8.78235	
0.00183105	8.78265	
0.00366211	8.78235	
0.000305176	8.78235	
-0.00152588	8.78174	
0.00335693	8.78204	
-0.00335693	8.78143	
0.00549316	8.78235	
-0.00213623	8.78204	
0.00427246	8.78265	
-0.00244141	8.78235	
-0.00488281	8.78204	
-0.000305176	8.78235	
-0.00488281	8.78204	
0.000915527	8.78235	
-0.000915527	8.78235	
0.000305176	8.78235	
-0.00183105	8.78204	
-0.00213623	8.78113	
-0.000915527	8.78143	
-0.000305176	8.78204	
0	8.78235	
-0.0012207	8.78174	
-0.000610352	8.78143	
-0.00213623	8.78143	
-0.00152588	8.78174	
0.000915527	8.78235	
-0.000915527	8.78235	
0.000610352	8.78296	
-0.000610352	8.78174	
0.00152588	8.78204	
-0.00152588	8.78235	
0.000305176	8.78204	
-0.0012207	8.78204	
-0.000915527	8.78143	
-0.000305176	8.78174	
-0.00274658	8.78143	
-0.000915527	8.78265	
-0.000305176	8.78235	
0	8.78204	
-0.000915527	8.78204	
-0.00244141	8.78235	
0.000915527	8.78143	
-0.00183105	8.78204	
0.0012207	8.78296	
-0.00183105	8.78204	
-0.00152588	8.78204	
-0.00396729	8.78174	
0.000915527	8.78265	
-0.000305176	8.78265	
-0.00152588	8.78235	
-0.00183105	8.78204	
-0.00213623	8.78204	
-0.000305176	8.78174	
-0.000305176	8.78265	
-0.000915527	8.78235	
-0.00244141	8.78174	
-0.000915527	8.78204	
-0.00213623	8.78235	
-0.00152588	8.78174	
-0.00213623	8.78204	
-0.00152588	8.78204	
0	8.78265	
-0.0012207	8.78143	
-0.00152588	8.78296	
0	8.78143	
0.000610352	8.78204	
-0.000610352	8.78204	
-0.00213623	8.78174	
-0.00152588	8.78204	
0.000305176	8.78235	
-0.00152588	8.78204	
0.00152588	8.78235	
-0.00457764	8.78143	
-0.000915527	8.78265	
-0.00457764	8.78235	
-0.00183105	8.78174	
-0.00488281	8.78174	
0	8.78174	
-0.00488281	8.78204	
-0.000915527	8.78235	
-0.00488281	8.78174	
-0.00183105	8.78296	
-0.00305176	8.78235	
-0.000915527	8.78235	
-0.00488281	8.78235	
-0.00183105	8.78174	
-0.00427246	8.78143	
-0.000610352	8.78235	
-0.0012207	8.78174	
-0.000915527	8.78235	
-0.000915527	8.78204	
-0.00244141	8.78174	
-0.0012207	8.78204	
-0.00213623	8.78235	
-0.000610352	8.78235	
-0.00183105	8.78174	
-0.00152588	8.78204	
-0.00152588	8.78174	
-0.000305176	8.78235	
0	8.78204	
0.0012207	8.78174	
-0.00152588	8.78143	
0.000610352	8.78204	
-0.0012207	8.78204	
-0.000610352	8.78265	
0.0012207	8.78204	
-0.00213623	8.78235	
0.000305176	8.78296	
0.000305176	8.78296	
0.0012207	8.78265	
-0.00152588	8.78235	
0.00183105	8.78204	
-0.00213623	8.78235	
0.00213623	8.78235	
-0.00183105	8.78204	
0.0012207	8.78265	
-0.00183105	8.78204	
-0.00396729	8.78174	
0.000610352	8.78204	
-0.00335693	8.78235	
0.0012207	8.78143	
-0.00335693	8.78235	
-0.00244141	8.78204	
0.000305176	8.78235	
-0.00305176	8.78204	
-0.0012207	8.78174	
0.000915527	8.78143	
-0.00244141	8.78174	
0.00152588	8.78204	
-0.00457764	8.78204	
0.000305176	8.78204	
-0.000610352	8.78296	
-0.00366211	8.78174	
0.000305176	8.78235	
0	8.78204	
-0.000610352	8.78265	
0.000610352	8.78204	
0.0012207	8.78174	
-0.0012207	8.78204	
0.0012207	8.78235	
-0.00366211	8.78235	
0.00213623	8.78174	
-0.00274658	8.78204	
-0.000915527	8.78235	
0.0012207	8.78143	
0.00152588	8.78174	
-0.000610352	8.78235	
0.0012207	8.78326	
0.00274658	8.78265	
-0.000305176	8.78204	
-0.00244141	8.78204	
0.00152588	8.78235	
-0.00396729	8.78174	
0.000305176	8.78204	
-0.00274658	8.78204	
-0.000305176	8.78204	
-0.000610352	8.78235	
-0.00244141	8.78174	
-0.000610352	8.78235	
-0.000915527	8.78235	
0	8.78204	
-0.00427246	8.78143	
-0.000610352	8.78235	
0.0012207	8.78174	
-0.00183105	8.78174	
0.00183105	8.78204	
-0.00427246	8.78296	
0.0012207	8.78296	
-0.000610352	8.78204	
-0.00213623	8.78174	
0.00152588	8.78204	
-0.00274658	8.78143	
0.00152588	8.78235	
-0.00335693	8.78174	
0	8.78235	
-0.0012207	8.78235	
-0.00213623	8.78204	
-0.00183105	8.78143	
-0.00335693	8.78174	
-0.000305176	8.78235	
-0.00366211	8.78204	
0.00152588	8.78204	
-0.00366211	8.78235	
0.000305176	8.78235	
-0.000610352	8.78174	
0.00152588	8.78235	
-0.00335693	8.78265	
-0.0012207	8.78113	
0.0012207	8.78204	
-0.00335693	8.78296	
0.0012207	8.78204	
-0.00183105	8.78143	
-0.00183105	8.78143	
0.000305176	8.78204	
-0.000610352	8.78235	
0.00183105	8.78204	
-0.00183105	8.78204	
0.00213623	8.78174	
-0.0012207	8.78204	
0.00152588	8.78174	
0.000915527	8.78174	
-0.0012207	8.78204	
-0.00152588	8.78174	
0.000610352	8.78143	
-0.00396729	8.78174	
0	8.78265	
-0.00305176	8.78174	
-0.000305176	8.78204	
-0.00427246	8.78204	
-0.00244141	8.78204	
-0.00518799	8.78204	
-0.00274658	8.78265	
-0.00183105	8.78174	
-0.00366211	8.78174	
0.00579834	8.78174	
-0.00244141	8.78204	
0	8.78235	
0.00335693	8.78204	
-0.00213623	8.78204	
0.00457764	8.78387	
0.000915527	8.78204	
-0.00366211	8.78174	
0.00152588	8.78204	
-0.00305176	8.78265	
-0.00152588	8.78235	
0.000610352	8.78204	
0.00152588	8.78235	
-0.00396729	8.78174	
-0.000610352	8.78235	
-0.000305176	8.78143	
-0.00274658	8.78204	
0.000610352	8.78204	
-0.00427246	8.78204	
0.0012207	8.78204	
-0.00366211	8.78204	
-0.00305176	8.78204	
0.00183105	8.78204	
0.000610352	8.78235	
-0.00152588	8.78113	
-0.000610352	8.78235	
-0.00183105	8.78204	
-0.0012207	8.78204	
0	8.78174	
-0.000915527	8.78174	
0.000915527	8.78174	
-0.00427246	8.78174	
-0.00152588	8.78204	
0.00183105	8.78143	
-0.00427246	8.78204	
0.00457764	8.78204	
0.0012207	8.78204	
0.00335693	8.78204	
0.000610352	8.78204	
0.00427246	8.78265	
0.00152588	8.78296	
-0.000610352	8.78204	
0.00335693	8.78204	
0.000915527	8.78265	
0.00427246	8.78174	
0.00335693	8.78204	
0.00305176	8.78204	
-0.00152588	8.78174	
0.00183105	8.78204	
0.0012207	8.78204	
-0.00274658	8.78235	
-0.000305176	8.78265	
-0.00366211	8.78204	
-0.00183105	8.78143	
0.000915527	8.78143	
-0.00213623	8.78235	
-0.00213623	8.78143	
-0.00244141	8.78143	
0.000610352	8.78235	
-0.00274658	8.78265	
-0.0012207	8.78174	
0	8.78265	
0	8.78174	
0	8.78204	
-0.00305176	8.78143	
-0.00152588	8.78143	
-0.000610352	8.78174	
-0.00427246	8.78204	
0	8.78296	
0.00244141	8.78204	
0.000305176	8.78296	
0.00244141	8.78204	
-0.0012207	8.78235	
0.000610352	8.78265	
-0.00152588	8.78265	
0.0012207	8.78204	
0.00152588	8.78204	
-0.000305176	8.78235	
-0.000305176	8.78174	
0.000305176	8.78235	
-0.00274658	8.78235	
-0.000915527	8.78204	
-0.00213623	8.78204	
-0.0012207	8.78235	
0.0012207	8.78204	
-0.000610352	8.78235	
-0.000305176	8.78143	
-0.000610352	8.78204	
0.000305176	8.78235	
-0.00274658	8.78204	
-0.000305176	8.78174	
-0.000915527	8.78143	
0.000610352	8.78235	
-0.00427246	8.78204	
0.000305176	8.78235	
-0.00183105	8.78235	
-0.000610352	8.78296	
-0.000915527	8.78265	
0.000610352	8.78418	
-0.00457764	8.78143	
0.000305176	8.78265	
-0.00305176	8.78204	
-0.00244141	8.78204	
0.000915527	8.78174	
-0.00366211	8.78174	
0.00152588	8.78174	
-0.00244141	8.78235	
0.00518799	8.78204	
0	8.78174	
0.00396729	8.78204	
0.000610352	8.78235	
0.000610352	8.78204	
0.00366211	8.78143	
-0.0012207	8.78204	
0.00396729	8.78235	
-0.000915527	8.78235	
0.00152588	8.78204	
-0.00183105	8.78235	
0.00335693	8.78204	
0.00274658	8.78174	
0.00366211	8.78143	
0.000915527	8.78235	
-0.00244141	8.78204	
0.0012207	8.78204	
-0.00305176	8.78235	
0.00152588	8.78265	
-0.00305176	8.78265	
-0.00305176	8.78235	
0.0012207	8.78235	
-0.00274658	8.78235	
-0.00183105	8.78204	
0.0012207	8.78296	
0.0012207	8.78296	
0.000915527	8.78387	
-0.00152588	8.78418	
-0.000915527	8.78296	
0.000915527	8.78204	
-0.000610352	8.78265	
0.000305176	8.78265	
-0.00244141	8.78204	
0.000915527	8.78235	
-0.00152588	8.78143	
0.0012207	8.78296	
-0.00152588	8.78204	
-0.0012207	8.78265	
-0.00183105	8.78174	
-0.00244141	8.78174	
-0.000915527	8.78204	
0.000610352	8.78174	
-0.00274658	8.78204	
0.00274658	8.78174	
0.000915527	8.78235	
0.00183105	8.78204	
-0.00183105	8.78235	
0.00366211	8.78174	
0	8.78143	
-0.0012207	8.78296	
0.00274658	8.78204	
-0.000305176	8.78204	
-0.00274658	8.78235	
-0.000915527	8.78235	
-0.00335693	8.78174	
0.00183105	8.78265	
0.000305176	8.78235	
-0.000305176	8.78235	
-0.00335693	8.78174	
0.00183105	8.78143	
-0.00213623	8.78235	
-0.00335693	8.78204	
0	8.78204	
-0.00274658	8.78265	
-0.000305176	8.78235	
-0.00183105	8.78174	
0.00152588	8.78174	
-0.00244141	8.78235	
-0.00335693	8.78204	
-0.000915527	8.78235	
-0.000915527	8.78174	
-0.00244141	8.78174	
0.000305176	8.78235	
0.000305176	8.78174	
-0.00213623	8.78326	
0.00152588	8.78296	
-0.000305176	8.78448	
0.00213623	8.78326	
0.000305176	8.78235	
0.00213623	8.78235	
0.00152588	8.78235	
0.00183105	8.78418	
0.0012207	8.78418	
-0.000915527	8.78479	
0.000915527	8.78418	
-0.000915527	8.78448	
-0.000610352	8.78326	
0.000915527	8.78235	
-0.00244141	8.78204	
0.000915527	8.78235	
-0.000915527	8.78174	
0.000305176	8.78204	
-0.00335693	8.78204	
0.000915527	8.78143	
-0.00183105	8.78174	
0.000915527	8.78235	
-0.00457764	8.78204	
-0.00213623	8.78235	
-0.00274658	8.78143	
-0.000915527	8.78296	
-0.00366211	8.78174	
-0.0012207	8.78235	
0.00213623	8.78174	
-0.00488281	8.78204	
0.00152588	8.78235	
-0.00152588	8.78265	
0.00274658	8.78357	
-0.00213623	8.78326	
0.00305176	8.78174	
0.00152588	8.78143	
0.000915527	8.78235	
-0.000915527	8.78235	
0.00335693	8.78174	
-0.00335693	8.78235	
-0.00366211	8.78204	
-0.000610352	8.78448	
-0.00396729	8.78387	
-0.000610352	8.78235	
-0.00213623	8.78296	
0.000610352	8.78296	
-0.000610352	8.78387	
-0.0012207	8.78357	
-0.000915527	8.78418	
-0.000610352	8.78418	
-0.000915527	8.78326	
0.00213623	8.78448	
-0.00183105	8.78357	
0.00213623	8.78326	
0.000305176	8.78204	
0.000305176	8.78204	
0.000305176	8.78174	
0.00152588	8.78265	
-0.00152588	8.78174	
-0.000305176	8.78265	
0.00152588	8.78204	
-0.00366211	8.78204	
0.000610352	8.78204	
-0.00366211	8.78143	
0.000305176	8.78143	
-0.00396729	8.78143	
0.000915527	8.78204	
-0.00396729	8.78204	
0.000915527	8.78235	
-0.00396729	8.78082	
0.000915527	8.78174	
-0.00335693	8.78204	
-0.00152588	8.78174	
-0.00213623	8.78418	
0.000305176	8.78418	
0.000915527	8.78387	
-0.0012207	8.78326	
0.00152588	8.78357	
-0.000610352	8.78204	
-0.00396729	8.78204	
0.000915527	8.78204	
-0.00396729	8.78265	
0.000915527	8.78265	
-0.00396729	8.78235	
-0.000610352	8.78174	
-0.000610352	8.78235	
-0.00335693	8.78265	
0.0012207	8.78235	
-0.00335693	8.78174	
0.00152588	8.78235	
-0.00305176	8.78174	
0.000305176	8.78265	
-0.00457764	8.78265	
0.0012207	8.78204	
0.00305176	8.78204	
-0.000610352	8.78235	
0.0012207	8.78204	
-0.00152588	8.78265	
0.00335693	8.78204	
0.000610352	8.78235	
0.00366211	8.78204	
0.000915527	8.78204	
0.00274658	8.78204	
-0.0012207	8.78235	
0.00274658	8.78235	
-0.000915527	8.78265	
0.00305176	8.78296	
-0.00183105	8.78204	
-0.00244141	8.78265	
0.000305176	8.78357	
-0.00366211	8.78235	
0.00152588	8.78204	
-0.00305176	8.78204	
0.0012207	8.78174	
-0.00335693	8.78174	
0.000610352	8.78174	
-0.00396729	8.78174	
-0.000305176	8.78174	
-0.00457764	8.78204	
0.0012207	8.78204	
0.000915527	8.78265	
-0.000305176	8.78174	
-0.00396729	8.78174	
0.00152588	8.78174	
-0.00366211	8.78204	
0.000610352	8.78235	
0.0012207	8.78265	
0.0012207	8.78265	
-0.00213623	8.78174	
-0.000915527	8.78174	
0.00152588	8.78204	
-0.000915527	8.78265	
0.000610352	8.78174	
0	8.78265	
0.00335693	8.78174	
-0.000915527	8.78204	
0.00335693	8.78235	
0.00549316	8.78235	
-0.000915527	8.78204	
0.00366211	8.78265	
-0.00396729	8.78174	
0.000915527	8.78204	
-0.00366211	8.78143	
0.00396729	8.78204	
-0.00396729	8.78204	
0.00335693	8.78174	
-0.00427246	8.78174	
0.00518799	8.78235	
0.000610352	8.78296	
-0.0012207	8.78235	
-0.00366211	8.78235	
0.00305176	8.78387	
0.00427246	8.78296	
-0.000305176	8.78143	
0.00335693	8.78143	
0.0012207	8.78235	
0.00305176	8.78174	
0.00427246	8.78204	
-0.00396729	8.78113	
-0.00335693	8.78174	
-0.00213623	8.78235	
0.00244141	8.78235	
-0.00396729	8.78113	
0.00396729	8.78265	
-0.00366211	8.78174	
0.00488281	8.78235	
-0.00366211	8.78235	
0.000915527	8.78235	
-0.00457764	8.78174	
-0.00335693	8.78235	
0.0012207	8.78235	
-0.00305176	8.78174	
0.000305176	8.78265	
-0.00427246	8.78174	
-0.00305176	8.78235	
-0.000610352	8.78174	
-0.00305176	8.78357	
-0.00396729	8.78174	
-0.000305176	8.78296	
-0.00396729	8.78143	
0.000915527	8.78143	
-0.00152588	8.78174	
-0.00213623	8.78235	
-0.000610352	8.78204	
0.0012207	8.78326	
-0.00152588	8.78326	
0.0012207	8.78387	
-0.00183105	8.78326	
0.00152588	8.78418	
-0.000915527	8.78204	
-0.0012207	8.78235	
-0.0012207	8.78143	
-0.00213623	8.78174	
0	8.78235	
0.000610352	8.78418	
-0.000915527	8.78418	
0.000610352	8.78174	
-0.00335693	8.78174	
0.00152588	8.78235	
-0.000915527	8.78204	
-0.00183105	8.78204	
-0.0012207	8.78235	
-0.000915527	8.78235	
0.00152588	8.78357	
-0.00213623	8.78204	
0.000915527	8.78174	
-0.00183105	8.78235	
0.000915527	8.78357	
-0.00213623	8.78326	
-0.000915527	8.78448	
-0.00244141	8.78326	
0.000305176	8.78174	
-0.00183105	8.78143	
-0.000610352	8.78143	
-0.00244141	8.78235	
0	8.78174	
0.000305176	8.78082	
0	8.78296	
-0.00152588	8.78235	
-0.000915527	8.78296	
-0.00213623	8.78235	
-0.000915527	8.78296	
-0.00183105	8.78326	
-0.00183105	8.78204	
-0.00152588	8.78235	
-0.000305176	8.78204	
-0.000915527	8.78357	
-0.000610352	8.78387	
-0.00213623	8.78357	
0.000610352	8.78418	
-0.000915527	8.78357	
0	8.78357	
0.0012207	8.78448	
0	8.78387	
0.00244141	8.78174	
0	8.78143	
0.00152588	8.78265	
0.000305176	8.78204	
0.000915527	8.78235	
-0.00183105	8.78357	
0.000915527	8.78387	
-0.0012207	8.78235	
-0.000610352	8.78174	
-0.00152588	8.78235	
-0.000915527	8.78204	
-0.000305176	8.78387	
-0.00213623	8.78326	
0.000915527	8.78174	
-0.00427246	8.78204	
-0.000915527	8.78357	
-0.00274658	8.78418	
-0.000610352	8.78387	
0.000915527	8.78296	
-0.00213623	8.78174	
0.000915527	8.78235	
0.00366211	8.78235	
0.00274658	8.78265	
-0.00244141	8.78265	
0.00244141	8.78265	
-0.0012207	8.78235	
-0.00457764	8.78174	
-0.000915527	8.78235	
-0.00518799	8.78143	
-0.00213623	8.78235	
-0.00457764	8.78174	
0.000305176	8.78174	
-0.00427246	8.78357	
0.000610352	8.78448	
-0.000915527	8.78357	
-0.000305176	8.78387	
-0.000610352	8.78387	
-0.000915527	8.78387	
0.000915527	8.78448	
-0.00274658	8.78418	
-0.00213623	8.78418	
-0.000915527	8.78387	
-0.0012207	8.78326	
-0.00244141	8.78296	
0.000915527	8.78387	
-0.0012207	8.78418	
0.000915527	8.78448	
0	8.78387	
0.000305176	8.78387	
0.000915527	8.78418	
0.000305176	8.78326	
-0.00366211	8.78418	
0.000305176	8.78326	
-0.00366211	8.78387	
0.00152588	8.78418	
-0.00427246	8.78326	
0	8.78418	
-0.00396729	8.78326	
0.000915527	8.78387	
-0.00457764	8.78479	
-0.00213623	8.78387	
0	8.78387	
-0.00213623	8.78357	
0	8.78479	
-0.000915527	8.78418	
-0.000305176	8.78387	
0.00274658	8.78448	
-0.000305176	8.78418	
0.00274658	8.78448	
-0.000610352	8.78387	
0.00274658	8.78357	
-0.00213623	8.78448	
0.00366211	8.78418	
0.00366211	8.78357	
0.000915527	8.78235	
0.00518799	8.78235	
-0.00244141	8.78174	
-0.00579834	8.78387	
0.00152588	8.78418	
-0.00213623	8.78326	
0.000610352	8.78418	
-0.00183105	8.78204	
-0.00213623	8.78082	
-0.00152588	8.78235	
-0.00213623	8.78296	
-0.000915527	8.78296	
-0.000915527	8.78265	
-0.00152588	8.78204	
-0.00213623	8.78174	
-0.00152588	8.78204	
-0.000915527	8.78143	
0.000305176	8.78296	
-0.00274658	8.78418	
-0.000915527	8.78357	
-0.00335693	8.78326	
-0.00152588	8.78448	
-0.00335693	8.78265	
0.000305176	8.78418	
-0.000305176	8.78387	
0.000610352	8.78418	
-0.00152588	8.78326	
0.000610352	8.78418	
-0.000305176	8.78418	
0.0012207	8.78296	
-0.00213623	8.78265	
0	8.78357	
0.000305176	8.78235	
-0.000305176	8.78174	
0.00183105	8.78387	
-0.000610352	8.78357	
-0.000915527	8.78296	
-0.00183105	8.78357	
-0.000915527	8.78357	
0.000305176	8.78448	
-0.00457764	8.78387	
0.0012207	8.78418	
-0.00427246	8.78357	
-0.00183105	8.78326	
0.00183105	8.78418	
-0.00152588	8.78479	
-0.00152588	8.78326	
-0.0012207	8.78418	
-0.00213623	8.78387	
-0.00152588	8.78296	
-0.0012207	8.78418	
0.000610352	8.78174	
0.000915527	8.78296	
0.00274658	8.78418	
0.00457764	8.78326	
0.0088501	8.78387	
0.0137329	8.78448	
0.0192261	8.78326	
0.0314331	8.7851	
0.057373	8.7854	
0.113831	8.78693	
0.228577	8.79059	
0.350647	8.79181	
0.455933	8.79211	
0.544128	8.79395	
0.605774	8.79395	
0.65094	8.79486	
0.683899	8.79456	
0.706482	8.79425	
0.723572	8.79456	
0.732117	8.79517	
0.741272	8.79486	
0.74646	8.79456	
0.748901	8.79425	
0.751953	8.79456	
0.750427	8.79425	
0.753784	8.79364	
0.750732	8.79303	
0.7547	8.79333	
0.750732	8.79333	
0.754089	8.79333	
0.750732	8.79333	
0.755615	8.79364	
0.750732	8.79272	
0.756531	8.79303	
0.751343	8.79211	
0.75531	8.79272	
0.752563	8.79242	
0.756836	8.79242	
0.751953	8.79242	
0.757141	8.79272	
0.757751	8.79181	
0.753174	8.79211	
0.759888	8.7915	
0.752563	8.7915	
0.760193	8.79211	
0.757141	8.79272	
0.758362	8.79181	
0.7547	8.79181	
0.760803	8.79242	
0.7547	8.79211	
0.760498	8.79211	
0.754089	8.79211	
0.760193	8.79211	
0.7547	8.79059	
0.762939	8.79181	
0.75531	8.79181	
0.761719	8.79181	
0.756836	8.7915	
0.75592	8.7915	
0.756836	8.7915	
0.75592	8.7912	
0.757446	8.7915	
0.754395	8.79181	
0.758972	8.7915	
0.756226	8.79059	
0.758667	8.79059	
0.758057	8.79089	
0.760193	8.7912	
0.759888	8.79089	
0.760803	8.7912	
0.760498	8.79028	
0.761719	8.7912	
0.760803	8.79059	
0.761719	8.7912	
0.758057	8.7912	
0.763245	8.79181	
0.758362	8.79059	
0.761719	8.79059	
0.757446	8.79059	
0.763245	8.79089	
0.757446	8.79089	
0.762939	8.79059	
0.758667	8.79059	
0.762329	8.79059	
0.762024	8.79089	
0.760498	8.78998	
0.762024	8.79028	
0.760193	8.79028	
0.763855	8.7912	
0.762329	8.79028	
0.763855	8.78998	
0.762634	8.78967	
0.764771	8.79028	
0.763855	8.79028	
0.765076	8.79028	
0.76416	8.78937	
0.765076	8.78967	
0.765076	8.79028	
0.765381	8.78998	
0.760193	8.78937	
0.765381	8.78876	
0.761719	8.78998	
0.765991	8.78937	
0.762939	8.78876	
0.763245	8.78937	
0.764465	8.78998	
0.767517	8.78937	
0.761719	8.79028	
0.766907	8.78906	
0.76355	8.78998	
0.766602	8.78967	
0.768127	8.78967	
0.762634	8.78998	
0.767212	8.78998	
0.763245	8.78937	
0.766602	8.78967	
0.763245	8.78998	
0.768127	8.78876	
0.765381	8.78906	
0.765686	8.78906	
0.77179	8.78998	
0.766602	8.78967	
0.770569	8.78906	
0.769653	8.78906	
0.765686	8.78815	
0.770874	8.78876	
0.764465	8.78845	
0.76355	8.78784	
0.765686	8.78967	
0.76355	8.78815	
0.764771	8.78815	
0.772705	8.78845	
0.768433	8.78937	
0.767517	8.78815	
0.766907	8.78845	
0.769043	8.78845	
0.765076	8.78845	
0.764465	8.78784	
0.767822	8.78784	
0.764771	8.78784	
0.769043	8.78876	
0.766907	8.78754	
0.770569	8.78815	
0.767517	8.78754	
0.770264	8.78784	
0.769043	8.78754	
0.768127	8.78845	
0.770874	8.78845	
0.768433	8.78845	
0.77179	8.78784	
0.769348	8.78723	
0.770264	8.78784	
0.768433	8.78784	
0.77179	8.78845	
0.770874	8.78754	
0.767822	8.78815	
0.770264	8.78754	
0.768433	8.78784	
0.772705	8.78754	
0.767517	8.78784	
0.7724	8.78784	
0.770874	8.78876	
0.770874	8.78693	
0.770874	8.78784	
0.776978	8.78784	
0.769043	8.78693	
0.769043	8.78693	
0.772095	8.78693	
0.767517	8.78693	
0.77179	8.78693	
0.767822	8.78754	
0.77179	8.78662	
0.777893	8.78601	
0.769348	8.78693	
0.775452	8.78693	
0.769958	8.78693	
0.769043	8.78754	
0.77179	8.78693	
0.7724	8.78601	
0.77301	8.78723	
0.769348	8.78571	
0.773621	8.78723	
0.77301	8.78693	
0.77179	8.78632	
0.769958	8.78571	
0.773315	8.78662	
0.770569	8.78632	
0.775146	8.78723	
0.77179	8.78601	
0.775146	8.78601	
0.770569	8.78632	
0.774536	8.78571	
0.769958	8.78571	
0.774231	8.78632	
0.77179	8.78632	
0.775146	8.78632	
0.771484	8.7854	
0.7724	8.7854	
0.78064	8.7854	
0.77179	8.78479	
0.779419	8.7851	
0.7724	8.78571	
0.771179	8.7854	
0.777283	8.7851	
0.772705	8.7854	
0.777588	8.78601	
0.773926	8.7854	
0.777893	8.7854	
0.776367	8.78571	
0.777283	8.78479	
0.776367	8.7851	
0.774841	8.7854	
0.778198	8.7854	
0.777283	8.78571	
0.777283	8.78479	
0.777893	8.7854	
0.778198	8.7851	
0.779114	8.78448	
0.777588	8.78418	
0.779114	8.78448	
0.779114	8.78418	
0.776367	8.78448	
0.779419	8.78448	
0.778809	8.78448	
0.779419	8.78418	
0.778503	8.78448	
0.777588	8.78479	
0.78064	8.78418	
0.777588	8.78448	
0.775757	8.78479	
0.780029	8.78448	
0.775452	8.78418	
0.780029	8.78418	
0.775452	8.78479	
0.776978	8.78387	
0.781555	8.78418	
0.777893	8.78418	
0.78125	8.7851	
0.777893	8.78357	
0.78064	8.78448	
0.784607	8.78357	
0.779114	8.78357	
0.777283	8.78387	
0.775452	8.78479	
0.781555	8.78479	
0.780029	8.78418	
0.778503	8.78387	
0.779724	8.78326	
0.779114	8.78357	
0.780029	8.78387	
0.779724	8.78418	
0.78186	8.78357	
0.782776	8.78418	
0.780334	8.78387	
0.780945	8.78326	
0.783386	8.78235	
0.777283	8.78265	
0.779419	8.78326	
0.783386	8.78418	
0.780334	8.78326	
0.78125	8.78418	
0.786438	8.78296	
0.783081	8.78296	
0.778198	8.78296	
0.778198	8.78265	
0.783997	8.78326	
0.781555	8.78235	
0.78125	8.78235	
0.783997	8.78265	
0.784607	8.78265	
0.783691	8.78235	
0.782471	8.78326	
0.783997	8.78265	
0.785828	8.78265	
0.781555	8.78265	
0.782776	8.78296	
0.784912	8.78204	
0.782166	8.78235	
0.783691	8.78235	
0.785828	8.78265	
0.782776	8.78265	
0.784912	8.78326	
0.786743	8.78296	
0.784912	8.78326	
0.784912	8.78174	
0.787659	8.78235	
0.780945	8.78143	
0.783081	8.78113	
0.783386	8.78174	
0.780945	8.78265	
0.785828	8.78235	
0.784912	8.78235	
0.785522	8.78296	
0.784912	8.78052	
0.783997	8.78143	
0.784302	8.78235	
0.783691	8.78204	
0.785217	8.78204	
0.787659	8.78143	
0.784607	8.78204	
0.787964	8.78174	
0.787048	8.78113	
0.782776	8.78143	
0.786743	8.78082	
0.785522	8.78143	
0.785522	8.78143	
0.783081	8.78143	
0.784912	8.78235	
0.786743	8.78174	
0.785828	8.78174	
0.786438	8.78113	
0.786438	8.78143	
0.785828	8.78113	
0.788879	8.78174	
0.782471	8.78174	
0.788879	8.78052	
0.783691	8.78082	
0.788574	8.78082	
0.784607	8.78082	
0.786438	8.78082	
0.788269	8.78174	
0.783386	8.78052	
0.788574	8.78052	
0.786133	8.78143	
0.789185	8.78021	
0.784302	8.78052	
0.78949	8.78082	
0.792236	8.78052	
0.78949	8.78082	
0.785522	8.78143	
0.788879	8.78113	
0.78949	8.78082	
0.784912	8.78143	
0.790405	8.78113	
0.78949	8.77991	
0.787048	8.78052	
0.78949	8.78021	
0.787354	8.78021	
0.784607	8.78052	
0.78949	8.78082	
0.787354	8.78082	
0.788879	8.78021	
0.788574	8.78113	
0.788574	8.78021	
0.78949	8.77991	
0.791321	8.78021	
0.785828	8.78052	
0.788879	8.78113	
0.792236	8.78052	
0.7901	8.7796	
0.786743	8.77991	
0.788574	8.78021	
0.791931	8.7796	
0.786438	8.78021	
0.791626	8.78021	
0.793762	8.78082	
0.7901	8.78021	
0.794983	8.7793	
0.79071	8.77899	
0.789795	8.7796	
0.7901	8.77991	
0.793457	8.77991	
0.793762	8.77991	
0.79071	8.7796	
0.796509	8.78021	
0.787659	8.7793	
0.794067	8.77838	
0.787659	8.77869	
0.795288	8.7793	
0.787659	8.7793	
0.791321	8.7793	
0.7901	8.7796	
0.788269	8.7793	
0.791931	8.77838	
0.791626	8.77838	
0.79071	8.77808	
0.792236	8.7793	
0.7901	8.77838	
0.792542	8.77869	
0.792847	8.77869	
0.791016	8.77869	
0.794373	8.77869	
0.791321	8.77869	
0.792847	8.77838	
0.794067	8.77838	
0.791626	8.77899	
0.78949	8.77869	
0.791321	8.7793	
0.794983	8.77869	
0.792847	8.77869	
0.796509	8.77747	
0.795288	8.77777	
0.792542	8.77838	
0.79895	8.77808	
0.793762	8.77808	
0.792236	8.77838	
0.794067	8.77899	
0.795898	8.77777	
0.793762	8.77716	
0.794983	8.77747	
0.796204	8.77808	
0.793152	8.77777	
0.794373	8.77777	
0.793762	8.77777	
0.796204	8.77838	
0.794067	8.77686	
0.795288	8.77686	
0.795288	8.77808	
0.791321	8.77777	
0.794373	8.77777	
0.797119	8.77747	
0.799866	8.77808	
0.79895	8.77716	
0.798035	8.77686	
0.795593	8.77747	
0.797119	8.77716	
0.794983	8.77686	
0.792847	8.77747	
0.792236	8.77655	
0.796204	8.77716	
0.795898	8.77747	
0.796204	8.77747	
0.795898	8.77747	
0.796204	8.77747	
0.795898	8.77686	
0.795288	8.77747	
0.795593	8.77655	
0.796204	8.77686	
0.798035	8.77686	
0.792847	8.77777	
0.79895	8.77655	
0.794067	8.77655	
0.796814	8.77716	
0.797424	8.77686	
0.797729	8.77686	
0.797729	8.77686	
0.794983	8.77625	
0.797729	8.77716	
0.795898	8.77625	
0.801086	8.77594	
0.795288	8.77716	
0.796814	8.77655	
0.798035	8.77655	
0.800171	8.77625	
0.797119	8.77625	
0.794983	8.77625	
0.798645	8.77625	
0.795898	8.77686	
0.800171	8.77563	
0.798645	8.77533	
0.797729	8.77594	
0.79834	8.77625	
0.798035	8.77533	
0.798035	8.77625	
0.799866	8.77594	
0.79834	8.77594	
0.801697	8.77594	
0.79834	8.77625	
0.801086	8.77533	
0.800171	8.77563	
0.797424	8.77594	
0.802307	8.77594	
0.796204	8.77625	
0.802002	8.77625	
0.79895	8.77533	
0.797424	8.77563	
0.799561	8.77533	
0.805054	8.77563	
0.803528	8.77594	
0.805054	8.77594	
0.803223	8.77594	
0.796509	8.77594	
0.805969	8.77563	
0.797424	8.77502	
0.798645	8.77441	
0.801697	8.77533	
0.797729	8.77533	
0.802307	8.77533	
0.801086	8.77563	
0.799866	8.77533	
0.801392	8.77533	
0.800171	8.77502	
0.802612	8.77441	
0.802612	8.77502	
0.799866	8.77472	
0.803223	8.77563	
0.803833	8.77502	
0.79895	8.77533	
0.799866	8.77472	
0.804138	8.77472	
0.805969	8.77502	
0.803528	8.77472	
0.79895	8.7738	
0.802307	8.77533	
0.803223	8.77411	
0.801392	8.77472	
0.802002	8.77441	
0.803223	8.77502	
0.805664	8.77472	
0.801697	8.77502	
0.799866	8.77472	
0.804138	8.77441	
0.803833	8.77502	
0.802612	8.77502	
0.802612	8.77533	
0.807495	8.77472	
0.805969	8.77472	
0.804138	8.77441	
0.809021	8.77472	
0.800781	8.7738	
0.808105	8.77472	
0.800476	8.77441	
0.808411	8.77502	
0.801086	8.7738	
0.808716	8.77472	
0.801697	8.77441	
0.800476	8.7738	
0.804749	8.7738	
0.804138	8.77289	
0.803528	8.77289	
0.805664	8.7738	
0.806885	8.77441	
0.804443	8.77411	
0.805054	8.77411	
0.805969	8.7738	
0.801392	8.77319	
0.806885	8.77441	
0.802002	8.7735	
0.805664	8.7738	
0.807495	8.7735	
0.802612	8.77411	
0.805969	8.7735	
0.808105	8.7738	
0.804749	8.7735	
0.807495	8.7735	
0.809021	8.7735	
0.801697	8.77319	
0.80719	8.7735	
0.802002	8.77228	
0.803833	8.7735	
0.805664	8.7738	
0.803528	8.77289	
0.806274	8.77289	
0.806274	8.77258	
0.805054	8.77289	
0.805969	8.7735	
0.808105	8.77319	
0.805969	8.77319	
0.804443	8.77289	
0.808716	8.77289	
0.804138	8.77319	
0.808411	8.77258	
0.8078	8.77258	
0.806885	8.77258	
0.806885	8.77258	
0.811462	8.77289	
0.809631	8.77289	
0.803528	8.7735	
0.806274	8.77289	
0.806274	8.77167	
0.809021	8.77167	
0.809937	8.77258	
0.808411	8.77289	
0.805664	8.77228	
0.811157	8.77197	
0.80719	8.77289	
0.807495	8.77197	
0.809326	8.77289	
0.805359	8.77289	
0.810547	8.77289	
0.80658	8.77197	
0.808411	8.77228	
0.813599	8.77197	
0.812988	8.77258	
0.813599	8.77289	
0.814514	8.77228	
0.805054	8.77197	
0.806274	8.77106	
0.810242	8.77167	
0.805054	8.77167	
0.810547	8.77167	
0.809631	8.77197	
0.810852	8.77136	
0.809326	8.77197	
0.807495	8.77228	
0.811462	8.77289	
0.811462	8.77228	
0.808716	8.77228	
0.810547	8.77136	
0.810852	8.77136	
0.808411	8.77197	
0.808411	8.77106	
0.812073	8.77228	
0.814514	8.77228	
0.809326	8.77167	
0.812683	8.77197	
0.815735	8.77167	
0.810547	8.77045	
0.806885	8.77136	
0.812378	8.77106	
0.810547	8.77075	
0.809937	8.77136	
0.812073	8.77106	
0.813293	8.77106	
0.812073	8.77167	
0.813904	8.77197	
0.810852	8.77075	
0.808411	8.77045	
0.813293	8.77045	
0.811157	8.77075	
0.812378	8.77136	
0.812073	8.77075	
0.813599	8.77045	
0.81543	8.77106	
0.809631	8.77136	
0.808105	8.77075	
0.813293	8.77045	
0.810852	8.77136	
0.812683	8.77045	
0.812683	8.77136	
0.812683	8.77014	
0.814819	8.77045	
0.815735	8.76953	
0.812988	8.77075	
0.813293	8.77014	
0.813599	8.76984	
0.811768	8.77045	
0.810242	8.77045	
0.812683	8.77045	
0.816956	8.77045	
0.819092	8.76953	
0.812073	8.77045	
0.809021	8.77014	
0.814819	8.77014	
0.813293	8.77045	
0.811462	8.77014	
0.81543	8.77075	
0.816345	8.77045	
0.81604	8.77014	
0.812988	8.77014	
0.811157	8.76984	
0.813904	8.76923	
0.815125	8.76923	
0.814209	8.76953	
0.811157	8.76953	
0.812378	8.76892	
0.816345	8.76953	
0.814514	8.77014	
0.815735	8.76984	
0.813904	8.76892	
0.812683	8.76984	
0.816345	8.77014	
0.816345	8.77014	
0.815735	8.76862	
0.818481	8.76953	
0.816345	8.77014	
0.812073	8.76953	
0.816345	8.76923	
0.817871	8.77014	
0.81604	8.76862	
0.815735	8.76892	
0.820312	8.76862	
0.81604	8.76923	
0.81665	8.76953	
0.820923	8.76923	
0.812683	8.76831	
0.821533	8.76831	
0.812683	8.76831	
0.81665	8.76831	
0.81543	8.76831	
0.812988	8.76831	
0.818176	8.76862	
0.816345	8.76862	
0.815735	8.76892	
0.817566	8.76862	
0.816345	8.76892	
0.816956	8.76831	
0.818787	8.76831	
0.819092	8.7677	
0.81604	8.76862	
0.813293	8.76831	
0.81665	8.76831	
0.820923	8.76831	
0.817566	8.76923	
0.816956	8.76801	
0.822449	8.76862	
0.817871	8.76892	
0.821533	8.76831	
0.81604	8.7677	
0.81665	8.76801	
0.817871	8.7674	
0.816956	8.7674	
0.819092	8.76862	
0.818481	8.7677	
0.816956	8.76801	
0.817261	8.76801	
0.818176	8.7677	
0.818787	8.7674	
0.818481	8.7674	
0.821533	8.76831	
0.815735	8.7674	
0.818176	8.76801	
0.81543	8.7674	
0.821228	8.7677	
0.818176	8.7674	
0.815735	8.7677	
0.820618	8.7674	
0.823059	8.76862	
0.824585	8.76831	
0.820312	8.76709	
0.81604	8.76709	
0.820007	8.7674	
0.820312	8.76801	
0.819702	8.76801	
0.820923	8.7674	
0.817261	8.7677	
0.81665	8.7677	
0.820618	8.7674	
0.82428	8.7674	
0.823669	8.7674	
0.820007	8.76709	
0.818176	8.7674	
0.822144	8.7677	
0.820618	8.76801	
0.819702	8.76801	
0.821228	8.76678	
0.821533	8.76709	
0.819397	8.76648	
0.818176	8.76709	
0.819702	8.76709	
0.819092	8.76678	
0.817871	8.7674	
0.820923	8.7677	
0.826111	8.76678	
0.821533	8.76617	
0.819397	8.76556	
0.824585	8.76617	
0.818787	8.76617	
0.817871	8.76648	
0.822449	8.76617	
0.821228	8.76587	
0.820618	8.76617	
0.821533	8.7674	
0.820312	8.7677	
0.821533	8.76709	
0.82428	8.76678	
0.822754	8.76587	
0.820923	8.76648	
0.820923	8.76556	
0.824585	8.76648	
0.8255	8.76678	
0.823059	8.76678	
0.8255	8.76617	
0.827637	8.76678	
0.819397	8.76678	
0.824585	8.76617	
0.822754	8.76556	
0.820618	8.76587	
0.823669	8.76587	
0.822144	8.76556	
0.822449	8.76617	
0.823059	8.76617	
0.826111	8.76587	
0.822754	8.76617	
0.820007	8.76556	
0.823364	8.76617	
0.823364	8.76526	
0.828857	8.76526	
0.828247	8.76587	
0.821228	8.76556	
0.823364	8.76556	
0.824585	8.76617	
0.822144	8.76587	
0.825806	8.76556	
0.82428	8.76465	
0.826111	8.76495	
0.823975	8.76526	
0.827942	8.76495	
0.8255	8.76556	
0.826416	8.76556	
0.823669	8.76526	
0.826111	8.76556	
0.827637	8.76556	
0.826721	8.76465	
0.827026	8.76434	
0.828247	8.76556	
0.825806	8.76587	
0.821228	8.76495	
0.826721	8.76526	
0.8255	8.76526	
0.822754	8.76556	
0.827026	8.76526	
0.8255	8.76556	
0.825806	8.76434	
0.826721	8.76495	
0.827942	8.76495	
0.827637	8.76495	
0.823669	8.76526	
0.827942	8.76495	
0.830688	8.76495	
0.831299	8.76526	
0.823364	8.76434	
0.823059	8.76465	
0.827942	8.76434	
0.824585	8.76465	
0.827026	8.76465	
0.826111	8.76465	
0.825806	8.76434	
0.827942	8.76495	
0.827332	8.76495	
0.828247	8.76373	
0.828857	8.76495	
0.826416	8.76526	
0.823975	8.76465	
0.8255	8.76404	
0.827332	8.76404	
0.831604	8.76495	
0.83252	8.76434	
0.82428	8.76404	
0.827942	8.76434	
0.828552	8.76465	
0.827637	8.76434	
0.826416	8.76343	
0.829468	8.76404	
0.830994	8.76282	
0.827637	8.76312	
0.823669	8.76343	
0.828552	8.76343	
0.825806	8.76343	
0.8255	8.76343	
0.830994	8.76465	
0.829163	8.76404	
0.829163	8.76373	
0.831909	8.76312	
0.831604	8.76312	
0.825195	8.76404	
0.8255	8.76312	
0.831299	8.76343	
0.828247	8.76312	
0.827332	8.76373	
0.830383	8.76282	
0.830688	8.76312	
0.828857	8.76373	
0.825806	8.76343	
0.831299	8.76373	
0.831604	8.76373	
0.834045	8.76373	
0.834961	8.76343	
0.830994	8.76312	
0.830078	8.76373	
0.828552	8.76312	
0.829163	8.76282	
0.832825	8.76343	
0.828552	8.7619	
0.831909	8.76343	
0.835571	8.76404	
0.831604	8.76343	
0.833435	8.76282	
0.830383	8.76312	
0.832214	8.76343	
0.830078	8.76251	
0.831299	8.76251	
0.831604	8.76343	
0.830994	8.76282	
0.827332	8.76312	
0.830994	8.76221	
0.835876	8.76312	
0.835571	8.76251	
0.830383	8.76251	
0.828247	8.76221	
0.831299	8.76221	
0.830994	8.76282	
0.83252	8.76373	
0.829773	8.7619	
0.828552	8.76251	
0.828552	8.7619	
0.83313	8.76282	
0.834961	8.76221	
0.830383	8.76251	
0.836487	8.76251	
0.830994	8.7616	
0.832214	8.7619	
0.830994	8.76251	
0.830994	8.76282	
0.833435	8.7616	
0.829773	8.76221	
0.833435	8.76221	
0.831604	8.76221	
0.830078	8.7616	
0.830688	8.76251	
0.835876	8.76282	
0.835876	8.7616	
0.83252	8.7619	
0.834045	8.7619	
0.83252	8.76312	
0.831909	8.7616	
0.831604	8.7619	
0.835876	8.7616	
0.834961	8.7619	
0.836182	8.76129	
0.837097	8.7616	
0.833435	8.7619	
0.829468	8.7616	
0.834656	8.76221	
0.833435	8.76221	
0.83252	8.76129	
0.834656	8.76129	
0.836487	8.7616	
0.834351	8.7616	
0.829163	8.7619	
0.831909	8.76129	
0.834045	8.7616	
0.837402	8.76221	
0.840454	8.76129	
0.830688	8.76129	
0.830688	8.76099	
0.835876	8.76129	
0.83374	8.76129	
0.831604	8.76129	
0.835266	8.76099	
0.835876	8.7616	
0.835266	8.76129	
0.836792	8.7616	
0.832825	8.76129	
0.834961	8.76007	
0.835266	8.76099	
0.830688	8.76099	
0.835876	8.76068	
0.83374	8.76099	
0.835266	8.76038	
0.83313	8.7619	
0.833435	8.76099	
0.834045	8.76038	
0.837402	8.76099	
0.838928	8.76068	
0.841064	8.76007	
0.834656	8.76068	
0.832214	8.76038	
0.834961	8.76068	
0.836487	8.76129	
0.838623	8.76038	
0.834351	8.76129	
0.834351	8.76068	
0.837708	8.76068	
0.834961	8.76099	
0.835571	8.76099	
0.835266	8.76038	
0.838318	8.76068	
0.831604	8.76038	
0.837708	8.76068	
0.835266	8.76068	
0.838318	8.76068	
0.836182	8.76038	
0.836487	8.76068	
0.837097	8.75824	
0.838318	8.75977	
0.840759	8.76099	
0.84198	8.75977	
0.834961	8.75977	
0.83313	8.75916	
0.838318	8.76038	
0.837097	8.75946	
0.835571	8.76068	
0.838928	8.76068	
0.838928	8.76007	
0.839539	8.76007	
0.837097	8.75977	
0.834351	8.76099	
0.836487	8.75916	
0.839844	8.76038	
0.838928	8.75854	
0.839539	8.75977	
0.837402	8.75916	
0.836487	8.75916	
0.838318	8.75977	
0.838623	8.75946	
0.836792	8.75977	
0.833435	8.76068	
0.834961	8.76007	
0.840149	8.75977	
0.840759	8.76038	
0.843811	8.75977	
0.838623	8.75885	
0.834961	8.76007	
0.836487	8.76038	
0.839539	8.75977	
0.840149	8.75977	
0.837708	8.75977	
0.838318	8.75977	
0.837402	8.75885	
0.844421	8.75854	
0.838013	8.75916	
0.838928	8.75854	
0.841064	8.75854	
0.838928	8.75885	
0.838623	8.75916	
0.835876	8.75885	
0.840149	8.76007	
0.837708	8.75885	
0.838013	8.75946	
0.840759	8.75885	
0.839233	8.75854	
0.838623	8.75854	
0.838318	8.75854	
0.836487	8.75854	
0.837097	8.75824	
0.84137	8.75824	
0.837708	8.75793	
0.84137	8.75763	
0.840149	8.75854	
0.838318	8.75854	
0.840759	8.75702	
0.841675	8.75793	
0.842896	8.75854	
0.841064	8.75824	
0.841675	8.75793	
0.845032	8.75854	
0.846558	8.75885	
0.838318	8.75946	
0.837708	8.75793	
0.84198	8.75824	
0.84137	8.75854	
0.843201	8.75854	
0.842896	8.75824	
0.84259	8.75824	
0.845337	8.75854	
0.845337	8.75824	
0.84137	8.75793	
0.841064	8.75763	
0.839844	8.75763	
0.842285	8.75763	
0.843201	8.75793	
0.84259	8.75793	
0.843506	8.75854	
0.846252	8.75885	
0.847168	8.75793	
0.839233	8.75763	
0.84198	8.75824	
0.842896	8.75824	
0.842896	8.75824	
0.843506	8.75854	
0.841064	8.75824	
0.841064	8.75885	
0.841675	8.75854	
0.842285	8.75732	
0.843201	8.75793	
0.843811	8.75732	
0.844421	8.75793	
0.84259	8.75702	
0.84137	8.75763	
0.84198	8.75793	
0.839233	8.75702	
0.839844	8.75732	
0.843201	8.75732	
0.839844	8.75702	
0.840454	8.75671	
0.842285	8.75732	
0.843506	8.75702	
0.84259	8.75702	
0.844727	8.7561	
0.844727	8.75732	
0.842285	8.75702	
0.842896	8.75732	
0.847473	8.75732	
0.849304	8.75793	
0.843811	8.75641	
0.843506	8.75702	
0.842285	8.75641	
0.843506	8.75702	
0.841675	8.75671	
0.843201	8.75641	
0.842896	8.75641	
0.841064	8.75702	
0.840149	8.75671	
0.843811	8.75702	
0.845337	8.75702	
0.842896	8.75702	
0.84137	8.75671	
0.844727	8.75641	
0.844116	8.75641	
0.839844	8.7561	
0.844116	8.7561	
0.845337	8.75671	
0.846558	8.75732	
0.844727	8.7561	
0.844727	8.7561	
0.847778	8.75702	
0.845947	8.7561	
0.846863	8.75641	
0.844727	8.75641	
0.844116	8.75641	
0.843811	8.75641	
0.84137	8.75732	
0.84198	8.75641	
0.845642	8.7561	
0.849915	8.75671	
0.848999	8.75671	
0.841064	8.75671	
0.84198	8.7561	
0.845032	8.75641	
0.847168	8.75641	
0.848083	8.7558	
0.846558	8.7558	
0.844727	8.75641	
0.843811	8.75549	
0.846558	8.7561	
0.84198	8.75549	
0.841675	8.75519	
0.848083	8.7558	
0.848083	8.75519	
0.848389	8.75671	
0.847778	8.7561	
0.847168	8.7561	
0.845642	8.7561	
0.849609	8.75488	
0.844116	8.75549	
0.843811	8.75549	
0.847778	8.75549	
0.845642	8.75549	
0.845337	8.7558	
0.844421	8.75641	
0.842896	8.7561	
0.843201	8.7558	
0.847778	8.75549	
0.843506	8.75488	
0.843201	8.75519	
0.847473	8.75549	
0.846252	8.75519	
0.848694	8.7558	
0.845947	8.7558	
0.842896	8.75488	
0.845337	8.75519	
0.845947	8.7558	
0.85083	8.75427	
0.852966	8.75488	
0.845947	8.75519	
0.846863	8.75519	
0.845032	8.75427	
0.848083	8.75458	
0.848694	8.75427	
0.847473	8.75519	
0.847473	8.75549	
0.846252	8.75519	
0.848694	8.75519	
0.848694	8.75549	
0.849915	8.75549	
0.848694	8.75519	
0.850525	8.75458	
0.85022	8.75458	
0.853271	8.75427	
0.853882	8.75427	
0.844421	8.75488	
0.844727	8.75366	
0.847473	8.75427	
0.849304	8.75488	
0.849915	8.75488	
0.85083	8.75519	
0.847473	8.75458	
0.846252	8.75397	
0.85083	8.75427	
0.852051	8.75397	
0.851135	8.75427	
0.845947	8.75366	
0.845947	8.75366	
0.848999	8.75427	
0.848389	8.75397	
0.848083	8.75488	
0.851135	8.7558	
0.851746	8.75488	
0.848389	8.75427	
0.848389	8.75519	
0.847778	8.75458	
0.848999	8.75366	
0.849915	8.75366	
0.848389	8.75427	
0.851135	8.75366	
0.85144	8.75397	
0.85144	8.75336	
0.852051	8.75427	
0.85083	8.75397	
0.852356	8.75397	
0.855713	8.75427	
0.85144	8.75397	
0.849609	8.75427	
0.849609	8.75336	
0.847778	8.75366	
0.849915	8.75336	
0.849915	8.75275	
0.849609	8.75366	
0.850525	8.75366	
0.848694	8.75397	
0.848999	8.75427	
0.851135	8.75397	
0.852356	8.75336	
0.852661	8.75305	
0.848694	8.75275	
0.848389	8.75305	
0.85083	8.75336	
0.847473	8.75244	
0.845947	8.75214	
0.850525	8.75305	
0.851746	8.75336	
0.853271	8.75336	
0.852051	8.75336	
0.851135	8.75214	
0.851135	8.75336	
0.852661	8.75336	
0.847473	8.75305	
0.852356	8.75275	
0.85083	8.75305	
0.851135	8.75275	
0.852051	8.75244	
0.853577	8.75244	
0.854187	8.75305	
0.853577	8.75336	
0.856934	8.75305	
0.853577	8.75183	
0.851746	8.75336	
0.853271	8.75214	
0.85144	8.75214	
0.847778	8.75214	
0.849304	8.75275	
0.852966	8.75305	
0.854187	8.75305	
0.851746	8.75275	
0.852356	8.75214	
0.854187	8.75305	
0.854492	8.75183	
0.854187	8.75244	
0.852356	8.75214	
0.853271	8.75244	
0.85144	8.75214	
0.849915	8.75214	
0.848999	8.75244	
0.854492	8.75183	
0.852966	8.75244	
0.851135	8.75153	
0.854187	8.75305	
0.855713	8.75153	
0.854797	8.75214	
0.854492	8.75153	
0.856018	8.75183	
0.854797	8.75183	
0.853882	8.75183	
0.852966	8.75183	
0.852051	8.75244	
0.855408	8.75153	
0.855408	8.75275	
0.856323	8.75244	
0.855103	8.75275	
0.85144	8.75244	
0.852661	8.75122	
0.852051	8.75122	
0.850525	8.75183	
0.855408	8.75214	
0.852966	8.75122	
0.855713	8.75183	
0.852356	8.75153	
0.85144	8.75244	
0.854797	8.75153	
0.853882	8.75183	
0.852051	8.75061	
0.860291	8.75153	
0.855103	8.75122	
0.855103	8.75092	
0.852356	8.75061	
0.856018	8.75122	
0.856323	8.75122	
0.853271	8.75122	
0.852966	8.75153	
0.857544	8.75183	
0.852966	8.75153	
0.852051	8.75214	
0.856018	8.75153	
0.85968	8.75214	
0.859375	8.75031	
0.852661	8.75153	
0.853271	8.75122	
0.855103	8.75122	
0.857239	8.75061	
0.857239	8.75153	
0.856018	8.75092	
0.856323	8.75153	
0.853271	8.75092	
0.851746	8.75122	
0.854187	8.75153	
0.856934	8.75031	
0.858459	8.75031	
0.857239	8.75122	
0.858154	8.75061	
0.861206	8.75122	
0.860901	8.75122	
0.856934	8.75092	
0.856628	8.75061	
0.857239	8.75061	
0.856018	8.75061	
0.852966	8.75092	
0.855713	8.75	
0.857849	8.75092	
0.857239	8.74939	
0.856323	8.75031	
0.854797	8.75031	
0.856018	8.75092	
0.859375	8.75061	
0.857239	8.75	
0.855408	8.75	
0.854492	8.74969	
0.856323	8.75031	
0.856628	8.75031	
0.860901	8.75092	
0.855408	8.75031	
0.861816	8.74969	
0.858154	8.75031	
0.855408	8.74908	
0.857239	8.74878	
0.858459	8.74908	
0.857849	8.75	
0.857239	8.74908	
0.857239	8.75061	
0.854187	8.75	
0.858765	8.75092	
0.853882	8.74969	
0.855713	8.75	
0.859375	8.75	
0.856628	8.74939	
0.856628	8.74939	
0.857239	8.74939	
0.857544	8.74939	
0.858154	8.74878	
0.858154	8.74939	
0.860901	8.75031	
0.860291	8.74878	
0.857544	8.75	
0.856628	8.75	
0.857239	8.74939	
0.859375	8.74939	
0.860901	8.74939	
0.858765	8.75061	
0.858459	8.75	
0.856323	8.74878	
0.860291	8.74939	
0.856934	8.74939	
0.860291	8.75	
0.861511	8.74878	
0.863342	8.74939	
0.855103	8.74908	
0.855408	8.74939	
0.857849	8.74878	
0.860596	8.74969	
0.857239	8.74939	
0.857239	8.74878	
0.859985	8.74847	
0.862122	8.74939	
0.861816	8.74939	
0.85968	8.74908	
0.859985	8.74878	
0.860901	8.74847	
0.861511	8.74939	
0.857849	8.74878	
0.859375	8.74939	
0.858765	8.74939	
0.857239	8.74908	
0.857544	8.74939	
0.861206	8.75031	
0.858459	8.74847	
0.85907	8.74908	
0.858154	8.74817	
0.859375	8.74878	
0.856323	8.74817	
0.858459	8.74878	
0.863037	8.74786	
0.860901	8.74847	
0.861511	8.74878	
0.860291	8.74939	
0.858459	8.74847	
0.861511	8.74969	
0.85968	8.74756	
0.857239	8.74786	
0.863647	8.74817	
0.858459	8.74786	
0.859985	8.74878	
0.861816	8.74817	
0.860291	8.74847	
0.858765	8.74756	
0.862427	8.74847	
0.863647	8.74847	
0.862427	8.74878	
0.862732	8.74817	
0.861816	8.74847	
0.865784	8.74878	
0.860901	8.74908	
0.860596	8.74847	
0.860596	8.74756	
0.861816	8.74786	
0.857239	8.74817	
0.857849	8.74786	
0.860596	8.74847	
0.857849	8.74786	
0.858765	8.74817	
0.860596	8.74908	
0.862122	8.74847	
0.859985	8.74817	
0.859985	8.74847	
0.860901	8.74786	
0.861206	8.74756	
0.861206	8.74725	
0.862732	8.74847	
0.863342	8.74756	
0.863647	8.74786	
0.862732	8.74756	
0.862732	8.74786	
0.865479	8.74756	
0.867615	8.74664	
0.860291	8.74817	
0.859985	8.74725	
0.859985	8.74664	
0.861206	8.74664	
0.85907	8.74756	
0.862427	8.74603	
0.861511	8.74725	
0.858459	8.74634	
0.857849	8.74634	
0.861816	8.74603	
0.862427	8.74725	
0.864868	8.74756	
0.864258	8.74725	
0.863342	8.74756	
0.862732	8.74725	
0.86853	8.74725	
0.863953	8.74756	
0.862427	8.74603	
0.865479	8.74695	
0.865173	8.74603	
0.863342	8.74664	
0.865173	8.74695	
0.863037	8.74695	
0.861206	8.74664	
0.861511	8.74664	
0.862427	8.74695	
0.862732	8.74786	
0.85968	8.74725	
0.861206	8.74664	
0.869446	8.74664	
0.863647	8.74634	
0.864563	8.74695	
0.864258	8.74725	
0.860901	8.74634	
0.863647	8.74695	
0.861511	8.74634	
0.865784	8.74664	
0.864563	8.74695	
0.865173	8.74634	
0.866394	8.74512	
0.864258	8.74573	
0.863037	8.74603	
0.866699	8.74603	
0.86731	8.74664	
0.865784	8.74573	
0.865479	8.74573	
0.865479	8.74603	
0.864258	8.74634	
0.864868	8.74634	
0.86792	8.74664	
0.864563	8.74573	
0.866089	8.74542	
0.864563	8.74634	
0.864868	8.74634	
0.863953	8.74603	
0.862122	8.74664	
0.866089	8.74603	
0.867615	8.74603	
0.868225	8.74603	
0.869446	8.74603	
0.865173	8.74542	
0.863647	8.74634	
0.867004	8.74603	
0.863953	8.74512	
0.866089	8.74573	
0.870056	8.74542	
0.870972	8.74542	
0.862427	8.74603	
0.861816	8.74542	
0.864868	8.74573	
0.86731	8.74512	
0.866699	8.74542	
0.867615	8.74481	
0.868835	8.74573	
0.869141	8.74542	
0.861816	8.74512	
0.864563	8.74573	
0.866089	8.74573	
0.867615	8.74573	
0.868225	8.74542	
0.866089	8.74573	
0.865479	8.74603	
0.865479	8.74573	
0.863037	8.74603	
0.865479	8.74542	
0.86731	8.7442	
0.866394	8.7442	
0.865784	8.74481	
0.870361	8.74451	
0.868835	8.74512	
0.868835	8.74512	
0.867004	8.74512	
0.866394	8.74451	
0.86792	8.74481	
0.865173	8.7442	
0.866699	8.74451	
0.866699	8.74451	
0.865784	8.74512	
0.864258	8.74512	
0.864563	8.74451	
0.868225	8.74512	
0.871887	8.74481	
0.871887	8.74512	
0.863342	8.7439	
0.865479	8.7442	
0.868225	8.74512	
0.866089	8.74512	
0.86853	8.74481	
0.867615	8.74481	
0.870056	8.74359	
0.869446	8.7442	
0.870056	8.74451	
0.869141	8.74512	
0.872192	8.7442	
0.865784	8.74451	
0.867615	8.74451	
0.869751	8.74451	
0.867004	8.74451	
0.868225	8.74451	
0.873108	8.74481	
0.869141	8.74451	
0.868225	8.74329	
0.86792	8.7442	
0.870056	8.74359	
0.870056	8.74359	
0.867615	8.7442	
0.866699	8.74451	
0.863953	8.74451	
0.869446	8.74359	
0.868835	8.7439	
0.870361	8.7439	
0.870361	8.74359	
0.870667	8.7439	
0.872192	8.7439	
0.867004	8.74481	
0.870056	8.7442	
0.869141	8.74359	
0.871582	8.74329	
0.868225	8.7439	
0.867004	8.7439	
0.870972	8.7439	
0.874939	8.74329	
0.870972	8.74359	
0.870361	8.74329	
0.865479	8.74359	
0.870056	8.7442	
0.874023	8.74359	
0.870972	8.7439	
0.870667	8.74329	
0.866699	8.74268	
0.866394	8.74359	
0.868225	8.7439	
0.868225	8.74329	
0.869751	8.7439	
0.870361	8.74329	
0.869751	8.7439	
0.866089	8.7439	
0.874939	8.74329	
0.867615	8.7439	
0.867615	8.74329	
0.869141	8.74329	
0.866089	8.7439	
0.870972	8.7442	
0.875854	8.74268	
0.869141	8.74268	
0.870056	8.74329	
0.872803	8.74359	
0.868225	8.74329	
0.869446	8.74359	
0.866699	8.74298	
0.866699	8.74329	
0.871582	8.7439	
0.870361	8.7439	
0.872803	8.74329	
0.873108	8.7439	
0.870361	8.74359	
0.871887	8.74237	
0.86731	8.74268	
0.869446	8.74268	
0.871277	8.74298	
0.872192	8.74268	
0.872803	8.74329	
0.872803	8.74268	
0.873413	8.74268	
0.867615	8.74207	
0.871277	8.74329	
0.872498	8.74329	
0.870667	8.74298	
0.867615	8.74329	
0.872498	8.74359	
0.871277	8.74207	
0.871582	8.74268	
0.869446	8.74207	
0.872192	8.74268	
0.867615	8.74298	
0.868225	8.74268	
0.870972	8.74268	
0.873108	8.74268	
0.87677	8.74268	
0.871277	8.74207	
0.871887	8.74207	
0.871582	8.74268	
0.871277	8.74176	
0.871277	8.74268	
0.868225	8.74146	
0.871887	8.74146	
0.870361	8.74237	
0.870056	8.74268	
0.871277	8.74268	
0.870972	8.74298	
0.869141	8.74329	
0.869141	8.74207	
0.872803	8.74329	
0.86853	8.74268	
0.872803	8.74237	
0.874329	8.74298	
0.873718	8.74298	
0.870361	8.74207	
0.877075	8.74298	
0.875854	8.74207	
0.873108	8.74207	
0.872192	8.74176	
0.870972	8.74207	
0.873413	8.74207	
0.874634	8.74176	
0.877686	8.74176	
0.87677	8.74268	
0.873413	8.74207	
0.872498	8.74084	
0.874023	8.74115	
0.874634	8.74146	
0.872498	8.74207	
0.875854	8.74146	
0.879211	8.74207	
0.872498	8.74146	
0.872192	8.74115	
0.872192	8.74084	
0.872803	8.74176	
0.869446	8.74115	
0.871887	8.74115	
0.873413	8.74115	
0.870667	8.74146	
0.872803	8.74084	
0.873108	8.74084	
0.874939	8.74084	
0.870056	8.73993	
0.870667	8.74023	
0.875244	8.74023	
0.873108	8.74084	
0.873718	8.74084	
0.872498	8.74054	
0.874023	8.74054	
0.872192	8.74146	
0.87677	8.74115	
0.875854	8.74115	
0.872803	8.74084	
0.874939	8.74115	
0.871582	8.74084	
0.871887	8.74084	
0.874329	8.74054	
0.873413	8.74054	
0.874634	8.74054	
0.877075	8.74054	
0.872192	8.74084	
0.874634	8.74054	
0.873718	8.74146	
0.875854	8.74054	
0.873718	8.74023	
0.873718	8.74084	
0.874329	8.74115	
0.879517	8.73962	
0.871277	8.73993	
0.875549	8.74054	
0.874939	8.74084	
0.871887	8.74115	
0.873718	8.74023	
0.876465	8.74084	
0.874329	8.74054	
0.875244	8.74023	
0.87616	8.74084	
0.874634	8.74115	
0.874023	8.74054	
0.878296	8.74054	
0.881348	8.74084	
0.873413	8.74023	
0.875549	8.74084	
0.878906	8.74023	
0.877075	8.74023	
0.878296	8.74023	
0.873718	8.73962	
0.873413	8.73932	
0.87677	8.74023	
0.87677	8.74023	
0.875854	8.74054	
0.875244	8.73962	
0.879211	8.74054	
0.881042	8.74084	
0.882263	8.73993	
0.874634	8.74054	
0.875244	8.74054	
0.876465	8.74084	
0.877686	8.74023	
0.875549	8.74054	
0.878296	8.73932	
0.879517	8.73993	
0.881958	8.73993	
0.880432	8.73962	
0.878296	8.73932	
0.87677	8.73962	
0.877991	8.74023	
0.87738	8.73901	
0.873413	8.73932	
0.881042	8.74023	
0.882263	8.73962	
0.877075	8.73932	
0.87616	8.73962	
0.876465	8.73901	
0.877075	8.73932	
0.875549	8.73932	
0.874939	8.73932	
0.878296	8.73962	
0.874634	8.73871	
0.874023	8.73962	
0.877686	8.73962	
0.878601	8.73962	
0.87616	8.73932	
0.878296	8.73962	
0.87677	8.73901	
0.873718	8.73962	
0.877075	8.73932	
0.877686	8.73901	
0.878601	8.73871	
0.879822	8.73932	
0.882568	8.73901	
0.882568	8.73932	
0.879822	8.73962	
0.879822	8.73932	
0.878601	8.73901	
0.878601	8.73901	
0.878296	8.73932	
0.874329	8.7384	
0.87616	8.73962	
0.876465	8.73871	
0.878296	8.73932	
0.874634	8.73901	
0.877075	8.73901	
0.879822	8.73901	
0.875854	8.73901	
0.878601	8.73871	
0.87738	8.73871	
0.878601	8.73779	
0.875549	8.73901	
0.875549	8.7384	
0.880737	8.73901	
0.876465	8.73901	
0.879211	8.73962	
0.878601	8.73871	
0.880737	8.7384	
0.881653	8.73932	
0.881348	8.73901	
0.875549	8.73749	
0.879211	8.7381	
0.881348	8.73779	
0.880432	8.7381	
0.881348	8.7381	
0.879211	8.7381	
0.87677	8.7381	
0.879211	8.7381	
0.877991	8.73779	
0.878296	8.7381	
0.879822	8.73901	
0.882874	8.73871	
0.875854	8.73901	
0.878906	8.73932	
0.879822	8.73871	
0.881653	8.73749	
0.884399	8.73779	
0.880127	8.73779	
0.881348	8.73779	
0.879517	8.7384	
0.878601	8.73749	
0.881042	8.73779	
0.881958	8.7381	
0.877075	8.7381	
0.87677	8.73749	
0.880737	8.73871	
0.880737	8.73779	
0.876465	8.73779	
0.878296	8.73871	
0.879517	8.73779	
0.878296	8.73749	
0.876465	8.73749	
0.877991	8.7381	
0.880432	8.73749	
0.87677	8.7381	
0.878906	8.7381	
0.885925	8.73718	
0.880432	8.7384	
0.880127	8.73749	
0.882263	8.73779	
0.880737	8.7384	
0.883179	8.73871	
0.877991	8.7381	
0.877075	8.73779	
0.879211	8.73779	
0.880432	8.7381	
0.882568	8.73779	
0.883484	8.73779	
0.87738	8.73688	
0.879517	8.73688	
0.880127	8.73779	
0.880737	8.73718	
0.88623	8.7381	
0.883789	8.73718	
0.882263	8.73779	
0.882874	8.73688	
0.878296	8.73718	
0.877686	8.7381	
0.883484	8.73779	
0.880432	8.73749	
0.881653	8.7381	
0.881348	8.7381	
0.882874	8.73779	
0.883484	8.73718	
0.884705	8.73688	
0.877686	8.73657	
0.881042	8.73718	
0.881653	8.73718	
0.881348	8.73657	
0.884705	8.73718	
0.880432	8.73688	
0.884094	8.73657	
0.882874	8.73657	
0.879822	8.73688	
0.880737	8.73688	
0.888062	8.73749	
0.881958	8.73779	
0.881958	8.73749	
0.884705	8.73688	
0.883179	8.73779	
0.883789	8.73657	
0.882874	8.73688	
0.881653	8.73596	
0.883789	8.73657	
0.884094	8.73718	
0.882568	8.73718	
0.880737	8.73657	
0.881653	8.73627	
0.882568	8.73688	
0.882874	8.73657	
0.882568	8.73718	
0.880127	8.73657	
0.883179	8.73688	
0.882874	8.73749	
0.885315	8.73627	
0.882568	8.73688	
0.879517	8.73657	
0.882263	8.73657	
0.88501	8.73627	
0.884399	8.73627	
0.882263	8.73688	
0.882874	8.73627	
0.883484	8.73688	
0.885315	8.73718	
0.88501	8.73596	
0.883789	8.73688	
0.879517	8.73596	
0.883789	8.73688	
0.883484	8.73657	
0.885315	8.73657	
0.883179	8.73627	
0.883484	8.73627	
0.883789	8.73627	
0.886536	8.73627	
0.881348	8.73596	
0.885925	8.73627	
0.883789	8.73566	
0.883179	8.73688	
0.884094	8.73657	
0.886536	8.73596	
0.886536	8.73657	
0.888062	8.73627	
0.880127	8.73596	
0.884399	8.73627	
0.88623	8.73657	
0.883789	8.73718	
0.882263	8.73657	
0.884399	8.73596	
0.883179	8.73596	
0.882874	8.73596	
0.885315	8.73596	
0.886841	8.73596	
0.881653	8.73566	
0.88501	8.73535	
0.88562	8.73566	
0.880737	8.73566	
0.889587	8.73566	
0.890198	8.73657	
0.88501	8.73596	
0.883484	8.73627	
0.88623	8.73627	
0.883179	8.73566	
0.883789	8.73596	
0.881653	8.73535	
0.884705	8.73596	
0.887756	8.73505	
0.88501	8.73474	
0.884705	8.73566	
0.883179	8.73505	
0.88501	8.73505	
0.883484	8.73535	
0.885315	8.73444	
0.885925	8.73535	
0.889893	8.73535	
0.881958	8.73505	
0.886536	8.73566	
0.886536	8.73596	
0.883179	8.73596	
0.882263	8.73566	
0.884705	8.73535	
0.881958	8.73566	
0.88623	8.73566	
0.886841	8.73444	
0.886841	8.73505	
0.886536	8.73566	
0.882263	8.73535	
0.882874	8.73535	
0.883789	8.73627	
0.887756	8.73505	
0.887756	8.73596	
0.889587	8.73535	
0.881653	8.73505	
0.88501	8.73505	
0.885315	8.73444	
0.887146	8.73505	
0.888977	8.73474	
0.890503	8.73535	
0.887146	8.73535	
0.888062	8.73474	
0.887756	8.73505	
0.88501	8.73474	
0.88623	8.73566	
0.882263	8.73413	
0.884399	8.73535	
0.884705	8.73505	
0.887146	8.73444	
0.885315	8.73535	
0.890503	8.73566	
0.883179	8.73535	
0.887756	8.73566	
0.888367	8.73535	
0.883789	8.73413	
0.886536	8.73352	
0.892029	8.73322	
0.888062	8.73413	
0.885925	8.73474	
0.888977	8.73474	
0.888977	8.73444	
0.886841	8.73505	
0.882874	8.73474	
0.88562	8.73505	
0.885315	8.73535	
0.888062	8.73474	
0.885315	8.73474	
0.883789	8.73474	
0.882568	8.73535	
0.88501	8.73566	
0.88562	8.73474	
0.887146	8.73383	
0.891418	8.73383	
0.892944	8.73413	
0.888367	8.73444	
0.887451	8.73413	
0.88562	8.73444	
0.889282	8.73383	
0.889282	8.73352	
0.891724	8.73383	
0.883789	8.73383	
0.886841	8.73383	
0.887756	8.73413	
0.885925	8.73444	
0.88501	8.73444	
0.886841	8.73444	
0.885925	8.73383	
0.887146	8.73352	
0.885925	8.73413	
0.888062	8.73383	
0.884094	8.73383	
0.887146	8.73413	
0.893555	8.73444	
0.888367	8.73474	
0.888062	8.73444	
0.888977	8.73413	
0.889893	8.73444	
0.887451	8.73383	
0.891724	8.73444	
0.887146	8.73352	
0.887146	8.73413	
0.887451	8.73383	
0.888672	8.73474	
0.892334	8.73474	
0.889587	8.73413	
0.889893	8.7326	
0.889282	8.73413	
0.890808	8.73352	
0.889893	8.73322	
0.890198	8.73383	
0.88562	8.73291	
0.884094	8.73352	
0.886841	8.73383	
0.890198	8.73444	
0.88623	8.73444	
0.891724	8.73474	
0.889587	8.73444	
0.889282	8.73383	
0.889282	8.73535	
0.885925	8.73383	
0.887146	8.73474	
0.89386	8.73352	
0.890808	8.73322	
0.890808	8.73352	
0.88623	8.73322	
0.888672	8.73352	
0.891418	8.73291	
0.891113	8.73352	
0.888977	8.73291	
0.891418	8.73352	
0.888367	8.73352	
0.889282	8.73413	
0.885925	8.73322	
0.889587	8.73505	
0.891418	8.73383	
0.892029	8.7326	
0.889282	8.7326	
0.886841	8.73199	
0.887756	8.7326	
0.889893	8.7323	
0.891724	8.73291	
0.891724	8.73322	
0.891418	8.73291	
0.88623	8.7323	
0.888672	8.73322	
0.892029	8.73291	
0.889893	8.7326	
0.889893	8.7326	
0.886841	8.73199	
0.888367	8.7323	
0.888672	8.7326	
0.887756	8.73352	
0.892334	8.7323	
0.89386	8.73138	
0.892334	8.7323	
0.892639	8.7326	
0.890198	8.7326	
0.888672	8.73199	
0.890808	8.7326	
0.891724	8.73199	
0.890198	8.7323	
0.892944	8.73291	
0.889587	8.73291	
0.890198	8.73291	
0.891113	8.73322	
0.891418	8.7326	
0.894165	8.7326	
0.892029	8.7326	
0.892334	8.73199	
0.889893	8.7323	
0.890198	8.73169	
0.892334	8.7323	
0.891418	8.7323	
0.89325	8.7326	
0.888672	8.7323	
0.890503	8.73199	
0.89386	8.7323	
0.892029	8.7326	
0.891113	8.7326	
0.890808	8.73291	
0.892334	8.7326	
0.89325	8.7326	
0.888062	8.7326	
0.893555	8.73199	
0.889893	8.7323	
0.890808	8.7326	
0.894165	8.73199	
0.888367	8.7323	
0.896606	8.73169	
0.891724	8.73169	
0.892944	8.7326	
0.890198	8.7323	
0.895996	8.7323	
0.897217	8.7323	
0.892639	8.7323	
0.890808	8.7323	
0.889587	8.7323	
0.896606	8.7323	
0.892334	8.7323	
0.892944	8.73169	
0.893555	8.7326	
0.888367	8.7323	
0.892334	8.73199	
0.888672	8.73169	
0.890808	8.73199	
0.892639	8.73169	
0.892029	8.73047	
0.894775	8.73199	
0.888672	8.73108	
0.892639	8.73169	
0.894775	8.73169	
0.892029	8.73199	
0.891724	8.73199	
0.888367	8.73199	
0.893555	8.7323	
0.894165	8.73169	
0.895691	8.73199	
0.89325	8.73199	
0.89325	8.73169	
0.889893	8.73138	
0.890808	8.73169	
0.898438	8.73108	
0.89386	8.73138	
0.89447	8.73199	
0.890198	8.73077	
0.892334	8.73169	
0.898132	8.73077	
0.89386	8.7323	
0.89386	8.73108	
0.894775	8.73138	
0.892639	8.73138	
0.898743	8.73138	
0.89386	8.73169	
0.89325	8.72986	
0.89386	8.73077	
0.897217	8.73138	
0.893555	8.73138	
0.892029	8.73199	
0.892334	8.73138	
0.895691	8.73108	
0.89447	8.73108	
0.89386	8.73077	
0.89386	8.73108	
0.894165	8.73138	
0.890808	8.73077	
0.898132	8.73138	
0.895996	8.73138	
0.895691	8.73077	
0.892944	8.73138	
0.895691	8.73047	
0.899658	8.73138	
0.897217	8.73138	
0.894775	8.73108	
0.895691	8.73047	
0.889893	8.73047	
0.898743	8.73047	
0.890808	8.73077	
0.895386	8.73108	
0.892944	8.73047	
0.892029	8.73047	
0.899048	8.73138	
0.889587	8.73047	
0.892334	8.73047	
0.895996	8.73047	
0.896606	8.72986	
0.896301	8.73108	
0.890808	8.73077	
0.892334	8.73108	
0.895081	8.73199	
0.894165	8.73047	
0.898438	8.73108	
0.892334	8.73077	
0.892639	8.72986	
0.89325	8.72986	
0.894165	8.73108	
0.891724	8.72986	
0.893555	8.73077	
0.895386	8.73047	
0.894165	8.73077	
0.895081	8.73108	
0.896912	8.73047	
0.890198	8.73047	
0.895691	8.73077	
0.895996	8.73047	
0.891724	8.72986	
0.891724	8.73016	
0.894775	8.73047	
0.895081	8.73077	
0.895081	8.72955	
0.898438	8.73047	
0.892944	8.72986	
0.895386	8.73016	
0.892944	8.72925	
0.895691	8.72925	
0.898438	8.72986	
0.894775	8.72925	
0.895386	8.73016	
0.895081	8.72986	
0.896606	8.73077	
0.892639	8.73016	
0.895386	8.73077	
0.901794	8.72986	
0.896606	8.73047	
0.896912	8.73016	
0.892029	8.73047	
0.899963	8.73047	
0.898438	8.73108	
0.896912	8.73047	
0.897217	8.73047	
0.892334	8.72955	
0.899963	8.73016	
0.892944	8.73047	
0.894165	8.72986	
0.89447	8.72955	
0.895996	8.72986	
0.900574	8.72955	
0.892944	8.72955	
0.895386	8.72955	
0.897217	8.72925	
0.896912	8.73016	
0.895691	8.73047	
0.897217	8.72955	
0.894165	8.72925	
0.895386	8.72986	
0.901489	8.72986	
0.896912	8.72925	
0.897217	8.72894	
0.89447	8.72986	
0.893555	8.72894	
0.901489	8.72986	
0.898132	8.72955	
0.898438	8.72955	
0.892639	8.72925	
0.900879	8.72894	
0.89386	8.72925	
0.897217	8.72864	
0.896912	8.72955	
0.893555	8.72986	
0.895081	8.72925	
0.898132	8.72925	
0.894165	8.72955	
0.896301	8.72894	
0.899048	8.72925	
0.899353	8.72925	
0.898743	8.72894	
0.898132	8.72864	
0.896912	8.72864	
0.895691	8.72925	
0.895996	8.72955	
0.899353	8.72925	
0.894775	8.72894	
0.893555	8.72894	
0.895386	8.72894	
0.896606	8.72803	
0.894775	8.72986	
0.898743	8.72894	
0.896606	8.72894	
0.896606	8.72864	
0.896301	8.72864	
0.89447	8.72864	
0.901794	8.72803	
0.902405	8.72772	
0.899658	8.72772	
0.899353	8.72803	
0.895386	8.72894	
0.896301	8.72894	
0.903931	8.72833	
0.899048	8.72894	
0.899353	8.72833	
0.895081	8.72833	
0.899658	8.72894	
0.89447	8.72803	
0.898743	8.72894	
0.898743	8.72894	
0.897522	8.72986	
0.895691	8.72864	
0.897827	8.72925	
0.900879	8.72925	
0.899048	8.72955	
0.90332	8.72833	
0.900269	8.72833	
0.900574	8.72864	
0.895081	8.72803	
0.903625	8.72803	
0.89447	8.72803	
0.898743	8.72833	
0.899963	8.72803	
0.895996	8.72803	
0.895386	8.72833	
0.904236	8.72864	
0.901184	8.72833	
0.899353	8.72803	
0.899048	8.72925	
0.896912	8.72864	
0.900269	8.72864	
0.896912	8.72864	
0.898743	8.72864	
0.897522	8.72833	
0.898743	8.72864	
0.896301	8.72803	
0.902405	8.72803	
0.896606	8.72803	
0.899353	8.72803	
0.900269	8.72894	
0.895691	8.72864	
0.898438	8.72803	
0.903931	8.72803	
0.900574	8.72925	
0.900574	8.72833	
0.896606	8.72772	
0.899658	8.72833	
0.903015	8.72681	
0.898438	8.72711	
0.900269	8.72772	
0.896301	8.72711	
0.900879	8.72711	
0.905457	8.72742	
0.901184	8.72803	
0.898743	8.72711	
0.898438	8.72803	
0.90332	8.72803	
0.90271	8.72681	
0.901184	8.72772	
0.898743	8.72742	
0.90271	8.72772	
0.898438	8.72742	
0.899658	8.72772	
0.902405	8.72772	
0.900574	8.72803	
0.901489	8.72711	
0.900574	8.72803	
0.900879	8.72742	
0.902405	8.72711	
0.900269	8.72742	
0.899353	8.72772	
0.897522	8.72711	
0.900574	8.72681	
0.9021	8.72742	
0.902405	8.72803	
0.899963	8.72772	
0.900879	8.72711	
0.901184	8.72772	
0.897217	8.72742	
0.903015	8.72803	
0.896301	8.72711	
0.899658	8.72711	
0.901489	8.72772	
0.90271	8.72742	
0.90332	8.72711	
0.899658	8.72711	
0.90332	8.72772	
0.897522	8.72711	
0.906677	8.72742	
0.900574	8.72742	
0.9021	8.72742	
0.899658	8.72711	
0.903931	8.72681	
0.901489	8.72711	
0.902405	8.72742	
0.899048	8.72711	
0.905151	8.72742	
0.9021	8.7265	
0.901794	8.72742	
0.898438	8.72681	
0.903931	8.7265	
0.903015	8.72711	
0.9021	8.72681	
0.901489	8.7265	
0.899048	8.72681	
0.902405	8.72681	
0.899963	8.7262	
0.90271	8.72742	
0.90271	8.7265	
0.900269	8.72681	
0.900574	8.72681	
0.9021	8.7265	
0.904541	8.72742	
0.898438	8.7265	
0.906067	8.72711	
0.90271	8.72742	
0.901184	8.72742	
0.898438	8.72742	
0.903931	8.72711	
0.900269	8.72711	
0.900269	8.72681	
0.900574	8.72681	
0.903625	8.72742	
0.898132	8.7265	
0.901794	8.72559	
0.899353	8.7262	
0.905762	8.7265	
0.898132	8.72681	
0.903015	8.72742	
0.901184	8.72681	
0.903931	8.72742	
0.90332	8.72681	
0.90332	8.7265	
0.901794	8.72589	
0.906372	8.7265	
0.898743	8.72711	
0.900574	8.72711	
0.902405	8.72711	
0.901184	8.72681	
0.90332	8.7265	
0.90271	8.72589	
0.899353	8.72589	
0.906982	8.7265	
0.901794	8.72559	
0.904846	8.72589	
0.904846	8.72498	
0.904541	8.72559	
0.901489	8.72559	
0.90271	8.72559	
0.899048	8.72589	
0.906982	8.72711	
0.898743	8.72559	
0.901184	8.72589	
0.900879	8.7265	
0.903625	8.7265	
0.901794	8.72498	
0.901489	8.72681	
0.899963	8.72559	
0.906677	8.7265	
0.899353	8.72528	
0.900269	8.72559	
0.903625	8.72589	
0.902405	8.7262	
0.900879	8.72559	
0.902405	8.72589	
0.904541	8.72559	
0.900879	8.7262	
0.908203	8.72589	
0.90332	8.72559	
0.9021	8.72528	
0.903931	8.72559	
0.900879	8.72559	
0.903015	8.72589	
0.905151	8.72559	
0.904541	8.72559	
0.900879	8.72559	
0.902405	8.72559	
0.904236	8.72559	
0.903015	8.72589	
0.904846	8.72498	
0.904846	8.72589	
0.900574	8.72498	
0.906067	8.72498	
0.909119	8.72559	
0.904846	8.72437	
0.904541	8.72559	
0.904846	8.72467	
0.90271	8.72589	
0.905151	8.7265	
0.904846	8.72589	
0.906067	8.7265	
0.899963	8.72559	
0.90271	8.72528	
0.905762	8.72498	
0.906982	8.72559	
0.904846	8.72559	
0.905457	8.72559	
0.901489	8.72375	
0.909729	8.72528	
0.899963	8.72437	
0.90271	8.72437	
0.903625	8.72528	
0.906982	8.72498	
0.901184	8.72467	
0.905151	8.72437	
0.900879	8.72467	
0.907898	8.72559	
0.910339	8.72528	
0.905457	8.72467	
0.906067	8.72467	
0.901184	8.72528	
0.908508	8.72467	
0.90332	8.72467	
0.907288	8.72559	
0.9021	8.72528	
0.908813	8.72528	
0.906372	8.72406	
0.904541	8.72437	
0.906067	8.72406	
0.90271	8.72406	
0.905457	8.72467	
0.906677	8.72406	
0.904541	8.72437	
0.908203	8.72528	
0.906677	8.72467	
0.905151	8.72406	
0.902405	8.72498	
0.905762	8.72589	
0.909424	8.72467	
0.905151	8.72498	
0.904541	8.72498	
0.904236	8.72559	
0.904541	8.72406	
0.904846	8.72437	
0.907288	8.72437	
0.906677	8.72406	
0.907288	8.72375	
0.907288	8.72437	
0.905457	8.72345	
0.905457	8.72375	
0.905457	8.72467	
0.903931	8.72375	
0.901184	8.72406	
0.904541	8.72406	
0.907593	8.72375	
0.905151	8.72437	
0.906677	8.72375	
0.906067	8.72406	
0.907288	8.72437	
0.906982	8.72467	
0.906372	8.72437	
0.908813	8.72406	
0.905457	8.72437	
0.904541	8.72375	
0.904541	8.72375	
0.907898	8.72345	
0.905457	8.72345	
0.905762	8.72375	
0.906982	8.72498	
0.90332	8.72437	
0.910645	8.72375	
0.902405	8.72406	
0.905151	8.72314	
0.908508	8.72375	
0.910645	8.72406	
0.909119	8.72314	
0.906677	8.72314	
0.908203	8.72375	
0.906372	8.72406	
0.908813	8.72345	
0.903015	8.72437	
0.906677	8.72375	
0.907593	8.72314	
0.909424	8.72406	
0.907593	8.72345	
0.912781	8.72375	
0.904846	8.72406	
0.909729	8.72406	
0.910339	8.72345	
0.908203	8.72437	
0.906372	8.72406	
0.908813	8.72375	
0.906982	8.72284	
0.906982	8.72406	
0.905151	8.72437	
0.910339	8.72437	
0.910645	8.72345	
0.905457	8.72406	
0.906982	8.72406	
0.912476	8.72406	
0.905762	8.72406	
0.905762	8.72437	
0.908508	8.72498	
0.904846	8.72406	
0.905762	8.72345	
0.903015	8.72406	
0.910034	8.72345	
0.904236	8.72314	
0.909119	8.72314	
0.905457	8.72314	
0.913391	8.72253	
0.908813	8.72314	
0.908203	8.72314	
0.909119	8.72284	
0.904541	8.72284	
0.907593	8.72345	
0.909424	8.72284	
0.903931	8.72314	
0.910034	8.72345	
0.906372	8.72345	
0.907898	8.72314	
0.908813	8.72467	
0.906067	8.72345	
0.907593	8.72406	
0.904541	8.72284	
0.912476	8.72406	
0.903931	8.72253	
0.906982	8.72284	
0.910034	8.72314	
0.906372	8.72284	
0.909424	8.72375	
0.909729	8.72314	
0.904541	8.72375	
0.912476	8.72314	
0.904541	8.72314	
0.907288	8.72314	
0.910339	8.72314	
0.907288	8.72314	
0.906677	8.72284	
0.909729	8.72314	
0.904846	8.72284	
0.908508	8.72345	
0.905457	8.72284	
0.909729	8.72314	
0.905457	8.72345	
0.913086	8.72314	
0.910034	8.72284	
0.909424	8.72314	
0.909119	8.72314	
0.905151	8.72284	
0.907288	8.72253	
0.905762	8.72253	
0.91217	8.72253	
0.907288	8.72253	
0.910645	8.72314	
0.905151	8.72253	
0.906067	8.72284	
0.907288	8.72284	
0.910645	8.72345	
0.908813	8.72284	
0.910645	8.72284	
0.908508	8.72345	
0.909729	8.72284	
0.904846	8.72253	
0.909119	8.72253	
0.905457	8.72223	
0.912781	8.72223	
0.905762	8.72162	
0.908203	8.72192	
0.910645	8.72284	
0.910034	8.72284	
0.91095	8.72253	
0.907898	8.72223	
0.91156	8.72284	
0.906677	8.72223	
0.909424	8.72223	
0.906067	8.72284	
0.914307	8.72314	
0.909729	8.72223	
0.911865	8.72253	
0.906982	8.72314	
0.914307	8.72253	
0.908508	8.72192	
0.909119	8.72253	
0.909424	8.72284	
0.909424	8.72284	
0.911865	8.72284	
0.907288	8.72284	
0.914917	8.72162	
0.906982	8.72131	
0.910339	8.72253	
0.908508	8.72253	
0.915222	8.72223	
0.908813	8.72223	
0.910339	8.72223	
0.910645	8.72162	
0.91156	8.72192	
0.910034	8.72314	
0.910645	8.72284	
0.910645	8.72162	
0.91095	8.72253	
0.91095	8.72284	
0.909424	8.72223	
0.911255	8.72284	
0.910339	8.72223	
0.906677	8.72223	
0.910034	8.72162	
0.908203	8.72101	
0.913696	8.72162	
0.908813	8.72101	
0.912781	8.72192	
0.907593	8.72131	
0.910339	8.72131	
0.909729	8.72253	
0.911255	8.72131	
0.910034	8.72253	
0.910339	8.72162	
0.91095	8.72192	
0.908203	8.72223	
0.915222	8.72101	
0.910034	8.72223	
0.91095	8.72131	
0.914612	8.72192	
0.908203	8.72223	
0.91217	8.72131	
0.910645	8.72192	
0.915833	8.72192	
0.91095	8.72101	
0.910034	8.72131	
0.910645	8.72162	
0.91156	8.72131	
0.91217	8.72162	
0.908508	8.72192	
0.914307	8.72162	
0.907593	8.72162	
0.911255	8.72253	
0.913696	8.72223	
0.912476	8.72131	
0.913391	8.72223	
0.91217	8.7207	
0.910339	8.72162	
0.915222	8.72192	
0.907288	8.72101	
0.910339	8.72162	
0.914001	8.72101	
0.910645	8.72131	
0.912476	8.72101	
0.913086	8.72131	
0.908203	8.72101	
0.915833	8.72131	
0.910339	8.72101	
0.914612	8.72131	
0.908508	8.7207	
0.916443	8.72162	
0.910645	8.72192	
0.914307	8.72101	
0.912476	8.72131	
0.91217	8.72162	
0.913086	8.72131	
0.911865	8.72162	
0.908813	8.72009	
0.911865	8.72101	
0.908813	8.72162	
0.916138	8.72101	
0.910034	8.7207	
0.915222	8.72162	
0.910034	8.72162	
0.917664	8.72162	
0.91095	8.72101	
0.913086	8.72131	
0.913391	8.72192	
0.91217	8.72192	
0.914001	8.72223	
0.909119	8.72131	
0.917053	8.72131	
0.909729	8.72101	
0.914917	8.72101	
0.910645	8.72101	
0.917664	8.7207	
0.913086	8.7204	
0.914001	8.7207	
0.911865	8.72101	
0.914307	8.72131	
0.914307	8.72131	
0.909119	8.7207	
0.917053	8.72101	
0.916443	8.7204	
0.911865	8.72101	
0.91217	8.72101	
0.914307	8.7207	
0.910339	8.71948	
0.914001	8.72131	
0.909119	8.72162	
0.913696	8.7207	
0.91095	8.7207	
0.915833	8.7207	
0.914612	8.72101	
0.909119	8.71979	
0.914307	8.72009	
0.910034	8.72009	
0.915527	8.7207	
0.913086	8.72009	
0.914307	8.72101	
0.91217	8.7207	
0.911865	8.7207	
0.914307	8.7207	
0.913086	8.7207	
0.909119	8.7204	
0.913391	8.72009	
0.915222	8.7207	
0.911255	8.71979	
0.913391	8.7207	
0.91156	8.72101	
0.915222	8.7207	
0.914001	8.72101	
0.909729	8.7207	
0.911865	8.71979	
0.909729	8.71979	
0.917358	8.72009	
0.913696	8.71918	
0.912476	8.71979	
0.911865	8.7207	
0.914001	8.72009	
0.912476	8.71979	
0.91217	8.72009	
0.913086	8.7204	
0.915527	8.7207	
0.910339	8.71948	
0.915527	8.7204	
0.91217	8.7207	
0.918274	8.7207	
0.915527	8.71979	
0.914001	8.71979	
0.914307	8.7207	
0.91095	8.72009	
0.912476	8.7204	
0.916748	8.71948	
0.910339	8.72009	
0.918884	8.7207	
0.914612	8.7207	
0.913696	8.71979	
0.915527	8.71979	
0.914612	8.71948	
0.91156	8.71948	
0.915833	8.7207	
0.913696	8.71979	
0.918579	8.7207	
0.915222	8.72009	
0.913391	8.72009	
0.915833	8.7207	
0.910339	8.71979	
0.911865	8.72009	
0.912781	8.7207	
0.913391	8.71979	
0.914001	8.72009	
0.91217	8.72009	
0.912476	8.71979	
0.918274	8.71887	
0.916138	8.71979	
0.914612	8.71979	
0.916443	8.71887	
0.913086	8.71887	
0.915222	8.71887	
0.91217	8.71979	
0.911255	8.71887	
0.914917	8.72009	
0.916443	8.71979	
0.913086	8.71887	
0.910034	8.71918	
0.914612	8.71979	
0.914001	8.71979	
0.9198	8.71948	
0.913391	8.71887	
0.916138	8.71948	
0.914001	8.72009	
0.916748	8.71948	
0.915222	8.7207	
0.916748	8.71948	
0.913696	8.71948	
0.914917	8.71948	
0.912781	8.71918	
0.918884	8.71887	
0.914307	8.71857	
0.917358	8.71948	
0.913391	8.71857	
0.912781	8.71826	
0.915527	8.71918	
0.914612	8.71918	
0.919495	8.71857	
0.916443	8.71948	
0.915527	8.71918	
0.916443	8.71918	
0.91217	8.71948	
0.915222	8.71948	
0.91217	8.71887	
0.912781	8.71948	
0.914612	8.71948	
0.913086	8.71857	
0.920105	8.71887	
0.911865	8.71918	
0.915222	8.71857	
0.917053	8.71918	
0.915833	8.71918	
0.915833	8.71918	
0.916748	8.71887	
0.914001	8.71857	
0.917969	8.71887	
0.91217	8.71857	
0.917053	8.71857	
0.912476	8.71857	
0.912781	8.71826	
0.916443	8.71826	
0.914001	8.71887	
0.91156	8.71826	
0.917053	8.71918	
0.917053	8.71857	
0.914001	8.71887	
0.917053	8.71826	
0.918884	8.71887	
0.913696	8.71857	
0.917664	8.71796	
0.918579	8.71826	
0.913086	8.71796	
0.914612	8.71826	
0.919495	8.71826	
0.913391	8.71887	
0.917969	8.71826	
0.921326	8.71826	
0.915833	8.71857	
0.915527	8.71857	
0.918884	8.71826	
0.915222	8.71857	
0.914307	8.71826	
0.916748	8.71826	
0.914001	8.71796	
0.918579	8.71857	
0.914001	8.71857	
0.913086	8.71857	
0.918884	8.71796	
0.913391	8.71765	
0.915222	8.71704	
0.919189	8.71857	
0.913391	8.71796	
0.914612	8.71796	
0.919189	8.71796	
0.914612	8.71826	
0.912781	8.71796	
0.9198	8.71796	
0.914612	8.71826	
0.917053	8.71826	
0.918884	8.71796	
0.921631	8.71796	
0.916138	8.71826	
0.913696	8.71857	
0.916748	8.71826	
0.917053	8.71735	
0.918884	8.71826	
0.918579	8.71887	
0.915833	8.71826	
0.919189	8.71796	
0.919189	8.71796	
0.913696	8.71826	
0.919495	8.71887	
0.919495	8.71704	
0.915222	8.71826	
0.916748	8.71735	
0.921326	8.71765	
0.916138	8.71796	
0.915833	8.71735	
0.915527	8.71796	
0.916748	8.71643	
0.914307	8.71674	
0.914307	8.71613	
0.916748	8.71735	
0.914612	8.71674	
0.917053	8.71796	
0.916748	8.71765	
0.914917	8.71765	
0.922546	8.71796	
0.914612	8.71704	
0.916443	8.71826	
0.9198	8.71796	
0.923462	8.71796	
0.915527	8.71765	
0.92041	8.71796	
0.923767	8.71735	
0.917053	8.71735	
0.919495	8.71796	
0.918884	8.71765	
0.919189	8.71704	
0.917664	8.71765	
0.919189	8.71826	
0.919189	8.71765	
0.917358	8.71765	
0.917358	8.71735	
0.920105	8.71674	
0.916443	8.71796	
0.919495	8.71735	
0.920715	8.71765	
0.918579	8.71643	
0.922546	8.71704	
0.916443	8.71613	
0.919189	8.71613	
0.921021	8.71674	
0.916748	8.71643	
0.917053	8.71582	
0.9198	8.71674	
0.919495	8.71613	
0.917969	8.71735	
0.920105	8.71765	
0.917969	8.71674	
0.917053	8.71643	
0.918884	8.71735	
0.917664	8.71643	
0.919189	8.71643	
0.92041	8.71765	
0.918274	8.71674	
0.917053	8.71735	
0.917664	8.71674	
0.922852	8.71704	
0.916138	8.71704	
0.918274	8.71704	
0.923157	8.71704	
0.916138	8.71735	
0.920105	8.71704	
0.918579	8.71735	
0.922546	8.71857	
0.917969	8.71674	
0.915527	8.71674	
0.916748	8.71735	
0.92041	8.71765	
0.917053	8.71735	
0.922241	8.71704	
0.917358	8.71643	
0.921021	8.71613	
0.923462	8.71674	
0.917053	8.71735	
0.921326	8.71582	
0.923462	8.71643	
0.920105	8.71613	
0.917664	8.71613	
0.920105	8.71674	
0.92041	8.71674	
0.918579	8.71674	
0.92041	8.71643	
0.920105	8.71674	
0.920105	8.71613	
0.915833	8.71704	
0.924377	8.71674	
0.915222	8.71613	
0.921631	8.71735	
0.918274	8.71704	
0.917358	8.71704	
0.921326	8.71674	
0.921631	8.71704	
0.914917	8.71704	
0.921326	8.71704	
0.917053	8.71643	
0.921021	8.71613	
0.92041	8.71613	
0.922241	8.71613	
0.9198	8.71643	
0.921631	8.71643	
0.9198	8.71674	
0.921021	8.71643	
0.915833	8.71582	
0.918884	8.71643	
0.915833	8.71674	
0.924683	8.71674	
0.915527	8.71613	
0.920105	8.71674	
0.920105	8.71674	
0.924988	8.71674	
0.918274	8.71704	
0.921326	8.71704	
0.925903	8.71704	
0.918884	8.71613	
0.920715	8.71582	
0.92041	8.71582	
0.9198	8.71674	
0.919495	8.71552	
0.921021	8.71582	
0.915833	8.71613	
0.919495	8.71613	
0.915527	8.71613	
0.918274	8.71582	
0.920105	8.71613	
0.915833	8.71613	
0.920105	8.71552	
0.918274	8.71582	
0.918579	8.71521	
0.922852	8.71552	
0.916138	8.71521	
0.922241	8.71552	
0.921021	8.71552	
0.925293	8.71521	
0.918579	8.71552	
0.919495	8.71552	
0.925293	8.71613	
0.922241	8.71552	
0.918579	8.71582	
0.921326	8.71643	
0.9198	8.71674	
0.921631	8.71552	
0.917969	8.71582	
0.918274	8.71582	
0.920105	8.71552	
0.921936	8.71643	
0.925293	8.71613	
0.918884	8.71582	
0.922546	8.71613	
0.921936	8.71613	
0.921631	8.71613	
0.92041	8.71552	
0.9198	8.71582	
0.923157	8.71613	
0.919189	8.71582	
0.921326	8.71582	
0.921326	8.71643	
0.920715	8.71613	
0.922546	8.71613	
0.922852	8.71582	
0.917358	8.71582	
0.921326	8.71643	
0.923157	8.71613	
0.918579	8.71521	
0.921631	8.7146	
0.9198	8.7149	
0.919495	8.71521	
0.922546	8.7146	
0.923462	8.71552	
0.921021	8.71552	
0.920715	8.7149	
0.923157	8.71521	
0.918274	8.71613	
0.920105	8.7146	
0.917053	8.71521	
0.917969	8.71521	
0.921631	8.7149	
0.917053	8.71521	
0.918274	8.7149	
0.920715	8.7149	
0.921631	8.7146	
0.923157	8.7146	
0.919495	8.7149	
0.924072	8.71552	
0.9198	8.71552	
0.918884	8.71552	
0.921631	8.71582	
0.926514	8.71582	
0.921631	8.71613	
0.922241	8.7146	
0.927124	8.7146	
0.920715	8.7149	
0.921326	8.71521	
0.926208	8.71521	
0.918579	8.7149	
0.924072	8.7149	
0.924683	8.71521	
0.921326	8.7149	
0.922852	8.7149	
0.921936	8.71521	
0.918884	8.71521	
0.924683	8.71429	
0.920715	8.71552	
0.918579	8.71429	
0.924683	8.71613	
0.924988	8.71521	
0.9198	8.7146	
0.921326	8.71521	
0.92041	8.71521	
0.918274	8.7149	
0.922241	8.71429	
0.918884	8.7146	
0.925903	8.7146	
0.920105	8.71368	
0.924377	8.71521	
0.922241	8.71521	
0.922546	8.71429	
0.923767	8.71552	
0.924683	8.7149	
0.922241	8.71521	
0.923157	8.71429	
0.921631	8.71552	
0.922852	8.7146	
0.923157	8.7146	
0.927734	8.71521	
0.922241	8.71429	
0.924377	8.71399	
0.925293	8.71429	
0.923462	8.7149	
0.921631	8.7146	
0.922546	8.7149	
0.922546	8.7146	
0.923767	8.71368	
0.92804	8.71368	
0.92041	8.71429	
0.92041	8.71429	
0.927734	8.71582	
0.921631	8.7149	
0.923462	8.7149	
0.920715	8.71521	
0.924072	8.7149	
0.92041	8.7146	
0.919495	8.7149	
0.920715	8.7146	
0.921326	8.7146	
0.923157	8.7146	
0.922852	8.7146	
0.926208	8.7146	
0.921326	8.71521	
0.92041	8.7146	
0.925903	8.7149	
0.921936	8.7146	
0.919495	8.7146	
0.928345	8.71521	
0.924072	8.7149	
0.920715	8.71429	
0.926514	8.7146	
0.922546	8.71399	
0.925293	8.7146	
0.924988	8.7149	
0.9198	8.7146	
0.925903	8.7149	
0.922546	8.7146	
0.924988	8.7146	
0.921936	8.7146	
0.921326	8.71429	
0.925293	8.7146	
0.921631	8.71368	
0.921936	8.71429	
0.921936	8.71399	
0.924988	8.7146	
0.924683	8.71429	
0.921326	8.71429	
0.924683	8.7146	
0.927429	8.71429	
0.9198	8.71399	
0.925598	8.71307	
0.921021	8.71399	
0.9198	8.71399	
0.924988	8.71368	
0.924377	8.71429	
0.921021	8.71399	
0.923767	8.7149	
0.921631	8.71429	
0.920715	8.71399	
0.925903	8.71429	
0.925293	8.7146	
0.923462	8.71429	
0.922546	8.71429	
0.925598	8.71399	
0.924072	8.71368	
0.921021	8.71399	
0.921326	8.71368	
0.924377	8.71368	
0.924072	8.7146	
0.924988	8.71307	
0.924683	8.71399	
0.92865	8.71399	
0.922852	8.71368	
0.924377	8.71338	
0.925293	8.71399	
0.925598	8.71368	
0.925293	8.71368	
0.924377	8.71399	
0.924072	8.71399	
0.92865	8.71399	
0.923462	8.71338	
0.921021	8.71338	
0.927124	8.71429	
0.924377	8.71399	
0.924683	8.71368	
0.92926	8.71307	
0.921631	8.71307	
0.925903	8.71246	
0.923767	8.71307	
0.922241	8.71338	
0.926819	8.71368	
0.929565	8.71307	
0.922241	8.71368	
0.927429	8.71368	
0.925903	8.71399	
0.921021	8.71307	
0.925903	8.71399	
0.921936	8.71338	
0.923462	8.71277	
0.927429	8.71338	
0.922241	8.71368	
0.921021	8.71277	
0.927124	8.71307	
0.92926	8.71307	
0.924377	8.71338	
0.921021	8.71338	
0.922852	8.71338	
0.926514	8.71368	
0.923157	8.71307	
0.922546	8.71307	
0.927429	8.71216	
0.924988	8.71277	
0.922546	8.71277	
0.926208	8.71307	
0.922852	8.71338	
0.924377	8.71277	
0.925598	8.71277	
0.925598	8.71307	
0.922546	8.71246	
0.926208	8.71277	
0.926514	8.71277	
0.922546	8.71307	
0.925903	8.71338	
0.927124	8.71307	
0.927124	8.71399	
0.925903	8.71368	
0.927124	8.71399	
0.925903	8.71368	
0.926819	8.71307	
0.930786	8.71399	
0.923767	8.71368	
0.926514	8.71307	
0.930786	8.71338	
0.924377	8.71277	
0.926819	8.71307	
0.92926	8.71429	
0.923767	8.71307	
0.923462	8.71246	
0.926208	8.71338	
0.924988	8.71338	
0.925903	8.71307	
0.92865	8.71307	
0.924683	8.71246	
0.923767	8.71277	
0.924072	8.71246	
0.924072	8.71338	
0.923157	8.71368	
0.931396	8.71307	
0.924683	8.71307	
0.924072	8.71277	
0.929871	8.71307	
0.924377	8.71246	
0.927734	8.71338	
0.926819	8.71307	
0.927429	8.71368	
0.923767	8.71368	
0.924683	8.71277	
0.927124	8.71277	
0.923767	8.71277	
0.929565	8.71307	
0.924988	8.71368	
0.923462	8.71307	
0.926819	8.71246	
0.924988	8.71216	
0.926514	8.71216	
0.929565	8.71185	
0.925903	8.71246	
0.924072	8.71216	
0.92865	8.71246	
0.925293	8.71124	
0.92926	8.71185	
0.927734	8.71216	
0.927734	8.71246	
0.926819	8.71185	
0.929871	8.71246	
0.927124	8.71307	
0.92804	8.71216	
0.926819	8.71155	
0.925293	8.71155	
0.92865	8.71216	
0.927734	8.71399	
0.925903	8.71216	
0.928345	8.71216	
0.929871	8.71277	
0.92804	8.71246	
0.926514	8.71216	
0.927124	8.71246	
0.92865	8.71307	
0.925903	8.71307	
0.927429	8.71216	
0.92865	8.71216	
0.925903	8.71155	
0.928955	8.71155	
0.92865	8.71124	
0.92865	8.71216	
0.929871	8.71185	
0.927124	8.71124	
0.92804	8.71155	
0.929565	8.71216	
0.924988	8.71124	
0.928345	8.71155	
0.925903	8.71124	
0.925598	8.71155	
0.926819	8.71094	
0.923157	8.71185	
0.932312	8.71185	
0.925903	8.71185	
0.92926	8.71246	
0.932617	8.71155	
0.923767	8.71155	
0.92926	8.71185	
0.925903	8.71277	
0.924377	8.71185	
0.926819	8.71185	
0.924377	8.71155	
0.930786	8.71277	
0.926514	8.71246	
0.924377	8.71155	
0.924377	8.71124	
0.928955	8.71216	
0.930481	8.71155	
0.928345	8.71094	
0.930176	8.71124	
0.928955	8.71216	
0.924072	8.71094	
0.930176	8.71216	
0.926208	8.71185	
0.925293	8.71094	
0.930176	8.71216	
0.926514	8.71216	
0.92804	8.71063	
0.926208	8.71155	
0.925903	8.71185	
0.931091	8.71185	
0.926514	8.71124	
0.930481	8.71155	
0.932617	8.71185	
0.926208	8.71216	
0.928345	8.71185	
0.934143	8.71155	
0.927124	8.71155	
0.931091	8.71155	
0.927429	8.71216	
0.929565	8.71185	
0.92926	8.71185	
0.928955	8.71155	
0.92865	8.71124	
0.930786	8.71094	
0.925293	8.71124	
0.930176	8.71155	
0.933228	8.71155	
0.927124	8.71124	
0.925293	8.71033	
0.927124	8.71002	
0.928345	8.71185	
0.924683	8.71155	
0.928345	8.71094	
0.930176	8.71155	
0.931396	8.71155	
0.929565	8.71216	
0.92865	8.71185	
0.930481	8.71185	
0.929565	8.71185	
0.929871	8.71155	
0.933838	8.71155	
0.926819	8.71216	
0.929871	8.71155	
0.927124	8.71094	
0.930176	8.71063	
0.932922	8.71094	
0.924988	8.71094	
0.92804	8.71124	
0.934143	8.71155	
0.92926	8.71094	
0.925598	8.71094	
0.926819	8.71063	
0.928345	8.71124	
0.925598	8.71063	
0.931091	8.71124	
0.927429	8.71094	
0.926208	8.71124	
0.92804	8.71124	
0.928345	8.71124	
0.926208	8.71094	
0.925903	8.71094	
0.929871	8.71155	
0.92926	8.71094	
0.927734	8.71094	
0.928345	8.71124	
0.931702	8.71124	
0.927734	8.71124	
0.929871	8.71155	
0.931091	8.71155	
0.929871	8.71063	
0.928955	8.71002	
0.926208	8.70941	
0.930786	8.71063	
0.930786	8.71002	
0.929565	8.71033	
0.926514	8.71002	
0.925903	8.71063	
0.931702	8.71063	
0.931702	8.70972	
0.930786	8.71063	
0.931091	8.71033	
0.934448	8.71033	
0.927734	8.71063	
0.926819	8.71002	
0.926208	8.70972	
0.931396	8.71063	
0.932617	8.71124	
0.929871	8.71063	
0.929871	8.71094	
0.92804	8.71124	
0.929565	8.71094	
0.930786	8.71094	
0.930786	8.71063	
0.92804	8.71094	
0.932922	8.71063	
0.928345	8.71002	
0.927429	8.71063	
0.926208	8.71063	
0.931702	8.71124	
0.92926	8.71002	
0.92865	8.71002	
0.931702	8.71063	
0.934753	8.71002	
0.930481	8.71063	
0.928955	8.71002	
0.92804	8.70941	
0.930481	8.71124	
0.931091	8.71033	
0.930786	8.71033	
0.930481	8.71033	
0.929871	8.71033	
0.932312	8.70972	
0.929871	8.70972	
0.929565	8.70972	
0.932617	8.70972	
0.929871	8.71002	
0.935059	8.71033	
0.92926	8.71033	
0.934143	8.71124	
0.926514	8.70972	
0.932007	8.71033	
0.931396	8.71033	
0.930176	8.71002	
0.928955	8.71002	
0.934143	8.71094	
0.931091	8.71033	
0.92804	8.71002	
0.92926	8.71033	
0.929871	8.7088	
0.931396	8.71033	
0.932312	8.71002	
0.932617	8.70972	
0.937805	8.70972	
0.930786	8.70941	
0.931702	8.70972	
0.931396	8.71002	
0.933533	8.70911	
0.934753	8.71002	
0.930176	8.70941	
0.928345	8.71033	
0.927124	8.70911	
0.932617	8.71002	
0.933838	8.71002	
0.933228	8.71002	
0.934448	8.70972	
0.930176	8.70911	
0.933228	8.71002	
0.931091	8.71033	
0.928955	8.71033	
0.933533	8.71033	
0.934448	8.70941	
0.932312	8.70911	
0.930481	8.70911	
0.92926	8.7088	
0.932617	8.70941	
0.931702	8.71002	
0.931396	8.70941	
0.930176	8.70941	
0.930786	8.71002	
0.931091	8.70911	
0.933533	8.70941	
0.937195	8.70941	
0.930176	8.70972	
0.92865	8.70972	
0.928955	8.70911	
0.928345	8.70941	
0.930481	8.70911	
0.932312	8.71002	
0.930786	8.71033	
0.931396	8.70972	
0.930786	8.70911	
0.934448	8.70972	
0.930176	8.70911	
0.92926	8.70941	
0.928955	8.71002	
0.933838	8.70941	
0.934143	8.70941	
0.931702	8.70972	
0.930481	8.70911	
0.92926	8.70911	
0.930786	8.70972	
0.934143	8.70972	
0.931091	8.70941	
0.931396	8.70911	
0.92865	8.7088	
0.934143	8.70911	
0.934448	8.7088	
0.932922	8.70911	
0.928955	8.70911	
0.92926	8.70911	
0.934143	8.70941	
0.931091	8.7088	
0.932922	8.7088	
0.934448	8.70972	
0.937805	8.70941	
0.931396	8.7088	
0.930786	8.70941	
0.929565	8.70911	
0.932007	8.7088	
0.930481	8.70972	
0.928955	8.70911	
0.933533	8.70911	
0.932617	8.70911	
0.932312	8.70911	
0.928955	8.70911	
0.931091	8.70941	
0.932922	8.70972	
0.930786	8.70972	
0.930481	8.70941	
0.933228	8.70972	
0.92926	8.70911	
0.928955	8.70911	
0.934143	8.70911	
0.932922	8.70911	
0.92926	8.70911	
0.934143	8.70972	
0.931702	8.70911	
0.934448	8.70941	
0.934448	8.70911	
0.935364	8.7088	
0.931396	8.70911	
0.933533	8.7085	
0.937805	8.70911	
0.931091	8.70941	
0.933533	8.70819	
0.930481	8.70911	
0.934753	8.7088	
0.931396	8.70911	
0.932922	8.70941	
0.932312	8.7088	
0.935974	8.70911	
0.932617	8.70911	
0.932922	8.70941	
0.930176	8.7088	
0.934143	8.7088	
0.933533	8.7088	
0.933838	8.7088	
0.933533	8.70819	
0.931702	8.7088	
0.930786	8.7085	
0.931396	8.70819	
0.92865	8.7085	
0.933838	8.7088	
0.932922	8.7088	
0.931702	8.7085	
0.933228	8.7088	
0.931396	8.7088	
0.934753	8.7085	
0.933838	8.70911	
0.934143	8.70819	
0.932617	8.7088	
0.932617	8.7088	
0.933228	8.70819	
0.934753	8.70911	
0.938721	8.70911	
0.932007	8.70941	
0.935364	8.70941	
0.937805	8.70911	
0.932617	8.70911	
0.933533	8.71002	
0.931091	8.70911	
0.935059	8.70941	
0.937805	8.70911	
0.933228	8.7088	
0.930786	8.70972	
0.930176	8.70941	
0.935059	8.70911	
0.936584	8.7088	
0.934143	8.70819	
0.933838	8.7085	
0.937195	8.70789	
0.931396	8.70819	
0.931702	8.7085	
0.929871	8.70819	
0.932617	8.70789	
0.930481	8.70728	
0.934753	8.70911	
0.933838	8.7085	
0.935364	8.7085	
0.933533	8.70819	
0.93811	8.70819	
0.931396	8.7085	
0.933228	8.70789	
0.933838	8.7085	
0.935364	8.7085	
0.933533	8.7088	
0.930481	8.70758	
0.932007	8.70941	
0.931702	8.7085	
0.928955	8.7085	
0.934143	8.70789	
0.934143	8.70789	
0.930786	8.70728	
0.935059	8.70697	
0.934448	8.70758	
0.931091	8.70697	
0.933838	8.70697	
0.9375	8.70819	
0.933838	8.7085	
0.932617	8.70789	
0.931702	8.7088	
0.936584	8.7085	
0.935974	8.70789	
0.930786	8.70789	
0.935059	8.70758	
0.934753	8.70697	
0.933228	8.7085	
0.935364	8.70697	
0.933533	8.70819	
0.935364	8.70789	
0.936584	8.70789	
0.939941	8.70789	
0.933533	8.7088	
0.936279	8.70789	
0.932312	8.70758	
0.936584	8.70819	
0.938416	8.70819	
0.934448	8.70758	
0.931091	8.70789	
0.930786	8.70789	
0.933228	8.70728	
0.934143	8.70789	
0.934753	8.70819	
0.935364	8.70758	
0.936279	8.7085	
0.932922	8.70758	
0.932007	8.70789	
0.934448	8.70728	
0.93689	8.70819	
0.939026	8.70789	
0.935364	8.70789	
0.932617	8.70758	
0.933838	8.70789	
0.936584	8.70789	
0.932922	8.70758	
0.936279	8.70758	
0.937195	8.70789	
0.940247	8.70758	
0.934143	8.70758	
0.932007	8.70789	
0.930786	8.70728	
0.93811	8.70697	
0.939331	8.70819	
0.935974	8.70728	
0.932312	8.70758	
0.932312	8.70789	
0.935059	8.70789	
0.935669	8.70819	
0.936584	8.70728	
0.93689	8.70758	
0.938721	8.70789	
0.936279	8.70728	
0.9375	8.70697	
0.931396	8.70758	
0.937195	8.70758	
0.937195	8.70728	
0.935364	8.70728	
0.934753	8.70758	
0.934143	8.70758	
0.934448	8.70728	
0.940247	8.7085	
0.935669	8.70728	
0.932922	8.70789	
0.932007	8.70697	
0.935974	8.70789	
0.933533	8.70819	
0.93689	8.70789	
0.937195	8.70758	
0.937195	8.70758	
0.936584	8.70728	
0.939941	8.70728	
0.935669	8.70758	
0.932922	8.70819	
0.932617	8.70667	
0.937195	8.70697	
0.939026	8.70819	
0.933228	8.70758	
0.9375	8.70789	
0.937805	8.70789	
0.932312	8.70728	
0.935974	8.70728	
0.936279	8.70789	
0.936584	8.70697	
0.937805	8.70758	
0.935669	8.70789	
0.934753	8.70697	
0.939026	8.70697	
0.934753	8.70667	
0.932922	8.70636	
0.932922	8.70667	
0.93811	8.70636	
0.93811	8.70697	
0.935974	8.70636	
0.936584	8.70697	
0.933533	8.70667	
0.93811	8.70758	
0.935364	8.70697	
0.937805	8.70728	
0.935669	8.70697	
0.935059	8.70667	
0.93689	8.70789	
0.935059	8.70697	
0.93689	8.70789	
0.935974	8.70728	
0.935974	8.70697	
0.937805	8.70789	
0.93811	8.70758	
0.934448	8.70728	
0.937195	8.70667	
0.93689	8.70697	
0.935669	8.70697	
0.938721	8.70636	
0.941772	8.70667	
0.935974	8.70667	
0.934753	8.70636	
0.934143	8.70667	
0.933533	8.70697	
0.935669	8.70667	
0.93689	8.70728	
0.938416	8.70667	
0.93689	8.70636	
0.935669	8.70667	
0.935974	8.70636	
0.93689	8.70728	
0.938721	8.70667	
0.940247	8.70758	
0.938416	8.70728	
0.940857	8.70697	
0.935364	8.70697	
0.933533	8.70667	
0.935364	8.70697	
0.938721	8.70697	
0.936584	8.70667	
0.938416	8.70667	
0.935669	8.70667	
0.937805	8.70728	
0.935669	8.70636	
0.934143	8.70728	
0.940857	8.70667	
0.935669	8.70667	
0.934448	8.70667	
0.933533	8.70605	
0.939026	8.70636	
0.941467	8.70728	
0.936584	8.70697	
0.934753	8.70667	
0.935059	8.70636	
0.9375	8.70667	
0.936584	8.70667	
0.937805	8.70636	
0.936279	8.70667	
0.937195	8.70667	
0.939026	8.70636	
0.93689	8.70605	
0.942993	8.70667	
0.935974	8.70728	
0.937195	8.70667	
0.932617	8.70605	
0.936584	8.70667	
0.940857	8.70575	
0.936584	8.70667	
0.934448	8.70605	
0.934753	8.70605	
0.939331	8.70636	
0.938416	8.70667	
0.93689	8.70667	
0.935669	8.70667	
0.936279	8.70697	
0.938416	8.70697	
0.93689	8.70636	
0.937195	8.70636	
0.93811	8.70636	
0.939026	8.70667	
0.93689	8.70605	
0.939636	8.70636	
0.942383	8.70605	
0.937805	8.70667	
0.934448	8.70605	
0.934143	8.70605	
0.939026	8.70544	
0.939636	8.70575	
0.938721	8.70605	
0.9375	8.70605	
0.9375	8.70667	
0.936584	8.70514	
0.935364	8.70544	
0.934448	8.70575	
0.939636	8.70605	
0.939636	8.70636	
0.933838	8.70575	
0.940247	8.70514	
0.942078	8.70667	
0.9375	8.70544	
0.935974	8.70605	
0.93689	8.70483	
0.940247	8.70514	
0.93689	8.70514	
0.939026	8.70575	
0.939026	8.70514	
0.942078	8.70575	
0.936279	8.70514	
0.935364	8.70544	
0.933838	8.70483	
0.939941	8.70514	
0.938416	8.70483	
0.93811	8.70514	
0.934753	8.70544	
0.934448	8.70544	
0.939941	8.70636	
0.938416	8.70544	
0.939331	8.70483	
0.93811	8.70483	
0.942993	8.70544	
0.938416	8.70575	
0.939026	8.70483	
0.938721	8.70483	
0.936584	8.70636	
0.9375	8.70605	
0.939331	8.70575	
0.939026	8.70697	
0.940247	8.70636	
0.9375	8.70575	
0.941467	8.70575	
0.93811	8.70544	
0.939636	8.70605	
0.935364	8.70483	
0.940247	8.70636	
0.942078	8.70636	
0.938721	8.70636	
0.938416	8.70544	
0.938416	8.70575	
0.939941	8.70483	
0.940552	8.70636	
0.940247	8.70544	
0.939636	8.70636	
0.943604	8.70636	
0.939331	8.70636	
0.936279	8.70483	
0.934753	8.70483	
0.940552	8.70453	
0.943298	8.70514	
0.938416	8.70514	
0.935669	8.70483	
0.939331	8.70514	
0.939026	8.70544	
0.939331	8.70453	
0.939941	8.70483	
0.939026	8.70514	
0.940857	8.70453	
0.940857	8.70483	
0.941162	8.70483	
0.938416	8.70514	
0.93811	8.70514	
0.936279	8.70453	
0.940247	8.70453	
0.940247	8.70483	
0.939636	8.70514	
0.940552	8.70544	
0.944824	8.70514	
0.938721	8.70514	
0.935669	8.70392	
0.9375	8.70483	
0.939636	8.70514	
0.944214	8.70514	
0.939026	8.70575	
0.9375	8.70605	
0.939026	8.70575	
0.939026	8.70514	
0.938416	8.70575	
0.938721	8.70544	
0.937195	8.70483	
0.936279	8.70453	
0.939331	8.70514	
0.943909	8.70605	
0.938416	8.70605	
0.941162	8.70514	
0.940857	8.70514	
0.940857	8.70453	
0.945435	8.70483	
0.941467	8.70453	
0.939026	8.70453	
0.941467	8.70514	
0.940857	8.70575	
0.940552	8.70514	
0.939026	8.70514	
0.945435	8.70544	
0.939026	8.70514	
0.937805	8.70514	
0.938416	8.70453	
0.940247	8.70575	
0.942688	8.70514	
0.940552	8.70483	
0.942078	8.70483	
0.940552	8.70453	
0.939331	8.70514	
0.938721	8.70514	
0.940552	8.70483	
0.942078	8.70514	
0.939331	8.70483	
0.942078	8.70453	
0.942993	8.70514	
0.940552	8.70483	
0.942383	8.70453	
0.940552	8.70483	
0.939026	8.70453	
0.944214	8.70453	
0.938721	8.70453	
0.936584	8.70422	
0.935974	8.70422	
0.941772	8.70514	
0.938416	8.70361	
0.939941	8.70453	
0.936279	8.70392	
0.939026	8.70453	
0.940552	8.70453	
0.942383	8.70392	
0.940247	8.70453	
0.9375	8.70453	
0.937805	8.70483	
0.942383	8.70392	
0.941162	8.70453	
0.941772	8.70453	
0.940247	8.70514	
0.941772	8.70453	
0.942383	8.70483	
0.942688	8.70514	
0.938721	8.70544	
0.93811	8.70514	
0.93689	8.70422	
0.937805	8.70483	
0.938721	8.70422	
0.942383	8.70483	
0.941772	8.70453	
0.942688	8.70422	
0.940857	8.70453	
0.94574	8.70422	
0.939636	8.70422	
0.936584	8.70422	
0.940247	8.70392	
0.938416	8.70392	
0.940552	8.70483	
0.940552	8.70483	
0.940857	8.70453	
0.940552	8.70453	
0.940552	8.70422	
0.939636	8.70544	
0.940552	8.70392	
0.942993	8.70392	
0.942383	8.70361	
0.942383	8.70483	
0.944214	8.70422	
0.940552	8.70453	
0.942688	8.70483	
0.941772	8.70483	
0.940247	8.70422	
0.941467	8.70453	
0.939941	8.70422	
0.93811	8.70453	
0.939026	8.70422	
0.941467	8.70453	
0.944214	8.70483	
0.940247	8.70453	
0.93811	8.70453	
0.941772	8.70422	
0.940857	8.70392	
0.944519	8.70514	
0.940247	8.70453	
0.944519	8.70422	
0.941162	8.70453	
0.939331	8.70483	
0.938416	8.70422	
0.940247	8.70392	
0.941772	8.70392	
0.939331	8.70422	
0.937805	8.70361	
0.93689	8.70361	
0.939941	8.70361	
0.937805	8.70422	
0.941467	8.70422	
0.943604	8.70483	
0.942688	8.70392	
0.939636	8.70392	
0.943909	8.70422	
0.941162	8.70361	
0.937805	8.70392	
0.937195	8.70392	
0.943909	8.70392	
0.944214	8.70331	
0.941467	8.703	
0.941467	8.70331	
0.942078	8.70361	
0.941772	8.70422	
0.940247	8.70392	
0.940247	8.70483	
0.941467	8.70453	
0.937195	8.70453	
0.941467	8.70453	
0.938416	8.70392	
0.942688	8.70422	
0.941162	8.70422	
0.939941	8.70453	
0.940857	8.70331	
0.939026	8.703	
0.937805	8.70361	
0.93811	8.70331	
0.941162	8.70361	
0.941162	8.70331	
0.939331	8.70422	
0.941162	8.70392	
0.940552	8.703	
0.943604	8.70331	
0.941162	8.70392	
0.941772	8.70361	
0.943909	8.70392	
0.942383	8.70331	
0.940857	8.703	
0.946655	8.70361	
0.940552	8.70331	
0.939331	8.70392	
0.937805	8.70331	
0.938721	8.703	
0.938721	8.703	
0.943298	8.70361	
0.945129	8.70361	
0.941772	8.70361	
0.938416	8.70331	
0.937805	8.70331	
0.941772	8.70331	
0.940857	8.70331	
0.941162	8.70331	
0.944519	8.70331	
0.943298	8.70331	
0.944824	8.70331	
0.947266	8.70331	
0.941772	8.70361	
0.938416	8.70361	
0.93811	8.70331	
0.939026	8.70331	
0.941467	8.70331	
0.942383	8.7027	
0.943909	8.70392	
0.941467	8.70392	
0.943604	8.70361	
0.938416	8.70361	
0.939636	8.70331	
0.93811	8.70361	
0.943909	8.70331	
0.942688	8.703	
0.941162	8.70331	
0.939331	8.70361	
0.940857	8.7027	
0.942688	8.70422	
0.943909	8.70239	
0.944214	8.70331	
0.947876	8.70422	
0.942688	8.703	
0.946655	8.70392	
0.941162	8.70392	
0.944519	8.70422	
0.943909	8.70392	
0.945435	8.70331	
0.938416	8.70331	
0.942993	8.703	
0.940247	8.703	
0.943909	8.7027	
0.948181	8.7027	
0.945129	8.70239	
0.94696	8.70331	
0.942688	8.703	
0.943298	8.70331	
0.944824	8.70331	
0.943909	8.703	
0.939636	8.70331	
0.942993	8.703	
0.942688	8.7027	
0.944214	8.703	
0.945435	8.703	
0.943298	8.70361	
0.942993	8.70361	
0.942383	8.70331	
0.944519	8.703	
0.944824	8.7027	
0.944519	8.703	
0.948181	8.70331	
0.944519	8.703	
0.947266	8.703	
0.944214	8.7027	
0.943298	8.7027	
0.943604	8.7027	
0.942993	8.70331	
0.941162	8.7027	
0.942688	8.7027	
0.939331	8.7027	
0.945129	8.7027	
0.942383	8.70331	
0.943298	8.7027	
0.941162	8.70239	
0.939331	8.70178	
0.940857	8.703	
0.939026	8.70209	
0.942078	8.70331	
0.948792	8.703	
0.942993	8.7027	
0.944519	8.70331	
0.943604	8.703	
0.939331	8.703	
0.939331	8.70331	
0.942383	8.703	
0.942688	8.703	
0.944519	8.70361	
0.944824	8.7027	
0.938721	8.70209	
0.942688	8.70209	
0.939636	8.70239	
0.945435	8.70239	
0.943298	8.703	
0.942078	8.703	
0.942993	8.70178	
0.939026	8.70239	
0.946045	8.703	
0.942993	8.70239	
0.944824	8.703	
0.945129	8.70178	
0.943604	8.70209	
0.942688	8.70239	
0.944824	8.70209	
0.945129	8.7027	
0.940247	8.70178	
0.942688	8.703	
0.942383	8.70239	
0.943604	8.7027	
0.944519	8.7027	
0.939636	8.70239	
0.943604	8.7027	
0.939941	8.70239	
0.944519	8.7027	
0.942688	8.70239	
0.942688	8.703	
0.945129	8.70331	
0.942383	8.70239	
0.940857	8.7027	
0.942688	8.7027	
0.941772	8.7027	
0.943909	8.7027	
0.942688	8.7027	
0.940552	8.70178	
0.939941	8.70117	
0.945435	8.7027	
0.942993	8.70209	
0.943909	8.70209	
0.942993	8.703	
0.941467	8.70178	
0.941162	8.7027	
0.943604	8.70239	
0.939941	8.7027	
0.939941	8.70148	
0.945129	8.70239	
0.946655	8.70209	
0.945435	8.7027	
0.944519	8.70209	
0.947876	8.70209	
0.942383	8.70209	
0.940247	8.70148	
0.941467	8.70178	
0.942078	8.70178	
0.940247	8.70209	
0.942993	8.70178	
0.94574	8.70239	
0.943298	8.70239	
0.941467	8.70209	
0.940552	8.70178	
0.940552	8.70178	
0.940857	8.70178	
0.94574	8.70209	
0.945435	8.70209	
0.945129	8.70209	
0.94574	8.70178	
0.940857	8.70148	
0.944214	8.70209	
0.946045	8.70178	
0.945435	8.70178	
0.943298	8.70209	
0.943604	8.70209	
0.941467	8.70209	
0.940247	8.70148	
0.945435	8.70209	
0.944824	8.70239	
0.946045	8.70209	
0.947266	8.70209	
0.94574	8.70209	
0.94574	8.70239	
0.945129	8.70209	
0.94574	8.70239	
0.949097	8.70239	
0.943604	8.70178	
0.946045	8.70239	
0.94635	8.70178	
0.944214	8.70209	
0.940247	8.70209	
0.941467	8.70209	
0.941467	8.70209	
0.944214	8.7027	
0.949097	8.70239	
0.943909	8.70209	
0.947571	8.70209	
0.944214	8.70148	
0.94696	8.70239	
0.94574	8.70239	
0.941467	8.70178	
0.940552	8.70239	
0.942078	8.70148	
0.941772	8.70178	
0.946045	8.70209	
0.944214	8.70209	
0.94696	8.70239	
0.94696	8.70117	
0.94635	8.70178	
0.947876	8.70148	
0.949402	8.70178	
0.945129	8.70209	
0.94635	8.70209	
0.946045	8.70117	
0.945435	8.70148	
0.948792	8.70209	
0.94574	8.70209	
0.94635	8.70178	
0.945435	8.70148	
0.947266	8.70209	
0.94574	8.70209	
0.94574	8.70178	
0.949402	8.70209	
0.947876	8.70087	
0.950317	8.70148	
0.945129	8.70209	
0.944214	8.7027	
0.94696	8.70148	
0.94696	8.70178	
0.950928	8.70178	
0.944824	8.70148	
0.943909	8.70178	
0.946045	8.70178	
0.948486	8.70178	
0.949707	8.70239	
0.945129	8.70209	
0.94635	8.70209	
0.94635	8.70148	
0.947266	8.70117	
0.950623	8.70178	
0.947571	8.70026	
0.949707	8.70056	
0.944824	8.70026	
0.946655	8.70087	
0.94696	8.70148	
0.948181	8.70056	
0.944824	8.70087	
0.948792	8.69965	
0.950012	8.70026	
0.94574	8.70056	
0.94696	8.70148	
0.947571	8.70148	
0.947266	8.70148	
0.941467	8.70117	
0.942688	8.70178	
0.945435	8.70026	
0.944519	8.70148	
0.950317	8.70178	
0.948792	8.70209	
0.949402	8.70209	
0.947876	8.70148	
0.948181	8.70178	
0.944824	8.70178	
0.942993	8.70087	
0.942383	8.70056	
0.942688	8.70148	
0.944824	8.70209	
0.945129	8.70148	
0.950317	8.70117	
0.948486	8.70087	
0.950623	8.70117	
0.946045	8.70117	
0.948486	8.70178	
0.947571	8.70087	
0.947571	8.70117	
0.942383	8.70117	
0.945435	8.70056	
0.943604	8.70117	
0.947266	8.70056	
0.945435	8.70087	
0.945129	8.70117	
0.947571	8.70087	
0.94696	8.70026	
0.947266	8.70117	
0.94574	8.70087	
0.947876	8.70026	
0.947571	8.70087	
0.947876	8.70056	
0.947876	8.70026	
0.941467	8.70056	
0.948792	8.70056	
0.950317	8.70117	
0.945435	8.70117	
0.948486	8.70117	
0.947266	8.70148	
0.947876	8.70056	
0.948181	8.70087	
0.947876	8.70056	
0.950928	8.70148	
0.945435	8.70117	
0.948792	8.70117	
0.948486	8.70117	
0.94635	8.70117	
0.943604	8.70056	
0.943604	8.70056	
0.944824	8.70148	
0.945435	8.70117	
0.94574	8.70148	
0.94635	8.70087	
0.944214	8.70087	
0.943298	8.70026	
0.945435	8.69995	
0.945435	8.70026	
0.947876	8.70026	
0.947571	8.70087	
0.94635	8.69995	
0.94574	8.69995	
0.943604	8.69995	
0.943909	8.69965	
0.944519	8.69995	
0.94574	8.70056	
0.951843	8.70117	
0.948792	8.70087	
0.952148	8.70117	
0.947266	8.70087	
0.947571	8.70026	
0.948181	8.69995	
0.947266	8.70117	
0.952148	8.69995	
0.948792	8.70056	
0.951233	8.70056	
0.949097	8.70026	
0.947876	8.70056	
0.946655	8.70117	
0.945129	8.70026	
0.944824	8.70087	
0.945435	8.70056	
0.944214	8.70026	
0.946655	8.70026	
0.947571	8.70117	
0.950012	8.70117	
0.950928	8.70148	
0.948181	8.70026	
0.948181	8.70026	
0.94574	8.70026	
0.94635	8.69995	
0.943604	8.69934	
0.949402	8.70026	
0.946045	8.69995	
0.948792	8.69995	
0.946655	8.70026	
0.94696	8.70026	
0.94635	8.70026	
0.94574	8.70056	
0.94696	8.69934	
0.947571	8.69995	
0.948792	8.70056	
0.942993	8.69965	
0.948181	8.70056	
0.943604	8.70026	
0.94574	8.70117	
0.949402	8.70087	
0.94574	8.69965	
0.949707	8.70056	
0.948792	8.70056	
0.948792	8.70056	
0.947266	8.70026	
0.944519	8.69995	
0.94574	8.70087	
0.943604	8.70026	
0.94574	8.70087	
0.946655	8.70026	
0.951233	8.70026	
0.94574	8.70026	
0.943909	8.70056	
0.94696	8.70117	
0.943909	8.69995	
0.946655	8.70087	
0.946045	8.70056	
0.952454	8.70056	
0.947571	8.70056	
0.952148	8.70056	
0.949097	8.69995	
0.950012	8.69995	
0.948792	8.69934	
0.949402	8.69965	
0.943298	8.69995	
0.944519	8.69995	
0.943604	8.69934	
0.947571	8.69934	
0.952454	8.69995	
0.949402	8.70026	
0.949707	8.69995	
0.948792	8.69965	
0.949097	8.69965	
0.94696	8.69934	
0.94574	8.69995	
0.946655	8.70056	
0.945129	8.69934	
0.948486	8.69965	
0.950623	8.69965	
0.943604	8.69995	
0.945435	8.69965	
0.948181	8.70056	
0.950012	8.69965	
0.94696	8.70026	
0.944519	8.69995	
0.946655	8.69995	
0.94574	8.69965	
0.953064	8.69995	
0.949402	8.69995	
0.952759	8.69995	
0.949097	8.69995	
0.947571	8.70056	
0.946655	8.70056	
0.94635	8.69965	
0.947876	8.69995	
0.949707	8.69995	
0.949707	8.69995	
0.950012	8.69965	
0.946045	8.69934	
0.944824	8.69904	
0.946655	8.69965	
0.947876	8.69904	
0.947266	8.69904	
0.947876	8.69995	
0.94574	8.69934	
0.94696	8.69904	
0.950623	8.69904	
0.950623	8.69934	
0.950623	8.69904	
0.949707	8.69904	
0.949402	8.69995	
0.950317	8.69934	
0.950928	8.69934	
0.949097	8.69934	
0.953979	8.69965	
0.948792	8.69965	
0.947571	8.69904	
0.948181	8.69965	
0.952454	8.69934	
0.950012	8.69904	
0.951233	8.69965	
0.947571	8.69873	
0.949402	8.69873	
0.948486	8.69904	
0.947571	8.69934	
0.948486	8.69904	
0.946045	8.69934	
0.950623	8.69965	
0.950012	8.69934	
0.950317	8.69904	
0.949707	8.69965	
0.946045	8.69934	
0.947571	8.69965	
0.953369	8.69995	
0.950012	8.69965	
0.947571	8.69965	
0.947876	8.69965	
0.950928	8.69934	
0.948181	8.69965	
0.952759	8.69965	
0.950012	8.69934	
0.948486	8.69934	
0.947571	8.69965	
0.952148	8.69934	
0.950317	8.69934	
0.949097	8.69995	
0.949402	8.69934	
0.948486	8.69934	
0.948181	8.69934	
0.953064	8.69934	
0.950623	8.69934	
0.950623	8.69934	
0.950928	8.69934	
0.950623	8.69934	
0.950012	8.69965	
0.952454	8.69843	
0.950317	8.69965	
0.955505	8.69934	
0.952148	8.69904	
0.947876	8.69843	
0.950623	8.69904	
0.949707	8.69843	
0.947876	8.69904	
0.95459	8.69934	
0.951843	8.69995	
0.949097	8.69995	
0.947876	8.69904	
0.952759	8.69934	
0.951538	8.69904	
0.95459	8.69873	
0.950928	8.69873	
0.94696	8.69934	
0.951233	8.69904	
0.949707	8.69904	
0.950928	8.69843	
0.947266	8.69873	
0.951233	8.69904	
0.954285	8.69873	
0.948486	8.69843	
0.953979	8.69873	
0.950012	8.69873	
0.951233	8.69843	
0.952454	8.69934	
0.947876	8.69843	
0.947876	8.69873	
0.955505	8.69904	
0.951233	8.69843	
0.947266	8.69812	
0.950012	8.69812	
0.947266	8.69843	
0.946655	8.69904	
0.951233	8.69843	
0.947266	8.69843	
0.949707	8.69904	
0.948181	8.69965	
0.950928	8.69873	
0.952454	8.69781	
0.947266	8.69751	
0.950623	8.69751	
0.947876	8.69781	
0.950928	8.69781	
0.947571	8.69812	
0.946655	8.69751	
0.952148	8.69843	
0.951538	8.69781	
0.949097	8.69781	
0.948792	8.69873	
0.94696	8.69781	
0.949402	8.69843	
0.953674	8.69781	
0.952148	8.69873	
0.951233	8.69904	
0.952148	8.69873	
0.949097	8.69934	
0.948792	8.69934	
0.947266	8.69812	
0.949707	8.69812	
0.952148	8.69873	
0.949402	8.69812	
0.946655	8.69812	
0.950317	8.69781	
0.952454	8.69873	
0.948792	8.69873	
0.9552	8.69843	
0.950623	8.69873	
0.950623	8.69812	
0.950928	8.69843	
0.94635	8.69812	
0.951233	8.69843	
0.947571	8.69812	
0.946045	8.69873	
0.951538	8.69873	
0.947571	8.69873	
0.950012	8.69812	
0.952759	8.69812	
0.950623	8.69812	
0.948486	8.69843	
0.947266	8.69812	
0.947571	8.69934	
0.950928	8.69812	
0.952148	8.69904	
0.950012	8.69843	
0.950012	8.69873	
0.951538	8.69843	
0.950928	8.69843	
0.945435	8.69812	
0.947266	8.69934	
0.950623	8.69904	
0.951538	8.69812	
0.952148	8.69812	
0.950317	8.69843	
0.94696	8.6972	
0.949707	8.69812	
0.949707	8.69812	
0.952454	8.69781	
0.948486	8.69812	
0.950928	8.69843	
0.949707	8.69843	
0.948792	8.69781	
0.954895	8.69843	
0.951233	8.69812	
0.949707	8.69843	
0.948486	8.69751	
0.954285	8.69904	
0.950623	8.69843	
0.953674	8.69812	
0.951233	8.69781	
0.9552	8.69812	
0.951233	8.69781	
0.950928	8.69843	
0.951843	8.69843	
0.954285	8.69843	
0.951538	8.69843	
0.951538	8.69843	
0.949707	8.69781	
0.954895	8.69873	
0.950623	8.69812	
0.949097	8.69843	
0.948486	8.69843	
0.953674	8.69812	
0.949707	8.69812	
0.951843	8.69781	
0.949097	8.69751	
0.954895	8.69812	
0.949707	8.69751	
0.950012	8.69812	
0.949402	8.69781	
0.954285	8.69781	
0.950623	8.69843	
0.952148	8.69812	
0.952454	8.69781	
0.947876	8.69812	
0.947571	8.69751	
0.947876	8.69812	
0.951538	8.69751	
0.951233	8.69781	
0.947266	8.69812	
0.947571	8.69751	
0.950623	8.69781	
0.952454	8.69812	
0.948792	8.69781	
0.950012	8.69812	
0.947266	8.69812	
0.950623	8.69751	
0.954895	8.69781	
0.952454	8.6972	
0.948181	8.69781	
0.950317	8.69781	
0.95459	8.69781	
0.952454	8.69781	
0.951233	8.69751	
0.953064	8.69843	
0.947571	8.69781	
0.948181	8.69843	
0.951843	8.69812	
0.950012	8.69781	
0.947266	8.69781	
0.951233	8.69781	
0.952454	8.69843	
0.947876	8.69812	
0.950623	8.69812	
0.953674	8.69812	
0.952148	8.69812	
0.952759	8.69812	
0.950928	8.6969	
0.950317	8.69873	
0.948792	8.69843	
0.950623	8.69751	
0.951233	8.6969	
0.951233	8.69781	
0.952454	8.6972	
0.950928	8.69751	
0.952454	8.6972	
0.952759	8.69781	
0.953369	8.69781	
0.950012	8.69751	
0.951233	8.69781	
0.947571	8.69781	
0.952759	8.6972	
0.950012	8.69751	
0.948486	8.6972	
0.948486	8.69751	
0.952454	8.6972	
0.953369	8.69751	
0.947571	8.6972	
0.952454	8.69751	
0.948486	8.69812	
0.952759	8.69751	
0.956421	8.6972	
0.949707	8.6969	
0.951843	8.69781	
0.950928	8.69781	
0.947571	8.69751	
0.952148	8.69843	
0.951233	8.69781	
0.954285	8.69751	
0.947571	8.6969	
0.948486	8.69812	
0.953369	8.69751	
0.953369	8.69781	
0.947876	8.6972	
0.948792	8.69781	
0.952454	8.69812	
0.954285	8.6972	
0.948486	8.6972	
0.949097	8.69751	
0.951538	8.69781	
0.954285	8.69781	
0.949707	8.6972	
0.950317	8.69873	
0.953369	8.69781	
0.954285	8.69843	
0.948181	8.6972	
0.950928	8.6972	
0.953369	8.69812	
0.949097	8.69629	
0.952454	8.69751	
0.953674	8.69659	
0.953064	8.6969	
0.950623	8.6969	
0.948181	8.69629	
0.949707	8.6969	
0.951843	8.69781	
0.952759	8.69568	
0.948792	8.6969	
0.948792	8.69659	
0.953979	8.69751	
0.951538	8.69659	
0.953064	8.69659	
0.950928	8.6972	
0.951843	8.69751	
0.953674	8.6969	
0.948792	8.69659	
0.950623	8.69659	
0.950012	8.69659	
0.951233	8.69629	
0.951233	8.6969	
0.953369	8.6969	
0.950623	8.6969	
0.951233	8.6972	
0.957336	8.6969	
0.95459	8.69659	
0.948486	8.6972	
0.952148	8.6972	
0.957642	8.6969	
0.95459	8.6972	
0.948792	8.6969	
0.95459	8.69781	
0.948181	8.69751	
0.948181	8.69598	
0.950928	8.6972	
0.953064	8.6972	
0.954895	8.6969	
0.951843	8.6972	
0.949097	8.69659	
0.951233	8.69781	
0.95459	8.69751	
0.9552	8.69751	
0.950623	8.6972	
0.951233	8.69781	
0.958862	8.6972	
0.95459	8.69781	
0.950623	8.6972	
0.953064	8.69751	
0.957947	8.69751	
0.953979	8.6972	
0.952148	8.6969	
0.952759	8.69659	
0.95459	8.6969	
0.953979	8.69751	
0.951538	8.69629	
0.954285	8.69659	
0.950928	8.6969	
0.949402	8.6972	
0.952454	8.6972	
0.953369	8.69659	
0.949707	8.69629	
0.95459	8.69629	
0.949402	8.69629	
0.951233	8.69629	
0.958252	8.69659	
0.956116	8.69659	
0.950623	8.69629	
0.952759	8.69659	
0.957947	8.6969	
0.953674	8.6972	
0.957642	8.6969	
0.953674	8.6972	
0.954285	8.6969	
0.950623	8.69659	
0.957031	8.69659	
0.95459	8.69751	
0.952759	8.69659	
0.951843	8.69659	
0.956726	8.69629	
0.95459	8.6969	
0.957336	8.69659	
0.953369	8.6969	
0.957031	8.6969	
0.954285	8.69659	
0.953979	8.69659	
0.953064	8.6969	
0.957336	8.69568	
0.954285	8.69598	
0.952454	8.69659	
0.950623	8.69659	
0.952148	8.6972	
0.952148	8.69629	
0.952148	8.69598	
0.951233	8.69629	
0.957031	8.69659	
0.95459	8.69598	
0.952759	8.69629	
0.952759	8.69629	
0.956726	8.69659	
0.951843	8.6969	
0.958557	8.69598	
0.954895	8.6969	
0.953064	8.69659	
0.952148	8.69598	
0.956421	8.69537	
0.949097	8.69629	
0.953674	8.6969	
0.955505	8.69629	
0.9552	8.69659	
0.953979	8.6969	
0.951233	8.69568	
0.952759	8.6969	
0.950928	8.69629	
0.949707	8.69568	
0.952759	8.69598	
0.953369	8.69568	
0.950012	8.69598	
0.949097	8.69568	
0.953369	8.69629	
0.9552	8.69598	
0.949402	8.69598	
0.950928	8.6969	
0.95459	8.69659	
0.950012	8.69629	
0.952759	8.69629	
0.952454	8.69568	
0.95459	8.69568	
0.955811	8.69568	
0.952148	8.69598	
0.956421	8.69659	
0.955505	8.69568	
0.952759	8.69537	
0.955505	8.69659	
0.953979	8.69629	
0.954895	8.69659	
0.952454	8.69598	
0.956421	8.69659	
0.95459	8.6969	
0.959778	8.69751	
0.954895	8.69568	
0.954285	8.69568	
0.954895	8.69598	
0.952148	8.69659	
0.952454	8.69598	
0.953674	8.69629	
0.950928	8.69598	
0.953674	8.69537	
0.953674	8.69659	
0.955811	8.69659	
0.951843	8.69659	
0.956116	8.69568	
0.950012	8.69629	
0.953979	8.69598	
0.953369	8.69629	
0.959167	8.69598	
0.955505	8.69629	
0.956421	8.69659	
0.956421	8.69598	
0.958557	8.69659	
0.955811	8.69629	
0.95459	8.69629	
0.9552	8.69629	
0.951538	8.69507	
0.953064	8.69629	
0.959473	8.69659	
0.954895	8.69568	
0.953064	8.69629	
0.957031	8.69568	
0.951233	8.69537	
0.950623	8.69507	
0.955505	8.69507	
0.953979	8.69537	
0.959473	8.69507	
0.953369	8.69507	
0.952454	8.69537	
0.953369	8.69537	
0.954895	8.69568	
0.953369	8.69507	
0.954895	8.69537	
0.955811	8.69507	
0.952759	8.69476	
0.955505	8.69507	
0.953674	8.69507	
0.956116	8.69507	
0.95459	8.69537	
0.9552	8.69568	
0.953979	8.69568	
0.958557	8.69446	
0.954285	8.69568	
0.960083	8.69537	
0.9552	8.69598	
0.959167	8.69537	
0.956116	8.69507	
0.960693	8.69537	
0.957336	8.69629	
0.951538	8.69507	
0.957336	8.69507	
0.950623	8.69537	
0.952759	8.69537	
0.9552	8.69598	
0.955505	8.69537	
0.951538	8.69537	
0.952454	8.69598	
0.955505	8.69659	
0.951233	8.69598	
0.954285	8.69568	
0.955811	8.69507	
0.953979	8.69507	
0.956726	8.69537	
0.953369	8.69568	
0.960693	8.69507	
0.956421	8.69446	
0.950928	8.69537	
0.956116	8.69598	
0.952148	8.69629	
0.952454	8.69598	
0.957031	8.69598	
0.953064	8.69568	
0.954895	8.69446	
0.95459	8.69507	
0.956726	8.69476	
0.953979	8.69415	
0.954895	8.69476	
0.951538	8.69476	
0.957031	8.69568	
0.954285	8.69507	
0.952759	8.69476	
0.95459	8.69598	
0.955505	8.69537	
0.952759	8.69568	
0.959167	8.69537	
0.955811	8.69598	
0.957947	8.69507	
0.957336	8.69629	
0.953674	8.69629	
0.956116	8.69537	
0.951538	8.69446	
0.956116	8.69537	
0.956116	8.69476	
0.951843	8.69537	
0.954895	8.69476	
0.957947	8.69568	
0.953674	8.69507	
0.959473	8.69568	
0.955811	8.69537	
0.959473	8.69568	
0.957336	8.69537	
0.95459	8.69476	
0.953674	8.69537	
0.952759	8.69537	
0.952454	8.69568	
0.954895	8.69476	
0.952759	8.69537	
0.9552	8.69507	
0.9552	8.69507	
0.953674	8.69507	
0.959778	8.69598	
0.956726	8.69568	
0.957947	8.69568	
0.957336	8.69568	
0.953674	8.69537	
0.956726	8.69476	
0.951233	8.69507	
0.952148	8.69507	
0.956116	8.69568	
0.952148	8.69507	
0.954285	8.69568	
0.9552	8.69507	
0.956116	8.69537	
0.959778	8.69537	
0.95459	8.69537	
0.960083	8.69476	
0.956116	8.69476	
0.950928	8.69415	
0.957642	8.69476	
0.951233	8.69476	
0.956726	8.69507	
0.953674	8.69537	
0.959778	8.69476	
0.956116	8.69507	
0.960083	8.69415	
0.955811	8.69537	
0.953979	8.69598	
0.953674	8.69476	
0.953979	8.69568	
0.957642	8.69537	
0.95459	8.69476	
0.957947	8.69507	
0.957031	8.69568	
0.959778	8.69507	
0.953674	8.69476	
0.956116	8.69507	
0.955505	8.69507	
0.955811	8.69537	
0.956116	8.69507	
0.954285	8.69476	
0.952148	8.69507	
0.955505	8.69415	
0.954895	8.69507	
0.956726	8.69537	
0.954285	8.69507	
0.957336	8.69476	
0.956421	8.69507	
0.961304	8.69537	
0.953369	8.69446	
0.955505	8.69507	
0.955505	8.69446	
0.956116	8.69476	
0.957642	8.69446	
0.954285	8.69385	
0.9552	8.69476	
0.9552	8.69476	
0.952148	8.69415	
0.955505	8.69446	
0.956116	8.69507	
0.953979	8.69446	
0.956116	8.69476	
0.957642	8.69446	
0.956421	8.69385	
0.953369	8.69415	
0.957642	8.69507	
0.953674	8.69385	
0.957947	8.69507	
0.954895	8.69446	
0.961304	8.69476	
0.955811	8.69415	
0.961609	8.69446	
0.9552	8.69415	
0.956726	8.69446	
0.957336	8.69476	
0.955811	8.69476	
0.957336	8.69476	
0.958557	8.69507	
0.953064	8.69415	
0.957947	8.69446	
0.95459	8.69415	
0.957642	8.69446	
0.95459	8.69446	
0.960693	8.69476	
0.957336	8.69476	
0.958862	8.69446	
0.953064	8.69476	
0.956421	8.69537	
0.954285	8.69415	
0.956116	8.69415	
0.954895	8.69446	
0.957642	8.69415	
0.958252	8.69415	
0.954895	8.69507	
0.953674	8.69507	
0.957336	8.69354	
0.957947	8.69537	
0.955811	8.69354	
0.959167	8.69385	
0.961304	8.69354	
0.953064	8.69415	
0.957947	8.69385	
0.957947	8.69385	
0.957947	8.69354	
0.960693	8.69354	
0.956116	8.69385	
0.958252	8.69324	
0.960083	8.69354	
0.958252	8.69354	
0.956116	8.69476	
0.958862	8.69385	
0.952454	8.69415	
0.958252	8.69507	
0.953064	8.69385	
0.958557	8.69385	
0.9552	8.69385	
0.960999	8.69415	
0.957642	8.69385	
0.962219	8.69385	
0.953064	8.69415	
0.957031	8.69354	
0.962219	8.69354	
0.956726	8.69415	
0.960388	8.69385	
0.953064	8.69385	
0.957642	8.69385	
0.958557	8.69354	
0.957642	8.69385	
0.958557	8.69385	
0.957031	8.69324	
0.957336	8.69476	
0.955811	8.69476	
0.956421	8.69446	
0.957031	8.69446	
0.959778	8.69446	
0.956421	8.69415	
0.957336	8.69446	
0.956421	8.69446	
0.959473	8.69415	
0.960083	8.69446	
0.956726	8.69415	
0.954895	8.69507	
0.958862	8.69354	
0.960693	8.69354	
0.958862	8.69293	
0.954895	8.69293	
0.95459	8.69354	
0.957947	8.69476	
0.958557	8.69415	
0.959473	8.69415	
0.95459	8.69446	
0.958862	8.69232	
0.955505	8.69385	
0.957031	8.69415	
0.957642	8.69354	
0.955811	8.69324	
0.955811	8.69293	
0.953064	8.69324	
0.959167	8.69385	
0.956116	8.69354	
0.961914	8.69324	
0.956421	8.69354	
0.954895	8.69324	
0.954285	8.69324	
0.957642	8.69354	
0.958252	8.69385	
0.957947	8.69415	
0.961609	8.69385	
0.957642	8.69354	
0.958862	8.69415	
0.954285	8.69354	
0.958862	8.69354	
0.962219	8.69293	
0.953674	8.69354	
0.958252	8.69293	
0.954895	8.69385	
0.958252	8.69354	
0.962524	8.69385	
0.957336	8.69354	
0.954895	8.69324	
0.958557	8.69354	
0.9552	8.69324	
0.957947	8.69415	
0.957947	8.69354	
0.953979	8.69293	
0.958557	8.69324	
0.953064	8.69293	
0.957031	8.69324	
0.956116	8.69324	
0.957642	8.69293	
0.958252	8.69324	
0.955811	8.69354	
0.956116	8.69324	
0.958862	8.69476	
0.952759	8.69293	
0.956421	8.69293	
0.952759	8.69232	
0.958252	8.69354	
0.95459	8.69324	
0.960693	8.69385	
0.9552	8.69354	
0.954285	8.69293	
0.957031	8.69354	
0.9552	8.69354	
0.956116	8.69324	
0.959778	8.69354	
0.956116	8.69415	
0.958862	8.69415	
0.956421	8.69354	
0.956116	8.69385	
0.95459	8.69263	
0.957947	8.69324	
0.957947	8.69324	
0.957336	8.69354	
0.958252	8.69232	
0.957947	8.69385	
0.956421	8.69324	
0.959473	8.69324	
0.957336	8.69385	
0.956116	8.69293	
0.957947	8.69354	
0.958862	8.69385	
0.955811	8.69354	
0.955811	8.69324	
0.961609	8.69324	
0.957031	8.69354	
0.960999	8.69415	
0.954895	8.69354	
0.958252	8.69385	
0.953674	8.69354	
0.957336	8.69354	
0.956116	8.69385	
0.958252	8.69293	
0.955505	8.69385	
0.957336	8.69415	
0.957031	8.69385	
0.959778	8.69354	
0.956116	8.69385	
0.963135	8.69263	
0.959167	8.69354	
0.96283	8.69354	
0.956726	8.69324	
0.959473	8.69324	
0.954285	8.69293	
0.957947	8.69263	
0.961609	8.69293	
0.961304	8.69293	
0.956421	8.69354	
0.960693	8.69354	
0.958252	8.69293	
0.957642	8.69324	
0.960693	8.69324	
0.958557	8.69354	
0.956116	8.69324	
0.957947	8.69324	
0.958557	8.69324	
0.960999	8.69293	
0.954895	8.69324	
0.959473	8.69354	
0.954285	8.69354	
0.958557	8.69354	
0.955505	8.69263	
0.959778	8.69293	
0.959167	8.69324	
0.953979	8.69263	
0.95459	8.69293	
0.958557	8.69232	
0.959167	8.69354	
0.959473	8.69263	
0.960083	8.69232	
0.959778	8.69263	
0.959167	8.69293	
0.959778	8.69324	
0.959167	8.69293	
0.959778	8.69354	
0.957642	8.69324	
0.963135	8.69385	
0.960999	8.69324	
0.96405	8.69385	
0.960999	8.69293	
0.955811	8.69263	
0.959778	8.69324	
0.956726	8.69293	
0.960388	8.69293	
0.957336	8.69293	
0.962524	8.69354	
0.960083	8.69385	
0.96344	8.69263	
0.957642	8.69263	
0.957947	8.69385	
0.958252	8.69293	
0.958557	8.69232	
0.957642	8.69263	
0.960693	8.69232	
0.957336	8.69171	
0.960083	8.69263	
0.958862	8.69232	
0.957947	8.69202	
0.959473	8.69263	
0.957336	8.69202	
0.958862	8.69202	
0.958557	8.69232	
0.958252	8.69232	
0.958252	8.69232	
0.963135	8.69232	
0.957947	8.69232	
0.953674	8.69263	
0.956116	8.69263	
0.957336	8.69263	
0.96344	8.69293	
0.960083	8.69232	
0.964355	8.69324	
0.955811	8.69263	
0.959167	8.69324	
0.958557	8.69324	
0.959778	8.69293	
0.963745	8.69263	
0.957336	8.69263	
0.959167	8.69263	
0.959473	8.69263	
0.960083	8.69263	
0.959778	8.69293	
0.960388	8.69263	
0.9552	8.69293	
0.960388	8.69232	
0.956116	8.69232	
0.961304	8.69293	
0.957031	8.69354	
0.963745	8.69293	
0.959473	8.69293	
0.96283	8.69263	
0.955505	8.69263	
0.958862	8.69354	
0.960083	8.69232	
0.959778	8.69232	
0.95459	8.69293	
0.961304	8.69324	
0.956726	8.69263	
0.959167	8.69171	
0.960999	8.69171	
0.964966	8.69263	
0.960693	8.69202	
0.960083	8.6911	
0.960999	8.69202	
0.959167	8.69263	
0.959473	8.69232	
0.961304	8.69202	
0.955505	8.69202	
0.959778	8.69202	
0.958557	8.69263	
0.964966	8.69263	
0.955811	8.69263	
0.958862	8.69232	
0.96405	8.69263	
0.958862	8.69171	
0.963745	8.69293	
0.956421	8.69232	
0.960388	8.69202	
0.962524	8.69232	
0.960083	8.69293	
0.964661	8.69293	
0.957031	8.69263	
0.960693	8.69232	
0.958252	8.69202	
0.959778	8.69171	
0.959473	8.69324	
0.961609	8.69232	
0.9552	8.69232	
0.958862	8.69171	
0.957642	8.69202	
0.960999	8.69232	
0.957947	8.69202	
0.96344	8.69232	
0.960693	8.69263	
0.965271	8.69232	
0.958252	8.69232	
0.961914	8.69141	
0.962219	8.69263	
0.958862	8.69232	
0.956116	8.69232	
0.959167	8.69263	
0.958557	8.69171	
0.961914	8.69171	
0.958862	8.69263	
0.958252	8.69171	
0.956726	8.69202	
0.960999	8.69232	
0.957336	8.69232	
0.960999	8.69171	
0.964355	8.69171	
0.959167	8.69202	
0.959473	8.69232	
0.960388	8.69263	
0.959778	8.69232	
0.959778	8.69202	
0.961914	8.69293	
0.956116	8.69202	
0.961914	8.69171	
0.959778	8.69171	
0.959167	8.69232	
0.962219	8.69232	
0.959778	8.69171	
0.957336	8.69171	
0.958862	8.69171	
0.958252	8.69171	
0.961304	8.69232	
0.958252	8.6911	
0.960083	8.69202	
0.959778	8.69171	
0.962219	8.69232	
0.958862	8.69141	
0.964355	8.69171	
0.960999	8.69171	
0.964661	8.69171	
0.96283	8.69202	
0.959167	8.69141	
0.957642	8.69232	
0.960083	8.69141	
0.959778	8.69232	
0.960388	8.69141	
0.957642	8.69171	
0.958862	8.69171	
0.955811	8.69202	
0.960083	8.69171	
0.960388	8.69202	
0.956421	8.69141	
0.962219	8.69232	
0.959778	8.69171	
0.959473	8.69171	
0.960388	8.69232	
0.956116	8.69171	
0.962219	8.69171	
0.960083	8.69263	
0.959167	8.69141	
0.961914	8.69202	
0.957336	8.69232	
0.961304	8.69141	
0.959167	8.69202	
0.962219	8.69202	
0.961304	8.69141	
0.958252	8.69202	
0.957642	8.69202	
0.960999	8.69202	
0.960388	8.69202	
0.956726	8.69202	
0.959778	8.69141	
0.958252	8.69232	
0.960083	8.69141	
0.966187	8.69202	
0.956421	8.69141	
0.961304	8.69232	
0.956726	8.69141	
0.960083	8.69141	
0.965576	8.69171	
0.956421	8.69202	
0.959778	8.69202	
0.964966	8.69171	
0.958862	8.69202	
0.956726	8.6911	
0.962219	8.69202	
0.959778	8.69202	
0.964661	8.69263	
0.960999	8.69202	
0.964355	8.69141	
0.956421	8.69202	
0.961914	8.69232	
0.964661	8.69263	
0.962219	8.69202	
0.965881	8.69202	
0.958557	8.69232	
0.962219	8.69141	
0.96344	8.69171	
0.961609	8.69141	
0.965576	8.69232	
0.956421	8.69202	
0.961914	8.69141	
0.957031	8.69202	
0.960999	8.69171	
0.96283	8.69171	
0.961304	8.69263	
0.959778	8.69202	
0.957031	8.69202	
0.959778	8.6911	
0.965881	8.69171	
0.957642	8.69171	
0.961914	8.69202	
0.96405	8.69263	
0.959778	8.69202	
0.956726	8.6911	
0.963135	8.69171	
0.959778	8.69232	
0.958557	8.69141	
0.961304	8.69263	
0.957336	8.69202	
0.960999	8.69232	
0.961304	8.69263	
0.959778	8.69232	
0.962524	8.69232	
0.960388	8.69232	
0.960693	8.69202	
0.961609	8.69171	
0.960388	8.69171	
0.957947	8.69232	
0.959778	8.69202	
0.96405	8.69232	
0.96283	8.69141	
0.961304	8.6908	
0.960999	8.6911	
0.960693	8.6911	
0.96344	8.6911	
0.957336	8.69049	
0.961609	8.69141	
0.961304	8.6908	
0.962524	8.6908	
0.96344	8.6911	
0.96344	8.6911	
0.958557	8.69141	
0.96344	8.6908	
0.960693	8.6908	
0.960693	8.69141	
0.96283	8.69049	
0.961304	8.69141	
0.959778	8.69232	
0.960693	8.6911	
0.960083	8.6908	
0.963135	8.69141	
0.958862	8.6908	
0.96283	8.69141	
0.961609	8.69171	
0.962219	8.69171	
0.959778	8.69171	
0.957336	8.6911	
0.958557	8.69141	
0.961304	8.69171	
0.965271	8.69202	
0.962524	8.69141	
0.962219	8.69202	
0.958252	8.69171	
0.962219	8.6908	
0.966492	8.69141	
0.963135	8.69141	
0.962524	8.6911	
0.959778	8.6908	
0.963135	8.6908	
0.959473	8.6908	
0.958252	8.69049	
0.960388	8.6908	
0.964966	8.69049	
0.959778	8.6908	
0.957336	8.68927	
0.96283	8.6911	
0.960388	8.69019	
0.961609	8.69049	
0.960693	8.69049	
0.959473	8.69049	
0.961304	8.69141	
0.964966	8.69049	
0.961914	8.69049	
0.959167	8.6908	
0.963135	8.6908	
0.965576	8.69019	
0.958252	8.6908	
0.959778	8.6911	
0.958557	8.69019	
0.96344	8.6908	
0.958862	8.6908	
0.960388	8.69049	
0.963745	8.69049	
0.962524	8.6911	
0.961914	8.69141	
0.960999	8.69141	
0.967102	8.68958	
0.959167	8.69049	
0.963135	8.6908	
0.958557	8.69049	
0.96283	8.69049	
0.967102	8.69141	
0.958252	8.6908	
0.962219	8.6911	
0.960083	8.69019	
0.963135	8.6911	
0.957947	8.6908	
0.963135	8.69141	
0.961914	8.6911	
0.959473	8.6908	
0.960999	8.6908	
0.960693	8.69141	
0.964355	8.6908	
0.959473	8.69049	
0.961914	8.6908	
0.964355	8.6911	
0.960999	8.6911	
0.958252	8.6908	
0.960083	8.69049	
0.963135	8.6908	
0.961914	8.69141	
0.958557	8.6908	
0.96344	8.6911	
0.963745	8.69141	
0.958862	8.68988	
0.962219	8.69019	
0.96283	8.6908	
0.96405	8.69019	
0.961304	8.69019	
0.96344	8.69019	
0.960083	8.6911	
0.963745	8.6911	
0.96344	8.68988	
0.960693	8.6908	
0.957947	8.68988	
0.96344	8.68988	
0.962219	8.6908	
0.962219	8.69049	
0.958862	8.69049	
0.96405	8.6908	
0.960083	8.69049	
0.963135	8.69049	
0.961304	8.6911	
0.959778	8.6911	
0.959473	8.6908	
0.963745	8.69049	
0.964661	8.6911	
0.958252	8.6908	
0.96344	8.6908	
0.962219	8.69049	
0.963135	8.68988	
0.960083	8.6908	
0.960388	8.69141	
0.960083	8.6908	
0.96283	8.69049	
0.960693	8.6908	
0.960693	8.6908	
0.960388	8.69141	
0.96405	8.6908	
0.962524	8.69141	
0.959473	8.6911	
0.96344	8.69019	
0.965576	8.69049	
0.958252	8.68988	
0.960388	8.6908	
0.961304	8.69019	
0.962524	8.69171	
0.961609	8.6908	
0.961609	8.69049	
0.96283	8.69049	
0.96344	8.69049	
0.964355	8.69019	
0.961304	8.69019	
0.958557	8.6908	
0.96344	8.69049	
0.96283	8.69049	
0.958557	8.69019	
0.961914	8.69049	
0.961609	8.69019	
0.967407	8.69049	
0.958862	8.69049	
0.96344	8.68958	
0.965881	8.68988	
0.960083	8.68958	
0.959167	8.68958	
0.963135	8.69019	
0.963135	8.69019	
0.958252	8.69019	
0.964355	8.69019	
0.960999	8.69019	
0.965271	8.6908	
0.964355	8.69049	
0.960388	8.69049	
0.96283	8.68988	
0.961609	8.68988	
0.965271	8.68988	
0.961609	8.69019	
0.962524	8.68988	
0.959473	8.68988	
0.961914	8.68988	
0.958862	8.68958	
0.96344	8.69049	
0.963745	8.69049	
0.958252	8.68958	
0.964966	8.6908	
0.962219	8.6908	
0.961914	8.6908	
0.96283	8.69049	
0.96405	8.6908	
0.965271	8.69019	
0.961914	8.69049	
0.958557	8.69049	
0.964661	8.69141	
0.96344	8.69049	
0.959167	8.69049	
0.960388	8.68988	
0.963135	8.69049	
0.968018	8.6911	
0.959473	8.6908	
0.964355	8.69049	
0.967712	8.6908	
0.961304	8.69019	
0.961304	8.69019	
0.96344	8.69049	
0.961304	8.6911	
0.960999	8.69019	
0.964966	8.68988	
0.961914	8.6908	
0.967102	8.6908	
0.962524	8.69049	
0.96283	8.68988	
0.96344	8.69049	
0.961914	8.69049	
0.958557	8.68988	
0.96405	8.69049	
0.96405	8.6908	
0.96283	8.6908	
0.959778	8.6908	
0.962524	8.6908	
0.968323	8.68927	
0.959778	8.68988	
0.961914	8.68988	
0.965881	8.68988	
0.961609	8.68958	
0.96283	8.68958	
0.962219	8.68927	
0.964966	8.68958	
0.963745	8.68988	
0.966797	8.69019	
0.962524	8.68988	
0.961609	8.69019	
0.963135	8.69049	
0.96405	8.68958	
0.964355	8.69019	
0.96344	8.69019	
0.96344	8.68988	
0.96344	8.68988	
0.96283	8.68988	
0.965576	8.68927	
0.961609	8.68896	
0.960083	8.68988	
0.960083	8.68988	
0.96405	8.69019	
0.962219	8.69019	
0.963745	8.69019	
0.960999	8.68958	
0.959167	8.68958	
0.964355	8.68958	
0.962524	8.68958	
0.968933	8.68958	
0.960693	8.68958	
0.961609	8.68958	
0.960999	8.68958	
0.965881	8.68988	
0.963135	8.69019	
0.968323	8.68988	
0.961914	8.68958	
0.961609	8.68958	
0.964355	8.69019	
0.96405	8.69019	
0.964966	8.68927	
0.967407	8.68927	
0.960693	8.69019	
0.961914	8.68988	
0.960693	8.68927	
0.964966	8.68988	
0.96283	8.68896	
0.966187	8.68927	
0.965881	8.68866	
0.965576	8.68866	
0.968323	8.69049	
0.962524	8.68927	
0.963745	8.68927	
0.963135	8.68958	
0.965576	8.68958	
0.965576	8.68835	
0.964661	8.68958	
0.96283	8.68958	
0.962219	8.68958	
0.96283	8.68927	
0.96344	8.68958	
0.96405	8.68927	
0.960999	8.68896	
0.963135	8.68927	
0.964661	8.68866	
0.960083	8.68958	
0.96405	8.68927	
0.960388	8.68927	
0.96405	8.68927	
0.968323	8.68958	
0.963745	8.68927	
0.962524	8.68927	
0.968323	8.68927	
0.965881	8.68958	
0.965271	8.68958	
0.964661	8.68958	
0.968323	8.68866	
0.962524	8.68927	
0.961609	8.68988	
0.96405	8.68988	
0.966492	8.68958	
0.96405	8.68958	
0.960999	8.68958	
0.96344	8.68988	
0.969849	8.69019	
0.96283	8.68927	
0.962524	8.68958	
0.960388	8.6908	
0.965271	8.69049	
0.96405	8.68988	
0.96283	8.68988	
0.96344	8.68958	
0.965271	8.69019	
0.967102	8.68988	
0.96344	8.68988	
0.962524	8.68958	
0.968628	8.69049	
0.965576	8.68988	
0.963745	8.69019	
0.96283	8.69019	
0.960999	8.68927	
0.964966	8.68988	
0.960083	8.68958	
0.965576	8.68988	
0.965881	8.68958	
0.964355	8.68896	
0.963135	8.68958	
0.965576	8.68896	
0.961914	8.68835	
0.965881	8.68896	
0.965881	8.68958	
0.96283	8.68927	
0.961304	8.68988	
0.96405	8.68896	
0.960083	8.68896	
0.965881	8.68896	
0.96283	8.68988	
0.96283	8.68958	
0.960083	8.68988	
0.965576	8.68927	
0.964661	8.68896	
0.961304	8.68958	
0.962219	8.68896	
0.961304	8.68866	
0.965271	8.68988	
0.96405	8.68896	
0.968933	8.68927	
0.960693	8.68927	
0.961914	8.68927	
0.960693	8.68866	
0.961304	8.68896	
0.964966	8.68927	
0.959778	8.68896	
0.966187	8.69019	
0.964661	8.68896	
0.962524	8.68988	
0.961609	8.68896	
0.965881	8.68927	
0.96283	8.68927	
0.965881	8.69019	
0.962524	8.68958	
0.962524	8.68896	
0.962219	8.68896	
0.96405	8.68927	
0.965576	8.68927	
0.962219	8.68866	
0.966187	8.68988	
0.965271	8.68927	
0.963135	8.68988	
0.964661	8.68866	
0.963135	8.68866	
0.963135	8.68927	
0.96405	8.68866	
0.965881	8.68835	
0.965271	8.68866	
0.960999	8.68866	
0.96283	8.68835	
0.96283	8.68896	
0.964966	8.68835	
0.96405	8.68805	
0.965576	8.68835	
0.968933	8.68866	
0.964355	8.68866	
0.961304	8.68835	
0.966797	8.68866	
0.96344	8.68866	
0.960999	8.68835	
0.966492	8.68927	
0.964355	8.68896	
0.965881	8.68927	
0.960693	8.68866	
0.965576	8.68927	
0.965881	8.68896	
0.965271	8.68896	
0.965881	8.68958	
0.965271	8.68958	
0.963745	8.68927	
0.96283	8.68896	
0.960083	8.68927	
0.965576	8.68927	
0.968933	8.68805	
0.967407	8.68774	
0.96344	8.68774	
0.961609	8.68835	
0.961304	8.68805	
0.965881	8.68866	
0.967102	8.68866	
0.962219	8.68835	
0.963135	8.68805	
0.962219	8.68835	
0.96283	8.68835	
0.964661	8.68774	
0.960388	8.68835	
0.966492	8.68958	
0.965576	8.68866	
0.963745	8.68958	
0.964355	8.68896	
0.965271	8.68866	
0.96344	8.68835	
0.966797	8.68835	
0.96283	8.68866	
0.960693	8.68866	
0.965271	8.68835	
0.964355	8.68866	
0.964661	8.68866	
0.966492	8.68896	
0.962524	8.69019	
0.961914	8.68927	
0.965576	8.68927	
0.96283	8.68866	
0.966187	8.68958	
0.965881	8.68927	
0.965576	8.68927	
0.961304	8.68927	
0.965881	8.68896	
0.965881	8.68866	
0.967102	8.68805	
0.965271	8.68866	
0.965576	8.68866	
0.967712	8.68774	
0.964966	8.68835	
0.964661	8.68835	
0.964661	8.68774	
0.965881	8.68866	
0.969543	8.68805	
0.964355	8.68774	
0.96344	8.68835	
0.965576	8.68866	
0.967712	8.68835	
0.964966	8.68866	
0.966187	8.68835	
0.964661	8.68866	
0.961914	8.68866	
0.966797	8.68866	
0.966492	8.68866	
0.962219	8.68835	
0.963745	8.68835	
0.966797	8.68835	
0.966492	8.68927	
0.961304	8.68927	
0.966187	8.68744	
0.970154	8.68896	
0.964355	8.68896	
0.960693	8.68835	
0.966492	8.68805	
0.968323	8.68835	
0.96405	8.68835	
0.961304	8.68835	
0.964966	8.68896	
0.961914	8.68835	
0.965881	8.68896	
0.968018	8.68835	
0.966187	8.68896	
0.962219	8.68866	
0.967407	8.68835	
0.965881	8.68835	
0.967407	8.68866	
0.967102	8.68835	
0.964966	8.68866	
0.962524	8.68866	
0.967102	8.68774	
0.962219	8.68713	
0.968018	8.68805	
0.966187	8.68744	
0.964966	8.68744	
0.964661	8.68713	
0.967407	8.68744	
0.968018	8.68713	
0.968018	8.68835	
0.968018	8.68896	
0.965881	8.68835	
0.963745	8.68866	
0.967712	8.68866	
0.962219	8.68744	
0.968018	8.68805	
0.965271	8.68744	
0.96344	8.68835	
0.964966	8.68805	
0.966492	8.68866	
0.971375	8.68744	
0.967712	8.68805	
0.964966	8.68713	
0.963135	8.68774	
0.965881	8.68744	
0.966492	8.68805	
0.963745	8.68683	
0.966797	8.68713	
0.968323	8.68774	
0.966797	8.68774	
0.970459	8.68744	
0.965271	8.68774	
0.965881	8.68774	
0.964966	8.68805	
0.968628	8.68774	
0.967102	8.68835	
0.967102	8.68774	
0.964966	8.68835	
0.962219	8.68744	
0.968018	8.68805	
0.967407	8.68744	
0.965576	8.68744	
0.966797	8.68805	
0.967712	8.68835	
0.962219	8.68774	
0.968018	8.68805	
0.966797	8.68866	
0.964355	8.68835	
0.96405	8.68835	
0.967102	8.68835	
0.964661	8.68774	
0.967407	8.68805	
0.966187	8.68896	
0.96405	8.68774	
0.962524	8.68805	
0.966797	8.68866	
0.96283	8.68713	
0.967407	8.68774	
0.967407	8.68835	
0.966187	8.68774	
0.970154	8.68866	
0.965271	8.68866	
0.96283	8.68805	
0.964661	8.68835	
0.964966	8.68835	
0.966797	8.68805	
0.971069	8.68805	
0.967102	8.68805	
0.965576	8.68774	
0.965576	8.68805	
0.966492	8.68744	
0.966492	8.68805	
0.965271	8.68835	
0.964966	8.68774	
0.96283	8.68744	
0.967712	8.68774	
0.965881	8.68835	
0.96405	8.68835	
0.96344	8.68774	
0.964355	8.68774	
0.96283	8.68805	
0.967712	8.68774	
0.964966	8.68744	
0.964355	8.68744	
0.96344	8.68774	
0.966187	8.68774	
0.962524	8.68774	
0.967712	8.68744	
0.965576	8.68835	
0.96405	8.68774	
0.96283	8.68774	
0.965881	8.68774	
0.971985	8.68774	
0.963745	8.68835	
0.967712	8.68774	
0.969849	8.68774	
0.964966	8.68744	
0.964966	8.68835	
0.965271	8.68835	
0.969238	8.68683	
0.966797	8.68835	
0.966797	8.68744	
0.964661	8.68744	
0.961609	8.68744	
0.968018	8.68774	
0.967712	8.68774	
0.964966	8.68805	
0.964966	8.68744	
0.965576	8.68805	
0.965271	8.68744	
0.966797	8.68805	
0.967712	8.68866	
0.964661	8.68774	
0.965576	8.68805	
0.965576	8.68805	
0.96344	8.68713	
0.967712	8.68774	
0.968018	8.68774	
0.968018	8.68744	
0.964355	8.68805	
0.966797	8.68835	
0.962219	8.68774	
0.967712	8.68866	
0.968018	8.68835	
0.967102	8.68805	
0.964661	8.68774	
0.965881	8.68805	
0.96405	8.68774	
0.965881	8.68774	
0.967407	8.68744	
0.967407	8.68744	
0.971069	8.68774	
0.966187	8.68744	
0.968018	8.68744	
0.968628	8.68683	
0.966797	8.68744	
0.966492	8.68744	
0.966492	8.68774	
0.966187	8.68774	
0.965576	8.68683	
0.971375	8.68805	
0.967712	8.68774	
0.966187	8.68805	
0.96405	8.68866	
0.964355	8.68774	
0.968018	8.68744	
0.969238	8.68683	
0.968323	8.68683	
0.965576	8.68744	
0.965271	8.68744	
0.967712	8.68774	
0.968933	8.68744	
0.964661	8.68713	
0.968933	8.68805	
0.964661	8.68683	
0.964661	8.68744	
0.965881	8.68835	
0.968323	8.68683	
0.965271	8.68713	
0.968628	8.68774	
0.965271	8.68713	
0.966187	8.68683	
0.965271	8.68713	
0.968018	8.68744	
0.965881	8.68744	
0.96344	8.68713	
0.968018	8.68744	
0.968323	8.68774	
0.967712	8.68713	
0.96405	8.68713	
0.968018	8.68713	
0.968933	8.68744	
0.968323	8.68744	
0.968933	8.68683	
0.968323	8.68683	
0.969849	8.68683	
0.966187	8.68713	
0.966797	8.68774	
0.967102	8.68744	
0.965576	8.68713	
0.967712	8.68835	
0.969543	8.68713	
0.968323	8.68713	
0.966797	8.68744	
0.972595	8.68774	
0.965271	8.68744	
0.965576	8.68744	
0.963745	8.68744	
0.967102	8.68744	
0.968628	8.68713	
0.972595	8.68805	
0.966492	8.68774	
0.968018	8.68866	
0.96405	8.68774	
0.966797	8.68805	
0.967102	8.68622	
0.968323	8.68652	
0.967102	8.68622	
0.968628	8.68713	
0.97168	8.68683	
0.968018	8.68713	
0.967712	8.68622	
0.971375	8.68713	
0.964355	8.68713	
0.965271	8.68683	
0.96405	8.68713	
0.968628	8.68744	
0.968933	8.68652	
0.964661	8.68622	
0.969543	8.68652	
0.969543	8.68652	
0.969238	8.68744	
0.965271	8.68713	
0.969238	8.68683	
0.966187	8.68713	
0.973206	8.68652	
0.965881	8.68683	
0.967712	8.68652	
0.966492	8.68652	
0.969238	8.68652	
0.968018	8.68774	
0.964966	8.68683	
0.966797	8.68652	
0.968628	8.68774	
0.967712	8.68774	
0.965271	8.68744	
0.966797	8.68774	
0.964966	8.68683	
0.967407	8.68744	
0.967407	8.68744	
0.968323	8.68744	
0.971069	8.68744	
0.965881	8.68713	
0.96405	8.68744	
0.968018	8.68683	
0.965881	8.68744	
0.968323	8.68713	
0.965881	8.68622	
0.969849	8.68805	
0.967102	8.68805	
0.968933	8.68805	
0.96405	8.68774	
0.965576	8.68713	
0.963745	8.68683	
0.966797	8.68683	
0.968628	8.68774	
0.973206	8.68774	
0.964355	8.68713	
0.965881	8.68774	
0.965576	8.68744	
0.965881	8.68744	
0.967712	8.68805	
0.971069	8.68713	
0.965576	8.68683	
0.965271	8.68683	
0.968323	8.68713	
0.966187	8.68713	
0.967407	8.68774	
0.968933	8.68683	
0.963745	8.68652	
0.966797	8.68683	
0.971375	8.68683	
0.967407	8.68683	
0.965881	8.68622	
0.969543	8.68713	
0.970154	8.68683	
0.966797	8.68652	
0.96405	8.68652	
0.969543	8.68744	
0.964661	8.68652	
0.966492	8.68683	
0.968018	8.68591	
0.969543	8.68713	
0.971069	8.68713	
0.966797	8.68652	
0.967407	8.68652	
0.970154	8.68713	
0.965881	8.68591	
0.968323	8.68652	
0.967102	8.68561	
0.969849	8.68683	
0.968628	8.68683	
0.969543	8.68652	
0.969849	8.68713	
0.968933	8.68652	
0.967102	8.68652	
0.965881	8.68622	
0.968018	8.68683	
0.967407	8.68622	
0.970764	8.68713	
0.964966	8.68683	
0.966797	8.68713	
0.969238	8.68652	
0.969849	8.68652	
0.969238	8.68622	
0.972595	8.68622	
0.964661	8.68713	
0.965576	8.6853	
0.964661	8.68561	
0.965271	8.68713	
0.967102	8.68652	
0.964355	8.68591	
0.967712	8.68652	
0.969849	8.68713	
0.969543	8.68652	
0.971069	8.68683	
0.966797	8.68652	
0.967712	8.68622	
0.97229	8.68683	
0.965271	8.68683	
0.965881	8.68652	
0.96405	8.68652	
0.966187	8.68622	
0.969849	8.68652	
0.96405	8.68622	
0.970154	8.68713	
0.970764	8.68713	
0.968933	8.68713	
0.972595	8.68774	
0.970154	8.68683	
0.967102	8.68683	
0.974426	8.68744	
0.968323	8.68744	
0.968018	8.68652	
0.964661	8.68652	
0.964661	8.68683	
0.968628	8.68652	
0.967102	8.68622	
0.971985	8.68744	
0.965881	8.68652	
0.968018	8.68683	
0.972595	8.68683	
0.969543	8.68652	
0.967407	8.68591	
0.970154	8.68591	
0.965271	8.68622	
0.966492	8.68622	
0.964355	8.68652	
0.965576	8.68683	
0.969238	8.68652	
0.965576	8.68591	
0.969849	8.68683	
0.967102	8.68713	
0.968323	8.68683	
0.970154	8.68591	
0.968018	8.68652	
0.967102	8.68744	
0.973816	8.68591	
0.964966	8.68713	
0.968933	8.68683	
0.968628	8.68652	
0.971985	8.68683	
0.968323	8.68683	
0.968018	8.68683	
0.973816	8.68683	
0.969849	8.68591	
0.970764	8.68622	
0.969238	8.68683	
0.9729	8.68744	
0.969849	8.68683	
0.968323	8.68683	
0.970459	8.68622	
0.965576	8.68591	
0.968323	8.68683	
0.97168	8.68652	
0.970459	8.68622	
0.968018	8.68652	
0.973816	8.68622	
0.965271	8.68683	
0.968018	8.68652	
0.967712	8.68622	
0.970764	8.68683	
0.970154	8.68622	
0.964661	8.68591	
0.971375	8.68713	
0.970154	8.68652	
0.968323	8.68683	
0.966492	8.68652	
0.968933	8.68713	
0.968933	8.68591	
0.968628	8.68622	
0.966797	8.68622	
0.967407	8.68622	
0.965271	8.68652	
0.967712	8.68652	
0.970764	8.68652	
0.965271	8.68591	
0.969238	8.68713	
0.970764	8.68713	
0.970459	8.68561	
0.967407	8.68591	
0.970154	8.68683	
0.969238	8.68652	
0.970459	8.68652	
0.967102	8.68713	
0.968018	8.6853	
0.971375	8.68591	
0.971069	8.68591	
0.968018	8.68652	
0.967712	8.68591	
0.971069	8.68744	
0.970764	8.68591	
0.968018	8.68591	
0.966797	8.68713	
0.968323	8.68683	
0.968018	8.68591	
0.971375	8.68591	
0.968018	8.68561	
0.970154	8.68561	
0.973511	8.68591	
0.970459	8.68622	
0.969849	8.68591	
0.967712	8.6853	
0.971375	8.68622	
0.97168	8.68561	
0.969238	8.68652	
0.969849	8.68622	
0.968323	8.68591	
0.968628	8.68591	
0.970154	8.68622	
0.968933	8.68622	
0.969849	8.68652	
0.972595	8.68652	
0.968323	8.68622	
0.968933	8.68652	
0.971069	8.68561	
0.968323	8.68561	
0.968933	8.68652	
0.967712	8.68561	
0.966492	8.68652	
0.970154	8.68591	
0.964966	8.68561	
0.968628	8.68652	
0.969849	8.68591	
0.969849	8.68652	
0.972595	8.6853	
0.969543	8.68652	
0.968018	8.68561	
0.974731	8.68683	
0.964966	8.68561	
0.969543	8.68561	
0.970154	8.68591	
0.973816	8.68561	
0.971375	8.68469	
0.971069	8.68469	
0.965271	8.685	
0.971069	8.6853	
0.971069	8.685	
0.969849	8.68561	
0.974121	8.68561	
0.969849	8.685	
0.968628	8.6853	
0.973511	8.68591	
0.971069	8.68469	
0.971985	8.68591	
0.970154	8.685	
0.9729	8.68561	
0.969238	8.685	
0.969543	8.68561	
0.974426	8.68591	
0.966797	8.68591	
0.968018	8.6853	
0.966492	8.685	
0.969849	8.68591	
0.968628	8.68469	
0.968933	8.685	
0.9729	8.6853	
0.965576	8.6853	
0.968018	8.68591	
0.967407	8.6853	
0.966797	8.68591	
0.968933	8.6853	
0.969238	8.68591	
0.969238	8.68561	
0.966187	8.68469	
0.968628	8.6853	
0.966187	8.68561	
0.965881	8.68622	
0.970764	8.68652	
0.965271	8.6853	
0.970764	8.68591	
0.971069	8.68561	
0.970154	8.6853	
0.969849	8.685	
0.970154	8.68561	
0.968323	8.68591	
0.971375	8.68561	
0.968933	8.68561	
0.968323	8.68561	
0.969543	8.68591	
0.966187	8.68561	
0.965881	8.68591	
0.968628	8.68561	
0.969543	8.68561	
0.974731	8.6853	
0.966797	8.68561	
0.970764	8.68561	
0.971069	8.68561	
0.974121	8.68591	
0.970764	8.68591	
0.969849	8.68561	
0.9729	8.68622	
0.971069	8.6853	
0.971069	8.685	
0.970459	8.68622	
0.9729	8.68622	
0.97168	8.68591	
0.971375	8.68591	
0.965271	8.6853	
0.968933	8.68591	
0.966797	8.68469	
0.968018	8.68561	
0.967102	8.68591	
0.968933	8.68622	
0.970764	8.68591	
0.966797	8.68591	
0.969543	8.68622	
0.970459	8.68561	
0.969238	8.68652	
0.968933	8.68652	
0.97168	8.68622	
0.971069	8.68652	
0.966187	8.6853	
0.969238	8.68561	
0.967407	8.68591	
0.968323	8.6853	
0.966187	8.68561	
0.967102	8.68591	
0.969849	8.68591	
0.970154	8.68561	
0.973206	8.68561	
0.966797	8.68561	
0.969238	8.6853	
0.970154	8.68561	
0.974731	8.68561	
0.971375	8.68561	
0.969238	8.68561	
0.973816	8.685	
0.968628	8.685	
0.971375	8.6853	
0.971069	8.685	
0.973816	8.6853	
0.97168	8.6853	
0.970764	8.68469	
0.971375	8.685	
0.97229	8.6853	
0.968323	8.685	
0.969849	8.685	
0.967102	8.68469	
0.966492	8.685	
0.969238	8.68439	
0.969238	8.68561	
0.975342	8.6853	
0.971375	8.6853	
0.971985	8.68591	
0.970764	8.68591	
0.974731	8.68469	
0.970764	8.68591	
0.970154	8.68439	
0.971985	8.6853	
0.972595	8.685	
0.97168	8.68439	
0.97168	8.68561	
0.966187	8.685	
0.967102	8.685	
0.971985	8.6853	
0.969543	8.685	
0.975037	8.6853	
0.972595	8.6853	
0.971375	8.685	
0.971985	8.68561	
0.974731	8.685	
0.9729	8.68469	
0.97229	8.6853	
0.969238	8.68561	
0.974731	8.68561	
0.970459	8.6853	
0.971985	8.68469	
0.97229	8.68469	
0.968323	8.68469	
0.967102	8.68561	
0.969849	8.6853	
0.971375	8.685	
0.966492	8.68439	
0.969849	8.68561	
0.967102	8.6853	
0.968323	8.6853	
0.968323	8.68561	
0.967712	8.6853	
0.968323	8.685	
0.970154	8.685	
0.975647	8.6853	
0.971985	8.6853	
0.9729	8.68439	
0.971375	8.68561	
0.975342	8.6853	
0.97229	8.68622	
0.971375	8.685	
0.967407	8.68439	
0.971069	8.68439	
0.967712	8.685	
0.968323	8.68439	
0.968018	8.685	
0.970154	8.685	
0.968933	8.68561	
0.969543	8.6853	
0.975952	8.68439	
0.971985	8.68591	
0.971985	8.685	
0.971375	8.68439	
0.973816	8.68469	
0.972595	8.68439	
0.970764	8.68439	
0.966492	8.685	
0.975647	8.68378	
0.968323	8.68469	
0.972595	8.685	
0.971069	8.68469	
0.969543	8.685	
0.972595	8.685	
0.9729	8.68561	
0.97229	8.6853	
0.967407	8.68439	
0.970764	8.6853	
0.969543	8.685	
0.972595	8.68561	
0.966187	8.68439	
0.968933	8.685	
0.969849	8.68561	
0.968933	8.6853	
0.976257	8.685	
0.9729	8.6853	
0.973511	8.6853	
0.970459	8.685	
0.966187	8.685	
0.967407	8.68561	
0.969238	8.68561	
0.967712	8.6853	
0.969849	8.685	
0.967102	8.68561	
0.968933	8.68439	
0.970154	8.6853	
0.975342	8.68561	
0.971069	8.6853	
0.971985	8.685	
0.966797	8.685	
0.971985	8.68561	
0.971069	8.685	
0.973511	8.6853	
0.970154	8.685	
0.967712	8.68439	
0.968323	8.685	
0.969238	8.685	
0.970764	8.68561	
0.975342	8.685	
0.972595	8.685	
0.972595	8.685	
0.97229	8.6853	
0.967102	8.68469	
0.967407	8.685	
0.969238	8.685	
0.969849	8.68561	
0.975342	8.6853	
0.970154	8.68469	
0.971985	8.68561	
0.9729	8.68561	
0.973206	8.68561	
0.968628	8.68408	
0.971375	8.685	
0.967407	8.68439	
0.971985	8.68469	
0.970459	8.685	
0.97168	8.685	
0.971985	8.685	
0.967407	8.68561	
0.967712	8.68561	
0.969238	8.6853	
0.970764	8.6853	
0.966187	8.68408	
0.970764	8.68469	
0.968018	8.68439	
0.969238	8.685	
0.969849	8.685	
0.971069	8.68622	
0.97229	8.68408	
0.971069	8.685	
0.966492	8.685	
0.970764	8.68469	
0.967712	8.68469	
0.97229	8.68469	
0.97229	8.68469	
0.968018	8.68378	
0.967407	8.685	
0.969543	8.685	
0.970459	8.685	
0.971985	8.68408	
0.9729	8.68469	
0.971375	8.6853	
0.969238	8.685	
0.968323	8.68439	
0.975037	8.68439	
0.972595	8.68439	
0.97168	8.68408	
0.968628	8.68469	
0.971985	8.685	
0.970154	8.685	
0.969238	8.68469	
0.969543	8.685	
0.975952	8.68408	
0.972595	8.68439	
0.971985	8.68439	
0.968933	8.68469	
0.971375	8.685	
0.966797	8.68439	
0.97229	8.685	
0.971985	8.68408	
0.969849	8.68469	
0.97229	8.685	
0.971985	8.68439	
0.966187	8.68469	
0.970154	8.68469	
0.969849	8.685	
0.97229	8.685	
0.969238	8.68408	
0.968933	8.685	
0.975342	8.68439	
0.971985	8.68439	
0.97168	8.68439	
0.970459	8.68439	
0.976257	8.68561	
0.969543	8.68439	
0.97229	8.685	
0.9729	8.68469	
0.973206	8.68469	
0.968323	8.685	
0.970459	8.68439	
0.968628	8.68378	
0.974121	8.6853	
0.969238	8.6853	
0.97168	8.68591	
0.9729	8.68439	
0.968323	8.68408	
0.968018	8.6853	
0.97229	8.68469	
0.970154	8.68439	
0.977478	8.68408	
0.9729	8.68408	
0.973206	8.68378	
0.971375	8.68408	
0.968323	8.68347	
0.97229	8.68378	
0.971985	8.68408	
0.971985	8.68378	
0.977173	8.68439	
0.971985	8.68469	
0.968018	8.68347	
0.970154	8.68469	
0.97229	8.68317	
0.974731	8.68378	
0.973816	8.68439	
0.973206	8.68408	
0.968018	8.68378	
0.976257	8.68378	
0.973206	8.68347	
0.970154	8.68378	
0.970459	8.68378	
0.973206	8.68378	
0.97168	8.68347	
0.968933	8.68408	
0.9729	8.68408	
0.971985	8.68378	
0.976868	8.68378	
0.969543	8.68439	
0.974121	8.68378	
0.972595	8.68439	
0.970154	8.68408	
0.968018	8.68439	
0.970154	8.68439	
0.970764	8.68378	
0.977173	8.68408	
0.9729	8.68378	
0.968323	8.68439	
0.969849	8.68378	
0.9729	8.68378	
0.971375	8.68378	
0.971985	8.68347	
0.971069	8.68378	
0.971985	8.68286	
0.968323	8.68439	
0.974426	8.6853	
0.969543	8.68439	
0.973511	8.68469	
0.973816	8.68469	
0.977478	8.68439	
0.971375	8.68378	
0.971985	8.68439	
0.970764	8.68378	
0.978088	8.68469	
0.97229	8.68469	
0.973511	8.68469	
0.9729	8.68408	
0.968018	8.68439	
0.97229	8.68469	
0.970154	8.68469	
0.970764	8.68408	
0.968018	8.68408	
0.972595	8.6853	
0.968323	8.68439	
0.970764	8.68408	
0.973206	8.68439	
0.973206	8.68408	
0.970154	8.68408	
0.971985	8.68469	
0.968933	8.68439	
0.970764	8.68469	
0.973511	8.68439	
0.974121	8.68408	
0.971985	8.68408	
0.969543	8.68378	
0.97168	8.68439	
0.973511	8.68378	
0.97168	8.68469	
0.970459	8.68408	
0.969238	8.68408	
0.972595	8.68561	
0.969238	8.68378	
0.969849	8.68439	
0.968628	8.68347	
0.971069	8.68408	
0.97168	8.68439	
0.971375	8.68378	
0.968323	8.68347	
0.97168	8.68347	
0.968018	8.68317	
0.972595	8.68408	
0.973206	8.68347	
0.9729	8.68347	
0.968933	8.68317	
0.970154	8.68439	
0.971069	8.68347	
0.973511	8.68317	
0.97229	8.68347	
0.970764	8.68317	
0.970459	8.68317	
0.97168	8.68439	
0.971375	8.68439	
0.971069	8.68347	
0.971985	8.68347	
0.977173	8.68408	
0.974121	8.68347	
0.973511	8.68317	
0.972595	8.68317	
0.968323	8.68378	
0.968323	8.685	
0.971985	8.68439	
0.97168	8.68469	
0.977173	8.68439	
0.97168	8.68408	
0.973511	8.68378	
0.971985	8.68378	
0.970764	8.68408	
0.975647	8.68378	
0.974731	8.68408	
0.97229	8.68317	
0.97229	8.68347	
0.9729	8.68317	
0.969849	8.68317	
0.969543	8.68408	
0.97229	8.68439	
0.975342	8.68439	
0.971069	8.68439	
0.97168	8.68378	
0.967712	8.68378	
0.9729	8.68378	
0.969238	8.68378	
0.971985	8.68408	
0.972595	8.68378	
0.976868	8.68378	
0.97168	8.68408	
0.973206	8.68286	
0.968933	8.68378	
0.977783	8.68378	
0.974426	8.68347	
0.97168	8.68317	
0.970764	8.68408	
0.969543	8.68317	
0.971985	8.68378	
0.971069	8.68439	
0.971069	8.68378	
0.969238	8.68378	
0.97168	8.68378	
0.968323	8.68378	
0.9729	8.68408	
0.973816	8.68439	
0.968628	8.68317	
0.969849	8.68378	
0.969849	8.68439	
0.97168	8.68378	
0.977478	8.68439	
0.973816	8.68408	
0.974426	8.68378	
0.97229	8.68317	
0.968323	8.68317	
0.969238	8.68317	
0.971375	8.68256	
0.971985	8.68378	
0.9729	8.68286	
0.975037	8.68317	
0.974121	8.68317	
0.973816	8.68347	
0.974121	8.68347	
0.974121	8.68317	
0.974426	8.68347	
0.971375	8.68317	
0.975647	8.68317	
0.97168	8.68347	
0.973511	8.68378	
0.973816	8.68378	
0.975952	8.68347	
0.969849	8.68347	
0.973206	8.68317	
0.969238	8.68317	
0.97229	8.68378	
0.971375	8.68378	
0.970764	8.68347	
0.971985	8.68408	
0.976257	8.68378	
0.971375	8.68439	
0.97229	8.68378	
0.97229	8.68347	
0.972595	8.68378	
0.974731	8.68347	
0.971985	8.68378	
0.970459	8.68286	
0.970154	8.68286	
0.970459	8.68317	
0.97168	8.68408	
0.978088	8.68347	
0.974121	8.68378	
0.974426	8.68408	
0.970764	8.68347	
0.968933	8.68317	
0.968933	8.68408	
0.973511	8.68378	
0.974426	8.68347	
0.968323	8.68317	
0.973206	8.68378	
0.969238	8.68317	
0.971069	8.68378	
0.971069	8.68347	
0.974121	8.68286	
0.9729	8.68317	
0.972595	8.68317	
0.969849	8.68317	
0.971985	8.68317	
0.968323	8.68347	
0.972595	8.68286	
0.974426	8.68378	
0.974731	8.68286	
0.973816	8.68286	
0.975037	8.68378	
0.969849	8.68317	
0.975037	8.68408	
0.969849	8.68317	
0.975342	8.68256	
0.973816	8.68378	
0.97168	8.68347	
0.969849	8.68347	
0.971985	8.68256	
0.972595	8.68408	
0.969238	8.68317	
0.974426	8.68378	
0.970764	8.68347	
0.975647	8.68347	
0.97229	8.68378	
0.97229	8.68347	
0.978088	8.68347	
0.973816	8.68347	
0.975037	8.68378	
0.97168	8.68256	
0.978088	8.68378	
0.974426	8.68317	
0.972595	8.68378	
0.97168	8.68378	
0.971985	8.68347	
0.977783	8.68347	
0.974121	8.68347	
0.975037	8.68347	
0.973206	8.68286	
0.976257	8.68256	
0.9729	8.68347	
0.970154	8.68286	
0.97229	8.68286	
0.974731	8.68378	
0.975342	8.68317	
0.971069	8.68286	
0.97229	8.68378	
0.973511	8.68317	
0.970764	8.68347	
0.974731	8.68378	
0.970154	8.68256	
0.975647	8.68347	
0.970764	8.68256	
0.97168	8.68286	
0.976257	8.68317	
0.975342	8.68286	
0.974731	8.68317	
0.972595	8.68317	
0.973511	8.68286	
0.9729	8.68256	
0.970154	8.68286	
0.971985	8.68317	
0.972595	8.68317	
0.976257	8.68347	
0.973206	8.68347	
0.9729	8.68378	
0.97168	8.68286	
0.973816	8.68286	
0.971985	8.68256	
0.972595	8.68317	
0.974731	8.68286	
0.969849	8.68286	
0.971985	8.68378	
0.973511	8.68317	
0.973206	8.68347	
0.973206	8.68378	
0.978088	8.68378	
0.974426	8.68408	
0.969543	8.68256	
0.975342	8.68408	
0.973511	8.68408	
0.969849	8.68317	
0.970154	8.68347	
0.974731	8.68378	
0.974426	8.68378	
0.970764	8.68347	
0.977478	8.68317	
0.974426	8.68378	
0.969543	8.68286	
0.972595	8.68286	
0.974731	8.68317	
0.970764	8.68286	
0.973206	8.68378	
0.974426	8.68286	
0.972595	8.68347	
0.973816	8.68439	
0.9729	8.68347	
0.970459	8.68286	
0.974121	8.68286	
0.975342	8.68225	
0.974121	8.68225	
0.97168	8.68225	
0.971985	8.68256	
0.973816	8.68256	
0.969849	8.68256	
0.973511	8.68256	
0.974426	8.68347	
0.971985	8.68256	
0.974121	8.68286	
0.976562	8.68286	
0.974426	8.68256	
0.973206	8.68256	
0.9729	8.68256	
0.977173	8.68256	
0.973206	8.68317	
0.969543	8.68225	
0.975952	8.68225	
0.973511	8.68317	
0.970459	8.68195	
0.976562	8.68347	
0.975342	8.68347	
0.974121	8.68286	
0.97229	8.68256	
0.979004	8.68195	
0.973816	8.68286	
0.970459	8.68256	
0.973816	8.68286	
0.975342	8.68256	
0.970459	8.68256	
0.971069	8.68317	
0.973511	8.68256	
0.973206	8.68286	
0.969849	8.68256	
0.974426	8.68225	
0.970459	8.68286	
0.975647	8.68347	
0.975037	8.68347	
0.973816	8.68195	
0.970764	8.68286	
0.973206	8.68256	
0.972595	8.68317	
0.969543	8.68286	
0.977173	8.68286	
0.975952	8.68317	
0.97229	8.68286	
0.972595	8.68256	
0.975037	8.68256	
0.974731	8.68347	
0.969849	8.68317	
0.973206	8.68317	
0.974121	8.68256	
0.970764	8.68225	
0.974426	8.68225	
0.971985	8.68286	
0.974426	8.68286	
0.974121	8.68256	
0.970459	8.68256	
0.971985	8.68347	
0.9729	8.68164	
0.974426	8.68286	
0.970154	8.68286	
0.974426	8.68347	
0.972595	8.68256	
0.974731	8.68256	
0.974426	8.68256	
0.97168	8.68225	
0.975342	8.68317	
0.975647	8.68347	
0.974121	8.68317	
0.973206	8.68286	
0.969849	8.68225	
0.975952	8.68347	
0.975647	8.68256	
0.9729	8.68256	
0.9729	8.68225	
0.974121	8.68317	
0.975342	8.68225	
0.970459	8.68256	
0.971985	8.68225	
0.975647	8.68256	
0.973206	8.68286	
0.975952	8.68195	
0.974426	8.68286	
0.970459	8.68286	
0.97229	8.68256	
0.975647	8.68317	
0.972595	8.68286	
0.970764	8.68317	
0.9729	8.68286	
0.973206	8.68286	
0.970459	8.68225	
0.974426	8.68317	
0.971375	8.68286	
0.975952	8.68164	
0.974731	8.68195	
0.9729	8.68195	
0.978699	8.68195	
0.972595	8.68286	
0.971985	8.68286	
0.973816	8.68256	
0.971069	8.68195	
0.977173	8.68256	
0.975952	8.68256	
0.969849	8.68134	
0.976257	8.68256	
0.975647	8.68256	
0.970764	8.68225	
0.97168	8.68195	
0.973206	8.68256	
0.975647	8.68225	
0.973816	8.68195	
0.973206	8.68225	
0.97229	8.68256	
0.975342	8.68195	
0.9729	8.68256	
0.974731	8.68195	
0.979004	8.68195	
0.9729	8.68225	
0.975342	8.68225	
0.974426	8.68225	
0.980225	8.68256	
0.975952	8.68286	
0.9729	8.68286	
0.973511	8.68286	
0.973816	8.68256	
0.973206	8.68225	
0.970764	8.68225	
0.973206	8.68256	
0.974121	8.68195	
0.970764	8.68225	
0.974121	8.68317	
0.970154	8.68164	
0.974426	8.68286	
0.976257	8.68256	
0.973206	8.68225	
0.974426	8.68195	
0.975647	8.68256	
0.973206	8.68225	
0.971985	8.68256	
0.975342	8.68256	
0.9729	8.68225	
0.975647	8.68164	
0.975037	8.68256	
0.971375	8.68195	
0.971069	8.68195	
0.975037	8.68256	
0.975342	8.68225	
0.970764	8.68164	
0.975647	8.68225	
0.976868	8.68256	
0.976257	8.68225	
0.9729	8.68225	
0.972595	8.68225	
0.974731	8.68225	
0.975037	8.68286	
0.976257	8.68225	
0.973816	8.68195	
0.974731	8.68256	
0.974731	8.68164	
0.976868	8.68256	
0.976868	8.68225	
0.9729	8.68286	
0.9729	8.68195	
0.976868	8.68225	
0.97168	8.68256	
0.973816	8.68256	
0.973206	8.68164	
0.971375	8.68164	
0.976257	8.68195	
0.975952	8.68286	
0.975342	8.68164	
0.9729	8.68286	
0.975037	8.68256	
0.978394	8.68225	
0.976562	8.68286	
0.973206	8.68225	
0.974426	8.68286	
0.978699	8.68256	
0.976257	8.68164	
0.971985	8.68256	
0.974731	8.68256	
0.976562	8.68256	
0.971985	8.68195	
0.975037	8.68256	
0.974121	8.68225	
0.975952	8.68195	
0.970459	8.68134	
0.979614	8.68195	
0.974731	8.68195	
0.970764	8.68164	
0.974731	8.68256	
0.975342	8.68225	
0.970764	8.68195	
0.978394	8.68195	
0.974731	8.68286	
0.975647	8.68164	
0.974426	8.68256	
0.975037	8.68256	
0.973511	8.68164	
0.970764	8.68225	
0.974426	8.68286	
0.975952	8.68256	
0.971985	8.68195	
0.978699	8.68256	
0.974121	8.68256	
0.973816	8.68286	
0.973816	8.68225	
0.978699	8.68286	
0.975037	8.68286	
0.971069	8.68225	
0.976257	8.68256	
0.975952	8.68195	
0.971069	8.68286	
0.976562	8.68347	
0.974121	8.68256	
0.972595	8.68195	
0.974121	8.68225	
0.974121	8.68225	
0.974426	8.68256	
0.974121	8.68195	
0.973816	8.68286	
0.975647	8.68225	
0.970764	8.68164	
0.976868	8.68164	
0.975037	8.68195	
0.973816	8.68195	
0.974121	8.68225	
0.977783	8.68195	
0.975037	8.68317	
0.971069	8.68256	
0.975037	8.68164	
0.975037	8.68225	
0.975037	8.68195	
0.977173	8.68256	
0.973206	8.68286	
0.976562	8.68225	
0.976562	8.68164	
0.974426	8.68225	
0.97229	8.68195	
0.979309	8.68195	
0.975952	8.68286	
0.976868	8.68195	
0.973511	8.68256	
0.972595	8.68195	
0.977173	8.68286	
0.975952	8.68225	
0.975952	8.68225	
0.973816	8.68225	
0.976257	8.68195	
0.973511	8.68225	
0.971069	8.68195	
0.976868	8.68256	
0.972595	8.68256	
0.975952	8.68225	
0.972595	8.68225	
0.971375	8.68195	
0.976562	8.68195	
0.975342	8.68164	
0.970459	8.68164	
0.974121	8.68195	
0.972595	8.68286	
0.976868	8.68195	
0.975647	8.68225	
0.971069	8.68164	
0.978699	8.68195	
0.975037	8.68134	
0.976562	8.68286	
0.971375	8.68195	
0.975952	8.68164	
0.976257	8.68164	
0.977173	8.68134	
0.972595	8.68103	
0.974121	8.68164	
0.979309	8.68164	
0.97229	8.68134	
0.973206	8.68164	
0.975037	8.68164	
0.969849	8.68134	
0.973206	8.68164	
0.971069	8.68164	
0.974426	8.68103	
0.973206	8.68103	
0.974121	8.68073	
0.978088	8.68164	
0.975647	8.68073	
0.975647	8.68164	
0.974426	8.68164	
0.979614	8.68164	
0.972595	8.68073	
0.977478	8.68164	
0.972595	8.68103	
0.976562	8.68225	
0.975647	8.68134	
0.971069	8.68164	
0.977173	8.68164	
0.975037	8.68073	
0.973816	8.68195	
0.971985	8.68073	
0.978699	8.68164	
0.975952	8.68195	
0.970764	8.68195	
0.978088	8.68225	
0.974426	8.68195	
0.975952	8.68225	
0.978394	8.68164	
0.97229	8.68134	
0.973816	8.68225	
0.976257	8.68164	
0.972595	8.68134	
0.98053	8.68164	
0.974121	8.68286	
0.976868	8.68195	
0.97168	8.68195	
0.977478	8.68225	
0.973206	8.68195	
0.976868	8.68195	
0.973816	8.68164	
0.979004	8.68195	
0.976562	8.68164	
0.974426	8.68134	
0.974426	8.68195	
0.971069	8.68164	
0.976868	8.68164	
0.976562	8.68164	
0.974121	8.68164	
0.974731	8.68225	
0.975952	8.68103	
0.9729	8.68134	
0.9729	8.68195	
0.976562	8.68195	
0.976562	8.68225	
0.973206	8.68164	
0.974121	8.68195	
0.974731	8.68164	
0.971069	8.68164	
0.975647	8.68103	
0.975952	8.68195	
0.972595	8.68164	
0.978088	8.68195	
0.976257	8.68073	
0.973511	8.68073	
0.976562	8.68164	
0.975037	8.68164	
0.97168	8.68164	
0.979004	8.68164	
0.976257	8.68164	
0.97229	8.68164	
0.978088	8.68042	
0.977478	8.68134	
0.973206	8.68042	
0.976868	8.68073	
0.974121	8.68103	
0.978088	8.68134	
0.974731	8.68011	
0.975342	8.68164	
0.97168	8.68073	
0.975342	8.68073	
0.976868	8.6795	
0.971985	8.68134	
0.978088	8.68103	
0.974426	8.68073	
0.977173	8.68164	
0.97229	8.68042	
0.979309	8.68164	
0.974426	8.68134	
0.975952	8.68073	
0.976868	8.68164	
0.974121	8.68164	
0.979614	8.68134	
0.977173	8.68134	
0.978088	8.68195	
0.973206	8.68134	
0.978088	8.68134	
0.974731	8.68103	
0.976257	8.68042	
0.974121	8.68164	
0.974731	8.68164	
0.977478	8.68103	
0.977783	8.68164	
0.975342	8.68134	
0.978699	8.68134	
0.975952	8.68164	
0.978088	8.68164	
0.973206	8.68103	
0.978088	8.68164	
0.976562	8.68103	
0.977173	8.68103	
0.973206	8.68134	
0.977173	8.68195	
0.975952	8.68164	
0.976257	8.68164	
0.975952	8.68042	
0.975647	8.68195	
0.97229	8.68103	
0.98175	8.68134	
0.976257	8.68073	
0.972595	8.68134	
0.978699	8.68134	
0.974731	8.68073	
0.977478	8.68134	
0.975952	8.68134	
0.977478	8.68256	
0.974121	8.68103	
0.978699	8.68103	
0.975037	8.68164	
0.976868	8.68164	
0.974731	8.68164	
0.978394	8.68073	
0.976868	8.68134	
0.978394	8.68195	
0.972595	8.68073	
0.978088	8.68073	
0.977478	8.68103	
0.975647	8.68073	
0.981445	8.68195	
0.9729	8.68073	
0.979004	8.68164	
0.974731	8.68164	
0.977478	8.68073	
0.975342	8.68042	
0.970764	8.68042	
0.98175	8.68195	
0.975647	8.68195	
0.9729	8.68164	
0.977783	8.68134	
0.974426	8.68134	
0.976257	8.68134	
0.973511	8.68134	
0.979614	8.68195	
0.978394	8.68164	
0.974426	8.68134	
0.976868	8.68164	
0.975647	8.68195	
0.973816	8.68103	
0.98114	8.68195	
0.974731	8.68256	
0.977478	8.68103	
0.977783	8.68164	
0.974121	8.68225	
0.976257	8.68195	
0.975037	8.68103	
0.974426	8.68073	
0.977478	8.68073	
0.974121	8.68073	
0.974731	8.68042	
0.977173	8.68011	
0.975952	8.68042	
0.973816	8.68073	
0.976257	8.68073	
0.978088	8.68164	
0.97229	8.68073	
0.976868	8.68073	
0.973511	8.68134	
0.976868	8.68103	
0.974426	8.68042	
0.979309	8.68134	
0.972595	8.68134	
0.977173	8.68164	
0.975342	8.68164	
0.977173	8.68195	
0.975952	8.68042	
0.97168	8.68073	
0.98114	8.68073	
0.975952	8.68164	
0.976868	8.68073	
0.973206	8.68073	
0.978394	8.68103	
0.974426	8.68103	
0.975037	8.68073	
0.976868	8.68103	
0.972595	8.68042	
0.979614	8.68073	
0.979614	8.68164	
0.973206	8.68103	
0.974426	8.68042	
0.977478	8.68073	
0.975037	8.68042	
0.9729	8.68103	
0.982056	8.68134	
0.975342	8.68103	
0.978394	8.68073	
0.974426	8.68103	
0.975647	8.68042	
0.976868	8.68042	
0.973816	8.68042	
0.977478	8.68134	
0.980225	8.68134	
0.977478	8.68103	
0.974426	8.68103	
0.978088	8.68134	
0.975037	8.68164	
0.976868	8.68164	
0.979919	8.68164	
0.974731	8.68042	
0.97168	8.68042	
0.977783	8.68073	
0.974426	8.68195	
0.976562	8.68073	
0.975952	8.68103	
0.972595	8.68042	
0.979614	8.68011	
0.97229	8.68042	
0.976562	8.68073	
0.976868	8.68103	
0.974426	8.68134	
0.973511	8.68103	
0.98114	8.68103	
0.978394	8.68134	
0.974731	8.68103	
0.978088	8.68103	
0.975037	8.68042	
0.978088	8.68073	
0.976257	8.68073	
0.975342	8.68073	
0.979309	8.68134	
0.976562	8.68042	
0.975342	8.68073	
0.977173	8.68073	
0.975647	8.68042	
0.974121	8.68103	
0.975342	8.68011	
0.978699	8.68164	
0.978088	8.68073	
0.974426	8.68042	
0.977478	8.68073	
0.975342	8.68011	
0.978088	8.68103	
0.975647	8.68103	
0.974731	8.68103	
0.975952	8.68134	
0.975037	8.68073	
0.976562	8.68073	
0.978088	8.67981	
0.976562	8.68073	
0.973206	8.68042	
0.981445	8.68042	
0.975342	8.68073	
0.975952	8.68103	
0.976868	8.68134	
0.977478	8.68073	
0.978394	8.68164	
0.975647	8.68042	
0.98114	8.68073	
0.973816	8.68134	
0.978699	8.68073	
0.976562	8.68042	
0.976562	8.68134	
0.976257	8.68073	
0.9729	8.68042	
0.975647	8.68011	
0.979004	8.68164	
0.979309	8.68134	
0.973511	8.68134	
0.978088	8.68073	
0.977173	8.68042	
0.975952	8.68011	
0.979919	8.68073	
0.975952	8.68011	
0.976257	8.68011	
0.975952	8.68042	
0.978699	8.68073	
0.976562	8.68042	
0.972595	8.68042	
0.980225	8.68011	
0.978699	8.68103	
0.975647	8.68164	
0.974731	8.68042	
0.978699	8.68011	
0.975647	8.68073	
0.977783	8.68073	
0.975342	8.68011	
0.979614	8.68073	
0.973206	8.68073	
0.974731	8.68042	
0.976257	8.68011	
0.979004	8.68103	
0.976257	8.68011	
0.973816	8.68011	
0.977478	8.68011	
0.976257	8.68103	
0.977173	8.67981	
0.976257	8.68073	
0.975952	8.68103	
0.977173	8.68073	
0.976868	8.68103	
0.979309	8.68103	
0.977173	8.68134	
0.979004	8.68042	
0.977478	8.68134	
0.977478	8.68134	
0.975647	8.68073	
0.982361	8.68073	
0.977478	8.68073	
0.978699	8.68103	
0.976868	8.68073	
0.974426	8.68042	
0.978699	8.68164	
0.975952	8.68103	
0.977783	8.68042	
0.977173	8.68164	
0.980835	8.68103	
0.976257	8.68103	
0.979309	8.68134	
0.976562	8.68134	
0.977783	8.68073	
0.976257	8.68164	
0.9729	8.68011	
0.975952	8.68103	
0.978699	8.68103	
0.976257	8.68164	
0.977783	8.68103	
0.978394	8.68164	
0.976562	8.68042	
0.978394	8.68103	
0.975037	8.68073	
0.975647	8.68042	
0.976257	8.68073	
0.974426	8.68103	
0.976868	8.68103	
0.978699	8.68134	
0.976562	8.68073	
0.972595	8.68042	
0.982361	8.68042	
0.977173	8.68103	
0.977478	8.68073	
0.973206	8.68134	
0.979004	8.68164	
0.975037	8.68042	
0.978699	8.68042	
0.973816	8.68103	
0.979004	8.68011	
0.978699	8.68073	
0.975342	8.68103	
0.975342	8.68103	
0.978088	8.68073	
0.975647	8.68042	
0.973206	8.68134	
0.973206	8.68011	
0.982056	8.68134	
0.976257	8.68103	
0.979004	8.68134	
0.974426	8.68073	
0.978699	8.68042	
0.976257	8.68134	
0.976868	8.68073	
0.979614	8.68073	
0.976257	8.68073	
0.974121	8.68073	
0.979919	8.67981	
0.976562	8.68011	
0.978088	8.68042	
0.977478	8.67981	
0.978699	8.67981	
0.976562	8.68011	
0.978088	8.68011	
0.974121	8.68011	
0.98114	8.68134	
0.978699	8.68073	
0.974121	8.67981	
0.979614	8.68011	
0.976562	8.68011	
0.979309	8.68011	
0.976257	8.67981	
0.982361	8.67981	
0.974426	8.68042	
0.976257	8.68011	
0.976562	8.68011	
0.978088	8.68011	
0.976868	8.67981	
0.977478	8.68042	
0.976257	8.68011	
0.972595	8.68042	
0.982971	8.68073	
0.976868	8.68042	
0.977783	8.68042	
0.979004	8.68042	
0.977783	8.68011	
0.979919	8.68103	
0.976257	8.68011	
0.975037	8.68073	
0.978088	8.68011	
0.977173	8.68073	
0.978088	8.68011	
0.979919	8.68011	
0.974731	8.68011	
0.979309	8.68103	
0.978088	8.67981	
0.978088	8.67981	
0.979919	8.67981	
0.977173	8.67981	
0.975037	8.68073	
0.973511	8.6795	
0.982361	8.68042	
0.976257	8.68042	
0.978699	8.68042	
0.975037	8.68103	
0.976257	8.68011	
0.979004	8.68011	
0.975342	8.67981	
0.977173	8.68103	
0.978699	8.68103	
0.977173	8.68042	
0.975952	8.68073	
0.982056	8.68103	
0.975342	8.68011	
0.979004	8.68042	
0.976868	8.68073	
0.977783	8.68073	
0.976868	8.68011	
0.975037	8.68011	
0.979919	8.68042	
0.978088	8.68073	
0.978394	8.68042	
0.974731	8.68011	
0.977173	8.68011	
0.978088	8.68042	
0.976562	8.68011	
0.975647	8.67981	
0.978699	8.68042	
0.977783	8.68042	
0.977478	8.68011	
0.982056	8.68011	
0.98175	8.67981	
0.976562	8.6795	
0.977478	8.68011	
0.977478	8.6795	
0.978699	8.67981	
0.976562	8.67981	
0.974426	8.67981	
0.973206	8.6795	
0.982361	8.67981	
0.978699	8.67981	
0.979004	8.68011	
0.977783	8.67981	
0.973511	8.67981	
0.975342	8.6792	
0.979919	8.6795	
0.975647	8.67981	
0.979004	8.68011	
0.974121	8.67981	
0.976868	8.67981	
0.979919	8.67981	
0.974731	8.67981	
0.979309	8.6795	
0.978394	8.67981	
0.977478	8.67981	
0.975952	8.6795	
0.975037	8.67889	
0.982971	8.68042	
0.979614	8.68011	
0.979919	8.6795	
0.977783	8.67981	
0.976257	8.68011	
0.976562	8.67981	
0.978394	8.67981	
0.975952	8.67981	
0.977478	8.6792	
0.978394	8.67981	
0.976868	8.68011	
0.975037	8.68042	
0.978699	8.6795	
0.98114	8.68042	
0.976257	8.67981	
0.978088	8.68011	
0.975952	8.68042	
0.976868	8.6795	
0.978699	8.68042	
0.978699	8.68011	
0.977783	8.6795	
0.973206	8.67889	
0.98175	8.6795	
0.978394	8.68011	
0.977478	8.68011	
0.975647	8.6795	
0.974731	8.6795	
0.976868	8.67981	
0.978394	8.68011	
0.976257	8.6795	
0.977478	8.6795	
0.978699	8.68011	
0.977173	8.67859	
0.975037	8.6792	
0.981445	8.6795	
0.976562	8.6795	
0.979004	8.6795	
0.976868	8.68011	
0.977478	8.67981	
0.977783	8.67981	
0.977173	8.6795	
0.973511	8.6795	
0.975647	8.6795	
0.979004	8.68042	
0.978088	8.68011	
0.978394	8.68011	
0.973206	8.68011	
0.975647	8.6795	
0.979919	8.67981	
0.975952	8.68011	
0.978394	8.68011	
0.975647	8.67981	
0.976562	8.67981	
0.98175	8.67981	
0.974731	8.67981	
0.977478	8.68011	
0.979004	8.6795	
0.976562	8.68011	
0.979309	8.68042	
0.978394	8.68011	
0.974426	8.67981	
0.983582	8.68011	
0.978699	8.68011	
0.977478	8.68011	
0.979919	8.68042	
0.975647	8.6795	
0.975342	8.68042	
0.979919	8.68073	
0.976257	8.67981	
0.976257	8.68011	
0.977783	8.6792	
0.979309	8.6792	
0.976868	8.67981	
0.975037	8.68011	
0.982056	8.68011	
0.976257	8.68042	
0.978394	8.68011	
0.977173	8.68042	
0.979309	8.68011	
0.979309	8.68042	
0.977478	8.6795	
0.976868	8.68011	
0.983276	8.67981	
0.977173	8.68042	
0.977173	8.68042	
0.977478	8.6792	
0.978088	8.68011	
0.975952	8.68073	
0.978699	8.68011	
0.973206	8.68042	
0.975037	8.67981	
0.982056	8.68073	
0.975647	8.68073	
0.978394	8.68011	
0.979309	8.67981	
0.976868	8.67981	
0.978088	8.68042	
0.976868	8.68073	
0.977783	8.68011	
0.979919	8.6795	
0.978088	8.68011	
0.978699	8.68073	
0.974121	8.68011	
0.979614	8.68011	
0.977783	8.68011	
0.975952	8.68011	
0.978699	8.68042	
0.973816	8.67981	
0.98053	8.6795	
0.978088	8.67889	
0.979004	8.68042	
0.978699	8.6792	
0.976868	8.6795	
0.979614	8.6795	
0.978699	8.68011	
0.977783	8.68011	
0.974731	8.6792	
0.982361	8.68011	
0.977173	8.6795	
0.978394	8.67981	
0.974731	8.67981	
0.979614	8.6792	
0.977173	8.67889	
0.979309	8.68042	
0.978699	8.67889	
0.974731	8.67889	
0.974121	8.6792	
0.979309	8.6792	
0.982666	8.6792	
0.975647	8.67889	
0.977478	8.68011	
0.978699	8.6792	
0.978699	8.67889	
0.978394	8.67981	
0.974731	8.67889	
0.982361	8.6795	
0.979309	8.68042	
0.979614	8.6792	
0.977173	8.67889	
0.974731	8.6792	
0.980835	8.6792	
0.979004	8.67889	
0.975952	8.67981	
0.979004	8.67981	
0.974426	8.6792	
0.982056	8.67889	
0.98053	8.6795	
0.975037	8.6795	
0.979309	8.6792	
0.979614	8.68011	
0.977783	8.6795	
0.976257	8.68011	
0.975952	8.6792	
0.979919	8.67981	
0.983582	8.68011	
0.982971	8.68011	
0.98114	8.67981	
0.979919	8.68011	
0.974731	8.6795	
0.978088	8.67981	
0.980225	8.6795	
0.977173	8.68011	
0.976868	8.6795	
0.979614	8.67981	
0.975647	8.6795	
0.982666	8.68042	
0.978699	8.6795	
0.975647	8.67981	
0.98053	8.68011	
0.977478	8.67981	
0.979004	8.67981	
0.978088	8.6795	
0.974426	8.68011	
0.975037	8.6795	
0.983276	8.6792	
0.983887	8.68011	
0.979004	8.68011	
0.978699	8.68011	
0.980835	8.68011	
0.975647	8.68011	
0.98114	8.67981	
0.977173	8.67981	
0.979309	8.68011	
0.979309	8.67981	
0.975342	8.67981	
0.979614	8.67981	
0.978699	8.68011	
0.975647	8.67981	
0.979919	8.67981	
0.977173	8.68011	
0.978088	8.6795	
0.980225	8.67981	
0.978699	8.6795	
0.978394	8.68011	
0.975037	8.6792	
0.977783	8.67981	
0.98114	8.6795	
0.978699	8.67981	
0.98114	8.67981	
0.975342	8.67889	
0.975037	8.6792	
0.979919	8.6792	
0.979614	8.67889	
0.980225	8.6792	
0.979614	8.67981	
0.977478	8.6792	
0.978699	8.67981	
0.982666	8.67981	
0.978088	8.6795	
0.977783	8.6792	
0.979614	8.67889	
0.978394	8.6792	
0.979919	8.6792	
0.979309	8.67859	
0.978394	8.67889	
0.975342	8.6792	
0.984192	8.67828	
0.984802	8.67981	
0.979004	8.67889	
0.979309	8.6795	
0.976562	8.67889	
0.98114	8.67981	
0.979309	8.6792	
0.978088	8.67859	
0.979614	8.67981	
0.975647	8.67889	
0.982971	8.6795	
0.976257	8.67889	
0.979919	8.6795	
0.977783	8.6792	
0.980835	8.6792	
0.978088	8.6792	
0.974426	8.6795	
0.979919	8.6792	
0.982971	8.67889	
0.98175	8.6795	
0.980225	8.6795	
0.975342	8.6795	
0.975037	8.6795	
0.979004	8.6795	
0.981445	8.6795	
0.979309	8.6795	
0.977173	8.67981	
0.980225	8.6795	
0.979614	8.6792	
0.978699	8.67889	
0.978394	8.67889	
0.974731	8.67889	
0.982971	8.6792	
0.982361	8.67889	
0.98175	8.6792	
0.975952	8.6795	
0.979919	8.67889	
0.979919	8.67981	
0.977783	8.6795	
0.979614	8.6795	
0.979309	8.6795	
0.978699	8.68011	
0.975342	8.6792	
0.976868	8.68011	
0.983887	8.67981	
0.982361	8.6795	
0.978088	8.67981	
0.979614	8.6792	
0.975037	8.6795	
0.975342	8.6795	
0.977173	8.6795	
0.980225	8.6792	
0.977783	8.68011	
0.979004	8.6795	
0.975647	8.6792	
0.98114	8.6795	
0.980225	8.6792	
0.975342	8.6795	
0.981445	8.67981	
0.979614	8.67889	
0.977783	8.6792	
0.98053	8.68011	
0.978699	8.6795	
0.975037	8.6795	
0.979004	8.67859	
0.98175	8.67889	
0.979614	8.67981	
0.979919	8.6792	
0.975342	8.6795	
0.975952	8.6795	
0.980835	8.6792	
0.979614	8.6792	
0.977783	8.6795	
0.976868	8.67889	
0.977478	8.67828	
0.979614	8.67981	
0.979004	8.6792	
0.976868	8.67981	
0.975952	8.67981	
0.982666	8.68011	
0.983887	8.67981	
0.979919	8.68011	
0.98175	8.67981	
0.977173	8.67981	
0.979614	8.6795	
0.979614	8.67981	
0.98053	8.6792	
0.979309	8.6792	
0.978088	8.6795	
0.978088	8.6795	
0.978699	8.6792	
0.98053	8.6792	
0.979004	8.67859	
0.978088	8.6792	
0.976868	8.67889	
0.978394	8.67859	
0.985107	8.68011	
0.978699	8.67889	
0.981445	8.67889	
0.98175	8.67889	
0.980225	8.6792	
0.976257	8.6792	
0.977783	8.67981	
0.979919	8.6792	
0.98053	8.67859	
0.98114	8.67828	
0.979614	8.67889	
0.980225	8.6795	
0.976868	8.6792	
0.978394	8.67889	
0.979919	8.67889	
0.979614	8.67889	
0.979309	8.67889	
0.979919	8.6792	
0.979004	8.67889	
0.977173	8.6792	
0.975952	8.67859	
0.975647	8.6792	
0.982971	8.6792	
0.978394	8.6792	
0.975342	8.6792	
0.977783	8.67889	
0.980225	8.6795	
0.979004	8.67859	
0.978088	8.67889	
0.980225	8.67828	
0.978394	8.6795	
0.977173	8.67889	
0.976257	8.67859	
0.983887	8.67889	
0.979614	8.6792	
0.978088	8.67889	
0.98053	8.6795	
0.979614	8.67889	
0.976562	8.67889	
0.977173	8.67889	
0.977783	8.6792	
0.980225	8.67889	
0.979919	8.67889	
0.978088	8.67981	
0.979614	8.6795	
0.979919	8.67889	
0.977478	8.67981	
0.975647	8.6792	
0.977173	8.6792	
0.984192	8.67889	
0.975037	8.67889	
0.976562	8.6792	
0.98175	8.67859	
0.98053	8.67798	
0.978088	8.6795	
0.979919	8.6792	
0.978394	8.67859	
0.979004	8.67889	
0.976257	8.6792	
0.974731	8.67859	
0.98053	8.67859	
0.984802	8.6795	
0.978699	8.6792	
0.978088	8.67889	
0.979004	8.67889	
0.975647	8.67859	
0.976868	8.67889	
0.98175	8.67889	
0.978088	8.67859	
0.978699	8.6795	
0.979919	8.67889	
0.979919	8.6792	
0.979004	8.67889	
0.977173	8.67828	
0.975647	8.67828	
0.978699	8.67859	
0.981445	8.67859	
0.975647	8.67859	
0.979919	8.67889	
0.979919	8.67889	
0.977783	8.6792	
0.980835	8.67889	
0.979309	8.6795	
0.979614	8.67798	
0.979614	8.67889	
0.975037	8.67798	
0.975342	8.67767	
0.976257	8.67828	
0.98114	8.67828	
0.982971	8.67889	
0.982056	8.67859	
0.983582	8.6795	
0.979309	8.67889	
0.98175	8.67981	
0.979919	8.6792	
0.98053	8.67981	
0.98053	8.67981	
0.977173	8.6795	
0.978699	8.6795	
0.980835	8.6792	
0.98175	8.6795	
0.978394	8.6792	
0.981445	8.67889	
0.981445	8.67828	
0.98053	8.67798	
0.979614	8.67828	
0.975952	8.67828	
0.982971	8.67859	
0.979919	8.67889	
0.978699	8.67859	
0.981445	8.6792	
0.978699	8.67859	
0.980225	8.67889	
0.981445	8.67889	
0.98114	8.67828	
0.978699	8.67859	
0.979309	8.67859	
0.975952	8.67859	
0.977478	8.6792	
0.984802	8.6792	
0.977783	8.6795	
0.979614	8.6795	
0.982361	8.6795	
0.98053	8.6792	
0.977478	8.6792	
0.977478	8.67981	
0.977783	8.67828	
0.979919	8.67859	
0.982056	8.67859	
0.979309	8.67798	
0.978699	8.67889	
0.98114	8.67828	
0.980225	8.67828	
0.977173	8.67828	
0.976868	8.67828	
0.978088	8.67798	
0.98053	8.67889	
0.983276	8.67828	
0.983582	8.67859	
0.982361	8.6792	
0.978088	8.6792	
0.978088	8.67859	
0.981445	8.67889	
0.980225	8.67889	
0.98114	8.67889	
0.979004	8.67859	
0.979309	8.67798	
0.978394	8.67798	
0.975342	8.67859	
0.977783	8.67798	
0.98053	8.6792	
0.984802	8.67828	
0.984802	8.67889	
0.98175	8.67859	
0.980835	8.67859	
0.979614	8.67889	
0.981445	8.6792	
0.98175	8.6792	
0.98175	8.67798	
0.979309	8.67859	
0.976562	8.67889	
0.978088	8.6792	
0.98175	8.67767	
0.979309	8.67889	
0.979309	8.67859	
0.98175	8.67828	
0.977783	8.67859	
0.978088	8.67798	
0.983582	8.67828	
0.984497	8.6792	
0.979919	8.67859	
0.977173	8.6792	
0.976257	8.67889	
0.978699	8.67859	
0.981445	8.67828	
0.978394	8.67859	
0.980225	8.67798	
0.98114	8.67859	
0.979309	8.67828	
0.979919	8.67889	
0.977783	8.67798	
0.976868	8.67828	
0.984802	8.6795	
0.979309	8.67859	
0.981445	8.67859	
0.978699	8.67889	
0.976562	8.67798	
0.982056	8.67828	
0.978394	8.67828	
0.978394	8.67859	
0.979919	8.6792	
0.980225	8.67798	
0.977478	8.67859	
0.978088	8.67828	
0.981445	8.67859	
0.982666	8.67828	
0.976257	8.67859	
0.978088	8.67828	
0.982056	8.67859	
0.982361	8.67798	
0.979309	8.67889	
0.979919	8.67828	
0.98175	8.67859	
0.98114	8.67798	
0.980225	8.67859	
0.979919	8.67798	
0.977173	8.67767	
0.977783	8.67737	
0.98053	8.67767	
0.982056	8.67798	
0.984497	8.67828	
0.985718	8.67798	
0.984802	8.6792	
0.981445	8.67828	
0.98053	8.67828	
0.978699	8.6792	
0.981445	8.67889	
0.98175	8.67828	
0.979004	8.67859	
0.979919	8.67828	
0.979309	8.67859	
0.980835	8.67859	
0.979614	8.67767	
0.979919	8.67889	
0.982666	8.67828	
0.982056	8.67859	
0.979614	8.67798	
0.979614	8.67767	
0.976562	8.67767	
0.977173	8.67798	
0.979004	8.67828	
0.982056	8.67828	
0.982361	8.67737	
0.982361	8.67767	
0.980835	8.67859	
0.98175	8.67798	
0.98114	8.67798	
0.978699	8.67828	
0.978394	8.67828	
0.978699	8.67767	
0.980225	8.67767	
0.980225	8.67828	
0.982056	8.67767	
0.981445	8.67798	
0.98175	8.67828	
0.982056	8.67859	
0.982056	8.67828	
0.98053	8.6792	
0.980225	8.67859	
0.978394	8.67828	
0.976562	8.67798	
0.979614	8.67737	
0.977783	8.67798	
0.978088	8.67859	
0.979919	8.67889	
0.979004	8.67767	
0.979919	8.67828	
0.98053	8.67828	
0.978394	8.67767	
0.977783	8.67798	
0.979309	8.67798	
0.976257	8.67828	
0.976868	8.67767	
0.976868	8.67767	
0.979004	8.67737	
0.982666	8.67798	
0.984192	8.67798	
0.982056	8.67798	
0.984497	8.67767	
0.985413	8.67798	
0.982361	8.67828	
0.977478	8.67828	
0.980225	8.67828	
0.979614	8.67798	
0.978394	8.67859	
0.977478	8.67798	
0.98114	8.67798	
0.982666	8.67859	
0.98175	8.67798	
0.979919	8.67859	
0.98053	8.67767	
0.979919	8.67767	
0.979614	8.67767	
0.98114	8.67828	
0.98175	8.67889	
0.980225	8.67828	
0.979309	8.67828	
0.980225	8.67828	
0.980225	8.67889	
0.979614	8.67889	
0.979309	8.67889	
0.979309	8.67798	
0.979309	8.67859	
0.980225	8.67828	
0.98053	8.67798	
0.979919	8.67828	
0.979919	8.67828	
0.980225	8.67798	
0.978699	8.67828	
0.978699	8.67798	
0.977173	8.67859	
0.978394	8.67798	
0.979919	8.67828	
0.978394	8.67767	
0.977173	8.67737	
0.976868	8.67767	
0.975952	8.67798	
0.977783	8.67798	
0.984192	8.67767	
0.983887	8.67828	
0.982666	8.67828	
0.982361	8.67767	
0.983276	8.67798	
0.979919	8.67767	
0.980225	8.67859	
0.982666	8.67737	
0.977173	8.67737	
0.98053	8.67767	
0.980225	8.67767	
0.982666	8.67767	
0.982971	8.67798	
0.981445	8.67737	
0.98175	8.67737	
0.98175	8.67798	
0.979919	8.67767	
0.982971	8.67767	
0.982666	8.67828	
0.98175	8.67737	
0.982666	8.67706	
0.981445	8.67798	
0.982056	8.67798	
0.98053	8.67706	
0.982361	8.67767	
0.982666	8.67767	
0.981445	8.67767	
0.982971	8.67767	
0.982361	8.67737	
0.982056	8.67706	
0.982666	8.67706	
0.98175	8.67798	
0.982056	8.67767	
0.980225	8.67767	
0.979614	8.67798	
0.982971	8.67798	
0.982666	8.67798	
0.981445	8.67798	
0.98175	8.67828	
0.979309	8.67859	
0.979919	8.67767	
0.979614	8.67798	
0.98175	8.67828	
0.982971	8.67889	
0.98175	8.67737	
0.982056	8.67828	
0.98114	8.67828	
0.981445	8.67828	
0.980835	8.67798	
0.979614	8.67828	
0.978699	8.67859	
0.979919	8.67798	
0.978088	8.67828	
0.980225	8.67767	
0.979309	8.67767	
0.980225	8.67859	
0.981445	8.67737	
0.98114	8.67828	
0.98175	8.67798	
0.981445	8.67859	
0.977783	8.67737	
0.979919	8.67828	
0.984497	8.67859	
0.985107	8.67828	
0.983887	8.67798	
0.979614	8.67737	
0.982666	8.67859	
0.98053	8.67828	
0.984192	8.67798	
0.985413	8.67767	
0.98175	8.67828	
0.977783	8.67828	
0.979309	8.67798	
0.977783	8.67767	
0.979919	8.67889	
0.981445	8.67828	
0.979614	8.67767	
0.98175	8.67859	
0.982056	8.67828	
0.980225	8.67859	
0.981445	8.67828	
0.982361	8.67798	
0.98053	8.6792	
0.98114	8.67859	
0.979614	8.67828	
0.980225	8.67798	
0.979309	8.67798	
0.976257	8.67767	
0.977173	8.67859	
0.985413	8.67859	
0.986328	8.67889	
0.982361	8.67767	
0.984497	8.67859	
0.985413	8.67828	
0.985718	8.67828	
0.979919	8.67828	
0.98175	8.67767	
0.982361	8.67859	
0.982361	8.67859	
0.982056	8.67889	
0.98114	8.67767	
0.976868	8.67767	
0.976868	8.67859	
0.977478	8.67859	
0.977173	8.67798	
0.98175	8.67767	
0.983276	8.67767	
0.982361	8.67737	
0.982361	8.67798	
0.982971	8.67737	
0.982666	8.67737	
0.982971	8.67737	
0.981445	8.67706	
0.98053	8.67737	
0.982361	8.67767	
0.980225	8.67767	
0.979309	8.67737	
0.979004	8.67798	
0.978394	8.67798	
0.979309	8.67859	
0.980835	8.67889	
0.98175	8.67798	
0.982361	8.67798	
0.98114	8.67767	
0.982666	8.67798	
0.98053	8.67828	
0.979919	8.67889	
0.980225	8.67798	
0.978699	8.67859	
0.979004	8.67798	
0.977783	8.67645	
0.977478	8.67645	
0.978394	8.67737	
0.980835	8.67706	
0.979309	8.67645	
0.983887	8.67706	
0.983582	8.67798	
0.979614	8.67798	
0.977783	8.67737	
0.977783	8.67737	
0.98114	8.67798	
0.982666	8.67706	
0.979919	8.67737	
0.979309	8.67737	
0.979309	8.67737	
0.980835	8.67737	
0.982361	8.67737	
0.982666	8.67737	
0.982361	8.67767	
0.981445	8.67767	
0.982361	8.67767	
0.982361	8.67737	
0.980835	8.67706	
0.980835	8.67767	
0.98175	8.67767	
0.982666	8.67767	
0.983276	8.67737	
0.982056	8.67706	
0.982971	8.67828	
0.979919	8.67767	
0.982361	8.67798	
0.982056	8.67737	
0.981445	8.67737	
0.980225	8.67737	
0.98053	8.67828	
0.980225	8.67767	
0.977173	8.67706	
0.978088	8.67737	
0.979919	8.67737	
0.98114	8.67706	
0.982971	8.67706	
0.982361	8.67706	
0.986633	8.67645	
0.981445	8.67737	
0.986633	8.67767	
0.985413	8.67767	
0.98114	8.67798	
0.98053	8.67737	
0.982971	8.67737	
0.980225	8.67767	
0.978088	8.67737	
0.977478	8.67706	
0.978699	8.67767	
0.978394	8.67767	
0.977173	8.67676	
0.979919	8.67737	
0.978088	8.67767	
0.978088	8.67737	
0.977173	8.67737	
0.978699	8.67645	
0.977783	8.67767	
0.980225	8.67615	
0.98114	8.67645	
0.979309	8.67706	
0.98053	8.67737	
0.983887	8.67737	
0.983276	8.67645	
0.983582	8.67706	
0.984497	8.67737	
0.979614	8.67706	
0.979919	8.67706	
0.98053	8.67737	
0.982056	8.67737	
0.982361	8.67737	
0.983276	8.67706	
0.982971	8.67706	
0.981445	8.67828	
0.979919	8.67767	
0.977783	8.67706	
0.978394	8.67706	
0.985107	8.67676	
0.981445	8.67706	
0.982666	8.67767	
0.985107	8.67676	
0.986023	8.67645	
0.978699	8.67767	
0.978394	8.67798	
0.980835	8.67767	
0.983276	8.67706	
0.982056	8.67706	
0.984192	8.67737	
0.982056	8.67645	
0.982361	8.67706	
0.981445	8.67859	
0.980225	8.67737	
0.982666	8.67706	
0.983276	8.67737	
0.983582	8.67676	
0.983582	8.67737	
0.982666	8.67706	
0.979614	8.67676	
0.979919	8.67706	
0.982056	8.67767	
0.982056	8.67737	
0.982056	8.67615	
0.979919	8.67706	
0.982666	8.67737	
0.979919	8.67737	
0.980835	8.67584	
0.98053	8.67676	
0.98053	8.67706	
0.980225	8.67645	
0.98053	8.67737	
0.983276	8.67676	
0.983276	8.67706	
0.981445	8.67676	
0.980225	8.67676	
0.980835	8.67676	
0.980835	8.67554	
0.982666	8.67737	
0.982361	8.67615	
0.979309	8.67767	
0.981445	8.67676	
0.981445	8.67706	
0.982056	8.67645	
0.98114	8.67645	
0.982056	8.67645	
0.98114	8.67706	
0.98053	8.67676	
0.98053	8.67706	
0.98114	8.67676	
0.98053	8.67645	
0.982361	8.67645	
0.981445	8.67645	
0.981445	8.67706	
0.983582	8.67706	
0.983276	8.67706	
0.983276	8.67615	
0.982056	8.67737	
0.98175	8.67676	
0.980835	8.67706	
0.98053	8.67706	
0.981445	8.67737	
0.981445	8.67645	
0.984192	8.67737	
0.983276	8.67706	
0.978699	8.67645	
0.978699	8.67645	
0.978088	8.67706	
0.983582	8.67706	
0.98114	8.67645	
0.978088	8.67615	
0.98053	8.67706	
0.979004	8.67706	
0.978699	8.67676	
0.979919	8.67615	
0.979004	8.67706	
0.98053	8.67645	
0.984497	8.67706	
0.986328	8.67676	
0.985107	8.67767	
0.979004	8.67645	
0.978699	8.67706	
0.980835	8.67767	
0.980225	8.67676	
0.979309	8.67706	
0.978699	8.67615	
0.978088	8.67706	
0.979614	8.67676	
0.98053	8.67737	
0.978699	8.67645	
0.982361	8.67676	
0.985413	8.67676	
0.982971	8.67767	
0.98175	8.67615	
0.982666	8.67737	
0.984192	8.67737	
0.985413	8.67737	
0.985718	8.67706	
0.986633	8.67737	
0.985718	8.67767	
0.980835	8.67737	
0.984802	8.67706	
0.984802	8.67615	
0.983582	8.67737	
0.986023	8.67645	
0.985718	8.67737	
0.985413	8.67676	
0.985413	8.67615	
0.986938	8.67676	
0.985413	8.67737	
0.986023	8.67645	
0.984192	8.67676	
0.982971	8.67676	
0.984192	8.67676	
0.983582	8.67767	
0.98114	8.67737	
0.983582	8.67706	
0.983887	8.67767	
0.985413	8.67706	
0.983582	8.67706	
0.984192	8.67676	
0.985718	8.67676	
0.985107	8.67706	
0.985718	8.67767	
0.985718	8.67676	
0.982666	8.67615	
0.979919	8.67676	
0.979919	8.67645	
0.978394	8.67676	
0.978699	8.67676	
0.978394	8.67645	
0.978394	8.67676	
0.978394	8.67737	
0.979004	8.67706	
0.979309	8.67645	
0.981445	8.67767	
0.984497	8.67737	
0.985413	8.67737	
0.984802	8.67767	
0.980225	8.67706	
0.978088	8.67737	
0.979004	8.67645	
0.980225	8.67706	
0.979309	8.67676	
0.98114	8.67737	
0.98114	8.67645	
0.982361	8.67706	
0.982666	8.67615	
0.983582	8.67645	
0.982666	8.67706	
0.983582	8.67706	
0.982056	8.67615	
0.982971	8.67706	
0.982361	8.67737	
0.983887	8.67676	
0.983582	8.67676	
0.982666	8.67676	
0.980225	8.67645	
0.979919	8.67767	
0.979309	8.67615	
0.98053	8.67615	
0.98053	8.67676	
0.979919	8.67676	
0.982666	8.67676	
0.983887	8.67645	
0.984192	8.67676	
0.979614	8.67645	
0.978699	8.67615	
0.982361	8.67706	
0.984192	8.67706	
0.982666	8.67676	
0.981445	8.67706	
0.982056	8.67676	
0.982056	8.67676	
0.983582	8.67676	
0.986938	8.67645	
0.985107	8.67737	
0.983582	8.67706	
0.982361	8.67767	
0.987854	8.67767	
0.986023	8.67737	
0.986633	8.67706	
0.982666	8.67737	
0.983582	8.67676	
0.983582	8.67737	
0.986938	8.67676	
0.987244	8.67645	
0.985107	8.67706	
0.978699	8.67615	
0.977478	8.67615	
0.978394	8.67584	
0.982361	8.67645	
0.983276	8.67706	
0.983276	8.67615	
0.982056	8.67676	
0.983582	8.67615	
0.98114	8.67676	
0.982666	8.67645	
0.983582	8.67676	
0.983582	8.67737	
0.984192	8.67706	
0.983887	8.67737	
0.983582	8.67676	
0.984192	8.67737	
0.984497	8.67676	
0.982361	8.67737	
0.980225	8.67676	
0.979309	8.67706	
0.979004	8.67615	
0.986633	8.67737	
0.986023	8.67615	
0.985718	8.67645	
0.978394	8.67615	
0.979614	8.67645	
0.98175	8.67584	
0.980225	8.67737	
0.985107	8.67676	
0.986328	8.67706	
0.987244	8.67676	
0.98053	8.67676	
0.980835	8.67706	
0.979309	8.67615	
0.979919	8.67676	
0.978699	8.67645	
0.978699	8.67676	
0.984497	8.67615	
0.983276	8.67798	
0.980225	8.67737	
0.981445	8.67615	
0.983582	8.67645	
0.982971	8.67645	
0.982361	8.67676	
0.983887	8.67706	
0.982056	8.67676	
0.984192	8.67737	
0.984802	8.67737	
0.985107	8.67706	
0.983582	8.67615	
0.984802	8.67706	
0.984192	8.67706	
0.984802	8.67676	
0.982971	8.67859	
0.982971	8.67645	
0.979614	8.67676	
0.981445	8.67645	
0.984802	8.67676	
0.986023	8.67676	
0.983582	8.67676	
0.986633	8.67676	
0.983582	8.67706	
0.979919	8.67645	
0.979614	8.67676	
0.98053	8.67615	
0.980225	8.67737	
0.982056	8.67737	
0.98175	8.67676	
0.982361	8.67584	
0.984497	8.67554	
0.982971	8.67706	
0.982361	8.67584	
0.98053	8.67554	
0.979614	8.67615	
0.979919	8.67615	
0.980225	8.67706	
0.979919	8.67676	
0.982971	8.67676	
0.984802	8.67645	
0.983582	8.67706	
0.98053	8.67706	
0.982056	8.67737	
0.984802	8.67615	
0.984192	8.67706	
0.984802	8.67645	
0.983582	8.67706	
0.984192	8.67706	
0.981445	8.67676	
0.979309	8.67584	
0.978699	8.67645	
0.984192	8.67676	
0.985107	8.67645	
0.984192	8.67767	
0.984497	8.67584	
0.983276	8.67554	
0.983582	8.67676	
0.982056	8.67645	
0.982361	8.67645	
0.987549	8.67493	
0.978088	8.67645	
0.979004	8.67523	
0.978699	8.67584	
0.978699	8.67584	
0.979004	8.67615	
0.98175	8.67615	
0.98175	8.67615	
0.982666	8.67584	
0.982666	8.67645	
0.98114	8.67615	
0.982666	8.67554	
0.980835	8.67493	
0.98053	8.67615	
0.98053	8.67523	
0.978699	8.67615	
0.978088	8.67615	
0.980835	8.67584	
0.982361	8.67554	
0.982056	8.67615	
0.982361	8.67615	
0.983887	8.67645	
0.983276	8.67584	
0.982666	8.67615	
0.98175	8.67584	
0.98175	8.67615	
0.982971	8.67615	
0.982361	8.67615	
0.984192	8.67615	
0.984497	8.67584	
0.983887	8.67584	
0.98053	8.67584	
0.984192	8.67615	
0.986328	8.67554	
0.978699	8.67523	
0.98175	8.67676	
0.983276	8.67615	
0.983276	8.67523	
0.983582	8.67615	
0.98175	8.67584	
0.979919	8.67584	
0.98114	8.67615	
0.98175	8.67523	
0.98175	8.67554	
0.98175	8.67615	
0.982666	8.67584	
0.980225	8.67493	
0.982666	8.67615	
0.983887	8.67615	
0.983887	8.67615	
0.98114	8.67615	
0.981445	8.67645	
0.986938	8.67584	
0.984192	8.67584	
0.979614	8.67615	
0.979919	8.67584	
0.983276	8.67676	
0.982056	8.67676	
0.982666	8.67615	
0.984192	8.67554	
0.982971	8.67676	
0.984192	8.67584	
0.982056	8.67706	
0.982056	8.67645	
0.982666	8.67615	
0.983582	8.67615	
0.98175	8.67584	
0.984497	8.67615	
0.982666	8.67523	
0.983276	8.67645	
0.979919	8.67615	
0.980225	8.67676	
0.983276	8.67676	
0.986633	8.67676	
0.986938	8.67584	
0.986938	8.67676	
0.986633	8.67706	
0.98053	8.67554	
0.982971	8.67554	
0.983582	8.67645	
0.982361	8.67554	
0.981445	8.67554	
0.98175	8.67554	
0.982971	8.67645	
0.984497	8.67615	
0.983276	8.67615	
0.981445	8.67645	
0.979614	8.67676	
0.979309	8.67584	
0.979919	8.67737	
0.980225	8.67615	
0.984192	8.67676	
0.984802	8.67706	
0.984192	8.67645	
0.986328	8.67615	
0.984802	8.67584	
0.979309	8.67615	
0.979004	8.67584	
0.982971	8.67645	
0.982056	8.67645	
0.983582	8.67523	
0.982361	8.67523	
0.982666	8.67584	
0.985107	8.67615	
0.979309	8.67676	
0.984802	8.67584	
0.984802	8.67584	
0.986633	8.67645	
0.979614	8.67615	
0.982971	8.67554	
0.984802	8.67523	
0.984192	8.67706	
0.98114	8.67584	
0.984497	8.67645	
0.984497	8.67584	
0.984802	8.67615	
0.984497	8.67676	
0.979919	8.67584	
0.981445	8.67523	
0.984192	8.67554	
0.983276	8.67615	
0.986938	8.67676	
0.988464	8.67645	
0.979004	8.67584	
0.982666	8.67615	
0.983276	8.67523	
0.983276	8.67584	
0.984497	8.67584	
0.983887	8.67554	
0.984497	8.67584	
0.979614	8.67523	
0.982361	8.67554	
0.987549	8.67584	
0.980835	8.67493	
0.979309	8.67523	
0.982056	8.67523	
0.982361	8.67615	
0.982971	8.67615	
0.984192	8.67523	
0.984497	8.67523	
0.984192	8.67523	
0.983887	8.67523	
0.98114	8.67523	
0.983276	8.67523	
0.985718	8.67584	
0.984802	8.67523	
0.983582	8.67554	
0.979919	8.67615	
0.979614	8.67554	
0.979614	8.67493	
0.983276	8.67554	
0.983582	8.67584	
0.982361	8.67554	
0.988464	8.67554	
0.979004	8.67554	
0.98053	8.67554	
0.983582	8.67523	
0.982971	8.67523	
0.983276	8.67554	
0.983276	8.67554	
0.985107	8.67554	
0.983582	8.67523	
0.980835	8.67493	
0.983276	8.67615	
0.988159	8.67584	
0.984802	8.67615	
0.98053	8.67615	
0.984802	8.67584	
0.982056	8.67615	
0.981445	8.67615	
0.984497	8.67584	
0.979919	8.67615	
0.984802	8.67615	
0.985107	8.67554	
0.985413	8.67676	
0.983276	8.67615	
0.988464	8.67554	
0.986938	8.67554	
0.979309	8.67584	
0.979614	8.67554	
0.983276	8.67615	
0.983276	8.67645	
0.982666	8.67554	
0.984802	8.67584	
0.982056	8.67645	
0.985413	8.67645	
0.984192	8.67615	
0.983276	8.67554	
0.98053	8.67584	
0.987854	8.67615	
0.987854	8.67584	
0.986938	8.67615	
0.979614	8.67584	
0.981445	8.67584	
0.982971	8.67584	
0.984497	8.67584	
0.984802	8.67615	
0.981445	8.67523	
0.985107	8.67584	
0.982971	8.67554	
0.980225	8.67645	
0.985413	8.67676	
0.983582	8.67554	
0.984802	8.67615	
0.98877	8.67584	
0.985107	8.67615	
0.98053	8.67554	
0.983582	8.67615	
0.984192	8.67554	
0.982361	8.67584	
0.984802	8.67584	
0.98053	8.67554	
0.987854	8.67584	
0.979919	8.67584	
0.982971	8.67584	
0.984802	8.67645	
0.984802	8.67584	
0.982056	8.67615	
0.983582	8.67554	
0.984497	8.67615	
0.984497	8.67554	
0.984192	8.67584	
0.979004	8.67554	
0.98175	8.67584	
0.983276	8.67554	
0.982361	8.67584	
0.986633	8.67584	
0.98938	8.67584	
0.985413	8.67615	
0.98175	8.67645	
0.983276	8.67676	
0.983582	8.67554	
0.983887	8.67554	
0.982361	8.67554	
0.982666	8.67554	
0.985107	8.67584	
0.982361	8.67584	
0.981445	8.67584	
0.984497	8.67615	
0.988159	8.67584	
0.982666	8.67584	
0.979919	8.67645	
0.98175	8.67615	
0.984802	8.67554	
0.98175	8.67615	
0.982056	8.67676	
0.985107	8.67645	
0.985718	8.67615	
0.979919	8.67615	
0.984802	8.67615	
0.985413	8.67615	
0.982971	8.67737	
0.982056	8.67554	
0.986633	8.67554	
0.982971	8.67584	
0.98114	8.67584	
0.982666	8.67645	
0.985107	8.67615	
0.983276	8.67584	
0.984192	8.67584	
0.985107	8.67615	
0.982666	8.67645	
0.982361	8.67584	
0.984802	8.67645	
0.981445	8.67554	
0.982666	8.67645	
0.986633	8.67584	
0.986023	8.67584	
0.982666	8.67615	
0.979919	8.67523	
0.980225	8.67615	
0.982971	8.67615	
0.985107	8.67615	
0.981445	8.67584	
0.984497	8.67615	
0.985413	8.67554	
0.98114	8.67523	
0.983276	8.67493	
0.983887	8.67493	
0.982971	8.67584	
0.98877	8.67584	
0.98175	8.67523	
0.979614	8.67401	
0.983276	8.67493	
0.982971	8.67462	
0.984192	8.67462	
0.98175	8.67584	
0.984802	8.67493	
0.982971	8.67493	
0.98053	8.67554	
0.984497	8.67554	
0.986328	8.67615	
0.983276	8.67615	
0.980225	8.67554	
0.982361	8.67615	
0.984497	8.67554	
0.98175	8.67676	
0.982056	8.67584	
0.982971	8.67584	
0.985718	8.67493	
0.984192	8.67523	
0.986328	8.67493	
0.985107	8.67523	
0.979004	8.67554	
0.979614	8.67523	
0.981445	8.67523	
0.986023	8.67554	
0.983582	8.67523	
0.984192	8.67584	
0.988464	8.67523	
0.983582	8.67554	
0.979919	8.67554	
0.984192	8.67554	
0.983582	8.67523	
0.985413	8.67523	
0.982666	8.67584	
0.985107	8.67584	
0.980225	8.67523	
0.98053	8.67554	
0.988464	8.67554	
0.980835	8.67523	
0.98053	8.67523	
0.982056	8.67554	
0.984802	8.67584	
0.984497	8.67523	
0.983276	8.67645	
0.98114	8.67554	
0.985413	8.67584	
0.985413	8.67584	
0.979309	8.67493	
0.98175	8.67554	
0.985718	8.67584	
0.986328	8.67584	
0.983582	8.67584	
0.98999	8.67584	
0.978699	8.67523	
0.983582	8.67584	
0.983887	8.67615	
0.982971	8.67493	
0.98175	8.67554	
0.984192	8.67493	
0.986023	8.67523	
0.984802	8.67554	
0.98114	8.67523	
0.984497	8.67493	
0.988159	8.67615	
0.982056	8.67523	
0.98114	8.67584	
0.984802	8.67584	
0.983276	8.67523	
0.982971	8.67584	
0.984802	8.67523	
0.986328	8.67584	
0.98175	8.67615	
0.980835	8.67523	
0.986023	8.67584	
0.983582	8.67554	
0.984802	8.67615	
0.989075	8.67584	
0.98053	8.67554	
0.979919	8.67493	
0.982361	8.67554	
0.982971	8.67554	
0.983582	8.67523	
0.982361	8.67554	
0.984802	8.67523	
0.98053	8.67584	
0.988159	8.67523	
0.980225	8.67584	
0.983582	8.67554	
0.983582	8.67523	
0.982361	8.67584	
0.985413	8.67554	
0.982056	8.67584	
0.985413	8.67645	
0.985107	8.67523	
0.984192	8.67554	
0.980225	8.67523	
0.983276	8.67584	
0.984192	8.67493	
0.983276	8.67554	
0.982666	8.67554	
0.985413	8.67523	
0.982666	8.67615	
0.987549	8.67523	
0.981445	8.67462	
0.984802	8.67462	
0.982361	8.67462	
0.985413	8.67493	
0.982666	8.67462	
0.983582	8.67493	
0.982971	8.67493	
0.98877	8.67462	
0.979614	8.67462	
0.983582	8.67523	
0.984802	8.67462	
0.985413	8.67462	
0.985107	8.67462	
0.984802	8.67523	
0.983276	8.67554	
0.981445	8.67523	
0.986023	8.67493	
0.980225	8.67462	
0.984497	8.67554	
0.985413	8.67523	
0.982361	8.67493	
0.985413	8.67493	
0.986633	8.67523	
0.98114	8.67523	
0.984497	8.67493	
0.984192	8.67554	
0.98938	8.67523	
0.98114	8.67432	
0.983582	8.67523	
0.985413	8.67462	
0.985413	8.67493	
0.982666	8.67493	
0.985718	8.67493	
0.986938	8.67523	
0.979919	8.67523	
0.983276	8.67493	
0.987854	8.67493	
0.982666	8.67493	
0.984802	8.67615	
0.982056	8.67584	
0.985107	8.67493	
0.982971	8.67523	
0.985413	8.67554	
0.985107	8.67554	
0.982971	8.67554	
0.98938	8.67523	
0.982361	8.67432	
0.983582	8.67584	
0.983582	8.67462	
0.986023	8.67523	
0.982971	8.67584	
0.983582	8.67523	
0.985413	8.67615	
0.981445	8.67493	
0.983276	8.67432	
0.989075	8.67523	
0.982361	8.67523	
0.981445	8.67523	
0.984192	8.67523	
0.985413	8.67584	
0.982971	8.67554	
0.984802	8.67493	
0.986023	8.67523	
0.984802	8.67584	
0.985107	8.67493	
0.989075	8.67523	
0.982666	8.67432	
0.980225	8.67493	
0.983276	8.67493	
0.984497	8.67462	
0.984497	8.67462	
0.982971	8.67523	
0.985718	8.67554	
0.98175	8.67523	
0.989075	8.67523	
0.987244	8.67523	
0.98053	8.67493	
0.985107	8.67493	
0.984497	8.67493	
0.983276	8.67462	
0.986633	8.67523	
0.98114	8.67523	
0.986328	8.67493	
0.983582	8.67523	
0.986633	8.67493	
0.980835	8.67493	
0.983276	8.67523	
0.985413	8.67462	
0.983276	8.67523	
0.983887	8.67462	
0.986328	8.67523	
0.98175	8.67462	
0.981445	8.67523	
0.984497	8.67523	
0.983582	8.67462	
0.986938	8.67462	
0.985413	8.67584	
0.98053	8.67432	
0.984802	8.67493	
0.985413	8.67554	
0.980835	8.67554	
0.984192	8.67554	
0.984802	8.67462	
0.984192	8.67523	
0.986633	8.67523	
0.98175	8.67584	
0.982361	8.67584	
0.98877	8.67493	
0.985718	8.67523	
0.98053	8.67401	
0.985718	8.67523	
0.982666	8.67584	
0.985413	8.67523	
0.982666	8.67523	
0.985107	8.67462	
0.984802	8.67615	
0.985718	8.67554	
0.982056	8.67493	
0.983582	8.67432	
0.983887	8.67584	
0.984192	8.67462	
0.982666	8.67523	
0.985107	8.67493	
0.983582	8.67523	
0.987854	8.67462	
0.98053	8.67432	
0.985413	8.67523	
0.985413	8.67493	
0.982666	8.67462	
0.982971	8.67554	
0.986023	8.67462	
0.982056	8.67401	
0.986938	8.67554	
0.985413	8.67493	
0.98938	8.67523	
0.979919	8.67523	
0.983887	8.67462	
0.985107	8.67493	
0.986938	8.67493	
0.982666	8.67432	
0.98877	8.67462	
0.984802	8.67523	
0.984192	8.67493	
0.984802	8.67462	
0.984497	8.67554	
0.982971	8.67462	
0.984802	8.67493	
0.985413	8.67432	
0.98175	8.67462	
0.985107	8.67462	
0.986328	8.67462	
0.989075	8.67462	
0.98938	8.67523	
0.980835	8.67584	
0.984192	8.67554	
0.986023	8.67554	
0.983582	8.67584	
0.986633	8.67523	
0.982056	8.67493	
0.987854	8.67462	
0.982056	8.67493	
0.986328	8.67462	
0.984192	8.67493	
0.986938	8.67462	
0.98175	8.67523	
0.984192	8.67462	
0.987244	8.67523	
0.986938	8.67493	
0.987244	8.67523	
0.985107	8.67493	
0.986633	8.67462	
0.983582	8.67462	
0.987244	8.67432	
0.982361	8.67462	
0.985413	8.67523	
0.985718	8.67462	
0.982056	8.67493	
0.986328	8.67523	
0.983887	8.67401	
0.987244	8.67493	
0.98175	8.67462	
0.987854	8.67584	
0.984802	8.67523	
0.990601	8.67462	
0.979919	8.67432	
0.984497	8.67462	
0.985413	8.67432	
0.984802	8.67432	
0.986938	8.67493	
0.983887	8.67462	
0.987549	8.67523	
0.98175	8.67462	
0.986328	8.67401	
0.985718	8.67462	
0.983582	8.67371	
0.986938	8.67493	
0.985718	8.67432	
0.983276	8.67462	
0.986938	8.67493	
0.984192	8.67493	
0.990601	8.67523	
0.98053	8.67462	
0.984497	8.67432	
0.985718	8.67432	
0.983582	8.67493	
0.986023	8.67462	
0.982056	8.67432	
0.989075	8.67493	
0.986938	8.67523	
0.985718	8.67462	
0.986328	8.67432	
0.982971	8.67493	
0.987244	8.67462	
0.984802	8.67462	
0.982971	8.67462	
0.986633	8.67493	
0.987244	8.67523	
0.990295	8.67462	
0.982056	8.67462	
0.981445	8.67371	
0.985413	8.67493	
0.984497	8.67523	
0.985413	8.67432	
0.985413	8.67401	
0.983276	8.67523	
0.983582	8.67523	
0.986633	8.67432	
0.98877	8.67523	
0.983582	8.67462	
0.986633	8.67493	
0.983582	8.67493	
0.987549	8.67523	
0.986633	8.67401	
0.982971	8.67462	
0.986328	8.67523	
0.986938	8.67493	
0.987854	8.67523	
0.982056	8.67462	
0.984802	8.67462	
0.986023	8.67493	
0.983582	8.67493	
0.98175	8.67493	
0.987244	8.67523	
0.986633	8.67432	
0.983582	8.67432	
0.986328	8.67523	
0.982971	8.67432	
0.986633	8.67523	
0.983582	8.67523	
0.986633	8.67493	
0.984802	8.67462	
0.987854	8.67432	
0.983276	8.67432	
0.984192	8.67462	
0.985413	8.67523	
0.986023	8.67462	
0.98175	8.67493	
0.989685	8.67432	
0.983887	8.67432	
0.984802	8.67523	
0.985718	8.67401	
0.982971	8.67462	
0.986633	8.67462	
0.985718	8.67462	
0.98175	8.67493	
0.986938	8.67523	
0.984802	8.67584	
0.989685	8.67462	
0.986938	8.67432	
0.98053	8.67371	
0.983582	8.67462	
0.984497	8.67493	
0.983582	8.67493	
0.986023	8.67523	
0.985107	8.67401	
0.987244	8.67462	
0.982056	8.67523	
0.985413	8.67493	
0.986023	8.67523	
0.983887	8.67523	
0.983276	8.67523	
0.986938	8.67554	
0.983276	8.67523	
0.98175	8.67493	
0.985413	8.67523	
0.984497	8.67523	
0.989685	8.67493	
0.988464	8.67523	
0.98175	8.67523	
0.983887	8.67523	
0.985718	8.67462	
0.985413	8.67554	
0.982361	8.67493	
0.989075	8.67615	
0.983276	8.67493	
0.986633	8.67584	
0.983276	8.67432	
0.986633	8.67584	
0.982361	8.67493	
0.982666	8.67462	
0.986023	8.67523	
0.988159	8.67584	
0.982971	8.67401	
0.984497	8.67554	
0.986023	8.67462	
0.985107	8.67493	
0.986328	8.67462	
0.983582	8.67554	
0.987549	8.67523	
0.98114	8.67523	
0.985107	8.67493	
0.985413	8.67493	
0.982971	8.67432	
0.987854	8.67462	
0.983887	8.67462	
0.984497	8.67523	
0.984497	8.67523	
0.985718	8.67493	
0.980835	8.67462	
0.982361	8.67523	
0.984497	8.67523	
0.985718	8.67554	
0.984497	8.67462	
0.985718	8.67554	
0.986938	8.67584	
0.982666	8.67554	
0.982056	8.67493	
0.985718	8.67554	
0.984497	8.67523	
0.985413	8.67493	
0.986633	8.67493	
0.982361	8.67493	
0.983582	8.67584	
0.990601	8.67584	
0.982666	8.67493	
0.983276	8.67523	
0.984497	8.67523	
0.986328	8.67523	
0.983582	8.67615	
0.987549	8.67523	
0.984497	8.67493	
0.989685	8.67401	
0.982971	8.67401	
0.984192	8.67493	
0.985718	8.67462	
0.983582	8.67432	
0.984802	8.67401	
0.986023	8.67493	
0.982971	8.67401	
0.984497	8.67462	
0.98877	8.67462	
0.983887	8.67401	
0.983276	8.67401	
0.984497	8.67432	
0.985718	8.67371	
0.985718	8.6734	
0.986633	8.67462	
0.984497	8.67432	
0.984497	8.6734	
0.984802	8.67432	
0.984497	8.67401	
0.985413	8.67371	
0.986633	8.67432	
0.984497	8.67462	
0.986938	8.67432	
0.984802	8.67432	
0.985107	8.67432	
0.985718	8.67462	
0.985107	8.67401	
0.981445	8.67462	
0.989075	8.67401	
0.982056	8.67462	
0.985107	8.67432	
0.984802	8.67401	
0.983887	8.67371	
0.987854	8.67432	
0.984497	8.67401	
0.98175	8.67371	
0.983887	8.67401	
0.986938	8.67432	
0.985107	8.67462	
0.986938	8.67554	
0.984802	8.67462	
0.986633	8.67401	
0.985107	8.67462	
0.984802	8.67432	
0.986938	8.67371	
0.98175	8.67432	
0.986023	8.67462	
0.984497	8.67493	
0.986023	8.67401	
0.985413	8.67432	
0.985718	8.67462	
0.985718	8.67462	
0.982056	8.6734	
0.98938	8.67432	
0.982361	8.67401	
0.981445	8.67401	
0.986023	8.67462	
0.984802	8.67401	
0.984802	8.67371	
0.983582	8.67401	
0.982666	8.67401	
0.986633	8.67401	
0.986633	8.67462	
0.983276	8.67432	
0.98053	8.67371	
0.983582	8.67432	
0.986633	8.67462	
0.983582	8.67371	
0.986938	8.67401	
0.984802	8.67432	
0.986023	8.67462	
0.982666	8.67401	
0.986328	8.67371	
0.983582	8.6734	
0.987549	8.67432	
0.982056	8.67462	
0.983276	8.67432	
0.985413	8.67462	
0.990601	8.67462	
0.985718	8.67432	
0.983276	8.67462	
0.985107	8.67401	
0.986938	8.67462	
0.984497	8.67432	
0.986938	8.67401	
0.982361	8.67401	
0.985413	8.67401	
0.983276	8.67401	
0.986328	8.67371	
0.983582	8.67432	
0.987244	8.67401	
0.982971	8.67462	
0.987549	8.67462	
0.985107	8.67462	
0.990295	8.67401	
0.982971	8.67371	
0.983582	8.67462	
0.986023	8.67371	
0.984802	8.67432	
0.985413	8.67371	
0.98175	8.67432	
0.989685	8.67432	
0.98114	8.67371	
0.985413	8.67493	
0.986023	8.67493	
0.984497	8.67432	
0.983582	8.6734	
0.983887	8.67462	
0.984802	8.67401	
0.986023	8.67432	
0.982361	8.67462	
0.985107	8.67432	
0.985413	8.67401	
0.984497	8.67401	
0.983276	8.67371	
0.986328	8.67432	
0.988159	8.67432	
0.984497	8.67432	
0.984802	8.67462	
0.986633	8.67401	
0.983276	8.67371	
0.982056	8.67462	
0.984802	8.67401	
0.986633	8.67401	
0.983887	8.67523	
0.985718	8.67493	
0.985107	8.67462	
0.986328	8.67401	
0.982056	8.67371	
0.98938	8.67401	
0.981445	8.6734	
0.985413	8.67401	
0.982361	8.67462	
0.986938	8.67432	
0.985413	8.67401	
0.983276	8.67493	
0.984802	8.67462	
0.990601	8.67432	
0.982361	8.67493	
0.985107	8.67432	
0.986938	8.67462	
0.985107	8.67401	
0.984802	8.67462	
0.98999	8.67462	
0.982666	8.67371	
0.986633	8.67432	
0.983887	8.67462	
0.986938	8.67432	
0.986938	8.67371	
0.987549	8.67462	
0.987854	8.67462	
0.983887	8.67371	
0.985718	8.67401	
0.987244	8.67401	
0.986938	8.67432	
0.983276	8.67371	
0.985718	8.6734	
0.985413	8.67371	
0.986938	8.67371	
0.983582	8.67401	
0.986938	8.67432	
0.985413	8.67493	
0.987854	8.67401	
0.984497	8.67371	
0.985107	8.67462	
0.985718	8.67493	
0.986328	8.67432	
0.986633	8.67371	
0.986938	8.67401	
0.984802	8.67279	
0.983582	8.67279	
0.985718	8.67493	
0.987244	8.67432	
0.984497	8.6734	
0.985718	8.67371	
0.986023	8.67371	
0.983276	8.67401	
0.987549	8.67432	
0.985107	8.67371	
0.98999	8.67432	
0.983276	8.67371	
0.985718	8.67401	
0.987549	8.6734	
0.984497	8.67371	
0.982666	8.67401	
0.989685	8.67432	
0.982666	8.6734	
0.985413	8.67371	
0.984802	8.6734	
0.985107	8.67401	
0.987244	8.67401	
0.985107	8.67401	
0.985718	8.67401	
0.988159	8.67401	
0.982361	8.67401	
0.984802	8.67432	
0.984497	8.6731	
0.987549	8.67371	
0.984192	8.67401	
0.987549	8.67432	
0.986938	8.67371	
0.983887	8.67401	
0.987854	8.67371	
0.982361	8.67462	
0.986633	8.6734	
0.986023	8.6731	
0.984802	8.67371	
0.987854	8.67462	
0.986023	8.6731	
0.982971	8.67401	
0.986938	8.67401	
0.987549	8.6734	
0.985413	8.67401	
0.984192	8.67371	
0.986938	8.67401	
0.984497	8.67493	
0.985718	8.6734	
0.989075	8.67401	
0.985107	8.67371	
0.988159	8.67371	
0.986328	8.67371	
0.982971	8.6734	
0.990295	8.67401	
0.982666	8.67401	
0.986633	8.67371	
0.986328	8.67371	
0.982971	8.67401	
0.987244	8.67432	
0.98999	8.67432	
0.98175	8.6734	
0.985718	8.67371	
0.987549	8.67401	
0.985413	8.67401	
0.989685	8.67401	
0.982666	8.6734	
0.987244	8.67432	
0.984192	8.6734	
0.988159	8.67371	
0.982666	8.6734	
0.985413	8.67371	
0.987549	8.67371	
0.985718	8.6734	
0.986328	8.67371	
0.986633	8.67401	
0.984802	8.67432	
0.986633	8.67401	
0.985107	8.6734	
0.989075	8.67401	
0.982971	8.6734	
0.987244	8.67401	
0.986328	8.67401	
0.986633	8.67432	
0.986938	8.6734	
0.984802	8.67371	
0.988159	8.67401	
0.989075	8.67371	
0.98877	8.6734	
0.982971	8.67401	
0.985718	8.6734	
0.987244	8.67371	
0.986023	8.67371	
0.982666	8.67371	
0.988159	8.6734	
0.985718	8.67401	
0.984802	8.67401	
0.987854	8.67401	
0.984802	8.67371	
0.985718	8.67371	
0.987549	8.67401	
0.986023	8.67371	
0.992126	8.6734	
0.984802	8.67371	
0.985413	8.6734	
0.985107	8.6734	
0.98877	8.6731	
0.984192	8.67371	
0.985413	8.6731	
0.986328	8.6731	
0.984802	8.6734	
0.984192	8.67462	
0.985718	8.67279	
0.98877	8.6734	
0.982971	8.67371	
0.985107	8.67371	
0.986938	8.67401	
0.987549	8.67401	
0.987854	8.67371	
0.982361	8.67401	
0.986938	8.67462	
0.984802	8.67432	
0.986328	8.67371	
0.982666	8.67371	
0.986938	8.67371	
0.990295	8.67462	
0.984802	8.67401	
0.986938	8.6734	
0.985107	8.67401	
0.982971	8.67401	
0.98999	8.67371	
0.985413	8.67371	
0.984192	8.67371	
0.986938	8.6734	
0.986328	8.67401	
0.987854	8.67371	
0.982971	8.67401	
0.985107	8.67401	
0.987549	8.67371	
0.985107	8.67401	
0.987854	8.67371	
0.986023	8.6734	
0.989075	8.6731	
0.985413	8.67371	
0.987244	8.67371	
0.985718	8.6731	
0.983582	8.67371	
0.984497	8.67279	
0.986328	8.6734	
0.985718	8.67401	
0.990295	8.67371	
0.985718	8.67401	
0.987244	8.67401	
0.985413	8.6734	
0.982666	8.67371	
0.985718	8.67401	
0.983887	8.67432	
0.987549	8.67432	
0.985413	8.67279	
0.986938	8.67371	
0.983887	8.6734	
0.985413	8.67371	
0.98999	8.67401	
0.98175	8.67401	
0.985413	8.67401	
0.988159	8.67401	
0.986938	8.67371	
0.984497	8.67371	
0.983887	8.6734	
0.986938	8.67401	
0.988464	8.6734	
0.982971	8.67401	
0.986938	8.67279	
0.989685	8.67401	
0.983582	8.6734	
0.986023	8.67462	
0.987549	8.67401	
0.986328	8.67371	
0.982666	8.67371	
0.984802	8.67432	
0.986633	8.6734	
0.985718	8.67279	
0.986633	8.67401	
0.982666	8.6734	
0.987854	8.6734	
0.985413	8.67432	
0.991821	8.67371	
0.982666	8.67401	
0.986328	8.67401	
0.987854	8.6731	
0.986023	8.67401	
0.983276	8.67432	
0.98938	8.67432	
0.982971	8.6734	
0.987244	8.67401	
0.984192	8.6731	
0.988464	8.6734	
0.982056	8.6731	
0.985718	8.6731	
0.991211	8.67371	
0.982361	8.67371	
0.987244	8.67401	
0.984802	8.67401	
0.982971	8.67371	
0.984192	8.67371	
0.987244	8.67462	
0.985413	8.67371	
0.987549	8.67401	
0.986938	8.67401	
0.985107	8.67371	
0.98938	8.67371	
0.985718	8.6731	
0.987854	8.67371	
0.987244	8.6734	
0.985107	8.67462	
0.984497	8.6734	
0.986328	8.67401	
0.984497	8.6734	
0.986023	8.67432	
0.987549	8.67401	
0.988464	8.67371	
0.984497	8.67401	
0.985107	8.67401	
0.985107	8.67432	
0.987854	8.67401	
0.987549	8.67401	
0.982666	8.67401	
0.987854	8.67432	
0.984802	8.67401	
0.987244	8.67371	
0.984497	8.67432	
0.986328	8.67401	
0.983276	8.67401	
0.986023	8.67371	
0.988159	8.67432	
0.986633	8.67432	
0.983582	8.6734	
0.987244	8.67401	
0.987549	8.67401	
0.986633	8.67462	
0.984192	8.67371	
0.987244	8.67371	
0.991516	8.67432	
0.985413	8.6734	
0.986633	8.67462	
0.985718	8.67401	
0.986938	8.67432	
0.982971	8.6731	
0.987244	8.67371	
0.986938	8.67401	
0.982361	8.67371	
0.985107	8.67432	
0.984497	8.6734	
0.985413	8.67401	
0.986328	8.67432	
0.985413	8.67432	
0.989075	8.67371	
0.984802	8.67432	
0.984802	8.67432	
0.982971	8.6734	
0.987244	8.67401	
0.985718	8.67371	
0.986633	8.67462	
0.985718	8.6734	
0.983582	8.67401	
0.990601	8.67432	
0.984497	8.67371	
0.987549	8.67401	
0.985107	8.67401	
0.982666	8.67371	
0.985413	8.67462	
0.982971	8.67371	
0.986328	8.67371	
0.987854	8.6734	
0.988464	8.67371	
0.983582	8.67401	
0.990295	8.67371	
0.985107	8.67432	
0.987854	8.67401	
0.988159	8.67371	
0.986938	8.67371	
0.988464	8.6734	
0.982361	8.67401	
0.986938	8.67371	
0.985107	8.6731	
0.987854	8.67432	
0.987854	8.67371	
0.984802	8.67401	
0.98877	8.67432	
0.986023	8.67401	
0.982361	8.67371	
0.985718	8.67401	
0.989685	8.67371	
0.986328	8.67462	
0.987549	8.67432	
0.988464	8.67371	
0.982971	8.6734	
0.988159	8.67401	
0.986938	8.67371	
0.984497	8.67401	
0.988159	8.67401	
0.982361	8.67432	
0.985107	8.67432	
0.986633	8.67371	
0.986023	8.67279	
0.986938	8.6734	
0.988464	8.67279	
0.989075	8.67371	
0.984192	8.67218	
0.987854	8.6734	
0.984497	8.67279	
0.982056	8.67279	
0.98877	8.67371	
0.989075	8.6731	
0.983276	8.67279	
0.988159	8.6734	
0.98877	8.67279	
0.983582	8.67279	
0.982971	8.67279	
0.987854	8.6731	
0.986938	8.6731	
0.983276	8.67279	
0.986023	8.67279	
0.984192	8.67279	
0.985718	8.67279	
0.987549	8.6734	
0.988464	8.6731	
0.991516	8.6734	
0.985107	8.6734	
0.985107	8.6731	
0.989075	8.6734	
0.984802	8.67279	
0.986328	8.67279	
0.982666	8.67218	
0.986023	8.6731	
0.985413	8.67279	
0.988159	8.67279	
0.98877	8.67371	
0.984802	8.67279	
0.987549	8.67279	
0.985107	8.67279	
0.984802	8.6734	
0.989075	8.6734	
0.98999	8.67279	
0.982666	8.67279	
0.985413	8.6731	
0.987854	8.67401	
0.988464	8.6731	
0.989075	8.67279	
0.983276	8.6734	
0.987549	8.6731	
0.985107	8.67279	
0.988464	8.6731	
0.982971	8.67279	
0.985413	8.67371	
0.987549	8.6731	
0.982056	8.67279	
0.986023	8.6731	
0.985107	8.67279	
0.985413	8.67279	
0.984802	8.67249	
0.988159	8.67371	
0.984802	8.67371	
0.985413	8.67249	
0.988464	8.6731	
0.987854	8.67371	
0.982666	8.6731	
0.986633	8.6734	
0.987854	8.67249	
0.986023	8.67279	
0.985107	8.67279	
0.991516	8.6734	
0.982971	8.67279	
0.987244	8.67279	
0.986633	8.67279	
0.985413	8.67279	
0.985718	8.6731	
0.986023	8.6734	
0.991516	8.67279	
0.984192	8.6731	
0.986938	8.67249	
0.985107	8.6731	
0.983887	8.67279	
0.984497	8.67279	
0.987854	8.67371	
0.984802	8.6731	
0.988464	8.6731	
0.985107	8.67249	
0.988159	8.67279	
0.983887	8.67279	
0.987854	8.67279	
0.985718	8.67279	
0.986633	8.6731	
0.989075	8.6734	
0.986938	8.6731	
0.986023	8.6731	
0.983276	8.6731	
0.987549	8.6731	
0.98877	8.6734	
0.984192	8.67279	
0.986633	8.67401	
0.985107	8.6734	
0.985413	8.67279	
0.983582	8.67249	
0.987549	8.6731	
0.988159	8.67371	
0.983582	8.6734	
0.986328	8.6731	
0.98175	8.67249	
0.986938	8.6731	
0.986023	8.67401	
0.986328	8.6731	
0.991516	8.6734	
0.985718	8.6731	
0.985718	8.6731	
0.98877	8.67279	
0.986938	8.67279	
0.98877	8.67371	
0.982361	8.6731	
0.986328	8.6731	
0.985107	8.6731	
0.983887	8.6731	
0.984497	8.67371	
0.989075	8.67279	
0.988464	8.6731	
0.983582	8.6731	
0.986328	8.6734	
0.988159	8.67279	
0.986633	8.6731	
0.985413	8.67279	
0.985718	8.6734	
0.98938	8.6731	
0.985413	8.67249	
0.985413	8.6734	
0.988159	8.67279	
0.986633	8.67371	
0.986023	8.67371	
0.989075	8.67249	
0.986023	8.6731	
0.986938	8.6731	
0.984497	8.6731	
0.983582	8.67249	
0.987854	8.67249	
0.984497	8.6734	
0.985107	8.6731	
0.987244	8.6731	
0.98877	8.6731	
0.982971	8.67249	
0.986938	8.67157	
0.986633	8.6734	
0.988464	8.67279	
0.991516	8.6731	
0.984802	8.6731	
0.985413	8.67279	
0.988159	8.6734	
0.988464	8.6731	
0.992432	8.67279	
0.986328	8.67279	
0.98877	8.6734	
0.988159	8.67371	
0.986633	8.6731	
0.984802	8.6731	
0.986938	8.6734	
0.985107	8.67279	
0.984192	8.67279	
0.986633	8.6731	
0.985718	8.6731	
0.986633	8.6734	
0.985413	8.67279	
0.984802	8.6731	
0.988464	8.6731	
0.986633	8.67218	
0.987244	8.67279	
0.986938	8.67371	
0.984192	8.67279	
0.98877	8.67279	
0.992126	8.6731	
0.984192	8.6731	
0.987244	8.67249	
0.985718	8.67279	
0.984802	8.67371	
0.986633	8.67249	
0.986633	8.67371	
0.985718	8.6734	
0.989685	8.6734	
0.987244	8.67432	
0.986938	8.6734	
0.983582	8.67279	
0.986938	8.6734	
0.986328	8.6734	
0.983582	8.67218	
0.982971	8.67218	
0.985413	8.67249	
0.989685	8.6731	
0.987549	8.67279	
0.987244	8.67279	
0.986633	8.67279	
0.986938	8.6734	
0.987244	8.67249	
0.985107	8.67279	
0.992126	8.6731	
0.983582	8.67218	
0.987244	8.67279	
0.987244	8.67279	
0.984497	8.67249	
0.986633	8.6734	
0.987854	8.67371	
0.987549	8.67218	
0.987244	8.67249	
0.989075	8.6731	
0.991211	8.67279	
0.984802	8.67279	
0.986633	8.67218	
0.989075	8.67188	
0.983276	8.67279	
0.98877	8.67249	
0.992126	8.67249	
0.987854	8.67279	
0.987854	8.67218	
0.98877	8.67218	
0.992126	8.67279	
0.985413	8.67249	
0.986328	8.67218	
0.98877	8.67249	
0.984192	8.67218	
0.986633	8.67249	
0.984497	8.67218	
0.986328	8.67249	
0.986328	8.6731	
0.983887	8.67249	
0.986023	8.6731	
0.98877	8.67279	
0.988464	8.67279	
0.984497	8.67249	
0.986633	8.67279	
0.983582	8.67218	
0.986633	8.67279	
0.986328	8.67218	
0.984497	8.67218	
0.988159	8.6734	
0.987854	8.6731	
0.988159	8.6734	
0.986023	8.67218	
0.986023	8.67249	
0.982361	8.67279	
0.986633	8.6734	
0.987549	8.67279	
0.988159	8.67218	
0.983276	8.6734	
0.991821	8.67279	
0.985107	8.6731	
0.988464	8.67249	
0.987549	8.67218	
0.983582	8.67371	
0.987854	8.67218	
0.988464	8.67279	
0.984497	8.67279	
0.986328	8.67249	
0.986328	8.67279	
0.988159	8.67279	
0.991211	8.67218	
0.985718	8.67249	
0.986023	8.67157	
0.987244	8.67279	
0.987549	8.67279	
0.993042	8.6731	
0.986938	8.67279	
0.987244	8.6731	
0.987244	8.67371	
0.990295	8.6731	
0.985718	8.67249	
0.985107	8.67249	
0.98938	8.67249	
0.98877	8.67249	
0.991821	8.67279	
0.983582	8.67279	
0.988464	8.67188	
0.98877	8.67279	
0.989685	8.6731	
0.986023	8.67249	
0.98877	8.6731	
0.988159	8.6731	
0.984192	8.6731	
0.98877	8.67218	
0.988464	8.6731	
0.986328	8.67249	
0.987854	8.6734	
0.987549	8.6734	
0.983582	8.67249	
0.984802	8.67218	
0.987854	8.67249	
0.989075	8.67218	
0.984192	8.67279	
0.987244	8.6731	
0.984802	8.67279	
0.986023	8.67279	
0.986023	8.67279	
0.985107	8.67279	
0.991821	8.67279	
0.984192	8.67279	
0.988159	8.67249	
0.987854	8.6731	
0.985413	8.67249	
0.988464	8.6731	
0.991821	8.67249	
0.986023	8.67279	
0.986633	8.67218	
0.987854	8.6734	
0.990601	8.67249	
0.987244	8.67249	
0.984802	8.6731	
0.984802	8.67249	
0.988464	8.67279	
0.992126	8.67371	
0.985107	8.6734	
0.988464	8.67249	
0.98938	8.67249	
0.988159	8.67279	
0.985107	8.67249	
0.986938	8.6731	
0.98877	8.6734	
0.989075	8.67249	
0.992432	8.67249	
0.983887	8.67279	
0.988159	8.67279	
0.98938	8.6731	
0.986023	8.6731	
0.983276	8.67218	
0.986938	8.67249	
0.988464	8.67249	
0.984497	8.67279	
0.990906	8.67279	
0.984497	8.6731	
0.98877	8.67371	
0.986633	8.67279	
0.987244	8.6731	
0.983582	8.67279	
0.987244	8.67249	
0.989685	8.67218	
0.98938	8.67249	
0.993042	8.6731	
0.986938	8.67279	
0.988464	8.67401	
0.989075	8.6734	
0.990601	8.67279	
0.989685	8.6731	
0.989685	8.6731	
0.98877	8.67371	
0.993347	8.6734	
0.986938	8.67279	
0.985413	8.67249	
0.984497	8.67279	
0.983887	8.67249	
0.987549	8.67371	
0.98938	8.6734	
0.988159	8.67279	
0.990295	8.67218	
0.983582	8.67249	
0.986023	8.67279	
0.986633	8.6731	
0.991211	8.67249	
0.988159	8.67249	
0.986328	8.6731	
0.986633	8.6731	
0.986023	8.67371	
0.982971	8.6731	
0.987549	8.67218	
0.986633	8.67249	
0.984497	8.6731	
0.983582	8.67279	
0.988159	8.67249	
0.989685	8.67279	
0.988464	8.67249	
0.988464	8.67249	
0.983276	8.67218	
0.988464	8.67279	
0.986633	8.67279	
0.986023	8.6731	
0.984192	8.67279	
0.98877	8.6734	
0.98938	8.67279	
0.984497	8.6731	
0.988159	8.6734	
0.985718	8.67249	
0.989075	8.6731	
0.98877	8.67279	
0.992126	8.67279	
0.987854	8.6734	
0.986328	8.6734	
0.989685	8.6731	
0.98938	8.6731	
0.992126	8.67188	
0.984192	8.67249	
0.988464	8.6731	
0.988159	8.67279	
0.992126	8.67401	
0.987244	8.67279	
0.985413	8.67249	
0.983582	8.67249	
0.989685	8.67249	
0.984802	8.67218	
0.987549	8.6731	
0.990295	8.6734	
0.98938	8.67249	
0.985718	8.67218	
0.986633	8.6734	
0.984802	8.67279	
0.987244	8.67279	
0.983582	8.67279	
0.98877	8.67279	
0.989075	8.67279	
0.98999	8.6731	
0.988464	8.67279	
0.987854	8.6731	
0.984802	8.67249	
0.987244	8.67249	
0.983276	8.67218	
0.98938	8.67279	
0.986938	8.67279	
0.986938	8.67218	
0.984192	8.67249	
0.988464	8.6734	
0.988159	8.67249	
0.989685	8.67218	
0.98877	8.67279	
0.988159	8.67218	
0.98999	8.67279	
0.992432	8.67279	
0.986633	8.67249	
0.987244	8.67249	
0.988159	8.67371	
0.988159	8.6731	
0.985413	8.67249	
0.986938	8.67249	
0.983887	8.67249	
0.984192	8.67249	
0.98877	8.67249	
0.987549	8.67279	
0.984497	8.67249	
0.987244	8.67279	
0.982666	8.67279	
0.98877	8.67249	
0.98877	8.67279	
0.991821	8.67249	
0.988464	8.67218	
0.986633	8.67279	
0.984497	8.67249	
0.987244	8.67279	
0.984497	8.67249	
0.987854	8.67279	
0.989075	8.6731	
0.992737	8.67249	
0.984192	8.67279	
0.985107	8.67249	
0.985107	8.67218	
0.986938	8.67279	
0.984802	8.6731	
0.986938	8.67249	
0.987244	8.6731	
0.991211	8.67249	
0.983582	8.67218	
0.988464	8.67371	
0.989075	8.67279	
0.986633	8.6731	
0.990601	8.67279	
0.984497	8.6731	
0.989075	8.67218	
0.98877	8.67279	
0.985413	8.67249	
0.983887	8.67249	
0.986023	8.67279	
0.988464	8.6731	
0.98938	8.67279	
0.98999	8.67371	
0.986633	8.67249	
0.987244	8.67249	
0.984497	8.67249	
0.988159	8.6731	
0.98938	8.67279	
0.98999	8.67218	
0.986633	8.6731	
0.991211	8.67279	
0.987244	8.67249	
0.986023	8.67279	
0.984192	8.6734	
0.983582	8.67249	
0.987854	8.67279	
0.989685	8.67188	
0.98999	8.67279	
0.991211	8.67218	
0.986023	8.6734	
0.987854	8.67279	
0.989685	8.67279	
0.986328	8.67279	
0.986023	8.67188	
0.984192	8.67249	
0.989075	8.67249	
0.993347	8.67218	
0.986938	8.67218	
0.988464	8.67249	
0.988159	8.67279	
0.992737	8.6734	
0.989075	8.6731	
0.987244	8.67249	
0.984802	8.67249	
0.98938	8.67249	
0.982666	8.67279	
0.986938	8.67249	
0.986023	8.6731	
0.984192	8.6731	
0.986328	8.67279	
0.988464	8.6731	
0.98999	8.6731	
0.983582	8.67279	
0.987854	8.67401	
0.984802	8.67218	
0.987854	8.67279	
0.988464	8.67279	
0.992737	8.6731	
0.98938	8.67279	
0.985718	8.6731	
0.98877	8.67249	
0.989685	8.67249	
0.993652	8.6731	
0.986633	8.67279	
0.987549	8.67249	
0.985107	8.67249	
0.986633	8.6731	
0.98877	8.6731	
0.988159	8.67371	
0.984192	8.67249	
0.987244	8.6734	
0.983582	8.67157	
0.98877	8.67218	
0.989685	8.6734	
0.988159	8.67218	
0.990295	8.67279	
0.987854	8.67279	
0.987854	8.67249	
0.987854	8.6734	
0.985107	8.67188	
0.98877	8.67218	
0.985718	8.67126	
0.98938	8.67188	
0.988464	8.67249	
0.989685	8.67188	
0.989075	8.6734	
0.991821	8.67218	
0.984497	8.67218	
0.987854	8.67218	
0.990295	8.67279	
0.992432	8.6731	
0.98938	8.67218	
0.986938	8.67188	
0.987244	8.67157	
0.989685	8.67218	
0.984497	8.67188	
0.98938	8.67279	
0.98999	8.67279	
0.991821	8.67249	
0.986633	8.67279	
0.986328	8.67218	
0.985413	8.67218	
0.987244	8.6731	
0.984192	8.67249	
0.989685	8.67249	
0.984802	8.67249	
0.984802	8.67249	
0.988159	8.67218	
0.98877	8.67279	
0.988159	8.6734	
0.991516	8.6734	
0.986328	8.67279	
0.990295	8.67249	
0.989685	8.67249	
0.985413	8.67279	
0.985718	8.67279	
0.985413	8.67218	
0.987854	8.67279	
0.983582	8.67218	
0.987549	8.67218	
0.984802	8.67157	
0.984192	8.67218	
0.987244	8.67218	
0.985718	8.67218	
0.987549	8.67279	
0.987244	8.67188	
0.98877	8.67218	
0.990295	8.67279	
0.991821	8.6731	
0.98938	8.67279	
0.98938	8.67249	
0.988464	8.67218	
0.992432	8.67218	
0.985107	8.67157	
0.987549	8.67218	
0.985107	8.67249	
0.984802	8.67126	
0.98877	8.67249	
0.98938	8.67249	
0.98877	8.67279	
0.984497	8.67218	
0.987854	8.67218	
0.98877	8.67249	
0.98938	8.67188	
0.986938	8.67249	
0.986328	8.67249	
0.989075	8.67188	
0.985413	8.67188	
0.990295	8.67279	
0.986938	8.67218	
0.98877	8.67157	
0.989685	8.67249	
0.989685	8.67249	
0.986633	8.67188	
0.988159	8.67249	
0.983887	8.67218	
0.989075	8.67218	
0.989685	8.67188	
0.98938	8.67249	
0.98938	8.67157	
0.98999	8.67249	
0.989075	8.67218	
0.993652	8.67279	
0.987854	8.67218	
0.987244	8.67279	
0.987549	8.67188	
0.987244	8.67249	
0.986633	8.67218	
0.983887	8.67249	
0.987854	8.67218	
0.982971	8.67249	
0.989685	8.67249	
0.989685	8.67157	
0.993042	8.67218	
0.988464	8.67279	
0.98877	8.67218	
0.989685	8.67279	
0.993652	8.67279	
0.987549	8.67279	
0.986938	8.67218	
0.992126	8.67279	
0.989075	8.67249	
0.98938	8.67218	
0.98938	8.67279	
0.985718	8.67188	
0.988159	8.67218	
0.98999	8.6731	
0.991821	8.6731	
0.987854	8.67249	
0.987854	8.67188	
0.983887	8.6731	
0.991821	8.67218	
0.985413	8.67188	
0.987244	8.67279	
0.985107	8.67249	
0.984497	8.67249	
0.986328	8.67279	
0.983582	8.67249	
0.98999	8.67249	
0.987549	8.67218	
0.987549	8.67188	
0.986938	8.67249	
0.98999	8.67218	
0.98877	8.67249	
0.989075	8.67218	
0.98999	8.67279	
0.993652	8.67249	
0.987244	8.67218	
0.986938	8.67218	
0.984192	8.67188	
0.984497	8.67249	
0.986328	8.67279	
0.987854	8.67218	
0.98877	8.67279	
0.986328	8.67157	
0.988159	8.67279	
0.98938	8.67188	
0.992737	8.67279	
0.98999	8.6731	
0.986328	8.67188	
0.985107	8.67218	
0.990295	8.67249	
0.986633	8.67249	
0.987854	8.67188	
0.985413	8.67279	
0.992432	8.67279	
0.989075	8.67157	
0.986938	8.67249	
0.984802	8.67218	
0.987549	8.67279	
0.987244	8.67249	
0.98938	8.6731	
0.990295	8.67188	
0.992126	8.67249	
0.98999	8.67188	
0.98999	8.67249	
0.984497	8.67249	
0.987854	8.67218	
0.985107	8.67157	
0.98938	8.67218	
0.990295	8.67218	
0.992126	8.67188	
0.989075	8.67218	
0.986633	8.67249	
0.984497	8.67249	
0.989075	8.67188	
0.985718	8.67157	
0.988159	8.67249	
0.988464	8.67249	
0.985107	8.67218	
0.986938	8.67218	
0.990295	8.67279	
0.98999	8.6731	
0.989075	8.67218	
0.987854	8.67279	
0.98938	8.67249	
0.993042	8.6734	
0.989075	8.67279	
0.986938	8.67249	
0.985413	8.67279	
0.993958	8.67249	
0.987549	8.67249	
0.987549	8.67249	
0.985413	8.67218	
0.993042	8.67249	
0.98938	8.67218	
0.98938	8.67188	
0.988464	8.67249	
0.990601	8.67249	
0.988464	8.67249	
0.990601	8.67188	
0.993042	8.6731	
0.989075	8.67249	
0.98938	8.67188	
0.990601	8.67249	
0.992737	8.67188	
0.98877	8.67249	
0.986633	8.67218	
0.985718	8.67279	
0.987854	8.67218	
0.986633	8.67188	
0.984802	8.67218	
0.989685	8.67279	
0.984802	8.67249	
0.989685	8.67249	
0.990601	8.67188	
0.991821	8.67279	
0.990295	8.67279	
0.989075	8.67249	
0.987854	8.67157	
0.992432	8.67126	
0.986328	8.67096	
0.987244	8.67188	
0.986023	8.67065	
0.986938	8.67188	
0.989685	8.67126	
0.990295	8.67126	
0.990601	8.67126	
0.989685	8.67096	
0.988464	8.67157	
0.987854	8.67188	
0.985413	8.67126	
0.985107	8.67035	
0.987244	8.67188	
0.989075	8.67188	
0.990601	8.67157	
0.993958	8.67157	
0.988464	8.67126	
0.987244	8.67065	
0.986023	8.67157	
0.986023	8.67096	
0.989685	8.67096	
0.991211	8.67188	
0.990295	8.67249	
0.990906	8.67249	
0.987854	8.67249	
0.98877	8.67218	
0.992126	8.67279	
0.986938	8.67157	
0.986328	8.67126	
0.986023	8.67096	
0.987549	8.67096	
0.984802	8.67188	
0.98877	8.67249	
0.987244	8.67218	
0.989685	8.67218	
0.987549	8.67126	
0.986633	8.67096	
0.985413	8.67065	
0.987244	8.67126	
0.984802	8.67249	
0.98999	8.67218	
0.98999	8.67157	
0.987244	8.67157	
0.987854	8.67126	
0.988159	8.67096	
0.98999	8.67126	
0.984192	8.67096	
0.98938	8.67096	
0.98999	8.67188	
0.987244	8.67188	
0.988159	8.67035	
0.98877	8.67096	
0.990601	8.67157	
0.986938	8.67188	
0.990295	8.67096	
0.990906	8.67096	
0.991821	8.67126	
0.989075	8.67096	
0.991516	8.67065	
0.990601	8.67188	
0.992432	8.67157	
0.988159	8.67188	
0.987244	8.67157	
0.986633	8.67218	
0.986633	8.67126	
0.987244	8.67157	
0.987854	8.67157	
0.988464	8.67218	
0.986328	8.67126	
0.988159	8.67065	
0.989685	8.67126	
0.984192	8.67126	
0.986328	8.67096	
0.985413	8.67065	
0.98877	8.67126	
0.987854	8.67157	
0.988159	8.67126	
0.985107	8.67096	
0.985107	8.67035	
0.987549	8.67096	
0.987244	8.67096	
0.987549	8.67218	
0.985107	8.67188	
0.989685	8.67218	
0.986328	8.67126	
0.987549	8.67065	
0.989075	8.67157	
0.98999	8.67218	
0.993042	8.67157	
0.987244	8.67065	
0.98877	8.67157	
0.985107	8.67218	
0.987244	8.67218	
0.986938	8.67096	
0.985413	8.67188	
0.98938	8.67157	
0.985718	8.67065	
0.987549	8.67249	
0.987549	8.67126	
0.988464	8.67126	
0.988159	8.67188	
0.986328	8.67096	
0.98877	8.67218	
0.98999	8.67188	
0.989075	8.67188	
0.987854	8.67249	
0.990601	8.67188	
0.988159	8.67218	
0.986938	8.67188	
0.987244	8.67218	
0.992126	8.67218	
0.988464	8.67188	
0.987854	8.67157	
0.990295	8.6731	
0.98877	8.67188	
0.990295	8.67126	
0.991516	8.67218	
0.990601	8.67157	
0.987854	8.67096	
0.989075	8.67096	
0.98877	8.67096	
0.98938	8.67249	
0.988159	8.67218	
0.988159	8.67188	
0.994568	8.67096	
0.988464	8.67157	
0.98877	8.67188	
0.990601	8.67218	
0.987854	8.67188	
0.987244	8.67157	
0.98938	8.67188	
0.987854	8.67157	
0.984802	8.67188	
0.988464	8.67218	
0.988464	8.67157	
0.985718	8.67249	
0.986938	8.67218	
0.985107	8.67218	
0.988464	8.67126	
0.986938	8.67157	
0.987244	8.67096	
0.986023	8.67126	
0.987549	8.67096	
0.986938	8.67157	
0.985718	8.67157	
0.990601	8.67218	
0.987549	8.67218	
0.988464	8.67218	
0.993042	8.67218	
0.989075	8.67188	
0.989685	8.67188	
0.987854	8.67218	
0.985718	8.67126	
0.98877	8.67218	
0.985413	8.67157	
0.989075	8.67188	
0.98877	8.67218	
0.985718	8.67188	
0.994568	8.67188	
0.988159	8.67126	
0.987854	8.67218	
0.990601	8.67126	
0.988159	8.67249	
0.989075	8.67218	
0.985718	8.67157	
0.994873	8.67188	
0.988464	8.67218	
0.990295	8.67188	
0.993652	8.67188	
0.988159	8.67218	
0.986328	8.67218	
0.987549	8.67218	
0.993652	8.67279	
0.987854	8.67157	
0.990295	8.67218	
0.993042	8.67188	
0.990295	8.67188	
0.990295	8.67188	
0.987244	8.67218	
0.984802	8.67188	
0.989685	8.67188	
0.986023	8.67218	
0.985718	8.67218	
0.987854	8.67218	
0.985413	8.67157	
0.988464	8.6731	
0.985718	8.67188	
0.987244	8.67188	
0.992126	8.67218	
0.98877	8.67218	
0.989075	8.67218	
0.989075	8.67188	
0.990295	8.67188	
0.987854	8.67096	
0.989685	8.67126	
0.992737	8.67157	
0.989685	8.67188	
0.987854	8.67188	
0.985107	8.67188	
0.992737	8.67126	
0.98938	8.67126	
0.987549	8.67218	
0.993347	8.67157	
0.98938	8.67188	
0.98877	8.67126	
0.98877	8.67188	
0.994873	8.67188	
0.987854	8.67218	
0.987549	8.67188	
0.985413	8.67188	
0.986023	8.67126	
0.987549	8.67126	
0.985107	8.67188	
0.98999	8.67218	
0.985413	8.67065	
0.990295	8.67096	
0.984497	8.67065	
0.986938	8.67096	
0.987549	8.67126	
0.98877	8.67188	
0.993042	8.67157	
0.98877	8.67218	
0.990601	8.67157	
0.993347	8.67218	
0.98999	8.67096	
0.991516	8.67279	
0.990295	8.67188	
0.994873	8.67249	
0.988159	8.67188	
0.991516	8.67188	
0.989685	8.67126	
0.988464	8.67249	
0.989075	8.67188	
0.990295	8.67188	
0.98999	8.67157	
0.988159	8.67188	
0.990295	8.67249	
0.991821	8.67126	
0.989685	8.67096	
0.991516	8.67126	
0.989685	8.67065	
0.991211	8.67188	
0.987854	8.67096	
0.991821	8.67157	
0.991821	8.67218	
0.989075	8.67126	
0.990295	8.67188	
0.988464	8.67188	
0.986328	8.67035	
0.987854	8.67126	
0.986023	8.67065	
0.987244	8.67065	
0.990906	8.67126	
0.990601	8.67096	
0.993958	8.67035	
0.987549	8.67004	
0.98999	8.67096	
0.986023	8.67035	
0.987244	8.67157	
0.987549	8.67065	
0.993347	8.67126	
0.98877	8.67096	
0.989075	8.67096	
0.98999	8.67096	
0.989075	8.67096	
0.987244	8.67035	
0.987854	8.67157	
0.985413	8.67035	
0.98999	8.67035	
0.986023	8.67096	
0.986938	8.67096	
0.987854	8.67096	
0.985718	8.67126	
0.991516	8.67096	
0.988159	8.67126	
0.98999	8.67096	
0.986938	8.67004	
0.987244	8.67065	
0.985718	8.67096	
0.991211	8.67065	
0.988159	8.67065	
0.988464	8.67065	
0.985718	8.67126	
0.985413	8.67035	
0.988159	8.67096	
0.987549	8.67096	
0.994263	8.67126	
0.988464	8.67096	
0.986938	8.67035	
0.990601	8.67126	
0.988159	8.67035	
0.989075	8.67126	
0.990601	8.67188	
0.994568	8.67157	
0.989075	8.67065	
0.988159	8.67096	
0.986633	8.67096	
0.986938	8.67126	
0.98999	8.67035	
0.98938	8.67126	
0.987854	8.67126	
0.985718	8.67096	
0.989685	8.67065	
0.98877	8.67096	
0.986938	8.67096	
0.987854	8.67065	
0.985718	8.67035	
0.989075	8.67157	
0.986633	8.67065	
0.988464	8.67096	
0.990295	8.67126	
0.98938	8.67157	
0.991211	8.67126	
0.990295	8.67218	
0.990601	8.67096	
0.98877	8.67157	
0.988464	8.67126	
0.993042	8.67096	
0.990906	8.67126	
0.990601	8.67157	
0.991516	8.67157	
0.991211	8.67188	
0.988159	8.67126	
0.988159	8.67218	
0.992737	8.67065	
0.989075	8.67188	
0.988464	8.67157	
0.985718	8.67035	
0.98999	8.67157	
0.987244	8.67096	
0.987854	8.67126	
0.98999	8.67157	
0.98938	8.67126	
0.991516	8.67188	
0.991211	8.67157	
0.985718	8.67126	
0.98999	8.67126	
0.986328	8.67157	
0.989075	8.67126	
0.989685	8.67188	
0.988159	8.67188	
0.994568	8.67065	
0.98877	8.67157	
0.990295	8.67157	
0.992737	8.67096	
0.990601	8.67126	
0.991211	8.67126	
0.990906	8.67126	
0.990295	8.67188	
0.988159	8.67157	
0.990601	8.67188	
0.993958	8.67157	
0.990601	8.67096	
0.991516	8.67157	
0.989685	8.67188	
0.986328	8.67096	
0.990295	8.67188	
0.986023	8.67157	
0.985413	8.67096	
0.987244	8.67096	
0.985107	8.67157	
0.993958	8.67188	
0.98938	8.67096	
0.989685	8.67126	
0.989075	8.67188	
0.988464	8.67188	
0.988464	8.67157	
0.986328	8.67096	
0.994263	8.67096	
0.989075	8.67126	
0.988464	8.67157	
0.98999	8.67126	
0.989075	8.67096	
0.990906	8.67218	
0.990601	8.67188	
0.994568	8.67126	
0.988464	8.67157	
0.98877	8.67157	
0.992126	8.67157	
0.988159	8.67188	
0.991211	8.67096	
0.990295	8.67157	
0.993652	8.67096	
0.98877	8.67096	
0.991821	8.67126	
0.991516	8.67065	
0.990295	8.67126	
0.991516	8.67065	
0.991821	8.67126	
0.989075	8.67065	
0.989075	8.67157	
0.991516	8.67065	
0.993347	8.67096	
0.990601	8.67126	
0.98877	8.67157	
0.98999	8.67126	
0.993652	8.67126	
0.988159	8.67096	
0.991821	8.67065	
0.991516	8.67065	
0.98999	8.67126	
0.990906	8.67188	
0.98877	8.67126	
0.992737	8.67157	
0.98938	8.67157	
0.989685	8.67096	
0.993042	8.67126	
0.990295	8.67126	
0.98999	8.67188	
0.989685	8.67188	
0.993958	8.67157	
0.98877	8.67188	
0.990601	8.67188	
0.992737	8.67157	
0.990295	8.67157	
0.991516	8.67126	
0.989075	8.67096	
0.994568	8.67188	
0.987854	8.67126	
0.989685	8.67157	
0.989075	8.67096	
0.990295	8.67188	
0.991516	8.67126	
0.98938	8.67157	
0.985718	8.67065	
0.989075	8.67096	
0.98938	8.67096	
0.987854	8.67035	
0.989685	8.67096	
0.991516	8.67126	
0.989075	8.67065	
0.985718	8.67035	
0.988464	8.67065	
0.989075	8.67065	
0.986938	8.67157	
0.987854	8.67126	
0.990601	8.67096	
0.991211	8.67126	
0.989075	8.67096	
0.992432	8.67096	
0.988464	8.67096	
0.98877	8.67126	
0.985413	8.67065	
0.995178	8.67157	
0.989075	8.67096	
0.989685	8.67126	
0.987854	8.67126	
0.989075	8.67126	
0.985718	8.67096	
0.993347	8.67157	
0.98938	8.67157	
0.990906	8.67126	
0.984802	8.67126	
0.986938	8.67096	
0.989075	8.67157	
0.98999	8.67065	
0.991211	8.67096	
0.988159	8.67126	
0.987854	8.67096	
0.989685	8.67126	
0.987854	8.67188	
0.987244	8.67218	
0.98938	8.67126	
0.988464	8.67126	
0.98938	8.67126	
0.988159	8.67065	
0.990906	8.67157	
0.991821	8.67218	
0.990601	8.67065	
0.990906	8.67065	
0.98938	8.67126	
0.989685	8.67065	
0.988464	8.67126	
0.987244	8.67157	
0.98877	8.67096	
0.989075	8.67218	
0.989075	8.67035	
0.993652	8.67065	
0.990295	8.67065	
0.991211	8.67065	
0.98938	8.67096	
0.986023	8.67065	
0.988464	8.67065	
0.994263	8.67096	
0.989075	8.67096	
0.988464	8.67096	
0.98999	8.67035	
0.991516	8.67065	
0.990601	8.67035	
0.988159	8.67065	
0.986938	8.67126	
0.98999	8.67126	
0.989075	8.67126	
0.994568	8.67065	
0.98938	8.67065	
0.98999	8.67188	
0.993347	8.67096	
0.989075	8.67126	
0.98877	8.67096	
0.991516	8.67096	
0.995178	8.67157	
0.987549	8.67126	
0.989685	8.67096	
0.985718	8.67096	
0.987854	8.67096	
0.98938	8.67035	
0.985413	8.67096	
0.992432	8.67096	
0.989685	8.67096	
0.990295	8.67096	
0.993652	8.67157	
0.990601	8.67096	
0.988464	8.67065	
0.989685	8.67096	
0.986328	8.67065	
0.988464	8.67096	
0.987244	8.67065	
0.986938	8.67126	
0.987549	8.67157	
0.987244	8.67096	
0.991821	8.67157	
0.987854	8.67096	
0.987244	8.67065	
0.991211	8.67126	
0.989075	8.67096	
0.98877	8.67065	
0.989685	8.67035	
0.986633	8.67035	
0.990295	8.67065	
0.986633	8.67065	
0.985718	8.67065	
0.988464	8.67157	
0.990601	8.67188	
0.988159	8.67096	
0.985718	8.67035	
0.98999	8.67126	
0.989685	8.67096	
0.987244	8.67126	
0.987854	8.67096	
0.990295	8.67126	
0.988464	8.67065	
0.990295	8.67126	
0.988159	8.67126	
0.986938	8.67157	
0.987549	8.67065	
0.986633	8.67126	
0.993652	8.67126	
0.988464	8.67157	
0.990601	8.67065	
0.990295	8.67035	
0.989075	8.67126	
0.985718	8.67126	
0.993042	8.67065	
0.98877	8.67035	
0.991516	8.67126	
0.989685	8.67157	
0.98999	8.67126	
0.985413	8.67096	
0.993958	8.67188	
0.989075	8.67065	
0.990601	8.67065	
0.985107	8.67065	
0.987244	8.67126	
0.986938	8.67065	
0.994263	8.67096	
0.988159	8.67065	
0.991516	8.67126	
0.985718	8.67096	
0.988464	8.67065	
0.98999	8.67096	
0.990601	8.67126	
0.989685	8.67126	
0.986938	8.67157	
0.984802	8.67065	
0.988159	8.67157	
0.986023	8.67157	
0.993042	8.67157	
0.98938	8.67065	
0.991211	8.67157	
0.986023	8.67126	
0.988159	8.67096	
0.985413	8.67065	
0.988464	8.67157	
0.989075	8.67096	
0.98877	8.67157	
0.993652	8.67065	
0.990601	8.67065	
0.990295	8.67065	
0.990295	8.67096	
0.987549	8.67035	
0.987854	8.67065	
0.993958	8.67096	
0.988464	8.67065	
0.991516	8.67096	
0.992126	8.67126	
0.989685	8.67065	
0.989075	8.67035	
0.989075	8.67065	
0.98999	8.67065	
0.98938	8.67126	
0.985413	8.67065	
0.987549	8.67096	
0.98938	8.67157	
0.989685	8.67065	
0.991821	8.67035	
0.990906	8.67096	
0.985107	8.67065	
0.98877	8.67035	
0.987549	8.67126	
0.989685	8.67065	
0.990906	8.67065	
0.98877	8.67126	
0.98877	8.67035	
0.98877	8.66974	
0.993652	8.67035	
0.98999	8.67126	
0.991211	8.67126	
0.987549	8.67126	
0.989075	8.67035	
0.987549	8.67126	
0.989685	8.67096	
0.991516	8.67065	
0.985413	8.67096	
0.993652	8.67126	
0.989075	8.67065	
0.991516	8.67065	
0.992737	8.67126	
0.991211	8.67065	
0.991821	8.67004	
0.989685	8.67157	
0.985413	8.67096	
0.989075	8.67065	
0.98938	8.67126	
0.990601	8.67096	
0.98999	8.67096	
0.98999	8.67096	
0.985107	8.67035	
0.989075	8.67126	
0.990295	8.67065	
0.989685	8.67065	
0.991821	8.67188	
0.991516	8.67126	
0.986023	8.67065	
0.98999	8.67126	
0.986328	8.67065	
0.988159	8.67126	
0.990295	8.67188	
0.991821	8.67126	
0.985413	8.67004	
0.990295	8.67065	
0.989685	8.67096	
0.986328	8.67096	
0.98999	8.67065	
0.986938	8.67035	
0.98938	8.67096	
0.989075	8.67096	
0.991211	8.67065	
0.992432	8.67035	
0.991211	8.67065	
0.985413	8.67126	
0.990295	8.67096	
0.98938	8.67065	
0.988159	8.67035	
0.988464	8.67004	
0.98938	8.67096	
0.991821	8.67126	
0.990601	8.67065	
0.987854	8.67157	
0.98938	8.67188	
0.993958	8.67035	
0.989685	8.67065	
0.990295	8.67126	
0.98938	8.67126	
0.986023	8.67035	
0.991821	8.67096	
0.986938	8.66974	
0.988464	8.67035	
0.990295	8.67004	
0.989075	8.67065	
0.995178	8.67096	
0.989075	8.67126	
0.991516	8.67096	
0.986633	8.67096	
0.988464	8.67065	
0.98999	8.67126	
0.986633	8.67065	
0.991211	8.67035	
0.98938	8.67035	
0.989685	8.67096	
0.991211	8.67096	
0.990601	8.67157	
0.988464	8.67188	
0.988159	8.67126	
0.986328	8.67096	
0.988159	8.67126	
0.991211	8.67096	
0.986633	8.67096	
0.98877	8.67065	
0.98938	8.67126	
0.987549	8.67126	
0.986633	8.67096	
0.994263	8.67096	
0.989685	8.67096	
0.986328	8.67035	
0.987244	8.67065	
0.987854	8.67157	
0.985107	8.67096	
0.991821	8.67188	
0.988159	8.67126	
0.991211	8.67065	
0.985413	8.67065	
0.988464	8.67096	
0.98938	8.67035	
0.993652	8.67096	
0.98938	8.67065	
0.985718	8.67126	
0.987549	8.67157	
0.989075	8.67126	
0.98938	8.67065	
0.987244	8.67035	
0.988159	8.67096	
0.991211	8.67065	
0.987854	8.66974	
0.98938	8.67035	
0.991516	8.66974	
0.990601	8.67126	
0.990295	8.67035	
0.986633	8.67096	
0.989075	8.67065	
0.991211	8.67065	
0.985413	8.66974	
0.988464	8.67065	
0.993958	8.67065	
0.98999	8.67004	
0.985718	8.67096	
0.990601	8.67004	
0.995178	8.67035	
0.988464	8.67035	
0.990295	8.67126	
0.990601	8.67096	
0.989075	8.67096	
0.987549	8.67004	
0.987854	8.67096	
0.993042	8.67065	
0.988159	8.67035	
0.991211	8.67035	
0.991821	8.67065	
0.989685	8.67035	
0.992737	8.67035	
0.990601	8.67004	
0.986023	8.67065	
0.994263	8.67065	
0.98999	8.67035	
0.990906	8.67035	
0.986938	8.67096	
0.990601	8.67065	
0.990906	8.67065	
0.98877	8.67035	
0.991821	8.67065	
0.986328	8.67065	
0.988159	8.67004	
0.990906	8.67126	
0.98999	8.66974	
0.991516	8.67096	
0.988464	8.67004	
0.98999	8.67188	
0.990295	8.67065	
0.993958	8.67096	
0.98938	8.67035	
0.98999	8.66974	
0.991821	8.67004	
0.990295	8.67065	
0.987244	8.67035	
0.995789	8.67096	
0.989685	8.67126	
0.98877	8.67065	
0.98999	8.66943	
0.992432	8.67096	
0.98938	8.67035	
0.98999	8.67065	
0.990601	8.67065	
0.986938	8.67035	
0.992126	8.67065	
0.98938	8.67035	
0.989685	8.67126	
0.990906	8.67035	
0.98877	8.66974	
0.989075	8.67065	
0.989075	8.67035	
0.986633	8.67035	
0.98938	8.67065	
0.993652	8.67065	
0.990601	8.67004	
0.991516	8.67035	
0.990601	8.67065	
0.989075	8.67096	
0.991821	8.67065	
0.986938	8.66974	
0.98877	8.66943	
0.990295	8.67004	
0.986023	8.66974	
0.989685	8.66943	
0.992737	8.66943	
0.988464	8.66943	
0.986633	8.66974	
0.994873	8.67096	
0.991211	8.67096	
0.986633	8.67065	
0.98938	8.67096	
0.992126	8.67035	
0.990295	8.67065	
0.98999	8.67065	
0.992126	8.67126	
0.986328	8.66943	
0.991211	8.67035	
0.98999	8.67126	
0.98938	8.67096	
0.990906	8.67065	
0.987244	8.67035	
0.992737	8.67035	
0.991821	8.67065	
0.986328	8.67035	
0.98877	8.67065	
0.993958	8.67126	
0.990295	8.67065	
0.986633	8.67096	
0.994873	8.67035	
0.992126	8.67096	
0.987244	8.67035	
0.991211	8.67004	
0.991211	8.67035	
0.989075	8.67096	
0.989685	8.67035	
0.98999	8.67065	
0.994873	8.67035	
0.990601	8.67004	
0.987244	8.67126	
0.98999	8.67096	
0.98999	8.67065	
0.989075	8.67065	
0.992737	8.67065	
0.98938	8.67035	
0.986938	8.67035	
0.992126	8.67035	
0.989685	8.67035	
0.987244	8.67096	
0.988159	8.67065	
0.987854	8.67035	
0.986938	8.67065	
0.995178	8.67065	
0.991211	8.67065	
0.986938	8.67035	
0.989075	8.67065	
0.992126	8.67126	
0.989685	8.67126	
0.989685	8.67004	
0.98938	8.67035	
0.993042	8.67035	
0.991211	8.67065	
0.992126	8.67065	
0.989685	8.67126	
0.98938	8.67096	
0.990295	8.67035	
0.995178	8.67035	
0.991821	8.67035	
0.988159	8.67065	
0.98999	8.67126	
0.98999	8.67096	
0.991516	8.67065	
0.994263	8.67065	
0.990601	8.67126	
0.986633	8.67065	
0.993347	8.67096	
0.989075	8.67096	
0.991821	8.67004	
0.986328	8.67035	
0.98877	8.67065	
0.987549	8.67035	
0.994873	8.67065	
0.991821	8.67035	
0.988159	8.67065	
0.986938	8.67096	
0.991516	8.67065	
0.992126	8.67065	
0.987549	8.67035	
0.98938	8.67096	
0.995178	8.67096	
0.992432	8.66974	
0.985718	8.67096	
0.994263	8.67035	
0.991516	8.67035	
0.993042	8.67035	
0.991516	8.67004	
0.987244	8.67096	
0.994873	8.67065	
0.990601	8.67096	
0.986633	8.67065	
0.988464	8.67065	
0.992126	8.67035	
0.990295	8.67004	
0.98938	8.67035	
0.989685	8.67065	
0.990906	8.66974	
0.98877	8.66913	
0.990295	8.66943	
0.98938	8.67096	
0.991211	8.67065	
0.992126	8.67065	
0.991211	8.67035	
0.991211	8.67065	
0.995789	8.67065	
0.991821	8.67065	
0.993042	8.66974	
0.991516	8.66974	
0.987549	8.66974	
0.995178	8.66943	
0.990295	8.67004	
0.986938	8.67035	
0.991211	8.66974	
0.991211	8.66913	
0.993652	8.67004	
0.990295	8.66974	
0.991516	8.67004	
0.991821	8.66974	
0.98938	8.66974	
0.992126	8.67065	
0.987549	8.66974	
0.990295	8.67065	
0.988159	8.66943	
0.988159	8.66943	
0.991516	8.66974	
0.986328	8.67065	
0.989075	8.66974	
0.994568	8.66974	
0.991516	8.67004	
0.989075	8.66943	
0.994263	8.67035	
0.98938	8.66974	
0.986023	8.66882	
0.989075	8.67004	
0.992126	8.66943	
0.98938	8.66913	
0.989075	8.66974	
0.992432	8.66974	
0.986328	8.67004	
0.990906	8.67065	
0.992126	8.66974	
0.986023	8.66943	
0.989685	8.67004	
0.988464	8.66943	
0.988159	8.66974	
0.991821	8.66913	
0.985718	8.66913	
0.98938	8.67004	
0.992126	8.67004	
0.992126	8.66943	
0.986328	8.66974	
0.995178	8.66913	
0.991516	8.67004	
0.986328	8.67035	
0.989685	8.67065	
0.991821	8.66943	
0.989075	8.66974	
0.989685	8.67065	
0.991516	8.66974	
0.986328	8.66882	
0.990295	8.67004	
0.992126	8.66943	
0.985718	8.66913	
0.98938	8.66913	
0.994873	8.66943	
0.98938	8.66974	
0.988464	8.66943	
0.992737	8.66943	
0.991211	8.67035	
0.987854	8.67004	
0.991516	8.67004	
0.987854	8.67035	
0.996094	8.67035	
0.991821	8.66974	
0.986938	8.67035	
0.990601	8.67065	
0.991516	8.67004	
0.995789	8.67065	
0.991516	8.67035	
0.986938	8.67004	
0.989075	8.67035	
0.992737	8.67065	
0.98938	8.67065	
0.989685	8.67004	
0.992737	8.66974	
0.987244	8.66943	
0.989685	8.66974	
0.991516	8.67065	
0.990295	8.67035	
0.992126	8.67035	
0.987244	8.66974	
0.98938	8.67065	
0.987549	8.66974	
0.98938	8.67004	
0.992432	8.67004	
0.991516	8.67035	
0.992126	8.67035	
0.988159	8.66974	
0.995789	8.67035	
0.991211	8.67004	
0.992737	8.66974	
0.98938	8.67035	
0.987244	8.67035	
0.991211	8.67065	
0.992432	8.66974	
0.988464	8.66882	
0.987549	8.67035	
0.991211	8.67065	
0.989685	8.67065	
0.990295	8.67004	
0.990601	8.67035	
0.988464	8.67035	
0.989075	8.67004	
0.988159	8.66974	
0.992737	8.67035	
0.991211	8.67035	
0.990295	8.67035	
0.989075	8.67004	
0.992126	8.67065	
0.987244	8.67004	
0.992126	8.67004	
0.988464	8.67004	
0.988159	8.67035	
0.993042	8.67035	
0.986938	8.66943	
0.990906	8.67035	
0.992126	8.67004	
0.989075	8.67035	
0.992737	8.66974	
0.986633	8.67004	
0.989685	8.67035	
0.995483	8.67035	
0.990295	8.67004	
0.988464	8.67035	
0.991821	8.67004	
0.98999	8.67065	
0.995178	8.67065	
0.98999	8.67004	
0.991516	8.66974	
0.989075	8.67035	
0.992126	8.67035	
0.98877	8.67035	
0.992432	8.67004	
0.98877	8.67065	
0.993347	8.67065	
0.991821	8.66974	
0.987854	8.67004	
0.991516	8.67035	
0.993042	8.67035	
0.989075	8.67004	
0.991821	8.67065	
0.986938	8.67004	
0.990295	8.67035	
0.992737	8.67035	
0.98999	8.67004	
0.992126	8.67004	
0.987549	8.67004	
0.989075	8.67004	
0.990295	8.66943	
0.985718	8.66974	
0.989685	8.67004	
0.989685	8.67035	
0.98999	8.66974	
0.992737	8.67035	
0.990906	8.66943	
0.992432	8.66974	
0.988464	8.67004	
0.992737	8.67004	
0.990295	8.67004	
0.996704	8.67035	
0.990906	8.67004	
0.990295	8.67004	
0.988464	8.66974	
0.992432	8.67035	
0.992432	8.67004	
0.989685	8.66943	
0.990906	8.67035	
0.989075	8.67004	
0.990295	8.67004	
0.991211	8.67065	
0.986633	8.67004	
0.990295	8.67065	
0.995178	8.67065	
0.98877	8.67035	
0.987854	8.67004	
0.988464	8.66943	
0.992126	8.66974	
0.989075	8.66974	
0.992126	8.66974	
0.990601	8.66974	
0.994873	8.67065	
0.991821	8.67035	
0.98938	8.67004	
0.992126	8.67065	
0.987854	8.67065	
0.994873	8.66974	
0.991211	8.66974	
0.994873	8.67004	
0.989685	8.66974	
0.98938	8.67065	
0.986023	8.67004	
0.989685	8.67065	
0.98938	8.66974	
0.990295	8.67065	
0.990295	8.67035	
0.988464	8.67004	
0.992432	8.67004	
0.987244	8.66913	
0.993042	8.67004	
0.989075	8.66943	
0.990295	8.66974	
0.991211	8.67004	
0.98938	8.66882	
0.993042	8.67035	
0.994263	8.67035	
0.991516	8.67035	
0.993958	8.67035	
0.991516	8.67065	
0.988159	8.67035	
0.992432	8.67004	
0.992737	8.67035	
0.992737	8.67065	
0.991821	8.67035	
0.987854	8.67065	
0.987244	8.66943	
0.990295	8.66974	
0.993958	8.66913	
0.990906	8.66974	
0.988159	8.66882	
0.994263	8.66974	
0.990295	8.66974	
0.991516	8.67035	
0.990906	8.67004	
0.98999	8.66913	
0.995483	8.67004	
0.992126	8.67004	
0.98877	8.67035	
0.990906	8.67065	
0.987549	8.67004	
0.988159	8.67035	
0.989075	8.67065	
0.994568	8.67004	
0.989075	8.67065	
0.991211	8.67004	
0.986938	8.66913	
0.988464	8.66852	
0.98999	8.66974	
0.98938	8.66974	
0.993042	8.66974	
0.987854	8.67004	
0.992432	8.66974	
0.988159	8.66974	
0.989075	8.66943	
0.993042	8.67004	
0.98877	8.66913	
0.990295	8.66974	
0.988464	8.67035	
0.990906	8.66974	
0.992737	8.66974	
0.987854	8.66974	
0.992126	8.66913	
0.990295	8.66913	
0.991821	8.66913	
0.994568	8.67065	
0.991821	8.66974	
0.987549	8.66943	
0.990295	8.66943	
0.990295	8.67004	
0.993347	8.67035	
0.991516	8.66974	
0.988159	8.66943	
0.991516	8.67004	
0.987549	8.66974	
0.994568	8.67035	
0.991211	8.66974	
0.98999	8.67004	
0.987854	8.67035	
0.992126	8.66974	
0.992432	8.67035	
0.987549	8.66943	
0.991821	8.67065	
0.989685	8.66913	
0.98877	8.66943	
0.98938	8.67004	
0.986328	8.66943	
0.989685	8.67065	
0.991211	8.66974	
0.989075	8.66943	
0.993042	8.67035	
0.98877	8.67004	
0.992432	8.67004	
0.987549	8.66913	
0.98938	8.66974	
0.990295	8.66974	
0.988159	8.67004	
0.993042	8.66913	
0.98877	8.66943	
0.992737	8.67004	
0.98938	8.67035	
0.990295	8.66913	
0.992737	8.66974	
0.988464	8.66913	
0.993652	8.67004	
0.990906	8.67004	
0.987549	8.67004	
0.992432	8.67065	
0.987244	8.66943	
0.988159	8.67004	
0.992432	8.66913	
0.986633	8.67004	
0.98938	8.66974	
0.993958	8.66943	
0.988464	8.66974	
0.991516	8.66974	
0.986633	8.66974	
0.990601	8.66974	
0.98999	8.66913	
0.98877	8.66974	
0.992737	8.66943	
0.98999	8.66943	
0.992126	8.66943	
0.987854	8.66943	
0.991821	8.67004	
0.989075	8.67004	
0.990295	8.66974	
0.991211	8.66974	
0.989075	8.67035	
0.991516	8.67035	
0.994568	8.67065	
0.990906	8.66913	
0.987549	8.67004	
0.992126	8.66974	
0.98877	8.66913	
0.987244	8.66974	
0.98938	8.66974	
0.987244	8.66974	
0.992737	8.67004	
0.98999	8.67004	
0.988464	8.66913	
0.992737	8.66913	
0.990906	8.66913	
0.990295	8.66943	
0.993958	8.67035	
0.991211	8.66974	
0.994873	8.66943	
0.98877	8.66943	
0.98877	8.67035	
0.987549	8.66974	
0.989075	8.66974	
0.990295	8.66974	
0.992126	8.66974	
0.989685	8.66913	
0.989685	8.67004	
0.98938	8.67004	
0.990295	8.67035	
0.98938	8.66943	
0.994873	8.67065	
0.991516	8.67035	
0.991516	8.67035	
0.991821	8.67004	
0.991516	8.66974	
0.996399	8.67004	
0.991211	8.66913	
0.987244	8.67004	
0.990295	8.66913	
0.992432	8.67004	
0.996094	8.66974	
0.992126	8.66943	
0.990906	8.67004	
0.991516	8.67004	
0.987244	8.67004	
0.986938	8.66974	
0.98999	8.66974	
0.987549	8.66882	
0.992737	8.67065	
0.991211	8.67035	
0.990906	8.67035	
0.991516	8.67035	
0.992126	8.66974	
0.986938	8.66974	
0.995178	8.66943	
0.992126	8.67004	
0.992432	8.66974	
0.992126	8.66913	
0.987244	8.66974	
0.995789	8.66974	
0.991516	8.66913	
0.994263	8.67004	
0.991516	8.66943	
0.987549	8.66943	
0.993652	8.66943	
0.98999	8.66913	
0.993042	8.66974	
0.98938	8.66913	
0.991821	8.66974	
0.987854	8.66943	
0.990601	8.66974	
0.98938	8.66974	
0.993347	8.66913	
0.992126	8.67035	
0.98999	8.67035	
0.988464	8.66943	
0.98938	8.66943	
0.990601	8.67004	
0.98999	8.66913	
0.990601	8.66943	
0.992737	8.66974	
0.990906	8.66943	
0.991821	8.66913	
0.991516	8.67004	
0.992126	8.66943	
0.995483	8.66943	
0.98877	8.66913	
0.993042	8.67004	
0.98999	8.66974	
0.98938	8.66974	
0.98938	8.66913	
0.992737	8.66974	
0.991821	8.67004	
0.98999	8.66974	
0.987854	8.67004	
0.990601	8.67004	
0.991516	8.67004	
0.996399	8.66974	
0.991516	8.66974	
0.995178	8.67004	
0.988464	8.66943	
0.992126	8.66974	
0.989685	8.67004	
0.992737	8.67004	
0.98877	8.67035	
0.991211	8.67035	
0.993347	8.66974	
0.98999	8.66943	
0.989685	8.67004	
0.990906	8.66974	
0.989685	8.67004	
0.994263	8.67004	
0.992126	8.66974	
0.989685	8.66943	
0.992432	8.67004	
0.986938	8.66974	
0.989685	8.66913	
0.989075	8.67004	
0.991211	8.66974	
0.990906	8.66974	
0.991211	8.67035	
0.991211	8.67035	
0.98999	8.66974	
0.991211	8.67004	
0.987244	8.66974	
0.985718	8.66974	
0.991821	8.66943	
0.987244	8.66943	
0.993042	8.66974	
0.995789	8.67004	
0.990906	8.67004	
0.993958	8.66943	
0.98938	8.67004	
0.988159	8.66913	
0.986633	8.66943	
0.992126	8.66943	
0.989075	8.66943	
0.991516	8.66974	
0.992432	8.66974	
0.991516	8.67035	
0.993652	8.66974	
0.991211	8.67004	
0.986938	8.67004	
0.98999	8.67004	
0.98938	8.66943	
0.987549	8.66882	
0.990295	8.67004	
0.990295	8.66974	
0.991211	8.66974	
0.992432	8.67004	
0.989685	8.66913	
0.992126	8.66974	
0.989685	8.67004	
0.98938	8.66913	
0.988464	8.66974	
0.991211	8.67035	
0.992737	8.67004	
0.98999	8.67035	
0.990601	8.66943	
0.990601	8.66974	
0.988464	8.67035	
0.993042	8.67004	
0.993652	8.67065	
0.991821	8.66974	
0.987549	8.66943	
0.991516	8.67035	
0.991516	8.66943	
0.996094	8.67004	
0.991821	8.66913	
0.993958	8.66974	
0.988159	8.67035	
0.992432	8.67065	
0.987244	8.67035	
0.991211	8.66943	
0.988159	8.67004	
0.990295	8.67004	
0.990601	8.66943	
0.991211	8.67004	
0.990295	8.66974	
0.98938	8.66974	
0.992432	8.67065	
0.990601	8.66943	
0.98999	8.66974	
0.990295	8.66943	
0.991821	8.66943	
0.986938	8.66913	
0.997009	8.66974	
0.991821	8.66913	
0.989075	8.66913	
0.990601	8.66882	
0.992126	8.66913	
0.995789	8.66882	
0.992126	8.67004	
0.987549	8.66974	
0.992432	8.67004	
0.987854	8.66943	
0.995789	8.67004	
0.991516	8.66913	
0.988159	8.66943	
0.992126	8.66943	
0.986938	8.66943	
0.98938	8.66943	
0.990601	8.66913	
0.993042	8.66913	
0.989075	8.66882	
0.992737	8.66882	
0.987549	8.66913	
0.993347	8.66974	
0.987854	8.66882	
0.991211	8.67035	
0.991211	8.67004	
0.98938	8.66913	
0.991821	8.66882	
0.987244	8.66913	
0.992737	8.66943	
0.995178	8.67004	
0.992737	8.66913	
0.988464	8.66974	
0.993347	8.67004	
0.987854	8.66913	
0.98999	8.66974	
0.990601	8.66852	
0.993347	8.66913	
0.992737	8.66913	
0.991821	8.67035	
0.990601	8.66913	
0.990295	8.66943	
0.992432	8.66974	
0.989685	8.66913	
0.996704	8.66913	
0.991516	8.66913	
0.990295	8.66913	
0.992126	8.66943	
0.991516	8.66943	
0.995483	8.66913	
0.993042	8.66943	
0.996094	8.66974	
0.993042	8.67065	
0.98877	8.66943	
0.98938	8.66882	
0.98999	8.66974	
0.992737	8.66943	
0.990601	8.66913	
0.993347	8.66913	
0.987549	8.66974	
0.990295	8.66882	
0.989075	8.66943	
0.993652	8.66943	
0.991821	8.66913	
0.991516	8.66913	
0.988464	8.66913	
0.991821	8.66913	
0.992126	8.66974	
0.992737	8.66913	
0.993347	8.67004	
0.996704	8.66913	
0.990906	8.66852	
0.993958	8.66943	
0.98938	8.67004	
0.992432	8.66943	
0.987549	8.66882	
0.992737	8.67004	
0.98999	8.66943	
0.990601	8.66943	
0.990601	8.66882	
0.992126	8.66913	
0.988464	8.66913	
0.995483	8.66913	
0.992737	8.66913	
0.995178	8.66913	
0.989685	8.66943	
0.993042	8.66913	
0.987549	8.66913	
0.990601	8.66913	
0.990601	8.66913	
0.992432	8.66943	
0.990601	8.66882	
0.991516	8.67004	
0.987244	8.66974	
0.992432	8.66852	
0.989075	8.66913	
0.994873	8.66913	
0.991821	8.67004	
0.995789	8.67004	
0.990295	8.66913	
0.992432	8.66974	
0.990295	8.66943	
0.993042	8.66882	
0.98877	8.66852	
0.993652	8.66913	
0.991516	8.66943	
0.990906	8.66943	
0.994873	8.66943	
0.991516	8.66882	
0.992126	8.66974	
0.988464	8.66913	
0.990601	8.66943	
0.992432	8.66913	
0.98999	8.66882	
0.993652	8.66882	
0.991211	8.66852	
0.993042	8.66913	
0.991821	8.66943	
0.991211	8.66913	
0.997009	8.67004	
0.992126	8.66974	
0.989685	8.66913	
0.993042	8.66913	
0.987549	8.66913	
0.994873	8.66913	
0.990295	8.66943	
0.993958	8.66974	
0.98999	8.66974	
0.993652	8.66943	
0.98877	8.66943	
0.993958	8.66974	
0.98999	8.66974	
0.991211	8.66882	
0.996704	8.66913	
0.992737	8.66882	
0.994873	8.66974	
0.989685	8.66913	
0.991516	8.67004	
0.990906	8.66913	
0.991821	8.66913	
0.988159	8.66913	
0.993652	8.66974	
0.991821	8.66943	
0.991516	8.66913	
0.988159	8.66913	
0.992737	8.66974	
0.991516	8.67004	
0.996399	8.66882	
0.990601	8.66913	
0.992126	8.66913	
0.990601	8.66913	
0.992432	8.66974	
0.990295	8.66913	
0.990601	8.66913	
0.991516	8.67004	
0.988464	8.66913	
0.996399	8.66913	
0.991821	8.66913	
0.995178	8.66974	
0.98877	8.66882	
0.993652	8.67004	
0.989075	8.66913	
0.991821	8.66913	
0.987549	8.66913	
0.992737	8.67004	
0.992737	8.66913	
0.993042	8.66913	
0.98938	8.66974	
0.991821	8.66943	
0.990295	8.66913	
0.997314	8.66913	
0.992432	8.67004	
0.991516	8.66913	
0.98999	8.66943	
0.992432	8.66913	
0.991211	8.66943	
0.992432	8.66913	
0.990601	8.66882	
0.993652	8.66943	
0.991821	8.66974	
0.991516	8.66943	
0.991821	8.66913	
0.989075	8.66943	
0.991821	8.66974	
0.991516	8.66974	
0.990601	8.66882	
0.993042	8.66974	
0.991211	8.66974	
0.993042	8.66943	
0.997009	8.67004	
0.991211	8.67004	
0.995789	8.66974	
0.98999	8.66913	
0.990295	8.66913	
0.988464	8.66943	
0.98999	8.66943	
0.988464	8.66913	
0.992126	8.66913	
0.993347	8.67004	
0.987244	8.66882	
0.991821	8.66913	
0.98938	8.66913	
0.991821	8.66943	
0.992126	8.66943	
0.990295	8.67004	
0.993958	8.66943	
0.987854	8.66882	
0.992737	8.67004	
0.990906	8.66943	
0.992126	8.66974	
0.992737	8.66913	
0.98877	8.66913	
0.992126	8.66913	
0.993347	8.66882	
0.992432	8.66974	
0.993042	8.66974	
0.987854	8.66821	
0.993347	8.66882	
0.991821	8.66882	
0.991821	8.66882	
0.993347	8.66821	
0.991821	8.66943	
0.988159	8.66974	
0.995178	8.66913	
0.991211	8.66943	
0.996094	8.66943	
0.990906	8.66852	
0.992432	8.66913	
0.987854	8.66913	
0.991821	8.66882	
0.992737	8.66974	
0.990601	8.66882	
0.990295	8.66943	
0.990601	8.66913	
0.987549	8.66882	
0.992126	8.67004	
0.991211	8.66882	
0.994568	8.66882	
0.991516	8.66913	
0.98999	8.66882	
0.991211	8.66943	
0.991821	8.66913	
0.990906	8.66943	
0.988159	8.66974	
0.993042	8.66913	
0.989685	8.66943	
0.988464	8.66974	
0.992126	8.66943	
0.991211	8.66882	
0.990295	8.66943	
0.991211	8.66913	
0.987854	8.66852	
0.98999	8.66882	
0.993652	8.66943	
0.98999	8.66882	
0.992126	8.66882	
0.991211	8.67004	
0.991516	8.66943	
0.992737	8.66913	
0.98938	8.66943	
0.997009	8.66913	
0.993042	8.67004	
0.994568	8.66913	
0.990906	8.66913	
0.993652	8.66943	
0.989075	8.66882	
0.993347	8.66913	
0.990295	8.66913	
0.993958	8.66913	
0.993958	8.66943	
0.992432	8.66852	
0.988464	8.66913	
0.992126	8.66882	
0.992737	8.66974	
0.996399	8.66943	
0.992737	8.67004	
0.996399	8.66974	
0.992126	8.66913	
0.989685	8.66943	
0.987244	8.66913	
0.992432	8.66943	
0.993652	8.66974	
0.990601	8.66913	
0.993652	8.66943	
0.988464	8.66913	
0.993652	8.66943	
0.990601	8.66913	
0.993042	8.66943	
0.997009	8.66913	
0.993042	8.66913	
0.995483	8.66913	
0.992126	8.66821	
0.988159	8.66913	
0.992737	8.66913	
0.991211	8.66882	
0.996399	8.66943	
0.990906	8.66913	
0.993347	8.66974	
0.991211	8.66913	
0.993652	8.66943	
0.98999	8.66943	
0.994263	8.66943	
0.993958	8.66974	
0.992432	8.66913	
0.989075	8.66974	
0.992432	8.67004	
0.988464	8.66974	
0.992126	8.66913	
0.991211	8.66943	
0.994568	8.66943	
0.992126	8.66913	
0.992432	8.66852	
0.989075	8.66913	
0.993652	8.67035	
0.989685	8.66852	
0.993042	8.66913	
0.994873	8.66943	
0.990601	8.66882	
0.98877	8.66974	
0.993652	8.66882	
0.98938	8.66913	
0.995789	8.66882	
0.990601	8.66974	
0.996704	8.67004	
0.989685	8.66913	
0.994263	8.66913	
0.991516	8.66913	
0.98877	8.66913	
0.992737	8.66974	
0.989075	8.66913	
0.986633	8.66791	
0.992737	8.66852	
0.987854	8.66821	
0.991516	8.66882	
0.995789	8.66913	
0.992737	8.66943	
0.994873	8.66913	
0.991211	8.66882	
0.991516	8.66943	
0.991516	8.66913	
0.991211	8.66913	
0.993042	8.66882	
0.990295	8.66882	
0.993347	8.66882	
0.989685	8.66821	
0.990601	8.66852	
0.992432	8.66974	
0.98999	8.66913	
0.992432	8.66943	
0.996094	8.66882	
0.991516	8.66882	
0.993347	8.66882	
0.990906	8.66913	
0.989075	8.66882	
0.991516	8.66913	
0.992126	8.66913	
0.99762	8.66882	
0.98999	8.66974	
0.987854	8.66852	
0.990601	8.66882	
0.991211	8.66913	
0.991211	8.66852	
0.98938	8.6673	
0.991516	8.66852	
0.98938	8.66852	
0.989075	8.66882	
0.992126	8.6676	
0.991211	8.66943	
0.991821	8.66882	
0.991211	8.66852	
0.991516	8.66974	
0.993347	8.66943	
0.990295	8.66913	
0.991516	8.66913	
0.992126	8.66913	
0.990295	8.66852	
0.993652	8.66913	
0.98938	8.66852	
0.98877	8.66882	
0.992126	8.66852	
0.989075	8.66882	
0.993652	8.66882	
0.995178	8.66913	
0.992432	8.66882	
0.996094	8.66882	
0.992737	8.66882	
0.994263	8.66882	
0.991211	8.66943	
0.991516	8.66882	
0.991516	8.66882	
0.98877	8.66882	
0.997009	8.66852	
0.990295	8.66852	
0.992432	8.66943	
0.990601	8.66852	
0.990601	8.66913	
0.991821	8.66913	
0.990601	8.66882	
0.991821	8.66852	
0.988464	8.66913	
0.990601	8.66913	
0.989685	8.66913	
0.992432	8.66882	
0.991516	8.66913	
0.992432	8.66913	
0.991821	8.66913	
0.98877	8.66913	
0.992126	8.66852	
0.993042	8.66913	
0.990601	8.66913	
0.993042	8.66913	
0.98999	8.66913	
0.993958	8.66852	
0.997009	8.66882	
0.993042	8.66943	
0.989075	8.66943	
0.993042	8.66882	
0.987549	8.66852	
0.992737	8.66943	
0.990295	8.66913	
0.990601	8.66852	
0.990295	8.66882	
0.993347	8.66882	
0.98938	8.66882	
0.990295	8.66882	
0.991516	8.66791	
0.989075	8.66943	
0.993042	8.66882	
0.991821	8.66913	
0.992432	8.66913	
0.991821	8.66882	
0.990601	8.66943	
0.992432	8.66882	
0.98999	8.66882	
0.991821	8.66882	
0.993347	8.66882	
0.991516	8.66882	
0.992432	8.66821	
0.992737	8.66852	
0.988464	8.66943	
0.988159	8.66852	
0.993652	8.66974	
0.992126	8.66821	
0.993347	8.66974	
0.997314	8.66913	
0.993347	8.66882	
0.994873	8.66913	
0.989685	8.66943	
0.992432	8.66913	
0.991516	8.66882	
0.993958	8.66882	
0.989075	8.66913	
0.994263	8.66913	
0.991516	8.66974	
0.992126	8.66852	
0.98999	8.66791	
0.98999	8.66913	
0.991516	8.66852	
0.997314	8.66913	
0.992126	8.67004	
0.996704	8.66943	
0.98999	8.66943	
0.992737	8.66852	
0.98999	8.66882	
0.992126	8.66882	
0.992432	8.66913	
0.990295	8.66852	
0.996399	8.66882	
0.992737	8.66852	
0.993042	8.66882	
0.994263	8.66913	
0.993652	8.66882	
0.993347	8.66821	
0.995483	8.66943	
0.98938	8.66882	
0.994263	8.66913	
0.990906	8.66882	
0.992432	8.66882	
0.988159	8.66974	
0.993958	8.66943	
0.993347	8.66882	
0.993347	8.66913	
0.997314	8.66882	
0.992737	8.66913	
0.993958	8.66913	
0.988159	8.66913	
0.992737	8.66913	
0.988464	8.66913	
0.993347	8.66882	
0.996094	8.66974	
0.993652	8.66882	
0.997009	8.66974	
0.991211	8.66913	
0.992737	8.66882	
0.990295	8.66913	
0.993347	8.66913	
0.993347	8.67035	
0.988464	8.66943	
0.989685	8.66943	
0.991211	8.66913	
0.98877	8.66882	
0.994568	8.66913	
0.993042	8.66913	
0.993652	8.66913	
0.990906	8.66913	
0.993958	8.66943	
0.993042	8.66882	
0.993347	8.66882	
0.996704	8.66791	
0.98999	8.66882	
0.992737	8.66974	
0.991821	8.66913	
0.991821	8.66852	
0.991821	8.66913	
0.993652	8.66882	
0.991211	8.66913	
0.98999	8.66913	
0.990601	8.66821	
0.991211	8.66852	
0.990601	8.66913	
0.995483	8.66913	
0.990601	8.66882	
0.993042	8.66882	
0.991821	8.66821	
0.989685	8.66913	
0.991821	8.66913	
0.993042	8.66943	
0.992432	8.66913	
0.98877	8.66943	
0.993347	8.66852	
0.990906	8.66852	
0.991516	8.66913	
0.991821	8.66882	
0.994263	8.66913	
0.988464	8.66943	
0.987244	8.66913	
0.992432	8.66821	
0.987854	8.66821	
0.994263	8.66852	
0.991516	8.66852	
0.990601	8.66882	
0.987854	8.67004	
0.993652	8.66852	
0.991211	8.66882	
0.988159	8.66852	
0.993958	8.66882	
0.98999	8.66913	
0.992126	8.66974	
0.993958	8.66913	
0.991211	8.66913	
0.98938	8.66974	
0.991821	8.66913	
0.997925	8.66974	
0.993347	8.66913	
0.995483	8.66974	
0.991516	8.66913	
0.997009	8.66913	
0.992737	8.66882	
0.994568	8.66913	
0.990295	8.66943	
0.993347	8.66882	
0.991821	8.66913	
0.989685	8.66882	
0.992432	8.66882	
0.993347	8.66913	
0.991516	8.66913	
0.989685	8.66913	
0.992432	8.66882	
0.990906	8.66974	
0.98877	8.66913	
0.993347	8.66913	
0.992432	8.66913	
0.98999	8.66974	
0.989685	8.66882	
0.992737	8.66791	
0.992432	8.66882	
0.988159	8.66913	
0.988159	8.66852	
0.993347	8.66943	
0.98999	8.66913	
0.98877	8.66882	
0.992126	8.66882	
0.990601	8.66913	
0.98938	8.66943	
0.994568	8.66943	
0.993958	8.66974	
0.993652	8.66974	
0.995178	8.66943	
0.993042	8.66943	
0.993652	8.66882	
0.991516	8.66913	
0.988159	8.66882	
0.994263	8.66913	
0.996399	8.66882	
0.992737	8.66852	
0.989685	8.66882	
0.988159	8.66882	
0.987549	8.66913	
0.993958	8.66913	
0.991516	8.66913	
0.988159	8.66974	
0.988464	8.66791	
0.992432	8.66852	
0.989685	8.66913	
0.992737	8.66913	
0.996094	8.66974	
0.991516	8.66943	
0.992737	8.66974	
0.992737	8.67004	
0.992432	8.66943	
0.993652	8.66913	
0.993958	8.66974	
0.991821	8.66913	
0.992432	8.66943	
0.993347	8.66943	
0.997009	8.66943	
0.990601	8.66882	
0.994568	8.66974	
0.991821	8.67004	
0.989075	8.66882	
0.991516	8.66852	
0.992737	8.66882	
0.992737	8.66882	
0.996704	8.66913	
0.991516	8.66821	
0.992126	8.66852	
0.991821	8.66943	
0.993958	8.66821	
0.991821	8.66943	
0.994568	8.66882	
0.992432	8.66913	
0.989685	8.66882	
0.993347	8.66943	
0.98938	8.66974	
0.988464	8.6676	
0.993347	8.66821	
0.992432	8.66913	
0.990295	8.66852	
0.991821	8.66821	
0.992126	8.66913	
0.990601	8.66913	
0.994568	8.66913	
0.993042	8.66913	
0.994263	8.66943	
0.996399	8.66943	
0.990295	8.66852	
0.991211	8.66974	
0.992126	8.66913	
0.98877	8.66943	
0.993652	8.66913	
0.989075	8.66821	
0.989685	8.66852	
0.993347	8.66913	
0.989075	8.66882	
0.993958	8.66882	
0.997314	8.66913	
0.993958	8.66913	
0.994568	8.66943	
0.991516	8.66974	
0.992737	8.66882	
0.994263	8.66791	
0.99762	8.66882	
0.992432	8.66882	
0.991821	8.66882	
0.994263	8.66913	
0.997009	8.66913	
0.992737	8.66974	
0.99762	8.66913	
0.991516	8.66943	
0.988464	8.66913	
0.990906	8.66791	
0.997925	8.66882	
0.991821	8.66913	
0.98938	8.66882	
0.993958	8.66943	
0.996399	8.66913	
0.991516	8.66943	
0.990601	8.66913	
0.993347	8.66882	
0.99762	8.66974	
0.991211	8.66943	
0.98999	8.67004	
0.994263	8.66974	
0.991821	8.66791	
0.991516	8.66882	
0.98938	8.66821	
0.993347	8.66852	
0.998535	8.66882	
0.991821	8.66913	
0.990295	8.66913	
0.993958	8.66943	
0.993347	8.66913	
0.994263	8.66852	
0.996704	8.66852	
0.993652	8.66852	
0.992737	8.66852	
0.993958	8.66852	
0.995178	8.66852	
0.990906	8.66821	
0.991821	8.66852	
0.994263	8.66852	
0.993042	8.66913	
0.994568	8.66821	
0.99823	8.66882	
0.991516	8.66852	
0.989685	8.66821	
0.995178	8.66852	
0.996399	8.66852	
0.991211	8.66852	
0.98877	8.66882	
0.993347	8.66821	
0.99823	8.66821	
0.992126	8.66913	
0.993958	8.66821	
0.993042	8.66821	
0.997925	8.66821	
0.993347	8.66821	
0.997314	8.66821	
0.992432	8.66882	
0.991516	8.66852	
0.991516	8.66882	
0.98938	8.66821	
0.991821	8.66882	
0.994568	8.66852	
0.992126	8.66913	
0.989685	8.66852	
0.993652	8.66852	
0.993652	8.66852	
0.993042	8.66852	
0.989075	8.66852	
0.993347	8.66821	
0.994263	8.66821	
0.992432	8.66913	
0.989685	8.66882	
0.994263	8.66882	
0.989685	8.66821	
0.988159	8.66852	
0.990601	8.66852	
0.98938	8.66791	
0.993958	8.66913	
0.997314	8.66791	
0.993958	8.66882	
0.996399	8.66852	
0.990601	8.66882	
0.992432	8.66852	
0.991821	8.66913	
0.993958	8.66791	
0.992126	8.66791	
0.991516	8.66913	
0.991516	8.66852	
0.990295	8.66821	
0.990906	8.66852	
0.993652	8.66882	
0.992126	8.66913	
0.989075	8.66852	
0.993652	8.66791	
0.991821	8.66821	
0.990295	8.66852	
0.989075	8.66852	
0.992737	8.66974	
0.991516	8.66882	
0.98938	8.66791	
0.993347	8.66852	
0.993042	8.66882	
0.989075	8.66913	
0.987549	8.66791	
0.993347	8.66852	
0.992737	8.66882	
0.989685	8.66882	
0.993958	8.66882	
0.990295	8.66913	
0.989075	8.66791	
0.994568	8.66882	
0.995483	8.66852	
0.991211	8.66882	
0.988464	8.66821	
0.993347	8.66913	
0.992432	8.66882	
0.993347	8.66852	
0.993652	8.66882	
0.991211	8.66821	
0.993652	8.66882	
0.992737	8.66913	
0.98877	8.66852	
0.993958	8.66852	
0.98999	8.66882	
0.98999	8.66852	
0.991211	8.66882	
0.993042	8.66913	
0.991516	8.66943	
0.991821	8.66852	
0.989685	8.66943	
0.994263	8.66913	
0.991516	8.66852	
0.989685	8.66913	
0.990295	8.66882	
0.993042	8.66913	
0.991211	8.66913	
0.991516	8.66882	
0.990906	8.66821	
0.993652	8.66852	
0.989685	8.66882	
0.988159	8.66882	
0.993042	8.66882	
0.993347	8.66913	
0.98877	8.66852	
0.989075	8.66882	
0.993042	8.66882	
0.992126	8.66882	
0.988464	8.66791	
0.988464	8.66852	
0.994568	8.66821	
0.989685	8.66852	
0.994568	8.66852	
0.997314	8.66821	
0.992126	8.66913	
0.994568	8.66882	
0.994263	8.66852	
0.994873	8.66852	
0.993958	8.66821	
0.994873	8.66821	
0.991516	8.66913	
0.991516	8.66913	
0.991821	8.66852	
0.98877	8.66852	
0.992737	8.66852	
0.992737	8.66943	
0.98938	8.66821	
0.990601	8.66821	
0.991211	8.66913	
0.98877	8.66852	
0.996399	8.66791	
0.991211	8.66821	
0.989075	8.66791	
0.994568	8.66882	
0.997009	8.66821	
0.991821	8.66882	
0.98877	8.66791	
0.989685	8.66852	
0.990601	8.66852	
0.991516	8.66882	
0.991211	8.66821	
0.990295	8.66821	
0.994873	8.66821	
0.991516	8.66882	
0.990601	8.66821	
0.994568	8.66791	
0.997314	8.66791	
0.993042	8.66852	
0.992126	8.66791	
0.994568	8.66852	
0.997009	8.66821	
0.993652	8.66821	
0.996399	8.66882	
0.992432	8.66821	
0.993652	8.66852	
0.991516	8.66821	
0.98999	8.66821	
0.993347	8.66852	
0.991516	8.66852	
0.98877	8.6676	
0.994263	8.66821	
0.990295	8.66852	
0.994873	8.66882	
0.99762	8.66882	
0.990906	8.66852	
0.98938	8.66852	
0.993958	8.66882	
0.99762	8.66852	
0.993347	8.66882	
0.996094	8.66852	
0.991211	8.66882	
0.992126	8.66913	
0.992432	8.66913	
0.989685	8.66852	
0.991821	8.66913	
0.992126	8.66882	
0.991516	8.66821	
0.991821	8.66821	
0.992126	8.66913	
0.98938	8.66913	
0.988464	8.6676	
0.994568	8.66821	
0.990601	8.66852	
0.98938	8.66882	
0.989075	8.66821	
0.992126	8.66882	
0.990601	8.66791	
0.992737	8.66852	
0.995789	8.66852	
0.993958	8.66913	
0.98877	8.66882	
0.993958	8.66821	
0.997925	8.66821	
0.991516	8.66821	
0.990906	8.66882	
0.993652	8.66882	
0.99762	8.66974	
0.991516	8.66943	
0.99762	8.66882	
0.993347	8.66882	
0.993652	8.66821	
0.993042	8.66791	
0.994263	8.66821	
0.994263	8.66852	
0.993347	8.66821	
0.992737	8.66791	
0.989075	8.6673	
0.990906	8.66791	
0.988464	8.66791	
0.995178	8.66821	
0.992126	8.66791	
0.992737	8.66791	
0.993652	8.66821	
0.991516	8.66821	
0.98877	8.66821	
0.993347	8.66821	
0.98999	8.66821	
0.991211	8.66882	
0.98999	8.66821	
0.993042	8.66882	
0.997925	8.66913	
0.991821	8.66791	
0.989685	8.66852	
0.994873	8.66913	
0.99823	8.66791	
0.993042	8.66791	
0.989685	8.66852	
0.990601	8.66821	
0.991821	8.66852	
0.992126	8.66882	
0.989685	8.66791	
0.991516	8.66852	
0.98999	8.66852	
0.987549	8.66852	
0.990906	8.66852	
0.992432	8.66821	
0.988464	8.66913	
0.98999	8.66882	
0.992737	8.66852	
0.992126	8.66821	
0.989075	8.66882	
0.990906	8.66852	
0.989685	8.66882	
0.993652	8.66852	
0.993958	8.66852	
0.992737	8.66913	
0.996399	8.66882	
0.993958	8.66852	
0.995789	8.66913	
0.993042	8.66791	
0.989685	8.66852	
0.993347	8.66821	
0.996094	8.66913	
0.993042	8.66882	
0.992737	8.66852	
0.994263	8.66882	
0.996704	8.66852	
0.991516	8.66882	
0.990906	8.66882	
0.988464	8.66852	
0.991516	8.66882	
0.991516	8.66821	
0.988464	8.66821	
0.992737	8.66791	
0.99762	8.66821	
0.991211	8.66852	
0.98938	8.66882	
0.993652	8.66852	
0.997314	8.66882	
0.990906	8.66852	
0.98999	8.66821	
0.994568	8.66882	
0.993042	8.66913	
0.994568	8.66882	
0.993042	8.66852	
0.990906	8.66913	
0.992737	8.66882	
0.992126	8.66882	
0.994263	8.66882	
0.990601	8.66821	
0.994873	8.66821	
0.991821	8.66882	
0.990906	8.66913	
0.993042	8.66913	
0.98938	8.66791	
0.988464	8.66852	
0.990601	8.66791	
0.992432	8.66791	
0.988159	8.66821	
0.987854	8.66791	
0.993958	8.66852	
0.990295	8.66852	
0.988464	8.66852	
0.98877	8.66791	
0.994873	8.66852	
0.992126	8.66852	
0.98938	8.66882	
0.990295	8.6676	
0.993652	8.66852	
0.993347	8.66791	
0.990601	8.66821	
0.989075	8.6676	
0.993958	8.6676	
0.993042	8.66791	
0.990601	8.66791	
0.990601	8.66791	
0.992126	8.66852	
0.993347	8.66882	
0.993347	8.66821	
0.992126	8.66821	
0.996094	8.66821	
0.990601	8.6673	
0.993652	8.66791	
0.993958	8.66821	
0.996704	8.66791	
0.990906	8.66821	
0.991821	8.66791	
0.992432	8.6676	
0.988464	8.66821	
0.993958	8.6676	
0.987549	8.6673	
0.993347	8.66821	
0.992737	8.6676	
0.994568	8.6676	
0.991516	8.66913	
0.989075	8.66821	
0.990295	8.66852	
0.991821	8.66852	
0.993347	8.6676	
0.994568	8.66791	
0.992432	8.66882	
0.994568	8.66974	
0.991516	8.66882	
0.990295	8.66821	
0.990906	8.66882	
0.98938	8.66852	
0.994263	8.66791	
0.993958	8.66821	
0.990601	8.66852	
0.990601	8.66821	
0.989075	8.66852	
0.992126	8.66791	
0.992432	8.66852	
0.994568	8.66882	
0.989685	8.66791	
0.994263	8.66821	
0.996399	8.66852	
0.993347	8.66791	
0.993042	8.66852	
0.990295	8.66791	
0.992737	8.66821	
0.991821	8.66821	
0.992432	8.66852	
0.990295	8.66791	
0.991516	8.66882	
0.991821	8.66821	
0.996094	8.66913	
0.991211	8.66821	
0.991516	8.6676	
0.993042	8.66821	
0.991516	8.6676	
0.993958	8.66821	
0.996399	8.66821	
0.992126	8.66821	
0.98938	8.66852	
0.988464	8.66852	
0.988464	8.66821	
0.994568	8.66821	
0.992126	8.66882	
0.988464	8.66882	
0.987854	8.66791	
0.995483	8.66791	
0.993652	8.66821	
0.98999	8.66852	
0.988464	8.66791	
0.991516	8.6676	
0.993042	8.6676	
0.993958	8.66882	
0.994263	8.66791	
0.996399	8.66791	
0.993042	8.66821	
0.998535	8.66882	
0.991516	8.6676	
0.989685	8.66821	
0.993042	8.66852	
0.990295	8.66791	
0.994263	8.66791	
0.992126	8.6676	
0.988464	8.66852	
0.98938	8.66791	
0.992126	8.66791	
0.993958	8.66882	
0.989075	8.66791	
0.989075	8.66821	
0.991821	8.66821	
0.993958	8.66852	
0.98938	8.66791	
0.988159	8.66821	
0.994263	8.66852	
0.993652	8.6676	
0.991821	8.66821	
0.992126	8.66882	
0.990906	8.66821	
0.991821	8.66791	
0.994568	8.6676	
0.991516	8.66821	
0.995483	8.66821	
0.990906	8.66791	
0.994263	8.66821	
0.992432	8.66791	
0.989685	8.6676	
0.990906	8.6676	
0.993042	8.6673	
0.993958	8.66882	
0.994873	8.66821	
0.991516	8.66882	
0.991211	8.66821	
0.992432	8.66852	
0.993652	8.66791	
0.990601	8.66821	
0.992432	8.6676	
0.992126	8.66791	
0.993652	8.66882	
0.990906	8.66791	
0.993652	8.66852	
0.994263	8.66821	
0.997009	8.66882	
0.992737	8.6676	
0.995789	8.66821	
0.990906	8.66791	
0.992737	8.66821	
0.994873	8.66791	
0.997009	8.66882	
0.991516	8.66821	
0.989075	8.66791	
0.993347	8.6676	
0.996399	8.66821	
0.991821	8.6676	
0.989685	8.66852	
0.994263	8.66791	
0.997314	8.66791	
0.991821	8.66791	
0.98877	8.6676	
0.992432	8.66852	
0.993958	8.66821	
0.990906	8.6676	
0.990295	8.66821	
0.994873	8.66852	
0.997009	8.66882	
0.993042	8.6676	
0.991211	8.66821	
0.989685	8.66852	
0.988464	8.66821	
0.991516	8.66852	
0.992737	8.66821	
0.989075	8.66852	
0.992432	8.66821	
0.991211	8.66882	
0.990906	8.66852	
0.991516	8.66821	
0.991821	8.66791	
0.995789	8.66821	
0.991211	8.66821	
0.993652	8.66852	
0.994263	8.66882	
0.993652	8.66821	
0.995178	8.66882	
0.995483	8.66852	
0.991516	8.66821	
0.988159	8.6676	
0.993958	8.66791	
0.991211	8.66791	
0.994263	8.66791	
0.992737	8.66852	
0.98938	8.66791	
0.990295	8.66821	
0.993958	8.66821	
0.993042	8.66791	
0.990906	8.66821	
0.991821	8.66791	
0.98938	8.66791	
0.991516	8.66852	
0.992126	8.66882	
0.992126	8.66791	
0.995789	8.66852	
0.991821	8.66791	
0.995178	8.66821	
0.992737	8.66791	
0.98877	8.66791	
0.993042	8.66791	
0.997009	8.66852	
0.990906	8.6676	
0.988464	8.66791	
0.98877	8.66791	
0.98938	8.66882	
0.992737	8.66821	
0.993652	8.66852	
0.989075	8.66821	
0.98938	8.66821	
0.992737	8.66791	
0.992737	8.66882	
0.989685	8.66852	
0.989685	8.66791	
0.990601	8.66791	
0.993347	8.66821	
0.994263	8.66852	
0.991211	8.66852	
0.996399	8.66913	
0.991516	8.66852	
0.996094	8.66852	
0.992432	8.66852	
0.989685	8.66852	
0.992432	8.66913	
0.988159	8.66913	
0.993652	8.66882	
0.992432	8.66852	
0.989075	8.66821	
0.989685	8.66791	
0.990601	8.66852	
0.993652	8.66791	
0.991821	8.6676	
0.994263	8.66882	
0.994568	8.66821	
0.993042	8.66821	
0.994263	8.66791	
0.994263	8.66821	
0.993042	8.6676	
0.988159	8.66821	
0.990601	8.66791	
0.98877	8.66852	
0.990295	8.6676	
0.993042	8.66852	
0.993652	8.66821	
0.988464	8.66821	
0.994568	8.66913	
0.991211	8.66791	
0.993958	8.66882	
0.993347	8.66852	
0.994263	8.66821	
0.992737	8.66882	
0.995178	8.66821	
0.994873	8.66882	
0.991516	8.66791	
0.993958	8.66852	
0.993958	8.66821	
0.993652	8.6673	
0.991516	8.66821	
0.996094	8.66852	
0.993042	8.66791	
0.99762	8.66821	
0.991211	8.66791	
0.98938	8.66821	
0.990906	8.66791	
0.993958	8.6676	
0.992737	8.66882	
0.991211	8.66821	
0.98999	8.66791	
0.990906	8.6676	
0.994263	8.66791	
0.98999	8.6676	
0.98877	8.6676	
0.991821	8.66791	
0.990906	8.66791	
0.991211	8.6676	
0.993347	8.66913	
0.993958	8.66852	
0.997314	8.66913	
0.994873	8.66852	
0.998535	8.66913	
0.991821	8.66852	
0.989685	8.66791	
0.98938	8.66852	
0.98877	8.6676	
0.990906	8.66852	
0.990906	8.66821	
0.992126	8.66913	
0.992737	8.66852	
0.989685	8.66943	
0.991821	8.66852	
0.988464	8.66791	
0.992737	8.66882	
0.993958	8.6676	
0.994873	8.66852	
0.992432	8.66882	
0.995789	8.66913	
0.994263	8.66882	
0.997009	8.66821	
0.991211	8.66882	
0.989685	8.66791	
0.98999	8.66852	
0.991821	8.66791	
0.993652	8.66852	
0.992126	8.66821	
0.989685	8.66821	
0.98938	8.66852	
0.991821	8.66882	
0.994263	8.66882	
0.994568	8.66882	
0.991516	8.66821	
0.98999	8.66852	
0.991211	8.66791	
0.992126	8.66913	
0.993958	8.66852	
0.991211	8.66821	
0.992126	8.6673	
0.98938	8.66852	
0.995483	8.66882	
0.993042	8.66821	
0.992737	8.66882	
0.992737	8.66821	
0.994568	8.66913	
0.994568	8.66852	
0.995178	8.66821	
0.995483	8.66913	
0.994263	8.66821	
0.995483	8.66882	
0.993958	8.66821	
0.993347	8.66821	
0.993652	8.66821	
0.995483	8.66852	
0.993958	8.66852	
0.993347	8.66882	
0.994263	8.66791	
0.991821	8.66882	
0.996704	8.66852	
0.993958	8.66913	
0.993347	8.66821	
0.994873	8.66913	
0.993958	8.66882	
0.994263	8.66882	
0.993042	8.66882	
0.997009	8.66821	
0.994873	8.66882	
0.996399	8.66852	
0.993347	8.66852	
0.993347	8.66852	
0.993958	8.66821	
0.991516	8.66882	
0.995178	8.66943	
0.993347	8.66852	
0.997314	8.66821	
0.992737	8.66913	
0.992432	8.66852	
0.989685	8.66791	
0.992432	8.66791	
0.991821	8.66852	
0.991211	8.66882	
0.992126	8.66882	
0.993652	8.66821	
0.996399	8.66882	
0.994263	8.66821	
0.99762	8.66913	
0.990906	8.66882	
0.993652	8.6676	
0.993347	8.6676	
0.992126	8.6676	
0.99762	8.66821	
0.995178	8.6676	
0.994568	8.6676	
0.994568	8.66821	
0.994263	8.6676	
0.994568	8.66699	
0.993652	8.6676	
0.99762	8.66791	
0.995483	8.66791	
0.99823	8.6676	
0.991821	8.6676	
0.992737	8.66791	
0.991821	8.66852	
0.991821	8.66852	
0.98999	8.66699	
0.991821	8.6676	
0.994263	8.6676	
0.993347	8.6676	
0.990601	8.66791	
0.98938	8.6676	
0.98938	8.6673	
0.989685	8.6673	
0.992737	8.66791	
0.992432	8.66821	
0.993652	8.66852	
0.988464	8.66791	
0.991821	8.6676	
0.988464	8.66852	
0.989685	8.66821	
0.992737	8.66852	
0.993042	8.66821	
0.993347	8.66882	
0.993958	8.66852	
0.993652	8.66882	
0.991821	8.66821	
0.994568	8.6676	
0.994263	8.6676	
0.995178	8.66821	
0.992432	8.66791	
0.996094	8.66791	
0.993652	8.66882	
0.993347	8.66821	
0.992737	8.66852	
0.993958	8.66882	
0.994263	8.66913	
0.993958	8.66852	
0.989685	8.66791	
0.993347	8.6676	
0.989075	8.6676	
0.991821	8.6673	
0.993958	8.6673	
0.995178	8.66852	
0.991821	8.6676	
0.993958	8.66852	
0.993958	8.66852	
0.989685	8.66821	
0.994568	8.66882	
0.993958	8.66852	
0.994263	8.66943	
0.993042	8.66852	
0.996399	8.66882	
0.992737	8.66821	
0.99823	8.66791	
0.991516	8.6676	
0.989685	8.66852	
0.989685	8.66852	
0.98938	8.66882	
0.996399	8.66699	
0.993042	8.66791	
0.99762	8.66852	
0.993652	8.6673	
0.994873	8.6676	
0.995178	8.6676	
0.993042	8.66791	
0.997009	8.6676	
0.994568	8.6676	
0.996399	8.6676	
0.994873	8.6673	
0.993347	8.6676	
0.994873	8.66791	
0.992432	8.66791	
0.997314	8.6676	
0.995178	8.66852	
0.989685	8.6676	
0.995178	8.6676	
0.993652	8.66791	
0.995483	8.66791	
0.993042	8.6676	
0.995178	8.66852	
0.992432	8.6673	
0.994568	8.6676	
0.991516	8.66791	
0.98999	8.6673	
0.991211	8.6676	
0.990295	8.66699	
0.993958	8.66821	
0.992737	8.6676	
0.992737	8.66791	
0.993347	8.6676	
0.997314	8.6673	
0.994263	8.6676	
0.999146	8.6673	
0.992737	8.66791	
0.98938	8.6673	
0.991516	8.66821	
0.98938	8.6676	
0.994873	8.6673	
0.993958	8.6676	
0.995178	8.66852	
0.994873	8.66791	
0.989685	8.6676	
0.993652	8.66852	
0.991211	8.66821	
0.994263	8.66699	
0.994568	8.66791	
0.995483	8.66821	
0.992737	8.6673	
0.997314	8.6676	
0.995789	8.66791	
0.992432	8.6676	
0.994568	8.66699	
0.995178	8.66791	
0.995178	8.66821	
0.993042	8.66821	
0.997314	8.66882	
0.995178	8.66882	
0.996399	8.66791	
0.992737	8.66791	
0.993042	8.66699	
0.990295	8.66791	
0.992737	8.6676	
0.996094	8.6673	
0.990906	8.6676	
0.993958	8.66852	
0.993042	8.6676	
0.98877	8.66821	
0.992432	8.66882	
0.989075	8.6676	
0.991516	8.66791	
0.993347	8.6676	
0.993042	8.66852	
0.994263	8.6673	
0.990295	8.6676	
0.992126	8.66791	
0.98938	8.66791	
0.992737	8.66791	
0.993958	8.6676	
0.993652	8.66791	
0.992126	8.6676	
0.993347	8.66699	
0.995178	8.66821	
0.992737	8.66699	
0.995483	8.6676	
0.993652	8.6676	
0.992737	8.66821	
0.994568	8.66791	
0.98999	8.66791	
0.991516	8.6676	
0.993347	8.66791	
0.996094	8.66791	
0.992126	8.66791	
0.998535	8.66791	
0.993652	8.66821	
0.993652	8.66791	
0.994873	8.66791	
0.994568	8.6673	
0.990906	8.6676	
0.990295	8.66791	
0.98999	8.6673	
0.992432	8.6676	
0.994873	8.6676	
0.994873	8.6673	
0.994873	8.66791	
0.989685	8.6676	
0.98999	8.66791	
0.992432	8.6673	
0.991516	8.66791	
0.992432	8.6673	
0.991821	8.6673	
0.994263	8.66791	
0.992432	8.66791	
0.992737	8.6673	
0.995178	8.6673	
0.990295	8.66791	
0.989075	8.6673	
0.991516	8.66821	
0.993042	8.6676	
0.991516	8.6673	
0.993347	8.66791	
0.994568	8.66791	
0.996094	8.6673	
0.995178	8.66791	
0.992126	8.66791	
0.992737	8.66791	
0.991516	8.6676	
0.992126	8.66821	
0.991516	8.6673	
0.992126	8.6676	
0.993042	8.66852	
0.992432	8.6676	
0.997314	8.66821	
0.995483	8.6673	
0.98938	8.66699	
0.989075	8.6676	
0.991516	8.6676	
0.994263	8.66882	
0.993347	8.6673	
0.990601	8.66913	
0.990295	8.66882	
0.992737	8.6676	
0.996704	8.6676	
0.991516	8.6676	
0.997314	8.66791	
0.993347	8.6676	
0.994568	8.6676	
0.994873	8.66791	
0.993652	8.6673	
0.995178	8.6676	
0.98999	8.66791	
0.992737	8.6676	
0.995178	8.6676	
0.995789	8.66852	
0.990295	8.6673	
0.992432	8.6673	
0.992126	8.6673	
0.99762	8.6676	
0.994568	8.66791	
0.994263	8.66791	
0.994873	8.66791	
0.993042	8.66791	
0.995483	8.66791	
0.995178	8.66821	
0.994263	8.66791	
0.994873	8.66791	
0.994568	8.6676	
0.994873	8.66791	
0.993042	8.66791	
0.993958	8.66791	
0.992432	8.66791	
0.995789	8.6673	
0.993347	8.6676	
0.991211	8.66791	
0.989685	8.6676	
0.989075	8.66791	
0.991821	8.66791	
0.991821	8.66791	
0.99823	8.66791	
0.995178	8.6676	
0.993652	8.66791	
0.992737	8.6676	
0.994873	8.66791	
0.989685	8.6673	
0.989685	8.6673	
0.993347	8.6676	
0.997009	8.6673	
0.995483	8.66791	
0.997009	8.66821	
0.993042	8.66821	
0.992737	8.6676	
0.994568	8.6673	
0.991821	8.66791	
0.994568	8.6673	
0.995483	8.66791	
0.989075	8.66699	
0.994263	8.6676	
0.992432	8.66791	
0.993042	8.6673	
0.992737	8.66821	
0.992126	8.6673	
0.993042	8.66791	
0.993652	8.6673	
0.98938	8.6673	
0.989685	8.66821	
0.992126	8.66791	
0.99762	8.66821	
0.995178	8.6676	
0.98938	8.6673	
0.98999	8.66791	
0.991211	8.66821	
0.994568	8.6676	
0.992432	8.66791	
0.994873	8.66882	
0.995178	8.6676	
0.994263	8.6673	
0.992737	8.66791	
0.990601	8.66821	
0.993347	8.66791	
0.990601	8.66699	
0.994568	8.66791	
0.994873	8.6673	
0.993042	8.66821	
0.992126	8.6676	
0.992432	8.66699	
0.993347	8.66821	
0.989685	8.6676	
0.993347	8.66821	
0.993652	8.66852	
0.992737	8.66852	
0.991516	8.6673	
0.991211	8.6676	
0.993652	8.6676	
0.993958	8.6676	
0.999451	8.66882	
0.995178	8.66699	
0.995178	8.66882	
0.995178	8.6676	
0.994263	8.6676	
0.989685	8.6673	
0.993652	8.6676	
0.992126	8.66791	
0.98999	8.66852	
0.991516	8.66791	
0.995483	8.66791	
0.991821	8.66791	
0.993347	8.66821	
0.993347	8.66791	
0.993042	8.66791	
0.994568	8.66852	
0.995178	8.6676	
0.98877	8.66791	
0.992432	8.6676	
0.992432	8.66791	
0.992737	8.66821	
0.994263	8.66852	
0.991516	8.6676	
0.990295	8.66791	
0.993652	8.66852	
0.99823	8.66791	
0.995483	8.66852	
0.990295	8.6676	
0.990601	8.66791	
0.992432	8.6673	
0.995789	8.66791	
0.993958	8.66821	
0.995178	8.66821	
0.993347	8.6676	
0.993958	8.66852	
0.992737	8.66791	
0.996094	8.66821	
0.993652	8.66791	
0.99884	8.66791	
0.995483	8.66913	
0.993958	8.66791	
0.993042	8.66791	
0.993042	8.66791	
0.995178	8.66852	
0.993958	8.66821	
0.993347	8.66791	
0.995483	8.66821	
0.993652	8.66821	
0.989685	8.66791	
0.991211	8.66669	
0.992737	8.66791	
0.99762	8.6673	
0.994873	8.66669	
0.98938	8.66699	
0.991211	8.6673	
0.991211	8.66791	
0.993958	8.66791	
0.993347	8.66821	
0.993958	8.66791	
0.995483	8.6676	
0.995789	8.6673	
0.994263	8.6673	
0.992432	8.66821	
0.98999	8.6676	
0.996399	8.66791	
0.996399	8.6676	
0.999451	8.66821	
0.995483	8.66821	
0.991516	8.66791	
0.995789	8.66791	
0.992432	8.66852	
0.990601	8.66852	
0.990295	8.66852	
0.993652	8.6676	
0.997009	8.66821	
0.995789	8.66852	
0.98938	8.66791	
0.991211	8.66821	
0.991516	8.66821	
0.993042	8.66791	
0.994568	8.6676	
0.995178	8.66821	
0.994568	8.66821	
0.994873	8.66791	
0.990601	8.6676	
0.990295	8.66852	
0.992432	8.66791	
0.99823	8.66852	
0.995178	8.66852	
0.98938	8.6676	
0.98999	8.66852	
0.992432	8.66852	
0.99884	8.66791	
0.995483	8.66791	
0.993958	8.66821	
0.993347	8.66882	
0.994263	8.66852	
0.993347	8.66852	
0.992432	8.66821	
0.992737	8.6676	
0.99762	8.66882	
0.996094	8.66821	
0.989685	8.6673	
0.994263	8.66821	
0.992432	8.66821	
0.992432	8.66882	
0.992432	8.66791	
0.993958	8.66852	
0.991821	8.66791	
0.993652	8.66821	
0.99762	8.66852	
0.995483	8.66852	
0.991821	8.6673	
0.994263	8.66821	
0.992126	8.66791	
0.995789	8.66821	
0.994263	8.66821	
0.989685	8.6676	
0.991516	8.6676	
0.993347	8.66852	
0.996094	8.66821	
0.995483	8.66852	
0.98877	8.66791	
0.990601	8.66791	
0.991821	8.66882	
0.99762	8.66852	
0.995178	8.6676	
0.994263	8.6676	
0.993042	8.66791	
0.994568	8.66821	
0.991516	8.6673	
0.989685	8.66913	
0.992737	8.66821	
0.993347	8.66821	
0.993652	8.66852	
0.992737	8.66821	
0.994568	8.66821	
0.994873	8.66791	
0.992737	8.66852	
0.993347	8.66821	
0.993958	8.66852	
0.993347	8.66821	
0.98999	8.66852	
0.992432	8.66852	
0.992432	8.66852	
0.995789	8.66821	
0.993958	8.66791	
0.993347	8.66852	
0.992126	8.66882	
0.995483	8.66821	
0.992126	8.66882	
0.996094	8.6673	
0.991211	8.66852	
0.990295	8.66821	
0.993042	8.66852	
0.992737	8.66852	
0.993347	8.66821	
0.992432	8.66791	
0.995483	8.66791	
0.994568	8.66791	
0.990295	8.66791	
0.991516	8.66791	
0.992737	8.66791	
0.993042	8.6673	
0.989685	8.6673	
0.992432	8.66791	
0.995483	8.6676	
0.991821	8.6676	
0.989075	8.66699	
0.997314	8.66882	
0.994568	8.6673	
0.991516	8.66669	
0.995789	8.66791	
0.993958	8.66791	
0.993652	8.66821	
0.994873	8.6676	
0.996704	8.6676	
0.994873	8.66791	
0.98999	8.66791	
0.990295	8.66852	
0.992126	8.66821	
0.996094	8.66852	
0.993042	8.66821	
0.993958	8.66821	
0.994873	8.66821	
0.994263	8.66852	
0.989075	8.66852	
0.989685	8.6676	
0.993042	8.66852	
0.99823	8.66791	
0.995483	8.66791	
0.996704	8.66821	
0.994568	8.66791	
0.993958	8.66821	
0.992432	8.66821	
0.994873	8.66882	
0.989685	8.6676	
0.991516	8.66821	
0.990295	8.66791	
0.991516	8.66791	
0.993652	8.6673	
0.997009	8.66852	
0.991821	8.6676	
0.993652	8.66791	
0.993347	8.66882	
0.993042	8.66852	
0.998535	8.66852	
0.994873	8.66791	
0.989075	8.66821	
0.991821	8.66791	
0.992737	8.66821	
0.991211	8.66821	
0.990601	8.66821	
0.992432	8.6676	
0.999756	8.66821	
0.995178	8.66821	
0.992737	8.66791	
0.995178	8.66791	
0.991516	8.66821	
0.992737	8.66852	
0.990906	8.66852	
0.992737	8.66852	
0.994873	8.6673	
0.993347	8.6676	
0.996399	8.66821	
0.993347	8.66791	
0.992126	8.66821	
0.990295	8.66791	
0.992126	8.6676	
0.991516	8.66791	
0.992126	8.6673	
0.993958	8.66852	
0.993347	8.6676	
0.995483	8.6673	
0.995178	8.6673	
0.993958	8.66791	
0.993958	8.6676	
0.989685	8.6676	
0.993347	8.6673	
0.996704	8.66791	
0.994568	8.66699	
0.98999	8.66669	
0.98999	8.66699	
0.993042	8.6673	
0.996094	8.6676	
0.993958	8.66821	
0.991516	8.6673	
0.99762	8.6673	
0.993347	8.6673	
0.994873	8.66699	
0.992737	8.6676	
0.994873	8.66821	
0.991211	8.66669	
0.98999	8.6673	
0.993042	8.66699	
0.99823	8.6676	
0.994263	8.6676	
0.995483	8.66699	
0.994873	8.66699	
0.995789	8.6676	
0.993347	8.66821	
0.992126	8.6673	
0.989685	8.66638	
0.98999	8.66821	
0.991821	8.66791	
0.993042	8.6673	
0.991821	8.66699	
0.999451	8.6673	
0.994873	8.6676	
0.994873	8.66791	
0.996094	8.6676	
0.995483	8.66699	
0.991821	8.6673	
0.990295	8.6673	
0.993042	8.6676	
0.993958	8.6676	
0.991516	8.6676	
0.995178	8.6673	
0.993652	8.66791	
0.98938	8.66699	
0.990601	8.66791	
0.993958	8.66791	
0.993042	8.6676	
0.994568	8.6673	
0.995483	8.66791	
0.995483	8.6673	
0.994873	8.6676	
0.993347	8.66821	
0.995178	8.6676	
0.992126	8.66791	
0.992737	8.6676	
0.992737	8.6673	
0.99823	8.66699	
0.994873	8.6673	
0.99762	8.66821	
0.995483	8.6673	
0.993042	8.6676	
0.995483	8.66791	
0.992126	8.6673	
0.993958	8.6676	
0.994873	8.6673	
0.994568	8.6676	
0.990295	8.6676	
0.989685	8.6673	
0.993347	8.66669	
0.995483	8.6676	
0.993958	8.6673	
0.98999	8.6673	
0.990295	8.6673	
0.991821	8.6673	
0.998535	8.66699	
0.995178	8.6676	
0.993652	8.66791	
0.993042	8.6676	
0.992126	8.66699	
0.992737	8.6676	
0.989685	8.66791	
0.992432	8.6676	
0.996704	8.6676	
0.992432	8.66821	
0.992432	8.6673	
0.992737	8.6673	
0.993958	8.6676	
0.997009	8.6676	
0.995178	8.6676	
0.993042	8.66821	
0.99762	8.66821	
0.991821	8.6676	
0.991821	8.6673	
0.997925	8.6673	
0.994263	8.6673	
0.993958	8.66699	
0.995178	8.6676	
0.994263	8.66791	
0.991516	8.66699	
0.994263	8.6673	
0.994263	8.66791	
0.990295	8.66791	
0.989685	8.6676	
0.992432	8.6673	
0.994873	8.6673	
0.995483	8.6673	
0.989685	8.66699	
0.990295	8.6673	
0.993042	8.6673	
0.995483	8.66791	
0.995483	8.66699	
0.994263	8.66791	
0.992737	8.6673	
0.994263	8.66791	
0.991211	8.66791	
0.993347	8.66791	
0.993652	8.6676	
0.99823	8.66791	
0.994263	8.6676	
0.996094	8.6673	
0.993042	8.6676	
0.992432	8.6676	
0.993347	8.6676	
0.992432	8.6676	
0.993347	8.6673	
0.992126	8.6673	
0.993042	8.66791	
0.996094	8.66821	
0.992126	8.66699	
0.991516	8.6676	
0.991211	8.6673	
0.993652	8.6676	
0.996704	8.66791	
0.994873	8.6673	
0.993652	8.66791	
0.995178	8.66821	
0.993042	8.6673	
0.997314	8.66791	
0.995178	8.6673	
0.98938	8.66699	
0.990295	8.6673	
0.991821	8.66791	
0.99823	8.6676	
0.993958	8.6673	
0.994873	8.6676	
0.994263	8.6676	
0.994568	8.6673	
0.990601	8.6676	
0.98938	8.6676	
0.993347	8.66699	
0.995483	8.6673	
0.993958	8.6673	
0.996094	8.66699	
0.993958	8.6676	
0.992737	8.6673	
0.995483	8.6676	
0.993042	8.66699	
0.994873	8.66699	
0.996399	8.6676	
0.993042	8.6673	
0.994873	8.6673	
0.992737	8.6676	
0.991821	8.6676	
0.994568	8.66699	
0.993347	8.66821	
0.993652	8.66821	
0.993042	8.66791	
0.995483	8.6673	
0.992737	8.66699	
0.98938	8.6673	
0.98938	8.66699	
0.989685	8.6676	
0.996704	8.6673	
0.996094	8.6676	
0.989685	8.6673	
0.998535	8.6673	
0.992126	8.66699	
0.993042	8.66791	
0.99823	8.66821	
0.992432	8.66791	
0.992126	8.6673	
0.993958	8.66791	
0.995178	8.66791	
0.993347	8.66791	
0.997314	8.6673	
0.995483	8.6673	
0.994873	8.6676	
0.993958	8.6673	
0.992126	8.66791	
0.996094	8.66791	
0.993958	8.6676	
0.995178	8.66791	
0.994873	8.66821	
0.992432	8.66791	
0.990906	8.6673	
0.992432	8.6676	
0.993347	8.6673	
0.997925	8.6673	
0.995178	8.6676	
0.990601	8.66699	
0.993347	8.66699	
0.992737	8.6673	
0.99884	8.6673	
0.993958	8.6673	
0.994568	8.6676	
0.992737	8.66699	
0.994568	8.66791	
0.992737	8.6676	
0.995178	8.6676	
0.994873	8.6676	
0.990906	8.6673	
0.993347	8.6676	
0.995483	8.66699	
0.990601	8.6676	
0.991821	8.66699	
0.993347	8.66791	
0.995789	8.6676	
0.993347	8.66699	
0.992737	8.6673	
0.997314	8.6676	
0.996094	8.6673	
0.993042	8.6673	
0.991211	8.6676	
0.992432	8.6676	
0.998535	8.6673	
0.993347	8.6676	
0.994568	8.6676	
0.994263	8.6673	
0.994568	8.66669	
0.993347	8.6673	
0.994873	8.66821	
0.993042	8.66791	
0.992737	8.6673	
0.995483	8.6673	
0.993042	8.6676	
0.993958	8.66821	
0.993347	8.6673	
0.990906	8.6676	
0.997925	8.6673	
0.995483	8.66669	
0.993652	8.6676	
0.994568	8.6673	
0.993958	8.66699	
0.98938	8.66699	
0.992737	8.6676	
0.991516	8.66821	
0.998535	8.66791	
0.995178	8.6676	
0.992432	8.6676	
0.991516	8.6676	
0.990601	8.6676	
0.993958	8.66669	
0.994263	8.6673	
0.990295	8.6676	
0.992126	8.66699	
0.99762	8.66821	
0.991821	8.6676	
0.991516	8.66852	
0.998535	8.6673	
0.995483	8.6676	
0.993347	8.66699	
0.995789	8.6676	
0.994568	8.6676	
0.994568	8.66791	
0.993042	8.66821	
0.993347	8.6676	
0.992737	8.6676	
0.995789	8.6673	
0.994263	8.66699	
0.989685	8.6676	
0.995178	8.66791	
0.995483	8.66791	
0.991211	8.66791	
0.994568	8.6676	
0.994873	8.66791	
0.98938	8.66699	
0.992432	8.6676	
0.993652	8.6676	
0.990295	8.6673	
0.995789	8.6676	
0.994263	8.6676	
0.989685	8.66669	
0.995178	8.6673	
0.994568	8.66791	
0.989685	8.6676	
0.991821	8.6676	
0.992432	8.6676	
0.991821	8.6673	
0.989685	8.66852	
0.993652	8.6676	
0.993652	8.66791	
0.992432	8.6673	
0.991211	8.66669	
0.992737	8.6673	
0.995789	8.6673	
0.992126	8.6673	
0.994873	8.6676	
0.994568	8.66791	
0.993958	8.6676	
0.995178	8.6676	
0.994263	8.6673	
0.993958	8.6676	
0.994873	8.6673	
0.993652	8.6673	
0.997009	8.6676	
0.994263	8.6673	
0.994568	8.6676	
0.993347	8.6676	
0.993652	8.6673	
0.993347	8.6673	
0.994568	8.66791	
0.994873	8.6676	
0.993958	8.66699	
0.993042	8.66699	
0.992126	8.6676	
0.992737	8.66791	
0.994568	8.66791	
0.995178	8.6676	
0.990601	8.66791	
0.992432	8.66791	
0.993652	8.6673	
0.991516	8.66699	
0.990601	8.6676	
0.993347	8.6673	
0.991211	8.66699	
0.98938	8.6673	
0.993347	8.6673	
0.996704	8.6676	
0.995178	8.6676	
0.98938	8.66699	
0.990295	8.66699	
0.992737	8.6673	
0.995178	8.6673	
0.990906	8.6673	
0.994263	8.6676	
0.993652	8.6673	
0.990295	8.6676	
0.991821	8.66699	
0.997314	8.66669	
0.992737	8.6673	
0.991516	8.6676	
0.997314	8.6673	
0.994873	8.66791	
0.991821	8.6673	
0.998535	8.6673	
0.992126	8.66699	
0.991821	8.66638	
0.998535	8.6673	
0.995789	8.6676	
0.994873	8.6676	
0.996094	8.6673	
0.994263	8.66699	
0.993652	8.66791	
0.992432	8.6676	
0.992126	8.66821	
0.994568	8.6673	
0.994263	8.6676	
0.995178	8.6673	
0.991211	8.66791	
0.992737	8.6673	
0.993347	8.66821	
0.993042	8.66669	
0.991516	8.66791	
0.992432	8.66821	
0.99762	8.66699	
0.996399	8.66699	
0.98999	8.6676	
0.993652	8.66699	
0.995178	8.66791	
0.991516	8.66699	
0.991821	8.66791	
0.991821	8.6676	
0.996704	8.6676	
0.993347	8.6676	
0.993042	8.66791	
0.995483	8.6676	
0.995789	8.66791	
0.992126	8.6673	
0.999146	8.66699	
0.992432	8.6673	
0.992432	8.66699	
0.998535	8.6673	
0.995789	8.66821	
0.993958	8.6676	
0.993347	8.66638	
0.992737	8.6673	
0.992432	8.6673	
0.996094	8.66852	
0.995483	8.66791	
0.990601	8.66699	
0.993347	8.6673	
0.994263	8.66699	
0.990295	8.66699	
0.992432	8.6676	
0.994873	8.66669	
0.991516	8.66669	
0.994873	8.66699	
0.992737	8.6673	
0.993347	8.6676	
0.994263	8.6673	
0.992737	8.66699	
0.993958	8.6673	
0.992737	8.6673	
0.993042	8.6676	
0.994263	8.6676	
0.995483	8.6673	
0.992126	8.66699	
0.994263	8.6673	
0.993042	8.6676	
0.993652	8.6676	
0.992737	8.6676	
0.994873	8.6673	
0.995178	8.6673	
0.995789	8.6673	
0.991516	8.66791	
0.994263	8.66699	
0.996704	8.66669	
0.993652	8.66669	
0.98938	8.6673	
0.993958	8.6676	
0.995483	8.6676	
0.98938	8.66699	
0.994568	8.6676	
0.994873	8.6676	
0.98999	8.66791	
0.991211	8.6673	
0.993652	8.6673	
0.99884	8.66699	
0.994263	8.66699	
0.994568	8.66699	
0.993347	8.6673	
0.992432	8.6673	
0.991821	8.6676	
0.993347	8.66821	
0.994568	8.66699	
0.98999	8.66669	
0.993958	8.66699	
0.994568	8.66699	
0.992737	8.6676	
0.98999	8.6673	
0.993347	8.66791	
0.998535	8.6676	
0.996094	8.66699	
0.992126	8.6676	
0.992432	8.6676	
0.990601	8.6673	
0.992126	8.66669	
0.990906	8.66791	
0.990906	8.66821	
0.993347	8.6673	
0.995483	8.66669	
0.985718	8.6676	
0.930786	8.66974	
0.78064	8.67767	
0.604248	8.68744	
0.449219	8.70026	
0.318298	8.71368	
0.222778	8.72681	
0.155029	8.73932	
0.108032	8.74908	
0.0692749	8.75641	
0.0482178	8.76282	
0.0369263	8.76648	
0.0228882	8.76953	
0.0125122	8.77136	
0.0106812	8.77319	
0.0100708	8.77411	
0.00183105	8.7738	
0.00488281	8.77411	
0.00427246	8.77441	
0.00213623	8.77502	
-0.000610352	8.77441	
0.000915527	8.77502	
0.00640869	8.77594	
0.00488281	8.77563	
0.00183105	8.77533	
0.00793457	8.77594	
0.00183105	8.77625	
0.000915527	8.77563	
0.00640869	8.77533	
0.00518799	8.77625	
0.000610352	8.77625	
0.00762939	8.77625	
0.00396729	8.77563	
0.00152588	8.77594	
0.00732422	8.77502	
0.000610352	8.77533	
0.00152588	8.77563	
0.00701904	8.77594	
0.00274658	8.77625	
0.0012207	8.77563	
0.00793457	8.77563	
0.00244141	8.77533	
0.000915527	8.77594	
0.00518799	8.77594	
0.00152588	8.77625	
0.00305176	8.77502	
0.00396729	8.77625	
0.00396729	8.77625	
0.0012207	8.77563	
0.00244141	8.77686	
0.000305176	8.77502	
0.000305176	8.77594	
0.00366211	8.77594	
0.00366211	8.77533	
0.0012207	8.77716	
0.00732422	8.77594	
0.00427246	8.77594	
0.00213623	8.77563	
0.00640869	8.77625	
0.00427246	8.77594	
0.00335693	8.77594	
0.00152588	8.77594	
0.0012207	8.77655	
0.00244141	8.77594	
0.00396729	8.77594	
0.00427246	8.77655	
-0.00152588	8.77625	
0.00427246	8.77594	
0.00335693	8.77594	
0.000915527	8.77563	
0.00457764	8.77502	
0.00427246	8.77594	
-0.0012207	8.77594	
0.00427246	8.77625	
0.00152588	8.77563	
0.00396729	8.77686	
0.00152588	8.77655	
0.00152588	8.77594	
0.00396729	8.77533	
0.00274658	8.77686	
0.00152588	8.77655	
0.00366211	8.77625	
0.00213623	8.77655	
0.000915527	8.77625	
0.00396729	8.77625	
0.00152588	8.77594	
0.0012207	8.77655	
0.00396729	8.77563	
0.00396729	8.77625	
0.00488281	8.77655	
0.00244141	8.77533	
0.00305176	8.77686	
0.00457764	8.77594	
0.000305176	8.77594	
0.00701904	8.77594	
0.00213623	8.77563	
0.000610352	8.77625	
0.00823975	8.77533	
0.000610352	8.77594	
0.000915527	8.77686	
0.00335693	8.77563	
0.00274658	8.77594	
0.000915527	8.77625	
0.00488281	8.77594	
0.00335693	8.77594	
0.00213623	8.77594	
0.00427246	8.77594	
0.00396729	8.77655	
0.00366211	8.77594	
0.00152588	8.77563	
0.00183105	8.77594	
0.00335693	8.77594	
0.00152588	8.77625	
0.00213623	8.77625	
0.00335693	8.77533	
0.00488281	8.77594	
0.00457764	8.77625	
0.00244141	8.77594	
0.00762939	8.77625	
0.00396729	8.77563	
0.00305176	8.77502	
0.00396729	8.77533	
0.00427246	8.77655	
0.00152588	8.77563	
0.00610352	8.77625	
0.00457764	8.77563	
0.00335693	8.77594	
0.00396729	8.77594	
0.00183105	8.77594	
0.00427246	8.77563	
0.00488281	8.77594	
0.00457764	8.77563	
0.000915527	8.77594	
0.00762939	8.77533	
0	8.77594	
0.00427246	8.77533	
0.00274658	8.77563	
0.00610352	8.77625	
-0.000915527	8.77655	
0.00152588	8.77594	
0.00549316	8.77625	
-0.000915527	8.77594	
0.00244141	8.77594	
0.000305176	8.77594	
-0.000610352	8.77563	
0.00152588	8.77594	
-0.000610352	8.77502	
0	8.77594	
0.00396729	8.77563	
-0.000610352	8.77594	
-0.000915527	8.77563	
0.000915527	8.77594	
-0.000610352	8.77594	
0.00457764	8.77655	
0.00396729	8.77533	
0.000305176	8.77594	
0.00305176	8.77563	
0.00335693	8.77563	
-0.0012207	8.77563	
0.00457764	8.77533	
0.00366211	8.77533	
0.00274658	8.77533	
0.00427246	8.77625	
0.00305176	8.77594	
0.00152588	8.77533	
0.00396729	8.77594	
0.00427246	8.77625	
0.00244141	8.77563	
0.00457764	8.77655	
0.00427246	8.77594	
-0.000305176	8.77625	
0.00518799	8.77594	
0.00366211	8.77625	
0.000610352	8.77594	
0.00488281	8.77563	
0.00335693	8.77594	
0.00335693	8.77594	
0.00244141	8.77594	
0.00335693	8.77502	
0.00213623	8.77594	
0.00671387	8.77625	
0.00152588	8.77533	
0.00274658	8.77594	
0.00610352	8.77502	
0.00274658	8.77502	
0.00457764	8.77563	
0.00305176	8.77625	
0.00183105	8.77655	
0.00488281	8.77533	
0.00244141	8.77655	
0.0012207	8.77625	
0.00366211	8.77594	
0.00183105	8.77625	
0.000610352	8.77625	
0.00396729	8.77594	
0.00213623	8.77594	
0.00213623	8.77655	
0.00427246	8.77625	
0.00152588	8.77655	
0.0012207	8.77502	
0.00396729	8.77594	
0.00244141	8.77625	
