-0.000915527	9.08295	
-0.00183105	9.08447	
-0.00183105	9.08508	
0	9.08417	
0.00213623	9.08386	
-0.00213623	9.08447	
0	9.08386	
-0.00305176	9.08417	
-0.00396729	9.08386	
-0.00335693	9.08417	
-0.00213623	9.08478	
-0.00152588	9.08417	
0.00152588	9.08417	
0.00335693	9.08417	
-0.00793457	9.08386	
-0.00274658	9.08386	
-0.000915527	9.08356	
0.00244141	9.08508	
0.00213623	9.08478	
-0.00152588	9.08417	
-0.00335693	9.08386	
-0.00152588	9.08447	
0.00213623	9.08417	
-0.00213623	9.08386	
0	9.08447	
-0.00305176	9.08478	
-0.00427246	9.08417	
0	9.08417	
-0.00152588	9.08386	
-0.00213623	9.08356	
0.00427246	9.08478	
-0.00335693	9.08417	
-0.000915527	9.08478	
0.000915527	9.08417	
0.000915527	9.08386	
-0.00427246	9.08417	
-0.00183105	9.08447	
-0.00152588	9.08417	
-0.000915527	9.08447	
0.00335693	9.08417	
-0.00640869	9.08386	
-0.00274658	9.08417	
-0.00427246	9.08447	
0.00213623	9.08447	
-0.000915527	9.08386	
-0.00244141	9.08386	
-0.00274658	9.08417	
0.00366211	9.08386	
0.00396729	9.08478	
-0.00610352	9.08386	
-0.00335693	9.08386	
-0.00152588	9.08386	
0.000915527	9.08478	
-0.00183105	9.08386	
-0.00244141	9.08356	
-0.0012207	9.08417	
0.00335693	9.08447	
-0.0012207	9.08447	
-0.000305176	9.08356	
-0.00274658	9.08447	
0.00213623	9.08386	
-0.00152588	9.08417	
-0.00183105	9.08386	
-0.000610352	9.08447	
-0.00396729	9.08417	
-0.00213623	9.08417	
0.00244141	9.08447	
-0.00152588	9.08447	
-0.00213623	9.08417	
-0.0012207	9.08417	
0.00152588	9.08447	
0	9.08447	
0.00152588	9.08447	
0.00183105	9.08508	
-0.0012207	9.08386	
-0.000610352	9.08447	
0.00335693	9.08447	
-0.00183105	9.08386	
0.000610352	9.08447	
-0.0012207	9.08386	
-0.00305176	9.08478	
-0.00152588	9.08417	
-0.000915527	9.08417	
0.00305176	9.08447	
-0.00396729	9.08417	
0.0012207	9.08386	
-0.00305176	9.08417	
-0.00305176	9.08447	
-0.000915527	9.08417	
-0.000915527	9.08447	
0.00274658	9.08417	
0	9.08417	
-0.000915527	9.08447	
0.00152588	9.08417	
-0.00274658	9.08417	
-0.00793457	9.08386	
-0.00183105	9.08417	
-0.000915527	9.08417	
0.00457764	9.08447	
0.000610352	9.08447	
0.00305176	9.08417	
-0.00335693	9.08386	
0.0012207	9.08417	
-0.00152588	9.08447	
-0.00244141	9.08417	
0.00579834	9.08417	
-0.00640869	9.08447	
-0.00183105	9.08447	
0.00244141	9.08417	
0.000610352	9.08417	
-0.00152588	9.08417	
-0.00152588	9.08417	
0	9.08386	
0.00244141	9.08386	
-0.00762939	9.08386	
-0.00274658	9.08417	
-0.000610352	9.08417	
0.00152588	9.08417	
-0.000915527	9.08447	
-0.00152588	9.08386	
0.00305176	9.08447	
0.0012207	9.08478	
0.0012207	9.08447	
-0.00305176	9.08386	
-0.0012207	9.08417	
-0.000610352	9.08417	
-0.00152588	9.08356	
-0.000610352	9.08447	
0.00549316	9.08478	
0	9.08447	
-0.00213623	9.08325	
-0.00366211	9.08386	
0.00274658	9.08508	
-0.000915527	9.08508	
-0.00183105	9.08478	
0	9.08447	
0.00305176	9.08447	
-0.00183105	9.08417	
-0.00183105	9.08417	
-0.00274658	9.08325	
-0.00152588	9.08356	
-0.00152588	9.08447	
-0.00152588	9.08447	
0	9.08386	
0.00213623	9.08508	
-0.00823975	9.08417	
-0.00213623	9.08386	
0.00244141	9.08478	
-0.000610352	9.08386	
0	9.08447	
-0.0012207	9.08356	
-0.000305176	9.08386	
0.00244141	9.08508	
-0.00244141	9.08447	
-0.000610352	9.08417	
0.00274658	9.08356	
-0.00579834	9.08417	
-0.000610352	9.08417	
-0.00152588	9.08417	
0.00427246	9.08508	
-0.00274658	9.08447	
0.000305176	9.08386	
-0.00305176	9.08447	
-0.00427246	9.08447	
-0.000610352	9.08447	
-0.000915527	9.08417	
0.00640869	9.08386	
-0.00183105	9.08386	
0	9.08356	
0.00305176	9.08386	
0	9.08478	
-0.000610352	9.08386	
-0.000915527	9.08478	
0.00244141	9.08417	
-0.00213623	9.08386	
-0.00183105	9.08417	
0.000915527	9.08447	
-0.00213623	9.08478	
0	9.08325	
-0.00183105	9.08417	
0.00579834	9.08508	
-0.00244141	9.08356	
0.000305176	9.08417	
-0.00244141	9.08417	
-0.00213623	9.08356	
-0.000915527	9.08447	
-0.000610352	9.08386	
0.00579834	9.08447	
-0.00183105	9.08417	
0.0012207	9.08417	
-0.00213623	9.08417	
-0.00762939	9.08386	
-0.00152588	9.08417	
0.0012207	9.08447	
-0.0012207	9.08417	
0.0012207	9.08386	
0.00183105	9.08417	
0.00213623	9.08447	
-0.00579834	9.08417	
-0.00213623	9.08386	
0	9.08447	
0.00457764	9.08508	
-0.00732422	9.08447	
-0.00213623	9.08386	
0.00183105	9.08447	
-0.00305176	9.08386	
-0.000915527	9.08417	
-0.00183105	9.08417	
-0.000610352	9.08447	
-0.00244141	9.08417	
0.000915527	9.08417	
-0.00244141	9.08417	
0.00274658	9.08508	
-0.00152588	9.08417	
-0.00183105	9.08417	
-0.000610352	9.08386	
0.00457764	9.08447	
-0.00366211	9.08386	
-0.00305176	9.08386	
0.00244141	9.08478	
0.000915527	9.08417	
-0.00152588	9.08417	
-0.00183105	9.08478	
0.00640869	9.08356	
-0.00274658	9.08417	
0.000610352	9.08447	
-0.00335693	9.08417	
-0.00396729	9.08447	
-0.00823975	9.08386	
-0.00213623	9.08417	
-0.000305176	9.08417	
0.00213623	9.08417	
-0.00701904	9.08356	
0	9.08386	
-0.000610352	9.08356	
0.000305176	9.08447	
-0.00152588	9.08447	
-0.0012207	9.08386	
-0.000610352	9.08386	
0.00274658	9.08386	
-0.0088501	9.08386	
-0.000915527	9.08417	
0.000305176	9.08417	
-0.000915527	9.08386	
-0.00244141	9.08447	
-0.00213623	9.08386	
0.00427246	9.08356	
-0.00213623	9.08447	
-0.000610352	9.08386	
0.0012207	9.08386	
0.00213623	9.08447	
-0.00152588	9.08386	
-0.00183105	9.08386	
0.00396729	9.08447	
-0.00640869	9.08386	
-0.00244141	9.08508	
0.00183105	9.08417	
-0.00457764	9.08447	
-0.00152588	9.08478	
-0.0012207	9.08447	
-0.000610352	9.08417	
0.00244141	9.08447	
-0.00793457	9.08356	
0	9.08386	
-0.00335693	9.08447	
-0.00152588	9.08447	
-0.00183105	9.08447	
-0.00152588	9.08386	
0.000915527	9.08417	
0.000915527	9.08386	
0.000305176	9.08417	
0.000610352	9.08478	
0.000915527	9.08386	
-0.00518799	9.08417	
-0.00152588	9.08417	
-0.000915527	9.08417	
0.00213623	9.08356	
-0.00823975	9.08417	
-0.00305176	9.08386	
-0.00366211	9.08417	
0.00183105	9.08478	
-0.00152588	9.08417	
-0.00183105	9.08356	
0.00488281	9.08447	
-0.00244141	9.08447	
0	9.08417	
0.0012207	9.08417	
0	9.08386	
-0.0012207	9.08417	
-0.000915527	9.08447	
0.000305176	9.08386	
0.00335693	9.08478	
-0.00610352	9.08356	
-0.00335693	9.08386	
0.000610352	9.08417	
0.00213623	9.08447	
-0.000915527	9.08447	
-0.00244141	9.08447	
0.00396729	9.08508	
-0.00335693	9.08386	
0.000305176	9.08417	
-0.00274658	9.08417	
0.000305176	9.08478	
-0.00213623	9.08356	
-0.00152588	9.08386	
0.00335693	9.08447	
-0.00244141	9.08417	
0.000610352	9.08478	
-0.000305176	9.08447	
-0.00183105	9.08417	
-0.000915527	9.08447	
-0.00183105	9.08447	
0.00457764	9.08447	
-0.00427246	9.08478	
-0.00274658	9.08478	
0.000610352	9.08386	
0.00183105	9.08417	
-0.000610352	9.08417	
-0.000915527	9.08386	
0.00305176	9.08417	
-0.00396729	9.08447	
-0.0012207	9.08386	
0.00335693	9.08447	
-0.0012207	9.08417	
0.000305176	9.08417	
0.00457764	9.08386	
-0.00762939	9.08356	
0.00152588	9.08386	
-0.00305176	9.08447	
0.00152588	9.08386	
-0.000915527	9.08508	
-0.00183105	9.08386	
0.00274658	9.08417	
-0.00213623	9.08417	
-0.00244141	9.08447	
0.00152588	9.08447	
-0.00305176	9.08417	
-0.000305176	9.08417	
-0.000915527	9.08447	
0.00152588	9.08478	
-0.00244141	9.08417	
0.000915527	9.08478	
-0.00335693	9.08417	
0.0012207	9.08447	
-0.000610352	9.08447	
-0.00244141	9.08386	
0.00152588	9.08447	
0	9.08386	
0.00213623	9.08447	
-0.00335693	9.08356	
0.000915527	9.08386	
-0.000915527	9.08417	
-0.000915527	9.08386	
0.00488281	9.08447	
-0.0012207	9.08386	
0.00152588	9.08478	
-0.00213623	9.08356	
-0.00305176	9.08447	
-0.0012207	9.08478	
-0.000610352	9.08478	
0.00549316	9.08447	
-0.00183105	9.08478	
0	9.08386	
-0.00152588	9.08417	
-0.00854492	9.08386	
-0.00152588	9.08356	
-0.000305176	9.08386	
0.00518799	9.08447	
-0.00610352	9.08417	
0.0012207	9.08447	
0.00183105	9.08417	
-0.00213623	9.08478	
-0.000915527	9.08447	
0	9.08417	
0.000610352	9.08447	
0.000305176	9.08417	
-0.00152588	9.08417	
-0.0012207	9.08447	
-0.000305176	9.08386	
-0.0012207	9.08417	
-0.000305176	9.08386	
0.00274658	9.08386	
-0.00640869	9.08386	
-0.00183105	9.08447	
0.00152588	9.08447	
-0.00396729	9.08386	
-0.0012207	9.08417	
-0.000915527	9.08417	
0.00427246	9.08478	
-0.00274658	9.08417	
0.000305176	9.08478	
-0.00274658	9.08417	
0.00335693	9.08386	
-0.00762939	9.08386	
-0.00183105	9.08417	
-0.000915527	9.08417	
0.00610352	9.08417	
-0.00305176	9.08386	
0.000305176	9.08447	
0.00274658	9.08447	
0.00274658	9.08478	
-0.0012207	9.08386	
-0.00152588	9.08417	
0.00213623	9.08447	
-0.00335693	9.08417	
0.000915527	9.08417	
-0.00366211	9.08386	
-0.00366211	9.08447	
-0.0012207	9.08447	
-0.000915527	9.08386	
0.00244141	9.08386	
-0.00579834	9.08386	
0.000915527	9.08356	
0.000610352	9.08478	
-0.00335693	9.08447	
-0.00152588	9.08447	
-0.00244141	9.08447	
0.00457764	9.08417	
-0.00244141	9.08386	
-0.00305176	9.08478	
-0.0012207	9.08356	
-0.00701904	9.08478	
-0.000610352	9.08447	
-0.00183105	9.08417	
0.00366211	9.08386	
-0.00274658	9.08508	
-0.00213623	9.08417	
0.00152588	9.08478	
-0.00488281	9.08417	
-0.0012207	9.08478	
-0.00213623	9.08417	
-0.00152588	9.08508	
-0.00213623	9.08386	
0.000915527	9.08356	
-0.00183105	9.08478	
0.00213623	9.08417	
-0.00244141	9.08417	
-0.000915527	9.08417	
0.000305176	9.08356	
0.000305176	9.08508	
0	9.08417	
0.000915527	9.08447	
0	9.08508	
-0.00183105	9.08386	
-0.00244141	9.08417	
0.00152588	9.08447	
-0.00274658	9.08386	
-0.00183105	9.08417	
-0.000610352	9.08417	
-0.00335693	9.08447	
-0.00152588	9.08417	
-0.000305176	9.08417	
0.00457764	9.08417	
-0.00640869	9.08417	
0.00152588	9.08478	
0.00274658	9.08478	
-0.00854492	9.08417	
-0.00213623	9.08386	
-0.00152588	9.08386	
0.00152588	9.08447	
-0.00244141	9.08417	
0.000610352	9.08417	
0.00274658	9.08417	
-0.00213623	9.08417	
-0.00152588	9.08356	
0.00244141	9.08417	
0	9.08386	
-0.000915527	9.08417	
-0.000915527	9.08417	
-0.000610352	9.08447	
-0.00854492	9.08417	
-0.00274658	9.08356	
-0.000915527	9.08325	
0.00335693	9.08356	
-0.00854492	9.08447	
0.000915527	9.08478	
0.00183105	9.08386	
-0.00305176	9.08417	
-0.00213623	9.08417	
0.000915527	9.08417	
-0.00183105	9.08386	
0	9.08447	
-0.00396729	9.08417	
-0.00396729	9.08478	
-0.00152588	9.08356	
-0.00213623	9.08478	
0.00396729	9.08417	
-0.00671387	9.08447	
-0.00244141	9.08447	
-0.00488281	9.08478	
-0.00671387	9.08417	
-0.00244141	9.08325	
-0.000610352	9.08386	
0.00396729	9.08417	
0	9.08447	
0.00244141	9.08478	
-0.00244141	9.08447	
-0.00213623	9.08478	
-0.000915527	9.08447	
-0.00213623	9.08417	
0.00427246	9.08417	
-0.00152588	9.08447	
-0.00152588	9.08417	
0.00152588	9.08417	
-0.000915527	9.08386	
-0.000305176	9.08386	
-0.00152588	9.08417	
0.00305176	9.08417	
0.000305176	9.08539	
-0.00305176	9.08417	
-0.00152588	9.08447	
-0.000305176	9.08447	
-0.00152588	9.08417	
0.000305176	9.08447	
0.00518799	9.08386	
0	9.08478	
0.000915527	9.08417	
-0.000610352	9.08447	
-0.0012207	9.08478	
-0.000610352	9.08417	
0.00305176	9.08417	
-0.00366211	9.08447	
-0.000610352	9.08325	
-0.00213623	9.08356	
0.000305176	9.08386	
-0.00183105	9.08417	
0.0012207	9.08386	
-0.00305176	9.08325	
0.000610352	9.08386	
-0.00213623	9.08478	
0.0012207	9.08417	
-0.000305176	9.08386	
0.000610352	9.08417	
0.00244141	9.08447	
-0.00244141	9.08417	
-0.000305176	9.08417	
-0.00305176	9.08417	
0	9.08478	
-0.000915527	9.08417	
-0.00244141	9.08386	
0	9.08447	
0.00579834	9.08447	
-0.00610352	9.08386	
0.00213623	9.08417	
0.000610352	9.08478	
-0.00671387	9.08325	
-0.00152588	9.08447	
0	9.08386	
0.00274658	9.08386	
-0.00305176	9.08356	
0.000610352	9.08417	
0.00152588	9.08386	
0.00335693	9.08478	
-0.000610352	9.08386	
-0.000610352	9.08447	
0.000610352	9.08447	
0.00549316	9.08508	
-0.00518799	9.08447	
-0.00244141	9.08417	
-0.0012207	9.08447	
-0.00793457	9.08386	
-0.00152588	9.08386	
-0.000610352	9.08417	
-0.00213623	9.08356	
0.00152588	9.08478	
-0.00213623	9.08417	
-0.00396729	9.08447	
-0.000915527	9.08386	
-0.000305176	9.08447	
-0.000305176	9.08417	
0.00335693	9.08478	
0.0012207	9.08417	
-0.00244141	9.08447	
-0.00213623	9.08478	
-0.000305176	9.08325	
0.000305176	9.08417	
0.00213623	9.08386	
-0.00152588	9.08417	
0.00213623	9.08417	
0.00274658	9.08417	
-0.00335693	9.08386	
-0.000915527	9.08386	
-0.000915527	9.08417	
0.000610352	9.08447	
0.00274658	9.08386	
-0.00305176	9.08478	
0.000915527	9.08356	
0.0012207	9.08417	
-0.00335693	9.08417	
-0.000305176	9.08417	
-0.000915527	9.08447	
0.000610352	9.08386	
0.00305176	9.08417	
-0.00732422	9.08447	
-0.0012207	9.08356	
0.00213623	9.08386	
-0.0012207	9.08508	
-0.000915527	9.08417	
-0.000305176	9.08386	
0.000305176	9.08447	
0.00335693	9.08447	
-0.0012207	9.08417	
0.000915527	9.08417	
0.00213623	9.08386	
0.00396729	9.08417	
-0.0012207	9.08417	
-0.000610352	9.08386	
-0.000915527	9.08417	
0.00579834	9.08478	
-0.0012207	9.08447	
-0.0012207	9.08447	
-0.00152588	9.08417	
-0.00305176	9.08417	
-0.000610352	9.08447	
-0.00183105	9.08386	
-0.000305176	9.08356	
0.00305176	9.08478	
-0.00579834	9.08478	
-0.000610352	9.08447	
-0.000305176	9.08386	
-0.00396729	9.08386	
-0.00305176	9.08417	
-0.00213623	9.08447	
0	9.08417	
0.00518799	9.08478	
-0.00152588	9.08386	
0.0012207	9.08447	
0	9.08417	
0.00152588	9.08417	
-0.000305176	9.08417	
-0.00183105	9.08386	
-0.000305176	9.08417	
0.00274658	9.08417	
-0.00305176	9.08478	
0.000915527	9.08417	
0.00183105	9.08478	
-0.00366211	9.08386	
0.00152588	9.08417	
-0.0012207	9.08478	
-0.000915527	9.08417	
0.00305176	9.08447	
-0.00305176	9.08417	
0	9.08417	
0.000610352	9.08478	
-0.00335693	9.08417	
-0.00793457	9.08447	
-0.000915527	9.08417	
-0.00274658	9.08447	
0.00335693	9.08447	
-0.000610352	9.08386	
-0.00762939	9.08386	
0.00152588	9.08447	
-0.000915527	9.08386	
-0.00762939	9.08386	
-0.00183105	9.08386	
-0.00183105	9.08386	
0.00152588	9.08386	
-0.00854492	9.08417	
-0.00335693	9.08447	
0.00152588	9.08478	
-0.00549316	9.08356	
-0.00152588	9.08386	
-0.00244141	9.08478	
-0.000915527	9.08417	
0.00152588	9.08386	
-0.00793457	9.08356	
-0.00183105	9.08386	
-0.00244141	9.08447	
-0.00335693	9.08417	
-0.00244141	9.08478	
-0.00244141	9.08417	
0.00396729	9.08386	
-0.0012207	9.08447	
0.000305176	9.08447	
-0.00427246	9.08447	
-0.00213623	9.08447	
-0.00213623	9.08447	
-0.00152588	9.08447	
0.00183105	9.08356	
-0.00274658	9.08386	
-0.00335693	9.08386	
-0.000610352	9.08417	
-0.00366211	9.08417	
-0.00152588	9.08447	
-0.00152588	9.08417	
0.00305176	9.08478	
-0.00305176	9.08356	
0.000610352	9.08417	
0.000610352	9.08447	
-0.00396729	9.08417	
-0.0012207	9.08417	
-0.000610352	9.08417	
0.00152588	9.08417	
-0.00305176	9.08386	
-0.00305176	9.08447	
-0.00366211	9.08386	
-0.00610352	9.08356	
-0.00213623	9.08386	
0	9.08417	
0.00305176	9.08417	
-0.000305176	9.08417	
-0.00274658	9.08386	
-0.00427246	9.08478	
-0.0012207	9.08447	
-0.00213623	9.08447	
-0.000305176	9.08417	
0.00274658	9.08447	
-0.000610352	9.08447	
-0.00396729	9.08356	
0.000305176	9.08386	
-0.00152588	9.08417	
-0.00213623	9.08508	
0.00213623	9.08447	
-0.00823975	9.08356	
-0.0012207	9.08417	
-0.00335693	9.08478	
-0.00854492	9.08386	
-0.00213623	9.08386	
-0.0012207	9.08447	
0.00366211	9.08478	
-0.00854492	9.08447	
-0.00152588	9.08386	
-0.00274658	9.08447	
-0.00274658	9.08508	
-0.00152588	9.08447	
-0.00213623	9.08417	
0.00549316	9.08417	
-0.00244141	9.08508	
-0.000305176	9.08417	
0.00213623	9.08478	
0.000915527	9.08447	
-0.000610352	9.08447	
-0.00213623	9.08386	
-0.000610352	9.08447	
0.000305176	9.08417	
-0.00457764	9.08356	
0	9.08386	
-0.00335693	9.08417	
-0.00579834	9.08386	
-0.000915527	9.08447	
-0.00213623	9.08356	
0.00579834	9.08447	
-0.00305176	9.08417	
0.00183105	9.08417	
-0.00244141	9.08417	
0.000610352	9.08417	
-0.000915527	9.08447	
-0.000915527	9.08447	
0.00152588	9.08447	
-0.0012207	9.08417	
-0.000610352	9.08508	
0.00213623	9.08447	
-0.000305176	9.08478	
-0.000610352	9.08447	
-0.00152588	9.08417	
0.000915527	9.08447	
0.00488281	9.08447	
-0.000915527	9.08386	
0.00305176	9.08447	
-0.00152588	9.08417	
0.00152588	9.08508	
-0.000915527	9.08386	
-0.0012207	9.08417	
0.00671387	9.08478	
-0.00213623	9.08417	
-0.00183105	9.08478	
-0.00152588	9.08447	
-0.0012207	9.08386	
-0.000915527	9.08386	
0.000305176	9.08417	
0.00518799	9.08508	
0.000610352	9.08356	
0.0012207	9.08478	
-0.00335693	9.08417	
-0.000915527	9.08386	
-0.0012207	9.08386	
0.00549316	9.08417	
-0.00335693	9.08417	
0.00152588	9.08447	
0.000915527	9.08417	
-0.00213623	9.08447	
-0.000610352	9.08417	
-0.00152588	9.08417	
0.00579834	9.08417	
-0.000915527	9.08356	
0.00152588	9.08386	
-0.00274658	9.08356	
-0.00335693	9.08386	
-0.000610352	9.08447	
-0.000915527	9.08417	
0	9.08447	
-0.00183105	9.08417	
0.00183105	9.08386	
-0.00274658	9.08417	
-0.000915527	9.08417	
-0.000915527	9.08356	
-0.00183105	9.08356	
-0.000305176	9.08478	
0.00244141	9.08417	
-0.00823975	9.08417	
-0.000915527	9.08386	
0.000305176	9.08447	
0.0012207	9.08447	
-0.00152588	9.08386	
-0.000305176	9.08386	
0	9.08417	
0.00396729	9.08447	
-0.00701904	9.08478	
-0.00213623	9.08447	
-0.00152588	9.08325	
-0.00335693	9.08447	
0	9.08447	
-0.00183105	9.08386	
0.00518799	9.08447	
-0.00732422	9.08417	
0.000305176	9.08447	
-0.00244141	9.08417	
0.000915527	9.08417	
-0.0012207	9.08478	
0	9.08447	
0.00488281	9.08417	
-0.00213623	9.08447	
0.00152588	9.08386	
-0.000305176	9.08386	
0.00152588	9.08478	
-0.000915527	9.08508	
-0.000610352	9.08386	
-0.000915527	9.08386	
0.00427246	9.08478	
0.00152588	9.08386	
-0.000305176	9.08356	
-0.00183105	9.08386	
-0.00335693	9.08417	
-0.00183105	9.08386	
0.000305176	9.08356	
0.00183105	9.08478	
-0.00152588	9.08447	
0.00152588	9.08417	
0.00213623	9.08447	
-0.00274658	9.08386	
-0.0012207	9.08478	
-0.00213623	9.08386	
-0.000305176	9.08447	
0.00396729	9.08478	
-0.00793457	9.08447	
-0.00274658	9.08447	
0.000305176	9.08478	
-0.00305176	9.08386	
-0.0012207	9.08447	
-0.00244141	9.08417	
-0.0012207	9.08417	
0.00335693	9.08417	
-0.00274658	9.08447	
-0.000610352	9.08417	
-0.000610352	9.08447	
-0.00396729	9.08386	
0.0012207	9.08447	
-0.00213623	9.08417	
-0.00183105	9.08447	
-0.00152588	9.08417	
0.00152588	9.08386	
-0.00579834	9.08478	
0	9.08417	
-0.00396729	9.08386	
-0.00335693	9.08447	
-0.00152588	9.08508	
-0.00213623	9.08417	
-0.0012207	9.08386	
0.00305176	9.08447	
-0.00854492	9.08447	
0.00152588	9.08386	
-0.00366211	9.08478	
0.00183105	9.08478	
-0.00183105	9.08386	
-0.00183105	9.08356	
0.00152588	9.08417	
-0.00366211	9.08386	
-0.000305176	9.08386	
-0.00366211	9.08417	
-0.00396729	9.08417	
-0.0012207	9.08447	
-0.00274658	9.08417	
-0.000305176	9.08447	
0.00244141	9.08478	
-0.00854492	9.08417	
-0.00335693	9.08417	
0.000915527	9.08447	
-0.00244141	9.08508	
-0.000915527	9.08386	
-0.00183105	9.08417	
-0.00152588	9.08447	
0.00274658	9.08447	
-0.00427246	9.08386	
-0.00274658	9.08478	
-0.00366211	9.08356	
-0.0088501	9.08386	
-0.0012207	9.08447	
-0.00305176	9.08417	
0.00152588	9.08417	
-0.00183105	9.08417	
0.000305176	9.08508	
0.00244141	9.08234	
0.000915527	9.07928	
0.00457764	9.07532	
0.00762939	9.06891	
0.0183105	9.06433	
0.0158691	9.05975	
0.0222778	9.04999	
0.03479	9.03687	
0.0549316	9.01703	
0.0759888	8.98865	
0.111694	8.94958	
0.194702	8.87909	
0.379333	8.75	
0.762329	8.59467	
1.22192	8.48969	
1.63574	8.43048	
1.96838	8.39691	
2.2226	8.37616	
2.40723	8.36365	
2.53845	8.3551	
2.63245	8.35022	
2.68951	8.34656	
2.73438	8.34473	
2.76001	8.34381	
2.78015	8.34229	
2.78564	8.34076	
2.79999	8.34076	
2.80518	8.34015	
2.81219	8.34076	
2.81281	8.34167	
2.81342	8.34076	
2.81677	8.33984	
2.81342	8.34015	
2.81708	8.34015	
2.81494	8.33923	
2.81555	8.33923	
2.81677	8.34015	
2.82104	8.34015	
2.81494	8.33893	
2.81952	8.33954	
2.81464	8.33862	
2.81006	8.33893	
2.81616	8.33923	
2.81708	8.33862	
2.82013	8.33954	
2.81586	8.33923	
2.81738	8.33923	
2.81891	8.33923	
2.81464	8.33954	
2.81738	8.33923	
2.81738	8.33893	
2.8183	8.33893	
2.81464	8.33862	
2.81891	8.33893	
2.81494	8.33862	
2.81952	8.33893	
2.81097	8.33832	
2.81586	8.33832	
2.81708	8.33923	
2.81921	8.33862	
2.81982	8.33893	
2.81219	8.33923	
2.81677	8.33954	
2.81525	8.33923	
2.81921	8.33862	
2.81677	8.33923	
2.81769	8.33893	
2.81769	8.33984	
2.82104	8.33893	
2.81677	8.33954	
2.81921	8.33923	
2.81525	8.33984	
2.81525	8.33923	
2.81982	8.33893	
2.81647	8.33923	
2.81738	8.33954	
2.81769	8.33954	
2.82227	8.33923	
2.81677	8.33954	
2.81891	8.33923	
2.81921	8.33923	
2.82074	8.33893	
2.81708	8.33893	
2.81769	8.33832	
2.82104	8.33923	
2.81403	8.33954	
2.81677	8.33923	
2.81586	8.33862	
2.81677	8.33893	
2.81738	8.33893	
2.81647	8.33862	
2.82288	8.33923	
2.81586	8.33893	
2.81555	8.33862	
2.81647	8.33984	
2.8183	8.33954	
2.81738	8.33984	
2.81677	8.33862	
2.82166	8.33954	
2.81921	8.33923	
2.81677	8.33893	
2.81799	8.33954	
2.81555	8.33893	
2.81921	8.33984	
2.81769	8.33862	
2.81769	8.33954	
2.82074	8.33923	
2.81525	8.33832	
2.81799	8.33984	
2.81952	8.33923	
2.81952	8.33984	
2.81311	8.33923	
2.81799	8.33923	
2.81708	8.33832	
2.82104	8.33862	
2.81677	8.33954	
2.81616	8.33984	
2.81952	8.33984	
2.81525	8.33923	
2.81403	8.33893	
2.81494	8.33984	
2.81799	8.33923	
2.81952	8.34045	
2.81311	8.33923	
2.81555	8.33893	
2.81921	8.33984	
2.8183	8.33984	
2.81708	8.34045	
2.81616	8.33862	
2.82196	8.33923	
2.81494	8.34015	
2.81769	8.33893	
2.81647	8.33893	
2.81403	8.33923	
2.81921	8.33893	
2.81616	8.33984	
2.81586	8.33954	
2.81677	8.33984	
2.8186	8.33954	
2.81097	8.33984	
2.81433	8.34015	
2.81921	8.33984	
2.81677	8.33984	
2.81128	8.33923	
2.81616	8.33984	
2.81616	8.33984	
2.82043	8.33954	
2.81769	8.33984	
2.81647	8.33954	
2.8186	8.33984	
2.81494	8.33893	
2.81616	8.34015	
2.81616	8.33984	
2.81555	8.33923	
2.81799	8.33923	
2.81616	8.34015	
2.81403	8.34015	
2.81738	8.33984	
2.81281	8.33923	
2.81281	8.34015	
2.81494	8.33984	
2.81555	8.33984	
2.81647	8.33893	
2.8186	8.34015	
2.81555	8.34015	
2.81494	8.34045	
2.81769	8.34015	
2.81097	8.33923	
2.81464	8.33893	
2.81586	8.33893	
2.8183	8.33954	
2.81097	8.33923	
2.81342	8.33923	
2.81586	8.33984	
2.8183	8.34015	
2.81433	8.34045	
2.81464	8.34045	
2.81586	8.33984	
2.81921	8.34045	
2.81586	8.34076	
2.81403	8.33954	
2.81281	8.33954	
2.81494	8.33954	
2.81525	8.33984	
2.81952	8.34045	
2.81342	8.34045	
2.81555	8.34045	
2.8183	8.33984	
2.81647	8.34015	
2.81525	8.33984	
2.81403	8.34045	
2.81952	8.34015	
2.81433	8.34045	
2.81616	8.34015	
2.81494	8.34045	
2.81586	8.34106	
2.81281	8.34045	
2.81525	8.34045	
2.81433	8.34076	
2.81921	8.34045	
2.81433	8.33984	
2.81464	8.33984	
2.81677	8.34015	
2.81738	8.33984	
2.81464	8.34076	
2.81403	8.34015	
2.81555	8.33984	
2.81464	8.34015	
2.81616	8.34015	
2.81738	8.33923	
2.81219	8.33984	
2.80914	8.34045	
2.81403	8.34045	
2.81403	8.33954	
2.81677	8.34015	
2.80853	8.34015	
2.81525	8.34015	
2.81219	8.34015	
2.8125	8.34045	
2.81342	8.34015	
2.81311	8.33984	
2.81433	8.34045	
2.81799	8.34167	
2.81067	8.34076	
2.81494	8.34015	
2.8125	8.34076	
2.81555	8.34045	
2.81311	8.34076	
2.81372	8.34076	
2.81525	8.34106	
2.81677	8.34076	
2.81219	8.34045	
2.81525	8.34076	
2.81342	8.33984	
2.81738	8.34076	
2.81097	8.34045	
2.81372	8.34137	
2.81525	8.34045	
2.81708	8.34045	
2.81036	8.34045	
2.81494	8.34045	
2.81555	8.34076	
2.81219	8.34015	
2.81372	8.34076	
2.81433	8.34045	
2.81525	8.33984	
2.81921	8.34045	
2.81006	8.34076	
2.81586	8.34076	
2.81525	8.34045	
2.81219	8.34076	
2.81464	8.34045	
2.81433	8.34106	
2.81464	8.34015	
2.81586	8.33984	
2.81006	8.34076	
2.81219	8.34076	
2.81555	8.34045	
2.81189	8.34015	
2.81403	8.33923	
2.81311	8.34076	
2.81494	8.34015	
2.8183	8.34137	
2.80853	8.34045	
2.81525	8.34045	
2.81342	8.34076	
2.81219	8.34015	
2.81464	8.34015	
2.81433	8.34015	
2.81342	8.34076	
2.81891	8.34045	
2.81616	8.34106	
2.80914	8.34015	
2.81281	8.33954	
2.81342	8.34015	
2.81403	8.34015	
2.80823	8.34015	
2.81281	8.34015	
2.81311	8.34076	
2.81647	8.34045	
2.81281	8.34015	
2.80945	8.33923	
2.81189	8.33923	
2.81097	8.34015	
2.81738	8.34076	
2.81281	8.34015	
2.81433	8.34015	
2.81433	8.33984	
2.81769	8.33984	
2.81281	8.34076	
2.81525	8.34076	
2.81128	8.34015	
2.81158	8.34106	
2.81616	8.34106	
2.8125	8.34106	
2.81281	8.34076	
2.81616	8.34137	
2.81403	8.34045	
2.81158	8.34106	
2.81189	8.34106	
2.81586	8.34106	
2.81158	8.33984	
2.81006	8.34076	
2.81281	8.34076	
2.81281	8.34167	
2.81616	8.34076	
2.81311	8.34106	
2.81342	8.34106	
2.81403	8.34076	
2.81097	8.34045	
2.81403	8.34045	
2.81281	8.34137	
2.8125	8.34106	
2.8125	8.34076	
2.81769	8.34106	
2.81189	8.34045	
2.80731	8.34106	
2.81189	8.34167	
2.81433	8.34106	
2.81219	8.34076	
2.81036	8.34106	
2.81219	8.34137	
2.8125	8.34167	
2.81525	8.34015	
2.81799	8.34106	
2.81189	8.34106	
2.81342	8.34137	
2.8125	8.34076	
2.8125	8.34076	
2.81097	8.34106	
2.81555	8.34167	
2.81219	8.34106	
2.81189	8.34167	
2.81677	8.34137	
2.81616	8.34137	
2.80823	8.34015	
2.81128	8.34045	
2.81311	8.34106	
2.81281	8.34137	
2.80884	8.34167	
2.81158	8.34137	
2.81067	8.34076	
2.8125	8.34106	
2.81342	8.34045	
2.81006	8.34076	
2.81281	8.34076	
2.81036	8.34076	
2.80945	8.34137	
2.81403	8.34137	
2.81158	8.34106	
2.81128	8.34198	
2.81128	8.34106	
2.81494	8.34137	
2.81128	8.34167	
2.81281	8.34167	
2.80975	8.34106	
2.81433	8.34106	
2.80609	8.34106	
2.81128	8.34137	
2.81097	8.34137	
2.81525	8.34106	
2.80975	8.34106	
2.81219	8.34106	
2.8125	8.34167	
2.80945	8.34106	
2.81097	8.34229	
2.80945	8.34137	
2.81006	8.34106	
2.81036	8.34137	
2.81311	8.34167	
2.80945	8.34167	
2.81189	8.34167	
2.80853	8.34106	
2.81372	8.34167	
2.8067	8.34076	
2.81067	8.34076	
2.81006	8.34137	
2.81433	8.34106	
2.80914	8.34137	
2.80914	8.34167	
2.81006	8.34045	
2.81067	8.34137	
2.80853	8.34076	
2.81097	8.34137	
2.81067	8.34137	
2.81128	8.34076	
2.81403	8.34076	
2.80823	8.34137	
2.80914	8.34167	
2.81067	8.34076	
2.80823	8.34076	
2.8064	8.34137	
2.81128	8.34137	
2.81067	8.34167	
2.81158	8.34076	
2.8125	8.34076	
2.80396	8.34106	
2.81006	8.34106	
2.80945	8.34106	
2.81372	8.34167	
2.80487	8.34076	
2.81097	8.34137	
2.81036	8.34167	
2.81067	8.34137	
2.81555	8.34076	
2.80609	8.34106	
2.81189	8.34106	
2.80853	8.34076	
2.81311	8.34137	
2.81281	8.34167	
2.81067	8.34076	
2.81128	8.34106	
2.8125	8.34167	
2.81525	8.34167	
2.80884	8.34167	
2.80975	8.34106	
2.81342	8.34106	
2.81311	8.34167	
2.80487	8.34076	
2.81128	8.34137	
2.81036	8.34167	
2.81036	8.34106	
2.81189	8.34137	
2.80487	8.34106	
2.81006	8.34167	
2.8125	8.34167	
2.81219	8.34167	
2.81036	8.34137	
2.81006	8.34167	
2.81097	8.34167	
2.81525	8.34167	
2.80487	8.34137	
2.80945	8.34137	
2.81128	8.34137	
2.81189	8.34076	
2.81128	8.34106	
2.80975	8.34198	
2.81128	8.34167	
2.81281	8.34137	
2.80518	8.34137	
2.80823	8.34198	
2.81311	8.34167	
2.80762	8.34076	
2.80548	8.34106	
2.80914	8.34106	
2.81036	8.34137	
2.8125	8.34137	
2.80457	8.34137	
2.80914	8.34137	
2.81097	8.34106	
2.81342	8.34137	
2.81097	8.34106	
2.80975	8.34137	
2.81616	8.34106	
2.80945	8.34137	
2.81006	8.34015	
2.81311	8.34106	
2.81097	8.34167	
2.80975	8.34137	
2.81036	8.34137	
2.81586	8.34198	
2.80823	8.34076	
2.81219	8.34137	
2.81342	8.34167	
2.81006	8.34106	
2.8125	8.34137	
2.81036	8.34137	
2.80975	8.34106	
2.81036	8.34076	
2.81525	8.34167	
2.80487	8.34167	
2.80823	8.34198	
2.80914	8.34198	
2.80792	8.34045	
2.81036	8.34137	
2.80945	8.34137	
2.81097	8.34167	
2.81342	8.34229	
2.80975	8.34076	
2.80945	8.34229	
2.81281	8.34167	
2.80731	8.34229	
2.81036	8.34167	
2.80914	8.34229	
2.81067	8.34167	
2.81555	8.34229	
2.80853	8.34167	
2.81158	8.34167	
2.80945	8.34167	
2.81067	8.34167	
2.80579	8.34167	
2.81036	8.34167	
2.81036	8.34198	
2.81219	8.34229	
2.81372	8.34259	
2.80853	8.34167	
2.81006	8.34198	
2.80975	8.34167	
2.81036	8.34198	
2.81006	8.34167	
2.81036	8.34198	
2.81097	8.34167	
2.81433	8.34198	
2.81128	8.34137	
2.80823	8.34229	
2.8125	8.34229	
2.81036	8.34198	
2.80975	8.34229	
2.81006	8.34106	
2.81311	8.34229	
2.80426	8.34167	
2.80884	8.34198	
2.80884	8.34198	
2.80731	8.34167	
2.80914	8.34137	
2.80975	8.34259	
2.81189	8.34167	
2.81281	8.34137	
2.80579	8.34167	
2.80792	8.34167	
2.81158	8.34167	
2.80914	8.34229	
2.80884	8.34106	
2.81067	8.34229	
2.81189	8.34137	
2.80853	8.34198	
2.81128	8.34259	
2.81158	8.34137	
2.80731	8.34167	
2.80945	8.34167	
2.80884	8.34229	
2.81555	8.34198	
2.80914	8.34229	
2.81097	8.34167	
2.80853	8.34137	
2.80792	8.34167	
2.80914	8.34167	
2.80853	8.34137	
2.81067	8.34076	
2.81372	8.34229	
2.80731	8.34167	
2.80914	8.34167	
2.81006	8.34198	
2.81128	8.34198	
2.80975	8.34229	
2.80853	8.34198	
2.81219	8.34198	
2.80823	8.34137	
2.80853	8.34167	
2.8125	8.34259	
2.80518	8.34198	
2.80914	8.34229	
2.80914	8.34167	
2.81281	8.34229	
2.80579	8.34259	
2.81067	8.34259	
2.80914	8.34167	
2.8064	8.34229	
2.80914	8.34167	
2.80853	8.34198	
2.81342	8.34229	
2.80884	8.34259	
2.80884	8.34229	
2.80975	8.34259	
2.80701	8.34259	
2.80304	8.34229	
2.80914	8.34259	
2.81006	8.34198	
2.81189	8.34229	
2.80914	8.34229	
2.81189	8.34259	
2.8067	8.34229	
2.80304	8.34229	
2.80945	8.34259	
2.80945	8.34198	
2.81219	8.34198	
2.80792	8.34167	
2.80945	8.34229	
2.80792	8.34259	
2.80975	8.34259	
2.80334	8.34137	
2.80701	8.34076	
2.80914	8.34137	
2.81036	8.34229	
2.80243	8.34229	
2.80823	8.34137	
2.80853	8.34198	
2.81067	8.34229	
2.80762	8.34229	
2.80609	8.34229	
2.81097	8.34229	
2.80579	8.34229	
2.80914	8.34198	
2.80609	8.34229	
2.80548	8.34229	
2.80792	8.34167	
2.80701	8.34167	
2.80853	8.34229	
2.81006	8.34259	
2.80212	8.34229	
2.80609	8.3432	
2.81036	8.34229	
2.80853	8.34198	
2.80823	8.34229	
2.80609	8.34229	
2.80853	8.34229	
2.80975	8.34229	
2.80487	8.34229	
2.80609	8.34229	
2.81036	8.34198	
2.80701	8.34259	
2.80823	8.34198	
2.80701	8.34259	
2.81189	8.34198	
2.80609	8.3429	
2.80853	8.34229	
2.80548	8.34198	
2.80701	8.34198	
2.80762	8.34198	
2.80731	8.34229	
2.80731	8.34229	
2.81006	8.34259	
2.80182	8.34259	
2.80609	8.34229	
2.81036	8.3429	
2.80518	8.34198	
2.80762	8.34229	
2.80701	8.34198	
2.80853	8.34137	
2.80823	8.34198	
2.8064	8.34198	
2.80975	8.34137	
2.80548	8.34229	
2.80487	8.34167	
2.80731	8.34198	
2.80792	8.34259	
2.80853	8.34229	
2.81006	8.3429	
2.80701	8.34167	
2.8064	8.34229	
2.81036	8.34229	
2.80853	8.34229	
2.80792	8.34259	
2.80914	8.34198	
2.80609	8.34229	
2.80945	8.34259	
2.81006	8.34167	
2.81006	8.34229	
2.80823	8.34198	
2.80792	8.34229	
2.81281	8.34259	
2.80762	8.3429	
2.80884	8.34229	
2.80609	8.34198	
2.80945	8.34167	
2.80365	8.34167	
2.8067	8.34167	
2.80914	8.34167	
2.81189	8.34198	
2.80609	8.34229	
2.80823	8.34259	
2.80609	8.34167	
2.80701	8.34229	
2.80396	8.34229	
2.80731	8.34198	
2.80853	8.34229	
2.81097	8.34198	
2.80487	8.34259	
2.80792	8.34229	
2.80853	8.34198	
2.80579	8.34229	
2.80823	8.34198	
2.80731	8.34229	
2.80945	8.34229	
2.81067	8.34259	
2.8064	8.34229	
2.80914	8.34229	
2.80548	8.34167	
2.80792	8.34229	
2.80731	8.34167	
2.80792	8.34167	
2.80792	8.34198	
2.81036	8.34167	
2.80334	8.34137	
2.80701	8.34229	
2.81067	8.34198	
2.81006	8.34198	
2.80762	8.34229	
2.80731	8.34259	
2.80914	8.3429	
2.81067	8.34229	
2.80884	8.34229	
2.81036	8.34137	
2.80487	8.34229	
2.80243	8.34198	
2.80762	8.34229	
2.80731	8.34198	
2.8125	8.3429	
2.80273	8.34167	
2.80792	8.34229	
2.80548	8.34167	
2.80518	8.34198	
2.80731	8.34167	
2.80914	8.34137	
2.81097	8.3429	
2.81006	8.3429	
2.80701	8.34167	
2.81067	8.34167	
2.80243	8.34229	
2.80792	8.34198	
2.80792	8.34198	
2.81219	8.34198	
2.80609	8.34229	
2.80975	8.3429	
2.81006	8.34229	
2.80792	8.34167	
2.80701	8.34229	
2.80701	8.34167	
2.80884	8.34259	
2.81097	8.34259	
2.80396	8.34198	
2.80823	8.34229	
2.80701	8.34167	
2.80548	8.34229	
2.80853	8.34229	
2.80792	8.34137	
2.81281	8.34229	
2.81189	8.34229	
2.80884	8.34229	
2.80823	8.34198	
2.80762	8.34229	
2.81067	8.34229	
2.80792	8.34106	
2.80701	8.34229	
2.80792	8.3429	
2.81189	8.34198	
2.80579	8.34198	
2.80792	8.34229	
2.80884	8.34198	
2.80914	8.34198	
2.80762	8.34167	
2.8064	8.34198	
2.80823	8.34167	
2.81006	8.34229	
2.80212	8.34167	
2.80792	8.34229	
2.81006	8.34229	
2.80487	8.34229	
2.80762	8.34229	
2.80762	8.34229	
2.80823	8.34198	
2.80762	8.34259	
2.80762	8.3429	
2.8064	8.34198	
2.8067	8.34259	
2.80792	8.34229	
2.8067	8.34229	
2.80914	8.34198	
2.80731	8.34198	
2.80731	8.34229	
2.80853	8.34229	
2.80426	8.34198	
2.80182	8.34259	
2.8064	8.34259	
2.80487	8.34229	
2.81158	8.34259	
2.80426	8.34167	
2.80823	8.3429	
2.80975	8.3429	
2.80426	8.34259	
2.80365	8.34137	
2.8064	8.34259	
2.80579	8.34229	
2.8064	8.34229	
2.81006	8.34198	
2.80457	8.34167	
2.80823	8.34198	
2.80884	8.34198	
2.80975	8.34229	
2.80182	8.34259	
2.8067	8.34198	
2.80579	8.34229	
2.81097	8.3429	
2.80487	8.34259	
2.80457	8.34229	
2.80823	8.34229	
2.80914	8.34198	
2.80579	8.34229	
2.8067	8.34167	
2.80762	8.34229	
2.81067	8.34229	
2.79999	8.34198	
2.80487	8.34198	
2.8064	8.34198	
2.8064	8.3429	
2.80548	8.34198	
2.80579	8.3429	
2.80701	8.34167	
2.80945	8.34229	
2.80426	8.34167	
2.8067	8.34167	
2.80426	8.34198	
2.80396	8.3432	
2.80609	8.34259	
2.8067	8.34259	
2.8067	8.3429	
2.80945	8.3429	
2.80212	8.34137	
2.80762	8.34229	
2.80762	8.34198	
2.80243	8.34198	
2.80609	8.34198	
2.80548	8.34167	
2.80914	8.3429	
2.80334	8.34198	
2.80731	8.3429	
2.80365	8.34198	
2.80457	8.34198	
2.8067	8.34198	
2.80548	8.34259	
2.80884	8.34198	
2.80243	8.3429	
2.80731	8.3429	
2.8064	8.34259	
2.80853	8.34198	
2.8064	8.34229	
2.80609	8.34229	
2.81067	8.34259	
2.80151	8.34137	
2.8064	8.34198	
2.80396	8.34198	
2.80914	8.34198	
2.80579	8.34198	
2.8064	8.3429	
2.8067	8.34229	
2.80823	8.34167	
2.80731	8.34198	
2.80853	8.34167	
2.80609	8.34198	
2.80731	8.34229	
2.80609	8.3429	
2.8064	8.34167	
2.80853	8.34167	
2.80914	8.34229	
2.80426	8.34229	
2.80518	8.34259	
2.80579	8.34137	
2.80609	8.34167	
2.8067	8.34198	
2.80548	8.34229	
2.80762	8.34229	
2.81067	8.34229	
2.79999	8.34167	
2.80701	8.34259	
2.80853	8.34198	
2.80457	8.34167	
2.8064	8.34167	
2.8064	8.3429	
2.80762	8.34229	
2.81128	8.34259	
2.80518	8.34198	
2.80792	8.34137	
2.80945	8.3432	
2.80792	8.34259	
2.80487	8.34259	
2.8064	8.34229	
2.80609	8.34259	
2.80884	8.34198	
2.80792	8.34229	
2.80487	8.34198	
2.80518	8.34198	
2.80945	8.3429	
2.80365	8.34198	
2.80579	8.34137	
2.80609	8.34229	
2.80701	8.34167	
2.81006	8.34198	
2.80457	8.34198	
2.80762	8.34198	
2.80792	8.34198	
2.80487	8.34229	
2.80701	8.34198	
2.80609	8.34198	
2.80609	8.34167	
2.80701	8.34259	
2.81036	8.34229	
2.80487	8.34198	
2.80731	8.34259	
2.8067	8.34229	
2.80975	8.34229	
2.80792	8.34259	
2.8064	8.34229	
2.8067	8.34229	
2.80731	8.34198	
2.81128	8.34198	
2.80518	8.34167	
2.8067	8.34198	
2.80426	8.34167	
2.80914	8.34198	
2.80487	8.34259	
2.8064	8.34198	
2.8067	8.34229	
2.81067	8.34259	
2.80304	8.34167	
2.80823	8.34259	
2.80457	8.34167	
2.80396	8.34198	
2.8064	8.34137	
2.8067	8.34167	
2.81006	8.34167	
2.80518	8.34229	
2.80762	8.34259	
2.80823	8.34229	
2.80579	8.34229	
2.80304	8.34229	
2.80731	8.34198	
2.80792	8.34167	
2.80914	8.3429	
2.80365	8.34167	
2.80792	8.34259	
2.80518	8.34167	
2.80396	8.34229	
2.80914	8.3429	
2.80609	8.34198	
2.80548	8.34198	
2.8067	8.34198	
2.80579	8.34198	
2.80701	8.34229	
2.80853	8.34198	
2.80396	8.34167	
2.80609	8.34229	
2.80548	8.34198	
2.80579	8.34198	
2.80731	8.34167	
2.80518	8.34198	
2.80396	8.34198	
2.80365	8.34167	
2.8064	8.34259	
2.80457	8.34106	
2.80548	8.34229	
2.80548	8.34198	
2.80518	8.3429	
2.81097	8.34198	
2.80304	8.3429	
2.80487	8.34229	
2.80396	8.34198	
2.80853	8.34229	
2.80609	8.34137	
2.80579	8.34259	
2.80609	8.34167	
2.81006	8.34198	
2.79968	8.34229	
2.80487	8.34259	
2.80609	8.34198	
2.80945	8.34167	
2.80579	8.34259	
2.80548	8.34229	
2.8067	8.34198	
2.80884	8.3432	
2.8067	8.3432	
2.8067	8.34259	
2.80304	8.34137	
2.80914	8.34229	
2.80487	8.34259	
2.80548	8.34229	
2.80975	8.34229	
2.80426	8.34229	
2.80365	8.34259	
2.8067	8.34229	
2.8064	8.34137	
2.80579	8.34229	
2.80548	8.34198	
2.80945	8.34198	
2.80548	8.34198	
2.80548	8.34198	
2.80518	8.34229	
2.80762	8.34229	
2.80121	8.34229	
2.80518	8.34259	
2.80548	8.34229	
2.81128	8.34229	
2.80457	8.34137	
2.8064	8.34259	
2.80823	8.34167	
2.80243	8.34198	
2.80823	8.34229	
2.80396	8.34198	
2.80518	8.34229	
2.81036	8.34229	
2.80304	8.34229	
2.8067	8.34259	
2.80304	8.34198	
2.80914	8.34229	
2.80151	8.34198	
2.80548	8.34229	
2.80487	8.34167	
2.81036	8.34259	
2.80609	8.34229	
2.80579	8.34167	
2.80487	8.34198	
2.8064	8.3432	
2.79968	8.34259	
2.80457	8.34198	
2.80426	8.34259	
2.80701	8.34198	
2.80853	8.34229	
2.79968	8.34229	
2.80548	8.34229	
2.80426	8.34198	
2.80853	8.34259	
2.80426	8.34259	
2.80487	8.34167	
2.80518	8.34229	
2.80792	8.34229	
2.79938	8.34167	
2.80518	8.34198	
2.80212	8.34137	
2.79968	8.34137	
2.80579	8.34198	
2.80457	8.34198	
2.80457	8.34198	
2.80853	8.3429	
2.80548	8.34167	
2.80579	8.34198	
2.80823	8.3429	
2.79968	8.34106	
2.80487	8.34198	
2.80579	8.34167	
2.80945	8.34167	
2.80518	8.34137	
2.8064	8.34259	
2.80792	8.34198	
2.80365	8.34167	
2.80426	8.34229	
2.8067	8.34198	
2.8064	8.34198	
2.8064	8.34198	
2.80304	8.34198	
2.80365	8.34198	
2.80487	8.34259	
2.80487	8.34259	
2.80579	8.34198	
2.80334	8.34198	
2.80609	8.34198	
2.80731	8.34198	
2.80212	8.34167	
2.79846	8.34198	
2.80426	8.34229	
2.80518	8.34259	
2.80731	8.34229	
2.80396	8.3429	
2.80273	8.34229	
2.80396	8.34198	
2.8006	8.34229	
2.80426	8.34229	
2.80365	8.34259	
2.80823	8.34259	
2.80396	8.34167	
2.80273	8.34198	
2.80762	8.34198	
2.80701	8.34198	
2.8009	8.34167	
2.80396	8.34198	
2.80548	8.34229	
2.80914	8.34198	
2.79907	8.34229	
2.80609	8.3429	
2.80701	8.34229	
2.80396	8.34167	
2.80518	8.34259	
2.81006	8.34229	
2.80426	8.34259	
2.80579	8.34259	
2.80518	8.34167	
2.80609	8.34198	
2.80487	8.34198	
2.80518	8.34259	
2.80731	8.34229	
2.80518	8.34229	
2.80548	8.34259	
2.80243	8.34137	
2.80823	8.3429	
2.79968	8.34198	
2.80518	8.34198	
2.80426	8.34198	
2.81067	8.34198	
2.80457	8.34167	
2.80609	8.34198	
2.80762	8.34198	
2.80304	8.34198	
2.80548	8.34229	
2.80518	8.34198	
2.80762	8.34198	
2.80426	8.34137	
2.79938	8.34198	
2.80762	8.34167	
2.80884	8.34259	
2.80457	8.34198	
2.80457	8.34229	
2.80518	8.3429	
2.80792	8.34198	
2.80701	8.34259	
2.80823	8.34229	
2.80304	8.34198	
2.8006	8.34198	
2.80518	8.34167	
2.80548	8.34259	
2.80945	8.3432	
2.80548	8.34198	
2.80823	8.34259	
2.80762	8.34229	
2.80334	8.34167	
2.80457	8.34198	
2.80487	8.34198	
2.80731	8.34198	
2.80304	8.3432	
2.80792	8.34198	
2.80273	8.34229	
2.80487	8.34229	
2.80518	8.34229	
2.8067	8.34229	
2.80365	8.34198	
2.8064	8.34198	
2.80518	8.34198	
2.80182	8.34198	
2.80457	8.34229	
2.8067	8.34198	
2.80762	8.34229	
2.79968	8.34198	
2.80304	8.34259	
2.80334	8.34229	
2.80304	8.3429	
2.80579	8.34167	
2.80487	8.34167	
2.80945	8.34198	
2.80548	8.34381	
2.80518	8.34198	
2.80334	8.34198	
2.80457	8.34198	
2.80548	8.34229	
2.81067	8.34351	
2.80396	8.34259	
2.8064	8.34229	
2.8067	8.3429	
2.80762	8.3432	
2.80487	8.3429	
2.80396	8.34229	
2.80731	8.34259	
2.79938	8.34259	
2.80701	8.3429	
2.80365	8.34229	
2.80334	8.34198	
2.80426	8.34229	
2.80579	8.3432	
2.80457	8.3429	
2.80609	8.34229	
2.80365	8.34229	
2.80273	8.3429	
2.80487	8.34351	
2.80365	8.34198	
2.8067	8.3429	
2.80365	8.34259	
2.80518	8.34198	
2.80762	8.34259	
2.80334	8.34229	
2.79968	8.34137	
2.80396	8.34259	
2.80518	8.34229	
2.80823	8.34229	
2.80304	8.3432	
2.80731	8.34259	
2.8067	8.34167	
2.80487	8.3429	
2.80426	8.3429	
2.80762	8.34229	
2.80396	8.3429	
2.80518	8.34198	
2.80243	8.34229	
2.80304	8.34198	
2.80396	8.34259	
2.80426	8.3429	
2.80701	8.3429	
2.79968	8.34229	
2.80518	8.34229	
2.80609	8.34259	
2.80701	8.34198	
2.80426	8.34198	
2.80365	8.3429	
2.80853	8.3432	
2.80304	8.34259	
2.80334	8.34229	
2.80609	8.34259	
2.80212	8.34259	
2.80396	8.34229	
2.80426	8.34198	
2.80609	8.3429	
2.80273	8.34198	
2.80457	8.34167	
2.80121	8.34167	
2.80609	8.34259	
2.80365	8.34259	
2.80334	8.34198	
2.8067	8.34259	
2.79816	8.34198	
2.80212	8.34259	
2.80518	8.34198	
2.80487	8.34229	
2.80212	8.34259	
2.80273	8.34229	
2.80457	8.34259	
2.80365	8.34229	
2.80518	8.3429	
2.80609	8.34259	
2.80365	8.34198	
2.79877	8.34198	
2.80334	8.34259	
2.80334	8.34229	
2.80548	8.34229	
2.80273	8.34229	
2.80579	8.34259	
2.80457	8.34229	
2.80396	8.34259	
2.80365	8.34167	
2.80334	8.34198	
2.80762	8.3429	
2.80182	8.34137	
2.80426	8.34259	
2.80182	8.34229	
2.80182	8.34167	
2.80365	8.34198	
2.80273	8.34259	
2.80701	8.34167	
2.80029	8.34198	
2.80182	8.34198	
2.8009	8.34259	
2.79846	8.34198	
2.80365	8.34229	
2.80396	8.34229	
2.8067	8.34167	
2.80365	8.34167	
2.80518	8.34198	
2.8067	8.34259	
2.80243	8.34198	
2.80243	8.34198	
2.80701	8.34167	
2.80121	8.34137	
2.80518	8.34229	
2.80151	8.34198	
2.80579	8.34198	
2.80334	8.34229	
2.80365	8.34229	
2.80396	8.34198	
2.80426	8.34229	
2.80487	8.34229	
2.80426	8.34198	
2.80182	8.34229	
2.80304	8.34198	
2.80396	8.34259	
2.80426	8.34167	
2.80334	8.34137	
2.80487	8.34198	
2.80518	8.34167	
2.80731	8.34167	
2.80334	8.34198	
2.80304	8.3429	
2.8067	8.34198	
2.80304	8.34198	
2.80365	8.34198	
2.80518	8.34259	
2.79816	8.34137	
2.80273	8.34137	
2.80426	8.3432	
2.80548	8.3429	
2.79877	8.34167	
2.80426	8.34229	
2.80548	8.34198	
2.80518	8.3429	
2.80365	8.34198	
2.80304	8.34198	
2.80792	8.34137	
2.80487	8.34229	
2.80457	8.34229	
2.80334	8.34229	
2.80518	8.3429	
2.80121	8.34198	
2.80334	8.34167	
2.80457	8.34229	
2.80487	8.34198	
2.80457	8.34229	
2.80304	8.34259	
2.80121	8.34229	
2.80365	8.34167	
2.80396	8.34259	
2.80853	8.34259	
2.80273	8.34198	
2.80426	8.34198	
2.8067	8.34198	
2.80579	8.34198	
2.80396	8.34229	
2.80487	8.34229	
2.80731	8.34198	
2.80029	8.34229	
2.80609	8.34198	
2.80426	8.34198	
2.80396	8.34259	
2.80426	8.34198	
2.80518	8.34229	
2.80365	8.34198	
2.80457	8.34259	
2.80518	8.34167	
2.80212	8.34198	
2.80121	8.3429	
2.80396	8.34229	
2.80426	8.34198	
2.80975	8.34259	
2.80334	8.34229	
2.80548	8.34167	
2.80273	8.34198	
2.80243	8.34167	
2.80457	8.34198	
2.80426	8.34229	
2.80975	8.34198	
2.80243	8.34167	
2.8067	8.34229	
2.80212	8.34198	
2.8006	8.34167	
2.80334	8.34229	
2.80518	8.34198	
2.8064	8.3429	
2.80548	8.34167	
2.80304	8.34259	
2.80273	8.34198	
2.80426	8.34229	
2.80365	8.34167	
2.81006	8.34137	
2.80334	8.34198	
2.80579	8.34229	
2.80396	8.34229	
2.80182	8.3429	
2.80334	8.34198	
2.80426	8.34259	
2.80487	8.34229	
2.80823	8.3429	
2.80548	8.34198	
2.80334	8.34198	
2.80701	8.34229	
2.80487	8.34167	
2.80304	8.34229	
2.80457	8.34229	
2.80792	8.34259	
2.80609	8.34198	
2.80304	8.34106	
2.80273	8.34167	
2.80365	8.34198	
2.80457	8.34229	
2.80518	8.34229	
2.80457	8.34198	
2.80518	8.34198	
2.80365	8.34259	
2.8067	8.34167	
2.80365	8.34167	
2.80304	8.34198	
2.80975	8.34198	
2.80365	8.34259	
2.80426	8.3429	
2.80548	8.34198	
2.80304	8.34259	
2.80426	8.34198	
2.80365	8.34167	
2.8067	8.34229	
2.80273	8.34229	
2.80548	8.34198	
2.80548	8.34229	
2.80426	8.34167	
2.79877	8.34198	
2.80365	8.34229	
2.80457	8.34229	
2.80304	8.34167	
2.80518	8.34259	
2.8067	8.34259	
2.8064	8.34198	
2.80334	8.34229	
2.80243	8.34198	
2.80579	8.34229	
2.79999	8.34137	
2.80273	8.34229	
2.80151	8.34167	
2.79907	8.34137	
2.80365	8.34198	
2.80273	8.34198	
2.80853	8.34198	
2.8006	8.34167	
2.80548	8.34229	
2.80151	8.34259	
2.80334	8.34229	
2.80365	8.34198	
2.80365	8.34229	
2.80792	8.34351	
2.80487	8.34229	
2.8064	8.34229	
2.8067	8.34229	
2.79724	8.34259	
2.80334	8.34198	
2.80396	8.34229	
2.80792	8.34259	
2.80273	8.34198	
2.80548	8.34198	
2.80579	8.34198	
2.80365	8.34198	
2.80304	8.34259	
2.80884	8.34229	
2.79785	8.34259	
2.80151	8.34167	
2.80365	8.34259	
2.79755	8.34167	
2.80212	8.34167	
2.80396	8.34167	
2.80762	8.34229	
2.80334	8.34167	
2.80487	8.34259	
2.8067	8.34229	
2.80304	8.34137	
2.80182	8.34229	
2.80548	8.34198	
2.80518	8.34198	
2.80243	8.34198	
2.80426	8.34229	
2.80701	8.34198	
2.80121	8.34198	
2.80334	8.34259	
2.80457	8.34167	
2.80121	8.34167	
2.80365	8.34229	
2.8009	8.34167	
2.79999	8.34229	
2.80334	8.34198	
2.80334	8.34229	
2.80457	8.34229	
2.80151	8.34259	
2.80426	8.34229	
2.80334	8.3429	
2.80304	8.34259	
2.80212	8.3429	
2.80243	8.34229	
2.80701	8.34229	
2.8006	8.3429	
2.80396	8.34198	
2.80182	8.34167	
2.80121	8.34167	
2.79907	8.34259	
2.80304	8.34229	
2.80182	8.34259	
2.80426	8.34198	
2.79907	8.34229	
2.80243	8.34198	
2.79938	8.34229	
2.79877	8.34229	
2.80304	8.34198	
2.80304	8.34198	
2.80792	8.34198	
2.80121	8.3429	
2.80487	8.34229	
2.80273	8.34229	
2.80182	8.34259	
2.80273	8.34229	
2.80243	8.34259	
2.80487	8.34259	
2.80212	8.34229	
2.80426	8.34259	
2.80518	8.34137	
2.8006	8.34229	
2.79755	8.34137	
2.80182	8.34198	
2.80396	8.34198	
2.80396	8.34198	
2.80304	8.34198	
2.80151	8.34259	
2.80426	8.34198	
2.80243	8.34259	
2.80212	8.34137	
2.80365	8.34198	
2.8067	8.34198	
2.79968	8.34198	
2.80609	8.34229	
2.80548	8.34259	
2.79877	8.34229	
2.80396	8.34198	
2.80365	8.34229	
2.80792	8.34198	
2.80273	8.34229	
2.80396	8.34198	
2.80579	8.34198	
2.8006	8.34259	
2.80334	8.34229	
2.80334	8.34167	
2.80396	8.34259	
2.80762	8.34229	
2.79816	8.34198	
2.80121	8.34229	
2.80151	8.34259	
2.8064	8.34259	
2.80273	8.34167	
2.80273	8.34229	
2.80853	8.34229	
2.80334	8.34167	
2.80334	8.34229	
2.80212	8.34167	
2.79877	8.34198	
2.80426	8.34259	
2.80304	8.34229	
2.8064	8.34198	
2.80151	8.34229	
2.80304	8.34259	
2.80304	8.34167	
2.80151	8.34259	
2.80365	8.3429	
2.80396	8.34259	
2.8064	8.34229	
2.79938	8.34167	
2.80396	8.3429	
2.8064	8.34229	
2.8006	8.34198	
2.80365	8.34229	
2.80365	8.34229	
2.8067	8.34229	
2.79877	8.34167	
2.8064	8.34229	
2.80701	8.34167	
2.8009	8.34198	
2.80273	8.3429	
2.80426	8.3429	
2.80701	8.34229	
2.79724	8.34229	
2.80182	8.34167	
2.80243	8.34167	
2.79755	8.34229	
2.80273	8.34229	
2.80396	8.34198	
2.80792	8.34229	
2.80121	8.34198	
2.80304	8.34198	
2.8064	8.34198	
2.80334	8.34198	
2.80334	8.34198	
2.8064	8.34259	
2.80396	8.34229	
2.80396	8.34229	
2.80273	8.34198	
2.80609	8.34229	
2.80121	8.34229	
2.80304	8.34167	
2.80334	8.34198	
2.80701	8.34198	
2.80212	8.34198	
2.80487	8.34259	
2.80121	8.34198	
2.8009	8.34167	
2.80151	8.34198	
2.80273	8.34229	
2.80365	8.34167	
2.80609	8.34198	
2.79846	8.34137	
2.80273	8.34167	
2.80365	8.34259	
2.80701	8.3429	
2.80396	8.34198	
2.80273	8.34259	
2.80853	8.34137	
2.80212	8.34167	
2.80426	8.34229	
2.80365	8.34229	
2.8064	8.34259	
2.79877	8.34259	
2.80365	8.34198	
2.80426	8.34198	
2.80579	8.34229	
2.79816	8.34198	
2.8006	8.34167	
2.80273	8.34137	
2.80579	8.34198	
2.80243	8.34259	
2.80243	8.34198	
2.80548	8.34106	
2.79938	8.34198	
2.80243	8.34167	
2.80121	8.34229	
2.80609	8.34229	
2.80273	8.34198	
2.80273	8.34198	
2.80548	8.34229	
2.80121	8.34198	
2.80487	8.34229	
2.80487	8.34198	
2.80548	8.34229	
2.80273	8.34198	
2.80304	8.34198	
2.80579	8.34167	
2.8067	8.34229	
2.80365	8.3429	
2.80304	8.34167	
2.80548	8.34198	
2.80151	8.34229	
2.80212	8.34198	
2.80365	8.34198	
2.80609	8.34198	
2.79907	8.34167	
2.80457	8.3429	
2.80182	8.34229	
2.80212	8.34229	
2.80304	8.34229	
2.80396	8.34167	
2.8006	8.34167	
2.80365	8.34229	
2.80426	8.34229	
2.80518	8.34167	
2.80121	8.34167	
2.80212	8.34229	
2.80457	8.34259	
2.80151	8.34137	
2.80304	8.34259	
2.80121	8.34167	
2.80182	8.34259	
2.80304	8.34259	
2.80151	8.3429	
2.80243	8.34167	
2.80182	8.34259	
2.80304	8.34229	
2.80121	8.34198	
2.80457	8.34229	
2.80243	8.34229	
2.80151	8.34198	
2.80579	8.34229	
2.8006	8.34229	
2.80334	8.34198	
2.80121	8.34167	
2.80365	8.34198	
2.79968	8.34167	
2.80121	8.34198	
2.80212	8.34229	
2.80212	8.34198	
2.80273	8.34229	
2.8009	8.34198	
2.8009	8.3429	
2.80212	8.34198	
2.8009	8.34229	
2.80182	8.3429	
2.80151	8.34259	
2.80029	8.34198	
2.80396	8.34229	
2.80426	8.34229	
2.79602	8.34137	
2.80182	8.34167	
2.80243	8.34229	
2.80426	8.34167	
2.79724	8.3429	
2.79999	8.34198	
2.79999	8.34198	
2.79694	8.34167	
2.80151	8.34259	
2.80273	8.34198	
2.8067	8.34198	
2.79846	8.34198	
2.8006	8.34229	
2.79938	8.34229	
2.79877	8.34167	
2.80121	8.34198	
2.80273	8.34259	
2.80304	8.34229	
2.79785	8.34167	
2.80396	8.34198	
2.80487	8.34259	
2.79877	8.34198	
2.80121	8.34167	
2.80304	8.34229	
2.80029	8.34229	
2.80334	8.34198	
2.80243	8.34229	
2.80487	8.34167	
2.80151	8.34229	
2.80151	8.34198	
2.80762	8.34229	
2.8006	8.34137	
2.80396	8.34259	
2.80548	8.34259	
2.80518	8.34198	
2.80212	8.34198	
2.80212	8.34259	
2.80731	8.34167	
2.80121	8.34198	
2.80396	8.34229	
2.80182	8.34229	
2.8006	8.34167	
2.80182	8.34259	
2.80182	8.34229	
2.80518	8.34198	
2.8006	8.34259	
2.80304	8.34229	
2.80396	8.34259	
2.80334	8.34198	
2.80365	8.34229	
2.80273	8.34167	
2.80518	8.34229	
2.80121	8.34167	
2.80365	8.34198	
2.8009	8.34198	
2.8009	8.34167	
2.80212	8.3429	
2.80273	8.34229	
2.80792	8.34137	
2.80212	8.34198	
2.80304	8.34229	
2.80396	8.34259	
2.80487	8.34259	
2.80243	8.3432	
2.80243	8.3429	
2.8064	8.34259	
2.79724	8.34167	
2.80365	8.34229	
2.8006	8.34229	
2.79968	8.34198	
2.80334	8.34259	
2.80243	8.34259	
2.80731	8.34259	
2.80243	8.34167	
2.8009	8.34167	
2.80029	8.34229	
2.79633	8.34137	
2.80273	8.34229	
2.80334	8.34229	
2.80365	8.34229	
2.80426	8.34259	
2.80518	8.34167	
2.80396	8.34198	
2.79999	8.34198	
2.80273	8.34198	
2.80365	8.34259	
2.80731	8.34167	
2.80273	8.34198	
2.80273	8.34198	
2.80334	8.3429	
2.80426	8.34259	
2.80304	8.34229	
2.80273	8.34198	
2.80609	8.34259	
2.80304	8.34167	
2.80212	8.34198	
2.80304	8.34167	
2.79785	8.34229	
2.80365	8.34229	
2.80273	8.34198	
2.80579	8.34167	
2.80304	8.34198	
2.80182	8.34137	
2.8009	8.34167	
2.80365	8.34167	
2.80151	8.34198	
2.80365	8.34229	
2.8009	8.34198	
2.80365	8.34167	
2.80518	8.34229	
2.80609	8.34198	
2.80365	8.34198	
2.80243	8.34229	
2.8064	8.34167	
2.8006	8.34229	
2.80548	8.34198	
2.8006	8.34137	
2.80121	8.34198	
2.80151	8.34198	
2.80823	8.34198	
2.8009	8.34229	
2.8009	8.34137	
2.80426	8.34229	
2.80518	8.34229	
2.80273	8.34167	
2.80182	8.34229	
2.80487	8.34167	
2.79907	8.34198	
2.80304	8.34229	
2.80121	8.34229	
2.79846	8.34198	
2.80304	8.34198	
2.80304	8.34229	
2.80457	8.34137	
2.80487	8.34167	
2.80121	8.34198	
2.80426	8.34198	
2.80304	8.3429	
2.80243	8.34198	
2.8067	8.34259	
2.80182	8.34198	
2.80426	8.34229	
2.80182	8.34167	
2.79968	8.34076	
2.80273	8.34167	
2.80273	8.34198	
2.80487	8.3429	
2.8009	8.34198	
2.80365	8.34167	
2.80182	8.34198	
2.79938	8.34167	
2.80243	8.34198	
2.80182	8.34229	
2.80304	8.34198	
2.8006	8.34259	
2.80304	8.34259	
2.80121	8.34167	
2.80212	8.34259	
2.80121	8.34229	
2.80212	8.34229	
2.80365	8.34229	
2.79602	8.34198	
2.80334	8.34229	
2.80151	8.34259	
2.79633	8.34229	
2.80182	8.3429	
2.80182	8.34167	
2.80609	8.34198	
2.80304	8.34229	
2.80029	8.34198	
2.79999	8.34229	
2.80151	8.34229	
2.80029	8.34259	
2.80426	8.34198	
2.79633	8.34229	
2.80029	8.34198	
2.79907	8.34229	
2.79816	8.34198	
2.80182	8.34167	
2.80243	8.34076	
2.80457	8.34259	
2.80243	8.34229	
2.80182	8.34259	
2.80426	8.34259	
2.8006	8.34259	
2.80121	8.34198	
2.80396	8.34229	
2.79938	8.34229	
2.8009	8.34198	
2.80121	8.34229	
2.79663	8.34229	
2.80151	8.34198	
2.8009	8.34259	
2.80609	8.34229	
2.79633	8.34198	
2.80273	8.34259	
2.8009	8.34229	
2.8006	8.34259	
2.8009	8.34229	
2.8006	8.34229	
2.80396	8.34198	
2.79816	8.34198	
2.79999	8.34259	
2.79877	8.34259	
2.79846	8.34167	
2.80121	8.34229	
2.80182	8.34167	
2.80579	8.3429	
2.80243	8.34198	
2.80182	8.34259	
2.80182	8.34167	
2.8006	8.34198	
2.8006	8.3429	
2.80334	8.34229	
2.79999	8.34167	
2.80243	8.34229	
2.79968	8.34198	
2.80457	8.34259	
2.79968	8.34167	
2.80182	8.34259	
2.80243	8.34167	
2.80273	8.3429	
2.80273	8.34198	
2.80426	8.34229	
2.80151	8.34229	
2.80121	8.34259	
2.80212	8.34198	
2.8006	8.34198	
2.80151	8.34259	
2.79846	8.34229	
2.79572	8.34137	
2.8009	8.34198	
2.80365	8.34259	
2.79999	8.34198	
2.80212	8.34198	
2.80121	8.34259	
2.80182	8.34259	
2.8006	8.34229	
2.80243	8.34198	
2.80396	8.34229	
2.80365	8.34229	
2.80121	8.34259	
2.80457	8.34198	
2.80151	8.34167	
2.80182	8.34167	
2.80548	8.3429	
2.80121	8.34229	
2.80151	8.34198	
2.80304	8.34229	
2.80029	8.34259	
2.8009	8.34106	
2.80151	8.34229	
2.79968	8.34229	
2.8009	8.34137	
2.79907	8.34198	
2.79816	8.34198	
2.8006	8.34259	
2.80487	8.34259	
2.79541	8.34229	
2.80396	8.34229	
2.80365	8.34259	
2.79999	8.34229	
2.8006	8.34259	
2.80457	8.34198	
2.79999	8.3429	
2.79968	8.34229	
2.79907	8.34259	
2.79541	8.34167	
2.80121	8.34229	
2.80121	8.34137	
2.80548	8.3432	
2.80182	8.3429	
2.80334	8.34259	
2.80426	8.34229	
2.80121	8.34167	
2.80212	8.34198	
2.79968	8.34229	
2.80182	8.34229	
2.79999	8.34198	
2.79968	8.3429	
2.80182	8.34229	
2.80273	8.3429	
2.80121	8.34198	
2.80273	8.34198	
2.8009	8.34229	
2.79846	8.34198	
2.80151	8.34259	
2.8006	8.34229	
2.80426	8.34259	
2.79633	8.34229	
2.80457	8.34259	
2.80365	8.34259	
2.79602	8.34198	
2.80151	8.34229	
2.80182	8.34167	
2.80548	8.34198	
2.80304	8.34229	
2.80365	8.34198	
2.80457	8.34259	
2.80182	8.34167	
2.80121	8.34229	
2.80396	8.34198	
2.79968	8.34198	
2.80029	8.34229	
2.8006	8.34229	
2.79572	8.34229	
2.8009	8.34259	
2.80701	8.34106	
2.79968	8.34198	
2.80029	8.34259	
2.79999	8.3429	
2.79572	8.34167	
2.80182	8.34259	
2.80182	8.34259	
2.8064	8.34229	
2.80121	8.34229	
2.8009	8.34167	
2.79938	8.34076	
2.80182	8.34198	
2.80182	8.34167	
2.8067	8.34259	
2.79907	8.34229	
2.80304	8.34259	
2.80243	8.34229	
2.79999	8.34229	
2.8006	8.34259	
2.80457	8.34229	
2.80182	8.34259	
2.80365	8.34198	
2.80426	8.34198	
2.79572	8.34229	
2.8009	8.34198	
2.80212	8.34259	
2.79968	8.3429	
2.80243	8.34259	
2.79877	8.34229	
2.80457	8.34167	
2.80121	8.34229	
2.80151	8.3429	
2.8067	8.34259	
2.7951	8.34229	
2.80304	8.34229	
2.80396	8.34137	
2.79938	8.34229	
2.8006	8.34229	
2.80518	8.34259	
2.80029	8.34198	
2.80212	8.34229	
2.79816	8.34198	
2.7951	8.34167	
2.79999	8.34198	
2.80182	8.34229	
2.80609	8.34229	
2.80151	8.34167	
2.79938	8.34229	
2.79877	8.34167	
2.8009	8.34259	
2.80182	8.34198	
2.80487	8.34198	
2.79846	8.34198	
2.80334	8.34229	
2.80304	8.34198	
2.8009	8.34198	
2.79999	8.34198	
2.80426	8.34137	
2.79846	8.34198	
2.80243	8.34229	
2.79877	8.34198	
2.79785	8.34229	
2.8006	8.34229	
2.8009	8.34229	
2.80487	8.34229	
2.79968	8.34229	
2.79999	8.34198	
2.80304	8.34259	
2.80365	8.3429	
2.80029	8.34198	
2.80029	8.34198	
2.80518	8.34198	
2.79449	8.34198	
2.79938	8.34259	
2.80182	8.34229	
2.80396	8.34259	
2.8006	8.34198	
2.8009	8.34229	
2.80365	8.34198	
2.7948	8.34259	
2.80273	8.34259	
2.80304	8.34259	
2.80029	8.34198	
2.80151	8.34229	
2.80426	8.34167	
2.79999	8.34259	
2.80151	8.34229	
2.79816	8.34229	
2.7948	8.34167	
2.79968	8.34229	
2.80151	8.34137	
2.79907	8.34167	
2.80273	8.34229	
2.8009	8.34229	
2.79846	8.34259	
2.8006	8.34229	
2.8009	8.34259	
2.80121	8.34229	
2.80121	8.34229	
2.80334	8.34259	
2.80365	8.34229	
2.80151	8.34198	
2.79968	8.34137	
2.80396	8.34259	
2.7948	8.34076	
2.80121	8.34229	
2.79907	8.34198	
2.8006	8.34229	
2.79999	8.34259	
2.80304	8.3432	
2.80182	8.3429	
2.79907	8.34229	
2.79968	8.34167	
2.8009	8.34198	
2.8009	8.34259	
2.80487	8.34229	
2.79999	8.34229	
2.79907	8.34167	
2.80426	8.34198	
2.80121	8.34198	
2.8009	8.34167	
2.80579	8.34198	
2.79968	8.34229	
2.80243	8.34167	
2.79816	8.34229	
2.79602	8.34259	
2.8009	8.34198	
2.79999	8.3429	
2.80365	8.34198	
2.80121	8.34198	
2.80365	8.34259	
2.80334	8.34259	
2.79999	8.34167	
2.80151	8.34198	
2.80365	8.34229	
2.79877	8.34167	
2.80273	8.34259	
2.79846	8.34198	
2.8006	8.34259	
2.79999	8.34198	
2.80548	8.34259	
2.79541	8.34167	
2.79968	8.34259	
2.79877	8.34259	
2.8009	8.34229	
2.8009	8.34198	
2.80548	8.34167	
2.80182	8.34229	
2.79907	8.34198	
2.79968	8.34167	
2.80151	8.34229	
2.80151	8.34229	
2.80426	8.34229	
2.80151	8.34259	
2.80029	8.34229	
2.79938	8.34198	
2.8009	8.34198	
2.8009	8.34198	
2.80304	8.34198	
2.79602	8.34198	
2.80365	8.34198	
2.79999	8.3429	
2.8009	8.34259	
2.80182	8.3429	
2.80487	8.3429	
2.79724	8.34198	
2.80426	8.34198	
2.80121	8.3429	
2.80121	8.34259	
2.8006	8.34229	
2.80396	8.34229	
2.79602	8.34259	
2.80029	8.34229	
2.79999	8.34229	
2.8009	8.34167	
2.80121	8.34229	
2.80365	8.34137	
2.79633	8.34198	
2.80334	8.34229	
2.80426	8.34229	
2.8006	8.34198	
2.80151	8.34229	
2.80396	8.34198	
2.80029	8.34229	
2.80151	8.34167	
2.79816	8.34167	
2.79785	8.34198	
2.80029	8.34198	
2.80182	8.34137	
2.80182	8.34198	
2.80334	8.34198	
2.79877	8.34229	
2.79938	8.34229	
2.8009	8.34198	
2.80121	8.34198	
2.8006	8.34167	
2.80273	8.34229	
2.80396	8.34259	
2.80365	8.34229	
2.80121	8.34229	
2.80151	8.3432	
2.80273	8.34198	
2.79602	8.34259	
2.80151	8.34198	
2.79968	8.34259	
2.8009	8.34259	
2.8009	8.34259	
2.80151	8.34229	
2.80487	8.34229	
2.80304	8.34229	
2.79877	8.34198	
2.8009	8.34198	
2.80029	8.34229	
2.80273	8.34229	
2.80548	8.34229	
2.80212	8.34198	
2.79968	8.34137	
2.79999	8.34137	
2.80121	8.34198	
2.79999	8.34229	
2.80457	8.34229	
2.80243	8.34198	
2.80396	8.34229	
2.80396	8.34198	
2.80121	8.34229	
2.80212	8.34167	
2.79968	8.34229	
2.79999	8.3429	
2.79877	8.34198	
2.80029	8.34229	
2.8006	8.34198	
2.80548	8.34198	
2.79968	8.34198	
2.8006	8.34198	
2.79907	8.34198	
2.79724	8.34229	
2.8009	8.34167	
2.80579	8.34229	
2.79938	8.34198	
2.80212	8.34198	
2.8006	8.34229	
2.80121	8.34198	
2.8006	8.34259	
2.80426	8.34137	
2.79846	8.34229	
2.80334	8.34259	
2.8006	8.34137	
2.80029	8.34198	
2.80182	8.34198	
2.80457	8.34229	
2.80121	8.34198	
2.79938	8.34198	
2.79816	8.34229	
2.8006	8.34167	
2.80548	8.34259	
2.79541	8.34167	
2.80365	8.34229	
2.80273	8.34167	
2.8006	8.34198	
2.8006	8.3432	
2.80334	8.34198	
2.80121	8.34229	
2.80121	8.34229	
2.8009	8.34229	
2.8006	8.34229	
2.8006	8.34198	
2.80304	8.34198	
2.79785	8.34137	
2.80273	8.34198	
2.80212	8.34259	
2.8006	8.3429	
2.8006	8.34198	
2.80304	8.3429	
2.79633	8.34198	
2.80029	8.34229	
2.79816	8.34198	
2.79968	8.34198	
2.80029	8.34198	
2.80304	8.34198	
2.79846	8.34259	
2.80304	8.34259	
2.80396	8.34229	
2.79816	8.34198	
2.80029	8.34229	
2.80182	8.3429	
2.79785	8.34229	
2.80151	8.34259	
2.80029	8.34198	
2.79419	8.34167	
2.79968	8.3432	
2.80273	8.34167	
2.79846	8.34198	
2.80121	8.34198	
2.8009	8.34167	
2.80365	8.34167	
2.80121	8.34229	
2.8006	8.34076	
2.79938	8.34106	
2.80151	8.34229	
2.79999	8.34198	
2.80304	8.34198	
2.8006	8.34198	
2.80029	8.34167	
2.80243	8.34167	
2.79419	8.34198	
2.79846	8.34229	
2.79724	8.34167	
2.80029	8.34198	
2.79938	8.34167	
2.80396	8.34076	
2.79938	8.34198	
2.80151	8.34198	
2.79938	8.34229	
2.79968	8.34229	
2.80029	8.34229	
2.80426	8.34259	
2.79938	8.34137	
2.79999	8.34198	
2.79785	8.34137	
2.79968	8.34137	
2.79999	8.34167	
2.80426	8.34198	
2.80151	8.34167	
2.80334	8.34137	
2.79816	8.34198	
2.80029	8.34198	
2.80426	8.34167	
2.79968	8.34198	
2.79877	8.34167	
2.80121	8.34229	
2.8006	8.34167	
2.8009	8.34229	
2.80121	8.34167	
2.80457	8.34229	
2.80151	8.34229	
2.80182	8.34198	
2.79694	8.34198	
2.79938	8.34259	
2.79877	8.34259	
2.80273	8.34167	
2.79907	8.34198	
2.80182	8.34229	
2.80304	8.34229	
2.79968	8.34167	
2.79938	8.34198	
2.80487	8.34198	
2.79968	8.34167	
2.80029	8.34198	
2.79755	8.34229	
2.79388	8.34229	
2.80029	8.34198	
2.80151	8.34229	
2.79907	8.3429	
2.80121	8.34198	
2.79938	8.34167	
2.79724	8.34167	
2.80029	8.34229	
2.80121	8.34259	
2.80548	8.34229	
2.80121	8.34229	
2.79846	8.34229	
2.79724	8.34198	
2.79999	8.34259	
2.79999	8.34198	
2.80457	8.34198	
2.80151	8.3429	
2.80121	8.34167	
2.80121	8.34198	
2.79999	8.34229	
2.8006	8.34198	
2.80365	8.34229	
2.79968	8.34167	
2.79907	8.3429	
2.79816	8.34229	
2.79785	8.34229	
2.8006	8.34259	
2.8009	8.34167	
2.80365	8.3429	
2.79602	8.34198	
2.80212	8.34229	
2.8009	8.34229	
2.8006	8.34167	
2.80029	8.34229	
2.80548	8.34259	
2.79938	8.34229	
2.8006	8.34137	
2.80121	8.34198	
2.80029	8.3429	
2.80151	8.34259	
2.80518	8.34198	
2.8006	8.34229	
2.79846	8.3432	
2.80273	8.34229	
2.80029	8.34259	
2.8009	8.34229	
2.80487	8.34229	
2.80243	8.34167	
2.80212	8.34259	
2.80151	8.34198	
2.80029	8.34229	
2.80029	8.34229	
2.80487	8.3432	
2.79938	8.34198	
2.80182	8.34137	
2.79816	8.34167	
2.80029	8.34198	
2.79968	8.34198	
2.80243	8.34198	
2.79419	8.34167	
2.80243	8.34229	
2.80151	8.34229	
2.79907	8.34167	
2.79938	8.34167	
2.80212	8.34259	
2.79449	8.34259	
2.80304	8.34198	
2.79846	8.34259	
2.8006	8.34198	
2.8006	8.34229	
2.80182	8.34167	
2.80151	8.34259	
2.79785	8.34198	
2.79663	8.34167	
2.80029	8.34229	
2.80548	8.34167	
2.79785	8.34198	
2.79938	8.34198	
2.80121	8.34259	
2.79999	8.34229	
2.80029	8.34198	
2.8064	8.34137	
2.79877	8.34198	
2.79999	8.34198	
2.79816	8.34198	
2.79419	8.34259	
2.80029	8.34167	
2.80426	8.34198	
2.79999	8.34198	
2.80212	8.34229	
2.80151	8.34198	
2.7948	8.34259	
2.79938	8.34137	
2.80121	8.34198	
2.79938	8.34229	
2.8009	8.34229	
2.8009	8.34259	
2.79999	8.34229	
2.79968	8.34167	
2.8006	8.34259	
2.80396	8.34229	
2.8006	8.34167	
2.79846	8.34229	
2.80304	8.34229	
2.79999	8.34229	
2.80182	8.34137	
2.79816	8.34259	
2.80121	8.34259	
2.79816	8.34198	
2.79846	8.34167	
2.80029	8.34229	
2.80426	8.3429	
2.79755	8.34229	
2.79816	8.34229	
2.79785	8.34198	
2.79999	8.3429	
2.79968	8.34167	
2.80365	8.34229	
2.8006	8.3429	
2.8009	8.34229	
2.80212	8.34229	
2.79907	8.34167	
2.79999	8.34167	
2.79938	8.34167	
2.80121	8.34259	
2.79694	8.34137	
2.79999	8.34229	
2.79999	8.34259	
2.80518	8.34229	
2.79388	8.34167	
2.8009	8.3429	
2.79663	8.34167	
2.79938	8.34229	
2.79999	8.3429	
2.79968	8.34259	
2.8006	8.34229	
2.80182	8.34229	
2.79724	8.34198	
2.80029	8.34198	
2.79999	8.34229	
2.80487	8.34198	
2.80151	8.34167	
2.79694	8.34198	
2.79572	8.34106	
2.79938	8.34229	
2.80029	8.34198	
2.80304	8.34229	
2.79938	8.34229	
2.79663	8.34198	
2.79999	8.34198	
2.79968	8.34198	
2.8006	8.34167	
2.79724	8.34167	
2.80029	8.34229	
2.79694	8.34198	
2.79327	8.34137	
2.79785	8.34167	
2.8009	8.34198	
2.79816	8.34229	
2.79785	8.34106	
2.79633	8.34167	
2.79266	8.34259	
2.79877	8.34198	
2.79968	8.3429	
2.79724	8.34198	
2.79999	8.34259	
2.79907	8.34198	
2.80151	8.34259	
2.79907	8.34229	
2.79938	8.34229	
2.79663	8.34229	
2.79877	8.34198	
2.79968	8.34259	
2.79755	8.34167	
2.79907	8.34259	
2.8006	8.34259	
2.79358	8.34167	
2.80151	8.34137	
2.80182	8.34259	
2.79816	8.34198	
2.79907	8.34229	
2.80426	8.34229	
2.7951	8.34198	
2.79785	8.34137	
2.79694	8.34259	
2.79907	8.34229	
2.79968	8.34229	
2.79938	8.34229	
2.8006	8.34198	
2.79907	8.34259	
2.79724	8.34198	
2.79968	8.34259	
2.80151	8.3429	
2.79999	8.3429	
2.79694	8.34198	
2.79877	8.34198	
2.79877	8.34198	
2.80212	8.34229	
2.79785	8.34229	
2.79877	8.34198	
2.80273	8.34229	
2.79358	8.34229	
2.79938	8.34229	
2.80426	8.34229	
2.79449	8.34198	
2.79755	8.34198	
2.8006	8.34198	
2.79968	8.34198	
2.80029	8.34198	
2.80365	8.34198	
2.79968	8.34229	
2.79816	8.34198	
2.79755	8.34198	
2.79999	8.34198	
2.79999	8.34229	
2.79846	8.34259	
2.79907	8.34229	
2.80121	8.3429	
2.79968	8.34229	
2.79846	8.34198	
2.80365	8.34229	
2.80121	8.34229	
2.8009	8.34229	
2.79755	8.34167	
2.79877	8.34137	
2.80304	8.34229	
2.79694	8.34229	
2.80273	8.34229	
2.80151	8.34229	
2.79907	8.34259	
2.79938	8.34229	
2.80334	8.34198	
2.8006	8.34229	
2.79907	8.34167	
2.80273	8.34229	
2.79968	8.34198	
2.80029	8.34198	
2.79999	8.34229	
2.79877	8.34167	
2.79816	8.34198	
2.79999	8.34198	
2.79816	8.34229	
2.80396	8.34229	
2.80029	8.34167	
2.79968	8.34229	
2.80334	8.34229	
2.79938	8.34167	
2.79968	8.34167	
2.80182	8.34198	
2.80151	8.34198	
2.79755	8.34167	
2.79449	8.34167	
2.79968	8.34198	
2.80396	8.34229	
2.79419	8.34167	
2.80243	8.34167	
2.79785	8.34198	
2.80029	8.34198	
2.79999	8.34137	
2.80396	8.34198	
2.8009	8.34137	
2.80212	8.34198	
2.7948	8.34198	
2.79938	8.34137	
2.80426	8.34106	
2.79602	8.34167	
2.79816	8.34167	
2.79999	8.34137	
2.8006	8.34229	
2.79907	8.34198	
2.80151	8.34106	
2.79999	8.34137	
2.8009	8.34198	
2.79938	8.34229	
2.79419	8.34167	
2.79999	8.34198	
2.8006	8.34137	
2.80182	8.34198	
2.80029	8.34106	
2.79816	8.34167	
2.79877	8.34167	
2.79968	8.34198	
2.79938	8.34229	
2.80029	8.34198	
2.80121	8.34106	
2.79907	8.34167	
2.80151	8.34229	
2.79938	8.34198	
2.80029	8.34198	
2.80273	8.34229	
2.80121	8.34198	
2.80029	8.34198	
2.79907	8.34167	
2.79907	8.34229	
2.8009	8.34167	
2.79877	8.34198	
2.79999	8.34259	
2.79999	8.34229	
2.79907	8.34167	
2.8006	8.34137	
2.80426	8.34167	
2.80121	8.34198	
2.80121	8.34167	
2.8009	8.34106	
2.79968	8.34198	
2.80029	8.34229	
2.79785	8.34229	
2.79816	8.34167	
2.79724	8.34198	
2.79602	8.34167	
2.79968	8.34137	
2.80396	8.34259	
2.79846	8.34167	
2.80212	8.34137	
2.80334	8.34137	
2.79907	8.34229	
2.79968	8.34198	
2.80426	8.3429	
2.79907	8.34259	
2.79846	8.34167	
2.79724	8.34198	
2.79449	8.34076	
2.79938	8.34198	
2.80212	8.34167	
2.79907	8.34137	
2.79877	8.34167	
2.8006	8.34137	
2.79968	8.34167	
2.79968	8.34198	
2.80457	8.34229	
2.79877	8.34167	
2.79846	8.34137	
2.80029	8.34259	
2.80243	8.34167	
2.79968	8.34167	
2.79907	8.34137	
2.80029	8.34198	
2.79999	8.34198	
2.80029	8.34167	
2.8009	8.34229	
2.79846	8.34167	
2.79816	8.34198	
2.80334	8.34167	
2.79877	8.34137	
2.79907	8.34198	
2.79968	8.34167	
2.79816	8.34167	
2.80029	8.34137	
2.79694	8.34167	
2.80029	8.34198	
2.8009	8.34198	
2.79327	8.34076	
2.79907	8.34137	
2.80243	8.34229	
2.79785	8.34198	
2.79816	8.34106	
2.79724	8.34137	
2.79449	8.34137	
2.79846	8.34137	
2.80212	8.34229	
2.79877	8.34167	
2.79877	8.34229	
2.79633	8.34198	
2.7948	8.34198	
2.79938	8.3432	
2.79877	8.34229	
2.79846	8.34229	
2.8006	8.34167	
2.80151	8.34198	
2.79449	8.34259	
2.79846	8.34167	
2.79938	8.34229	
2.79846	8.34167	
2.79907	8.34259	
2.80212	8.34229	
2.79938	8.34198	
2.79968	8.34198	
2.80426	8.3429	
2.79938	8.34229	
2.79846	8.34137	
2.79633	8.3432	
2.79297	8.34198	
2.79816	8.34229	
2.80151	8.34198	
2.79846	8.3429	
2.79724	8.3429	
2.79724	8.34198	
2.79846	8.34198	
2.79846	8.34229	
2.80426	8.34198	
2.79633	8.34137	
2.79999	8.34229	
2.80121	8.34259	
2.79846	8.34167	
2.79907	8.34167	
2.80396	8.34259	
2.79785	8.34259	
2.79663	8.34198	
2.79633	8.34229	
2.79785	8.34229	
2.79938	8.34229	
2.80365	8.34198	
2.79358	8.34229	
2.79999	8.34229	
2.79633	8.34229	
2.79846	8.34259	
2.79846	8.34198	
2.80273	8.3429	
2.79816	8.34259	
2.79785	8.34259	
2.80029	8.34229	
2.79938	8.34229	
2.79938	8.3429	
2.79785	8.34167	
2.79846	8.34198	
2.79663	8.34229	
2.79358	8.34198	
2.79816	8.34198	
2.79938	8.34198	
2.79999	8.34167	
2.80029	8.34259	
2.8006	8.34198	
2.79999	8.3432	
2.79907	8.34229	
2.80029	8.3429	
2.79663	8.34198	
2.8006	8.34198	
2.79694	8.34167	
2.79297	8.34198	
2.79816	8.34167	
2.79999	8.34259	
2.79907	8.34198	
2.79785	8.34167	
2.79938	8.34198	
2.79907	8.34198	
2.79846	8.34198	
2.80365	8.34259	
2.79968	8.3429	
2.79846	8.34198	
2.79358	8.34229	
2.79755	8.34259	
2.80334	8.34259	
2.79388	8.34259	
2.79663	8.34229	
2.80212	8.3429	
2.79846	8.34229	
2.80029	8.34229	
2.79755	8.34229	
2.8006	8.34198	
2.79968	8.34229	
2.79755	8.34259	
2.79877	8.34259	
2.80151	8.34229	
2.79755	8.34198	
2.8009	8.34198	
2.79907	8.34229	
2.79938	8.34229	
2.80334	8.34229	
2.79877	8.34198	
2.80121	8.34259	
2.79846	8.34167	
2.79907	8.34137	
2.79968	8.34259	
2.80304	8.34198	
2.8009	8.34167	
2.79877	8.34229	
2.79968	8.34167	
2.79968	8.3429	
2.79999	8.34259	
2.79785	8.34167	
2.79907	8.34198	
2.79816	8.34198	
2.79449	8.34259	
2.79938	8.34229	
2.80151	8.3429	
2.79999	8.34229	
2.79968	8.34259	
2.80243	8.34229	
2.79907	8.34198	
2.80243	8.34259	
2.79388	8.34198	
2.79755	8.34229	
2.80182	8.34229	
2.79877	8.34198	
2.80121	8.34198	
2.79633	8.34229	
2.79724	8.34229	
2.80212	8.34259	
2.79907	8.34229	
2.79938	8.34259	
2.80212	8.34259	
2.79938	8.34229	
2.79846	8.34229	
2.79968	8.34229	
2.79907	8.34259	
2.79999	8.34229	
2.79785	8.34198	
2.79968	8.34229	
2.79663	8.34259	
2.79999	8.34198	
2.79877	8.34198	
2.80182	8.34229	
2.79724	8.34198	
2.79999	8.34229	
2.80029	8.34076	
2.79877	8.34198	
2.79968	8.34137	
2.79694	8.34167	
2.79755	8.34167	
2.80121	8.34259	
2.79968	8.34167	
2.79907	8.34198	
2.80182	8.34229	
2.79297	8.34167	
2.80182	8.34167	
2.79938	8.34229	
2.79846	8.34198	
2.79907	8.34198	
2.80334	8.34198	
2.8006	8.34229	
2.79663	8.34167	
2.79572	8.34167	
2.79846	8.34198	
2.80121	8.34167	
2.79907	8.34167	
2.79999	8.34198	
2.79358	8.34167	
2.79846	8.34198	
2.80396	8.3429	
2.79327	8.34167	
2.8006	8.34198	
2.79572	8.34167	
2.79938	8.34229	
2.79968	8.34137	
2.80182	8.34167	
2.79968	8.34167	
2.79907	8.34229	
2.79816	8.34229	
2.79846	8.34137	
2.80273	8.34198	
2.79449	8.34198	
2.79724	8.34198	
2.80151	8.34167	
2.79785	8.34198	
2.80243	8.34198	
2.79358	8.34198	
2.79633	8.34229	
2.79694	8.34229	
2.79816	8.34106	
2.79938	8.34229	
2.79846	8.34167	
2.8009	8.34198	
2.79907	8.34137	
2.79816	8.34137	
2.79877	8.34259	
2.79999	8.34198	
2.79846	8.34198	
2.79663	8.34167	
2.79816	8.34167	
2.79755	8.34198	
2.80212	8.34198	
2.79175	8.34167	
2.79602	8.34259	
2.79846	8.34198	
2.79846	8.34167	
2.79907	8.34198	
2.79663	8.34137	
2.80029	8.34198	
2.79938	8.34198	
2.79785	8.34198	
2.79724	8.34198	
2.80334	8.34198	
2.79938	8.34167	
2.79846	8.34167	
2.79541	8.34229	
2.79816	8.34229	
2.80151	8.34198	
2.79877	8.34229	
2.79938	8.34167	
2.79449	8.34198	
2.79755	8.34229	
2.80304	8.34259	
2.79633	8.34198	
2.8009	8.3429	
2.79541	8.34198	
2.79755	8.34137	
2.8009	8.34198	
2.79907	8.34167	
2.79724	8.34198	
2.79846	8.3429	
2.79846	8.34137	
2.79572	8.34137	
2.79633	8.34167	
2.79968	8.34137	
2.79724	8.34167	
2.79907	8.34167	
2.80121	8.34167	
2.79938	8.34167	
2.79724	8.34229	
2.79388	8.34198	
2.79785	8.34198	
2.8006	8.34259	
2.79999	8.34198	
2.79694	8.34198	
2.79541	8.34137	
2.79785	8.34167	
2.80304	8.34198	
2.79358	8.34198	
2.8009	8.34198	
2.79602	8.34167	
2.79785	8.34198	
2.79938	8.34198	
2.79999	8.34198	
2.79999	8.34229	
2.79541	8.34076	
2.79297	8.34137	
2.79816	8.34198	
2.80273	8.34198	
2.79663	8.34198	
2.79877	8.34198	
2.79785	8.34076	
2.79816	8.34106	
2.79968	8.34229	
2.79785	8.34259	
2.79968	8.34167	
2.79633	8.34137	
2.79816	8.34198	
2.79877	8.34137	
2.79633	8.34167	
2.79663	8.34106	
2.8009	8.34167	
2.79785	8.34229	
2.79785	8.34198	
2.80151	8.34259	
2.79755	8.34229	
2.79907	8.34167	
2.79877	8.34229	
2.79724	8.34167	
2.80304	8.34137	
2.79968	8.34198	
2.79999	8.34167	
2.8009	8.34259	
2.79755	8.34198	
2.80273	8.34167	
2.79816	8.34229	
2.79938	8.34229	
2.79633	8.34167	
2.79877	8.34229	
2.79877	8.34167	
2.79724	8.34229	
2.79907	8.34198	
2.79785	8.34137	
2.79755	8.34198	
2.79938	8.34137	
2.80182	8.34137	
2.79877	8.34229	
2.80182	8.34137	
2.79816	8.34167	
2.79816	8.34259	
2.80151	8.34198	
2.79755	8.34198	
2.8009	8.34167	
2.79877	8.34198	
2.79816	8.34137	
2.8009	8.34167	
2.8006	8.34167	
2.80182	8.34259	
2.79785	8.34198	
2.79938	8.34167	
2.79694	8.34167	
2.79938	8.34229	
2.79602	8.34229	
2.79877	8.34198	
2.79938	8.34167	
2.79266	8.34229	
2.79663	8.34229	
2.8006	8.34198	
2.79816	8.34198	
2.80121	8.34198	
2.79449	8.34137	
2.8006	8.34229	
2.79694	8.34167	
2.79816	8.34167	
2.80121	8.34137	
2.79816	8.34198	
2.80151	8.34229	
2.79694	8.34167	
2.79877	8.34229	
2.80304	8.34167	
2.79694	8.34198	
2.79785	8.34198	
2.80151	8.34167	
2.79785	8.34259	
2.80121	8.34259	
2.80029	8.34137	
2.80121	8.34198	
2.79816	8.34198	
2.79938	8.34167	
2.79785	8.34106	
2.80029	8.34137	
2.8006	8.34137	
2.79846	8.3429	
2.79968	8.34198	
2.79785	8.34106	
2.80029	8.34229	
2.79602	8.34167	
2.79846	8.34167	
2.80029	8.34229	
2.7948	8.34137	
2.79694	8.34137	
2.80029	8.34229	
2.79724	8.34198	
2.80029	8.34167	
2.79572	8.34167	
2.79694	8.34167	
2.79755	8.34229	
2.79877	8.34229	
2.80304	8.34167	
2.79297	8.34198	
2.79877	8.34167	
2.8006	8.34229	
2.79816	8.34167	
2.80396	8.34259	
2.79358	8.34167	
2.80121	8.34229	
2.79388	8.34137	
2.79724	8.34229	
2.80182	8.34198	
2.79877	8.34229	
2.80029	8.34106	
2.79541	8.34229	
2.79846	8.34198	
2.80304	8.34229	
2.79327	8.34259	
2.79694	8.34167	
2.79785	8.34198	
2.79816	8.34198	
2.80243	8.34229	
2.79236	8.34198	
2.79907	8.34167	
2.79633	8.34198	
2.79816	8.34167	
2.80273	8.34167	
2.79968	8.34229	
2.79694	8.34198	
2.79755	8.34229	
2.79938	8.34198	
2.79633	8.34198	
2.79816	8.34167	
2.7951	8.34167	
2.79694	8.34259	
2.80304	8.34198	
2.7948	8.34229	
2.8006	8.34198	
2.79236	8.34198	
2.79724	8.34167	
2.80182	8.34198	
2.79205	8.34076	
2.79694	8.34106	
2.8006	8.34259	
2.79755	8.34229	
2.80365	8.34198	
2.79175	8.34106	
2.79572	8.3429	
2.8009	8.34137	
2.79724	8.34167	
2.79877	8.34229	
2.79572	8.34167	
2.79907	8.34229	
2.79968	8.34198	
2.79694	8.34137	
2.80029	8.34229	
2.79663	8.34167	
2.80029	8.34198	
2.79572	8.34167	
2.79816	8.34167	
2.79999	8.34259	
2.79175	8.34137	
2.79907	8.34198	
2.8006	8.34198	
2.79694	8.34137	
2.80121	8.34229	
2.79907	8.34198	
2.79968	8.34198	
2.79144	8.34229	
2.79724	8.34198	
2.80182	8.34167	
2.79602	8.34106	
2.79724	8.34167	
2.79755	8.34198	
2.79785	8.34198	
2.8009	8.34198	
2.79877	8.34167	
2.80029	8.34198	
2.79388	8.34198	
2.79724	8.34259	
2.79602	8.34229	
2.79572	8.34229	
2.79663	8.34167	
2.79724	8.34198	
2.79816	8.34198	
2.79724	8.34198	
2.79999	8.34229	
2.7951	8.34229	
2.79724	8.34198	
2.80182	8.34198	
2.79785	8.34137	
2.79633	8.34167	
2.79419	8.34259	
2.79755	8.34198	
2.80212	8.34198	
2.79877	8.34167	
2.79602	8.34167	
2.79663	8.34137	
2.79755	8.34106	
2.8006	8.34229	
2.79907	8.34198	
2.8009	8.34259	
2.79816	8.34167	
2.79816	8.34198	
2.79633	8.34167	
2.79724	8.34137	
2.79968	8.34259	
2.79724	8.34229	
2.79968	8.34198	
2.79724	8.3429	
2.79541	8.34229	
2.8006	8.34259	
2.79694	8.34198	
2.80243	8.34167	
2.79297	8.34167	
2.79694	8.34106	
2.79633	8.34259	
2.79816	8.34198	
2.8006	8.34229	
2.79938	8.34167	
2.79816	8.34198	
2.79785	8.34229	
2.79724	8.34198	
2.79724	8.34198	
2.79877	8.34198	
2.79633	8.34167	
2.79785	8.34198	
2.80365	8.34229	
2.79724	8.34167	
2.79907	8.3429	
2.79724	8.34167	
2.79816	8.34167	
2.8009	8.34167	
2.79816	8.34198	
2.79968	8.34167	
2.79846	8.34229	
2.79846	8.34106	
2.79297	8.34137	
2.79694	8.34137	
2.79236	8.34106	
2.79846	8.34198	
2.8009	8.34229	
2.8006	8.34137	
2.80029	8.34167	
2.79846	8.34167	
2.79846	8.34137	
2.79724	8.34106	
2.79999	8.34198	
2.79602	8.34137	
2.79785	8.34167	
2.80273	8.34198	
2.79449	8.34167	
2.80212	8.34229	
2.8006	8.34167	
2.79785	8.34167	
2.80487	8.34259	
2.79968	8.34137	
2.79602	8.34137	
2.79907	8.34198	
2.79877	8.34198	
2.79694	8.34167	
2.79663	8.34198	
2.79877	8.34259	
2.79846	8.34259	
2.79846	8.34198	
2.79694	8.34229	
2.79785	8.34198	
2.79785	8.34137	
2.79846	8.34229	
2.80151	8.34167	
2.80029	8.34198	
2.8009	8.34198	
2.79816	8.34137	
2.79846	8.34229	
2.80029	8.34167	
2.79846	8.34229	
2.79541	8.34198	
2.79877	8.34198	
2.80365	8.34167	
2.79999	8.34198	
2.8006	8.34198	
2.79846	8.34198	
2.79785	8.34167	
2.80243	8.34198	
2.79907	8.34259	
2.80121	8.34167	
2.79297	8.34167	
2.79816	8.34106	
2.80151	8.34198	
2.79999	8.34198	
2.79602	8.34167	
2.79877	8.34198	
2.79877	8.34229	
2.79663	8.34106	
2.79846	8.34137	
2.79694	8.34076	
2.79694	8.34198	
2.8006	8.3429	
2.79327	8.34167	
2.79785	8.34229	
2.79358	8.34106	
2.79785	8.34167	
2.79968	8.34167	
2.79755	8.34076	
2.79938	8.34137	
2.79816	8.34198	
2.79724	8.34198	
2.80151	8.34229	
2.79968	8.34167	
2.79724	8.34167	
2.79816	8.34137	
2.79816	8.34137	
2.79602	8.34167	
2.79724	8.34167	
2.79999	8.34198	
2.79907	8.34229	
2.79877	8.34167	
2.79663	8.34167	
2.79633	8.34198	
2.79541	8.34229	
2.79846	8.34167	
2.79663	8.34259	
2.80151	8.34229	
2.79877	8.34167	
2.7951	8.34198	
2.79785	8.34198	
2.79816	8.34137	
2.79663	8.34137	
2.79999	8.34167	
2.79602	8.34198	
2.79694	8.34198	
2.79816	8.34137	
2.79663	8.34229	
2.8006	8.34198	
2.79694	8.34106	
2.79694	8.34198	
2.80212	8.34198	
2.79541	8.34137	
2.79572	8.34167	
2.80121	8.34137	
2.79694	8.34198	
2.80334	8.34167	
2.79633	8.34229	
2.8006	8.34167	
2.79175	8.34106	
2.79663	8.34106	
2.80212	8.34137	
2.79846	8.34137	
2.79938	8.34198	
2.79724	8.34229	
2.79907	8.34229	
2.79633	8.34137	
2.79816	8.34198	
2.79724	8.34259	
2.79785	8.34198	
2.79877	8.34198	
2.79236	8.34198	
2.79724	8.34167	
2.79083	8.34198	
2.79755	8.34198	
2.79968	8.34229	
2.79602	8.34167	
2.79602	8.34229	
2.79816	8.34229	
2.79663	8.34137	
2.8006	8.34229	
2.79602	8.34167	
2.79999	8.34198	
2.79205	8.34198	
2.79633	8.34167	
2.80182	8.34229	
2.79419	8.34198	
2.7951	8.34137	
2.79694	8.34229	
2.79663	8.34198	
2.80151	8.34198	
2.79846	8.34106	
2.79968	8.34167	
2.79144	8.34229	
2.79816	8.34198	
2.79968	8.34137	
2.79846	8.34167	
2.79877	8.34229	
2.79694	8.34198	
2.79816	8.34167	
2.7951	8.34167	
2.79755	8.34198	
2.79816	8.34198	
2.79755	8.34229	
2.79999	8.34198	
2.79572	8.34259	
2.79938	8.34229	
2.79785	8.34198	
2.79724	8.34167	
2.79816	8.34137	
2.79114	8.34198	
2.79877	8.34137	
2.79114	8.34229	
2.79785	8.34167	
2.79999	8.34229	
2.79663	8.34198	
2.79999	8.34229	
2.79083	8.34198	
2.79724	8.34198	
2.79999	8.34198	
2.79694	8.34198	
2.79968	8.34167	
2.79144	8.34167	
2.79694	8.34229	
2.8006	8.34229	
2.79846	8.34229	
2.79938	8.34229	
2.79175	8.34167	
2.7951	8.34229	
2.80029	8.3429	
2.79449	8.34137	
2.79602	8.34167	
2.79846	8.34106	
2.79663	8.34198	
2.79816	8.34167	
2.79602	8.34137	
2.79602	8.34229	
2.79602	8.34229	
2.79663	8.34137	
2.79755	8.34137	
2.79236	8.34198	
2.79724	8.34137	
2.79755	8.34198	
2.79694	8.34198	
2.80243	8.34167	
2.79205	8.34167	
2.79724	8.34229	
2.79205	8.34198	
2.79724	8.34229	
2.79968	8.34229	
2.79816	8.34259	
2.79572	8.34137	
2.79694	8.34198	
2.79816	8.34198	
2.8009	8.34167	
2.79816	8.34198	
2.79663	8.34137	
2.79572	8.34167	
2.79785	8.34229	
2.80151	8.34198	
2.79938	8.34167	
2.8006	8.34229	
2.79785	8.34198	
2.79846	8.34198	
2.79572	8.34167	
2.79694	8.34137	
2.7951	8.34137	
2.79785	8.34229	
2.79816	8.34229	
2.79327	8.34229	
2.79602	8.34106	
2.79846	8.34229	
2.79755	8.34137	
2.8006	8.34229	
2.79877	8.34198	
2.7951	8.34167	
2.79694	8.34259	
2.79694	8.34229	
2.79694	8.34167	
2.79633	8.34198	
2.79633	8.34167	
2.79755	8.34198	
2.79816	8.34229	
2.79816	8.34198	
2.79816	8.34137	
2.79572	8.34137	
2.79724	8.34198	
2.79816	8.34198	
2.79663	8.34167	
2.79572	8.34167	
2.8006	8.34229	
2.79785	8.34167	
2.79877	8.34198	
2.79663	8.34198	
2.79999	8.34167	
2.79938	8.34198	
2.79755	8.34167	
2.80273	8.34198	
2.79938	8.34198	
2.79999	8.34137	
2.79205	8.34167	
2.79755	8.34198	
2.79999	8.34198	
2.79907	8.34106	
2.79541	8.34229	
2.79785	8.34167	
2.79938	8.34137	
2.79663	8.34198	
2.79999	8.34198	
2.79541	8.34167	
2.79785	8.34229	
2.80304	8.34137	
2.79846	8.34198	
2.7948	8.34167	
2.79755	8.34167	
2.79968	8.34198	
2.79266	8.34167	
2.79572	8.34167	
2.79205	8.34167	
2.79663	8.34229	
2.79633	8.34137	
2.79602	8.34167	
2.79724	8.34198	
2.79694	8.34167	
2.80273	8.34229	
2.79907	8.34167	
2.79633	8.34229	
2.79694	8.34198	
2.79877	8.34167	
2.79724	8.34167	
2.80029	8.34045	
2.8006	8.34198	
2.79785	8.34198	
2.79938	8.34229	
2.79846	8.34167	
2.79449	8.34137	
2.79663	8.34137	
2.79877	8.34229	
2.79633	8.34137	
2.79999	8.34259	
2.79541	8.34167	
2.79724	8.34137	
2.79785	8.34106	
2.79633	8.34137	
2.79755	8.34167	
2.79572	8.34167	
2.79785	8.34167	
2.79816	8.34198	
2.79541	8.34167	
2.79633	8.34167	
2.79541	8.34229	
2.79694	8.34198	
2.79968	8.34167	
2.79297	8.34167	
2.79999	8.34259	
2.79999	8.34229	
2.79724	8.34137	
2.79907	8.34137	
2.79205	8.34198	
2.7951	8.34229	
2.7951	8.34167	
2.79785	8.34229	
2.80151	8.34259	
2.79541	8.34167	
2.79633	8.34137	
2.79175	8.34167	
2.79663	8.34229	
2.8006	8.34229	
2.79785	8.34198	
2.79663	8.34167	
2.79755	8.34167	
2.79755	8.34198	
2.79968	8.34198	
2.7951	8.34198	
2.79968	8.34229	
2.79724	8.34198	
2.79694	8.34167	
2.79846	8.34259	
2.79724	8.34167	
2.79999	8.3429	
2.79633	8.34259	
2.79724	8.34198	
2.7951	8.34106	
2.79602	8.34198	
2.79968	8.34167	
2.79633	8.34198	
2.79633	8.34229	
2.79602	8.34259	
2.79602	8.34229	
2.79572	8.34198	
2.79633	8.34137	
2.79968	8.34198	
2.79877	8.34229	
2.79724	8.34229	
2.79633	8.34259	
2.79907	8.34198	
2.79144	8.34137	
2.79968	8.34137	
2.79663	8.34198	
2.79694	8.34198	
2.7951	8.34229	
2.79846	8.34137	
2.79694	8.34198	
2.79572	8.34167	
2.79999	8.34198	
2.79144	8.34198	
2.79724	8.34167	
2.79236	8.34137	
2.79663	8.34198	
2.79877	8.34137	
2.79846	8.34198	
2.79999	8.34229	
2.79633	8.34137	
2.79602	8.34076	
2.7948	8.34167	
2.79694	8.34137	
2.79877	8.34167	
2.79602	8.34167	
2.79694	8.34137	
2.79449	8.34167	
2.79938	8.34167	
2.79968	8.34198	
2.79633	8.34198	
2.80304	8.34198	
2.79633	8.34198	
2.79877	8.34198	
2.79663	8.34137	
2.79633	8.34137	
2.80212	8.34259	
2.79541	8.34106	
2.79938	8.34076	
2.79694	8.34137	
2.79694	8.34076	
2.79541	8.34167	
2.79785	8.34137	
2.79694	8.34106	
2.79572	8.34167	
2.80182	8.34137	
2.79083	8.34076	
2.79724	8.34106	
2.79114	8.34045	
2.79694	8.34167	
2.79907	8.34045	
2.79785	8.34137	
2.79938	8.34167	
2.79663	8.34137	
2.79755	8.34076	
2.79663	8.34167	
2.79907	8.34137	
2.79816	8.34106	
2.79633	8.34198	
2.80212	8.34137	
2.79449	8.34106	
2.79907	8.34167	
2.79663	8.34137	
2.79633	8.34167	
2.79907	8.34198	
2.79694	8.34198	
2.7948	8.34137	
2.79694	8.34167	
2.79694	8.34167	
2.79114	8.34167	
2.79572	8.34137	
2.79297	8.34106	
2.79694	8.34198	
2.80121	8.34198	
2.79663	8.34137	
2.79694	8.34076	
2.79694	8.34137	
2.79938	8.34167	
2.79297	8.34167	
2.79938	8.34198	
2.79602	8.34137	
2.79633	8.34106	
2.7948	8.34106	
2.79572	8.34106	
2.7951	8.34106	
2.79694	8.34198	
2.80121	8.34137	
2.79175	8.34137	
2.79663	8.34167	
2.79968	8.34259	
2.79633	8.34137	
2.80273	8.34198	
2.79724	8.34137	
2.79968	8.34167	
2.79327	8.34045	
2.79694	8.34198	
2.79633	8.34106	
2.79602	8.34167	
2.8009	8.34167	
2.79663	8.34167	
2.79785	8.34106	
2.79541	8.34229	
2.79816	8.34137	
2.7951	8.34198	
2.79755	8.34076	
2.80151	8.34167	
2.79358	8.34076	
2.80029	8.34106	
2.79602	8.34106	
2.79846	8.34167	
2.79694	8.34137	
2.79907	8.34167	
2.80029	8.34076	
2.79694	8.34167	
2.80029	8.34229	
2.7951	8.34106	
2.79633	8.34167	
2.79144	8.34137	
2.79724	8.34137	
2.8009	8.34137	
2.79816	8.34167	
2.80029	8.34167	
2.79694	8.34167	
2.79846	8.34137	
2.79663	8.34076	
2.79968	8.34167	
2.79999	8.34229	
2.79633	8.34167	
2.80243	8.34167	
2.79755	8.34167	
2.79541	8.34137	
2.80029	8.34198	
2.79663	8.34167	
2.80243	8.34106	
2.79907	8.34137	
2.79968	8.34137	
2.7951	8.34137	
2.79724	8.34137	
2.80212	8.34167	
2.79999	8.34198	
2.79572	8.34106	
2.79724	8.34167	
2.79785	8.34076	
2.79541	8.34076	
2.79968	8.34198	
2.79938	8.34076	
2.79633	8.34167	
2.80273	8.34137	
2.7948	8.34137	
2.79968	8.34167	
2.79572	8.34076	
2.79602	8.34167	
2.7951	8.34076	
2.79663	8.34167	
2.79999	8.34198	
2.79724	8.34167	
2.8006	8.34137	
2.79785	8.34229	
2.7951	8.34076	
2.79694	8.34198	
2.79816	8.34137	
2.79633	8.34106	
2.79724	8.34137	
2.79999	8.34198	
2.79633	8.34167	
2.79938	8.34229	
2.79816	8.34167	
2.79602	8.34167	
2.79694	8.34229	
2.79724	8.34167	
2.79663	8.34137	
2.79938	8.34167	
2.79694	8.34137	
2.79633	8.34076	
2.80182	8.34106	
2.79785	8.34076	
2.79785	8.34198	
2.79694	8.34167	
2.79785	8.34167	
2.79816	8.34106	
2.79602	8.34167	
2.79602	8.34137	
2.79694	8.34198	
2.8006	8.34229	
2.7951	8.34167	
2.79907	8.34167	
2.79572	8.34198	
2.79572	8.34167	
2.79724	8.34167	
2.79541	8.34229	
2.79724	8.34229	
2.7951	8.34198	
2.80182	8.34259	
2.79785	8.34137	
2.79907	8.34198	
2.79449	8.34167	
2.79572	8.34198	
2.79968	8.34229	
2.79663	8.34167	
2.7951	8.34229	
2.79633	8.34229	
2.79694	8.34229	
2.79053	8.34198	
2.79602	8.34137	
2.79449	8.34198	
2.79694	8.34259	
2.79724	8.3432	
2.79602	8.34229	
2.7948	8.34167	
2.7951	8.34198	
2.80151	8.34167	
2.79816	8.34198	
2.79602	8.34198	
2.79633	8.34198	
2.79694	8.34198	
2.79572	8.34167	
2.79694	8.34167	
2.79449	8.34137	
2.79602	8.34229	
2.80121	8.34229	
2.79083	8.34167	
2.7951	8.34167	
2.79572	8.34198	
2.79724	8.34229	
2.7948	8.34229	
2.79663	8.3429	
2.79388	8.34167	
2.79602	8.34198	
2.8009	8.34229	
2.79449	8.34167	
2.79785	8.34198	
2.79602	8.34198	
2.79541	8.34198	
2.79419	8.34167	
2.79694	8.34167	
2.79938	8.34229	
2.79663	8.34229	
2.79938	8.34198	
2.79846	8.34167	
2.79785	8.34198	
2.79694	8.34167	
2.79663	8.3429	
2.79602	8.34167	
2.79541	8.34229	
2.79114	8.34137	
2.79602	8.34167	
2.8006	8.34229	
2.79816	8.34229	
2.79602	8.34198	
2.79663	8.34167	
2.79816	8.34229	
2.79175	8.34198	
2.79877	8.34229	
2.79114	8.34137	
2.79602	8.34106	
2.79388	8.34106	
2.79907	8.34198	
2.79816	8.34229	
2.79572	8.34137	
2.79999	8.34198	
2.7948	8.34137	
2.79388	8.34198	
2.79633	8.34137	
2.80121	8.34167	
2.79724	8.34137	
2.79419	8.34076	
2.79663	8.34167	
2.79663	8.34106	
2.79022	8.34167	
2.79755	8.34106	
2.79572	8.34198	
2.79755	8.34137	
2.7948	8.34167	
2.7951	8.34167	
2.79022	8.34198	
2.79694	8.34137	
2.79633	8.34167	
2.79907	8.34076	
2.79999	8.34198	
2.79572	8.34167	
2.79999	8.34167	
2.79755	8.34137	
2.79694	8.34137	
2.79663	8.34076	
2.79938	8.34167	
2.79449	8.34167	
2.79541	8.34137	
2.79633	8.34167	
2.79724	8.34167	
2.79572	8.34137	
2.79663	8.34137	
2.79144	8.34167	
2.79694	8.34167	
2.79968	8.34137	
2.7951	8.34076	
2.79449	8.34167	
2.79633	8.34106	
2.8006	8.34167	
2.79541	8.34106	
2.79907	8.34167	
2.79663	8.34198	
2.80121	8.34167	
2.79663	8.34167	
2.79633	8.34167	
2.79694	8.34198	
2.79663	8.34198	
2.79633	8.34076	
2.79541	8.34137	
2.7948	8.34167	
2.79602	8.34198	
2.79999	8.34076	
2.79449	8.34167	
2.79816	8.34167	
2.79694	8.34137	
2.80151	8.34137	
2.79938	8.34167	
2.79724	8.34198	
2.79694	8.34198	
2.79816	8.34045	
2.7948	8.34198	
2.7948	8.34137	
2.79083	8.34137	
2.79755	8.34137	
2.79999	8.34229	
2.79755	8.34137	
2.79449	8.34167	
2.79663	8.34106	
2.79694	8.34137	
2.79633	8.34106	
2.79907	8.34137	
2.79144	8.34167	
2.79663	8.34198	
2.79663	8.34198	
2.79846	8.34167	
2.79449	8.34167	
2.79602	8.34167	
2.8009	8.34137	
2.79846	8.34137	
2.79877	8.34167	
2.79785	8.34106	
2.80243	8.34198	
2.79846	8.34167	
2.79785	8.34076	
2.79694	8.34167	
2.79755	8.34106	
2.79297	8.34106	
2.79724	8.34167	
2.79724	8.34167	
2.79846	8.34137	
2.79388	8.34167	
2.79907	8.34198	
2.79053	8.34137	
2.79633	8.34198	
2.79938	8.34167	
2.79663	8.34076	
2.80029	8.34137	
2.79633	8.34167	
2.79816	8.34137	
2.79907	8.34137	
2.79388	8.34076	
2.79633	8.34045	
2.79572	8.34167	
2.79572	8.34137	
2.80029	8.34137	
2.79694	8.34167	
2.8006	8.34106	
2.7948	8.34137	
2.79449	8.34167	
2.79663	8.34167	
2.8009	8.34137	
2.79694	8.34167	
2.79449	8.34259	
2.79602	8.34167	
2.80121	8.34137	
2.79724	8.34137	
2.79602	8.34106	
2.79633	8.34137	
2.79663	8.34106	
2.79144	8.34106	
2.79419	8.34198	
2.79022	8.34137	
2.79602	8.34076	
2.7948	8.34198	
2.79816	8.34198	
2.79877	8.34137	
2.79633	8.34167	
2.79907	8.34106	
2.7948	8.34076	
2.79877	8.34198	
2.79602	8.34137	
2.79755	8.34167	
2.79846	8.34259	
2.79846	8.34198	
2.79602	8.34167	
2.79968	8.34137	
2.79663	8.34137	
2.79938	8.34229	
2.79602	8.34198	
2.79938	8.34198	
2.79541	8.34106	
2.79816	8.34167	
2.79633	8.34167	
2.79724	8.34106	
2.79633	8.34167	
2.7951	8.34167	
2.79633	8.34076	
2.79877	8.34137	
2.79663	8.34137	
2.7948	8.34137	
2.79572	8.34229	
2.79999	8.34137	
2.79694	8.34137	
2.79907	8.34198	
2.7948	8.34137	
2.79846	8.34106	
2.79694	8.34167	
2.79755	8.34198	
2.7948	8.34106	
2.79938	8.34106	
2.79419	8.34076	
2.79266	8.34167	
2.7951	8.34076	
2.79449	8.34137	
2.79755	8.34167	
2.79816	8.34106	
2.79572	8.34167	
2.79999	8.34167	
2.79663	8.34198	
2.79419	8.34106	
2.79449	8.34137	
2.80029	8.34137	
2.79694	8.34045	
2.79724	8.34167	
2.7951	8.34198	
2.79602	8.34137	
2.79236	8.34198	
2.79755	8.34167	
2.79572	8.34167	
2.79694	8.34137	
2.79297	8.34137	
2.79388	8.34137	
2.79572	8.34106	
2.79572	8.34167	
2.79297	8.34198	
2.79755	8.34167	
2.79541	8.34106	
2.79694	8.34137	
2.7948	8.34137	
2.79572	8.34167	
2.79327	8.34167	
2.79633	8.34106	
2.78992	8.34167	
2.79694	8.34076	
2.79633	8.34106	
2.79633	8.34137	
2.79022	8.34198	
2.79785	8.34167	
2.78992	8.34106	
2.79633	8.34076	
2.7948	8.34106	
2.79846	8.34137	
2.79846	8.34106	
2.79633	8.34198	
2.79968	8.34106	
2.79663	8.34198	
2.79419	8.34106	
2.7951	8.34137	
2.79724	8.34167	
2.79083	8.34076	
2.79663	8.34137	
2.79236	8.34137	
2.79633	8.34106	
2.8009	8.34167	
2.79694	8.34167	
2.79877	8.34198	
2.79724	8.34198	
2.80151	8.34167	
2.79755	8.34167	
2.79358	8.34137	
2.79633	8.34167	
2.79907	8.34137	
2.78961	8.34045	
2.79816	8.34076	
2.79572	8.34076	
2.79785	8.34198	
2.79236	8.34106	
2.79602	8.34106	
2.79449	8.34106	
2.79785	8.34198	
2.79388	8.34106	
2.79633	8.34106	
2.7951	8.34137	
2.79633	8.34167	
2.79633	8.34106	
2.79388	8.34137	
2.79053	8.34167	
2.79541	8.34167	
2.79541	8.34198	
2.79816	8.34137	
2.79907	8.34167	
2.79633	8.34198	
2.79449	8.34076	
2.79846	8.34137	
2.79144	8.34167	
2.79572	8.34167	
2.79968	8.34167	
2.79816	8.34106	
2.79419	8.34137	
2.79572	8.34137	
2.79877	8.34106	
2.79572	8.34137	
2.79846	8.34137	
2.79602	8.34198	
2.8009	8.34259	
2.79785	8.34137	
2.79602	8.34137	
2.7951	8.34137	
2.79999	8.34229	
2.7951	8.34167	
2.79358	8.34167	
2.79663	8.34167	
2.79999	8.34167	
2.79694	8.34076	
2.79968	8.34198	
2.7951	8.34167	
2.80121	8.34198	
2.79785	8.34137	
2.79358	8.34137	
2.79724	8.34137	
2.79816	8.34167	
2.79785	8.34106	
2.7951	8.34167	
2.79633	8.34137	
2.79877	8.34137	
2.79724	8.34137	
2.7948	8.34137	
2.79572	8.34045	
2.80029	8.34106	
2.79419	8.34167	
2.79938	8.34137	
2.79663	8.34167	
2.80029	8.34259	
2.7948	8.34106	
2.79968	8.34198	
2.79572	8.34106	
2.79694	8.34137	
2.79785	8.34198	
2.79877	8.34137	
2.79602	8.34229	
2.80029	8.34198	
2.79419	8.34259	
2.79938	8.34137	
2.7951	8.34137	
2.80029	8.34198	
2.79694	8.34198	
2.79388	8.34167	
2.79602	8.34137	
2.79755	8.34106	
2.79022	8.34167	
2.79694	8.34167	
2.78992	8.34106	
2.79663	8.34137	
2.79877	8.34167	
2.79388	8.34198	
2.79388	8.34106	
2.79602	8.34106	
2.79846	8.34167	
2.79572	8.34167	
2.79388	8.34106	
2.7951	8.34076	
2.79633	8.34137	
2.79053	8.34106	
2.79755	8.34167	
2.79572	8.34137	
2.79633	8.34198	
2.79175	8.34137	
2.79755	8.34167	
2.79572	8.34167	
2.79663	8.34229	
2.79358	8.34259	
2.79694	8.34137	
2.79541	8.34167	
2.79602	8.34167	
2.79877	8.34137	
2.79724	8.34198	
2.79785	8.34137	
2.79633	8.34076	
2.80029	8.34137	
2.79694	8.34137	
2.79572	8.34167	
2.79572	8.34167	
2.79816	8.34076	
2.79663	8.34167	
2.7951	8.34137	
2.79602	8.34137	
2.80029	8.34137	
2.79694	8.34137	
2.79816	8.34076	
2.79602	8.34167	
2.79816	8.34137	
2.79633	8.34167	
2.79877	8.34198	
2.79449	8.34167	
2.79968	8.34198	
2.7948	8.34106	
2.79327	8.34167	
2.7951	8.34106	
2.79785	8.34137	
2.79449	8.34229	
2.79602	8.34076	
2.79541	8.34229	
2.79938	8.34137	
2.79449	8.34106	
2.79877	8.34198	
2.79449	8.34137	
2.79419	8.34167	
2.79663	8.34137	
2.79205	8.34137	
2.79541	8.34167	
2.79175	8.34137	
2.79358	8.34137	
2.79053	8.34137	
2.79449	8.34167	
2.79358	8.34167	
2.79846	8.34198	
2.7948	8.34137	
2.79602	8.34137	
2.79388	8.34076	
2.79419	8.34167	
2.7948	8.34076	
2.79785	8.34076	
2.79419	8.34167	
2.79877	8.34198	
2.79449	8.34137	
2.7948	8.34167	
2.79602	8.34198	
2.79144	8.34106	
2.79541	8.34198	
2.79755	8.34167	
2.79572	8.34106	
2.78961	8.34076	
2.7948	8.34137	
2.79388	8.34167	
2.79572	8.34137	
2.79816	8.34198	
2.7948	8.34106	
2.79755	8.34137	
2.79633	8.34198	
2.7948	8.34137	
2.79388	8.34137	
2.79816	8.34137	
2.79663	8.34137	
2.79816	8.34076	
2.7948	8.34076	
2.79907	8.34167	
2.79541	8.34198	
2.79907	8.34137	
2.79541	8.34106	
2.79877	8.34106	
2.79572	8.34137	
2.79175	8.34167	
2.79541	8.34137	
2.79968	8.34167	
2.79663	8.34198	
2.79358	8.34137	
2.7951	8.34167	
2.79999	8.34198	
2.79602	8.34198	
2.79755	8.34137	
2.79541	8.34076	
2.80121	8.34229	
2.79694	8.34198	
2.79236	8.34137	
2.79388	8.34106	
2.79846	8.34137	
2.79297	8.34076	
2.79297	8.34137	
2.7948	8.34198	
2.79907	8.34106	
2.79572	8.34045	
2.7948	8.34106	
2.7948	8.34045	
2.79816	8.34076	
2.78961	8.34076	
2.79755	8.34106	
2.79572	8.34076	
2.79572	8.34167	
2.79022	8.34137	
2.79572	8.34137	
2.7951	8.34076	
2.79419	8.34106	
2.79419	8.34137	
2.79572	8.34076	
2.79602	8.34106	
2.79572	8.34076	
2.79907	8.34137	
2.79724	8.34076	
2.79785	8.34106	
2.79572	8.34076	
2.79572	8.34015	
2.78992	8.34076	
2.79816	8.34076	
2.79541	8.34137	
2.79602	8.34106	
2.79572	8.34137	
2.79419	8.34167	
2.79083	8.34045	
2.7951	8.34137	
2.79663	8.34167	
2.79449	8.34137	
2.79816	8.34167	
2.7948	8.34106	
2.8006	8.34137	
2.79388	8.34076	
2.79541	8.34076	
2.7951	8.34076	
2.79877	8.34167	
2.79694	8.34076	
2.79327	8.34076	
2.7948	8.34137	
2.79938	8.34198	
2.79633	8.34106	
2.79724	8.34167	
2.7951	8.34137	
2.79388	8.34045	
2.79755	8.34167	
2.79602	8.34106	
2.7951	8.34167	
2.79419	8.34137	
2.7948	8.34045	
2.7948	8.34137	
2.79999	8.34076	
2.79663	8.34137	
2.79572	8.34076	
2.7951	8.34076	
2.79816	8.34137	
2.79694	8.34137	
2.79694	8.34137	
2.79541	8.34045	
2.79846	8.34137	
2.79785	8.34229	
2.79785	8.34106	
2.79572	8.34076	
2.79816	8.34137	
2.79694	8.34137	
2.79327	8.34076	
2.79541	8.34076	
2.79968	8.34076	
2.79449	8.34076	
2.79724	8.34076	
2.79541	8.34137	
2.80029	8.34137	
2.79602	8.34106	
2.79388	8.34137	
2.79602	8.34137	
2.79358	8.34045	
2.79816	8.34137	
2.78992	8.34106	
2.7951	8.34106	
2.79846	8.34137	
2.79663	8.34076	
2.79816	8.34137	
2.79541	8.34137	
2.79449	8.34137	
2.79633	8.34015	
2.79205	8.34137	
2.7951	8.34106	
2.79602	8.34137	
2.79846	8.34167	
2.79907	8.34106	
2.79602	8.34167	
2.79724	8.34106	
2.79724	8.34106	
2.79816	8.34045	
2.79572	8.34076	
2.79877	8.34137	
2.79602	8.34106	
2.79755	8.34137	
2.7951	8.34076	
2.79938	8.34106	
2.79633	8.34137	
2.79358	8.34045	
2.7951	8.34045	
2.79907	8.34076	
2.79419	8.34106	
2.79358	8.34106	
2.7951	8.34137	
2.7951	8.34167	
2.79755	8.34137	
2.79541	8.34229	
2.7951	8.34137	
2.79907	8.34137	
2.7951	8.34167	
2.79297	8.34167	
2.79449	8.34106	
2.79449	8.34137	
2.79724	8.34076	
2.79602	8.34137	
2.79541	8.34076	
2.7948	8.34137	
2.7948	8.34045	
2.79816	8.34167	
2.79419	8.34076	
2.79694	8.34076	
2.79785	8.34076	
2.79846	8.34167	
2.79572	8.34015	
2.79846	8.34045	
2.79633	8.34106	
2.79846	8.34137	
2.7948	8.34106	
2.79816	8.34167	
2.79694	8.34137	
2.79785	8.34106	
2.79449	8.34045	
2.79907	8.34106	
2.79724	8.34106	
2.79724	8.34198	
2.79449	8.34106	
2.79388	8.34137	
2.7948	8.34106	
2.79236	8.34076	
2.79449	8.34045	
2.79327	8.34106	
2.79602	8.34076	
2.7951	8.34137	
2.7948	8.34137	
2.79663	8.34137	
2.79358	8.34015	
2.79816	8.34076	
2.7951	8.34167	
2.79327	8.34137	
2.79572	8.34137	
2.79358	8.34137	
2.7951	8.34167	
2.79755	8.34076	
2.79419	8.34137	
2.79755	8.34137	
2.7948	8.34167	
2.7948	8.34076	
2.79602	8.34137	
2.79053	8.34167	
2.7951	8.34198	
2.79175	8.34198	
2.79663	8.34137	
2.79449	8.34198	
2.7951	8.34167	
2.79419	8.34106	
2.79297	8.34106	
2.7951	8.34076	
2.79907	8.34076	
2.79449	8.34106	
2.79236	8.34106	
2.79449	8.34045	
2.79633	8.34137	
2.79602	8.34106	
2.79236	8.34045	
2.7948	8.34137	
2.79572	8.34137	
2.79236	8.34045	
2.79175	8.34076	
2.79419	8.34106	
2.7948	8.34076	
2.78931	8.34076	
2.79297	8.34045	
2.79449	8.34167	
2.79877	8.34167	
2.79572	8.34076	
2.7951	8.34076	
2.79449	8.34076	
2.79816	8.34106	
2.79572	8.34076	
2.79358	8.34106	
2.7948	8.34076	
2.7951	8.34076	
2.79144	8.34076	
2.79724	8.34137	
2.79449	8.34076	
2.79572	8.34076	
2.78931	8.34045	
2.79205	8.34076	
2.79419	8.34076	
2.8006	8.34137	
2.79633	8.34198	
2.79785	8.34167	
2.7948	8.34167	
2.79755	8.34106	
2.79419	8.34076	
2.79816	8.34076	
2.7948	8.34106	
2.79541	8.34137	
2.79724	8.34167	
2.79053	8.34076	
2.7948	8.34045	
2.79388	8.34045	
2.79633	8.34137	
2.79083	8.34076	
2.79419	8.34167	
2.79327	8.34167	
2.79755	8.34198	
2.78992	8.34045	
2.79388	8.34137	
2.79297	8.34076	
2.7951	8.34076	
2.79266	8.34076	
2.79449	8.34076	
2.79388	8.34045	
2.79419	8.34106	
2.78931	8.34045	
2.7948	8.34106	
2.79419	8.34045	
2.79724	8.34106	
2.79419	8.34076	
2.79602	8.34137	
2.79572	8.34045	
2.79541	8.34076	
2.79022	8.34076	
2.7948	8.34137	
2.79419	8.34076	
2.79449	8.34167	
2.7948	8.34137	
2.79602	8.34167	
2.79175	8.34198	
2.79449	8.34106	
2.79358	8.34045	
2.79633	8.34106	
2.79449	8.34137	
2.79419	8.34076	
2.7951	8.34167	
2.7951	8.34106	
2.79388	8.34045	
2.79785	8.34137	
2.7948	8.34137	
2.79602	8.34076	
2.79297	8.34045	
2.79816	8.34137	
2.79633	8.34137	
2.79724	8.34167	
2.7948	8.34137	
2.79449	8.34137	
2.7951	8.34106	
2.79968	8.34137	
2.79633	8.34167	
2.79907	8.34076	
2.79602	8.34076	
2.80151	8.34198	
2.79633	8.34137	
2.79388	8.34198	
2.79602	8.34137	
2.79877	8.34137	
2.79785	8.34137	
2.79266	8.34076	
2.7948	8.34198	
2.8009	8.34229	
2.79694	8.34106	
2.79968	8.34198	
2.79541	8.34198	
2.79724	8.34137	
2.79572	8.34167	
2.79327	8.34106	
2.79572	8.34137	
2.79999	8.34167	
2.79755	8.34137	
2.79846	8.34137	
2.7951	8.34229	
2.79388	8.34045	
2.79388	8.34259	
2.79419	8.34137	
2.79633	8.34198	
2.79114	8.34106	
2.79663	8.34137	
2.7948	8.34167	
2.79602	8.34198	
2.7948	8.34106	
2.79663	8.34167	
2.79572	8.34045	
2.79846	8.34045	
2.79419	8.34167	
2.79724	8.34137	
2.7951	8.34106	
2.79419	8.34167	
2.79572	8.34106	
2.79449	8.34106	
2.79572	8.34106	
2.79572	8.34137	
2.79449	8.34167	
2.7951	8.34076	
2.79816	8.34167	
2.79633	8.34167	
2.79419	8.34137	
2.79419	8.34167	
2.80029	8.34198	
2.79602	8.34167	
2.79724	8.34106	
2.79572	8.34198	
2.79968	8.34137	
2.79816	8.34167	
2.79388	8.34137	
2.79449	8.34137	
2.79388	8.34076	
2.79724	8.34167	
2.78961	8.34198	
2.7948	8.34229	
2.79419	8.34076	
2.79785	8.34076	
2.7951	8.34076	
2.79724	8.34076	
2.79663	8.34167	
2.79266	8.34137	
2.7951	8.34198	
2.79724	8.34167	
2.7951	8.34137	
2.79205	8.34076	
2.79449	8.34106	
2.79297	8.34045	
2.79633	8.34167	
2.78931	8.34137	
2.79633	8.34137	
2.79083	8.34198	
2.79449	8.34167	
2.7951	8.34167	
2.79999	8.34198	
2.79602	8.34106	
2.79358	8.34167	
2.79327	8.34167	
2.79449	8.34106	
2.79694	8.34076	
2.79266	8.34137	
2.79572	8.34167	
2.78931	8.34106	
2.79205	8.34167	
2.79449	8.34076	
2.79846	8.34106	
2.79602	8.34076	
2.79602	8.34167	
2.79327	8.34106	
2.79694	8.34198	
2.79449	8.34106	
2.79358	8.34167	
2.79327	8.34076	
2.79968	8.34137	
2.79572	8.34045	
2.79266	8.34076	
2.79358	8.34137	
2.79327	8.34076	
2.79358	8.34137	
2.79358	8.34045	
2.7948	8.34106	
2.79144	8.34076	
2.79114	8.34167	
2.79388	8.34167	
2.79694	8.34106	
2.7951	8.34076	
2.79327	8.34106	
2.7948	8.34137	
2.79694	8.34198	
2.79572	8.34167	
2.79297	8.34106	
2.7948	8.34106	
2.789	8.34076	
2.79449	8.34137	
2.79449	8.34167	
2.79907	8.34198	
2.7948	8.34076	
2.79694	8.34229	
2.7948	8.34137	
2.79724	8.34106	
2.79266	8.34137	
2.7951	8.34167	
2.79449	8.34106	
2.79449	8.34167	
2.79663	8.34198	
2.79297	8.34106	
2.7951	8.34137	
2.79175	8.34045	
2.79327	8.34076	
2.79358	8.34076	
2.79633	8.34137	
2.79541	8.34076	
2.79297	8.34137	
2.79419	8.34167	
2.79175	8.34167	
2.79724	8.34106	
2.79449	8.34106	
2.80029	8.34137	
2.79633	8.34106	
2.79358	8.34137	
2.79419	8.34076	
2.79938	8.34045	
2.79297	8.34106	
2.79785	8.34106	
2.7948	8.34106	
2.79388	8.34137	
2.79449	8.34167	
2.79327	8.34106	
2.79572	8.34106	
2.78961	8.34076	
2.79724	8.34106	
2.79419	8.34137	
2.79907	8.34137	
2.79633	8.34076	
2.79175	8.34106	
2.79358	8.34076	
2.79694	8.34076	
2.79297	8.34076	
2.79205	8.34106	
2.7951	8.34137	
2.78931	8.34076	
2.79266	8.34076	
2.7951	8.34167	
2.79877	8.34167	
2.79694	8.34137	
2.79297	8.34076	
2.79388	8.34106	
2.79999	8.34167	
2.79419	8.34137	
2.7948	8.34137	
2.7951	8.34076	
2.79144	8.34106	
2.79663	8.34137	
2.7951	8.34106	
2.79541	8.34076	
2.7948	8.34106	
2.79755	8.34167	
2.7948	8.34106	
2.8009	8.34198	
2.79602	8.34106	
2.79297	8.34106	
2.79449	8.34106	
2.79449	8.34106	
2.79388	8.34076	
2.79449	8.34137	
2.79633	8.34076	
2.79602	8.34076	
2.79785	8.34198	
2.79449	8.34106	
2.79999	8.34076	
2.79694	8.34167	
2.78961	8.34076	
2.7951	8.34106	
2.79297	8.34106	
2.79724	8.34167	
2.79572	8.34167	
2.79907	8.34229	
2.79419	8.34106	
2.79358	8.34076	
2.79541	8.34106	
2.79968	8.34137	
2.79663	8.34076	
2.79816	8.34137	
2.7948	8.34198	
2.79846	8.34076	
2.79449	8.34137	
2.79419	8.34137	
2.79602	8.34106	
2.79083	8.34137	
2.79358	8.34076	
2.79541	8.34076	
2.80029	8.34106	
2.79694	8.34137	
2.79785	8.34106	
2.79449	8.34106	
2.79541	8.34045	
2.79785	8.34137	
2.79205	8.34137	
2.79572	8.34106	
2.7951	8.34106	
2.79663	8.34137	
2.79572	8.34076	
2.79419	8.34106	
2.79327	8.34076	
2.79541	8.34137	
2.7951	8.34106	
2.79541	8.34167	
2.78992	8.34137	
2.79541	8.34137	
2.79602	8.34137	
2.79816	8.34076	
2.79327	8.34106	
2.79327	8.34045	
2.79419	8.34076	
2.79419	8.34076	
2.79694	8.34106	
2.79419	8.34076	
2.79724	8.34076	
2.79602	8.34137	
2.79205	8.34137	
2.79449	8.34045	
2.79327	8.34167	
2.79297	8.34076	
2.79449	8.34106	
2.79572	8.34137	
2.79602	8.34167	
2.7951	8.34106	
2.79419	8.34137	
2.79419	8.34106	
2.79449	8.34076	
2.79083	8.34137	
2.79541	8.34167	
2.79083	8.34015	
2.79266	8.34045	
2.7948	8.34167	
2.79724	8.34137	
2.79388	8.34106	
2.7951	8.34106	
2.7948	8.34167	
2.79388	8.34106	
2.79602	8.34137	
2.79388	8.34137	
2.79388	8.34106	
2.7951	8.34167	
2.79327	8.34076	
2.79327	8.34106	
2.79938	8.34106	
2.79663	8.34106	
2.7887	8.34106	
2.79388	8.34167	
2.79358	8.34045	
2.79572	8.34076	
2.79358	8.34167	
2.79999	8.34167	
2.79297	8.34106	
2.7948	8.34137	
2.7948	8.34076	
2.79297	8.34106	
2.79266	8.34076	
2.79388	8.34167	
2.79449	8.34045	
2.79327	8.34137	
2.79694	8.34076	
2.79358	8.34106	
2.79816	8.34137	
2.7951	8.34106	
2.7887	8.34045	
2.79449	8.34106	
2.79053	8.34076	
2.79175	8.34076	
2.79388	8.34137	
2.79816	8.34137	
2.79327	8.34137	
2.79755	8.34137	
2.79419	8.34076	
2.79358	8.34137	
2.79572	8.34045	
2.79236	8.34106	
2.7951	8.34076	
2.78931	8.34076	
2.79144	8.34076	
2.79449	8.34106	
2.79816	8.34106	
2.79266	8.34137	
2.79694	8.34076	
2.79297	8.34106	
2.79144	8.34137	
2.79541	8.34076	
2.79419	8.34137	
2.79816	8.34076	
2.79358	8.34137	
2.79541	8.34167	
2.79388	8.34045	
2.79846	8.34137	
2.79541	8.34137	
2.79602	8.34167	
2.79358	8.34137	
2.79358	8.34076	
2.79175	8.34076	
2.79358	8.34137	
2.79449	8.34137	
2.79449	8.34106	
2.79114	8.34137	
2.79419	8.34137	
2.79266	8.34106	
2.79541	8.34167	
2.79327	8.34076	
2.79663	8.34076	
2.79327	8.34137	
2.7951	8.34137	
2.7951	8.34137	
2.78992	8.34076	
2.79724	8.34137	
2.79419	8.34137	
2.79572	8.34167	
2.79327	8.34137	
2.79388	8.34076	
2.79694	8.34137	
2.79572	8.34045	
2.79541	8.34106	
2.79449	8.34045	
2.79419	8.34076	
2.79205	8.34076	
2.79358	8.34137	
2.79846	8.34106	
2.79602	8.34106	
2.79572	8.34198	
2.79266	8.34106	
2.79053	8.34106	
2.79724	8.34076	
2.79358	8.34015	
2.79846	8.34137	
2.79449	8.34076	
2.79541	8.34137	
2.79388	8.34106	
2.79327	8.34106	
2.79724	8.34045	
2.79388	8.34137	
2.79633	8.34167	
2.79358	8.34045	
2.78961	8.34045	
2.7951	8.34137	
2.789	8.34106	
2.79694	8.34076	
2.79419	8.34076	
2.79724	8.34167	
2.79602	8.34137	
2.7948	8.34167	
2.79694	8.34106	
2.79602	8.34106	
2.79327	8.34137	
2.79449	8.34106	
2.79785	8.34137	
2.79388	8.34106	
2.79755	8.34137	
2.79449	8.34106	
2.79419	8.34045	
2.7948	8.34167	
2.7951	8.34106	
2.79999	8.34167	
2.79572	8.34229	
2.79297	8.34137	
2.7948	8.34045	
2.79236	8.34045	
2.79694	8.34106	
2.7948	8.34137	
2.79846	8.34076	
2.79572	8.34076	
2.79144	8.34137	
2.79388	8.34106	
2.79938	8.34167	
2.79358	8.34045	
2.79327	8.34045	
2.79449	8.34076	
2.7948	8.34167	
2.79419	8.34137	
2.79541	8.34167	
2.79541	8.34137	
2.79602	8.34015	
2.79755	8.34106	
2.7951	8.34076	
2.79724	8.34137	
2.7948	8.34137	
2.7948	8.34045	
2.79388	8.34076	
2.79907	8.34076	
2.79663	8.34106	
2.78931	8.34137	
2.79388	8.34045	
2.79327	8.34229	
2.79663	8.34106	
2.79419	8.34106	
2.79999	8.34076	
2.79388	8.34076	
2.79724	8.34015	
2.79419	8.34076	
2.7951	8.34106	
2.79663	8.34137	
2.79785	8.34167	
2.79449	8.34167	
2.79388	8.34045	
2.7948	8.34106	
2.79327	8.34167	
2.79724	8.34106	
2.79633	8.34106	
2.79785	8.34167	
2.79388	8.34076	
2.79327	8.34106	
2.79327	8.34106	
2.79083	8.34106	
2.79419	8.34137	
2.79541	8.34137	
2.79755	8.34198	
2.79419	8.34045	
2.79846	8.34106	
2.79449	8.34106	
2.79449	8.34198	
2.79572	8.34167	
2.78992	8.34137	
2.79724	8.34106	
2.79419	8.34076	
2.79938	8.34106	
2.79633	8.34106	
2.79175	8.34076	
2.79388	8.34045	
2.79388	8.34167	
2.79114	8.34137	
2.79419	8.34076	
2.79633	8.34167	
2.79205	8.34167	
2.79388	8.34076	
2.79358	8.34106	
2.789	8.34076	
2.79144	8.34045	
2.79419	8.34137	
2.79785	8.34045	
2.79541	8.34106	
2.78839	8.34106	
2.79449	8.34106	
2.78961	8.34076	
2.79388	8.34015	
2.79449	8.34076	
2.79602	8.34106	
2.79266	8.34106	
2.78778	8.34076	
2.7951	8.34137	
2.79541	8.34137	
2.79602	8.34198	
2.79327	8.34137	
2.79572	8.34106	
2.79633	8.34167	
2.79266	8.34137	
2.7948	8.34167	
2.79449	8.34167	
2.79785	8.34137	
2.79419	8.34106	
2.79724	8.34167	
2.79297	8.34015	
2.79419	8.34198	
2.79449	8.34076	
2.78839	8.34076	
2.79694	8.34137	
2.79297	8.34167	
2.79877	8.34167	
2.7948	8.34137	
2.79083	8.34076	
2.79358	8.34076	
2.79205	8.34167	
2.79114	8.34167	
2.79388	8.34167	
2.79419	8.34076	
2.7951	8.34045	
2.79205	8.33984	
2.79266	8.34106	
2.79236	8.34137	
2.79388	8.34137	
2.79327	8.34106	
2.79968	8.34167	
2.79266	8.34076	
2.7948	8.34137	
2.79388	8.34015	
2.78809	8.34076	
2.79663	8.34137	
2.79297	8.34045	
2.79724	8.34076	
2.7951	8.34106	
2.78809	8.34015	
2.79358	8.34045	
2.78717	8.34045	
2.79175	8.34106	
2.79358	8.34167	
2.79694	8.34106	
2.79388	8.34076	
2.78961	8.34167	
2.79297	8.34076	
2.79266	8.34106	
2.79602	8.34106	
2.79266	8.34076	
2.79816	8.34167	
2.79236	8.34137	
2.79694	8.34198	
2.79175	8.34076	
2.79297	8.34076	
2.79175	8.34137	
2.79327	8.34106	
2.79449	8.34167	
2.7948	8.34076	
2.79236	8.34076	
2.79327	8.34076	
2.79144	8.34045	
2.79205	8.34045	
2.79327	8.34106	
2.79541	8.34076	
2.78778	8.34137	
2.79114	8.34137	
2.79388	8.34106	
2.79633	8.34137	
2.7948	8.34106	
2.79602	8.34167	
2.79327	8.34137	
2.79114	8.34015	
2.79327	8.34076	
2.79327	8.34198	
2.79541	8.34076	
2.7948	8.34137	
2.79541	8.34167	
2.79358	8.34137	
2.79785	8.34106	
2.79297	8.34106	
2.79663	8.34076	
2.79388	8.34167	
2.79144	8.34167	
2.79449	8.34137	
2.79358	8.34137	
2.79327	8.34106	
2.7948	8.34076	
2.79663	8.34106	
2.79388	8.34076	
2.79694	8.34137	
2.79449	8.34106	
2.78961	8.34106	
2.79327	8.34137	
2.79236	8.34076	
2.79602	8.34106	
2.79358	8.34076	
2.79663	8.34106	
2.7948	8.34167	
2.79419	8.34045	
2.79358	8.34106	
2.79755	8.34106	
2.79297	8.34076	
2.7951	8.34076	
2.79449	8.34137	
2.7887	8.34076	
2.79388	8.34106	
2.79327	8.34106	
2.79633	8.34137	
2.79297	8.34106	
2.79358	8.34076	
2.79846	8.34106	
2.7951	8.34198	
2.79297	8.34076	
2.7951	8.34167	
2.79297	8.34137	
2.79633	8.34198	
2.79388	8.34076	
2.79968	8.34198	
2.79633	8.34167	
2.79755	8.34198	
2.79358	8.34106	
2.79236	8.34076	
2.79602	8.34167	
2.78931	8.34076	
2.79419	8.34076	
2.78839	8.34076	
2.79663	8.34106	
2.7948	8.34167	
2.79816	8.34137	
2.79236	8.34137	
2.79388	8.34137	
2.79419	8.34106	
2.79602	8.34167	
2.79327	8.34076	
2.7951	8.34045	
2.79602	8.34045	
2.7951	8.34106	
2.79053	8.34076	
2.79572	8.34076	
2.79572	8.34106	
2.79694	8.34137	
2.79388	8.34106	
2.79816	8.34106	
2.79236	8.34137	
2.7948	8.34106	
2.79388	8.34137	
2.79449	8.34137	
2.79205	8.34076	
2.79449	8.34167	
2.79999	8.34167	
2.7948	8.34137	
2.79266	8.34106	
2.79419	8.34106	
2.78961	8.34045	
2.79175	8.34076	
2.7948	8.34137	
2.79724	8.34076	
2.79572	8.34167	
2.78778	8.34076	
2.7951	8.34076	
2.79022	8.34076	
2.79785	8.34045	
2.79419	8.34229	
2.79968	8.34198	
2.79633	8.34106	
2.79114	8.34076	
2.7951	8.34137	
2.7951	8.34076	
2.79144	8.34106	
2.7948	8.34137	
2.79388	8.34137	
2.79602	8.34167	
2.79449	8.34137	
2.79846	8.34137	
2.79541	8.34137	
2.79663	8.34137	
2.79419	8.34198	
2.79236	8.34106	
2.79419	8.34137	
2.7951	8.34076	
2.79724	8.34167	
2.79572	8.34137	
2.79266	8.34106	
2.79327	8.34167	
2.79144	8.34106	
2.79266	8.34137	
2.79419	8.34106	
2.79663	8.34045	
2.7951	8.34167	
2.79388	8.34076	
2.79907	8.34167	
2.79541	8.34137	
2.79816	8.34137	
2.79388	8.34076	
2.79022	8.34045	
2.79327	8.34106	
2.7948	8.34076	
2.79816	8.34137	
2.79602	8.34106	
2.79419	8.34106	
2.79785	8.34076	
2.79541	8.34137	
2.79572	8.34137	
2.79327	8.34045	
2.79327	8.34045	
2.79358	8.34045	
2.79297	8.34076	
2.79663	8.34198	
2.79144	8.34106	
2.79388	8.34076	
2.79785	8.34198	
2.79358	8.34137	
2.789	8.34106	
2.79449	8.34106	
2.79449	8.34167	
2.79236	8.34076	
2.79388	8.34076	
2.79327	8.34137	
2.79205	8.34045	
2.79419	8.34106	
2.79663	8.34137	
2.79236	8.34045	
2.79358	8.34015	
2.79358	8.34137	
2.7948	8.34137	
2.79449	8.34137	
2.79419	8.34137	
2.79694	8.34137	
2.79175	8.34167	
2.79419	8.34198	
2.79907	8.34137	
2.79358	8.34106	
2.79022	8.34137	
2.7948	8.34137	
2.79358	8.34167	
2.79388	8.34137	
2.79236	8.34167	
2.79297	8.34106	
2.79602	8.34167	
2.79327	8.34106	
2.79602	8.34198	
2.79572	8.34076	
2.79358	8.34137	
2.79938	8.34076	
2.79236	8.34106	
2.79358	8.34137	
2.79388	8.34106	
2.78809	8.34167	
2.79572	8.34076	
2.79388	8.34106	
2.79205	8.34106	
2.79449	8.34167	
2.79449	8.34045	
2.79694	8.34167	
2.79602	8.34137	
2.79419	8.34106	
2.79449	8.34106	
2.79419	8.34167	
2.7948	8.34076	
2.79419	8.34167	
2.79358	8.34106	
2.79175	8.34167	
2.79388	8.34076	
2.79205	8.34106	
2.7948	8.34076	
2.79358	8.34045	
2.79724	8.34137	
2.79358	8.34076	
2.79358	8.34137	
2.79877	8.34106	
2.79297	8.34076	
2.79205	8.34106	
2.79327	8.34106	
2.78809	8.34106	
2.79633	8.34106	
2.79358	8.34076	
2.79022	8.34106	
2.79053	8.34106	
2.79358	8.34076	
2.79785	8.34167	
2.79388	8.34198	
2.79388	8.34106	
2.79938	8.34076	
2.79449	8.34137	
2.79602	8.34137	
2.79388	8.34137	
2.79205	8.34137	
2.79083	8.34167	
2.79297	8.34167	
2.79572	8.34106	
2.79602	8.34076	
2.79236	8.34076	
2.79449	8.34137	
2.7948	8.34106	
2.79144	8.33984	
2.79358	8.34229	
2.789	8.34137	
2.79114	8.34167	
2.79236	8.34106	
2.79572	8.34076	
2.79205	8.34137	
2.79327	8.34076	
2.79663	8.34167	
2.79572	8.34106	
2.78961	8.34198	
2.79449	8.34106	
2.79083	8.34076	
2.79694	8.34137	
2.79297	8.34076	
2.79785	8.34167	
2.79541	8.34167	
2.79205	8.34076	
2.79633	8.34137	
2.7948	8.34106	
2.79388	8.34106	
2.79266	8.34106	
2.79175	8.34137	
2.79083	8.34137	
2.79419	8.34045	
2.79694	8.34106	
2.79449	8.34076	
2.78809	8.34076	
2.79755	8.34106	
2.7951	8.34167	
2.789	8.34106	
2.79572	8.34076	
2.79297	8.34076	
2.79144	8.34106	
2.79327	8.34137	
2.79297	8.34076	
2.79633	8.34137	
2.79358	8.34137	
2.79755	8.34137	
2.79358	8.34076	
2.79419	8.34106	
2.79449	8.34076	
2.79144	8.34106	
2.79633	8.34106	
2.79327	8.34076	
2.79846	8.34106	
2.79633	8.34167	
2.79358	8.34137	
2.79602	8.34106	
2.7951	8.34106	
2.79572	8.34137	
2.79449	8.34106	
2.79266	8.34137	
2.79236	8.34106	
2.79358	8.34137	
2.79999	8.34167	
2.79358	8.34045	
2.78839	8.34076	
2.79449	8.34076	
2.79114	8.34106	
2.79602	8.34106	
2.79388	8.34045	
2.79327	8.34076	
2.7951	8.34106	
2.79388	8.34167	
2.79785	8.34106	
2.79541	8.34137	
2.79358	8.34076	
2.79968	8.34167	
2.79449	8.34076	
2.79663	8.34106	
2.79449	8.34106	
2.79053	8.34076	
2.7948	8.34076	
2.79358	8.34106	
2.79846	8.34137	
2.79602	8.34045	
2.79114	8.34015	
2.7948	8.34015	
2.79449	8.34076	
2.79602	8.34106	
2.79419	8.34106	
2.78931	8.34106	
2.79236	8.34076	
2.79419	8.34137	
2.79633	8.34167	
2.79694	8.34137	
2.78839	8.34045	
2.7948	8.34076	
2.79449	8.34076	
2.79175	8.34137	
2.79449	8.34106	
2.79419	8.34076	
2.79663	8.34106	
2.79388	8.34076	
2.79846	8.34198	
2.7951	8.34198	
2.79205	8.34045	
2.79358	8.34167	
2.79114	8.34076	
2.7951	8.34137	
2.79419	8.34076	
2.79816	8.34167	
2.79388	8.34015	
2.79388	8.34137	
2.7948	8.34167	
2.79541	8.34076	
2.79175	8.34137	
2.79388	8.34137	
2.79327	8.34076	
2.79633	8.34167	
2.79358	8.34106	
2.79663	8.34106	
2.79694	8.34137	
2.78961	8.34076	
2.79419	8.34106	
2.7951	8.34167	
2.79572	8.34137	
2.79236	8.34137	
2.78809	8.34106	
2.79175	8.34076	
2.79358	8.34137	
2.79785	8.34106	
2.79541	8.34076	
2.79053	8.34045	
2.79358	8.34167	
2.79419	8.34137	
2.79114	8.34045	
2.79388	8.34106	
2.79175	8.34045	
2.79266	8.34106	
2.79297	8.34137	
2.7951	8.34076	
2.79572	8.34076	
2.79144	8.34076	
2.79541	8.34137	
2.79358	8.34076	
2.79602	8.34076	
2.79358	8.34045	
2.78809	8.34045	
2.79327	8.34045	
2.79327	8.34167	
2.79785	8.34106	
2.7951	8.34106	
2.79205	8.34015	
2.79449	8.34167	
2.79358	8.34076	
2.79602	8.34137	
2.79205	8.34076	
2.79175	8.34137	
2.79572	8.34137	
2.79327	8.34198	
2.79755	8.34106	
2.79236	8.34015	
2.79114	8.34045	
2.79358	8.34137	
2.79388	8.34045	
2.79144	8.34106	
2.79266	8.34045	
2.79083	8.34076	
2.79266	8.34045	
2.79205	8.34015	
2.79724	8.34076	
2.79327	8.34076	
2.79144	8.34167	
2.79327	8.34106	
2.79419	8.34167	
2.79083	8.34106	
2.79236	8.34106	
2.78809	8.34076	
2.79114	8.34076	
2.79236	8.34106	
2.79663	8.34198	
2.79205	8.34076	
2.79297	8.34137	
2.79633	8.34106	
2.79449	8.34106	
2.79266	8.34045	
2.79663	8.34076	
2.79297	8.34045	
2.78687	8.34076	
2.79327	8.34076	
2.79449	8.34076	
2.7948	8.34015	
2.79236	8.34198	
2.78992	8.34045	
2.79419	8.34076	
2.79266	8.34045	
2.79236	8.34045	
2.7951	8.34076	
2.79297	8.34076	
2.79633	8.34076	
2.7948	8.34076	
2.79144	8.34015	
2.79419	8.34045	
2.79327	8.34106	
2.79053	8.34076	
2.79236	8.34076	
2.79114	8.34076	
2.79358	8.34106	
2.79327	8.34076	
2.79785	8.34106	
2.79175	8.34045	
2.78992	8.34167	
2.79236	8.34045	
2.78992	8.34076	
2.79388	8.34015	
2.79236	8.34076	
2.79816	8.34106	
2.79419	8.34045	
2.79541	8.34045	
2.79205	8.33984	
2.79205	8.34076	
2.79358	8.34076	
2.79327	8.34015	
2.79572	8.34076	
2.79144	8.34137	
2.7948	8.34076	
2.79297	8.34076	
2.79083	8.34015	
2.79572	8.33984	
2.79266	8.34045	
2.79205	8.34076	
2.79205	8.34137	
2.79358	8.34045	
2.79877	8.34076	
2.79175	8.34137	
2.79053	8.34137	
2.79297	8.34045	
2.78687	8.34015	
2.79266	8.34015	
2.79327	8.34076	
2.79572	8.34076	
2.79358	8.34045	
2.78717	8.34076	
2.79358	8.34015	
2.79388	8.34076	
2.79449	8.34076	
2.79266	8.34015	
2.78717	8.34015	
2.79266	8.34015	
2.79236	8.34137	
2.79755	8.34076	
2.79205	8.34015	
2.79266	8.34076	
2.79633	8.34106	
2.79572	8.34106	
2.78809	8.33984	
2.79358	8.34076	
2.78961	8.34045	
2.79449	8.34076	
2.79358	8.34045	
2.79572	8.34045	
2.7951	8.34015	
2.78748	8.34045	
2.79449	8.34045	
2.78992	8.34045	
2.7951	8.34106	
2.79266	8.34076	
2.79572	8.34045	
2.7951	8.34167	
2.79327	8.34106	
2.79846	8.34045	
2.79327	8.34106	
2.79633	8.34076	
2.79266	8.34015	
2.79266	8.34045	
2.79633	8.33984	
2.79358	8.34045	
2.79633	8.34076	
2.79144	8.34076	
2.79144	8.34045	
2.79694	8.34076	
2.79541	8.34076	
2.79205	8.34137	
2.79419	8.33954	
2.79449	8.34076	
2.79236	8.34015	
2.79388	8.34015	
2.79205	8.34045	
2.79083	8.34045	
2.79327	8.34045	
2.79755	8.34076	
2.79236	8.34045	
2.79022	8.34045	
2.79785	8.34045	
2.79602	8.34076	
2.7948	8.34106	
2.79388	8.34076	
2.78717	8.34076	
2.79114	8.34015	
2.79358	8.34076	
2.79602	8.34045	
2.79602	8.34076	
2.79358	8.34015	
2.79877	8.34076	
2.79449	8.34045	
2.79114	8.33984	
2.79358	8.34076	
2.79144	8.34015	
2.79602	8.34045	
2.79358	8.34045	
2.79633	8.34137	
2.79144	8.34015	
2.79297	8.34076	
2.79877	8.34137	
2.79358	8.34076	
2.7887	8.34076	
2.79388	8.34045	
2.79358	8.34045	
2.7948	8.33954	
2.79297	8.34076	
2.78839	8.34015	
2.79602	8.34076	
2.79236	8.34106	
2.79175	8.34106	
2.79114	8.34106	
2.79327	8.34015	
2.79846	8.34045	
2.79236	8.34076	
2.79327	8.34045	
2.79572	8.34076	
2.79419	8.34076	
2.78717	8.34015	
2.79419	8.34076	
2.79419	8.34076	
2.79144	8.34076	
2.79388	8.34076	
2.79175	8.34015	
2.79541	8.34015	
2.79205	8.34045	
2.79419	8.34076	
2.79053	8.34045	
2.79205	8.33984	
2.79602	8.34076	
2.79175	8.34045	
2.78931	8.33984	
2.79297	8.34015	
2.79327	8.34076	
2.79114	8.34015	
2.79388	8.34045	
2.79419	8.34045	
2.79327	8.33954	
2.79419	8.34045	
2.78748	8.34045	
2.79083	8.34045	
2.79266	8.34076	
2.79144	8.34045	
2.79388	8.34045	
2.79175	8.34015	
2.79633	8.34076	
2.79205	8.34076	
2.79236	8.34045	
2.79724	8.34015	
2.79266	8.34076	
2.7948	8.34137	
2.79327	8.34137	
2.79083	8.34076	
2.7948	8.34106	
2.79297	8.34045	
2.78778	8.34045	
2.7948	8.34076	
2.79266	8.34076	
2.79114	8.34045	
2.79297	8.34076	
2.79175	8.34015	
2.79541	8.33984	
2.79266	8.34137	
2.79144	8.34076	
2.7948	8.34015	
2.79083	8.34076	
2.789	8.34015	
2.79266	8.34076	
2.79419	8.34106	
2.79266	8.34015	
2.79114	8.34015	
2.78656	8.33984	
2.79266	8.34045	
2.79205	8.34137	
2.79144	8.34076	
2.79053	8.34015	
2.79205	8.34167	
2.79633	8.34076	
2.79358	8.34045	
2.79419	8.34106	
2.79266	8.34076	
2.79388	8.34106	
2.79175	8.34015	
2.79205	8.34015	
2.79053	8.34015	
2.79541	8.34076	
2.79266	8.33984	
2.79724	8.34106	
2.78992	8.34076	
2.79205	8.34045	
2.79602	8.34045	
2.79297	8.34076	
2.78656	8.33954	
2.79358	8.34076	
2.79358	8.34015	
2.7887	8.34045	
2.79327	8.34076	
2.79388	8.34076	
2.7948	8.34076	
2.79236	8.34076	
2.78931	8.34045	
2.79022	8.34106	
2.79297	8.34045	
2.79053	8.34045	
2.79144	8.34106	
2.79205	8.34015	
2.79388	8.34167	
2.79205	8.33984	
2.78687	8.34015	
2.79419	8.34045	
2.79022	8.34076	
2.79144	8.34076	
2.79297	8.34106	
2.79419	8.34045	
2.79541	8.34045	
2.79205	8.34015	
2.78931	8.34045	
2.79572	8.34137	
2.79236	8.34045	
2.78687	8.34015	
2.79022	8.34106	
2.79205	8.34015	
2.79205	8.34076	
2.79419	8.34045	
2.79236	8.34076	
2.79144	8.34045	
2.79266	8.34106	
2.79205	8.34015	
2.78961	8.34045	
2.79572	8.34045	
2.79205	8.34076	
2.79144	8.34015	
2.79266	8.33984	
2.79266	8.34106	
2.79022	8.34015	
2.79358	8.34076	
2.79236	8.34045	
2.79572	8.34015	
2.79327	8.34137	
2.79297	8.34076	
2.79694	8.34106	
2.79205	8.34076	
2.79053	8.34045	
2.79358	8.34076	
2.79236	8.34045	
2.79114	8.34076	
2.79358	8.34015	
2.79449	8.34045	
2.78839	8.34137	
2.79388	8.34076	
2.79358	8.34106	
2.79449	8.34106	
2.79388	8.34076	
2.79327	8.34106	
2.79327	8.34106	
2.79358	8.34106	
2.79388	8.34045	
2.79114	8.34045	
2.79205	8.34076	
2.78778	8.34015	
2.79572	8.34076	
2.79327	8.34076	
2.78748	8.33984	
2.79388	8.34045	
2.79327	8.34015	
2.79205	8.34167	
2.79083	8.34076	
2.79358	8.34045	
2.79388	8.34076	
2.79205	8.34076	
2.79358	8.34076	
2.79602	8.34076	
2.7948	8.34015	
2.7887	8.33954	
2.7948	8.34045	
2.79541	8.34015	
2.7951	8.34076	
2.79205	8.34045	
2.79205	8.34045	
2.79083	8.33984	
2.79297	8.34045	
2.789	8.34045	
2.79663	8.34137	
2.79236	8.34045	
2.79022	8.34015	
2.7951	8.34015	
2.79327	8.34106	
2.79755	8.34076	
2.79083	8.34076	
2.79358	8.34045	
2.79694	8.34045	
2.79114	8.34106	
2.789	8.34106	
2.79358	8.34076	
2.79419	8.34076	
2.79236	8.33984	
2.79205	8.34076	
2.79114	8.34045	
2.79144	8.34076	
2.79266	8.34076	
2.79144	8.34045	
2.79419	8.34076	
2.79266	8.34045	
2.78778	8.34015	
2.79022	8.34015	
2.79297	8.34015	
2.79633	8.34106	
2.7951	8.34076	
2.79327	8.34076	
2.79785	8.33984	
2.79205	8.34076	
2.78961	8.34015	
2.79327	8.34076	
2.79419	8.33984	
2.79602	8.34015	
2.79358	8.34076	
2.79358	8.34106	
2.79114	8.34106	
2.79175	8.34045	
2.79236	8.34015	
2.79602	8.34076	
2.79327	8.34045	
2.79144	8.34045	
2.79388	8.34076	
2.79205	8.34015	
2.79327	8.34045	
2.79205	8.34045	
2.79205	8.34015	
2.79572	8.34045	
2.79572	8.33984	
2.79114	8.33984	
2.79602	8.34045	
2.79205	8.34076	
2.78656	8.34076	
2.79358	8.34015	
2.7948	8.34106	
2.79572	8.34045	
2.79297	8.34015	
2.79205	8.34106	
2.79419	8.34137	
2.79236	8.34076	
2.789	8.34137	
2.79541	8.34045	
2.79236	8.34076	
2.79236	8.34076	
2.79236	8.34015	
2.79144	8.34045	
2.79663	8.34045	
2.79205	8.34015	
2.79175	8.34076	
2.7948	8.34076	
2.79327	8.34076	
2.78656	8.33984	
2.79236	8.34015	
2.79388	8.34076	
2.78809	8.34045	
2.79633	8.34045	
2.79358	8.34015	
2.79205	8.34076	
2.79541	8.34076	
2.79205	8.34045	
2.789	8.34106	
2.79266	8.34076	
2.79358	8.34076	
2.78809	8.34137	
2.79205	8.34076	
2.7948	8.34045	
2.79236	8.34076	
2.79205	8.34076	
2.79297	8.34137	
2.7948	8.34167	
2.79236	8.34076	
2.78809	8.34045	
2.79327	8.34106	
2.79205	8.34015	
2.79175	8.34106	
2.79022	8.34045	
2.79205	8.34106	
2.7948	8.34076	
2.79205	8.34076	
2.79144	8.34045	
2.79602	8.34015	
2.79388	8.34076	
2.79144	8.34076	
2.79724	8.34076	
2.79236	8.34015	
2.78778	8.34045	
2.7948	8.34045	
2.79449	8.34015	
2.78748	8.34106	
2.79236	8.33984	
2.79358	8.33984	
2.78656	8.34045	
2.79236	8.34045	
2.79266	8.34076	
2.79449	8.34045	
2.79205	8.34045	
2.79327	8.34137	
2.79449	8.33954	
2.79297	8.34076	
2.79327	8.34106	
2.79327	8.34137	
2.79449	8.34076	
2.79083	8.34137	
2.789	8.34015	
2.79358	8.34106	
2.79327	8.34045	
2.78961	8.34015	
2.79297	8.34015	
2.79358	8.34045	
2.78717	8.34015	
2.79358	8.34045	
2.79266	8.34076	
2.79572	8.34167	
2.79327	8.34106	
2.79327	8.34076	
2.79388	8.34106	
2.79327	8.34045	
2.79327	8.34045	
2.79572	8.34076	
2.79297	8.34045	
2.79327	8.34106	
2.789	8.34045	
2.79175	8.34045	
2.78992	8.34076	
2.79022	8.34076	
2.79175	8.34076	
2.78809	8.34045	
2.79297	8.34076	
2.79144	8.34015	
2.78656	8.34045	
2.79602	8.34106	
2.79205	8.34045	
2.79022	8.33954	
2.79663	8.34106	
2.79205	8.34015	
2.78687	8.33954	
2.79114	8.34045	
2.79266	8.34076	
2.78778	8.34045	
2.79572	8.34076	
2.79266	8.34015	
2.7887	8.33984	
2.79297	8.34106	
2.79297	8.34045	
2.78717	8.34045	
2.79572	8.34045	
2.79327	8.34045	
2.78717	8.34076	
2.79266	8.34137	
2.79236	8.34106	
2.78625	8.34015	
2.78961	8.34106	
2.79236	8.33984	
2.78717	8.34106	
2.79572	8.34045	
2.79358	8.34045	
2.78717	8.34076	
2.79236	8.34076	
2.79327	8.34045	
2.78717	8.34015	
2.79297	8.34076	
2.79205	8.34045	
2.79083	8.34076	
2.79083	8.34015	
2.79327	8.34015	
2.79175	8.33984	
2.79297	8.34106	
2.79358	8.34106	
2.79602	8.34076	
2.7948	8.34076	
2.79388	8.34076	
2.79694	8.34076	
2.79419	8.34045	
2.78748	8.34045	
2.79388	8.34045	
2.79541	8.34076	
2.79205	8.34015	
2.79358	8.34106	
2.79358	8.34076	
2.79083	8.34076	
2.79419	8.34045	
2.79205	8.34015	
2.78809	8.34045	
2.79877	8.34076	
2.79175	8.34076	
2.79083	8.34076	
2.7951	8.34045	
2.79144	8.34076	
2.79114	8.34015	
2.79755	8.34106	
2.79114	8.34076	
2.79327	8.34045	
2.79663	8.34167	
2.79541	8.34106	
2.79358	8.34076	
2.7951	8.34137	
2.79572	8.34076	
2.79266	8.34106	
2.79694	8.34076	
2.79449	8.34076	
2.79297	8.34106	
2.79572	8.34137	
2.79144	8.34076	
2.79327	8.33984	
2.79724	8.34076	
2.79297	8.34015	
2.79358	8.34045	
2.79663	8.34045	
2.79419	8.34045	
2.79297	8.34076	
2.79846	8.34076	
2.79358	8.34015	
2.79419	8.34045	
2.79633	8.34015	
2.7948	8.34106	
2.79358	8.34076	
2.79388	8.34015	
2.79266	8.34045	
2.79236	8.34015	
2.79083	8.33984	
2.79083	8.34045	
2.79236	8.34076	
2.79083	8.34045	
2.79449	8.34076	
2.79236	8.33984	
2.789	8.34015	
2.79053	8.34015	
2.79297	8.33954	
2.79236	8.34076	
2.79022	8.34015	
2.79144	8.34045	
2.79114	8.34106	
2.78992	8.34045	
2.79327	8.34076	
2.78717	8.34076	
2.79358	8.34076	
2.79144	8.34076	
2.789	8.34076	
2.7951	8.34076	
2.79175	8.34015	
2.78595	8.34076	
2.7951	8.34137	
2.79144	8.34076	
2.78717	8.34015	
2.79205	8.34045	
2.79358	8.34015	
2.79175	8.34076	
2.79205	8.34045	
2.7951	8.34076	
2.79388	8.34015	
2.79144	8.34137	
2.79663	8.34045	
2.78992	8.34045	
2.79236	8.34076	
2.79449	8.34045	
2.79266	8.34045	
2.79175	8.34015	
2.7948	8.34045	
2.79022	8.34045	
2.79205	8.34106	
2.79694	8.34015	
2.7948	8.34045	
2.79114	8.34076	
2.79572	8.34045	
2.79358	8.34015	
2.79144	8.34045	
2.79541	8.34076	
2.78992	8.34045	
2.79175	8.34045	
2.78992	8.34015	
2.79358	8.34045	
2.79114	8.34015	
2.79083	8.34106	
2.78992	8.34045	
2.79022	8.33984	
2.78992	8.34076	
2.78839	8.34015	
2.79114	8.34076	
2.78625	8.34015	
2.789	8.34076	
2.79144	8.34076	
2.79419	8.34045	
2.79358	8.34106	
2.79144	8.34015	
2.78992	8.34106	
2.78961	8.33954	
2.79663	8.34076	
2.79266	8.34015	
2.79083	8.34045	
2.7948	8.33984	
2.78992	8.34106	
2.79144	8.34076	
2.79572	8.34076	
2.79358	8.34076	
2.79175	8.34045	
2.78961	8.34076	
2.78992	8.34045	
2.79114	8.34015	
2.79022	8.34076	
2.79205	8.34045	
2.79144	8.34076	
2.79175	8.34106	
2.78961	8.34045	
2.79083	8.34045	
2.79022	8.34045	
2.79388	8.34137	
2.79205	8.34076	
2.7948	8.34137	
2.79297	8.34045	
2.79114	8.34015	
2.78961	8.34137	
2.79205	8.34015	
2.79175	8.34167	
2.79053	8.34045	
2.79083	8.34076	
2.79236	8.34076	
2.78748	8.34015	
2.79266	8.34076	
2.79205	8.34015	
2.79266	8.34045	
2.79205	8.34106	
2.79297	8.34015	
2.79358	8.34106	
2.79449	8.34076	
2.79205	8.34015	
2.79327	8.34045	
2.79388	8.34045	
2.79236	8.34015	
2.79327	8.34045	
2.79175	8.34076	
2.79327	8.34076	
2.79236	8.34106	
2.79175	8.34076	
2.79236	8.34045	
2.79327	8.34045	
2.78992	8.34045	
2.79114	8.34076	
2.78717	8.34015	
2.7948	8.34106	
2.79236	8.34045	
2.78961	8.34045	
2.79053	8.34076	
2.79266	8.34076	
2.79205	8.34015	
2.79358	8.34045	
2.79327	8.34137	
2.79419	8.34137	
2.79114	8.34015	
2.79236	8.34076	
2.79297	8.34045	
2.79053	8.34015	
2.79144	8.34045	
2.79022	8.34015	
2.7951	8.34167	
2.79236	8.34076	
2.79175	8.34076	
2.79419	8.34045	
2.79236	8.34045	
2.79083	8.34076	
2.7948	8.34076	
2.79236	8.34015	
2.79205	8.34076	
2.7951	8.34015	
2.79205	8.34045	
2.79327	8.34076	
2.79083	8.34076	
2.79175	8.33984	
2.79419	8.34015	
2.79144	8.34076	
2.78687	8.34015	
2.79358	8.33984	
2.79327	8.34045	
2.79053	8.34045	
2.79205	8.34076	
2.78656	8.34045	
2.7948	8.34045	
2.79266	8.34076	
2.78961	8.33984	
2.79266	8.34015	
2.79205	8.34076	
2.79114	8.34076	
2.79388	8.33984	
2.79205	8.34015	
2.79114	8.34045	
2.79053	8.34106	
2.79205	8.34137	
2.79633	8.34076	
2.79358	8.34015	
2.79205	8.33984	
2.79572	8.34045	
2.79449	8.34015	
2.79175	8.34045	
2.79724	8.34076	
2.79358	8.34015	
2.79205	8.34076	
2.7948	8.34137	
2.79236	8.34076	
2.79144	8.34045	
2.79633	8.34076	
2.79083	8.34045	
2.79205	8.34045	
2.79633	8.34137	
2.79297	8.34076	
2.78748	8.34015	
2.79694	8.33984	
2.79236	8.34106	
2.78717	8.34045	
2.79266	8.34015	
2.7948	8.34076	
2.79266	8.34045	
2.79327	8.34076	
2.79419	8.34106	
2.79388	8.34045	
2.79266	8.34076	
2.79358	8.34076	
2.79419	8.34106	
2.79236	8.34045	
2.79266	8.34015	
2.78961	8.34076	
2.79205	8.34106	
2.79205	8.34076	
2.78961	8.34045	
2.79114	8.34045	
2.78564	8.34045	
2.79144	8.34076	
2.79114	8.34015	
2.79358	8.33984	
2.79144	8.34045	
2.79144	8.34076	
2.79327	8.34045	
2.79266	8.34015	
2.79175	8.34045	
2.79114	8.34045	
2.79297	8.34045	
2.79175	8.34015	
2.79327	8.34015	
2.7948	8.34076	
2.79236	8.34106	
2.79358	8.34015	
2.78656	8.33923	
2.79327	8.34045	
2.78992	8.34045	
2.79114	8.34076	
2.79541	8.34045	
2.79053	8.34076	
2.78625	8.33984	
2.79175	8.34045	
2.79022	8.34137	
2.78748	8.33984	
2.7948	8.34045	
2.79297	8.34076	
2.79419	8.34045	
2.79236	8.34045	
2.79327	8.34076	
2.79297	8.34106	
2.79144	8.34045	
2.79297	8.34076	
2.79388	8.34045	
2.79205	8.34076	
2.79266	8.34076	
2.7887	8.34106	
2.79205	8.34106	
2.79327	8.34045	
2.78931	8.34137	
2.79297	8.34106	
2.79236	8.33984	
2.79419	8.34076	
2.79114	8.34076	
2.78778	8.33984	
2.79297	8.33984	
2.79114	8.34015	
2.78992	8.34076	
2.79358	8.34045	
2.79175	8.34076	
2.79572	8.34076	
2.79297	8.34045	
2.79114	8.34045	
2.79449	8.34076	
2.79327	8.34045	
2.79114	8.34106	
2.79633	8.34106	
2.79358	8.34137	
2.79144	8.34045	
2.79633	8.34106	
2.79297	8.34045	
2.79022	8.34015	
2.79602	8.34045	
2.78961	8.34106	
2.78625	8.34045	
2.79144	8.33984	
2.79236	8.34076	
2.78564	8.34045	
2.79266	8.34076	
2.79297	8.34076	
2.78809	8.34076	
2.79419	8.34076	
2.79175	8.34076	
2.79388	8.34045	
2.79236	8.34076	
2.79205	8.34045	
2.79175	8.34076	
2.79083	8.34045	
2.79266	8.34045	
2.78839	8.34076	
2.79144	8.33984	
2.79114	8.34167	
2.789	8.34015	
2.79144	8.34106	
2.78992	8.34015	
2.789	8.34076	
2.79053	8.34015	
2.78809	8.34045	
2.78931	8.34045	
2.79205	8.34015	
2.79236	8.34045	
2.79388	8.34106	
2.79205	8.34076	
2.79175	8.34045	
2.78961	8.34045	
2.79205	8.34015	
2.79144	8.34015	
2.78503	8.34076	
2.79327	8.34076	
2.78961	8.34137	
2.78625	8.34045	
2.7948	8.34076	
2.79022	8.34076	
2.789	8.34045	
2.79205	8.34045	
2.79266	8.33984	
2.789	8.34015	
2.79144	8.34137	
2.789	8.34045	
2.79449	8.34076	
2.79236	8.34076	
2.79266	8.34076	
2.7951	8.34045	
2.79236	8.34015	
2.79205	8.34076	
2.79175	8.34015	
2.79205	8.34076	
2.79144	8.34045	
2.78656	8.34106	
2.7951	8.34137	
2.79144	8.34106	
2.78839	8.34045	
2.79419	8.34045	
2.79083	8.34045	
2.79144	8.34015	
2.79663	8.34015	
2.79327	8.34076	
2.79144	8.34076	
2.79419	8.34076	
2.79297	8.34045	
2.79175	8.34045	
2.79633	8.33984	
2.7948	8.34106	
2.79205	8.34045	
2.79022	8.34015	
2.78931	8.33984	
2.79205	8.34045	
2.79144	8.34045	
2.78992	8.33984	
2.79175	8.34045	
2.78992	8.34045	
2.7948	8.34106	
2.79236	8.34076	
2.78595	8.34045	
2.79205	8.34045	
2.79175	8.34015	
2.78687	8.34045	
2.79572	8.34045	
2.79175	8.34076	
2.79114	8.34045	
2.78992	8.34076	
2.79205	8.34045	
2.79236	8.33984	
2.79572	8.34045	
2.79266	8.34076	
2.79053	8.34076	
2.79175	8.34137	
2.79633	8.33984	
2.79175	8.34076	
2.79144	8.34015	
2.79541	8.34076	
2.79419	8.34045	
2.79144	8.34015	
2.79144	8.34015	
2.78992	8.34015	
2.79236	8.34045	
2.78656	8.34106	
2.79022	8.34015	
2.79236	8.34045	
2.79327	8.34015	
2.79205	8.34106	
2.79236	8.34045	
2.79419	8.34015	
2.78717	8.34015	
2.79541	8.34045	
2.79175	8.34076	
2.79175	8.33984	
2.79541	8.34106	
2.79388	8.34167	
2.79175	8.34015	
2.79541	8.34045	
2.78992	8.34045	
2.79175	8.34076	
2.7948	8.34106	
2.79419	8.34106	
2.79083	8.34137	
2.79449	8.34137	
2.79419	8.34076	
2.79236	8.34015	
2.79541	8.34076	
2.79541	8.34137	
2.79205	8.34076	
2.79541	8.34076	
2.78992	8.34015	
2.79144	8.34106	
2.7951	8.33984	
2.79419	8.34045	
2.79114	8.34045	
2.79449	8.34045	
2.78931	8.34045	
2.79114	8.34015	
2.7951	8.34045	
2.78961	8.34076	
2.79083	8.34045	
2.79663	8.34167	
2.79388	8.34167	
2.79083	8.34015	
2.79144	8.34045	
2.78931	8.34076	
2.79175	8.34015	
2.78992	8.34045	
2.79358	8.34076	
2.79175	8.34137	
2.79053	8.34045	
2.79144	8.34137	
2.79144	8.34076	
2.79083	8.33984	
2.78961	8.34076	
2.79175	8.34045	
2.78992	8.34106	
2.79419	8.34106	
2.79114	8.34076	
2.79083	8.34076	
2.79327	8.34045	
2.79053	8.34045	
2.79053	8.34015	
2.78961	8.34076	
2.79175	8.34076	
2.78839	8.34015	
2.79358	8.34045	
2.79083	8.34106	
2.78931	8.34045	
2.78992	8.34015	
2.79175	8.34045	
2.79205	8.34015	
2.78992	8.34045	
2.78992	8.34137	
2.78656	8.34045	
2.78992	8.34045	
2.79083	8.34015	
2.78564	8.34045	
2.79022	8.34045	
2.79114	8.34076	
2.79205	8.34015	
2.79419	8.34076	
2.79266	8.34015	
2.78961	8.34076	
2.79053	8.34015	
2.79602	8.34106	
2.79266	8.34106	
2.78992	8.33984	
2.79602	8.34137	
2.79022	8.34045	
2.78931	8.34106	
2.79388	8.34045	
2.79053	8.34045	
2.79053	8.34045	
2.79388	8.34015	
2.79358	8.34106	
2.79114	8.34076	
2.7951	8.34076	
2.79358	8.34076	
2.79114	8.34045	
2.78961	8.34045	
2.79144	8.34045	
2.79053	8.34076	
2.78473	8.34015	
2.79388	8.34076	
2.79053	8.34076	
2.78839	8.34045	
2.79053	8.34045	
2.79053	8.34045	
2.78473	8.34045	
2.7887	8.34137	
2.78931	8.34076	
2.79053	8.34045	
2.78839	8.33984	
2.79083	8.34015	
2.78473	8.34015	
2.79144	8.34015	
2.79083	8.34015	
2.78778	8.34106	
2.79053	8.34076	
2.78992	8.34015	
2.78473	8.34045	
2.79114	8.34015	
2.79022	8.34045	
2.78625	8.34015	
2.79419	8.34076	
2.79053	8.34045	
2.78534	8.34076	
2.7887	8.34106	
2.79083	8.34045	
2.78534	8.34045	
2.79358	8.34106	
2.79083	8.34076	
2.78564	8.34045	
2.79388	8.34015	
2.79022	8.34045	
2.78595	8.34015	
2.79388	8.34106	
2.78992	8.34076	
2.79205	8.34045	
2.79266	8.34106	
2.79144	8.34076	
2.78931	8.34045	
2.79083	8.34106	
2.79449	8.34045	
2.789	8.34106	
2.79083	8.34045	
2.79266	8.34076	
2.79327	8.34106	
2.79053	8.34015	
2.79083	8.34106	
2.79327	8.34106	
2.79053	8.34076	
2.79053	8.34076	
2.78992	8.34106	
2.79053	8.33954	
2.789	8.34015	
2.789	8.34015	
2.79144	8.34045	
2.78564	8.34045	
2.79144	8.34076	
2.79022	8.34045	
2.79236	8.34106	
2.79358	8.34015	
2.79236	8.34076	
2.79175	8.34106	
2.78503	8.34076	
2.79572	8.34076	
2.79175	8.34106	
2.79144	8.34167	
2.79602	8.34076	
2.79236	8.34076	
2.79083	8.34045	
2.78992	8.34045	
2.78839	8.33984	
2.79114	8.34076	
2.78687	8.33984	
2.78931	8.34106	
2.79205	8.34045	
2.79327	8.34106	
2.7948	8.34045	
2.79175	8.34106	
2.79236	8.34045	
2.79144	8.34015	
2.79449	8.34076	
2.79175	8.34045	
2.78564	8.34076	
2.79358	8.34015	
2.79053	8.34045	
2.78809	8.33984	
2.79419	8.34045	
2.79327	8.34045	
2.78534	8.34015	
2.79388	8.34015	
2.78992	8.34076	
2.79205	8.34015	
2.79541	8.34076	
2.79205	8.34137	
2.79144	8.33984	
2.78931	8.34015	
2.79358	8.34015	
2.79114	8.34045	
2.78931	8.34015	
2.78931	8.34106	
2.79297	8.34106	
2.79205	8.33984	
2.79144	8.34076	
2.79663	8.34015	
2.78961	8.34015	
2.79144	8.34076	
2.79022	8.34045	
2.78992	8.33984	
2.79144	8.34167	
2.79022	8.33954	
2.79388	8.34106	
2.79144	8.34076	
2.79236	8.34137	
2.79297	8.34015	
2.79175	8.34076	
2.79205	8.34045	
2.78992	8.34045	
2.79602	8.34076	
2.79388	8.34015	
2.79114	8.34076	
2.79633	8.34076	
2.79114	8.34045	
2.79114	8.34106	
2.78717	8.34076	
2.79022	8.34076	
2.79175	8.34076	
2.78687	8.34076	
2.79449	8.34076	
2.79083	8.34045	
2.79022	8.34045	
2.79114	8.34076	
2.79175	8.34076	
2.79175	8.34076	
2.78595	8.34015	
2.79572	8.34045	
2.79419	8.34045	
2.79114	8.34106	
2.79633	8.34106	
2.79358	8.34076	
2.79144	8.34045	
2.78961	8.34076	
2.78992	8.34045	
2.79053	8.34045	
2.78961	8.34076	
2.79144	8.34045	
2.79144	8.34076	
2.79083	8.33984	
2.79083	8.34076	
2.79205	8.34076	
2.79175	8.34045	
2.78595	8.34106	
2.79572	8.34076	
2.79022	8.34045	
2.79083	8.34106	
2.79327	8.34106	
2.79022	8.34076	
2.79083	8.33984	
2.79175	8.34045	
2.79297	8.34137	
2.79022	8.34076	
2.79053	8.34045	
2.78992	8.34045	
2.79083	8.34045	
2.78534	8.33984	
2.79205	8.34137	
2.79022	8.34045	
2.78778	8.33984	
2.78839	8.34076	
2.79144	8.34015	
2.79205	8.34076	
2.789	8.34076	
2.79602	8.34076	
2.79419	8.34045	
2.79022	8.34015	
2.7948	8.34106	
2.79236	8.34076	
2.79083	8.34076	
2.78931	8.34015	
2.79266	8.34015	
2.79022	8.34045	
2.78961	8.34045	
2.79327	8.34076	
2.79083	8.34076	
2.78992	8.34015	
2.79114	8.34106	
2.7951	8.34106	
2.79053	8.34076	
2.79114	8.34045	
2.79327	8.34106	
2.789	8.34045	
2.79083	8.34045	
2.7951	8.34076	
2.79236	8.34015	
2.79114	8.34076	
2.789	8.34015	
2.7887	8.34015	
2.78961	8.34106	
2.78839	8.34076	
2.79388	8.34045	
2.78931	8.34076	
2.79114	8.34076	
2.79205	8.34015	
2.79175	8.34015	
2.79175	8.34076	
2.78534	8.34045	
2.79419	8.34106	
2.79053	8.33954	
2.79083	8.34076	
2.79358	8.34076	
2.79114	8.34015	
2.79083	8.34106	
2.79419	8.34045	
2.78931	8.34015	
2.79083	8.34137	
2.78961	8.34045	
2.78748	8.34076	
2.78992	8.34076	
2.78381	8.34015	
2.7887	8.34045	
2.79114	8.33954	
2.79144	8.34015	
2.78442	8.34106	
2.79388	8.34076	
2.78961	8.34015	
2.79022	8.34076	
2.79327	8.34076	
2.79175	8.34076	
2.79083	8.34045	
2.79358	8.34106	
2.78961	8.34015	
2.79114	8.34076	
2.79144	8.34076	
2.79114	8.34076	
2.79083	8.34076	
2.78473	8.34015	
2.78748	8.34045	
2.78961	8.34106	
2.79144	8.34076	
2.79236	8.34106	
2.79083	8.34045	
2.78992	8.34076	
2.78717	8.34045	
2.79419	8.34106	
2.79114	8.34137	
2.79083	8.34076	
2.79114	8.34106	
2.79327	8.33954	
2.78992	8.34106	
2.78534	8.34015	
2.79083	8.34045	
2.79144	8.34137	
2.78992	8.34076	
2.79022	8.34076	
2.79449	8.34045	
2.79236	8.34045	
2.79083	8.34045	
2.79388	8.34106	
2.7887	8.34015	
2.79053	8.34106	
2.79144	8.34076	
2.7887	8.34045	
2.79053	8.34076	
2.79144	8.34045	
2.78809	8.34076	
2.79022	8.34015	
2.7887	8.34076	
2.79297	8.34045	
2.79114	8.34015	
2.79144	8.34076	
2.79175	8.34015	
2.79205	8.34076	
2.79236	8.34076	
2.79114	8.34076	
2.79114	8.33984	
2.79022	8.33954	
2.79114	8.34076	
2.79388	8.34076	
2.79205	8.34015	
2.79083	8.34076	
2.79449	8.34045	
2.79205	8.34076	
2.79022	8.34076	
2.78931	8.34045	
2.79419	8.34076	
2.79053	8.34015	
2.79205	8.34137	
2.79419	8.34106	
2.79297	8.34076	
2.79388	8.33984	
2.79114	8.34045	
2.7951	8.34106	
2.79083	8.34076	
2.79083	8.34015	
2.7948	8.34137	
2.79327	8.34015	
2.79022	8.34015	
2.79022	8.34015	
2.79358	8.34076	
2.79053	8.33923	
2.79175	8.34015	
2.79205	8.34045	
2.79022	8.34015	
2.78931	8.34015	
2.78961	8.34076	
2.79236	8.34076	
2.79266	8.34045	
2.78564	8.34015	
2.79602	8.34045	
2.79114	8.34045	
2.79114	8.34045	
2.79388	8.34076	
2.79205	8.34015	
2.79144	8.34015	
2.7948	8.34015	
2.79236	8.34076	
2.79175	8.33954	
2.78961	8.34076	
2.79114	8.34045	
2.79114	8.34045	
2.79205	8.34045	
2.79449	8.34045	
2.79266	8.34045	
2.79175	8.34045	
2.79114	8.34015	
2.79388	8.33984	
2.79144	8.34076	
2.79114	8.34015	
2.78931	8.34015	
2.7948	8.34015	
2.79053	8.34045	
2.79083	8.34076	
2.79449	8.34106	
2.79663	8.34076	
2.79022	8.34076	
2.79205	8.34045	
2.78931	8.33984	
2.79449	8.34106	
2.79205	8.33984	
2.78961	8.33984	
2.7948	8.34015	
2.79205	8.34015	
2.78931	8.34015	
2.79083	8.34015	
2.79388	8.34015	
2.789	8.33984	
2.79053	8.33954	
2.79297	8.34076	
2.78839	8.34015	
2.79114	8.34045	
2.78534	8.34045	
2.789	8.34015	
2.79175	8.34076	
2.78931	8.34015	
2.79144	8.34106	
2.7948	8.34076	
2.78961	8.34045	
2.79053	8.34045	
2.79083	8.33984	
2.79297	8.34106	
2.79114	8.34076	
2.79144	8.34015	
2.79205	8.34045	
2.79114	8.34076	
2.78931	8.34015	
2.79083	8.34015	
2.79327	8.34076	
2.7887	8.33984	
2.79114	8.33984	
2.79053	8.34015	
2.79083	8.34045	
2.79114	8.33954	
2.78595	8.34015	
2.7887	8.34015	
2.79205	8.34015	
2.79083	8.33984	
2.78717	8.34015	
2.79572	8.34137	
2.79022	8.34015	
2.79053	8.34045	
2.79449	8.34015	
2.78961	8.34045	
2.79053	8.34015	
2.79449	8.34076	
2.79236	8.34015	
2.78992	8.34015	
2.78992	8.34045	
2.79388	8.34045	
2.78992	8.34045	
2.79144	8.34076	
2.79419	8.33984	
2.79205	8.34045	
2.79144	8.34015	
2.79022	8.33984	
2.79572	8.34137	
2.79053	8.34106	
2.79022	8.34106	
2.789	8.34015	
2.789	8.34045	
2.79053	8.34045	
2.78625	8.34045	
2.7887	8.33984	
2.79053	8.34015	
2.79205	8.34045	
2.78442	8.33984	
2.79388	8.33984	
2.78961	8.34015	
2.79022	8.34076	
2.79388	8.34045	
2.79236	8.34076	
2.78992	8.34106	
2.79022	8.34015	
2.79419	8.34015	
2.78992	8.34015	
2.79114	8.34076	
2.79144	8.34015	
2.79144	8.34045	
2.78961	8.34076	
2.789	8.34076	
2.7951	8.34045	
2.7887	8.34015	
2.78961	8.34045	
2.78809	8.34015	
2.79388	8.34076	
2.79114	8.33984	
2.78442	8.34015	
2.79053	8.33984	
2.79083	8.34015	
2.79114	8.33984	
2.78534	8.33954	
2.79297	8.34045	
2.79297	8.34015	
2.78992	8.34076	
2.79572	8.34045	
2.79144	8.34076	
2.79053	8.33954	
2.78839	8.33954	
2.78839	8.34076	
2.78961	8.34045	
2.789	8.34106	
2.79388	8.34045	
2.78992	8.34045	
2.79053	8.34045	
2.78412	8.34015	
2.79358	8.34076	
2.79083	8.34015	
2.79083	8.34137	
2.7951	8.34045	
2.79022	8.34045	
2.79114	8.34045	
2.78656	8.34015	
2.78809	8.34015	
2.79114	8.34015	
2.79205	8.34045	
2.79022	8.34076	
2.79297	8.34106	
2.78961	8.34045	
2.79053	8.34106	
2.78748	8.34076	
2.79083	8.34076	
2.79083	8.34045	
2.79175	8.34045	
2.79114	8.34137	
2.79449	8.34106	
2.79266	8.34076	
2.79022	8.34076	
2.789	8.33984	
2.78809	8.34015	
2.79205	8.34015	
2.78564	8.34076	
2.79236	8.33954	
2.79083	8.34045	
2.79022	8.34045	
2.79083	8.34045	
2.79388	8.33984	
2.79297	8.34045	
2.79144	8.34076	
2.78687	8.34015	
2.789	8.33984	
2.79175	8.34045	
2.79327	8.34045	
2.79053	8.34015	
2.79083	8.34015	
2.79083	8.33984	
2.79114	8.34076	
2.7887	8.34076	
2.78809	8.34015	
2.79419	8.33984	
2.78992	8.34015	
2.79083	8.33984	
2.79449	8.34045	
2.79358	8.34045	
2.79083	8.34045	
2.78442	8.34045	
2.78809	8.34015	
2.79205	8.34045	
2.79022	8.34045	
2.79083	8.33984	
2.79358	8.33984	
2.79022	8.34045	
2.79144	8.34076	
2.78992	8.34045	
2.79388	8.34015	
2.79083	8.34045	
2.78961	8.34015	
2.78534	8.34015	
2.79541	8.34045	
2.79053	8.34045	
2.79205	8.34076	
2.79053	8.33984	
2.7887	8.34076	
2.79175	8.34076	
2.78961	8.34045	
2.79083	8.33984	
2.79541	8.34137	
2.78961	8.34015	
2.79144	8.34076	
2.79236	8.34076	
2.78595	8.34076	
2.79663	8.34076	
2.78961	8.34076	
2.79083	8.34015	
2.7887	8.34076	
2.79419	8.34045	
2.79175	8.33984	
2.79236	8.34076	
2.79144	8.34076	
2.79114	8.34076	
2.7887	8.34045	
2.79144	8.34015	
2.79144	8.34076	
2.7948	8.34045	
2.79297	8.34106	
2.79236	8.34045	
2.7887	8.34076	
2.79388	8.34106	
2.79053	8.34015	
2.79053	8.34076	
2.78931	8.34106	
2.78961	8.34045	
2.79053	8.34076	
2.79297	8.34076	
2.78656	8.34076	
2.7948	8.34076	
2.79236	8.34106	
2.79022	8.34076	
2.78748	8.34045	
2.78931	8.34015	
2.79266	8.34076	
2.79144	8.34015	
2.78961	8.34015	
2.79419	8.34045	
2.79144	8.34015	
2.79022	8.34045	
2.79022	8.34106	
2.79327	8.34106	
2.79114	8.34076	
2.78992	8.34015	
2.79114	8.34106	
2.79388	8.34045	
2.78931	8.34015	
2.79053	8.34076	
2.78961	8.33954	
2.79297	8.34076	
2.79083	8.34076	
2.78625	8.33984	
2.78839	8.34106	
2.79083	8.34076	
2.79175	8.34045	
2.78931	8.34045	
2.79572	8.34045	
2.78992	8.34045	
2.79083	8.34015	
2.79541	8.34106	
2.79266	8.33984	
2.78992	8.34045	
2.78992	8.34137	
2.79205	8.34106	
2.79022	8.34045	
2.79175	8.34045	
2.79358	8.34167	
2.79114	8.34045	
2.7887	8.34015	
2.79022	8.34045	
2.79297	8.34076	
2.78961	8.33984	
2.78992	8.34015	
2.78839	8.34015	
2.79083	8.34076	
2.79053	8.34076	
2.789	8.34137	
2.79022	8.34045	
2.79236	8.34045	
2.79205	8.34076	
2.79022	8.34198	
2.79083	8.34045	
2.78748	8.34015	
2.79449	8.34045	
2.78961	8.34045	
2.789	8.34106	
2.78992	8.34167	
2.78809	8.34045	
2.79083	8.34106	
2.79236	8.34106	
2.78992	8.34106	
2.79419	8.34076	
2.79205	8.34076	
2.79053	8.34076	
2.78503	8.33984	
2.79297	8.34076	
2.79114	8.34045	
2.79114	8.34076	
2.79022	8.34106	
2.7887	8.34076	
2.79022	8.34015	
2.79083	8.34076	
2.789	8.34045	
2.79022	8.34076	
2.79358	8.34106	
2.78961	8.34076	
2.789	8.33984	
2.79114	8.34045	
2.78595	8.34045	
2.79358	8.34045	
2.79205	8.34045	
2.79053	8.33984	
2.78412	8.34045	
2.78687	8.34045	
2.79053	8.34015	
2.78748	8.34045	
2.78931	8.34076	
2.79419	8.34076	
2.78839	8.34106	
2.78839	8.34015	
2.78595	8.34045	
2.79327	8.34045	
2.7948	8.34076	
2.7887	8.34076	
2.79053	8.34106	
2.78931	8.34076	
2.79388	8.34045	
2.78931	8.34015	
2.79144	8.34015	
2.78992	8.34045	
2.79297	8.34045	
2.79114	8.34015	
2.79083	8.34015	
2.78778	8.34045	
2.78595	8.34106	
2.79572	8.34076	
2.78961	8.34076	
2.79053	8.34045	
2.78839	8.34045	
2.79358	8.34137	
2.79083	8.34045	
2.78961	8.34015	
2.79022	8.34106	
2.7948	8.34015	
2.79144	8.34045	
2.78992	8.34045	
2.79114	8.34015	
2.78656	8.34076	
2.7951	8.34045	
2.79114	8.34076	
2.79053	8.34045	
2.78992	8.34045	
2.789	8.34106	
2.79083	8.34045	
2.79114	8.34015	
2.79083	8.34137	
2.79297	8.34076	
2.789	8.34137	
2.78961	8.34045	
2.78564	8.34137	
2.78809	8.34045	
2.79175	8.34076	
2.79114	8.34076	
2.78656	8.34015	
2.79327	8.34045	
2.78931	8.34015	
2.79022	8.34076	
2.78931	8.34076	
2.79144	8.34076	
2.79083	8.34015	
2.78992	8.34076	
2.79022	8.34015	
2.79388	8.34045	
2.79297	8.34076	
2.79022	8.34015	
2.78625	8.34045	
2.79175	8.34076	
2.79602	8.34076	
2.79327	8.34076	
2.79053	8.34137	
2.78961	8.34015	
2.79205	8.34045	
2.79022	8.34137	
2.79114	8.34045	
2.78534	8.34076	
2.79449	8.34076	
2.79266	8.34045	
2.79022	8.34106	
2.78473	8.33984	
2.79358	8.34015	
2.79083	8.34045	
2.78992	8.34106	
2.79083	8.34045	
2.7951	8.34076	
2.79175	8.34045	
2.79083	8.33954	
2.79205	8.34137	
2.78473	8.34015	
2.79449	8.34076	
2.78931	8.34076	
2.78992	8.34167	
2.78503	8.34015	
2.79022	8.34045	
2.79144	8.34076	
2.79022	8.34076	
2.79144	8.34045	
2.78931	8.33984	
2.79236	8.34045	
2.78992	8.34045	
2.79236	8.34076	
2.78931	8.34076	
2.79541	8.34137	
2.79327	8.34076	
2.79083	8.34076	
2.79114	8.34137	
2.78931	8.34045	
2.79053	8.34076	
2.79236	8.34076	
2.78442	8.34045	
2.79663	8.34137	
2.78992	8.34076	
2.79022	8.34076	
2.78687	8.34076	
2.79236	8.34076	
2.79572	8.34076	
2.79144	8.34137	
2.79114	8.34076	
2.78839	8.34045	
2.789	8.33984	
2.79144	8.34137	
2.79266	8.33923	
2.79114	8.34106	
2.79327	8.34106	
2.79175	8.34106	
2.79144	8.34045	
2.78778	8.34045	
2.79114	8.34106	
2.79144	8.34045	
2.79358	8.34045	
2.78992	8.34045	
2.79236	8.34106	
2.78839	8.34106	
2.79083	8.34045	
2.78564	8.33984	
2.79144	8.34045	
2.79083	8.34015	
2.78931	8.34076	
2.79053	8.34045	
2.79022	8.34076	
2.79419	8.34137	
2.79053	8.34045	
2.79205	8.34106	
2.789	8.34106	
2.79297	8.34106	
2.78992	8.34045	
2.79022	8.34076	
2.78503	8.33984	
2.78992	8.34045	
2.79327	8.34045	
2.79236	8.34015	
2.78992	8.34076	
2.78931	8.34106	
2.79114	8.34076	
2.79022	8.34076	
2.79144	8.34076	
2.79022	8.34076	
2.79388	8.34045	
2.79388	8.34076	
2.79022	8.34045	
2.79205	8.34076	
2.78564	8.34045	
2.79297	8.34015	
2.79175	8.33984	
2.78961	8.34076	
2.79083	8.34015	
2.78961	8.34106	
2.79266	8.34076	
2.78809	8.34045	
2.78961	8.34015	
2.79175	8.34076	
2.78442	8.34015	
2.79266	8.34076	
2.79022	8.34045	
2.78961	8.34045	
2.79144	8.33984	
2.78412	8.34045	
2.7948	8.34167	
2.78961	8.34137	
2.78992	8.34015	
2.78595	8.34076	
2.79144	8.33984	
2.7948	8.34045	
2.79175	8.34076	
2.79022	8.34076	
2.79083	8.34106	
2.78656	8.34076	
2.79388	8.34076	
2.78717	8.34076	
2.789	8.34045	
2.79083	8.34045	
2.78809	8.34106	
2.79266	8.34106	
2.79266	8.34076	
2.78992	8.34106	
2.78809	8.34045	
2.78381	8.34106	
2.79327	8.34106	
2.79175	8.34076	
2.78961	8.34015	
2.79053	8.34015	
2.78503	8.34045	
2.79419	8.34106	
2.79053	8.34106	
2.78931	8.34045	
2.79053	8.34045	
2.78381	8.34076	
2.79327	8.34076	
2.79205	8.34045	
2.78992	8.34137	
2.78564	8.34015	
2.78748	8.34045	
2.7951	8.34106	
2.79114	8.34045	
2.78992	8.34045	
2.78656	8.33984	
2.78778	8.34106	
2.79358	8.34137	
2.78839	8.34106	
2.78992	8.34045	
2.78839	8.34045	
2.79205	8.34076	
2.79053	8.34076	
2.7887	8.34076	
2.78931	8.34106	
2.79388	8.34076	
2.79114	8.34045	
2.78961	8.34045	
2.78534	8.34045	
2.78687	8.34106	
2.79388	8.34076	
2.79236	8.34076	
2.78992	8.34076	
2.78748	8.34045	
2.79175	8.34045	
2.79022	8.34015	
2.78839	8.34045	
2.78931	8.34137	
2.79175	8.34045	
2.78748	8.34076	
2.78992	8.34015	
2.79083	8.34076	
2.79266	8.34076	
2.79449	8.34045	
2.79266	8.34076	
2.78931	8.34076	
2.78748	8.34045	
2.79114	8.34045	
2.79114	8.34076	
2.78839	8.34045	
2.78961	8.34076	
2.78961	8.34076	
2.79022	8.34076	
2.79022	8.34045	
2.78839	8.34045	
2.78961	8.34076	
2.79266	8.34045	
2.79205	8.34106	
2.78961	8.34045	
2.78992	8.34015	
2.78351	8.34167	
2.79175	8.34015	
2.79266	8.34045	
2.789	8.34076	
2.78473	8.33984	
2.79327	8.34076	
2.79144	8.34045	
2.79327	8.34045	
2.79022	8.34045	
2.79419	8.34076	
2.79083	8.34076	
2.78961	8.34106	
2.79175	8.34137	
2.78717	8.34076	
2.79388	8.34045	
2.78717	8.34076	
2.79022	8.34076	
2.79175	8.34137	
2.78687	8.34045	
2.79541	8.34045	
2.78931	8.34045	
2.78961	8.34076	
2.78442	8.33954	
2.79419	8.34137	
2.79358	8.34076	
2.79266	8.34076	
2.79022	8.34045	
2.78809	8.34076	
2.79388	8.34106	
2.79114	8.34076	
2.79358	8.34076	
2.79022	8.34045	
2.7887	8.34045	
2.79236	8.34045	
2.78992	8.34137	
2.79175	8.33984	
2.79083	8.34106	
2.79449	8.34076	
2.789	8.33954	
2.79053	8.34076	
2.789	8.34076	
2.79053	8.34076	
2.79297	8.34076	
2.789	8.33984	
2.78992	8.34106	
2.79205	8.34106	
2.79022	8.34045	
2.7887	8.33984	
2.79388	8.34076	
2.78992	8.34045	
2.79358	8.34045	
2.79022	8.34076	
2.78992	8.34045	
2.79266	8.34076	
2.79144	8.34076	
2.79175	8.34106	
2.79022	8.34045	
2.7948	8.34076	
2.79083	8.33984	
2.78992	8.33954	
2.78931	8.34137	
2.78809	8.34045	
2.79144	8.34076	
2.79327	8.34015	
2.78961	8.34015	
2.789	8.34076	
2.79358	8.34015	
2.78992	8.34076	
2.79175	8.34076	
2.789	8.34076	
2.79388	8.34106	
2.79205	8.34076	
2.79083	8.34015	
2.79144	8.34045	
2.78931	8.34015	
2.79572	8.34106	
2.78961	8.34045	
2.79053	8.34015	
2.789	8.33984	
2.78595	8.34045	
2.7951	8.34045	
2.789	8.34015	
2.79114	8.34076	
2.7887	8.34045	
2.78778	8.34045	
2.79236	8.34106	
2.79083	8.34076	
2.79022	8.34076	
2.78412	8.34015	
2.79205	8.34076	
2.79205	8.34045	
2.79266	8.34137	
2.79053	8.34076	
2.78839	8.34045	
2.79114	8.34045	
2.79144	8.34076	
2.79022	8.34045	
2.78992	8.34045	
2.79083	8.34015	
2.79053	8.34015	
2.78992	8.34106	
2.78931	8.34076	
2.79236	8.34106	
2.79205	8.34076	
2.78961	8.34076	
2.78961	8.34045	
2.78748	8.34045	
2.79053	8.34076	
2.78992	8.34076	
2.78961	8.34167	
2.79114	8.34045	
2.79114	8.34106	
2.79236	8.34015	
2.78992	8.34076	
2.79083	8.34015	
2.78961	8.34076	
2.79358	8.34076	
2.78778	8.33984	
2.78931	8.34015	
2.79114	8.34045	
2.78931	8.33984	
2.79419	8.34015	
2.78961	8.34076	
2.78992	8.34045	
2.789	8.34015	
2.78351	8.33984	
2.79205	8.34045	
2.79053	8.34045	
2.789	8.34045	
2.78534	8.33984	
2.79144	8.34198	
2.79053	8.34045	
2.79053	8.34076	
2.78931	8.33984	
2.78748	8.34015	
2.78778	8.34015	
2.789	8.34045	
2.79053	8.34076	
2.78381	8.33984	
2.7951	8.34045	
2.78748	8.34015	
2.78931	8.34045	
2.78778	8.34045	
2.79175	8.34045	
2.79175	8.34015	
2.78931	8.34015	
2.7887	8.34015	
2.78564	8.34015	
2.79022	8.34015	
2.78992	8.34045	
2.78931	8.34045	
2.78992	8.34076	
2.78717	8.33984	
2.789	8.34045	
2.79022	8.33984	
2.789	8.34015	
2.789	8.34137	
2.78748	8.33954	
2.79205	8.34015	
2.78992	8.34015	
2.78778	8.34076	
2.78961	8.33984	
2.79388	8.34045	
2.78778	8.34076	
2.7887	8.34045	
2.78992	8.34015	
2.789	8.34106	
2.78961	8.34015	
2.78992	8.34045	
2.78992	8.34015	
2.78809	8.34045	
2.789	8.33984	
2.78717	8.34106	
2.789	8.33984	
2.78961	8.33984	
2.79114	8.34106	
2.78931	8.34015	
2.79205	8.34045	
2.78961	8.34045	
2.78748	8.34076	
2.79083	8.34076	
2.78717	8.34045	
2.79205	8.34076	
2.79083	8.34015	
2.789	8.33923	
2.789	8.34045	
2.79144	8.34045	
2.7951	8.34045	
2.78931	8.34045	
2.78961	8.34106	
2.78412	8.34015	
2.79236	8.34137	
2.79419	8.34137	
2.78748	8.34015	
2.78961	8.34045	
2.78351	8.34015	
2.79144	8.34076	
2.7948	8.34045	
2.79053	8.34045	
2.78839	8.33984	
2.789	8.33984	
2.78351	8.33984	
2.79205	8.34045	
2.79175	8.34076	
2.78931	8.34045	
2.79053	8.34137	
2.78931	8.34045	
2.79297	8.34015	
2.79053	8.34045	
2.79053	8.34015	
2.79053	8.34045	
2.78961	8.34015	
2.79358	8.34045	
2.789	8.34076	
2.789	8.33984	
2.79144	8.33984	
2.78473	8.33923	
2.79327	8.34076	
2.79053	8.33984	
2.7887	8.34137	
2.78534	8.33923	
2.789	8.34015	
2.79175	8.34045	
2.78961	8.34076	
2.78931	8.34076	
2.78503	8.34015	
2.79053	8.34076	
2.79205	8.34045	
2.78931	8.34076	
2.79022	8.34015	
2.78381	8.34045	
2.789	8.34015	
2.79358	8.34045	
2.79175	8.34076	
2.79083	8.34137	
2.78961	8.34076	
2.78687	8.33984	
2.79175	8.34076	
2.7887	8.33984	
2.78961	8.34015	
2.78412	8.34076	
2.79175	8.34015	
2.79053	8.34045	
2.78931	8.34015	
2.78992	8.34076	
2.78809	8.34015	
2.78839	8.34045	
2.79022	8.33984	
2.79266	8.34045	
2.78992	8.34106	
2.78992	8.34076	
2.78778	8.34076	
2.79053	8.34076	
2.79175	8.34015	
2.78992	8.34045	
2.789	8.34076	
2.789	8.34045	
2.79053	8.34045	
2.78992	8.34076	
2.79053	8.34045	
2.78748	8.34076	
2.79175	8.34076	
2.78961	8.34106	
2.79144	8.34076	
2.79022	8.34106	
2.79236	8.34076	
2.79053	8.34076	
2.78992	8.34015	
2.79083	8.34106	
2.789	8.34015	
2.79266	8.34045	
2.79236	8.34015	
2.79053	8.34045	
2.79083	8.34076	
2.78961	8.34076	
2.79419	8.34076	
2.79266	8.34015	
2.78931	8.34015	
2.79114	8.34106	
2.79022	8.34015	
2.79327	8.34045	
2.78992	8.34045	
2.789	8.34015	
2.79175	8.34015	
2.78992	8.34015	
2.79449	8.34076	
2.79083	8.34045	
2.78931	8.34076	
2.79205	8.34106	
2.78931	8.34015	
2.79358	8.34076	
2.79205	8.34045	
2.78961	8.34045	
2.79053	8.34045	
2.78503	8.34045	
2.79144	8.34045	
2.78839	8.34076	
2.78961	8.34076	
2.79083	8.34076	
2.78656	8.34076	
2.7951	8.34045	
2.79144	8.34076	
2.78931	8.34076	
2.78625	8.34045	
2.78809	8.34106	
2.79205	8.34015	
2.789	8.34076	
2.78931	8.34015	
2.78687	8.34106	
2.78381	8.33984	
2.79327	8.34137	
2.79053	8.34137	
2.78961	8.34045	
2.79114	8.34045	
2.789	8.34106	
2.79236	8.34045	
2.79266	8.34076	
2.79114	8.34045	
2.79175	8.34045	
2.79053	8.34076	
2.78809	8.34076	
2.78961	8.34045	
2.79327	8.34076	
2.78839	8.34076	
2.7887	8.34076	
2.78839	8.34106	
2.78687	8.34045	
2.79449	8.34015	
2.79022	8.34045	
2.7887	8.34076	
2.78809	8.34045	
2.78442	8.34045	
2.79388	8.34076	
2.7887	8.34045	
2.78931	8.34076	
2.79053	8.34076	
2.78412	8.34106	
2.79205	8.34167	
2.79144	8.34106	
2.78992	8.34076	
2.79022	8.34076	
2.78442	8.34076	
2.79175	8.34076	
2.78748	8.34076	
2.789	8.34076	
2.78931	8.34137	
2.789	8.34076	
2.78717	8.34106	
2.78809	8.34045	
2.7951	8.34015	
2.78839	8.34045	
2.789	8.34076	
2.78656	8.34045	
2.78687	8.34106	
2.79144	8.34076	
2.78931	8.34106	
2.78931	8.34106	
2.79022	8.34045	
2.789	8.34045	
2.79114	8.34137	
2.78992	8.34076	
2.789	8.34076	
2.78809	8.34106	
2.78748	8.34106	
2.79205	8.34076	
2.7887	8.34045	
2.78748	8.34076	
2.79053	8.34045	
2.78839	8.34076	
2.79144	8.34015	
2.78656	8.34137	
2.78748	8.34045	
2.79022	8.34045	
2.789	8.34045	
2.78717	8.33954	
2.79236	8.34106	
2.78931	8.34137	
2.79022	8.34076	
2.789	8.34015	
2.7832	8.34076	
2.78809	8.34106	
2.79144	8.34076	
2.79175	8.34076	
2.78839	8.34076	
2.78229	8.34076	
2.79144	8.34076	
2.79419	8.34076	
2.78687	8.34106	
2.78839	8.34045	
2.78412	8.34015	
2.78564	8.34076	
2.7948	8.34106	
2.78748	8.34076	
2.78839	8.34015	
2.79053	8.34015	
2.78931	8.34076	
2.79419	8.34076	
2.78839	8.34076	
2.78839	8.34015	
2.78503	8.34076	
2.79083	8.34076	
2.78961	8.34015	
2.79144	8.34076	
2.78992	8.34106	
2.78809	8.34076	
2.79236	8.34045	
2.79358	8.34045	
2.78809	8.34137	
2.78839	8.34076	
2.78778	8.34015	
2.78595	8.34015	
2.79297	8.34137	
2.79022	8.34076	
2.79022	8.34015	
2.78748	8.34106	
2.78931	8.34045	
2.78931	8.34015	
2.78717	8.34045	
2.79022	8.34015	
2.79114	8.34106	
2.78992	8.34045	
2.78931	8.34045	
2.79083	8.34045	
2.79022	8.34015	
2.79266	8.34045	
2.78961	8.34106	
2.78503	8.34076	
2.78687	8.34076	
2.79205	8.34076	
2.78748	8.34106	
2.78961	8.34137	
2.79114	8.34045	
2.79022	8.34015	
2.78931	8.34015	
2.79205	8.34167	
2.78931	8.34106	
2.78809	8.34106	
2.789	8.34045	
2.789	8.34045	
2.79266	8.34076	
2.78992	8.34106	
2.78931	8.34076	
2.79022	8.34045	
2.79358	8.34076	
2.78931	8.34045	
2.78931	8.34015	
2.79114	8.34076	
2.78961	8.34076	
2.79449	8.34045	
2.78809	8.34076	
2.79022	8.34045	
2.79205	8.34076	
2.78961	8.33923	
2.79358	8.34015	
2.78809	8.34106	
2.78961	8.34045	
2.79022	8.34076	
2.79053	8.34076	
2.78839	8.34045	
2.79327	8.34076	
2.78961	8.34106	
2.78992	8.34015	
2.79022	8.34045	
2.79053	8.34045	
2.78961	8.34076	
2.79205	8.34106	
2.789	8.34015	
2.79053	8.34045	
2.79114	8.34076	
2.78839	8.34045	
2.79388	8.34137	
2.79205	8.34106	
2.78961	8.34106	
2.78839	8.34015	
2.78961	8.34045	
2.78839	8.34106	
2.78809	8.34015	
2.79083	8.34045	
2.7887	8.34106	
2.79022	8.34045	
2.78503	8.34045	
2.78473	8.34076	
2.79358	8.33984	
2.78839	8.34076	
2.79022	8.34015	
2.78809	8.34015	
2.79053	8.34106	
2.78931	8.33984	
2.79358	8.34076	
2.79449	8.34015	
2.78809	8.34015	
2.78992	8.34015	
2.79144	8.34076	
2.79022	8.34076	
2.79358	8.34076	
2.79053	8.34106	
2.79053	8.34137	
2.79144	8.34045	
2.78992	8.34137	
2.78473	8.34015	
2.78717	8.34076	
2.79297	8.34106	
2.78778	8.34015	
2.79083	8.34045	
2.78839	8.34106	
2.79022	8.34076	
2.78381	8.34076	
2.78809	8.34076	
2.79449	8.34015	
2.78839	8.34045	
2.79022	8.34106	
2.79144	8.34015	
2.79083	8.34015	
2.79114	8.34015	
2.79236	8.34106	
2.78992	8.34106	
2.78992	8.34076	
2.78992	8.34015	
2.79053	8.34015	
2.78839	8.34045	
2.79083	8.34137	
2.7887	8.34015	
2.78992	8.34106	
2.789	8.34045	
2.78931	8.34045	
2.78625	8.34045	
2.7829	8.34045	
2.79205	8.34106	
2.78656	8.34045	
2.78992	8.34076	
2.78748	8.34076	
2.78992	8.34137	
2.78839	8.34076	
2.79297	8.34106	
2.79236	8.34076	
2.78748	8.34015	
2.78961	8.34106	
2.78839	8.34045	
2.78961	8.34137	
2.78503	8.34076	
2.78625	8.34015	
2.79236	8.34045	
2.79114	8.34076	
2.789	8.34045	
2.79053	8.34015	
2.78931	8.34045	
2.78687	8.34045	
2.79205	8.34106	
2.79449	8.34106	
2.78931	8.34076	
2.78839	8.34106	
2.7887	8.34167	
2.78961	8.34106	
2.78748	8.34045	
2.79297	8.34015	
2.79419	8.34076	
2.79053	8.34076	
2.78839	8.34045	
2.7887	8.34015	
2.78961	8.34045	
2.78809	8.34106	
2.79205	8.34045	
2.79358	8.34045	
2.79144	8.33984	
2.78839	8.34015	
2.78992	8.34045	
2.789	8.34076	
2.78809	8.34045	
2.7887	8.34137	
2.78931	8.34015	
2.78809	8.34076	
2.7887	8.33984	
2.78412	8.34015	
2.78534	8.34076	
2.79175	8.34015	
2.79144	8.34076	
2.789	8.34076	
2.79083	8.34106	
2.789	8.34015	
2.79236	8.34076	
2.79175	8.34137	
2.78992	8.34045	
2.789	8.34076	
2.78931	8.34015	
2.79022	8.34076	
2.78931	8.34106	
2.79327	8.34076	
2.78717	8.34106	
2.78809	8.34076	
2.789	8.34045	
2.78839	8.34015	
2.78625	8.34045	
2.78687	8.34045	
2.78992	8.34015	
2.78656	8.34045	
2.7887	8.33923	
2.789	8.33923	
2.78717	8.34045	
2.79175	8.34076	
2.78992	8.34015	
2.78839	8.34076	
2.79083	8.34045	
2.78839	8.34045	
2.79236	8.33954	
2.78656	8.34045	
2.78961	8.34015	
2.78656	8.33984	
2.78931	8.34045	
2.78809	8.34015	
2.78595	8.34015	
2.78992	8.34045	
2.78748	8.34045	
2.78931	8.34076	
2.78748	8.34045	
2.78992	8.34015	
2.78931	8.34015	
2.78961	8.34045	
2.78931	8.34015	
2.7887	8.34045	
2.79083	8.34076	
2.79358	8.34015	
2.78961	8.34106	
2.7887	8.34045	
2.79083	8.34015	
2.78961	8.34015	
2.78717	8.34045	
2.78748	8.34045	
2.78992	8.34045	
2.78931	8.34045	
2.78931	8.34015	
2.79114	8.34076	
2.78839	8.34015	
2.78748	8.34045	
2.79022	8.34015	
2.78992	8.34015	
2.79175	8.34137	
2.78961	8.34045	
2.78839	8.34045	
2.78656	8.33984	
2.78992	8.33984	
2.78748	8.34045	
2.7887	8.34045	
2.78412	8.34076	
2.79144	8.34076	
2.79144	8.33984	
2.79114	8.34045	
2.789	8.34045	
2.7887	8.34076	
2.78717	8.34015	
2.79449	8.34076	
2.79205	8.34045	
2.78931	8.34045	
2.78503	8.34045	
2.79022	8.33984	
2.79388	8.34076	
2.78778	8.34015	
2.78961	8.34015	
2.79053	8.33923	
2.78412	8.34015	
2.79144	8.34015	
2.78687	8.34015	
2.78992	8.34015	
2.78931	8.34076	
2.78931	8.34015	
2.78961	8.33984	
2.78809	8.34076	
2.79419	8.34076	
2.78992	8.34015	
2.789	8.34045	
2.79083	8.34015	
2.78931	8.33984	
2.79022	8.34015	
2.78717	8.34045	
2.79327	8.34045	
2.79175	8.33954	
2.789	8.33954	
2.7887	8.33984	
2.78687	8.33984	
2.79236	8.34076	
2.79053	8.34076	
2.789	8.34045	
2.78931	8.34045	
2.78961	8.33984	
2.78625	8.34015	
2.78564	8.34015	
2.79205	8.34015	
2.78656	8.34015	
2.79327	8.34076	
2.78717	8.33984	
2.78961	8.34045	
2.78961	8.34015	
2.78961	8.34015	
2.78748	8.34015	
2.78931	8.34015	
2.79327	8.34015	
2.78778	8.33984	
2.78961	8.34015	
2.79053	8.34076	
2.78992	8.34015	
2.79419	8.34106	
2.79236	8.34015	
2.79022	8.34045	
2.79236	8.34106	
2.78992	8.33984	
2.78351	8.34015	
2.78564	8.34045	
2.79358	8.34045	
2.78931	8.33984	
2.78992	8.34076	
2.79022	8.34015	
2.78381	8.34045	
2.79175	8.34045	
2.78931	8.34076	
2.78992	8.34045	
2.78748	8.34015	
2.78931	8.33984	
2.789	8.34045	
2.79175	8.34015	
2.79541	8.34076	
2.79083	8.34015	
2.7887	8.34015	
2.79114	8.33984	
2.78992	8.33984	
2.78778	8.34015	
2.79297	8.34045	
2.79022	8.34045	
2.79144	8.34015	
2.78931	8.34106	
2.78351	8.33954	
2.78748	8.34045	
2.7951	8.34076	
2.79053	8.34045	
2.789	8.33984	
2.78961	8.34045	
2.7887	8.34045	
2.79236	8.34106	
2.78839	8.33984	
2.78992	8.34076	
2.7887	8.34076	
2.7887	8.33984	
2.78748	8.34045	
2.7832	8.34015	
2.79358	8.34015	
2.79175	8.33954	
2.78992	8.34015	
2.78839	8.34045	
2.78931	8.34106	
2.78625	8.34045	
2.78625	8.34045	
2.79114	8.34015	
2.78992	8.34015	
2.78809	8.34045	
2.79053	8.34076	
2.78931	8.34045	
2.78687	8.33954	
2.78778	8.34015	
2.79236	8.34045	
2.78717	8.33984	
2.78961	8.34045	
2.78931	8.34076	
2.789	8.34015	
2.78687	8.33954	
2.78717	8.34045	
2.79114	8.34015	
2.78656	8.33984	
2.78778	8.34045	
2.79022	8.34045	
2.78839	8.33954	
2.78656	8.34076	
2.789	8.34076	
2.78961	8.34015	
2.78687	8.34015	
2.789	8.33893	
2.78961	8.34076	
2.78839	8.33984	
2.78687	8.34106	
2.79144	8.33984	
2.79388	8.34015	
2.79114	8.33984	
2.78778	8.34045	
2.78809	8.34045	
2.78809	8.34076	
2.78778	8.34015	
2.79022	8.33954	
2.79419	8.33984	
2.79083	8.34045	
2.789	8.34015	
2.78961	8.34076	
2.78809	8.33984	
2.78442	8.34076	
2.79266	8.33984	
2.79205	8.34015	
2.78748	8.34045	
2.78778	8.33984	
2.78717	8.34106	
2.789	8.34015	
2.7887	8.34106	
2.7887	8.34015	
2.79114	8.34045	
2.79144	8.34015	
2.79236	8.33984	
2.78839	8.34015	
2.78931	8.34045	
2.79022	8.33984	
2.78931	8.33984	
2.7829	8.34015	
2.78351	8.34106	
2.79175	8.34015	
2.78778	8.34045	
2.789	8.34045	
2.79022	8.34015	
2.789	8.33984	
2.78992	8.34015	
2.78839	8.34076	
2.7887	8.34045	
2.79205	8.34015	
2.79388	8.34015	
2.78656	8.34015	
2.78931	8.34045	
2.78717	8.33954	
2.78839	8.34045	
2.78992	8.34045	
2.78839	8.34015	
2.79297	8.34045	
2.79297	8.34076	
2.78992	8.33984	
2.78931	8.34015	
2.789	8.34045	
2.79022	8.34015	
2.78931	8.34045	
2.78748	8.33984	
2.78687	8.34015	
2.79358	8.34045	
2.78961	8.34045	
2.7887	8.34076	
2.789	8.33954	
2.789	8.34076	
2.78931	8.34076	
2.78687	8.33984	
2.79083	8.33984	
2.79114	8.33984	
2.78961	8.34076	
2.79083	8.34015	
2.78839	8.34045	
2.79022	8.34076	
2.789	8.33984	
2.78717	8.34015	
2.78839	8.34045	
2.79358	8.33984	
2.78931	8.33984	
2.78809	8.34015	
2.79083	8.34106	
2.789	8.34015	
2.7832	8.34015	
2.78839	8.33984	
2.78809	8.34076	
2.78992	8.34015	
2.7948	8.34045	
2.78961	8.34015	
2.78961	8.34076	
2.78992	8.33984	
2.78839	8.34045	
2.78381	8.33984	
2.78473	8.33984	
2.78748	8.34045	
2.78656	8.33954	
2.79358	8.33954	
2.79053	8.34015	
2.78931	8.34015	
2.7887	8.34015	
2.789	8.34045	
2.79053	8.34015	
2.7887	8.34015	
2.7887	8.33984	
2.78412	8.34045	
2.79388	8.34015	
2.79175	8.34015	
2.79327	8.34076	
2.78809	8.33984	
2.7887	8.34076	
2.78839	8.34045	
2.78931	8.33984	
2.78625	8.34015	
2.789	8.33984	
2.78809	8.33954	
2.78809	8.34045	
2.79327	8.33984	
2.79114	8.33984	
2.78809	8.34045	
2.78809	8.34015	
2.789	8.34106	
2.78229	8.34015	
2.78809	8.34045	
2.78778	8.34015	
2.78656	8.34015	
2.79358	8.34015	
2.79297	8.34045	
2.78992	8.34045	
2.78809	8.34045	
2.79053	8.34015	
2.78961	8.34076	
2.78992	8.34045	
2.78748	8.34106	
2.79297	8.34045	
2.79205	8.33954	
2.79114	8.33984	
2.79022	8.34015	
2.78839	8.33984	
2.78778	8.34076	
2.79144	8.34045	
2.78839	8.33984	
2.79083	8.34045	
2.78931	8.34076	
2.78442	8.33984	
2.78442	8.34015	
2.79297	8.34076	
2.79083	8.34045	
2.79144	8.34045	
2.789	8.34045	
2.78809	8.34106	
2.78778	8.34045	
2.789	8.34076	
2.78687	8.33954	
2.79083	8.34106	
2.79327	8.34045	
2.78717	8.34045	
2.78931	8.34106	
2.78809	8.33984	
2.78931	8.33984	
2.78839	8.33984	
2.7887	8.34015	
2.78778	8.34015	
2.79205	8.34045	
2.79358	8.34015	
2.78809	8.34015	
2.78839	8.34045	
2.78961	8.33984	
2.7887	8.34076	
2.79022	8.34106	
2.78931	8.33984	
2.78687	8.33923	
2.79144	8.34045	
2.79053	8.33984	
2.78992	8.34106	
2.78839	8.34045	
2.78992	8.34076	
2.7887	8.34015	
2.78809	8.33984	
2.789	8.34045	
2.79236	8.34015	
2.789	8.34045	
2.7887	8.34015	
2.79144	8.33984	
2.78839	8.34076	
2.78961	8.34045	
2.78748	8.34015	
2.78839	8.33984	
2.78717	8.33984	
2.78778	8.34045	
2.78595	8.33984	
2.79327	8.34045	
2.78748	8.34015	
2.789	8.34106	
2.78625	8.33954	
2.78778	8.34106	
2.78778	8.34076	
2.78809	8.34015	
2.78442	8.34045	
2.78839	8.33984	
2.78656	8.34015	
2.79114	8.34076	
2.79236	8.34045	
2.78595	8.34015	
2.79297	8.34045	
2.78625	8.33984	
2.78961	8.34045	
2.78656	8.34045	
2.78778	8.34015	
2.78717	8.34015	
2.78809	8.34076	
2.78931	8.33984	
2.78778	8.34015	
2.78656	8.34045	
2.78595	8.33923	
2.79327	8.34015	
2.79022	8.34076	
2.78748	8.33984	
2.78687	8.34015	
2.78809	8.34045	
2.78687	8.34045	
2.78625	8.33984	
2.79327	8.34015	
2.79083	8.34076	
2.7887	8.33984	
2.78717	8.34015	
2.78839	8.34045	
2.78931	8.34076	
2.78778	8.34015	
2.78503	8.34076	
2.78656	8.33984	
2.79358	8.34015	
2.78625	8.34015	
2.78778	8.34045	
2.79022	8.34045	
2.78748	8.34015	
2.78992	8.34076	
2.78717	8.34045	
2.78809	8.33984	
2.79053	8.33923	
2.79053	8.34015	
2.79175	8.33984	
2.78931	8.34045	
2.79083	8.34045	
2.78931	8.33984	
2.78961	8.33984	
2.78809	8.34045	
2.78992	8.33984	
2.78809	8.34045	
2.78259	8.33984	
2.78351	8.34045	
2.78809	8.34045	
2.78687	8.33984	
2.79236	8.34015	
2.78625	8.33984	
2.78992	8.34045	
2.79053	8.33984	
2.78717	8.34045	
2.78717	8.33984	
2.78748	8.34045	
2.7832	8.34045	
2.78351	8.34045	
2.79297	8.34076	
2.7887	8.34045	
2.79144	8.34045	
2.78931	8.34076	
2.78839	8.34015	
2.79022	8.34045	
2.78961	8.33984	
2.78961	8.33984	
2.789	8.34015	
2.789	8.33984	
2.78931	8.34045	
2.7887	8.34045	
2.78931	8.34076	
2.79297	8.33984	
2.78625	8.34045	
2.79327	8.34045	
2.78717	8.34015	
2.78961	8.34045	
2.79144	8.33984	
2.7887	8.34076	
2.78687	8.33984	
2.7887	8.33984	
2.79022	8.34076	
2.789	8.34076	
2.78534	8.34106	
2.78595	8.34015	
2.78748	8.34045	
2.78564	8.34015	
2.79419	8.34045	
2.78717	8.34045	
2.78931	8.34015	
2.78839	8.34045	
2.78748	8.34015	
2.78961	8.34076	
2.78961	8.34076	
2.78717	8.33984	
2.79144	8.34045	
2.79144	8.34045	
2.78778	8.34015	
2.78992	8.33984	
2.7887	8.34015	
2.78961	8.34015	
2.79114	8.34076	
2.789	8.34076	
2.79022	8.34045	
2.78931	8.34015	
2.78656	8.34045	
2.78442	8.34045	
2.79327	8.34015	
2.79236	8.34045	
2.79144	8.33984	
2.79022	8.34015	
2.7887	8.34015	
2.78748	8.33954	
2.78931	8.33984	
2.78473	8.34076	
2.79053	8.34076	
2.79175	8.34015	
2.78809	8.34045	
2.78992	8.33984	
2.79083	8.34045	
2.78931	8.34076	
2.78992	8.34015	
2.78992	8.34015	
2.78809	8.34015	
2.79083	8.34015	
2.79419	8.34015	
2.79205	8.34045	
2.78992	8.34076	
2.78992	8.34137	
2.78931	8.34045	
2.78778	8.34015	
2.78961	8.34015	
2.78748	8.34045	
2.789	8.34045	
2.78534	8.33984	
2.78961	8.34015	
2.78778	8.34076	
2.78717	8.34015	
2.78992	8.34045	
2.78839	8.33984	
2.79388	8.34015	
2.79083	8.34076	
2.789	8.33984	
2.78839	8.34076	
2.78839	8.34045	
2.7887	8.34015	
2.78931	8.34076	
2.78961	8.34076	
2.78809	8.34015	
2.79266	8.34076	
2.789	8.33954	
2.78961	8.34076	
2.78961	8.34015	
2.78931	8.34045	
2.78961	8.34045	
2.78961	8.33984	
2.7832	8.34015	
2.78503	8.34045	
2.79358	8.34045	
2.78717	8.34015	
2.79327	8.34045	
2.79083	8.34076	
2.78839	8.34015	
2.7887	8.33984	
2.78687	8.34015	
2.78931	8.34076	
2.78839	8.34015	
2.78748	8.34106	
2.78748	8.34045	
2.79144	8.33923	
2.78839	8.34045	
2.7887	8.34015	
2.78961	8.34015	
2.78748	8.34015	
2.78992	8.33954	
2.78839	8.33984	
2.78961	8.34015	
2.78778	8.34045	
2.78534	8.34015	
2.79022	8.34076	
2.79236	8.34015	
2.78717	8.34015	
2.79358	8.34106	
2.78992	8.33984	
2.78839	8.33954	
2.79083	8.33984	
2.78839	8.34045	
2.78809	8.34045	
2.78778	8.34076	
2.78442	8.33984	
2.78687	8.34015	
2.78656	8.33984	
2.78961	8.34045	
2.79022	8.34015	
2.79083	8.34015	
2.79114	8.34045	
2.78931	8.34106	
2.78717	8.34045	
2.78992	8.34076	
2.78778	8.33923	
2.78961	8.34015	
2.78748	8.34015	
2.78809	8.33984	
2.78534	8.33984	
2.79205	8.34015	
2.79114	8.34076	
2.78717	8.33984	
2.78778	8.33954	
2.78717	8.34045	
2.78473	8.33954	
2.78809	8.34015	
2.78625	8.34076	
2.79053	8.34076	
2.79297	8.34045	
2.78473	8.34045	
2.78839	8.34045	
2.78564	8.34015	
2.78839	8.34045	
2.789	8.34015	
2.78717	8.33984	
2.78564	8.34045	
2.7887	8.34045	
2.78992	8.34045	
2.78564	8.34015	
2.7887	8.34015	
2.78656	8.34015	
2.78687	8.34015	
2.78839	8.33984	
2.78748	8.34015	
2.78564	8.33954	
2.789	8.33984	
2.79327	8.34015	
2.78748	8.34106	
2.78839	8.34076	
2.78748	8.34015	
2.78656	8.33984	
2.78198	8.33954	
2.78229	8.33923	
2.79114	8.33984	
2.78534	8.34015	
2.789	8.34015	
2.789	8.34045	
2.78656	8.33984	
2.78931	8.33954	
2.78809	8.34045	
2.78625	8.34076	
2.79083	8.34015	
2.78992	8.34015	
2.78534	8.34015	
2.789	8.34045	
2.78961	8.33984	
2.78748	8.33984	
2.78442	8.34015	
2.78839	8.34015	
2.78656	8.33984	
2.78992	8.34045	
2.79266	8.34076	
2.789	8.34015	
2.79144	8.33984	
2.79022	8.33984	
2.78717	8.33984	
2.78687	8.34015	
2.78809	8.33984	
2.7887	8.34015	
2.78534	8.33984	
2.79327	8.34015	
2.78656	8.33984	
2.789	8.34076	
2.78961	8.34076	
2.78809	8.34015	
2.78839	8.34015	
2.78839	8.34045	
2.78473	8.33954	
2.78259	8.33984	
2.78931	8.34076	
2.78778	8.34045	
2.78931	8.33954	
2.78564	8.34045	
2.78839	8.34015	
2.78839	8.34015	
2.78809	8.34015	
2.78625	8.33954	
2.78503	8.33984	
2.79236	8.34106	
2.79144	8.34106	
2.7887	8.34045	
2.789	8.34076	
2.78717	8.34045	
2.789	8.34076	
2.78809	8.34106	
2.78656	8.33954	
2.79114	8.34076	
2.78961	8.34076	
2.79114	8.34015	
2.78839	8.33954	
2.78656	8.33984	
2.789	8.34015	
2.78839	8.33954	
2.78839	8.34015	
2.78748	8.34015	
2.79083	8.34076	
2.79144	8.34015	
2.79175	8.34076	
2.79236	8.34015	
2.7887	8.34015	
2.789	8.34015	
2.79053	8.34015	
2.78839	8.34045	
2.78687	8.34015	
2.78931	8.34015	
2.79297	8.33984	
2.79114	8.34076	
2.78961	8.34045	
2.78809	8.34015	
2.789	8.34045	
2.7829	8.33954	
2.78534	8.33923	
2.79175	8.34015	
2.79114	8.34045	
2.79236	8.34045	
2.79053	8.34106	
2.78839	8.34076	
2.79144	8.34015	
2.78961	8.34015	
2.79053	8.34076	
2.789	8.33954	
2.7832	8.34045	
2.7887	8.33984	
2.78717	8.33984	
2.79205	8.34076	
2.79266	8.34015	
2.79175	8.34045	
2.79297	8.33923	
2.79144	8.34076	
2.78931	8.34015	
2.78961	8.33954	
2.7887	8.33893	
2.79022	8.33984	
2.789	8.33923	
2.7887	8.34015	
2.79114	8.33984	
2.79175	8.34015	
2.79175	8.34045	
2.79053	8.33984	
2.79053	8.34076	
2.789	8.33984	
2.79114	8.33923	
2.789	8.34015	
2.78931	8.33984	
2.78931	8.33984	
2.78198	8.33984	
2.78503	8.33954	
2.79327	8.34015	
2.789	8.33954	
2.78931	8.33984	
2.78839	8.33954	
2.78931	8.33954	
2.78931	8.33923	
2.789	8.33954	
2.79053	8.33984	
2.78809	8.33984	
2.78656	8.33923	
2.78473	8.34015	
2.79266	8.33984	
2.79083	8.34015	
2.78961	8.34015	
2.79175	8.34045	
2.7887	8.33984	
2.78931	8.33954	
2.78809	8.33984	
2.78992	8.34045	
2.78839	8.33954	
2.78351	8.33984	
2.78534	8.33954	
2.79266	8.34045	
2.79205	8.34015	
2.79053	8.34015	
2.78992	8.33954	
2.7887	8.33923	
2.79022	8.33954	
2.78809	8.33923	
2.789	8.34015	
2.7887	8.34015	
2.7887	8.33954	
2.78534	8.33893	
2.79327	8.33923	
2.79022	8.33984	
2.78778	8.33954	
2.79022	8.34015	
2.78809	8.34015	
2.78717	8.33923	
2.78809	8.34015	
2.78839	8.33954	
2.78595	8.33923	
2.79175	8.33984	
2.78503	8.33923	
2.7887	8.34015	
2.79083	8.33984	
2.78778	8.33923	
2.79022	8.34015	
2.78839	8.34015	
2.789	8.34015	
2.78778	8.33984	
2.78473	8.34015	
2.78229	8.33923	
2.78809	8.34015	
2.78778	8.33984	
2.79083	8.33984	
2.79053	8.33954	
2.78931	8.33984	
2.79083	8.34045	
2.78809	8.33984	
2.78839	8.33984	
2.78839	8.33984	
2.78625	8.33954	
2.78748	8.34045	
2.78351	8.33984	
2.78748	8.33984	
2.78687	8.33923	
2.79083	8.34045	
2.78625	8.33954	
2.78503	8.33923	
2.79297	8.33984	
2.78534	8.34045	
2.78961	8.33984	
2.78564	8.34015	
2.78717	8.33984	
2.78931	8.34015	
2.78748	8.34076	
2.78931	8.34045	
2.78778	8.34015	
2.78564	8.34015	
2.78625	8.33893	
2.78595	8.34045	
2.79053	8.34015	
2.79144	8.34015	
2.78564	8.33984	
2.789	8.34106	
2.78625	8.34015	
2.78717	8.33923	
2.78687	8.33984	
2.78748	8.33954	
2.78931	8.33984	
2.78778	8.34045	
2.78931	8.33984	
2.78717	8.33954	
2.7829	8.33893	
2.78442	8.33954	
2.78595	8.33954	
2.78564	8.33984	
2.79236	8.33984	
2.79022	8.33893	
2.79236	8.33984	
2.78503	8.33923	
2.78839	8.33923	
2.79053	8.33923	
2.7887	8.33893	
2.78717	8.34015	
2.78778	8.34015	
2.78717	8.33984	
2.78809	8.34045	
2.78809	8.34076	
2.78717	8.33923	
2.7887	8.34045	
2.78839	8.33954	
2.78717	8.33954	
2.78839	8.33984	
2.78992	8.33984	
2.78656	8.34015	
2.79266	8.33954	
2.78778	8.33984	
2.78931	8.34015	
2.78656	8.34015	
2.78778	8.33954	
2.78961	8.33984	
2.78809	8.33984	
2.78961	8.34015	
2.78839	8.34015	
2.789	8.34045	
2.78839	8.34015	
2.78687	8.33984	
2.7832	8.34015	
2.79022	8.34045	
2.79022	8.34045	
2.79358	8.33923	
2.78961	8.34076	
2.78717	8.34015	
2.789	8.34015	
2.78839	8.33984	
2.78961	8.34076	
2.78748	8.34015	
2.78839	8.34045	
2.7829	8.33954	
2.79327	8.33984	
2.78809	8.34015	
2.79083	8.33954	
2.79114	8.34015	
2.79297	8.33923	
2.78625	8.34045	
2.78931	8.33984	
2.79114	8.34045	
2.78778	8.34015	
2.78748	8.33923	
2.78839	8.34015	
2.789	8.33954	
2.7887	8.33893	
2.78351	8.33984	
2.78656	8.33984	
2.78687	8.33984	
2.79053	8.33954	
2.79297	8.33984	
2.79175	8.33984	
2.78931	8.33954	
2.79083	8.34045	
2.78748	8.34045	
2.79114	8.33984	
2.7887	8.33984	
2.78961	8.33893	
2.7887	8.33984	
2.78748	8.34106	
2.78351	8.34045	
2.79205	8.34076	
2.79236	8.34045	
2.79083	8.34045	
2.78931	8.34045	
2.7887	8.33954	
2.79175	8.34015	
2.78961	8.34076	
2.79022	8.34106	
2.78931	8.34045	
2.78351	8.33954	
2.78625	8.33923	
2.78717	8.33984	
2.78931	8.33923	
2.79327	8.33923	
2.78778	8.33984	
2.78992	8.33923	
2.79144	8.34045	
2.78839	8.33984	
2.78748	8.33984	
2.789	8.33923	
2.79022	8.33984	
2.78839	8.34015	
2.78687	8.33984	
2.78381	8.33954	
2.79327	8.33984	
2.78534	8.34076	
2.79144	8.33984	
2.79144	8.34045	
2.79236	8.33893	
2.78839	8.33984	
2.79114	8.34015	
2.78778	8.33984	
2.78961	8.33954	
2.79114	8.33923	
2.78778	8.33923	
2.78931	8.33984	
2.78839	8.33923	
2.78748	8.33984	
2.78809	8.33954	
2.78931	8.34076	
2.78778	8.33923	
2.78534	8.34015	
2.78839	8.33984	
2.78809	8.33984	
2.78351	8.33862	
2.78748	8.33954	
2.79144	8.33954	
2.79053	8.34015	
2.78748	8.33984	
2.79266	8.33984	
2.79144	8.33984	
2.79388	8.33984	
2.78748	8.33893	
2.78961	8.34045	
2.78809	8.33954	
2.7887	8.34015	
2.79053	8.33954	
2.78839	8.33984	
2.78931	8.33984	
2.78778	8.33954	
2.78992	8.33954	
2.7887	8.34015	
2.78473	8.34045	
2.78809	8.33984	
2.78778	8.34076	
2.79205	8.34015	
2.79266	8.34045	
2.79083	8.34015	
2.7887	8.33954	
2.78961	8.33984	
2.789	8.33954	
2.78656	8.33984	
2.78809	8.33954	
2.78748	8.33984	
2.78839	8.34045	
2.7887	8.34015	
2.78717	8.33893	
2.78931	8.33984	
2.78839	8.34045	
2.78931	8.34015	
2.78717	8.34076	
2.78351	8.34015	
2.78809	8.34045	
2.78931	8.34045	
2.79114	8.34045	
2.79175	8.34076	
2.78625	8.33893	
2.789	8.34106	
2.78778	8.34015	
2.78687	8.34015	
2.78961	8.34137	
2.78809	8.34045	
2.789	8.33984	
2.7887	8.34015	
2.78717	8.33984	
2.78717	8.34076	
2.78687	8.34045	
2.78748	8.34045	
2.79205	8.34015	
2.78809	8.34015	
2.79053	8.34015	
2.78625	8.34076	
2.789	8.34015	
2.78717	8.34076	
2.78809	8.34015	
2.78625	8.33954	
2.78809	8.34045	
2.78625	8.33984	
2.78809	8.34015	
2.78748	8.34076	
2.78687	8.33984	
2.79144	8.34015	
2.78748	8.34015	
2.79175	8.34045	
2.78595	8.33954	
2.78961	8.34076	
2.79144	8.34076	
2.79053	8.34015	
2.78931	8.33984	
2.78748	8.34015	
2.78717	8.34015	
2.78839	8.34015	
2.78687	8.33954	
2.78809	8.34015	
2.78564	8.34045	
2.79083	8.34045	
2.79053	8.34045	
2.79053	8.34137	
2.79053	8.34137	
2.78503	8.33954	
2.789	8.34015	
2.78992	8.33954	
2.78748	8.34045	
2.78961	8.34015	
2.78809	8.33984	
2.78503	8.33893	
2.78168	8.33984	
2.7887	8.34015	
2.78748	8.33984	
2.79266	8.34015	
2.78839	8.34015	
2.78839	8.34076	
2.789	8.34106	
2.78778	8.34045	
2.78931	8.33984	
2.78717	8.34045	
2.7829	8.34015	
2.78809	8.33984	
2.78687	8.34045	
2.78839	8.34015	
2.78473	8.34045	
2.78625	8.33984	
2.78595	8.34015	
2.78839	8.34015	
2.78992	8.34045	
2.78503	8.34045	
2.79236	8.34045	
2.78595	8.34045	
2.79144	8.34106	
2.789	8.34045	
2.79053	8.34076	
2.79022	8.34045	
2.78809	8.34106	
2.78748	8.33954	
2.78809	8.34015	
2.78748	8.34045	
2.78656	8.33984	
2.78839	8.33984	
2.78748	8.34045	
2.78931	8.34076	
2.78717	8.34045	
2.78168	8.33954	
2.7887	8.34076	
2.78503	8.34045	
2.78931	8.34015	
2.79083	8.34045	
2.78778	8.34015	
2.79144	8.33984	
2.78687	8.34076	
2.78992	8.34015	
2.78687	8.34045	
2.78839	8.34045	
2.78992	8.34045	
2.789	8.33984	
2.78625	8.33923	
2.78809	8.34045	
2.78748	8.34076	
2.78809	8.34045	
2.78839	8.33984	
2.78748	8.34015	
2.78229	8.34076	
2.78717	8.33984	
2.78748	8.33923	
2.78564	8.34015	
2.79144	8.34015	
2.78625	8.34015	
2.79205	8.34015	
2.79144	8.34076	
2.79083	8.34015	
2.78992	8.34045	
2.7887	8.34045	
2.78961	8.34076	
2.78839	8.34015	
2.78595	8.34015	
2.7887	8.34106	
2.78381	8.33984	
2.7887	8.34045	
2.78656	8.34076	
2.79144	8.34015	
2.79236	8.34076	
2.79083	8.33984	
2.79358	8.34045	
2.78625	8.33954	
2.78809	8.34106	
2.78748	8.34106	
2.78748	8.34045	
2.78809	8.33984	
2.78748	8.34076	
2.78931	8.34015	
2.78839	8.34076	
2.78442	8.34015	
2.78381	8.33984	
2.78656	8.34015	
2.79114	8.34076	
2.79144	8.34045	
2.78595	8.33984	
2.79236	8.34076	
2.789	8.34015	
2.79114	8.34076	
2.78656	8.34106	
2.79297	8.34045	
2.78564	8.34015	
2.789	8.34137	
2.78961	8.34076	
2.78778	8.34015	
2.78961	8.34015	
2.78839	8.33984	
2.78931	8.34076	
2.78778	8.34015	
2.7829	8.33984	
2.7829	8.34015	
2.78748	8.33984	
2.78595	8.34015	
2.79236	8.34137	
2.78687	8.34045	
2.79419	8.34045	
2.78748	8.34015	
2.78809	8.34015	
2.78656	8.34015	
2.78809	8.33984	
2.78931	8.34045	
2.78839	8.34015	
2.78809	8.34076	
2.78717	8.34015	
2.78961	8.34015	
2.78809	8.34076	
2.78351	8.34045	
2.78778	8.34106	
2.78717	8.34045	
2.7832	8.33954	
2.78595	8.34015	
2.78625	8.34045	
2.79236	8.34045	
2.78717	8.34076	
2.79205	8.34015	
2.79053	8.34045	
2.789	8.34076	
2.79022	8.34015	
2.7887	8.34076	
2.78564	8.33984	
2.78839	8.34015	
2.78839	8.34045	
2.78809	8.34045	
2.78809	8.34076	
2.78809	8.34015	
2.78687	8.34015	
2.78412	8.34015	
2.78595	8.34015	
2.78961	8.34106	
2.79083	8.34045	
2.78961	8.34045	
2.78839	8.34045	
2.78656	8.34015	
2.789	8.34045	
2.789	8.34045	
2.78748	8.34076	
2.78687	8.34015	
2.78809	8.34076	
2.79144	8.34076	
2.78717	8.33984	
2.79236	8.34015	
2.78595	8.33984	
2.7887	8.33984	
2.79022	8.34045	
2.78809	8.34045	
2.78717	8.34076	
2.78717	8.34045	
2.78748	8.34045	
2.78717	8.34076	
2.78839	8.34076	
2.78748	8.34015	
2.7887	8.34015	
2.78748	8.34045	
2.78839	8.34045	
2.78687	8.34076	
2.78717	8.33984	
2.78687	8.34045	
2.78717	8.34045	
2.78137	8.34015	
2.78564	8.34015	
2.78839	8.34076	
2.79236	8.34045	
2.78473	8.33984	
2.79236	8.34106	
2.78961	8.34076	
2.78839	8.34076	
2.79053	8.34015	
2.78717	8.33923	
2.78564	8.34076	
2.78717	8.34137	
2.78839	8.34076	
2.78748	8.34015	
2.78168	8.34045	
2.78748	8.34045	
2.78564	8.33984	
2.78076	8.33923	
2.79236	8.34015	
2.7887	8.34045	
2.79236	8.34015	
2.78564	8.34045	
2.78778	8.33984	
2.78564	8.33954	
2.78717	8.34015	
2.78595	8.34106	
2.78656	8.34045	
2.78809	8.34015	
2.78748	8.34076	
2.78656	8.34045	
2.78717	8.34076	
2.79205	8.34076	
2.789	8.34015	
2.78992	8.34045	
2.79022	8.34015	
2.78809	8.34015	
2.78687	8.34045	
2.78778	8.33984	
2.78687	8.34015	
2.78748	8.34045	
2.789	8.34015	
2.78687	8.33984	
2.7829	8.34015	
2.78748	8.34045	
2.78687	8.34076	
2.78168	8.34015	
2.78534	8.33984	
2.78595	8.34106	
2.7887	8.33984	
2.78229	8.34076	
2.78625	8.34045	
2.78961	8.34015	
2.79175	8.34045	
2.78656	8.34015	
2.79175	8.33984	
2.78534	8.34015	
2.78809	8.34045	
2.78992	8.34015	
2.78687	8.34076	
2.79022	8.33954	
2.78717	8.34045	
2.78656	8.34015	
2.78717	8.33984	
2.78992	8.34045	
2.78778	8.34045	
2.78595	8.34015	
2.78748	8.33954	
2.78351	8.34015	
2.78687	8.34045	
2.78656	8.34076	
2.7832	8.34045	
2.78717	8.34045	
2.78259	8.33954	
2.79205	8.34015	
2.78473	8.33984	
2.79022	8.34076	
2.78656	8.34045	
2.79205	8.33984	
2.78778	8.34045	
2.7887	8.33984	
2.78748	8.34015	
2.78809	8.34015	
2.789	8.34015	
2.78839	8.34076	
2.78778	8.34015	
2.78809	8.34045	
2.7887	8.34045	
2.789	8.34015	
2.7829	8.33984	
2.7887	8.34045	
2.78473	8.34015	
2.78625	8.34015	
2.78717	8.34015	
2.78687	8.34106	
2.79266	8.33984	
2.79144	8.34045	
2.79175	8.34076	
2.78717	8.34015	
2.79358	8.34106	
2.78595	8.33893	
2.789	8.34045	
2.79053	8.34045	
2.78778	8.34015	
2.78839	8.34045	
2.78778	8.33984	
2.79083	8.34045	
2.78931	8.34015	
2.78625	8.34076	
2.78717	8.34045	
2.78778	8.33984	
2.78687	8.34076	
2.7887	8.33984	
2.78778	8.33954	
2.78961	8.34045	
2.789	8.34076	
2.79053	8.34076	
2.78839	8.34076	
2.78381	8.34045	
2.78534	8.33923	
2.78809	8.33984	
2.78809	8.34015	
2.78595	8.33923	
2.78198	8.33984	
2.78595	8.34015	
2.79114	8.34015	
2.79053	8.34015	
2.78992	8.33984	
2.79266	8.33984	
2.78839	8.33984	
2.79022	8.34045	
2.78778	8.33954	
2.78961	8.33954	
2.789	8.33954	
2.79114	8.33954	
2.78931	8.34015	
2.79327	8.34015	
2.78534	8.33954	
2.79297	8.34015	
2.79114	8.33954	
2.78992	8.33954	
2.78931	8.34045	
2.7887	8.33984	
2.78687	8.34106	
2.78809	8.34076	
2.78961	8.34106	
2.78839	8.34045	
2.78992	8.33984	
2.78839	8.33954	
2.78961	8.34076	
2.7887	8.34045	
2.78748	8.34106	
2.78259	8.34015	
2.78809	8.33954	
2.7832	8.34015	
2.789	8.34076	
2.78931	8.34076	
2.79114	8.34015	
2.78748	8.34076	
2.79022	8.34076	
2.78961	8.34045	
2.78809	8.34045	
2.79083	8.34015	
2.78839	8.33984	
2.7887	8.34015	
2.78839	8.33954	
2.78625	8.34045	
2.78809	8.34015	
2.78717	8.33984	
2.78717	8.34045	
2.78778	8.33954	
2.78625	8.34045	
2.78931	8.33984	
2.78809	8.33893	
2.78351	8.33893	
2.78748	8.33954	
2.78625	8.33984	
2.78564	8.34015	
2.78717	8.33954	
2.79022	8.33954	
2.79083	8.33984	
2.78992	8.34015	
2.79175	8.33984	
2.78931	8.34015	
2.79053	8.33984	
2.78625	8.33984	
2.78839	8.34015	
2.78992	8.34015	
2.78809	8.33954	
2.78564	8.34015	
2.789	8.34015	
2.78961	8.33954	
2.78778	8.34045	
2.78564	8.34045	
2.79022	8.33954	
2.789	8.33984	
2.78809	8.33984	
2.78656	8.34045	
2.78809	8.33954	
2.78992	8.33984	
2.78809	8.33984	
2.78961	8.33984	
2.78656	8.33923	
2.78656	8.34015	
2.78839	8.34015	
2.78503	8.34015	
2.79205	8.33954	
2.78992	8.33923	
2.79083	8.34015	
2.78717	8.33954	
2.78717	8.34015	
2.78961	8.34015	
2.79205	8.34045	
2.78717	8.34045	
2.78778	8.33923	
2.78748	8.33984	
2.78748	8.34015	
2.78473	8.33954	
2.78687	8.33954	
2.789	8.33954	
2.78717	8.33954	
2.78992	8.34045	
2.78656	8.33984	
2.78717	8.33984	
2.78625	8.34045	
2.78595	8.34045	
2.78656	8.33984	
2.78809	8.33984	
2.78656	8.33954	
2.7887	8.33984	
2.78748	8.34045	
2.78778	8.33984	
2.78748	8.34045	
2.78137	8.33984	
2.78687	8.33984	
2.78503	8.33984	
2.78259	8.33984	
2.78595	8.33984	
2.79083	8.34076	
2.79144	8.34015	
2.79022	8.33984	
2.79144	8.33984	
2.78748	8.34015	
2.79114	8.33984	
2.78809	8.34015	
2.79053	8.33984	
2.78717	8.34015	
2.79022	8.34045	
2.78473	8.33984	
2.78748	8.34045	
2.78625	8.33984	
2.78687	8.33923	
2.79053	8.33923	
2.78717	8.33984	
2.78564	8.34015	
2.78717	8.33984	
2.78961	8.33954	
2.78717	8.34015	
2.789	8.33954	
2.78717	8.34015	
2.7887	8.34015	
2.78687	8.33984	
2.78931	8.33984	
2.78748	8.33954	
2.78687	8.33923	
2.78687	8.33954	
2.78839	8.33984	
2.78687	8.34015	
2.78839	8.34015	
2.78748	8.34015	
2.7887	8.34015	
2.78717	8.33954	
2.78412	8.34045	
2.78778	8.33954	
2.78687	8.34015	
2.78687	8.33984	
2.789	8.33984	
2.78656	8.33923	
2.78717	8.33984	
2.78778	8.34015	
2.78656	8.33923	
2.7829	8.33984	
2.78656	8.33923	
2.79083	8.33923	
2.79297	8.33893	
2.78534	8.33923	
2.79053	8.33984	
2.78503	8.33954	
2.79083	8.33984	
2.79144	8.33923	
2.79236	8.33984	
2.79114	8.34015	
2.78992	8.33954	
2.789	8.34015	
2.78992	8.34015	
2.78595	8.33923	
2.78687	8.33984	
2.78839	8.33954	
2.78748	8.33984	
2.78717	8.33954	
2.78717	8.34045	
2.79022	8.33984	
2.7887	8.34015	
2.789	8.33984	
2.78778	8.34045	
2.78473	8.33954	
2.78778	8.33984	
2.78564	8.34015	
2.7832	8.34015	
2.78839	8.33954	
2.78503	8.34045	
2.79144	8.34045	
2.79083	8.34015	
2.79236	8.33893	
2.78717	8.33954	
2.79144	8.34015	
2.78564	8.33984	
2.79022	8.33984	
2.78961	8.33984	
2.78717	8.34015	
2.79022	8.34015	
2.7887	8.33984	
2.78778	8.33893	
2.78717	8.34045	
2.78839	8.33954	
2.78778	8.33984	
2.78931	8.33984	
2.78717	8.33984	
2.78961	8.34015	
2.78809	8.33984	
2.78687	8.34015	
2.78687	8.34015	
2.7829	8.33984	
2.7887	8.33954	
2.78381	8.33923	
2.78778	8.33893	
2.78748	8.34045	
2.78473	8.33893	
2.78809	8.33954	
2.78656	8.33954	
2.78687	8.33893	
2.79053	8.33984	
2.78748	8.33984	
2.79083	8.34015	
2.79053	8.33923	
2.79053	8.33954	
2.79358	8.33954	
2.78839	8.33893	
2.79327	8.34045	
2.78625	8.34015	
2.79297	8.33984	
2.78595	8.33923	
2.789	8.33923	
2.78595	8.34076	
2.7887	8.33862	
2.7887	8.34045	
2.7887	8.33954	
2.78534	8.33893	
2.78717	8.33923	
2.78992	8.33954	
2.78839	8.33923	
2.78595	8.33984	
2.78717	8.33984	
2.78961	8.33984	
2.78809	8.33893	
2.78687	8.33954	
2.78625	8.34015	
2.78931	8.34045	
2.78778	8.33954	
2.78931	8.33893	
2.78687	8.33984	
2.78839	8.34015	
2.78748	8.33923	
2.789	8.34015	
2.78809	8.33984	
2.78839	8.34045	
2.78809	8.33984	
2.7887	8.33923	
2.78717	8.33893	
2.78351	8.33923	
2.78687	8.33984	
2.78168	8.34015	
2.78687	8.34015	
2.78412	8.33984	
2.78687	8.33954	
2.78595	8.33923	
2.78748	8.34045	
2.78656	8.33954	
2.78778	8.34045	
2.78412	8.33954	
2.78809	8.34015	
2.78595	8.33984	
2.78503	8.33954	
2.78656	8.33923	
2.78931	8.34015	
2.79266	8.33954	
2.79022	8.33984	
2.78717	8.34015	
2.78442	8.34045	
2.78839	8.34015	
2.78656	8.33984	
2.78778	8.33984	
2.78656	8.33984	
2.78748	8.33984	
2.78534	8.33923	
2.78717	8.33893	
2.78839	8.34015	
2.78687	8.33984	
2.78809	8.34045	
2.78625	8.33893	
2.78595	8.34045	
2.78442	8.33923	
2.78503	8.33984	
2.78351	8.34015	
2.78442	8.33923	
2.78992	8.33984	
2.78992	8.33984	
2.78839	8.33954	
2.78992	8.33923	
2.78412	8.33923	
2.78961	8.33984	
2.78961	8.34045	
2.79083	8.34045	
2.78748	8.34076	
2.79144	8.34015	
2.78381	8.34015	
2.78778	8.33984	
2.79022	8.33954	
2.78687	8.33954	
2.78748	8.33984	
2.78748	8.33954	
2.78778	8.33984	
2.78595	8.34015	
2.78534	8.34015	
2.78564	8.34106	
2.78534	8.33893	
2.78595	8.33984	
2.78839	8.34015	
2.78687	8.33923	
2.78717	8.33954	
2.78717	8.33954	
2.78748	8.33984	
2.78595	8.34045	
2.78717	8.34015	
2.78687	8.33954	
2.78046	8.33984	
2.78534	8.33984	
2.78534	8.34015	
2.78259	8.34045	
2.79022	8.33923	
2.7887	8.33954	
2.79144	8.33984	
2.78442	8.33923	
2.79083	8.33984	
2.78412	8.33984	
2.78778	8.33984	
2.78687	8.34015	
2.78778	8.33984	
2.78473	8.33923	
2.78625	8.34045	
2.789	8.34015	
2.78625	8.33984	
2.78625	8.33862	
2.78656	8.33923	
2.78656	8.33984	
2.78564	8.34015	
2.78839	8.33984	
2.78595	8.34045	
2.78809	8.33923	
2.78656	8.33984	
2.78748	8.33984	
2.78748	8.34015	
2.78656	8.33893	
2.78687	8.33923	
2.78137	8.33984	
2.7832	8.33954	
2.78473	8.33923	
2.78046	8.33954	
2.78839	8.33923	
2.78748	8.33984	
2.79083	8.33984	
2.78473	8.33893	
2.79144	8.33984	
2.789	8.34015	
2.79144	8.33893	
2.789	8.34015	
2.79144	8.33893	
2.78931	8.33984	
2.79144	8.33984	
2.78656	8.33984	
2.78717	8.33954	
2.78839	8.33984	
2.78748	8.34045	
2.7887	8.33923	
2.78717	8.33984	
2.78839	8.33923	
2.78687	8.34076	
2.78931	8.34045	
2.78717	8.34076	
2.78748	8.34015	
2.78656	8.33923	
2.78992	8.33954	
2.78687	8.33984	
2.78625	8.33984	
2.78656	8.33923	
2.78961	8.33954	
2.78717	8.34015	
2.7887	8.34106	
2.78656	8.34015	
2.78717	8.33954	
2.78748	8.34045	
2.78107	8.33923	
2.78137	8.34045	
2.78229	8.33954	
2.78687	8.34076	
2.78687	8.34015	
2.78442	8.34015	
2.78809	8.34045	
2.79022	8.33984	
2.79144	8.33984	
2.78961	8.34015	
2.79022	8.34015	
2.78992	8.33923	
2.78809	8.34015	
2.78961	8.33984	
2.78687	8.33923	
2.78992	8.33984	
2.78748	8.33984	
2.78503	8.33984	
2.78778	8.34015	
2.789	8.33984	
2.78778	8.34045	
2.78778	8.34015	
2.78717	8.33984	
2.78046	8.33923	
2.78656	8.33923	
2.78625	8.33984	
2.78229	8.33893	
2.78656	8.33984	
2.79022	8.33984	
2.79114	8.34015	
2.78656	8.34045	
2.79205	8.33954	
2.78503	8.33923	
2.79144	8.34076	
2.79053	8.34045	
2.79175	8.34045	
2.79083	8.33984	
2.78839	8.34015	
2.78992	8.34015	
2.78687	8.34015	
2.78595	8.33954	
2.78656	8.33984	
2.789	8.33954	
2.78687	8.33893	
2.78168	8.34076	
2.78656	8.33984	
2.78503	8.33954	
2.789	8.33954	
2.79205	8.33984	
2.78442	8.33923	
2.78992	8.33984	
2.79083	8.34045	
2.79297	8.33984	
2.78442	8.33954	
2.78778	8.33893	
2.78503	8.33954	
2.79053	8.34015	
2.789	8.33984	
2.78809	8.34015	
2.78717	8.33984	
2.78717	8.34015	
2.78748	8.33954	
2.78687	8.33984	
2.78687	8.33954	
2.78625	8.34015	
2.78961	8.33984	
2.78687	8.33923	
2.789	8.33923	
2.78778	8.33923	
2.78595	8.33984	
2.78656	8.33954	
2.78748	8.34015	
2.78656	8.34045	
2.7887	8.33954	
2.78687	8.33984	
2.78748	8.34045	
2.78778	8.33954	
2.78839	8.34015	
2.78687	8.33954	
2.78778	8.33984	
2.78717	8.33984	
2.78778	8.33893	
2.78656	8.33954	
2.78137	8.33893	
2.78717	8.34076	
2.78137	8.34045	
2.78656	8.34045	
2.78534	8.34045	
2.78137	8.33923	
2.78625	8.33923	
2.789	8.34015	
2.79144	8.33984	
2.78625	8.33954	
2.78931	8.34015	
2.78442	8.34045	
2.78961	8.33984	
2.78503	8.33984	
2.789	8.34045	
2.78992	8.34045	
2.79144	8.33984	
2.78687	8.34045	
2.78961	8.34045	
2.78534	8.33984	
2.78748	8.33923	
2.78687	8.34045	
2.78625	8.34045	
2.78503	8.34015	
2.78656	8.34045	
2.78412	8.34045	
2.78717	8.34076	
2.78503	8.34015	
2.78748	8.34045	
2.78625	8.34015	
2.78625	8.34015	
2.78961	8.34045	
2.78717	8.33923	
2.789	8.33923	
2.78687	8.34076	
2.78595	8.34015	
2.78625	8.33984	
2.78717	8.33954	
2.78656	8.34045	
2.78564	8.33923	
2.78503	8.33954	
2.78809	8.33984	
2.78625	8.34045	
2.78748	8.33984	
2.78656	8.33984	
2.78351	8.34015	
2.78687	8.33954	
2.78168	8.33984	
2.78168	8.33954	
2.78503	8.34015	
2.78442	8.33893	
2.79083	8.33984	
2.78564	8.33862	
2.78961	8.33954	
2.78442	8.34015	
2.79083	8.34015	
2.78442	8.33923	
2.78625	8.34076	
2.78534	8.34045	
2.79022	8.33984	
2.78625	8.34015	
2.78717	8.33984	
2.78534	8.33984	
2.78625	8.34045	
2.78595	8.34015	
2.78748	8.34015	
2.78748	8.33954	
2.78656	8.33923	
2.7829	8.33984	
2.78534	8.34015	
2.78625	8.34015	
2.78442	8.33984	
2.78778	8.34015	
2.78992	8.33984	
2.79114	8.33923	
2.789	8.34045	
2.79114	8.34045	
2.79022	8.34045	
2.79205	8.34015	
2.78412	8.33954	
2.78839	8.34045	
2.78931	8.34045	
2.78717	8.33984	
2.78809	8.34015	
2.78809	8.33954	
2.78687	8.33923	
2.78625	8.33954	
2.78809	8.33954	
2.78595	8.34015	
2.7832	8.33954	
2.78656	8.33954	
2.7832	8.34015	
2.78259	8.33954	
2.78961	8.34015	
2.78687	8.33984	
2.79236	8.33984	
2.78503	8.33923	
2.78839	8.34045	
2.78809	8.34045	
2.79022	8.34015	
2.78534	8.33954	
2.78687	8.33954	
2.789	8.34015	
2.78839	8.34015	
2.78473	8.33954	
2.78778	8.33984	
2.78931	8.34015	
2.78687	8.34015	
2.78809	8.33923	
2.78717	8.34015	
2.78595	8.34045	
2.78748	8.33984	
2.78992	8.34015	
2.78839	8.34015	
2.78564	8.34015	
2.78839	8.34106	
2.78656	8.34076	
2.78778	8.33984	
2.78503	8.34015	
2.79236	8.34045	
2.78656	8.33984	
2.79144	8.34045	
2.78717	8.33984	
2.79266	8.33984	
2.78748	8.33923	
2.79144	8.33954	
2.78992	8.33954	
2.79236	8.34045	
2.78687	8.34045	
2.79114	8.34198	
2.78748	8.34015	
2.79327	8.34015	
2.78717	8.34045	
2.79083	8.33954	
2.78625	8.34015	
2.79266	8.33984	
2.79083	8.34015	
2.79205	8.33984	
2.78625	8.33801	
2.78992	8.34076	
2.78992	8.33984	
2.79114	8.34045	
2.79022	8.34015	
2.78992	8.33984	
2.78564	8.33923	
2.79205	8.34045	
2.78992	8.34076	
2.79083	8.34045	
2.78473	8.33984	
2.78992	8.34015	
2.78473	8.34015	
2.79144	8.34076	
2.78564	8.33984	
2.79114	8.33954	
2.789	8.34015	
2.79083	8.33954	
2.79144	8.34076	
2.79175	8.33984	
2.79022	8.33954	
2.78809	8.33984	
2.78809	8.33954	
2.78717	8.34015	
2.78473	8.33893	
2.78625	8.33984	
2.78687	8.33984	
2.78229	8.33984	
2.78717	8.34045	
2.7832	8.34015	
2.78687	8.33984	
2.78351	8.34015	
2.78687	8.34106	
2.78809	8.33954	
2.78839	8.34015	
2.7887	8.34015	
2.78687	8.34015	
2.78595	8.33984	
2.78687	8.34015	
2.78656	8.34015	
2.78625	8.33954	
2.78778	8.34015	
2.78717	8.33954	
2.78595	8.33954	
2.78656	8.33984	
2.78564	8.33984	
2.78656	8.34045	
2.78625	8.33923	
2.78595	8.33984	
2.7887	8.33923	
2.78656	8.34015	
2.78564	8.34045	
2.78748	8.34045	
2.78595	8.33984	
2.78748	8.33954	
2.78717	8.34045	
2.78778	8.33923	
2.78534	8.34045	
2.78748	8.34015	
2.78503	8.34045	
2.78839	8.33923	
2.78809	8.33954	
2.79114	8.33984	
2.78381	8.33984	
2.79114	8.34015	
2.78412	8.33984	
2.78717	8.33984	
2.78503	8.34015	
2.78717	8.34045	
2.78778	8.34076	
2.78809	8.33984	
2.78442	8.33954	
2.78748	8.34015	
2.78442	8.33893	
2.78717	8.34076	
2.78931	8.34045	
2.78687	8.33954	
2.789	8.34045	
2.78625	8.33984	
2.78473	8.33984	
2.78717	8.33984	
2.789	8.34015	
2.78717	8.34045	
2.78687	8.33984	
2.78717	8.34076	
2.78809	8.34015	
2.79205	8.34015	
2.78412	8.33923	
2.7887	8.34015	
2.78381	8.33923	
2.78778	8.33984	
2.789	8.33984	
2.78625	8.33893	
2.789	8.34076	
2.78595	8.33984	
2.7887	8.33954	
2.78595	8.33984	
2.78839	8.33954	
2.78564	8.34015	
2.7887	8.33984	
2.78625	8.33984	
2.7887	8.34015	
2.78595	8.34015	
2.78595	8.33923	
2.78656	8.33954	
2.78503	8.33984	
2.78656	8.33984	
2.78656	8.33954	
2.78625	8.33984	
2.78503	8.34045	
2.78595	8.33923	
2.789	8.33984	
2.78503	8.33954	
2.78656	8.33923	
2.78564	8.34015	
2.78656	8.33923	
2.78748	8.33984	
2.78534	8.33984	
2.7887	8.33984	
2.78412	8.34015	
2.78748	8.33893	
2.78381	8.33984	
2.78717	8.34015	
2.78717	8.33984	
2.78656	8.34015	
2.78839	8.33984	
2.78717	8.34076	
2.78839	8.33984	
2.78748	8.33984	
2.78748	8.33984	
2.78625	8.33954	
2.78778	8.33954	
2.78564	8.33923	
2.78564	8.34015	
2.78625	8.33954	
2.78412	8.33923	
2.78595	8.33954	
2.78839	8.33984	
2.78656	8.34045	
2.78381	8.33954	
2.78809	8.33984	
2.78442	8.34015	
2.79053	8.34015	
2.78931	8.34015	
2.789	8.34015	
2.78381	8.33984	
2.789	8.33923	
2.78412	8.33954	
2.79083	8.33984	
2.78809	8.34015	
2.79083	8.33984	
2.78137	8.33862	
2.78534	8.33984	
2.78168	8.33984	
2.78473	8.34076	
2.78473	8.34015	
2.78595	8.33923	
2.78564	8.33984	
2.78107	8.34015	
2.78656	8.33954	
2.78076	8.33954	
2.78656	8.33984	
2.78778	8.34045	
2.78717	8.34015	
2.78656	8.34045	
2.78625	8.34045	
2.78809	8.34015	
2.78595	8.33954	
2.78717	8.33984	
2.78656	8.33984	
2.78961	8.34015	
2.78687	8.34015	
2.78748	8.33984	
2.78625	8.33984	
2.78931	8.33893	
2.78717	8.33923	
2.78778	8.34045	
2.78687	8.33954	
2.78534	8.34015	
2.79175	8.34015	
2.78961	8.34045	
2.78931	8.34076	
2.78992	8.33984	
2.79053	8.33954	
2.79022	8.33984	
2.78656	8.33954	
2.78198	8.33984	
2.78229	8.34015	
2.78717	8.33893	
2.78412	8.33954	
2.78748	8.33984	
2.78809	8.34015	
2.78595	8.34045	
2.78625	8.34015	
2.78656	8.33984	
2.789	8.33984	
2.78656	8.33984	
2.78503	8.33923	
2.78717	8.34015	
2.78992	8.33923	
2.789	8.33954	
2.79053	8.34045	
2.79083	8.33984	
2.78961	8.33954	
2.78625	8.34015	
2.78656	8.33984	
2.78351	8.33984	
2.78656	8.33984	
2.78809	8.33984	
2.78717	8.33984	
2.78961	8.33984	
2.78625	8.33893	
2.78595	8.33984	
2.78748	8.34015	
2.78839	8.33984	
2.78778	8.33923	
2.78992	8.33984	
2.79327	8.34015	
2.78992	8.33923	
2.78961	8.34045	
2.78503	8.33954	
2.78961	8.34076	
2.78412	8.34015	
2.78625	8.33923	
2.78687	8.33984	
2.78839	8.33984	
2.78625	8.33984	
2.78748	8.33984	
2.78748	8.33923	
2.78687	8.33984	
2.78778	8.33984	
2.78748	8.33984	
2.79053	8.33954	
2.79022	8.34015	
2.78992	8.34015	
2.78961	8.34045	
2.78503	8.33984	
2.78473	8.33954	
2.78595	8.33984	
2.78778	8.33954	
2.78687	8.33954	
2.78656	8.34015	
2.78748	8.34015	
2.78717	8.34076	
2.78687	8.33954	
2.78717	8.33984	
2.78687	8.34015	
2.78625	8.33893	
2.79022	8.34015	
2.78778	8.33984	
2.78595	8.34015	
2.78656	8.34015	
2.78534	8.33923	
2.78717	8.34045	
2.7887	8.33923	
2.78687	8.33923	
2.78412	8.34045	
2.78992	8.34015	
2.78381	8.33984	
2.79022	8.34045	
2.789	8.33923	
2.78992	8.34015	
2.78442	8.33893	
2.7887	8.34045	
2.78107	8.33923	
2.78198	8.34045	
2.78687	8.34015	
2.78748	8.33984	
2.78687	8.34015	
2.78625	8.33984	
2.78656	8.34015	
2.78839	8.34045	
2.78534	8.33984	
2.78717	8.34045	
2.78687	8.34015	
2.78961	8.34045	
2.78625	8.33954	
2.78839	8.33923	
2.78534	8.33984	
2.78717	8.33984	
2.78839	8.34045	
2.78381	8.34015	
2.789	8.33984	
2.78412	8.34015	
2.78992	8.33984	
2.78564	8.33984	
2.78595	8.34015	
2.78381	8.33923	
2.78381	8.34076	
2.78595	8.33923	
2.78809	8.34015	
2.78625	8.34015	
2.78687	8.33984	
2.78625	8.34015	
2.78625	8.33954	
2.78595	8.33984	
2.78503	8.34015	
2.78534	8.33984	
2.78748	8.34015	
2.78625	8.33923	
2.78717	8.34015	
2.78687	8.34015	
2.78595	8.33984	
2.79083	8.33984	
2.78717	8.34015	
2.78961	8.33923	
2.78534	8.33984	
2.79022	8.34045	
2.78107	8.33984	
2.78564	8.33954	
2.78625	8.34015	
2.78748	8.33984	
2.78595	8.34076	
2.78809	8.34015	
2.78595	8.34045	
2.78503	8.34076	
2.78564	8.33954	
2.7887	8.34045	
2.78595	8.34045	
2.78809	8.33984	
2.78839	8.33984	
2.7887	8.33984	
2.79144	8.34015	
2.78473	8.34106	
2.78503	8.33954	
2.78473	8.33923	
2.78046	8.34045	
2.78595	8.33984	
2.78931	8.33923	
2.78564	8.33984	
2.78656	8.33923	
2.78534	8.33954	
2.78412	8.33954	
2.78687	8.33954	
2.78351	8.33954	
2.79083	8.34015	
2.789	8.34015	
2.7887	8.34015	
2.78381	8.33984	
2.79022	8.33984	
2.78046	8.34015	
2.7829	8.34015	
2.78564	8.33984	
2.78046	8.34045	
2.78595	8.34106	
2.78778	8.34015	
2.78503	8.34045	
2.78442	8.34045	
2.78625	8.34015	
2.78625	8.33923	
2.78717	8.34015	
2.78564	8.34015	
2.79144	8.34015	
2.78381	8.33984	
2.79022	8.34015	
2.7829	8.33893	
2.78534	8.34015	
2.78381	8.34015	
2.78259	8.34015	
2.78687	8.34015	
2.78473	8.34015	
2.78656	8.34045	
2.78534	8.33984	
2.78595	8.33923	
2.78656	8.34015	
2.78595	8.33923	
2.78687	8.33954	
2.78748	8.33923	
2.78809	8.33954	
2.79175	8.34015	
2.78717	8.33954	
2.7887	8.34015	
2.78473	8.33984	
2.79144	8.33984	
2.78961	8.34045	
2.78534	8.33984	
2.78442	8.33984	
2.78656	8.33954	
2.78534	8.33984	
2.78809	8.33984	
2.78717	8.34076	
2.78687	8.34015	
2.78625	8.33954	
2.78656	8.34015	
2.78717	8.34015	
2.78351	8.33984	
2.79144	8.34076	
2.78717	8.34015	
2.78931	8.33923	
2.78412	8.33954	
2.79053	8.34015	
2.78107	8.34045	
2.78564	8.34045	
2.78687	8.33984	
2.78564	8.33984	
2.78687	8.33984	
2.7887	8.34015	
2.78656	8.33984	
2.78992	8.34015	
2.78625	8.33893	
2.78992	8.33984	
2.78778	8.33923	
2.78412	8.33984	
2.79144	8.34015	
2.78503	8.33923	
2.79053	8.34076	
2.78412	8.33954	
2.78625	8.34015	
2.78595	8.33923	
2.78015	8.33923	
2.78687	8.34045	
2.78809	8.34045	
2.78748	8.34015	
2.78839	8.34045	
2.78687	8.34015	
2.78595	8.33923	
2.78625	8.33984	
2.78595	8.34045	
2.78778	8.34045	
2.78473	8.33984	
2.79205	8.34076	
2.7887	8.33984	
2.79083	8.34015	
2.78839	8.34015	
2.78595	8.33984	
2.78595	8.34015	
2.78839	8.34015	
2.78717	8.33984	
2.78717	8.33984	
2.78656	8.34015	
2.78931	8.33984	
2.78748	8.33923	
2.78656	8.33923	
2.78748	8.33984	
2.7887	8.33923	
2.78992	8.33954	
2.78625	8.33954	
2.78717	8.34015	
2.78259	8.33984	
2.78107	8.34015	
2.78748	8.33954	
2.7887	8.34015	
2.78625	8.33984	
2.78534	8.33954	
2.78656	8.33954	
2.78961	8.33923	
2.78656	8.33984	
2.78931	8.33954	
2.78687	8.34015	
2.78717	8.34045	
2.78778	8.34015	
2.7887	8.33954	
2.78961	8.34015	
2.78778	8.33984	
2.79053	8.34015	
2.78381	8.34015	
2.78534	8.34015	
2.78107	8.33923	
2.78412	8.34015	
2.78656	8.34045	
2.7832	8.33984	
2.78625	8.33984	
2.78717	8.33923	
2.78687	8.33984	
2.78564	8.33984	
2.78717	8.34015	
2.78534	8.34015	
2.78656	8.34045	
2.78992	8.34015	
2.78809	8.33984	
2.78381	8.33923	
2.79144	8.34045	
2.78503	8.33984	
2.78534	8.34045	
2.78625	8.34015	
2.78748	8.34015	
2.78595	8.34045	
2.78503	8.33954	
2.78717	8.33954	
2.789	8.34015	
2.78687	8.34015	
2.79022	8.34015	
2.789	8.33954	
2.7887	8.34015	
2.78564	8.33923	
2.78351	8.33984	
2.78625	8.34076	
2.78534	8.33954	
2.78564	8.34045	
2.78656	8.34015	
2.78717	8.34015	
2.78687	8.34045	
2.78656	8.33954	
2.78595	8.33984	
2.78809	8.33923	
2.78625	8.33954	
2.78809	8.33984	
2.78687	8.33923	
2.78473	8.33984	
2.79205	8.33954	
2.78992	8.33984	
2.78687	8.34045	
2.78259	8.34045	
2.78046	8.33984	
2.78595	8.34015	
2.78748	8.34045	
2.78595	8.33984	
2.78503	8.34015	
2.78595	8.34015	
2.7887	8.34045	
2.79022	8.34015	
2.78839	8.34015	
2.79083	8.34015	
2.7832	8.33923	
2.78534	8.34045	
2.78656	8.34015	
2.78656	8.34045	
2.78503	8.34045	
2.78809	8.33954	
2.78503	8.34015	
2.7887	8.33984	
2.78778	8.33984	
2.78625	8.34015	
2.79083	8.33984	
2.78564	8.33984	
2.78351	8.33984	
2.78534	8.33954	
2.78748	8.33984	
2.78534	8.34015	
2.789	8.33984	
2.78595	8.33984	
2.78839	8.33984	
2.78839	8.33954	
2.78717	8.33954	
2.79022	8.34045	
2.789	8.33954	
2.79053	8.34015	
2.7829	8.34015	
2.78503	8.34045	
2.78595	8.33984	
2.78503	8.33984	
2.78656	8.34015	
2.78595	8.33984	
2.78595	8.33984	
2.78839	8.34015	
2.78687	8.33984	
2.78778	8.34015	
2.78595	8.33923	
2.78412	8.34015	
2.7887	8.33954	
2.78381	8.34045	
2.79053	8.34015	
2.78107	8.33923	
2.78656	8.33984	
2.78595	8.33954	
2.78717	8.33923	
2.78564	8.34045	
2.789	8.33954	
2.78595	8.34015	
2.78839	8.33954	
2.78625	8.33984	
2.78656	8.33954	
2.79114	8.33984	
2.78381	8.34045	
2.79114	8.33984	
2.789	8.34015	
2.78412	8.33984	
2.78534	8.33923	
2.78107	8.33893	
2.78656	8.33984	
2.78809	8.34015	
2.78656	8.33954	
2.78778	8.33984	
2.78656	8.33893	
2.78442	8.34015	
2.78717	8.33984	
2.78992	8.33984	
2.79022	8.33954	
2.78534	8.33984	
2.79175	8.33893	
2.78076	8.34015	
2.78046	8.33984	
2.78656	8.34015	
2.78778	8.33893	
2.78625	8.33984	
2.78534	8.33984	
2.78717	8.34045	
2.78473	8.34015	
2.79175	8.34015	
2.78992	8.34015	
2.789	8.33893	
2.78473	8.34015	
2.79022	8.33984	
2.78046	8.34015	
2.78595	8.34045	
2.78687	8.34015	
2.78717	8.34015	
2.78564	8.33954	
2.78931	8.34015	
2.78717	8.33954	
2.79022	8.33893	
2.79175	8.33984	
2.78625	8.34015	
2.79175	8.34045	
2.78961	8.34015	
2.78503	8.34015	
2.78198	8.33954	
2.78656	8.33984	
2.78717	8.34015	
2.78503	8.33984	
2.78687	8.33954	
2.78717	8.34076	
2.78687	8.34015	
2.78564	8.33923	
2.78656	8.33954	
2.79022	8.33954	
2.78992	8.34076	
2.78748	8.34015	
2.79114	8.34015	
2.78839	8.34015	
2.78656	8.33984	
2.78656	8.34015	
2.78137	8.33923	
2.78656	8.33984	
2.78595	8.33984	
2.78687	8.34015	
2.78931	8.33954	
2.78625	8.33954	
2.78992	8.33954	
2.78625	8.34015	
2.78687	8.33954	
2.78748	8.33984	
2.78778	8.33984	
2.79144	8.34045	
2.7887	8.34015	
2.78961	8.34045	
2.78961	8.33984	
2.78534	8.34045	
2.78503	8.33984	
2.7832	8.33984	
2.78595	8.33893	
2.7829	8.34045	
2.78625	8.33954	
2.78687	8.33954	
2.78625	8.33954	
2.78778	8.33954	
2.78717	8.33984	
2.78625	8.33923	
2.78809	8.33954	
2.78564	8.33984	
2.79266	8.33923	
2.78625	8.33954	
2.78961	8.33984	
2.78381	8.34015	
2.7887	8.34015	
2.78046	8.33984	
2.78412	8.33893	
2.78656	8.34076	
2.78534	8.33893	
2.78717	8.34045	
2.789	8.33984	
2.78595	8.34045	
2.78717	8.33984	
2.78625	8.33984	
2.78931	8.33984	
2.78687	8.34015	
2.78778	8.33893	
2.78931	8.34076	
2.78961	8.33984	
2.79114	8.33984	
2.789	8.33923	
2.79053	8.33984	
2.78564	8.33893	
2.78961	8.33954	
2.789	8.33984	
2.78473	8.33954	
2.78137	8.34015	
2.78473	8.34045	
2.78046	8.33923	
2.78595	8.33954	
2.78687	8.34015	
2.78137	8.33923	
2.78595	8.34045	
2.78748	8.34045	
2.78656	8.33984	
2.78778	8.34015	
2.78503	8.34045	
2.78625	8.34045	
2.78625	8.34015	
2.7887	8.34045	
2.78687	8.34015	
2.78748	8.33923	
2.78687	8.34015	
2.78503	8.34015	
2.78992	8.33893	
2.78931	8.34045	
2.78931	8.33984	
2.78748	8.33923	
2.79205	8.34045	
2.78748	8.34045	
2.789	8.34015	
2.789	8.34015	
2.78625	8.33954	
2.78107	8.34015	
2.78595	8.34076	
2.78137	8.34015	
2.78473	8.34015	
2.78625	8.33984	
2.78107	8.33893	
2.78534	8.33984	
2.78748	8.33984	
2.78564	8.33954	
2.78625	8.34045	
2.78656	8.34015	
2.78839	8.34015	
2.78503	8.33984	
2.78656	8.34015	
2.78687	8.34015	
2.78351	8.33984	
2.78625	8.33954	
2.78625	8.33923	
2.7887	8.34015	
2.78748	8.33984	
2.78503	8.34015	
2.78046	8.34015	
2.78473	8.33954	
2.78564	8.33954	
2.78076	8.33984	
2.78595	8.33923	
2.78595	8.33984	
2.78656	8.33984	
2.78717	8.33984	
2.78503	8.34045	
2.78778	8.33954	
2.78595	8.33984	
2.78473	8.33923	
2.78625	8.34015	
2.78381	8.33984	
2.79083	8.34015	
2.78473	8.33893	
2.79083	8.34045	
2.78534	8.34015	
2.78473	8.34015	
2.78229	8.34015	
2.78503	8.33984	
2.78351	8.33923	
2.78198	8.33923	
2.78503	8.33984	
2.78809	8.34045	
2.78717	8.33954	
2.78687	8.33923	
2.78595	8.33984	
2.78809	8.33984	
2.7887	8.34015	
2.78839	8.33984	
2.78442	8.33984	
2.7832	8.33954	
2.78046	8.33984	
2.78625	8.33954	
2.78717	8.33984	
2.78564	8.33984	
2.78625	8.33954	
2.78534	8.33954	
2.78809	8.34045	
2.78656	8.33984	
2.7832	8.33984	
2.79053	8.34015	
2.78534	8.33984	
2.78412	8.33984	
2.78412	8.33954	
2.78351	8.33954	
2.78473	8.33954	
2.78625	8.33984	
2.78595	8.33984	
2.78595	8.34015	
2.78534	8.34045	
2.78809	8.34015	
2.78717	8.33954	
2.789	8.34045	
2.78839	8.34015	
2.78412	8.33923	
2.79114	8.33984	
2.78107	8.33984	
2.78595	8.34015	
2.78503	8.33954	
2.78198	8.33984	
2.78625	8.33954	
2.78687	8.33984	
2.78595	8.33984	
2.78412	8.33984	
2.78564	8.34045	
2.78534	8.33954	
2.78595	8.33984	
2.78931	8.33984	
2.79114	8.34015	
2.78961	8.33984	
2.78534	8.34045	
2.78564	8.34076	
2.78748	8.33984	
2.78656	8.34015	
2.78687	8.34015	
2.78656	8.33984	
2.78503	8.34015	
2.78717	8.33984	
2.78564	8.33984	
2.79114	8.34015	
2.78412	8.34045	
2.78046	8.33954	
2.78625	8.34015	
2.78717	8.34015	
2.78595	8.33984	
2.78473	8.33984	
2.78656	8.33923	
2.78534	8.33954	
2.79114	8.33984	
2.78809	8.34045	
2.78534	8.34045	
2.78656	8.33984	
2.78107	8.33954	
2.78656	8.33984	
2.7887	8.33923	
2.78656	8.33984	
2.78564	8.33893	
2.78717	8.34015	
2.78687	8.33893	
2.79022	8.34015	
2.7832	8.34045	
2.78595	8.34045	
2.78595	8.33984	
2.78748	8.34015	
2.78625	8.34015	
2.78625	8.33984	
2.78656	8.33984	
2.7887	8.33984	
2.78656	8.33984	
2.7887	8.34015	
2.789	8.34045	
2.78717	8.34015	
2.78473	8.33984	
2.78625	8.33984	
2.78748	8.34045	
2.78595	8.34015	
2.78625	8.34015	
2.78748	8.33893	
2.78839	8.34045	
2.78748	8.33984	
2.78564	8.34045	
2.79114	8.34015	
2.78564	8.33954	
2.78656	8.33984	
2.78656	8.33984	
2.78076	8.33923	
2.78656	8.33954	
2.78809	8.34045	
2.78656	8.34015	
2.78564	8.34015	
2.78839	8.34015	
2.78809	8.34045	
2.789	8.33923	
2.78961	8.33923	
2.78473	8.33984	
2.78351	8.33923	
2.78259	8.34045	
2.78687	8.33984	
2.78839	8.33954	
2.78656	8.33954	
2.78839	8.33984	
2.78748	8.33954	
2.78351	8.34015	
2.78961	8.34015	
2.78381	8.33954	
2.78473	8.34045	
2.78229	8.33923	
2.78107	8.34045	
2.78595	8.33984	
2.78809	8.33923	
2.78625	8.33893	
2.78442	8.33954	
2.78656	8.34015	
2.78412	8.33984	
2.78931	8.33984	
2.78107	8.33954	
2.78503	8.33984	
2.78595	8.33954	
2.78046	8.34015	
2.78625	8.33923	
2.78625	8.34015	
2.78625	8.33954	
2.78412	8.33954	
2.78717	8.34015	
2.78412	8.34015	
2.79022	8.34015	
2.78351	8.34015	
2.78412	8.34045	
2.78534	8.34015	
2.78076	8.34015	
2.78687	8.34015	
2.78748	8.34045	
2.78534	8.33984	
2.78931	8.34076	
2.78656	8.33893	
2.78442	8.34045	
2.78931	8.34015	
2.78107	8.33954	
2.78503	8.33984	
2.7832	8.34015	
2.78595	8.33984	
2.78595	8.33923	
2.78717	8.34015	
2.78625	8.33984	
2.78351	8.33984	
2.78625	8.33984	
2.78412	8.34015	
2.78992	8.34015	
2.78625	8.33984	
2.78503	8.33923	
2.78534	8.33984	
2.78717	8.33954	
2.78503	8.33954	
2.78717	8.33893	
2.78564	8.34015	
2.78412	8.33954	
2.78992	8.34015	
2.78015	8.33954	
2.7832	8.33984	
2.78595	8.34045	
2.78778	8.34015	
2.78595	8.33984	
2.78778	8.34045	
2.78595	8.34015	
2.7887	8.33954	
2.78809	8.33984	
2.78229	8.34045	
2.77985	8.33893	
2.78534	8.33984	
2.78748	8.33984	
2.78595	8.34045	
2.78351	8.33923	
2.78931	8.33954	
2.78748	8.34015	
2.78503	8.33954	
2.78534	8.33923	
2.78687	8.34015	
2.78656	8.33954	
2.78656	8.33923	
2.78595	8.33984	
2.78381	8.33984	
2.789	8.34015	
2.77954	8.33984	
2.78107	8.33893	
2.78442	8.34015	
2.78839	8.33893	
2.78534	8.34045	
2.78656	8.34015	
2.79053	8.33984	
2.789	8.33954	
2.78442	8.33984	
2.78595	8.33984	
2.78473	8.33984	
2.78503	8.34015	
2.78809	8.34015	
2.78839	8.33954	
2.78748	8.34045	
2.78778	8.34015	
2.78351	8.33954	
2.78534	8.33954	
2.78625	8.33923	
2.78412	8.33984	
2.78595	8.34045	
2.78534	8.33984	
2.789	8.34015	
2.78351	8.33984	
2.78442	8.34015	
2.78564	8.33954	
2.78473	8.33984	
2.78625	8.33923	
2.78687	8.33923	
2.79144	8.33984	
2.78717	8.34076	
2.78564	8.33984	
2.7832	8.33954	
2.78351	8.34045	
2.78625	8.33923	
2.78748	8.33954	
2.78534	8.33984	
2.78351	8.33954	
2.78687	8.33984	
2.78931	8.34015	
2.79022	8.33923	
2.78076	8.34015	
2.7832	8.33923	
2.78595	8.33984	
2.78473	8.33984	
2.78687	8.34015	
2.78412	8.33923	
2.78961	8.33984	
2.78534	8.33893	
2.78473	8.33954	
2.78656	8.34045	
2.78687	8.33984	
2.78656	8.34045	
2.78381	8.33984	
2.78778	8.33923	
2.78442	8.33984	
2.78656	8.34045	
2.78412	8.33954	
2.78107	8.34015	
2.78595	8.34015	
2.78748	8.34076	
2.78656	8.34015	
2.78687	8.34015	
2.789	8.33984	
2.78412	8.33954	
2.78503	8.33893	
2.78595	8.33984	
2.78198	8.33984	
2.78595	8.33984	
2.78748	8.34045	
2.78595	8.33954	
2.78809	8.33954	
2.78595	8.34015	
2.78839	8.34015	
2.78687	8.34015	
2.78412	8.33923	
2.78595	8.34015	
2.7832	8.33954	
2.78107	8.33893	
2.78625	8.33984	
2.78503	8.33923	
2.78656	8.33954	
2.78534	8.33984	
2.78687	8.33893	
2.789	8.33954	
2.79022	8.33984	
2.78809	8.34076	
2.78076	8.33954	
2.78687	8.34045	
2.78625	8.34015	
2.78625	8.33954	
2.78656	8.34015	
2.79053	8.34015	
2.78625	8.34015	
2.78625	8.34015	
2.78595	8.33954	
2.78809	8.34045	
2.78625	8.34045	
2.78503	8.33954	
2.78809	8.34015	
2.78351	8.33984	
2.78656	8.34045	
2.78259	8.33923	
2.78595	8.33984	
2.78656	8.33984	
2.7887	8.33954	
2.78656	8.33954	
2.789	8.33923	
2.78809	8.34045	
2.79022	8.33984	
2.78931	8.33954	
2.789	8.33984	
2.78625	8.33923	
2.78656	8.34045	
2.78717	8.34015	
2.78625	8.33984	
2.78656	8.34015	
2.78717	8.33984	
2.78473	8.33984	
2.79083	8.33984	
2.78809	8.33984	
2.79083	8.33832	
2.78381	8.33984	
2.78473	8.33954	
2.78625	8.33984	
2.78503	8.33893	
2.78595	8.33954	
2.78656	8.34015	
2.79114	8.34015	
2.7832	8.33984	
2.78137	8.33923	
2.78595	8.33954	
2.789	8.33984	
2.78625	8.33984	
2.78351	8.33984	
2.78839	8.33923	
2.78748	8.34045	
2.78625	8.33923	
2.78687	8.33954	
2.78534	8.33984	
2.78625	8.33954	
2.789	8.33954	
2.79083	8.33984	
2.78503	8.33984	
2.78473	8.33954	
2.78107	8.34045	
2.78046	8.33893	
2.78687	8.33954	
2.78412	8.34045	
2.78625	8.33923	
2.78442	8.33954	
2.79022	8.33893	
2.78442	8.33923	
2.78534	8.33893	
2.78595	8.33984	
2.78625	8.33923	
2.78595	8.33862	
2.78687	8.33954	
2.78656	8.33893	
2.78748	8.33893	
2.79022	8.33984	
2.78076	8.33923	
2.78015	8.33984	
2.78595	8.33954	
2.78778	8.33984	
2.78473	8.33923	
2.78595	8.33984	
2.789	8.33893	
2.7829	8.33893	
2.78687	8.33954	
2.78229	8.33923	
2.78168	8.33893	
2.78503	8.33984	
2.78656	8.33923	
2.78473	8.34015	
2.78412	8.33954	
2.78839	8.33954	
2.78809	8.33893	
2.78381	8.34015	
2.78625	8.33893	
2.78656	8.33954	
2.78564	8.33923	
2.78259	8.33954	
2.78503	8.33984	
2.78748	8.33893	
2.78992	8.33984	
2.78564	8.33954	
2.78412	8.33923	
2.78564	8.33923	
2.78656	8.33923	
2.78534	8.33954	
2.78381	8.33893	
2.78687	8.33923	
2.78595	8.33984	
2.78931	8.34015	
2.78381	8.33923	
2.7832	8.33862	
2.78564	8.33954	
2.78534	8.33954	
2.78473	8.33893	
2.78809	8.33893	
2.78534	8.33893	
2.78809	8.33954	
2.78931	8.34015	
2.78046	8.33893	
2.78046	8.33954	
2.78534	8.33984	
2.78625	8.33923	
2.78503	8.33954	
2.78534	8.33923	
2.78473	8.33893	
2.7829	8.33954	
2.78961	8.33984	
2.78656	8.33923	
2.78656	8.33954	
2.78259	8.33893	
2.78107	8.33893	
2.78503	8.33923	
2.78595	8.33893	
2.78503	8.33923	
2.78412	8.33954	
2.78473	8.33893	
2.78595	8.33923	
2.789	8.34045	
2.7832	8.33893	
2.78473	8.33984	
2.78564	8.33984	
2.78687	8.33893	
2.78503	8.34015	
2.78839	8.33984	
2.78656	8.33923	
2.78503	8.33923	
2.789	8.33893	
2.78046	8.33923	
2.78198	8.33862	
2.78473	8.33893	
2.78778	8.33954	
2.78503	8.33954	
2.78595	8.33923	
2.78717	8.33984	
2.78809	8.33893	
2.78442	8.33954	
2.77954	8.33893	
2.78259	8.33923	
2.78442	8.33954	
2.78687	8.33984	
2.78656	8.33923	
2.78412	8.33923	
2.78961	8.33954	
2.78503	8.33984	
2.78076	8.33893	
2.78442	8.33984	
2.78687	8.33923	
2.78595	8.33923	
2.78442	8.33984	
2.78931	8.33923	
2.78046	8.33923	
2.78229	8.33893	
2.78595	8.33923	
2.78748	8.33984	
2.78717	8.33893	
2.78839	8.33954	
2.78839	8.33954	
2.78442	8.34015	
2.78717	8.34045	
2.78564	8.33954	
2.78839	8.33954	
2.78687	8.33923	
2.789	8.33832	
2.79022	8.33923	
2.78595	8.33923	
2.78625	8.33984	
2.78595	8.33923	
2.78748	8.33893	
2.78687	8.33923	
2.78625	8.33923	
2.789	8.33923	
2.78015	8.33893	
2.78625	8.33923	
2.78534	8.33923	
2.78656	8.33893	
2.78748	8.33893	
2.78473	8.33893	
2.78381	8.33923	
2.78564	8.33893	
2.78625	8.33923	
2.78687	8.33893	
2.78442	8.33954	
2.78839	8.33923	
2.78595	8.33984	
2.78381	8.33923	
2.78534	8.33954	
2.78564	8.33954	
2.78656	8.33923	
2.78717	8.33893	
2.78564	8.33984	
2.78595	8.33954	
2.78717	8.33954	
2.78687	8.33954	
2.78717	8.33893	
2.78656	8.33923	
2.7832	8.33984	
2.78625	8.33954	
2.78564	8.33893	
2.78778	8.33893	
2.78595	8.33923	
2.78839	8.33923	
2.79144	8.33984	
2.78351	8.33954	
2.78534	8.33893	
2.78625	8.33893	
2.78687	8.33954	
2.78564	8.33923	
2.7887	8.33893	
2.78931	8.33923	
2.78107	8.33954	
2.7829	8.33954	
2.78656	8.33893	
2.78748	8.33923	
2.78625	8.33923	
2.78839	8.33984	
2.78809	8.34015	
2.78809	8.33893	
2.79022	8.33923	
2.78046	8.33954	
2.78168	8.33954	
2.78656	8.33893	
2.78503	8.33832	
2.78503	8.34015	
2.78809	8.33984	
2.79022	8.33923	
2.78778	8.33893	
2.78503	8.33923	
2.78595	8.33862	
2.78656	8.33862	
2.78564	8.33954	
2.78839	8.33923	
2.78992	8.33893	
2.78748	8.33954	
2.78351	8.33984	
2.78595	8.33984	
2.78748	8.33954	
2.78564	8.33984	
2.78809	8.33862	
2.78595	8.33893	
2.78748	8.33893	
2.78961	8.33984	
2.78625	8.34015	
2.78778	8.33954	
2.78534	8.33893	
2.78839	8.33923	
2.78809	8.33954	
2.78534	8.33923	
2.77924	8.33923	
2.78473	8.33923	
2.78717	8.33893	
2.78687	8.33923	
2.78351	8.33923	
2.78809	8.33862	
2.78625	8.33954	
2.78229	8.33984	
2.78564	8.33862	
2.78473	8.33862	
2.78564	8.33923	
2.78503	8.33984	
2.78656	8.33923	
2.78748	8.33984	
2.78778	8.33923	
2.78717	8.33984	
2.78473	8.33923	
2.78503	8.33984	
2.78625	8.33954	
2.78534	8.33893	
2.78748	8.33923	
2.78534	8.33893	
2.78748	8.33984	
2.78992	8.33923	
2.77893	8.34015	
2.7832	8.33954	
2.78503	8.33984	
2.78687	8.33923	
2.78564	8.33984	
2.78748	8.33893	
2.78717	8.33954	
2.78503	8.33984	
2.78442	8.33923	
2.78503	8.33923	
2.78656	8.33984	
2.78534	8.33984	
2.7832	8.33923	
2.78748	8.33984	
2.78748	8.33984	
2.78412	8.33984	
2.78503	8.33984	
2.78625	8.33893	
2.78534	8.34015	
2.78381	8.33923	
2.78595	8.33984	
2.78229	8.33954	
2.78503	8.33893	
2.78534	8.33923	
2.78534	8.33984	
2.78473	8.33893	
2.78656	8.33923	
2.78809	8.33893	
2.78137	8.33923	
2.77924	8.33862	
2.78473	8.33923	
2.78351	8.33984	
2.78503	8.33954	
2.78412	8.33954	
2.78534	8.33923	
2.78717	8.33984	
2.78931	8.33984	
2.78381	8.33984	
2.78076	8.34015	
2.78503	8.33923	
2.78625	8.33893	
2.78351	8.33893	
2.78595	8.33984	
2.78595	8.34015	
2.78687	8.33984	
2.78992	8.33984	
2.78564	8.33954	
2.78503	8.34015	
2.7832	8.33954	
2.78564	8.33923	
2.78442	8.33893	
2.7887	8.33923	
2.78534	8.33984	
2.7887	8.33954	
2.78992	8.33923	
2.78076	8.33893	
2.78229	8.33923	
2.78503	8.33984	
2.78717	8.33923	
2.78534	8.34045	
2.78351	8.33984	
2.78809	8.33893	
2.7887	8.33893	
2.78992	8.33984	
2.77893	8.33923	
2.78015	8.34015	
2.78442	8.33954	
2.78717	8.33923	
2.78595	8.33984	
2.78381	8.33954	
2.78809	8.33954	
2.78809	8.33893	
2.78046	8.33954	
2.78503	8.33923	
2.78625	8.33984	
2.78564	8.33954	
2.78809	8.33923	
2.79114	8.33893	
2.78595	8.33923	
2.78748	8.33954	
2.78534	8.33984	
2.78656	8.34045	
2.78595	8.33893	
2.78351	8.33923	
2.79144	8.33954	
2.78351	8.33923	
2.78442	8.33923	
2.78473	8.33954	
2.78259	8.33954	
2.78595	8.33893	
2.78687	8.33893	
2.78503	8.33954	
2.78534	8.33923	
2.78564	8.33923	
2.78503	8.33862	
2.78839	8.33984	
2.7829	8.33893	
2.78381	8.33923	
2.78595	8.33893	
2.78595	8.33954	
2.78564	8.33923	
2.78595	8.33984	
2.79144	8.33893	
2.7829	8.33954	
2.78809	8.33954	
2.78656	8.33923	
2.78625	8.34015	
2.78564	8.33954	
2.78564	8.33954	
2.78656	8.33984	
2.78625	8.33893	
2.78931	8.33984	
2.78503	8.33984	
2.77985	8.33954	
2.78595	8.34015	
2.78534	8.33954	
2.78503	8.33893	
2.78748	8.33984	
2.78961	8.33893	
2.78534	8.33893	
2.78442	8.33862	
2.78534	8.33954	
2.78625	8.33893	
2.78442	8.33984	
2.789	8.34015	
2.78687	8.33923	
2.78687	8.33862	
2.78961	8.33984	
2.78107	8.33832	
2.78259	8.33893	
2.78442	8.33923	
2.78778	8.33984	
2.78595	8.33954	
2.7829	8.33923	
2.79053	8.33984	
2.78351	8.33954	
2.78809	8.33923	
2.78564	8.33923	
2.78625	8.33923	
2.78595	8.33923	
2.78473	8.33923	
2.79083	8.33893	
2.78503	8.33862	
2.78473	8.33923	
2.78625	8.33984	
2.78717	8.33923	
2.78473	8.33923	
2.78778	8.33862	
2.79053	8.33893	
2.7887	8.34045	
2.78137	8.33893	
2.78595	8.33832	
2.78412	8.33984	
2.78473	8.33954	
2.78748	8.33923	
2.79144	8.33923	
2.7832	8.33893	
2.78473	8.33923	
2.78198	8.33893	
2.78564	8.33893	
2.78564	8.33954	
2.78473	8.33923	
2.78534	8.33984	
2.78381	8.33862	
2.78503	8.33893	
2.78839	8.33862	
2.79022	8.33923	
2.78168	8.33923	
2.78046	8.33893	
2.78534	8.33984	
2.78412	8.33893	
2.78473	8.33954	
2.78625	8.33893	
2.78992	8.33954	
2.78839	8.33954	
2.77985	8.33923	
2.78534	8.33954	
2.78412	8.33954	
2.78564	8.33984	
2.78687	8.33954	
2.78564	8.33893	
2.7829	8.33862	
2.78381	8.33893	
2.78503	8.33923	
2.78442	8.33984	
2.78503	8.33984	
2.78564	8.33893	
2.78748	8.33954	
2.78687	8.33954	
2.78168	8.33954	
2.78503	8.33862	
2.78717	8.33954	
2.78625	8.33923	
2.78595	8.33984	
2.78595	8.33923	
2.78442	8.33923	
2.78595	8.33954	
2.78503	8.33893	
2.78442	8.33923	
2.78809	8.33893	
2.78412	8.33923	
2.78351	8.33923	
2.78412	8.34015	
2.78381	8.33954	
2.78534	8.33893	
2.78625	8.33832	
2.79022	8.33954	
2.78778	8.33954	
2.77985	8.33862	
2.78503	8.33923	
2.78656	8.33954	
2.78564	8.33923	
2.78809	8.33862	
2.78442	8.34015	
2.78503	8.33984	
2.78564	8.33984	
2.78381	8.33923	
2.78534	8.33984	
2.78717	8.33923	
2.78198	8.33923	
2.78381	8.33954	
2.78503	8.33954	
2.78473	8.33984	
2.78534	8.33984	
2.7829	8.33923	
2.78656	8.33984	
2.77924	8.33954	
2.78381	8.33984	
2.78442	8.33954	
2.78656	8.33923	
2.78473	8.33984	
2.78564	8.33954	
2.78381	8.33923	
2.78473	8.33923	
2.7832	8.33923	
2.78442	8.34015	
2.7829	8.33893	
2.7887	8.33984	
2.78412	8.33984	
2.78595	8.34015	
2.78381	8.33862	
2.78656	8.33923	
2.78534	8.33862	
2.78564	8.33893	
2.78717	8.33923	
2.77924	8.34045	
2.77924	8.33984	
2.78442	8.33954	
2.78625	8.34015	
2.78473	8.33954	
2.78351	8.33984	
2.78687	8.34015	
2.78809	8.33984	
2.78015	8.33984	
2.78442	8.34076	
2.78625	8.34015	
2.78412	8.33954	
2.78381	8.33923	
2.78717	8.34015	
2.78625	8.33954	
2.78107	8.33984	
2.78564	8.33984	
2.78381	8.34015	
2.78595	8.33954	
2.78259	8.33984	
2.78961	8.33984	
2.78503	8.33984	
2.78564	8.34015	
2.78564	8.33954	
2.78687	8.34015	
2.78931	8.33984	
2.78351	8.34015	
2.78107	8.33893	
2.78534	8.33984	
2.78625	8.34015	
2.78534	8.33923	
2.78687	8.33923	
2.78931	8.33893	
2.77985	8.33893	
2.78168	8.33923	
2.78412	8.33893	
2.78717	8.33923	
2.78625	8.33893	
2.78809	8.33984	
2.78442	8.33923	
2.78473	8.33954	
2.78473	8.33893	
2.78442	8.33923	
2.7829	8.33923	
2.78839	8.33984	
2.7887	8.33954	
2.77924	8.33923	
2.78564	8.33954	
2.78748	8.33923	
2.78839	8.33954	
2.78503	8.33832	
2.78351	8.33954	
2.78534	8.33832	
2.78687	8.33862	
2.78503	8.33923	
2.78839	8.33954	
2.78748	8.33984	
2.78564	8.34015	
2.78595	8.33954	
2.78564	8.33893	
2.78656	8.33893	
2.78778	8.33923	
2.789	8.33923	
2.7829	8.33893	
2.78503	8.33923	
2.78687	8.33954	
2.78534	8.33923	
2.78381	8.33893	
2.78839	8.33832	
2.78076	8.33893	
2.78442	8.33923	
2.78503	8.33923	
2.78351	8.33923	
2.78625	8.33832	
2.78748	8.34015	
2.78748	8.33984	
2.78473	8.33984	
2.78595	8.33893	
2.78595	8.33954	
2.78717	8.33893	
2.78992	8.33954	
2.78412	8.33923	
2.78046	8.33832	
2.78503	8.33984	
2.78809	8.33923	
2.78656	8.33923	
2.7887	8.33923	
2.78992	8.33923	
2.78564	8.33893	
2.78717	8.33923	
2.78503	8.33923	
2.78839	8.33893	
2.79053	8.33923	
2.78839	8.33954	
2.78534	8.33954	
2.78503	8.33862	
2.78809	8.33862	
2.78595	8.33862	
2.78656	8.33923	
2.78931	8.33893	
2.78503	8.33984	
2.78656	8.33954	
2.78564	8.33923	
2.78412	8.33862	
2.78961	8.33893	
2.78503	8.33923	
2.78412	8.33893	
2.78503	8.34015	
2.78564	8.33893	
2.78687	8.33893	
2.7887	8.33893	
2.78412	8.33923	
2.78564	8.33984	
2.78625	8.33923	
2.78595	8.33923	
2.78778	8.33954	
2.789	8.33954	
2.78748	8.34045	
2.77985	8.33954	
2.78564	8.33984	
2.7887	8.33923	
2.78625	8.33893	
2.78564	8.34015	
2.78534	8.33923	
2.78595	8.34015	
2.78656	8.33984	
2.78473	8.34045	
2.7832	8.33893	
2.78809	8.33923	
2.7829	8.33923	
2.77954	8.33862	
2.78503	8.33893	
2.78748	8.33954	
2.78656	8.33893	
2.78778	8.33984	
2.78992	8.34015	
2.78137	8.33893	
2.77924	8.33893	
2.78564	8.33923	
2.78503	8.33984	
2.78442	8.33984	
2.78412	8.33984	
2.78748	8.34015	
2.77985	8.33954	
2.78473	8.33954	
2.78473	8.34015	
2.78564	8.33923	
2.78656	8.34076	
2.78809	8.34015	
2.789	8.34015	
2.78442	8.33984	
2.78473	8.33984	
2.78503	8.33954	
2.78687	8.33984	
2.78992	8.34045	
2.7829	8.33893	
2.78381	8.33984	
2.78473	8.33954	
2.7832	8.33984	
2.78381	8.34076	
2.78625	8.33923	
2.78687	8.33893	
2.78503	8.33984	
2.78442	8.33984	
2.78473	8.33984	
2.78717	8.33923	
2.78992	8.33893	
2.78778	8.33893	
2.78442	8.33893	
2.78412	8.33923	
2.78595	8.34015	
2.78534	8.33923	
2.78687	8.33984	
2.78381	8.33984	
2.78442	8.33923	
2.78564	8.33954	
2.78442	8.33954	
2.78229	8.33984	
2.78778	8.33923	
2.78442	8.33984	
2.78503	8.33954	
2.78412	8.33893	
2.78595	8.33923	
2.78687	8.33893	
2.78259	8.33923	
2.78168	8.33923	
2.78473	8.33984	
2.78381	8.33954	
2.78564	8.33923	
2.78717	8.33984	
2.78931	8.34045	
2.77954	8.33984	
2.78259	8.33954	
2.78442	8.33984	
2.78412	8.34015	
2.78564	8.33923	
2.78473	8.33984	
2.78687	8.33984	
2.78687	8.33984	
2.7829	8.33954	
2.78503	8.33984	
2.78564	8.33984	
2.78473	8.33984	
2.78503	8.34015	
2.78473	8.33984	
2.7832	8.33923	
2.78931	8.33984	
2.78412	8.33984	
2.78381	8.33923	
2.78381	8.33923	
2.78656	8.33923	
2.78595	8.33984	
2.78229	8.33984	
2.7829	8.34015	
2.78442	8.33984	
2.78473	8.33954	
2.78412	8.33984	
2.78748	8.33954	
2.78656	8.33954	
2.78442	8.34015	
2.78809	8.33984	
2.78473	8.34015	
2.78839	8.33954	
2.7832	8.33984	
2.78473	8.33954	
2.78442	8.34015	
2.78564	8.33984	
2.78839	8.33984	
2.78534	8.34015	
2.78564	8.33954	
2.78412	8.33984	
2.78351	8.33984	
2.78473	8.33984	
2.78442	8.33984	
2.78412	8.33984	
2.78625	8.33984	
2.78473	8.33954	
2.78442	8.33954	
2.78961	8.33893	
2.78595	8.33954	
2.78503	8.33923	
2.78473	8.34015	
2.78687	8.33954	
2.78503	8.33984	
2.78656	8.33923	
2.78381	8.33954	
2.78473	8.33984	
2.78412	8.33954	
2.78534	8.34015	
2.78809	8.34015	
2.78717	8.34015	
2.78503	8.33984	
2.78595	8.33954	
2.78473	8.33954	
2.78351	8.33923	
2.78931	8.33984	
2.7829	8.34015	
2.78656	8.33984	
2.78625	8.34045	
2.78595	8.33923	
2.78778	8.33954	
2.7832	8.33954	
2.78076	8.33923	
2.78473	8.33954	
2.78503	8.33984	
2.78717	8.33984	
2.78625	8.34076	
2.78046	8.33862	
2.78534	8.34045	
2.78442	8.34045	
2.789	8.34045	
2.78076	8.33832	
2.78656	8.33954	
2.78534	8.33954	
2.78809	8.34015	
2.78961	8.33984	
2.77985	8.33954	
2.78656	8.33923	
2.78503	8.33923	
2.78442	8.33923	
2.79053	8.33984	
2.789	8.33984	
2.78168	8.33923	
2.78534	8.33923	
2.78717	8.33893	
2.78778	8.33893	
2.78564	8.33893	
2.78473	8.33832	
2.78564	8.33923	
2.78534	8.33893	
2.78564	8.34015	
2.7832	8.34015	
2.78992	8.33954	
2.78564	8.33893	
2.78656	8.33923	
2.78534	8.33862	
2.78809	8.33923	
2.79083	8.33832	
2.78473	8.33954	
2.78046	8.33984	
2.78473	8.33893	
2.78534	8.33923	
2.78625	8.33862	
2.78259	8.33923	
2.78503	8.33893	
2.78564	8.33984	
2.78839	8.33984	
2.78656	8.34015	
2.78351	8.33984	
2.78198	8.33984	
2.78473	8.33862	
2.78809	8.33893	
2.78595	8.33923	
2.78717	8.33923	
2.78778	8.33893	
2.78503	8.33984	
2.78717	8.33984	
2.78412	8.33954	
2.78778	8.33893	
2.78564	8.33893	
2.78473	8.33954	
2.78534	8.33984	
2.78564	8.33862	
2.7887	8.33923	
2.7887	8.33923	
2.78503	8.33954	
2.78717	8.33923	
2.78595	8.33923	
2.7887	8.33954	
2.78442	8.33893	
2.78625	8.33832	
2.78625	8.33984	
2.78809	8.33862	
2.78717	8.33923	
2.78503	8.33954	
2.78473	8.33893	
2.78656	8.33954	
2.78595	8.33923	
2.78595	8.33893	
2.78473	8.33862	
2.78564	8.33923	
2.78564	8.33862	
2.78595	8.33954	
2.78381	8.33893	
2.78412	8.33984	
2.78564	8.33862	
2.78656	8.33893	
2.78625	8.33893	
2.78381	8.33862	
2.78473	8.33862	
2.78473	8.33923	
2.78625	8.33923	
2.78503	8.33923	
2.78778	8.33923	
2.78748	8.33954	
2.78473	8.33893	
2.78625	8.33862	
2.78412	8.33893	
2.78687	8.33893	
2.789	8.33954	
2.78473	8.33893	
2.78625	8.33923	
2.78442	8.33862	
2.78351	8.33984	
2.78473	8.33984	
2.7832	8.33923	
2.7829	8.33893	
2.78534	8.33893	
2.78595	8.33923	
2.78717	8.33862	
2.7829	8.33893	
2.7832	8.33923	
2.78442	8.33923	
2.78229	8.33862	
2.78931	8.33923	
2.78198	8.33954	
2.77924	8.33984	
2.78412	8.33923	
2.78442	8.33954	
2.789	8.33954	
2.78229	8.33862	
2.78687	8.33832	
2.78564	8.33832	
2.78748	8.33954	
2.78442	8.33954	
2.78503	8.33893	
2.78381	8.33893	
2.78503	8.33893	
2.78839	8.33862	
2.78381	8.33832	
2.78534	8.33923	
2.78687	8.33923	
2.78564	8.33984	
2.78198	8.33923	
2.7832	8.33923	
2.78442	8.33923	
2.78351	8.33923	
2.78534	8.33984	
2.78442	8.33893	
2.7832	8.33893	
2.78473	8.33923	
2.78717	8.33984	
2.78534	8.33954	
2.78229	8.33984	
2.7832	8.33862	
2.78534	8.34015	
2.78473	8.33862	
2.78442	8.33893	
2.78595	8.33893	
2.78351	8.33954	
2.78473	8.33984	
2.7829	8.33954	
2.78381	8.33923	
2.78564	8.33954	
2.78809	8.33893	
2.78046	8.33923	
2.78534	8.33923	
2.78473	8.33923	
2.78412	8.33893	
2.78961	8.33893	
2.78351	8.33984	
2.78473	8.33923	
2.78473	8.33984	
2.7832	8.33862	
2.79053	8.33893	
2.78473	8.33923	
2.78442	8.33893	
2.78534	8.33893	
2.78656	8.33954	
2.7887	8.33923	
2.78473	8.33984	
2.78503	8.33893	
2.78442	8.33862	
2.78381	8.33893	
2.78534	8.33923	
2.78778	8.33862	
2.78381	8.33893	
2.78412	8.33893	
2.78351	8.34015	
2.78473	8.33923	
2.78381	8.33893	
2.78748	8.33923	
2.77985	8.33862	
2.78656	8.33893	
2.78534	8.33923	
2.78534	8.33923	
2.78809	8.33893	
2.78503	8.33954	
2.78381	8.33954	
2.78473	8.33923	
2.78381	8.33923	
2.78503	8.33923	
2.78595	8.33893	
2.78503	8.33984	
2.78473	8.33893	
2.78687	8.33984	
2.78473	8.33893	
2.78442	8.33923	
2.78839	8.33984	
2.78564	8.33923	
2.78717	8.33893	
2.78595	8.33893	
2.78717	8.34015	
2.78473	8.33984	
2.78503	8.33923	
2.78687	8.33954	
2.78503	8.33893	
2.78656	8.33832	
2.78503	8.33984	
2.78473	8.33923	
2.78656	8.33893	
2.78473	8.33954	
2.78839	8.33923	
2.789	8.33893	
2.78503	8.33984	
2.78687	8.33923	
2.78473	8.33923	
2.78412	8.33893	
2.78839	8.33893	
2.78229	8.33923	
2.78625	8.33893	
2.78503	8.33984	
2.78473	8.33923	
2.79053	8.33954	
2.78351	8.33984	
2.78503	8.33893	
2.78564	8.33923	
2.78564	8.33862	
2.79083	8.33923	
2.7887	8.33984	
2.78076	8.33984	
2.78534	8.33893	
2.78656	8.33893	
2.78656	8.33954	
2.78809	8.33923	
2.78931	8.33984	
2.78473	8.33954	
2.78717	8.33862	
2.78564	8.33923	
2.78839	8.33984	
2.78931	8.34045	
2.77985	8.33893	
2.78564	8.33893	
2.78564	8.33984	
2.78748	8.33893	
2.78839	8.33984	
2.78198	8.33832	
2.78229	8.33832	
2.78473	8.33923	
2.78412	8.33862	
2.78656	8.33893	
2.78351	8.33954	
2.78442	8.33954	
2.78564	8.33954	
2.78839	8.33893	
2.78656	8.33954	
2.78839	8.33954	
2.78229	8.34015	
2.78473	8.33893	
2.78351	8.33893	
2.79053	8.33954	
2.78046	8.33954	
2.78687	8.33954	
2.78564	8.33923	
2.78381	8.33801	
2.789	8.33984	
2.78442	8.33954	
2.78625	8.33984	
2.78564	8.33954	
2.78381	8.33954	
2.78839	8.33954	
2.78351	8.33893	
2.78687	8.33893	
2.78625	8.33954	
2.78839	8.33954	
2.78839	8.33954	
2.78168	8.33832	
2.78381	8.33893	
2.78503	8.33984	
2.78564	8.33923	
2.78595	8.33893	
2.78748	8.33954	
2.78351	8.33923	
2.78534	8.33984	
2.78442	8.33954	
2.78564	8.33923	
2.78442	8.33923	
2.78656	8.33862	
2.78534	8.33862	
2.78656	8.33893	
2.78473	8.33923	
2.78381	8.33923	
2.78503	8.33923	
2.78503	8.33923	
2.78687	8.33954	
2.79053	8.33923	
2.78473	8.33862	
2.78381	8.33893	
2.78473	8.33984	
2.78381	8.33832	
2.78625	8.33923	
2.7832	8.33984	
2.78412	8.33862	
2.78503	8.33893	
2.78625	8.33893	
2.78442	8.33984	
2.78351	8.33954	
2.78748	8.33893	
2.77985	8.33862	
2.77985	8.33832	
2.78381	8.33862	
2.78351	8.33984	
2.78717	8.33923	
2.78656	8.33893	
2.7832	8.33954	
2.78473	8.33832	
2.78809	8.33923	
2.78503	8.33862	
2.78259	8.33862	
2.78351	8.33862	
2.78412	8.33862	
2.78625	8.33984	
2.78412	8.33954	
2.78351	8.33832	
2.7887	8.33923	
2.78473	8.33893	
2.78595	8.33893	
2.78442	8.33923	
2.7832	8.33923	
2.78961	8.33893	
2.78198	8.33893	
2.78656	8.33862	
2.78534	8.33923	
2.78625	8.33954	
2.78809	8.33923	
2.7832	8.33954	
2.78442	8.33954	
2.78412	8.33893	
2.78259	8.33862	
2.78931	8.33954	
2.78473	8.33954	
2.78473	8.33923	
2.78473	8.33893	
2.78748	8.33893	
2.7829	8.33862	
2.78442	8.33862	
2.78412	8.34015	
2.78534	8.33923	
2.78381	8.33893	
2.7829	8.33954	
2.78412	8.33893	
2.78625	8.33923	
2.78625	8.33923	
2.78564	8.33954	
2.7829	8.33893	
2.78473	8.33893	
2.78564	8.33893	
2.78503	8.33893	
2.78687	8.33954	
2.78412	8.33923	
2.78442	8.34015	
2.78351	8.33893	
2.78564	8.33893	
2.78351	8.33893	
2.78473	8.33893	
2.78442	8.33923	
2.78473	8.33984	
2.78503	8.33893	
2.78442	8.33862	
2.78748	8.33954	
2.78168	8.33862	
2.78595	8.33862	
2.78351	8.33923	
2.78717	8.33923	
2.78748	8.33954	
2.78168	8.33923	
2.78564	8.33893	
2.78503	8.33984	
2.78442	8.33923	
2.78839	8.33984	
2.78137	8.33832	
2.78595	8.33984	
2.78412	8.33862	
2.7832	8.33923	
2.78442	8.33893	
2.78442	8.33862	
2.78717	8.33862	
2.78473	8.33862	
2.78473	8.33893	
2.78778	8.33923	
2.78534	8.33923	
2.78687	8.33954	
2.78473	8.33984	
2.78473	8.33923	
2.7832	8.33893	
2.78473	8.34045	
2.78687	8.33893	
2.78442	8.33954	
2.78351	8.33832	
2.78687	8.33923	
2.78473	8.33893	
2.78381	8.33893	
2.78778	8.33862	
2.78412	8.33801	
2.7832	8.33893	
2.78534	8.33893	
2.78412	8.34015	
2.78564	8.33832	
2.78503	8.33984	
2.78381	8.33862	
2.78534	8.33923	
2.78442	8.33923	
2.78564	8.33893	
2.78168	8.33893	
2.78442	8.33984	
2.78503	8.33923	
2.78412	8.33954	
2.78992	8.33923	
2.7887	8.33954	
2.78442	8.33862	
2.78503	8.33862	
2.78748	8.33893	
2.78687	8.33923	
2.78748	8.33984	
2.78412	8.33832	
2.78473	8.33832	
2.78839	8.33893	
2.78625	8.33923	
2.78259	8.33923	
2.78259	8.33923	
2.78564	8.33893	
2.78778	8.33923	
2.78625	8.33984	
2.78442	8.33923	
2.78534	8.33984	
2.78656	8.33923	
2.78809	8.33923	
2.78748	8.33923	
2.78748	8.33862	
2.78412	8.33893	
2.78595	8.33862	
2.78595	8.33923	
2.78656	8.33954	
2.78595	8.33923	
2.78442	8.33923	
2.78534	8.33893	
2.78656	8.33893	
2.78992	8.33862	
2.78595	8.33984	
2.78473	8.33923	
2.78503	8.33832	
2.78381	8.33923	
2.78564	8.33954	
2.78351	8.33893	
2.78412	8.33893	
2.78564	8.33893	
2.78473	8.33954	
2.78564	8.33893	
2.789	8.33923	
2.78687	8.33862	
2.78473	8.33954	
2.78687	8.33923	
2.78473	8.33862	
2.78412	8.33954	
2.78778	8.33923	
2.78595	8.33923	
2.78625	8.33923	
2.78564	8.33893	
2.78351	8.33923	
2.78809	8.33893	
2.78534	8.33893	
2.78656	8.33984	
2.78473	8.33923	
2.78351	8.33923	
2.78839	8.33832	
2.78412	8.33862	
2.78687	8.33923	
2.78503	8.33954	
2.78717	8.33954	
2.78839	8.33893	
2.78534	8.33893	
2.78656	8.33923	
2.78564	8.33954	
2.78595	8.33893	
2.78778	8.33923	
2.77924	8.33893	
2.78229	8.33923	
2.78412	8.33923	
2.78717	8.33923	
2.78687	8.33893	
2.78168	8.33893	
2.78625	8.33984	
2.78442	8.33893	
2.78656	8.33923	
2.78778	8.33923	
2.78473	8.33923	
2.78381	8.33954	
2.78564	8.33954	
2.78351	8.33832	
2.78412	8.33923	
2.78503	8.33923	
2.78748	8.33862	
2.78534	8.33862	
2.78595	8.33954	
2.78473	8.33893	
2.78503	8.33923	
2.78503	8.33893	
2.78503	8.33923	
2.78259	8.33862	
2.77893	8.33893	
2.78442	8.33923	
2.78717	8.33984	
2.78687	8.33923	
2.78656	8.33893	
2.77893	8.33893	
2.78473	8.33923	
2.78503	8.33923	
2.78564	8.33954	
2.78656	8.33923	
2.78473	8.33923	
2.78473	8.33893	
2.78229	8.33954	
2.78992	8.33893	
2.78687	8.33862	
2.77893	8.33862	
2.78442	8.33923	
2.78717	8.33893	
2.78442	8.33954	
2.7832	8.33923	
2.77863	8.33984	
2.78473	8.33923	
2.78412	8.33893	
2.78961	8.34015	
2.77954	8.33893	
2.78625	8.33923	
2.78442	8.33893	
2.78625	8.33923	
2.78625	8.33862	
2.78046	8.33984	
2.78473	8.33923	
2.78351	8.33893	
2.78687	8.33893	
2.78412	8.33923	
2.78473	8.33893	
2.77832	8.33923	
2.78381	8.33832	
2.78534	8.33923	
2.78656	8.33923	
2.78015	8.33923	
2.78168	8.33984	
2.78381	8.33893	
2.78503	8.34015	
2.78717	8.33923	
2.78748	8.33893	
2.77924	8.33984	
2.78351	8.33923	
2.78656	8.33832	
2.79022	8.33832	
2.78687	8.33923	
2.7829	8.33893	
2.78412	8.33923	
2.78351	8.33893	
2.78839	8.33923	
2.7829	8.33954	
2.78229	8.33862	
2.78412	8.33893	
2.7832	8.33954	
2.78931	8.33954	
2.78412	8.33923	
2.78381	8.33862	
2.78473	8.33923	
2.78076	8.33832	
2.77802	8.33984	
2.78381	8.33893	
2.78412	8.33862	
2.78961	8.33954	
2.78015	8.33954	
2.77954	8.33923	
2.7832	8.33954	
2.78503	8.33954	
2.78778	8.33954	
2.78503	8.33923	
2.78503	8.33923	
2.78351	8.33893	
2.78351	8.33923	
2.78778	8.33984	
2.78351	8.33923	
2.78381	8.33893	
2.78442	8.33923	
2.78503	8.33923	
2.78839	8.33984	
2.77985	8.33832	
2.78534	8.33893	
2.78473	8.33893	
2.78656	8.33893	
2.78412	8.33954	
2.78412	8.33923	
2.78534	8.33893	
2.78412	8.33984	
2.78198	8.33954	
2.78473	8.34015	
2.78442	8.33984	
2.78473	8.33923	
2.78564	8.33923	
2.78809	8.33984	
2.7829	8.33893	
2.78503	8.33923	
2.78595	8.33923	
2.78503	8.33984	
2.78839	8.33893	
2.78534	8.33893	
2.78473	8.33984	
2.78595	8.33954	
2.78687	8.33893	
2.77924	8.33862	
2.78564	8.33984	
2.78503	8.33832	
2.78778	8.33954	
2.7829	8.33923	
2.78473	8.33862	
2.78564	8.33923	
2.79053	8.33923	
2.77985	8.33923	
2.78625	8.33954	
2.78503	8.34045	
2.78748	8.33893	
2.78748	8.33923	
2.78503	8.33984	
2.78351	8.33954	
2.78534	8.33893	
2.78809	8.33893	
2.78412	8.33954	
2.78503	8.33893	
2.78687	8.34015	
2.78625	8.33893	
2.78229	8.33893	
2.78107	8.33954	
2.78564	8.33984	
2.78778	8.33893	
2.78931	8.33923	
2.78564	8.33893	
2.77832	8.34015	
2.78564	8.33954	
2.78625	8.33954	
2.78748	8.33893	
2.78076	8.33923	
2.78625	8.33923	
2.78534	8.33923	
2.7832	8.33923	
2.78961	8.33954	
2.78564	8.33923	
2.78412	8.33862	
2.78564	8.33862	
2.78748	8.33954	
2.78503	8.33832	
2.78503	8.33923	
2.78351	8.33893	
2.78809	8.33923	
2.78839	8.33954	
2.78625	8.33984	
2.78473	8.33954	
2.7829	8.33954	
2.78687	8.33984	
2.78442	8.33984	
2.78717	8.33923	
2.7887	8.33984	
2.78259	8.33984	
2.78717	8.33984	
2.78442	8.33923	
2.78351	8.33893	
2.78961	8.33984	
2.78656	8.33893	
2.77893	8.33923	
2.78564	8.33984	
2.78595	8.33954	
2.78748	8.33984	
2.78503	8.33923	
2.78687	8.33862	
2.78534	8.34015	
2.78839	8.33923	
2.78442	8.33923	
2.78534	8.33923	
2.78503	8.33893	
2.789	8.33923	
2.78351	8.33923	
2.78656	8.33954	
2.78381	8.33862	
2.78717	8.33923	
2.78412	8.33893	
2.78564	8.33984	
2.78839	8.33984	
2.78717	8.33923	
2.78748	8.33954	
2.78015	8.33893	
2.78503	8.33893	
2.7829	8.33893	
2.79053	8.33893	
2.77985	8.33893	
2.78595	8.33923	
2.78473	8.33984	
2.78259	8.33893	
2.789	8.33862	
2.78503	8.33954	
2.78625	8.33832	
2.78381	8.33862	
2.78229	8.33862	
2.78503	8.33893	
2.78473	8.33862	
2.78412	8.33923	
2.78809	8.33923	
2.77924	8.33862	
2.78503	8.33923	
2.78442	8.33893	
2.78625	8.33893	
2.7832	8.33923	
2.78412	8.33923	
2.78748	8.33923	
2.78687	8.33893	
2.77985	8.33923	
2.78656	8.33893	
2.78503	8.33923	
2.78687	8.33893	
2.79022	8.33984	
2.78412	8.33923	
2.78564	8.33954	
2.78473	8.33923	
2.7887	8.33954	
2.78381	8.33923	
2.78381	8.33984	
2.78259	8.33923	
2.78473	8.33923	
2.7829	8.33862	
2.78442	8.33923	
2.78442	8.33954	
2.78656	8.33893	
2.78839	8.33954	
2.78076	8.33893	
2.78564	8.33984	
2.78412	8.33923	
2.78687	8.33923	
2.78168	8.33832	
2.78381	8.33893	
2.78168	8.33893	
2.78259	8.33862	
2.78503	8.33923	
2.78412	8.33984	
2.78656	8.33984	
2.77832	8.33984	
2.78503	8.33923	
2.78412	8.33923	
2.78717	8.33984	
2.78229	8.33954	
2.78442	8.33862	
2.78412	8.33893	
2.78717	8.34015	
2.7832	8.33832	
2.78473	8.33923	
2.789	8.34015	
2.77893	8.33862	
2.78503	8.33893	
2.7832	8.33923	
2.78687	8.33954	
2.78351	8.33862	
2.78473	8.33923	
2.78656	8.33923	
2.78748	8.33984	
2.77893	8.33954	
2.78595	8.33954	
2.78503	8.33923	
2.78381	8.33893	
2.78442	8.33893	
2.78473	8.33893	
2.78442	8.33923	
2.78778	8.33984	
2.77893	8.33923	
2.78412	8.33954	
2.78442	8.33923	
2.7829	8.33893	
2.78076	8.33923	
2.78381	8.33954	
2.78259	8.33923	
2.78809	8.33923	
2.78168	8.33832	
2.78534	8.33954	
2.78442	8.33893	
2.78198	8.33893	
2.78717	8.33923	
2.78473	8.33923	
2.7829	8.33832	
2.78503	8.33954	
2.78687	8.33923	
2.77893	8.33862	
2.78381	8.33954	
2.78107	8.33923	
2.78259	8.33832	
2.78473	8.33923	
2.78229	8.33984	
2.78717	8.33923	
2.78107	8.33923	
2.78473	8.33984	
2.78473	8.33893	
2.78229	8.33984	
2.78778	8.34015	
2.78412	8.33923	
2.78351	8.34015	
2.7887	8.33862	
2.78473	8.33954	
2.78534	8.33923	
2.78412	8.33893	
2.78381	8.33923	
2.78534	8.33954	
2.78473	8.33954	
2.78259	8.33923	
2.78809	8.33923	
2.78412	8.33984	
2.78564	8.33923	
2.78412	8.33984	
2.78198	8.33893	
2.7832	8.33893	
2.78473	8.33984	
2.78625	8.33923	
2.79022	8.33923	
2.78259	8.33923	
2.78564	8.33954	
2.78412	8.33893	
2.7829	8.33923	
2.78625	8.33923	
2.78534	8.33954	
2.78503	8.33893	
2.78687	8.33923	
2.78564	8.33923	
2.78687	8.33984	
2.78625	8.33923	
2.78473	8.33893	
2.78046	8.33862	
2.78564	8.33923	
2.78717	8.33954	
2.78961	8.33923	
2.78534	8.33893	
2.78473	8.33923	
2.78503	8.33984	
2.78198	8.33893	
2.77924	8.33923	
2.78564	8.33923	
2.78687	8.33923	
2.78778	8.33954	
2.78442	8.33893	
2.78625	8.33893	
2.78595	8.33954	
2.78137	8.33893	
2.78625	8.33923	
2.78473	8.33954	
2.78229	8.33954	
2.78595	8.33893	
2.78442	8.33893	
2.78687	8.33984	
2.79022	8.33893	
2.78381	8.33984	
2.78534	8.33923	
2.78503	8.33893	
2.78381	8.33893	
2.78381	8.33893	
2.78534	8.33893	
2.78778	8.33923	
2.78961	8.33954	
2.77954	8.33923	
2.78625	8.33862	
2.78442	8.33893	
2.78259	8.33923	
2.78046	8.33923	
2.78442	8.33862	
2.78717	8.33954	
2.789	8.33984	
2.78381	8.33984	
2.78564	8.33923	
2.79022	8.33984	
2.78442	8.34015	
2.78473	8.33862	
2.78473	8.33984	
2.78748	8.33893	
2.78564	8.33893	
2.78442	8.33923	
2.78656	8.34015	
2.78259	8.33923	
2.78412	8.33954	
2.78534	8.33923	
2.78839	8.33832	
2.78442	8.33893	
2.78564	8.33984	
2.78809	8.33893	
2.77893	8.33923	
2.78625	8.33923	
2.78534	8.33893	
2.7832	8.33954	
2.77863	8.33862	
2.78442	8.33954	
2.78259	8.33984	
2.7829	8.33893	
2.7832	8.33984	
2.78534	8.33923	
2.78778	8.33893	
2.78168	8.33893	
2.78473	8.33984	
2.78564	8.33984	
2.7832	8.33923	
2.78442	8.33893	
2.78473	8.33923	
2.78717	8.33893	
2.78381	8.33923	
2.78442	8.33923	
2.78717	8.33984	
2.78748	8.33893	
2.78412	8.33893	
2.78503	8.33954	
2.78809	8.33923	
2.78412	8.33984	
2.78595	8.33893	
2.7829	8.33893	
2.78748	8.33862	
2.78412	8.33893	
2.78412	8.33893	
2.78229	8.33923	
2.78687	8.33984	
2.78259	8.33984	
2.78564	8.33954	
2.78351	8.34015	
2.78656	8.33954	
2.78198	8.33893	
2.78351	8.33954	
2.78442	8.33923	
2.7887	8.33954	
2.7832	8.33984	
2.78137	8.33862	
2.78351	8.33954	
2.78229	8.33893	
2.7829	8.33954	
2.7829	8.33893	
2.78137	8.33862	
2.78687	8.33984	
2.78381	8.33923	
2.78656	8.33954	
2.78961	8.33984	
2.78015	8.33862	
2.78564	8.33832	
2.78381	8.33954	
2.78656	8.33923	
2.77771	8.33923	
2.78351	8.33954	
2.78625	8.33984	
2.78931	8.34045	
2.78381	8.33954	
2.7829	8.33923	
2.78473	8.33954	
2.7832	8.33954	
2.78564	8.33923	
2.78473	8.33923	
2.78381	8.33893	
2.7771	8.33862	
2.7829	8.33923	
2.78198	8.33984	
2.78656	8.33923	
2.78412	8.33923	
2.7829	8.33923	
2.78931	8.33954	
2.77832	8.33832	
2.78503	8.33923	
2.78351	8.33923	
2.78442	8.33923	
2.77771	8.33862	
2.7832	8.33923	
2.78595	8.33923	
2.78687	8.33923	
2.78442	8.33893	
2.78503	8.33984	
2.78687	8.33923	
2.78351	8.33923	
2.7832	8.33862	
2.78503	8.33862	
2.78351	8.33893	
2.78168	8.33862	
2.78381	8.33923	
2.78564	8.33923	
2.78595	8.33893	
2.7832	8.33893	
2.78564	8.33923	
2.78442	8.33893	
2.77985	8.33923	
2.78503	8.33923	
2.78351	8.33923	
2.78198	8.33923	
2.78381	8.33862	
2.78412	8.33923	
2.7832	8.33923	
2.78717	8.33923	
2.78351	8.33954	
2.78229	8.33923	
2.78442	8.33923	
2.78076	8.33923	
2.78473	8.33923	
2.78473	8.33984	
2.78748	8.33954	
2.7832	8.33954	
2.78412	8.33923	
2.78259	8.33893	
2.78717	8.33893	
2.78778	8.33862	
2.78076	8.33862	
2.78473	8.33862	
2.78656	8.34015	
2.7832	8.33893	
2.78473	8.33984	
2.78137	8.33984	
2.78961	8.33923	
2.77924	8.33923	
2.78381	8.33984	
2.78473	8.33923	
2.78625	8.33923	
2.78564	8.33893	
2.78503	8.33923	
2.78473	8.33954	
2.77863	8.33893	
2.78381	8.33832	
2.78717	8.33954	
2.7887	8.33893	
2.78259	8.33893	
2.78351	8.33893	
2.78473	8.33923	
2.78717	8.33923	
2.78381	8.33893	
2.78473	8.33923	
2.78351	8.33923	
2.78809	8.33862	
2.78412	8.33893	
2.7829	8.33893	
2.78992	8.33984	
2.78473	8.33771	
2.78381	8.33984	
2.78503	8.33923	
2.78809	8.33893	
2.78381	8.33893	
2.78351	8.33923	
2.78656	8.33923	
2.789	8.33984	
2.78442	8.33923	
2.78564	8.33984	
2.78809	8.33862	
2.78778	8.33862	
2.78564	8.33893	
2.78381	8.33923	
2.78412	8.33893	
2.78412	8.33984	
2.78442	8.33862	
2.78351	8.33862	
2.78687	8.33862	
2.78412	8.33893	
2.78351	8.33923	
2.78534	8.33923	
2.77924	8.33893	
2.78595	8.33893	
2.78625	8.33893	
2.7832	8.33862	
2.78046	8.33923	
2.78442	8.33923	
2.78503	8.33984	
2.7887	8.33984	
2.78381	8.33923	
2.78778	8.33984	
2.79083	8.33893	
2.77832	8.33923	
2.78503	8.33893	
2.78442	8.33893	
2.78473	8.33862	
2.78351	8.33862	
2.78473	8.33923	
2.78687	8.33984	
2.78412	8.33893	
2.78534	8.33893	
2.78534	8.33893	
2.78931	8.33923	
2.78442	8.33893	
2.78625	8.33893	
2.78442	8.33893	
2.78656	8.33923	
2.78442	8.33893	
2.78503	8.33984	
2.78595	8.33923	
2.78625	8.33923	
2.78412	8.33893	
2.78473	8.33923	
2.78473	8.33923	
2.78351	8.33862	
2.78107	8.33923	
2.78381	8.33984	
2.78625	8.33862	
2.78931	8.33893	
2.78473	8.33893	
2.78534	8.33984	
2.78595	8.33923	
2.78259	8.33862	
2.78229	8.33893	
2.78412	8.33954	
2.78625	8.33923	
2.78625	8.33862	
2.78412	8.33862	
2.78229	8.33862	
2.78442	8.33923	
2.7832	8.33893	
2.78992	8.33923	
2.78046	8.33862	
2.78412	8.33893	
2.78503	8.33923	
2.78229	8.33893	
2.77893	8.33923	
2.78442	8.33862	
2.78625	8.33984	
2.78687	8.33893	
2.78412	8.33832	
2.78564	8.33862	
2.78503	8.33984	
2.78351	8.33954	
2.77893	8.33923	
2.78442	8.33954	
2.7829	8.33923	
2.789	8.33893	
2.78412	8.33893	
2.78503	8.33923	
2.78687	8.33893	
2.78748	8.33984	
2.77924	8.33832	
2.78412	8.33923	
2.78656	8.33984	
2.78015	8.33923	
2.78442	8.33862	
2.78046	8.33923	
2.7829	8.33893	
2.78412	8.33923	
2.78595	8.33984	
2.78809	8.33832	
2.78564	8.34015	
2.78473	8.33893	
2.78442	8.33923	
2.78595	8.33954	
2.78717	8.33893	
2.78442	8.33923	
2.78351	8.33893	
2.78534	8.33923	
2.78625	8.33954	
2.77832	8.33954	
2.78442	8.33923	
2.78168	8.33923	
2.78412	8.33893	
2.78442	8.33984	
2.7829	8.33893	
2.78687	8.33862	
2.77802	8.33954	
2.78534	8.33984	
2.78442	8.33923	
2.78351	8.33923	
2.78442	8.33862	
2.78412	8.33923	
2.78107	8.33954	
2.78473	8.33862	
2.7832	8.33984	
2.78656	8.33984	
2.78229	8.33954	
2.78351	8.33923	
2.78351	8.33893	
2.7887	8.33832	
2.77863	8.33923	
2.78412	8.33862	
2.78351	8.33923	
2.78503	8.34015	
2.7829	8.33923	
2.78351	8.33923	
2.78229	8.33954	
2.78778	8.34015	
2.78412	8.33862	
2.78442	8.33923	
2.78473	8.33923	
2.7829	8.34015	
2.77832	8.33923	
2.78381	8.33954	
2.78229	8.33893	
2.78412	8.33923	
2.78412	8.33893	
2.78534	8.33923	
2.78503	8.33893	
2.7829	8.33984	
2.77832	8.33923	
2.78381	8.33923	
2.78534	8.33923	
2.78748	8.33893	
2.78442	8.33923	
2.78168	8.33893	
2.78412	8.33923	
2.78595	8.33923	
2.77924	8.33893	
2.78351	8.33923	
2.78687	8.33893	
2.78748	8.33923	
2.78381	8.33923	
2.78381	8.33862	
2.78412	8.33984	
2.78687	8.33954	
2.78473	8.33984	
2.78381	8.33893	
2.7829	8.33893	
2.78748	8.33984	
2.78381	8.33832	
2.78656	8.33954	
2.78687	8.33893	
2.7832	8.33923	
2.78595	8.33954	
2.78381	8.33954	
2.78656	8.33984	
2.78229	8.33984	
2.78412	8.33984	
2.78564	8.33832	
2.78931	8.33923	
2.77832	8.33984	
2.78473	8.33984	
2.78412	8.33954	
2.78442	8.33862	
2.7832	8.33893	
2.78412	8.33923	
2.78442	8.33862	
2.78687	8.33893	
2.78473	8.33893	
2.78595	8.33893	
2.78442	8.33893	
2.78198	8.33862	
2.78046	8.33984	
2.78442	8.33923	
2.7832	8.33893	
2.78778	8.33923	
2.78381	8.33984	
2.78656	8.33984	
2.78961	8.33923	
2.78351	8.33923	
2.78351	8.33893	
2.78503	8.33862	
2.78564	8.33984	
2.78015	8.33893	
2.78442	8.33923	
2.78198	8.33954	
2.7832	8.33923	
2.78442	8.33923	
2.7832	8.33893	
2.78687	8.33923	
2.78503	8.33832	
2.7829	8.33923	
2.78931	8.33923	
2.78259	8.33862	
2.78625	8.33923	
2.78534	8.33923	
2.78778	8.33954	
2.78137	8.33984	
2.78473	8.33893	
2.78259	8.33923	
2.7829	8.33893	
2.78503	8.33923	
2.78412	8.33923	
2.78992	8.33984	
2.78229	8.33862	
2.7832	8.33862	
2.78442	8.33984	
2.78748	8.33954	
2.78564	8.33923	
2.78412	8.33893	
2.78687	8.33801	
2.78137	8.33923	
2.78412	8.33923	
2.78503	8.33954	
2.78839	8.33954	
2.78442	8.33893	
2.78381	8.33923	
2.78442	8.33801	
2.78473	8.33893	
2.78534	8.33893	
2.78381	8.33923	
2.78717	8.33984	
2.77863	8.33832	
2.78503	8.33954	
2.7832	8.33893	
2.78412	8.33832	
2.78473	8.33954	
2.78351	8.33954	
2.78839	8.33984	
2.78442	8.33923	
2.78748	8.33923	
2.789	8.33923	
2.78473	8.33923	
2.78412	8.33954	
2.78473	8.33832	
2.78107	8.33893	
2.78473	8.33893	
2.78381	8.33984	
2.78778	8.33893	
2.78351	8.33923	
2.7832	8.33893	
2.78168	8.33923	
2.78229	8.33862	
2.78351	8.33923	
2.78564	8.33862	
2.789	8.33954	
2.78351	8.33893	
2.78473	8.33984	
2.78809	8.33954	
2.77924	8.33832	
2.78564	8.33954	
2.78412	8.33984	
2.7829	8.33862	
2.77893	8.33893	
2.78503	8.33832	
2.78229	8.33832	
2.7832	8.33923	
2.78381	8.33954	
2.78656	8.33893	
2.789	8.33923	
2.78412	8.33893	
2.78778	8.33862	
2.78809	8.33984	
2.77863	8.33862	
2.78442	8.33923	
2.7832	8.33923	
2.78656	8.34015	
2.78351	8.33923	
2.7829	8.33893	
2.78229	8.33893	
2.78687	8.33862	
2.78351	8.33954	
2.78259	8.33893	
2.78961	8.33893	
2.78351	8.33923	
2.78351	8.33984	
2.78839	8.33893	
2.77863	8.33893	
2.78503	8.33862	
2.78442	8.33893	
2.78473	8.33893	
2.77832	8.33984	
2.7832	8.33893	
2.78778	8.33832	
2.77771	8.33832	
2.78381	8.33923	
2.78229	8.33984	
2.78503	8.33954	
2.78442	8.33923	
2.78351	8.33923	
2.78839	8.33923	
2.78351	8.33923	
2.78442	8.33862	
2.78534	8.33923	
2.78259	8.34015	
2.78503	8.33923	
2.78381	8.33923	
2.78137	8.33923	
2.78137	8.33923	
2.78412	8.33984	
2.78137	8.33954	
2.7832	8.33954	
2.7832	8.33923	
2.78198	8.33984	
2.78503	8.33954	
2.78381	8.33862	
2.78076	8.33862	
2.78625	8.33984	
2.78351	8.33984	
2.78229	8.33954	
2.78351	8.33984	
2.78595	8.33862	
2.78198	8.33862	
2.7829	8.33893	
2.78534	8.34015	
2.78351	8.33893	
2.7832	8.33923	
2.7832	8.33984	
2.77802	8.33893	
2.78259	8.33984	
2.78473	8.33923	
2.78229	8.33893	
2.78351	8.33954	
2.78381	8.33832	
2.78778	8.33954	
2.7832	8.33923	
2.7832	8.33923	
2.78809	8.33954	
2.78107	8.33893	
2.78412	8.34015	
2.78351	8.33954	
2.78442	8.33923	
2.7774	8.33923	
2.7832	8.33862	
2.78564	8.33923	
2.78381	8.33893	
2.78381	8.33832	
2.78259	8.33923	
2.78778	8.33923	
2.7829	8.33923	
2.78259	8.33893	
2.789	8.33984	
2.78198	8.33893	
2.78442	8.33984	
2.78534	8.33862	
2.78625	8.33984	
2.78473	8.33862	
2.78259	8.33954	
2.78229	8.33984	
2.78137	8.33893	
2.78381	8.33862	
2.78625	8.33954	
2.78198	8.33862	
2.7832	8.33923	
2.78259	8.33893	
2.78625	8.33893	
2.78412	8.33984	
2.78381	8.33893	
2.789	8.33893	
2.78198	8.33923	
2.78412	8.33923	
2.78442	8.33954	
2.78656	8.33954	
2.78473	8.33893	
2.78351	8.33893	
2.77985	8.33893	
2.77802	8.33832	
2.78442	8.33923	
2.78625	8.33923	
2.78229	8.33984	
2.78351	8.33923	
2.78748	8.33954	
2.78381	8.33984	
2.78351	8.33893	
2.7832	8.33923	
2.78351	8.33832	
2.78412	8.33862	
2.78625	8.33893	
2.789	8.33893	
2.78381	8.33954	
2.7829	8.33893	
2.789	8.33923	
2.78168	8.34015	
2.78137	8.33893	
2.78503	8.33923	
2.77985	8.33862	
2.78503	8.33984	
2.78717	8.33923	
2.78351	8.33923	
2.78412	8.33893	
2.78473	8.33984	
2.7832	8.33984	
2.78503	8.34015	
2.78564	8.33954	
2.78656	8.33923	
2.78595	8.33893	
2.78412	8.33923	
2.78748	8.33984	
2.78168	8.33862	
2.7829	8.33923	
2.78748	8.33984	
2.78229	8.33893	
2.7832	8.33893	
2.78564	8.33893	
2.78351	8.33923	
2.78412	8.33862	
2.78473	8.33954	
2.78809	8.33984	
2.78473	8.33923	
2.78351	8.33893	
2.78717	8.33923	
2.78442	8.33984	
2.78473	8.33862	
2.78656	8.33862	
2.78503	8.33893	
2.78412	8.33923	
2.78809	8.33984	
2.78412	8.33893	
2.78748	8.33893	
2.7887	8.33893	
2.78442	8.33893	
2.78656	8.33923	
2.78503	8.33984	
2.78168	8.33984	
2.78107	8.33984	
2.78442	8.33893	
2.78595	8.33954	
2.77924	8.33923	
2.78381	8.33862	
2.78687	8.33923	
2.789	8.33954	
2.78351	8.33923	
2.78687	8.33984	
2.78809	8.33923	
2.78442	8.33984	
2.78656	8.33893	
2.78503	8.33954	
2.78229	8.33923	
2.78259	8.33801	
2.78412	8.33923	
2.78168	8.33893	
2.78229	8.33923	
2.78442	8.33893	
2.78687	8.33984	
2.789	8.33923	
2.78442	8.33984	
2.78351	8.33832	
2.7887	8.33862	
2.78442	8.33893	
2.78717	8.33893	
2.78809	8.33862	
2.78229	8.33923	
2.78412	8.33923	
2.78473	8.33954	
2.78717	8.33984	
2.78503	8.33893	
2.7832	8.33893	
2.78442	8.33893	
2.78351	8.33923	
2.78381	8.33923	
2.78656	8.34015	
2.78259	8.34015	
2.78473	8.33862	
2.78198	8.33923	
2.78381	8.33923	
2.78351	8.33923	
2.78442	8.33893	
2.78381	8.33893	
2.78381	8.33893	
2.78687	8.33923	
2.78809	8.33954	
2.78412	8.33923	
2.78198	8.33984	
2.78809	8.33893	
2.78442	8.33893	
2.78442	8.33893	
2.78809	8.33862	
2.78412	8.33923	
2.78564	8.33923	
2.78351	8.33984	
2.78595	8.33893	
2.78259	8.33832	
2.78381	8.33862	
2.78137	8.33923	
2.78198	8.33893	
2.78351	8.33923	
2.78625	8.33984	
2.78625	8.33984	
2.78473	8.33984	
2.7832	8.33923	
2.78931	8.33923	
2.7774	8.33893	
2.78442	8.33923	
2.78412	8.33954	
2.78412	8.33893	
2.77893	8.33893	
2.78381	8.33893	
2.78198	8.33832	
2.77924	8.33954	
2.7829	8.33984	
2.78564	8.33923	
2.78381	8.33923	
2.78412	8.33984	
2.78687	8.33954	
2.78351	8.33893	
2.78381	8.33923	
2.78137	8.33893	
2.78748	8.33954	
2.78168	8.33893	
2.78259	8.33893	
2.78656	8.33984	
2.78534	8.33984	
2.78198	8.33832	
2.78259	8.33862	
2.78259	8.33893	
2.78076	8.33984	
2.78351	8.33923	
2.78656	8.33862	
2.78809	8.33923	
2.78412	8.33984	
2.78412	8.33923	
2.78687	8.33893	
2.78351	8.33862	
2.78381	8.33893	
2.78809	8.33893	
2.77924	8.33954	
2.78625	8.33923	
2.7832	8.33984	
2.78564	8.33893	
2.78412	8.33984	
2.7829	8.33893	
2.78564	8.33862	
2.78137	8.33923	
2.78381	8.33954	
2.78046	8.33923	
2.78503	8.33893	
2.7832	8.34015	
2.7832	8.33923	
2.77954	8.33923	
2.78259	8.33984	
2.78473	8.33923	
2.78046	8.33923	
2.78351	8.33862	
2.78107	8.33893	
2.78168	8.33923	
2.78259	8.33862	
2.78625	8.33954	
2.78259	8.33954	
2.7832	8.33893	
2.78229	8.33923	
2.78625	8.33954	
2.78351	8.33923	
2.7829	8.33862	
2.78656	8.33954	
2.7829	8.33984	
2.78473	8.33832	
2.78839	8.33984	
2.78381	8.33862	
2.78595	8.33954	
2.78687	8.33984	
2.78381	8.33984	
2.78503	8.33893	
2.789	8.33954	
2.7774	8.34015	
2.78412	8.33954	
2.78595	8.33954	
2.77985	8.33923	
2.78534	8.33923	
2.78412	8.33954	
2.78351	8.33923	
2.78046	8.33893	
2.7832	8.33923	
2.78229	8.33862	
2.77893	8.33954	
2.7829	8.33923	
2.78748	8.33862	
2.7832	8.33954	
2.78412	8.33923	
2.78442	8.33862	
2.7887	8.33893	
2.7832	8.33893	
2.78442	8.33923	
2.78931	8.33923	
2.78412	8.34045	
2.78229	8.33893	
2.78534	8.33893	
2.78198	8.33893	
2.78473	8.33984	
2.78503	8.33954	
2.78259	8.33923	
2.77985	8.33923	
2.78381	8.33832	
2.78351	8.33923	
2.78229	8.33923	
2.7832	8.33954	
2.78137	8.33893	
2.7832	8.34015	
2.78412	8.33923	
2.78656	8.33984	
2.78534	8.33954	
2.78412	8.33893	
2.78229	8.33862	
2.78839	8.33984	
2.78351	8.33954	
2.78687	8.33893	
2.789	8.33954	
2.78137	8.33923	
2.78717	8.33954	
2.78717	8.33893	
2.7829	8.33832	
2.7832	8.33954	
2.78503	8.33893	
2.78442	8.33954	
2.78564	8.33954	
2.78534	8.33923	
2.78625	8.33893	
2.78534	8.33893	
2.78442	8.33832	
2.78412	8.33862	
2.78595	8.33923	
2.78473	8.33893	
2.78717	8.33893	
2.77863	8.33893	
2.78442	8.33954	
2.78503	8.33923	
2.78229	8.33923	
2.78442	8.33893	
2.78717	8.33923	
2.789	8.33954	
2.78503	8.33923	
2.78564	8.33832	
2.78656	8.33923	
2.78412	8.33923	
2.78687	8.33893	
2.78778	8.33984	
2.78412	8.33923	
2.78442	8.33832	
2.78442	8.33862	
2.7832	8.33923	
2.78229	8.33893	
2.78381	8.33923	
2.78687	8.34015	
2.78107	8.33893	
2.78412	8.33954	
2.78534	8.33954	
2.78107	8.33862	
2.78473	8.33893	
2.78656	8.33923	
2.78107	8.33923	
2.78473	8.33893	
2.78748	8.33893	
2.78168	8.33923	
2.78442	8.33893	
2.78656	8.33801	
2.78473	8.33832	
2.78473	8.33984	
2.78259	8.33923	
2.78748	8.33954	
2.77771	8.33893	
2.78595	8.33954	
2.78503	8.33893	
2.78229	8.33954	
2.78351	8.33893	
2.78412	8.33923	
2.78168	8.33923	
2.78381	8.33923	
2.78473	8.33923	
2.78351	8.33893	
2.789	8.33923	
2.78412	8.33893	
2.78625	8.33923	
2.789	8.33923	
2.78198	8.33862	
2.78564	8.33862	
2.78534	8.33923	
2.78564	8.33832	
2.78198	8.33832	
2.78412	8.34015	
2.78656	8.33862	
2.78351	8.33893	
2.78381	8.33862	
2.78656	8.33832	
2.78839	8.33923	
2.78412	8.33862	
2.78534	8.33893	
2.78656	8.33923	
2.78381	8.33954	
2.78259	8.33893	
2.78503	8.33923	
2.78625	8.33923	
2.78534	8.33893	
2.7832	8.33923	
2.78198	8.33923	
2.77802	8.33832	
2.78412	8.33862	
2.78656	8.33923	
2.77985	8.33832	
2.78229	8.33984	
2.78229	8.33923	
2.78778	8.33893	
2.78381	8.33893	
2.78198	8.33893	
2.78595	8.33923	
2.78351	8.33984	
2.78442	8.33893	
2.78748	8.33984	
2.78076	8.33893	
2.7832	8.33893	
2.78473	8.33923	
2.7771	8.33984	
2.78564	8.33893	
2.78442	8.33984	
2.78717	8.33893	
2.78473	8.33862	
2.78381	8.33923	
2.78137	8.33923	
2.78412	8.33923	
2.78351	8.33954	
2.78107	8.33862	
2.77863	8.33893	
2.78381	8.33893	
2.78137	8.33893	
2.78687	8.33954	
2.7829	8.33923	
2.7832	8.33923	
2.78625	8.33862	
2.7832	8.33893	
2.78442	8.33923	
2.78564	8.33893	
2.78351	8.33923	
2.78381	8.33923	
2.78595	8.33893	
2.78351	8.33893	
2.78229	8.33923	
2.78595	8.33893	
2.78351	8.33923	
2.78442	8.33923	
2.78656	8.33923	
2.78259	8.33954	
2.78503	8.33923	
2.78687	8.33923	
2.78259	8.33862	
2.78564	8.33984	
2.78595	8.33893	
2.7832	8.33893	
2.78107	8.33862	
2.78656	8.33923	
2.7832	8.33923	
2.78137	8.33954	
2.78564	8.33893	
2.7832	8.33923	
2.78412	8.33984	
2.78595	8.33954	
2.7832	8.33832	
2.78229	8.33893	
2.78809	8.33862	
2.78229	8.33893	
2.78473	8.33923	
2.78931	8.33923	
2.78412	8.33923	
2.78168	8.33893	
2.78381	8.33923	
2.77679	8.33954	
2.78442	8.33923	
2.78442	8.33984	
2.78229	8.33862	
2.78412	8.33923	
2.78412	8.33893	
2.78503	8.33862	
2.78473	8.34045	
2.7832	8.33923	
2.78107	8.33893	
2.78412	8.33893	
2.7829	8.33923	
2.78656	8.33893	
2.78107	8.33923	
2.7832	8.33923	
2.78656	8.33923	
2.78778	8.33923	
2.7832	8.33923	
2.78168	8.33862	
2.78778	8.33954	
2.78351	8.33923	
2.78473	8.33862	
2.789	8.33862	
2.77863	8.33923	
2.78198	8.33923	
2.78412	8.33923	
2.78107	8.33954	
2.78412	8.33923	
2.78412	8.33832	
2.78625	8.33954	
2.78473	8.33923	
2.78229	8.33984	
2.78137	8.33893	
2.78595	8.33832	
2.78351	8.34015	
2.78198	8.33893	
2.78534	8.33893	
2.78381	8.33923	
2.78656	8.33923	
2.78259	8.33862	
2.78381	8.33923	
2.78259	8.33923	
2.7829	8.33923	
2.78412	8.33984	
2.78259	8.33893	
2.78534	8.33984	
2.78442	8.33923	
2.78259	8.33862	
2.78534	8.33923	
2.78473	8.33984	
2.78625	8.33923	
2.78534	8.33893	
2.78534	8.33984	
2.78381	8.33923	
2.78625	8.33893	
2.78778	8.33893	
2.78442	8.33984	
2.78259	8.33832	
2.78748	8.34015	
2.78534	8.33893	
2.78442	8.33862	
2.78259	8.33984	
2.78381	8.33862	
2.78259	8.33893	
2.7832	8.33862	
2.78473	8.33954	
2.7832	8.33893	
2.78564	8.33893	
2.78534	8.33984	
2.78259	8.33923	
2.78809	8.33862	
2.78442	8.33893	
2.78351	8.33954	
2.78809	8.34045	
2.78473	8.33923	
2.78412	8.33984	
2.7887	8.33862	
2.78442	8.33893	
2.78687	8.33923	
2.78839	8.33954	
2.78015	8.33862	
2.78198	8.33923	
2.78687	8.33893	
2.77985	8.33923	
2.78503	8.33923	
2.78564	8.33893	
2.77863	8.33893	
2.78503	8.33862	
2.78442	8.33954	
2.78778	8.33984	
2.77954	8.33893	
2.78381	8.33893	
2.78503	8.33923	
2.78107	8.33923	
2.78473	8.33984	
2.78412	8.33923	
2.78229	8.33893	
2.78351	8.33893	
2.78259	8.33923	
2.78656	8.33862	
2.78381	8.33893	
2.78503	8.33862	
2.78839	8.33893	
2.77863	8.33923	
2.78503	8.33954	
2.78473	8.33984	
2.78625	8.33984	
2.78503	8.33893	
2.78473	8.33923	
2.78534	8.33893	
2.78473	8.33893	
2.78381	8.33893	
2.78137	8.33923	
2.78168	8.33954	
2.78412	8.33862	
2.78107	8.33893	
2.78168	8.33862	
2.78381	8.33954	
2.78595	8.33954	
2.7832	8.33862	
2.7829	8.33923	
2.78656	8.33923	
2.78381	8.33923	
2.78473	8.33893	
2.78595	8.33923	
2.78473	8.34015	
2.7829	8.33923	
2.78107	8.33832	
2.7832	8.33862	
2.78381	8.33923	
2.78503	8.33893	
2.77985	8.33923	
2.7832	8.33954	
2.78137	8.33923	
2.77954	8.33862	
2.78381	8.33954	
2.7832	8.33862	
2.77802	8.33862	
2.78259	8.33893	
2.78656	8.33954	
2.78229	8.33954	
2.78412	8.33893	
2.78717	8.34015	
2.77832	8.33893	
2.7832	8.33923	
2.78564	8.33923	
2.77893	8.33954	
2.78351	8.33954	
2.78381	8.33923	
2.77863	8.33862	
2.78351	8.33862	
2.78046	8.33923	
2.7829	8.34015	
2.78412	8.33954	
2.78656	8.33954	
2.7829	8.33954	
2.78351	8.34015	
2.78198	8.33862	
2.78534	8.33923	
2.78412	8.33862	
2.78473	8.33954	
2.78717	8.33862	
2.78351	8.33893	
2.78564	8.33923	
2.78168	8.33923	
2.7832	8.33954	
2.78198	8.33923	
2.78259	8.33954	
2.78381	8.33893	
2.78564	8.33984	
2.78595	8.33923	
2.7832	8.33893	
2.78229	8.33954	
2.78717	8.33954	
2.78351	8.33893	
2.78412	8.33893	
2.78595	8.33923	
2.7832	8.33893	
2.78595	8.33923	
2.78748	8.33923	
2.7832	8.33893	
2.78137	8.33893	
2.78625	8.33893	
2.78351	8.33893	
2.7829	8.33893	
2.78625	8.33923	
2.7829	8.33893	
2.78198	8.33984	
2.78748	8.33984	
2.7832	8.33893	
2.78137	8.33893	
2.78473	8.33893	
2.77985	8.33893	
2.78381	8.33832	
2.78381	8.33832	
2.78656	8.33893	
2.78412	8.33832	
2.7832	8.33893	
2.78564	8.33893	
2.78473	8.33923	
2.78229	8.33862	
2.78351	8.33893	
2.7774	8.33923	
2.78198	8.33923	
2.7829	8.33862	
2.78229	8.33832	
2.78351	8.33923	
2.78168	8.33893	
2.77985	8.33893	
2.78259	8.33893	
2.78442	8.33893	
2.78442	8.33984	
2.78503	8.33893	
2.77832	8.33862	
2.78534	8.33862	
2.78748	8.33893	
2.78351	8.33893	
2.78534	8.33923	
2.78687	8.33923	
2.78259	8.33954	
2.7829	8.33923	
2.78839	8.33954	
2.77893	8.33893	
2.78381	8.33954	
2.78564	8.33923	
2.77863	8.33862	
2.78259	8.33954	
2.78503	8.33954	
2.77954	8.33954	
2.78442	8.33984	
2.78473	8.33893	
2.78259	8.33923	
2.78442	8.33893	
2.78351	8.33832	
2.78564	8.33954	
2.77863	8.33893	
2.7832	8.33862	
2.78198	8.33954	
2.78259	8.33923	
2.78351	8.33832	
2.78473	8.33923	
2.78503	8.33984	
2.78351	8.33923	
2.78748	8.33923	
2.78503	8.34015	
2.78473	8.33923	
2.78595	8.33954	
2.78503	8.33923	
2.78412	8.33862	
2.78748	8.33984	
2.78534	8.33923	
2.78473	8.33954	
2.78442	8.33984	
2.78564	8.33893	
2.78351	8.33923	
2.78137	8.33862	
2.78412	8.33893	
2.78412	8.33923	
2.78503	8.33954	
2.77924	8.33862	
2.78381	8.33893	
2.7829	8.33923	
2.78198	8.33832	
2.78381	8.33923	
2.78198	8.33893	
2.77893	8.33923	
2.78503	8.33832	
2.78259	8.33893	
2.77802	8.33893	
2.78503	8.33893	
2.78656	8.33893	
2.78351	8.33923	
2.78442	8.33862	
2.78198	8.33893	
2.78412	8.33954	
2.78473	8.33954	
2.78442	8.33923	
2.77893	8.33893	
2.78381	8.33923	
2.78198	8.33923	
2.78381	8.33771	
2.78534	8.33984	
2.78534	8.33984	
2.78442	8.33862	
2.78412	8.33862	
2.78259	8.33893	
2.78595	8.33984	
2.78473	8.33893	
2.77863	8.33954	
2.78625	8.33984	
2.78473	8.33984	
2.78046	8.33923	
2.78625	8.33923	
2.78412	8.33923	
2.78412	8.33923	
2.78564	8.33923	
2.78473	8.33923	
2.78137	8.33862	
2.78412	8.33923	
2.78473	8.33923	
2.7829	8.33893	
2.78412	8.33954	
2.78351	8.33923	
2.78809	8.33923	
2.77893	8.33893	
2.78381	8.33893	
2.78198	8.33923	
2.78229	8.33984	
2.78381	8.33923	
2.78107	8.33832	
2.78534	8.33923	
2.78442	8.33923	
2.78259	8.33862	
2.77893	8.33893	
2.78442	8.33923	
2.78442	8.33893	
2.78564	8.33984	
2.78473	8.33893	
2.78198	8.33862	
2.78442	8.33893	
2.78595	8.33923	
2.78351	8.33923	
2.78442	8.33923	
2.78625	8.33954	
2.78351	8.33893	
2.78595	8.33923	
2.78656	8.33893	
2.78442	8.33923	
2.78625	8.33954	
2.78748	8.33862	
2.78381	8.33893	
2.78625	8.33954	
2.7887	8.33923	
2.78412	8.33954	
2.78595	8.34015	
2.78564	8.33893	
2.78351	8.33984	
2.78656	8.33862	
2.78748	8.34045	
2.78381	8.33954	
2.78351	8.33893	
2.78503	8.33893	
2.77954	8.33923	
2.78564	8.33923	
2.78442	8.33923	
2.77832	8.33862	
2.78412	8.33923	
2.78595	8.33984	
2.7771	8.33984	
2.78503	8.33984	
2.78625	8.33984	
2.78351	8.33923	
2.78595	8.33862	
2.78778	8.33954	
2.7829	8.33893	
2.78168	8.33954	
2.78839	8.33984	
2.7832	8.33893	
2.78198	8.33862	
2.78625	8.33893	
2.7829	8.33954	
2.78625	8.33954	
2.78625	8.33954	
2.78259	8.33954	
2.78198	8.33862	
2.78656	8.33893	
2.78412	8.33923	
2.7829	8.33923	
2.78656	8.33893	
2.7832	8.33862	
2.78381	8.33984	
2.78656	8.33893	
2.78351	8.33832	
2.7829	8.33832	
2.78687	8.33984	
2.78259	8.33984	
2.77924	8.33923	
2.7829	8.33893	
2.7829	8.33923	
2.78198	8.33923	
2.77985	8.33832	
2.78351	8.33893	
2.78381	8.33862	
2.78198	8.33923	
2.78137	8.33893	
2.78625	8.33862	
2.78137	8.33893	
2.78229	8.33923	
2.78595	8.33984	
2.78442	8.33893	
2.78351	8.33923	
2.7771	8.33923	
2.78229	8.33923	
2.78778	8.33954	
2.78015	8.33954	
2.78595	8.33923	
2.78748	8.33893	
2.78381	8.33954	
2.78198	8.33923	
2.78809	8.33923	
2.78381	8.33984	
2.78503	8.33893	
2.78229	8.33893	
2.78229	8.33893	
2.78412	8.33893	
2.7829	8.33923	
2.78351	8.33954	
2.78412	8.33923	
2.78107	8.33832	
2.78259	8.33893	
2.78503	8.33893	
2.78198	8.33923	
2.7832	8.33893	
2.78046	8.33893	
2.78229	8.33923	
2.78259	8.33923	
2.78351	8.33893	
2.78351	8.33923	
2.7832	8.33862	
2.78137	8.33954	
2.78351	8.33893	
2.7829	8.33923	
2.78564	8.33893	
2.7832	8.33893	
2.78381	8.33984	
2.78229	8.33954	
2.78412	8.33862	
2.78442	8.33954	
2.78503	8.33954	
2.7829	8.33984	
2.78687	8.33862	
2.78351	8.33923	
2.78229	8.33923	
2.78259	8.33984	
2.7829	8.33923	
2.78473	8.33923	
2.77802	8.33862	
2.78351	8.33893	
2.78778	8.33923	
2.78473	8.33923	
2.78412	8.33984	
2.77893	8.33923	
2.78229	8.33923	
2.789	8.33923	
2.78259	8.33923	
2.78595	8.33984	
2.78564	8.33893	
2.7832	8.33923	
2.7832	8.33923	
2.78748	8.33893	
2.78412	8.33893	
2.78503	8.33893	
2.78412	8.34015	
2.78503	8.33923	
2.78442	8.33893	
2.78198	8.33832	
2.78351	8.33984	
2.78351	8.33893	
2.78137	8.33923	
2.78381	8.33954	
2.78442	8.33893	
2.78534	8.33923	
2.78473	8.33893	
2.78259	8.33862	
2.78656	8.33893	
2.78687	8.33893	
2.78351	8.33954	
2.78351	8.33893	
2.78564	8.33832	
2.78412	8.33923	
2.78412	8.33923	
2.78259	8.33923	
2.78381	8.33862	
2.78473	8.33893	
2.77863	8.33893	
2.78381	8.33923	
2.78656	8.33954	
2.78381	8.33984	
2.78351	8.33954	
2.78229	8.33923	
2.78534	8.33923	
2.78442	8.33984	
2.78381	8.33923	
2.78473	8.33984	
2.78351	8.33923	
2.78595	8.33923	
2.77802	8.33862	
2.78412	8.33954	
2.78687	8.33893	
2.78107	8.33893	
2.7832	8.33954	
2.78625	8.33923	
2.77863	8.33923	
2.78442	8.33954	
2.78198	8.33893	
2.77985	8.33893	
2.78381	8.33923	
2.78351	8.33923	
2.78076	8.33893	
2.78381	8.33984	
2.78687	8.33954	
2.78534	8.33923	
2.78442	8.33832	
2.77893	8.33923	
2.78229	8.33954	
2.7887	8.33862	
2.78137	8.33954	
2.78595	8.33893	
2.789	8.33954	
2.78381	8.33923	
2.78564	8.33862	
2.78961	8.33954	
2.78259	8.33984	
2.78198	8.33893	
2.78534	8.33984	
2.78259	8.33832	
2.78503	8.33923	
2.78595	8.33923	
2.78381	8.33893	
2.78442	8.34015	
2.78625	8.33893	
2.78351	8.33923	
2.7829	8.33954	
2.7887	8.33923	
2.78351	8.33954	
2.78656	8.33984	
2.78137	8.33893	
2.7829	8.33832	
2.78198	8.33893	
2.7829	8.33862	
2.78351	8.33984	
2.78137	8.33893	
2.78381	8.33893	
2.78259	8.33893	
2.78259	8.33923	
2.78442	8.33984	
2.78412	8.33984	
2.78046	8.33984	
2.78412	8.33923	
2.78351	8.33954	
2.7771	8.33832	
2.78412	8.33893	
2.78595	8.33984	
2.78351	8.33893	
2.78107	8.33984	
2.78625	8.34015	
2.78351	8.33893	
2.78442	8.33923	
2.78625	8.33923	
2.7832	8.33893	
2.7832	8.33923	
2.78748	8.33923	
2.78351	8.33893	
2.78473	8.33954	
2.78198	8.33862	
2.7829	8.33862	
2.78168	8.33862	
2.78015	8.33893	
2.78229	8.33862	
2.78076	8.33832	
2.78137	8.33984	
2.78442	8.33923	
2.78137	8.33923	
2.78198	8.33832	
2.78839	8.33984	
2.7832	8.33923	
2.78229	8.33893	
2.78198	8.33954	
2.7829	8.33923	
2.78259	8.33954	
2.78412	8.33984	
2.78412	8.34015	
2.78198	8.33923	
2.78137	8.33984	
2.78717	8.33923	
2.78259	8.33893	
2.78107	8.33893	
2.78717	8.33984	
2.78351	8.33923	
2.78412	8.33923	
2.78412	8.33923	
2.78259	8.33923	
2.7832	8.33954	
2.78107	8.33923	
2.78229	8.33923	
2.78046	8.33954	
2.78259	8.33862	
2.7829	8.34015	
2.78046	8.33893	
2.77893	8.33984	
2.7829	8.33923	
2.78625	8.33923	
2.77863	8.33862	
2.7829	8.33923	
2.78503	8.33954	
2.78442	8.33893	
2.7829	8.33862	
2.78503	8.33923	
2.78351	8.33923	
2.78381	8.33923	
2.78442	8.33954	
2.78442	8.33954	
2.7829	8.33923	
2.7771	8.33862	
2.78229	8.34015	
2.78809	8.33984	
2.7832	8.33832	
2.78534	8.33923	
2.78595	8.33893	
2.78229	8.33893	
2.78076	8.33893	
2.78137	8.33923	
2.78198	8.33893	
2.78107	8.33954	
2.78229	8.33893	
2.78412	8.33923	
2.78259	8.33893	
2.78412	8.33954	
2.78809	8.33923	
2.78259	8.33954	
2.78412	8.34015	
2.78534	8.33893	
2.7829	8.33923	
2.78503	8.33862	
2.78717	8.33954	
2.7832	8.33923	
2.78198	8.33893	
2.78717	8.34015	
2.78259	8.33984	
2.78503	8.33984	
2.78168	8.33832	
2.7832	8.33923	
2.78076	8.33862	
2.78229	8.33984	
2.78351	8.33923	
2.78046	8.33984	
2.78259	8.34015	
2.7832	8.33954	
2.78137	8.33893	
2.77924	8.33923	
2.7832	8.33984	
2.78229	8.33923	
2.78015	8.33923	
2.78229	8.33954	
2.78168	8.33893	
2.78473	8.33923	
2.78442	8.33923	
2.78107	8.33893	
2.78229	8.33862	
2.78839	8.33923	
2.7832	8.33923	
2.78595	8.33923	
2.78595	8.33893	
2.78381	8.33984	
2.78168	8.33984	
2.78625	8.33984	
2.78351	8.33923	
2.78351	8.33984	
2.7829	8.33893	
2.78351	8.33984	
2.78595	8.33984	
2.78717	8.33954	
2.7829	8.33954	
2.78625	8.33954	
2.789	8.33893	
2.78412	8.33893	
2.78442	8.33954	
2.78625	8.33923	
2.78351	8.33893	
2.78137	8.33923	
2.78656	8.33984	
2.78351	8.33862	
2.78412	8.33893	
2.7887	8.33893	
2.78412	8.33893	
2.78412	8.33923	
2.78625	8.33832	
2.78351	8.33984	
2.78229	8.33862	
2.7832	8.33923	
2.7829	8.33923	
2.78687	8.33984	
2.7829	8.33862	
2.78473	8.33954	
2.78534	8.33923	
2.7832	8.33923	
2.78351	8.33893	
2.78473	8.33923	
2.78473	8.33923	
2.78503	8.33923	
2.7829	8.33954	
2.78229	8.33954	
2.78931	8.33923	
2.78351	8.33893	
2.78564	8.34045	
2.78717	8.33923	
2.78351	8.33923	
2.78168	8.33893	
2.78564	8.33923	
2.7829	8.33893	
2.78687	8.33984	
2.78259	8.33923	
2.78351	8.33893	
2.78473	8.33923	
2.78381	8.33923	
2.78381	8.33893	
2.78717	8.33923	
2.78564	8.33893	
2.78625	8.34015	
2.78412	8.33923	
2.78473	8.33893	
2.78656	8.33893	
2.78442	8.33954	
2.78473	8.33923	
2.78412	8.33862	
2.78381	8.33862	
2.78412	8.33954	
2.78229	8.33923	
2.78381	8.33923	
2.78412	8.33893	
2.78473	8.33923	
2.78381	8.33954	
2.78412	8.33923	
2.78442	8.33862	
2.78412	8.33862	
2.78503	8.33862	
2.7829	8.33893	
2.78473	8.33862	
2.7832	8.33893	
2.78168	8.33893	
2.78564	8.33893	
2.77954	8.33862	
2.78381	8.33954	
2.78595	8.33862	
2.7829	8.33954	
2.78412	8.33923	
2.78564	8.33923	
2.78351	8.33893	
2.78198	8.33923	
2.7887	8.33862	
2.78381	8.33923	
2.7829	8.33923	
2.78229	8.33923	
2.7829	8.33923	
2.78168	8.33893	
2.78137	8.33832	
2.7829	8.33893	
2.7829	8.33832	
2.77802	8.33862	
2.78381	8.33923	
2.78656	8.33984	
2.78381	8.33862	
2.78564	8.33893	
2.78046	8.33893	
2.78259	8.33893	
2.78625	8.33954	
2.78259	8.33923	
2.78564	8.33923	
2.78595	8.33954	
2.78351	8.33954	
2.78442	8.33893	
2.78717	8.33923	
2.7832	8.33862	
2.78442	8.33862	
2.78595	8.33923	
2.78381	8.33893	
2.78412	8.33832	
2.78229	8.33923	
2.78259	8.33923	
2.78015	8.33893	
2.78137	8.33893	
2.78259	8.33832	
2.78351	8.33923	
2.77985	8.33954	
2.78381	8.33893	
2.78198	8.33862	
2.78503	8.33984	
2.78351	8.33893	
2.78229	8.33893	
2.78412	8.33893	
2.78351	8.33862	
2.78198	8.33893	
2.78442	8.33893	
2.78412	8.33923	
2.7774	8.33923	
2.78198	8.33923	
2.78717	8.33923	
2.78259	8.33984	
2.78442	8.33923	
2.78687	8.33862	
2.78259	8.33893	
2.78442	8.33923	
2.78259	8.33893	
2.7832	8.33954	
2.78168	8.33893	
2.78229	8.33954	
2.78259	8.33984	
2.78229	8.33862	
2.78229	8.33862	
2.7829	8.33923	
2.78595	8.33954	
2.7771	8.33862	
2.78259	8.33862	
2.78595	8.33923	
2.78412	8.33923	
2.7832	8.33893	
2.7771	8.33893	
2.78442	8.33832	
2.78809	8.33923	
2.78351	8.33954	
2.78442	8.33984	
2.78595	8.33923	
2.78259	8.33893	
2.78198	8.33893	
2.78534	8.34015	
2.7832	8.33923	
2.78564	8.33954	
2.78595	8.33893	
2.78259	8.33862	
2.78137	8.33923	
2.78656	8.33862	
2.78259	8.33893	
2.78381	8.33893	
2.78198	8.33893	
2.78381	8.33923	
2.78534	8.33984	
2.7771	8.33923	
2.7832	8.33893	
2.78442	8.34015	
2.77893	8.33832	
2.78351	8.33984	
2.78412	8.33923	
2.78442	8.33923	
2.78351	8.33862	
2.77771	8.33923	
2.78473	8.33893	
2.78687	8.33832	
2.78259	8.33893	
2.78168	8.33923	
2.78503	8.33893	
2.7829	8.33893	
2.78473	8.33862	
2.78198	8.33893	
2.7832	8.33954	
2.78229	8.33923	
2.77802	8.33984	
2.78259	8.33893	
2.78046	8.33923	
2.78076	8.33893	
2.7832	8.33954	
2.78564	8.33893	
2.7774	8.33893	
2.78229	8.33954	
2.78168	8.33893	
2.77679	8.33832	
2.7829	8.33801	
2.78534	8.33923	
2.7829	8.33923	
2.78351	8.33923	
2.78442	8.33923	
2.78442	8.33954	
2.78412	8.33893	
2.7774	8.33923	
2.7829	8.33923	
2.78839	8.33923	
2.7832	8.33923	
2.78503	8.33893	
2.78564	8.33923	
2.7832	8.33923	
2.78473	8.33923	
2.78381	8.33923	
2.78351	8.33893	
2.78076	8.33893	
2.78046	8.33984	
2.78351	8.33923	
2.78717	8.33923	
2.77863	8.33832	
2.78351	8.33984	
2.78351	8.33893	
2.78137	8.33923	
2.78351	8.33923	
2.78168	8.33923	
2.77985	8.33923	
2.78412	8.33862	
2.78351	8.33954	
2.78473	8.33893	
2.78473	8.33923	
2.78534	8.33984	
2.78564	8.33923	
2.78442	8.33923	
2.78625	8.34015	
2.7829	8.33893	
2.78748	8.33923	
2.78442	8.33893	
2.78625	8.33923	
2.78259	8.33923	
2.7829	8.33832	
2.78595	8.33954	
2.78046	8.33862	
2.78381	8.33923	
2.78107	8.33893	
2.78473	8.33893	
2.78381	8.33893	
2.78656	8.33954	
2.78503	8.33923	
2.78473	8.33923	
2.77863	8.33954	
2.78473	8.33954	
2.78717	8.33893	
2.7832	8.34015	
2.78229	8.33954	
2.78839	8.33954	
2.78412	8.33862	
2.7832	8.33923	
2.7887	8.33893	
2.78351	8.33893	
2.78656	8.33862	
2.78717	8.33923	
2.78351	8.33984	
2.78473	8.33954	
2.7829	8.33893	
2.7829	8.33832	
2.78503	8.33893	
2.78748	8.33893	
2.7832	8.33923	
2.78137	8.33893	
2.78168	8.33893	
2.7832	8.33923	
2.78351	8.33984	
2.7832	8.33893	
2.78381	8.34015	
2.78473	8.33984	
2.78503	8.33893	
2.78442	8.33923	
2.78625	8.33984	
2.78442	8.33893	
2.78381	8.33984	
2.77832	8.33923	
2.78137	8.33893	
2.78748	8.33954	
2.7829	8.33984	
2.78564	8.33893	
2.78839	8.33954	
2.78229	8.33954	
2.78198	8.33923	
2.78656	8.33862	
2.78351	8.33862	
2.78595	8.33923	
2.78198	8.33893	
2.78259	8.33954	
2.78473	8.33893	
2.78351	8.33893	
2.78351	8.33923	
2.78259	8.33954	
2.7832	8.33923	
2.78809	8.33954	
2.7829	8.33984	
2.78381	8.33954	
2.78168	8.33893	
2.7832	8.33923	
2.78412	8.33954	
2.78412	8.33893	
2.78351	8.33923	
2.78351	8.34015	
2.78442	8.33893	
2.78442	8.33954	
2.77893	8.33862	
2.78412	8.33893	
2.78809	8.34015	
2.78259	8.33954	
2.78076	8.33923	
2.78198	8.33954	
2.78381	8.33984	
2.78137	8.33893	
2.7832	8.34015	
2.78229	8.33923	
2.78015	8.33862	
2.7832	8.33923	
2.78229	8.33984	
2.7832	8.33923	
2.78107	8.33862	
2.78351	8.33954	
2.77771	8.33923	
2.78198	8.33923	
2.78687	8.33923	
2.78259	8.33923	
2.78473	8.33923	
2.78595	8.33923	
2.78259	8.33954	
2.78259	8.33923	
2.78656	8.33984	
2.78229	8.33893	
2.78412	8.33832	
2.78046	8.33893	
2.78198	8.33954	
2.78076	8.33923	
2.78107	8.33923	
2.78198	8.33923	
2.78198	8.33862	
2.7771	8.33893	
2.78259	8.33954	
2.78015	8.33893	
2.78381	8.33923	
2.78412	8.33862	
2.78473	8.33923	
2.7832	8.33984	
2.78595	8.33923	
2.78168	8.33954	
2.78503	8.33893	
2.78137	8.33893	
2.78259	8.33984	
2.78168	8.33923	
2.77679	8.33832	
2.7832	8.33923	
2.78259	8.33954	
2.7832	8.33923	
2.78656	8.33923	
2.78259	8.33862	
2.78442	8.33954	
2.78595	8.33954	
2.78259	8.33923	
2.78107	8.33832	
2.78137	8.33893	
2.7829	8.33923	
2.77954	8.33862	
2.78259	8.33954	
2.7832	8.33954	
2.77679	8.33862	
2.78259	8.33862	
2.78748	8.33923	
2.78259	8.33832	
2.78076	8.33954	
2.78503	8.33954	
2.78168	8.33923	
2.78259	8.33923	
2.78198	8.33923	
2.7829	8.33923	
2.78473	8.33893	
2.7771	8.33893	
2.78168	8.33954	
2.78046	8.33923	
2.78442	8.33893	
2.78259	8.33893	
2.77679	8.33893	
2.78229	8.33893	
2.78503	8.33923	
2.78229	8.33832	
2.78107	8.33893	
2.7832	8.33923	
2.78229	8.33893	
2.78473	8.33984	
2.78107	8.33954	
2.78381	8.33923	
2.78625	8.33862	
2.7774	8.33984	
2.78259	8.33984	
2.78503	8.33954	
2.78412	8.33923	
2.7829	8.33893	
2.78351	8.33984	
2.78442	8.33893	
2.78351	8.33984	
2.78351	8.33923	
2.78595	8.33893	
2.78046	8.33862	
2.7829	8.33893	
2.78595	8.33954	
2.78381	8.33923	
2.78748	8.33984	
2.7829	8.33923	
2.78564	8.33862	
2.78107	8.33954	
2.7829	8.33923	
2.78076	8.33923	
2.78351	8.33923	
2.78442	8.33832	
2.78381	8.33954	
2.78381	8.33893	
2.78564	8.33923	
2.7832	8.33954	
2.78137	8.33923	
2.77924	8.33954	
2.7829	8.33893	
2.78168	8.33984	
2.78442	8.33954	
2.78473	8.33862	
2.78595	8.33954	
2.78412	8.33923	
2.78595	8.33862	
2.78351	8.33893	
2.78595	8.33984	
2.78778	8.33923	
2.78381	8.33893	
2.78473	8.33954	
2.78351	8.33984	
2.7829	8.33984	
2.78656	8.33923	
2.7774	8.33862	
2.78351	8.33984	
2.78229	8.33893	
2.78442	8.33862	
2.7832	8.33893	
2.77771	8.33923	
2.78198	8.33923	
2.78748	8.33954	
2.78381	8.33862	
2.78534	8.33923	
2.78351	8.33893	
2.78412	8.33862	
2.78503	8.33862	
2.78442	8.33923	
2.78442	8.33893	
2.7829	8.33893	
2.78503	8.33954	
2.78809	8.33954	
2.7829	8.33893	
2.78442	8.33893	
2.78809	8.33923	
2.78412	8.33954	
2.78381	8.33923	
2.77985	8.33923	
2.78442	8.33923	
2.78656	8.33893	
2.7829	8.34045	
2.78656	8.33954	
2.78351	8.33862	
2.78625	8.33984	
2.78168	8.33923	
2.78351	8.33923	
2.78564	8.33923	
2.78473	8.33893	
2.78839	8.33893	
2.78351	8.33923	
2.78229	8.33923	
2.78656	8.33923	
2.78229	8.33923	
2.78076	8.33893	
2.77863	8.33923	
2.78229	8.33923	
2.78473	8.33923	
2.78442	8.33984	
2.78473	8.33954	
2.7774	8.33893	
2.78534	8.33984	
2.78809	8.33984	
2.78137	8.33923	
2.78198	8.33923	
2.78168	8.34045	
2.78351	8.33801	
2.78534	8.33923	
2.78442	8.33923	
2.78412	8.33923	
2.78412	8.33923	
2.78503	8.33954	
2.78687	8.33984	
2.78259	8.33984	
2.78656	8.33954	
2.77802	8.33832	
2.78198	8.33923	
2.78412	8.33923	
2.78381	8.33923	
2.7832	8.33923	
2.78046	8.33923	
2.78351	8.33954	
2.78656	8.33923	
2.7832	8.33832	
2.78046	8.33801	
2.77954	8.33862	
2.78259	8.33862	
2.78442	8.33893	
2.78351	8.33984	
2.78412	8.33893	
2.78351	8.33954	
2.7832	8.33893	
2.78625	8.33893	
2.7829	8.33893	
2.78076	8.33832	
2.78809	8.33984	
2.78168	8.33984	
2.78168	8.33893	
2.78473	8.33954	
2.7829	8.33862	
2.78015	8.33862	
2.78259	8.33984	
2.78229	8.33862	
2.78564	8.33893	
2.78442	8.33893	
2.78381	8.33984	
2.7832	8.33984	
2.7829	8.34015	
2.78107	8.33954	
2.78259	8.33923	
2.78595	8.33954	
2.77832	8.33862	
2.78259	8.33893	
2.78107	8.33862	
2.78351	8.33923	
2.78564	8.33923	
2.78229	8.33954	
2.78595	8.33862	
2.78198	8.33923	
2.78198	8.33923	
2.78046	8.34015	
2.78351	8.33923	
2.7832	8.33862	
2.7771	8.34015	
2.78046	8.33923	
2.78717	8.33984	
2.78259	8.33893	
2.78198	8.33862	
2.78137	8.33923	
2.78259	8.33893	
2.7832	8.33954	
2.78351	8.33984	
2.7829	8.33954	
2.77618	8.33923	
2.78442	8.33893	
2.78564	8.33984	
2.78198	8.33984	
2.77985	8.33984	
2.78076	8.33954	
2.78137	8.33954	
2.78473	8.33893	
2.78381	8.33923	
2.78259	8.33954	
2.77924	8.33832	
2.7829	8.33893	
2.7887	8.33984	
2.7832	8.33923	
2.78534	8.33923	
2.78595	8.33923	
2.7829	8.33862	
2.78046	8.33923	
2.78412	8.33862	
2.7832	8.33862	
2.78229	8.33954	
2.78076	8.33954	
2.78351	8.33893	
2.78229	8.33862	
2.78503	8.33893	
2.78381	8.33862	
2.78381	8.33923	
2.78229	8.33984	
2.78198	8.33862	
2.78717	8.33923	
2.78198	8.33893	
2.78168	8.33832	
2.78229	8.33862	
2.7829	8.33923	
2.78046	8.33923	
2.7832	8.33923	
2.7832	8.33893	
2.78259	8.33954	
2.78534	8.33862	
2.77771	8.33923	
2.78351	8.33862	
2.77771	8.33923	
2.78351	8.33801	
2.7829	8.33923	
2.7829	8.33923	
2.78137	8.33893	
2.78412	8.33923	
2.78809	8.33954	
2.78259	8.33893	
2.78473	8.33862	
2.78168	8.33893	
2.78229	8.33954	
2.78442	8.33954	
2.78168	8.33984	
2.78778	8.33923	
2.78259	8.33893	
2.78076	8.33923	
2.78412	8.33923	
2.78412	8.33893	
2.7832	8.33832	
2.78625	8.33923	
2.78259	8.33832	
2.7832	8.33893	
2.78534	8.33893	
2.78137	8.33923	
2.78778	8.33954	
2.7832	8.33984	
2.78442	8.33954	
2.78229	8.33893	
2.78351	8.33954	
2.78473	8.33893	
2.78168	8.33862	
2.78412	8.33893	
2.77893	8.33923	
2.78503	8.33954	
2.78687	8.33893	
2.7832	8.33893	
2.78412	8.33923	
2.77832	8.33893	
2.78381	8.33893	
2.78381	8.33954	
2.78137	8.33923	
2.78168	8.33954	
2.7829	8.33984	
2.78107	8.33862	
2.78473	8.33954	
2.78595	8.33954	
2.78381	8.33954	
2.7832	8.33923	
2.78656	8.33923	
2.78381	8.33893	
2.78442	8.33923	
2.78076	8.33862	
2.78259	8.33862	
2.78381	8.33862	
2.78107	8.33923	
2.78809	8.33893	
2.7829	8.33984	
2.78595	8.33923	
2.78076	8.34015	
2.78259	8.33893	
2.77802	8.33893	
2.78442	8.33923	
2.78229	8.33954	
2.78351	8.33893	
2.78564	8.33923	
2.7832	8.33923	
2.78442	8.33923	
2.7832	8.33862	
2.7832	8.33923	
2.78137	8.33893	
2.7829	8.33923	
2.78656	8.33893	
2.78503	8.33923	
2.78809	8.33893	
2.78381	8.33832	
2.78473	8.33893	
2.78656	8.33923	
2.7832	8.33893	
2.78625	8.33984	
2.77954	8.33893	
2.7829	8.33893	
2.78564	8.33893	
2.78473	8.33893	
2.78839	8.33954	
2.78351	8.33832	
2.78229	8.33862	
2.7887	8.33923	
2.78412	8.33893	
2.78198	8.33832	
2.78259	8.33893	
2.78351	8.33893	
2.78473	8.33862	
2.78503	8.33954	
2.78687	8.33923	
2.78351	8.34015	
2.7829	8.33893	
2.78625	8.33923	
2.7829	8.33862	
2.78625	8.33954	
2.77771	8.33862	
2.78503	8.33893	
2.77802	8.33923	
2.78168	8.33984	
2.78625	8.33893	
2.7832	8.33893	
2.78534	8.33923	
2.78137	8.33923	
2.7829	8.33862	
2.78351	8.34015	
2.78442	8.34015	
2.78259	8.33832	
2.78229	8.33893	
2.78198	8.33862	
2.78229	8.33862	
2.7829	8.33893	
2.78442	8.33893	
2.78168	8.33923	
2.78503	8.33923	
2.7832	8.33954	
2.78503	8.33862	
2.78198	8.33954	
2.7832	8.34015	
2.78656	8.33893	
2.78137	8.33923	
2.78534	8.33832	
2.78137	8.33923	
2.78076	8.33862	
2.78015	8.33832	
2.78259	8.33923	
2.77985	8.33893	
2.78473	8.33832	
2.78595	8.33923	
2.78198	8.33984	
2.77985	8.33954	
2.77924	8.33984	
2.78229	8.33954	
2.7771	8.33923	
2.78259	8.33923	
2.78717	8.33954	
2.78259	8.33954	
2.78412	8.33832	
2.7832	8.33923	
2.78229	8.33893	
2.78015	8.33832	
2.77863	8.33801	
2.78198	8.33862	
2.78076	8.33862	
2.7832	8.33801	
2.78473	8.33893	
2.78198	8.33801	
2.78137	8.33862	
2.7774	8.33801	
2.78198	8.33832	
2.77832	8.33862	
2.78412	8.33801	
2.78625	8.33923	
2.78137	8.33862	
2.77985	8.33923	
2.78076	8.33893	
2.78259	8.33923	
2.78381	8.33862	
2.78168	8.33923	
2.7832	8.33832	
2.78412	8.33923	
2.78076	8.33862	
2.78717	8.33923	
2.78259	8.33923	
2.78168	8.33832	
2.77557	8.33893	
2.78198	8.33923	
2.77618	8.33801	
2.78473	8.33801	
2.78564	8.33923	
2.78168	8.33893	
2.7832	8.33862	
2.77802	8.33893	
2.78168	8.33893	
2.78107	8.33893	
2.78046	8.33832	
2.78717	8.33984	
2.78198	8.33832	
2.78229	8.33832	
2.78076	8.33832	
2.78229	8.33832	
2.78381	8.33862	
2.78351	8.33923	
2.78229	8.33801	
2.78168	8.33923	
2.7829	8.33862	
2.78503	8.33923	
2.7829	8.33862	
2.77985	8.33923	
2.77802	8.33893	
2.78351	8.33923	
2.78015	8.33862	
2.78259	8.33893	
2.78748	8.33893	
2.78229	8.33923	
2.78351	8.33832	
2.78412	8.33893	
2.7832	8.33923	
2.78198	8.33862	
2.78137	8.33832	
2.78595	8.33923	
2.78168	8.33923	
2.78015	8.33832	
2.77771	8.33801	
2.78198	8.33862	
2.78625	8.33893	
2.7829	8.33862	
2.78656	8.33923	
2.78259	8.33923	
2.78412	8.33893	
2.78107	8.33862	
2.78259	8.33923	
2.78046	8.33923	
2.78259	8.33862	
2.78564	8.33862	
2.7832	8.33832	
2.78198	8.33923	
2.77679	8.33832	
2.7829	8.33832	
2.77924	8.33832	
2.78503	8.33893	
2.78625	8.33923	
2.78229	8.33893	
2.7832	8.33923	
2.78137	8.33862	
2.78351	8.33893	
2.78564	8.33923	
2.78168	8.33832	
2.78564	8.33801	
2.78198	8.33923	
2.78473	8.33832	
2.77893	8.33893	
2.78381	8.33893	
2.77893	8.33801	
2.78107	8.33893	
2.78137	8.33923	
2.78229	8.33893	
2.78625	8.33893	
2.78107	8.33862	
2.78503	8.33923	
2.7832	8.33862	
2.78259	8.33832	
2.78107	8.33862	
2.78442	8.33893	
2.7771	8.33771	
2.78381	8.33862	
2.78687	8.33832	
2.78168	8.33862	
2.78015	8.33954	
2.78473	8.33862	
2.78748	8.33893	
2.78351	8.33832	
2.78381	8.33832	
2.77985	8.33862	
2.78259	8.33893	
2.77863	8.33893	
2.78595	8.33832	
2.78778	8.33862	
2.7832	8.33832	
2.78564	8.33893	
2.7832	8.33862	
2.78442	8.33862	
2.78351	8.33801	
2.78534	8.33923	
2.78687	8.33923	
2.7832	8.33832	
2.78595	8.33893	
2.78473	8.33923	
2.78564	8.33862	
2.78351	8.33923	
2.7832	8.33893	
2.78625	8.33923	
2.78259	8.33832	
2.78534	8.33801	
2.78412	8.33893	
2.78381	8.33893	
2.7829	8.33893	
2.78259	8.33862	
2.78168	8.33862	
2.78351	8.33832	
2.78473	8.33801	
2.78381	8.33893	
2.78748	8.33984	
2.78351	8.33923	
2.77985	8.33923	
2.78351	8.33893	
2.7829	8.33893	
2.78259	8.33832	
2.78412	8.33862	
2.78168	8.33893	
2.78625	8.33923	
2.78229	8.33923	
2.7829	8.33862	
2.78412	8.33862	
2.78625	8.33862	
2.7829	8.33923	
2.78564	8.33893	
2.78412	8.33862	
2.78473	8.33832	
2.78351	8.33893	
2.78503	8.33954	
2.77802	8.33832	
2.78381	8.33923	
2.7829	8.33893	
2.7832	8.33893	
2.77802	8.33923	
2.78229	8.33801	
2.7774	8.33832	
2.78564	8.33832	
2.78625	8.33832	
2.78137	8.33832	
2.78107	8.33893	
2.78351	8.33893	
2.78748	8.33832	
2.7829	8.33923	
2.78259	8.33832	
2.78351	8.33862	
2.7829	8.33862	
2.78229	8.33862	
2.78473	8.33862	
2.77771	8.33923	
2.78198	8.33832	
2.78137	8.33923	
2.7832	8.33862	
2.78534	8.33862	
2.78229	8.33923	
2.78473	8.33923	
2.77954	8.33832	
2.7829	8.33893	
2.78229	8.33862	
2.78351	8.33893	
2.77679	8.33893	
2.78259	8.33862	
2.7829	8.33771	
2.78107	8.33984	
2.78625	8.33832	
2.78229	8.33862	
2.7832	8.33862	
2.7829	8.33862	
2.78748	8.33923	
2.78229	8.33954	
2.7829	8.33923	
2.78168	8.33862	
2.78137	8.33923	
2.7832	8.34045	
2.7832	8.33923	
2.78442	8.33893	
2.7829	8.33954	
2.77954	8.33984	
2.7771	8.33923	
2.78168	8.33893	
2.78015	8.33862	
2.7832	8.33984	
2.7832	8.33923	
2.78107	8.33923	
2.7829	8.33862	
2.78412	8.33923	
2.78107	8.33954	
2.78534	8.33923	
2.78259	8.33923	
2.78503	8.33832	
2.78229	8.33893	
2.78046	8.33954	
2.78046	8.33893	
2.78259	8.33862	
2.78412	8.33923	
2.78015	8.33862	
2.78442	8.33923	
2.78137	8.33893	
2.78381	8.33923	
2.77985	8.33893	
2.78198	8.33923	
2.77893	8.33893	
2.78351	8.33893	
2.78015	8.33832	
2.78137	8.33801	
2.78015	8.33801	
2.7832	8.33801	
2.78503	8.33893	
2.78229	8.33893	
2.78198	8.33862	
2.7832	8.33801	
2.78534	8.33832	
2.78107	8.33893	
2.7832	8.33862	
2.78137	8.33862	
2.78137	8.33832	
2.78046	8.33954	
2.78442	8.33893	
2.78687	8.33923	
2.78107	8.33832	
2.78412	8.33893	
2.78381	8.33862	
2.78625	8.33923	
2.78259	8.33984	
2.78412	8.33893	
2.77771	8.34015	
2.78259	8.33923	
2.77863	8.33893	
2.78381	8.33923	
2.78564	8.33923	
2.78259	8.33862	
2.78168	8.33893	
2.78229	8.33862	
2.78473	8.33832	
2.78229	8.33862	
2.78473	8.33801	
2.78381	8.33893	
2.78534	8.33893	
2.78229	8.33923	
2.78412	8.33862	
2.7774	8.33893	
2.7829	8.33893	
2.78198	8.33893	
2.78107	8.33862	
2.78229	8.33923	
2.78168	8.33862	
2.78442	8.33954	
2.78107	8.33923	
2.78809	8.33923	
2.78137	8.33862	
2.78412	8.33923	
2.77771	8.33862	
2.7832	8.33893	
2.7829	8.33832	
2.78046	8.33862	
2.78107	8.33862	
2.78229	8.33862	
2.78259	8.33862	
2.78351	8.33923	
2.7829	8.33893	
2.78229	8.33893	
2.78137	8.33954	
2.78076	8.33893	
2.78137	8.33923	
2.78503	8.33954	
2.78473	8.33954	
2.78503	8.34015	
2.78259	8.33893	
2.7832	8.33923	
2.78473	8.33832	
2.7832	8.33893	
2.78137	8.33862	
2.78351	8.33984	
2.78107	8.33954	
2.7829	8.33984	
2.78595	8.33984	
2.78351	8.33923	
2.78503	8.33954	
2.7832	8.33923	
2.78351	8.33832	
2.77832	8.33893	
2.78473	8.33923	
2.77832	8.33862	
2.78198	8.33893	
2.78198	8.33862	
2.78351	8.33923	
2.78473	8.33984	
2.78198	8.33832	
2.78595	8.33984	
2.78229	8.33923	
2.78442	8.33893	
2.78534	8.33923	
2.78809	8.33862	
2.78351	8.33954	
2.78137	8.33893	
2.78198	8.33923	
2.78381	8.33923	
2.78229	8.33862	
2.78259	8.33862	
2.78229	8.33832	
2.78229	8.33923	
2.78412	8.33862	
2.78381	8.33862	
2.78809	8.34015	
2.7832	8.33862	
2.7832	8.33954	
2.7832	8.33923	
2.78473	8.33954	
2.78259	8.33954	
2.78107	8.33923	
2.78198	8.33923	
2.7829	8.33954	
2.78564	8.33984	
2.78198	8.33954	
2.78564	8.33954	
2.78259	8.33923	
2.78137	8.33862	
2.77802	8.33893	
2.78351	8.33923	
2.78229	8.33862	
2.7829	8.33832	
2.78717	8.33954	
2.78351	8.34045	
2.78046	8.34015	
2.78473	8.33984	
2.78748	8.33893	
2.78259	8.33984	
2.78503	8.33893	
2.7774	8.33893	
2.78381	8.33984	
2.77771	8.33923	
2.78595	8.33893	
2.78625	8.33954	
2.7832	8.33893	
2.78564	8.33923	
2.77802	8.33862	
2.7829	8.33893	
2.7774	8.33862	
2.78442	8.33923	
2.78564	8.33954	
2.78259	8.33984	
2.78229	8.33923	
2.78351	8.33954	
2.78809	8.33984	
2.78259	8.33954	
2.78076	8.33954	
2.77771	8.33832	
2.78351	8.33862	
2.78229	8.33862	
2.78107	8.33954	
2.78137	8.33893	
2.78229	8.33954	
2.78534	8.33954	
2.78076	8.33893	
2.78534	8.33923	
2.78259	8.33832	
2.77985	8.33954	
2.78381	8.33923	
2.7832	8.33923	
2.77924	8.33984	
2.78259	8.33923	
2.78107	8.33954	
2.78198	8.34015	
2.77679	8.33984	
2.78076	8.33893	
2.78046	8.33862	
2.78259	8.33893	
2.78351	8.33984	
2.78107	8.33893	
2.78656	8.33954	
2.78198	8.33954	
2.78442	8.33923	
2.78046	8.33923	
2.78259	8.33923	
2.78259	8.33893	
2.7829	8.33832	
2.78198	8.33893	
2.78168	8.33862	
2.77588	8.33893	
2.78046	8.33923	
2.78076	8.33923	
2.78198	8.33923	
2.77985	8.33893	
2.7832	8.33923	
2.78564	8.33923	
2.78137	8.33954	
2.78076	8.33923	
2.78351	8.33923	
2.78748	8.33954	
2.78198	8.33923	
2.77924	8.33832	
2.77618	8.33893	
2.78259	8.33862	
2.77985	8.33923	
2.78107	8.33923	
2.78351	8.34015	
2.78107	8.33923	
2.77985	8.33862	
2.78198	8.33832	
2.78748	8.33893	
2.7829	8.33923	
2.78076	8.33923	
2.78107	8.33923	
2.78137	8.33923	
2.78503	8.33984	
2.78107	8.33923	
2.78625	8.33923	
2.78198	8.33923	
2.78015	8.33862	
2.77985	8.33893	
2.78687	8.33893	
2.78137	8.33954	
2.78107	8.33893	
2.7829	8.33923	
2.78503	8.33984	
2.78229	8.33893	
2.7832	8.33954	
2.78351	8.33893	
2.78564	8.33954	
2.78168	8.33954	
2.77985	8.33893	
2.77832	8.33862	
2.78351	8.33954	
2.78107	8.33923	
2.78046	8.33923	
2.78107	8.33923	
2.78137	8.33923	
2.78076	8.33954	
2.78351	8.33923	
2.78137	8.33923	
2.78229	8.33923	
2.77771	8.33832	
2.78259	8.33923	
2.78076	8.33923	
2.78137	8.33923	
2.78076	8.33862	
2.78137	8.33954	
2.78625	8.33923	
2.78229	8.33923	
2.78564	8.33923	
2.78229	8.33923	
2.78381	8.33923	
2.78259	8.33984	
2.78076	8.33984	
2.77954	8.33954	
2.78229	8.33862	
2.7774	8.33923	
2.78046	8.33923	
2.78168	8.33984	
2.7832	8.33893	
2.78259	8.33923	
2.78442	8.33923	
2.78076	8.33862	
2.78198	8.33893	
2.78198	8.33862	
2.78198	8.33923	
2.77863	8.33923	
2.78198	8.33923	
2.77771	8.33832	
2.78198	8.33923	
2.78595	8.33832	
2.78259	8.33893	
2.7832	8.33984	
2.78351	8.33893	
2.78717	8.33954	
2.78229	8.33893	
2.78503	8.33923	
2.78381	8.33923	
2.78778	8.33954	
2.7829	8.33984	
2.78595	8.33984	
2.78351	8.33893	
2.78687	8.33954	
2.7832	8.33984	
2.78534	8.33832	
2.78381	8.33923	
2.78351	8.33893	
2.78076	8.33923	
2.78107	8.33862	
2.78107	8.33893	
2.78198	8.33862	
2.77863	8.33923	
2.78107	8.33801	
2.78137	8.33862	
2.78198	8.33984	
2.78381	8.34015	
2.77985	8.33984	
2.78259	8.34015	
2.77954	8.33984	
2.78046	8.34045	
2.65167	8.34503	
2.23633	8.37189	
1.72913	8.41522	
1.36383	8.46558	
1.21918	8.48755	
1.20026	8.49091	
1.24176	8.48145	
1.31989	8.46893	
1.3913	8.45673	
1.45142	8.44818	
1.52863	8.43719	
1.61224	8.42682	
1.69739	8.41766	
1.763	8.41034	
1.85272	8.40088	
2.00104	8.38867	
1.9928	8.38837	
1.69922	8.41583	
1.32599	8.46436	
0.98877	8.52997	
0.705261	8.60687	
0.49408	8.69141	
0.33844	8.77319	
0.222473	8.84735	
0.155334	8.91235	
0.102234	8.96179	
0.0671387	8.99933	
0.0436401	9.0271	
0.0286865	9.04602	
0.0238037	9.05914	
0.0119019	9.06677	
0.0143433	9.07379	
0.00640869	9.07745	
0.00213623	9.07898	
0.00579834	9.08051	
0.0100708	9.08142	
0.00335693	9.08325	
0.00213623	9.08142	
0.00396729	9.08356	
0.00305176	9.08356	
0.00244141	9.08295	
-0.000915527	9.08295	
0.00335693	9.08264	
0.00213623	9.08325	
0.00183105	9.08356	
-0.000610352	9.08295	
0.00183105	9.08295	
0.000915527	9.08295	
-0.00488281	9.08234	
0.00396729	9.08234	
0.00579834	9.08295	
0.0012207	9.08142	
0.00335693	9.08295	
0.00335693	9.08295	
0.00762939	9.08295	
0.0012207	9.08264	
0.00488281	9.08295	
-0.000915527	9.08234	
0.000915527	9.08356	
-0.00396729	9.08234	
0.00274658	9.08234	
0.00427246	9.08264	
0.000610352	9.08264	
0.00274658	9.08295	
0.00274658	9.08264	
0.00671387	9.08295	
0.000305176	9.08234	
0.00396729	9.08264	
0.00274658	9.08264	
0.00518799	9.08234	
0.000915527	9.08264	
-0.000915527	9.08234	
0.00152588	9.08478	
0.00213623	9.08356	
0.000305176	9.08386	
0.00305176	9.08356	
-0.00213623	9.08417	
0.0012207	9.08386	
-0.000610352	9.08386	
-0.00152588	9.08356	
-0.000305176	9.08417	
0.00152588	9.08325	
-0.00671387	9.08386	
0.00305176	9.08325	
-0.0012207	9.08325	
-0.000915527	9.08356	
-0.00488281	9.08356	
0.00152588	9.08386	
-0.000610352	9.08295	
0	9.08356	
-0.00396729	9.08356	
0.00274658	9.08295	
-0.00213623	9.08295	
-0.000915527	9.08325	
-0.00213623	9.08295	
0.00244141	9.08325	
0.00488281	9.08417	
0.000305176	9.08356	
0.00213623	9.08356	
0.0012207	9.08356	
0.00305176	9.08295	
-0.00152588	9.08356	
0.00274658	9.08356	
0.0012207	9.08386	
0.00488281	9.08386	
-0.0012207	9.08325	
-0.00396729	9.08325	
0.000915527	9.08417	
0.00244141	9.08447	
-0.000610352	9.08447	
0.00335693	9.08417	
0.00152588	9.08417	
0.00183105	9.08447	
-0.0012207	9.08447	
-0.000305176	9.08386	
0	9.08386	
0.00457764	9.08386	
-0.0012207	9.08417	
0.00335693	9.08417	
0.0012207	9.08417	
0.00366211	9.08478	
-0.00183105	9.08417	
0.00183105	9.08417	
0.0012207	9.08417	
0.00335693	9.08386	
-0.000915527	9.08417	
0.00274658	9.08478	
-0.000610352	9.08447	
0.00488281	9.08447	
-0.0012207	9.08386	
-0.00213623	9.08569	
-0.00183105	9.08569	
-0.00213623	9.08539	
-0.00213623	9.08508	
-0.00701904	9.08569	
-0.00244141	9.086	
0.000610352	9.086	
-0.00244141	9.08539	
-0.00549316	9.08539	
-0.00335693	9.08569	
-0.00610352	9.08569	
-0.000915527	9.08539	
-0.00244141	9.08569	
0.000305176	9.086	
-0.0012207	9.08691	
0.000305176	9.0863	
-0.00671387	9.08752	
-0.000305176	9.08722	
-0.00152588	9.0863	
-0.00183105	9.08661	
-0.00579834	9.08722	
-0.00183105	9.08691	
-0.00274658	9.08661	
-0.00152588	9.0863	
-0.00762939	9.0863	
0.0012207	9.0863	
-0.00305176	9.08661	
-0.00213623	9.08691	
-0.00213623	9.08722	
-0.00335693	9.08691	
-0.00457764	9.0863	
-0.000915527	9.08752	
-0.000610352	9.08661	
-0.00244141	9.08691	
-0.00793457	9.08661	
-0.000915527	9.08691	
-0.00152588	9.0863	
-0.00305176	9.08661	
-0.00701904	9.0863	
-0.000610352	9.08691	
-0.00152588	9.08691	
-0.00305176	9.08661	
-0.00152588	9.0863	
0.00518799	9.08661	
-0.000915527	9.08691	
-0.0012207	9.0863	
0.000305176	9.08691	
0.00244141	9.08661	
-0.000915527	9.0863	
-0.00335693	9.08691	
-0.00213623	9.08752	
0.00396729	9.08661	
-0.000610352	9.08661	
0.00244141	9.08691	
0.00183105	9.08722	
-0.00213623	9.0863	
