0	9.10736	
-0.00396729	9.10828	
-0.00274658	9.10889	
0.00335693	9.10797	
-0.000915527	9.10828	
0.00305176	9.10828	
0.000305176	9.10889	
0.00274658	9.10889	
-0.000305176	9.10858	
0.00305176	9.10858	
0.00152588	9.10828	
0.00305176	9.10889	
-0.0012207	9.10828	
0.00335693	9.10797	
0.000610352	9.10889	
-0.00244141	9.10797	
-0.000305176	9.10858	
0.00488281	9.10828	
-0.000915527	9.10858	
-0.00488281	9.10858	
-0.00183105	9.10919	
-0.000610352	9.10797	
-0.00152588	9.10858	
0.000305176	9.10858	
0.000915527	9.10889	
-0.00549316	9.10858	
0.00183105	9.10828	
-0.000305176	9.10828	
0.00274658	9.10889	
0.00213623	9.10919	
-0.00213623	9.10858	
0	9.10828	
0.00579834	9.10919	
0.00213623	9.10767	
0.00335693	9.10797	
0.000305176	9.10797	
0.00305176	9.10858	
0.00152588	9.10828	
-0.00549316	9.10828	
-0.000305176	9.10858	
-0.00640869	9.10828	
-0.00274658	9.10858	
-0.000305176	9.10858	
0.00335693	9.10858	
0.00152588	9.10889	
0.00396729	9.10889	
0.000610352	9.10858	
0.00610352	9.10889	
0.00152588	9.10858	
0.00396729	9.10828	
0	9.10767	
0.00427246	9.10919	
0.000305176	9.10889	
-0.00305176	9.10889	
0.0012207	9.10889	
0.00457764	9.10797	
0.000305176	9.10797	
0.00274658	9.10858	
0.000305176	9.10889	
0	9.10858	
0	9.10858	
-0.00640869	9.10858	
0.0012207	9.10858	
-0.00640869	9.10858	
-0.00213623	9.10889	
-0.000610352	9.10797	
0.00518799	9.10858	
-0.00152588	9.10797	
-0.00183105	9.10828	
0.000305176	9.10797	
-0.00305176	9.10858	
-0.00183105	9.10858	
0.000915527	9.10828	
0.00579834	9.10858	
-0.000610352	9.10858	
-0.00305176	9.10828	
0.000915527	9.10858	
-0.00335693	9.10828	
0.00335693	9.10858	
0.000915527	9.10889	
0.000915527	9.10828	
-0.00366211	9.10828	
0.000610352	9.10828	
0.000305176	9.10858	
0.00335693	9.10828	
-0.000305176	9.10889	
0.000915527	9.10828	
-0.000915527	9.10828	
-0.000610352	9.10828	
0.00213623	9.10889	
0	9.10858	
0.00335693	9.10828	
0.00213623	9.10858	
0.00335693	9.10797	
-0.000305176	9.10858	
0.00457764	9.10828	
0.0012207	9.10767	
-0.00610352	9.10858	
0.0012207	9.10889	
-0.00610352	9.10828	
-0.000305176	9.10828	
0.000305176	9.10828	
0.00610352	9.10767	
0	9.10889	
-0.000915527	9.10828	
0.000610352	9.10828	
-0.00152588	9.10797	
0.00305176	9.10889	
-0.000305176	9.10858	
0.00579834	9.10858	
0.00274658	9.10889	
-0.00152588	9.10858	
0	9.10889	
0.00305176	9.10858	
-0.000305176	9.10797	
-0.000915527	9.10858	
0.000610352	9.10858	
0	9.10858	
0.00213623	9.10919	
-0.00549316	9.10858	
0.0012207	9.10858	
-0.00213623	9.10797	
0.00335693	9.10797	
-0.000610352	9.10858	
0.00335693	9.10797	
0.00183105	9.10858	
0.000305176	9.10858	
-0.000305176	9.10828	
-0.00244141	9.10797	
-0.00183105	9.10889	
0	9.10767	
0.00640869	9.10858	
0.00183105	9.10797	
0	9.10797	
0.000610352	9.10889	
-0.00244141	9.10858	
0.00396729	9.10858	
-0.000305176	9.10858	
0.00213623	9.10858	
-0.000610352	9.10828	
-0.000915527	9.10889	
0.00244141	9.10889	
0.00183105	9.10828	
0.00152588	9.10858	
-0.000305176	9.10858	
-0.00152588	9.10858	
0.00152588	9.10797	
-0.000305176	9.10919	
0.000915527	9.10889	
-0.00152588	9.10858	
0.00183105	9.10858	
-0.000915527	9.10889	
0.00518799	9.10889	
0.00152588	9.10828	
-0.000915527	9.10828	
0.000915527	9.10858	
0.000305176	9.10889	
0.00244141	9.10858	
0	9.10828	
-0.000915527	9.10858	
0	9.10919	
-0.000610352	9.10889	
0.00579834	9.10858	
-0.00213623	9.10889	
-0.00579834	9.10889	
0.000915527	9.10858	
-0.000305176	9.10828	
0.000305176	9.10889	
-0.000915527	9.10858	
-0.00152588	9.10858	
0.00305176	9.10828	
0.000610352	9.10828	
0.00518799	9.10767	
0.0012207	9.10797	
-0.00244141	9.10797	
0	9.10828	
-0.00274658	9.1095	
0.00274658	9.10828	
0	9.10828	
0.00183105	9.10828	
0.0012207	9.10889	
0	9.10858	
-0.000610352	9.10889	
-0.00274658	9.10797	
0.00305176	9.10889	
-0.000610352	9.10858	
0.00183105	9.10858	
0.000915527	9.10889	
-0.000305176	9.10858	
-0.0012207	9.10858	
0.000915527	9.10797	
-0.00183105	9.10828	
-0.000915527	9.10828	
0.00305176	9.10828	
0	9.10858	
-0.00183105	9.10889	
0	9.10858	
-0.00701904	9.10828	
-0.00183105	9.10828	
-0.000610352	9.10828	
0.00274658	9.10828	
-0.00183105	9.10828	
-0.00732422	9.10797	
0.000915527	9.10858	
-0.00305176	9.10828	
-0.00244141	9.10858	
-0.000610352	9.10858	
0.00305176	9.10889	
0.000915527	9.10797	
-0.00640869	9.10858	
0.000610352	9.10919	
0.000915527	9.10858	
0.00213623	9.10858	
-0.0012207	9.10797	
-0.000915527	9.10828	
-0.000915527	9.10889	
-0.000305176	9.1095	
0.00579834	9.10767	
0	9.10828	
-0.00213623	9.10797	
0	9.10858	
0.000305176	9.10919	
0.000915527	9.10858	
-0.000915527	9.10767	
-0.000610352	9.10828	
0	9.10828	
-0.000610352	9.10858	
0.00640869	9.10828	
0.00152588	9.10797	
0.00213623	9.10828	
0	9.10919	
-0.00701904	9.10828	
0.00244141	9.10919	
-0.000610352	9.10889	
-0.0012207	9.10858	
0.00152588	9.10858	
-0.000305176	9.10828	
0.00335693	9.10767	
0.0012207	9.10858	
-0.00213623	9.10889	
0.000305176	9.10797	
0	9.10858	
-0.0012207	9.10797	
0	9.10919	
0.000610352	9.10767	
0.000610352	9.10858	
0.00183105	9.10858	
0.000305176	9.10797	
-0.000610352	9.10828	
0.00244141	9.10919	
-0.000305176	9.10889	
0.00732422	9.10858	
0.00213623	9.10858	
0.000915527	9.10828	
0	9.10858	
-0.000915527	9.10828	
0.000915527	9.10858	
-0.000305176	9.10889	
0.00305176	9.10919	
-0.0012207	9.10828	
0.00427246	9.10828	
-0.000305176	9.10797	
-0.000305176	9.10828	
-0.000915527	9.10828	
0.000915527	9.10889	
0.00335693	9.10828	
-0.000305176	9.10828	
-0.00610352	9.10828	
0.0012207	9.10919	
-0.000305176	9.10797	
-0.000610352	9.10828	
0	9.10828	
0.00488281	9.10858	
0.00183105	9.10858	
-0.000915527	9.10828	
0.0012207	9.10828	
0	9.10828	
0.00396729	9.10889	
0.000305176	9.10828	
0.00213623	9.10858	
0.00274658	9.10858	
0.000305176	9.10828	
0.00610352	9.10858	
0.00335693	9.10858	
0.000915527	9.10828	
0.00183105	9.10858	
0.00152588	9.10858	
-0.00183105	9.10889	
0	9.10889	
-0.0012207	9.10767	
0.000610352	9.10889	
0	9.10889	
0	9.10858	
0.000305176	9.10858	
0.000305176	9.10828	
0.00183105	9.10919	
0.00213623	9.10858	
0.00366211	9.10828	
0	9.10889	
-0.00213623	9.10797	
0.00152588	9.10797	
0.000305176	9.10919	
0.00488281	9.10858	
0.00244141	9.10767	
0.000305176	9.10858	
0.00305176	9.10767	
0.000915527	9.10828	
0.00427246	9.10889	
0.000915527	9.10919	
-0.00610352	9.10797	
-0.00213623	9.10828	
0	9.10889	
0.00518799	9.10767	
0.000915527	9.10858	
0.0012207	9.10858	
0.00488281	9.10858	
0.00396729	9.10919	
-0.00213623	9.10828	
0.000305176	9.10767	
0.00183105	9.10919	
-0.00152588	9.10828	
-0.000610352	9.10889	
-0.00457764	9.10797	
0.00152588	9.10858	
-0.000610352	9.10889	
0.00396729	9.10858	
0.00244141	9.10828	
0.000305176	9.10889	
0.00396729	9.10889	
-0.00152588	9.10858	
-0.00518799	9.10797	
0.00152588	9.10858	
0.00213623	9.10828	
0.00213623	9.10858	
-0.000305176	9.10828	
-0.00518799	9.10889	
0.000610352	9.10858	
0.000915527	9.10828	
-0.0012207	9.10858	
-0.000610352	9.10858	
-0.000915527	9.10858	
0.00457764	9.10797	
0.00244141	9.10797	
-0.00152588	9.10797	
0.000305176	9.10858	
-0.000610352	9.10797	
-0.0012207	9.10736	
0	9.10858	
0.00335693	9.10889	
0.00335693	9.10889	
0	9.10919	
0.000305176	9.10889	
0.00244141	9.10889	
0.00396729	9.10828	
0	9.10889	
-0.00579834	9.10828	
0.00183105	9.10858	
0.000610352	9.10889	
0.000305176	9.10889	
-0.00274658	9.10797	
0.000305176	9.10828	
0.000610352	9.10858	
0.000915527	9.10797	
0.000305176	9.10797	
0.00427246	9.10858	
0.000305176	9.10858	
-0.000305176	9.10858	
0.0012207	9.10797	
0.00183105	9.10889	
-0.00671387	9.10797	
0.000305176	9.10889	
0.00183105	9.10858	
0.00244141	9.10797	
0.000915527	9.10828	
0.000915527	9.10858	
-0.00213623	9.10828	
-0.000915527	9.10767	
-0.00518799	9.10828	
0.00305176	9.10828	
0.000305176	9.10797	
-0.000915527	9.10797	
0	9.10828	
-0.000915527	9.10858	
0.00549316	9.10889	
-0.00152588	9.1095	
0.00152588	9.10767	
0.0088501	9.10217	
0.022583	9.08539	
0.071106	9.03076	
0.22522	8.90747	
0.565796	8.75031	
1.0437	8.64624	
1.51978	8.59344	
1.89728	8.56537	
2.19482	8.5495	
2.42126	8.53973	
2.57507	8.53394	
2.68494	8.52936	
2.75909	8.52722	
2.8064	8.52509	
2.84515	8.52448	
2.86285	8.52478	
2.88055	8.52325	
2.88513	8.52234	
2.88788	8.52142	
2.89368	8.52112	
2.89551	8.52081	
2.89612	8.52081	
2.8952	8.52051	
2.89581	8.52051	
2.89886	8.52051	
2.89612	8.5199	
2.8949	8.5199	
2.89917	8.51959	
2.89825	8.5199	
2.90222	8.5199	
2.89642	8.51959	
2.89795	8.51959	
2.90039	8.5202	
2.90039	8.5202	
2.89978	8.51959	
2.89886	8.51929	
2.89673	8.51959	
2.89734	8.51868	
2.89825	8.51898	
2.90405	8.51868	
2.89673	8.51898	
2.89917	8.51898	
2.90497	8.51868	
2.90192	8.51776	
2.90375	8.51898	
2.89948	8.51837	
2.89337	8.51746	
2.90527	8.51746	
2.9007	8.51776	
2.89917	8.51715	
2.90375	8.51776	
2.9007	8.51746	
2.90527	8.51807	
2.90375	8.51776	
2.9007	8.51746	
2.90649	8.51746	
2.90527	8.51715	
2.90222	8.51593	
2.90649	8.51746	
2.90039	8.51654	
2.89551	8.51685	
2.90314	8.51624	
2.90375	8.51624	
2.90344	8.51654	
2.901	8.51624	
2.89764	8.51501	
2.9007	8.51593	
2.90161	8.5141	
2.90833	8.51562	
2.90527	8.51593	
2.90192	8.51532	
2.90375	8.51532	
2.90405	8.51562	
2.9068	8.51562	
2.90253	8.51501	
2.90222	8.51501	
2.90131	8.51471	
2.90344	8.5144	
2.90741	8.51532	
2.90619	8.5141	
2.90253	8.51349	
2.90924	8.5141	
2.90314	8.51562	
2.90619	8.51532	
2.90314	8.5144	
2.89795	8.51379	
2.90161	8.51288	
2.90375	8.51379	
2.90558	8.51379	
2.90619	8.51318	
2.90436	8.51288	
2.91016	8.51227	
2.90314	8.51166	
2.90039	8.51318	
2.90649	8.51257	
2.90466	8.51227	
2.90985	8.51196	
2.90497	8.51257	
2.90344	8.51257	
2.90771	8.51257	
2.90588	8.51196	
2.9068	8.51227	
2.90558	8.51166	
2.90619	8.51135	
2.91168	8.51166	
2.90375	8.51166	
2.90558	8.51227	
2.90985	8.51135	
2.90619	8.51166	
2.90375	8.51135	
2.9071	8.51166	
2.90894	8.51166	
2.90405	8.51105	
2.90588	8.51074	
2.90131	8.51105	
2.90466	8.51105	
2.90588	8.51074	
2.9071	8.51074	
2.91016	8.51044	
2.90771	8.51105	
2.90802	8.50983	
2.90955	8.50983	
2.90833	8.51013	
2.90802	8.51013	
2.90894	8.51013	
2.90894	8.51013	
2.9071	8.50952	
2.90222	8.50952	
2.90741	8.51044	
2.90741	8.50983	
2.91229	8.50983	
2.90558	8.50922	
2.90863	8.50861	
2.91382	8.50891	
2.91016	8.50891	
2.90344	8.50769	
2.90924	8.5083	
2.90619	8.50769	
2.90985	8.508	
2.90833	8.5083	
2.90619	8.5083	
2.91107	8.50891	
2.90894	8.5083	
2.91168	8.50861	
2.90771	8.508	
2.90436	8.508	
2.90894	8.5083	
2.90253	8.5083	
2.90833	8.50769	
2.90894	8.508	
2.91412	8.5083	
2.90894	8.508	
2.90466	8.50769	
2.90924	8.50708	
2.91138	8.50769	
2.90863	8.50739	
2.91016	8.50739	
2.90863	8.50769	
2.9068	8.50647	
2.90833	8.50647	
2.91016	8.50769	
2.90924	8.50708	
2.91046	8.50769	
2.91595	8.50708	
2.91138	8.50555	
2.90985	8.50555	
2.91351	8.50616	
2.91321	8.50616	
2.91199	8.50616	
2.91046	8.50586	
2.91168	8.50586	
2.9126	8.50586	
2.91046	8.50555	
2.90436	8.50586	
2.91382	8.50525	
2.90955	8.50494	
2.91138	8.50433	
2.91321	8.50494	
2.91107	8.50464	
2.90924	8.50464	
2.90894	8.50464	
2.91138	8.50433	
2.91687	8.50494	
2.90985	8.50372	
2.91229	8.50464	
2.91504	8.50433	
2.91077	8.50342	
2.91107	8.50433	
2.91351	8.50372	
2.91321	8.50403	
2.91107	8.50403	
2.91687	8.50372	
2.90985	8.50311	
2.90436	8.50372	
2.91412	8.50311	
2.91168	8.50311	
2.90436	8.50311	
2.91199	8.50372	
2.9129	8.50342	
2.90955	8.50281	
2.9126	8.5025	
2.91199	8.50311	
2.91168	8.5025	
2.91168	8.50342	
2.91229	8.5025	
2.90863	8.5022	
2.91046	8.50281	
2.90955	8.50189	
2.91321	8.5025	
2.91321	8.5022	
2.91656	8.50189	
2.91534	8.50159	
2.91229	8.5022	
2.91595	8.50159	
2.91351	8.5025	
2.91595	8.5022	
2.91168	8.50159	
2.90527	8.50128	
2.91534	8.50128	
2.9126	8.50189	
2.91229	8.50067	
2.91504	8.50159	
2.9129	8.50098	
2.91809	8.50037	
2.9129	8.49976	
2.9129	8.50098	
2.91534	8.50006	
2.91443	8.50098	
2.91351	8.50006	
2.91595	8.50067	
2.91565	8.49945	
2.9126	8.50006	
2.91473	8.49976	
2.91565	8.50037	
2.91534	8.49915	
2.91443	8.50006	
2.91504	8.49976	
2.9129	8.50006	
2.91351	8.50037	
2.91351	8.49854	
2.91443	8.49945	
2.91321	8.49884	
2.91534	8.49915	
2.91199	8.49915	
2.91321	8.49915	
2.91748	8.49884	
2.91595	8.49915	
2.91382	8.49854	
2.91962	8.49884	
2.91351	8.49945	
2.90771	8.49823	
2.91412	8.49762	
2.91626	8.49823	
2.91077	8.49731	
2.91443	8.49762	
2.91504	8.49731	
2.9129	8.49854	
2.91534	8.49792	
2.91595	8.49823	
2.91687	8.4967	
2.91504	8.49701	
2.91412	8.49762	
2.91168	8.49731	
2.91504	8.49762	
2.91077	8.49701	
2.91656	8.49701	
2.91473	8.49701	
2.91534	8.4967	
2.91779	8.4967	
2.91504	8.4964	
2.91779	8.49701	
2.91656	8.49609	
2.91504	8.49701	
2.91504	8.4964	
2.91656	8.4964	
2.9126	8.49609	
2.91656	8.4964	
2.91351	8.49548	
2.91565	8.49548	
2.91504	8.49518	
2.91016	8.49518	
2.91962	8.49579	
2.91534	8.49518	
2.90985	8.49548	
2.91595	8.49518	
2.91687	8.49548	
2.91565	8.49518	
2.91382	8.49426	
2.91687	8.49487	
2.92206	8.49548	
2.91779	8.49518	
2.91626	8.49487	
2.91962	8.49548	
2.91901	8.49487	
2.91656	8.49487	
2.92267	8.49426	
2.91748	8.49426	
2.91168	8.49457	
2.91748	8.49396	
2.91809	8.49396	
2.91534	8.49457	
2.91718	8.49396	
2.9187	8.49335	
2.92114	8.49335	
2.91809	8.49396	
2.91809	8.49426	
2.91229	8.49335	
2.91992	8.49304	
2.9187	8.49335	
2.91382	8.49365	
2.9184	8.49335	
2.92023	8.49243	
2.9126	8.49274	
2.91931	8.49335	
2.91779	8.49304	
2.91168	8.49304	
2.92328	8.49304	
2.91687	8.49274	
2.91382	8.49213	
2.92114	8.49213	
2.91718	8.49182	
2.9187	8.49213	
2.92328	8.49274	
2.92023	8.49243	
2.91901	8.49213	
2.9248	8.49304	
2.91626	8.49182	
2.9184	8.49091	
2.9248	8.49213	
2.9187	8.49182	
2.91931	8.49182	
2.91687	8.49243	
2.92114	8.49213	
2.91901	8.49091	
2.92297	8.49121	
2.92114	8.49152	
2.91901	8.49152	
2.92328	8.49121	
2.91809	8.4906	
2.91992	8.4906	
2.92328	8.49152	
2.92145	8.4906	
2.91931	8.49091	
2.92572	8.4906	
2.91809	8.48969	
2.92053	8.4906	
2.92297	8.48999	
2.92084	8.48969	
2.92114	8.48999	
2.92694	8.48999	
2.92236	8.4903	
2.92023	8.48938	
2.92572	8.48938	
2.91901	8.48999	
2.91992	8.48999	
2.92572	8.4903	
2.9184	8.48907	
2.91962	8.48969	
2.9248	8.48969	
2.92175	8.48969	
2.91992	8.48969	
2.91962	8.48938	
2.91901	8.48907	
2.92023	8.48907	
2.9187	8.48816	
2.92175	8.48877	
2.92023	8.48907	
2.91687	8.48816	
2.92419	8.48877	
2.91992	8.48877	
2.92053	8.48724	
2.91901	8.48785	
2.92114	8.48785	
2.91962	8.48785	
2.91901	8.48785	
2.92206	8.48785	
2.92175	8.48816	
2.91779	8.48785	
2.92236	8.48785	
2.91901	8.48816	
2.92145	8.48785	
2.92511	8.48785	
2.91962	8.48785	
2.92206	8.48724	
2.92633	8.48663	
2.92236	8.48755	
2.92175	8.48633	
2.92572	8.48724	
2.91901	8.48694	
2.92206	8.48602	
2.92572	8.48663	
2.92084	8.48694	
2.92175	8.48694	
2.91962	8.48633	
2.92511	8.48755	
2.92145	8.48694	
2.91687	8.48602	
2.92053	8.48602	
2.92236	8.48602	
2.9248	8.48633	
2.92358	8.48572	
2.92328	8.48602	
2.92389	8.48633	
2.92633	8.48541	
2.92389	8.48633	
2.9245	8.48572	
2.91595	8.48541	
2.92816	8.48541	
2.92297	8.48541	
2.91656	8.48541	
2.92572	8.48511	
2.92358	8.48572	
2.92236	8.4848	
2.92419	8.4845	
2.92328	8.4848	
2.9184	8.4845	
2.92816	8.4845	
2.92297	8.48541	
2.92419	8.4845	
2.92969	8.48419	
2.92267	8.48297	
2.91656	8.4845	
2.92511	8.48419	
2.92572	8.48419	
2.92145	8.4848	
2.92328	8.48389	
2.92511	8.48328	
2.92206	8.48419	
2.92725	8.48389	
2.92145	8.48389	
2.92297	8.48389	
2.92816	8.48389	
2.92572	8.48358	
2.9245	8.48389	
2.92206	8.48419	
2.92175	8.48358	
2.92389	8.48358	
2.91687	8.48297	
2.92542	8.48297	
2.92419	8.48358	
2.92328	8.48328	
2.92358	8.48267	
2.92938	8.48267	
2.92206	8.48236	
2.92358	8.48206	
2.92847	8.48297	
2.92236	8.48236	
2.92511	8.48236	
2.92603	8.48297	
2.92572	8.48236	
2.92328	8.48267	
2.92175	8.48206	
2.92633	8.48267	
2.92389	8.48175	
2.92328	8.48175	
2.92603	8.48206	
2.92419	8.48175	
2.92206	8.48145	
2.92145	8.48114	
2.92603	8.48114	
2.92633	8.48022	
2.92603	8.48083	
2.9248	8.48053	
2.92664	8.48053	
2.9184	8.47961	
2.92664	8.48083	
2.92511	8.47992	
2.92328	8.48022	
2.92755	8.48022	
2.92328	8.48053	
2.92542	8.48053	
2.9303	8.48114	
2.92877	8.48083	
2.92511	8.48053	
2.92511	8.47992	
2.92267	8.47992	
2.9248	8.47961	
2.92511	8.47992	
2.92847	8.47961	
2.92511	8.47992	
2.91992	8.47931	
2.92755	8.47931	
2.9248	8.47931	
2.92542	8.479	
2.92816	8.479	
2.92603	8.47931	
2.92664	8.479	
2.91901	8.479	
2.93121	8.4787	
2.92389	8.47931	
2.92511	8.47839	
2.92969	8.479	
2.92358	8.47748	
2.92603	8.47809	
2.92877	8.4787	
2.92877	8.47809	
2.92664	8.47839	
2.92999	8.47809	
2.92969	8.47839	
2.92633	8.47839	
2.92938	8.47778	
2.92908	8.47839	
2.92725	8.47809	
2.93091	8.4787	
2.92999	8.47778	
2.92694	8.47809	
2.92572	8.47687	
2.92999	8.47687	
2.92786	8.47748	
2.93182	8.47839	
2.92633	8.47748	
2.92786	8.47748	
2.92542	8.47687	
2.92633	8.47778	
2.92694	8.47809	
2.92725	8.47656	
2.92511	8.47656	
2.92694	8.47717	
2.92542	8.47626	
2.92419	8.47687	
2.92633	8.47717	
2.92664	8.47626	
2.9248	8.47595	
2.92725	8.47626	
2.92694	8.47595	
2.92572	8.47656	
2.92755	8.47626	
2.92206	8.47504	
2.92786	8.47626	
2.92847	8.47595	
2.92419	8.47565	
2.92755	8.47565	
2.92664	8.47534	
2.92877	8.47534	
2.92542	8.47534	
2.92908	8.47565	
2.92999	8.47504	
2.92755	8.47473	
2.92908	8.47473	
2.92999	8.47504	
2.9306	8.47504	
2.92938	8.47443	
2.9303	8.47504	
2.92206	8.47504	
2.9303	8.47473	
2.92847	8.47443	
2.9245	8.47443	
2.93213	8.47473	
2.93091	8.47412	
2.92328	8.47443	
2.9303	8.47443	
2.92847	8.47534	
2.92847	8.47504	
2.93549	8.47382	
2.93121	8.47473	
2.92755	8.47412	
2.92603	8.47382	
2.92969	8.47351	
2.92938	8.47412	
2.93091	8.47382	
2.92725	8.47382	
2.92999	8.47412	
2.93121	8.47412	
2.93243	8.47504	
2.93213	8.47473	
2.92877	8.47412	
2.92999	8.47412	
2.93274	8.47382	
2.93243	8.47351	
2.92999	8.47351	
2.93457	8.47321	
2.92969	8.47351	
2.92999	8.47321	
2.93396	8.4726	
2.92969	8.47321	
2.9303	8.4729	
2.93427	8.47229	
2.93274	8.4726	
2.92969	8.47198	
2.93304	8.4726	
2.92847	8.47229	
2.93121	8.47198	
2.93213	8.47321	
2.93396	8.4726	
2.9303	8.47229	
2.92847	8.47229	
2.92908	8.47229	
2.9306	8.4726	
2.92755	8.47229	
2.93304	8.47198	
2.9306	8.4726	
2.92603	8.47229	
2.92816	8.47198	
2.9306	8.4726	
2.93213	8.47137	
2.92542	8.47168	
2.9361	8.47168	
2.93304	8.47107	
2.93182	8.47046	
2.93365	8.47137	
2.9306	8.47076	
2.93182	8.4726	
2.93274	8.47168	
2.92999	8.47046	
2.93182	8.47107	
2.92999	8.47076	
2.92999	8.47076	
2.93091	8.47107	
2.9306	8.47076	
2.93549	8.47076	
2.93213	8.47015	
2.93182	8.47076	
2.9306	8.46954	
2.93762	8.47107	
2.93457	8.47076	
2.93121	8.47107	
2.93457	8.47137	
2.93274	8.47046	
2.93243	8.46985	
2.93091	8.46954	
2.92847	8.47015	
2.93243	8.46954	
2.92664	8.46954	
2.93579	8.46924	
2.93182	8.46985	
2.93304	8.47015	
2.9303	8.46985	
2.93304	8.46954	
2.93274	8.46985	
2.93152	8.46985	
2.93427	8.46924	
2.9303	8.46985	
2.93152	8.46893	
2.93823	8.46954	
2.93243	8.46954	
2.93243	8.46985	
2.93579	8.46954	
2.93457	8.46954	
2.93152	8.46863	
2.9303	8.46893	
2.92816	8.46863	
2.93121	8.46893	
2.92511	8.46832	
2.9306	8.46863	
2.93304	8.46832	
2.93304	8.46893	
2.92816	8.46863	
2.93274	8.46832	
2.93152	8.46771	
2.93152	8.46832	
2.93579	8.46771	
2.93396	8.46832	
2.93182	8.46741	
2.93518	8.46832	
2.9306	8.46771	
2.93213	8.46741	
2.93762	8.46802	
2.93274	8.46802	
2.93243	8.46741	
2.93549	8.46802	
2.93274	8.46741	
2.93152	8.46832	
2.93091	8.4671	
2.93091	8.46741	
2.93335	8.46741	
2.93365	8.4668	
2.92633	8.46741	
2.9361	8.4671	
2.93304	8.4671	
2.93213	8.4668	
2.93945	8.4668	
2.93457	8.4668	
2.93274	8.46649	
2.93701	8.4671	
2.93579	8.46741	
2.93243	8.46588	
2.93213	8.46771	
2.9361	8.46649	
2.93243	8.46619	
2.92572	8.46588	
2.93396	8.4671	
2.93182	8.46619	
2.93182	8.46527	
2.9306	8.46588	
2.93243	8.46588	
2.93365	8.46588	
2.93121	8.46588	
2.93335	8.46558	
2.93091	8.46558	
2.93121	8.46497	
2.93671	8.46588	
2.93457	8.46619	
2.93304	8.46558	
2.93365	8.46619	
2.93091	8.46558	
2.93304	8.46497	
2.92694	8.46497	
2.93243	8.46527	
2.93396	8.46527	
2.93579	8.46466	
2.9303	8.46466	
2.93884	8.46466	
2.93579	8.46466	
2.93365	8.46405	
2.93854	8.46466	
2.9361	8.46497	
2.93335	8.46466	
2.93304	8.46466	
2.93457	8.46466	
2.93396	8.46466	
2.93274	8.46344	
2.93335	8.46405	
2.93457	8.46405	
2.93549	8.46436	
2.93549	8.46436	
2.93457	8.46405	
2.9361	8.46344	
2.93121	8.46436	
2.93732	8.46436	
2.93701	8.46436	
2.93427	8.46375	
2.93945	8.46375	
2.93671	8.46344	
2.93365	8.46344	
2.93243	8.46344	
2.93823	8.46313	
2.93335	8.46344	
2.93365	8.46313	
2.93243	8.46191	
2.93518	8.46313	
2.93549	8.46375	
2.93274	8.46283	
2.94067	8.46283	
2.93457	8.46283	
2.93518	8.46283	
2.9364	8.46283	
2.9364	8.46283	
2.93365	8.46313	
2.92908	8.46283	
2.93823	8.46283	
2.93488	8.46252	
2.9364	8.46222	
2.92877	8.46222	
2.93915	8.46222	
2.93427	8.46161	
2.93579	8.46161	
2.93884	8.46252	
2.93365	8.46252	
2.93457	8.46161	
2.9303	8.4613	
2.93365	8.46191	
2.93793	8.46222	
2.93365	8.46161	
2.93549	8.46161	
2.94037	8.4613	
2.93427	8.461	
2.9361	8.46161	
2.93427	8.461	
2.93793	8.46069	
2.9361	8.4613	
2.93793	8.4613	
2.93396	8.4613	
2.9364	8.461	
2.93457	8.46069	
2.9361	8.46191	
2.94006	8.461	
2.93457	8.46252	
2.93549	8.46069	
2.93915	8.461	
2.93549	8.4613	
2.9364	8.46039	
2.93915	8.461	
2.93579	8.46008	
2.93579	8.46039	
2.93579	8.46069	
2.93762	8.46039	
2.93579	8.46008	
2.93671	8.46008	
2.93884	8.46069	
2.93732	8.46039	
2.93823	8.46039	
2.93091	8.45978	
2.9425	8.45978	
2.93549	8.45917	
2.9364	8.45978	
2.93549	8.45978	
2.93976	8.45978	
2.93579	8.45978	
2.93732	8.46039	
2.93152	8.45978	
2.94281	8.45947	
2.93976	8.45978	
2.9364	8.45947	
2.94128	8.46008	
2.93823	8.45947	
2.93762	8.45917	
2.93579	8.45886	
2.93945	8.45947	
2.93701	8.45917	
2.93884	8.45947	
2.9364	8.45856	
2.93976	8.45917	
2.93732	8.45978	
2.93701	8.45917	
2.93945	8.45825	
2.94037	8.45856	
2.93793	8.45886	
2.93793	8.45795	
2.93701	8.45795	
2.94037	8.45825	
2.93732	8.45886	
2.93671	8.45886	
2.93732	8.45947	
2.93823	8.45795	
2.93823	8.45795	
2.93976	8.45825	
2.93121	8.45734	
2.94373	8.45825	
2.93671	8.45856	
2.93732	8.45764	
2.9306	8.45825	
2.94098	8.45795	
2.93762	8.45703	
2.93671	8.45734	
2.93823	8.45795	
2.94281	8.45734	
2.94006	8.45734	
2.93762	8.45764	
2.93488	8.45673	
2.93701	8.45734	
2.93823	8.45825	
2.93091	8.45673	
2.93976	8.45703	
2.93793	8.45673	
2.9364	8.45703	
2.93732	8.45734	
2.9425	8.45734	
2.93854	8.45764	
2.93701	8.45703	
2.93396	8.45581	
2.9361	8.45673	
2.93884	8.45703	
2.93945	8.45703	
2.93182	8.45703	
2.94281	8.45642	
2.94006	8.45673	
2.93732	8.45673	
2.93671	8.45642	
2.93701	8.45612	
2.9361	8.45551	
2.93701	8.45551	
2.94098	8.45551	
2.93884	8.45551	
2.9361	8.45612	
2.9361	8.45642	
2.94159	8.45642	
2.93732	8.45581	
2.93732	8.45551	
2.93671	8.45642	
2.93488	8.4549	
2.93823	8.4552	
2.93091	8.4549	
2.93549	8.45551	
2.93915	8.45551	
2.93732	8.4549	
2.93793	8.4552	
2.94342	8.45551	
2.94067	8.4549	
2.93732	8.4552	
2.93732	8.45551	
2.94128	8.4549	
2.93671	8.4549	
2.93884	8.45551	
2.9364	8.45459	
2.94128	8.45459	
2.9361	8.45428	
2.93854	8.45459	
2.93732	8.45367	
2.93945	8.45398	
2.93854	8.45459	
2.9364	8.45398	
2.93823	8.45428	
2.94312	8.45459	
2.93732	8.45398	
2.93762	8.45459	
2.93762	8.45459	
2.94067	8.4552	
2.93976	8.45367	
2.93671	8.45428	
2.93518	8.45367	
2.94403	8.45367	
2.93671	8.45459	
2.93823	8.45306	
2.93671	8.45337	
2.94098	8.45367	
2.93884	8.45367	
2.93945	8.45367	
2.93762	8.45367	
2.9425	8.45367	
2.93762	8.45367	
2.93854	8.45337	
2.94037	8.45306	
2.93915	8.45306	
2.93732	8.45306	
2.9364	8.45337	
2.93884	8.45276	
2.93854	8.45306	
2.93945	8.45428	
2.94128	8.45337	
2.93884	8.45337	
2.93884	8.45306	
2.93854	8.45306	
2.9422	8.45306	
2.93945	8.45306	
2.93732	8.45306	
2.93732	8.45245	
2.94098	8.45276	
2.93854	8.45306	
2.93579	8.45276	
2.93732	8.45215	
2.9422	8.45276	
2.94189	8.45306	
2.93854	8.45154	
2.9364	8.45215	
2.93915	8.45184	
2.93884	8.45245	
2.94067	8.45184	
2.94312	8.45154	
2.94403	8.45215	
2.94037	8.45276	
2.93915	8.45184	
2.93762	8.45154	
2.93976	8.45093	
2.93884	8.45093	
2.94006	8.45123	
2.93335	8.45154	
2.9422	8.45215	
2.94281	8.45184	
2.93945	8.45184	
2.9364	8.45184	
2.93945	8.45154	
2.94586	8.45215	
2.94189	8.45093	
2.93945	8.45154	
2.94128	8.45123	
2.94281	8.45154	
2.94006	8.45154	
2.94098	8.45154	
2.93304	8.45093	
2.94586	8.45154	
2.94098	8.45093	
2.93854	8.45062	
2.93304	8.45001	
2.93945	8.45123	
2.94067	8.45062	
2.94189	8.45093	
2.94037	8.45001	
2.94556	8.45032	
2.93915	8.45001	
2.93945	8.45032	
2.93945	8.45032	
2.94342	8.45062	
2.93945	8.45032	
2.94128	8.45032	
2.93793	8.45001	
2.94373	8.45001	
2.94312	8.45001	
2.94067	8.4491	
2.94159	8.44971	
2.93488	8.45032	
2.94617	8.45062	
2.93915	8.4491	
2.94098	8.44971	
2.93945	8.44849	
2.94342	8.4491	
2.94037	8.4491	
2.94281	8.4491	
2.94342	8.4494	
2.94189	8.44971	
2.94189	8.4491	
2.93549	8.44818	
2.94373	8.45001	
2.9425	8.44818	
2.93945	8.4494	
2.93518	8.4491	
2.93762	8.44879	
2.94128	8.44879	
2.94098	8.44879	
2.94067	8.4494	
2.94373	8.4491	
2.93884	8.44971	
2.94067	8.4494	
2.94098	8.4494	
2.93945	8.4491	
2.94128	8.44849	
2.9425	8.44849	
2.94159	8.4491	
2.94434	8.44879	
2.94189	8.44879	
2.94037	8.44849	
2.93976	8.44818	
2.93976	8.44879	
2.94159	8.44849	
2.93854	8.44757	
2.94281	8.44788	
2.94098	8.44818	
2.94312	8.44818	
2.94128	8.44757	
2.94037	8.44757	
2.93854	8.44818	
2.94189	8.44727	
2.93701	8.44727	
2.93945	8.44818	
2.9425	8.44788	
2.94312	8.44757	
2.94556	8.44727	
2.94281	8.44696	
2.94312	8.44727	
2.93884	8.44727	
2.94708	8.44757	
2.94434	8.44696	
2.94189	8.44727	
2.94769	8.44757	
2.94312	8.44727	
2.94098	8.44727	
2.93518	8.44666	
2.9425	8.44635	
2.94281	8.44635	
2.94006	8.44696	
2.94159	8.44666	
2.94708	8.44727	
2.94556	8.44727	
2.9425	8.44666	
2.93671	8.44604	
2.93762	8.44666	
2.94739	8.44666	
2.93976	8.44604	
2.94159	8.44604	
2.94189	8.44513	
2.94128	8.44574	
2.94128	8.44666	
2.94281	8.44604	
2.93488	8.44635	
2.94556	8.44666	
2.94373	8.44543	
2.94128	8.44604	
2.93579	8.44574	
2.94464	8.44604	
2.9425	8.44604	
2.9422	8.44604	
2.94098	8.44635	
2.94586	8.44604	
2.94403	8.44666	
2.94189	8.44452	
2.93549	8.44574	
2.94464	8.44604	
2.9425	8.44574	
2.94495	8.44513	
2.94189	8.44482	
2.94403	8.44543	
2.94128	8.44513	
2.94037	8.44513	
2.94373	8.44574	
2.93762	8.44482	
2.94678	8.44513	
2.93945	8.44452	
2.94128	8.44482	
2.93579	8.44482	
2.94495	8.44482	
2.9425	8.44452	
2.94037	8.44574	
2.9425	8.44482	
2.94708	8.44543	
2.93854	8.44452	
2.94159	8.44543	
2.94342	8.44452	
2.93854	8.44513	
2.94464	8.44421	
2.94128	8.44391	
2.94159	8.44482	
2.94067	8.44452	
2.94189	8.44391	
2.94037	8.4436	
2.94128	8.4436	
2.94495	8.44421	
2.94189	8.44421	
2.93976	8.4436	
2.94189	8.44391	
2.94189	8.44421	
2.93976	8.4436	
2.94098	8.44421	
2.94312	8.4436	
2.94525	8.4436	
2.94586	8.4436	
2.94342	8.4436	
2.9422	8.4433	
2.94037	8.44299	
2.94067	8.44391	
2.94037	8.44269	
2.9425	8.44299	
2.94403	8.4433	
2.94739	8.44269	
2.94373	8.44391	
2.94098	8.44238	
2.93945	8.4433	
2.94525	8.4436	
2.94098	8.44299	
2.93976	8.44299	
2.94098	8.4433	
2.94525	8.4436	
2.93884	8.44208	
2.94159	8.44238	
2.93701	8.44238	
2.94006	8.44299	
2.9425	8.44269	
2.94281	8.44238	
2.94159	8.44269	
2.94647	8.44299	
2.93884	8.44269	
2.9422	8.44238	
2.94037	8.44238	
2.93945	8.44147	
2.94708	8.44177	
2.93915	8.44208	
2.9422	8.44238	
2.9425	8.44177	
2.94098	8.44147	
2.94464	8.44299	
2.93976	8.44208	
2.94098	8.44208	
2.9425	8.44177	
2.93854	8.44147	
2.94861	8.44177	
2.94006	8.44116	
2.94189	8.44177	
2.9361	8.44116	
2.94006	8.44116	
2.94495	8.44208	
2.94556	8.44116	
2.94098	8.44177	
2.94128	8.44055	
2.93915	8.44208	
2.94342	8.44116	
2.9425	8.44147	
2.94189	8.44177	
2.94769	8.44086	
2.94067	8.44147	
2.94159	8.44086	
2.93732	8.44086	
2.94373	8.44116	
2.9425	8.44086	
2.94037	8.44116	
2.94189	8.44177	
2.94037	8.44025	
2.94312	8.44116	
2.9422	8.43994	
2.94281	8.44086	
2.93762	8.44025	
2.94556	8.44086	
2.94495	8.44147	
2.94281	8.44025	
2.94373	8.44147	
2.94586	8.44055	
2.94556	8.44025	
2.94647	8.44025	
2.94189	8.44055	
2.9425	8.43964	
2.94159	8.44025	
2.9422	8.43994	
2.94342	8.44025	
2.93793	8.44055	
2.94861	8.44025	
2.94098	8.44025	
2.9422	8.43964	
2.94037	8.43994	
2.94067	8.43994	
2.94342	8.43964	
2.94128	8.44055	
2.94312	8.43964	
2.94647	8.44055	
2.94495	8.43964	
2.9425	8.43964	
2.94281	8.43903	
2.93762	8.43903	
2.94891	8.43964	
2.94495	8.43933	
2.94342	8.43964	
2.94006	8.43964	
2.94617	8.43964	
2.94342	8.43903	
2.94189	8.43933	
2.94281	8.43933	
2.94189	8.43933	
2.94434	8.43903	
2.94434	8.43933	
2.94159	8.43903	
2.94342	8.43842	
2.94617	8.43903	
2.94525	8.43903	
2.94312	8.43903	
2.94128	8.43842	
2.94708	8.43842	
2.94922	8.43842	
2.94403	8.43872	
2.9425	8.43872	
2.9361	8.43842	
2.9422	8.43872	
2.94373	8.43872	
2.94373	8.43781	
2.94281	8.43842	
2.94281	8.43781	
2.9422	8.43811	
2.9422	8.43811	
2.94403	8.43811	
2.94403	8.4375	
2.94617	8.43781	
2.94678	8.43781	
2.94495	8.43781	
2.94281	8.43781	
2.94342	8.43781	
2.94769	8.43811	
2.94189	8.43781	
2.94312	8.43781	
2.94556	8.43842	
2.94342	8.43719	
2.94739	8.43842	
2.94708	8.43842	
2.94464	8.43811	
2.94556	8.43842	
2.94708	8.43811	
2.94678	8.4375	
2.94586	8.43781	
2.94373	8.43842	
2.93945	8.43842	
2.94342	8.43811	
2.94647	8.43781	
2.9422	8.4375	
2.94403	8.4375	
2.9422	8.43658	
2.94769	8.43689	
2.94312	8.43658	
2.94586	8.43689	
2.93915	8.43628	
2.94708	8.43689	
2.94281	8.43689	
2.94373	8.43658	
2.94312	8.43628	
2.94678	8.43628	
2.94556	8.43628	
2.94708	8.43689	
2.94373	8.43689	
2.94342	8.43567	
2.94342	8.43658	
2.94464	8.43658	
2.94586	8.43689	
2.94281	8.43628	
2.94464	8.43658	
2.94556	8.43689	
2.9483	8.43567	
2.94189	8.43597	
2.94281	8.43597	
2.94403	8.43597	
2.93793	8.43597	
2.94861	8.43597	
2.94617	8.43536	
2.94312	8.43597	
2.93945	8.43475	
2.93854	8.43536	
2.948	8.43506	
2.94342	8.43597	
2.94373	8.43597	
2.94403	8.43536	
2.93762	8.43506	
2.95013	8.43536	
2.94373	8.43475	
2.9425	8.43506	
2.93762	8.43475	
2.94647	8.43475	
2.9483	8.43506	
2.94708	8.43536	
2.94373	8.43536	
2.94525	8.43506	
2.94281	8.43506	
2.94769	8.43536	
2.94647	8.43536	
2.94312	8.43445	
2.93793	8.43536	
2.94312	8.43506	
2.94952	8.43475	
2.94312	8.43445	
2.9425	8.43445	
2.93854	8.43445	
2.94373	8.43475	
2.94434	8.43536	
2.94281	8.43506	
2.94373	8.43475	
2.94281	8.43445	
2.94678	8.43445	
2.94464	8.43475	
2.94281	8.43445	
2.9425	8.43506	
2.9425	8.43445	
2.94312	8.43475	
2.94434	8.43445	
2.94525	8.43475	
2.94434	8.43445	
2.94312	8.43475	
2.94098	8.43353	
2.94952	8.43475	
2.9422	8.43353	
2.94312	8.43445	
2.94434	8.43475	
2.94067	8.43445	
2.94647	8.43353	
2.94525	8.43384	
2.94434	8.43353	
2.94525	8.43353	
2.94098	8.43353	
2.94922	8.43384	
2.94067	8.43353	
2.94281	8.43353	
2.94403	8.43353	
2.94342	8.43353	
2.94861	8.43353	
2.94617	8.43323	
2.94342	8.43353	
2.94495	8.43323	
2.93884	8.43384	
2.94647	8.43384	
2.94495	8.43292	
2.94312	8.43262	
2.93762	8.43292	
2.94586	8.43292	
2.94769	8.43323	
2.94128	8.43262	
2.9422	8.43292	
2.94067	8.43262	
2.94312	8.43262	
2.94983	8.43323	
2.94678	8.43292	
2.9425	8.43231	
2.9425	8.43231	
2.94739	8.43262	
2.94312	8.43231	
2.94464	8.43262	
2.93762	8.43201	
2.94708	8.43201	
2.9425	8.43231	
2.94342	8.43262	
2.94067	8.43201	
2.94739	8.43262	
2.94861	8.43262	
2.94342	8.4314	
2.94342	8.43262	
2.94342	8.43201	
2.93823	8.43231	
2.94891	8.43231	
2.94525	8.43201	
2.94342	8.43201	
2.94434	8.43201	
2.93945	8.43109	
2.94739	8.43262	
2.94586	8.43201	
2.94373	8.4314	
2.94067	8.4314	
2.93915	8.4317	
2.94647	8.4317	
2.94312	8.4317	
2.9425	8.4317	
2.94159	8.43109	
2.94312	8.4317	
2.9422	8.43201	
2.94495	8.43201	
2.94739	8.43079	
2.94678	8.43109	
2.94342	8.4317	
2.94556	8.43079	
2.94037	8.43079	
2.94922	8.43109	
2.94281	8.43048	
2.94373	8.43109	
2.94525	8.4314	
2.9425	8.43018	
2.94952	8.4317	
2.94647	8.43018	
2.94495	8.43048	
2.94281	8.43048	
2.94373	8.43079	
2.94373	8.43079	
2.94617	8.43048	
2.94769	8.43079	
2.94525	8.43048	
2.94373	8.43079	
2.93915	8.43048	
2.94434	8.4314	
2.94464	8.42987	
2.94525	8.42987	
2.94434	8.43018	
2.94189	8.43018	
2.94769	8.42957	
2.94373	8.43048	
2.94556	8.43018	
2.94434	8.43018	
2.94281	8.43018	
2.94556	8.43048	
2.95044	8.42987	
2.94281	8.42987	
2.94403	8.42957	
2.94586	8.42987	
2.94403	8.42926	
2.94739	8.42957	
2.9483	8.43048	
2.94556	8.42957	
2.94617	8.42896	
2.94464	8.42957	
2.94434	8.42926	
2.94434	8.42926	
2.95105	8.42957	
2.94556	8.42957	
2.94464	8.42987	
2.94708	8.42987	
2.94525	8.42926	
2.94983	8.42987	
2.94464	8.42987	
2.94556	8.42987	
2.94708	8.42987	
2.94342	8.42987	
2.94037	8.42926	
2.93884	8.42896	
2.94952	8.42834	
2.94708	8.42865	
2.94434	8.42957	
2.94617	8.42865	
2.94495	8.42834	
2.94373	8.42896	
2.94769	8.42926	
2.94983	8.42896	
2.948	8.42865	
2.94495	8.42865	
2.94617	8.42834	
2.94495	8.42865	
2.95013	8.42926	
2.94952	8.42865	
2.94617	8.42926	
2.94373	8.42865	
2.94586	8.42804	
2.94525	8.42865	
2.94739	8.42896	
2.94861	8.42834	
2.94464	8.42773	
2.94464	8.42834	
2.94708	8.42834	
2.93915	8.42773	
2.95013	8.42804	
2.94434	8.42773	
2.94342	8.42804	
2.94495	8.42773	
2.94556	8.42804	
2.94342	8.42712	
2.94281	8.42712	
2.95074	8.42773	
2.94342	8.42712	
2.94586	8.42773	
2.94342	8.42682	
2.93945	8.42773	
2.95044	8.42773	
2.94403	8.42804	
2.94434	8.42804	
2.94617	8.42804	
2.94525	8.42804	
2.94312	8.42682	
2.94464	8.42743	
2.94586	8.42651	
2.94769	8.42773	
2.94464	8.42743	
2.93854	8.42682	
2.94861	8.42773	
2.95105	8.42743	
2.94586	8.42773	
2.94495	8.42712	
2.94739	8.42682	
2.94525	8.42743	
2.9425	8.42773	
2.94556	8.42651	
2.94952	8.42621	
2.94647	8.42712	
2.94556	8.42682	
2.93854	8.42712	
2.93884	8.42682	
2.9483	8.42651	
2.94159	8.42743	
2.94586	8.42651	
2.94769	8.4259	
2.94434	8.42651	
2.94647	8.42621	
2.94373	8.42682	
2.94464	8.42621	
2.94739	8.42621	
2.94495	8.42621	
2.94739	8.42651	
2.94342	8.42621	
2.94281	8.42621	
2.94098	8.42621	
2.94983	8.42651	
2.94373	8.42651	
2.94464	8.4259	
2.94403	8.42529	
2.94434	8.42621	
2.94647	8.4256	
2.93823	8.4256	
2.95013	8.42621	
2.94678	8.4256	
2.94586	8.4256	
2.94464	8.4259	
2.94373	8.42529	
2.94586	8.4259	
2.9425	8.42529	
2.94861	8.4256	
2.94464	8.42621	
2.94586	8.4259	
2.94312	8.4256	
2.94434	8.4256	
2.94617	8.42468	
2.94373	8.4256	
2.9425	8.42499	
2.94281	8.42499	
2.95074	8.42499	
2.94342	8.42407	
2.94464	8.42529	
2.94495	8.42468	
2.94434	8.42499	
2.94067	8.4256	
2.94159	8.4256	
2.94769	8.42468	
2.94525	8.42499	
2.94342	8.42499	
2.9422	8.42529	
2.94495	8.4256	
2.93732	8.42468	
2.94098	8.42468	
2.94861	8.42468	
2.94769	8.42438	
2.94556	8.42499	
2.94708	8.42499	
2.94373	8.42438	
2.94403	8.42468	
2.94373	8.42468	
2.94556	8.42499	
2.94189	8.42499	
2.95044	8.42499	
2.94281	8.42468	
2.94403	8.42468	
2.94617	8.42529	
2.93762	8.42499	
2.94952	8.42468	
2.94586	8.42438	
2.94464	8.42346	
2.94678	8.42346	
2.94403	8.42407	
2.93823	8.42377	
2.93976	8.42377	
2.94952	8.42377	
2.94312	8.42346	
2.94586	8.42438	
2.94464	8.42377	
2.94342	8.42316	
2.9425	8.42377	
2.94434	8.42438	
2.94678	8.42346	
2.94708	8.42346	
2.94525	8.42407	
2.94678	8.42346	
2.94495	8.42377	
2.94189	8.42316	
2.94708	8.42346	
2.94891	8.42407	
2.94159	8.42316	
2.94342	8.42316	
2.94403	8.42285	
2.94403	8.42316	
2.93884	8.42285	
2.9425	8.42285	
2.94312	8.42285	
2.9483	8.42346	
2.94739	8.42316	
2.94525	8.42316	
2.94403	8.42438	
2.94586	8.42346	
2.94373	8.42285	
2.94342	8.42224	
2.94373	8.42285	
2.94708	8.42285	
2.94739	8.42316	
2.94495	8.42316	
2.9422	8.42316	
2.94434	8.42346	
2.93701	8.42285	
2.94312	8.42194	
2.94861	8.42255	
2.94769	8.42285	
2.94647	8.42224	
2.94434	8.42285	
2.94373	8.42163	
2.94495	8.42194	
2.94373	8.42224	
2.94159	8.42224	
2.94769	8.42224	
2.94952	8.42224	
2.94769	8.42224	
2.94373	8.42255	
2.94495	8.42194	
2.94342	8.42194	
2.94617	8.42316	
2.94525	8.42194	
2.9425	8.42285	
2.94769	8.42224	
2.9483	8.42194	
2.94708	8.42285	
2.94342	8.42163	
2.94403	8.42224	
2.94556	8.42224	
2.93762	8.42194	
2.93823	8.42102	
2.94708	8.42163	
2.94342	8.42194	
2.94586	8.42163	
2.948	8.42194	
2.94403	8.42194	
2.94678	8.42194	
2.94525	8.42133	
2.94312	8.42133	
2.9483	8.42133	
2.948	8.42102	
2.94434	8.42041	
2.94586	8.42133	
2.94739	8.42041	
2.94525	8.42102	
2.94647	8.42102	
2.93976	8.42041	
2.94952	8.42072	
2.94861	8.42041	
2.94556	8.42102	
2.94342	8.42072	
2.94403	8.42072	
2.94678	8.42041	
2.94464	8.42163	
2.94128	8.42102	
2.93884	8.42102	
2.948	8.42072	
2.94678	8.42041	
2.94556	8.42102	
2.94312	8.42041	
2.94434	8.42072	
2.94281	8.4201	
2.94495	8.42133	
2.94342	8.42072	
2.94434	8.42041	
2.95044	8.4201	
2.94495	8.4201	
2.94434	8.42163	
2.94556	8.42041	
2.94495	8.42041	
2.94495	8.4201	
2.94922	8.42072	
2.95227	8.4198	
2.94586	8.42041	
2.94342	8.4201	
2.94647	8.4198	
2.94373	8.42041	
2.94434	8.4198	
2.94708	8.4201	
2.9483	8.4198	
2.948	8.42041	
2.94495	8.4198	
2.94373	8.4198	
2.94525	8.42102	
2.9422	8.41888	
2.94434	8.41949	
2.94312	8.41919	
2.94617	8.41888	
2.95135	8.41949	
2.94708	8.4201	
2.94495	8.41919	
2.94403	8.4201	
2.94464	8.41888	
2.93945	8.41888	
2.93976	8.41888	
2.94861	8.41949	
2.9422	8.41919	
2.94586	8.41858	
2.94525	8.41949	
2.94403	8.41919	
2.94495	8.41949	
2.9425	8.41827	
2.94586	8.41888	
2.94861	8.41919	
2.94586	8.41858	
2.94434	8.41858	
2.94434	8.41888	
2.94678	8.41888	
2.94556	8.41858	
2.93915	8.4198	
2.94708	8.41888	
2.94739	8.41797	
2.94464	8.41858	
2.94495	8.41919	
2.94556	8.41827	
2.94312	8.4198	
2.94556	8.41858	
2.94342	8.41827	
2.94312	8.41888	
2.9483	8.41797	
2.94769	8.41888	
2.94617	8.41797	
2.94434	8.41797	
2.94678	8.41827	
2.94495	8.41797	
2.94342	8.41797	
2.94342	8.41858	
2.9425	8.41858	
2.94403	8.41827	
2.94281	8.41858	
2.94617	8.41766	
2.94647	8.41797	
2.94128	8.41736	
2.94434	8.41797	
2.94647	8.41797	
2.94525	8.41797	
2.9422	8.41797	
2.94373	8.41766	
2.94281	8.41797	
2.94403	8.41736	
2.94464	8.41827	
2.94373	8.41766	
2.94342	8.41797	
2.9483	8.41827	
2.95074	8.41797	
2.94586	8.41736	
2.94464	8.41797	
2.94678	8.41797	
2.94373	8.41797	
2.94586	8.41797	
2.94434	8.41736	
2.93701	8.41675	
2.93823	8.41675	
2.9483	8.41736	
2.94434	8.41766	
2.94708	8.41797	
2.94464	8.41705	
2.94464	8.41705	
2.94525	8.41675	
2.94312	8.41675	
2.94159	8.41705	
2.94312	8.41736	
2.94281	8.41705	
2.94556	8.41675	
2.94647	8.41675	
2.94128	8.41675	
2.94464	8.41644	
2.94556	8.41644	
2.94403	8.41705	
2.94739	8.41644	
2.9425	8.41644	
2.94464	8.41644	
2.94373	8.41675	
2.93854	8.41736	
2.94128	8.41675	
2.94769	8.41675	
2.9422	8.41644	
2.95044	8.41705	
2.94647	8.41675	
2.94373	8.41705	
2.9425	8.41675	
2.94342	8.41644	
2.94037	8.41644	
2.93976	8.41705	
2.94312	8.41675	
2.94342	8.41644	
2.94983	8.41705	
2.94647	8.41675	
2.94434	8.41614	
2.94647	8.41614	
2.94281	8.41644	
2.94434	8.41614	
2.94373	8.41675	
2.94312	8.41644	
2.94312	8.41644	
2.94159	8.41644	
2.94556	8.41583	
2.94708	8.41583	
2.94067	8.41553	
2.94464	8.41553	
2.94556	8.41614	
2.9425	8.41614	
2.94464	8.41553	
2.94342	8.41553	
2.93854	8.41644	
2.94434	8.41553	
2.94739	8.41522	
2.94647	8.41553	
2.94495	8.41522	
2.94617	8.41492	
2.94281	8.41522	
2.94586	8.41522	
2.94281	8.41583	
2.94373	8.41553	
2.94342	8.41461	
2.93762	8.41492	
2.93976	8.41431	
2.9422	8.41461	
2.9425	8.41553	
2.94525	8.41553	
2.94342	8.41522	
2.94647	8.41522	
2.94403	8.41522	
2.94556	8.41461	
2.94464	8.41522	
2.94342	8.41522	
2.94312	8.41522	
2.94342	8.41431	
2.9425	8.41492	
2.94281	8.41553	
2.94434	8.41522	
2.94312	8.41492	
2.9361	8.41522	
2.94281	8.41522	
2.9425	8.41492	
2.94434	8.414	
2.94342	8.414	
2.93884	8.41461	
2.9425	8.414	
2.94739	8.41522	
2.94922	8.41461	
2.94434	8.41492	
2.95105	8.41461	
2.94189	8.41461	
2.94647	8.41492	
2.94128	8.414	
2.94312	8.414	
2.94464	8.41461	
2.94312	8.414	
2.9422	8.4137	
2.94373	8.41461	
2.93976	8.4137	
2.9422	8.41431	
2.9425	8.41461	
2.94464	8.41522	
2.94678	8.41431	
2.94708	8.41431	
2.94708	8.4137	
2.94647	8.4137	
2.94464	8.414	
2.9425	8.414	
2.94434	8.4137	
2.94617	8.414	
2.94342	8.414	
2.94373	8.414	
2.94342	8.41492	
2.94037	8.414	
2.9422	8.41431	
2.94586	8.41461	
2.94098	8.4137	
2.94586	8.4137	
2.94647	8.41339	
2.94983	8.4137	
2.94617	8.414	
2.94373	8.41431	
2.94464	8.41309	
2.94373	8.4137	
2.9425	8.4137	
2.94281	8.414	
2.94373	8.41309	
2.94373	8.4137	
2.94342	8.4137	
2.94495	8.4137	
2.94952	8.4137	
2.94556	8.41339	
2.94739	8.4137	
2.9422	8.41339	
2.94861	8.41339	
2.9483	8.41278	
2.94922	8.41339	
2.94678	8.41278	
2.94434	8.41278	
2.9422	8.41339	
2.94403	8.41248	
2.94586	8.4137	
2.9425	8.41309	
2.94525	8.41339	
2.94434	8.41248	
2.94556	8.41278	
2.94434	8.41309	
2.93732	8.41156	
2.94342	8.41278	
2.94281	8.41248	
2.94739	8.41248	
2.948	8.41248	
2.948	8.41309	
2.94861	8.41309	
2.94464	8.41217	
2.948	8.41248	
2.94617	8.41309	
2.94952	8.41248	
2.9422	8.41278	
2.94464	8.41248	
2.94159	8.41309	
2.94495	8.41309	
2.9425	8.41248	
2.94312	8.41309	
2.94647	8.41217	
2.94373	8.41278	
2.94525	8.41187	
2.94342	8.41217	
2.9425	8.41309	
2.94373	8.41217	
2.94128	8.41187	
2.93701	8.41187	
2.94281	8.41187	
2.94128	8.41156	
2.948	8.41217	
2.94312	8.41248	
2.94983	8.41187	
2.94098	8.41187	
2.94464	8.41187	
2.94312	8.41125	
2.94434	8.41156	
2.94464	8.41217	
2.94281	8.41095	
2.94464	8.41187	
2.94312	8.41187	
2.94312	8.41064	
2.9422	8.41125	
2.94525	8.41095	
2.9422	8.41156	
2.94525	8.41125	
2.94281	8.41095	
2.94586	8.41095	
2.94312	8.41095	
2.93701	8.41125	
2.94098	8.41125	
2.9422	8.41095	
2.94098	8.41125	
2.94281	8.41125	
2.94495	8.41125	
2.948	8.41156	
2.94006	8.41125	
2.94739	8.41125	
2.94617	8.41095	
2.9483	8.41095	
2.94342	8.41156	
2.94952	8.41095	
2.94067	8.41064	
2.94434	8.41187	
2.94098	8.41125	
2.94403	8.41125	
2.94556	8.41095	
2.94373	8.41095	
2.94525	8.41125	
2.94281	8.41125	
2.94373	8.41156	
2.94281	8.41125	
2.94373	8.41064	
2.94373	8.41034	
2.94434	8.41034	
2.9422	8.41125	
2.94373	8.41064	
2.94128	8.41034	
2.9425	8.41095	
2.94281	8.41095	
2.94312	8.40973	
2.9422	8.41034	
2.93579	8.41064	
2.94281	8.40973	
2.94189	8.41034	
2.93701	8.40942	
2.94281	8.40973	
2.94342	8.41003	
2.948	8.41095	
2.94037	8.40942	
2.94525	8.40942	
2.94647	8.41095	
2.948	8.40912	
2.94037	8.40942	
2.94525	8.41003	
2.94342	8.40912	
2.9425	8.40973	
2.94159	8.41003	
2.9422	8.41003	
2.94586	8.40973	
2.94189	8.41034	
2.94098	8.41003	
2.94067	8.40912	
2.94403	8.41003	
2.9425	8.40973	
2.94006	8.40942	
2.9425	8.41034	
2.9361	8.40912	
2.93579	8.40942	
2.94312	8.41003	
2.94586	8.40973	
2.94647	8.40973	
2.94586	8.40942	
2.94281	8.40912	
2.94159	8.40973	
2.94159	8.40942	
2.94128	8.40942	
2.9422	8.40973	
2.94434	8.40912	
2.94189	8.40942	
2.94342	8.40973	
2.9422	8.40881	
2.94373	8.40912	
2.9425	8.40912	
2.94464	8.40881	
2.94159	8.40881	
2.94342	8.40912	
2.9422	8.40851	
2.94373	8.40912	
2.94189	8.40881	
2.94342	8.40881	
2.94098	8.40912	
2.93732	8.40942	
2.9425	8.40881	
2.94098	8.40881	
2.94281	8.40912	
2.94189	8.40851	
2.93549	8.40851	
2.94434	8.40881	
2.94037	8.40851	
2.94678	8.40851	
2.94006	8.40851	
2.94769	8.40851	
2.94586	8.4082	
2.94891	8.40851	
2.94312	8.40881	
2.94861	8.40851	
2.94434	8.4082	
2.94342	8.40759	
2.94403	8.40912	
2.94342	8.40851	
2.94037	8.4082	
2.9422	8.4082	
2.94006	8.4079	
2.94159	8.40912	
2.9425	8.40881	
2.94098	8.40851	
2.94281	8.40881	
2.94098	8.4082	
2.94098	8.40881	
2.94098	8.4082	
2.94342	8.4082	
2.94128	8.40881	
2.94342	8.4082	
2.94281	8.40759	
2.9422	8.4082	
2.94159	8.4082	
2.94403	8.4079	
2.9422	8.40851	
2.93579	8.40851	
2.9425	8.4079	
2.9422	8.40698	
2.93701	8.40759	
2.94037	8.4082	
2.94403	8.4082	
2.94098	8.40759	
2.94708	8.40759	
2.94769	8.40698	
2.94006	8.40729	
2.94586	8.4082	
2.94342	8.40637	
2.94312	8.40729	
2.9422	8.4082	
2.94281	8.40698	
2.94128	8.40729	
2.94098	8.4079	
2.94464	8.40759	
2.9422	8.40698	
2.94342	8.40698	
2.94189	8.40698	
2.94495	8.40729	
2.9425	8.40698	
2.94373	8.40698	
2.94281	8.40637	
2.93549	8.40729	
2.9425	8.40729	
2.9361	8.40729	
2.94159	8.40698	
2.93579	8.40668	
2.94159	8.40607	
2.93884	8.40668	
2.94159	8.40668	
2.9361	8.40637	
2.94189	8.40698	
2.94373	8.40668	
2.9425	8.40668	
2.94342	8.40698	
2.9425	8.40698	
2.94342	8.40637	
2.94312	8.40729	
2.94342	8.40759	
2.94312	8.40607	
2.94342	8.40607	
2.94281	8.40668	
2.94403	8.40637	
2.9422	8.40637	
2.93549	8.40637	
2.93976	8.40576	
2.94159	8.40546	
2.93549	8.40668	
2.94189	8.40607	
2.93671	8.40576	
2.94037	8.40637	
2.93915	8.40668	
2.94128	8.40668	
2.9361	8.40637	
2.9425	8.40668	
2.94525	8.40576	
2.94403	8.40576	
2.94006	8.40576	
2.94159	8.40607	
2.9364	8.40546	
2.94159	8.40607	
2.93701	8.40576	
2.94128	8.40546	
2.93884	8.40515	
2.93976	8.40485	
2.9364	8.40485	
2.94067	8.40424	
2.94403	8.40607	
2.94403	8.40515	
2.94189	8.40576	
2.94769	8.40485	
2.94556	8.40576	
2.94708	8.40546	
2.9422	8.40546	
2.94067	8.40546	
2.94159	8.40576	
2.9364	8.40546	
2.94128	8.40485	
2.93976	8.40546	
2.9422	8.40546	
2.93579	8.40515	
2.9422	8.40546	
2.93762	8.40515	
2.93549	8.40515	
2.9422	8.40485	
2.93976	8.40576	
2.94281	8.40515	
2.94434	8.40485	
2.94128	8.40546	
2.94312	8.40546	
2.94617	8.40515	
2.94312	8.40546	
2.94403	8.40485	
2.94281	8.40546	
2.94464	8.40515	
2.9425	8.40515	
2.94647	8.40515	
2.94525	8.40454	
2.94708	8.40485	
2.94128	8.40424	
2.94739	8.40546	
2.93976	8.40454	
2.94586	8.40546	
2.94464	8.40424	
2.94678	8.40454	
2.94189	8.40424	
2.94678	8.40515	
2.94189	8.40454	
2.94373	8.40454	
2.94525	8.40576	
2.94739	8.40454	
2.93915	8.40271	
2.94647	8.40515	
2.94281	8.40424	
2.9422	8.40454	
2.94464	8.40393	
2.94189	8.40424	
2.94281	8.40454	
2.9422	8.40515	
2.94037	8.40424	
2.94098	8.40454	
2.94312	8.40424	
2.94159	8.40424	
2.94067	8.40393	
2.94037	8.40424	
2.93884	8.40424	
2.93945	8.40424	
2.93976	8.40363	
2.94006	8.40485	
2.93915	8.40424	
2.93976	8.40454	
2.94312	8.40363	
2.94189	8.40424	
2.94189	8.40424	
2.94098	8.40393	
2.94128	8.40454	
2.94067	8.40393	
2.94159	8.40454	
2.93976	8.40393	
2.93976	8.40424	
2.94006	8.40393	
2.93884	8.40363	
2.93915	8.40393	
2.94159	8.40393	
2.94037	8.40363	
2.93701	8.40302	
2.93884	8.40363	
2.94067	8.40393	
2.93945	8.40363	
2.94037	8.40454	
2.93945	8.40302	
2.9425	8.40454	
2.94098	8.40332	
2.9422	8.40393	
2.94037	8.40332	
2.94006	8.40393	
2.94067	8.40363	
2.93518	8.40363	
2.94037	8.40393	
2.93549	8.40332	
2.94037	8.40332	
2.93518	8.40271	
2.93976	8.4024	
2.93518	8.4024	
2.94006	8.40332	
2.93671	8.40302	
2.94037	8.40332	
2.93396	8.40332	
2.93854	8.40271	
2.9364	8.40271	
2.93793	8.40271	
2.93945	8.40332	
2.93945	8.40302	
2.93579	8.4024	
2.93976	8.4021	
2.93884	8.40271	
2.93976	8.40271	
2.93762	8.40302	
2.94098	8.4024	
2.93549	8.40302	
2.94067	8.40271	
2.93427	8.40332	
2.93945	8.40271	
2.94098	8.4024	
2.94037	8.40271	
2.94189	8.40302	
2.94037	8.40271	
2.94159	8.4024	
2.93915	8.40302	
2.93915	8.4024	
2.94006	8.4024	
2.94098	8.40179	
2.94098	8.4021	
2.94312	8.4024	
2.93976	8.4021	
2.93945	8.40271	
2.94037	8.40179	
2.94342	8.4024	
2.94159	8.4021	
2.94373	8.4024	
2.94128	8.4021	
2.93884	8.40179	
2.94678	8.40179	
2.94312	8.4021	
2.94647	8.40149	
2.94342	8.4021	
2.94586	8.40179	
2.94159	8.40179	
2.94434	8.40118	
2.94495	8.40179	
2.94037	8.4024	
2.94434	8.40118	
2.94128	8.40149	
2.94189	8.4024	
2.93823	8.4024	
2.93823	8.40179	
2.93915	8.40118	
2.93488	8.40088	
2.93854	8.40027	
2.94037	8.4021	
2.93945	8.40118	
2.93732	8.4021	
2.93915	8.40088	
2.93915	8.40149	
2.93915	8.40179	
2.93854	8.40118	
2.93884	8.40118	
2.93884	8.40118	
2.93671	8.40118	
2.93518	8.40118	
2.94006	8.40118	
2.93854	8.40088	
2.93854	8.40118	
2.94098	8.40149	
2.94006	8.40088	
2.94159	8.40118	
2.94067	8.40149	
2.94342	8.40057	
2.94525	8.40057	
2.94373	8.40179	
2.94098	8.40118	
2.94067	8.40118	
2.94556	8.40118	
2.94312	8.40179	
2.94495	8.40088	
2.94128	8.40027	
2.93884	8.40057	
2.94342	8.40088	
2.93884	8.40057	
2.93488	8.40027	
2.93945	8.40088	
2.93976	8.40118	
2.93884	8.40057	
2.9361	8.40118	
2.93915	8.40149	
2.94067	8.40149	
2.93427	8.40057	
2.93976	8.40118	
2.9425	8.40118	
2.94037	8.40057	
2.94159	8.39996	
2.94006	8.40057	
2.94189	8.39996	
2.94006	8.40118	
2.9425	8.40149	
2.93976	8.40057	
2.93945	8.40027	
2.93976	8.40149	
2.93884	8.40088	
2.93976	8.40057	
2.93884	8.39966	
2.94128	8.39966	
2.94098	8.39966	
2.93945	8.39996	
2.94006	8.40027	
2.94037	8.40057	
2.9422	8.40027	
2.94037	8.39996	
2.94098	8.40088	
2.93945	8.39996	
2.94281	8.40027	
2.93976	8.39996	
2.93854	8.40027	
2.93945	8.40088	
2.93793	8.40118	
2.94067	8.40118	
2.93732	8.40027	
2.93793	8.40027	
2.93762	8.40088	
2.93976	8.40027	
2.94037	8.40088	
2.93976	8.40057	
2.93945	8.39996	
2.94006	8.39935	
2.93976	8.40057	
2.94037	8.39996	
2.93671	8.39966	
2.94128	8.40057	
2.94312	8.40027	
2.94098	8.39996	
2.9422	8.39966	
2.94434	8.40057	
2.9425	8.40057	
2.93732	8.39966	
2.93365	8.39966	
2.93732	8.39935	
2.93213	8.39935	
2.93854	8.39905	
2.93915	8.39905	
2.93701	8.39996	
2.93884	8.39935	
2.93335	8.40027	
2.93823	8.39935	
2.93274	8.39935	
2.93823	8.39935	
2.93915	8.39905	
2.93884	8.39935	
2.94037	8.39935	
2.93915	8.39874	
2.94006	8.39874	
2.93915	8.39905	
2.93976	8.39874	
2.93823	8.39905	
2.94037	8.39874	
2.93945	8.39905	
2.93854	8.39874	
2.93854	8.39966	
2.93671	8.39966	
2.93823	8.39905	
2.93884	8.39966	
2.93793	8.39905	
2.93823	8.39905	
2.93945	8.39935	
2.94067	8.39813	
2.93915	8.39874	
2.94128	8.39783	
2.93793	8.39844	
2.93976	8.39874	
2.93854	8.39874	
2.93854	8.39813	
2.93976	8.39844	
2.94189	8.39905	
2.93884	8.39844	
2.94067	8.39905	
2.93976	8.39813	
2.93884	8.39844	
2.93976	8.39844	
2.94098	8.39874	
2.94037	8.39874	
2.94006	8.39905	
2.93854	8.39844	
2.93915	8.39874	
2.93976	8.39874	
2.94159	8.39813	
2.94037	8.39813	
2.9361	8.39783	
2.93793	8.39874	
2.93304	8.39844	
2.9361	8.39813	
2.93121	8.39752	
2.93121	8.39844	
2.93854	8.39813	
2.93945	8.39874	
2.93793	8.39844	
2.93579	8.39783	
2.93854	8.39722	
2.93854	8.39813	
2.93823	8.39722	
2.93945	8.39844	
2.93884	8.39783	
2.93884	8.39752	
2.93762	8.39783	
2.94006	8.39752	
2.93823	8.39844	
2.93915	8.39783	
2.93793	8.39813	
2.93884	8.39844	
2.93701	8.39844	
2.93671	8.39722	
2.93762	8.39752	
2.94006	8.39874	
2.93732	8.39783	
2.93976	8.39813	
2.9361	8.39752	
2.93854	8.39691	
2.93884	8.39722	
2.93671	8.39722	
2.93793	8.39722	
2.94067	8.39752	
2.93854	8.39722	
2.93701	8.39783	
2.94037	8.39691	
2.93915	8.39752	
2.94342	8.39722	
2.94159	8.39752	
2.94098	8.39661	
2.93579	8.39722	
2.93976	8.39783	
2.93213	8.39691	
2.93701	8.39752	
2.93549	8.39691	
2.93304	8.39691	
2.93732	8.39752	
2.93579	8.39722	
2.93762	8.39752	
2.92999	8.39661	
2.93732	8.39783	
2.93945	8.39752	
2.93732	8.39722	
2.93976	8.39722	
2.93793	8.39722	
2.93945	8.39691	
2.93762	8.39691	
2.93488	8.39691	
2.93793	8.39752	
2.93884	8.39752	
2.93793	8.39783	
2.93854	8.39691	
2.93732	8.39661	
2.93976	8.39661	
2.93701	8.39691	
2.93945	8.3963	
2.93793	8.3963	
2.93854	8.39569	
2.93762	8.3963	
2.93793	8.3963	
2.93732	8.3963	
2.93732	8.3963	
2.93762	8.39661	
2.93732	8.39661	
2.93701	8.3963	
2.93823	8.396	
2.9422	8.3963	
2.93671	8.39569	
2.94342	8.39661	
2.94128	8.39661	
2.94403	8.39661	
2.94098	8.39691	
2.94434	8.3963	
2.93549	8.39569	
2.94373	8.39539	
2.94037	8.3963	
2.9422	8.396	
2.93701	8.39539	
2.94159	8.39569	
2.94128	8.39691	
2.94281	8.39661	
2.93671	8.39661	
2.93915	8.39691	
2.93488	8.39539	
2.94373	8.396	
2.93304	8.39508	
2.93457	8.39691	
2.93762	8.3963	
2.93274	8.3963	
2.93732	8.396	
2.93182	8.39569	
2.93732	8.39569	
2.93793	8.396	
2.93793	8.396	
2.93915	8.3963	
2.93701	8.39569	
2.93945	8.3963	
2.93701	8.396	
2.93976	8.39691	
2.93762	8.396	
2.93854	8.39569	
2.93823	8.396	
2.93976	8.3963	
2.93701	8.39569	
2.9364	8.39569	
2.93793	8.39539	
2.93518	8.39478	
2.93854	8.39569	
2.93549	8.39478	
2.93945	8.39569	
2.93518	8.39539	
2.94189	8.39569	
2.93762	8.39508	
2.94342	8.39569	
2.94098	8.39569	
2.94128	8.39539	
2.93854	8.396	
2.94312	8.39539	
2.93335	8.39539	
2.93762	8.39478	
2.9361	8.39569	
2.93213	8.39478	
2.93762	8.39569	
2.93243	8.39478	
2.93732	8.39539	
2.93854	8.39539	
2.93762	8.39478	
2.93854	8.39478	
2.93823	8.39478	
2.93671	8.39508	
2.93762	8.39508	
2.93976	8.39478	
2.93854	8.39508	
2.94006	8.39508	
2.9425	8.39478	
2.93945	8.39478	
2.93915	8.39417	
2.93518	8.39417	
2.9425	8.39447	
2.93823	8.39417	
2.9361	8.39447	
2.94037	8.39417	
2.94006	8.39569	
2.93274	8.39447	
2.93518	8.39447	
2.93793	8.39355	
2.9364	8.39447	
2.93976	8.39447	
2.93732	8.39417	
2.93457	8.39417	
2.93518	8.39417	
2.93152	8.39417	
2.93579	8.39417	
2.93671	8.39447	
2.93732	8.39417	
2.93701	8.39447	
2.93762	8.39417	
2.9364	8.39447	
2.93884	8.39447	
2.93762	8.39447	
2.93854	8.39447	
2.93732	8.39447	
2.9361	8.39417	
2.9425	8.39447	
2.94006	8.39447	
2.93854	8.39386	
2.93427	8.39417	
2.93854	8.39386	
2.93304	8.39417	
2.94067	8.39417	
2.93365	8.39417	
2.94067	8.39386	
2.93091	8.39478	
2.93457	8.39355	
2.92999	8.39386	
2.93518	8.39447	
2.93549	8.39355	
2.9303	8.39386	
2.9361	8.39325	
2.9364	8.39355	
2.93488	8.39447	
2.93701	8.39355	
2.9361	8.39417	
2.93915	8.39417	
2.93457	8.39386	
2.9361	8.39355	
2.9361	8.39325	
2.93823	8.39386	
2.93976	8.39386	
2.94006	8.39355	
2.94128	8.39325	
2.93976	8.39417	
2.93579	8.39386	
2.93549	8.39325	
2.9306	8.39417	
2.93518	8.39325	
2.93121	8.39355	
2.9364	8.39355	
2.93854	8.39386	
2.93396	8.39417	
2.93457	8.39325	
2.93579	8.39294	
2.93549	8.39355	
2.93671	8.39203	
2.93518	8.39325	
2.93732	8.39294	
2.93854	8.39325	
2.93823	8.39294	
2.93915	8.39294	
2.93304	8.39386	
2.92908	8.39325	
2.92969	8.39233	
2.93457	8.39355	
2.93701	8.39325	
2.9361	8.39264	
2.93488	8.39355	
2.93488	8.39325	
2.9364	8.39355	
2.93396	8.39233	
2.93457	8.39355	
2.9361	8.39386	
2.93793	8.39233	
2.93915	8.39355	
2.93945	8.39355	
2.93823	8.39233	
2.93884	8.39294	
2.93396	8.39172	
2.92847	8.39203	
2.93457	8.39203	
2.93396	8.39264	
2.92816	8.39233	
2.93488	8.39294	
2.9364	8.39294	
2.93549	8.39264	
2.93457	8.39264	
2.93457	8.39264	
2.93365	8.39203	
2.93579	8.39294	
2.93823	8.39264	
2.94098	8.39264	
2.93549	8.39233	
2.94037	8.39203	
2.93304	8.39264	
2.93152	8.39264	
2.93518	8.39264	
2.9361	8.39203	
2.93365	8.39172	
2.93762	8.39233	
2.93304	8.39203	
2.93701	8.39203	
2.93518	8.39233	
2.93701	8.39203	
2.93823	8.39294	
2.92847	8.39172	
2.93457	8.39203	
2.93518	8.39172	
2.93518	8.39172	
2.93488	8.39172	
2.93549	8.39172	
2.93549	8.39172	
2.93335	8.39142	
2.93579	8.39142	
2.93304	8.39142	
2.93854	8.39172	
2.93396	8.39203	
2.92816	8.39111	
2.93396	8.39172	
2.93671	8.39203	
2.93457	8.39264	
2.93243	8.39203	
2.93579	8.39264	
2.93274	8.39203	
2.93823	8.39111	
2.93488	8.39172	
2.93304	8.39172	
2.93396	8.39233	
2.9364	8.39172	
2.93396	8.39172	
2.9364	8.39142	
2.93488	8.39081	
2.93457	8.39142	
2.93457	8.39142	
2.93365	8.39142	
2.93945	8.39142	
2.93518	8.39111	
2.93274	8.39111	
2.93457	8.39142	
2.93549	8.39111	
2.93396	8.39142	
2.93335	8.39172	
2.93518	8.39172	
2.93915	8.39172	
2.94037	8.39172	
2.93274	8.39111	
2.93579	8.39111	
2.93213	8.39111	
2.92908	8.39111	
2.93396	8.39111	
2.93518	8.39111	
2.93396	8.3905	
2.93671	8.39081	
2.93915	8.39111	
2.9361	8.39111	
2.93976	8.39142	
2.92725	8.39111	
2.93121	8.39111	
2.93457	8.39081	
2.93579	8.39142	
2.93488	8.39111	
2.93793	8.3902	
2.94037	8.3902	
2.93274	8.39081	
2.93671	8.39081	
2.93243	8.3902	
2.93091	8.3905	
2.93427	8.3905	
2.93732	8.3905	
2.93518	8.39111	
2.93549	8.3902	
2.93579	8.3902	
2.93732	8.3905	
2.93884	8.3905	
2.93488	8.38959	
2.93121	8.38989	
2.93488	8.3905	
2.9361	8.3902	
2.93488	8.39081	
2.93335	8.3902	
2.93488	8.3905	
2.93671	8.3902	
2.94067	8.3902	
2.93304	8.38989	
2.93427	8.3905	
2.93488	8.39081	
2.93457	8.3902	
2.93427	8.3905	
2.93549	8.3905	
2.9361	8.3902	
2.93762	8.3905	
2.93579	8.38959	
2.93854	8.3905	
2.93793	8.38989	
2.93091	8.3905	
2.93335	8.3902	
2.93396	8.3905	
2.93549	8.3905	
2.93488	8.3902	
2.93365	8.39081	
2.93518	8.3905	
2.93518	8.38989	
2.93823	8.38959	
2.93152	8.38959	
2.93121	8.38959	
2.93396	8.3905	
2.93579	8.39081	
2.93304	8.3902	
2.93701	8.38959	
2.93274	8.3902	
2.93732	8.3902	
2.93823	8.38989	
2.93854	8.38959	
2.93701	8.3905	
2.93732	8.38959	
2.93304	8.3905	
2.93365	8.38959	
2.93549	8.38898	
2.93365	8.38989	
2.9361	8.38959	
2.93335	8.38959	
2.93213	8.38959	
2.93457	8.38928	
2.9361	8.38898	
2.93854	8.38928	
2.93579	8.38959	
2.93274	8.38959	
2.93365	8.3902	
2.93427	8.38898	
2.93365	8.38959	
2.93274	8.38898	
2.93274	8.38959	
2.9364	8.38959	
2.94006	8.38959	
2.93701	8.38959	
2.93121	8.38928	
2.93274	8.38898	
2.93518	8.38959	
2.93304	8.38898	
2.93396	8.38867	
2.93427	8.38898	
2.93549	8.38928	
2.93579	8.38928	
2.9361	8.38898	
2.93274	8.38898	
2.93304	8.38959	
2.93396	8.38867	
2.93213	8.38959	
2.93488	8.38898	
2.93335	8.38928	
2.9303	8.38806	
2.93976	8.38898	
2.93274	8.38898	
2.93091	8.38928	
2.93304	8.38928	
2.93457	8.38959	
2.93274	8.38898	
2.93152	8.38898	
2.93549	8.38867	
2.92999	8.38898	
2.93518	8.38867	
2.93182	8.38928	
2.92999	8.38837	
2.93304	8.38867	
2.93152	8.38928	
2.93152	8.38928	
2.9306	8.38867	
2.93457	8.38928	
2.93091	8.38898	
2.93152	8.38898	
2.93243	8.38867	
2.93091	8.38928	
2.93365	8.38898	
2.93091	8.38898	
2.93884	8.38959	
2.93274	8.38806	
2.93152	8.38806	
2.93213	8.38776	
2.93396	8.38837	
2.93213	8.38867	
2.93274	8.38776	
2.93304	8.38806	
2.93488	8.38806	
2.93457	8.38776	
2.93579	8.38898	
2.93518	8.38867	
2.92572	8.38776	
2.93182	8.38898	
2.93182	8.38867	
2.93365	8.38928	
2.9306	8.38745	
2.9303	8.38776	
2.93365	8.38806	
2.93549	8.38776	
2.93274	8.38715	
2.93274	8.38806	
2.93365	8.38684	
2.93091	8.38776	
2.93243	8.38867	
2.93274	8.38776	
2.93457	8.38776	
2.9303	8.38745	
2.93213	8.38867	
2.93304	8.38776	
2.93182	8.38745	
2.9303	8.38745	
2.93243	8.38776	
2.93335	8.38745	
2.93488	8.38776	
2.9303	8.38776	
2.9306	8.38776	
2.93213	8.38806	
2.93427	8.38684	
2.93304	8.38745	
2.93365	8.38745	
2.93488	8.38837	
2.92847	8.38715	
2.92603	8.38776	
2.93121	8.38776	
2.93335	8.38715	
2.93182	8.38745	
2.92999	8.38745	
2.93793	8.38867	
2.92877	8.38837	
2.92999	8.38776	
2.93182	8.38745	
2.93304	8.38806	
2.93213	8.38776	
2.93152	8.38776	
2.93518	8.38837	
2.92877	8.38715	
2.93121	8.38715	
2.93213	8.38715	
2.93396	8.38684	
2.9303	8.38684	
2.93488	8.38684	
2.93732	8.38776	
2.92694	8.38776	
2.93365	8.38684	
2.93152	8.38684	
2.93488	8.38745	
2.93518	8.38715	
2.92938	8.38745	
2.9306	8.38654	
2.93121	8.38745	
2.93304	8.38684	
2.93213	8.38715	
2.93488	8.38654	
2.93854	8.38684	
2.92786	8.38684	
2.92694	8.38745	
2.93091	8.38745	
2.93457	8.38654	
2.93274	8.38776	
2.93274	8.38684	
2.93518	8.38654	
2.92633	8.38623	
2.93335	8.38745	
2.93121	8.38715	
2.92908	8.38684	
2.93518	8.38654	
2.92969	8.38684	
2.93152	8.38684	
2.93152	8.38623	
2.93274	8.38623	
2.93121	8.38623	
2.9306	8.38623	
2.93335	8.38623	
2.93518	8.38654	
2.93671	8.38684	
2.92969	8.38593	
2.93243	8.38715	
2.93091	8.38654	
2.93152	8.38623	
2.93243	8.38593	
2.93365	8.38745	
2.92999	8.38623	
2.93121	8.38684	
2.93182	8.38684	
2.93182	8.38654	
2.93488	8.38684	
2.93243	8.38684	
2.9303	8.38623	
2.92877	8.38562	
2.93121	8.38593	
2.92969	8.38623	
2.9364	8.38562	
2.92816	8.38593	
2.9248	8.38562	
2.93121	8.38531	
2.92999	8.38593	
2.93213	8.38562	
2.93427	8.38623	
2.9361	8.38654	
2.92999	8.38593	
2.93365	8.38562	
2.93091	8.38562	
2.93365	8.38593	
2.9364	8.38623	
2.92908	8.38623	
2.93091	8.38593	
2.93152	8.38593	
2.92938	8.38593	
2.93091	8.38562	
2.93274	8.38623	
2.93396	8.38593	
2.92511	8.38562	
2.93152	8.38623	
2.93091	8.38623	
2.93121	8.38531	
2.93121	8.38623	
2.9306	8.38562	
2.93457	8.38654	
2.92633	8.38623	
2.92603	8.38562	
2.93182	8.38684	
2.92847	8.38593	
2.92999	8.38623	
2.93304	8.38654	
2.93671	8.38593	
2.92816	8.38501	
2.92969	8.38562	
2.9306	8.38623	
2.92969	8.38531	
2.92999	8.38531	
2.92816	8.38562	
2.93579	8.38562	
2.93304	8.38531	
2.9303	8.38562	
2.9306	8.38531	
2.93396	8.38531	
2.93121	8.38562	
2.92786	8.38562	
2.92938	8.38531	
2.93091	8.38593	
2.93243	8.38531	
2.9306	8.38562	
2.93304	8.38501	
2.93304	8.38531	
2.92542	8.38531	
2.93213	8.38562	
2.9306	8.38531	
2.93335	8.38562	
2.93365	8.38531	
2.93427	8.38501	
2.92725	8.38531	
2.9306	8.3847	
2.92877	8.3847	
2.93152	8.38501	
2.92786	8.3844	
2.93365	8.38379	
2.92755	8.38409	
2.92999	8.38409	
2.92999	8.3844	
2.92847	8.38501	
2.93091	8.3847	
2.9303	8.38501	
2.92877	8.38501	
2.9303	8.3847	
2.93182	8.3847	
2.92969	8.3847	
2.92877	8.3844	
2.9361	8.3847	
2.92938	8.38501	
2.92236	8.3844	
2.9303	8.38531	
2.93213	8.38501	
2.93091	8.38501	
2.93396	8.38531	
2.92816	8.3847	
2.9303	8.38501	
2.93182	8.3844	
2.92908	8.38531	
2.93243	8.38409	
2.93274	8.3847	
2.92664	8.38531	
2.92999	8.38409	
2.92938	8.38409	
2.93213	8.3847	
2.93396	8.38409	
2.92297	8.3844	
2.92633	8.3844	
2.92877	8.3847	
2.92908	8.38379	
2.9303	8.38348	
2.9306	8.38379	
2.92877	8.38409	
2.92847	8.3844	
2.92999	8.38348	
2.92816	8.38318	
2.92664	8.38409	
2.93396	8.3844	
2.92877	8.38379	
2.92694	8.38409	
2.92877	8.38409	
2.93243	8.38501	
2.92725	8.38379	
2.92877	8.38318	
2.9306	8.3844	
2.92816	8.3844	
2.93243	8.38348	
2.93488	8.3844	
2.92938	8.38409	
2.92664	8.38409	
2.92847	8.38379	
2.92816	8.38409	
2.92938	8.38287	
2.93213	8.3844	
2.92694	8.38318	
2.92877	8.38318	
2.92877	8.38379	
2.92847	8.38379	
2.92877	8.38318	
2.92969	8.38379	
2.92664	8.38318	
2.93182	8.38379	
2.92908	8.38318	
2.9306	8.38379	
2.92816	8.38348	
2.92877	8.38348	
2.93488	8.38379	
2.93182	8.38318	
2.92511	8.3847	
2.92786	8.38348	
2.92786	8.38318	
2.92786	8.38318	
2.92694	8.38348	
2.93121	8.38318	
2.92694	8.38348	
2.9248	8.38318	
2.92725	8.38348	
2.92999	8.38379	
2.93304	8.3844	
2.93121	8.3844	
2.92175	8.38379	
2.92816	8.38348	
2.92725	8.38318	
2.92877	8.38318	
2.92572	8.38409	
2.92633	8.38409	
2.92816	8.38348	
2.93121	8.38379	
2.93488	8.38409	
2.92511	8.38409	
2.92877	8.38348	
2.92816	8.38348	
2.92908	8.38287	
2.93304	8.38318	
2.92755	8.38348	
2.92572	8.38226	
2.92786	8.38318	
2.92877	8.38379	
2.93427	8.38348	
2.93182	8.38379	
2.9248	8.38318	
2.92847	8.38257	
2.92755	8.38318	
2.93304	8.38318	
2.92908	8.38226	
2.92358	8.38318	
2.92694	8.38318	
2.92969	8.38318	
2.92908	8.38287	
2.92938	8.38287	
2.92633	8.38257	
2.92847	8.38287	
2.92969	8.38257	
2.92847	8.38257	
2.92664	8.38257	
2.93335	8.38257	
2.92267	8.38226	
2.92969	8.38287	
2.92847	8.38318	
2.93213	8.38287	
2.93335	8.38257	
2.92328	8.38318	
2.92999	8.38287	
2.92755	8.38287	
2.9248	8.38257	
2.9303	8.38257	
2.92603	8.38226	
2.92999	8.38287	
2.92816	8.38196	
2.92755	8.38257	
2.93091	8.38196	
2.92877	8.38257	
2.92755	8.38226	
2.92877	8.38196	
2.92572	8.38196	
2.92755	8.38226	
2.92877	8.38257	
2.92938	8.38226	
2.92877	8.38196	
2.92542	8.38196	
2.92389	8.38257	
2.92755	8.38226	
2.92969	8.38196	
2.92755	8.38257	
2.93182	8.38257	
2.92145	8.38287	
2.92816	8.38196	
2.92664	8.38165	
2.93365	8.38226	
2.92297	8.38165	
2.92908	8.38226	
2.92755	8.38165	
2.9303	8.38196	
2.93335	8.38135	
2.92206	8.38135	
2.92816	8.38165	
2.92725	8.38135	
2.92999	8.38257	
2.93274	8.38196	
2.92664	8.38165	
2.92969	8.38135	
2.92816	8.38196	
2.92664	8.38135	
2.93213	8.38257	
2.92816	8.38257	
2.92786	8.38226	
2.92755	8.38226	
2.93213	8.38257	
2.92572	8.38257	
2.92847	8.38226	
2.92633	8.38165	
2.92908	8.38257	
2.92603	8.38196	
2.92755	8.38196	
2.92816	8.38196	
2.92969	8.38226	
2.93427	8.38196	
2.9303	8.38257	
2.92877	8.38135	
2.92816	8.38135	
2.92969	8.38135	
2.93488	8.38104	
2.92816	8.38226	
2.92084	8.38165	
2.92786	8.38135	
2.92603	8.38165	
2.93396	8.38135	
2.92236	8.38135	
2.92816	8.38165	
2.92694	8.38043	
2.92938	8.38196	
2.93335	8.38074	
2.92694	8.38165	
2.92908	8.38165	
2.92755	8.38074	
2.93121	8.38226	
2.92694	8.38104	
2.92816	8.38135	
2.9306	8.38165	
2.93304	8.38196	
2.92999	8.38104	
2.92847	8.38165	
2.92694	8.38104	
2.92725	8.38196	
2.9306	8.38135	
2.92297	8.38135	
2.92786	8.38104	
2.92633	8.38074	
2.92694	8.38043	
2.92877	8.38074	
2.9248	8.38074	
2.92511	8.38043	
2.92633	8.38135	
2.92511	8.38013	
2.92694	8.38043	
2.92877	8.38135	
2.92725	8.38074	
2.92664	8.38135	
2.92816	8.38074	
2.93243	8.38135	
2.9248	8.38013	
2.92786	8.38135	
2.92542	8.37982	
2.92419	8.38104	
2.9303	8.38074	
2.92633	8.38135	
2.9248	8.38043	
2.92786	8.38074	
2.92572	8.38074	
2.92542	8.38074	
2.92694	8.38135	
2.92847	8.38013	
2.92847	8.38043	
2.92969	8.38013	
2.92511	8.38104	
2.92633	8.38104	
2.9248	8.38104	
2.92786	8.38104	
2.92816	8.38074	
2.92328	8.38013	
2.92633	8.38043	
2.92786	8.38074	
2.92908	8.38104	
2.92572	8.38074	
2.92664	8.38043	
2.93243	8.38104	
2.91901	8.38104	
2.92206	8.37982	
2.92572	8.38074	
2.92877	8.38043	
2.92542	8.38043	
2.92542	8.38043	
2.9248	8.38074	
2.92908	8.38043	
2.91992	8.38074	
2.92755	8.38043	
2.92389	8.38074	
2.92816	8.38135	
2.92328	8.38104	
2.92542	8.38043	
2.92389	8.38043	
2.92664	8.38104	
2.92847	8.38074	
2.91992	8.38013	
2.9248	8.38043	
2.92694	8.38104	
2.92786	8.38074	
2.92419	8.38074	
2.92572	8.38104	
2.92511	8.38043	
2.92603	8.38043	
2.93091	8.38043	
2.9248	8.38043	
2.92542	8.38043	
2.92633	8.38013	
2.92267	8.38043	
2.9248	8.37982	
2.92542	8.38043	
2.92786	8.38074	
2.92877	8.38043	
2.92542	8.38043	
2.92511	8.38104	
2.92542	8.38043	
2.92267	8.38013	
2.93091	8.38043	
2.9184	8.38074	
2.91992	8.37952	
2.92419	8.37982	
2.9245	8.37952	
2.9303	8.37952	
2.92206	8.37952	
2.92694	8.37982	
2.9248	8.37952	
2.92236	8.37982	
2.9303	8.37952	
2.92542	8.38013	
2.92755	8.37952	
2.92603	8.3786	
2.92297	8.37952	
2.92389	8.37952	
2.92542	8.37982	
2.92847	8.37921	
2.92633	8.37921	
2.92664	8.37952	
2.92633	8.3786	
2.9248	8.37891	
2.92572	8.37982	
2.9306	8.37921	
2.92542	8.37921	
2.9245	8.37891	
2.92572	8.37952	
2.92236	8.3786	
2.9245	8.37952	
2.92572	8.37921	
2.92694	8.37921	
2.9303	8.37891	
2.92084	8.37952	
2.92694	8.37921	
2.92419	8.37891	
2.92603	8.37921	
2.92297	8.37891	
2.92542	8.37921	
2.92297	8.37982	
2.92999	8.37952	
2.91992	8.37982	
2.92542	8.37891	
2.92389	8.37891	
2.92236	8.37891	
2.92145	8.37982	
2.92389	8.37952	
2.92847	8.37891	
2.92938	8.37891	
2.92542	8.37921	
2.92633	8.3783	
2.92755	8.37891	
2.92938	8.37921	
2.92694	8.37891	
2.92511	8.37952	
2.92816	8.37891	
2.92297	8.37891	
2.92511	8.3786	
2.92694	8.3783	
2.92816	8.37891	
2.92542	8.37921	
2.92389	8.3786	
2.92633	8.37982	
2.92297	8.37921	
2.92419	8.3786	
2.92389	8.3783	
2.92816	8.37921	
2.92969	8.37921	
2.92542	8.3786	
2.92358	8.3783	
2.92603	8.3783	
2.92786	8.37952	
2.92358	8.3783	
2.92389	8.3786	
2.92236	8.3786	
2.92755	8.37891	
2.92389	8.37891	
2.92572	8.37891	
2.92511	8.37799	
2.92603	8.37799	
2.91992	8.37799	
2.92511	8.3783	
2.92267	8.37799	
2.93091	8.37769	
2.92358	8.3783	
2.92542	8.37799	
2.9248	8.37769	
2.92633	8.37738	
2.92328	8.3783	
2.92572	8.3786	
2.92725	8.37799	
2.9306	8.37769	
2.9187	8.37799	
2.92755	8.37799	
2.92572	8.37799	
2.92572	8.37769	
2.92236	8.37769	
2.92511	8.3783	
2.92725	8.37769	
2.92786	8.3783	
2.9248	8.3786	
2.92328	8.37738	
2.92572	8.3786	
2.92786	8.37769	
2.92297	8.3783	
2.92389	8.3783	
2.92725	8.37891	
2.92297	8.37738	
2.92419	8.37769	
2.92542	8.3786	
2.93091	8.37921	
2.9184	8.37769	
2.92542	8.37738	
2.92419	8.37769	
2.92908	8.3783	
2.92358	8.37799	
2.92542	8.3783	
2.92297	8.37799	
2.92664	8.37799	
2.9245	8.37738	
2.92328	8.37769	
2.92511	8.37769	
2.92572	8.37769	
2.92084	8.37738	
2.92389	8.37769	
2.92175	8.37738	
2.92877	8.37708	
2.92419	8.37769	
2.9245	8.37769	
2.92389	8.37738	
2.92511	8.37799	
2.92114	8.37769	
2.92328	8.37708	
2.92694	8.37769	
2.92175	8.37799	
2.92267	8.37738	
2.92572	8.37769	
2.92908	8.37738	
2.92297	8.37738	
2.92389	8.37708	
2.92969	8.37799	
2.91931	8.37769	
2.92511	8.37799	
2.92236	8.37799	
2.92419	8.37769	
2.92236	8.37769	
2.92297	8.37738	
2.92511	8.37646	
2.92786	8.37708	
2.92236	8.37799	
2.92358	8.3783	
2.92725	8.37677	
2.92725	8.37769	
2.92114	8.37677	
2.92267	8.37708	
2.92755	8.37708	
2.92236	8.37708	
2.92236	8.37799	
2.92114	8.37708	
2.92206	8.37677	
2.92297	8.37769	
2.92114	8.37708	
2.92786	8.37738	
2.92267	8.37646	
2.92664	8.37769	
2.92511	8.37677	
2.91809	8.37677	
2.9248	8.37708	
2.92267	8.37708	
2.92358	8.37708	
2.92358	8.37677	
2.92297	8.37646	
2.92267	8.37677	
2.92328	8.37799	
2.92145	8.37708	
2.92542	8.37677	
2.92236	8.37738	
2.92206	8.37708	
2.92084	8.37738	
2.92511	8.37646	
2.92297	8.37646	
2.92511	8.37616	
2.92725	8.37585	
2.91656	8.37616	
2.92419	8.37616	
2.92389	8.37646	
2.92084	8.37708	
2.91534	8.37616	
2.92175	8.37616	
2.92572	8.37646	
2.92114	8.37677	
2.92236	8.37616	
2.91962	8.37677	
2.92175	8.37616	
2.92206	8.37646	
2.92084	8.37616	
2.92084	8.37555	
2.92145	8.37616	
2.92053	8.37677	
2.92328	8.37646	
2.92114	8.37646	
2.9248	8.37646	
2.92786	8.37646	
2.91626	8.37616	
2.92145	8.37677	
2.9248	8.37616	
2.92633	8.37677	
2.92358	8.37646	
2.92206	8.37646	
2.92328	8.37738	
2.9187	8.37524	
2.92175	8.37585	
2.9248	8.37677	
2.91565	8.37646	
2.92206	8.37646	
2.92145	8.37616	
2.92145	8.37646	
2.92053	8.37585	
2.92511	8.37708	
2.92175	8.37646	
2.92206	8.37585	
2.92023	8.37616	
2.92603	8.37585	
2.92084	8.37708	
2.92114	8.37646	
2.92542	8.37646	
2.91534	8.37646	
2.92358	8.37677	
2.92206	8.37646	
2.92053	8.37708	
2.92206	8.37646	
2.92236	8.37646	
2.92236	8.37646	
2.92328	8.37708	
2.92267	8.37555	
2.91779	8.37677	
2.92358	8.37646	
2.92175	8.37524	
2.92389	8.37616	
2.91809	8.37555	
2.91992	8.37616	
2.92389	8.37585	
2.91443	8.37585	
2.91992	8.37585	
2.92542	8.37616	
2.91443	8.37524	
2.91992	8.37585	
2.9248	8.37616	
2.91992	8.37555	
2.92145	8.37616	
2.91809	8.37555	
2.9187	8.37555	
2.92053	8.37524	
2.9245	8.37585	
2.92175	8.37463	
2.92145	8.37555	
2.92175	8.37555	
2.92145	8.37616	
2.92053	8.37555	
2.92145	8.37555	
2.92145	8.37555	
2.92023	8.37524	
2.9248	8.37585	
2.91687	8.37524	
2.92175	8.37524	
2.91962	8.37555	
2.92053	8.37494	
2.92084	8.37646	
2.9248	8.37585	
2.92542	8.37524	
2.92053	8.37555	
2.92023	8.37494	
2.92603	8.37646	
2.92114	8.37585	
2.91901	8.37585	
2.92603	8.37524	
2.92175	8.37463	
2.91901	8.37524	
2.92542	8.37524	
2.92145	8.37494	
2.92358	8.37494	
2.9245	8.37585	
2.92023	8.37494	
2.9245	8.37616	
2.91962	8.37494	
2.92145	8.37494	
2.92297	8.37524	
2.92572	8.37494	
2.92145	8.37555	
2.92358	8.37555	
2.92328	8.37585	
2.92053	8.37494	
2.92023	8.37494	
2.92633	8.37616	
2.92084	8.37555	
2.92175	8.37524	
2.92755	8.37555	
2.91443	8.37433	
2.91992	8.37524	
2.92664	8.37555	
2.91962	8.37555	
2.92236	8.37585	
2.92603	8.37494	
2.92084	8.37555	
2.92236	8.37524	
2.92603	8.37524	
2.92023	8.37402	
2.92236	8.37494	
2.92572	8.37555	
2.92053	8.37463	
2.92023	8.37494	
2.92328	8.37524	
2.91992	8.37494	
2.9184	8.37402	
2.9248	8.37463	
2.92114	8.37402	
2.92206	8.37494	
2.92023	8.37555	
2.91992	8.37433	
2.92114	8.37402	
2.92603	8.37494	
2.91962	8.37494	
2.92328	8.37555	
2.9187	8.37463	
2.91901	8.37555	
2.92206	8.37555	
2.92603	8.37402	
2.92023	8.37433	
2.91962	8.37463	
2.92053	8.37433	
2.91901	8.37463	
2.92358	8.37463	
2.92572	8.37494	
2.91992	8.37494	
2.91901	8.37463	
2.92572	8.37494	
2.92023	8.37524	
2.92175	8.37463	
2.91779	8.37433	
2.9187	8.37524	
2.9184	8.37524	
2.91809	8.37463	
2.92053	8.37494	
2.92084	8.37402	
2.91351	8.37341	
2.92023	8.37402	
2.92084	8.37463	
2.92206	8.37433	
2.92145	8.37433	
2.91718	8.37433	
2.92053	8.37372	
2.92084	8.37433	
2.92267	8.37341	
2.92053	8.37402	
2.92084	8.37311	
2.91656	8.37402	
2.92236	8.37341	
2.92023	8.37341	
2.91931	8.37494	
2.92206	8.37341	
2.92084	8.37341	
2.91779	8.37341	
2.9184	8.37372	
2.92175	8.37372	
2.91687	8.37311	
2.91779	8.37341	
2.9248	8.37372	
2.91931	8.37311	
2.92236	8.37402	
2.92267	8.37402	
2.91931	8.37311	
2.91779	8.37341	
2.91748	8.37341	
2.9184	8.37402	
2.91779	8.37402	
2.91412	8.37341	
2.92023	8.37311	
2.92114	8.37341	
2.91962	8.37402	
2.92023	8.37311	
2.91931	8.37341	
2.91962	8.37402	
2.92145	8.37311	
2.91443	8.37311	
2.91656	8.37219	
2.92236	8.37311	
2.91382	8.37311	
2.91718	8.37341	
2.92145	8.37311	
2.91199	8.3728	
2.91718	8.37402	
2.9248	8.37341	
2.9187	8.37372	
2.91962	8.3728	
2.92358	8.37311	
2.91931	8.37311	
2.91931	8.3728	
2.92175	8.37372	
2.9184	8.37341	
2.9187	8.37311	
2.92267	8.37311	
2.9184	8.37341	
2.91992	8.37341	
2.92236	8.37372	
2.91779	8.37341	
2.91992	8.37372	
2.92145	8.37341	
2.91779	8.3725	
2.92175	8.37433	
2.91718	8.37311	
2.91718	8.37402	
2.91901	8.3728	
2.91412	8.37402	
2.9187	8.37311	
2.92206	8.37372	
2.91992	8.37433	
2.91931	8.37311	
2.91626	8.37311	
2.92053	8.37341	
2.9187	8.37311	
2.91321	8.37311	
2.9187	8.3728	
2.92419	8.37341	
2.91901	8.37341	
2.92145	8.3728	
2.92236	8.37311	
2.91779	8.37372	
2.91626	8.37341	
2.92023	8.3725	
2.91748	8.3725	
2.92053	8.37311	
2.91565	8.37341	
2.91656	8.37219	
2.91779	8.3728	
2.91626	8.37311	
2.91687	8.37372	
2.92023	8.3728	
2.91046	8.3728	
2.91748	8.37311	
2.91565	8.3728	
2.91992	8.3728	
2.91809	8.3725	
2.91321	8.3728	
2.91565	8.37341	
2.92297	8.3728	
2.91718	8.3725	
2.91901	8.3725	
2.92206	8.3725	
2.91779	8.37219	
2.9184	8.3725	
2.92297	8.3728	
2.91718	8.3728	
2.91779	8.37341	
2.92236	8.3728	
2.91718	8.37311	
2.91565	8.37311	
2.92389	8.3728	
2.9129	8.37219	
2.9187	8.37311	
2.92114	8.3725	
2.91809	8.3725	
2.91901	8.3725	
2.92328	8.3728	
2.91718	8.3728	
2.91809	8.37189	
2.9126	8.37189	
2.91656	8.37189	
2.92084	8.37189	
2.9187	8.37189	
2.91809	8.3725	
2.92053	8.3725	
2.91809	8.37128	
2.91748	8.37158	
2.91077	8.3725	
2.91656	8.37158	
2.92114	8.3725	
2.91077	8.37219	
2.91534	8.37158	
2.92145	8.37189	
2.91321	8.37189	
2.91626	8.37189	
2.91992	8.37189	
2.91718	8.3725	
2.92023	8.37128	
2.91473	8.37219	
2.91656	8.3725	
2.91412	8.37189	
2.9129	8.37219	
2.91656	8.37158	
2.92023	8.37219	
2.91626	8.37219	
2.91626	8.37128	
2.91443	8.37219	
2.91504	8.37189	
2.91809	8.37128	
2.91718	8.37189	
2.91901	8.37158	
2.91748	8.37158	
2.91229	8.37128	
2.92023	8.37189	
2.91992	8.37158	
2.91626	8.37219	
2.91595	8.37158	
2.91534	8.37158	
2.91595	8.37128	
2.91443	8.37097	
2.91168	8.37128	
2.91687	8.37097	
2.91473	8.37158	
2.90985	8.37128	
2.9187	8.37128	
2.91718	8.37219	
2.9187	8.37158	
2.91809	8.37189	
2.9187	8.37219	
2.9187	8.37158	
2.91718	8.37128	
2.9184	8.37189	
2.91901	8.37097	
2.92236	8.37097	
2.91626	8.37128	
2.9184	8.37189	
2.92084	8.37189	
2.91687	8.37128	
2.92084	8.37128	
2.92419	8.37128	
2.91718	8.37189	
2.91992	8.37189	
2.92084	8.37189	
2.91626	8.37158	
2.91504	8.37128	
2.92236	8.37219	
2.91595	8.37189	
2.91382	8.37097	
2.91016	8.37158	
2.91534	8.37067	
2.91382	8.37128	
2.91748	8.37067	
2.91656	8.37128	
2.92084	8.37128	
2.91809	8.37067	
2.91656	8.37219	
2.9126	8.37128	
2.91809	8.37128	
2.91809	8.37097	
2.9129	8.37067	
2.91779	8.37158	
2.92206	8.37128	
2.91595	8.37097	
2.91351	8.37158	
2.92084	8.37189	
2.91595	8.37158	
2.91687	8.37067	
2.91473	8.37128	
2.91626	8.37067	
2.92084	8.37158	
2.9126	8.37097	
2.91534	8.37036	
2.9184	8.37036	
2.91687	8.37036	
2.91718	8.37067	
2.91687	8.37128	
2.91626	8.37128	
2.92053	8.37097	
2.91138	8.37036	
2.91748	8.37067	
2.92023	8.37097	
2.91656	8.37097	
2.91534	8.37067	
2.91473	8.37067	
2.91534	8.37097	
2.91412	8.37128	
2.9129	8.37067	
2.91565	8.37097	
2.91962	8.37097	
2.91687	8.37067	
2.91656	8.37128	
2.91779	8.37097	
2.91656	8.37036	
2.92206	8.37067	
2.91443	8.37097	
2.9184	8.37036	
2.9184	8.37067	
2.91534	8.37067	
2.91748	8.37036	
2.91351	8.37036	
2.91443	8.37097	
2.9126	8.37067	
2.90833	8.37006	
2.91565	8.36914	
2.90924	8.36975	
2.91382	8.37006	
2.92145	8.37036	
2.91443	8.37006	
2.91809	8.37006	
2.91382	8.37006	
2.91412	8.37036	
2.91748	8.36975	
2.90802	8.36975	
2.91565	8.37006	
2.91534	8.36945	
2.91595	8.37006	
2.91595	8.37036	
2.9129	8.37128	
2.91595	8.37036	
2.91718	8.37006	
2.90894	8.37006	
2.91321	8.37036	
2.92084	8.37036	
2.91473	8.37036	
2.91748	8.37067	
2.91901	8.37097	
2.91412	8.37097	
2.91229	8.37097	
2.91931	8.37067	
2.91412	8.37097	
2.91504	8.37067	
2.91321	8.37006	
2.91321	8.36975	
2.91168	8.37036	
2.91199	8.37006	
2.91534	8.37097	
2.91779	8.37097	
2.91626	8.36975	
2.91504	8.36975	
2.91107	8.37006	
2.91626	8.37036	
2.91962	8.37006	
2.91382	8.36975	
2.91199	8.36975	
2.91931	8.37006	
2.91504	8.37006	
2.91168	8.37006	
2.91107	8.36975	
2.91412	8.37067	
2.91626	8.37006	
2.91595	8.37036	
2.91473	8.37036	
2.91595	8.37006	
2.91412	8.36975	
2.9187	8.37067	
2.91351	8.37006	
2.91656	8.37006	
2.9126	8.36975	
2.91351	8.37006	
2.91656	8.36945	
2.91504	8.37036	
2.91534	8.36945	
2.91321	8.36945	
2.91443	8.37036	
2.91931	8.37036	
2.91351	8.37006	
2.91077	8.36975	
2.91107	8.37067	
2.91382	8.36975	
2.91534	8.36975	
2.9126	8.37006	
2.91565	8.37036	
2.91443	8.36975	
2.91351	8.36975	
2.91626	8.36914	
2.9126	8.36945	
2.91168	8.36914	
2.91565	8.36945	
2.91382	8.36975	
2.91656	8.36914	
2.91534	8.36945	
2.91534	8.36853	
2.91382	8.36853	
2.91687	8.36945	
2.91901	8.36975	
2.91412	8.36914	
2.9129	8.36823	
2.91351	8.36853	
2.91443	8.36945	
2.91168	8.36975	
2.91199	8.36945	
2.91412	8.36945	
2.91321	8.36853	
2.91534	8.36945	
2.91718	8.36884	
2.91382	8.36884	
2.91077	8.36914	
2.91168	8.36884	
2.91321	8.36945	
2.91016	8.36914	
2.91199	8.36914	
2.9129	8.36884	
2.91046	8.36884	
2.91443	8.36945	
2.91382	8.36914	
2.91168	8.36853	
2.91199	8.36823	
2.9187	8.36945	
2.9129	8.36914	
2.91382	8.36853	
2.9129	8.36945	
2.9126	8.36884	
2.91077	8.36884	
2.9071	8.36823	
2.91443	8.36945	
2.91107	8.36823	
2.91595	8.36945	
2.91534	8.36914	
2.91168	8.36853	
2.91626	8.36975	
2.90863	8.36853	
2.9129	8.36914	
2.90619	8.36853	
2.91321	8.37006	
2.9187	8.36914	
2.91321	8.36914	
2.91321	8.36914	
2.91534	8.36945	
2.91168	8.36945	
2.91687	8.36914	
2.90741	8.36853	
2.91321	8.36884	
2.91687	8.36884	
2.91504	8.36914	
2.91473	8.36853	
2.90985	8.36792	
2.91595	8.36884	
2.91809	8.36914	
2.91229	8.36945	
2.91595	8.36853	
2.91016	8.36823	
2.91229	8.36853	
2.91595	8.36853	
2.91473	8.36884	
2.91443	8.36853	
2.9126	8.36914	
2.91229	8.36823	
2.91412	8.36884	
2.91229	8.36853	
2.91565	8.36914	
2.91229	8.36823	
2.91351	8.36792	
2.90649	8.36823	
2.91443	8.36853	
2.9184	8.36884	
2.91351	8.36853	
2.91321	8.36853	
2.9071	8.36792	
2.9126	8.36823	
2.9126	8.36761	
2.91443	8.36761	
2.9184	8.36853	
2.9126	8.36914	
2.9129	8.36792	
2.91626	8.36823	
2.91229	8.36823	
2.91138	8.36823	
2.91168	8.36853	
2.91351	8.36792	
2.91443	8.36823	
2.91412	8.36792	
2.91351	8.36792	
2.90588	8.36731	
2.91077	8.36761	
2.91718	8.3667	
2.9129	8.36792	
2.91107	8.367	
2.9187	8.36792	
2.9129	8.367	
2.91595	8.36792	
2.91077	8.36761	
2.91229	8.36761	
2.91626	8.36792	
2.90741	8.36761	
2.91321	8.36792	
2.91687	8.36761	
2.91412	8.36761	
2.91779	8.36761	
2.91168	8.36761	
2.9129	8.36761	
2.9184	8.367	
2.91168	8.36761	
2.91077	8.36731	
2.91138	8.36731	
2.91199	8.36761	
2.91595	8.36731	
2.9129	8.36792	
2.9129	8.36761	
2.91046	8.367	
2.91534	8.36761	
2.91718	8.36823	
2.91199	8.36792	
2.91351	8.36761	
2.91107	8.3667	
2.91138	8.36761	
2.91199	8.367	
2.91168	8.36761	
2.91779	8.36823	
2.91199	8.3667	
2.91321	8.36792	
2.91077	8.36761	
2.91138	8.36761	
2.91534	8.36731	
2.91321	8.36792	
2.9126	8.367	
2.90436	8.36853	
2.91077	8.36731	
2.91412	8.36731	
2.91107	8.36761	
2.91412	8.36761	
2.9126	8.367	
2.91016	8.36823	
2.90863	8.36761	
2.90527	8.36761	
2.91077	8.36792	
2.90924	8.36731	
2.9126	8.36731	
2.9129	8.36823	
2.9071	8.36761	
2.91412	8.36792	
2.91534	8.36792	
2.91077	8.367	
2.91046	8.36761	
2.90375	8.367	
2.91138	8.3667	
2.90771	8.36761	
2.91016	8.36792	
2.91412	8.36761	
2.91107	8.36731	
2.90863	8.3667	
2.91016	8.36761	
2.91107	8.36731	
2.90924	8.36792	
2.9126	8.36731	
2.91656	8.36761	
2.91016	8.36731	
2.90924	8.367	
2.91016	8.367	
2.91077	8.36761	
2.90771	8.367	
2.91138	8.36792	
2.91168	8.36731	
2.90527	8.36731	
2.90863	8.3667	
2.91656	8.36731	
2.91077	8.36731	
2.91168	8.36761	
2.90649	8.367	
2.91016	8.36731	
2.91321	8.367	
2.90985	8.36761	
2.91534	8.36731	
2.90955	8.367	
2.91321	8.367	
2.90497	8.367	
2.90985	8.36761	
2.90436	8.367	
2.90833	8.36639	
2.91138	8.367	
2.90863	8.3667	
2.91443	8.367	
2.91138	8.3667	
2.91046	8.36731	
2.90558	8.36731	
2.90863	8.36731	
2.91565	8.36731	
2.90924	8.3667	
2.91138	8.367	
2.90771	8.36609	
2.90955	8.36639	
2.90833	8.36639	
2.90741	8.367	
2.90894	8.3667	
2.90863	8.36609	
2.91168	8.36639	
2.91229	8.36609	
2.91595	8.36731	
2.90955	8.36609	
2.90802	8.36609	
2.90771	8.36639	
2.91077	8.36578	
2.91229	8.3667	
2.91138	8.3667	
2.91504	8.36609	
2.90985	8.3667	
2.91016	8.36639	
2.90558	8.367	
2.90894	8.3667	
2.91351	8.36639	
2.90771	8.36578	
2.91382	8.3667	
2.90924	8.36639	
2.91046	8.36609	
2.90741	8.36639	
2.90985	8.36609	
2.90924	8.36639	
2.90833	8.36578	
2.90833	8.3667	
2.90985	8.3667	
2.91321	8.36639	
2.90802	8.36639	
2.91412	8.36609	
2.90985	8.3667	
2.90771	8.3667	
2.91138	8.3667	
2.91046	8.36639	
2.90558	8.36639	
2.9071	8.36578	
2.90894	8.36639	
2.90924	8.3667	
2.90436	8.36639	
2.91107	8.36609	
2.91382	8.36639	
2.90894	8.36548	
2.90833	8.36609	
2.91107	8.36609	
2.91046	8.36548	
2.9068	8.36578	
2.91138	8.36609	
2.91595	8.36609	
2.90955	8.36609	
2.90955	8.36639	
2.91107	8.36609	
2.91534	8.3667	
2.90955	8.36578	
2.91046	8.36639	
2.90314	8.36609	
2.91016	8.36609	
2.90924	8.36609	
2.91016	8.36578	
2.90466	8.36639	
2.91016	8.36639	
2.90283	8.36578	
2.91229	8.36578	
2.91534	8.36609	
2.90863	8.36609	
2.90833	8.36609	
2.91168	8.36609	
2.91595	8.36609	
2.90955	8.3667	
2.9129	8.36639	
2.90344	8.36578	
2.91046	8.3667	
2.90863	8.36639	
2.90894	8.36609	
2.90741	8.3667	
2.90894	8.36548	
2.90314	8.36578	
2.90894	8.36639	
2.91412	8.36731	
2.90955	8.367	
2.91229	8.36609	
2.90924	8.3667	
2.90863	8.36609	
2.90344	8.36639	
2.91229	8.36609	
2.91382	8.3667	
2.90833	8.36578	
2.90649	8.36609	
2.91046	8.36578	
2.91351	8.36609	
2.90924	8.36639	
2.9068	8.36548	
2.91077	8.36609	
2.90955	8.36517	
2.90863	8.36578	
2.91168	8.36548	
2.90741	8.36578	
2.90955	8.36517	
2.91046	8.36609	
2.90741	8.36609	
2.91321	8.36609	
2.90771	8.36548	
2.90741	8.36609	
2.9068	8.36578	
2.91016	8.36578	
2.90222	8.36578	
2.91168	8.36578	
2.90802	8.36578	
2.90894	8.36517	
2.90924	8.36517	
2.91016	8.36548	
2.91199	8.36487	
2.90924	8.36609	
2.90558	8.36517	
2.90253	8.36517	
2.90955	8.36548	
2.90436	8.36517	
2.90955	8.36487	
2.90833	8.36548	
2.90771	8.36487	
2.91077	8.36548	
2.91046	8.36578	
2.90985	8.36548	
2.90863	8.36548	
2.91138	8.36578	
2.90863	8.36548	
2.90802	8.36487	
2.90314	8.36578	
2.91016	8.36517	
2.90741	8.36487	
2.90833	8.36517	
2.91046	8.36487	
2.9071	8.36487	
2.91077	8.36548	
2.9071	8.36487	
2.90527	8.36548	
2.9068	8.36487	
2.91107	8.36517	
2.90771	8.36487	
2.91016	8.36578	
2.90924	8.36517	
2.91412	8.36487	
2.90741	8.36456	
2.90588	8.36517	
2.90771	8.36517	
2.90741	8.36426	
2.901	8.36517	
2.91077	8.36487	
2.90741	8.36426	
2.90741	8.36487	
2.90771	8.36487	
2.91077	8.36426	
2.91199	8.36517	
2.9071	8.36517	
2.9068	8.36517	
2.90894	8.36517	
2.9129	8.36517	
2.9071	8.36517	
2.90466	8.36487	
2.90771	8.36517	
2.91321	8.36578	
2.90619	8.36487	
2.91046	8.36517	
2.90924	8.36456	
2.91229	8.36517	
2.90771	8.36517	
2.90466	8.36487	
2.90253	8.36487	
2.90741	8.36517	
2.9071	8.36456	
2.90527	8.36456	
2.90222	8.36517	
2.90833	8.36456	
2.9071	8.36517	
2.90649	8.36456	
2.90436	8.36456	
2.9071	8.36517	
2.90619	8.36456	
2.90588	8.36456	
2.90131	8.36487	
2.90741	8.36487	
2.90588	8.36487	
2.90436	8.36517	
2.90527	8.36487	
2.90741	8.36517	
2.9068	8.36487	
2.91016	8.36548	
2.90436	8.36456	
2.90802	8.36578	
2.9068	8.36517	
2.91077	8.36517	
2.90863	8.36517	
2.90619	8.36456	
2.90588	8.36456	
2.90985	8.36517	
2.90619	8.36456	
2.91016	8.36456	
2.90619	8.36426	
2.90405	8.36395	
2.90436	8.36456	
2.91077	8.36456	
2.90588	8.36517	
2.90802	8.36487	
2.90924	8.36426	
2.90436	8.36456	
2.9071	8.36487	
2.90375	8.36487	
2.90955	8.36487	
2.90009	8.36487	
2.90649	8.36487	
2.90588	8.36456	
2.90771	8.36487	
2.90039	8.36456	
2.90955	8.36456	
2.90619	8.36456	
2.90314	8.36517	
2.90771	8.36456	
2.90802	8.36334	
2.90497	8.36487	
2.90863	8.36426	
2.90497	8.36426	
2.90771	8.36456	
2.90588	8.36395	
2.90466	8.36487	
2.90131	8.36456	
2.9068	8.36517	
2.90558	8.36456	
2.90375	8.36487	
2.90253	8.36456	
2.90955	8.36487	
2.90649	8.36456	
2.90863	8.36426	
2.90802	8.36426	
2.91107	8.36395	
2.90588	8.36365	
2.90649	8.36395	
2.90619	8.36334	
2.9126	8.36334	
2.90649	8.36426	
2.90833	8.36365	
2.90649	8.36304	
2.91229	8.36395	
2.90558	8.36365	
2.90833	8.36395	
2.9071	8.36395	
2.91199	8.36395	
2.90558	8.36273	
2.90771	8.36395	
2.90649	8.36334	
2.91168	8.36456	
2.90619	8.36365	
2.90924	8.36334	
2.9068	8.36365	
2.90985	8.36304	
2.90558	8.36426	
2.90833	8.36365	
2.90771	8.36365	
2.90863	8.36426	
2.90558	8.36334	
2.90405	8.36273	
2.90558	8.36365	
2.90985	8.36273	
2.90558	8.36304	
2.9068	8.36334	
2.90497	8.36334	
2.90009	8.36395	
2.90649	8.36365	
2.90497	8.36304	
2.90314	8.36365	
2.90466	8.36365	
2.91168	8.36365	
2.90649	8.36426	
2.90741	8.36334	
2.90741	8.36334	
2.90924	8.36334	
2.90588	8.36365	
2.90649	8.36365	
2.90436	8.36334	
2.91138	8.36395	
2.90466	8.36395	
2.90314	8.36304	
2.90466	8.36304	
2.91229	8.36334	
2.9068	8.36304	
2.90894	8.36334	
2.90619	8.36334	
2.90924	8.36334	
2.90558	8.36365	
2.9071	8.36334	
2.90375	8.36273	
2.90192	8.36334	
2.9071	8.36395	
2.90009	8.36365	
2.90558	8.36365	
2.90039	8.36273	
2.90619	8.36426	
2.90558	8.36365	
2.90863	8.36456	
2.89948	8.36334	
2.90802	8.36395	
2.90497	8.36365	
2.90283	8.36334	
2.9068	8.36365	
2.91199	8.36334	
2.90527	8.36365	
2.9071	8.36426	
2.9068	8.36426	
2.90985	8.36304	
2.90558	8.36334	
2.90222	8.36426	
2.90833	8.36426	
2.90039	8.36334	
2.90558	8.36334	
2.90558	8.36304	
2.90527	8.36426	
2.89948	8.36304	
2.9068	8.36273	
2.90588	8.36304	
2.90527	8.36334	
2.9068	8.36334	
2.90894	8.36365	
2.90558	8.36243	
2.90314	8.36334	
2.90375	8.36304	
2.91107	8.36365	
2.90558	8.36304	
2.90649	8.36304	
2.90741	8.36304	
2.90588	8.36334	
2.90344	8.36365	
2.90283	8.36304	
2.9071	8.36304	
2.901	8.36334	
2.90558	8.36273	
2.90375	8.36304	
2.90192	8.36334	
2.90588	8.36304	
2.90955	8.36365	
2.90436	8.36304	
2.90192	8.36365	
2.9068	8.36334	
2.91046	8.36304	
2.90314	8.36273	
2.90283	8.36273	
2.90588	8.36304	
2.89764	8.36243	
2.9071	8.36273	
2.90466	8.36273	
2.9068	8.36365	
2.90253	8.36212	
2.90527	8.36304	
2.90344	8.36304	
2.89825	8.36273	
2.90222	8.36304	
2.9007	8.36334	
2.90527	8.36334	
2.90436	8.36334	
2.90161	8.36243	
2.90527	8.36334	
2.90741	8.36212	
2.90344	8.36304	
2.90314	8.36334	
2.90314	8.36304	
2.90894	8.36304	
2.90375	8.36243	
2.89917	8.36273	
2.90222	8.36243	
2.90039	8.36212	
2.9068	8.36273	
2.90405	8.36243	
2.90253	8.36182	
2.90344	8.36273	
2.90192	8.36243	
2.90283	8.36304	
2.90283	8.36212	
2.90009	8.36182	
2.90405	8.36212	
2.90863	8.36304	
2.90375	8.36212	
2.90619	8.36304	
2.9007	8.36304	
2.89673	8.36273	
2.90619	8.36212	
2.90375	8.36243	
2.90253	8.36243	
2.90527	8.36243	
2.90741	8.36243	
2.90375	8.36212	
2.89673	8.36243	
2.90161	8.36151	
2.89703	8.36151	
2.90894	8.36212	
2.90253	8.36151	
2.90192	8.36151	
2.90161	8.36182	
2.90131	8.36121	
2.90283	8.36243	
2.90283	8.36182	
2.90466	8.36182	
2.90436	8.36151	
2.90558	8.36182	
2.90314	8.36212	
2.89795	8.36212	
2.90192	8.36151	
2.89551	8.36182	
2.90314	8.36212	
2.90222	8.36212	
2.9068	8.36243	
2.90131	8.36182	
2.9007	8.36182	
2.90192	8.36212	
2.90039	8.36182	
2.90558	8.36273	
2.89917	8.36151	
2.90802	8.36243	
2.90222	8.36212	
2.901	8.36182	
2.90222	8.36273	
2.90131	8.36243	
2.90253	8.36243	
2.901	8.36121	
2.90344	8.36212	
2.89764	8.36151	
2.90741	8.36212	
2.90192	8.36212	
2.89917	8.36151	
2.90192	8.36212	
2.901	8.36212	
2.90253	8.36212	
2.90009	8.36151	
2.90436	8.36182	
2.89581	8.36151	
2.90466	8.36212	
2.90253	8.36151	
2.9068	8.36212	
2.901	8.36151	
2.90039	8.36121	
2.90131	8.36121	
2.89856	8.36151	
2.90527	8.36182	
2.89917	8.36212	
2.90894	8.36182	
2.90192	8.36212	
2.90588	8.36151	
2.90405	8.36151	
2.90619	8.36182	
2.90161	8.36121	
2.90222	8.36151	
2.90344	8.36121	
2.90039	8.36151	
2.90039	8.36212	
2.89612	8.3606	
2.90131	8.3609	
2.89673	8.36121	
2.90283	8.36182	
2.90222	8.36121	
2.90222	8.36151	
2.90436	8.3609	
2.901	8.36243	
2.90344	8.36151	
2.90192	8.36121	
2.90253	8.36243	
2.90344	8.36182	
2.90802	8.36151	
2.90131	8.36182	
2.90375	8.36182	
2.90466	8.36151	
2.901	8.36151	
2.90283	8.36182	
2.90222	8.36212	
2.90527	8.36182	
2.90161	8.36151	
2.90588	8.36182	
2.90253	8.36151	
2.8949	8.36151	
2.90161	8.36151	
2.89886	8.36121	
2.90588	8.36151	
2.90161	8.36151	
2.90039	8.36182	
2.90344	8.36151	
2.90192	8.3606	
2.9071	8.36151	
2.901	8.36121	
2.89856	8.36121	
2.90009	8.3609	
2.89948	8.36121	
2.90161	8.36029	
2.901	8.36121	
2.90222	8.36151	
2.89948	8.36121	
2.90619	8.36121	
2.90131	8.3606	
2.90009	8.36121	
2.90039	8.3606	
2.90436	8.36151	
2.9071	8.3609	
2.89948	8.36121	
2.90009	8.3609	
2.90558	8.36151	
2.89551	8.36121	
2.9071	8.36121	
2.90161	8.36121	
2.89948	8.36121	
2.90466	8.3609	
2.90039	8.36121	
2.90253	8.36121	
2.90161	8.36212	
2.90253	8.3609	
2.90405	8.36151	
2.901	8.36151	
2.90222	8.36121	
2.90161	8.36121	
2.89978	8.3609	
2.90466	8.3609	
2.9007	8.3609	
2.90283	8.3609	
2.90192	8.3609	
2.90344	8.36121	
2.90009	8.36029	
2.90222	8.3606	
2.90192	8.3609	
2.90039	8.35999	
2.90314	8.36121	
2.89764	8.3609	
2.90405	8.3606	
2.90253	8.3609	
2.89551	8.36121	
2.90405	8.36151	
2.90375	8.36151	
2.90527	8.36121	
2.90131	8.36029	
2.8952	8.3606	
2.89917	8.3609	
2.89642	8.3609	
2.90649	8.36151	
2.90192	8.3606	
2.90375	8.3606	
2.89948	8.36029	
2.89978	8.3606	
2.90131	8.3606	
2.90161	8.3609	
2.89886	8.3606	
2.90192	8.3606	
2.90619	8.3609	
2.90131	8.3606	
2.89825	8.3609	
2.89948	8.3609	
2.89581	8.36121	
2.90192	8.3609	
2.901	8.3609	
2.9007	8.3609	
2.90375	8.36121	
2.89368	8.36182	
2.90253	8.36121	
2.90039	8.3609	
2.90344	8.36121	
2.90009	8.3606	
2.89917	8.3609	
2.90192	8.36121	
2.90131	8.3606	
2.901	8.36121	
2.90192	8.36121	
2.90375	8.3609	
2.89978	8.36151	
2.90039	8.36029	
2.90131	8.36121	
2.90405	8.36029	
2.89886	8.35999	
2.90192	8.3609	
2.901	8.3606	
2.90253	8.35999	
2.90314	8.3606	
2.89886	8.3609	
2.90131	8.3609	
2.9007	8.3609	
2.90497	8.3609	
2.90314	8.35999	
2.90497	8.36029	
2.89978	8.3606	
2.9007	8.36029	
2.90314	8.3606	
2.89917	8.35968	
2.90619	8.3606	
2.9007	8.36029	
2.90039	8.35907	
2.89764	8.35968	
2.90131	8.3606	
2.89825	8.35938	
2.90039	8.35999	
2.89978	8.35999	
2.89825	8.35999	
2.90161	8.3606	
2.90527	8.3609	
2.89917	8.35999	
2.89978	8.35999	
2.89642	8.35968	
2.90161	8.36029	
2.90558	8.36029	
2.89856	8.3606	
2.89948	8.35968	
2.89581	8.35938	
2.90039	8.3606	
2.89856	8.35968	
2.90039	8.35968	
2.89948	8.36121	
2.90009	8.36029	
2.90131	8.35999	
2.90039	8.35999	
2.89948	8.36029	
2.8949	8.35999	
2.90253	8.36029	
2.89459	8.36029	
2.90588	8.36029	
2.89795	8.35968	
2.90283	8.36029	
2.90131	8.35938	
2.89337	8.35968	
2.90436	8.35999	
2.89856	8.35999	
2.90222	8.35968	
2.89795	8.3606	
2.89612	8.35968	
2.90588	8.36029	
2.89917	8.35999	
2.89642	8.35968	
2.90283	8.36121	
2.89825	8.3606	
2.90039	8.36029	
2.89917	8.36029	
2.9007	8.35999	
2.89764	8.36029	
2.89917	8.3606	
2.89978	8.35968	
2.89948	8.35999	
2.89581	8.35968	
2.89734	8.35968	
2.89612	8.36029	
2.89917	8.35999	
2.89856	8.35999	
2.89703	8.35999	
2.89703	8.35968	
2.89764	8.36029	
2.90009	8.3606	
2.89764	8.35999	
2.89795	8.35968	
2.89795	8.35999	
2.89764	8.35938	
2.90222	8.35938	
2.89886	8.35999	
2.89856	8.3606	
2.89764	8.35938	
2.89276	8.35968	
2.90344	8.36029	
2.89764	8.35968	
2.89917	8.35968	
2.89856	8.35876	
2.89307	8.35968	
2.90405	8.35938	
2.89917	8.35907	
2.89764	8.35938	
2.90253	8.35938	
2.90009	8.35938	
2.9007	8.35999	
2.89795	8.35938	
2.89886	8.35938	
2.901	8.35999	
2.89642	8.35876	
2.89734	8.35999	
2.89856	8.35938	
2.89764	8.35938	
2.89368	8.35968	
2.89978	8.35938	
2.89917	8.35938	
2.90161	8.35907	
2.89856	8.35938	
2.89856	8.35999	
2.89764	8.35968	
2.89948	8.35938	
2.90009	8.35938	
2.90405	8.35968	
2.89856	8.35938	
2.89886	8.36029	
2.89856	8.35968	
2.89764	8.35968	
2.89734	8.35968	
2.89856	8.35907	
2.89825	8.35938	
2.89886	8.35938	
2.89642	8.35938	
2.89917	8.35938	
2.90131	8.35938	
2.89795	8.35876	
2.89856	8.35938	
2.90039	8.35968	
2.89703	8.35968	
2.89703	8.35907	
2.90131	8.35876	
2.89795	8.35907	
2.9007	8.36029	
2.89581	8.35846	
2.89429	8.35968	
2.90192	8.35968	
2.89764	8.35907	
2.89154	8.35968	
2.89551	8.35968	
2.89978	8.35907	
2.89673	8.35968	
2.90009	8.35907	
2.89825	8.35938	
2.89612	8.35876	
2.89703	8.35907	
2.89215	8.35907	
2.90314	8.35846	
2.89734	8.35938	
2.89337	8.35846	
2.89703	8.35876	
2.89764	8.35907	
2.89673	8.35907	
2.90314	8.35876	
2.89856	8.35907	
2.89154	8.35999	
2.89948	8.35938	
2.90009	8.35846	
2.90131	8.35907	
2.89886	8.35938	
2.89246	8.35907	
2.89734	8.35907	
2.89734	8.35938	
2.90131	8.35876	
2.89764	8.35876	
2.89856	8.35846	
2.89612	8.35938	
2.901	8.35938	
2.90192	8.35968	
2.89917	8.35907	
2.89795	8.35968	
2.89551	8.35815	
2.90131	8.35815	
2.89703	8.35876	
2.90436	8.35938	
2.89764	8.35846	
2.89764	8.35846	
2.89948	8.35876	
2.89642	8.35876	
2.89886	8.35876	
2.89856	8.35938	
2.89795	8.35846	
2.90009	8.35938	
2.89642	8.35815	
2.89642	8.35876	
2.89978	8.35876	
2.89856	8.35815	
2.89124	8.35815	
2.89825	8.35815	
2.89917	8.35876	
2.90314	8.35846	
2.89764	8.35785	
2.89734	8.35846	
2.89673	8.35876	
2.89948	8.35815	
2.89093	8.35815	
2.90253	8.35846	
2.89764	8.35815	
2.8949	8.35785	
2.901	8.35815	
2.89581	8.35815	
2.89612	8.35785	
2.90009	8.35846	
2.89795	8.35785	
2.89154	8.35846	
2.89459	8.35815	
2.89886	8.35815	
2.901	8.35846	
2.89764	8.35846	
2.89703	8.35815	
2.89581	8.35815	
2.89581	8.35785	
2.89825	8.35815	
2.9007	8.35785	
2.89703	8.35815	
2.89764	8.35815	
2.89978	8.35754	
2.89673	8.35876	
2.89337	8.35785	
2.89764	8.35846	
2.89673	8.35846	
2.89093	8.35785	
2.89825	8.35785	
2.89886	8.35815	
2.89642	8.35815	
2.89734	8.35785	
2.89642	8.35815	
2.89978	8.35815	
2.89917	8.35846	
2.89856	8.35846	
2.90253	8.35785	
2.89703	8.35815	
2.89642	8.35876	
2.89703	8.35815	
2.89795	8.35754	
2.89307	8.35785	
2.90283	8.35815	
2.89856	8.35846	
2.89581	8.35785	
2.89886	8.35785	
2.89703	8.35815	
2.89886	8.35785	
2.90131	8.35815	
2.89734	8.35815	
2.89734	8.35754	
2.89917	8.35724	
2.89734	8.35785	
2.89673	8.35693	
2.90222	8.35785	
2.89673	8.35785	
2.89612	8.35785	
2.89276	8.35724	
2.89734	8.35785	
2.89764	8.35785	
2.90192	8.35785	
2.89703	8.35754	
2.89581	8.35785	
2.89398	8.35754	
2.8949	8.35785	
2.89795	8.35754	
2.8894	8.35724	
2.90131	8.35815	
2.89612	8.35815	
2.89612	8.35785	
2.8952	8.35846	
2.89398	8.35754	
2.89062	8.35754	
2.90192	8.35815	
2.89551	8.35846	
2.88971	8.35785	
2.89825	8.35754	
2.89703	8.35876	
2.89307	8.35815	
2.89886	8.35754	
2.8952	8.35785	
2.8952	8.35754	
2.89368	8.35785	
2.89368	8.35785	
2.89368	8.35724	
2.89764	8.35724	
2.8949	8.35815	
2.89581	8.35815	
2.89246	8.35754	
2.89795	8.35815	
2.8894	8.35815	
2.90161	8.35846	
2.89368	8.35724	
2.89459	8.35785	
2.89581	8.35754	
2.89246	8.35815	
2.89581	8.35724	
2.90039	8.35846	
2.8952	8.35724	
2.8949	8.35724	
2.89642	8.35815	
2.89703	8.35846	
2.89551	8.35693	
2.89429	8.35724	
2.901	8.35815	
2.89551	8.35785	
2.8952	8.35815	
2.89734	8.35754	
2.89734	8.35815	
2.88818	8.35815	
2.89795	8.35785	
2.89551	8.35724	
2.89459	8.35724	
2.89337	8.35724	
2.89276	8.35754	
2.89581	8.35693	
2.89581	8.35754	
2.8952	8.35693	
2.8949	8.35785	
2.89093	8.35693	
2.89825	8.35754	
2.89337	8.35663	
2.89276	8.35785	
2.89978	8.35785	
2.8952	8.35724	
2.89032	8.35663	
2.89825	8.35724	
2.8952	8.35754	
2.89337	8.35785	
2.901	8.35785	
2.89429	8.35693	
2.8949	8.35724	
2.89276	8.35724	
2.89642	8.35785	
2.89642	8.35724	
2.90161	8.35785	
2.89581	8.35724	
2.89398	8.35693	
2.8949	8.35663	
2.89703	8.35693	
2.89429	8.35693	
2.88727	8.35663	
2.89795	8.35693	
2.89429	8.35663	
2.89459	8.35693	
2.89581	8.35693	
2.89307	8.35693	
2.89337	8.35571	
2.89612	8.35693	
2.89398	8.35754	
2.88879	8.35663	
2.8949	8.35693	
2.89551	8.35632	
2.89398	8.35632	
2.8949	8.35724	
2.89368	8.35632	
2.89154	8.35693	
2.89124	8.35663	
2.8952	8.35632	
2.89978	8.35693	
2.8949	8.35693	
2.89459	8.35663	
2.89795	8.35724	
2.89551	8.35663	
2.8949	8.35663	
2.89551	8.35693	
2.8949	8.35693	
2.89337	8.35724	
2.8891	8.35663	
2.89642	8.35724	
2.89581	8.35693	
2.89185	8.35663	
2.89734	8.35693	
2.89459	8.35663	
2.89337	8.35632	
2.89764	8.35632	
2.89551	8.35693	
2.89459	8.35663	
2.89276	8.35571	
2.89642	8.35632	
2.89429	8.35663	
2.89368	8.35663	
2.89215	8.35571	
2.89337	8.35663	
2.89612	8.35663	
2.89185	8.35663	
2.89642	8.35632	
2.89368	8.35632	
2.89398	8.35632	
2.89154	8.35632	
2.89703	8.35663	
2.89398	8.35693	
2.89886	8.35663	
2.8949	8.35663	
2.89368	8.35663	
2.89825	8.35754	
2.89612	8.35632	
2.89429	8.35663	
2.89429	8.35693	
2.9007	8.35693	
2.89307	8.35663	
2.88788	8.35602	
2.89642	8.35632	
2.89612	8.35632	
2.89246	8.35632	
2.8949	8.35754	
2.89337	8.35663	
2.89124	8.35693	
2.89581	8.35663	
2.8952	8.35632	
2.89154	8.35693	
2.89612	8.35632	
2.89337	8.35693	
2.89368	8.35693	
2.89795	8.35693	
2.89429	8.35693	
2.89459	8.35693	
2.89124	8.35632	
2.89398	8.35663	
2.89307	8.35693	
2.88696	8.35693	
2.8952	8.35693	
2.8952	8.35663	
2.89459	8.35602	
2.89764	8.35724	
2.8949	8.35663	
2.89276	8.35632	
2.89246	8.35663	
2.89093	8.35632	
2.89185	8.35663	
2.88666	8.35602	
2.89948	8.35724	
2.89459	8.35663	
2.89337	8.35693	
2.88757	8.35632	
2.89246	8.35632	
2.89642	8.35663	
2.89459	8.35602	
2.89124	8.35632	
2.89612	8.35632	
2.89246	8.35541	
2.89093	8.35663	
2.89215	8.35602	
2.8949	8.35663	
2.89001	8.35602	
2.89703	8.35754	
2.89307	8.35663	
2.89307	8.35632	
2.88971	8.35724	
2.89246	8.35663	
2.89215	8.35663	
2.88727	8.35663	
2.89612	8.35663	
2.89215	8.35663	
2.89337	8.35602	
2.88666	8.35632	
2.8949	8.35632	
2.89062	8.35693	
2.89459	8.35632	
2.89185	8.35663	
2.89825	8.35602	
2.89276	8.35632	
2.89215	8.35632	
2.8949	8.35693	
2.89124	8.35541	
2.89124	8.35663	
2.88605	8.35541	
2.89795	8.35602	
2.89398	8.35571	
2.89307	8.35571	
2.89246	8.35602	
2.89215	8.35602	
2.89032	8.35693	
2.89368	8.35663	
2.89215	8.35602	
2.89368	8.35541	
2.89185	8.35602	
2.89276	8.35632	
2.89429	8.35632	
2.89429	8.35602	
2.89337	8.3551	
2.8952	8.35602	
2.89307	8.35541	
2.89124	8.35541	
2.88666	8.35571	
2.8894	8.35571	
2.8952	8.35571	
2.88605	8.35571	
2.89673	8.35571	
2.89093	8.3551	
2.89185	8.35602	
2.89032	8.35541	
2.89001	8.35541	
2.89368	8.35602	
2.89673	8.35571	
2.89307	8.35602	
2.89215	8.35602	
2.89154	8.35632	
2.8894	8.35602	
2.8952	8.35571	
2.89307	8.35541	
2.8894	8.35541	
2.8949	8.35602	
2.89154	8.35541	
2.89093	8.35541	
2.89246	8.35571	
2.89337	8.35602	
2.89093	8.35602	
2.88452	8.35602	
2.89429	8.35571	
2.89093	8.35571	
2.89215	8.35571	
2.88696	8.35663	
2.8949	8.35632	
2.89154	8.35541	
2.89276	8.35602	
2.8891	8.35571	
2.89612	8.35602	
2.89124	8.3548	
2.89062	8.3548	
2.89307	8.35541	
2.89154	8.35541	
2.89276	8.35449	
2.88879	8.3548	
2.89551	8.35541	
2.89124	8.35571	
2.89093	8.35571	
2.89459	8.3548	
2.89337	8.35541	
2.88513	8.35449	
2.89551	8.3551	
2.89185	8.3551	
2.89093	8.3548	
2.88544	8.35541	
2.8894	8.3548	
2.89398	8.35571	
2.88544	8.3551	
2.89948	8.3548	
2.89368	8.3548	
2.89398	8.35541	
2.89215	8.3551	
2.8949	8.3551	
2.89642	8.3551	
2.90161	8.35449	
2.89642	8.35541	
2.89459	8.3548	
2.89612	8.35541	
2.89948	8.3551	
2.8952	8.35541	
2.88971	8.35541	
2.89764	8.35541	
2.89398	8.3551	
2.89307	8.35571	
2.88757	8.3551	
2.89612	8.35541	
2.89337	8.35541	
2.89215	8.35571	
2.89368	8.3551	
2.89185	8.35571	
2.89185	8.3551	
2.89032	8.3548	
2.8891	8.3551	
2.89154	8.35541	
2.89246	8.3551	
2.8894	8.3551	
2.89703	8.3548	
2.89062	8.35571	
2.89093	8.35541	
2.89459	8.35571	
2.88849	8.35541	
2.89246	8.3548	
2.88483	8.35541	
2.89642	8.35541	
2.89246	8.35541	
2.88971	8.3548	
2.89154	8.3551	
2.88757	8.35571	
2.88971	8.35449	
2.88849	8.35541	
2.88971	8.3551	
2.89276	8.3551	
2.88971	8.3548	
2.89001	8.3548	
2.8894	8.35449	
2.89307	8.3548	
2.8894	8.35449	
2.89032	8.35571	
2.89246	8.3551	
2.88971	8.3551	
2.89062	8.3551	
2.89154	8.3548	
2.89276	8.3551	
2.89185	8.3548	
2.88849	8.3548	
2.8949	8.3551	
2.89062	8.35571	
2.89093	8.35571	
2.88422	8.3548	
2.88757	8.3548	
2.89398	8.35541	
2.89246	8.35541	
2.8891	8.3548	
2.89551	8.35449	
2.88971	8.3551	
2.88971	8.35419	
2.88849	8.35419	
2.89337	8.3551	
2.8894	8.35449	
2.88574	8.35449	
2.89368	8.3548	
2.89093	8.3548	
2.8891	8.35449	
2.88757	8.35419	
2.89398	8.3548	
2.88971	8.35419	
2.89124	8.35449	
2.88879	8.35358	
2.8952	8.35449	
2.89093	8.3551	
2.89062	8.35449	
2.89185	8.3548	
2.88849	8.35388	
2.89001	8.35541	
2.88361	8.35419	
2.89673	8.3548	
2.89154	8.35449	
2.88879	8.35449	
2.88361	8.35419	
2.89307	8.35419	
2.88757	8.3551	
2.89124	8.35449	
2.8891	8.3551	
2.89337	8.35449	
2.89032	8.35419	
2.8894	8.35358	
2.88971	8.3551	
2.88818	8.3551	
2.89093	8.3548	
2.89215	8.35388	
2.88757	8.35449	
2.8949	8.35419	
2.88849	8.35449	
2.89001	8.35449	
2.88849	8.35449	
2.88696	8.35388	
2.89093	8.3548	
2.88635	8.3548	
2.89307	8.35388	
2.8891	8.35449	
2.88971	8.35449	
2.89337	8.35419	
2.89246	8.3548	
2.88879	8.3548	
2.89001	8.35327	
2.89093	8.35388	
2.89093	8.35388	
2.88818	8.35388	
2.88239	8.35419	
2.88757	8.35358	
2.89185	8.35449	
2.88971	8.35327	
2.89307	8.35449	
2.89581	8.35419	
2.88818	8.35449	
2.88879	8.35327	
2.89307	8.35388	
2.89215	8.35358	
2.88971	8.35327	
2.88635	8.35388	
2.89276	8.35358	
2.88971	8.3548	
2.88788	8.35419	
2.88879	8.35388	
2.88818	8.3548	
2.89215	8.35358	
2.88757	8.35388	
2.88422	8.35388	
2.89185	8.35358	
2.88849	8.35358	
2.88879	8.35449	
2.88849	8.35388	
2.89276	8.35358	
2.8891	8.3548	
2.88849	8.35419	
2.88086	8.35388	
2.89459	8.35388	
2.89459	8.35449	
2.88879	8.35388	
2.8891	8.35327	
2.89062	8.35388	
2.88696	8.35327	
2.88971	8.35388	
2.88452	8.35297	
2.89185	8.35297	
2.8894	8.35419	
2.88788	8.35327	
2.88818	8.35388	
2.88666	8.35358	
2.89062	8.35388	
2.88666	8.35358	
2.883	8.35327	
2.8894	8.35358	
2.89337	8.35358	
2.88757	8.35419	
2.88849	8.35358	
2.88361	8.35327	
2.88879	8.35297	
2.88574	8.35388	
2.8894	8.35388	
2.88696	8.35327	
2.89307	8.35388	
2.8891	8.35419	
2.8891	8.35449	
2.88757	8.35297	
2.88483	8.35327	
2.89124	8.35449	
2.88635	8.35388	
2.88879	8.35388	
2.88849	8.35358	
2.89032	8.35419	
2.88818	8.35358	
2.88849	8.35388	
2.89185	8.35358	
2.88666	8.35358	
2.88849	8.35358	
2.88361	8.35327	
2.89093	8.35358	
2.88849	8.35358	
2.88696	8.35358	
2.88177	8.35358	
2.88818	8.35419	
2.8894	8.35297	
2.8891	8.35419	
2.88513	8.35358	
2.89246	8.35388	
2.88727	8.35419	
2.88727	8.35419	
2.89032	8.35388	
2.88788	8.35327	
2.88971	8.35297	
2.8891	8.35388	
2.89215	8.35419	
2.89124	8.35388	
2.88818	8.35388	
2.88818	8.35388	
2.88055	8.35327	
2.88849	8.35388	
2.88574	8.35266	
2.88605	8.35388	
2.88025	8.35327	
2.8894	8.35358	
2.88788	8.35297	
2.88666	8.35358	
2.88666	8.35449	
2.88147	8.35327	
2.89154	8.35327	
2.88513	8.35388	
2.88818	8.35388	
2.87994	8.35358	
2.89154	8.35327	
2.88788	8.35388	
2.88635	8.35358	
2.88788	8.35388	
2.8894	8.35358	
2.88696	8.35388	
2.88544	8.35388	
2.88025	8.35297	
2.89032	8.35297	
2.88727	8.35327	
2.88696	8.35388	
2.88239	8.35358	
2.89124	8.35449	
2.89001	8.35327	
2.88574	8.35327	
2.88239	8.35358	
2.89093	8.35358	
2.88666	8.35327	
2.88605	8.35388	
2.8894	8.35297	
2.88727	8.35327	
2.89032	8.35297	
2.88483	8.35358	
2.88757	8.35358	
2.89368	8.35327	
2.88727	8.35297	
2.88544	8.35266	
2.88666	8.35358	
2.8894	8.35327	
2.88452	8.35358	
2.88788	8.35297	
2.8891	8.35358	
2.89154	8.35358	
2.8894	8.35327	
2.88635	8.35327	
2.88757	8.35358	
2.883	8.35266	
2.89093	8.35327	
2.89124	8.35297	
2.8891	8.35327	
2.88452	8.35358	
2.89093	8.35327	
2.88818	8.35297	
2.88635	8.35266	
2.88696	8.35297	
2.89032	8.35327	
2.88422	8.35236	
2.89001	8.35236	
2.88879	8.35358	
2.88696	8.35297	
2.89032	8.35266	
2.89246	8.35327	
2.88666	8.35266	
2.88727	8.35236	
2.88086	8.35297	
2.89062	8.35327	
2.88544	8.35297	
2.88635	8.35266	
2.87994	8.35236	
2.89001	8.35327	
2.89337	8.35358	
2.88788	8.35175	
2.88666	8.35297	
2.89093	8.35327	
2.88849	8.35297	
2.88635	8.35327	
2.88849	8.35266	
2.88574	8.35297	
2.89154	8.35327	
2.88727	8.35297	
2.88696	8.35236	
2.88666	8.35266	
2.88086	8.35266	
2.8891	8.35297	
2.88727	8.35297	
2.88727	8.35205	
2.88147	8.35327	
2.89062	8.35297	
2.88849	8.35297	
2.88635	8.35266	
2.88666	8.35327	
2.88483	8.35266	
2.89062	8.35266	
2.88971	8.35297	
2.88879	8.35266	
2.88696	8.35266	
2.89001	8.35297	
2.88666	8.35297	
2.88696	8.35297	
2.88788	8.35358	
2.88727	8.35327	
2.88513	8.35297	
2.88635	8.35175	
2.88239	8.35266	
2.8891	8.35236	
2.88727	8.35266	
2.88666	8.35175	
2.88666	8.35205	
2.88452	8.35236	
2.88666	8.35175	
2.88818	8.35236	
2.88849	8.35175	
2.88483	8.35297	
2.89307	8.35297	
2.89337	8.35266	
2.88727	8.35236	
2.88757	8.35236	
2.88666	8.35327	
2.88422	8.35266	
2.88879	8.35327	
2.88788	8.35236	
2.88361	8.35266	
2.88452	8.35236	
2.87964	8.35266	
2.89001	8.35266	
2.89246	8.35266	
2.88727	8.35236	
2.88574	8.35236	
2.88605	8.35297	
2.88605	8.35175	
2.87964	8.35236	
2.883	8.35236	
2.883	8.35205	
2.88513	8.35297	
2.88879	8.35266	
2.883	8.35236	
2.89124	8.35297	
2.88635	8.35236	
2.88544	8.35266	
2.88605	8.35266	
2.87994	8.35175	
2.88452	8.35205	
2.88605	8.35205	
2.88452	8.35205	
2.8833	8.35297	
2.88483	8.35175	
2.89215	8.35297	
2.88605	8.35266	
2.88513	8.35205	
2.88513	8.35297	
2.88147	8.35266	
2.88177	8.35236	
2.88574	8.35175	
2.88788	8.35144	
2.88696	8.35266	
2.88452	8.35205	
2.88879	8.35266	
2.88696	8.35175	
2.88452	8.35297	
2.88513	8.35205	
2.87964	8.35175	
2.88269	8.35297	
2.88574	8.35236	
2.88849	8.35297	
2.883	8.35266	
2.88361	8.35175	
2.8891	8.35266	
2.8894	8.35266	
2.88422	8.35297	
2.88422	8.35266	
2.88483	8.35175	
2.88818	8.35266	
2.8833	8.35297	
2.8833	8.35266	
2.88269	8.35236	
2.88574	8.35266	
2.88391	8.35236	
2.89032	8.35236	
2.88757	8.35236	
2.88452	8.35266	
2.88483	8.35236	
2.88483	8.35205	
2.88086	8.35175	
2.88879	8.35175	
2.88269	8.35205	
2.883	8.35114	
2.88574	8.35175	
2.88391	8.35175	
2.88788	8.35236	
2.88483	8.35144	
2.88391	8.35236	
2.88422	8.35236	
2.88422	8.35175	
2.87872	8.35205	
2.88208	8.35205	
2.88269	8.35175	
2.88483	8.35236	
2.8833	8.35205	
2.87842	8.35175	
2.88635	8.35266	
2.89001	8.35266	
2.88513	8.35175	
2.883	8.35236	
2.88391	8.35297	
2.88727	8.35175	
2.88116	8.35297	
2.88574	8.35266	
2.88544	8.35205	
2.87872	8.35205	
2.88544	8.35236	
2.88971	8.35297	
2.88574	8.35175	
2.88361	8.35236	
2.88361	8.35236	
2.87659	8.35236	
2.88635	8.35266	
2.88757	8.35114	
2.88208	8.35205	
2.88605	8.35236	
2.87689	8.35175	
2.88635	8.35205	
2.89062	8.35236	
2.88422	8.35144	
2.88269	8.35144	
2.8833	8.35205	
2.88239	8.35175	
2.88116	8.35144	
2.88208	8.35175	
2.88635	8.35175	
2.8833	8.35175	
2.87994	8.35236	
2.88849	8.35175	
2.89032	8.35144	
2.88391	8.35205	
2.88422	8.35175	
2.88361	8.35175	
2.8833	8.35205	
2.88727	8.35175	
2.88452	8.35175	
2.88605	8.35236	
2.88513	8.35175	
2.87689	8.35175	
2.88727	8.35175	
2.88422	8.35114	
2.88361	8.35144	
2.883	8.35144	
2.87842	8.35114	
2.88116	8.35236	
2.883	8.35083	
2.88239	8.35236	
2.88513	8.35175	
2.88269	8.35175	
2.8833	8.35114	
2.8891	8.35175	
2.8894	8.35114	
2.88239	8.35175	
2.883	8.35144	
2.883	8.35175	
2.88239	8.35175	
2.88452	8.35083	
2.88544	8.35175	
2.88513	8.35175	
2.88544	8.35114	
2.8833	8.35083	
2.88666	8.35144	
2.88818	8.35114	
2.88452	8.35144	
2.883	8.35083	
2.88239	8.35144	
2.88025	8.35114	
2.88727	8.35144	
2.88574	8.35144	
2.88635	8.35052	
2.88574	8.35114	
2.88483	8.35175	
2.87659	8.35083	
2.88727	8.35144	
2.88849	8.35175	
2.8833	8.35144	
2.88269	8.35114	
2.88483	8.35114	
2.88361	8.35144	
2.883	8.35114	
2.88452	8.35114	
2.88452	8.35175	
2.88055	8.35114	
2.88208	8.35144	
2.88422	8.35114	
2.87872	8.35205	
2.88513	8.35175	
2.8891	8.35083	
2.8833	8.35114	
2.883	8.35144	
2.883	8.35144	
2.88116	8.35144	
2.88727	8.35114	
2.88696	8.35083	
2.88452	8.35083	
2.88208	8.35083	
2.88422	8.35114	
2.88116	8.35175	
2.88361	8.35144	
2.88666	8.35175	
2.88269	8.35175	
2.88269	8.35175	
2.88177	8.35144	
2.8833	8.35083	
2.87994	8.35083	
2.87994	8.35052	
2.88055	8.35114	
2.88605	8.35114	
2.88422	8.35083	
2.88239	8.35114	
2.88849	8.35175	
2.88849	8.35144	
2.8833	8.35114	
2.88269	8.35144	
2.88269	8.35114	
2.8833	8.35114	
2.88086	8.35052	
2.88513	8.35083	
2.87994	8.35052	
2.88116	8.35052	
2.88177	8.35114	
2.88391	8.35144	
2.88361	8.35144	
2.87628	8.35052	
2.88391	8.35114	
2.88635	8.35052	
2.883	8.35114	
2.883	8.35114	
2.8833	8.35114	
2.88208	8.35175	
2.87689	8.35052	
2.883	8.35114	
2.88574	8.35144	
2.88513	8.34991	
2.88361	8.35144	
2.88391	8.35052	
2.87933	8.35052	
2.88055	8.35083	
2.88757	8.35052	
2.88849	8.35114	
2.88391	8.35114	
2.88239	8.35083	
2.88208	8.35114	
2.88177	8.35083	
2.87567	8.35144	
2.88147	8.35144	
2.88574	8.35114	
2.88483	8.35022	
2.88116	8.35052	
2.88361	8.35144	
2.87872	8.35052	
2.88025	8.35144	
2.88727	8.35144	
2.88727	8.35114	
2.88269	8.35083	
2.88269	8.35083	
2.88177	8.35114	
2.88177	8.35114	
2.87598	8.35052	
2.88239	8.35144	
2.87933	8.35144	
2.88422	8.35114	
2.88208	8.35144	
2.8772	8.35083	
2.88086	8.35052	
2.88666	8.35175	
2.88513	8.35083	
2.88239	8.35083	
2.88116	8.35114	
2.88147	8.35083	
2.88116	8.35083	
2.88116	8.35022	
2.88513	8.35083	
2.87964	8.35175	
2.87903	8.35144	
2.88391	8.35144	
2.88361	8.35114	
2.87933	8.35144	
2.883	8.35114	
2.87384	8.34991	
2.87933	8.35114	
2.88544	8.35022	
2.88635	8.35144	
2.88239	8.35083	
2.87964	8.35052	
2.87994	8.35052	
2.88086	8.35083	
2.87933	8.35022	
2.87994	8.35022	
2.88147	8.35022	
2.8833	8.35083	
2.88086	8.35052	
2.87994	8.35022	
2.88147	8.35022	
2.87872	8.35022	
2.87872	8.35052	
2.88574	8.35083	
2.88635	8.35083	
2.88208	8.35052	
2.87933	8.35144	
2.87964	8.35022	
2.88116	8.35083	
2.88086	8.35022	
2.87628	8.35083	
2.87872	8.35114	
2.88483	8.35022	
2.88177	8.35022	
2.87842	8.34991	
2.87933	8.35052	
2.87964	8.35022	
2.88269	8.35083	
2.87872	8.35052	
2.88239	8.35022	
2.87262	8.34991	
2.87872	8.35022	
2.88605	8.35022	
2.88361	8.35052	
2.88147	8.35083	
2.87933	8.34991	
2.87994	8.35052	
2.87994	8.34991	
2.88055	8.35052	
2.87994	8.35083	
2.87933	8.35022	
2.87689	8.35022	
2.8833	8.35052	
2.88269	8.35022	
2.88177	8.35022	
2.88239	8.35083	
2.88208	8.35022	
2.88116	8.35022	
2.87354	8.34991	
2.87567	8.35083	
2.87872	8.35052	
2.88269	8.35114	
2.88208	8.35083	
2.88025	8.34991	
2.87903	8.35022	
2.88055	8.34991	
2.88055	8.34991	
2.87964	8.35022	
2.87323	8.34991	
2.88086	8.34961	
2.88025	8.34991	
2.88208	8.34991	
2.883	8.34991	
2.88116	8.34991	
2.87292	8.34961	
2.88086	8.34961	
2.88422	8.3493	
2.883	8.34991	
2.88055	8.35022	
2.87994	8.34961	
2.88055	8.35022	
2.87872	8.34991	
2.87903	8.34961	
2.87933	8.34991	
2.87628	8.34991	
2.8772	8.349	
2.8775	8.34961	
2.8775	8.34961	
2.88208	8.34869	
2.88086	8.3493	
2.88177	8.34991	
2.87323	8.35022	
2.87811	8.34991	
2.88422	8.3493	
2.88483	8.34961	
2.88635	8.34961	
2.88055	8.34991	
2.88147	8.34991	
2.87842	8.34991	
2.87964	8.35022	
2.88055	8.35022	
2.87964	8.34961	
2.8833	8.34961	
2.88391	8.3493	
2.88422	8.34991	
2.87842	8.34961	
2.87872	8.34991	
2.87964	8.34961	
2.88177	8.34961	
2.87415	8.34991	
2.8775	8.34991	
2.87872	8.34961	
2.88544	8.34961	
2.88696	8.34991	
2.88116	8.3493	
2.87903	8.34961	
2.87994	8.34991	
2.88025	8.34991	
2.87903	8.34961	
2.87476	8.34991	
2.88025	8.349	
2.87964	8.34869	
2.883	8.34991	
2.87872	8.34869	
2.87903	8.34961	
2.88147	8.349	
2.87598	8.35022	
2.87994	8.3493	
2.88269	8.34961	
2.88666	8.34991	
2.88055	8.34961	
2.87842	8.34991	
2.87933	8.3493	
2.87872	8.34991	
2.88025	8.34961	
2.88025	8.35052	
2.87476	8.34961	
2.87964	8.349	
2.87933	8.35052	
2.88239	8.34991	
2.88025	8.3493	
2.8833	8.34961	
2.88177	8.34961	
2.87994	8.349	
2.8775	8.349	
2.87445	8.349	
2.87994	8.3493	
2.88513	8.34961	
2.88635	8.34961	
2.88055	8.34991	
2.87872	8.34961	
2.87781	8.34961	
2.87994	8.34991	
2.87994	8.35052	
2.87415	8.34991	
2.88361	8.34991	
2.88086	8.349	
2.88269	8.3493	
2.88086	8.34961	
2.87872	8.349	
2.88086	8.34961	
2.87506	8.3493	
2.87933	8.34869	
2.88116	8.34991	
2.88422	8.34991	
2.88177	8.34961	
2.87933	8.34961	
2.87964	8.34961	
2.87903	8.34961	
2.87842	8.34869	
2.87415	8.349	
2.88116	8.3493	
2.87964	8.349	
2.87994	8.349	
2.87781	8.3493	
2.87659	8.34961	
2.8772	8.34869	
2.88025	8.34961	
2.87476	8.34869	
2.87659	8.3493	
2.88391	8.34869	
2.88177	8.349	
2.88513	8.34961	
2.87994	8.3493	
2.87933	8.34991	
2.87964	8.34961	
2.87781	8.34961	
2.87933	8.349	
2.87842	8.34961	
2.87842	8.34961	
2.87262	8.349	
2.87598	8.349	
2.88147	8.3493	
2.8772	8.3493	
2.88086	8.34961	
2.88025	8.349	
2.88055	8.349	
2.87933	8.3493	
2.87598	8.34869	
2.87445	8.35022	
2.8775	8.34808	
2.8833	8.34991	
2.88269	8.34991	
2.8833	8.34961	
2.87964	8.34869	
2.87964	8.349	
2.8772	8.34961	
2.87781	8.34961	
2.87811	8.3493	
2.87811	8.34869	
2.87262	8.34869	
2.88239	8.34961	
2.88208	8.35052	
2.8772	8.34869	
2.87598	8.34839	
2.87964	8.34961	
2.87842	8.34961	
2.87659	8.34869	
2.87933	8.349	
2.87903	8.34961	
2.87689	8.34961	
2.87537	8.34869	
2.88239	8.3493	
2.88239	8.34869	
2.88452	8.34839	
2.87811	8.349	
2.8772	8.34839	
2.8775	8.34869	
2.87659	8.34808	
2.8775	8.34869	
2.87659	8.34869	
2.8772	8.34869	
2.87262	8.34869	
2.87659	8.34808	
2.87445	8.349	
2.88116	8.349	
2.87384	8.34869	
2.87872	8.34869	
2.87476	8.349	
2.87994	8.34869	
2.87811	8.34869	
2.87903	8.34869	
2.87445	8.349	
2.87384	8.34839	
2.8772	8.349	
2.87903	8.3493	
2.87994	8.3493	
2.883	8.349	
2.8775	8.34869	
2.8775	8.34808	
2.87842	8.34869	
2.87598	8.349	
2.87598	8.34778	
2.87659	8.34961	
2.87659	8.34808	
2.8772	8.34808	
2.87598	8.34869	
2.8772	8.3493	
2.86957	8.34839	
2.87994	8.34839	
2.87964	8.34839	
2.87689	8.34778	
2.87689	8.34808	
2.87933	8.349	
2.8772	8.34839	
2.87903	8.34839	
2.87628	8.34839	
2.8772	8.34869	
2.8775	8.34839	
2.8714	8.34808	
2.87415	8.3493	
2.87445	8.34808	
2.87964	8.3493	
2.87933	8.34808	
2.88177	8.349	
2.87659	8.34839	
2.87567	8.34808	
2.87598	8.34869	
2.87537	8.34839	
2.87537	8.34808	
2.87628	8.34869	
2.87628	8.34778	
2.87445	8.34839	
2.87018	8.34778	
2.86926	8.34839	
2.87476	8.34839	
2.87872	8.34778	
2.87842	8.34808	
2.88025	8.34808	
2.87933	8.34839	
2.87659	8.34778	
2.87537	8.34839	
2.87872	8.34808	
2.87842	8.349	
2.87598	8.34778	
2.87445	8.34808	
2.87598	8.34808	
2.87415	8.34808	
2.88147	8.34808	
2.88147	8.34808	
2.88239	8.34808	
2.88055	8.34808	
2.88239	8.34808	
2.8772	8.34808	
2.87689	8.34808	
2.87598	8.34808	
2.87628	8.34808	
2.87537	8.34808	
2.87689	8.34839	
2.87628	8.34839	
2.8772	8.34778	
2.87018	8.34747	
2.87842	8.34869	
2.87567	8.34747	
2.87811	8.34808	
2.87964	8.34839	
2.87842	8.349	
2.87476	8.34839	
2.87567	8.34839	
2.87842	8.34839	
2.8772	8.34869	
2.8775	8.34747	
2.87201	8.34808	
2.86896	8.34808	
2.87567	8.349	
2.87506	8.34808	
2.88147	8.34839	
2.88025	8.34808	
2.88086	8.34808	
2.8833	8.34808	
2.87598	8.34808	
2.8772	8.34778	
2.87567	8.349	
2.87628	8.34778	
2.87567	8.34869	
2.87659	8.34869	
2.87598	8.34839	
2.87628	8.34808	
2.87018	8.34808	
2.87933	8.34839	
2.87384	8.34808	
2.87292	8.34808	
2.8775	8.34869	
2.87628	8.34808	
2.8772	8.34808	
2.87689	8.34808	
2.87537	8.34808	
2.87781	8.34808	
2.87384	8.34717	
2.8714	8.34808	
2.87262	8.349	
2.87445	8.34839	
2.87506	8.34808	
2.87964	8.34778	
2.88086	8.34778	
2.88269	8.34778	
2.88208	8.34839	
2.87872	8.34839	
2.88239	8.34839	
2.8833	8.349	
2.88208	8.34839	
2.88147	8.34869	
2.8772	8.34808	
2.87659	8.34808	
2.87659	8.34778	
2.87506	8.349	
2.87598	8.34839	
2.87598	8.34778	
2.87567	8.34808	
2.87659	8.34778	
2.87598	8.34808	
2.87628	8.34808	
2.87628	8.34778	
2.87598	8.34808	
2.87567	8.34778	
2.87415	8.34717	
2.86926	8.34808	
2.87292	8.34747	
2.87872	8.34747	
2.87994	8.34869	
2.87445	8.34778	
2.87933	8.34778	
2.87659	8.34808	
2.87415	8.34778	
2.8772	8.34747	
2.87476	8.34778	
2.87811	8.34808	
2.87842	8.34778	
2.87537	8.34808	
2.8775	8.34778	
2.86957	8.34747	
2.86957	8.34747	
2.87445	8.34808	
2.87384	8.34869	
2.87415	8.34686	
2.87842	8.34778	
2.87811	8.34778	
2.88239	8.34747	
2.87628	8.34778	
2.87598	8.34778	
2.87506	8.34808	
2.87506	8.34778	
2.87415	8.34808	
2.87506	8.34747	
2.87506	8.34778	
2.87415	8.34778	
2.87415	8.34778	
2.86926	8.34778	
2.87903	8.34747	
2.87476	8.34778	
2.87811	8.34808	
2.87231	8.34839	
2.87354	8.34747	
2.87445	8.34778	
2.8772	8.34747	
2.87781	8.34808	
2.87506	8.34717	
2.87689	8.34778	
2.87659	8.34808	
2.87384	8.34747	
2.86804	8.34747	
2.87262	8.34808	
2.87231	8.34808	
2.87872	8.34778	
2.87872	8.34778	
2.88086	8.34778	
2.87445	8.34808	
2.87445	8.34747	
2.87415	8.34808	
2.87384	8.34808	
2.87415	8.34808	
2.87384	8.34747	
2.87384	8.34778	
2.87415	8.34808	
2.87445	8.34778	
2.87262	8.34717	
2.8714	8.34747	
2.87842	8.34808	
2.87781	8.34747	
2.87628	8.34686	
2.87262	8.34778	
2.87292	8.34778	
2.87689	8.34778	
2.87323	8.34717	
2.87445	8.34747	
2.87476	8.34778	
2.87689	8.34778	
2.87323	8.34717	
2.87537	8.34808	
2.87537	8.34656	
2.87567	8.34747	
2.87537	8.34686	
2.87262	8.34747	
2.86713	8.34747	
2.86652	8.34747	
2.87201	8.34808	
2.87292	8.34686	
2.87872	8.34778	
2.8772	8.34747	
2.87872	8.34747	
2.8772	8.34717	
2.87964	8.34717	
2.87659	8.34747	
2.87537	8.34625	
2.87506	8.34686	
2.87292	8.34747	
2.87262	8.34686	
2.87323	8.34717	
2.87323	8.34778	
2.87323	8.34686	
2.87292	8.34778	
2.87262	8.34625	
2.87415	8.34717	
2.87323	8.34717	
2.87262	8.34686	
2.87292	8.34717	
2.87292	8.34747	
2.86926	8.34686	
2.87201	8.34717	
2.86926	8.34686	
2.86652	8.34747	
2.87445	8.34808	
2.87109	8.34778	
2.87506	8.34747	
2.8714	8.34686	
2.87048	8.34686	
2.8714	8.34747	
2.87598	8.34656	
2.87628	8.34717	
2.87262	8.34747	
2.87567	8.34747	
2.87537	8.34717	
2.87415	8.34717	
2.87476	8.34686	
2.87201	8.34717	
2.87628	8.34686	
2.87292	8.34686	
2.87079	8.34656	
2.87384	8.34717	
2.87109	8.34778	
2.87018	8.34625	
2.87018	8.34808	
2.87109	8.34686	
2.87292	8.34778	
2.87384	8.34686	
2.87323	8.34747	
2.87262	8.34717	
2.87201	8.34808	
2.87537	8.34686	
2.87476	8.34747	
2.87292	8.34656	
2.87109	8.34625	
2.87201	8.34686	
2.87445	8.34717	
2.87445	8.34808	
2.87445	8.34747	
2.87354	8.34747	
2.87506	8.34686	
2.87384	8.34717	
2.87415	8.34747	
2.87384	8.34656	
2.86743	8.34656	
2.8656	8.34686	
2.8653	8.34686	
2.8656	8.34717	
2.87201	8.34747	
2.86865	8.34717	
2.86987	8.34717	
2.87231	8.34747	
2.87079	8.34686	
2.87872	8.34747	
2.87933	8.34656	
2.87659	8.34686	
2.87689	8.34717	
2.8775	8.34808	
2.87476	8.34747	
2.87262	8.34747	
2.87323	8.34778	
2.87323	8.34686	
2.87323	8.34686	
2.87384	8.34656	
2.87292	8.34686	
2.87323	8.34747	
2.87292	8.34595	
2.87354	8.34656	
2.87323	8.34625	
2.87415	8.34656	
2.87292	8.34686	
2.87231	8.34747	
2.87262	8.34717	
2.87201	8.34747	
2.8714	8.34656	
2.87262	8.34717	
2.87292	8.34656	
2.8714	8.34717	
2.87201	8.34717	
2.87292	8.34717	
2.87292	8.34747	
2.87262	8.34717	
2.87292	8.34686	
2.87262	8.34686	
2.8717	8.34778	
2.87201	8.34717	
2.87262	8.34686	
2.87262	8.34686	
2.87262	8.34717	
2.8717	8.34717	
2.87201	8.34686	
2.8717	8.34686	
2.87231	8.34717	
2.87201	8.34656	
2.87292	8.34686	
2.87292	8.34625	
2.87231	8.34595	
2.87292	8.34656	
2.87231	8.34686	
2.87262	8.34686	
2.87231	8.34656	
2.87231	8.34656	
2.87231	8.34747	
2.8714	8.34686	
2.8714	8.34686	
2.8717	8.34686	
2.87201	8.34686	
2.87201	8.34656	
2.87201	8.34656	
2.87262	8.34686	
2.8717	8.34625	
2.8714	8.34717	
2.87262	8.34686	
2.87354	8.34717	
2.87323	8.34686	
2.87292	8.34686	
2.87598	8.34656	
2.87415	8.34625	
2.87598	8.34717	
2.87628	8.34656	
2.87537	8.34717	
2.87811	8.34686	
2.87537	8.34656	
2.87079	8.34625	
2.8653	8.34625	
2.87079	8.34656	
2.86896	8.34686	
2.8714	8.34656	
2.87323	8.34717	
2.87354	8.34625	
2.87231	8.34564	
2.87079	8.34595	
2.86926	8.34717	
2.87262	8.34625	
2.87231	8.34717	
2.87323	8.34686	
2.87292	8.34717	
2.87354	8.34717	
2.87262	8.34656	
2.87292	8.34656	
2.87323	8.34686	
2.87384	8.34747	
2.87262	8.34686	
2.87231	8.34656	
2.86957	8.34686	
2.8714	8.34747	
2.87384	8.34656	
2.87415	8.34717	
2.87079	8.34595	
2.87201	8.34656	
2.86987	8.34625	
2.86926	8.34595	
2.87506	8.34595	
2.87048	8.34564	
2.87567	8.34595	
2.86591	8.34686	
2.86621	8.34564	
2.86621	8.34595	
2.8653	8.34595	
2.86469	8.34595	
2.86957	8.34595	
2.8717	8.34595	
2.8714	8.34595	
2.87109	8.34595	
2.87018	8.34625	
2.87079	8.34625	
2.87109	8.34625	
2.8714	8.34625	
2.87109	8.34625	
2.86987	8.34564	
2.86987	8.34625	
2.87109	8.34625	
2.87048	8.34595	
2.87048	8.34625	
2.86957	8.34625	
2.86987	8.34656	
2.8717	8.34625	
2.8714	8.34717	
2.86987	8.34625	
2.87109	8.34686	
2.8717	8.34625	
2.8717	8.34625	
2.87659	8.34686	
2.87384	8.34656	
2.87689	8.34656	
2.87445	8.34656	
2.87476	8.34625	
2.87415	8.34564	
2.87628	8.34564	
2.87567	8.34625	
2.87506	8.34625	
2.87659	8.34625	
2.8714	8.34595	
2.87292	8.34595	
2.86835	8.34656	
2.86804	8.34625	
2.86774	8.34625	
2.86835	8.34656	
2.86469	8.34656	
2.86743	8.34564	
2.86407	8.34564	
2.86438	8.34564	
2.86743	8.34595	
2.86743	8.34595	
2.86987	8.34564	
2.87079	8.34595	
2.86682	8.34473	
2.8714	8.34503	
2.87109	8.34564	
2.87109	8.34595	
2.87109	8.34503	
2.87231	8.34564	
2.8714	8.34564	
2.87109	8.34564	
2.86896	8.34595	
2.87048	8.34503	
2.86896	8.34564	
2.86926	8.34595	
2.87048	8.34534	
2.86804	8.34503	
2.86743	8.34534	
2.87262	8.34595	
2.87354	8.34564	
2.86865	8.34564	
2.8714	8.34503	
2.8714	8.34534	
2.87231	8.34473	
2.87231	8.34503	
2.8714	8.34564	
2.86224	8.34595	
2.86469	8.34503	
2.86926	8.34564	
2.86896	8.34473	
2.86835	8.34595	
2.86926	8.34564	
2.86926	8.34564	
2.86926	8.34503	
2.86896	8.34534	
2.86896	8.34503	
2.86835	8.34534	
2.86835	8.34503	
2.86865	8.34564	
2.87048	8.34595	
2.87079	8.34564	
2.87018	8.34564	
2.86957	8.34595	
2.87018	8.34564	
2.86926	8.34503	
2.86926	8.34564	
2.87323	8.34473	
2.87354	8.34564	
2.87354	8.34503	
2.87506	8.34595	
2.87476	8.34534	
2.87323	8.34595	
2.8714	8.34625	
2.86896	8.34564	
2.86835	8.34564	
2.8656	8.34503	
2.87109	8.34595	
2.86896	8.34534	
2.86987	8.34625	
2.87109	8.34564	
2.87018	8.34625	
2.86926	8.34534	
2.86835	8.34503	
2.86926	8.34564	
2.86957	8.34564	
2.86865	8.34534	
2.87048	8.34534	
2.87262	8.34564	
2.87079	8.34564	
2.87231	8.34534	
2.87018	8.34595	
2.86713	8.34503	
2.87354	8.34564	
2.86713	8.34534	
2.86652	8.34564	
2.86896	8.34473	
2.87018	8.34503	
2.8656	8.34595	
2.86285	8.34595	
2.86621	8.34534	
2.86957	8.34534	
2.86743	8.34473	
2.86835	8.34564	
2.86926	8.34595	
2.86987	8.34564	
2.86926	8.34534	
2.86926	8.34564	
2.86987	8.34534	
2.86896	8.34595	
2.86774	8.34625	
2.86835	8.34595	
2.86896	8.34534	
2.86926	8.34534	
2.86835	8.34564	
2.86865	8.34534	
2.87018	8.34534	
2.8717	8.34564	
2.87537	8.34564	
2.87323	8.34564	
2.87415	8.34625	
2.87354	8.34595	
2.87506	8.34595	
2.86896	8.34564	
2.86743	8.34503	
2.86835	8.34503	
2.86285	8.34534	
2.87079	8.34564	
2.87048	8.34564	
2.87048	8.34534	
2.86835	8.34564	
2.86774	8.34503	
2.86713	8.34564	
2.86987	8.34534	
2.86713	8.34564	
2.87292	8.34595	
2.87231	8.34625	
2.87201	8.34595	
2.86865	8.34503	
2.86896	8.34564	
2.87018	8.34503	
2.87048	8.34564	
2.86865	8.34503	
2.87018	8.34564	
2.86285	8.34442	
2.86163	8.34503	
2.86713	8.34473	
2.86896	8.34503	
2.86835	8.34503	
2.86957	8.34564	
2.86926	8.34595	
2.86865	8.34503	
2.86682	8.34595	
2.86865	8.34564	
2.86957	8.34564	
2.87445	8.34534	
2.87262	8.34564	
2.87445	8.34595	
2.86621	8.34534	
2.86774	8.34503	
2.86194	8.34473	
2.86469	8.34473	
2.87018	8.34503	
2.87018	8.34564	
2.86652	8.34564	
2.86835	8.34534	
2.86987	8.34534	
2.87109	8.34534	
2.86926	8.34503	
2.8714	8.34595	
2.87201	8.34625	
2.86804	8.34595	
2.86835	8.34534	
2.86926	8.34503	
2.86194	8.34503	
2.86865	8.34534	
2.86926	8.34564	
2.86743	8.34503	
2.86835	8.34473	
2.86774	8.34473	
2.86896	8.34595	
2.87384	8.34534	
2.87292	8.34473	
2.86713	8.34534	
2.86591	8.34534	
2.86224	8.34412	
2.86926	8.34503	
2.86835	8.34564	
2.86652	8.34503	
2.87018	8.34503	
2.8714	8.34503	
2.86743	8.34412	
2.86743	8.34473	
2.86499	8.34412	
2.86255	8.34473	
2.86621	8.34503	
2.86774	8.34473	
2.86804	8.34442	
2.86774	8.34412	
2.86743	8.34412	
2.86652	8.34503	
2.86743	8.34473	
2.86835	8.34473	
2.86926	8.34503	
2.87445	8.34534	
2.87354	8.34503	
2.87079	8.34381	
2.8714	8.34473	
2.86621	8.34503	
2.86896	8.34564	
2.86896	8.34503	
2.86682	8.34473	
2.87079	8.34442	
2.87018	8.34473	
2.8653	8.34442	
2.8717	8.34412	
2.86499	8.34412	
2.87048	8.34534	
2.86072	8.34473	
2.86713	8.34503	
2.86743	8.34473	
2.86743	8.34534	
2.86713	8.34473	
2.86682	8.34473	
2.86652	8.34412	
2.86804	8.34534	
2.8717	8.34442	
2.87323	8.34534	
2.87109	8.34473	
2.87201	8.34503	
2.86499	8.34473	
2.86133	8.34442	
2.86163	8.34473	
2.86835	8.34412	
2.8656	8.34503	
2.86804	8.34564	
2.86957	8.34473	
2.86469	8.34473	
2.86865	8.34503	
2.87079	8.34503	
2.86743	8.34473	
2.8653	8.34564	
2.86835	8.34442	
2.86682	8.34442	
2.87018	8.34473	
2.86133	8.34473	
2.8598	8.3432	
2.86285	8.34381	
2.86591	8.34473	
2.86621	8.34473	
2.86621	8.34473	
2.86713	8.34412	
2.8653	8.34412	
2.86652	8.34442	
2.8653	8.34412	
2.86591	8.34473	
2.86713	8.34412	
2.86865	8.34503	
2.86987	8.34412	
2.86865	8.34442	
2.86438	8.34381	
2.8598	8.34381	
2.8598	8.34381	
2.86743	8.34412	
2.86743	8.34351	
2.86713	8.34351	
2.86469	8.34412	
2.86835	8.34412	
2.86346	8.34442	
2.86407	8.34412	
2.86713	8.34381	
2.86835	8.34381	
2.8595	8.34412	
2.86621	8.34351	
2.86682	8.34381	
2.86499	8.34381	
2.8656	8.34473	
2.86621	8.34381	
2.86591	8.34381	
2.87109	8.34351	
2.86926	8.34412	
2.86926	8.34412	
2.86865	8.34473	
2.87018	8.34412	
2.86743	8.34442	
2.86469	8.34442	
2.86102	8.34473	
2.8595	8.34381	
2.8598	8.34473	
2.86743	8.34381	
2.86774	8.34412	
2.86743	8.34412	
2.86743	8.34503	
2.86743	8.34412	
2.86591	8.34442	
2.86713	8.34442	
2.86957	8.34442	
2.86438	8.34473	
2.86987	8.34381	
2.8656	8.34442	
2.86102	8.34412	
2.8653	8.34442	
2.86591	8.34412	
2.86469	8.34473	
2.8653	8.34381	
2.86438	8.34412	
2.86591	8.34412	
2.86896	8.34442	
2.86469	8.34412	
2.86407	8.34473	
2.86469	8.34503	
2.86682	8.34442	
2.86774	8.34442	
2.86652	8.34473	
2.86926	8.34473	
2.86407	8.34381	
2.86804	8.34442	
2.86407	8.34442	
2.86407	8.34442	
2.86957	8.34412	
2.85919	8.34473	
2.86438	8.34412	
2.86438	8.34442	
2.8653	8.34473	
2.86591	8.34473	
2.86499	8.34442	
2.86377	8.34412	
2.86469	8.34473	
2.86865	8.34442	
2.86896	8.34442	
2.86987	8.34412	
2.86316	8.34473	
2.86194	8.34442	
2.86499	8.34442	
2.86652	8.34473	
2.86438	8.34412	
2.86682	8.34473	
2.86835	8.34381	
2.86835	8.34442	
2.8653	8.34473	
2.86865	8.34473	
2.86652	8.34442	
2.85767	8.34473	
2.86469	8.34412	
2.86499	8.34473	
2.86621	8.34412	
2.8653	8.34412	
2.86713	8.34442	
2.86926	8.34473	
2.86407	8.34442	
2.86407	8.34473	
2.86407	8.34381	
2.86713	8.34412	
2.86316	8.34412	
2.86682	8.34412	
2.86346	8.34412	
2.86682	8.34412	
2.86591	8.34381	
2.86743	8.34473	
2.8598	8.34442	
2.86469	8.34412	
2.8656	8.34412	
2.8653	8.34412	
2.86652	8.34473	
2.87109	8.34442	
2.86926	8.34473	
2.86438	8.34351	
2.86316	8.34351	
2.86713	8.34381	
2.86377	8.34412	
2.86926	8.34412	
2.86438	8.34381	
2.86743	8.34381	
2.86835	8.34351	
2.86316	8.3432	
2.86469	8.34442	
2.86255	8.34381	
2.86469	8.34381	
2.86469	8.34442	
2.86621	8.34381	
2.86469	8.34351	
2.8653	8.3432	
2.8717	8.34473	
2.86987	8.34412	
2.87018	8.34473	
2.86438	8.34381	
2.85858	8.34381	
2.86438	8.34351	
2.86652	8.34351	
2.86285	8.34412	
2.86743	8.34412	
2.86835	8.34442	
2.86469	8.34351	
2.86499	8.34412	
2.86438	8.3432	
2.86407	8.34412	
2.86469	8.34442	
2.86499	8.34381	
2.86346	8.34381	
2.8656	8.34442	
2.86743	8.34412	
2.86865	8.34381	
2.87048	8.34381	
2.86316	8.34351	
2.86438	8.3429	
2.86499	8.3432	
2.86438	8.34381	
2.8653	8.34259	
2.86682	8.34351	
2.86774	8.3432	
2.86194	8.34381	
2.8598	8.3432	
2.86285	8.34351	
2.86407	8.34351	
2.86407	8.34381	
2.86316	8.3429	
2.86285	8.34381	
2.86346	8.34351	
2.86346	8.3432	
2.86743	8.3429	
2.86743	8.34351	
2.86285	8.3432	
2.85889	8.34381	
2.86041	8.34351	
2.86621	8.3429	
2.86285	8.34351	
2.86652	8.34351	
2.86133	8.3432	
2.86041	8.3432	
2.86377	8.3432	
2.85858	8.34351	
2.86377	8.3429	
2.86377	8.3432	
2.86377	8.3432	
2.86285	8.34351	
2.86255	8.34381	
2.86469	8.3432	
2.86926	8.34381	
2.86865	8.34412	
2.86102	8.3429	
2.86072	8.3432	
2.86438	8.34412	
2.86285	8.3429	
2.86652	8.3432	
2.86743	8.3432	
2.86041	8.34381	
2.86438	8.34412	
2.86377	8.3432	
2.86255	8.3429	
2.86255	8.34351	
2.86346	8.3432	
2.86285	8.3432	
2.86407	8.34381	
2.86926	8.34351	
2.86743	8.34442	
2.86041	8.34442	
2.85553	8.3432	
2.8598	8.34351	
2.86438	8.34381	
2.86591	8.34381	
2.86133	8.34351	
2.86285	8.34351	
2.86682	8.3432	
2.85614	8.3432	
2.86316	8.3432	
2.86285	8.3429	
2.86194	8.3429	
2.86346	8.3429	
2.86987	8.3432	
2.86743	8.34259	
2.85645	8.34259	
2.86407	8.3432	
2.86255	8.34351	
2.86041	8.34259	
2.86133	8.3429	
2.86285	8.3429	
2.86255	8.3432	
2.86255	8.3429	
2.86255	8.3429	
2.86255	8.3429	
2.86346	8.3429	
2.86407	8.34259	
2.86865	8.34351	
2.86072	8.34259	
2.85583	8.34259	
2.86438	8.34229	
2.86407	8.3432	
2.8598	8.3429	
2.86621	8.3432	
2.85675	8.3432	
2.86194	8.34259	
2.86255	8.34351	
2.86255	8.34259	
2.86224	8.3429	
2.86316	8.3429	
2.86774	8.3429	
2.86713	8.34351	
2.86255	8.3429	
2.85675	8.34259	
2.86316	8.34259	
2.86072	8.3429	
2.85919	8.34259	
2.86072	8.3429	
2.85858	8.3429	
2.86255	8.34259	
2.86072	8.34259	
2.86194	8.34259	
2.86285	8.3432	
2.86682	8.3432	
2.86743	8.34412	
2.85614	8.34351	
2.86346	8.3429	
2.86041	8.34259	
2.86346	8.34351	
2.86072	8.3432	
2.86011	8.3429	
2.86011	8.34351	
2.85492	8.34259	
2.86133	8.3432	
2.86133	8.3429	
2.86163	8.3429	
2.86194	8.34259	
2.86102	8.34229	
2.86377	8.34229	
2.86713	8.3432	
2.86041	8.3432	
2.85522	8.3429	
2.86407	8.34259	
2.86133	8.3429	
2.86285	8.34259	
2.8653	8.3429	
2.86652	8.3429	
2.86285	8.3429	
2.86224	8.34351	
2.86224	8.34412	
2.86255	8.3432	
2.86224	8.3429	
2.86316	8.34259	
2.86835	8.3432	
2.86255	8.3432	
2.86072	8.3429	
2.86346	8.3429	
2.86224	8.34351	
2.8598	8.3429	
2.86072	8.3429	
2.85553	8.34351	
2.86255	8.3432	
2.86224	8.3429	
2.86133	8.3432	
2.8653	8.3429	
2.86438	8.34381	
2.86102	8.34229	
2.86102	8.3429	
2.86438	8.3432	
2.86285	8.3432	
2.86224	8.3429	
2.86591	8.3432	
2.86652	8.3429	
2.86194	8.3432	
2.86224	8.34259	
2.86163	8.3429	
2.86133	8.3432	
2.86377	8.34259	
2.86713	8.34351	
2.86499	8.3432	
2.8598	8.34229	
2.85614	8.34229	
2.86316	8.3432	
2.86377	8.3429	
2.8656	8.34351	
2.86499	8.3429	
2.86102	8.3432	
2.86163	8.34351	
2.86163	8.3429	
2.86163	8.3432	
2.86255	8.3432	
2.86163	8.34351	
2.86438	8.3432	
2.8653	8.3429	
2.86682	8.3432	
2.85583	8.3429	
2.86499	8.34351	
2.86041	8.3432	
2.85919	8.34351	
2.86133	8.3429	
2.85522	8.3429	
2.86163	8.3432	
2.86072	8.3432	
2.86163	8.34381	
2.86285	8.3432	
2.86499	8.34229	
2.86102	8.3432	
2.86285	8.34259	
2.86499	8.34229	
2.86407	8.3432	
2.8595	8.3429	
2.8656	8.34259	
2.86133	8.34259	
2.86133	8.3432	
2.86041	8.34351	
2.86255	8.3432	
2.86438	8.3429	
2.86041	8.3429	
2.85461	8.3432	
2.86316	8.3429	
2.86255	8.34198	
2.85919	8.3429	
2.86377	8.34259	
2.86133	8.3432	
2.86133	8.3429	
2.86133	8.34351	
2.8656	8.3429	
2.86316	8.34259	
2.85492	8.34259	
2.86285	8.3432	
2.85889	8.3432	
2.86041	8.3429	
2.86346	8.34351	
2.86194	8.3429	
2.85431	8.3429	
2.86072	8.34351	
2.8598	8.34351	
2.86102	8.3432	
2.86499	8.3429	
2.85919	8.3432	
2.8595	8.3432	
2.86285	8.3429	
2.85889	8.3429	
2.86316	8.34259	
2.86133	8.34259	
2.85431	8.34229	
2.86041	8.3429	
2.8598	8.34229	
2.86194	8.3429	
2.86652	8.34259	
2.86499	8.3429	
2.8598	8.34259	
2.86163	8.34259	
2.85919	8.34229	
2.85919	8.34229	
2.85736	8.34198	
2.86377	8.3429	
2.86255	8.34229	
2.8595	8.3429	
2.86011	8.34229	
2.86011	8.34229	
2.86072	8.34229	
2.86713	8.34229	
2.86407	8.34259	
2.85431	8.3429	
2.86163	8.34229	
2.85889	8.34259	
2.85858	8.3429	
2.85919	8.34259	
2.8598	8.3429	
2.86072	8.3429	
2.86041	8.3429	
2.86041	8.34259	
2.86346	8.34259	
2.85858	8.34259	
2.86194	8.34351	
2.85889	8.34259	
2.85919	8.34259	
2.86163	8.34259	
2.85583	8.34198	
2.8595	8.34198	
2.8598	8.34229	
2.86041	8.34167	
2.86285	8.34259	
2.85889	8.34167	
2.85553	8.34198	
2.8598	8.34229	
2.85797	8.3429	
2.86133	8.34198	
2.86163	8.34167	
2.8595	8.34259	
2.8595	8.3429	
2.85858	8.34259	
2.8595	8.34259	
2.86316	8.3429	
2.854	8.34229	
2.8598	8.34229	
2.86133	8.34259	
2.86255	8.3429	
2.86255	8.34259	
2.8598	8.3429	
2.85858	8.34259	
2.86041	8.34229	
2.86591	8.34259	
2.85706	8.34198	
2.85339	8.3429	
2.86072	8.34198	
2.86163	8.34167	
2.85706	8.3429	
2.85797	8.34229	
2.85828	8.34259	
2.85919	8.34229	
2.85889	8.34229	
2.8598	8.3429	
2.86224	8.34229	
2.85828	8.34198	
2.86102	8.3432	
2.86163	8.34229	
2.85828	8.34229	
2.85858	8.34229	
2.85889	8.3429	
2.85889	8.34259	
2.85767	8.34167	
2.86469	8.34198	
2.8598	8.34198	
2.8595	8.34198	
2.86041	8.34229	
2.85706	8.34229	
2.85645	8.34229	
2.85828	8.34229	
2.85767	8.34229	
2.8595	8.34259	
2.85797	8.3429	
2.86285	8.34259	
2.85736	8.3429	
2.85919	8.34259	
2.86011	8.34198	
2.85675	8.34229	
2.85919	8.34229	
2.85919	8.3429	
2.85889	8.34229	
2.85919	8.34229	
2.86072	8.34137	
2.86194	8.34167	
2.85706	8.34198	
2.86041	8.34229	
2.86163	8.34198	
2.85645	8.34229	
2.85187	8.34137	
2.85889	8.3429	
2.85736	8.34229	
2.86224	8.34198	
2.86285	8.34198	
2.85583	8.34229	
2.86041	8.3429	
2.86102	8.34167	
2.86102	8.34198	
2.85614	8.34198	
2.85553	8.34167	
2.85828	8.34229	
2.8598	8.34167	
2.85828	8.34198	
2.86133	8.34229	
2.86194	8.34198	
2.85248	8.34137	
2.85858	8.34259	
2.85675	8.34229	
2.86377	8.34198	
2.86285	8.34198	
2.8595	8.34137	
2.85889	8.34198	
2.85828	8.34198	
2.86224	8.34198	
2.86499	8.34167	
2.85309	8.34076	
2.8598	8.34137	
2.86194	8.34198	
2.86346	8.3429	
2.85248	8.34198	
2.85889	8.34198	
2.85919	8.34167	
2.85736	8.34167	
2.8653	8.34259	
2.86407	8.34229	
2.85706	8.34167	
2.86102	8.34229	
2.8598	8.34198	
2.85889	8.34229	
2.85828	8.34167	
2.85431	8.34198	
2.85858	8.34167	
2.85919	8.34259	
2.86041	8.34259	
2.86407	8.34167	
2.85706	8.34167	
2.86041	8.34198	
2.86224	8.34229	
2.85858	8.34198	
2.85706	8.34198	
2.85858	8.34137	
2.85889	8.34198	
2.85858	8.3429	
2.85919	8.34167	
2.86469	8.34137	
2.854	8.34198	
2.86011	8.34167	
2.86041	8.34229	
2.86041	8.34229	
2.86133	8.34198	
2.86072	8.34198	
2.85828	8.34167	
2.85828	8.34137	
2.85828	8.34137	
2.86407	8.34106	
2.86102	8.34167	
2.85309	8.34198	
2.8598	8.34076	
2.85858	8.34137	
2.85767	8.34137	
2.86316	8.34198	
2.86102	8.34198	
2.85736	8.34076	
2.85889	8.34137	
2.85858	8.34198	
2.85919	8.34167	
2.86163	8.34167	
2.85797	8.34137	
2.8598	8.34106	
2.85645	8.34106	
2.85614	8.34167	
2.85675	8.34076	
2.85736	8.34106	
2.85156	8.34198	
2.85858	8.34106	
2.85767	8.34137	
2.85828	8.34137	
2.86163	8.34106	
2.85767	8.34137	
2.8598	8.34076	
2.85767	8.34167	
2.85736	8.34076	
2.86102	8.34198	
2.85858	8.34137	
2.85828	8.34137	
2.85797	8.34167	
2.86285	8.34167	
2.85767	8.34167	
2.8595	8.34167	
2.86041	8.34198	
2.85522	8.34137	
2.86163	8.34106	
2.85797	8.34137	
2.85736	8.34106	
2.85767	8.34045	
2.86194	8.34198	
2.86346	8.34167	
2.85156	8.34137	
2.8598	8.34229	
2.85553	8.34076	
2.85858	8.34167	
2.86011	8.34167	
2.85767	8.34167	
2.85767	8.34167	
2.85797	8.34106	
2.86438	8.34137	
2.86316	8.34229	
2.85431	8.34106	
2.85919	8.34106	
2.86102	8.34137	
2.8598	8.34106	
2.85797	8.34076	
2.85797	8.34198	
2.85736	8.34198	
2.85767	8.34198	
2.86407	8.34106	
2.85553	8.34229	
2.85858	8.34137	
2.85828	8.34137	
2.85736	8.34137	
2.86133	8.34229	
2.85248	8.34137	
2.85706	8.34167	
2.85675	8.34198	
2.85736	8.34167	
2.86346	8.34167	
2.86163	8.34167	
2.8537	8.34167	
2.8595	8.34137	
2.85492	8.34137	
2.8595	8.34137	
2.85797	8.34137	
2.85675	8.34076	
2.85553	8.34167	
2.85675	8.34198	
2.85919	8.34167	
2.8537	8.34137	
2.85706	8.34167	
2.85431	8.34167	
2.85461	8.34167	
2.85004	8.34076	
2.85645	8.34076	
2.85645	8.34137	
2.86194	8.34198	
2.85919	8.34137	
2.85004	8.34137	
2.85889	8.34106	
2.86041	8.34137	
2.85797	8.34137	
2.85645	8.34167	
2.85492	8.34137	
2.85706	8.34106	
2.86041	8.34015	
2.85583	8.34137	
2.85614	8.34137	
2.85614	8.34045	
2.85339	8.34076	
2.854	8.34076	
2.85553	8.34045	
2.85583	8.34137	
2.86194	8.34106	
2.85797	8.34137	
2.84943	8.34076	
2.85431	8.34137	
2.85309	8.34076	
2.85889	8.34167	
2.85004	8.34106	
2.85522	8.34076	
2.85553	8.34167	
2.8595	8.34106	
2.85553	8.34045	
2.85675	8.34167	
2.85706	8.34076	
2.8537	8.34045	
2.85492	8.34106	
2.85583	8.34076	
2.85492	8.34076	
2.85645	8.34167	
2.86102	8.34137	
2.85004	8.34137	
2.85675	8.34137	
2.85492	8.34167	
2.8595	8.34137	
2.85034	8.34106	
2.85522	8.34167	
2.85522	8.34106	
2.85706	8.34137	
2.85889	8.34106	
2.85492	8.34076	
2.85706	8.34076	
2.85919	8.34076	
2.85645	8.34167	
2.85187	8.34045	
2.85583	8.34076	
2.85553	8.34137	
2.8595	8.34076	
2.85919	8.34167	
2.85675	8.34167	
2.85522	8.34167	
2.85736	8.34076	
2.8595	8.34106	
2.85248	8.34167	
2.85583	8.34076	
2.85583	8.34076	
2.86133	8.34106	
2.85553	8.34137	
2.85522	8.34137	
2.85889	8.34015	
2.85492	8.34137	
2.85828	8.34167	
2.85492	8.34045	
2.85553	8.34106	
2.85645	8.34106	
2.86194	8.34076	
2.85126	8.34106	
2.85736	8.34137	
2.85736	8.34167	
2.85736	8.34198	
2.85187	8.34167	
2.85583	8.34106	
2.85492	8.34076	
2.8598	8.34106	
2.85278	8.34106	
2.85736	8.34076	
2.8537	8.34045	
2.85706	8.34045	
2.84973	8.34015	
2.85583	8.34045	
2.85522	8.34045	
2.8598	8.34106	
2.8537	8.34076	
2.85492	8.34106	
2.85797	8.34076	
2.85614	8.34106	
2.85522	8.34076	
2.85645	8.34076	
2.85461	8.34015	
2.85736	8.34076	
2.85706	8.34045	
2.85675	8.34076	
2.84943	8.34076	
2.85645	8.34106	
2.85553	8.34015	
2.86194	8.34045	
2.85797	8.34076	
2.85339	8.34076	
2.85583	8.34045	
2.85828	8.34045	
2.85461	8.34045	
2.85614	8.34045	
2.85522	8.34076	
2.85583	8.34076	
2.86133	8.34076	
2.85553	8.34076	
2.85461	8.34045	
2.85492	8.34076	
2.85339	8.34167	
2.8537	8.34045	
2.85522	8.34015	
2.85553	8.34137	
2.85919	8.34015	
2.85461	8.34076	
2.85797	8.34045	
2.854	8.34106	
2.85736	8.34106	
2.85583	8.34106	
2.85492	8.34106	
2.85675	8.34106	
2.85889	8.34076	
2.85065	8.34076	
2.85492	8.34045	
2.85553	8.34015	
2.85583	8.34106	
2.85553	8.34045	
2.85461	8.34045	
2.8595	8.34076	
2.8537	8.33954	
2.85645	8.34076	
2.85278	8.34076	
2.85278	8.34076	
2.8537	8.34076	
2.85522	8.34045	
2.85492	8.34137	
2.86163	8.34137	
2.85736	8.34045	
2.85553	8.34015	
2.85767	8.34015	
2.85278	8.33954	
2.85583	8.33984	
2.85522	8.34106	
2.85553	8.34076	
2.86255	8.34045	
2.85919	8.34106	
2.85675	8.34137	
2.85339	8.34106	
2.85767	8.34076	
2.85675	8.34076	
2.85492	8.34106	
2.85492	8.34076	
2.85583	8.34076	
2.85828	8.34076	
2.85187	8.34045	
2.85583	8.33984	
2.85828	8.34045	
2.85278	8.33984	
2.85522	8.34076	
2.854	8.34076	
2.85553	8.34045	
2.86072	8.34106	
2.84851	8.34137	
2.8537	8.34015	
2.8537	8.34045	
2.84821	8.34045	
2.85492	8.34106	
2.85431	8.34045	
2.86194	8.34106	
2.85309	8.34045	
2.85492	8.34076	
2.85217	8.34106	
2.85583	8.34076	
2.85278	8.34045	
2.85339	8.34015	
2.85461	8.34137	
2.85858	8.34076	
2.84821	8.34045	
2.85797	8.34015	
2.85187	8.34076	
2.8476	8.33984	
2.85339	8.34045	
2.85248	8.34015	
2.85767	8.34015	
2.84729	8.34045	
2.85706	8.34045	
2.85553	8.34076	
2.84851	8.34015	
2.8537	8.34106	
2.8598	8.34045	
2.85278	8.34045	
2.85645	8.34076	
2.85278	8.34045	
2.85583	8.34015	
2.85339	8.34045	
2.85278	8.33984	
2.85431	8.33984	
2.85706	8.33984	
2.85309	8.34045	
2.85492	8.34045	
2.85248	8.33984	
2.85675	8.34045	
2.8537	8.34076	
2.8537	8.33984	
2.85919	8.33984	
2.85309	8.33984	
2.85492	8.34045	
2.85431	8.34015	
2.85156	8.34045	
2.8537	8.34045	
2.85309	8.33984	
2.86072	8.34045	
2.85156	8.34076	
2.85339	8.34015	
2.85095	8.33984	
2.84668	8.33984	
2.8537	8.34045	
2.854	8.33984	
2.85706	8.34076	
2.84943	8.34045	
2.85553	8.33984	
2.85034	8.34015	
2.84607	8.34015	
2.85217	8.34015	
2.85278	8.33984	
2.85797	8.34015	
2.85065	8.33984	
2.85431	8.34015	
2.85217	8.34015	
2.85126	8.33984	
2.85217	8.34045	
2.85339	8.34015	
2.85553	8.34045	
2.85065	8.33984	
2.85461	8.34015	
2.85614	8.33984	
2.85675	8.34045	
2.85339	8.34045	
2.85339	8.34076	
2.85889	8.33984	
2.84882	8.34015	
2.85309	8.34076	
2.85553	8.34045	
2.85645	8.34015	
2.8537	8.34045	
2.85339	8.33954	
2.85767	8.34076	
2.8476	8.34045	
2.85248	8.34015	
2.85248	8.34045	
2.85065	8.34045	
2.85278	8.34045	
2.854	8.34045	
2.85248	8.34045	
2.85431	8.34045	
2.8537	8.34045	
2.84607	8.33984	
2.8537	8.34045	
2.85278	8.34076	
2.85675	8.34045	
2.84912	8.33954	
2.85034	8.34015	
2.85278	8.34076	
2.84729	8.33984	
2.85187	8.33984	
2.8537	8.34015	
2.85797	8.34045	
2.85126	8.34045	
2.85461	8.34015	
2.85645	8.33984	
2.84821	8.34045	
2.85217	8.34045	
2.8537	8.33984	
2.85431	8.34045	
2.8537	8.33984	
2.85522	8.34015	
2.85675	8.34015	
2.85248	8.34015	
2.85309	8.34015	
2.85736	8.34076	
2.85492	8.34045	
2.85431	8.33984	
2.85126	8.34045	
2.85248	8.34106	
2.85309	8.34045	
2.85706	8.34015	
2.85187	8.34045	
2.85217	8.33984	
2.84943	8.34015	
2.8479	8.33862	
2.85248	8.34015	
2.85492	8.33923	
2.85797	8.33954	
2.85431	8.34076	
2.85187	8.34015	
2.85675	8.34076	
2.85278	8.34045	
2.85187	8.34015	
2.85339	8.33984	
2.85034	8.34015	
2.85431	8.33954	
2.85034	8.34076	
2.8537	8.33984	
2.85248	8.34015	
2.85248	8.34045	
2.85583	8.34015	
2.84882	8.34015	
2.85339	8.34045	
2.85156	8.34015	
2.85217	8.34045	
2.85248	8.33923	
2.85706	8.33954	
2.84546	8.33893	
2.85156	8.33954	
2.85339	8.33984	
2.85309	8.34015	
2.85248	8.33984	
2.85828	8.33984	
2.85156	8.33984	
2.85522	8.33984	
2.85248	8.34015	
2.85217	8.34045	
2.85278	8.34045	
2.85248	8.33954	
2.85522	8.34045	
2.85431	8.33984	
2.85309	8.33954	
2.85492	8.34015	
2.85278	8.33954	
2.85309	8.33984	
2.85339	8.33923	
2.85095	8.33923	
2.85309	8.33954	
2.85156	8.34015	
2.85278	8.33984	
2.85217	8.34015	
2.854	8.33954	
2.85217	8.34015	
2.85156	8.33923	
2.8537	8.33984	
2.85431	8.33954	
2.85217	8.33984	
2.85309	8.33984	
2.85126	8.33923	
2.85065	8.33984	
2.85553	8.33923	
2.85217	8.33984	
2.85248	8.34015	
2.8595	8.34045	
2.85156	8.33893	
2.85278	8.33923	
2.85004	8.33954	
2.84698	8.33862	
2.85187	8.33923	
2.85858	8.33984	
2.85034	8.33923	
2.85248	8.33954	
2.85614	8.33984	
2.85217	8.33984	
2.85187	8.33923	
2.85828	8.33893	
2.85187	8.33893	
2.85553	8.33893	
2.84943	8.33923	
2.85187	8.33954	
2.85309	8.33923	
2.85828	8.33893	
2.84607	8.33923	
2.85522	8.33954	
2.854	8.34015	
2.85278	8.33862	
2.85248	8.33893	
2.85553	8.33923	
2.84485	8.33923	
2.85339	8.33862	
2.85614	8.33893	
2.84912	8.33832	
2.85095	8.33954	
2.8537	8.33954	
2.85095	8.33984	
2.85217	8.34045	
2.84973	8.33984	
2.84943	8.33923	
2.85248	8.33954	
2.85187	8.33984	
2.85797	8.34015	
2.85095	8.33923	
2.85339	8.33923	
2.85309	8.33893	
2.85187	8.33862	
2.85156	8.33984	
2.85248	8.33954	
2.84973	8.34015	
2.85309	8.33954	
2.85034	8.33923	
2.85278	8.33984	
2.85065	8.33923	
2.85492	8.33893	
2.85004	8.33893	
2.84973	8.33923	
2.85522	8.33923	
2.85156	8.33862	
2.85034	8.33923	
2.85187	8.33984	
2.84943	8.33893	
2.85248	8.33984	
2.85034	8.34015	
2.84821	8.33923	
2.85034	8.34015	
2.85248	8.33923	
2.85431	8.34015	
2.84912	8.33954	
2.84851	8.33893	
2.84332	8.33923	
2.85034	8.33893	
2.85187	8.33923	
2.85583	8.33923	
2.85248	8.33923	
2.85034	8.33954	
2.8537	8.33923	
2.85034	8.33862	
2.85126	8.33893	
2.85645	8.33862	
2.85126	8.33893	
2.85278	8.33954	
2.854	8.33893	
2.85034	8.33893	
2.84912	8.33923	
2.8537	8.33832	
2.85156	8.33923	
2.85339	8.33923	
2.85004	8.33832	
2.84912	8.33893	
2.85004	8.33893	
2.85431	8.33862	
2.84332	8.33893	
2.85339	8.33893	
2.84943	8.33893	
2.85004	8.33862	
2.84943	8.33954	
2.85553	8.33923	
2.85248	8.33832	
2.85065	8.33832	
2.84698	8.33893	
2.84973	8.33862	
2.84973	8.33893	
2.85309	8.33893	
2.84271	8.33984	
2.85126	8.33923	
2.85004	8.33832	
2.85034	8.33893	
2.85004	8.33923	
2.85614	8.33923	
2.84973	8.33893	
2.85309	8.33893	
2.8537	8.33862	
2.85126	8.33954	
2.84943	8.33923	
2.85461	8.33893	
2.85065	8.33954	
2.8479	8.33801	
2.85431	8.33862	
2.84973	8.33862	
2.85278	8.33923	
2.84851	8.33862	
2.84821	8.33832	
2.84698	8.33923	
2.84912	8.33923	
2.84943	8.33893	
2.85614	8.33832	
2.84302	8.33893	
2.85126	8.33984	
2.8537	8.33954	
2.84973	8.33923	
2.84882	8.33893	
2.85126	8.33893	
2.84851	8.33832	
2.85156	8.33923	
2.84729	8.33862	
2.84729	8.33893	
2.84943	8.33893	
2.85492	8.33862	
2.84943	8.33862	
2.84821	8.33893	
2.85004	8.33954	
2.84943	8.33893	
2.84943	8.33862	
2.85492	8.33893	
2.85095	8.33923	
2.85278	8.33923	
2.84424	8.33771	
2.84973	8.33801	
2.85492	8.33862	
2.8479	8.33923	
2.84821	8.33923	
2.8537	8.33862	
2.84882	8.33862	
2.85553	8.33923	
2.84882	8.33893	
2.84912	8.33954	
2.85278	8.33923	
2.84882	8.33923	
2.85034	8.33893	
2.84943	8.33862	
2.85156	8.33893	
2.85309	8.33893	
2.85004	8.33862	
2.84943	8.33923	
2.85461	8.33862	
2.8479	8.33862	
2.85065	8.33923	
2.84973	8.33862	
2.85004	8.33862	
2.85065	8.33984	
2.8479	8.33832	
2.85187	8.34015	
2.84851	8.33984	
2.84485	8.33832	
2.85004	8.33862	
2.85553	8.33862	
2.84332	8.33893	
2.85004	8.33893	
2.85339	8.33893	
2.84973	8.33984	
2.84973	8.33893	
2.85217	8.33862	
2.84637	8.33801	
2.84851	8.33801	
2.8479	8.33832	
2.84943	8.33893	
2.85004	8.33893	
2.85004	8.33923	
2.84821	8.33862	
2.854	8.33923	
2.84943	8.33893	
2.84973	8.33862	
2.85431	8.33984	
2.84302	8.33862	
2.84851	8.33954	
2.85248	8.33832	
2.85004	8.33893	
2.84973	8.33862	
2.854	8.33893	
2.85156	8.33893	
2.84912	8.33984	
2.84821	8.33923	
2.84943	8.33954	
2.84973	8.33862	
2.84821	8.33862	
2.85217	8.33862	
2.85187	8.33801	
2.84363	8.33862	
2.85034	8.33862	
2.85431	8.33923	
2.84302	8.33771	
2.8476	8.33862	
2.84729	8.33771	
2.84882	8.33771	
2.85675	8.33862	
2.84973	8.33923	
2.85095	8.33771	
2.84729	8.33801	
2.84943	8.33832	
2.85004	8.33862	
2.84973	8.33832	
2.85065	8.33832	
2.85248	8.33893	
2.84882	8.33832	
2.85004	8.33862	
2.85095	8.33862	
2.85309	8.33862	
2.85217	8.33893	
2.85248	8.33893	
2.84302	8.33893	
2.84912	8.33893	
2.85522	8.33862	
2.84882	8.33862	
2.8479	8.33862	
2.85217	8.33923	
2.84851	8.33923	
2.84943	8.33862	
2.85309	8.33923	
2.85034	8.33862	
2.85065	8.33893	
2.84332	8.33801	
2.84851	8.33801	
2.85278	8.33801	
2.85065	8.33862	
2.84821	8.33862	
2.85217	8.33893	
2.84882	8.33801	
2.85645	8.33801	
2.84302	8.33893	
2.85126	8.33862	
2.84882	8.33862	
2.84821	8.33862	
2.8537	8.33862	
2.84821	8.33832	
2.84943	8.33832	
2.85217	8.33832	
2.84821	8.33832	
2.84912	8.33862	
2.85431	8.33893	
2.85004	8.33801	
2.84668	8.33832	
2.84576	8.33832	
2.84821	8.33923	
2.85339	8.33893	
2.84393	8.33893	
2.84668	8.33862	
2.85034	8.33832	
2.8479	8.33923	
2.85278	8.33832	
2.84363	8.33832	
2.84943	8.33893	
2.84576	8.33801	
2.8479	8.33801	
2.84912	8.33832	
2.84851	8.33862	
2.8476	8.33923	
2.85156	8.33893	
2.84821	8.33862	
2.84698	8.33832	
2.85309	8.33893	
2.84912	8.33801	
2.84546	8.33832	
2.84607	8.33832	
2.84729	8.33832	
2.85095	8.33862	
2.84943	8.33832	
2.85126	8.33832	
2.85217	8.33832	
2.8479	8.33862	
2.84821	8.33832	
2.84454	8.33862	
2.84668	8.33801	
2.85187	8.33923	
2.84729	8.33771	
2.84851	8.33832	
2.84088	8.33923	
2.84576	8.33893	
2.8418	8.33771	
2.8479	8.33801	
2.854	8.33801	
2.84393	8.33832	
2.84546	8.33862	
2.8476	8.33801	
2.84851	8.33801	
2.84882	8.33862	
2.84576	8.33832	
2.84576	8.33771	
2.84943	8.33771	
2.84668	8.33771	
2.8476	8.33801	
2.84851	8.33862	
2.84546	8.33832	
2.84546	8.33801	
2.84546	8.3374	
2.84698	8.33862	
2.85126	8.33771	
2.84393	8.3374	
2.84576	8.33771	
2.84576	8.33832	
2.84576	8.33832	
2.85248	8.33801	
2.83966	8.33801	
2.84698	8.33832	
2.84851	8.3374	
2.84607	8.33832	
2.854	8.33771	
2.84515	8.33771	
2.84973	8.33832	
2.84027	8.33832	
2.84515	8.3374	
2.85217	8.33832	
2.84851	8.33801	
2.84821	8.3371	
2.84027	8.33801	
2.84698	8.33801	
2.85065	8.33771	
2.84851	8.33801	
2.84393	8.33771	
2.84668	8.33862	
2.84698	8.33832	
2.85217	8.33801	
2.84882	8.33832	
2.84393	8.3374	
2.84729	8.33801	
2.84637	8.3374	
2.84882	8.33801	
2.84851	8.33862	
2.84454	8.33832	
2.84698	8.3374	
2.84851	8.33801	
2.8418	8.3374	
2.84851	8.33801	
2.83936	8.33771	
2.84729	8.33893	
2.85095	8.33801	
2.84851	8.33832	
2.8479	8.33832	
2.84576	8.33832	
2.84637	8.33801	
2.85309	8.33801	
2.84851	8.33832	
2.85095	8.33862	
2.84607	8.33832	
2.8476	8.33862	
2.84637	8.33832	
2.84485	8.33771	
2.85065	8.33893	
2.8476	8.33801	
2.84637	8.33801	
2.84546	8.33832	
2.84576	8.33832	
2.84393	8.33832	
2.84698	8.33832	
2.85217	8.33801	
2.83997	8.33771	
2.84698	8.33771	
2.84851	8.3374	
2.84576	8.33801	
2.85339	8.33801	
2.84241	8.33771	
2.84485	8.3374	
2.85065	8.33801	
2.84576	8.3374	
2.85309	8.33801	
2.84027	8.3374	
2.8476	8.33679	
2.84729	8.33801	
2.84637	8.33801	
2.85278	8.33801	
2.84637	8.3374	
2.84882	8.33832	
2.84302	8.33801	
2.84607	8.33832	
2.85278	8.33832	
2.84088	8.33771	
2.8479	8.33771	
2.84607	8.33771	
2.84485	8.33801	
2.85126	8.33771	
2.84576	8.33771	
2.84912	8.33771	
2.84576	8.3374	
2.84485	8.3371	
2.85156	8.3374	
2.8479	8.33832	
2.84485	8.3374	
2.84668	8.3371	
2.84668	8.33771	
2.84943	8.33771	
2.84485	8.3371	
2.84424	8.3371	
2.84821	8.3374	
2.84637	8.3371	
2.84668	8.3374	
2.84546	8.33801	
2.84851	8.33771	
2.84912	8.33771	
2.84729	8.33771	
2.8479	8.33771	
2.84271	8.33862	
2.84912	8.33771	
2.84454	8.33771	
2.84698	8.33771	
2.84882	8.33771	
2.84637	8.33771	
2.84698	8.3371	
2.84851	8.33771	
2.84729	8.3374	
2.84882	8.33771	
2.84302	8.33801	
2.84943	8.33801	
2.85034	8.33862	
2.84546	8.33771	
2.85309	8.33832	
2.84698	8.33862	
2.84515	8.3374	
2.84454	8.3374	
2.84668	8.33801	
2.84973	8.33832	
2.84851	8.33771	
2.85004	8.33801	
2.84576	8.33771	
2.84637	8.33801	
2.85217	8.33771	
2.84332	8.33679	
2.84973	8.33801	
2.8421	8.3374	
2.84607	8.3371	
2.85065	8.3371	
2.8476	8.3374	
2.84424	8.33679	
2.83936	8.3371	
2.84607	8.3371	
2.85217	8.3374	
2.84821	8.3374	
2.8479	8.3371	
2.84546	8.33679	
2.84698	8.3374	
2.83997	8.3374	
2.84424	8.33771	
2.84943	8.33771	
2.84515	8.3371	
2.84943	8.3371	
2.8476	8.33679	
2.84515	8.33679	
2.84607	8.3371	
2.84698	8.33679	
2.84485	8.33771	
2.84515	8.3371	
2.85034	8.3374	
2.84485	8.3374	
2.84821	8.33771	
2.8479	8.33679	
2.84882	8.33679	
2.84637	8.33771	
2.84607	8.3371	
2.84607	8.33771	
2.84576	8.33801	
2.85004	8.3371	
2.84546	8.3374	
2.8476	8.3371	
2.84027	8.3374	
2.84882	8.3371	
2.83936	8.3374	
2.84515	8.33771	
2.84882	8.3374	
2.84607	8.3374	
2.84363	8.3371	
2.84546	8.33679	
2.85004	8.33801	
2.83936	8.3374	
2.8476	8.33771	
2.84241	8.33771	
2.84454	8.33801	
2.85065	8.33771	
2.84668	8.3371	
2.84821	8.33801	
2.84607	8.3374	
2.84668	8.3371	
2.84088	8.33771	
2.84485	8.33832	
2.84729	8.33801	
2.84454	8.33771	
2.85004	8.3374	
2.84332	8.3374	
2.84485	8.33771	
2.84424	8.3374	
2.85187	8.33771	
2.84698	8.33801	
2.8479	8.3374	
2.84515	8.33679	
2.84576	8.3371	
2.83966	8.33649	
2.84698	8.3374	
2.84393	8.33801	
2.84393	8.3374	
2.85065	8.33649	
2.84729	8.33801	
2.8476	8.3374	
2.84485	8.3374	
2.85065	8.33771	
2.84668	8.3374	
2.84241	8.33649	
2.84485	8.3374	
2.84576	8.33771	
2.83844	8.3374	
2.84332	8.3371	
2.8479	8.3371	
2.84363	8.33679	
2.84912	8.33801	
2.84607	8.3374	
2.8479	8.33771	
2.84546	8.33771	
2.84607	8.3371	
2.83875	8.33801	
2.8418	8.3374	
2.83813	8.3371	
2.84393	8.3371	
2.84943	8.3371	
2.8421	8.3371	
2.84119	8.33618	
2.84332	8.33801	
2.84668	8.3371	
2.84576	8.33771	
2.84515	8.3374	
2.84393	8.3374	
2.84454	8.3371	
2.83661	8.33832	
2.84302	8.3371	
2.84393	8.3374	
2.84454	8.33771	
2.84241	8.3374	
2.8421	8.3371	
2.83813	8.33649	
2.84454	8.3371	
2.84332	8.3374	
2.84546	8.33771	
2.84821	8.3374	
2.84302	8.3374	
2.84729	8.3371	
2.84515	8.33771	
2.84454	8.3374	
2.84454	8.33679	
2.8479	8.33801	
2.84576	8.33801	
2.8479	8.33801	
2.84393	8.3374	
2.84485	8.33771	
2.83569	8.3371	
2.84454	8.33771	
2.83844	8.3374	
2.84332	8.33679	
2.84485	8.33832	
2.84241	8.3374	
2.83813	8.33771	
2.84332	8.33679	
2.84271	8.3371	
2.84241	8.33679	
2.84058	8.3374	
2.84363	8.3371	
2.84851	8.33771	
2.84119	8.33771	
2.84576	8.33679	
2.84332	8.3374	
2.84271	8.3374	
2.84393	8.3371	
2.84027	8.33771	
2.84332	8.33771	
2.84271	8.3371	
2.84698	8.33649	
2.83997	8.3371	
2.84393	8.33679	
2.84637	8.33649	
2.84302	8.3371	
2.84088	8.33649	
2.84271	8.33649	
2.84851	8.33679	
2.84302	8.33771	
2.84302	8.33649	
2.84241	8.33771	
2.8476	8.3374	
2.84607	8.3371	
2.84851	8.3374	
2.84454	8.3371	
2.84821	8.33679	
2.84607	8.3371	
2.84302	8.33679	
2.84424	8.33679	
2.84637	8.3371	
2.83844	8.3374	
2.8421	8.33679	
2.84332	8.3374	
2.84485	8.33679	
2.84119	8.33679	
2.84424	8.33649	
2.84393	8.33679	
2.84454	8.3374	
2.84027	8.33679	
2.84149	8.33649	
2.84393	8.33618	
2.84393	8.33679	
2.83875	8.33679	
2.8418	8.33679	
2.84363	8.33679	
2.84698	8.3374	
2.84363	8.33649	
2.84485	8.3371	
2.84393	8.3371	
2.84454	8.33679	
2.83752	8.3374	
2.84424	8.33679	
2.84424	8.3371	
2.84515	8.33679	
2.84058	8.3371	
2.84485	8.33679	
2.84393	8.33771	
2.84424	8.33771	
2.8363	8.3374	
2.8421	8.33649	
2.84119	8.3371	
2.84424	8.33649	
2.84149	8.33679	
2.84393	8.3374	
2.84485	8.33679	
2.84332	8.33649	
2.84576	8.33679	
2.84515	8.33679	
2.84241	8.33618	
2.84393	8.3371	
2.84424	8.3371	
2.84302	8.33649	
2.8418	8.3371	
2.8421	8.3371	
2.84485	8.33649	
2.84119	8.3371	
2.84637	8.33679	
2.84393	8.3374	
2.84424	8.33679	
2.83691	8.33679	
2.84332	8.33649	
2.84058	8.33679	
2.84241	8.3371	
2.84119	8.33649	
2.8421	8.33649	
2.84576	8.33679	
2.84302	8.3374	
2.84485	8.33679	
2.84698	8.33679	
2.84027	8.33679	
2.84302	8.3374	
2.8418	8.33679	
2.84668	8.33649	
2.83722	8.33618	
2.84302	8.3374	
2.84271	8.3374	
2.84393	8.33679	
2.84363	8.3371	
2.84393	8.3374	
2.83752	8.3371	
2.84515	8.33649	
2.84363	8.3374	
2.84821	8.3371	
2.83936	8.33679	
2.84271	8.33649	
2.84393	8.33771	
2.84332	8.33588	
2.8421	8.33649	
2.83997	8.33618	
2.84271	8.33679	
2.84515	8.33618	
2.8363	8.33649	
2.84027	8.33649	
2.84302	8.33618	
2.84363	8.33649	
2.84485	8.3371	
2.8421	8.33618	
2.84363	8.33679	
2.84576	8.33649	
2.8421	8.33649	
2.84149	8.33588	
2.84241	8.33588	
2.84851	8.33679	
2.84119	8.33649	
2.84576	8.3371	
2.8421	8.33679	
2.84821	8.3371	
2.84424	8.33679	
2.84271	8.33618	
2.84302	8.33679	
2.84119	8.33649	
2.8421	8.33557	
2.8421	8.33679	
2.84332	8.3371	
2.83783	8.3371	
2.84576	8.33649	
2.84241	8.33649	
2.84363	8.33679	
2.83783	8.33649	
2.84424	8.33649	
2.8418	8.33649	
2.84698	8.33618	
2.83905	8.33618	
2.84149	8.33679	
2.84149	8.33649	
2.8476	8.33649	
2.84363	8.33679	
2.84058	8.33649	
2.84241	8.33588	
2.84485	8.33679	
2.84149	8.33649	
2.8418	8.33679	
2.8418	8.33679	
2.83997	8.33649	
2.8421	8.33649	
2.8418	8.33588	
2.84271	8.33618	
2.8363	8.33588	
2.84363	8.33679	
2.8418	8.33588	
2.8418	8.33618	
2.8363	8.33649	
2.83966	8.33588	
2.84119	8.33649	
2.8421	8.33679	
2.84241	8.33588	
2.84332	8.33679	
2.84058	8.33618	
2.8418	8.33649	
2.84454	8.33649	
2.83813	8.33679	
2.84058	8.33649	
2.83936	8.33649	
2.83966	8.33649	
2.83478	8.33527	
2.8421	8.33618	
2.84027	8.33679	
2.83875	8.33618	
2.8418	8.33618	
2.84302	8.33679	
2.83417	8.33618	
2.84302	8.33649	
2.84027	8.33618	
2.84149	8.33557	
2.83813	8.33557	
2.83905	8.33527	
2.84088	8.33588	
2.84241	8.33588	
2.84302	8.33588	
2.84485	8.33618	
2.84119	8.33679	
2.84576	8.33649	
2.84302	8.33618	
2.84546	8.33557	
2.84058	8.33527	
2.84424	8.33618	
2.84302	8.33618	
2.83905	8.33588	
2.84119	8.33618	
2.8476	8.33618	
2.83997	8.33618	
2.84332	8.33588	
2.8421	8.33527	
2.84424	8.33557	
2.8418	8.33588	
2.83478	8.33588	
2.84088	8.33557	
2.83539	8.33588	
2.84149	8.33588	
2.83447	8.33588	
2.84058	8.33649	
2.84058	8.33649	
2.84454	8.33679	
2.84149	8.3371	
2.8479	8.33649	
2.84271	8.33618	
2.84271	8.33649	
2.84119	8.33649	
2.84515	8.33649	
2.8418	8.33588	
2.83539	8.33649	
2.84027	8.33618	
2.84027	8.33557	
2.83936	8.33527	
2.83997	8.33588	
2.84241	8.33557	
2.83783	8.33618	
2.84424	8.33618	
2.84119	8.33588	
2.84332	8.33649	
2.84027	8.33588	
2.83875	8.33588	
2.84027	8.33649	
2.84576	8.33679	
2.84271	8.33588	
2.84058	8.33496	
2.84027	8.33588	
2.84607	8.33649	
2.84363	8.33588	
2.83478	8.33618	
2.84149	8.33588	
2.83417	8.33588	
2.83966	8.33618	
2.84119	8.33618	
2.8421	8.33618	
2.83783	8.33557	
2.84149	8.33649	
2.84027	8.33557	
2.8476	8.33649	
2.84271	8.33588	
2.83875	8.33527	
2.83966	8.33618	
2.84393	8.33588	
2.83875	8.33557	
2.84271	8.33588	
2.83966	8.33649	
2.83997	8.33588	
2.84088	8.33649	
2.84027	8.33618	
2.84149	8.33557	
2.83691	8.33527	
2.83997	8.33618	
2.84119	8.33649	
2.84363	8.33557	
2.83966	8.33649	
2.83813	8.33618	
2.83966	8.33588	
2.84424	8.33649	
2.84058	8.33557	
2.83936	8.33649	
2.84058	8.33557	
2.83905	8.33679	
2.83875	8.33588	
2.83478	8.33649	
2.8418	8.33588	
2.83356	8.33557	
2.83783	8.33557	
2.84149	8.33588	
2.84576	8.33649	
2.84241	8.33618	
2.84027	8.33618	
2.84119	8.33618	
2.84698	8.33618	
2.84271	8.33557	
2.84302	8.33618	
2.83966	8.33588	
2.83905	8.33527	
2.83905	8.33618	
2.83539	8.33588	
2.84302	8.33557	
2.84149	8.33618	
2.84485	8.33649	
2.83997	8.33588	
2.84637	8.33588	
2.83966	8.33588	
2.84241	8.33618	
2.83997	8.33618	
2.83936	8.33557	
2.84393	8.33557	
2.84088	8.33618	
2.84729	8.33588	
2.83966	8.33557	
2.84363	8.33618	
2.84027	8.33618	
2.83905	8.33527	
2.83905	8.33527	
2.84027	8.33557	
2.8418	8.33557	
2.83752	8.33527	
2.84088	8.33618	
2.84119	8.33618	
2.84454	8.33588	
2.84332	8.33618	
2.83539	8.33649	
2.84119	8.33618	
2.83905	8.33557	
2.84332	8.33557	
2.8421	8.33588	
2.84698	8.33557	
2.8421	8.33557	
2.83936	8.33557	
2.83966	8.33527	
2.83905	8.33557	
2.84271	8.33618	
2.84119	8.33557	
2.84668	8.33557	
2.8421	8.33618	
2.84424	8.33649	
2.83966	8.33557	
2.84332	8.33588	
2.83875	8.33588	
2.83905	8.33557	
2.84119	8.33588	
2.84241	8.33588	
2.84271	8.33588	
2.83997	8.33557	
2.84027	8.33527	
2.83813	8.33527	
2.83936	8.33588	
2.84576	8.33466	
2.8421	8.33618	
2.83722	8.33557	
2.83905	8.33527	
2.84302	8.33527	
2.84302	8.33588	
2.84027	8.33588	
2.84271	8.33557	
2.83936	8.33588	
2.84424	8.33588	
2.83966	8.33588	
2.84485	8.33527	
2.84302	8.33649	
2.83691	8.33557	
2.83997	8.33557	
2.83722	8.33527	
2.84302	8.33649	
2.83844	8.33679	
2.84241	8.33618	
2.83997	8.33588	
2.8421	8.33618	
2.83905	8.33649	
2.83783	8.33588	
2.83722	8.33679	
2.83905	8.33588	
2.84485	8.33618	
2.84088	8.33588	
2.84058	8.33557	
2.83783	8.33618	
2.83783	8.33649	
2.8421	8.33588	
2.83875	8.33588	
2.83966	8.33557	
2.84027	8.33588	
2.83691	8.33649	
2.83936	8.33588	
2.83722	8.33557	
2.83783	8.33618	
2.83936	8.33527	
2.83936	8.33588	
2.83722	8.33618	
2.84149	8.33618	
2.83722	8.33618	
2.84241	8.33557	
2.83691	8.33527	
2.8421	8.33588	
2.83875	8.33527	
2.836	8.33527	
2.83997	8.33588	
2.83783	8.33588	
2.84363	8.33649	
2.83936	8.33618	
2.83539	8.33496	
2.83752	8.33557	
2.83722	8.33527	
2.84088	8.33588	
2.83752	8.33527	
2.84149	8.33618	
2.83905	8.33496	
2.84027	8.33588	
2.83752	8.33557	
2.84363	8.33496	
2.84088	8.33527	
2.83722	8.33527	
2.83997	8.33557	
2.83508	8.33557	
2.84241	8.33618	
2.83844	8.33588	
2.83569	8.33588	
2.84088	8.33557	
2.83813	8.33557	
2.8418	8.33588	
2.83722	8.33527	
2.836	8.33557	
2.83783	8.33557	
2.83997	8.33557	
2.83783	8.33557	
2.83844	8.33588	
2.8363	8.33527	
2.83691	8.33557	
2.83844	8.33557	
2.84332	8.33557	
2.836	8.33557	
2.83264	8.33496	
2.83875	8.33496	
2.83905	8.33618	
2.8421	8.33557	
2.83844	8.33588	
2.83813	8.33588	
2.83997	8.33527	
2.83813	8.33557	
2.84393	8.33618	
2.84119	8.33557	
2.83722	8.33527	
2.83936	8.33618	
2.83997	8.33527	
2.83783	8.33496	
2.83783	8.33527	
2.83783	8.33527	
2.84058	8.33466	
2.83813	8.33557	
2.84393	8.33527	
2.84027	8.33527	
2.84302	8.33527	
2.83875	8.33527	
2.83783	8.33496	
2.84241	8.33588	
2.83844	8.33527	
2.84271	8.33496	
2.83844	8.33496	
2.83203	8.33496	
2.83936	8.33557	
2.83997	8.33527	
2.84241	8.33527	
2.83905	8.33527	
2.83997	8.33435	
2.84088	8.33496	
2.83875	8.33527	
2.84454	8.33588	
2.84088	8.33527	
2.83661	8.33527	
2.83813	8.33527	
2.83264	8.33527	
2.83844	8.33496	
2.83813	8.33588	
2.84088	8.33466	
2.8418	8.33496	
2.83905	8.33496	
2.84241	8.33527	
2.84088	8.33527	
2.83569	8.33435	
2.83875	8.33496	
2.83691	8.33466	
2.84027	8.33557	
2.83844	8.33557	
2.84302	8.33557	
2.84027	8.33496	
2.84119	8.33496	
2.83813	8.33527	
2.83752	8.33527	
2.8418	8.33527	
2.83875	8.33496	
2.8418	8.33557	
2.84271	8.33527	
2.83173	8.33527	
2.83813	8.33496	
2.83905	8.33527	
2.8363	8.33466	
2.83813	8.33527	
2.83813	8.33496	
2.83722	8.33496	
2.83844	8.33496	
2.84149	8.33496	
2.83905	8.33557	
2.83691	8.33557	
2.83752	8.33527	
2.83173	8.33435	
2.84058	8.33557	
2.83875	8.33527	
2.83783	8.33557	
2.84119	8.33527	
2.83844	8.33588	
2.84454	8.33527	
2.83722	8.33527	
2.83264	8.33435	
2.83936	8.33557	
2.83844	8.33527	
2.83722	8.33496	
2.83813	8.33435	
2.836	8.33435	
2.84088	8.33466	
2.83813	8.33466	
2.84485	8.33496	
2.83936	8.33466	
2.84088	8.33527	
2.83722	8.33496	
2.83234	8.33405	
2.8418	8.33466	
2.83752	8.33527	
2.83569	8.33405	
2.83783	8.33466	
2.83813	8.33466	
2.84241	8.33496	
2.83844	8.33496	
2.83203	8.33527	
2.83844	8.33496	
2.83966	8.33557	
2.8363	8.33557	
2.83813	8.33435	
2.83539	8.33405	
2.83722	8.33496	
2.83783	8.33557	
2.84058	8.33527	
2.8363	8.33435	
2.83875	8.33405	
2.8421	8.33496	
2.8363	8.33496	
2.83447	8.33527	
2.83905	8.33496	
2.83905	8.33466	
2.84088	8.33435	
2.83752	8.33405	
2.8421	8.33466	
2.836	8.33466	
2.83813	8.33435	
2.83905	8.33496	
2.83905	8.33435	
2.83875	8.33496	
2.83722	8.33435	
2.83752	8.33527	
2.83661	8.33527	
2.8363	8.33496	
2.84271	8.33588	
2.83661	8.33466	
2.83813	8.33496	
2.84027	8.33435	
2.83966	8.33466	
2.84027	8.33496	
2.83661	8.33527	
2.83081	8.33405	
2.83997	8.33435	
2.83722	8.33496	
2.8421	8.33557	
2.84027	8.33557	
2.83783	8.33496	
2.84393	8.33496	
2.8363	8.33527	
2.8302	8.33405	
2.83813	8.33527	
2.83875	8.33496	
2.83905	8.33527	
2.836	8.33405	
2.83081	8.33466	
2.83875	8.33496	
2.836	8.33405	
2.83478	8.33496	
2.84027	8.33496	
2.83783	8.33466	
2.8418	8.33527	
2.83508	8.33466	
2.83661	8.33405	
2.84363	8.33405	
2.83417	8.33466	
2.83051	8.33405	
2.8363	8.33466	
2.83569	8.33435	
2.83813	8.33466	
2.83539	8.33496	
2.83447	8.33405	
2.83844	8.33527	
2.836	8.33405	
2.84027	8.33344	
2.83539	8.33435	
2.8299	8.33496	
2.83691	8.33496	
2.83752	8.33466	
2.84027	8.33527	
2.83722	8.33466	
2.83234	8.33435	
2.84058	8.33466	
2.83691	8.33527	
2.8418	8.33496	
2.83905	8.33466	
2.83722	8.33435	
2.84241	8.33405	
2.83844	8.33466	
2.83386	8.33435	
2.83539	8.33466	
2.83325	8.33527	
2.83356	8.33435	
2.83569	8.33527	
2.8418	8.33496	
2.83844	8.33496	
2.83661	8.33527	
2.8418	8.33496	
2.83813	8.33496	
2.836	8.33527	
2.84119	8.33466	
2.83508	8.33435	
2.83203	8.33496	
2.83539	8.33496	
2.82867	8.33435	
2.83936	8.33466	
2.83478	8.33496	
2.83234	8.33466	
2.83325	8.33466	
2.83508	8.33557	
2.83295	8.33466	
2.83325	8.33496	
2.836	8.33496	
2.8421	8.33527	
2.83783	8.33466	
2.83936	8.33496	
2.836	8.33466	
2.83783	8.33374	
2.83478	8.33496	
2.83539	8.33496	
2.83264	8.33496	
2.83783	8.33435	
2.836	8.33466	
2.84119	8.33496	
2.83508	8.33496	
2.836	8.33496	
2.84363	8.33527	
2.83844	8.33435	
2.83997	8.33496	
2.83569	8.33466	
2.83051	8.33374	
2.83905	8.33496	
2.83539	8.33496	
2.83508	8.33435	
2.83752	8.33435	
2.83539	8.33527	
2.84027	8.33527	
2.83539	8.33557	
2.83691	8.33466	
2.84332	8.33466	
2.83417	8.33435	
2.82959	8.33405	
2.83691	8.33435	
2.83813	8.33435	
2.83569	8.33496	
2.83569	8.33527	
2.83508	8.33496	
2.83417	8.33466	
2.8363	8.33405	
2.83783	8.33435	
2.83936	8.33466	
2.83539	8.33466	
2.83661	8.33435	
2.8363	8.33466	
2.83478	8.33435	
2.83905	8.33496	
2.83691	8.33527	
2.84027	8.33496	
2.83783	8.33527	
2.83356	8.33435	
2.83752	8.33496	
2.83508	8.33405	
2.84088	8.33496	
2.83447	8.33527	
2.83508	8.33496	
2.84058	8.33496	
2.83539	8.33496	
2.83447	8.33374	
2.83661	8.33496	
2.83783	8.33496	
2.83569	8.33527	
2.8363	8.33527	
2.83142	8.33466	
2.83997	8.33496	
2.8363	8.33435	
2.83417	8.33496	
2.83325	8.33496	
2.83569	8.33496	
2.8421	8.33527	
2.836	8.33527	
2.83539	8.33527	
2.83966	8.33466	
2.83875	8.33466	
2.83569	8.33466	
2.83966	8.33405	
2.83691	8.33527	
2.82928	8.33496	
2.8363	8.33466	
2.83722	8.33527	
2.83966	8.33527	
2.836	8.33496	
2.83752	8.33527	
2.83447	8.33405	
2.83508	8.33435	
2.83447	8.33405	
2.83478	8.33466	
2.83569	8.33496	
2.83722	8.33527	
2.84027	8.33435	
2.8363	8.33435	
2.83722	8.33435	
2.83203	8.33405	
2.83722	8.33435	
2.83783	8.33496	
2.836	8.33466	
2.83569	8.33374	
2.83691	8.33496	
2.83386	8.33374	
2.83508	8.33435	
2.82867	8.33405	
2.83722	8.33496	
2.83508	8.33405	
2.83508	8.33466	
2.83905	8.33435	
2.83661	8.33466	
2.84119	8.33466	
2.83661	8.33466	
2.83539	8.33405	
2.84119	8.33496	
2.83356	8.33496	
2.83508	8.33435	
2.8421	8.33527	
2.83539	8.33435	
2.83722	8.33435	
2.83508	8.33405	
2.83752	8.33435	
2.83386	8.33435	
2.83691	8.33435	
2.83691	8.33374	
2.83875	8.33466	
2.83386	8.33405	
2.83142	8.33466	
2.83417	8.33435	
2.83447	8.33527	
2.82898	8.33435	
2.83325	8.33374	
2.83478	8.33435	
2.83325	8.33466	
2.83325	8.33435	
2.83447	8.33405	
2.83813	8.33435	
2.83691	8.33435	
2.83081	8.33435	
2.83569	8.33405	
2.83478	8.33435	
2.83813	8.33344	
2.83539	8.33405	
2.83478	8.33496	
2.83752	8.33405	
2.83478	8.33527	
2.83325	8.33496	
2.83234	8.33405	
2.83417	8.33435	
2.83234	8.33466	
2.83691	8.33435	
2.83478	8.33466	
2.83447	8.33405	
2.83844	8.33405	
2.83569	8.33466	
2.83875	8.33466	
2.83722	8.33374	
2.83447	8.33374	
2.84058	8.33374	
2.83508	8.33435	
2.82959	8.33344	
2.83539	8.33405	
2.83447	8.33374	
2.83539	8.33405	
2.83417	8.33405	
2.83386	8.33405	
2.83539	8.33374	
2.83447	8.33344	
2.83295	8.33405	
2.83569	8.33374	
2.83447	8.33344	
2.84027	8.33435	
2.83722	8.33374	
2.83447	8.33405	
2.83936	8.33405	
2.83264	8.33374	
2.8302	8.33282	
2.83539	8.33466	
2.83447	8.33405	
2.82806	8.33374	
2.83447	8.33405	
2.83569	8.33435	
2.83813	8.33374	
2.83447	8.33374	
2.83478	8.33405	
2.83295	8.33374	
2.83386	8.33344	
2.82654	8.33435	
2.83325	8.33374	
2.83386	8.33405	
2.83173	8.33405	
2.836	8.33374	
2.83295	8.33435	
2.83386	8.33405	
2.83203	8.33405	
2.83234	8.33466	
2.83264	8.33405	
2.83325	8.33405	
2.83356	8.33405	
2.83173	8.33313	
2.83417	8.33405	
2.83417	8.33405	
2.83173	8.33374	
2.83569	8.33435	
2.83295	8.33405	
2.83539	8.33435	
2.8363	8.33374	
2.83447	8.33374	
2.83844	8.33435	
2.83386	8.33344	
2.83386	8.33374	
2.83722	8.33435	
2.83234	8.33374	
2.83234	8.33374	
2.83691	8.33496	
2.83539	8.33435	
2.83356	8.33374	
2.83783	8.33435	
2.83234	8.33405	
2.83356	8.33466	
2.83875	8.33435	
2.83356	8.33466	
2.83386	8.33435	
2.8363	8.33344	
2.836	8.33466	
2.83386	8.33435	
2.83936	8.33435	
2.83447	8.33344	
2.82806	8.33344	
2.83936	8.33405	
2.83295	8.33435	
2.83417	8.33466	
2.83691	8.33435	
2.8363	8.33527	
2.83295	8.33435	
2.83905	8.33435	
2.83386	8.33405	
2.83295	8.33466	
2.83905	8.33435	
2.83569	8.33374	
2.83356	8.33344	
2.83539	8.33374	
2.8363	8.33405	
2.83203	8.33344	
2.83173	8.33405	
2.83478	8.33313	
2.83386	8.33374	
2.83051	8.33344	
2.83539	8.33405	
2.83325	8.33405	
2.83295	8.33313	
2.83173	8.33282	
2.83325	8.33313	
2.83356	8.33313	
2.83142	8.33344	
2.83386	8.33344	
2.83417	8.33496	
2.83447	8.33405	
2.83691	8.33405	
2.83142	8.33374	
2.83386	8.33435	
2.83752	8.33344	
2.83142	8.33405	
2.83356	8.33344	
2.83813	8.33435	
2.83203	8.33374	
2.83295	8.33344	
2.83142	8.33405	
2.83722	8.33374	
2.83295	8.33374	
2.83386	8.33435	
2.83081	8.33405	
2.83234	8.33344	
2.83295	8.33344	
2.83813	8.33435	
2.83356	8.33374	
2.82776	8.33466	
2.83081	8.33344	
2.83264	8.33405	
2.8299	8.33313	
2.83691	8.33435	
2.83295	8.33405	
2.82776	8.33405	
2.83813	8.33496	
2.83356	8.33466	
2.83112	8.33435	
2.83691	8.33374	
2.83569	8.33405	
2.83295	8.33344	
2.83325	8.33252	
2.83813	8.33374	
2.8363	8.33374	
2.83295	8.33313	
2.83722	8.33496	
2.83569	8.33344	
2.83264	8.33282	
2.82623	8.33344	
2.83722	8.33313	
2.83386	8.33344	
2.836	8.33374	
2.83325	8.33405	
2.83936	8.33374	
2.83295	8.33374	
2.82928	8.33374	
2.83905	8.33374	
2.83569	8.33405	
2.83264	8.33405	
2.83691	8.33344	
2.83142	8.33405	
2.83356	8.33313	
2.83203	8.33374	
2.83234	8.33313	
2.83234	8.33374	
2.83295	8.33405	
2.83295	8.33344	
2.83386	8.33282	
2.82806	8.33405	
2.83783	8.33405	
2.83264	8.33405	
2.82837	8.33374	
2.83203	8.33374	
2.83386	8.33374	
2.83508	8.33405	
2.836	8.33374	
2.83356	8.33374	
2.83539	8.33313	
2.82562	8.33282	
2.8363	8.33344	
2.83173	8.33374	
2.83356	8.33344	
2.83783	8.33374	
2.83203	8.33374	
2.83325	8.33405	
2.836	8.33374	
2.8363	8.33344	
2.83325	8.33374	
2.83142	8.33313	
2.83295	8.33405	
2.83325	8.33435	
2.83356	8.33405	
2.8299	8.33344	
2.83295	8.33374	
2.83173	8.33435	
2.83417	8.33374	
2.83203	8.33344	
2.83295	8.33435	
2.83417	8.33313	
2.83295	8.33405	
2.83081	8.33313	
2.83356	8.33313	
2.83813	8.33405	
2.83539	8.33405	
2.83234	8.33405	
2.83417	8.33374	
2.83081	8.33344	
2.83325	8.33405	
2.82776	8.33344	
2.83051	8.33313	
2.83417	8.33344	
2.83112	8.33405	
2.82654	8.33374	
2.8363	8.33282	
2.83539	8.33313	
2.83325	8.33221	
2.83813	8.33313	
2.83203	8.33313	
2.83203	8.33374	
2.83234	8.33313	
2.83356	8.33374	
2.83264	8.33313	
2.82501	8.33221	
2.83478	8.33344	
2.83264	8.33344	
2.83325	8.33344	
2.8299	8.33405	
2.83356	8.33313	
2.83142	8.33282	
2.83203	8.33282	
2.83539	8.33344	
2.83295	8.33313	
2.83173	8.33344	
2.83051	8.33344	
2.8302	8.33252	
2.83203	8.33252	
2.83081	8.33344	
2.83539	8.33344	
2.83081	8.33344	
2.82501	8.33344	
2.82959	8.33282	
2.83264	8.33313	
2.83325	8.33344	
2.82471	8.33344	
2.83264	8.33282	
2.82959	8.33313	
2.83173	8.33221	
2.83813	8.33344	
2.83539	8.33374	
2.83142	8.33344	
2.83508	8.33435	
2.83142	8.33313	
2.83051	8.33313	
2.83356	8.33252	
2.82562	8.33282	
2.83691	8.33344	
2.83112	8.33282	
2.83173	8.33344	
2.82928	8.33252	
2.8299	8.33313	
2.83234	8.33282	
2.82623	8.33282	
2.83539	8.33344	
2.83112	8.33313	
2.82471	8.33221	
2.82928	8.33344	
2.83173	8.33374	
2.83173	8.33313	
2.83356	8.33344	
2.83142	8.33282	
2.83112	8.33282	
2.82745	8.33313	
2.83295	8.33252	
2.83203	8.33374	
2.82959	8.33252	
2.83478	8.33282	
2.82959	8.33282	
2.83203	8.33282	
2.82928	8.33374	
2.82806	8.33344	
2.83081	8.33344	
2.82684	8.33282	
2.83508	8.33313	
2.83142	8.33344	
2.83325	8.33405	
2.83447	8.33313	
2.83142	8.33344	
2.83295	8.33313	
2.8299	8.33282	
2.83691	8.33344	
2.83264	8.33313	
2.83112	8.33344	
2.83691	8.33374	
2.8299	8.33374	
2.8299	8.33344	
2.82959	8.33313	
2.83264	8.33374	
2.8299	8.33282	
2.83264	8.33282	
2.83173	8.33313	
2.83264	8.33374	
2.83447	8.33344	
2.8302	8.33282	
2.82928	8.33374	
2.83386	8.33344	
2.83051	8.33313	
2.82379	8.33313	
2.82959	8.33282	
2.83142	8.33344	
2.83264	8.33313	
2.8241	8.33282	
2.83722	8.33344	
2.83203	8.33313	
2.83142	8.33405	
2.83356	8.33282	
2.83356	8.33374	
2.8302	8.33313	
2.83081	8.33313	
2.82806	8.33282	
2.83051	8.33313	
2.82898	8.33252	
2.83173	8.33313	
2.83051	8.33313	
2.83112	8.33313	
2.82501	8.33405	
2.83569	8.33344	
2.82867	8.33344	
2.83112	8.33313	
2.83386	8.33374	
2.83356	8.33344	
2.8302	8.33252	
2.82898	8.33221	
2.83417	8.33344	
2.83234	8.33344	
2.83142	8.33374	
2.8302	8.33313	
2.83722	8.33374	
2.83264	8.33313	
2.83112	8.33282	
2.83325	8.33313	
2.82898	8.33313	
2.83112	8.33282	
2.83081	8.33374	
2.82776	8.33313	
2.83661	8.33313	
2.83447	8.33313	
2.83173	8.33313	
2.836	8.33282	
2.82959	8.33374	
2.83081	8.33344	
2.82928	8.33252	
2.83447	8.33252	
2.83203	8.33252	
2.83142	8.33344	
2.83051	8.33252	
2.836	8.33405	
2.83142	8.33313	
2.83051	8.33221	
2.8244	8.33313	
2.83112	8.33252	
2.83142	8.33344	
2.8299	8.33221	
2.83051	8.33282	
2.83234	8.33252	
2.83173	8.33344	
2.83081	8.33313	
2.8302	8.33282	
2.8299	8.33344	
2.8363	8.33344	
2.83081	8.33405	
2.83051	8.33282	
2.8302	8.33313	
2.82715	8.33313	
2.8299	8.33282	
2.83264	8.33344	
2.82776	8.33191	
2.83295	8.33282	
2.83356	8.33252	
2.83051	8.33282	
2.82745	8.33282	
2.83173	8.33313	
2.83203	8.33282	
2.83264	8.33344	
2.82867	8.33282	
2.836	8.33282	
2.83356	8.33344	
2.83112	8.33191	
2.8241	8.33191	
2.83173	8.33313	
2.83386	8.33313	
2.83325	8.33313	
2.83081	8.33313	
2.82928	8.33282	
2.83203	8.33374	
2.83142	8.33313	
2.8299	8.33344	
2.83081	8.33221	
2.83081	8.33252	
2.83356	8.33282	
2.8302	8.33344	
2.83234	8.33313	
2.83081	8.33313	
2.83325	8.33252	
2.83173	8.33374	
2.83081	8.33282	
2.8302	8.33282	
2.82837	8.33313	
2.83142	8.33344	
2.82837	8.33313	
2.82806	8.33313	
2.83569	8.33374	
2.82959	8.33344	
2.83112	8.33313	
2.83203	8.33252	
2.82654	8.33282	
2.8363	8.33282	
2.82898	8.33221	
2.82928	8.33282	
2.82745	8.33221	
2.83264	8.33282	
2.836	8.33344	
2.82928	8.33344	
2.8302	8.33282	
2.8244	8.33221	
2.83417	8.33282	
2.83325	8.33191	
2.83356	8.33221	
2.8299	8.33252	
2.83051	8.33221	
2.82745	8.33221	
2.82928	8.33313	
2.83203	8.33344	
2.8302	8.33282	
2.83325	8.33282	
2.83356	8.33221	
2.8302	8.33282	
2.83203	8.33252	
2.82379	8.33282	
2.83539	8.33282	
2.82776	8.33252	
2.82959	8.33282	
2.82928	8.33252	
2.8299	8.33282	
2.82745	8.33252	
2.83173	8.33221	
2.82959	8.33313	
2.82837	8.33221	
2.82959	8.33221	
2.82471	8.33374	
2.82684	8.33221	
2.83112	8.33313	
2.8299	8.33282	
2.82928	8.33344	
2.83142	8.33344	
2.8244	8.33221	
2.83356	8.33313	
2.82776	8.33344	
2.82898	8.33221	
2.83142	8.33252	
2.82898	8.33374	
2.83051	8.33252	
2.83234	8.33252	
2.8299	8.33344	
2.83173	8.33282	
2.82867	8.33313	
2.82806	8.33282	
2.82654	8.33252	
2.83112	8.33252	
2.83051	8.33282	
2.82776	8.33313	
2.8244	8.33374	
2.83234	8.33282	
2.83173	8.33252	
2.82867	8.33344	
2.82867	8.33282	
2.82806	8.33282	
2.83112	8.33221	
2.82867	8.33282	
2.82959	8.33313	
2.82776	8.33344	
2.82745	8.33313	
2.83295	8.33282	
2.82928	8.33282	
2.82806	8.33252	
2.82837	8.33282	
2.82623	8.33252	
2.83234	8.33313	
2.83264	8.33344	
2.82806	8.33313	
2.82776	8.33221	
2.82166	8.33252	
2.82562	8.33221	
2.83295	8.33282	
2.82837	8.33252	
2.82745	8.33221	
2.82288	8.33282	
2.83264	8.33313	
2.83539	8.33282	
2.8299	8.33282	
2.82837	8.33344	
2.82776	8.33252	
2.82349	8.33313	
2.83356	8.33313	
2.82532	8.33221	
2.82806	8.33252	
2.82928	8.33191	
2.82867	8.33221	
2.82806	8.33221	
2.83203	8.33191	
2.82837	8.3316	
2.82898	8.33252	
2.82867	8.33252	
2.83386	8.33282	
2.82562	8.33221	
2.82806	8.33221	
2.83051	8.33221	
2.82898	8.33252	
2.83264	8.33313	
2.8302	8.33221	
2.82898	8.33221	
2.82135	8.3316	
2.83081	8.33313	
2.83203	8.33252	
2.83203	8.33221	
2.82867	8.33221	
2.82837	8.33191	
2.8299	8.33221	
2.83478	8.33313	
2.8299	8.33252	
2.82837	8.33221	
2.82166	8.33221	
2.82776	8.3316	
2.82745	8.33221	
2.82745	8.33313	
2.82806	8.33282	
2.83295	8.33252	
2.82806	8.33282	
2.82837	8.33282	
2.8302	8.33221	
2.82898	8.33221	
2.82959	8.33221	
2.82532	8.3316	
2.82654	8.33221	
2.83112	8.33252	
2.82654	8.33282	
2.83234	8.33282	
2.82898	8.33282	
2.82745	8.33252	
2.83051	8.33282	
2.82898	8.33252	
2.83264	8.33252	
2.83142	8.33252	
2.8299	8.33252	
2.83112	8.33221	
2.82867	8.33221	
2.82715	8.33282	
2.83295	8.33252	
2.82898	8.33252	
2.82593	8.33191	
2.82837	8.3313	
2.82562	8.33221	
2.83203	8.33282	
2.82928	8.33252	
2.83081	8.33252	
2.82837	8.33252	
2.82776	8.33221	
2.82593	8.33221	
2.83173	8.33191	
2.82776	8.33191	
2.82837	8.33252	
2.82471	8.33191	
2.8302	8.33221	
2.82837	8.33221	
2.82837	8.33252	
2.82806	8.33252	
2.82959	8.33252	
2.83142	8.33313	
2.82959	8.33191	
2.82776	8.33191	
2.82806	8.33252	
2.82654	8.33252	
2.8302	8.33221	
2.83051	8.33191	
2.83203	8.33221	
2.82806	8.33221	
2.82166	8.33099	
2.82837	8.33221	
2.83112	8.33252	
2.82684	8.33191	
2.82623	8.33252	
2.82806	8.33191	
2.82776	8.33282	
2.82806	8.33221	
2.82562	8.33221	
2.82837	8.3316	
2.8299	8.3316	
2.82898	8.33191	
2.82623	8.33191	
2.83142	8.33221	
2.83325	8.3313	
2.83142	8.3316	
2.82867	8.33221	
2.8302	8.3316	
2.82745	8.33252	
2.82898	8.33191	
2.8302	8.33282	
2.82898	8.3316	
2.82623	8.3316	
2.82806	8.3316	
2.82654	8.33221	
2.8299	8.33191	
2.83203	8.33191	
2.83081	8.33191	
2.82806	8.3313	
2.82867	8.33221	
2.82806	8.33221	
2.82593	8.33252	
2.8299	8.33221	
2.82837	8.33191	
2.82837	8.33099	
2.82898	8.33191	
2.82684	8.3313	
2.83173	8.33252	
2.82928	8.33221	
2.82715	8.3316	
2.82837	8.33191	
2.82867	8.33191	
2.82867	8.3316	
2.82806	8.33191	
2.82715	8.33221	
2.82776	8.33221	
2.82532	8.33221	
2.83234	8.33221	
2.82867	8.3313	
2.83051	8.3316	
2.82867	8.33221	
2.8241	8.33282	
2.83234	8.33191	
2.83386	8.33191	
2.82562	8.33252	
2.82654	8.33221	
2.82684	8.33252	
2.82257	8.33221	
2.83478	8.33282	
2.82776	8.33221	
2.82715	8.33252	
2.82928	8.33221	
2.82776	8.33191	
2.83051	8.33252	
2.82776	8.33282	
2.82776	8.33221	
2.82959	8.33191	
2.82684	8.33221	
2.83356	8.33191	
2.82867	8.33191	
2.82806	8.33221	
2.82654	8.3316	
2.82745	8.3316	
2.82501	8.3313	
2.83173	8.33221	
2.82623	8.33221	
2.82898	8.33191	
2.82715	8.3316	
2.83386	8.33221	
2.82837	8.3316	
2.82654	8.3316	
2.82776	8.33252	
2.82684	8.3316	
2.8302	8.33191	
2.82562	8.3316	
2.82623	8.33221	
2.82562	8.33191	
2.82745	8.33221	
2.82837	8.33099	
2.82349	8.3316	
2.82745	8.33221	
2.82776	8.3316	
2.82745	8.33191	
2.81982	8.33191	
2.82074	8.3316	
2.83142	8.33282	
2.82562	8.33221	
2.82654	8.33191	
2.82959	8.33221	
2.82684	8.33252	
2.82532	8.3316	
2.8299	8.33252	
2.83234	8.33221	
2.82837	8.3316	
2.82654	8.3316	
2.82837	8.33221	
2.82623	8.33191	
2.82471	8.33252	
2.8244	8.33313	
2.82745	8.33191	
2.82623	8.3316	
2.82562	8.3316	
2.82013	8.3313	
2.82959	8.33252	
2.83142	8.33191	
2.82837	8.3313	
2.82593	8.3316	
2.82684	8.33191	
2.8186	8.3316	
2.83203	8.33252	
2.82898	8.33252	
2.82593	8.33252	
2.8244	8.33191	
2.82501	8.33252	
2.82379	8.33252	
2.82959	8.33313	
2.82654	8.33313	
2.82806	8.33191	
2.82501	8.33191	
2.82562	8.33252	
2.82928	8.3316	
2.82654	8.33221	
2.82349	8.33191	
2.82593	8.33191	
2.82501	8.33252	
2.82471	8.3316	
2.83142	8.33191	
2.82501	8.33191	
2.82715	8.33221	
2.8244	8.3316	
2.82684	8.3316	
2.82593	8.3316	
2.82379	8.33221	
2.83325	8.33191	
2.82501	8.33221	
2.82532	8.33191	
2.82379	8.33099	
2.81921	8.33191	
2.82959	8.33221	
2.82684	8.33221	
2.82532	8.33252	
2.82745	8.3316	
2.82379	8.3316	
2.83081	8.33252	
2.82349	8.33252	
2.82471	8.33191	
2.82898	8.33191	
2.82532	8.33221	
2.82715	8.33191	
2.82166	8.33099	
2.82928	8.33282	
2.82501	8.33252	
2.82501	8.33191	
2.82684	8.33191	
2.82562	8.3316	
2.82623	8.3313	
2.82501	8.3316	
2.82745	8.33252	
2.8241	8.33191	
2.82654	8.33282	
2.82715	8.3313	
2.82532	8.33252	
2.82562	8.3316	
2.82959	8.33191	
2.83264	8.33191	
2.82776	8.33313	
2.82593	8.33282	
2.82593	8.33191	
2.82288	8.33191	
2.83112	8.33282	
2.82867	8.33282	
2.82715	8.33221	
2.82806	8.33221	
2.82501	8.3316	
2.8244	8.3316	
2.82013	8.33191	
2.82928	8.33191	
2.82288	8.33252	
2.82745	8.33191	
2.8244	8.33191	
2.82623	8.33191	
2.82745	8.33282	
2.82623	8.33191	
2.82501	8.33252	
2.82318	8.3316	
2.83051	8.33191	
2.82837	8.33252	
2.82562	8.3316	
2.82776	8.33221	
2.82532	8.33191	
2.83081	8.33191	
2.82806	8.33221	
2.82715	8.33221	
2.8241	8.3313	
2.82654	8.3316	
2.82837	8.3316	
2.82623	8.33221	
2.82318	8.3316	
2.82837	8.3316	
2.83051	8.3316	
2.82349	8.33252	
2.82623	8.33221	
2.82501	8.3316	
2.82623	8.3313	
2.82471	8.3316	
2.81921	8.33191	
2.83051	8.33191	
2.82837	8.33221	
2.82623	8.3316	
2.82471	8.33221	
2.82654	8.33191	
2.82806	8.3316	
2.82532	8.33252	
2.81891	8.33221	
2.82196	8.33191	
2.82562	8.3313	
2.82623	8.33252	
2.82715	8.33221	
2.82898	8.33282	
2.82501	8.33252	
2.82715	8.33252	
2.82196	8.33221	
2.82806	8.33221	
2.8299	8.33221	
2.82562	8.3316	
2.82593	8.33221	
2.82501	8.33191	
2.82593	8.33191	
2.81921	8.33221	
2.82867	8.33191	
2.82928	8.33191	
2.82501	8.33252	
2.82471	8.33221	
2.82654	8.33191	
2.8186	8.33191	
2.81982	8.33221	
2.82959	8.3316	
2.82715	8.33221	
2.82593	8.3313	
2.82745	8.3313	
2.82623	8.33191	
2.8241	8.33099	
2.82166	8.33191	
2.83234	8.33191	
2.82501	8.3316	
2.82471	8.3316	
2.82349	8.33191	
2.82471	8.33191	
2.82501	8.33191	
2.82288	8.33191	
2.82898	8.3316	
2.82867	8.33191	
2.82562	8.33221	
2.82196	8.33099	
2.82532	8.3313	
2.82013	8.33191	
2.82867	8.33221	
2.82898	8.33191	
2.82776	8.33191	
2.82471	8.33099	
2.82776	8.3313	
2.82471	8.33191	
2.8186	8.3313	
2.8186	8.3316	
2.82806	8.33099	
2.82928	8.33252	
2.82501	8.3316	
2.82776	8.33069	
2.8244	8.3316	
2.82593	8.3316	
2.8241	8.3313	
2.82684	8.33191	
2.82501	8.3316	
2.82593	8.33099	
2.8244	8.33191	
2.8241	8.3316	
2.82684	8.3313	
2.82501	8.33191	
2.8244	8.3313	
2.82715	8.33191	
2.8302	8.3316	
2.82806	8.3316	
2.82379	8.3316	
2.82379	8.3316	
2.82318	8.3316	
2.82501	8.3316	
2.82471	8.3316	
2.8241	8.3313	
2.82104	8.3316	
2.82623	8.3313	
2.82318	8.33099	
2.8244	8.3316	
2.82593	8.33191	
2.8241	8.3313	
2.8241	8.3313	
2.82196	8.33221	
2.82715	8.33191	
2.82257	8.3313	
2.82501	8.3313	
2.82257	8.3316	
2.8241	8.33099	
2.82501	8.3313	
2.82471	8.33191	
2.82227	8.3316	
2.82318	8.33191	
2.82806	8.3316	
2.8244	8.3316	
2.82501	8.3313	
2.82288	8.3316	
2.82349	8.3313	
2.82654	8.3316	
2.8244	8.33099	
2.82379	8.3316	
2.82257	8.33191	
2.8299	8.3316	
2.82166	8.3316	
2.8299	8.33099	
2.82257	8.33191	
2.82318	8.33221	
2.82562	8.33099	
2.8241	8.33191	
2.82349	8.3316	
2.82166	8.33099	
2.82532	8.3316	
2.82227	8.33191	
2.82379	8.3313	
2.82562	8.3316	
2.82349	8.3313	
2.81769	8.33191	
2.82104	8.3316	
2.82898	8.3313	
2.82654	8.3313	
2.82501	8.3316	
2.82318	8.33191	
2.82288	8.33099	
2.82562	8.33069	
2.82349	8.3316	
2.82166	8.3316	
2.82135	8.3313	
2.82898	8.33069	
2.82745	8.3316	
2.82379	8.33191	
2.82623	8.3316	
2.8244	8.3316	
2.81891	8.3316	
2.81799	8.33038	
2.8299	8.3313	
2.82623	8.3313	
2.82501	8.33191	
2.82349	8.3313	
2.8241	8.3316	
2.82593	8.3313	
2.82349	8.3313	
2.82623	8.3313	
2.82379	8.33099	
2.82288	8.33069	
2.82867	8.33099	
2.83081	8.33099	
2.82135	8.33099	
2.82471	8.3316	
2.82532	8.3313	
2.8241	8.33099	
2.82532	8.3313	
2.82257	8.33099	
2.81708	8.3313	
2.82745	8.33099	
2.82806	8.3313	
2.82135	8.3313	
2.82471	8.3313	
2.82654	8.3313	
2.82379	8.3313	
2.82501	8.33099	
2.8241	8.33099	
2.82257	8.33069	
2.82379	8.33099	
2.82715	8.33069	
2.82196	8.33069	
2.8244	8.3313	
2.82227	8.33069	
2.82288	8.33099	
2.82227	8.3313	
2.8244	8.3316	
2.82471	8.3313	
2.82318	8.33099	
2.82288	8.33099	
2.82776	8.3316	
2.8302	8.33099	
2.82684	8.3313	
2.82318	8.33191	
2.82349	8.33099	
2.82349	8.33069	
2.82562	8.3316	
2.82349	8.3313	
2.82349	8.3313	
2.82166	8.33099	
2.82959	8.3313	
2.82745	8.3316	
2.82928	8.3313	
2.82532	8.3313	
2.82379	8.33191	
2.82257	8.3316	
2.8241	8.3313	
2.82623	8.3313	
2.8241	8.3313	
2.8244	8.33099	
2.82379	8.3313	
2.81738	8.33069	
2.82166	8.33069	
2.82227	8.33099	
2.82104	8.33099	
2.82867	8.33099	
2.82654	8.33099	
2.82288	8.3316	
2.82257	8.33099	
2.82288	8.3313	
2.82471	8.33069	
2.82318	8.3313	
2.82288	8.3313	
2.82745	8.3313	
2.82959	8.33099	
2.82104	8.33069	
2.82501	8.3313	
2.82196	8.33099	
2.8241	8.33191	
2.82349	8.33221	
2.82379	8.33191	
2.81799	8.3316	
2.82349	8.33191	
2.82288	8.3313	
2.82166	8.33191	
2.82928	8.33221	
2.82776	8.33191	
2.82471	8.33099	
2.82196	8.3316	
2.8241	8.3316	
2.82257	8.33099	
2.8244	8.3313	
2.81738	8.33069	
2.81769	8.33191	
2.82959	8.33099	
2.82257	8.3313	
2.8299	8.3316	
2.82379	8.3313	
2.82471	8.3316	
2.82593	8.33191	
2.8241	8.3316	
2.82532	8.33069	
2.82532	8.33008	
2.82257	8.3313	
2.82379	8.3313	
2.82318	8.33069	
2.82745	8.3316	
2.82867	8.3316	
2.82776	8.3313	
2.82501	8.33069	
2.82654	8.3313	
2.82318	8.3313	
2.82257	8.33069	
2.82257	8.33099	
2.82379	8.33099	
2.82776	8.3316	
2.82806	8.33099	
2.82715	8.33221	
2.82867	8.3313	
2.82745	8.3313	
2.82318	8.33038	
2.82196	8.3316	
2.82257	8.3316	
2.82562	8.3313	
2.82379	8.33069	
2.82471	8.3313	
2.82379	8.3313	
2.81708	8.33099	
2.82043	8.3313	
2.82349	8.3313	
2.82745	8.33099	
2.82837	8.33191	
2.82257	8.33038	
2.83051	8.3313	
2.82074	8.33038	
2.8241	8.33069	
2.82471	8.33099	
2.82471	8.33099	
2.82135	8.33038	
2.82227	8.33099	
2.82715	8.33099	
2.82227	8.33099	
2.82532	8.3316	
2.82349	8.3313	
2.81952	8.33038	
2.82257	8.3316	
2.82227	8.33099	
2.8186	8.3313	
2.82349	8.3313	
2.82379	8.33221	
2.82928	8.33191	
2.82562	8.3316	
2.82867	8.3313	
2.82349	8.33099	
2.82257	8.33099	
2.82532	8.33069	
2.82288	8.33038	
2.82135	8.33099	
2.82135	8.33069	
2.8241	8.33069	
2.82196	8.33069	
2.81555	8.33038	
2.82227	8.33099	
2.81555	8.33069	
2.82196	8.33069	
2.81647	8.33038	
2.8183	8.33008	
2.82074	8.33099	
2.82135	8.33099	
2.82654	8.33099	
2.82654	8.33099	
2.82867	8.33008	
2.82013	8.3313	
2.82715	8.33069	
2.82318	8.33038	
2.82104	8.33099	
2.82379	8.33069	
2.82257	8.33038	
2.82043	8.33069	
2.82257	8.33069	
2.82349	8.33069	
2.82227	8.33069	
2.82349	8.33099	
2.82227	8.3313	
2.81799	8.33099	
2.82135	8.33038	
2.81982	8.33069	
2.82074	8.33099	
2.82745	8.3313	
2.8244	8.33099	
2.82806	8.33099	
2.82257	8.33069	
2.82288	8.33099	
2.82104	8.33099	
2.82135	8.3313	
2.82074	8.3316	
2.82227	8.33038	
2.82227	8.33069	
2.82135	8.33069	
2.81494	8.33038	
2.82074	8.33099	
2.82074	8.33038	
2.81494	8.33008	
2.82745	8.33099	
2.82501	8.33038	
2.82562	8.33069	
2.82257	8.33099	
2.82135	8.33099	
2.82257	8.33038	
2.82104	8.33069	
2.82349	8.33069	
2.82135	8.33099	
2.81555	8.33069	
2.81647	8.3313	
2.82593	8.33069	
2.8244	8.33069	
2.82745	8.33038	
2.81799	8.33038	
2.82166	8.33099	
2.8244	8.33038	
2.82104	8.33099	
2.82257	8.33038	
2.82013	8.33038	
2.82288	8.33099	
2.82166	8.33099	
2.81555	8.33069	
2.82135	8.33008	
2.82043	8.33099	
2.81464	8.33099	
2.82471	8.33038	
2.82227	8.33099	
2.82471	8.33069	
2.8186	8.33008	
2.82257	8.33099	
2.82349	8.33099	
2.82043	8.33099	
2.82043	8.33038	
2.82227	8.33038	
2.82074	8.33069	
2.82135	8.3313	
2.82135	8.33038	
2.82104	8.33099	
2.81677	8.33099	
2.82135	8.33069	
2.81433	8.33008	
2.82135	8.33099	
2.81738	8.33038	
2.82166	8.33069	
2.82043	8.33038	
2.82074	8.33069	
2.82532	8.33038	
2.82532	8.33099	
2.82806	8.33099	
2.82379	8.33099	
2.82654	8.33038	
2.82257	8.33069	
2.82623	8.33038	
2.82501	8.33069	
2.82288	8.33099	
2.82013	8.33099	
2.82196	8.33069	
2.81952	8.33069	
2.82227	8.3313	
2.81952	8.33038	
2.82227	8.33069	
2.82471	8.33099	
2.82196	8.33099	
2.82288	8.33038	
2.82196	8.33099	
2.82379	8.33069	
2.82196	8.33069	
2.82318	8.33069	
2.82196	8.33069	
2.82135	8.33099	
2.81525	8.33038	
2.82104	8.33038	
2.82013	8.33099	
2.8183	8.33099	
2.82166	8.33069	
2.81952	8.33008	
2.82501	8.33099	
2.82776	8.3313	
2.82349	8.33069	
2.82806	8.33099	
2.82501	8.33038	
2.8244	8.33099	
2.81982	8.33099	
2.82257	8.3313	
2.82318	8.3316	
2.82135	8.33038	
2.82501	8.3313	
2.82104	8.3313	
2.82471	8.33069	
2.82135	8.33008	
2.82471	8.3316	
2.82074	8.33008	
2.82532	8.33099	
2.82104	8.33038	
2.81982	8.33099	
2.82043	8.33008	
2.82288	8.33069	
2.82135	8.33069	
2.82379	8.32977	
2.82104	8.33069	
2.82318	8.33038	
2.82135	8.33038	
2.81464	8.33099	
2.81433	8.33069	
2.82135	8.33099	
2.82043	8.33038	
2.82104	8.33069	
2.81891	8.33008	
2.82074	8.33008	
2.82318	8.33099	
2.82471	8.33069	
2.8244	8.3313	
2.82806	8.33069	
2.8183	8.33038	
2.82745	8.3313	
2.82501	8.3313	
2.82654	8.33069	
2.82562	8.33099	
2.82715	8.33099	
2.82196	8.3313	
2.82471	8.33038	
2.8241	8.33069	
2.82288	8.33038	
2.82074	8.33099	
2.82104	8.3313	
2.8244	8.33099	
2.82104	8.33099	
2.82166	8.33069	
2.82104	8.33069	
2.82318	8.33099	
2.82135	8.33069	
2.82257	8.33038	
2.82166	8.33069	
2.82104	8.33069	
2.82135	8.33069	
2.81616	8.33069	
2.82104	8.33069	
2.81799	8.33038	
2.82104	8.33069	
2.82043	8.33069	
2.8183	8.33099	
2.81921	8.33069	
2.81494	8.33099	
2.81982	8.33038	
2.82104	8.33069	
2.82349	8.33069	
2.8186	8.33038	
2.82593	8.33099	
2.81952	8.33069	
2.82623	8.3313	
2.8244	8.33069	
2.82379	8.33038	
2.81433	8.33008	
2.8186	8.33038	
2.8244	8.33038	
2.82135	8.33038	
2.82257	8.33069	
2.82043	8.33038	
2.81372	8.33008	
2.81891	8.33069	
2.8183	8.33069	
2.8183	8.33038	
2.81433	8.33038	
2.81921	8.33099	
2.81525	8.33069	
2.81952	8.3313	
2.81403	8.33069	
2.82532	8.3313	
2.8244	8.33069	
2.82501	8.33038	
2.81891	8.33099	
2.82349	8.33069	
2.82013	8.33038	
2.8244	8.33069	
2.8244	8.3313	
2.82654	8.33038	
2.82349	8.33069	
2.82501	8.33038	
2.82135	8.3316	
2.82196	8.33069	
2.8241	8.33099	
2.82074	8.33099	
2.8183	8.33099	
2.82135	8.32947	
2.8186	8.33099	
2.81952	8.3313	
2.8183	8.33069	
2.82074	8.3313	
2.81921	8.33038	
2.82104	8.33038	
2.82013	8.33038	
2.81982	8.33038	
2.8186	8.3313	
2.81982	8.33069	
2.8241	8.3313	
2.81982	8.3313	
2.8186	8.33099	
2.81891	8.33099	
2.82318	8.33038	
2.82104	8.33099	
2.8183	8.33008	
2.82043	8.33038	
2.82318	8.33069	
2.82104	8.33069	
2.82196	8.33038	
2.82166	8.33038	
2.82349	8.33099	
2.82074	8.33069	
2.82013	8.3313	
2.82074	8.33099	
2.81769	8.33038	
2.8183	8.33069	
2.82318	8.33008	
2.81982	8.33038	
2.82043	8.33038	
2.81952	8.33069	
2.81799	8.33008	
2.81952	8.33008	
2.82104	8.33099	
2.81921	8.33038	
2.82196	8.33038	
2.81891	8.33008	
2.82013	8.33099	
2.81952	8.33099	
2.81616	8.32947	
2.81921	8.33099	
2.81494	8.33069	
2.81799	8.32977	
2.81769	8.33038	
2.81494	8.33008	
2.82135	8.33038	
2.82104	8.3313	
2.81891	8.33069	
2.81799	8.32977	
2.82501	8.33069	
2.81891	8.33069	
2.82593	8.33069	
2.81677	8.33038	
2.82043	8.33069	
2.82227	8.33038	
2.82104	8.33008	
2.82227	8.33038	
2.82196	8.33069	
2.82074	8.33038	
2.82288	8.33038	
2.81616	8.33008	
2.82013	8.33038	
2.81647	8.33008	
2.82288	8.33069	
2.81769	8.3313	
2.82501	8.33038	
2.81586	8.33038	
2.82196	8.32977	
2.8183	8.33069	
2.82379	8.33069	
2.81647	8.33008	
2.82562	8.33099	
2.81769	8.33069	
2.82501	8.33008	
2.81647	8.33069	
2.82013	8.33008	
2.82104	8.33038	
2.81982	8.32947	
2.81891	8.33069	
2.81982	8.33038	
2.82074	8.33099	
2.82318	8.33008	
2.81677	8.32977	
2.82288	8.32977	
2.81769	8.33038	
2.82562	8.33069	
2.82196	8.33038	
2.82288	8.33008	
2.82074	8.33069	
2.8241	8.32977	
2.82288	8.32947	
2.82257	8.33038	
2.82257	8.32947	
2.82043	8.33008	
2.81525	8.33008	
2.81921	8.32916	
2.81616	8.33008	
2.81708	8.33038	
2.82227	8.32947	
2.82501	8.33099	
2.81982	8.33008	
2.82288	8.32977	
2.82288	8.32947	
2.81982	8.33038	
2.81647	8.32947	
2.81769	8.33038	
2.81281	8.32977	
2.81799	8.32886	
2.82288	8.33008	
2.81708	8.32916	
2.81342	8.33008	
2.81647	8.32977	
2.81738	8.33008	
2.8183	8.33008	
2.81769	8.32947	
2.8183	8.33008	
2.81281	8.32947	
2.81891	8.33008	
2.82135	8.33008	
2.81891	8.32916	
2.81433	8.32977	
2.81738	8.32947	
2.82013	8.32977	
2.81433	8.33038	
2.82013	8.33008	
2.81311	8.32916	
2.81891	8.32977	
2.8125	8.32947	
2.81952	8.32947	
2.81281	8.33008	
2.81952	8.33069	
2.81586	8.33008	
2.81921	8.32947	
2.81342	8.32916	
2.81952	8.33008	
2.82074	8.33008	
2.81921	8.33008	
2.82074	8.33038	
2.81982	8.33038	
2.82104	8.33008	
2.81982	8.33038	
2.8186	8.33038	
2.81952	8.32977	
2.81982	8.33038	
2.81891	8.33038	
2.81891	8.33069	
2.82013	8.33069	
2.82043	8.33069	
2.82104	8.32977	
2.82288	8.33069	
2.82043	8.33038	
2.82349	8.33069	
2.82043	8.33038	
2.81769	8.33069	
2.82013	8.33038	
2.81891	8.33038	
2.8241	8.33038	
2.81708	8.33069	
2.82349	8.33038	
2.81647	8.32977	
2.82166	8.32916	
2.81769	8.33008	
2.82501	8.32947	
2.82288	8.33069	
2.8241	8.32947	
2.81647	8.33008	
2.82379	8.32977	
2.8186	8.33038	
2.81799	8.33008	
2.81952	8.33008	
2.81494	8.32916	
2.81921	8.32947	
2.8125	8.32916	
2.8183	8.32916	
2.81799	8.33008	
2.81891	8.33008	
2.82043	8.33008	
2.81952	8.33008	
2.81799	8.33008	
2.81952	8.33069	
2.81891	8.32947	
2.8183	8.33008	
2.8183	8.32947	
2.81982	8.33038	
2.81952	8.33008	
2.81921	8.33008	
2.82227	8.33008	
2.81921	8.32916	
2.81586	8.33038	
2.8244	8.33038	
2.82227	8.33008	
2.82257	8.32977	
2.81586	8.32977	
2.82379	8.32977	
2.82196	8.33038	
2.81769	8.32916	
2.81525	8.32916	
2.81433	8.32947	
2.8186	8.33038	
2.81158	8.32947	
2.8186	8.33038	
2.81982	8.32916	
2.81708	8.33008	
2.81799	8.33038	
2.8186	8.32947	
2.81738	8.33038	
2.8186	8.33008	
2.82043	8.32947	
2.81921	8.32947	
2.81616	8.32977	
2.81952	8.32947	
2.81647	8.32947	
2.8244	8.33008	
2.8186	8.32947	
2.82257	8.33038	
2.81921	8.33008	
2.81677	8.32977	
2.81586	8.33008	
2.81128	8.32916	
2.81708	8.32977	
2.81952	8.33008	
2.81677	8.32977	
2.81952	8.32977	
2.81799	8.32947	
2.81769	8.32977	
2.81647	8.33038	
2.81525	8.32947	
2.81891	8.33038	
2.8186	8.33008	
2.8186	8.32916	
2.81433	8.32947	
2.82043	8.33008	
2.82104	8.33038	
2.82013	8.33008	
2.81494	8.32947	
2.82074	8.32977	
2.82043	8.33008	
2.81647	8.32947	
2.81708	8.33038	
2.81036	8.32886	
2.81616	8.33008	
2.8183	8.33008	
2.81677	8.33008	
2.81586	8.32977	
2.81647	8.32977	
2.8186	8.33038	
2.81799	8.33008	
2.82013	8.33069	
2.81952	8.32977	
2.81738	8.33008	
2.8241	8.32947	
2.82104	8.33038	
2.82318	8.33038	
2.81952	8.32977	
2.82227	8.33038	
2.82135	8.33038	
2.81525	8.33008	
2.81799	8.32947	
2.80975	8.32947	
2.81769	8.32916	
2.8186	8.33008	
2.81677	8.33008	
2.81769	8.32916	
2.81769	8.32947	
2.81616	8.33008	
2.81555	8.33008	
2.81982	8.32916	
2.81769	8.32947	
2.81921	8.33008	
2.82196	8.33008	
2.81647	8.32916	
2.81982	8.32947	
2.81616	8.33008	
2.82013	8.32947	
2.81494	8.32947	
2.82257	8.32916	
2.8183	8.32916	
2.8186	8.32947	
2.81158	8.33008	
2.81647	8.33038	
2.81189	8.32916	
2.81586	8.32947	
2.81677	8.32947	
2.80975	8.32947	
2.81677	8.32916	
2.81799	8.33008	
2.81647	8.32947	
2.81891	8.33008	
2.81616	8.32947	
2.81616	8.32886	
2.81647	8.32947	
2.81769	8.32916	
2.81616	8.32916	
2.8183	8.32947	
2.81769	8.32947	
2.82196	8.33038	
2.82013	8.32977	
2.81494	8.32916	
2.81799	8.32916	
2.81219	8.32916	
2.8125	8.32916	
2.81677	8.32855	
2.81647	8.32916	
2.81677	8.32977	
2.81647	8.32916	
2.81799	8.32916	
2.81616	8.32886	
2.82166	8.32855	
2.81952	8.33008	
2.81616	8.32886	
2.81799	8.33008	
2.8183	8.32886	
2.81769	8.33008	
2.8186	8.32947	
2.81708	8.33008	
2.82074	8.32886	
2.82379	8.32947	
2.81555	8.32916	
2.82257	8.32947	
2.81036	8.32947	
2.81464	8.32916	
2.81647	8.32916	
2.81006	8.32855	
2.81738	8.32916	
2.81158	8.32916	
2.81799	8.32916	
2.81891	8.32977	
2.81647	8.32855	
2.81616	8.32947	
2.81677	8.32916	
2.81494	8.32916	
2.81799	8.32947	
2.82013	8.32886	
2.82379	8.32977	
2.81494	8.32947	
2.81525	8.32916	
2.81799	8.33038	
2.81708	8.32886	
2.81708	8.33008	
2.81372	8.32947	
2.81769	8.32855	
2.81921	8.32947	
2.81708	8.33008	
2.81555	8.32855	
2.81738	8.32947	
2.82043	8.32977	
2.81769	8.32947	
2.81494	8.32947	
2.8186	8.32886	
2.81677	8.32916	
2.82379	8.32947	
2.82227	8.32977	
2.82318	8.33038	
2.82104	8.32916	
2.81769	8.32947	
2.81342	8.32916	
2.81403	8.32947	
2.81769	8.32947	
2.8186	8.32947	
2.81738	8.32886	
2.81586	8.32916	
2.81708	8.32947	
2.82104	8.32916	
2.82074	8.32916	
2.82043	8.32855	
2.82074	8.32855	
2.81616	8.32886	
2.8183	8.32947	
2.81403	8.32855	
2.81525	8.32886	
2.81647	8.32886	
2.81921	8.32855	
2.81616	8.32855	
2.81769	8.32916	
2.82104	8.32886	
2.81769	8.32855	
2.82135	8.32947	
2.81769	8.32855	
2.80975	8.32886	
2.81708	8.32855	
2.81921	8.32886	
2.81769	8.32947	
2.81647	8.32947	
2.81616	8.32855	
2.81555	8.32947	
2.81891	8.32886	
2.82013	8.32855	
2.82166	8.32947	
2.81769	8.32855	
2.81677	8.32916	
2.81677	8.32947	
2.81769	8.32886	
2.81799	8.32886	
2.81738	8.32947	
2.81738	8.32977	
2.81616	8.32886	
2.8183	8.32886	
2.82013	8.32855	
2.82166	8.32947	
2.81525	8.32916	
2.82257	8.32916	
2.81128	8.32886	
2.81403	8.32916	
2.81677	8.32825	
2.81891	8.32947	
2.81647	8.32947	
2.81769	8.32855	
2.81708	8.32916	
2.81403	8.32947	
2.81952	8.32947	
2.81586	8.32947	
2.81555	8.32916	
2.81647	8.32855	
2.8183	8.32947	
2.81616	8.32977	
2.8186	8.32916	
2.81708	8.33008	
2.81403	8.32916	
2.81952	8.32947	
2.81952	8.33008	
2.81891	8.32947	
2.81311	8.32886	
2.81067	8.32916	
2.81586	8.32947	
2.8183	8.32947	
2.81616	8.32916	
2.81677	8.32947	
2.81555	8.33008	
2.81708	8.32947	
2.81494	8.32855	
2.8183	8.32886	
2.81708	8.32916	
2.81952	8.32977	
2.82135	8.32977	
2.81311	8.32825	
2.81036	8.32855	
2.81586	8.32886	
2.81738	8.32947	
2.81494	8.32855	
2.81616	8.32947	
2.81433	8.32855	
2.81311	8.32855	
2.81586	8.32886	
2.81342	8.32794	
2.82104	8.32886	
2.81403	8.32886	
2.82166	8.32977	
2.81158	8.32855	
2.80945	8.32886	
2.81555	8.32947	
2.81616	8.32916	
2.81555	8.32916	
2.81769	8.32886	
2.81586	8.32886	
2.81891	8.32855	
2.81952	8.32916	
2.81891	8.32825	
2.82074	8.32977	
2.81342	8.32916	
2.81158	8.32855	
2.81555	8.32916	
2.81677	8.33008	
2.81494	8.32886	
2.81464	8.32886	
2.81525	8.32855	
2.8183	8.32916	
2.82166	8.32855	
2.8183	8.32886	
2.82043	8.32886	
2.81281	8.32916	
2.81433	8.32855	
2.81555	8.32886	
2.81738	8.32947	
2.81525	8.32886	
2.81403	8.32916	
2.81647	8.32916	
2.8125	8.32886	
2.81921	8.32916	
2.81281	8.32886	
2.81952	8.32947	
2.81219	8.32855	
2.81342	8.32886	
2.81525	8.32947	
2.81677	8.32916	
2.81494	8.32886	
2.81586	8.32947	
2.81555	8.32855	
2.81372	8.32855	
2.81555	8.32947	
2.81769	8.32916	
2.81769	8.32886	
2.8125	8.32825	
2.81769	8.32855	
2.80823	8.32886	
2.81342	8.32855	
2.81494	8.32886	
2.80792	8.32886	
2.81494	8.32947	
2.81677	8.32855	
2.81464	8.32916	
2.81525	8.32916	
2.8183	8.32916	
2.81281	8.32916	
2.81464	8.32886	
2.81464	8.32886	
2.81586	8.32916	
2.81525	8.32916	
2.81708	8.32947	
2.81616	8.32886	
2.81616	8.32855	
2.82104	8.32916	
2.81006	8.32886	
2.81158	8.32947	
2.81464	8.32855	
2.81586	8.32886	
2.81464	8.32855	
2.81433	8.32886	
2.81525	8.32886	
2.81403	8.32886	
2.82166	8.32855	
2.81281	8.32855	
2.8186	8.32947	
2.80853	8.32855	
2.80823	8.32855	
2.81494	8.32916	
2.81586	8.32855	
2.81494	8.32855	
2.8186	8.32947	
2.81494	8.32916	
2.81616	8.32855	
2.81952	8.32886	
2.8125	8.32886	
2.81372	8.32916	
2.81372	8.32886	
2.80823	8.32855	
2.81525	8.32855	
2.81769	8.32947	
2.81494	8.32855	
2.81342	8.32855	
2.81586	8.32825	
2.81342	8.32916	
2.82227	8.32886	
2.81464	8.32886	
2.81433	8.32855	
2.81616	8.32886	
2.8183	8.32886	
2.81586	8.32916	
2.81372	8.32825	
2.8186	8.32794	
2.81738	8.32855	
2.81738	8.32886	
2.81067	8.32947	
2.81219	8.32825	
2.81494	8.32886	
2.8186	8.32855	
2.81586	8.32916	
2.81921	8.32947	
2.81921	8.32855	
2.80884	8.32855	
2.80975	8.32886	
2.81464	8.32947	
2.81952	8.32916	
2.81677	8.32886	
2.81647	8.32916	
2.82135	8.32916	
2.80975	8.32886	
2.80853	8.32825	
2.81433	8.32916	
2.81677	8.32886	
2.81494	8.32916	
2.8186	8.32916	
2.82104	8.32916	
2.81403	8.32947	
2.81342	8.32855	
2.81555	8.32916	
2.81738	8.32886	
2.81464	8.32916	
2.8186	8.32916	
2.81586	8.32916	
2.8183	8.32886	
2.82013	8.32916	
2.81311	8.32825	
2.81494	8.32886	
2.81494	8.32855	
2.81738	8.32855	
2.81433	8.32947	
2.8186	8.32916	
2.81647	8.32855	
2.81921	8.32916	
2.82135	8.32916	
2.80945	8.32794	
2.81647	8.32886	
2.81403	8.32886	
2.81647	8.32886	
2.81647	8.32886	
2.81738	8.32916	
2.8183	8.32947	
2.81921	8.32916	
2.81342	8.32886	
2.81464	8.32855	
2.81738	8.32855	
2.81464	8.32855	
2.81555	8.32886	
2.81647	8.32886	
2.81769	8.32886	
2.81952	8.32916	
2.81281	8.32794	
2.81586	8.32916	
2.81433	8.32825	
2.81403	8.32886	
2.8183	8.32825	
2.81219	8.32855	
2.81982	8.32886	
2.81281	8.32916	
2.81067	8.32825	
2.81494	8.32855	
2.8186	8.32886	
2.81586	8.32825	
2.81738	8.32886	
2.82135	8.32855	
2.80823	8.32886	
2.81128	8.32886	
2.81403	8.32794	
2.81403	8.32855	
2.81464	8.32886	
2.81738	8.32947	
2.81281	8.32947	
2.81494	8.32947	
2.81647	8.33008	
2.81372	8.32855	
2.81708	8.32855	
2.81799	8.32916	
2.80975	8.33008	
2.80701	8.32855	
2.81281	8.32916	
2.81219	8.32947	
2.81464	8.32916	
2.81616	8.32947	
2.81769	8.32886	
2.81128	8.32886	
2.81311	8.32855	
2.81311	8.32886	
2.81311	8.32886	
2.8125	8.32977	
2.81738	8.32947	
2.8183	8.32886	
2.81128	8.32916	
2.81219	8.32855	
2.81403	8.32886	
2.81555	8.32886	
2.81281	8.32916	
2.81708	8.33008	
2.81677	8.32947	
2.81799	8.32916	
2.8067	8.32855	
2.81311	8.32947	
2.81403	8.32947	
2.81525	8.32886	
2.81494	8.32855	
2.81281	8.32916	
2.81372	8.32977	
2.81219	8.32886	
2.81281	8.32977	
2.81525	8.32886	
2.82013	8.32886	
2.81372	8.32916	
2.81281	8.32916	
2.81311	8.32855	
2.81555	8.32855	
2.81342	8.32855	
2.8125	8.32947	
2.8183	8.32916	
2.81525	8.32916	
2.8125	8.32886	
2.81311	8.32886	
2.81281	8.32916	
2.81433	8.32855	
2.81525	8.32916	
2.81677	8.32886	
2.80792	8.32947	
2.80823	8.32916	
2.81311	8.32794	
2.81494	8.32855	
2.81464	8.32916	
2.81097	8.32825	
2.81128	8.32794	
2.81342	8.32886	
2.81342	8.32855	
2.81403	8.32855	
2.81464	8.32794	
2.81616	8.32855	
2.8125	8.32825	
2.81281	8.32855	
2.8125	8.32855	
2.81281	8.32825	
2.81769	8.32886	
2.81097	8.32825	
2.80579	8.32825	
2.81342	8.32916	
2.81219	8.32855	
2.81281	8.32886	
2.81464	8.32855	
2.81891	8.32916	
2.81097	8.32794	
2.81494	8.32825	
2.81281	8.32886	
2.81555	8.32855	
2.81738	8.32886	
2.80853	8.32733	
2.81433	8.32886	
2.81342	8.32825	
2.81555	8.32855	
2.81952	8.32825	
2.81189	8.32855	
2.81494	8.32886	
2.81219	8.32855	
2.81494	8.32794	
2.81921	8.32886	
2.81281	8.32916	
2.81464	8.32825	
2.8125	8.32855	
2.81464	8.32886	
2.81708	8.32886	
2.81067	8.32825	
2.81403	8.32855	
2.81342	8.32886	
2.81372	8.32825	
2.81647	8.32825	
2.81311	8.32825	
2.81525	8.32825	
2.81281	8.32886	
2.81281	8.32794	
2.81647	8.32855	
2.8067	8.32825	
2.81494	8.32855	
2.81281	8.32855	
2.81189	8.32855	
2.81799	8.32886	
2.81342	8.32855	
2.81464	8.32886	
2.81281	8.32916	
2.81677	8.32886	
2.81647	8.32947	
2.80792	8.32855	
2.81494	8.32916	
2.81281	8.32825	
2.81219	8.32886	
2.81769	8.32794	
2.80945	8.32886	
2.81036	8.32825	
2.81311	8.32886	
2.81097	8.32855	
2.81586	8.32855	
2.81097	8.32825	
2.81219	8.32947	
2.81403	8.32916	
2.81616	8.32916	
2.81494	8.32916	
2.8125	8.32947	
2.81281	8.32855	
2.8125	8.32825	
2.81464	8.32916	
2.81189	8.32916	
2.81036	8.32825	
2.81677	8.32886	
2.81281	8.32916	
2.81494	8.32855	
2.81403	8.32886	
2.81647	8.32886	
2.82043	8.32916	
2.81708	8.32916	
2.81158	8.32886	
2.81311	8.32947	
2.81555	8.32855	
2.81464	8.32764	
2.81647	8.32825	
2.81464	8.32916	
2.81189	8.32825	
2.81494	8.32886	
2.81281	8.32855	
2.81311	8.32825	
2.81921	8.32855	
2.81036	8.32825	
2.81189	8.32794	
2.81281	8.32855	
2.81281	8.32794	
2.81464	8.32855	
2.81158	8.32794	
2.81891	8.32825	
2.81311	8.32794	
2.81433	8.32916	
2.81219	8.32825	
2.81097	8.32825	
2.81616	8.32794	
2.81281	8.32886	
2.81342	8.32916	
2.81219	8.32764	
2.81403	8.32825	
2.8183	8.32886	
2.81281	8.32855	
2.81403	8.32886	
2.81158	8.32855	
2.8125	8.32916	
2.81586	8.32855	
2.81311	8.32855	
2.81464	8.32916	
2.81219	8.32855	
2.81097	8.32855	
2.8183	8.32886	
2.81372	8.32855	
2.81219	8.32764	
2.81433	8.32764	
2.81097	8.32764	
2.80884	8.32825	
2.81189	8.32825	
2.81281	8.32886	
2.81616	8.32886	
2.81036	8.32916	
2.81433	8.32825	
2.81219	8.32886	
2.81311	8.32855	
2.81616	8.32825	
2.80945	8.32794	
2.81403	8.32825	
2.81342	8.32825	
2.81219	8.32855	
2.81769	8.32886	
2.81097	8.32855	
2.81494	8.32886	
2.81128	8.32886	
2.81036	8.32733	
2.81403	8.32733	
2.81189	8.32855	
2.81189	8.32825	
2.81311	8.32886	
2.81616	8.32825	
2.81036	8.32825	
2.81189	8.32825	
2.81494	8.32825	
2.8125	8.32825	
2.81006	8.32855	
2.81097	8.32825	
2.8125	8.32825	
2.8125	8.32855	
2.81372	8.32886	
2.81494	8.32825	
2.81738	8.32855	
2.8125	8.32855	
2.81525	8.32886	
2.81128	8.32916	
2.81067	8.32794	
2.81616	8.32855	
2.8125	8.32825	
2.81372	8.32794	
2.81128	8.32916	
2.81128	8.32855	
2.81799	8.32855	
2.81158	8.32794	
2.81342	8.32794	
2.81219	8.32855	
2.81525	8.32886	
2.81525	8.32825	
2.80762	8.32703	
2.81342	8.32886	
2.81128	8.32794	
2.81555	8.32855	
2.81921	8.32794	
2.81372	8.32886	
2.80487	8.32794	
2.81158	8.32764	
2.81525	8.32855	
2.81799	8.32733	
2.81158	8.32855	
2.81189	8.32825	
2.81281	8.32764	
2.81647	8.32825	
2.81006	8.32855	
2.81158	8.32825	
2.81067	8.32733	
2.81158	8.32764	
2.81281	8.32794	
2.81128	8.32764	
2.81219	8.32794	
2.81342	8.32733	
2.81189	8.32855	
2.81036	8.32855	
2.80609	8.32764	
2.81219	8.32764	
2.81494	8.32794	
2.81616	8.32794	
2.81006	8.32825	
2.81403	8.32764	
2.81158	8.32886	
2.81464	8.32764	
2.81616	8.32886	
2.81128	8.32825	
2.81342	8.32825	
2.81097	8.32794	
2.81464	8.32764	
2.81158	8.32794	
2.81128	8.32764	
2.81464	8.32733	
2.81403	8.32764	
2.80975	8.32794	
2.80884	8.32825	
2.81097	8.32733	
2.8125	8.32886	
2.81799	8.32886	
2.80426	8.32794	
2.8125	8.32794	
2.81067	8.32794	
2.81342	8.32825	
2.81647	8.32794	
2.81128	8.32764	
2.81067	8.32733	
2.81219	8.32825	
2.81006	8.32825	
2.80457	8.32733	
2.81067	8.32855	
2.81097	8.32794	
2.81464	8.32855	
2.80975	8.32855	
2.81342	8.32764	
2.80975	8.32825	
2.80975	8.32764	
2.80853	8.32855	
2.81036	8.32794	
2.81158	8.32794	
2.8125	8.32855	
2.81525	8.32825	
2.81219	8.32794	
2.81158	8.32825	
2.80945	8.32825	
2.81677	8.32794	
2.81128	8.32794	
2.81006	8.32825	
2.8125	8.32825	
2.80884	8.32825	
2.80701	8.32825	
2.81067	8.32764	
2.81494	8.32825	
2.81738	8.32794	
2.81128	8.32825	
2.81494	8.32825	
2.81158	8.32794	
2.81219	8.32794	
2.81372	8.32764	
2.81219	8.32794	
2.80914	8.32764	
2.81616	8.32855	
2.81097	8.32825	
2.81097	8.32764	
2.81219	8.32794	
2.80914	8.32916	
2.81128	8.32764	
2.81128	8.32764	
2.81494	8.32794	
2.81433	8.32825	
2.81189	8.32764	
2.80426	8.32825	
2.81158	8.32794	
2.80975	8.32764	
2.81158	8.32825	
2.81128	8.32764	
2.81403	8.32855	
2.81769	8.32764	
2.80487	8.32825	
2.81342	8.32825	
2.81097	8.32794	
2.81158	8.32794	
2.81036	8.32825	
2.81219	8.32794	
2.81403	8.32794	
2.81769	8.32794	
2.8067	8.32794	
2.81342	8.32855	
2.81189	8.32825	
2.80853	8.32794	
2.81738	8.32855	
2.81158	8.32855	
2.81219	8.32825	
2.81281	8.32855	
2.80975	8.32733	
2.80914	8.32825	
2.81219	8.32886	
2.81311	8.32794	
2.81647	8.32733	
2.81219	8.32703	
2.81036	8.32794	
2.8183	8.32764	
2.80731	8.32825	
2.81281	8.32794	
2.81128	8.32703	
2.8125	8.32794	
2.80914	8.32794	
2.81189	8.32764	
2.80975	8.32733	
2.8183	8.32764	
2.80487	8.32733	
2.81372	8.32855	
2.81189	8.32794	
2.81189	8.32794	
2.80975	8.32794	
2.81189	8.32825	
2.81555	8.32764	
2.80792	8.32733	
2.81128	8.32703	
2.8125	8.32764	
2.81555	8.32794	
2.81189	8.32855	
2.81281	8.32764	
2.81281	8.32825	
2.81494	8.32703	
2.8067	8.32733	
2.81097	8.32764	
2.81464	8.32825	
2.81494	8.32733	
2.81097	8.32733	
2.81433	8.32825	
2.81799	8.32733	
2.80731	8.32733	
2.81281	8.32764	
2.81067	8.32764	
2.81525	8.32794	
2.81067	8.32733	
2.81128	8.32794	
2.80853	8.32764	
2.81769	8.32733	
2.80457	8.32764	
2.81219	8.32733	
2.81189	8.32794	
2.81097	8.32733	
2.8125	8.32764	
2.81158	8.32764	
2.81281	8.32794	
2.81097	8.32794	
2.81128	8.32733	
2.81128	8.32794	
2.81525	8.32825	
2.80701	8.32733	
2.8125	8.32733	
2.81158	8.32733	
2.81158	8.32764	
2.80701	8.32764	
2.81097	8.32764	
2.80945	8.32733	
2.81738	8.32764	
2.81097	8.32703	
2.81189	8.32764	
2.81097	8.32764	
2.81006	8.32794	
2.80396	8.32764	
2.81036	8.32794	
2.8125	8.32733	
2.81403	8.32764	
2.81036	8.32794	
2.81281	8.32733	
2.81006	8.32672	
2.81464	8.32794	
2.81006	8.32703	
2.81036	8.32733	
2.81006	8.32794	
2.81097	8.32794	
2.80334	8.32764	
2.81128	8.32764	
2.80975	8.32794	
2.81494	8.32855	
2.80792	8.32825	
2.81006	8.32733	
2.80823	8.32764	
2.81677	8.32825	
2.80975	8.32764	
2.81097	8.32733	
2.81006	8.32794	
2.80762	8.32855	
2.80762	8.32764	
2.80975	8.32794	
2.81403	8.32764	
2.81311	8.32764	
2.81036	8.32764	
2.80914	8.32794	
2.81006	8.32825	
2.80975	8.32733	
2.80731	8.32764	
2.81036	8.32764	
2.81372	8.32703	
2.80945	8.32764	
2.81036	8.32764	
2.81067	8.32794	
2.81464	8.32855	
2.80823	8.32764	
2.81189	8.32764	
2.81067	8.32825	
2.80945	8.32855	
2.81128	8.32825	
2.80914	8.32794	
2.81372	8.32764	
2.80853	8.32794	
2.80853	8.32825	
2.81219	8.32733	
2.81525	8.32794	
2.81006	8.32764	
2.80762	8.32794	
2.81372	8.32733	
2.81067	8.32764	
2.80823	8.32855	
2.81036	8.32733	
2.80853	8.32855	
2.80304	8.32703	
2.80945	8.32764	
2.80823	8.32764	
2.81067	8.32764	
2.80945	8.32794	
2.80762	8.32733	
2.81189	8.32794	
2.80975	8.32672	
2.80396	8.32855	
2.80945	8.32733	
2.80701	8.32764	
2.80853	8.32733	
2.80884	8.32764	
2.80884	8.32764	
2.81311	8.32794	
2.80914	8.32672	
2.81006	8.32764	
2.81067	8.32764	
2.81342	8.32794	
2.81189	8.32794	
2.80914	8.32764	
2.81219	8.32825	
2.80365	8.32733	
2.80853	8.32764	
2.81281	8.32764	
2.81494	8.32733	
2.81006	8.32794	
2.81311	8.32825	
2.81403	8.32855	
2.81036	8.32794	
2.81097	8.32764	
2.81494	8.32825	
2.80518	8.32764	
2.81097	8.32764	
2.80975	8.32825	
2.8125	8.32794	
2.81067	8.32794	
2.80853	8.32794	
2.81342	8.32764	
2.80792	8.32794	
2.80914	8.32794	
2.81128	8.32825	
2.81219	8.32794	
2.80945	8.32733	
2.80914	8.32825	
2.81006	8.32825	
2.8125	8.32825	
2.8064	8.32794	
2.80884	8.32794	
2.8067	8.32794	
2.80701	8.32825	
2.80914	8.32764	
2.81128	8.32764	
2.81464	8.32794	
2.80212	8.32825	
2.81128	8.32764	
2.81036	8.32794	
2.80914	8.32794	
2.81097	8.32733	
2.80914	8.32733	
2.80731	8.32764	
2.81189	8.32733	
2.80853	8.32764	
2.80914	8.32764	
2.80792	8.32733	
2.80945	8.32703	
2.80975	8.32764	
2.80548	8.32794	
2.80823	8.32733	
2.80731	8.32794	
2.80304	8.32764	
2.80975	8.32764	
2.80945	8.32764	
2.80975	8.32794	
2.80853	8.32825	
2.80762	8.32764	
2.81006	8.32825	
2.80792	8.32825	
2.81219	8.32764	
2.81403	8.32794	
2.81036	8.32764	
2.80701	8.32764	
2.8125	8.32764	
2.80396	8.32764	
2.80853	8.32825	
2.80914	8.32764	
2.81372	8.32764	
2.81158	8.32825	
2.81006	8.32794	
2.81342	8.32733	
2.81189	8.32733	
2.80914	8.32794	
2.8125	8.32794	
2.80823	8.32733	
2.80975	8.32764	
2.80914	8.32764	
2.80884	8.32703	
2.80945	8.32794	
2.80823	8.32733	
2.81342	8.32733	
2.81036	8.32825	
2.80945	8.32855	
2.81097	8.32794	
2.80334	8.32794	
2.81128	8.32794	
2.81036	8.32794	
2.81158	8.32825	
2.81158	8.32733	
2.80975	8.32794	
2.81281	8.32733	
2.81036	8.32794	
2.81036	8.32794	
2.80792	8.32672	
2.80273	8.32855	
2.80914	8.32794	
2.80823	8.32825	
2.81006	8.32825	
2.80914	8.32794	
2.80945	8.32733	
2.81342	8.32794	
2.81036	8.32733	
2.81281	8.32825	
2.81494	8.32764	
2.80334	8.32825	
2.80945	8.32764	
2.81006	8.32733	
2.8067	8.32764	
2.80334	8.32672	
2.80884	8.32733	
2.81281	8.32794	
2.80182	8.32733	
2.80945	8.32764	
2.81281	8.32764	
2.80334	8.32764	
2.80975	8.32733	
2.81342	8.32764	
2.80304	8.32764	
2.80914	8.32703	
2.81097	8.32794	
2.80731	8.32764	
2.80914	8.32764	
2.80823	8.32794	
2.80853	8.32733	
2.81006	8.32825	
2.80853	8.32794	
2.81525	8.32733	
2.80487	8.32733	
2.81128	8.32733	
2.80945	8.32794	
2.8125	8.32703	
2.81006	8.32733	
2.80823	8.32703	
2.8067	8.32703	
2.80334	8.32825	
2.80945	8.32703	
2.80975	8.32703	
2.80762	8.32733	
2.80853	8.32703	
2.8064	8.32703	
2.81158	8.32764	
2.80884	8.32703	
2.80701	8.32733	
2.81189	8.32703	
2.80884	8.32764	
2.81189	8.32764	
2.81403	8.32794	
2.80853	8.32733	
2.81097	8.32703	
2.81433	8.32764	
2.80823	8.32703	
2.80823	8.32764	
2.81433	8.32672	
2.80182	8.32672	
2.81067	8.32733	
2.80975	8.32703	
2.80243	8.32733	
2.81006	8.32764	
2.80884	8.32733	
2.80945	8.32764	
2.80945	8.32672	
2.80884	8.32703	
2.8064	8.32703	
2.80273	8.32703	
2.80914	8.32733	
2.81281	8.32733	
2.80243	8.32733	
2.80792	8.32733	
2.80762	8.32733	
2.80487	8.32764	
2.80731	8.32794	
2.81128	8.32764	
2.80609	8.32794	
2.80792	8.32764	
2.81006	8.32764	
2.80762	8.32794	
2.80853	8.32764	
2.80701	8.32794	
2.80701	8.32703	
2.80792	8.32703	
2.8064	8.32703	
2.8067	8.32642	
2.80884	8.32764	
2.81189	8.32794	
2.8067	8.32733	
2.80701	8.32794	
2.80609	8.32642	
2.8064	8.32672	
2.80762	8.32703	
2.81006	8.32764	
2.80609	8.32733	
2.80762	8.32733	
2.81006	8.32733	
2.81067	8.32764	
2.80823	8.32733	
2.80975	8.32703	
2.80792	8.32733	
2.80853	8.32672	
2.80609	8.32733	
2.80457	8.32764	
2.80731	8.32825	
2.81189	8.32764	
2.8064	8.32794	
2.80792	8.32733	
2.81067	8.32703	
2.80792	8.32733	
2.8067	8.32703	
2.80518	8.32733	
2.8067	8.32733	
2.80823	8.32672	
2.81036	8.32733	
2.81342	8.32794	
2.80792	8.32825	
2.80609	8.32794	
2.81311	8.32764	
2.80762	8.32764	
2.80853	8.32794	
2.81158	8.32794	
2.80701	8.32794	
2.80853	8.32764	
2.81128	8.32733	
2.80762	8.32794	
2.81067	8.32703	
2.81372	8.32764	
2.80823	8.32733	
2.80579	8.32764	
2.81342	8.32733	
2.80762	8.32703	
2.81036	8.32733	
2.81158	8.32855	
2.80731	8.32764	
2.80518	8.32794	
2.8067	8.32825	
2.80762	8.32733	
2.80609	8.32733	
2.80762	8.32794	
2.80731	8.32703	
2.80884	8.32794	
2.8064	8.32794	
2.80701	8.32794	
2.80457	8.32733	
2.80365	8.32825	
2.80823	8.32855	
2.80884	8.32733	
2.80762	8.32794	
2.80792	8.32764	
2.80518	8.32794	
2.80426	8.32825	
2.8067	8.32794	
2.80701	8.32825	
2.80853	8.32733	
2.80762	8.32764	
2.80609	8.32764	
2.80823	8.32764	
2.80914	8.32764	
2.80731	8.32672	
2.80945	8.32733	
2.80914	8.32733	
2.80609	8.32733	
2.80884	8.32733	
2.80853	8.32733	
2.80701	8.32703	
2.80853	8.32733	
2.80853	8.32733	
2.80701	8.32764	
2.80914	8.32764	
2.8125	8.32733	
2.80182	8.32703	
2.80792	8.32703	
2.81433	8.32794	
2.80792	8.32764	
2.81006	8.32642	
2.81128	8.32703	
2.80853	8.32733	
2.80945	8.32764	
2.80579	8.32703	
2.80762	8.32733	
2.80823	8.32733	
2.80121	8.32764	
2.8067	8.32733	
2.81128	8.32733	
2.80914	8.32733	
2.80884	8.32733	
2.80243	8.32733	
2.80823	8.32642	
2.81464	8.32764	
2.80853	8.32672	
2.81067	8.32764	
2.81281	8.32733	
2.80792	8.32703	
2.81128	8.32703	
2.81342	8.32703	
2.80914	8.32764	
2.80945	8.32733	
2.8064	8.32703	
2.80823	8.32764	
2.81097	8.32733	
2.81281	8.32855	
2.80762	8.32733	
2.8067	8.32764	
2.8064	8.32733	
2.8067	8.32794	
2.80884	8.32733	
2.80151	8.32794	
2.80792	8.32825	
2.80579	8.32764	
2.80548	8.32672	
2.80762	8.32825	
2.80975	8.32794	
2.81097	8.32764	
2.80762	8.32703	
2.80609	8.32733	
2.81342	8.32764	
2.80762	8.32703	
2.8067	8.32733	
2.80579	8.32733	
2.80762	8.32733	
2.81097	8.32825	
2.8067	8.32794	
2.80792	8.32703	
2.81128	8.32733	
2.80975	8.32825	
2.80914	8.32672	
2.8067	8.32825	
2.80853	8.32764	
2.81372	8.32733	
2.80823	8.32703	
2.81097	8.32764	
2.81189	8.32703	
2.80884	8.32703	
2.81006	8.32672	
2.80792	8.32764	
2.80762	8.32733	
2.80914	8.32733	
2.80579	8.32642	
2.80762	8.32703	
2.80914	8.32733	
2.8009	8.32672	
2.8067	8.32764	
2.80548	8.32703	
2.80975	8.32703	
2.80975	8.32672	
2.80792	8.32642	
2.81067	8.32703	
2.81433	8.32672	
2.80762	8.32703	
2.80609	8.32703	
2.81311	8.32764	
2.80731	8.32733	
2.81067	8.32733	
2.80548	8.32642	
2.80609	8.32703	
2.81036	8.32703	
2.80609	8.32703	
2.80731	8.32672	
2.80518	8.32733	
2.80182	8.32672	
2.80731	8.32611	
2.8067	8.32703	
2.80945	8.32733	
2.80945	8.32672	
2.81158	8.32794	
2.80975	8.32703	
2.80884	8.32703	
2.80609	8.32642	
2.80548	8.32672	
2.81403	8.32703	
2.8067	8.32733	
2.80548	8.32733	
2.8064	8.32672	
2.8067	8.32672	
2.80487	8.32672	
2.81097	8.32733	
2.8067	8.32733	
2.8067	8.32703	
2.80609	8.32672	
2.8067	8.32672	
2.81006	8.32733	
2.80029	8.32733	
2.80518	8.32672	
2.80914	8.32764	
2.80731	8.32703	
2.80762	8.32642	
2.8064	8.32733	
2.80975	8.32764	
2.81128	8.32703	
2.8064	8.32703	
2.8064	8.32703	
2.8064	8.32703	
2.80762	8.32672	
2.80396	8.32703	
2.80518	8.32703	
2.80701	8.32672	
2.80701	8.32733	
2.8067	8.32672	
2.80762	8.32703	
2.80273	8.32581	
2.80487	8.32672	
2.81128	8.32642	
2.80731	8.32794	
2.80792	8.32703	
2.80884	8.32672	
2.8067	8.32733	
2.81006	8.32703	
2.80579	8.32672	
2.80518	8.32733	
2.80396	8.32703	
2.80548	8.32703	
2.80731	8.32703	
2.79938	8.32703	
2.80579	8.32703	
2.81219	8.32825	
2.80548	8.32703	
2.80365	8.32703	
2.80884	8.32764	
2.80609	8.32764	
2.80334	8.32733	
2.80731	8.32733	
2.80701	8.32733	
2.80273	8.32611	
2.80792	8.32764	
2.8125	8.32672	
2.80518	8.32672	
2.81036	8.32703	
2.80701	8.32703	
2.8064	8.32794	
2.80609	8.32703	
2.80396	8.32764	
2.80884	8.32703	
2.8064	8.32703	
2.80396	8.32672	
2.80243	8.32764	
2.80609	8.32733	
2.80396	8.32733	
2.80426	8.32703	
2.81036	8.32825	
2.80609	8.32703	
2.80609	8.32733	
2.80487	8.32703	
2.80518	8.32764	
2.80701	8.32794	
2.8067	8.32703	
2.81311	8.32764	
2.80609	8.32733	
2.8067	8.32794	
2.80701	8.32764	
2.80487	8.32703	
2.80853	8.32733	
2.8064	8.32672	
2.80731	8.32733	
2.79968	8.32733	
2.80975	8.32733	
2.80945	8.32794	
2.8064	8.32733	
2.80548	8.32733	
2.79938	8.32733	
2.80579	8.32764	
2.80487	8.32703	
2.80792	8.32794	
2.80884	8.32825	
2.80701	8.32794	
2.80457	8.32733	
2.79938	8.32703	
2.80701	8.32733	
2.79907	8.32672	
2.80579	8.32672	
2.81189	8.32794	
2.80487	8.32703	
2.80945	8.32764	
2.80548	8.32764	
2.80701	8.32733	
2.80365	8.32703	
2.80884	8.32703	
2.80945	8.32733	
2.80579	8.32642	
2.81036	8.32703	
2.8064	8.32672	
2.8064	8.32733	
2.80212	8.32672	
2.80396	8.32794	
2.80853	8.32672	
2.80579	8.32672	
2.80365	8.32703	
2.80243	8.32733	
2.80579	8.32703	
2.80884	8.32672	
2.80518	8.32672	
2.80853	8.32733	
2.8067	8.32672	
2.80457	8.32672	
2.80762	8.32764	
2.8064	8.32703	
2.80579	8.32672	
2.80762	8.32703	
2.80457	8.32733	
2.8067	8.32703	
2.80365	8.32703	
2.80823	8.32703	
2.80792	8.32703	
2.80609	8.32733	
2.80579	8.32733	
2.80945	8.32672	
2.80609	8.32764	
2.80884	8.32733	
2.80701	8.32733	
2.81311	8.32703	
2.8064	8.32733	
2.80579	8.32703	
2.79968	8.32672	
2.80579	8.32733	
2.80884	8.32733	
2.80731	8.32733	
2.81219	8.32672	
2.80701	8.32672	
2.80762	8.32642	
2.80731	8.32703	
2.8067	8.32703	
2.79999	8.32672	
2.80853	8.32672	
2.81158	8.32672	
2.80579	8.32733	
2.80457	8.32703	
2.80701	8.32672	
2.80701	8.32672	
2.80212	8.32733	
2.80884	8.32703	
2.81128	8.32764	
2.80579	8.32764	
2.80426	8.32733	
2.79968	8.32642	
2.80731	8.32672	
2.80334	8.32703	
2.80823	8.32733	
2.80548	8.32764	
2.80609	8.32733	
2.80975	8.32672	
2.80975	8.32672	
2.80823	8.32733	
2.8064	8.32733	
2.80762	8.32703	
2.80792	8.32733	
2.80762	8.32672	
2.8064	8.32703	
2.80579	8.32703	
2.8067	8.32794	
2.80548	8.32764	
2.80853	8.32764	
2.80457	8.32672	
2.80975	8.32642	
2.80579	8.32642	
2.80853	8.32703	
2.80762	8.32642	
2.80945	8.32703	
2.80548	8.32642	
2.80457	8.32611	
2.79846	8.32672	
2.8067	8.32642	
2.80579	8.32642	
2.80396	8.32611	
2.80548	8.32642	
2.8064	8.32642	
2.80975	8.32672	
2.80518	8.32611	
2.81097	8.32611	
2.80548	8.32672	
2.80823	8.32642	
2.80792	8.32672	
2.80762	8.32703	
2.80548	8.32733	
2.80914	8.32642	
2.80579	8.32642	
2.80487	8.32672	
2.81036	8.32733	
2.80792	8.32642	
2.80945	8.32703	
2.80609	8.32581	
2.8067	8.32672	
2.79816	8.32611	
2.80701	8.32642	
2.80609	8.32672	
2.80548	8.32642	
2.80518	8.32703	
2.80487	8.32672	
2.80304	8.32642	
2.80792	8.32672	
2.81189	8.32672	
2.80579	8.32672	
2.80823	8.32672	
2.79938	8.32642	
2.80579	8.32672	
2.80304	8.32611	
2.80609	8.32672	
2.8064	8.32672	
2.80548	8.32642	
2.80243	8.32733	
2.8067	8.32703	
2.8125	8.32703	
2.80487	8.32733	
2.80731	8.32733	
2.80426	8.32703	
2.80487	8.32703	
2.80853	8.32733	
2.80396	8.32733	
2.80945	8.32733	
2.80426	8.32733	
2.80182	8.32703	
2.79877	8.32703	
2.80426	8.32703	
2.80151	8.32733	
2.80579	8.32642	
2.80792	8.32642	
2.80396	8.32672	
2.80731	8.32672	
2.80609	8.32703	
2.80579	8.32672	
2.80365	8.32642	
2.80487	8.32611	
2.80884	8.32672	
2.80487	8.32642	
2.80548	8.32611	
2.80548	8.32733	
2.81158	8.32672	
2.80457	8.32672	
2.80457	8.32703	
2.80365	8.32672	
2.80426	8.32672	
2.79816	8.32611	
2.80121	8.32672	
2.80243	8.32611	
2.80426	8.32703	
2.80487	8.32642	
2.80334	8.32672	
2.81067	8.32642	
2.80457	8.32703	
2.80304	8.32642	
2.80212	8.32642	
2.80396	8.32703	
2.80182	8.32733	
2.80792	8.32642	
2.80975	8.32642	
2.80396	8.32642	
2.80548	8.32672	
2.80518	8.32672	
2.80396	8.32642	
2.80396	8.32703	
2.80762	8.32642	
2.80182	8.32611	
2.80365	8.32611	
2.80701	8.32672	
2.80548	8.32642	
2.80914	8.32611	
2.80304	8.32703	
2.80396	8.32703	
2.80518	8.32672	
2.80945	8.32733	
2.80365	8.32611	
2.80548	8.32611	
2.79846	8.32611	
2.80518	8.32672	
2.80243	8.32581	
2.80426	8.32703	
2.80396	8.32733	
2.80396	8.32672	
2.80182	8.32611	
2.80212	8.32611	
2.81006	8.32733	
2.80334	8.32642	
2.80243	8.32672	
2.80518	8.32642	
2.81067	8.32672	
2.80365	8.32642	
2.80121	8.32642	
2.79846	8.32642	
2.80426	8.32672	
2.80457	8.32672	
2.80212	8.32642	
2.80212	8.32703	
2.80457	8.32672	
2.8067	8.32703	
2.80334	8.32642	
2.80945	8.32642	
2.80334	8.32611	
2.8064	8.32642	
2.80548	8.32581	
2.80792	8.32703	
2.80365	8.32703	
2.80823	8.32703	
2.80548	8.32703	
2.80945	8.32642	
2.80365	8.32703	
2.80609	8.32611	
2.80548	8.32672	
2.81006	8.32703	
2.80426	8.32672	
2.80273	8.32672	
2.80182	8.32581	
2.8064	8.32672	
2.80396	8.32672	
2.8067	8.32611	
2.79694	8.32642	
2.80518	8.32703	
2.80334	8.32642	
2.80365	8.32611	
2.79907	8.32611	
2.80396	8.32703	
2.79816	8.32672	
2.80243	8.32642	
2.80334	8.32672	
2.80396	8.32672	
2.80243	8.32581	
2.80731	8.32611	
2.81006	8.32672	
2.80426	8.32703	
2.80365	8.32642	
2.8064	8.32733	
2.80792	8.32611	
2.80365	8.32642	
2.80579	8.32642	
2.80334	8.32581	
2.80762	8.32672	
2.80396	8.32703	
2.80334	8.32733	
2.8064	8.32703	
2.80853	8.32611	
2.80487	8.32672	
2.80884	8.32642	
2.80396	8.32672	
2.80792	8.32672	
2.80365	8.32642	
2.80273	8.32611	
2.80212	8.32672	
2.80792	8.32642	
2.80426	8.32642	
2.80212	8.32672	
2.80334	8.32672	
2.80914	8.32703	
2.80487	8.32642	
2.80548	8.32611	
2.80212	8.32611	
2.81036	8.32642	
2.80396	8.32642	
2.8064	8.32672	
2.80304	8.32581	
2.80518	8.32611	
2.80426	8.32672	
2.80792	8.32703	
2.79938	8.32642	
2.80487	8.32703	
2.80396	8.32642	
2.80609	8.32703	
2.79846	8.32642	
2.80457	8.32611	
2.80457	8.32672	
2.80243	8.32672	
2.80243	8.32672	
2.80365	8.32611	
2.80823	8.32733	
2.80182	8.32672	
2.80762	8.32642	
2.80426	8.32611	
2.8067	8.32642	
2.80609	8.32611	
2.80975	8.32611	
2.80426	8.32703	
2.8067	8.32672	
2.8064	8.32642	
2.81097	8.32703	
2.80457	8.32703	
2.80548	8.32733	
2.80548	8.32672	
2.81006	8.32611	
2.80426	8.32672	
2.80823	8.32642	
2.80304	8.32703	
2.80762	8.32764	
2.80396	8.32703	
2.79999	8.32703	
2.80487	8.32672	
2.81036	8.32733	
2.80396	8.32703	
2.80701	8.32642	
2.80182	8.32733	
2.80975	8.32733	
2.80396	8.32672	
2.8067	8.32642	
2.80334	8.32642	
2.80853	8.32672	
2.80334	8.32703	
2.80273	8.32611	
2.80212	8.32642	
2.80884	8.32642	
2.80365	8.32703	
2.80243	8.32642	
2.80365	8.32672	
2.80579	8.32703	
2.80334	8.32642	
2.80182	8.32703	
2.80365	8.32642	
2.80548	8.32672	
2.80365	8.32672	
2.80121	8.32611	
2.79633	8.32672	
2.80579	8.32703	
2.80273	8.32642	
2.80121	8.32581	
2.80518	8.32672	
2.81006	8.32672	
2.80426	8.32733	
2.80579	8.32611	
2.80457	8.32581	
2.8064	8.32642	
2.80273	8.32611	
2.80334	8.32642	
2.80396	8.32672	
2.80853	8.32642	
2.80273	8.32611	
2.80182	8.32703	
2.79572	8.32672	
2.80304	8.32672	
2.80304	8.32672	
2.80518	8.32672	
2.79602	8.32642	
2.80334	8.32642	
2.80304	8.32703	
2.80487	8.32672	
2.80273	8.32642	
2.80334	8.32642	
2.80304	8.32703	
2.80518	8.32642	
2.7948	8.32581	
2.80365	8.32733	
2.80182	8.32672	
2.80365	8.32642	
2.80121	8.32672	
2.81006	8.32642	
2.80304	8.32672	
2.80273	8.32672	
2.80365	8.32642	
2.80975	8.3255	
2.80182	8.32672	
2.80579	8.32672	
2.80426	8.32642	
2.80548	8.32642	
2.80334	8.32703	
2.80121	8.32611	
2.80396	8.32642	
2.80762	8.32672	
2.80243	8.32672	
2.80426	8.32642	
2.80457	8.32642	
2.80518	8.32611	
2.80151	8.32642	
2.80182	8.32642	
2.79816	8.32672	
2.80701	8.32672	
2.80151	8.32642	
2.8067	8.32581	
2.80426	8.32672	
2.80609	8.32642	
2.80304	8.32703	
2.80487	8.32611	
2.80426	8.32703	
2.8064	8.32642	
2.80121	8.32642	
2.80426	8.32611	
2.80365	8.32672	
2.80212	8.32703	
2.80151	8.32642	
2.79694	8.32581	
2.80396	8.32642	
2.8006	8.32581	
2.80304	8.32611	
2.80182	8.32672	
2.8067	8.32642	
2.80396	8.32611	
2.8064	8.32703	
2.80212	8.32703	
2.80609	8.32672	
2.8067	8.32672	
2.80182	8.32642	
2.80182	8.32672	
2.79816	8.32642	
2.80548	8.32642	
2.79572	8.32672	
2.80426	8.32642	
2.80334	8.32672	
2.80609	8.32703	
2.79572	8.32642	
2.80365	8.32703	
2.80243	8.32642	
2.8009	8.32672	
2.80396	8.32611	
2.80396	8.32611	
2.80212	8.32611	
2.80762	8.32703	
2.80396	8.32672	
2.80945	8.32703	
2.80273	8.32611	
2.80304	8.32672	
2.80273	8.32642	
2.8067	8.32642	
2.80182	8.32672	
2.79907	8.32642	
2.80243	8.32642	
2.79602	8.32642	
2.80426	8.32611	
2.80273	8.32642	
2.80426	8.32703	
2.80029	8.32611	
2.80853	8.32703	
2.80273	8.32672	
2.80273	8.32611	
2.80212	8.32642	
2.80701	8.32703	
2.80273	8.32672	
2.80182	8.32642	
2.80304	8.32672	
2.80304	8.32611	
2.80182	8.32672	
2.8009	8.32642	
2.80426	8.32611	
2.79907	8.32733	
2.80304	8.32611	
2.80304	8.32672	
2.80151	8.32764	
2.80487	8.32642	
2.80762	8.32733	
2.80121	8.32703	
2.79999	8.32642	
2.80029	8.32642	
2.8067	8.32672	
2.80243	8.32703	
2.80182	8.32642	
2.80548	8.32642	
2.80487	8.32703	
2.80273	8.32642	
2.8009	8.32642	
2.80396	8.32672	
2.80304	8.32611	
2.80182	8.32703	
2.80518	8.32703	
2.80273	8.32672	
2.80914	8.32642	
2.80334	8.32672	
2.79663	8.32642	
2.80548	8.32672	
2.79602	8.32642	
2.80365	8.32672	
2.80243	8.32611	
2.80182	8.32672	
2.79602	8.32642	
2.80304	8.32672	
2.80304	8.32642	
2.80029	8.32642	
2.80396	8.32642	
2.80914	8.32642	
2.80273	8.32611	
2.80457	8.32611	
2.80304	8.32581	
2.80029	8.32611	
2.80334	8.32672	
2.80701	8.32672	
2.80365	8.32642	
2.80151	8.32611	
2.80243	8.32642	
2.79755	8.32581	
2.80457	8.32581	
2.79663	8.32642	
2.80304	8.32672	
2.80304	8.32642	
2.8067	8.32611	
2.80426	8.32581	
2.80945	8.32672	
2.80182	8.32581	
2.80151	8.32672	
2.80487	8.32611	
2.8009	8.32611	
2.80151	8.3255	
2.80334	8.32642	
2.80579	8.32642	
2.80212	8.32672	
2.80762	8.32611	
2.80273	8.32642	
2.80121	8.32611	
2.80426	8.32611	
2.80823	8.32611	
2.80151	8.32642	
2.79968	8.32642	
2.80365	8.32611	
2.80457	8.32642	
2.80273	8.32581	
2.80182	8.32642	
2.80365	8.32642	
2.80304	8.32581	
2.80121	8.32611	
2.79755	8.32611	
2.8009	8.32672	
2.80212	8.32703	
2.80243	8.32642	
2.80243	8.32672	
2.80334	8.32611	
2.79816	8.32642	
2.80273	8.32611	
2.80273	8.32611	
2.80304	8.32642	
2.80212	8.32581	
2.80304	8.32642	
2.80212	8.32642	
2.80548	8.32672	
2.79449	8.3255	
2.80273	8.32642	
2.79999	8.32611	
2.80121	8.32581	
2.80243	8.32581	
2.80182	8.32611	
2.79938	8.32581	
2.8006	8.32642	
2.8009	8.32642	
2.80151	8.32581	
2.80182	8.32611	
2.80121	8.32611	
2.80365	8.32672	
2.80731	8.32642	
2.80151	8.32581	
2.80426	8.32672	
2.80151	8.32611	
2.80487	8.32611	
2.80121	8.3255	
2.79724	8.32642	
2.80151	8.32611	
2.79999	8.32611	
2.80182	8.32611	
2.80151	8.32611	
2.79968	8.32642	
2.80212	8.32642	
2.8064	8.32581	
2.80121	8.32672	
2.80518	8.32703	
2.79968	8.32611	
2.79938	8.32611	
2.80151	8.32611	
2.80151	8.3255	
2.80151	8.32581	
2.80365	8.32611	
2.80853	8.32642	
2.80182	8.32611	
2.80396	8.32611	
2.80365	8.32642	
2.80823	8.32703	
2.8006	8.32611	
2.80121	8.32581	
2.80182	8.32581	
2.79999	8.3255	
2.80121	8.32581	
2.8009	8.32642	
2.79907	8.32581	
2.80334	8.32642	
2.80792	8.32581	
2.8009	8.32611	
2.80396	8.32642	
2.80151	8.32611	
2.80762	8.32642	
2.8009	8.32581	
2.79449	8.32581	
2.80273	8.32642	
2.7948	8.32611	
2.80182	8.32642	
2.80151	8.32642	
2.80243	8.32611	
2.80365	8.32611	
2.80609	8.32611	
2.80029	8.32642	
2.80487	8.32642	
2.80243	8.32611	
2.80334	8.32611	
2.79999	8.32581	
2.80121	8.32642	
2.80273	8.32642	
2.80334	8.32611	
2.80792	8.32672	
2.80121	8.32611	
2.79907	8.32642	
2.80029	8.32611	
2.80365	8.32581	
2.80212	8.32611	
2.7951	8.32611	
2.79907	8.32642	
2.80029	8.32642	
2.80121	8.32611	
2.80121	8.32611	
2.79999	8.3255	
2.80304	8.32611	
2.80518	8.32581	
2.8006	8.32611	
2.80548	8.32642	
2.80273	8.32642	
2.79999	8.32642	
2.80243	8.32642	
2.80121	8.32642	
2.80457	8.32642	
2.79724	8.3252	
2.80304	8.32581	
2.80121	8.32642	
2.79816	8.32581	
2.80273	8.3255	
2.8009	8.32581	
2.80121	8.3255	
2.79999	8.32581	
2.80334	8.32581	
2.79388	8.32581	
2.80121	8.3255	
2.8009	8.32642	
2.80304	8.32581	
2.80121	8.3255	
2.80731	8.3255	
2.80151	8.32611	
2.79846	8.3255	
2.79999	8.32611	
2.80487	8.32581	
2.80029	8.32611	
2.79846	8.32581	
2.79938	8.32581	
2.79449	8.32611	
2.80182	8.32581	
2.80121	8.32611	
2.80548	8.32611	
2.80304	8.32581	
2.80487	8.3252	
2.8009	8.32581	
2.79541	8.32642	
2.79938	8.3255	
2.79572	8.32611	
2.80426	8.32642	
2.8009	8.32581	
2.80457	8.32581	
2.80182	8.32611	
2.80609	8.32611	
2.80121	8.3255	
2.79968	8.32581	
2.8009	8.32611	
2.79572	8.32581	
2.80243	8.32581	
2.80182	8.3255	
2.80029	8.32581	
2.80396	8.32611	
2.80762	8.32611	
2.79999	8.3255	
2.79755	8.32489	
2.80334	8.32672	
2.80304	8.3255	
2.80731	8.3255	
2.79999	8.32581	
2.80579	8.3252	
2.80121	8.32642	
2.8009	8.32611	
2.80212	8.32642	
2.80121	8.3255	
2.79968	8.3255	
2.80334	8.32581	
2.80701	8.32642	
2.80029	8.32581	
2.79694	8.3255	
2.80365	8.32642	
2.79938	8.32581	
2.80731	8.32611	
2.8009	8.32611	
2.80121	8.32672	
2.79938	8.32611	
2.79938	8.32611	
2.80273	8.32581	
2.8006	8.32642	
2.79877	8.32611	
2.80182	8.32581	
2.80762	8.32581	
2.8009	8.32642	
2.79388	8.32581	
2.8006	8.32581	
2.80121	8.32611	
2.80792	8.32611	
2.8006	8.32611	
2.8064	8.32672	
2.80457	8.32642	
2.79968	8.32611	
2.80151	8.32672	
2.8006	8.3255	
2.79968	8.32642	
2.80304	8.32611	
2.79999	8.3255	
2.80151	8.32611	
2.80212	8.32672	
2.80487	8.32581	
2.80457	8.32672	
2.8006	8.32611	
2.80334	8.32642	
2.80121	8.32642	
2.79877	8.32581	
2.8006	8.3255	
2.79968	8.3255	
2.80151	8.3252	
2.8009	8.32611	
2.80273	8.32611	
2.80273	8.32611	
2.8064	8.32611	
2.8009	8.3255	
2.79419	8.32581	
2.80457	8.3255	
2.79907	8.32611	
2.8067	8.32581	
2.79999	8.32642	
2.80548	8.3255	
2.79907	8.3255	
2.7948	8.3255	
2.80334	8.32581	
2.80029	8.32581	
2.80029	8.32611	
2.80457	8.32611	
2.79907	8.32642	
2.8009	8.3255	
2.80121	8.3252	
2.79968	8.32581	
2.80182	8.3255	
2.80518	8.3255	
2.79968	8.32581	
2.8006	8.32642	
2.79816	8.32581	
2.80151	8.32611	
2.80365	8.32611	
2.8006	8.32642	
2.7948	8.32611	
2.80029	8.32611	
2.80182	8.3255	
2.80518	8.32581	
2.8006	8.32581	
2.79633	8.32611	
2.80426	8.32581	
2.80212	8.32581	
2.80396	8.32642	
2.79999	8.3255	
2.79388	8.3255	
2.79877	8.3255	
2.79694	8.3255	
2.80701	8.32581	
2.8009	8.32581	
2.79633	8.32611	
2.79846	8.3252	
2.79449	8.3255	
2.8064	8.32581	
2.80029	8.32581	
2.80029	8.32611	
2.80212	8.32581	
2.79602	8.32611	
2.80151	8.32611	
2.8006	8.32581	
2.79785	8.32489	
2.80304	8.32611	
2.79877	8.32581	
2.8006	8.32581	
2.79999	8.32611	
2.80182	8.3252	
2.80334	8.32581	
2.79785	8.3255	
2.79968	8.3255	
2.79785	8.32458	
2.80029	8.32611	
2.80151	8.3252	
2.80579	8.32581	
2.79968	8.32581	
2.8006	8.32611	
2.79877	8.32581	
2.8006	8.32611	
2.80304	8.32611	
2.79907	8.32611	
2.80182	8.32611	
2.80304	8.32611	
2.79572	8.32581	
2.80396	8.32611	
2.79938	8.3255	
2.79785	8.32611	
2.79785	8.3255	
2.79297	8.3255	
2.80121	8.32581	
2.79968	8.32611	
2.8009	8.3255	
2.79846	8.32642	
2.79968	8.32611	
2.79968	8.32642	
2.79968	8.3255	
2.79785	8.3255	
2.8009	8.32642	
2.80365	8.32458	
2.79968	8.32581	
2.79938	8.32611	
2.8009	8.32581	
2.8009	8.32611	
2.80487	8.32642	
2.79877	8.3255	
2.80243	8.3255	
2.8009	8.32642	
2.79816	8.3255	
2.8006	8.3255	
2.79938	8.3252	
2.79663	8.3252	
2.80121	8.3252	
2.80548	8.32611	
2.79846	8.3252	
2.79968	8.3252	
2.80029	8.32581	
2.8009	8.32489	
2.80273	8.32581	
2.80029	8.3255	
2.79266	8.32489	
2.80182	8.3252	
2.80182	8.3255	
2.80365	8.32458	
2.79907	8.3255	
2.79297	8.3255	
2.80121	8.32458	
2.79236	8.3252	
2.80579	8.3255	
2.79907	8.3252	
2.80029	8.3255	
2.79999	8.32458	
2.8009	8.3252	
2.80518	8.32611	
2.79907	8.3252	
2.80182	8.3252	
2.79877	8.3255	
2.79572	8.3252	
2.80548	8.32581	
2.79816	8.32581	
2.80304	8.32581	
2.80121	8.32458	
2.79297	8.3255	
2.80548	8.3252	
2.79968	8.3252	
2.79572	8.3255	
2.79816	8.32581	
2.79907	8.32489	
2.8067	8.3255	
2.8006	8.3252	
2.79846	8.3252	
2.80334	8.3252	
2.80151	8.32611	
2.80121	8.3252	
2.79938	8.3252	
2.79938	8.3255	
2.80212	8.3255	
2.8006	8.3252	
2.79816	8.3255	
2.8009	8.32581	
2.79999	8.3252	
2.80273	8.32581	
2.80029	8.32489	
2.8009	8.3255	
2.79907	8.3252	
2.79907	8.32581	
2.80365	8.3252	
2.79999	8.32489	
2.79388	8.3255	
2.8067	8.32581	
2.79938	8.32489	
2.80121	8.3255	
2.79816	8.32489	
2.8009	8.32581	
2.80426	8.3255	
2.79816	8.32672	
2.79907	8.3255	
2.80212	8.3255	
2.79816	8.3255	
2.79907	8.32489	
2.80121	8.32581	
2.79907	8.32581	
2.79572	8.3252	
2.79846	8.3255	
2.79785	8.32581	
2.80334	8.32581	
2.79999	8.32581	
2.79572	8.32581	
2.8009	8.32611	
2.80212	8.3255	
2.8067	8.3252	
2.8006	8.3252	
2.79999	8.32489	
2.80121	8.3252	
2.80273	8.3252	
2.79877	8.3252	
2.80548	8.3252	
2.79907	8.3252	
2.80151	8.32581	
2.80212	8.3255	
2.80151	8.32642	
2.80457	8.3255	
2.8009	8.32581	
2.79938	8.32581	
2.79724	8.32581	
2.79816	8.3255	
2.79907	8.32611	
2.8009	8.32611	
2.79938	8.32581	
2.80243	8.32611	
2.80273	8.32489	
2.79388	8.32581	
2.80548	8.3252	
2.79999	8.32611	
2.79602	8.3252	
2.79846	8.32642	
2.80182	8.32611	
2.80457	8.32581	
2.79938	8.32581	
2.79846	8.3252	
2.80151	8.32581	
2.80151	8.32611	
2.80426	8.32581	
2.79816	8.32611	
2.79999	8.32581	
2.79694	8.32611	
2.80151	8.32581	
2.8006	8.32642	
2.80029	8.32611	
2.79907	8.32581	
2.79663	8.32581	
2.79999	8.32581	
2.8009	8.32611	
2.80548	8.32611	
2.79877	8.32489	
2.79938	8.32642	
2.80182	8.32611	
2.79907	8.3255	
2.79877	8.32581	
2.80029	8.32581	
2.79938	8.32581	
2.79358	8.32581	
2.79755	8.3252	
2.8009	8.3252	
2.80487	8.3255	
2.79938	8.32611	
2.79968	8.32611	
2.79785	8.32581	
2.79633	8.3255	
2.79785	8.32489	
2.80457	8.3252	
2.79846	8.3252	
2.79785	8.3252	
2.80029	8.3252	
2.79907	8.3255	
2.79205	8.32458	
2.80182	8.3255	
2.79816	8.3252	
2.79877	8.3252	
2.8006	8.32458	
2.79846	8.32428	
2.79846	8.3255	
2.80121	8.32489	
2.79877	8.3255	
2.80121	8.32581	
2.79602	8.32489	
2.79877	8.3252	
2.80457	8.32581	
2.79968	8.32458	
2.79938	8.3252	
2.80212	8.3252	
2.79846	8.3252	
2.79785	8.32489	
2.80029	8.32458	
2.79877	8.32458	
2.80151	8.3255	
2.79724	8.32428	
2.80029	8.3255	
2.80212	8.32489	
2.79816	8.3255	
2.79816	8.32581	
2.80151	8.3252	
2.80182	8.3252	
2.79938	8.3252	
2.80273	8.32489	
2.79846	8.3255	
2.79846	8.3255	
2.80029	8.3255	
2.80182	8.3255	
2.79144	8.32581	
2.80396	8.3255	
2.79785	8.32581	
2.79114	8.3255	
2.79755	8.3252	
2.79999	8.3255	
2.79816	8.3255	
2.79907	8.3255	
2.79816	8.32581	
2.7948	8.32581	
2.79755	8.32489	
2.79572	8.3255	
2.80396	8.3255	
2.79724	8.3255	
2.79419	8.32581	
2.8006	8.3252	
2.80121	8.3255	
2.79968	8.3255	
2.79877	8.32581	
2.79877	8.32489	
2.80121	8.32489	
2.79541	8.3252	
2.79999	8.3252	
2.79999	8.3252	
2.79724	8.3255	
2.79816	8.32611	
2.79999	8.32581	
2.80029	8.3255	
2.79114	8.3252	
2.80426	8.3252	
2.79816	8.32611	
2.7951	8.3252	
2.79663	8.3252	
2.80029	8.3255	
2.80273	8.3255	
2.79907	8.3255	
2.79785	8.3255	
2.79938	8.3255	
2.79724	8.3255	
2.79999	8.3252	
2.80396	8.32611	
2.79877	8.3255	
2.79846	8.3252	
2.79724	8.3255	
2.80121	8.3255	
2.79114	8.32489	
2.80426	8.3255	
2.79846	8.3252	
2.79785	8.3255	
2.79633	8.3252	
2.79999	8.3255	
2.80212	8.3252	
2.79938	8.3255	
2.79816	8.32489	
2.8009	8.32458	
2.8006	8.32611	
2.79938	8.3252	
2.80365	8.32611	
2.79846	8.3252	
2.79785	8.32489	
2.79785	8.3255	
2.79877	8.32458	
2.8009	8.3252	
2.80151	8.3255	
2.79633	8.3252	
2.79755	8.32428	
2.8009	8.3252	
2.8006	8.3252	
2.79144	8.3255	
2.80426	8.3252	
2.79755	8.3252	
2.79205	8.32489	
2.79602	8.32458	
2.79694	8.32428	
2.79724	8.3255	
2.80548	8.3252	
2.79724	8.32428	
2.79785	8.32458	
2.80273	8.3255	
2.80182	8.32428	
2.79907	8.32489	
2.79724	8.32489	
2.79999	8.32489	
2.79846	8.32489	
2.79816	8.3252	
2.80212	8.3252	
2.80151	8.32397	
2.79175	8.3252	
2.80182	8.32489	
2.79938	8.32489	
2.79785	8.32489	
2.80182	8.3252	
2.79663	8.32458	
2.79816	8.3252	
2.79785	8.32489	
2.8009	8.32458	
2.79785	8.32489	
2.79266	8.32428	
2.79572	8.32489	
2.79724	8.3252	
2.79633	8.32489	
2.79938	8.3252	
2.79785	8.32489	
2.79724	8.32458	
2.79999	8.32458	
2.79785	8.32428	
2.79785	8.3255	
2.79999	8.32458	
2.79846	8.32611	
2.79938	8.32458	
2.79694	8.32489	
2.79999	8.32489	
2.80396	8.3252	
2.79816	8.32458	
2.79816	8.32458	
2.79938	8.3252	
2.79846	8.32428	
2.79968	8.32428	
2.80487	8.3252	
2.79846	8.32489	
2.79846	8.3255	
2.8009	8.3252	
2.79846	8.32458	
2.80029	8.32581	
2.80487	8.32611	
2.79938	8.32458	
2.79877	8.32489	
2.8006	8.32489	
2.7951	8.32458	
2.79968	8.32489	
2.79724	8.32489	
2.79907	8.3255	
2.79785	8.32489	
2.79907	8.3252	
2.8009	8.3252	
2.80182	8.32581	
2.79205	8.32397	
2.80182	8.32458	
2.79755	8.3252	
2.79816	8.32489	
2.80273	8.3255	
2.79785	8.3252	
2.8009	8.32458	
2.79907	8.3252	
2.80121	8.32428	
2.79785	8.32458	
2.79297	8.32489	
2.8006	8.3252	
2.79938	8.32428	
2.80396	8.32489	
2.79877	8.32428	
2.79877	8.32489	
2.79999	8.32489	
2.80121	8.32458	
2.79907	8.32489	
2.80457	8.32458	
2.79877	8.3252	
2.79816	8.3252	
2.80182	8.3255	
2.79907	8.32458	
2.79907	8.32428	
2.79602	8.32458	
2.79938	8.32428	
2.79907	8.3252	
2.80243	8.32458	
2.79999	8.3252	
2.79846	8.3255	
2.79633	8.3252	
2.79938	8.32458	
2.79785	8.32458	
2.79083	8.3252	
2.79694	8.3252	
2.79724	8.32581	
2.7948	8.32458	
2.80212	8.3255	
2.79663	8.32489	
2.79785	8.32428	
2.80151	8.3255	
2.79846	8.32458	
2.79877	8.3252	
2.79724	8.3252	
2.79694	8.32458	
2.79755	8.32458	
2.8006	8.32428	
2.80029	8.32489	
2.79968	8.32458	
2.79602	8.32397	
2.79816	8.32489	
2.79694	8.32428	
2.79785	8.32581	
2.80212	8.3252	
2.80121	8.32581	
2.7948	8.32489	
2.80243	8.32458	
2.79633	8.32458	
2.79785	8.3252	
2.79968	8.3255	
2.8009	8.3252	
2.79724	8.32428	
2.80334	8.3252	
2.79724	8.32458	
2.79785	8.32489	
2.80121	8.3255	
2.79907	8.32428	
2.79694	8.32458	
2.79022	8.3252	
2.80487	8.3252	
2.79694	8.32458	
2.789	8.3252	
2.80029	8.32489	
2.79663	8.3252	
2.79083	8.32458	
2.79999	8.32489	
2.79724	8.32489	
2.79633	8.3252	
2.79083	8.32489	
2.79419	8.3252	
2.79663	8.3252	
2.79633	8.32458	
2.80029	8.32428	
2.79602	8.32581	
2.79633	8.32458	
2.8006	8.32397	
2.79541	8.3252	
2.79846	8.3252	
2.79663	8.3252	
2.79907	8.32428	
2.79633	8.3252	
2.79022	8.32428	
2.80182	8.3255	
2.79602	8.32397	
2.79358	8.32428	
2.8006	8.32458	
2.79724	8.32458	
2.79602	8.3252	
2.79205	8.32489	
2.79572	8.32428	
2.7951	8.3255	
2.79572	8.3255	
2.8006	8.32428	
2.79724	8.32458	
2.79724	8.3252	
2.79846	8.3252	
2.79755	8.32458	
2.79175	8.32397	
2.79938	8.3252	
2.79572	8.3255	
2.79694	8.32428	
2.7951	8.32458	
2.79449	8.3255	
2.79907	8.3255	
2.80273	8.3252	
2.79694	8.32489	
2.79663	8.32458	
2.79816	8.32489	
2.79755	8.3252	
2.79602	8.32489	
2.7951	8.3252	
2.80304	8.32428	
2.79633	8.32428	
2.79724	8.32489	
2.79358	8.32428	
2.79907	8.32458	
2.79907	8.32458	
2.79541	8.32458	
2.79999	8.32489	
2.79602	8.3255	
2.79633	8.32458	
2.8006	8.3252	
2.79968	8.3255	
2.79785	8.3252	
2.79694	8.32489	
2.79755	8.3255	
2.79633	8.32458	
2.79694	8.32458	
2.79816	8.32397	
2.79633	8.32489	
2.79694	8.32458	
2.79449	8.3255	
2.80029	8.32458	
2.79663	8.3252	
2.79694	8.32428	
2.78931	8.3252	
2.80029	8.3252	
2.79602	8.3255	
2.79816	8.32489	
2.79846	8.32489	
2.8006	8.3252	
2.79602	8.3252	
2.79724	8.3252	
2.79358	8.3252	
2.79449	8.32458	
2.79999	8.3255	
2.79846	8.32489	
2.79449	8.3252	
2.79846	8.32489	
2.79602	8.3252	
2.79633	8.3252	
2.80121	8.3252	
2.79907	8.3252	
2.79816	8.32489	
2.7951	8.32458	
2.79999	8.32428	
2.79694	8.3252	
2.79663	8.3252	
2.79694	8.3255	
2.79816	8.32458	
2.79694	8.32458	
2.79327	8.3252	
2.8009	8.32458	
2.79816	8.3252	
2.79541	8.3252	
2.79419	8.32428	
2.79388	8.32428	
2.79633	8.32458	
2.79846	8.3255	
2.79663	8.32428	
2.80212	8.32489	
2.79633	8.32397	
2.79663	8.32458	
2.79449	8.3252	
2.8006	8.32489	
2.79572	8.32428	
2.79388	8.32489	
2.80334	8.3252	
2.79602	8.32428	
2.79724	8.3255	
2.79694	8.3252	
2.79419	8.3255	
2.79999	8.32428	
2.79602	8.32458	
2.80334	8.3255	
2.79816	8.32458	
2.79633	8.3255	
2.7951	8.32489	
2.79968	8.32489	
2.79907	8.3255	
2.79816	8.3255	
2.80273	8.32489	
2.79785	8.3252	
2.79572	8.32489	
2.78992	8.3252	
2.8006	8.3252	
2.79968	8.3252	
2.79053	8.3252	
2.79999	8.32489	
2.79602	8.3252	
2.79724	8.32458	
2.80121	8.3252	
2.79846	8.32458	
2.79633	8.32581	
2.79205	8.32428	
2.8009	8.32489	
2.79785	8.3252	
2.79694	8.32428	
2.78931	8.3255	
2.79968	8.32489	
2.79724	8.32428	
2.79907	8.32489	
2.79572	8.32489	
2.80426	8.32489	
2.79602	8.32458	
2.79785	8.3252	
2.78961	8.32458	
2.79968	8.32458	
2.79938	8.32428	
2.79877	8.32428	
2.79663	8.3252	
2.80334	8.32489	
2.79633	8.32489	
2.79816	8.32458	
2.78992	8.3252	
2.8009	8.3255	
2.79785	8.3252	
2.79938	8.3252	
2.8009	8.3255	
2.79877	8.3252	
2.79724	8.3255	
2.79663	8.3252	
2.79816	8.3255	
2.8009	8.3252	
2.79541	8.32489	
2.78961	8.32428	
2.80304	8.32489	
2.79785	8.3252	
2.79663	8.32428	
2.79633	8.3252	
2.79968	8.32489	
2.79846	8.32428	
2.79938	8.3255	
2.79816	8.3252	
2.79755	8.3252	
2.80365	8.32581	
2.79633	8.32458	
2.79694	8.32489	
2.79541	8.3252	
2.79602	8.3255	
2.79785	8.3252	
2.79785	8.32458	
2.7951	8.32458	
2.80121	8.32489	
2.79785	8.32489	
2.79541	8.3255	
2.79602	8.32458	
2.79633	8.3252	
2.79755	8.3252	
2.79755	8.32489	
2.79541	8.3252	
2.80182	8.3252	
2.79663	8.32428	
2.79541	8.3255	
2.79633	8.32489	
2.79877	8.32428	
2.79816	8.3252	
2.79449	8.32458	
2.79022	8.3252	
2.8006	8.3252	
2.79633	8.32489	
2.7951	8.3252	
2.79541	8.3252	
2.79907	8.3252	
2.79633	8.32489	
2.79633	8.32458	
2.7948	8.3252	
2.79999	8.32581	
2.79694	8.3255	
2.7948	8.32489	
2.79572	8.32489	
2.79968	8.32489	
2.79694	8.32489	
2.79449	8.32458	
2.7887	8.3252	
2.79541	8.32428	
2.8006	8.32581	
2.7951	8.3252	
2.7948	8.3252	
2.79968	8.3252	
2.7951	8.3255	
2.79785	8.3252	
2.79633	8.32428	
2.79388	8.32489	
2.80182	8.3255	
2.79602	8.32489	
2.79449	8.3255	
2.7948	8.3252	
2.79877	8.3252	
2.79419	8.32428	
2.79755	8.3252	
2.79419	8.3252	
2.79327	8.32428	
2.80151	8.32581	
2.7948	8.3252	
2.7948	8.32428	
2.78992	8.32458	
2.79602	8.32458	
2.79327	8.3252	
2.79449	8.32581	
2.789	8.32428	
2.79999	8.32489	
2.8009	8.3252	
2.79449	8.32397	
2.79572	8.32458	
2.78961	8.32428	
2.79999	8.3255	
2.79449	8.32428	
2.79572	8.32489	
2.78809	8.3252	
2.79968	8.3252	
2.79572	8.32458	
2.79541	8.3252	
2.7951	8.32489	
2.79877	8.3252	
2.79419	8.3252	
2.79633	8.3252	
2.79358	8.3252	
2.79999	8.32489	
2.79419	8.32489	
2.7951	8.3252	
2.78839	8.32458	
2.79205	8.32489	
2.79846	8.32489	
2.79419	8.32489	
2.789	8.32458	
2.79968	8.3255	
2.79602	8.3252	
2.79419	8.32458	
2.7951	8.32428	
2.79327	8.32428	
2.79297	8.3252	
2.79419	8.32428	
2.78931	8.32428	
2.8009	8.3252	
2.79724	8.32489	
2.7951	8.32458	
2.79572	8.3252	
2.79846	8.32489	
2.7951	8.32428	
2.79724	8.3252	
2.79633	8.3252	
2.79388	8.32581	
2.79968	8.3252	
2.79602	8.32489	
2.79449	8.32489	
2.79541	8.32489	
2.79724	8.32489	
2.79755	8.32397	
2.79419	8.32397	
2.79449	8.32428	
2.79724	8.32397	
2.78931	8.32489	
2.79968	8.32428	
2.8009	8.32458	
2.79694	8.32458	
2.79572	8.32458	
2.79541	8.32367	
2.79602	8.32458	
2.79724	8.32458	
2.79755	8.32458	
2.79358	8.32458	
2.79633	8.3252	
2.7951	8.3255	
2.7948	8.32428	
2.80029	8.32458	
2.79938	8.3252	
2.79541	8.3255	
2.79419	8.32458	
2.7951	8.32458	
2.78809	8.32489	
2.79968	8.32581	
2.79633	8.32489	
2.79449	8.32489	
2.79785	8.3252	
2.79388	8.32489	
2.79968	8.3252	
2.79602	8.3255	
2.7951	8.32489	
2.7948	8.3255	
2.79572	8.32458	
2.79938	8.32458	
2.79449	8.32489	
2.79968	8.3255	
2.79694	8.3255	
2.79266	8.32458	
2.80243	8.32489	
2.79449	8.32428	
2.79572	8.32458	
2.7951	8.32489	
2.79358	8.32458	
2.79388	8.32428	
2.79755	8.3252	
2.79816	8.3252	
2.7951	8.32458	
2.79205	8.32458	
2.79846	8.3255	
2.80243	8.32489	
2.79602	8.32489	
2.7951	8.32428	
2.79602	8.32581	
2.79083	8.3255	
2.79846	8.32458	
2.7948	8.32397	
2.79694	8.32397	
2.7951	8.32336	
2.79999	8.32397	
2.79663	8.32428	
2.79541	8.32428	
2.79602	8.32367	
2.79449	8.32397	
2.79846	8.32489	
2.79419	8.32397	
2.79907	8.32458	
2.79663	8.32397	
2.79388	8.32428	
2.79419	8.32367	
2.8006	8.32428	
2.79724	8.32397	
2.79633	8.32428	
2.79572	8.32397	
2.79053	8.32458	
2.79785	8.3252	
2.79938	8.32428	
2.7951	8.32397	
2.7887	8.32397	
2.8009	8.32428	
2.79602	8.32428	
2.79602	8.32397	
2.79602	8.32458	
2.79968	8.32458	
2.80029	8.32367	
2.79572	8.32489	
2.7951	8.32397	
2.78961	8.32336	
2.8009	8.32489	
2.79602	8.32489	
2.79449	8.32458	
2.7951	8.32428	
2.79419	8.32397	
2.79694	8.32397	
2.79327	8.32428	
2.7948	8.32367	
2.79419	8.32458	
2.7948	8.32397	
2.79358	8.32428	
2.79907	8.32428	
2.79816	8.32397	
2.79419	8.32397	
2.79572	8.32458	
2.78809	8.32458	
2.79541	8.32397	
2.79541	8.32458	
2.79358	8.32367	
2.78839	8.32397	
2.80151	8.32458	
2.79633	8.32428	
2.7951	8.32397	
2.7948	8.32428	
2.789	8.32458	
2.79907	8.3255	
2.79541	8.32428	
2.79358	8.32397	
2.79663	8.32458	
2.79388	8.32428	
2.79785	8.32489	
2.79602	8.32428	
2.79541	8.32428	
2.7948	8.32458	
2.78748	8.32458	
2.79358	8.32367	
2.79297	8.32428	
2.79572	8.32489	
2.78687	8.32397	
2.79877	8.32428	
2.80151	8.3252	
2.7951	8.32397	
2.79541	8.32489	
2.7951	8.32397	
2.79449	8.32428	
2.7951	8.32428	
2.79602	8.32397	
2.79327	8.32458	
2.79327	8.32397	
2.79602	8.32489	
2.79449	8.32367	
2.79724	8.32428	
2.79602	8.32367	
2.79358	8.3252	
2.7948	8.32458	
2.78839	8.32336	
2.79938	8.32458	
2.79572	8.32428	
2.79358	8.32489	
2.79572	8.32367	
2.79419	8.32428	
2.79999	8.32458	
2.79541	8.32397	
2.79388	8.3252	
2.79297	8.32397	
2.79388	8.3252	
2.78717	8.32458	
2.79846	8.32489	
2.79266	8.32428	
2.79297	8.32428	
2.7951	8.32428	
2.79388	8.32428	
2.79755	8.32397	
2.79663	8.32458	
2.79419	8.32458	
2.79419	8.3252	
2.79449	8.32489	
2.7948	8.32489	
2.79144	8.32397	
2.79755	8.32458	
2.79724	8.32458	
2.79053	8.32428	
2.80029	8.32458	
2.79572	8.32489	
2.79449	8.3252	
2.7948	8.32397	
2.79449	8.32458	
2.78778	8.32397	
2.79327	8.32458	
2.79388	8.32397	
2.79663	8.32397	
2.7951	8.32397	
2.79297	8.32336	
2.79633	8.32458	
2.7948	8.32367	
2.79358	8.32367	
2.79388	8.32397	
2.79358	8.32458	
2.79755	8.32458	
2.79114	8.32428	
2.79266	8.32336	
2.7948	8.32428	
2.7948	8.3252	
2.79297	8.32489	
2.79724	8.3255	
2.79907	8.3252	
2.79419	8.32336	
2.79327	8.32458	
2.79388	8.32428	
2.78839	8.32428	
2.79175	8.32428	
2.7948	8.32458	
2.79175	8.32458	
2.79144	8.32428	
2.79327	8.32458	
2.7951	8.32428	
2.79175	8.32367	
2.79785	8.32397	
2.79999	8.32428	
2.79327	8.32458	
2.79327	8.32428	
2.79327	8.32367	
2.79144	8.32397	
2.79114	8.32428	
2.79266	8.32367	
2.79236	8.32428	
2.79572	8.32489	
2.79358	8.32397	
2.79816	8.32489	
2.7951	8.32397	
2.79266	8.32397	
2.79449	8.32428	
2.79358	8.32458	
2.79388	8.32397	
2.79724	8.32489	
2.79724	8.32428	
2.79358	8.32367	
2.79602	8.32428	
2.79144	8.32397	
2.79633	8.32397	
2.8006	8.3252	
2.7951	8.32367	
2.79419	8.32428	
2.79449	8.32458	
2.78748	8.32397	
2.79388	8.32458	
2.79358	8.32489	
2.79358	8.32397	
2.78992	8.32367	
2.79449	8.32428	
2.79968	8.32397	
2.7951	8.32428	
2.79358	8.32397	
2.79327	8.32489	
2.79388	8.32397	
2.7948	8.32428	
2.79663	8.32428	
2.79724	8.32428	
2.79327	8.32397	
2.79297	8.32428	
2.79633	8.32428	
2.79144	8.32458	
2.79785	8.32489	
2.8006	8.32397	
2.79541	8.32397	
2.79449	8.32428	
2.79449	8.32489	
2.7948	8.32489	
2.78992	8.32336	
2.79541	8.32428	
2.79633	8.32397	
2.79419	8.32428	
2.79633	8.3252	
2.7951	8.32428	
2.78839	8.32397	
2.79327	8.32428	
2.79999	8.32428	
2.8009	8.32458	
2.79572	8.32397	
2.79358	8.32428	
2.79449	8.32428	
2.78778	8.32428	
2.79388	8.32367	
2.79144	8.32428	
2.7951	8.32458	
2.79694	8.32458	
2.78687	8.32428	
2.79816	8.32458	
2.80121	8.32397	
2.7948	8.32397	
2.79327	8.32428	
2.79419	8.32397	
2.79266	8.32367	
2.79816	8.32428	
2.79449	8.32397	
2.79419	8.32397	
2.79266	8.32367	
2.7948	8.32489	
2.79236	8.32489	
2.79846	8.32489	
2.80121	8.32397	
2.79572	8.32458	
2.7951	8.32458	
2.79449	8.32428	
2.79358	8.32428	
2.79541	8.32458	
2.79755	8.32428	
2.79694	8.32397	
2.79419	8.32336	
2.79663	8.32458	
2.79327	8.32458	
2.80151	8.32458	
2.8009	8.32397	
2.7948	8.32428	
2.79388	8.32458	
2.79449	8.32397	
2.79388	8.32428	
2.79358	8.32428	
2.78839	8.32367	
2.79175	8.32397	
2.79724	8.32428	
2.79633	8.32397	
2.79694	8.32489	
2.79419	8.32367	
2.7951	8.32458	
2.79297	8.32489	
2.79663	8.32367	
2.79816	8.32397	
2.79419	8.32489	
2.79388	8.3252	
2.79358	8.32428	
2.79327	8.32397	
2.79724	8.32458	
2.79083	8.32428	
2.79358	8.32428	
2.79205	8.32458	
2.79419	8.32336	
2.79572	8.3255	
2.78931	8.32428	
2.79144	8.32458	
2.79816	8.32336	
2.79999	8.32428	
2.79449	8.32397	
2.79388	8.32489	
2.79419	8.32428	
2.79327	8.32428	
2.78839	8.32367	
2.79633	8.32428	
2.79022	8.32428	
2.79236	8.32367	
2.79541	8.32428	
2.7951	8.3252	
2.79266	8.32458	
2.8006	8.3252	
2.80029	8.32489	
2.79449	8.32428	
2.79327	8.32458	
2.79358	8.32489	
2.79358	8.32428	
2.79236	8.32367	
2.79114	8.32397	
2.7948	8.32458	
2.79572	8.32428	
2.79541	8.32489	
2.78748	8.32458	
2.79297	8.32336	
2.79663	8.32458	
2.7951	8.32397	
2.79236	8.32367	
2.79358	8.32489	
2.79327	8.3252	
2.78564	8.32336	
2.7951	8.32367	
2.79572	8.32458	
2.79572	8.32367	
2.79633	8.32397	
2.79419	8.32428	
2.79175	8.32336	
2.79114	8.32397	
2.79663	8.32367	
2.79388	8.32397	
2.79266	8.32397	
2.79266	8.32336	
2.79266	8.32367	
2.78839	8.32397	
2.79053	8.32336	
2.79358	8.32306	
2.79541	8.32367	
2.7951	8.32458	
2.7951	8.32367	
2.78534	8.32336	
2.79327	8.32367	
2.79663	8.32306	
2.79541	8.32428	
2.79327	8.32367	
2.79266	8.32367	
2.79327	8.32367	
2.79205	8.32397	
2.79785	8.32336	
2.79572	8.32336	
2.78992	8.32428	
2.79572	8.32428	
2.79266	8.32367	
2.79388	8.32397	
2.78595	8.32336	
2.79877	8.32489	
2.79938	8.32428	
2.79388	8.32397	
2.79236	8.32367	
2.79236	8.32367	
2.79297	8.32336	
2.79266	8.32336	
2.78625	8.32397	
2.7951	8.32428	
2.79297	8.32397	
2.79663	8.32428	
2.79388	8.32367	
2.79083	8.32367	
2.79663	8.32397	
2.79144	8.32428	
2.79419	8.32428	
2.79083	8.32428	
2.79419	8.32397	
2.79572	8.32367	
2.7948	8.32397	
2.79358	8.32397	
2.79266	8.32458	
2.79266	8.32397	
2.79266	8.32428	
2.78687	8.32367	
2.79663	8.32397	
2.7948	8.32397	
2.79572	8.32336	
2.79358	8.32367	
2.79358	8.32336	
2.78931	8.32336	
2.79205	8.32428	
2.79846	8.32336	
2.79724	8.32367	
2.79327	8.32397	
2.79114	8.32428	
2.79266	8.32428	
2.79266	8.32367	
2.79205	8.32367	
2.78778	8.32397	
2.79114	8.32367	
2.79053	8.32397	
2.79358	8.32397	
2.79572	8.32336	
2.79449	8.32367	
2.78778	8.32397	
2.79022	8.32336	
2.79663	8.32428	
2.79388	8.32367	
2.79205	8.32458	
2.79297	8.32367	
2.79327	8.32336	
2.79266	8.32428	
2.78992	8.32367	
2.79022	8.32367	
2.79114	8.32367	
2.79175	8.32397	
2.79144	8.32336	
2.79572	8.32397	
2.7948	8.32367	
2.79083	8.32367	
2.79663	8.32397	
2.79999	8.32428	
2.79327	8.32367	
2.79236	8.32367	
2.79205	8.32397	
2.79266	8.32336	
2.79175	8.32336	
2.79602	8.32428	
2.79022	8.32336	
2.79144	8.32397	
2.79633	8.32397	
2.79236	8.32336	
2.7948	8.32397	
2.79327	8.32367	
2.79205	8.32367	
2.79144	8.32397	
2.79877	8.32428	
2.79663	8.32397	
2.79663	8.32397	
2.79449	8.32397	
2.79236	8.32367	
2.79236	8.32428	
2.79205	8.32428	
2.79266	8.32428	
2.79266	8.32397	
2.78656	8.32367	
2.79449	8.32397	
2.79663	8.32397	
2.79633	8.32428	
2.79541	8.32397	
2.79083	8.32336	
2.79419	8.32458	
2.78625	8.32367	
2.79236	8.32336	
2.79572	8.32336	
2.79968	8.32367	
2.79358	8.32367	
2.79205	8.32397	
2.79327	8.32397	
2.79236	8.32336	
2.79297	8.32367	
2.79266	8.32428	
2.79419	8.32397	
2.7887	8.32397	
2.79572	8.32428	
2.79205	8.32306	
2.79388	8.32336	
2.79053	8.32428	
2.79266	8.32367	
2.79114	8.32397	
2.79358	8.32367	
2.79449	8.32336	
2.79449	8.32367	
2.78564	8.32367	
2.79541	8.32397	
2.79816	8.32397	
2.79846	8.32336	
2.79358	8.32397	
2.79144	8.32367	
2.79297	8.32397	
2.79144	8.32367	
2.79236	8.32428	
2.79114	8.32367	
2.78595	8.32367	
2.78961	8.32428	
2.79205	8.32306	
2.79572	8.32397	
2.7951	8.32397	
2.79602	8.32336	
2.7948	8.32397	
2.79297	8.32336	
2.78534	8.32367	
2.79083	8.32367	
2.79846	8.32458	
2.79572	8.32489	
2.79358	8.32397	
2.79175	8.32397	
2.79266	8.32458	
2.79297	8.32367	
2.79175	8.32367	
2.78534	8.32367	
2.7948	8.32367	
2.79266	8.32336	
2.79236	8.32428	
2.79053	8.32367	
2.79572	8.32336	
2.79053	8.32367	
2.79663	8.32397	
2.7951	8.32428	
2.79266	8.32397	
2.78473	8.32367	
2.78992	8.32397	
2.79724	8.32367	
2.79785	8.32428	
2.79358	8.32397	
2.79266	8.32367	
2.79144	8.32336	
2.79114	8.32397	
2.79205	8.32397	
2.79205	8.32397	
2.78442	8.32397	
2.79083	8.32306	
2.78839	8.32306	
2.7948	8.32397	
2.79419	8.32367	
2.78992	8.32367	
2.79236	8.32428	
2.79358	8.32458	
2.79327	8.32397	
2.78656	8.32428	
2.78473	8.32336	
2.78839	8.32458	
2.78931	8.32336	
2.79266	8.32428	
2.79663	8.32367	
2.79907	8.32397	
2.79236	8.32367	
2.78931	8.32397	
2.76703	8.3252	
2.5061	8.33832	
2.02484	8.37372	
1.52924	8.4259	
1.11542	8.49518	
0.778503	8.57605	
0.542603	8.66394	
0.377197	8.75244	
0.25238	8.8324	
0.166931	8.90106	
0.11261	8.95569	
0.0805664	8.99689	
0.0515747	9.02618	
0.038147	9.04694	
0.0256348	9.06097	
0.020752	9.07043	
0.0161743	9.07684	
0.0134277	9.08051	
0.00915527	9.08295	
0.00213623	9.08386	
0.00701904	9.08661	
0.00701904	9.086	
0.0125122	9.08783	
0.0149536	9.08722	
0.0149536	9.08722	
0.0115967	9.08691	
0.00671387	9.08661	
0.00579834	9.08844	
0.00671387	9.08783	
0.00701904	9.08783	
0.00671387	9.08813	
0.00671387	9.08813	
0.00671387	9.08844	
0.00244141	9.08783	
0.00549316	9.08813	
0.010376	9.08844	
0.00518799	9.08813	
0.00427246	9.08752	
0.0100708	9.08813	
0.00549316	9.08844	
0.00976562	9.08844	
0.00610352	9.08752	
0.00823975	9.08783	
0.0088501	9.08844	
0.00823975	9.08813	
0.00518799	9.08783	
-0.000305176	9.08752	
0.00457764	9.08844	
0.00671387	9.08844	
0.0106812	9.08813	
0.0106812	9.08875	
0.0115967	9.08752	
0.00701904	9.08813	
0.00762939	9.08813	
0.00671387	9.08813	
0.00732422	9.08875	
0.00610352	9.08844	
0.00732422	9.08783	
0.00671387	9.08813	
0.000610352	9.08752	
0.00671387	9.08813	
0.0106812	9.08844	
0.010376	9.08783	
0.00823975	9.08875	
0.00579834	9.08783	
0.00793457	9.08783	
0.00823975	9.08783	
0.00640869	9.08813	
0.00427246	9.08783	
0.010376	9.08875	
0.0125122	9.08813	
0.0137329	9.08844	
0.00701904	9.08783	
0.00732422	9.08813	
0.00762939	9.08783	
0.00610352	9.08844	
0.00732422	9.08844	
0.00640869	9.08813	
0.00640869	9.08783	
0.00579834	9.08813	
0.00671387	9.08875	
0.00793457	9.08813	
0.00640869	9.08813	
0.00732422	9.08844	
0.00701904	9.08813	
0.0012207	9.08844	
0.00396729	9.08844	
0.0106812	9.08783	
0.00610352	9.08844	
0.00579834	9.08783	
0.00518799	9.08813	
0.00976562	9.08783	
0.0106812	9.08813	
0.00640869	9.08844	
0.00518799	9.08783	
0.00854492	9.08722	
0.010376	9.08813	
0.00671387	9.08813	
0.010376	9.08813	
0.00732422	9.08813	
0.00701904	9.08783	
0.0088501	9.08813	
0.0088501	9.08844	
0.00640869	9.08783	
0.000305176	9.08783	
0.00366211	9.08722	
0.00701904	9.08813	
0.00640869	9.08813	
0.00152588	9.08844	
0.00671387	9.08813	
0.00671387	9.08752	
0.00640869	9.08783	
0.012207	9.08783	
0.0106812	9.08783	
0.010376	9.08752	
0.0131226	9.08752	
0.012207	9.08813	
0.00762939	9.08752	
0.00732422	9.08783	
0.00762939	9.08752	
0.00793457	9.08936	
0.00762939	9.08936	
0.00732422	9.08783	
0.00732422	9.08783	
0.00671387	9.08783	
0.00640869	9.08752	
0.00732422	9.08813	
0.00671387	9.08966	
0.00640869	9.09027	
0.00732422	9.08844	
0.00640869	9.08875	
0.00671387	9.08905	
0.00671387	9.08997	
0.00793457	9.08966	
0.00701904	9.08936	
0.00701904	9.08905	
0.00823975	9.08936	
0.00579834	9.08936	
0.00213623	9.08936	
0.00396729	9.08936	
0.00732422	9.08966	
0.0012207	9.08905	
0.00274658	9.08875	
0.0106812	9.08966	
0.0109863	9.08936	
0.00579834	9.08905	
0.00518799	9.08936	
0.00701904	9.08966	
0.00762939	9.08936	
0.00762939	9.08966	
0.00701904	9.08936	
0.00854492	9.08905	
0.00732422	9.08966	
0.00579834	9.08966	
0.0115967	9.08936	
0.0109863	9.08875	
0.0106812	9.08997	
0.00518799	9.08966	
0.010376	9.08966	
0.00610352	9.08905	
0.00488281	9.08875	
0.00671387	9.08966	
0.00457764	9.08905	
0.00946045	9.08905	
0.010376	9.08936	
0.00549316	9.08875	
0.0088501	9.08875	
0.00854492	9.08875	
0.0100708	9.08936	
0.00610352	9.08905	
0.00671387	9.08844	
0.00671387	9.08905	
0.00457764	9.08936	
0.00518799	9.08936	
0.00488281	9.08936	
0.00549316	9.08905	
0.00518799	9.08936	
0.00488281	9.08936	
0.00518799	9.08875	
0.00762939	9.08905	
0.00671387	9.08936	
0.00610352	9.08875	
0.00457764	9.08905	
0.00640869	9.08936	
0.00762939	9.08875	
0.00488281	9.08875	
0.00579834	9.08936	
0.00579834	9.08905	
0.00701904	9.08813	
0.00823975	9.08905	
0.00823975	9.08905	
0.00793457	9.08936	
0.00762939	9.08936	
0.00244141	9.08844	
0	9.08966	
0.00579834	9.08905	
0.00518799	9.08875	
0.00579834	9.08875	
0.00427246	9.08905	
0.00518799	9.08844	
0.00549316	9.08905	
0.00579834	9.08936	
0.00579834	9.08905	
0.00488281	9.09027	
0.000610352	9.08966	
0.00152588	9.09058	
0.00396729	9.09058	
0.00457764	9.09058	
0.00701904	9.09058	
0.0100708	9.09027	
0.00915527	9.09058	
0.010376	9.09027	
0.0115967	9.09058	
0.0109863	9.09058	
