0.00244141	7.0047	
-0.000610352	7.00562	
-0.00183105	7.00592	
-0.00274658	7.00531	
-0.000610352	7.005	
-0.00488281	7.00531	
0	7.00562	
0.00152588	7.00531	
0.00274658	7.00531	
0.000305176	7.00562	
0.0012207	7.005	
0.0012207	7.005	
-0.00335693	7.00531	
0.000610352	7.0047	
-0.00274658	7.00531	
-0.00274658	7.0047	
-0.0012207	7.00562	
0.0012207	7.00531	
0.00396729	7.0047	
-0.00152588	7.00592	
-0.000915527	7.00562	
0.00366211	7.00531	
0.0012207	7.005	
-0.000610352	7.00562	
0.00183105	7.005	
-0.000305176	7.0047	
-0.00366211	7.00531	
-0.000915527	7.00531	
0.00152588	7.00531	
0.000610352	7.00562	
-0.00579834	7.00531	
-0.000610352	7.00592	
-0.000305176	7.00531	
0.000915527	7.00531	
-0.000610352	7.00531	
-0.000610352	7.005	
-0.000915527	7.00531	
-0.00213623	7.005	
0.00335693	7.00531	
0.000305176	7.005	
-0.00183105	7.005	
-0.000610352	7.005	
-0.00366211	7.00531	
0	7.0047	
-0.00305176	7.005	
0	7.00562	
0.000915527	7.005	
-0.000305176	7.00531	
-0.00274658	7.005	
-0.000610352	7.00592	
0.000610352	7.00562	
0	7.0047	
-0.00366211	7.005	
0.000915527	7.00531	
-0.00213623	7.00531	
-0.00183105	7.00562	
0.00335693	7.00531	
-0.000610352	7.0047	
-0.00366211	7.005	
0.00244141	7.00531	
-0.00152588	7.005	
0.000915527	7.005	
-0.0012207	7.00531	
-0.00183105	7.005	
-0.00335693	7.005	
-0.000915527	7.00531	
-0.000610352	7.005	
0.000305176	7.00562	
0.00274658	7.005	
-0.0012207	7.0047	
-0.00427246	7.0047	
0.00396729	7.00531	
0.000305176	7.00531	
-0.00427246	7.005	
-0.00335693	7.00562	
-0.00274658	7.00531	
-0.00427246	7.0047	
0.00427246	7.00531	
-0.0012207	7.005	
0.000915527	7.005	
-0.000915527	7.00562	
-0.00305176	7.005	
-0.00305176	7.005	
0.00457764	7.00562	
-0.000305176	7.00531	
-0.0012207	7.0047	
0.00244141	7.00531	
-0.000610352	7.00531	
-0.000610352	7.00531	
-0.000610352	7.0047	
-0.00335693	7.005	
-0.00152588	7.00531	
0.00396729	7.00592	
0	7.005	
0.000305176	7.00531	
-0.000305176	7.00531	
-0.00335693	7.005	
-0.00183105	7.00439	
-0.00335693	7.00562	
-0.000915527	7.005	
0.0012207	7.005	
0.0012207	7.005	
-0.00152588	7.005	
-0.0012207	7.00562	
-0.0012207	7.00562	
-0.000915527	7.0047	
0.000915527	7.00531	
-0.00152588	7.005	
-0.000915527	7.00592	
0	7.00562	
0.00335693	7.00562	
0.000915527	7.005	
0	7.00562	
-0.000915527	7.005	
-0.00274658	7.00531	
-0.00183105	7.00531	
0.00335693	7.00562	
-0.000305176	7.0047	
-0.00152588	7.0047	
0.00335693	7.00531	
-0.000610352	7.00562	
-0.00396729	7.0047	
-0.00213623	7.005	
-0.000305176	7.0047	
-0.000610352	7.0047	
0.00213623	7.00531	
-0.000915527	7.00531	
-0.00213623	7.00562	
-0.00335693	7.005	
-0.000305176	7.0047	
-0.00366211	7.005	
0.000305176	7.005	
0	7.00531	
0.00183105	7.00562	
0.000305176	7.005	
-0.00152588	7.005	
-0.000305176	7.00531	
-0.000915527	7.005	
0.0012207	7.0047	
-0.00457764	7.00531	
0.0012207	7.005	
-0.0012207	7.00623	
0.000610352	7.00531	
-0.00366211	7.005	
0	7.00531	
0.0012207	7.005	
0.000305176	7.0047	
-0.00244141	7.005	
-0.000915527	7.00531	
0.00335693	7.00531	
0.000305176	7.00531	
-0.00183105	7.00562	
-0.000610352	7.005	
-0.00183105	7.00531	
0.0012207	7.00439	
-0.00457764	7.005	
-0.00213623	7.005	
-0.000915527	7.00562	
-0.00244141	7.005	
0.000305176	7.00531	
-0.00213623	7.005	
0.000610352	7.00531	
0.000915527	7.005	
-0.000305176	7.0047	
-0.00366211	7.005	
-0.00152588	7.00592	
0.000915527	7.00531	
-0.000610352	7.00562	
-0.00335693	7.0047	
0.00335693	7.00531	
0.000305176	7.00531	
-0.00274658	7.00531	
-0.000305176	7.005	
0.00183105	7.00562	
0	7.005	
-0.000305176	7.005	
0.000915527	7.00531	
0.00183105	7.00623	
-0.00274658	7.00531	
0.000305176	7.00531	
-0.00366211	7.0047	
-0.00213623	7.00562	
0.00152588	7.005	
-0.00152588	7.005	
-0.00335693	7.005	
0.00152588	7.00531	
-0.000305176	7.00531	
-0.00213623	7.00531	
-0.00335693	7.005	
-0.00183105	7.00531	
-0.000305176	7.005	
0.00213623	7.0047	
0.000305176	7.005	
-0.00305176	7.00562	
-0.00213623	7.00531	
0.00183105	7.00531	
0.00152588	7.005	
-0.00549316	7.005	
-0.00213623	7.00531	
0.00335693	7.00531	
0.000305176	7.00745	
-0.00305176	7.00714	
0.00183105	7.00623	
-0.000305176	7.00531	
0.000915527	7.005	
0	7.005	
0	7.00531	
-0.00274658	7.00592	
0.00427246	7.00531	
-0.000610352	7.00531	
-0.00244141	7.00562	
-0.00366211	7.005	
-0.000915527	7.00531	
0.000915527	7.00531	
-0.00274658	7.00531	
-0.00152588	7.00562	
0.00335693	7.00562	
0.000305176	7.005	
0.000610352	7.00531	
-0.000610352	7.00531	
-0.000610352	7.00531	
0.000915527	7.00531	
-0.00396729	7.00562	
0.00152588	7.00531	
0.000610352	7.00531	
-0.000610352	7.005	
0.000610352	7.00562	
-0.00396729	7.0047	
-0.000305176	7.00531	
0.000915527	7.005	
-0.00366211	7.005	
0	7.005	
0.000915527	7.005	
-0.00274658	7.005	
-0.00152588	7.005	
0	7.005	
0.000915527	7.00531	
-0.000305176	7.00592	
-0.00366211	7.00562	
-0.000305176	7.0047	
0.0012207	7.00592	
0.000610352	7.005	
-0.00335693	7.00531	
-0.00213623	7.00562	
0.00335693	7.00531	
0	7.005	
-0.000915527	7.005	
0.00244141	7.005	
0	7.00531	
-0.00274658	7.00531	
-0.00335693	7.00562	
0.0012207	7.00562	
0.000305176	7.00592	
-0.00488281	7.005	
0.000305176	7.00562	
-0.00244141	7.00562	
0.0012207	7.0047	
-0.000610352	7.005	
-0.000915527	7.00531	
-0.000915527	7.0047	
0	7.00531	
-0.000915527	7.00592	
-0.00152588	7.00531	
0.0012207	7.00531	
-0.00366211	7.00531	
-0.000915527	7.005	
0.00366211	7.00531	
0.0012207	7.00562	
-0.00274658	7.00592	
0.00427246	7.00562	
-0.000610352	7.00592	
0.000305176	7.00531	
-0.00457764	7.005	
-0.00244141	7.00562	
-0.00274658	7.00592	
0.00366211	7.0047	
-0.000610352	7.00531	
-0.00366211	7.00531	
-0.0012207	7.00531	
0	7.00562	
-0.0012207	7.00531	
-0.000915527	7.005	
0.0012207	7.0047	
-0.00335693	7.00531	
-0.00213623	7.00562	
-0.0012207	7.00562	
0.000305176	7.005	
-0.000305176	7.00531	
-0.00366211	7.00562	
-0.0012207	7.005	
0.000915527	7.00562	
0.000915527	7.00531	
-0.00549316	7.0047	
-0.000305176	7.005	
0.000305176	7.0047	
0.000610352	7.00531	
0.0012207	7.00562	
-0.000305176	7.00531	
-0.000305176	7.005	
-0.00213623	7.00531	
-0.00457764	7.0047	
-0.00183105	7.005	
-0.000610352	7.00562	
0.000610352	7.00531	
0.000305176	7.00531	
-0.00244141	7.0047	
-0.000305176	7.00562	
0.000915527	7.00592	
-0.0012207	7.00531	
-0.000610352	7.00531	
-0.000305176	7.00562	
-0.00305176	7.005	
-0.00183105	7.0047	
-0.00213623	7.00562	
0.0012207	7.005	
-0.000610352	7.0047	
0	7.00562	
0.00213623	7.00562	
-0.00244141	7.0047	
0.000305176	7.00531	
0.00213623	7.00531	
-0.000610352	7.00531	
0.00457764	7.00531	
-0.000915527	7.00531	
-0.00366211	7.0047	
0.00305176	7.00531	
-0.000915527	7.00531	
-0.00183105	7.00562	
-0.00335693	7.005	
0.0012207	7.00531	
0.000915527	7.00562	
-0.00427246	7.00592	
-0.000915527	7.00562	
-0.00244141	7.00592	
-0.0012207	7.00562	
0	7.00562	
-0.0012207	7.00562	
-0.000915527	7.00592	
-0.00152588	7.00562	
0.00305176	7.00439	
0.000915527	7.00531	
0.000305176	7.00562	
-0.000915527	7.00531	
-0.00244141	7.00531	
-0.00183105	7.00531	
0.000610352	7.00562	
-0.00213623	7.00531	
-0.00366211	7.00562	
0.00396729	7.0047	
-0.000915527	7.00531	
-0.00274658	7.005	
0.000915527	7.00531	
-0.00305176	7.00531	
-0.00152588	7.00531	
-0.00183105	7.00562	
0.00396729	7.005	
-0.00213623	7.005	
0.000915527	7.00592	
-0.00183105	7.005	
0.000305176	7.00562	
0.00396729	7.00531	
0.000305176	7.00562	
-0.00244141	7.005	
-0.0012207	7.00562	
0.0012207	7.005	
0.000610352	7.00562	
0.000915527	7.00531	
0	7.005	
-0.000305176	7.00562	
-0.000305176	7.00562	
0	7.00562	
0.000305176	7.005	
-0.00152588	7.00562	
-0.00427246	7.00531	
-0.00152588	7.00531	
0.00396729	7.00562	
-0.000915527	7.00531	
0.000305176	7.00592	
-0.00183105	7.005	
0.0012207	7.00562	
-0.00183105	7.00531	
-0.0012207	7.005	
-0.000915527	7.005	
-0.000305176	7.00562	
0.000915527	7.00592	
-0.00335693	7.00562	
-0.00244141	7.005	
0.0012207	7.0047	
-0.00457764	7.00562	
-0.000915527	7.00531	
0.00396729	7.00592	
-0.000915527	7.00562	
-0.00213623	7.0047	
0.00183105	7.005	
-0.00183105	7.005	
-0.00305176	7.00562	
0.000305176	7.00562	
0	7.00531	
0.000915527	7.00531	
-0.00152588	7.00531	
-0.00396729	7.00531	
-0.00183105	7.00531	
-0.000305176	7.005	
-0.000305176	7.00562	
-0.00152588	7.00562	
0.0012207	7.00531	
0.000610352	7.00531	
-0.00244141	7.00531	
0.000305176	7.00531	
0.0012207	7.00531	
0	7.00531	
0.000610352	7.00531	
0.000915527	7.005	
-0.0012207	7.00531	
0	7.00531	
0	7.00531	
-0.000915527	7.00531	
-0.00152588	7.00531	
0.00183105	7.00592	
-0.000915527	7.00531	
-0.000915527	7.00562	
0	7.00562	
-0.000915527	7.00592	
-0.00274658	7.005	
0.000915527	7.005	
0	7.00531	
0.000610352	7.00562	
-0.0012207	7.00836	
0	7.00745	
0.000915527	7.00775	
0	7.00714	
-0.00244141	7.00684	
-0.00152588	7.00531	
0.00335693	7.00745	
-0.00213623	7.00562	
-0.000305176	7.00562	
-0.0012207	7.0047	
0	7.00806	
0.00274658	7.00867	
0.000305176	7.005	
0.000305176	7.00531	
-0.000610352	7.00531	
0	7.00531	
0.000610352	7.00531	
-0.00427246	7.00531	
-0.00152588	7.00531	
-0.000915527	7.0047	
-0.00427246	7.00531	
0	7.00531	
0.000305176	7.00531	
0.000915527	7.00531	
-0.000305176	7.00531	
0.000915527	7.00531	
-0.000305176	7.00562	
-0.00183105	7.00531	
-0.00366211	7.005	
-0.00213623	7.00531	
0.0012207	7.00562	
-0.00396729	7.0047	
0.000305176	7.00562	
-0.00335693	7.00531	
-0.00152588	7.0047	
0.000610352	7.0047	
0.000915527	7.005	
-0.0012207	7.00439	
0.000305176	7.00562	
0.00335693	7.00562	
-0.00152588	7.00531	
-0.00366211	7.005	
0.00427246	7.00531	
-0.000915527	7.00531	
-0.00366211	7.005	
-0.000610352	7.00562	
0.000915527	7.00531	
0.0012207	7.00531	
-0.000915527	7.00562	
0	7.00531	
-0.00396729	7.00439	
0.000610352	7.00531	
0.000305176	7.00531	
-0.00488281	7.00531	
-0.000915527	7.00562	
0.00213623	7.00531	
-0.00213623	7.00531	
-0.0012207	7.0047	
0.00396729	7.0047	
0	7.00531	
-0.00335693	7.00562	
-0.00152588	7.00562	
0.000610352	7.00562	
-0.00152588	7.00531	
0.000305176	7.0047	
0.000610352	7.00531	
-0.00366211	7.00531	
-0.00152588	7.00531	
0.000915527	7.00531	
-0.00427246	7.00439	
-0.00183105	7.00562	
0.00183105	7.005	
-0.00213623	7.00562	
-0.00366211	7.005	
0.00244141	7.005	
0.000305176	7.00531	
-0.00335693	7.00531	
-0.000610352	7.00592	
0.0012207	7.00562	
0	7.00562	
-0.00366211	7.0047	
-0.000915527	7.00531	
-0.00244141	7.00562	
-0.0012207	7.005	
-0.0012207	7.005	
0.0012207	7.0047	
0	7.00562	
0.00457764	7.00531	
-0.0012207	7.00562	
-0.00335693	7.00562	
-0.0012207	7.005	
-0.000610352	7.00531	
0.00335693	7.00562	
-0.000915527	7.00562	
-0.00213623	7.0047	
-0.00213623	7.00531	
-0.000610352	7.00531	
0.00274658	7.00562	
-0.000915527	7.00592	
-0.00305176	7.005	
0.00366211	7.00562	
0	7.005	
0.00396729	7.00531	
-0.00183105	7.0047	
-0.00244141	7.005	
-0.00396729	7.005	
-0.0012207	7.00562	
0.00366211	7.00531	
-0.000915527	7.0047	
-0.00305176	7.00562	
0.00396729	7.00531	
0.000915527	7.00562	
0.000305176	7.00531	
0.000610352	7.00531	
-0.000610352	7.005	
0.000610352	7.005	
-0.000915527	7.0047	
-0.00183105	7.0047	
0.00274658	7.005	
0.000305176	7.00531	
-0.00274658	7.0047	
0.00274658	7.00531	
0.000610352	7.00531	
-0.00274658	7.00531	
-0.00244141	7.00531	
0.000915527	7.00562	
-0.0012207	7.00531	
-0.0012207	7.00562	
0	7.005	
-0.00457764	7.00531	
0.000915527	7.0047	
0.000915527	7.005	
-0.00152588	7.005	
0.000305176	7.00531	
-0.0012207	7.00531	
-0.000915527	7.005	
-0.00244141	7.005	
0.00183105	7.00531	
0.000305176	7.005	
-0.00213623	7.00562	
-0.00152588	7.00531	
0.00152588	7.00531	
0.00183105	7.00531	
-0.000305176	7.00592	
0.000305176	7.005	
-0.00457764	7.00531	
-0.00213623	7.00531	
-0.00152588	7.0047	
0	7.005	
-0.000305176	7.00531	
0.00305176	7.00562	
0.000305176	7.00562	
-0.00183105	7.00531	
-0.000305176	7.00531	
-0.000915527	7.00531	
-0.000915527	7.0047	
0.000305176	7.005	
-0.00183105	7.005	
0.00213623	7.00531	
-0.000915527	7.00562	
-0.00335693	7.00562	
0.000610352	7.00531	
-0.00335693	7.00531	
0.00549316	7.00531	
0	7.00653	
0.00335693	7.005	
-0.0012207	7.00531	
-0.00335693	7.00562	
0.00335693	7.00562	
0.000305176	7.00531	
0.00305176	7.00562	
0.000915527	7.00592	
-0.00305176	7.005	
0.00305176	7.00592	
0.000610352	7.0047	
0.000915527	7.00562	
-0.000305176	7.005	
-0.00274658	7.00562	
0.00335693	7.00562	
0.000305176	7.00562	
-0.00183105	7.005	
-0.0012207	7.005	
0.0012207	7.00592	
-0.000305176	7.00531	
-0.000610352	7.0047	
0.000915527	7.00592	
-0.00366211	7.0047	
0	7.00439	
0.000915527	7.00562	
-0.00152588	7.00531	
0.000305176	7.00531	
-0.00427246	7.0047	
-0.0012207	7.00439	
0.000915527	7.00623	
-0.00427246	7.005	
-0.0012207	7.00531	
0	7.0047	
0	7.005	
-0.00244141	7.00562	
-0.000915527	7.005	
0	7.00531	
0.00335693	7.00531	
0	7.00562	
-0.00335693	7.0047	
0.00396729	7.00562	
0.000305176	7.00562	
0.000305176	7.00562	
0.000305176	7.00562	
-0.00335693	7.00531	
-0.00213623	7.00562	
0.000610352	7.005	
-0.000610352	7.00562	
0.000915527	7.00531	
-0.00274658	7.00531	
0.00213623	7.00562	
-0.000305176	7.005	
-0.00152588	7.00592	
-0.000305176	7.00562	
0.0012207	7.00592	
-0.000305176	7.00562	
-0.000915527	7.005	
-0.00335693	7.0047	
-0.000915527	7.00531	
0.000915527	7.00562	
0	7.005	
-0.00335693	7.00562	
0.000610352	7.005	
-0.00274658	7.00531	
-0.000305176	7.00562	
0.000915527	7.00439	
-0.000915527	7.005	
0	7.0047	
-0.00335693	7.005	
0.00152588	7.00562	
0	7.00562	
0.000305176	7.0047	
-0.00152588	7.0047	
-0.0012207	7.00562	
0.00152588	7.005	
0	7.00562	
-0.00244141	7.00562	
-0.00152588	7.005	
-0.00427246	7.005	
0.000915527	7.005	
0.000610352	7.00623	
-0.000610352	7.00531	
-0.00244141	7.005	
0.000305176	7.005	
-0.00244141	7.00531	
0.00183105	7.00562	
0	7.00531	
0.000305176	7.00531	
0.000610352	7.00531	
-0.00335693	7.00531	
0.00244141	7.005	
-0.000610352	7.005	
0.00335693	7.00562	
-0.000915527	7.00562	
-0.00427246	7.005	
-0.00366211	7.00531	
-0.000915527	7.00562	
0.00366211	7.005	
-0.0012207	7.00531	
-0.00183105	7.00531	
-0.000305176	7.0047	
-0.00152588	7.00531	
0.00152588	7.00531	
-0.00274658	7.00562	
-0.000305176	7.00562	
-0.00427246	7.00562	
-0.00152588	7.00562	
-0.00457764	7.005	
-0.00183105	7.00592	
0	7.005	
-0.00335693	7.005	
0.0012207	7.00531	
-0.00183105	7.00562	
0.0012207	7.00562	
0	7.00562	
-0.00152588	7.00531	
-0.00366211	7.00531	
0	7.005	
-0.00152588	7.0047	
0.00427246	7.00531	
-0.000305176	7.005	
0.0012207	7.005	
0.000305176	7.00531	
-0.00366211	7.00562	
-0.000305176	7.00531	
0.000305176	7.005	
0.00396729	7.00531	
-0.000305176	7.0047	
-0.00274658	7.00531	
-0.00518799	7.00592	
-0.000915527	7.00531	
0.00396729	7.005	
-0.000305176	7.00531	
-0.00366211	7.00531	
0	7.005	
0	7.00562	
-0.00152588	7.00531	
-0.000610352	7.00562	
-0.00335693	7.00531	
-0.000915527	7.00531	
-0.000305176	7.00562	
0.00213623	7.00531	
0.000915527	7.00562	
0	7.00531	
0.0012207	7.00531	
0	7.00562	
-0.00396729	7.00531	
0.000305176	7.0047	
0.000305176	7.005	
0.00244141	7.005	
0	7.00531	
-0.00335693	7.00531	
0.000305176	7.00531	
-0.00335693	7.00531	
0.00427246	7.00531	
0.000610352	7.00562	
-0.00396729	7.00562	
0.000915527	7.00531	
-0.00305176	7.00562	
-0.00183105	7.00531	
-0.000915527	7.00623	
-0.00305176	7.00531	
-0.00213623	7.00531	
0.000305176	7.0047	
-0.00488281	7.005	
-0.000915527	7.005	
-0.00488281	7.0047	
0.0012207	7.0047	
0.000305176	7.0047	
-0.00152588	7.00531	
0.000915527	7.00531	
-0.00396729	7.00562	
0.000915527	7.00531	
0.000915527	7.005	
0	7.005	
0.000610352	7.00531	
-0.000610352	7.00531	
0	7.00562	
0	7.00531	
-0.000305176	7.005	
-0.00274658	7.00562	
-0.000610352	7.00531	
-0.00213623	7.0047	
0.00366211	7.005	
-0.000305176	7.00531	
-0.00305176	7.005	
-0.000915527	7.00531	
-0.000610352	7.00531	
0.00335693	7.00531	
-0.000305176	7.005	
0.00244141	7.00562	
0.000610352	7.005	
-0.00335693	7.00531	
0.00457764	7.00531	
0	7.00531	
-0.00244141	7.00531	
-0.00213623	7.005	
-0.000305176	7.005	
-0.000305176	7.00531	
-0.000610352	7.005	
0.0012207	7.00562	
-0.0012207	7.005	
0.000305176	7.00531	
-0.000305176	7.00531	
-0.000915527	7.00531	
-0.00305176	7.00531	
-0.00152588	7.005	
0.00183105	7.00531	
0.00244141	7.00562	
0.000305176	7.005	
0.00274658	7.005	
0	7.00592	
-0.00305176	7.005	
0	7.005	
0	7.00531	
-0.00366211	7.00531	
-0.000915527	7.005	
-0.000915527	7.00531	
-0.000915527	7.00531	
-0.00152588	7.0047	
0.0012207	7.005	
-0.00396729	7.00562	
0.00183105	7.00562	
-0.000915527	7.0047	
-0.000610352	7.00592	
-0.00274658	7.0047	
0.000610352	7.005	
-0.00366211	7.00531	
0.00396729	7.00531	
-0.00152588	7.00531	
-0.000915527	7.005	
-0.00183105	7.0047	
0.0012207	7.0047	
-0.000915527	7.00531	
-0.000915527	7.00531	
0.0012207	7.005	
-0.00305176	7.00531	
-0.000305176	7.00592	
0.000305176	7.00592	
0.000305176	7.00562	
-0.000915527	7.005	
-0.00152588	7.00562	
0.00152588	7.00592	
-0.0012207	7.00562	
0	7.0047	
-0.00335693	7.005	
0.000305176	7.00562	
-0.00366211	7.0047	
-0.00518799	7.0047	
-0.00152588	7.00531	
-0.00244141	7.00439	
0	7.00531	
-0.000610352	7.0047	
-0.00488281	7.005	
0.000305176	7.00562	
-0.00366211	7.00562	
-0.00244141	7.00562	
-0.000305176	7.00562	
0.0012207	7.005	
-0.000610352	7.00562	
0.00427246	7.0047	
-0.00183105	7.005	
-0.00213623	7.00531	
-0.00488281	7.00562	
-0.00183105	7.00531	
-0.00213623	7.00562	
-0.00244141	7.005	
0.000610352	7.00531	
-0.00457764	7.00531	
-0.000915527	7.00592	
-0.00396729	7.005	
0.000610352	7.00562	
0	7.00592	
-0.0012207	7.00531	
0.000610352	7.005	
-0.00335693	7.00562	
0.00183105	7.00592	
-0.000915527	7.00531	
-0.000610352	7.005	
0.0012207	7.00592	
-0.00152588	7.00562	
-0.000305176	7.00562	
0.00213623	7.00531	
-0.00183105	7.00531	
-0.00366211	7.00531	
-0.000305176	7.005	
-0.00213623	7.00531	
0.000305176	7.00531	
-0.000305176	7.00531	
-0.00244141	7.00562	
0.000610352	7.00562	
-0.00366211	7.00531	
0.00305176	7.00531	
0	7.005	
0.00366211	7.00562	
0.000305176	7.0047	
-0.00274658	7.00439	
-0.00427246	7.00531	
-0.00152588	7.00531	
-0.00366211	7.0047	
0.000915527	7.00531	
-0.000915527	7.00623	
-0.000610352	7.0047	
-0.00152588	7.00592	
-0.000915527	7.00531	
-0.00183105	7.00592	
0.00244141	7.00562	
0.000305176	7.00562	
0.000305176	7.00562	
-0.000305176	7.0047	
-0.00335693	7.005	
0.00274658	7.00531	
0.0012207	7.005	
-0.000915527	7.00531	
0	7.00531	
-0.00274658	7.00531	
-0.00335693	7.005	
-0.000610352	7.00562	
-0.00396729	7.00531	
0.0012207	7.00531	
-0.00152588	7.00531	
-0.000915527	7.00531	
-0.00366211	7.00562	
0.000610352	7.00531	
-0.00274658	7.00531	
0.0012207	7.005	
-0.000610352	7.00531	
0.00335693	7.0047	
-0.00274658	7.00592	
0.000610352	7.00623	
-0.00488281	7.0047	
0.0012207	7.00592	
-0.000915527	7.00562	
-0.00396729	7.00531	
0.00457764	7.00592	
0.000610352	7.00531	
0.00152588	7.00531	
0	7.00592	
-0.00244141	7.00531	
0.00183105	7.005	
-0.00152588	7.005	
0.00213623	7.005	
0	7.00562	
-0.00183105	7.00531	
0.000915527	7.00562	
0.000915527	7.00562	
0.00152588	7.00531	
0.000915527	7.005	
-0.00366211	7.00531	
0	7.00531	
-0.000610352	7.0047	
0.000915527	7.00562	
-0.000915527	7.00592	
-0.00305176	7.0047	
-0.00457764	7.00531	
-0.00183105	7.00562	
-0.00213623	7.00531	
-0.000915527	7.00592	
-0.000915527	7.0047	
-0.000610352	7.00531	
-0.00335693	7.00531	
-0.000305176	7.00623	
-0.00366211	7.00531	
-0.000610352	7.00531	
-0.00152588	7.005	
-0.00152588	7.00531	
-0.00213623	7.00531	
-0.00305176	7.00592	
-0.00335693	7.005	
0	7.00531	
0.00152588	7.00531	
0.000610352	7.00531	
-0.00335693	7.00531	
0.00396729	7.00562	
-0.00213623	7.005	
-0.0012207	7.005	
-0.00213623	7.00592	
0.000915527	7.00531	
-0.00366211	7.00531	
-0.00152588	7.00592	
-0.00427246	7.00562	
-0.000305176	7.00562	
-0.000610352	7.00531	
0	7.00592	
-0.000305176	7.00531	
0.000305176	7.0047	
0	7.00562	
0.00427246	7.00592	
0.000610352	7.00562	
0.000610352	7.00531	
0	7.005	
-0.00183105	7.0047	
0.000610352	7.00531	
0.000305176	7.00562	
0.00335693	7.00531	
-0.00183105	7.00531	
-0.00335693	7.005	
0.00244141	7.005	
-0.0012207	7.00562	
-0.000305176	7.00623	
-0.00244141	7.00531	
0.000610352	7.00531	
-0.00457764	7.0047	
0.000915527	7.00531	
-0.000610352	7.00562	
0.0012207	7.005	
0.00183105	7.00592	
0.000610352	7.00592	
0.00396729	7.00531	
-0.00183105	7.00562	
0.000610352	7.00562	
0	7.0047	
-0.00244141	7.00531	
-0.00396729	7.005	
0.00183105	7.00562	
0.00213623	7.00623	
0.000610352	7.00592	
0.00366211	7.00562	
-0.00183105	7.005	
0.000915527	7.005	
-0.00488281	7.00562	
-0.00213623	7.00562	
-0.0012207	7.0047	
0.000305176	7.005	
-0.000305176	7.00531	
-0.000305176	7.005	
-0.00335693	7.00562	
-0.000305176	7.00531	
-0.00213623	7.005	
0.00366211	7.005	
0	7.00531	
0.00183105	7.00531	
-0.00213623	7.00562	
-0.000610352	7.00562	
-0.00335693	7.0047	
0	7.00531	
-0.000610352	7.00592	
-0.00335693	7.00562	
0.00183105	7.005	
-0.00152588	7.00531	
0.00274658	7.00531	
-0.00213623	7.0047	
0	7.00531	
-0.00518799	7.005	
-0.00213623	7.00531	
-0.00396729	7.00409	
0.000610352	7.00562	
-0.000305176	7.00562	
-0.0012207	7.00531	
-0.00335693	7.00531	
0.000610352	7.00562	
-0.000915527	7.00531	
0.00244141	7.00531	
0.000610352	7.0047	
-0.00396729	7.00531	
-0.000305176	7.00531	
-0.0012207	7.0047	
0.00274658	7.005	
0	7.00531	
0.00305176	7.00531	
-0.00213623	7.00439	
0.000305176	7.00562	
-0.00396729	7.00562	
-0.000915527	7.00531	
-0.000610352	7.00562	
0.000305176	7.005	
0.00335693	7.005	
0.000610352	7.00531	
0.00213623	7.00562	
0	7.00531	
-0.00335693	7.00531	
-0.000305176	7.00562	
-0.000610352	7.00562	
0.00152588	7.005	
-0.00183105	7.00562	
0.000610352	7.00531	
-0.000305176	7.005	
0.000915527	7.00531	
-0.00244141	7.005	
0.0012207	7.00531	
0.00427246	7.00562	
0.000610352	7.005	
0.0012207	7.005	
0.000305176	7.00531	
-0.00213623	7.0047	
-0.0012207	7.0047	
0.000610352	7.00562	
0.00335693	7.00531	
-0.00244141	7.00623	
0	7.00562	
-0.00305176	7.00592	
-0.000305176	7.00531	
-0.00274658	7.005	
0.000610352	7.00592	
0	7.00623	
-0.000915527	7.00531	
0.0012207	7.00531	
0.000915527	7.00562	
-0.000915527	7.0047	
-0.00152588	7.00562	
-0.00152588	7.00562	
-0.00152588	7.00562	
0	7.00531	
-0.00457764	7.00531	
0.000305176	7.00531	
-0.00366211	7.00531	
0.000915527	7.00531	
-0.0012207	7.00439	
-0.000305176	7.00531	
0.000915527	7.00562	
0.000305176	7.00531	
-0.00396729	7.00531	
0.00183105	7.00531	
-0.00152588	7.00531	
-0.00457764	7.00531	
0.000610352	7.00592	
-0.000305176	7.00531	
-0.00183105	7.00531	
-0.000305176	7.00562	
0	7.00531	
-0.00457764	7.00531	
0.00244141	7.005	
-0.0012207	7.00562	
-0.000610352	7.00623	
0.00152588	7.00562	
-0.000915527	7.00562	
-0.000915527	7.00592	
-0.0012207	7.005	
0.000305176	7.00592	
-0.00335693	7.00531	
0.000915527	7.00623	
-0.000305176	7.00562	
0.00213623	7.00562	
-0.00152588	7.0047	
0	7.00562	
-0.000915527	7.005	
-0.000305176	7.00531	
-0.000610352	7.00592	
-0.00457764	7.00531	
-0.00396729	7.00592	
0.0012207	7.00531	
-0.00335693	7.00531	
0.000915527	7.005	
0.00244141	7.00623	
-0.00152588	7.00562	
-0.000915527	7.00531	
-0.000305176	7.005	
-0.000305176	7.00592	
-0.00152588	7.005	
0.0012207	7.005	
-0.00152588	7.00562	
-0.00213623	7.00531	
0.00366211	7.00592	
0.000305176	7.005	
0.00366211	7.00562	
-0.00213623	7.00562	
0.000610352	7.00531	
-0.00305176	7.00562	
0.000305176	7.00531	
-0.00274658	7.00531	
-0.00152588	7.00562	
0.00152588	7.005	
-0.000305176	7.00562	
-0.000610352	7.00531	
-0.00152588	7.00531	
0.000305176	7.005	
-0.000610352	7.005	
-0.00305176	7.00562	
0	7.00531	
-0.00213623	7.00531	
-0.00579834	7.00531	
-0.0012207	7.00439	
-0.00427246	7.00592	
0	7.00531	
-0.000610352	7.00562	
-0.000305176	7.00623	
0.00152588	6.99982	
0.0308228	6.96381	
0.167847	6.83655	
0.483398	6.70441	
0.838013	6.64001	
1.14044	6.6095	
1.38733	6.59302	
1.58051	6.58356	
1.70746	6.57715	
1.8045	6.5741	
1.86615	6.57135	
1.9101	6.56982	
1.93848	6.56952	
1.9574	6.56891	
1.96869	6.56738	
1.97906	6.56708	
1.97845	6.56738	
1.98639	6.56647	
1.98517	6.56647	
1.98975	6.56616	
1.98883	6.56586	
1.98914	6.56616	
1.98944	6.56525	
1.98853	6.56586	
1.99158	6.56586	
1.99036	6.56525	
1.98608	6.56494	
1.99036	6.56494	
1.98792	6.56494	
1.98517	6.56433	
1.98975	6.56433	
1.99005	6.56464	
1.99249	6.56433	
1.99066	6.56403	
1.98792	6.56342	
1.99127	6.56403	
1.98883	6.56342	
1.99036	6.56372	
1.99524	6.56342	
1.99097	6.56372	
1.9931	6.56342	
1.99127	6.56372	
1.987	6.56342	
1.98761	6.56342	
1.98944	6.56311	
1.98669	6.56281	
1.99249	6.5625	
1.99005	6.56311	
1.98944	6.56281	
1.99005	6.56219	
1.98883	6.56158	
1.9928	6.5625	
1.99005	6.56281	
1.99036	6.56281	
1.98944	6.56097	
1.98853	6.56158	
1.99219	6.56128	
1.99158	6.56128	
1.99158	6.56158	
1.987	6.56128	
1.99036	6.56128	
1.98853	6.56128	
1.99646	6.56128	
1.99219	6.56067	
1.99524	6.55975	
1.99127	6.56067	
1.99158	6.56128	
1.98608	6.56036	
1.99127	6.56036	
1.99036	6.56097	
1.9928	6.56006	
1.99341	6.55945	
1.99188	6.56006	
1.99097	6.55975	
1.9931	6.55914	
1.98883	6.55975	
1.9931	6.55914	
1.99127	6.55945	
1.98883	6.55914	
1.9931	6.55914	
1.99188	6.56006	
1.99219	6.55884	
1.98883	6.55884	
1.99127	6.55853	
1.99402	6.55823	
1.99799	6.55823	
1.9931	6.55823	
1.9928	6.55884	
1.99127	6.55823	
1.99371	6.55792	
1.9931	6.55823	
1.99371	6.55762	
1.98975	6.55884	
1.99432	6.55853	
1.9928	6.55853	
1.9928	6.5567	
1.98944	6.55731	
1.99402	6.55701	
1.98975	6.55579	
1.99432	6.5564	
1.99249	6.5564	
1.9931	6.55701	
1.99341	6.5567	
1.9931	6.55609	
1.99219	6.55701	
1.99066	6.5567	
1.99402	6.55518	
1.99097	6.55518	
1.99768	6.55548	
1.9931	6.55548	
1.99585	6.55518	
1.99219	6.55548	
1.99371	6.55457	
1.99005	6.55518	
1.99341	6.55457	
1.99036	6.55487	
1.99493	6.55579	
1.99402	6.55457	
1.9931	6.55487	
1.99036	6.55457	
1.99341	6.55396	
1.99219	6.55396	
1.99768	6.55457	
1.99371	6.55365	
1.99493	6.55426	
1.99524	6.55365	
1.99127	6.55426	
1.98975	6.55396	
1.99402	6.55426	
1.99646	6.55396	
1.99585	6.55396	
1.99402	6.55334	
1.99432	6.55334	
1.99127	6.55334	
1.99402	6.55243	
1.99158	6.55304	
1.99585	6.55212	
1.99341	6.55273	
1.99249	6.55273	
1.99371	6.55273	
1.99402	6.55212	
1.99524	6.55243	
1.9931	6.55212	
1.9928	6.55182	
1.99646	6.55182	
2.00012	6.55212	
1.99554	6.55151	
1.99402	6.55151	
1.99402	6.55121	
1.99432	6.5506	
1.9931	6.55121	
1.99615	6.55151	
1.99524	6.5506	
1.99371	6.54999	
1.99493	6.5506	
1.99066	6.54999	
1.99493	6.55029	
1.99158	6.5509	
1.99615	6.54999	
1.99493	6.55029	
1.99554	6.54938	
1.99921	6.55029	
1.99371	6.54968	
1.99524	6.55029	
1.99585	6.54907	
1.9986	6.54938	
1.99341	6.54999	
1.99646	6.54999	
1.99585	6.54999	
1.99249	6.54938	
1.99677	6.54846	
1.99432	6.54938	
1.99219	6.54846	
1.99463	6.54907	
1.99463	6.54877	
1.99738	6.54877	
1.99768	6.54846	
1.99677	6.54846	
1.99677	6.54785	
1.99432	6.54785	
1.99646	6.54785	
1.99554	6.54785	
1.99249	6.54724	
1.99707	6.54785	
1.9931	6.54816	
1.99158	6.54694	
1.99493	6.54663	
1.99249	6.54724	
1.99585	6.54755	
1.99677	6.54724	
1.99554	6.54755	
1.99371	6.54755	
1.99738	6.54663	
1.99463	6.54694	
1.99432	6.54633	
1.99799	6.54633	
2.00073	6.54663	
1.99432	6.54694	
1.99738	6.54602	
1.99615	6.5451	
1.99402	6.54572	
1.99585	6.54572	
1.99463	6.5451	
2.00165	6.54541	
1.99738	6.54541	
2.00104	6.54572	
1.99524	6.54541	
1.9986	6.54541	
1.99677	6.54572	
1.99829	6.54602	
1.99493	6.54419	
1.9986	6.5451	
1.99738	6.54388	
1.99615	6.5448	
1.99615	6.54388	
1.99554	6.54388	
1.9931	6.54449	
1.99738	6.54419	
1.99524	6.54358	
1.99463	6.54419	
1.99707	6.54327	
1.99677	6.54388	
2.00134	6.54419	
1.99738	6.5448	
1.99738	6.54388	
1.99738	6.54358	
1.99554	6.54327	
1.99738	6.54419	
1.99921	6.54327	
1.99585	6.54297	
1.99799	6.54266	
1.99768	6.54327	
1.99615	6.54236	
1.99524	6.54236	
1.99951	6.54236	
1.99646	6.54236	
1.99829	6.54205	
1.99799	6.54205	
1.99799	6.54175	
1.99554	6.54205	
2.00043	6.54266	
2.00195	6.54297	
1.99951	6.54297	
2.00256	6.54205	
1.99799	6.54175	
1.99768	6.54114	
1.9986	6.54114	
2.00195	6.54114	
1.99829	6.54114	
2.00073	6.54175	
1.99982	6.54114	
2.00287	6.54022	
1.99829	6.54053	
2.00012	6.54114	
1.99432	6.54083	
2.00012	6.54022	
1.9986	6.54083	
1.99707	6.53961	
2.00012	6.53992	
1.99768	6.54022	
1.99615	6.53992	
1.99615	6.53992	
1.99799	6.53992	
1.99799	6.53992	
1.99463	6.53961	
1.9986	6.53992	
2.00348	6.53992	
1.99921	6.53931	
2.00104	6.539	
1.99707	6.53839	
1.99799	6.539	
1.99829	6.5387	
2.00226	6.539	
1.99768	6.5387	
2.00043	6.5387	
1.99463	6.5387	
1.99982	6.53778	
1.99768	6.53931	
1.9989	6.53839	
2.00317	6.5387	
2.00012	6.5387	
2.00073	6.53839	
2.00104	6.53839	
2.00378	6.53809	
1.99982	6.53778	
2.00439	6.53778	
1.99951	6.53748	
1.99982	6.53748	
2.00043	6.53717	
2.00409	6.53748	
1.99982	6.53687	
2.00104	6.53778	
1.99982	6.53656	
1.99799	6.53717	
2.00073	6.53748	
1.9986	6.53687	
1.99585	6.53748	
1.99768	6.53717	
2.00073	6.53717	
2.00104	6.53748	
1.99982	6.53625	
1.99646	6.53625	
1.99982	6.53625	
1.99768	6.53625	
1.99524	6.53564	
2.00043	6.53656	
1.99921	6.53503	
1.99768	6.53564	
1.99554	6.53534	
2.00104	6.53564	
1.99799	6.53534	
2.00195	6.53564	
2.005	6.53687	
2.00043	6.53564	
2.00348	6.53625	
1.9986	6.53503	
2.00134	6.53473	
2.00043	6.53534	
1.9989	6.53473	
2.00104	6.53503	
2.00165	6.53503	
2.00012	6.53351	
1.9989	6.53442	
2.00256	6.53381	
1.99829	6.53412	
1.99615	6.53412	
2.00195	6.53412	
2.00165	6.53412	
1.99799	6.53351	
1.99615	6.53351	
2.00165	6.53412	
1.99951	6.53381	
1.99951	6.53412	
1.99677	6.53351	
2.00165	6.53259	
1.99982	6.5332	
1.99799	6.5329	
2.005	6.53381	
2.00256	6.5332	
2.00409	6.5332	
1.99921	6.53198	
2.00043	6.53198	
2.00134	6.53229	
2.00195	6.53259	
2.00134	6.53137	
2.00256	6.53259	
2.00348	6.53198	
2.00165	6.53198	
2.00043	6.53198	
2.00134	6.53137	
1.99982	6.53229	
1.99707	6.53168	
2.00256	6.53168	
1.99921	6.53198	
2.00012	6.53229	
2.00531	6.53137	
2.00226	6.53107	
2.00562	6.53107	
2.00226	6.53107	
2.00104	6.53107	
2.00256	6.53137	
2.00562	6.53107	
2.00073	6.53015	
2.00104	6.53076	
2.00073	6.53076	
1.99982	6.53015	
2.00012	6.53076	
2.00256	6.53046	
2.00226	6.52985	
2.00165	6.52985	
2.00256	6.52985	
1.99829	6.52985	
1.99738	6.53015	
1.99982	6.53046	
1.99738	6.53015	
2.00287	6.52954	
2.00195	6.52954	
2.00287	6.53046	
2.00256	6.52954	
2.00317	6.52924	
2.00623	6.52924	
2.00256	6.52985	
2.005	6.52985	
1.9986	6.52924	
2.00256	6.52954	
2.00317	6.52985	
2.00653	6.52924	
2.00012	6.52863	
2.00195	6.52893	
2.00317	6.52954	
2.0047	6.52893	
2.00043	6.52863	
2.00409	6.52863	
2.00287	6.52802	
2.00104	6.52863	
2.00165	6.52771	
2.00348	6.5274	
2.00256	6.52771	
2.00012	6.52832	
2.00348	6.52771	
2.00104	6.5271	
1.99982	6.5271	
2.00256	6.52649	
2.00317	6.52771	
1.99982	6.5274	
1.9986	6.5271	
2.00439	6.5274	
2.00104	6.52649	
2.00348	6.52649	
2.00745	6.52679	
2.00256	6.52679	
2.00806	6.52649	
2.00256	6.52679	
2.00378	6.5271	
2.00378	6.5274	
2.00623	6.52618	
2.00378	6.52557	
2.00745	6.52618	
2.00287	6.52618	
2.00226	6.52588	
2.005	6.52618	
2.00287	6.52618	
2.00226	6.52527	
2.00134	6.52588	
2.00287	6.52588	
2.00287	6.52588	
2.00378	6.52588	
2.005	6.52527	
2.00226	6.52527	
2.00378	6.52527	
2.00226	6.52527	
2.00134	6.52466	
2.00348	6.52527	
2.00195	6.52435	
1.99768	6.52496	
2.0047	6.52466	
2.00317	6.52466	
2.00012	6.52435	
1.99951	6.52527	
2.00439	6.52374	
2.00104	6.52435	
2.00226	6.52405	
2.00653	6.52466	
2.00287	6.52405	
2.00012	6.52466	
2.005	6.52435	
2.00378	6.52435	
2.005	6.52374	
2.00745	6.52313	
2.00104	6.52374	
2.00409	6.52405	
2.00409	6.52344	
1.99982	6.52283	
2.00226	6.52374	
2.0047	6.52374	
2.00439	6.52283	
2.00714	6.52344	
2.00165	6.52252	
2.00439	6.52283	
1.99921	6.52344	
2.00348	6.52344	
2.0047	6.52252	
2.00165	6.52222	
1.99982	6.52191	
2.00165	6.52252	
2.00287	6.52252	
2.00439	6.5213	
2.00226	6.52191	
2.00165	6.52222	
2.00439	6.52191	
2.00409	6.52222	
1.99982	6.52222	
2.00531	6.52161	
2.00531	6.52161	
2.00073	6.52252	
2.00378	6.52191	
2.005	6.52222	
2.00378	6.52191	
2.00165	6.5213	
2.00104	6.52161	
2.00439	6.521	
2.00592	6.5213	
2.00409	6.5213	
2.00439	6.521	
2.00409	6.521	
2.00592	6.5213	
2.00439	6.521	
2.00226	6.521	
2.00165	6.52069	
2.005	6.52069	
2.00287	6.521	
2.00348	6.52069	
2.00592	6.521	
2.00439	6.51978	
2.005	6.52039	
2.00317	6.52039	
2.00195	6.52008	
2.00592	6.51947	
2.00226	6.51947	
2.00104	6.51947	
2.00348	6.52008	
2.00562	6.51978	
2.00317	6.52008	
2.00287	6.52008	
2.00562	6.51886	
2.00439	6.51917	
2.00226	6.51886	
1.99982	6.51886	
2.00378	6.51917	
2.00165	6.51947	
2.00378	6.51917	
2.00867	6.51917	
2.005	6.51886	
2.00073	6.51855	
2.00226	6.51794	
2.00165	6.51825	
2.00623	6.51855	
2.00531	6.51855	
2.00195	6.51794	
2.00104	6.51825	
2.00439	6.51855	
2.00195	6.51825	
2.00714	6.51794	
2.00958	6.51764	
2.0047	6.51764	
2.00439	6.51733	
2.00714	6.51794	
2.00989	6.51855	
2.00562	6.51794	
2.00623	6.51703	
2.00531	6.51733	
2.00928	6.51794	
2.00684	6.51733	
2.00775	6.51733	
2.00653	6.51733	
2.00958	6.51764	
2.0047	6.51703	
2.00226	6.51672	
2.00256	6.51642	
2.00104	6.51642	
2.00714	6.51703	
2.005	6.51611	
2.00348	6.51672	
2.00165	6.51611	
2.00439	6.51581	
2.00439	6.51642	
2.00684	6.51581	
2.00348	6.51581	
2.00287	6.5155	
2.00714	6.51581	
2.00226	6.51611	
2.00165	6.51581	
2.00623	6.51611	
2.005	6.51611	
2.00317	6.51611	
2.00775	6.51459	
2.0047	6.5152	
2.00256	6.51459	
2.00775	6.5155	
2.00989	6.51459	
2.00562	6.51581	
2.00226	6.51489	
2.00806	6.5152	
2.00806	6.51489	
2.00562	6.51489	
2.005	6.51459	
2.00378	6.51459	
2.00104	6.51459	
2.005	6.51489	
2.00653	6.51459	
2.00684	6.51398	
2.00623	6.51398	
2.00378	6.51428	
2.00623	6.51428	
2.00745	6.51398	
2.00684	6.51398	
2.00378	6.51367	
2.00775	6.51367	
2.00775	6.51367	
2.00714	6.51367	
2.00592	6.51398	
2.00775	6.51367	
2.00623	6.51367	
2.00195	6.51337	
2.00775	6.51367	
2.00623	6.51337	
2.00317	6.51367	
2.00775	6.51367	
2.00623	6.51367	
2.00562	6.51276	
2.00562	6.51276	
2.00256	6.51276	
2.00928	6.51245	
2.00653	6.51215	
2.00592	6.51215	
2.00775	6.51215	
2.00409	6.51276	
2.00623	6.51276	
2.00775	6.51184	
2.00378	6.51215	
2.00684	6.51184	
2.00684	6.51245	
2.00806	6.51154	
2.00684	6.51215	
2.00714	6.51184	
2.005	6.51184	
2.00928	6.51184	
2.00684	6.51123	
2.00317	6.51154	
2.00714	6.51123	
2.00836	6.51154	
2.00714	6.51154	
2.00348	6.51154	
2.00958	6.51184	
2.01263	6.51123	
2.00684	6.51123	
2.00623	6.51031	
2.00867	6.51001	
2.01111	6.51093	
2.00684	6.51093	
2.00562	6.51093	
2.00897	6.51031	
2.00989	6.51093	
2.00592	6.51062	
2.00348	6.50909	
2.00714	6.51062	
2.01202	6.51062	
2.00684	6.51001	
2.00378	6.51001	
2.00653	6.51062	
2.00439	6.51001	
2.00775	6.51093	
2.00745	6.51001	
2.00592	6.51062	
2.00531	6.5097	
2.00531	6.50909	
2.00897	6.5094	
2.00928	6.5094	
2.00714	6.5097	
2.00745	6.5094	
2.00623	6.5097	
2.00775	6.5097	
2.00806	6.50879	
2.00409	6.50909	
2.00867	6.5097	
2.01233	6.50879	
2.00684	6.5094	
2.00439	6.50848	
2.00928	6.50848	
2.01263	6.50879	
2.00623	6.5094	
2.00409	6.50818	
2.00806	6.50879	
2.00531	6.50787	
2.00897	6.50848	
2.00836	6.50787	
2.00714	6.50818	
2.00714	6.50818	
2.00531	6.50726	
2.00867	6.50726	
2.00836	6.50818	
2.00806	6.50818	
2.00745	6.50757	
2.00653	6.50848	
2.00775	6.50818	
2.00897	6.50757	
2.01294	6.50787	
2.00775	6.50757	
2.00775	6.50726	
2.00836	6.50696	
2.00684	6.50696	
2.01019	6.50726	
2.00928	6.50635	
2.00775	6.50696	
2.00867	6.50635	
2.00439	6.50726	
2.00439	6.50635	
2.00928	6.50635	
2.00958	6.50696	
2.005	6.50574	
2.0047	6.50696	
2.00897	6.50604	
2.00928	6.50635	
2.01019	6.50543	
2.00836	6.50574	
2.00745	6.50604	
2.00989	6.50543	
2.00745	6.50543	
2.00867	6.50574	
2.00806	6.50574	
2.00562	6.50513	
2.005	6.50574	
2.00928	6.50513	
2.00836	6.50574	
2.00623	6.50604	
2.00775	6.50482	
2.00623	6.50574	
2.00775	6.50543	
2.00989	6.50543	
2.00867	6.50574	
2.01172	6.50543	
2.00745	6.50543	
2.00806	6.50482	
2.00897	6.50482	
2.01294	6.50482	
2.0108	6.50421	
2.01202	6.50482	
2.00928	6.50421	
2.00928	6.50421	
2.0108	6.50421	
2.01385	6.50452	
2.00897	6.50391	
2.005	6.50452	
2.00897	6.5036	
2.0108	6.50391	
2.00928	6.50391	
2.00562	6.5033	
2.00592	6.50391	
2.00409	6.5033	
2.00897	6.5036	
2.0105	6.50299	
2.0108	6.50269	
2.00928	6.5036	
2.01324	6.50391	
2.00897	6.50299	
2.01324	6.5033	
2.00775	6.50299	
2.00775	6.50299	
2.00623	6.50299	
2.00775	6.5033	
2.00958	6.50269	
2.0108	6.50238	
2.00958	6.5033	
2.00775	6.50269	
2.00592	6.5033	
2.00806	6.50238	
2.00897	6.50238	
2.0105	6.50208	
2.01172	6.50269	
2.01019	6.50177	
2.00775	6.50177	
2.00867	6.50177	
2.00745	6.50177	
2.00714	6.50177	
2.00775	6.50116	
2.00958	6.50177	
2.0108	6.50208	
2.00836	6.50146	
2.00562	6.50177	
2.0108	6.50146	
2.01141	6.50146	
2.00775	6.50208	
2.00592	6.50146	
2.00928	6.50146	
2.00562	6.50146	
2.00928	6.50024	
2.01141	6.50055	
2.00958	6.50085	
2.00867	6.50085	
2.00653	6.50085	
2.00684	6.50116	
2.01111	6.50085	
2.00897	6.50085	
2.00714	6.50024	
2.00562	6.50024	
2.0105	6.50024	
2.00958	6.50055	
2.00775	6.50024	
2.00623	6.49994	
2.00897	6.49963	
2.01141	6.49994	
2.01233	6.49963	
2.00989	6.49963	
2.00684	6.49994	
2.00867	6.49994	
2.00928	6.49994	
2.01019	6.49933	
2.01416	6.50024	
2.01172	6.49933	
2.01538	6.49994	
2.00897	6.49872	
2.00684	6.49933	
2.00958	6.49902	
2.01233	6.49902	
2.01172	6.49933	
2.01172	6.49902	
2.0108	6.49902	
2.0108	6.49933	
2.00897	6.49994	
2.01111	6.49933	
2.0108	6.49963	
2.01172	6.49841	
2.01416	6.49841	
2.01111	6.49811	
2.01324	6.49811	
2.0105	6.49841	
2.0105	6.49872	
2.01172	6.49841	
2.01447	6.49841	
2.0105	6.49719	
2.00928	6.4975	
2.0105	6.4975	
2.01294	6.4978	
2.01233	6.4978	
2.01141	6.49811	
2.00745	6.49841	
2.00806	6.49811	
2.00714	6.4978	
2.00928	6.49811	
2.01141	6.4978	
2.01111	6.4978	
2.01477	6.49719	
2.01172	6.49719	
2.01111	6.4975	
2.0105	6.49719	
2.01202	6.49719	
2.00928	6.49689	
2.01202	6.49689	
2.01111	6.49719	
2.01569	6.49689	
2.00928	6.49689	
2.01355	6.49719	
2.01019	6.49719	
2.00745	6.49628	
2.01019	6.49689	
2.01294	6.49658	
2.01141	6.49658	
2.01172	6.49689	
2.00836	6.49628	
2.00775	6.49628	
2.01172	6.49628	
2.01141	6.49597	
2.00836	6.49567	
2.00897	6.49597	
2.00867	6.49536	
2.01019	6.49567	
2.0108	6.49628	
2.01172	6.49567	
2.00775	6.49506	
2.01019	6.49597	
2.00775	6.49536	
2.01111	6.49506	
2.01172	6.49536	
2.00867	6.49475	
2.00806	6.49414	
2.00897	6.49475	
2.01202	6.49506	
2.01294	6.49445	
2.01172	6.49414	
2.01447	6.49506	
2.00928	6.49475	
2.0108	6.49506	
2.01233	6.49475	
2.01538	6.49414	
2.01233	6.49445	
2.01233	6.49384	
2.01263	6.49445	
2.00745	6.49445	
2.01294	6.49475	
2.01172	6.49445	
2.01202	6.49414	
2.01111	6.49353	
2.00836	6.49414	
2.00928	6.49445	
2.00867	6.49414	
2.01263	6.49475	
2.01233	6.49445	
2.01111	6.49414	
2.01569	6.49414	
2.00989	6.49384	
2.01508	6.49384	
2.01172	6.49445	
2.01324	6.49323	
2.01416	6.49384	
2.01538	6.49414	
2.0105	6.49323	
2.00897	6.49353	
2.00928	6.49353	
2.00958	6.49414	
2.01111	6.49384	
2.0108	6.492	
2.01263	6.49323	
2.01294	6.49231	
2.01263	6.49292	
2.01416	6.49292	
2.01447	6.49261	
2.01263	6.49292	
2.01263	6.49261	
2.00958	6.492	
2.00806	6.49231	
2.00958	6.49231	
2.01202	6.4917	
2.01294	6.49231	
2.01141	6.49261	
2.01691	6.49231	
2.01324	6.492	
2.01141	6.49323	
2.01233	6.49231	
2.01538	6.49261	
2.0108	6.49261	
2.01569	6.49139	
2.0108	6.49139	
2.0105	6.4917	
2.01141	6.4917	
2.00806	6.49078	
2.01355	6.49139	
2.01172	6.49139	
2.01355	6.49139	
2.01263	6.49109	
2.00928	6.49109	
2.00989	6.49109	
2.01233	6.49078	
2.01141	6.49139	
2.01202	6.49109	
2.01141	6.49078	
2.01385	6.49109	
2.01263	6.48987	
2.0166	6.49078	
2.01416	6.49078	
2.01721	6.49078	
2.01172	6.48987	
2.0105	6.49109	
2.01019	6.49048	
2.01019	6.49078	
2.0105	6.48987	
2.01385	6.49109	
2.01324	6.49078	
2.01263	6.49048	
2.00928	6.48987	
2.01355	6.48956	
2.01324	6.48987	
2.01324	6.48895	
2.01355	6.49017	
2.01019	6.48956	
2.01324	6.48926	
2.01324	6.48895	
2.01294	6.48926	
2.01111	6.48895	
2.00806	6.48956	
2.01141	6.48865	
2.01385	6.48987	
2.01416	6.48956	
2.01233	6.49017	
2.0163	6.49017	
2.01233	6.48926	
2.01508	6.48895	
2.01172	6.48865	
2.01263	6.48865	
2.00897	6.48895	
2.0105	6.48895	
2.0108	6.48895	
2.01111	6.48865	
2.01263	6.48865	
2.01324	6.48926	
2.01508	6.48834	
2.01294	6.48834	
2.01721	6.48895	
2.01202	6.48865	
2.00989	6.48834	
2.00897	6.48834	
2.00836	6.48834	
2.01233	6.48865	
2.01263	6.48834	
2.01385	6.48834	
2.01294	6.48773	
2.01569	6.48865	
2.01172	6.48834	
2.01355	6.48804	
2.01355	6.48834	
2.0166	6.48743	
2.01141	6.48743	
2.01324	6.48834	
2.01263	6.48804	
2.01691	6.48804	
2.01233	6.48773	
2.01294	6.48834	
2.01324	6.48773	
2.00928	6.48743	
2.01416	6.48804	
2.01294	6.48682	
2.01172	6.48773	
2.01202	6.48651	
2.00928	6.48651	
2.00775	6.48621	
2.01263	6.48712	
2.01385	6.48651	
2.01416	6.48743	
2.01324	6.4859	
2.01477	6.48712	
2.01416	6.48682	
2.01355	6.48621	
2.01324	6.48651	
2.01172	6.48712	
2.00928	6.48682	
2.00928	6.48712	
2.00989	6.48682	
2.0108	6.48651	
2.01324	6.48621	
2.01233	6.48651	
2.01508	6.4859	
2.01447	6.4856	
2.01324	6.4856	
2.01233	6.48529	
2.01202	6.48529	
2.01019	6.4856	
2.01141	6.4859	
2.0105	6.48499	
2.01172	6.4856	
2.01263	6.48499	
2.01477	6.48529	
2.01416	6.48529	
2.01508	6.48621	
2.01721	6.4856	
2.01294	6.4859	
2.00897	6.48499	
2.01508	6.4859	
2.01599	6.48621	
2.01508	6.4856	
2.01202	6.48529	
2.01019	6.4856	
2.00897	6.4856	
2.01416	6.4859	
2.01447	6.48499	
2.0108	6.48499	
2.00989	6.48499	
2.00958	6.48499	
2.01111	6.48468	
2.01294	6.48468	
2.01355	6.48438	
2.01752	6.48438	
2.01263	6.48499	
2.01416	6.48468	
2.01355	6.48407	
2.01569	6.48499	
2.01385	6.48438	
2.01569	6.48407	
2.01477	6.48285	
2.01782	6.48438	
2.01416	6.48468	
2.01508	6.48468	
2.01324	6.48346	
2.01691	6.48376	
2.01508	6.48346	
2.01324	6.48407	
2.01385	6.48376	
2.01752	6.48346	
2.01172	6.48315	
2.01385	6.48346	
2.01447	6.48285	
2.01019	6.48315	
2.01385	6.48376	
2.01202	6.48254	
2.01385	6.48224	
2.01416	6.48285	
2.01294	6.48254	
2.01263	6.48315	
2.01599	6.48285	
2.01385	6.48315	
2.0163	6.48285	
2.01294	6.48224	
2.01019	6.48254	
2.0108	6.48254	
2.01416	6.48193	
2.01508	6.48224	
2.01263	6.48224	
2.01355	6.48285	
2.01294	6.48254	
2.01782	6.48254	
2.01569	6.48285	
2.01813	6.48254	
2.01263	6.48102	
2.01111	6.48102	
2.01202	6.48193	
2.01324	6.48163	
2.01294	6.48193	
2.01538	6.48041	
2.01416	6.48193	
2.01447	6.48193	
2.01508	6.48193	
2.01569	6.48071	
2.0163	6.48102	
2.01202	6.48102	
2.01294	6.48102	
2.01202	6.48071	
2.01447	6.48132	
2.01385	6.48163	
2.01172	6.48132	
2.01263	6.48102	
2.01569	6.48071	
2.01111	6.48102	
2.01111	6.48071	
2.01019	6.48041	
2.01111	6.48132	
2.01202	6.48071	
2.01355	6.48071	
2.01294	6.48102	
2.01447	6.48041	
2.0105	6.4801	
2.01111	6.48102	
2.01202	6.48132	
2.01385	6.4798	
2.01355	6.4801	
2.01263	6.4798	
2.01355	6.4798	
2.01294	6.48041	
2.01294	6.4801	
2.01782	6.4798	
2.01447	6.48041	
2.01111	6.47949	
2.01477	6.4798	
2.01324	6.4801	
2.01538	6.47949	
2.01477	6.48041	
2.01172	6.47949	
2.01508	6.4801	
2.00897	6.4801	
2.01019	6.47919	
2.01202	6.47949	
2.01263	6.47949	
2.01416	6.47949	
2.01111	6.47919	
2.0108	6.47858	
2.00867	6.47949	
2.01324	6.47858	
2.01202	6.47888	
2.01691	6.47919	
2.01385	6.47949	
2.01263	6.47797	
2.0108	6.47797	
2.01141	6.47858	
2.01233	6.47888	
2.01111	6.47888	
2.01385	6.47919	
2.01477	6.47797	
2.01172	6.47858	
2.0105	6.47766	
2.0105	6.47797	
2.01263	6.47797	
2.01416	6.47827	
2.01904	6.47827	
2.01508	6.47827	
2.01263	6.47797	
2.0105	6.47827	
2.01385	6.47888	
2.01324	6.47736	
2.01172	6.47766	
2.01599	6.47827	
2.01385	6.47675	
2.0105	6.47705	
2.0108	6.47675	
2.01355	6.47736	
2.01111	6.47736	
2.01263	6.47766	
2.0163	6.47736	
2.01385	6.47705	
2.01111	6.47675	
2.01202	6.47736	
2.00958	6.47705	
2.01263	6.47736	
2.01508	6.47644	
2.01355	6.47766	
2.01385	6.47705	
2.01355	6.47736	
2.01599	6.47705	
2.01782	6.47705	
2.01538	6.47675	
2.01385	6.47644	
2.0108	6.47614	
2.01019	6.47614	
2.01477	6.47705	
2.01538	6.47644	
2.01477	6.47705	
2.01385	6.47675	
2.01508	6.47614	
2.01538	6.47614	
2.01752	6.47614	
2.01263	6.47614	
2.01263	6.47644	
2.01294	6.47675	
2.01416	6.47705	
2.01904	6.47614	
2.01538	6.47583	
2.01508	6.47583	
2.01477	6.47552	
2.01385	6.47552	
2.01324	6.47522	
2.01355	6.47522	
2.01843	6.47614	
2.01385	6.47583	
2.01111	6.47583	
2.01111	6.47552	
2.01263	6.47614	
2.01813	6.47461	
2.01324	6.47552	
2.01385	6.47552	
2.01355	6.47522	
2.01385	6.47583	
2.01782	6.47552	
2.0166	6.47614	
2.01965	6.47522	
2.01324	6.47583	
2.01324	6.47614	
2.01111	6.47552	
2.01202	6.47491	
2.0105	6.47614	
2.01416	6.47583	
2.01508	6.47491	
2.01477	6.47491	
2.01691	6.47461	
2.0166	6.47491	
2.01202	6.4743	
2.01202	6.4743	
2.01416	6.47583	
2.01874	6.47369	
2.01538	6.47461	
2.01447	6.47369	
2.01385	6.474	
2.01324	6.47461	
2.01843	6.47461	
2.01294	6.47461	
2.01416	6.474	
2.01782	6.474	
2.01294	6.4743	
2.0163	6.4743	
2.01416	6.4743	
2.01324	6.474	
2.01111	6.47339	
2.01172	6.47339	
2.0108	6.4743	
2.01233	6.474	
2.01385	6.47369	
2.01385	6.47339	
2.01111	6.47278	
2.01019	6.47278	
2.01477	6.47278	
2.01538	6.47339	
2.01447	6.47308	
2.01904	6.47339	
2.01569	6.47339	
2.01538	6.47369	
2.01477	6.47278	
2.01385	6.47339	
2.01782	6.47369	
2.01385	6.47278	
2.01172	6.47308	
2.01324	6.47278	
2.01324	6.47247	
2.01447	6.47278	
2.01355	6.47278	
2.01355	6.47339	
2.01202	6.47247	
2.01477	6.47217	
2.01813	6.47308	
2.01508	6.47186	
2.01202	6.47247	
2.01569	6.47217	
2.01447	6.47217	
2.01324	6.47156	
2.01447	6.47186	
2.01263	6.47186	
2.01172	6.47247	
2.01447	6.47186	
2.01447	6.47156	
2.01111	6.47125	
2.01752	6.47217	
2.01294	6.47156	
2.01355	6.47156	
2.01538	6.47217	
2.01355	6.47125	
2.01355	6.47125	
2.01233	6.47186	
2.01263	6.47095	
2.01752	6.47125	
2.01569	6.47156	
2.01019	6.47095	
2.01416	6.47125	
2.01385	6.47064	
2.01508	6.47095	
2.01447	6.47125	
2.01141	6.47186	
2.01111	6.47125	
2.0108	6.47125	
2.01111	6.47095	
2.01263	6.47095	
2.01385	6.47064	
2.01416	6.47125	
2.01172	6.47064	
2.0108	6.47095	
2.01233	6.47064	
2.01355	6.47125	
2.01416	6.47095	
2.01904	6.47064	
2.01416	6.47064	
2.01569	6.47003	
2.01447	6.46973	
2.01385	6.47064	
2.01721	6.47034	
2.0166	6.46973	
2.01721	6.46973	
2.01416	6.47003	
2.01538	6.47034	
2.01447	6.47034	
2.01538	6.47034	
2.0108	6.47003	
2.01324	6.47034	
2.00958	6.46973	
2.01202	6.46973	
2.01416	6.47003	
2.01538	6.47003	
2.01355	6.46942	
2.01324	6.46973	
2.01141	6.47034	
2.01477	6.47003	
2.01691	6.47003	
2.01447	6.47003	
2.01904	6.47003	
2.01538	6.46942	
2.01447	6.46912	
2.01355	6.46851	
2.01355	6.46912	
2.01508	6.46912	
2.01111	6.46912	
2.01324	6.46912	
2.01874	6.46851	
2.01447	6.46912	
2.01141	6.46912	
2.01172	6.46912	
2.01263	6.4682	
2.01874	6.46912	
2.01385	6.46851	
2.01477	6.4682	
2.01477	6.46912	
2.01385	6.46881	
2.0163	6.46881	
2.01263	6.4682	
2.01447	6.46881	
2.0166	6.46851	
2.01508	6.46851	
2.01965	6.46851	
2.01385	6.46851	
2.01538	6.46881	
2.01599	6.4682	
2.01569	6.4682	
2.01111	6.4682	
2.0108	6.4682	
2.01416	6.46851	
2.01508	6.4679	
2.01508	6.4679	
2.01385	6.46698	
2.01172	6.46759	
2.01447	6.4679	
2.01874	6.4679	
2.01599	6.46759	
2.01263	6.46759	
2.0166	6.46759	
2.01508	6.46759	
2.01416	6.4679	
2.01324	6.46851	
2.01508	6.46698	
2.01172	6.46698	
2.01172	6.4679	
2.01447	6.46729	
2.01599	6.46637	
2.01111	6.46667	
2.01294	6.46667	
2.01721	6.46729	
2.01172	6.46667	
2.01447	6.46729	
2.01813	6.46698	
2.01447	6.46698	
2.00989	6.46606	
2.01202	6.46667	
2.0163	6.46698	
2.01874	6.46667	
2.01508	6.46698	
2.01599	6.46667	
2.01447	6.46637	
2.01508	6.46667	
2.01019	6.46576	
2.01172	6.46606	
2.01385	6.46576	
2.01538	6.46637	
2.01569	6.46545	
2.00989	6.46637	
2.01202	6.46667	
2.01233	6.46515	
2.01508	6.46576	
2.01355	6.46667	
2.01355	6.46637	
2.01202	6.46637	
2.01385	6.46637	
2.01477	6.46576	
2.01508	6.46606	
2.01202	6.46606	
2.01385	6.46606	
2.01416	6.46576	
2.01813	6.46576	
2.01477	6.46637	
2.01569	6.46545	
2.01508	6.46484	
2.01447	6.46515	
2.01202	6.46484	
2.01141	6.46515	
2.01447	6.46576	
2.01233	6.46545	
2.01599	6.46515	
2.00928	6.46515	
2.01294	6.46484	
2.01202	6.46515	
2.01843	6.46515	
2.01355	6.46484	
2.01447	6.46454	
2.01477	6.46484	
2.01477	6.46484	
2.0105	6.46393	
2.01111	6.46484	
2.01477	6.46515	
2.01721	6.46454	
2.01324	6.46454	
2.0105	6.46423	
2.01874	6.46393	
2.0163	6.46515	
2.00928	6.46393	
2.01263	6.46423	
2.01202	6.46423	
2.01843	6.46454	
2.01263	6.46301	
2.01477	6.46362	
2.01263	6.46423	
2.01385	6.46484	
2.0108	6.46362	
2.01263	6.46362	
2.01508	6.46393	
2.01447	6.46423	
2.01202	6.46362	
2.00989	6.46362	
2.01019	6.46332	
2.01385	6.46362	
2.01294	6.46393	
2.01202	6.46271	
2.01263	6.46362	
2.01752	6.46271	
2.01294	6.46301	
2.01508	6.46332	
2.01447	6.46332	
2.01416	6.46362	
2.0105	6.46362	
2.01141	6.46301	
2.01355	6.46332	
2.0163	6.46393	
2.01508	6.46301	
2.01202	6.46332	
2.01569	6.46301	
2.01447	6.4624	
2.0163	6.46271	
2.01447	6.46271	
2.01233	6.46301	
2.01874	6.4624	
2.01447	6.46301	
2.01233	6.46271	
2.0166	6.46301	
2.01202	6.4621	
2.01202	6.4624	
2.01752	6.4624	
2.01263	6.4624	
2.01263	6.46271	
2.01508	6.46179	
2.01324	6.4624	
2.01233	6.46179	
2.01721	6.4621	
2.01447	6.4621	
2.01202	6.46149	
2.01935	6.4621	
2.01447	6.46271	
2.01477	6.4621	
2.01385	6.46149	
2.01324	6.4624	
2.01508	6.46179	
2.01508	6.46179	
2.01447	6.46149	
2.01721	6.4624	
2.01599	6.4624	
2.00989	6.4621	
2.01019	6.4621	
2.01263	6.46149	
2.01874	6.4621	
2.01294	6.46179	
2.01385	6.46179	
2.01263	6.4624	
2.01385	6.4621	
2.01019	6.4621	
2.01172	6.4624	
2.01385	6.46179	
2.01721	6.46149	
2.01569	6.46088	
2.01263	6.46027	
2.01355	6.46149	
2.01172	6.46118	
2.01843	6.46149	
2.01538	6.46088	
2.01508	6.46118	
2.01569	6.46118	
2.01416	6.46118	
2.0108	6.46118	
2.01294	6.46027	
2.01447	6.46088	
2.01782	6.46088	
2.01355	6.45996	
2.01294	6.46088	
2.01416	6.46088	
2.01569	6.46057	
2.01294	6.46027	
2.01324	6.46057	
2.01294	6.46027	
2.01904	6.46088	
2.01447	6.46088	
2.01263	6.45935	
2.01385	6.45966	
2.01355	6.46027	
2.01355	6.46057	
2.01416	6.45966	
2.01477	6.46027	
2.01202	6.45996	
2.0105	6.45996	
2.01416	6.46057	
2.01691	6.46057	
2.0163	6.45996	
2.01202	6.45996	
2.01477	6.45966	
2.01385	6.45935	
2.01508	6.45966	
2.01416	6.45874	
2.01294	6.45935	
2.01477	6.45966	
2.01355	6.45966	
2.01538	6.45996	
2.01263	6.45935	
2.01416	6.45966	
2.01843	6.45905	
2.01447	6.45905	
2.01172	6.45874	
2.01111	6.45874	
2.01263	6.45782	
2.01691	6.45874	
2.01538	6.45874	
2.01447	6.45905	
2.01721	6.45844	
2.01508	6.45905	
2.01324	6.45844	
2.01477	6.45874	
2.01416	6.45874	
2.01508	6.45935	
2.01416	6.45844	
2.01416	6.45874	
2.01263	6.45782	
2.01141	6.45874	
2.01416	6.45813	
2.01385	6.45844	
2.01019	6.45874	
2.01324	6.45752	
2.01843	6.45782	
2.01355	6.45813	
2.01141	6.45813	
2.01752	6.45782	
2.01416	6.45844	
2.01477	6.45813	
2.01935	6.45813	
2.01416	6.45782	
2.01294	6.45813	
2.01721	6.45874	
2.01538	6.45782	
2.00989	6.45691	
2.01294	6.45721	
2.01263	6.45721	
2.01813	6.45752	
2.01538	6.45782	
2.01202	6.4566	
2.01752	6.45782	
2.01477	6.45721	
2.01416	6.45721	
2.01477	6.45721	
2.01508	6.45752	
2.01508	6.45782	
2.01538	6.45721	
2.01508	6.45721	
2.01019	6.45752	
2.0108	6.45691	
2.01324	6.45721	
2.01538	6.45782	
2.01263	6.45691	
2.01355	6.45752	
2.0166	6.45813	
2.01477	6.45691	
2.01019	6.4566	
2.0105	6.45752	
2.01569	6.45691	
2.01691	6.45691	
2.01202	6.4566	
2.01263	6.45752	
2.01782	6.4566	
2.01569	6.45691	
2.01508	6.45691	
2.01447	6.45691	
2.01324	6.45691	
2.01355	6.4566	
2.01538	6.45599	
2.01447	6.4566	
2.00928	6.4563	
2.01324	6.45691	
2.01355	6.45599	
2.01843	6.45569	
2.01141	6.4563	
2.01355	6.45691	
2.01172	6.45569	
2.01141	6.45538	
2.01355	6.4563	
2.01752	6.4566	
2.01233	6.45569	
2.01385	6.4563	
2.01843	6.4566	
2.01599	6.4563	
2.01141	6.45599	
2.01111	6.4563	
2.01569	6.4563	
2.00928	6.45599	
2.01294	6.45599	
2.01233	6.45599	
2.01843	6.45569	
2.01447	6.45508	
2.01477	6.45508	
2.01447	6.45538	
2.01385	6.45538	
2.01447	6.45538	
2.01569	6.45447	
2.01447	6.45538	
2.01477	6.45538	
2.01599	6.45538	
2.01477	6.45508	
2.01202	6.45538	
2.01569	6.45477	
2.01385	6.45447	
2.0108	6.45477	
2.0105	6.45447	
2.01477	6.45447	
2.01599	6.45508	
2.01294	6.45416	
2.01477	6.45508	
2.01813	6.45447	
2.01599	6.45447	
2.00989	6.45416	
2.01813	6.45477	
2.01477	6.45477	
2.01416	6.45416	
2.01721	6.45477	
2.0105	6.45416	
2.01416	6.45416	
2.01569	6.45447	
2.0108	6.45447	
2.01294	6.45416	
2.01721	6.45477	
2.0108	6.45386	
2.01477	6.45386	
2.01538	6.45416	
2.01569	6.45325	
2.00928	6.45325	
2.0108	6.45416	
2.01599	6.45386	
2.01569	6.45416	
2.01202	6.45355	
2.01324	6.45355	
2.01843	6.45355	
2.01569	6.45386	
2.01416	6.45294	
2.01477	6.45386	
2.01477	6.45355	
2.01324	6.45386	
2.01874	6.45355	
2.01263	6.45294	
2.01477	6.45355	
2.01721	6.45325	
2.01569	6.45386	
2.01294	6.45325	
2.01416	6.45264	
2.01324	6.45325	
2.01263	6.45294	
2.01569	6.45294	
2.01447	6.45386	
2.01172	6.45264	
2.01355	6.45294	
2.01508	6.45355	
2.01019	6.45294	
2.01263	6.45294	
2.01416	6.45355	
2.01172	6.45264	
2.01202	6.45294	
2.01385	6.45233	
2.01813	6.45203	
2.01202	6.45294	
2.01355	6.45264	
2.01782	6.45233	
2.00989	6.45264	
2.01355	6.45233	
2.01843	6.45325	
2.01355	6.45203	
2.00989	6.45203	
2.01019	6.45294	
2.01233	6.45294	
2.01416	6.45233	
2.01477	6.45264	
2.01447	6.45203	
2.01416	6.45233	
2.01508	6.45172	
2.01263	6.45233	
2.01538	6.45172	
2.01477	6.45203	
2.0105	6.45203	
2.01111	6.45203	
2.01385	6.45233	
2.01813	6.45203	
2.01355	6.45203	
2.00897	6.45172	
2.01538	6.45172	
2.01324	6.45172	
2.01294	6.45111	
2.01324	6.45203	
2.01569	6.45172	
2.01294	6.45172	
2.01019	6.45172	
2.01324	6.45172	
2.01752	6.45203	
2.01233	6.45142	
2.01233	6.45172	
2.01233	6.45081	
2.01141	6.45172	
2.01599	6.45203	
2.01202	6.45081	
2.01569	6.4505	
2.01599	6.45111	
2.00958	6.4505	
2.01019	6.4505	
2.01172	6.44989	
2.01813	6.45081	
2.01324	6.4505	
2.01538	6.4502	
2.01508	6.45081	
2.01385	6.4502	
2.01294	6.4505	
2.01569	6.4502	
2.01385	6.4505	
2.01447	6.4502	
2.01385	6.4505	
2.01324	6.4505	
2.01447	6.45081	
2.01355	6.45111	
2.01202	6.4505	
2.01416	6.45081	
2.01447	6.4505	
2.01324	6.4505	
2.01324	6.45111	
2.01508	6.4502	
2.01477	6.45081	
2.01263	6.4505	
2.01447	6.44989	
2.01385	6.4502	
2.01202	6.44928	
2.01324	6.44958	
2.01294	6.44928	
2.01111	6.44958	
2.01019	6.44958	
2.01294	6.44958	
2.00928	6.44928	
2.01202	6.44928	
2.01294	6.4502	
2.0108	6.44867	
2.00989	6.44867	
2.01294	6.44897	
2.0166	6.44928	
2.01202	6.44897	
2.00989	6.44867	
2.0108	6.44897	
2.01294	6.44897	
2.01111	6.44958	
2.01385	6.44867	
2.01294	6.44897	
2.00958	6.44958	
2.01599	6.44867	
2.01447	6.44897	
2.01202	6.44958	
2.01111	6.44867	
2.01569	6.44897	
2.00836	6.44867	
2.0108	6.44897	
2.01324	6.44867	
2.0108	6.44958	
2.01569	6.44836	
2.01508	6.44806	
2.01294	6.44867	
2.01294	6.44867	
2.01355	6.44836	
2.00836	6.44836	
2.01691	6.44836	
2.01508	6.44836	
2.01263	6.44775	
2.01111	6.44806	
2.01477	6.44806	
2.01324	6.44745	
2.01172	6.44806	
2.01172	6.44836	
2.01843	6.44806	
2.01477	6.44836	
2.01233	6.44775	
2.01263	6.44806	
2.01324	6.44745	
2.01385	6.44775	
2.01416	6.44806	
2.01263	6.44775	
2.01324	6.44714	
2.01447	6.44775	
2.01233	6.44806	
2.01508	6.44745	
2.01324	6.44806	
2.01508	6.44745	
2.01172	6.44714	
2.01752	6.44684	
2.01324	6.44714	
2.01172	6.44714	
2.01324	6.44714	
2.01294	6.44745	
2.01324	6.44684	
2.01416	6.44836	
2.01263	6.44684	
2.01324	6.44806	
2.01416	6.44775	
2.01355	6.44745	
2.01294	6.44714	
2.01416	6.44714	
2.01416	6.44714	
2.01019	6.44745	
2.01355	6.44745	
2.01324	6.44745	
2.00989	6.44714	
2.01355	6.44653	
2.01385	6.44714	
2.00958	6.44684	
2.01355	6.44684	
2.01324	6.44684	
2.00989	6.44653	
2.01111	6.44653	
2.01263	6.44684	
2.01019	6.44714	
2.00958	6.44623	
2.01202	6.44684	
2.01385	6.44714	
2.0105	6.44592	
2.01141	6.44623	
2.0108	6.44592	
2.01447	6.44653	
2.00897	6.44592	
2.01416	6.44714	
2.01385	6.44653	
2.00836	6.44623	
2.01141	6.44623	
2.01294	6.44623	
2.00897	6.44623	
2.00958	6.44623	
2.01447	6.44592	
2.0166	6.44653	
2.01294	6.44592	
2.01019	6.44653	
2.01721	6.44592	
2.01385	6.44531	
2.01324	6.44623	
2.01294	6.44592	
2.01416	6.44562	
2.01202	6.44623	
2.01721	6.44592	
2.01355	6.44623	
2.01019	6.44623	
2.01752	6.44562	
2.01447	6.44592	
2.01019	6.44592	
2.01782	6.44531	
2.0105	6.44501	
2.01385	6.44531	
2.01782	6.4447	
2.01447	6.4444	
2.0108	6.44409	
2.01538	6.4444	
2.01355	6.4447	
2.01294	6.44562	
2.01233	6.4447	
2.01202	6.4447	
2.01355	6.4447	
2.01294	6.44501	
2.01294	6.44562	
2.01355	6.4444	
2.01355	6.4447	
2.01263	6.4447	
2.01355	6.4447	
2.01233	6.44531	
2.01263	6.44501	
2.01172	6.44501	
2.01691	6.44531	
2.01294	6.44501	
2.0108	6.44501	
2.01843	6.4447	
2.01263	6.4447	
2.01202	6.4447	
2.01691	6.44409	
2.01324	6.44409	
2.01294	6.4447	
2.01477	6.4444	
2.01477	6.44409	
2.01294	6.44409	
2.01691	6.4444	
2.01172	6.44409	
2.01416	6.44348	
2.01294	6.44379	
2.01111	6.44348	
2.01416	6.44348	
2.01294	6.44409	
2.01294	6.44348	
2.01263	6.44348	
2.01324	6.44409	
2.01355	6.44379	
2.0105	6.4444	
2.01599	6.44379	
2.01019	6.44379	
2.01447	6.44409	
2.00958	6.44318	
2.0108	6.44379	
2.01385	6.44348	
2.00867	6.44348	
2.00989	6.44379	
2.01141	6.44318	
2.01752	6.44379	
2.01385	6.44409	
2.01202	6.44318	
2.01355	6.44348	
2.01172	6.44257	
2.01416	6.44379	
2.01324	6.44318	
2.01202	6.44318	
2.01447	6.44348	
2.01355	6.44318	
2.01447	6.44257	
2.01233	6.44257	
2.01294	6.44318	
2.01019	6.44226	
2.01477	6.44226	
2.00867	6.44257	
2.00989	6.44257	
2.01263	6.44257	
2.01508	6.44257	
2.00928	6.44287	
2.01447	6.44226	
2.01202	6.44196	
2.01172	6.44196	
2.01202	6.44226	
2.01752	6.44257	
2.01324	6.44226	
2.01324	6.44226	
2.01172	6.44165	
2.01172	6.44287	
2.01355	6.44226	
2.01202	6.44287	
2.0108	6.44165	
2.01355	6.44226	
2.01263	6.44196	
2.01202	6.44165	
2.01141	6.44196	
2.01416	6.44196	
2.01385	6.44196	
2.00867	6.44165	
2.01141	6.44196	
2.01263	6.44165	
2.00867	6.44165	
2.00836	6.44196	
2.01263	6.44226	
2.00897	6.44196	
2.00958	6.44226	
2.01294	6.44165	
2.00928	6.44165	
2.01172	6.44073	
2.01172	6.44165	
2.01172	6.44073	
2.01324	6.44135	
2.01294	6.44165	
2.01019	6.44104	
2.01294	6.44104	
2.01355	6.44135	
2.0108	6.44135	
2.01172	6.44104	
2.00867	6.44104	
2.01111	6.44135	
2.01752	6.44165	
2.01385	6.44196	
2.01263	6.44104	
2.01782	6.44104	
2.01385	6.44135	
2.0108	6.44043	
2.01569	6.44043	
2.01019	6.44135	
2.01447	6.44012	
2.00806	6.44073	
2.01721	6.44135	
2.01294	6.44043	
2.01172	6.44104	
2.01019	6.44012	
2.0105	6.44073	
2.01294	6.44135	
2.01019	6.44012	
2.00958	6.44043	
2.01111	6.44073	
2.0166	6.44073	
2.01019	6.44073	
2.01172	6.44104	
2.00867	6.44104	
2.01019	6.44012	
2.01324	6.44073	
2.01202	6.44043	
2.01202	6.44104	
2.01324	6.44043	
2.0108	6.44104	
2.01233	6.44104	
2.01202	6.4389	
2.0105	6.43982	
2.01752	6.43921	
2.00897	6.44043	
2.0108	6.43951	
2.01233	6.43982	
2.0163	6.44043	
2.01019	6.43982	
2.01263	6.44012	
2.01202	6.43921	
2.01355	6.44043	
2.01172	6.44012	
2.01263	6.43921	
2.01599	6.43982	
2.01263	6.43951	
2.00958	6.43951	
2.01355	6.43951	
2.00928	6.43951	
2.01172	6.43951	
2.01141	6.43921	
2.01111	6.4389	
2.01294	6.43951	
2.01263	6.44012	
2.01324	6.4386	
2.01263	6.44043	
2.0108	6.43921	
2.01355	6.44012	
2.00745	6.43951	
2.01447	6.43921	
2.01019	6.4386	
2.01141	6.43921	
2.00836	6.43982	
2.01385	6.43921	
2.01172	6.43982	
2.01263	6.44012	
2.01263	6.43921	
2.01324	6.4386	
2.00958	6.43951	
2.00897	6.4389	
2.01263	6.4386	
2.00958	6.4389	
2.01233	6.4389	
2.01263	6.4389	
2.00897	6.43799	
2.0108	6.4386	
2.00806	6.43799	
2.01324	6.4386	
2.01202	6.43799	
2.01141	6.43829	
2.0108	6.4386	
2.01294	6.4386	
2.00989	6.43829	
2.00714	6.43829	
2.00897	6.43829	
2.01294	6.43799	
2.01172	6.4389	
2.01172	6.43829	
2.0108	6.4386	
2.01202	6.43829	
2.00958	6.43768	
2.0108	6.43829	
2.0166	6.43829	
2.00775	6.43799	
2.01141	6.43829	
2.00775	6.43707	
2.01263	6.43707	
2.01202	6.43799	
2.00958	6.43829	
2.01141	6.43799	
2.01233	6.43768	
2.01202	6.43768	
2.01111	6.43768	
2.0108	6.43799	
2.00989	6.43768	
2.01569	6.43738	
2.00775	6.43799	
2.01385	6.43768	
2.00745	6.43738	
2.01538	6.43738	
2.00867	6.43707	
2.01172	6.43738	
2.01172	6.43677	
2.01111	6.43738	
2.01202	6.43707	
2.01263	6.43738	
2.00745	6.43738	
2.01569	6.43646	
2.00745	6.43646	
2.01233	6.43707	
2.01019	6.43738	
2.01141	6.43677	
2.01355	6.43707	
2.00958	6.43707	
2.00836	6.43707	
2.01569	6.43707	
2.00989	6.43738	
2.01233	6.43738	
2.01233	6.43677	
2.01263	6.43707	
2.01355	6.43616	
2.00989	6.43707	
2.01263	6.43677	
2.00836	6.43555	
2.01263	6.43616	
2.01141	6.43616	
2.00958	6.43646	
2.01202	6.43707	
2.01111	6.43585	
2.01233	6.43616	
2.01324	6.43585	
2.01355	6.43616	
2.00958	6.43646	
2.0108	6.43677	
2.00836	6.43616	
2.01202	6.43646	
2.0105	6.43646	
2.01019	6.43646	
2.01599	6.43616	
2.00867	6.43616	
2.01233	6.43646	
2.01202	6.43585	
2.01324	6.43616	
2.00836	6.43616	
2.0108	6.43585	
2.01019	6.43524	
2.0108	6.43646	
2.01294	6.43585	
2.01111	6.43585	
2.0108	6.43494	
2.01019	6.43585	
2.01172	6.43616	
2.01111	6.43555	
2.0105	6.43585	
2.00623	6.43585	
2.01447	6.43585	
2.00836	6.43524	
2.01111	6.43585	
2.00989	6.43555	
2.01141	6.43524	
2.01355	6.43585	
2.00958	6.43616	
2.01477	6.43524	
2.00867	6.43463	
2.01172	6.43555	
2.01202	6.43494	
2.01538	6.43616	
2.00836	6.43494	
2.01172	6.43524	
2.01111	6.43555	
2.01477	6.43585	
2.01141	6.43555	
2.0105	6.43524	
2.00806	6.43524	
2.00989	6.43463	
2.00836	6.43463	
2.01202	6.43494	
2.01019	6.43494	
2.0108	6.43463	
2.0105	6.43524	
2.01019	6.43555	
2.01385	6.43494	
2.01202	6.43585	
2.01294	6.43585	
2.00714	6.43494	
2.01385	6.43463	
2.00836	6.43494	
2.01019	6.43402	
2.00745	6.43433	
2.01202	6.43463	
2.01019	6.43463	
2.01172	6.43402	
2.01508	6.43463	
2.0108	6.43463	
2.01324	6.43433	
2.00897	6.43494	
2.00958	6.43463	
2.00958	6.43494	
2.01111	6.43463	
2.0108	6.43433	
2.0108	6.43463	
2.0108	6.43463	
2.00989	6.43402	
2.00653	6.43463	
2.01355	6.43341	
2.01019	6.43402	
2.0105	6.43494	
2.00958	6.43433	
2.01111	6.4328	
2.01233	6.43311	
2.00836	6.43402	
2.00653	6.43341	
2.00989	6.43433	
2.00958	6.43402	
2.0108	6.43402	
2.00836	6.43311	
2.01263	6.43372	
2.00989	6.43402	
2.00989	6.43402	
2.00714	6.43372	
2.01202	6.43402	
2.00806	6.43341	
2.01111	6.4328	
2.01111	6.4328	
2.01447	6.4328	
2.00836	6.43341	
2.01263	6.4325	
2.01141	6.43311	
2.00745	6.43311	
2.0105	6.43341	
2.0105	6.43311	
2.00958	6.43311	
2.00897	6.43341	
2.00745	6.4328	
2.01172	6.43311	
2.01019	6.4328	
2.00836	6.43311	
2.01324	6.4328	
2.01141	6.4328	
2.00775	6.4328	
2.00867	6.43341	
2.01263	6.43402	
2.00867	6.4328	
2.01202	6.43311	
2.01233	6.4328	
2.01111	6.4328	
2.01111	6.43311	
2.00928	6.4325	
2.00958	6.43219	
2.01263	6.43311	
2.00745	6.43219	
2.00928	6.43311	
2.00653	6.43219	
2.0108	6.43219	
2.00958	6.4325	
2.00867	6.43219	
2.01477	6.4328	
2.00684	6.43219	
2.01141	6.43219	
2.00684	6.43158	
2.01385	6.4328	
2.00989	6.4325	
2.01019	6.4325	
2.00623	6.4325	
2.01141	6.4325	
2.00989	6.4328	
2.0108	6.4328	
2.0105	6.4325	
2.00958	6.43311	
2.00836	6.4328	
2.00531	6.43219	
2.01447	6.4325	
2.00897	6.43158	
2.01111	6.43341	
2.00958	6.4325	
2.01202	6.43219	
2.0108	6.43158	
2.00806	6.43158	
2.00592	6.43127	
2.01324	6.43188	
2.00775	6.43158	
2.0108	6.43127	
2.01172	6.43158	
2.01447	6.43097	
2.00928	6.43127	
2.01233	6.43127	
2.00958	6.43219	
2.01019	6.43127	
2.00684	6.43097	
2.01019	6.43127	
2.00836	6.43097	
2.01019	6.43036	
2.00989	6.43005	
2.00897	6.43097	
2.01202	6.43036	
2.01263	6.43066	
2.00714	6.43097	
2.01019	6.43066	
2.00897	6.43219	
2.01141	6.43127	
2.01111	6.43097	
2.01019	6.43188	
2.00867	6.43158	
2.0105	6.43127	
2.00836	6.43066	
2.00989	6.43188	
2.00897	6.43097	
2.01294	6.43158	
2.00897	6.43066	
2.00653	6.43097	
2.00958	6.43158	
2.01141	6.43188	
2.00928	6.43158	
2.01141	6.43127	
2.00714	6.43188	
2.00958	6.43036	
2.00684	6.43097	
2.01111	6.43066	
2.00806	6.43066	
2.01111	6.43036	
2.01508	6.43066	
2.01263	6.43036	
2.00867	6.43036	
2.01019	6.43097	
2.00623	6.43066	
2.00958	6.43066	
2.01019	6.43005	
2.0108	6.42944	
2.00989	6.42975	
2.01172	6.43005	
2.01111	6.42914	
2.00684	6.42975	
2.01233	6.42944	
2.00714	6.42944	
2.0105	6.43036	
2.00562	6.43036	
2.0105	6.43066	
2.00836	6.43036	
2.00806	6.43005	
2.01447	6.42944	
2.00653	6.43005	
2.01141	6.42975	
2.00989	6.42975	
2.00745	6.42944	
2.00989	6.42914	
2.00989	6.42975	
2.00958	6.42914	
2.01447	6.42944	
2.00775	6.42975	
2.01141	6.42944	
2.00989	6.42914	
2.00989	6.42883	
2.01111	6.42883	
2.01111	6.42944	
2.01172	6.42914	
2.01019	6.42914	
2.00623	6.42944	
2.01111	6.42914	
2.00928	6.42944	
2.00775	6.42883	
2.00653	6.42914	
2.01324	6.42914	
2.0105	6.42883	
2.00867	6.42822	
2.00867	6.42853	
2.01385	6.42883	
2.00623	6.42944	
2.00958	6.42914	
2.00897	6.42914	
2.00836	6.42853	
2.00989	6.42853	
2.00928	6.42883	
2.00897	6.42883	
2.00684	6.42914	
2.00897	6.42883	
2.00745	6.42883	
2.00958	6.42853	
2.00989	6.42883	
2.01355	6.42853	
2.00745	6.42792	
2.01019	6.42731	
2.00989	6.42853	
2.00562	6.42822	
2.0108	6.42914	
2.00897	6.42853	
2.01019	6.42822	
2.00867	6.42822	
2.00867	6.42822	
2.0105	6.42883	
2.00592	6.42792	
2.01416	6.42853	
2.00684	6.42883	
2.00928	6.42822	
2.0105	6.42761	
2.00928	6.42853	
2.00897	6.42792	
2.00775	6.42853	
2.00897	6.42822	
2.01111	6.42822	
2.00592	6.42822	
2.00958	6.42822	
2.00989	6.42853	
2.00928	6.42822	
2.00897	6.42822	
2.00714	6.42822	
2.0047	6.42792	
2.00958	6.42792	
2.00592	6.42792	
2.00989	6.42822	
2.00928	6.42792	
2.01355	6.42822	
2.01141	6.42761	
2.00623	6.42822	
2.00836	6.42822	
2.00897	6.42792	
2.00775	6.42792	
2.00867	6.42792	
2.00806	6.42792	
2.0047	6.42792	
2.00684	6.42792	
2.00867	6.42761	
2.00928	6.42731	
2.00989	6.42761	
2.01294	6.42731	
2.00775	6.42792	
2.00867	6.4267	
2.00378	6.42761	
2.01019	6.427	
2.00531	6.42761	
2.00928	6.42731	
2.00867	6.42792	
2.00867	6.42792	
2.00897	6.42731	
2.00958	6.42731	
2.01385	6.42792	
2.00958	6.42761	
2.00745	6.42731	
2.00867	6.427	
2.00684	6.427	
2.00897	6.427	
2.00775	6.4267	
2.00897	6.42731	
2.01385	6.42731	
2.00714	6.42761	
2.01111	6.42761	
2.00867	6.42792	
2.01294	6.42731	
2.00562	6.4267	
2.00989	6.4267	
2.00836	6.4267	
2.01294	6.4267	
2.00653	6.42639	
2.00897	6.42639	
2.00867	6.42639	
2.00531	6.42639	
2.00897	6.42609	
2.0105	6.42639	
2.00867	6.4267	
2.00592	6.42639	
2.0105	6.42731	
2.00562	6.4267	
2.00928	6.42639	
2.00867	6.42639	
2.01172	6.42639	
2.00775	6.4267	
2.00867	6.42609	
2.00897	6.42609	
2.00714	6.42609	
2.00806	6.42609	
2.00989	6.42639	
2.00653	6.42639	
2.00439	6.42639	
2.00745	6.42609	
2.00928	6.42639	
2.00958	6.42639	
2.00867	6.42609	
2.00867	6.42548	
2.00592	6.42548	
2.00836	6.42487	
2.00989	6.42548	
2.00684	6.42517	
2.00378	6.42517	
2.01233	6.42487	
2.00745	6.42578	
2.00897	6.42548	
2.00836	6.42517	
2.00928	6.42548	
2.01172	6.42548	
2.00684	6.42578	
2.00928	6.42517	
2.00928	6.42517	
2.00958	6.42517	
2.00714	6.42487	
2.01019	6.42517	
2.00806	6.42517	
2.00775	6.42517	
2.00867	6.42609	
2.00958	6.42548	
2.01019	6.42517	
2.00714	6.42517	
2.00562	6.42548	
2.00958	6.42548	
2.00684	6.42517	
2.00989	6.42395	
2.01294	6.42548	
2.00714	6.42487	
2.00592	6.42456	
2.00867	6.42548	
2.00928	6.42487	
2.00745	6.42517	
2.00836	6.42456	
2.0105	6.42517	
2.00775	6.42487	
2.00562	6.42456	
2.00836	6.42487	
2.00684	6.42395	
2.0108	6.42487	
2.00836	6.42487	
2.0047	6.42395	
2.00958	6.42426	
2.00745	6.42456	
2.00745	6.42456	
2.0047	6.42487	
2.00745	6.42456	
2.00958	6.42426	
2.00714	6.42456	
2.00745	6.42456	
2.00684	6.42395	
2.0047	6.42365	
2.00958	6.42426	
2.00653	6.42426	
2.00562	6.42395	
2.00562	6.42334	
2.00714	6.42395	
2.005	6.42426	
2.00836	6.42395	
2.00928	6.42365	
2.00775	6.42456	
2.00531	6.42456	
2.00562	6.42426	
2.00958	6.42517	
2.00897	6.42456	
2.01263	6.42456	
2.005	6.42426	
2.00806	6.42395	
2.00775	6.42426	
2.00836	6.42365	
2.00836	6.42487	
2.00592	6.42395	
2.00897	6.42456	
2.00867	6.42487	
2.00836	6.42365	
2.00989	6.42456	
2.00409	6.42395	
2.00989	6.42395	
2.00836	6.42426	
2.00409	6.42365	
2.00714	6.42303	
2.00775	6.42395	
2.00928	6.42365	
2.00714	6.42456	
2.00714	6.42395	
2.01202	6.42395	
2.00562	6.42365	
2.00439	6.42365	
2.00714	6.42365	
2.00867	6.42365	
2.00867	6.42365	
2.00592	6.42273	
2.005	6.42303	
2.00806	6.42334	
2.00806	6.42303	
2.0105	6.42242	
2.005	6.42273	
2.00623	6.42273	
2.00775	6.42395	
2.00775	6.42303	
2.00714	6.42334	
2.00958	6.42273	
2.00562	6.42273	
2.00226	6.42303	
2.00806	6.42273	
2.00836	6.42242	
2.00775	6.42365	
2.00653	6.42303	
2.00287	6.42212	
2.00531	6.42242	
2.00745	6.42273	
2.00378	6.42303	
2.00439	6.42303	
2.00775	6.42242	
2.00806	6.42334	
2.00348	6.42242	
2.01172	6.42303	
2.00775	6.42242	
2.00592	6.42242	
2.00562	6.42273	
2.00287	6.42303	
2.00378	6.42365	
2.00867	6.42273	
2.00745	6.42151	
2.00958	6.42212	
2.00836	6.42181	
2.00439	6.42303	
2.00775	6.42303	
2.0047	6.42303	
2.0047	6.42303	
2.00836	6.42242	
2.00714	6.42181	
2.00806	6.42303	
2.01019	6.42212	
2.00592	6.42151	
2.00714	6.4212	
2.00836	6.42181	
2.00897	6.42151	
2.01202	6.42242	
2.00836	6.42242	
2.00653	6.42151	
2.00836	6.42242	
2.00623	6.42181	
2.0047	6.42181	
2.00653	6.4212	
2.00439	6.42181	
2.00378	6.42151	
2.00653	6.4212	
2.00806	6.4212	
2.01111	6.42181	
2.0108	6.42151	
2.00745	6.42212	
2.00592	6.4209	
2.00562	6.4212	
2.00287	6.42059	
2.00684	6.42181	
2.00684	6.42151	
2.00684	6.4209	
2.00836	6.42212	
2.00714	6.42151	
2.00256	6.42212	
2.00714	6.42181	
2.00775	6.4209	
2.00867	6.42151	
2.00684	6.42212	
2.00684	6.4209	
2.00989	6.42181	
2.00378	6.42151	
2.00409	6.42181	
2.00806	6.4212	
2.00775	6.42151	
2.01233	6.42151	
2.0108	6.4212	
2.00806	6.42151	
2.00775	6.4212	
2.00531	6.42151	
2.00226	6.4212	
2.00378	6.4212	
2.00745	6.42151	
2.00562	6.42059	
2.00348	6.4212	
2.00745	6.4209	
2.00714	6.4212	
2.01019	6.4212	
2.00928	6.42151	
2.00317	6.42151	
2.00775	6.4212	
2.00745	6.42151	
2.00714	6.4212	
2.01172	6.42151	
2.00775	6.4212	
2.00653	6.42059	
2.00775	6.4209	
2.00714	6.4209	
2.00287	6.42029	
2.00775	6.4209	
2.00562	6.4212	
2.0047	6.4209	
2.00195	6.4209	
2.00653	6.4212	
2.00562	6.42029	
2.00714	6.42029	
2.0047	6.42059	
2.00195	6.4209	
2.00317	6.42029	
2.00684	6.42059	
2.00409	6.4209	
2.00714	6.4212	
2.00592	6.42059	
2.00806	6.41998	
2.00958	6.41998	
2.00928	6.42029	
2.00378	6.41998	
2.00745	6.41968	
2.00714	6.42029	
2.00653	6.41998	
2.00958	6.4209	
2.00439	6.41998	
2.005	6.41998	
2.00439	6.42029	
2.00531	6.4209	
2.00226	6.42029	
2.00775	6.42059	
2.00623	6.42029	
2.00775	6.41998	
2.00531	6.4209	
2.00348	6.41968	
2.00745	6.42029	
2.005	6.42029	
2.005	6.42059	
2.00409	6.41998	
2.00287	6.41907	
2.00806	6.41937	
2.00287	6.41876	
2.00226	6.41876	
2.00531	6.41937	
2.00317	6.41937	
2.00287	6.41968	
2.00226	6.41907	
2.00684	6.41968	
2.00348	6.41968	
2.00287	6.41937	
2.00623	6.41937	
2.00562	6.41907	
2.00165	6.41846	
2.00775	6.41968	
2.00775	6.41937	
2.00653	6.41968	
2.00684	6.41846	
2.00562	6.41907	
2.0047	6.41876	
2.00928	6.41907	
2.00439	6.41907	
2.00256	6.41876	
2.00623	6.41846	
2.00623	6.41907	
2.00684	6.41937	
2.0105	6.41876	
2.00378	6.41876	
2.00623	6.41876	
2.00348	6.41876	
2.0047	6.41907	
2.005	6.41968	
2.01019	6.41937	
2.00897	6.41876	
2.00684	6.41937	
2.00592	6.41876	
2.00745	6.41907	
2.00531	6.41937	
2.00623	6.41846	
2.0108	6.41907	
2.00287	6.41937	
2.0047	6.41876	
2.00562	6.41907	
2.00623	6.41907	
2.00745	6.41876	
2.00989	6.41846	
2.00653	6.41846	
2.00592	6.41846	
2.00592	6.41876	
2.00592	6.41846	
2.00653	6.41846	
2.00256	6.41846	
2.00439	6.41846	
2.00714	6.41907	
2.00714	6.41907	
2.00684	6.41815	
2.00684	6.41846	
2.00439	6.41815	
2.00256	6.41846	
2.00287	6.41815	
2.005	6.41815	
2.00562	6.41815	
2.00348	6.41754	
2.00623	6.41815	
2.00409	6.41785	
2.00317	6.41724	
2.00165	6.41785	
2.005	6.41785	
2.00348	6.41815	
2.00287	6.41815	
2.00409	6.41815	
2.00623	6.41785	
2.00409	6.41724	
2.00317	6.41754	
2.005	6.41754	
2.00348	6.41693	
2.00745	6.41724	
2.00562	6.41724	
2.00684	6.41785	
2.00897	6.41754	
2.00775	6.41693	
2.00562	6.41724	
2.005	6.41724	
2.00409	6.41785	
2.005	6.41754	
2.005	6.41724	
2.00958	6.41754	
2.00195	6.41724	
2.00134	6.41724	
2.00653	6.41754	
2.0047	6.41754	
2.00409	6.41693	
2.00806	6.41724	
2.00714	6.41693	
2.00226	6.41693	
2.00592	6.41693	
2.00592	6.41754	
2.00439	6.41724	
2.0047	6.41693	
2.00287	6.41724	
2.00714	6.41754	
2.00348	6.41724	
2.00378	6.41724	
2.00439	6.41693	
2.00287	6.41663	
2.005	6.41663	
2.00439	6.41663	
2.00897	6.41693	
2.00897	6.41693	
2.00317	6.41693	
2.005	6.41724	
2.00562	6.41693	
2.00439	6.41693	
2.00439	6.41693	
2.00134	6.41693	
2.00287	6.41632	
2.00562	6.41663	
2.00653	6.41693	
2.00684	6.41663	
2.00378	6.41632	
2.00531	6.41663	
2.01019	6.41663	
2.00256	6.41602	
2.00226	6.41602	
2.00409	6.41632	
2.00684	6.41602	
2.005	6.41663	
2.00409	6.41693	
2.00439	6.41632	
2.00531	6.41632	
2.00439	6.41663	
2.00439	6.41632	
2.00226	6.41632	
2.0047	6.41632	
2.00378	6.41602	
2.00134	6.41602	
2.00409	6.41541	
2.00684	6.41632	
2.005	6.41571	
2.00623	6.41602	
2.00531	6.41602	
2.00592	6.41632	
2.00836	6.41663	
2.00714	6.41602	
2.00104	6.41602	
2.00562	6.41663	
2.00348	6.41571	
2.00104	6.41541	
2.00592	6.41693	
2.00653	6.41632	
2.00562	6.4151	
2.00684	6.41571	
2.005	6.41602	
2.005	6.41479	
2.00104	6.41571	
2.00775	6.41571	
2.00562	6.41541	
2.00562	6.41541	
2.00623	6.41541	
2.00317	6.41602	
2.0047	6.4151	
2.00867	6.41571	
2.00836	6.41571	
2.00134	6.41632	
2.00378	6.41541	
2.00623	6.41479	
2.00378	6.41449	
2.00531	6.4151	
2.00867	6.41479	
2.00745	6.4151	
2.00409	6.41479	
2.0047	6.4151	
2.0047	6.41541	
2.00409	6.41479	
2.00378	6.41449	
2.00775	6.4151	
2.00165	6.41449	
2.00195	6.41449	
2.00409	6.4151	
2.00348	6.4151	
2.00317	6.4151	
2.00378	6.41418	
2.00867	6.41479	
2.005	6.41449	
2.00104	6.41479	
2.0047	6.41449	
2.00287	6.41479	
1.99951	6.41479	
2.00043	6.41418	
2.00531	6.41418	
2.00256	6.4151	
2.00195	6.41418	
2.0047	6.41357	
2.00195	6.41449	
2.00043	6.4151	
2.00043	6.41449	
2.00439	6.41449	
2.00073	6.4151	
2.00195	6.41449	
2.00378	6.41479	
2.005	6.4151	
2.00348	6.41449	
2.005	6.41449	
2.00043	6.41418	
2.00073	6.41479	
2.00409	6.41418	
2.00226	6.4151	
2.00409	6.41479	
2.00317	6.41479	
2.00562	6.41418	
2.00348	6.41418	
2.00317	6.41388	
2.00012	6.41418	
2.00317	6.41388	
2.00867	6.41418	
2.00836	6.41479	
2.00439	6.41449	
2.0047	6.41357	
2.00592	6.41418	
2.0047	6.41388	
2.00165	6.41449	
2.00165	6.41418	
2.00073	6.41418	
2.00592	6.41418	
2.005	6.41327	
2.00226	6.41388	
2.005	6.41388	
2.00226	6.41418	
2.00012	6.41327	
2.00043	6.41296	
2.00745	6.41449	
2.00287	6.41449	
2.00348	6.41388	
2.0047	6.41388	
2.00439	6.41449	
2.00378	6.41418	
2.00287	6.41357	
2.00287	6.41296	
2.0047	6.41327	
1.99951	6.41327	
2.00623	6.41388	
2.00348	6.41357	
2.00043	6.41357	
2.00073	6.41327	
2.00287	6.41327	
2.00195	6.41357	
2.00317	6.41357	
2.00348	6.41327	
2.00714	6.41296	
2.00775	6.41388	
2.00531	6.41418	
2.0047	6.41357	
2.00134	6.41327	
2.00226	6.41357	
2.00226	6.41266	
2.00378	6.41296	
2.00409	6.41327	
2.0047	6.41266	
2.00134	6.41266	
2.00134	6.41296	
2.00348	6.41296	
2.00226	6.41296	
2.00409	6.41296	
2.00439	6.41327	
2.00867	6.41296	
2.00409	6.41327	
2.00043	6.41296	
2.00409	6.41266	
2.00378	6.41266	
2.00195	6.41235	
2.00439	6.41235	
1.99982	6.41174	
2.00134	6.41296	
2.00378	6.41266	
1.99982	6.41296	
2.00226	6.41205	
2.00256	6.41266	
2.0047	6.41205	
2.00317	6.41296	
2.00195	6.41266	
1.99799	6.41235	
2.00012	6.41296	
2.00439	6.41235	
2.00073	6.41235	
2.00073	6.41235	
2.00256	6.41205	
2.00287	6.41235	
2.00317	6.41266	
2.00317	6.41266	
2.00348	6.41266	
2.00806	6.41174	
2.00439	6.41144	
2.00378	6.41205	
2.00287	6.41144	
2.00256	6.41174	
2.00378	6.41235	
1.99829	6.41205	
2.00195	6.41296	
2.00348	6.41205	
2.00409	6.41174	
2.0047	6.41266	
2.00195	6.41235	
2.00409	6.41174	
2.00134	6.41235	
2.00592	6.41174	
2.00439	6.41235	
2.00409	6.41144	
2.00348	6.41174	
2.00378	6.41174	
2.00134	6.41205	
1.9986	6.41205	
1.99982	6.41144	
2.00287	6.41174	
2.00226	6.41113	
2.00378	6.41205	
2.00317	6.41144	
2.00378	6.41174	
1.99829	6.41083	
1.99982	6.41174	
2.00226	6.41144	
2.00073	6.41144	
2.00043	6.41174	
2.00287	6.41174	
2.00073	6.41205	
2.00378	6.41235	
2.00317	6.41174	
2.00623	6.41235	
2.00256	6.41174	
2.00287	6.41144	
2.00134	6.41205	
2.00256	6.41113	
2.00256	6.41144	
2.00226	6.41205	
2.00684	6.41144	
2.00378	6.41174	
2.00287	6.41144	
1.9989	6.41052	
2.00012	6.41113	
2.00439	6.41113	
2.00226	6.41144	
1.9986	6.41113	
1.99982	6.41113	
2.00165	6.41205	
2.00043	6.41113	
1.99982	6.41083	
2.00195	6.41144	
2.00043	6.41144	
2.00043	6.41052	
2.00043	6.41022	
2.00378	6.41083	
2.00592	6.41083	
2.00409	6.41052	
2.00348	6.41144	
2.00348	6.41052	
2.00287	6.41083	
2.00134	6.41052	
2.00256	6.41113	
2.00043	6.41144	
2.00684	6.41083	
2.00348	6.41083	
2.00104	6.41052	
2.00256	6.41083	
2.00012	6.41022	
2.00134	6.40961	
2.00226	6.40991	
2.00531	6.40991	
2.00562	6.41113	
2.00317	6.41022	
2.00348	6.40961	
1.99982	6.41113	
2.00043	6.41022	
2.00104	6.41052	
2.00195	6.41052	
2.00073	6.41022	
2.00623	6.41052	
2.00348	6.41022	
2.00317	6.41022	
2.00348	6.41022	
2.00226	6.40961	
2.00256	6.40991	
2.00043	6.40991	
1.99799	6.41022	
2.00073	6.41022	
2.00226	6.41022	
1.99921	6.40961	
1.9986	6.40961	
2.00317	6.41052	
1.99951	6.41022	
1.9989	6.41052	
1.9986	6.40961	
2.00165	6.40991	
2.00256	6.40961	
2.00348	6.40991	
1.99799	6.409	
1.99921	6.4093	
2.00073	6.41022	
2.00043	6.409	
2.00256	6.40961	
2.00256	6.4093	
2.00623	6.40961	
2.00592	6.41052	
1.99951	6.4093	
2.00165	6.40991	
2.00287	6.40991	
2.00226	6.4093	
1.99982	6.409	
2.00012	6.40991	
1.9989	6.409	
2.00256	6.409	
2.00256	6.40961	
2.00378	6.40869	
1.99921	6.40991	
1.9986	6.409	
2.00287	6.409	
2.00226	6.4093	
2.00195	6.4093	
2.00165	6.40839	
1.9986	6.40869	
2.00012	6.40869	
2.00317	6.40869	
1.99799	6.40839	
2.00348	6.409	
2.00562	6.409	
2.00195	6.4093	
1.99982	6.40869	
2.00256	6.40869	
2.00043	6.40869	
1.99921	6.40839	
2.00043	6.4093	
1.99768	6.409	
2.00043	6.409	
2.00073	6.409	
2.00073	6.409	
1.99921	6.40961	
1.9989	6.40839	
1.99951	6.409	
2.00562	6.40839	
2.00317	6.40869	
2.00256	6.409	
2.00226	6.409	
2.00012	6.4093	
2.00226	6.4093	
2.00226	6.40869	
2.00226	6.409	
2.0047	6.4093	
2.00348	6.409	
2.00256	6.4093	
1.99951	6.4093	
2.00073	6.409	
2.00226	6.40869	
2.00104	6.40869	
2.00226	6.409	
1.99646	6.409	
2.00104	6.4093	
2.00348	6.40839	
2.00073	6.40839	
1.99829	6.40869	
2.00043	6.40961	
2.00134	6.40808	
2.00043	6.40869	
2.00073	6.409	
2.00378	6.40808	
2.00623	6.40869	
2.00256	6.40869	
2.00195	6.40869	
2.00287	6.40869	
2.00195	6.40839	
1.99982	6.40839	
1.99677	6.40839	
1.99707	6.40839	
2.00104	6.40808	
2.00012	6.40839	
1.99982	6.40808	
1.99982	6.40808	
2.00317	6.40778	
2.00012	6.40869	
2.00226	6.40839	
1.99646	6.40869	
1.99646	6.40778	
2.00104	6.40686	
1.99829	6.40778	
1.9989	6.40778	
1.99951	6.40808	
1.99951	6.40808	
2.00195	6.40808	
1.9989	6.40717	
2.00348	6.40778	
1.99951	6.40747	
1.99799	6.40717	
2.00104	6.40747	
2.00195	6.40778	
1.99982	6.40686	
2.00195	6.40778	
1.99768	6.40808	
1.99646	6.40747	
2.00195	6.40778	
2.00134	6.40747	
2.00256	6.40778	
1.99921	6.40717	
1.99707	6.40778	
1.99921	6.40808	
2.00195	6.40778	
2.00073	6.40808	
2.00134	6.40839	
1.99524	6.40747	
1.99921	6.40778	
2.00531	6.40747	
2.0047	6.40778	
2.00073	6.40808	
1.99829	6.40778	
2.00134	6.40717	
2.00226	6.40778	
1.99982	6.40808	
2.00134	6.40717	
1.99982	6.40747	
1.99921	6.40808	
1.99738	6.40747	
2.00073	6.40778	
2.00012	6.40747	
1.9986	6.40686	
2.00012	6.40747	
2.00195	6.40686	
2.00104	6.40747	
1.9986	6.40747	
1.99738	6.40717	
2.00012	6.40778	
2.005	6.40747	
1.99982	6.40778	
2.00043	6.40747	
2.00043	6.40747	
2.00043	6.40717	
1.99768	6.40717	
2.00104	6.40747	
1.99951	6.40717	
1.99982	6.40717	
1.99921	6.40625	
2.00104	6.40656	
2.00043	6.40717	
1.9986	6.40717	
1.99921	6.40717	
2.00104	6.40717	
1.99829	6.40686	
1.99768	6.40656	
2.0047	6.40686	
1.99615	6.40686	
2.00287	6.40778	
2.00409	6.40625	
2.00134	6.40594	
1.99768	6.40594	
1.9986	6.40533	
1.99982	6.40594	
1.99982	6.40594	
1.9989	6.40594	
2.00104	6.40564	
2.00073	6.40594	
1.9986	6.40625	
1.99524	6.40564	
1.99982	6.40533	
2.00073	6.40625	
1.99982	6.40533	
1.99951	6.40625	
1.99768	6.40564	
1.99768	6.40533	
1.99951	6.40594	
2.00134	6.40594	
2.00073	6.40594	
1.99799	6.40564	
2.00043	6.40594	
2.00043	6.40564	
1.99646	6.40594	
1.99738	6.40594	
2.00287	6.40564	
1.9986	6.40533	
1.99982	6.40625	
2.00287	6.40656	
2.00134	6.40533	
1.99768	6.40564	
1.99738	6.40564	
1.99921	6.40656	
1.99982	6.40533	
2.00073	6.40594	
1.9986	6.40625	
1.99982	6.40564	
2.00043	6.40594	
1.9989	6.40564	
1.99585	6.40594	
2.00409	6.40564	
2.00348	6.40625	
2.00012	6.40564	
2.00439	6.40564	
1.99982	6.40533	
2.00195	6.40564	
2.00104	6.40472	
1.99768	6.40564	
1.99829	6.40533	
2.00104	6.40472	
2.00134	6.40533	
2.00043	6.40503	
1.99829	6.40503	
1.9989	6.40503	
2.00134	6.40472	
1.99493	6.40381	
1.99829	6.40503	
2.00409	6.40503	
2.00226	6.40472	
1.99921	6.40503	
1.9989	6.40472	
2.00134	6.40472	
1.99982	6.40503	
1.99646	6.40472	
1.99921	6.40564	
2.00256	6.40533	
1.99982	6.40503	
2.00012	6.40472	
1.99554	6.40533	
1.99646	6.40564	
2.00073	6.40533	
2.00287	6.40442	
1.99921	6.40472	
1.99615	6.40472	
1.9989	6.40472	
1.9986	6.40503	
2.00012	6.40503	
1.99921	6.40533	
1.99982	6.40503	
1.99921	6.40533	
2.00043	6.40442	
1.99677	6.40381	
1.99585	6.40503	
2.00439	6.40503	
2.00287	6.40472	
2.00134	6.40503	
1.99677	6.40442	
1.99738	6.40472	
2.00043	6.40472	
1.99646	6.40503	
1.9989	6.40442	
2.00073	6.40564	
1.99982	6.40503	
1.9986	6.40442	
1.99829	6.40411	
1.9989	6.40411	
1.99921	6.40472	
1.99982	6.40472	
1.99463	6.40442	
1.99585	6.40472	
2.00287	6.40442	
1.99554	6.40503	
2.00256	6.40411	
2.00348	6.40503	
2.00012	6.40472	
1.99585	6.4032	
1.99829	6.40381	
1.9986	6.40289	
2.00104	6.4035	
1.99951	6.40381	
1.99829	6.40381	
1.9989	6.40411	
1.99982	6.40411	
1.99585	6.40381	
1.9986	6.40442	
1.99707	6.40411	
2.00104	6.40381	
2.00012	6.4035	
1.99554	6.4035	
1.99585	6.40411	
1.99768	6.4035	
1.9986	6.4035	
1.9986	6.4032	
2.00104	6.40381	
1.99982	6.4035	
1.99707	6.4032	
1.99951	6.40289	
1.99707	6.4035	
1.99829	6.4032	
1.99951	6.4035	
1.99799	6.4035	
2.00226	6.4035	
1.99799	6.4035	
1.99554	6.4035	
1.99677	6.4035	
2.00012	6.4032	
1.99799	6.40289	
1.99738	6.40289	
2.00012	6.40381	
1.99768	6.40289	
2.00012	6.40289	
1.99493	6.40289	
1.99799	6.4035	
2.00012	6.4032	
2.00226	6.4035	
2.00043	6.4032	
1.99677	6.40259	
1.99707	6.4032	
2.00012	6.4032	
1.99677	6.4035	
1.99799	6.4032	
1.99677	6.40381	
1.9986	6.40381	
1.9986	6.40289	
2.00378	6.40289	
2.00256	6.40289	
1.99951	6.40381	
1.99493	6.40381	
1.99707	6.40289	
1.99982	6.4032	
2.00012	6.4035	
1.99768	6.4032	
1.99921	6.40289	
1.99402	6.4032	
1.99799	6.4032	
2.00287	6.4035	
1.99677	6.40289	
1.99829	6.40381	
1.99585	6.4032	
1.99921	6.40289	
1.99707	6.40289	
1.99463	6.4035	
1.9989	6.40259	
2.00012	6.4035	
1.99829	6.4032	
1.99982	6.4032	
1.99615	6.40259	
1.99493	6.40198	
1.99982	6.40289	
2.00226	6.4035	
1.9989	6.40289	
1.99677	6.40259	
1.99768	6.40228	
1.99951	6.40228	
1.99677	6.40198	
1.99768	6.40259	
1.9986	6.40228	
1.99738	6.40198	
1.99951	6.40228	
1.99402	6.40289	
1.99738	6.40198	
2.00134	6.40259	
2.00134	6.40198	
1.99768	6.40198	
1.99615	6.40198	
1.99829	6.40228	
1.99463	6.40228	
1.99463	6.40228	
1.9986	6.40198	
1.9989	6.40198	
1.99738	6.40228	
1.99615	6.40198	
1.99799	6.40228	
1.9989	6.40198	
1.99402	6.40228	
1.99554	6.40106	
2.00012	6.40167	
1.9989	6.40137	
1.99738	6.40228	
1.99707	6.40198	
1.9989	6.40137	
1.99554	6.40167	
1.99677	6.40167	
1.99738	6.40228	
2.00012	6.40198	
1.99829	6.40198	
1.99768	6.40167	
1.99738	6.40228	
1.99585	6.40198	
1.99707	6.40167	
1.9986	6.40198	
1.99768	6.40198	
1.99707	6.40167	
2.00226	6.40198	
2.00104	6.40137	
1.99829	6.40076	
1.99585	6.40198	
1.99921	6.40198	
1.99615	6.40137	
1.99463	6.40198	
1.99707	6.40228	
1.99799	6.40228	
1.99829	6.40228	
1.99646	6.40167	
1.99738	6.40198	
1.99646	6.40259	
1.99768	6.40137	
1.99829	6.40228	
1.99341	6.40198	
1.99615	6.40198	
1.9989	6.40167	
1.99402	6.40198	
2.00073	6.40167	
1.99524	6.40076	
1.99738	6.40076	
2.00165	6.40137	
1.9989	6.40137	
1.99463	6.40106	
1.99707	6.40106	
1.99799	6.40106	
1.99554	6.40167	
1.99707	6.40167	
1.99951	6.40198	
1.99799	6.40167	
1.99554	6.40137	
1.99707	6.40228	
1.99738	6.40137	
1.99371	6.40137	
1.99554	6.40106	
2.00104	6.40076	
2.00104	6.40106	
1.99829	6.40076	
1.99493	6.40106	
1.99341	6.40045	
1.99585	6.40106	
1.99646	6.40045	
1.99707	6.40045	
1.9986	6.40106	
1.99707	6.40076	
1.99524	6.40015	
1.99707	6.40045	
1.99799	6.40045	
1.99371	6.40045	
1.99585	6.40106	
1.99829	6.40045	
1.99799	6.40045	
1.9989	6.40015	
1.99432	6.40045	
1.99738	6.40045	
1.99585	6.40045	
1.99707	6.40045	
1.99738	6.40076	
1.99463	6.40076	
1.99829	6.40045	
1.99585	6.40045	
1.99554	6.39984	
1.99829	6.40076	
1.99707	6.40015	
1.99524	6.40015	
1.99707	6.40137	
1.99768	6.40015	
1.99249	6.40076	
1.99677	6.40106	
2.00134	6.39984	
1.99432	6.40015	
1.9989	6.40076	
1.99951	6.40076	
1.99677	6.40106	
1.99615	6.40045	
1.99799	6.40076	
1.9931	6.40015	
1.99768	6.40076	
1.99493	6.40045	
1.9986	6.40045	
1.9931	6.40076	
1.99432	6.40015	
1.99524	6.40045	
1.99341	6.39984	
1.99799	6.39954	
1.99768	6.40015	
1.99554	6.40045	
1.99768	6.40015	
1.99799	6.39984	
1.99463	6.39984	
1.99554	6.40015	
1.99585	6.39984	
1.99585	6.40015	
1.99615	6.40015	
1.99585	6.40076	
1.99646	6.39984	
1.99188	6.39984	
1.99554	6.39984	
1.99982	6.39984	
1.99341	6.40015	
2.00165	6.40015	
1.99951	6.40076	
1.99677	6.40015	
1.99951	6.39954	
1.99768	6.39923	
1.99585	6.39923	
1.99371	6.39893	
1.99493	6.39984	
1.99615	6.39923	
1.99524	6.39954	
1.99799	6.40045	
1.99707	6.39984	
1.99402	6.40015	
1.99554	6.40015	
1.99677	6.40015	
1.99646	6.39984	
1.99371	6.39984	
1.99615	6.39923	
1.99402	6.39923	
1.99554	6.39954	
1.99585	6.39923	
1.99585	6.39984	
1.99463	6.39923	
1.99554	6.39862	
1.99646	6.39862	
1.99249	6.39923	
1.99585	6.39954	
1.99951	6.39923	
1.99249	6.39862	
1.99707	6.39923	
2.00073	6.39923	
1.99585	6.39923	
1.99188	6.39923	
1.99371	6.39893	
1.99646	6.39923	
1.99615	6.39923	
1.99463	6.39832	
1.99646	6.39954	
1.99615	6.39923	
1.99615	6.39954	
1.99432	6.39893	
1.99615	6.39862	
1.99585	6.39923	
1.99707	6.39954	
1.99402	6.39893	
1.99493	6.39923	
1.99066	6.39832	
1.99493	6.39893	
1.99646	6.39862	
1.9931	6.39862	
1.99432	6.39893	
1.99677	6.39893	
1.99646	6.39923	
2.00043	6.39771	
1.99524	6.39893	
1.9986	6.39862	
1.99768	6.39893	
1.9931	6.39801	
1.99707	6.39862	
1.99432	6.39862	
1.99829	6.39893	
1.99615	6.39832	
1.99707	6.39893	
1.99371	6.39862	
1.99738	6.39862	
1.99341	6.39923	
1.99738	6.39801	
1.9928	6.39862	
1.99768	6.39893	
1.99402	6.39832	
1.99646	6.39801	
1.9928	6.39801	
1.99738	6.39801	
1.99371	6.39862	
1.99585	6.39893	
1.99554	6.39893	
1.99249	6.39832	
1.99615	6.39832	
1.99463	6.39832	
1.99493	6.39801	
1.99463	6.39771	
1.99524	6.39801	
1.99738	6.39801	
1.99402	6.39832	
1.99707	6.39801	
1.99646	6.39801	
1.99738	6.3974	
1.99554	6.39801	
1.99402	6.39801	
1.99677	6.39801	
1.99463	6.39801	
1.99646	6.39862	
1.99402	6.3974	
1.99524	6.39893	
1.99341	6.39801	
1.99463	6.39862	
1.99493	6.39832	
1.99463	6.39771	
1.99585	6.3974	
1.99219	6.39801	
1.99646	6.39832	
1.99402	6.39771	
1.99341	6.39801	
1.99432	6.39801	
1.99158	6.39771	
2.00012	6.39862	
1.99371	6.39832	
1.99524	6.39801	
1.99127	6.39832	
1.99799	6.39862	
1.9928	6.39832	
1.9986	6.39771	
1.9928	6.39801	
1.99493	6.39832	
1.9931	6.3974	
1.99615	6.39771	
1.9931	6.39771	
2.00104	6.3974	
1.99188	6.3974	
2.00043	6.39771	
1.99371	6.39771	
1.99677	6.39801	
1.99402	6.39771	
1.99005	6.39709	
1.99371	6.3974	
1.99493	6.39771	
1.99463	6.39771	
1.99036	6.3974	
1.99463	6.3974	
1.98975	6.39709	
1.99493	6.39679	
1.99249	6.39679	
1.99066	6.39648	
1.99951	6.3974	
1.99097	6.39709	
1.99829	6.39709	
1.99036	6.39709	
1.99524	6.3974	
1.99951	6.39771	
1.99554	6.39679	
1.99921	6.39709	
1.9989	6.3974	
1.99524	6.39771	
1.99463	6.39709	
1.99585	6.3974	
1.99615	6.39648	
1.99188	6.39648	
1.99188	6.39709	
1.9928	6.39679	
1.99493	6.39709	
1.99188	6.39709	
1.99432	6.3974	
1.99127	6.39679	
1.99219	6.39648	
1.99585	6.3974	
1.9931	6.39648	
1.99585	6.3974	
1.99249	6.3974	
1.99432	6.39587	
1.99432	6.39648	
1.99371	6.39587	
1.99646	6.39587	
1.99493	6.39618	
1.99585	6.39648	
1.99432	6.39648	
1.99371	6.3974	
1.99463	6.39587	
1.9928	6.39587	
1.99432	6.39648	
1.9928	6.39648	
1.99432	6.39648	
1.99249	6.39679	
1.99432	6.39648	
1.99341	6.39587	
1.99463	6.39648	
1.99249	6.39679	
1.99341	6.39557	
1.99463	6.39648	
1.99493	6.39679	
1.99463	6.39557	
1.99402	6.39648	
1.99219	6.39679	
1.99463	6.39648	
1.99249	6.39679	
1.99402	6.39648	
1.99463	6.39709	
1.99432	6.39618	
1.99341	6.39587	
1.99524	6.39618	
1.99707	6.39648	
1.99371	6.39618	
1.99615	6.39587	
1.99341	6.39587	
1.99005	6.39557	
1.99341	6.39587	
1.99615	6.39648	
1.9928	6.39618	
1.99493	6.39648	
1.99738	6.39526	
1.99371	6.39679	
1.9989	6.39679	
1.99707	6.39648	
1.99158	6.39587	
1.99829	6.39648	
1.99036	6.39679	
1.99615	6.39679	
1.99066	6.39557	
1.99799	6.39679	
1.99249	6.39648	
1.99707	6.39679	
1.99341	6.39648	
1.9989	6.39587	
1.99097	6.39618	
1.99585	6.39618	
1.99127	6.39648	
1.99677	6.39557	
1.99005	6.39496	
1.99615	6.39526	
1.99005	6.39557	
1.99829	6.39526	
1.99249	6.39557	
1.98975	6.39526	
1.99554	6.39557	
1.99432	6.39435	
1.99554	6.39496	
1.99493	6.39526	
1.99341	6.39496	
1.99371	6.39496	
1.99219	6.39526	
1.99432	6.39465	
1.9928	6.39526	
1.99371	6.39404	
1.99615	6.39526	
1.99249	6.39465	
1.99524	6.39404	
1.9931	6.39435	
1.99371	6.39435	
1.99341	6.39435	
1.99554	6.39465	
1.99341	6.39465	
1.99341	6.39435	
1.9931	6.39435	
1.99493	6.39404	
1.99249	6.39435	
1.99524	6.39465	
1.99249	6.39435	
1.99463	6.39465	
1.9931	6.39526	
1.99371	6.39465	
1.99219	6.39465	
1.99402	6.39404	
1.9928	6.39435	
1.99402	6.39496	
1.99249	6.39496	
1.99554	6.39435	
1.9928	6.39465	
1.99249	6.39465	
1.9928	6.39435	
1.99341	6.39435	
1.99036	6.39404	
1.99524	6.39496	
1.99188	6.39435	
1.99402	6.39465	
1.99768	6.39496	
1.99554	6.39465	
1.99799	6.39526	
1.99768	6.39526	
1.99066	6.39404	
1.99646	6.39374	
1.9931	6.39465	
1.98853	6.39435	
1.99432	6.39374	
1.99158	6.39435	
1.99402	6.39404	
1.9928	6.39435	
1.99127	6.39465	
1.9928	6.39404	
1.99097	6.39435	
1.99432	6.39435	
1.99097	6.39343	
1.9931	6.39374	
1.99066	6.39496	
1.9928	6.39435	
1.99127	6.39496	
1.9928	6.39496	
1.99493	6.39465	
1.99219	6.39435	
1.99219	6.39435	
1.99127	6.39465	
1.99371	6.39435	
1.99219	6.39465	
1.99066	6.39313	
1.9931	6.39343	
1.99219	6.39374	
1.99158	6.39435	
1.9931	6.39343	
1.99188	6.39435	
1.99493	6.39343	
1.99219	6.39404	
1.99188	6.39404	
1.99341	6.39404	
1.99005	6.39404	
1.99402	6.39435	
1.99036	6.39343	
1.9931	6.39343	
1.99005	6.39374	
1.99036	6.39435	
1.99432	6.39374	
1.99677	6.39374	
1.99219	6.39343	
1.99493	6.39343	
1.99677	6.39374	
1.98914	6.39313	
1.99219	6.39343	
1.99249	6.39313	
1.98792	6.39343	
1.99402	6.39343	
1.9931	6.39343	
1.99036	6.39313	
1.9928	6.39404	
1.99097	6.39313	
1.9928	6.39343	
1.99188	6.39374	
1.99341	6.39343	
1.99249	6.39343	
1.99188	6.39374	
1.99341	6.39343	
1.99188	6.39343	
1.9928	6.39313	
1.9928	6.39252	
1.99005	6.39343	
1.99219	6.39313	
1.98944	6.39343	
1.99402	6.39313	
1.9928	6.39343	
1.99341	6.39252	
1.99341	6.39313	
1.99738	6.39313	
1.99188	6.39313	
1.99524	6.39374	
1.9928	6.39282	
1.99707	6.39343	
1.99738	6.39343	
1.99127	6.39343	
1.98792	6.39313	
1.99402	6.39282	
1.99005	6.39282	
1.9931	6.39343	
1.99249	6.39343	
1.99371	6.39313	
1.99219	6.39313	
1.9931	6.39282	
1.9931	6.39343	
1.98914	6.39313	
1.99219	6.39313	
1.9928	6.39404	
1.99036	6.39252	
1.99371	6.39313	
1.99249	6.39313	
1.99402	6.39343	
1.99615	6.39282	
1.99249	6.39404	
1.99677	6.39282	
1.99524	6.39343	
1.99158	6.39282	
1.99738	6.39252	
1.98944	6.39313	
1.99158	6.39221	
1.98975	6.39313	
1.98853	6.39252	
1.9928	6.39282	
1.9928	6.39252	
1.99249	6.39221	
1.99188	6.39343	
1.99249	6.39282	
1.99127	6.39282	
1.99188	6.39252	
1.99188	6.39282	
1.99341	6.39313	
1.99005	6.39313	
1.99249	6.39343	
1.99127	6.39343	
1.99005	6.39282	
1.99249	6.39282	
1.98975	6.39252	
1.99188	6.39191	
1.99341	6.39252	
1.99188	6.39191	
1.99249	6.39221	
1.99066	6.39191	
1.98853	6.39282	
1.99371	6.39252	
1.99005	6.39191	
1.9928	6.39221	
1.9931	6.39221	
1.99371	6.39221	
1.99463	6.39221	
1.99493	6.39191	
1.99707	6.39221	
1.98914	6.39191	
1.99249	6.3913	
1.99066	6.3916	
1.987	6.3913	
1.99219	6.39191	
1.98792	6.39099	
1.99127	6.39191	
1.99097	6.39252	
1.98883	6.39191	
1.99219	6.39252	
1.99036	6.39191	
1.99127	6.3916	
1.99463	6.39221	
1.99249	6.3916	
1.99341	6.39221	
1.99005	6.39191	
1.99158	6.39252	
1.99249	6.39191	
1.98975	6.39252	
1.99005	6.3913	
1.99249	6.39221	
1.98853	6.39191	
1.99341	6.39221	
1.99646	6.3916	
1.9928	6.3916	
1.99493	6.39221	
1.99524	6.39221	
1.99249	6.3913	
1.99097	6.3916	
1.99249	6.39191	
1.99158	6.3916	
1.99188	6.39191	
1.99066	6.39191	
1.99005	6.3916	
1.99219	6.3913	
1.99219	6.3916	
1.99066	6.39221	
1.99036	6.39191	
1.99066	6.3916	
1.98914	6.3916	
1.99249	6.3916	
1.98883	6.3916	
1.98944	6.39221	
1.99219	6.39099	
1.99463	6.39099	
1.99127	6.39099	
1.98944	6.39191	
1.99402	6.39099	
1.98853	6.3916	
1.98883	6.39069	
1.99005	6.39099	
1.98669	6.39099	
1.99158	6.39191	
1.9873	6.3913	
1.99188	6.3913	
1.99066	6.39221	
1.99188	6.39038	
1.99036	6.39069	
1.99158	6.3916	
1.99127	6.39038	
1.99188	6.39099	
1.99188	6.39069	
1.99341	6.39099	
1.99066	6.39099	
1.98883	6.39099	
1.99127	6.3913	
1.98792	6.3913	
1.99188	6.39069	
1.99066	6.3916	
1.98792	6.39099	
1.99188	6.3913	
1.99402	6.3913	
1.99127	6.3916	
1.99341	6.39038	
1.99554	6.39099	
1.9873	6.38977	
1.99341	6.39099	
1.99066	6.39008	
1.9873	6.3913	
1.99219	6.39069	
1.98883	6.39069	
1.99066	6.39008	
1.99005	6.39099	
1.98883	6.39038	
1.99066	6.39008	
1.98944	6.39038	
1.99005	6.39069	
1.98822	6.39038	
1.99066	6.39038	
1.98975	6.39038	
1.99097	6.39069	
1.99249	6.39038	
1.99066	6.39069	
1.99036	6.39069	
1.99158	6.38977	
1.9873	6.38947	
1.99066	6.39008	
1.99066	6.39099	
1.99066	6.39069	
1.99097	6.39008	
1.99432	6.39038	
1.99493	6.39069	
1.98822	6.39008	
1.98639	6.39069	
1.99188	6.39069	
1.99097	6.39008	
1.98975	6.39008	
1.99005	6.39069	
1.99249	6.39038	
1.98975	6.38947	
1.9931	6.39008	
1.98853	6.39099	
1.98792	6.3913	
1.98883	6.39038	
1.98761	6.38977	
1.99158	6.39099	
1.987	6.39008	
1.99036	6.39008	
1.98975	6.38947	
1.9873	6.39008	
1.99066	6.39008	
1.98822	6.39008	
1.99005	6.38977	
1.99036	6.38947	
1.99097	6.39008	
1.98639	6.39069	
1.99097	6.38947	
1.99219	6.39069	
1.99097	6.39038	
1.99341	6.39099	
1.99463	6.39099	
1.98914	6.39099	
1.9873	6.39038	
1.98883	6.39038	
1.99066	6.39099	
1.98975	6.39038	
1.99036	6.38885	
1.99097	6.38947	
1.98944	6.38977	
1.98914	6.38947	
1.99097	6.38977	
1.98792	6.38977	
1.99127	6.38947	
1.99127	6.38977	
1.99341	6.38916	
1.99219	6.38916	
1.99097	6.39008	
1.98639	6.38977	
1.99066	6.38947	
1.99188	6.39008	
1.98822	6.39008	
1.99005	6.38916	
1.98853	6.39038	
1.99066	6.38977	
1.99249	6.38977	
1.98853	6.38977	
1.98853	6.38916	
1.99097	6.38916	
1.99066	6.38947	
1.9928	6.38947	
1.99097	6.38916	
1.98639	6.38916	
1.98547	6.38855	
1.99158	6.38947	
1.99005	6.38885	
1.98792	6.38947	
1.98944	6.38885	
1.9873	6.38947	
1.99097	6.38947	
1.99005	6.38916	
1.99432	6.38947	
1.99371	6.38916	
1.98883	6.38916	
1.98578	6.38947	
1.98975	6.38885	
1.98883	6.38885	
1.98975	6.38855	
1.99005	6.38947	
1.99188	6.38947	
1.98883	6.38885	
1.98944	6.38916	
1.99097	6.38916	
1.99066	6.38916	
1.99127	6.38855	
1.98975	6.38916	
1.98761	6.38885	
1.99097	6.38947	
1.98761	6.38794	
1.98456	6.38824	
1.99066	6.38885	
1.98883	6.38885	
1.98883	6.38855	
1.98914	6.38824	
1.99127	6.38824	
1.99066	6.38824	
1.98944	6.38885	
1.99402	6.38885	
1.99341	6.38947	
1.98608	6.38824	
1.99066	6.38916	
1.98883	6.38916	
1.98792	6.38855	
1.98792	6.38855	
1.98975	6.38824	
1.99005	6.38885	
1.98853	6.38916	
1.9873	6.38794	
1.99097	6.38855	
1.9873	6.38855	
1.98608	6.38855	
1.98883	6.38885	
1.99097	6.38916	
1.99036	6.38824	
1.98914	6.38855	
1.99005	6.38855	
1.9873	6.38824	
1.98975	6.38885	
1.99066	6.38824	
1.98761	6.38824	
1.98608	6.38824	
1.98578	6.38885	
1.98944	6.38855	
1.98822	6.38855	
1.98975	6.38824	
1.99127	6.38824	
1.99005	6.38855	
1.98425	6.38855	
1.98456	6.38794	
1.98914	6.38885	
1.98944	6.38855	
1.99097	6.38794	
1.98914	6.38794	
1.98547	6.38855	
1.98608	6.38794	
1.98944	6.38855	
1.98608	6.38794	
1.98944	6.38763	
1.98792	6.38794	
1.98944	6.38794	
1.98578	6.38794	
1.98547	6.38763	
1.98883	6.38763	
1.99066	6.38763	
1.99066	6.38794	
1.98761	6.38763	
1.98975	6.38794	
1.98639	6.38824	
1.98395	6.38733	
1.98853	6.38824	
1.98914	6.38855	
1.98975	6.38794	
1.98914	6.38794	
1.98639	6.38733	
1.98761	6.38733	
1.98853	6.38824	
1.98456	6.38733	
1.98822	6.38763	
1.99219	6.38702	
1.99341	6.38824	
1.98517	6.38733	
1.98486	6.38702	
1.98608	6.38672	
1.98883	6.38763	
1.99005	6.38763	
1.98761	6.38733	
1.98669	6.38733	
1.98944	6.38733	
1.99036	6.38794	
1.98792	6.38763	
1.99158	6.38794	
1.987	6.38763	
1.98486	6.38733	
1.98822	6.38794	
1.98883	6.38763	
1.98578	6.38733	
1.98914	6.38763	
1.99036	6.38794	
1.98822	6.38824	
1.98517	6.38763	
1.98669	6.38794	
1.98883	6.38702	
1.98456	6.38763	
1.99127	6.38763	
1.98792	6.38733	
1.98395	6.38733	
1.98608	6.38824	
1.98853	6.38733	
1.98883	6.38763	
1.98853	6.38824	
1.98792	6.38794	
1.98547	6.38763	
1.98883	6.38733	
1.99249	6.38763	
1.99249	6.38733	
1.98639	6.38702	
1.98669	6.38794	
1.987	6.38702	
1.98547	6.38702	
1.98792	6.38702	
1.98761	6.38763	
1.98883	6.38733	
1.98639	6.38733	
1.98517	6.38702	
1.98517	6.38672	
1.98944	6.38702	
1.99158	6.38702	
1.99219	6.38672	
1.9873	6.38702	
1.98761	6.38672	
1.98761	6.38702	
1.98792	6.38702	
1.98578	6.38702	
1.9873	6.38611	
1.98883	6.38672	
1.98822	6.38672	
1.98547	6.38733	
1.98669	6.38702	
1.98761	6.38672	
1.98853	6.38672	
1.98853	6.38641	
1.99188	6.38702	
1.99127	6.38733	
1.98578	6.38702	
1.98547	6.38702	
1.9873	6.38672	
1.98883	6.38702	
1.98822	6.38733	
1.98669	6.38763	
1.98883	6.38672	
1.98914	6.38641	
1.98486	6.38672	
1.98456	6.38702	
1.98883	6.38672	
1.99097	6.38702	
1.99249	6.38641	
1.98761	6.38641	
1.98761	6.3858	
1.98608	6.38672	
1.98822	6.38641	
1.98975	6.38611	
1.98639	6.38733	
1.98364	6.38702	
1.98486	6.38641	
1.98761	6.38672	
1.98944	6.38733	
1.99249	6.38733	
1.98273	6.38641	
1.98242	6.38672	
1.98853	6.38611	
1.98425	6.3858	
1.98486	6.38672	
1.98761	6.3858	
1.98914	6.38672	
1.98761	6.3858	
1.98456	6.3858	
1.98395	6.38672	
1.9873	6.38611	
1.99127	6.38672	
1.99158	6.3858	
1.98425	6.38641	
1.98334	6.38519	
1.98639	6.38672	
1.987	6.38672	
1.98914	6.38672	
1.98608	6.38702	
1.98425	6.38672	
1.98334	6.38611	
1.98608	6.38611	
1.98334	6.3858	
1.9873	6.38702	
1.98578	6.38611	
1.98303	6.38519	
1.98761	6.3858	
1.98669	6.38611	
1.98914	6.38611	
1.98608	6.38611	
1.98761	6.3858	
1.99066	6.3858	
1.99127	6.3858	
1.98303	6.38641	
1.99158	6.38641	
1.987	6.3858	
1.98547	6.3858	
1.98792	6.38611	
1.9873	6.38489	
1.98547	6.38519	
1.987	6.3858	
1.98395	6.38519	
1.98761	6.38641	
1.98914	6.3858	
1.99188	6.3855	
1.99188	6.38489	
1.98578	6.38519	
1.98608	6.3855	
1.98608	6.3855	
1.9873	6.38519	
1.98517	6.38519	
1.9873	6.3858	
1.98761	6.38519	
1.98822	6.3855	
1.98547	6.38458	
1.98547	6.3855	
1.98761	6.38519	
1.98456	6.3855	
1.99249	6.38489	
1.98547	6.3858	
1.98151	6.38519	
1.987	6.3858	
1.98608	6.3858	
1.98639	6.3855	
1.98578	6.3858	
1.98425	6.3855	
1.98639	6.3855	
1.98792	6.38519	
1.98944	6.38519	
1.98792	6.38519	
1.98853	6.38489	
1.9873	6.3855	
1.98486	6.38519	
1.98822	6.3855	
1.98334	6.3855	
1.98456	6.3855	
1.98669	6.3855	
1.98975	6.38519	
1.99219	6.38672	
1.98517	6.38519	
1.98792	6.3855	
1.98578	6.38519	
1.98761	6.3858	
1.98853	6.3855	
1.98578	6.3855	
1.98486	6.38489	
1.98456	6.38458	
1.98639	6.38519	
1.98975	6.3855	
1.99036	6.38519	
1.98547	6.38458	
1.98486	6.38489	
1.98578	6.38458	
1.987	6.38519	
1.98578	6.38489	
1.98639	6.38428	
1.98761	6.38519	
1.98914	6.38458	
1.98456	6.38458	
1.98639	6.38489	
1.98639	6.3855	
1.98578	6.3855	
1.98578	6.38489	
1.98334	6.38458	
1.98364	6.38458	
1.98792	6.38458	
1.99066	6.38489	
1.98944	6.38519	
1.98608	6.38489	
1.98639	6.38489	
1.98669	6.38489	
1.98547	6.38428	
1.98486	6.38428	
1.98486	6.38428	
1.98975	6.38458	
1.98639	6.38489	
1.98639	6.38489	
1.98669	6.38397	
1.98547	6.38458	
1.98303	6.38428	
1.98975	6.38489	
1.99158	6.38489	
1.98608	6.38519	
1.98639	6.38458	
1.98883	6.38458	
1.9873	6.38428	
1.987	6.38489	
1.98273	6.38397	
1.98181	6.38458	
1.98395	6.38397	
1.98669	6.38397	
1.98242	6.38458	
1.98212	6.38397	
1.98578	6.38367	
1.98425	6.38397	
1.9809	6.38428	
1.98425	6.38397	
1.98425	6.38367	
1.98242	6.38458	
1.98303	6.38489	
1.98669	6.38489	
1.98273	6.38489	
1.98242	6.38489	
1.98608	6.38489	
1.987	6.38458	
1.98761	6.38458	
1.98761	6.38458	
1.98334	6.38397	
1.98975	6.38458	
1.98578	6.38397	
1.98669	6.38458	
1.98547	6.38458	
1.98395	6.38428	
1.98517	6.38367	
1.98517	6.38428	
1.98395	6.38458	
1.98639	6.38458	
1.9873	6.38397	
1.98181	6.38428	
1.98639	6.38458	
1.98547	6.38367	
1.9873	6.38367	
1.98547	6.38458	
1.98303	6.38397	
1.98334	6.38428	
1.98639	6.38397	
1.98334	6.38428	
1.98181	6.38428	
1.98669	6.38397	
1.98547	6.38458	
1.98761	6.38367	
1.98578	6.38458	
1.98303	6.38397	
1.98212	6.38397	
1.98669	6.38397	
1.98547	6.38428	
1.9809	6.38367	
1.98669	6.38397	
1.98547	6.38428	
1.98761	6.38397	
1.98639	6.38428	
1.98578	6.38367	
1.98761	6.38306	
1.987	6.38428	
1.98669	6.38336	
1.98517	6.38428	
1.98669	6.38367	
1.98486	6.38367	
1.98486	6.38367	
1.98242	6.38428	
1.98578	6.38397	
1.98303	6.38306	
1.98273	6.38397	
1.98578	6.38397	
1.98517	6.38428	
1.98181	6.38336	
1.98364	6.38306	
1.98608	6.38428	
1.98242	6.38397	
1.98029	6.38336	
1.98334	6.38367	
1.98578	6.38336	
1.98364	6.38306	
1.98059	6.38367	
1.9812	6.38367	
1.98425	6.38367	
1.98578	6.38397	
1.98212	6.38397	
1.98944	6.38428	
1.98669	6.38367	
1.98547	6.38367	
1.98669	6.38336	
1.98181	6.38336	
1.9873	6.38336	
1.98944	6.38306	
1.98334	6.38367	
1.98273	6.38336	
1.98334	6.38336	
1.98486	6.38306	
1.98151	6.38214	
1.98242	6.38336	
1.98456	6.38336	
1.98151	6.38336	
1.98181	6.38306	
1.98456	6.38336	
1.98456	6.38367	
1.98456	6.38306	
1.98883	6.38336	
1.98303	6.38306	
1.98425	6.38367	
1.98639	6.38336	
1.98517	6.38367	
1.9873	6.38336	
1.98425	6.38336	
1.98212	6.38336	
1.98486	6.38367	
1.98334	6.38336	
1.98456	6.38367	
1.98212	6.38367	
1.98181	6.38336	
1.98395	6.38275	
1.9809	6.38306	
1.98486	6.38306	
1.98669	6.38275	
1.98547	6.38306	
1.98486	6.38306	
1.98181	6.38214	
1.97998	6.38336	
1.98425	6.38275	
1.98517	6.38336	
1.98303	6.38306	
1.98486	6.38306	
1.98853	6.38306	
1.98517	6.38245	
1.98425	6.38275	
1.98547	6.38336	
1.98486	6.38214	
1.98517	6.38214	
1.98853	6.38336	
1.9809	6.38214	
1.98334	6.38245	
1.98364	6.38275	
1.98273	6.38245	
1.98761	6.38214	
1.9873	6.38275	
1.98517	6.38275	
1.98517	6.38214	
1.98334	6.38245	
1.98792	6.38275	
1.98181	6.38214	
1.98578	6.38184	
1.98456	6.38245	
1.98303	6.38184	
1.98608	6.38184	
1.98486	6.38245	
1.98364	6.38245	
1.97937	6.38214	
1.98273	6.38184	
1.98517	6.38153	
1.98059	6.38306	
1.98425	6.38214	
1.98822	6.38245	
1.98486	6.38306	
1.98456	6.38275	
1.98334	6.38275	
1.98303	6.38306	
1.98486	6.38245	
1.98242	6.38153	
1.98242	6.38214	
1.98608	6.38214	
1.98547	6.38214	
1.98486	6.38184	
1.98212	6.38184	
1.98059	6.38123	
1.98364	6.38214	
1.98395	6.38214	
1.98059	6.38245	
1.98547	6.38214	
1.98639	6.38245	
1.98303	6.38214	
1.98364	6.38214	
1.98639	6.38184	
1.98425	6.38214	
1.98578	6.38184	
1.98029	6.38245	
1.98395	6.38184	
1.98578	6.38184	
1.98425	6.38214	
1.98578	6.38123	
1.98883	6.38275	
1.97998	6.38214	
1.98242	6.38184	
1.98517	6.38092	
1.98151	6.38214	
1.98792	6.38214	
1.98792	6.38184	
1.98395	6.38214	
1.98334	6.38214	
1.98578	6.38184	
1.98303	6.38275	
1.98364	6.38214	
1.98273	6.38184	
1.98334	6.38245	
1.98517	6.38214	
1.98456	6.38214	
1.98395	6.38214	
1.98212	6.38153	
1.98395	6.38153	
1.98456	6.38275	
1.98456	6.38214	
1.98486	6.38214	
1.98273	6.38214	
1.98242	6.38184	
1.98486	6.38184	
1.98029	6.38184	
1.98273	6.38214	
1.98181	6.38153	
1.98273	6.38245	
1.98273	6.38153	
1.98395	6.38123	
1.98517	6.38184	
1.98669	6.38275	
1.98059	6.38092	
1.98334	6.38123	
1.98395	6.38123	
1.98273	6.38153	
1.9809	6.38184	
1.98303	6.38184	
1.98303	6.38275	
1.98242	6.38184	
1.98395	6.38184	
1.98242	6.38245	
1.98395	6.38184	
1.98486	6.38153	
1.98608	6.38184	
1.98486	6.38184	
1.98486	6.38123	
1.97998	6.38092	
1.9809	6.38092	
1.98456	6.38123	
1.98242	6.38214	
1.98242	6.38092	
1.98242	6.38153	
1.98303	6.38153	
1.98364	6.38092	
1.98059	6.38153	
1.97968	6.38062	
1.98242	6.38062	
1.98395	6.38123	
1.9809	6.38153	
1.98639	6.38092	
1.98883	6.38123	
1.98395	6.38092	
1.98425	6.38062	
1.9809	6.38092	
1.9809	6.38123	
1.98853	6.38184	
1.98425	6.38123	
1.98334	6.38062	
1.98547	6.38062	
1.98486	6.38031	
1.98486	6.38092	
1.98486	6.38031	
1.97815	6.38062	
1.98273	6.38031	
1.98334	6.38	
1.98059	6.38062	
1.98792	6.38	
1.98425	6.38123	
1.98273	6.38062	
1.98212	6.38123	
1.98212	6.38092	
1.9809	6.38092	
1.98334	6.38092	
1.98395	6.38123	
1.98425	6.38062	
1.98334	6.38123	
1.97876	6.38092	
1.98151	6.38062	
1.98273	6.38062	
1.98425	6.38062	
1.98212	6.38092	
1.98639	6.38123	
1.987	6.38031	
1.98395	6.3797	
1.98303	6.38062	
1.97906	6.38031	
1.98334	6.38031	
1.98425	6.38092	
1.98364	6.38062	
1.98395	6.38031	
1.9812	6.38092	
1.97998	6.38092	
1.98395	6.38031	
1.9809	6.38062	
1.98181	6.38092	
1.98425	6.38	
1.97968	6.38092	
1.98853	6.38092	
1.98212	6.38031	
1.98303	6.38031	
1.98456	6.38031	
1.98273	6.38153	
1.98395	6.38031	
1.98517	6.38062	
1.98029	6.37939	
1.98334	6.38	
1.98364	6.38092	
1.98029	6.38062	
1.98151	6.38031	
1.98303	6.38	
1.98364	6.38062	
1.98364	6.38092	
1.97998	6.38092	
1.97906	6.38	
1.98242	6.38031	
1.98181	6.38	
1.98334	6.38031	
1.98395	6.38	
1.98273	6.38031	
1.98425	6.38062	
1.97968	6.38031	
1.97937	6.38	
1.98029	6.37939	
1.98151	6.38031	
1.98059	6.38062	
1.987	6.38031	
1.98456	6.38	
1.98395	6.38031	
1.98303	6.38031	
1.98334	6.38	
1.98334	6.37939	
1.98334	6.3797	
1.9809	6.38	
1.98242	6.38	
1.98364	6.38	
1.97968	6.38	
1.98334	6.3797	
1.98303	6.37939	
1.98212	6.38	
1.98334	6.38	
1.97998	6.38031	
1.9873	6.38	
1.98395	6.38	
1.98334	6.38062	
1.98029	6.38	
1.98639	6.38	
1.98334	6.38031	
1.98273	6.37939	
1.98303	6.37939	
1.97937	6.38	
1.98364	6.3797	
1.98517	6.38	
1.98395	6.3797	
1.98273	6.3797	
1.97906	6.38031	
1.987	6.37939	
1.98761	6.37878	
1.98303	6.37939	
1.98303	6.37939	
1.97906	6.3797	
1.98151	6.37909	
1.98639	6.3797	
1.98334	6.3797	
1.98212	6.37878	
1.97998	6.37878	
1.98273	6.37939	
1.98639	6.37909	
1.98181	6.37909	
1.98181	6.37939	
1.98303	6.37909	
1.98059	6.37939	
1.98303	6.37939	
1.98059	6.3797	
1.97876	6.37939	
1.98059	6.3797	
1.9809	6.37909	
1.97998	6.37909	
1.97906	6.37878	
1.98364	6.37939	
1.98303	6.37939	
1.98303	6.37939	
1.97906	6.37909	
1.98578	6.3797	
1.97998	6.3797	
1.98151	6.3797	
1.98059	6.37939	
1.98334	6.37939	
1.97998	6.37939	
1.97693	6.37939	
1.9812	6.37878	
1.98303	6.37878	
1.97968	6.37909	
1.98608	6.37909	
1.98364	6.37909	
1.98303	6.38	
1.98212	6.37909	
1.97845	6.37939	
1.97937	6.3797	
1.98181	6.37909	
1.97784	6.37939	
1.9812	6.3797	
1.98273	6.37939	
1.98273	6.37939	
1.98242	6.37909	
1.97876	6.38	
1.9812	6.37909	
1.98364	6.37909	
1.98242	6.37909	
1.98242	6.38	
1.97845	6.3797	
1.98029	6.37909	
1.97998	6.37909	
1.98212	6.37939	
1.97815	6.37909	
1.98059	6.37909	
1.98608	6.37909	
1.98242	6.3797	
1.98181	6.37848	
1.98273	6.37909	
1.9809	6.37878	
1.98273	6.37878	
1.98334	6.37848	
1.97815	6.37878	
1.97998	6.37878	
1.98212	6.37909	
1.97937	6.37939	
1.98425	6.37939	
1.97601	6.37909	
1.97998	6.37817	
1.9809	6.37909	
1.98303	6.37909	
1.98151	6.37909	
1.97937	6.37909	
1.9809	6.3797	
1.98151	6.37848	
1.98242	6.37817	
1.97784	6.37817	
1.97968	6.37848	
1.9812	6.37909	
1.98273	6.37878	
1.98212	6.37787	
1.98029	6.37848	
1.97754	6.37848	
1.97998	6.37848	
1.98059	6.37878	
1.97998	6.37817	
1.98547	6.37848	
1.97815	6.37787	
1.9809	6.37817	
1.98029	6.37848	
1.9812	6.37848	
1.98486	6.37848	
1.97845	6.37787	
1.97937	6.37848	
1.98029	6.37817	
1.98273	6.37848	
1.97968	6.37878	
1.97937	6.37909	
1.98303	6.37817	
1.9812	6.37848	
1.98151	6.37848	
1.97906	6.37848	
1.97968	6.37939	
1.98212	6.37817	
1.97723	6.37817	
1.98334	6.37878	
1.9812	6.37909	
1.98059	6.37817	
1.97906	6.37878	
1.98395	6.37878	
1.9754	6.37878	
1.98059	6.37878	
1.98181	6.37817	
1.9812	6.37878	
1.97784	6.37817	
1.97968	6.37848	
1.9809	6.37878	
1.98029	6.37909	
1.9812	6.37848	
1.9809	6.37878	
1.97754	6.37848	
1.9809	6.37787	
1.98029	6.37787	
1.98151	6.37756	
1.97845	6.37848	
1.97968	6.37878	
1.98212	6.37756	
1.98181	6.37787	
1.98212	6.37848	
1.97693	6.37726	
1.98029	6.37756	
1.9809	6.37817	
1.97693	6.37848	
1.9812	6.37787	
1.97968	6.37848	
1.98029	6.37787	
1.97754	6.37787	
1.98242	6.37787	
1.98547	6.37817	
1.98059	6.37817	
1.98029	6.37848	
1.98059	6.37787	
1.98364	6.37787	
1.98273	6.37817	
1.98059	6.37787	
1.97845	6.37726	
1.9812	6.37817	
1.97632	6.37756	
1.98029	6.37756	
1.9809	6.37756	
1.97937	6.37756	
1.98364	6.37756	
1.9809	6.37756	
1.97845	6.37787	
1.9809	6.37787	
1.97906	6.37787	
1.97937	6.37848	
1.9812	6.37817	
1.9809	6.37817	
1.97876	6.37787	
1.97845	6.37878	
1.97876	6.37848	
1.97693	6.37817	
1.97662	6.37787	
1.98151	6.37787	
1.97784	6.37817	
1.97845	6.37756	
1.97876	6.37787	
1.97693	6.37817	
1.97937	6.37726	
1.9809	6.37695	
1.98029	6.37817	
1.98303	6.37909	
1.98059	6.37726	
1.97998	6.37787	
1.97632	6.37695	
1.98334	6.37817	
1.98059	6.37817	
1.97906	6.37787	
1.97906	6.37726	
1.97937	6.37817	
1.97723	6.37756	
1.97937	6.37756	
1.98059	6.37726	
1.97968	6.37756	
1.97937	6.37726	
1.97906	6.37695	
1.97906	6.37756	
1.97601	6.37726	
1.98303	6.37756	
1.97662	6.37756	
1.98029	6.37726	
1.97754	6.37756	
1.97906	6.37726	
1.98029	6.37726	
1.97998	6.37695	
1.97754	6.37695	
1.97723	6.37726	
1.97968	6.37787	
1.98059	6.37726	
1.97723	6.37726	
1.98364	6.37695	
1.98029	6.37695	
1.97876	6.37695	
1.9809	6.37756	
1.97937	6.37787	
1.97845	6.37634	
1.9812	6.37695	
1.97906	6.37756	
1.98029	6.37726	
1.97784	6.37726	
1.97937	6.37665	
1.97784	6.37726	
1.97906	6.37695	
1.98334	6.37756	
1.97998	6.37695	
1.97906	6.37604	
1.97937	6.37604	
1.98242	6.37695	
1.97876	6.37665	
1.97815	6.37665	
1.98151	6.37726	
1.98029	6.37726	
1.97906	6.37695	
1.97784	6.37665	
1.97968	6.37756	
1.9751	6.37695	
1.97876	6.37726	
1.97693	6.37695	
1.97937	6.37634	
1.98059	6.37695	
1.97754	6.37695	
1.98059	6.37695	
1.98029	6.37695	
1.97571	6.37695	
1.97815	6.37726	
1.97571	6.37665	
1.98273	6.37695	
1.97815	6.37665	
1.97693	6.37726	
1.97906	6.37665	
1.97968	6.37695	
1.97845	6.37604	
1.97968	6.37573	
1.97601	6.37604	
1.98181	6.37634	
1.9754	6.37634	
1.97754	6.37634	
1.97906	6.37695	
1.97876	6.37604	
1.97784	6.37665	
1.97937	6.37634	
1.97601	6.37604	
1.98242	6.37634	
1.97449	6.37604	
1.97998	6.37695	
1.97876	6.37634	
1.98212	6.37665	
1.97876	6.37665	
1.97968	6.37634	
1.97693	6.37604	
1.97784	6.37634	
1.97876	6.37573	
1.97723	6.37634	
1.9812	6.37634	
1.9812	6.37665	
1.97754	6.37634	
1.97876	6.37665	
1.97784	6.37604	
1.97845	6.37604	
1.97968	6.37695	
1.9751	6.37634	
1.98242	6.37665	
1.97632	6.37634	
1.97906	6.37665	
1.97906	6.37573	
1.97815	6.37665	
1.97784	6.37634	
1.97815	6.37665	
1.97479	6.37634	
1.97906	6.37634	
1.97815	6.37604	
1.97693	6.37665	
1.97815	6.37695	
1.97937	6.37634	
1.97449	6.37634	
1.97601	6.37695	
1.97815	6.37665	
1.97784	6.37695	
1.98029	6.37665	
1.98029	6.37695	
1.97418	6.37573	
1.97784	6.37634	
1.97784	6.37573	
1.98242	6.37695	
1.97784	6.37634	
1.97693	6.37604	
1.97906	6.37573	
1.97754	6.37634	
1.97876	6.37604	
1.9751	6.37604	
1.9812	6.37695	
1.97662	6.37634	
1.97968	6.37634	
1.9751	6.37634	
1.98212	6.37573	
1.97693	6.37543	
1.97968	6.37604	
1.97876	6.37634	
1.97449	6.37573	
1.97906	6.37543	
1.97815	6.37634	
1.97479	6.37543	
1.9809	6.37543	
1.97876	6.37512	
1.97693	6.37573	
1.97815	6.37543	
1.97723	6.37573	
1.97784	6.37573	
1.9754	6.37543	
1.97845	6.37512	
1.98334	6.37573	
1.97876	6.37543	
1.97693	6.37543	
1.97845	6.37573	
1.97693	6.37512	
1.97784	6.37543	
1.97662	6.37512	
1.9754	6.37573	
1.9812	6.37573	
1.97601	6.37604	
1.97601	6.37604	
1.97723	6.37573	
1.97662	6.37543	
1.97754	6.37573	
1.97632	6.37604	
1.9812	6.37543	
1.97388	6.37512	
1.97601	6.37573	
1.97845	6.37573	
1.97693	6.37543	
1.97723	6.37543	
1.97784	6.37543	
1.97449	6.37543	
1.98273	6.37543	
1.97357	6.37573	
1.97845	6.37573	
1.97876	6.37573	
1.98151	6.37543	
1.97876	6.37543	
1.97784	6.37604	
1.97662	6.37543	
1.97449	6.37482	
1.97449	6.37573	
1.97906	6.37573	
1.9754	6.37482	
1.98212	6.37512	
1.97815	6.37573	
1.97876	6.37543	
1.97876	6.37573	
1.97449	6.37604	
1.97632	6.37512	
1.97418	6.37482	
1.97479	6.37573	
1.98212	6.37543	
1.97632	6.37512	
1.97601	6.37512	
1.97754	6.37543	
1.97327	6.37512	
1.97815	6.37543	
1.9751	6.37482	
1.98181	6.37573	
1.97296	6.37421	
1.97754	6.37482	
1.97784	6.37543	
1.98029	6.37543	
1.97632	6.37573	
1.97754	6.37451	
1.97571	6.37482	
1.98181	6.37543	
1.97357	6.37482	
1.9751	6.37512	
1.97998	6.37604	
1.97601	6.37512	
1.9751	6.37512	
1.97845	6.37573	
1.97784	6.37482	
1.97845	6.37482	
1.97784	6.37482	
1.97754	6.37451	
1.97266	6.37512	
1.97632	6.37543	
1.97876	6.37512	
1.97418	6.37543	
1.97632	6.37604	
1.97571	6.37543	
1.97327	6.37543	
1.97662	6.37512	
1.9754	6.37604	
1.97662	6.37604	
1.97876	6.37543	
1.97479	6.37543	
1.97784	6.37573	
1.97418	6.37482	
1.97601	6.37482	
1.9754	6.37543	
1.97784	6.37512	
1.97662	6.37482	
1.97723	6.37512	
1.97693	6.37573	
1.97815	6.37573	
1.97632	6.37543	
1.97327	6.37512	
1.97601	6.37604	
1.97632	6.37543	
1.97906	6.37543	
1.97388	6.37512	
1.97418	6.37573	
1.97693	6.37482	
1.97632	6.37482	
1.97815	6.37482	
1.97632	6.37543	
1.97784	6.37512	
1.97601	6.37482	
1.97662	6.37482	
1.97357	6.37482	
1.97968	6.37482	
1.97784	6.37512	
1.97723	6.37451	
1.97601	6.37543	
1.98151	6.37482	
1.97754	6.37451	
1.9754	6.37451	
1.97784	6.37512	
1.97601	6.37451	
1.97723	6.37543	
1.97449	6.37512	
1.9809	6.37482	
1.97144	6.37451	
1.97906	6.37482	
1.97357	6.37421	
1.98151	6.37482	
1.97784	6.37421	
1.97601	6.3739	
1.97693	6.37421	
1.97327	6.37421	
1.97693	6.37482	
1.97418	6.37421	
1.9812	6.37482	
1.97632	6.37421	
1.9754	6.37451	
1.97754	6.37421	
1.97723	6.37482	
1.97662	6.37421	
1.97723	6.37421	
1.9751	6.3739	
1.97357	6.37421	
1.97327	6.37451	
1.97784	6.37421	
1.97418	6.37451	
1.98151	6.37451	
1.97571	6.3736	
1.9754	6.3739	
1.97784	6.3739	
1.97693	6.37451	
1.97662	6.37421	
1.97327	6.37482	
1.97845	6.3739	
1.97388	6.3739	
1.97632	6.37329	
1.97571	6.37329	
1.9809	6.37421	
1.97571	6.3736	
1.97601	6.3736	
1.9754	6.37451	
1.97632	6.3739	
1.97693	6.3736	
1.97296	6.3736	
1.97754	6.3739	
1.97479	6.37421	
1.97784	6.37421	
1.97327	6.3739	
1.98059	6.37329	
1.97662	6.3739	
1.97571	6.37421	
1.97662	6.37421	
1.97601	6.37421	
1.97693	6.37421	
1.97449	6.37451	
1.97296	6.37421	
1.97601	6.37451	
1.97601	6.3739	
1.97968	6.3739	
1.97479	6.3739	
1.97845	6.37421	
1.97754	6.37421	
1.97327	6.3739	
1.97723	6.37421	
1.97784	6.3736	
1.97083	6.37421	
1.97754	6.37451	
1.97296	6.3739	
1.97754	6.37421	
1.97388	6.3739	
1.97693	6.3739	
1.97693	6.3739	
1.97662	6.3739	
1.9751	6.3736	
1.97571	6.37421	
1.9751	6.37299	
1.97571	6.3736	
1.97693	6.37451	
1.97235	6.37329	
1.97571	6.3736	
1.9754	6.37299	
1.97479	6.37329	
1.97479	6.37329	
1.97357	6.37329	
1.97144	6.3736	
1.9751	6.3736	
1.97388	6.3739	
1.97144	6.37329	
1.9754	6.3739	
1.97388	6.3739	
1.97662	6.37329	
1.97388	6.37299	
1.97693	6.3739	
1.98029	6.3739	
1.97174	6.3736	
1.97632	6.3736	
1.9809	6.3739	
1.97479	6.3739	
1.97357	6.3736	
1.97845	6.37451	
1.9751	6.37329	
1.9754	6.37329	
1.97876	6.37299	
1.97083	6.37299	
1.97662	6.37329	
1.97174	6.3736	
1.97845	6.37299	
1.97357	6.37299	
1.97632	6.37329	
1.97968	6.37299	
1.97235	6.37268	
1.9751	6.37299	
1.9751	6.37329	
1.9754	6.37299	
1.9751	6.37238	
1.97571	6.3736	
1.97479	6.37299	
1.97632	6.3736	
1.97296	6.37329	
1.97235	6.3736	
1.97571	6.37299	
1.97296	6.37299	
1.97845	6.37268	
1.97357	6.37238	
1.97601	6.37268	
1.97662	6.37268	
1.97113	6.37268	
1.97693	6.37268	
1.97205	6.37207	
1.97418	6.37299	
1.97266	6.3739	
1.97571	6.37299	
1.97876	6.37329	
1.97449	6.37268	
1.97266	6.37329	
1.97815	6.37299	
1.97327	6.37329	
1.97662	6.37268	
1.97754	6.37299	
1.97601	6.3736	
1.97479	6.37238	
1.97571	6.3739	
1.9751	6.3739	
1.97418	6.3736	
1.97418	6.3736	
1.97449	6.37299	
1.9754	6.37299	
1.97571	6.37238	
1.97113	6.37299	
1.97418	6.37268	
1.97388	6.37329	
1.97876	6.37299	
1.97144	6.37268	
1.9754	6.37299	
1.97174	6.37299	
1.97937	6.37268	
1.97266	6.3736	
1.97418	6.37299	
1.97479	6.37329	
1.97388	6.37268	
1.97571	6.37329	
1.97601	6.3736	
1.97113	6.37238	
1.97571	6.37329	
1.97235	6.37268	
1.97449	6.37329	
1.97479	6.37268	
1.97235	6.37238	
1.97662	6.37268	
1.9751	6.37268	
1.97327	6.37299	
1.97113	6.37268	
1.97449	6.37329	
1.97174	6.37299	
1.97693	6.37299	
1.9754	6.37268	
1.97662	6.37238	
1.97205	6.37268	
1.97266	6.37207	
1.97754	6.37299	
1.97968	6.37299	
1.9751	6.37299	
1.97327	6.37268	
1.97906	6.37299	
1.97113	6.37268	
1.97571	6.37207	
1.97052	6.37207	
1.97449	6.37207	
1.9754	6.37268	
1.97418	6.37207	
1.97662	6.37207	
1.97388	6.37177	
1.9751	6.37207	
1.97784	6.37207	
1.9754	6.37238	
1.97266	6.37177	
1.97479	6.37268	
1.97571	6.37238	
1.97357	6.37268	
1.9754	6.37238	
1.9751	6.37329	
1.97388	6.37177	
1.9754	6.37238	
1.97235	6.37238	
1.97571	6.37115	
1.97052	6.37238	
1.97021	6.37207	
1.97327	6.37177	
1.97266	6.37207	
1.97327	6.37299	
1.97327	6.37207	
1.97601	6.37177	
1.97235	6.37238	
1.97449	6.37207	
1.97235	6.37268	
1.97571	6.37299	
1.97937	6.37177	
1.97357	6.37207	
1.97479	6.37177	
1.97784	6.37207	
1.97174	6.37207	
1.97571	6.37207	
1.97784	6.37268	
1.97235	6.37207	
1.9754	6.37207	
1.97815	6.37177	
1.97205	6.37238	
1.97357	6.37207	
1.97327	6.37207	
1.9751	6.37299	
1.97357	6.37238	
1.97479	6.37238	
1.97388	6.37238	
1.97296	6.37268	
1.97479	6.37299	
1.97357	6.37177	
1.97479	6.37177	
1.9754	6.37115	
1.97144	6.37238	
1.97357	6.37146	
1.97113	6.37207	
1.97388	6.37207	
1.97418	6.37207	
1.97052	6.37207	
1.97662	6.37207	
1.97296	6.37207	
1.97418	6.37146	
1.97815	6.37177	
1.97449	6.37207	
1.97174	6.37146	
1.97784	6.37238	
1.97388	6.37177	
1.97052	6.37207	
1.97754	6.37207	
1.97357	6.37177	
1.97388	6.37146	
1.97601	6.37207	
1.97266	6.37177	
1.97296	6.37238	
1.97845	6.37146	
1.97388	6.37207	
1.97083	6.37207	
1.9693	6.37115	
1.97388	6.37146	
1.97052	6.37085	
1.97784	6.37177	
1.97388	6.37146	
1.9754	6.37207	
1.97632	6.37177	
1.97266	6.37146	
1.97174	6.37146	
1.97723	6.37207	
1.97083	6.37115	
1.97601	6.37207	
1.97662	6.37177	
1.97052	6.37115	
1.97449	6.37146	
1.97083	6.37115	
1.96899	6.37085	
1.97327	6.37146	
1.97662	6.37115	
1.97357	6.37115	
1.9754	6.37146	
1.97052	6.37146	
1.97479	6.37146	
1.97205	6.37177	
1.97449	6.37146	
1.97296	6.37115	
1.97174	6.37146	
1.97174	6.37146	
1.97357	6.37146	
1.97266	6.37054	
1.97601	6.37115	
1.96991	6.37115	
1.9751	6.37115	
1.97052	6.37115	
1.97571	6.37085	
1.97235	6.37146	
1.97388	6.37115	
1.97784	6.37115	
1.97266	6.37085	
1.9754	6.37146	
1.97815	6.37115	
1.97113	6.37115	
1.97144	6.37146	
1.97113	6.37085	
1.97357	6.37085	
1.97052	6.37115	
1.97144	6.37146	
1.97174	6.37115	
1.97235	6.37085	
1.97784	6.37146	
1.97113	6.37146	
1.97205	6.37146	
1.96869	6.37115	
1.97571	6.37146	
1.97144	6.37115	
1.97418	6.37146	
1.97235	6.37054	
1.97479	6.37115	
1.97327	6.37146	
1.97266	6.37115	
1.97418	6.37085	
1.97388	6.37024	
1.97418	6.37146	
1.97144	6.37146	
1.97266	6.37085	
1.97388	6.37085	
1.97174	6.37115	
1.97235	6.37146	
1.97205	6.37146	
1.97418	6.37085	
1.97327	6.37085	
1.97144	6.37085	
1.97357	6.37085	
1.97113	6.37085	
1.9693	6.37085	
1.97327	6.37024	
1.96991	6.37115	
1.97723	6.37054	
1.97327	6.37085	
1.97479	6.37054	
1.97784	6.36993	
1.96899	6.37024	
1.97357	6.37024	
1.97083	6.37115	
1.97266	6.37054	
1.96991	6.37054	
1.97083	6.37085	
1.97266	6.37146	
1.96991	6.37085	
1.97052	6.37054	
1.97418	6.37054	
1.97266	6.37054	
1.97052	6.37085	
1.97266	6.37054	
1.97327	6.37054	
1.97205	6.37085	
1.97327	6.37024	
1.97388	6.37024	
1.97205	6.36993	
1.97357	6.37054	
1.97205	6.37054	
1.97144	6.36932	
1.97266	6.37024	
1.97327	6.37054	
1.97357	6.37085	
1.97083	6.37054	
1.97296	6.37085	
1.97144	6.37024	
1.97021	6.37054	
1.97113	6.37054	
1.97113	6.37024	
1.96991	6.37085	
1.9693	6.36993	
1.97449	6.37054	
1.9754	6.37085	
1.97296	6.37085	
1.9693	6.37054	
1.9693	6.37054	
1.97357	6.36993	
1.97449	6.36993	
1.97327	6.37054	
1.97205	6.37054	
1.97296	6.36993	
1.97235	6.37085	
1.97327	6.37024	
1.97296	6.37054	
1.97327	6.37085	
1.97266	6.37024	
1.97266	6.37085	
1.97357	6.37115	
1.97235	6.36993	
1.97174	6.36993	
1.97357	6.36993	
1.97174	6.37054	
1.97266	6.36993	
1.97266	6.37024	
1.97357	6.37024	
1.97571	6.36993	
1.97174	6.36993	
1.97388	6.37024	
1.97662	6.36993	
1.97083	6.36993	
1.97327	6.37024	
1.9754	6.37054	
1.97296	6.37024	
1.97205	6.37085	
1.97235	6.37024	
1.97357	6.37054	
1.97357	6.36963	
1.97571	6.37024	
1.97052	6.37054	
1.97632	6.37085	
1.97052	6.37054	
1.9696	6.37024	
1.97662	6.37024	
1.96716	6.36932	
1.97327	6.36932	
1.97571	6.36993	
1.96991	6.36932	
1.9693	6.36993	
1.96869	6.36932	
1.97235	6.36932	
1.97266	6.36902	
1.9696	6.37024	
1.97205	6.36963	
1.97113	6.36963	
1.96747	6.36963	
1.97205	6.37024	
1.96808	6.37024	
1.9751	6.37024	
1.97174	6.36993	
1.97113	6.36963	
1.97388	6.36993	
1.96686	6.37024	
1.97205	6.36963	
1.97632	6.36993	
1.96808	6.36993	
1.97296	6.36993	
1.96808	6.36963	
1.97479	6.37024	
1.9693	6.36932	
1.97357	6.36932	
1.97632	6.37024	
1.9693	6.36932	
1.96899	6.37024	
1.97327	6.36993	
1.97174	6.36963	
1.9696	6.36963	
1.97357	6.37024	
1.97021	6.37024	
1.97266	6.37024	
1.97571	6.36932	
1.9693	6.36932	
1.97357	6.37054	
1.97632	6.36963	
1.9696	6.36993	
1.96899	6.36993	
1.97205	6.36963	
1.96991	6.36993	
1.97083	6.36932	
1.97418	6.37024	
1.97083	6.36963	
1.9693	6.36993	
1.97662	6.36993	
1.97083	6.36932	
1.97144	6.36963	
1.97693	6.37024	
1.97174	6.36993	
1.97052	6.36932	
1.97235	6.36932	
1.97205	6.36993	
1.9696	6.36932	
1.97021	6.36993	
1.97144	6.36932	
1.96991	6.36902	
1.97266	6.36963	
1.97052	6.36902	
1.97205	6.36902	
1.97021	6.37054	
1.9696	6.36871	
1.97113	6.36902	
1.96808	6.36932	
1.97205	6.36932	
1.9696	6.36993	
1.97113	6.37024	
1.97388	6.36932	
1.96899	6.36963	
1.9693	6.36871	
1.97327	6.36902	
1.97021	6.36871	
1.97052	6.36993	
1.97296	6.36993	
1.97144	6.36902	
1.96777	6.36932	
1.96716	6.36841	
1.97205	6.36841	
1.97174	6.36841	
1.97235	6.36993	
1.96899	6.36871	
1.96991	6.36902	
1.97144	6.36932	
1.97113	6.36932	
1.97174	6.36932	
1.97296	6.36932	
1.97052	6.36902	
1.97052	6.36932	
1.97052	6.36871	
1.97174	6.36841	
1.97174	6.36871	
1.96899	6.36871	
1.97205	6.36902	
1.97327	6.36871	
1.97113	6.36932	
1.97174	6.36871	
1.97388	6.36902	
1.96899	6.36902	
1.97205	6.36871	
1.97296	6.36871	
1.97052	6.36932	
1.97174	6.36902	
1.97235	6.36902	
1.9696	6.36841	
1.97235	6.36932	
1.97327	6.36841	
1.97052	6.36932	
1.97296	6.36902	
1.97021	6.36963	
1.97174	6.36841	
1.96991	6.36871	
1.97083	6.3681	
1.96747	6.3681	
1.96777	6.36871	
1.96991	6.36841	
1.96869	6.36902	
1.96716	6.36841	
1.97113	6.36871	
1.97205	6.36871	
1.9696	6.36871	
1.97174	6.36871	
1.97144	6.36902	
1.9693	6.36902	
1.97205	6.36902	
1.97205	6.36841	
1.96991	6.36902	
1.97174	6.36902	
1.97205	6.36871	
1.96747	6.36871	
1.97174	6.36871	
1.97113	6.36902	
1.97144	6.36871	
1.97113	6.36963	
1.9696	6.36902	
1.97174	6.36871	
1.97235	6.36902	
1.97479	6.36932	
1.96838	6.36871	
1.96716	6.36932	
1.96503	6.3681	
1.97235	6.36902	
1.97296	6.36871	
1.96808	6.3681	
1.96747	6.36932	
1.97418	6.36871	
1.96869	6.36902	
1.96869	6.3681	
1.97113	6.36932	
1.9696	6.36902	
1.96747	6.36841	
1.96686	6.36841	
1.96991	6.36871	
1.96808	6.36871	
1.97021	6.36871	
1.9696	6.36932	
1.96838	6.36902	
1.96686	6.36871	
1.97083	6.36932	
1.97174	6.36871	
1.97052	6.36871	
1.97052	6.36902	
1.97113	6.36871	
1.97021	6.36902	
1.97052	6.36871	
1.97571	6.36932	
1.96869	6.36841	
1.9696	6.36841	
1.96594	6.3681	
1.97113	6.36871	
1.97418	6.36841	
1.96625	6.3681	
1.97266	6.3681	
1.97144	6.36871	
1.9696	6.3681	
1.9693	6.3681	
1.96686	6.36841	
1.97021	6.3681	
1.97144	6.36902	
1.97113	6.3681	
1.9693	6.3681	
1.97021	6.36871	
1.97144	6.3681	
1.9696	6.36841	
1.96869	6.3681	
1.97205	6.3681	
1.97205	6.3678	
1.9693	6.36841	
1.96899	6.3681	
1.97052	6.36841	
1.9696	6.36871	
1.96838	6.3681	
1.97327	6.3681	
1.97021	6.3678	
1.96838	6.36871	
1.97205	6.36871	
1.96899	6.36871	
1.96686	6.36871	
1.97357	6.36841	
1.96869	6.36841	
1.96808	6.3681	
1.96533	6.3681	
1.9696	6.36841	
1.97205	6.3681	
1.9693	6.36841	
1.96838	6.3678	
1.96869	6.36871	
1.96991	6.3678	
1.97144	6.36871	
1.97052	6.36841	
1.9696	6.36841	
1.96625	6.36871	
1.96472	6.36841	
1.97021	6.36749	
1.97235	6.3681	
1.96899	6.36841	
1.96808	6.36841	
1.9696	6.36902	
1.97021	6.3678	
1.97052	6.36841	
1.97021	6.36902	
1.97021	6.3681	
1.97052	6.3681	
1.97083	6.36841	
1.97266	6.3678	
1.96899	6.3678	
1.96686	6.36749	
1.9693	6.36719	
1.96991	6.36749	
1.96991	6.3678	
1.97052	6.3681	
1.9696	6.3681	
1.96442	6.3681	
1.97174	6.36749	
1.97388	6.36841	
1.96991	6.36841	
1.9693	6.36749	
1.97052	6.3681	
1.96838	6.3678	
1.97205	6.3678	
1.96899	6.3681	
1.97052	6.3681	
1.96869	6.3681	
1.97083	6.3681	
1.96991	6.3678	
1.9696	6.36749	
1.96716	6.36749	
1.96869	6.36719	
1.9696	6.36719	
1.97083	6.36719	
1.96747	6.36719	
1.96869	6.36688	
1.96899	6.3678	
1.96869	6.36749	
1.96991	6.3678	
1.97418	6.3678	
1.96991	6.3678	
1.96808	6.3678	
1.9696	6.36688	
1.96655	6.36688	
1.96808	6.3678	
1.96869	6.36749	
1.97144	6.3678	
1.96838	6.36688	
1.96686	6.36749	
1.96533	6.3678	
1.96991	6.3678	
1.97174	6.3681	
1.96869	6.3678	
1.96655	6.36749	
1.96777	6.36749	
1.97021	6.3681	
1.97052	6.36749	
1.97052	6.36749	
1.96899	6.3678	
1.97327	6.36688	
1.96838	6.36688	
1.96716	6.3678	
1.96991	6.36749	
1.9696	6.36658	
1.97357	6.36719	
1.9693	6.36749	
1.96625	6.36719	
1.96655	6.36627	
1.96991	6.36658	
1.9693	6.36658	
1.96991	6.36719	
1.96777	6.36719	
1.96899	6.36658	
1.96716	6.36719	
1.9693	6.36749	
1.96869	6.36688	
1.9696	6.36688	
1.97235	6.36719	
1.96808	6.36719	
1.97083	6.3681	
1.96838	6.36688	
1.97052	6.36749	
1.97327	6.36719	
1.96655	6.36719	
1.96564	6.3678	
1.96411	6.36749	
1.96991	6.3678	
1.97327	6.36749	
1.96777	6.3681	
1.96869	6.36749	
1.96869	6.36749	
1.96686	6.36719	
1.97144	6.36749	
1.96686	6.36688	
1.96838	6.3678	
1.97205	6.36627	
1.9693	6.36688	
1.96503	6.36719	
1.96564	6.36627	
1.96625	6.36688	
1.96625	6.36658	
1.96899	6.3678	
1.96808	6.36719	
1.96869	6.36688	
1.96899	6.36719	
1.96899	6.36719	
1.96777	6.36658	
1.9696	6.36749	
1.97205	6.36719	
1.96716	6.36719	
1.96777	6.36719	
1.97357	6.3678	
1.96686	6.36719	
1.96747	6.36749	
1.96747	6.36749	
1.96533	6.36658	
1.96686	6.36719	
1.9693	6.36688	
1.96991	6.36749	
1.96838	6.36719	
1.9693	6.36719	
1.96808	6.36627	
1.96899	6.36658	
1.96869	6.36597	
1.97266	6.36688	
1.96808	6.36688	
1.9693	6.36597	
1.97083	6.36658	
1.96594	6.36658	
1.96808	6.36658	
1.97266	6.36688	
1.96625	6.36658	
1.96564	6.36597	
1.97144	6.36627	
1.96869	6.36658	
1.96594	6.36688	
1.9635	6.36627	
1.9696	6.36658	
1.96655	6.36749	
1.96411	6.36719	
1.96899	6.36719	
1.96808	6.3678	
1.96625	6.36749	
1.96808	6.36749	
1.97266	6.36719	
1.96442	6.3678	
1.97083	6.36627	
1.97235	6.36627	
1.96838	6.36658	
1.96442	6.36658	
1.96442	6.36627	
1.96838	6.36658	
1.96472	6.36658	
1.96655	6.36719	
1.96747	6.36688	
1.96716	6.36627	
1.96716	6.36688	
1.96899	6.36658	
1.96869	6.36658	
1.9693	6.36688	
1.96686	6.36658	
1.97174	6.36658	
1.96625	6.36566	
1.96655	6.36658	
1.9635	6.36719	
1.96594	6.36658	
1.96381	6.36658	
1.96838	6.36688	
1.96991	6.36658	
1.96808	6.36627	
1.9693	6.36749	
1.96808	6.36627	
1.96625	6.36627	
1.96991	6.36627	
1.97205	6.36658	
1.96777	6.36688	
1.96808	6.36627	
1.96899	6.36688	
1.9696	6.36566	
1.97174	6.36719	
1.96808	6.36627	
1.96533	6.36658	
1.96564	6.36597	
1.96838	6.36566	
1.9696	6.36627	
1.96686	6.36597	
1.96808	6.36688	
1.97144	6.36658	
1.96564	6.36658	
1.96564	6.36658	
1.96503	6.36597	
1.96899	6.36597	
1.96533	6.36658	
1.96716	6.36566	
1.96472	6.36566	
1.96472	6.36597	
1.96686	6.36566	
1.96411	6.36627	
1.96594	6.36597	
1.96777	6.36627	
1.9693	6.36597	
1.96808	6.36658	
1.96594	6.36536	
1.9696	6.36627	
1.96716	6.36688	
1.96838	6.36597	
1.96472	6.36627	
1.96869	6.36597	
1.97083	6.36597	
1.96686	6.36505	
1.96716	6.36566	
1.96655	6.36566	
1.96686	6.36566	
1.96747	6.36627	
1.96442	6.36536	
1.96442	6.36566	
1.9632	6.36536	
1.96777	6.36536	
1.97113	6.36627	
1.96686	6.36566	
1.96686	6.36658	
1.96655	6.36597	
1.96686	6.36566	
1.97052	6.36536	
1.96594	6.36536	
1.96869	6.36566	
1.97021	6.36597	
1.96838	6.36597	
1.97113	6.36597	
1.96716	6.36566	
1.9635	6.36597	
1.9693	6.36566	
1.96655	6.36597	
1.96899	6.36566	
1.96594	6.36597	
1.96716	6.36597	
1.96747	6.36566	
1.96838	6.36566	
1.96594	6.36536	
1.97235	6.36566	
1.9696	6.36627	
1.97113	6.36627	
1.96686	6.36536	
1.96503	6.36536	
1.96381	6.36597	
1.96625	6.36597	
1.96716	6.36505	
1.96594	6.36566	
1.96899	6.36566	
1.96442	6.36566	
1.9693	6.36566	
1.96869	6.36566	
1.96716	6.36566	
1.96442	6.36627	
1.96564	6.36566	
1.96808	6.36597	
1.96655	6.36566	
1.96716	6.36536	
1.96838	6.36536	
1.97144	6.36566	
1.96594	6.36566	
1.9635	6.36505	
1.96259	6.36536	
1.9693	6.36566	
1.96808	6.36566	
1.96686	6.36536	
1.96442	6.36566	
1.9632	6.36597	
1.96747	6.36597	
1.96686	6.36505	
1.96716	6.36536	
1.96686	6.36536	
1.96594	6.36566	
1.96777	6.36475	
1.96533	6.36536	
1.97052	6.36566	
1.96594	6.36597	
1.9696	6.36566	
1.9632	6.36536	
1.96564	6.36505	
1.9693	6.36566	
1.96655	6.36505	
1.96533	6.36566	
1.96381	6.36566	
1.96716	6.36475	
1.96747	6.36536	
1.96747	6.36444	
1.96594	6.36536	
1.97083	6.36505	
1.96747	6.36566	
1.96899	6.36505	
1.96381	6.36566	
1.96289	6.36505	
1.9632	6.36566	
1.96716	6.36505	
1.96655	6.36475	
1.96808	6.36505	
1.96808	6.36536	
1.97083	6.36536	
1.96869	6.36444	
1.96442	6.36444	
1.96686	6.36597	
1.96747	6.36475	
1.96747	6.36475	
1.96625	6.36536	
1.9635	6.36475	
1.96686	6.36505	
1.97083	6.36505	
1.96747	6.36536	
1.96716	6.36536	
1.96442	6.36444	
1.9635	6.36536	
1.96198	6.36475	
1.9635	6.36505	
1.9632	6.36536	
1.96625	6.36505	
1.96899	6.36536	
1.96533	6.36505	
1.96289	6.36566	
1.96198	6.36444	
1.96564	6.36597	
1.96411	6.36536	
1.96686	6.36566	
1.96777	6.36536	
1.96625	6.36475	
1.96594	6.36505	
1.97083	6.36536	
1.96564	6.36505	
1.97021	6.36566	
1.96594	6.36475	
1.96381	6.36536	
1.96625	6.36536	
1.96533	6.36475	
1.9696	6.36414	
1.96533	6.36505	
1.96503	6.36475	
1.96686	6.36475	
1.9632	6.36536	
1.96503	6.36475	
1.96533	6.36505	
1.96808	6.36505	
1.96503	6.36505	
1.9632	6.36536	
1.96106	6.36383	
1.96472	6.36475	
1.96381	6.36475	
1.96655	6.36505	
1.96594	6.36475	
1.96472	6.36475	
1.96533	6.36505	
1.96594	6.36475	
1.96686	6.36505	
1.96442	6.36444	
1.96228	6.36505	
1.96503	6.36475	
1.9632	6.36536	
1.96625	6.36505	
1.96655	6.36475	
1.96594	6.36536	
1.96442	6.36505	
1.96625	6.36444	
1.9635	6.36383	
1.96869	6.36444	
1.96533	6.36444	
1.96442	6.36475	
1.96442	6.36475	
1.96503	6.36475	
1.96991	6.36444	
1.96472	6.36444	
1.96564	6.36383	
1.96503	6.36475	
1.96411	6.36475	
1.96564	6.36444	
1.96442	6.36444	
1.97052	6.36475	
1.96716	6.36444	
1.96899	6.36475	
1.96533	6.36536	
1.96655	6.36475	
1.96594	6.36475	
1.96228	6.36444	
1.96198	6.36444	
1.96289	6.36444	
1.96289	6.36505	
1.96533	6.36444	
1.96716	6.36444	
1.96533	6.36444	
1.96594	6.36505	
1.96533	6.36414	
1.96411	6.36444	
1.96228	6.36383	
1.96594	6.36322	
1.96686	6.36444	
1.96411	6.36322	
1.96686	6.36414	
1.96442	6.36353	
1.96228	6.36414	
1.96503	6.36444	
1.96472	6.36444	
1.96594	6.36444	
1.96625	6.36383	
1.96594	6.36414	
1.96503	6.36414	
1.9635	6.36414	
1.96472	6.36383	
1.96594	6.36353	
1.96503	6.36414	
1.96411	6.36444	
1.96442	6.36505	
1.96533	6.36414	
1.96564	6.36414	
1.96442	6.36383	
1.96472	6.36505	
1.96198	6.36444	
1.96198	6.36505	
1.96259	6.36444	
1.96594	6.36475	
1.96472	6.36475	
1.9632	6.36444	
1.9632	6.36414	
1.96045	6.36383	
1.96259	6.36414	
1.96075	6.36444	
1.96442	6.36444	
1.96503	6.36414	
1.96289	6.36414	
1.96472	6.36444	
1.96503	6.36414	
1.96625	6.36414	
1.96503	6.36444	
1.96259	6.36414	
1.96381	6.36414	
1.96259	6.36414	
1.96411	6.36292	
1.96411	6.36414	
1.97021	6.36383	
1.96686	6.36414	
1.9693	6.36414	
1.96381	6.36444	
1.96655	6.36414	
1.96533	6.36414	
1.96564	6.36475	
1.96289	6.36414	
1.9635	6.36444	
1.96472	6.36414	
1.9635	6.36383	
1.96991	6.36353	
1.96442	6.36322	
1.96198	6.36383	
1.96442	6.36353	
1.96442	6.36322	
1.96564	6.36353	
1.96472	6.36444	
1.96899	6.36383	
1.96381	6.36383	
1.96594	6.36383	
1.96533	6.36353	
1.96198	6.36414	
1.9632	6.36383	
1.9632	6.36383	
1.96472	6.36444	
1.9632	6.36353	
1.96167	6.36414	
1.96075	6.36383	
1.96503	6.36414	
1.96198	6.36383	
1.96472	6.36383	
1.96655	6.36444	
1.96564	6.36414	
1.96594	6.36414	
1.96869	6.36414	
1.96625	6.36383	
1.96259	6.36322	
1.96594	6.36383	
1.96472	6.36414	
1.96503	6.36383	
1.96411	6.36414	
1.96075	6.36383	
1.96259	6.36414	
1.96442	6.36383	
1.96411	6.36353	
1.97021	6.36414	
1.96533	6.36414	
1.96869	6.36414	
1.96503	6.36444	
1.96259	6.36383	
1.96442	6.36444	
1.96503	6.36414	
1.9693	6.36475	
1.96625	6.36353	
1.96869	6.36414	
1.96411	6.36353	
1.96503	6.36383	
1.96564	6.36414	
1.96533	6.36383	
1.96655	6.36353	
1.96625	6.36322	
1.96869	6.36414	
1.96503	6.36322	
1.96442	6.36383	
1.96411	6.36353	
1.96381	6.36444	
1.96106	6.36322	
1.96136	6.36383	
1.96198	6.36383	
1.96503	6.36414	
1.96381	6.36292	
1.96289	6.36414	
1.96167	6.36322	
1.96198	6.36322	
1.96075	6.36322	
1.9635	6.36322	
1.96533	6.36383	
1.96106	6.36353	
1.96289	6.36322	
1.96106	6.36261	
1.96442	6.36322	
1.96808	6.36383	
1.96442	6.36292	
1.96808	6.36261	
1.96381	6.36322	
1.96442	6.36322	
1.96136	6.36292	
1.96747	6.36353	
1.96442	6.36322	
1.96503	6.36322	
1.96411	6.36322	
1.96411	6.36353	
1.96228	6.36292	
1.96381	6.36353	
1.96014	6.36292	
1.96381	6.36353	
1.96655	6.36322	
1.96228	6.36353	
1.96716	6.36353	
1.9635	6.36322	
1.96503	6.36292	
1.96503	6.36292	
1.96503	6.36353	
1.95984	6.36292	
1.96136	6.36322	
1.96045	6.36292	
1.9632	6.36261	
1.96899	6.3623	
1.96472	6.3623	
1.96198	6.36292	
1.9632	6.36261	
1.96716	6.36261	
1.96564	6.3623	
1.96503	6.36292	
1.96442	6.36322	
1.96411	6.36322	
1.96198	6.3623	
1.96442	6.36353	
1.96381	6.36261	
1.96472	6.36322	
1.96442	6.3623	
1.96167	6.36322	
1.96014	6.36261	
1.96259	6.3623	
1.96136	6.36322	
1.96411	6.36322	
1.96594	6.3623	
1.96289	6.36261	
1.96014	6.3623	
1.96381	6.36261	
1.96503	6.36353	
1.9635	6.36322	
1.96503	6.36292	
1.96045	6.362	
1.9635	6.36353	
1.96136	6.36353	
1.9635	6.36261	
1.96655	6.36353	
1.96228	6.36261	
1.96381	6.36322	
1.9632	6.36322	
1.96411	6.36292	
1.96167	6.36261	
1.96289	6.36353	
1.96442	6.36292	
1.95923	6.36261	
1.96106	6.36261	
1.96289	6.3623	
1.9632	6.36292	
1.95953	6.3623	
1.96198	6.36261	
1.96045	6.36322	
1.96289	6.36292	
1.96594	6.36383	
1.96259	6.36261	
1.96533	6.36261	
1.9635	6.36292	
1.96686	6.36322	
1.9635	6.36292	
1.96655	6.36261	
1.96411	6.36292	
1.96442	6.36261	
1.96411	6.36292	
1.96533	6.36353	
1.96381	6.36322	
1.9632	6.36383	
1.96198	6.36292	
1.96838	6.36261	
1.96411	6.36261	
1.96472	6.36261	
1.96136	6.36292	
1.96472	6.36292	
1.9635	6.36292	
1.96503	6.36261	
1.96289	6.3623	
1.9635	6.3623	
1.9632	6.3623	
1.96503	6.36261	
1.96198	6.362	
1.95984	6.36292	
1.9632	6.3623	
1.96411	6.3623	
1.96381	6.362	
1.96442	6.36292	
1.95892	6.3623	
1.96045	6.3623	
1.9635	6.36261	
1.96289	6.36261	
1.96106	6.36292	
1.96411	6.36292	
1.96014	6.36292	
1.96259	6.3623	
1.96167	6.36292	
1.96167	6.3623	
1.96259	6.3623	
1.96228	6.3623	
1.96198	6.3623	
1.96014	6.3623	
1.96106	6.3623	
1.9632	6.36261	
1.96472	6.36139	
1.9635	6.362	
1.95862	6.3623	
1.96106	6.362	
1.96838	6.362	
1.96533	6.36261	
1.96014	6.36261	
1.96167	6.3623	
1.96838	6.36261	
1.96075	6.3623	
1.96075	6.36261	
1.9635	6.3623	
1.96259	6.3623	
1.95923	6.3623	
1.96136	6.36292	
1.96381	6.36261	
1.96075	6.3623	
1.96045	6.3623	
1.96075	6.36261	
1.96259	6.362	
1.96259	6.3623	
1.9635	6.362	
1.96075	6.3623	
1.9635	6.3623	
1.96198	6.36261	
1.96045	6.362	
1.96136	6.3623	
1.96136	6.36261	
1.96167	6.362	
1.96289	6.36261	
1.96381	6.3623	
1.95892	6.362	
1.96106	6.362	
1.95892	6.3623	
1.96167	6.36169	
1.96625	6.3623	
1.96289	6.36139	
1.95862	6.362	
1.96167	6.36169	
1.96686	6.362	
1.9632	6.362	
1.96625	6.3623	
1.96228	6.3623	
1.96198	6.362	
1.96198	6.36169	
1.9632	6.362	
1.96136	6.362	
1.96228	6.3623	
1.96045	6.36169	
1.96198	6.36139	
1.9635	6.362	
1.96289	6.3623	
1.96167	6.36169	
1.96075	6.3623	
1.96228	6.362	
1.96564	6.3623	
1.96442	6.362	
1.95923	6.3623	
1.96106	6.36261	
1.96625	6.36261	
1.9632	6.362	
1.95892	6.36108	
1.96198	6.36139	
1.96442	6.36139	
1.96472	6.36139	
1.96136	6.36139	
1.9635	6.362	
1.9635	6.3623	
1.96167	6.362	
1.96686	6.36139	
1.96198	6.36139	
1.96503	6.362	
1.96045	6.36108	
1.96533	6.3623	
1.9632	6.36169	
1.96533	6.36139	
1.96411	6.362	
1.96167	6.36139	
1.96259	6.36139	
1.96655	6.36139	
1.96442	6.36078	
1.95923	6.36139	
1.9632	6.362	
1.96228	6.36139	
1.96259	6.36169	
1.96594	6.36139	
1.96228	6.36139	
1.96259	6.36139	
1.96075	6.36169	
1.96075	6.36108	
1.96228	6.36169	
1.96228	6.36139	
1.9632	6.362	
1.95953	6.36169	
1.96075	6.36108	
1.96198	6.3623	
1.96289	6.36139	
1.95953	6.362	
1.96198	6.36108	
1.9632	6.3623	
1.9632	6.36139	
1.95923	6.3623	
1.96045	6.36108	
1.96014	6.362	
1.96198	6.362	
1.9632	6.36169	
1.95679	6.36108	
1.95831	6.36139	
1.9632	6.36169	
1.96381	6.36139	
1.96106	6.36139	
1.96289	6.36169	
1.95862	6.3623	
1.96167	6.36139	
1.96259	6.36169	
1.96198	6.3623	
1.95801	6.36139	
1.96075	6.36139	
1.96686	6.362	
1.96167	6.36139	
1.95923	6.36139	
1.96136	6.36139	
1.96014	6.362	
1.96014	6.36169	
1.95923	6.36139	
1.96045	6.3623	
1.96381	6.3623	
1.9632	6.36108	
1.96075	6.36108	
1.96136	6.362	
1.96381	6.362	
1.96289	6.36169	
1.96533	6.362	
1.96198	6.3623	
1.96075	6.362	
1.95923	6.36169	
1.96533	6.36169	
1.96228	6.36108	
1.96228	6.36169	
1.96075	6.36169	
1.96564	6.3623	
1.96289	6.36169	
1.96289	6.36169	
1.96289	6.36108	
1.95831	6.36139	
1.96075	6.36139	
1.96655	6.362	
1.96228	6.36139	
1.96045	6.36139	
1.96228	6.3623	
1.96442	6.36108	
1.96259	6.36139	
1.95831	6.362	
1.96259	6.362	
1.96472	6.36108	
1.96198	6.36139	
1.96411	6.3623	
1.9632	6.36139	
1.96106	6.36139	
1.96289	6.36078	
1.9632	6.36108	
1.96198	6.36108	
1.96655	6.36108	
1.96228	6.36108	
1.96503	6.36108	
1.96167	6.36047	
1.96106	6.36017	
1.96106	6.36108	
1.9635	6.36139	
1.96167	6.36108	
1.96564	6.36108	
1.96136	6.36139	
1.95862	6.36108	
1.96198	6.36108	
1.95801	6.36139	
1.95862	6.36139	
1.96167	6.36169	
1.9574	6.36047	
1.95953	6.36169	
1.96106	6.36139	
1.96136	6.36108	
1.95923	6.36139	
1.96106	6.36139	
1.96198	6.36078	
1.96075	6.36108	
1.95831	6.36139	
1.96014	6.36108	
1.96228	6.36108	
1.95862	6.36108	
1.95953	6.36078	
1.96075	6.36108	
1.96106	6.36169	
1.96106	6.36108	
1.9577	6.36139	
1.96075	6.36169	
1.96198	6.36169	
1.9632	6.36108	
1.96014	6.36078	
1.96167	6.36078	
1.96289	6.3623	
1.96075	6.36078	
1.96411	6.36078	
1.96014	6.36108	
1.96106	6.36078	
1.95953	6.36078	
1.96136	6.36139	
1.96106	6.36139	
1.96045	6.36078	
1.96106	6.36108	
1.96045	6.36017	
1.96106	6.36078	
1.96503	6.36108	
1.96198	6.36078	
1.9574	6.36017	
1.95862	6.36047	
1.96014	6.36108	
1.95862	6.36169	
1.96075	6.36108	
1.96136	6.36108	
1.95831	6.36078	
1.95801	6.36108	
1.96167	6.36078	
1.95831	6.36078	
1.96075	6.36017	
1.96106	6.36108	
1.95953	6.36078	
1.9632	6.36017	
1.96075	6.35986	
1.96167	6.36047	
1.96075	6.36047	
1.96014	6.36108	
1.96075	6.36017	
1.96289	6.36108	
1.96198	6.35986	
1.9574	6.35956	
1.96014	6.36078	
1.95831	6.36047	
1.95709	6.35986	
1.96136	6.35986	
1.95953	6.36017	
1.96106	6.36017	
1.96167	6.36078	
1.95984	6.36047	
1.96503	6.36017	
1.96106	6.36047	
1.96136	6.36017	
1.96106	6.36078	
1.95709	6.36078	
1.95953	6.36017	
1.9635	6.36017	
1.96014	6.36078	
1.96075	6.36078	
1.96075	6.35986	
1.95984	6.36017	
1.96259	6.36047	
1.95953	6.36047	
1.96259	6.35956	
1.96045	6.35956	
1.96075	6.36017	
1.96014	6.36017	
1.9635	6.35986	
1.96014	6.36047	
1.96259	6.36017	
1.96106	6.36017	
1.95587	6.36017	
1.96075	6.35986	
1.95648	6.36017	
1.96106	6.36047	
1.95953	6.36108	
1.95648	6.36017	
1.96106	6.36017	
1.95557	6.36017	
1.96136	6.36078	
1.95831	6.35986	
1.96289	6.36047	
1.95923	6.36047	
1.9574	6.36047	
1.96045	6.36047	
1.96014	6.36017	
1.96075	6.36078	
1.95923	6.36047	
1.96136	6.35956	
1.96014	6.36047	
1.95618	6.36017	
1.95923	6.35986	
1.95618	6.36017	
1.95892	6.35956	
1.96014	6.36047	
1.96289	6.35986	
1.95984	6.36078	
1.96045	6.36047	
1.95953	6.36078	
1.96014	6.36047	
1.95831	6.35986	
1.96472	6.36017	
1.95831	6.36017	
1.95923	6.35956	
1.96106	6.36017	
1.95709	6.36017	
1.95679	6.35986	
1.96075	6.35956	
1.95709	6.35986	
1.95953	6.35986	
1.95984	6.36017	
1.95953	6.35986	
1.96014	6.36047	
1.95984	6.35925	
1.95892	6.35986	
1.9577	6.36017	
1.95923	6.35986	
1.96075	6.36017	
1.96075	6.35925	
1.95923	6.35956	
1.96045	6.36047	
1.95648	6.35956	
1.95892	6.35956	
1.95892	6.35986	
1.95648	6.35986	
1.96106	6.35986	
1.9574	6.36017	
1.96014	6.35986	
1.95923	6.36017	
1.96136	6.35956	
1.95923	6.36017	
1.95831	6.35925	
1.95984	6.35986	
1.95618	6.35986	
1.96045	6.35956	
1.95831	6.35956	
1.96014	6.36047	
1.95892	6.36017	
1.95984	6.35956	
1.95587	6.36017	
1.95892	6.35986	
1.95496	6.35986	
1.95984	6.36047	
1.96045	6.35986	
1.95953	6.36078	
1.95953	6.35986	
1.96075	6.36017	
1.96014	6.36017	
1.95618	6.35956	
1.95862	6.36017	
1.95984	6.35986	
1.95587	6.35956	
1.95984	6.35986	
1.96136	6.35925	
1.95923	6.36017	
1.96045	6.36078	
1.9574	6.36017	
1.96381	6.36017	
1.96045	6.35925	
1.96228	6.36017	
1.9577	6.35956	
1.95923	6.36078	
1.96014	6.35986	
1.95953	6.36017	
1.96106	6.35895	
1.95831	6.35956	
1.96228	6.35895	
1.95892	6.35986	
1.95892	6.35956	
1.9574	6.36047	
1.95862	6.35925	
1.96014	6.35925	
1.95892	6.35956	
1.96075	6.35956	
1.96106	6.35925	
1.95923	6.35986	
1.96045	6.35925	
1.95801	6.35925	
1.96014	6.35956	
1.95831	6.35956	
1.96014	6.35925	
1.95831	6.36017	
1.9632	6.35986	
1.9574	6.36047	
1.95892	6.35986	
1.96045	6.35986	
1.95526	6.35986	
1.95953	6.36017	
1.95648	6.36017	
1.96198	6.35986	
1.95862	6.36047	
1.96198	6.36047	
1.95557	6.35925	
1.96014	6.35956	
1.95709	6.35895	
1.95709	6.35925	
1.96045	6.35925	
1.95892	6.35956	
1.95831	6.35925	
1.9574	6.35956	
1.95465	6.35895	
1.95679	6.35956	
1.95831	6.35956	
1.95679	6.35864	
1.95831	6.35986	
1.95923	6.35925	
1.95679	6.35864	
1.96198	6.35956	
1.95862	6.35956	
1.95923	6.35925	
1.95587	6.35925	
1.95862	6.35925	
1.95953	6.35925	
1.95923	6.35956	
1.96014	6.35895	
1.95648	6.35925	
1.96259	6.35956	
1.95892	6.35956	
1.95953	6.35925	
1.96045	6.35895	
1.95435	6.35895	
1.96014	6.35925	
1.95862	6.35925	
1.95892	6.35834	
1.96075	6.35864	
1.9574	6.35864	
1.9574	6.35834	
1.95587	6.35925	
1.95557	6.35864	
1.95923	6.35864	
1.95984	6.35895	
1.95496	6.35895	
1.95892	6.35895	
1.9574	6.35864	
1.95496	6.35864	
1.95831	6.35895	
1.96045	6.35864	
1.9577	6.35864	
1.96167	6.35895	
1.95862	6.35895	
1.9577	6.35895	
1.95923	6.35895	
1.95862	6.35925	
1.95892	6.35956	
1.95435	6.35925	
1.95801	6.35925	
1.95648	6.35895	
1.96136	6.35895	
1.95801	6.35956	
1.96228	6.35956	
1.95587	6.35864	
1.95709	6.35925	
1.96014	6.35956	
1.95618	6.35925	
1.9577	6.35925	
1.95587	6.35956	
1.95923	6.35925	
1.95953	6.35956	
1.96198	6.35864	
1.95679	6.35895	
1.95709	6.35925	
1.95709	6.35895	
1.95374	6.35864	
1.95465	6.35895	
1.95862	6.35834	
1.9577	6.35834	
1.95648	6.35803	
1.95892	6.35895	
1.95679	6.35803	
1.96136	6.35895	
1.95892	6.35864	
1.96136	6.35925	
1.95709	6.35834	
1.9577	6.35895	
1.96014	6.35925	
1.9577	6.35895	
1.96045	6.35864	
1.95587	6.35864	
1.96014	6.35834	
1.9574	6.35864	
1.95862	6.35925	
1.9574	6.35895	
1.96198	6.35895	
1.95831	6.35864	
1.9635	6.35864	
1.95801	6.35834	
1.95801	6.35864	
1.95496	6.35834	
1.95801	6.35895	
1.96228	6.35864	
1.95892	6.35834	
1.95801	6.35895	
1.96014	6.35834	
1.95374	6.35834	
1.95557	6.35834	
1.95862	6.35803	
1.95709	6.35864	
1.95892	6.35803	
1.96228	6.35803	
1.95435	6.35803	
1.95862	6.35864	
1.96167	6.35834	
1.95862	6.35864	
1.95801	6.35864	
1.95831	6.35834	
1.95465	6.35864	
1.95648	6.35834	
1.95251	6.35864	
1.9577	6.35895	
1.95679	6.35834	
1.96136	6.35925	
1.95892	6.35834	
1.96259	6.35895	
1.95923	6.35803	
1.95801	6.35895	
1.95831	6.35895	
1.95831	6.35864	
1.95923	6.35925	
1.95801	6.35864	
1.95435	6.35773	
1.95801	6.35864	
1.95465	6.35864	
1.95831	6.35895	
1.95587	6.35895	
1.9574	6.35895	
1.95709	6.35925	
1.95282	6.35895	
1.95923	6.35895	
1.95679	6.35834	
1.95709	6.35925	
1.95831	6.35895	
1.95374	6.35834	
1.95923	6.35803	
1.95557	6.35834	
1.96045	6.35864	
1.95892	6.35864	
1.96198	6.35834	
1.95923	6.35895	
1.95435	6.35803	
1.95953	6.35834	
1.95526	6.35834	
1.95862	6.35864	
1.95801	6.35864	
1.95984	6.35864	
1.95862	6.35864	
1.96289	6.35834	
1.95709	6.35864	
1.95679	6.35803	
1.95923	6.35834	
1.95801	6.35834	
1.95984	6.35803	
1.95557	6.35803	
1.95496	6.35803	
1.95679	6.35895	
1.95374	6.35803	
1.95587	6.35773	
1.95679	6.35834	
1.95709	6.35834	
1.95801	6.35803	
1.96045	6.35864	
1.95923	6.35895	
1.95709	6.35925	
1.95679	6.35864	
1.95648	6.35864	
1.95831	6.35895	
1.95862	6.35864	
1.95435	6.35895	
1.95862	6.35925	
1.95618	6.35864	
1.9574	6.35925	
1.95801	6.35864	
1.95587	6.35895	
1.95892	6.35895	
1.95465	6.35895	
1.95831	6.35895	
1.95618	6.35864	
1.95526	6.35803	
1.95801	6.35773	
1.95312	6.35773	
1.95435	6.35681	
1.95557	6.35773	
1.95435	6.35803	
1.95801	6.35742	
1.96198	6.35834	
1.95923	6.35803	
1.95343	6.35773	
1.95404	6.35803	
1.95679	6.35773	
1.95648	6.35864	
1.95587	6.35803	
1.95465	6.35681	
1.95587	6.35742	
1.95221	6.35773	
1.95526	6.35803	
1.95831	6.35773	
1.95465	6.35742	
1.9577	6.35803	
1.96014	6.35773	
1.95618	6.35773	
1.95709	6.35773	
1.95465	6.35803	
1.9574	6.35803	
1.95984	6.35803	
1.95465	6.35742	
1.95465	6.35712	
1.95923	6.35742	
1.95709	6.35742	
1.95251	6.35773	
1.9577	6.35742	
1.95526	6.35712	
1.96075	6.35681	
1.95709	6.35742	
1.96106	6.35712	
1.95587	6.35742	
1.95801	6.35712	
1.95557	6.35803	
1.95709	6.35742	
1.95862	6.35803	
1.95557	6.35803	
1.95526	6.35803	
1.95923	6.35803	
1.95587	6.35773	
1.95618	6.35803	
1.95312	6.35773	
1.95709	6.35803	
1.95892	6.35742	
1.9574	6.35803	
1.96136	6.35773	
1.95526	6.35773	
1.95618	6.35834	
1.95526	6.35834	
1.95648	6.35864	
1.95587	6.35803	
1.9577	6.35803	
1.95648	6.35773	
1.95465	6.35834	
1.95679	6.35834	
1.95892	6.35681	
1.95496	6.35742	
1.95862	6.35773	
1.95862	6.35773	
1.95648	6.35742	
1.95312	6.35773	
1.95648	6.35742	
1.95496	6.35773	
1.95801	6.35742	
1.95679	6.35742	
1.95465	6.35742	
1.95648	6.35681	
1.95526	6.35712	
1.95374	6.35651	
1.9574	6.35742	
1.95312	6.35712	
1.95648	6.35712	
1.9577	6.35712	
1.95435	6.35681	
1.95709	6.35681	
1.95435	6.35681	
1.95618	6.35712	
1.95679	6.35681	
1.95312	6.35742	
1.95709	6.35681	
1.95557	6.35742	
1.95587	6.35742	
1.9574	6.35773	
1.95312	6.35712	
1.95831	6.35773	
1.95251	6.35773	
1.95343	6.35773	
1.95679	6.35651	
1.95984	6.35681	
1.95709	6.35681	
1.95862	6.35651	
1.95862	6.35651	
1.95435	6.35712	
1.95587	6.35681	
1.95709	6.35681	
1.95648	6.35742	
1.95618	6.35712	
1.95312	6.35681	
1.9574	6.35651	
1.95435	6.35712	
1.95709	6.35742	
1.95496	6.3562	
1.96014	6.35712	
1.95679	6.35651	
1.95618	6.35773	
1.95343	6.35681	
1.95526	6.35681	
1.96075	6.35712	
1.95618	6.35712	
1.95282	6.35773	
1.95343	6.35773	
1.95557	6.35742	
1.95526	6.35742	
1.95618	6.35742	
1.95526	6.35742	
1.95618	6.35651	
1.95526	6.35742	
1.95435	6.35742	
1.95618	6.35742	
1.95404	6.35712	
1.95648	6.35773	
1.9577	6.35773	
1.95465	6.35651	
1.95312	6.35773	
1.95587	6.35742	
1.95709	6.35773	
1.95679	6.35681	
1.95526	6.35681	
1.95526	6.35651	
1.95587	6.35681	
1.95587	6.35712	
1.9574	6.35712	
1.95557	6.35681	
1.95709	6.35712	
1.95526	6.35681	
1.95709	6.35681	
1.95465	6.35712	
1.95404	6.35742	
1.95465	6.35681	
1.95221	6.35681	
1.95679	6.35712	
1.95435	6.35651	
1.9574	6.35773	
1.95465	6.35712	
1.95221	6.35681	
1.95679	6.35742	
1.95404	6.35742	
1.95923	6.35712	
1.95526	6.35651	
1.95526	6.35651	
1.95221	6.35742	
1.9574	6.35681	
1.95984	6.35651	
1.95618	6.35742	
1.95862	6.35681	
1.95343	6.35742	
1.95618	6.35681	
1.95221	6.35742	
1.95587	6.35712	
1.95648	6.35712	
1.95496	6.35773	
1.95526	6.35742	
1.95221	6.35773	
1.95648	6.35742	
1.95984	6.35712	
1.95312	6.35651	
1.95251	6.35651	
1.95801	6.3562	
1.95496	6.3562	
1.95557	6.35651	
1.95343	6.35681	
1.95496	6.35651	
1.95251	6.3562	
1.95465	6.35651	
1.9577	6.35742	
1.95496	6.3562	
1.95679	6.35681	
1.95801	6.35651	
1.95587	6.35712	
1.95618	6.35651	
1.95435	6.35712	
1.95312	6.35651	
1.9574	6.35651	
1.95404	6.35742	
1.95099	6.35773	
1.95587	6.35712	
1.95587	6.3562	
1.9516	6.3562	
1.95526	6.3562	
1.95465	6.35681	
1.95709	6.3562	
1.95374	6.3559	
1.95435	6.35651	
1.95526	6.35773	
1.95526	6.35681	
1.95557	6.3559	
1.95526	6.3562	
1.95435	6.35651	
1.95343	6.3562	
1.95557	6.35651	
1.95923	6.35651	
1.95435	6.3562	
1.95404	6.3559	
1.95557	6.3562	
1.95618	6.3559	
1.95953	6.35651	
1.9519	6.3562	
1.95557	6.3562	
1.95862	6.35651	
1.95557	6.35651	
1.95953	6.3559	
1.95221	6.3562	
1.95557	6.3562	
1.95953	6.3562	
1.95557	6.3562	
1.95923	6.3562	
1.95221	6.3562	
1.95557	6.3562	
1.95953	6.3559	
1.95404	6.3562	
1.95099	6.3559	
1.95679	6.3562	
1.95374	6.3559	
1.95465	6.35529	
1.95435	6.3562	
1.95099	6.35559	
1.95343	6.3559	
1.95404	6.35651	
1.95892	6.35651	
1.95465	6.35651	
1.95312	6.35559	
1.95557	6.3559	
1.95312	6.3562	
1.95679	6.35651	
1.95312	6.3562	
1.95221	6.3559	
1.9516	6.3562	
1.95526	6.35651	
1.95251	6.35559	
1.95465	6.35559	
1.95312	6.35559	
1.95374	6.3559	
1.95312	6.35559	
1.95679	6.35651	
1.95343	6.35529	
1.94977	6.35559	
1.95343	6.3559	
1.95312	6.3559	
1.95892	6.3559	
1.95404	6.3559	
1.95099	6.3559	
1.95374	6.3562	
1.95312	6.35559	
1.95099	6.3562	
1.95496	6.35559	
1.95587	6.3559	
1.96014	6.3562	
1.9519	6.35651	
1.95557	6.35529	
1.95648	6.35681	
1.95526	6.3562	
1.9574	6.35651	
1.9516	6.3562	
1.95465	6.35559	
1.95312	6.3559	
1.95526	6.3559	
1.95618	6.35559	
1.95221	6.3559	
1.95251	6.35529	
1.95496	6.3562	
1.95312	6.3562	
1.95435	6.35529	
1.95557	6.35498	
1.95587	6.3559	
1.95343	6.35559	
1.95496	6.3559	
1.95374	6.35529	
1.95862	6.35559	
1.95282	6.3559	
1.95557	6.35559	
1.9516	6.3559	
1.95465	6.35468	
1.95892	6.35529	
1.95282	6.3559	
1.95526	6.35529	
1.95862	6.3562	
1.95587	6.35559	
1.9574	6.3559	
1.9516	6.35529	
1.95557	6.35559	
1.9516	6.35529	
1.95496	6.3559	
1.95679	6.35651	
1.95129	6.35559	
1.95526	6.35529	
1.95221	6.3559	
1.95526	6.3559	
1.95679	6.3559	
1.9516	6.35559	
1.95282	6.3559	
1.95343	6.3559	
1.95343	6.35529	
1.95496	6.35529	
1.95496	6.3559	
1.95587	6.35651	
1.95465	6.3562	
1.95282	6.3559	
1.95496	6.35559	
1.9574	6.35559	
1.95099	6.35529	
1.95496	6.35529	
1.95221	6.35559	
1.95435	6.35529	
1.95435	6.35559	
1.95129	6.35559	
1.95343	6.35498	
1.95862	6.35559	
1.95435	6.3559	
1.94946	6.35498	
1.95526	6.35559	
1.95404	6.3559	
1.95221	6.3559	
1.95557	6.35559	
1.95465	6.35498	
1.95404	6.35559	
1.95557	6.35529	
1.95343	6.3559	
1.95282	6.35559	
1.95496	6.3559	
1.95374	6.3562	
1.95282	6.35559	
1.95221	6.35559	
1.95312	6.35559	
1.95374	6.35529	
1.95465	6.3559	
1.95465	6.3559	
1.95312	6.3559	
1.95496	6.35559	
1.95404	6.3562	
1.95465	6.35559	
1.95557	6.3559	
1.9519	6.3559	
1.9519	6.35559	
1.95251	6.3562	
1.95465	6.35529	
1.95282	6.35529	
1.95251	6.35559	
1.95648	6.35529	
1.95312	6.35529	
1.95068	6.3559	
1.95465	6.35559	
1.95465	6.3559	
1.95312	6.35529	
1.9519	6.3562	
1.95374	6.35559	
1.95251	6.35559	
1.95343	6.35498	
1.9519	6.35559	
1.95435	6.35529	
1.95312	6.35529	
1.94977	6.3559	
1.95343	6.35559	
1.9519	6.35529	
1.95435	6.35559	
1.95435	6.35559	
1.94977	6.35498	
1.95526	6.35559	
1.95374	6.35529	
1.95343	6.35559	
1.95312	6.35559	
1.95496	6.35559	
1.95038	6.35559	
1.95435	6.35559	
1.9516	6.35559	
1.95068	6.3562	
1.9516	6.35559	
1.95435	6.35559	
1.95251	6.35498	
1.94916	6.3559	
1.95435	6.35529	
1.95251	6.35529	
1.95068	6.35498	
1.95312	6.35559	
1.95068	6.35529	
1.95312	6.35529	
1.9516	6.35468	
1.95465	6.35468	
1.95068	6.35559	
1.95496	6.35529	
1.95007	6.35529	
1.95343	6.35529	
1.95312	6.3562	
1.94916	6.3559	
1.95404	6.3559	
1.95343	6.35529	
1.95312	6.35529	
1.95496	6.3562	
1.95221	6.35529	
1.95007	6.35498	
1.95435	6.35529	
1.95221	6.35529	
1.95465	6.35498	
1.95526	6.35529	
1.9516	6.35529	
1.9516	6.35498	
1.95435	6.35498	
1.95435	6.35529	
1.9516	6.35559	
1.9519	6.35498	
1.9516	6.35468	
1.95282	6.35529	
1.95404	6.35559	
1.95465	6.35529	
1.95038	6.3562	
1.95129	6.35529	
1.95465	6.35529	
1.95374	6.35559	
1.95007	6.35468	
1.95435	6.35406	
1.95038	6.35406	
1.95007	6.35498	
1.95404	6.35529	
1.95374	6.35529	
1.95221	6.35468	
1.95312	6.35406	
1.95404	6.35529	
1.95496	6.35498	
1.95343	6.35498	
1.94824	6.35437	
1.95465	6.35468	
1.95404	6.35468	
1.94946	6.35498	
1.9516	6.35559	
1.95343	6.35559	
1.95679	6.35529	
1.95374	6.35468	
1.95129	6.35529	
1.95343	6.35437	
1.95435	6.35468	
1.95312	6.35529	
1.95282	6.35498	
1.95496	6.35559	
1.95374	6.35437	
1.95404	6.35498	
1.95251	6.35468	
1.94855	6.35529	
1.95465	6.35468	
1.95221	6.35498	
1.94855	6.35498	
1.95312	6.35529	
1.95221	6.35437	
1.95312	6.35529	
1.95404	6.35437	
1.95374	6.35468	
1.9519	6.35468	
1.95526	6.35498	
1.95221	6.35468	
1.94916	6.35529	
1.95496	6.35498	
1.95374	6.35468	
1.95343	6.35376	
1.95099	6.35406	
1.95374	6.35468	
1.9577	6.35529	
1.95007	6.35468	
1.95129	6.35498	
1.94977	6.35468	
1.95068	6.35468	
1.95343	6.35498	
1.94977	6.35498	
1.95221	6.35498	
1.95068	6.35468	
1.9516	6.35468	
1.95312	6.35468	
1.95129	6.35468	
1.95251	6.35468	
1.95312	6.35498	
1.95435	6.35468	
1.95648	6.35437	
1.95221	6.35468	
1.9516	6.35498	
1.95343	6.35437	
1.9516	6.35406	
1.95374	6.35498	
1.95343	6.35406	
1.95251	6.35437	
1.95221	6.35498	
1.9519	6.35529	
1.95496	6.35468	
1.9516	6.35468	
1.95038	6.35498	
1.95435	6.35437	
1.95679	6.35468	
1.95038	6.35437	
1.95038	6.35468	
1.95465	6.35468	
1.95099	6.35498	
1.95007	6.35437	
1.95251	6.35498	
1.95404	6.35406	
1.9516	6.35498	
1.94946	6.35468	
1.95312	6.35406	
1.94885	6.35529	
1.95251	6.35529	
1.95404	6.35498	
1.9516	6.35437	
1.94916	6.35437	
1.95343	6.35498	
1.94824	6.35559	
1.95343	6.35468	
1.95099	6.35468	
1.95557	6.35468	
1.9516	6.35498	
1.95251	6.35468	
1.95251	6.35406	
1.95374	6.35468	
1.95435	6.35498	
1.95343	6.35498	
1.95251	6.35468	
1.94946	6.35468	
1.95312	6.35437	
1.95374	6.35406	
1.9519	6.35437	
1.95251	6.35437	
1.95312	6.35468	
1.9516	6.35437	
1.95343	6.35437	
1.9519	6.35468	
1.95404	6.35498	
1.95587	6.35468	
1.95129	6.35529	
1.94763	6.35437	
1.95374	6.35437	
1.95007	6.35406	
1.94977	6.35437	
1.95312	6.35406	
1.95312	6.35406	
1.95343	6.35468	
1.95007	6.35437	
1.95374	6.35468	
1.95648	6.35498	
1.9519	6.35437	
1.94916	6.35437	
1.95251	6.35529	
1.95404	6.35468	
1.95251	6.35468	
1.95282	6.35437	
1.95251	6.35498	
1.94763	6.35376	
1.95374	6.35529	
1.95343	6.35498	
1.95007	6.35437	
1.95435	6.35498	
1.95068	6.35498	
1.95251	6.35437	
1.95343	6.35345	
1.95312	6.35559	
1.94946	6.35437	
1.95312	6.35468	
1.94763	6.35437	
1.95374	6.35437	
1.95465	6.35468	
1.95282	6.35345	
1.94977	6.35437	
1.95251	6.35468	
1.95435	6.35498	
1.9516	6.35406	
1.95007	6.35468	
1.94885	6.35529	
1.95343	6.35406	
1.9516	6.35437	
1.95709	6.35498	
1.94855	6.35406	
1.9516	6.35437	
1.95618	6.35406	
1.9519	6.35376	
1.95251	6.35406	
1.95465	6.35406	
1.94885	6.35406	
1.95129	6.35468	
1.94824	6.35406	
1.95129	6.35468	
1.95221	6.35437	
1.95648	6.35406	
1.95068	6.35406	
1.95068	6.35437	
1.94885	6.35345	
1.95251	6.35437	
1.9519	6.35376	
1.95648	6.35468	
1.94916	6.35406	
1.95068	6.35406	
1.94824	6.35376	
1.95099	6.35406	
1.9519	6.35406	
1.95557	6.35468	
1.95251	6.35437	
1.95404	6.35437	
1.95221	6.35437	
1.95465	6.35376	
1.95099	6.35406	
1.95221	6.35406	
1.95679	6.35468	
1.94977	6.35437	
1.95007	6.35437	
1.94855	6.35315	
1.95221	6.35315	
1.95312	6.35437	
1.94855	6.35437	
1.95251	6.35406	
1.95251	6.35345	
1.95068	6.35345	
1.95068	6.35406	
1.95099	6.35376	
1.94794	6.35284	
1.95099	6.35437	
1.95099	6.35406	
1.95221	6.35345	
1.95221	6.35315	
1.95038	6.35437	
1.94733	6.35376	
1.95129	6.35406	
1.95129	6.35345	
1.95068	6.35406	
1.9516	6.35376	
1.95099	6.35345	
1.94763	6.35315	
1.95221	6.35345	
1.95251	6.35406	
1.95099	6.35345	
1.95038	6.35468	
1.94977	6.35376	
1.94977	6.35406	
1.95221	6.35376	
1.9516	6.35345	
1.95099	6.35406	
1.9516	6.35315	
1.95068	6.35406	
1.94824	6.35345	
1.9519	6.35437	
1.95282	6.35406	
1.95068	6.35345	
1.94763	6.35315	
1.95251	6.35376	
1.94916	6.35406	
1.95099	6.35406	
1.94977	6.35468	
1.94763	6.35315	
1.95251	6.35376	
1.95038	6.35345	
1.95496	6.35376	
1.95099	6.35345	
1.95129	6.35345	
1.94946	6.35284	
1.94794	6.35345	
1.9516	6.35284	
1.94885	6.35254	
1.95221	6.35315	
1.95374	6.35315	
1.95038	6.35345	
1.94855	6.35315	
1.95068	6.35284	
1.94611	6.35284	
1.9516	6.35315	
1.95343	6.35345	
1.95251	6.35345	
1.95587	6.35345	
1.95007	6.35315	
1.94885	6.35315	
1.95221	6.35376	
1.94885	6.35254	
1.95129	6.35345	
1.94855	6.35376	
1.9519	6.35315	
1.95068	6.35345	
1.95496	6.35406	
1.94733	6.35315	
1.95099	6.35284	
1.95038	6.35315	
1.94824	6.35345	
1.9516	6.35345	
1.95221	6.35315	
1.9519	6.35345	
1.95282	6.35376	
1.95068	6.35315	
1.95068	6.35376	
1.95129	6.35315	
1.94916	6.35254	
1.94824	6.35345	
1.94885	6.35254	
1.94763	6.35254	
1.95038	6.35254	
1.95068	6.35376	
1.95618	6.35406	
1.94702	6.35315	
1.94916	6.35406	
1.94794	6.35406	
1.95251	6.35345	
1.95068	6.35376	
1.95465	6.35345	
1.94733	6.35376	
1.95007	6.35345	
1.95099	6.35315	
1.9519	6.35284	
1.95038	6.35315	
1.95557	6.35345	
1.94794	6.35315	
1.94824	6.35345	
1.94763	6.35315	
1.9519	6.35376	
1.95099	6.35345	
1.95374	6.35376	
1.95251	6.35284	
1.95312	6.35345	
1.94977	6.35284	
1.94763	6.35315	
1.9516	6.35315	
1.9516	6.35345	
1.9516	6.35437	
1.95007	6.35284	
1.95068	6.35284	
1.95007	6.35315	
1.95099	6.35284	
1.94672	6.35254	
1.9516	6.35315	
1.95282	6.35376	
1.95221	6.35345	
1.95221	6.35345	
1.95221	6.35315	
1.95099	6.35345	
1.95343	6.35345	
1.95068	6.35345	
1.94885	6.35254	
1.94946	6.35315	
1.94763	6.35376	
1.9516	6.35406	
1.94794	6.35315	
1.95068	6.35345	
1.94916	6.35376	
1.94916	6.35345	
1.95129	6.35315	
1.95221	6.35284	
1.95038	6.35345	
1.95465	6.35315	
1.94733	6.35315	
1.94946	6.35284	
1.94946	6.35223	
1.95099	6.35284	
1.95038	6.35284	
1.94702	6.35315	
1.95129	6.35345	
1.94702	6.35345	
1.94855	6.35376	
1.95007	6.35345	
1.9516	6.35315	
1.94946	6.35315	
1.94763	6.35254	
1.94977	6.35254	
1.94824	6.35254	
1.9516	6.35284	
1.95312	6.35315	
1.9516	6.35254	
1.95068	6.35254	
1.94611	6.35284	
1.95007	6.35284	
1.94824	6.35284	
1.95007	6.35254	
1.94794	6.35223	
1.95068	6.35254	
1.95068	6.35345	
1.94733	6.35223	
1.95007	6.35284	
1.95129	6.35284	
1.95129	6.35284	
1.95221	6.35254	
1.9516	6.35223	
1.95007	6.35284	
1.95404	6.35284	
1.9516	6.35315	
1.9519	6.35284	
1.95038	6.35345	
1.95251	6.35284	
1.94824	6.35315	
1.94946	6.35315	
1.94977	6.35284	
1.94672	6.35284	
1.94885	6.35223	
1.94885	6.35315	
1.94794	6.35315	
1.95068	6.35315	
1.9455	6.35284	
1.95099	6.35284	
1.95282	6.35345	
1.95099	6.35284	
1.95221	6.35254	
1.95099	6.35315	
1.95068	6.35315	
1.94733	6.35254	
1.9519	6.35315	
1.94977	6.35254	
1.94855	6.35284	
1.9458	6.35315	
1.94733	6.35284	
1.95068	6.35284	
1.94641	6.35223	
1.94946	6.35254	
1.94946	6.35254	
1.94946	6.35284	
1.94641	6.35345	
1.94641	6.35284	
1.95007	6.35376	
1.94611	6.35284	
1.95038	6.35315	
1.95038	6.35284	
1.94977	6.35284	
1.94946	6.35315	
1.95312	6.35284	
1.94916	6.35345	
1.95068	6.35254	
1.94763	6.35284	
1.95099	6.35315	
1.94885	6.35223	
1.94855	6.35345	
1.9455	6.35254	
1.9458	6.35223	
1.94855	6.35193	
1.94824	6.35284	
1.95038	6.35284	
1.94611	6.35193	
1.94733	6.35254	
1.94763	6.35254	
1.94763	6.35223	
1.94916	6.35193	
1.94855	6.35223	
1.94885	6.35193	
1.94885	6.35223	
1.94733	6.35254	
1.94824	6.35315	
1.94916	6.35162	
1.94824	6.35193	
1.95404	6.35284	
1.94977	6.35254	
1.9455	6.35193	
1.94855	6.35193	
1.94977	6.35284	
1.9519	6.35193	
1.94855	6.35223	
1.94824	6.35193	
1.95007	6.35315	
1.94611	6.35254	
1.94672	6.35223	
1.94824	6.35315	
1.94641	6.35284	
1.94885	6.35315	
1.94763	6.35284	
1.95465	6.35284	
1.95099	6.35284	
1.95068	6.35254	
1.95068	6.35315	
1.95282	6.35284	
1.94946	6.35315	
1.94885	6.35162	
1.9516	6.35193	
1.95099	6.35162	
1.94611	6.35284	
1.94946	6.35254	
1.9455	6.35193	
1.95282	6.35223	
1.94977	6.35254	
1.94885	6.35284	
1.95435	6.35223	
1.95038	6.35223	
1.95129	6.35284	
1.95007	6.35223	
1.95221	6.35223	
1.95068	6.35223	
1.94946	6.35223	
1.94519	6.35254	
1.94916	6.35254	
1.94672	6.35223	
1.94916	6.35254	
1.94489	6.35254	
1.94672	6.35223	
1.94885	6.35162	
1.94946	6.35223	
1.9516	6.35193	
1.95068	6.35284	
1.95099	6.35254	
1.94946	6.35223	
1.94733	6.35223	
1.9458	6.35162	
1.94946	6.35254	
1.94427	6.35223	
1.94977	6.35223	
1.94794	6.35254	
1.95129	6.35284	
1.94946	6.35223	
1.94702	6.35193	
1.94641	6.35254	
1.94916	6.35223	
1.94611	6.35223	
1.95007	6.35223	
1.94977	6.35223	
1.9519	6.35254	
1.94946	6.35162	
1.9458	6.35223	
1.95038	6.35162	
1.95068	6.35223	
1.94702	6.35284	
1.95007	6.35193	
1.94794	6.35162	
1.94916	6.35132	
1.94519	6.35132	
1.94733	6.35193	
1.94977	6.35193	
1.9458	6.35193	
1.95099	6.35254	
1.94611	6.35254	
1.94763	6.35254	
1.94855	6.35193	
1.95129	6.35254	
1.94916	6.35284	
1.94855	6.35254	
1.94946	6.35223	
1.94977	6.35193	
1.94885	6.35162	
1.94916	6.35284	
1.94611	6.35162	
1.94611	6.35162	
1.94916	6.35223	
1.94702	6.35162	
1.94977	6.35223	
1.94824	6.35162	
1.94733	6.35193	
1.94794	6.35254	
1.94885	6.35284	
1.95068	6.35132	
1.94794	6.35254	
1.94519	6.35132	
1.94855	6.35162	
1.9455	6.35132	
1.94672	6.35132	
1.94519	6.35162	
1.94916	6.35193	
1.94855	6.35223	
1.94794	6.35132	
1.94733	6.35193	
1.94824	6.35162	
1.94519	6.35132	
1.95068	6.35132	
1.94916	6.35101	
1.94611	6.35162	
1.9458	6.35162	
1.94733	6.35162	
1.94763	6.35132	
1.95343	6.35162	
1.94977	6.35193	
1.94946	6.35193	
1.94885	6.35132	
1.94611	6.35193	
1.9516	6.35162	
1.94977	6.35193	
1.94916	6.35071	
1.94794	6.35193	
1.94855	6.35132	
1.94855	6.35132	
1.94458	6.35132	
1.95068	6.35193	
1.94946	6.35223	
1.94733	6.35193	
1.94824	6.35132	
1.94733	6.35162	
1.94855	6.35132	
1.94305	6.35162	
1.94763	6.35193	
1.94611	6.35223	
1.94977	6.35162	
1.95007	6.35254	
1.94458	6.35223	
1.94824	6.35193	
1.94916	6.35193	
1.94885	6.35162	
1.94305	6.35132	
1.95221	6.35132	
1.94794	6.35162	
1.95007	6.35162	
1.94733	6.35162	
1.9455	6.35132	
1.94916	6.35193	
1.94916	6.35162	
1.94855	6.35193	
1.94458	6.35132	
1.94885	6.35193	
1.94458	6.35132	
1.94672	6.35101	
1.94702	6.35162	
1.95251	6.35132	
1.94885	6.35162	
1.94855	6.35132	
1.94763	6.35132	
1.95129	6.35162	
1.94733	6.35162	
1.94641	6.35101	
1.94763	6.35132	
1.94702	6.35101	
1.9519	6.35254	
1.94855	6.35132	
1.94885	6.35132	
1.94366	6.35101	
1.95312	6.35101	
1.94855	6.35254	
1.94916	6.35132	
1.9458	6.35132	
1.94489	6.35101	
1.9516	6.35223	
1.94916	6.35162	
1.94885	6.35132	
1.94427	6.35193	
1.95099	6.35132	
1.94733	6.35162	
1.94519	6.35162	
1.94885	6.35132	
1.94855	6.35132	
1.95007	6.35132	
1.94458	6.35132	
1.94885	6.35132	
1.94366	6.35162	
1.94824	6.35132	
1.94489	6.35132	
1.94763	6.35071	
1.94946	6.35101	
1.95221	6.35101	
1.94855	6.35101	
1.94824	6.35132	
1.95251	6.35101	
1.94519	6.35071	
1.9458	6.35132	
1.94641	6.35162	
1.95221	6.35132	
1.94916	6.35162	
1.94916	6.35162	
1.94458	6.35162	
1.94824	6.3504	
1.9458	6.35101	
1.94641	6.35193	
1.94824	6.35132	
1.95099	6.35193	
1.94946	6.35101	
1.94855	6.35162	
1.94305	6.35132	
1.94946	6.35223	
1.94489	6.35132	
1.94763	6.35193	
1.94885	6.35132	
1.94489	6.35162	
1.94611	6.35193	
1.94763	6.35162	
1.94489	6.35162	
1.95129	6.35193	
1.94977	6.35162	
1.94977	6.35132	
1.94885	6.35193	
1.94611	6.35132	
1.9455	6.35132	
1.94763	6.35132	
1.94519	6.35162	
1.94855	6.35162	
1.94427	6.35101	
1.9458	6.35132	
1.94611	6.35101	
1.94641	6.35162	
1.94702	6.35101	
1.94672	6.35101	
1.95129	6.35101	
1.94794	6.35101	
1.94977	6.35162	
1.94733	6.35071	
1.94794	6.35162	
1.94672	6.35132	
1.94733	6.35101	
1.95282	6.35132	
1.94397	6.35132	
1.94977	6.35132	
1.94916	6.35101	
1.94489	6.35071	
1.94519	6.35101	
1.94824	6.35132	
1.94672	6.35132	
1.95129	6.35071	
1.94641	6.35132	
1.94977	6.35132	
1.94916	6.35162	
1.95068	6.35101	
1.94519	6.35132	
1.94672	6.35071	
1.94763	6.35132	
1.94275	6.35101	
1.95038	6.35162	
1.94794	6.35162	
1.94916	6.35101	
1.94824	6.35162	
1.94641	6.3501	
1.94794	6.35101	
1.94855	6.35132	
1.94611	6.35101	
1.95221	6.35101	
1.94824	6.35132	
1.94916	6.35101	
1.94885	6.35162	
1.95038	6.35101	
1.94885	6.35132	
1.94641	6.35162	
1.94794	6.35162	
1.94855	6.35101	
1.94794	6.35162	
1.94794	6.35193	
1.94885	6.35132	
1.94427	6.35071	
1.94885	6.35071	
1.94397	6.3504	
1.94824	6.35132	
1.94458	6.35071	
1.94611	6.35071	
1.9455	6.35071	
1.94916	6.35132	
1.94824	6.35132	
1.94855	6.35101	
1.94641	6.35101	
1.94885	6.35071	
1.94885	6.3504	
1.94611	6.35071	
1.94733	6.35071	
1.94336	6.35101	
1.94794	6.35101	
1.94855	6.3504	
1.94275	6.35132	
1.94611	6.35071	
1.94427	6.35101	
1.94641	6.3504	
1.94794	6.35101	
1.95129	6.3504	
1.94641	6.35071	
1.94702	6.3501	
1.95068	6.35071	
1.94855	6.35071	
1.94855	6.35071	
1.9458	6.3504	
1.94641	6.3504	
1.94733	6.35101	
1.94611	6.35132	
1.94641	6.35101	
1.94824	6.3504	
1.94733	6.34979	
1.95007	6.35101	
1.94855	6.35101	
1.94305	6.35101	
1.94458	6.3504	
1.94611	6.35101	
1.94489	6.3504	
1.94855	6.35101	
1.94305	6.35132	
1.94397	6.3504	
1.94641	6.35101	
1.95068	6.35132	
1.94794	6.35071	
1.94672	6.3504	
1.9458	6.35071	
1.94641	6.35132	
1.94366	6.35071	
1.94641	6.35132	
1.94672	6.35071	
1.9458	6.35132	
1.94489	6.3501	
1.94641	6.35101	
1.9455	6.35071	
1.94916	6.3504	
1.94733	6.3504	
1.94489	6.35071	
1.94489	6.35071	
1.9455	6.35071	
1.94733	6.35071	
1.94733	6.35101	
1.94672	6.35071	
1.94397	6.3504	
1.94733	6.35101	
1.94427	6.35071	
1.94702	6.3504	
1.94794	6.3504	
1.9458	6.3504	
1.94672	6.3504	
1.94672	6.35132	
1.95099	6.35101	
1.94794	6.3504	
1.94489	6.35132	
1.94611	6.35071	
1.94641	6.3504	
1.94855	6.35132	
1.94611	6.35071	
1.94672	6.35071	
1.9458	6.3504	
1.94611	6.35132	
1.94336	6.3504	
1.9455	6.35101	
1.94702	6.35101	
1.95099	6.35101	
1.94672	6.3501	
1.9455	6.34949	
1.94733	6.3504	
1.9516	6.3504	
1.9455	6.35071	
1.94733	6.35071	
1.94458	6.34979	
1.9458	6.35071	
1.94824	6.3501	
1.94397	6.3504	
1.94519	6.3501	
1.94611	6.35071	
1.95129	6.3504	
1.94824	6.3501	
1.94519	6.34979	
1.9458	6.3501	
1.94489	6.3504	
1.95007	6.35071	
1.94733	6.34979	
1.94611	6.35071	
1.94366	6.3504	
1.95099	6.3501	
1.9458	6.3504	
1.94824	6.3501	
1.9455	6.34979	
1.94458	6.35101	
1.94855	6.3501	
1.94702	6.3504	
1.94702	6.35071	
1.94427	6.34979	
1.94733	6.35071	
1.94611	6.35101	
1.94305	6.35101	
1.94855	6.3504	
1.94489	6.34979	
1.9458	6.3504	
1.94733	6.35071	
1.94366	6.3504	
1.94519	6.3504	
1.94641	6.3501	
1.94519	6.3504	
1.95099	6.3501	
1.94733	6.35071	
1.94305	6.3501	
1.9455	6.3504	
1.94641	6.35071	
1.9458	6.3501	
1.94275	6.34979	
1.9458	6.3501	
1.94641	6.35101	
1.94794	6.35071	
1.94885	6.3504	
1.94672	6.3504	
1.94458	6.34979	
1.94427	6.3501	
1.94641	6.3504	
1.94763	6.3504	
1.94366	6.3504	
1.94641	6.3501	
1.94611	6.35071	
1.94214	6.34979	
1.94885	6.35071	
1.94641	6.3504	
1.94427	6.3504	
1.94763	6.3501	
1.94763	6.34979	
1.94763	6.35071	
1.94397	6.3504	
1.94733	6.3504	
1.94702	6.35071	
1.94611	6.35071	
1.94977	6.35071	
1.94733	6.3504	
1.94427	6.3504	
1.94427	6.3501	
1.9455	6.3504	
1.95099	6.3504	
1.94458	6.3504	
1.94702	6.34979	
1.94519	6.3504	
1.95038	6.3504	
1.94611	6.34949	
1.94672	6.3501	
1.94611	6.35071	
1.94489	6.3504	
1.94641	6.3504	
1.94611	6.35071	
1.94366	6.3501	
1.9458	6.3504	
1.94489	6.35071	
1.94244	6.3501	
1.94672	6.35101	
1.9455	6.35071	
1.94427	6.34949	
1.94366	6.3504	
1.9458	6.3504	
1.94946	6.35071	
1.94641	6.3501	
1.94427	6.35071	
1.94519	6.34979	
1.94183	6.3504	
1.94946	6.3504	
1.94672	6.35101	
1.94458	6.3504	
1.94336	6.34979	
1.94611	6.3504	
1.94366	6.3504	
1.94366	6.3504	
1.94366	6.35071	
1.9455	6.34979	
1.94092	6.3504	
1.94916	6.35071	
1.94672	6.3501	
1.94519	6.3504	
1.94366	6.35101	
1.94641	6.3504	
1.94153	6.3501	
1.94275	6.3501	
1.94702	6.3501	
1.94397	6.34979	
1.9455	6.34888	
1.94183	6.34918	
1.9458	6.34918	
1.94275	6.3501	
1.94702	6.34949	
1.9455	6.34979	
1.94275	6.34918	
1.94885	6.34949	
1.94611	6.3501	
1.9458	6.34979	
1.9455	6.3504	
1.94855	6.34918	
1.94489	6.34888	
1.9455	6.34979	
1.94611	6.3501	
1.94305	6.34918	
1.94489	6.34979	
1.95007	6.34918	
1.94366	6.34918	
1.94519	6.34949	
1.94519	6.34979	
1.94885	6.34949	
1.94458	6.34918	
1.94183	6.34949	
1.94672	6.34949	
1.94458	6.34949	
1.94122	6.34949	
1.94244	6.34888	
1.94733	6.34949	
1.94458	6.3501	
1.94519	6.3501	
1.94183	6.3501	
1.94672	6.34918	
1.9458	6.34979	
1.94611	6.34979	
1.9458	6.34979	
1.94122	6.34979	
1.94885	6.34979	
1.94214	6.3501	
1.94366	6.3501	
1.94458	6.3501	
1.94092	6.34979	
1.94733	6.3501	
1.9458	6.34918	
1.9458	6.34918	
1.94366	6.34918	
1.94366	6.34979	
1.9458	6.34979	
1.94092	6.34918	
1.94336	6.3501	
1.94489	6.3501	
1.94122	6.34979	
1.94733	6.3501	
1.94672	6.3501	
1.94336	6.3504	
1.94427	6.34979	
1.94641	6.3501	
1.94244	6.34979	
1.94855	6.3504	
1.94153	6.3501	
1.94458	6.34918	
1.9458	6.34918	
1.94519	6.34918	
1.9397	6.34888	
1.94946	6.34918	
1.9455	6.34979	
1.94366	6.34949	
1.94611	6.34949	
1.94427	6.34949	
1.94214	6.34918	
1.94885	6.34949	
1.94092	6.34949	
1.94305	6.34949	
1.94427	6.34979	
1.94	6.34949	
1.94977	6.34949	
1.94519	6.34918	
1.9458	6.34918	
1.94244	6.34979	
1.94641	6.34857	
1.94214	6.34949	
1.94794	6.34949	
1.94672	6.34979	
1.94489	6.3501	
1.94489	6.3501	
1.94092	6.3501	
1.9458	6.3504	
1.94489	6.3501	
1.94397	6.34979	
1.94305	6.3504	
1.94458	6.34979	
1.94427	6.34979	
1.94763	6.34888	
1.94244	6.34918	
1.94336	6.34918	
1.94458	6.34918	
1.94305	6.34888	
1.94916	6.34979	
1.94489	6.34979	
1.94183	6.34888	
1.94672	6.34918	
1.94336	6.34857	
1.9455	6.34888	
1.94061	6.34979	
1.94733	6.34888	
1.94366	6.34918	
1.94336	6.34888	
1.94519	6.34888	
1.94427	6.34918	
1.94397	6.34918	
1.9458	6.34949	
1.94489	6.34918	
1.94183	6.34888	
1.94702	6.34918	
1.94366	6.34918	
1.94489	6.34949	
1.94336	6.34888	
1.94733	6.34918	
1.94611	6.34918	
1.94519	6.34949	
1.94458	6.34888	
1.9397	6.34857	
1.94946	6.34979	
1.94641	6.34888	
1.94336	6.34857	
1.9458	6.34888	
1.94305	6.34949	
1.94489	6.34918	
1.94092	6.34888	
1.94855	6.34888	
1.94489	6.34949	
1.94458	6.34888	
1.94489	6.34918	
1.94366	6.34888	
1.94519	6.34918	
1.94275	6.34949	
1.94611	6.34949	
1.94519	6.34888	
1.94183	6.34888	
1.94794	6.34918	
1.9458	6.34827	
1.94489	6.34857	
1.94214	6.34918	
1.94885	6.34888	
1.94611	6.34979	
1.94336	6.34857	
1.94183	6.34857	
1.94458	6.34888	
1.94519	6.34888	
1.94244	6.34888	
1.94397	6.34857	
1.94427	6.34888	
1.94702	6.34857	
1.94366	6.34888	
1.94336	6.34888	
1.94519	6.34888	
1.94336	6.34979	
1.9455	6.34949	
1.94611	6.34796	
1.94336	6.34888	
1.94366	6.34888	
1.94489	6.34888	
1.94427	6.34949	
1.94458	6.34857	
1.94427	6.34949	
1.94092	6.34857	
1.94427	6.34857	
1.94519	6.34827	
1.94122	6.34949	
1.94733	6.34888	
1.94458	6.34918	
1.94458	6.34857	
1.94336	6.34888	
1.94824	6.34857	
1.94519	6.34888	
1.94458	6.34918	
1.94244	6.34918	
1.94489	6.34888	
1.94122	6.34949	
1.94275	6.34918	
1.9458	6.34918	
1.94397	6.34918	
1.94397	6.34888	
1.94946	6.3501	
1.9455	6.34857	
1.94092	6.34796	
1.94153	6.34827	
1.94397	6.34918	
1.94183	6.34857	
1.9397	6.34888	
1.94489	6.34827	
1.94366	6.34827	
1.93909	6.34857	
1.94336	6.34949	
1.94122	6.34857	
1.94519	6.34888	
1.94214	6.34857	
1.94214	6.34888	
1.94733	6.34857	
1.94519	6.34827	
1.94244	6.34888	
1.94305	6.34857	
1.93909	6.34857	
1.94855	6.34888	
1.94458	6.34857	
1.94366	6.34857	
1.94214	6.34857	
1.94122	6.34888	
1.94122	6.34857	
1.94366	6.34888	
1.94489	6.34827	
1.9397	6.34796	
1.94672	6.34888	
1.94519	6.34888	
1.94	6.34918	
1.94611	6.34827	
1.94397	6.34857	
1.94366	6.34857	
1.94214	6.34918	
1.94	6.34888	
1.94336	6.34857	
1.94366	6.34857	
1.93939	6.34857	
1.94397	6.34918	
1.94519	6.34888	
1.94489	6.34918	
1.94214	6.34888	
1.94336	6.34857	
1.94794	6.34949	
1.94153	6.34857	
1.94275	6.34857	
1.94458	6.34827	
1.94427	6.34888	
1.9397	6.34857	
1.94427	6.34918	
1.94244	6.34888	
1.94153	6.34888	
1.94153	6.34888	
1.94336	6.34888	
1.93939	6.34827	
1.94702	6.34888	
1.9455	6.34827	
1.94244	6.34857	
1.94305	6.34888	
1.9397	6.34827	
1.94733	6.34918	
1.94489	6.34857	
1.94214	6.34888	
1.94489	6.34918	
1.94458	6.34888	
1.94122	6.34857	
1.94366	6.34857	
1.94122	6.34827	
1.94519	6.34888	
1.94489	6.34857	
1.94305	6.34949	
1.93848	6.34857	
1.94855	6.34888	
1.94397	6.34857	
1.9397	6.34888	
1.9455	6.34857	
1.94183	6.34918	
1.94305	6.34918	
1.94458	6.34857	
1.94031	6.34857	
1.94366	6.34857	
1.94305	6.34888	
1.93848	6.34857	
1.94763	6.34857	
1.94305	6.34766	
1.94183	6.34827	
1.94153	6.34827	
1.94305	6.34796	
1.94061	6.34827	
1.94214	6.34888	
1.94397	6.34827	
1.94336	6.34827	
1.94275	6.34888	
1.94	6.34857	
1.94427	6.34857	
1.94183	6.34796	
1.94427	6.34857	
1.94092	6.34796	
1.94183	6.34827	
1.9458	6.34918	
1.9397	6.34888	
1.94244	6.34888	
1.94366	6.34918	
1.94305	6.34918	
1.93909	6.34857	
1.94427	6.34888	
1.93878	6.34827	
1.94427	6.34827	
1.94214	6.34827	
1.94305	6.34888	
1.93878	6.34827	
1.94641	6.34857	
1.94092	6.34857	
1.94153	6.34857	
1.94244	6.34888	
1.93878	6.34888	
1.9458	6.34888	
1.94397	6.34888	
1.94275	6.34918	
1.94092	6.34857	
1.94366	6.34949	
1.93939	6.34857	
1.94519	6.34888	
1.94397	6.34949	
1.94153	6.34857	
1.94366	6.34857	
1.94244	6.34827	
1.94458	6.34857	
1.94214	6.34857	
1.94366	6.34949	
1.93909	6.34857	
1.94458	6.34888	
1.94214	6.34857	
1.94244	6.34918	
1.93878	6.34857	
1.9458	6.34888	
1.94	6.34888	
1.94214	6.34888	
1.94336	6.34888	
1.94397	6.34827	
1.93878	6.34796	
1.94702	6.34796	
1.94366	6.34735	
1.94061	6.34796	
1.94427	6.34766	
1.94061	6.34796	
1.94427	6.34796	
1.94153	6.34735	
1.94733	6.34857	
1.9397	6.34766	
1.94519	6.34796	
1.94153	6.34766	
1.94397	6.34796	
1.94244	6.34796	
1.93848	6.34827	
1.94611	6.34796	
1.94305	6.34796	
1.94397	6.34766	
1.93939	6.34796	
1.94397	6.34796	
1.94183	6.34796	
1.94275	6.34766	
1.93909	6.34796	
1.94611	6.34796	
1.94061	6.34796	
1.94153	6.34857	
1.94275	6.34827	
1.94336	6.34705	
1.94	6.34705	
1.94489	6.34796	
1.94427	6.34705	
1.9397	6.34705	
1.94458	6.34796	
1.9397	6.34796	
1.94214	6.34888	
1.93878	6.34705	
1.94519	6.34735	
1.93878	6.34705	
1.94366	6.34796	
1.94275	6.34766	
1.94305	6.34796	
1.94427	6.34766	
1.94244	6.34827	
1.94366	6.34827	
1.94	6.34827	
1.94275	6.34705	
1.94092	6.34796	
1.94336	6.34766	
1.93939	6.34857	
1.94519	6.34766	
1.94061	6.34827	
1.94366	6.34766	
1.94305	6.34796	
1.94275	6.34796	
1.94061	6.34705	
1.9458	6.34705	
1.94427	6.34735	
1.94	6.34857	
1.94244	6.34857	
1.94183	6.34827	
1.94153	6.34857	
1.94336	6.34766	
1.94	6.34766	
1.94	6.34766	
1.9455	6.34735	
1.93878	6.34735	
1.94397	6.34827	
1.94122	6.34796	
1.94275	6.34796	
1.94183	6.34766	
1.93756	6.34827	
1.94489	6.34796	
1.94244	6.34857	
1.93909	6.34796	
1.94397	6.34766	
1.94214	6.34857	
1.94336	6.34766	
1.94183	6.34766	
1.93939	6.34796	
1.94672	6.34827	
1.9397	6.34796	
1.94214	6.34796	
1.94214	6.34796	
1.94153	6.34735	
1.94183	6.34735	
1.93756	6.34705	
1.94397	6.34827	
1.94458	6.34766	
1.93939	6.34766	
1.94397	6.34796	
1.94122	6.34796	
1.94244	6.34796	
1.94	6.34766	
1.94702	6.34796	
1.94305	6.34827	
1.94336	6.34766	
1.94061	6.34827	
1.94366	6.34766	
1.94244	6.34796	
1.93939	6.34735	
1.93939	6.34674	
1.94519	6.34735	
1.94336	6.34766	
1.93878	6.34766	
1.94366	6.34796	
1.94	6.34766	
1.94092	6.34766	
1.94244	6.34735	
1.93756	6.34735	
1.94153	6.34766	
1.93848	6.34766	
1.94336	6.34705	
1.94183	6.34735	
1.94183	6.34796	
1.94061	6.34766	
1.94	6.34766	
1.94489	6.34705	
1.94122	6.34705	
1.94092	6.34766	
1.93848	6.34705	
1.94458	6.34766	
1.94031	6.34766	
1.94336	6.34674	
1.94153	6.34735	
1.93939	6.34735	
1.94611	6.34705	
1.93848	6.34735	
1.94244	6.34766	
1.94092	6.34735	
1.94244	6.34705	
1.94183	6.34735	
1.9397	6.34766	
1.93665	6.34735	
1.9397	6.34766	
1.94672	6.34766	
1.94153	6.34766	
1.94275	6.34674	
1.94153	6.34735	
1.9397	6.34796	
1.94366	6.34735	
1.94	6.34735	
1.94214	6.34766	
1.94153	6.34796	
1.94183	6.34766	
1.93756	6.34674	
1.9458	6.34766	
1.94519	6.34766	
1.9397	6.34796	
1.93909	6.34827	
1.94153	6.34705	
1.94092	6.34766	
1.94183	6.34735	
1.94122	6.34796	
1.93665	6.34766	
1.94183	6.34705	
1.94519	6.34735	
1.94244	6.34674	
1.94122	6.34705	
1.94214	6.34735	
1.94336	6.34766	
1.94153	6.34766	
1.93939	6.34766	
1.94061	6.34766	
1.94244	6.34735	
1.93756	6.34766	
1.94031	6.34766	
1.94214	6.34766	
1.93878	6.34796	
1.94275	6.34827	
1.94183	6.34766	
1.94122	6.34796	
1.94183	6.34735	
1.94214	6.34766	
1.93665	6.34735	
1.94611	6.34766	
1.94183	6.34705	
1.94305	6.34705	
1.94275	6.34796	
1.93848	6.34766	
1.94122	6.34735	
1.94275	6.34766	
1.94214	6.34766	
1.94	6.34766	
1.94153	6.34766	
1.94214	6.34674	
1.94153	6.34766	
1.93695	6.34735	
1.94489	6.34705	
1.93909	6.34735	
1.93817	6.34705	
1.94153	6.34705	
1.94153	6.34796	
1.94031	6.34705	
1.94122	6.34705	
1.93634	6.34766	
1.93665	6.34705	
1.94458	6.34705	
1.94122	6.34735	
1.94153	6.34766	
1.94061	6.34735	
1.93909	6.34735	
1.94244	6.34705	
1.94122	6.34766	
1.93909	6.34735	
1.94153	6.34766	
1.94092	6.34766	
1.93695	6.34735	
1.94489	6.34766	
1.94122	6.34735	
1.93756	6.34735	
1.93726	6.34766	
1.94244	6.34674	
1.94	6.34705	
1.94214	6.34735	
1.94122	6.34644	
1.94061	6.34705	
1.93756	6.34735	
1.94519	6.34766	
1.9455	6.34735	
1.94122	6.34735	
1.94214	6.34705	
1.94214	6.34766	
1.93756	6.34766	
1.94092	6.34705	
1.94275	6.34796	
1.93939	6.34674	
1.93909	6.34644	
1.94122	6.34705	
1.94153	6.34766	
1.93909	6.34735	
1.94489	6.34766	
1.93878	6.34766	
1.93848	6.34705	
1.94122	6.34674	
1.94061	6.34644	
1.94092	6.34674	
1.94092	6.34735	
1.93756	6.34705	
1.94489	6.34705	
1.94214	6.34644	
1.94153	6.34705	
1.93878	6.34766	
1.93909	6.34644	
1.94244	6.34674	
1.93909	6.34735	
1.94153	6.34674	
1.93634	6.34674	
1.94458	6.34674	
1.9397	6.34735	
1.94	6.34674	
1.94	6.34705	
1.9397	6.34705	
1.94061	6.34674	
1.94031	6.34674	
1.93634	6.34674	
1.94244	6.34766	
1.94366	6.34705	
1.94061	6.34735	
1.94122	6.34735	
1.93756	6.34705	
1.94153	6.34644	
1.94183	6.34796	
1.9397	6.34735	
1.94092	6.34705	
1.94122	6.34766	
1.93939	6.34705	
1.93665	6.34705	
1.94397	6.34674	
1.94	6.34705	
1.93726	6.34674	
1.94	6.34705	
1.94153	6.34735	
1.94153	6.34766	
1.94153	6.34674	
1.94	6.34705	
1.94031	6.34766	
1.93665	6.34705	
1.93726	6.34796	
1.94214	6.34674	
1.94519	6.34735	
1.94	6.34766	
1.94214	6.34766	
1.93878	6.34766	
1.93726	6.34735	
1.93909	6.34766	
1.94214	6.34827	
1.94153	6.34705	
1.93909	6.34674	
1.94092	6.34705	
1.94122	6.34766	
1.93848	6.34766	
1.94366	6.34766	
1.94061	6.34674	
1.93939	6.34705	
1.94122	6.34674	
1.93878	6.34766	
1.94092	6.34674	
1.94153	6.34644	
1.94153	6.34735	
1.94	6.34644	
1.94092	6.34674	
1.94153	6.34705	
1.93604	6.34674	
1.93756	6.34735	
1.94366	6.34674	
1.94153	6.34644	
1.94	6.34674	
1.94153	6.34705	
1.94122	6.34644	
1.93909	6.34735	
1.93756	6.34796	
1.94122	6.34705	
1.94214	6.34705	
1.94214	6.34735	
1.93878	6.34644	
1.9397	6.34735	
1.94092	6.34705	
1.93848	6.34674	
1.94214	6.34705	
1.94	6.34705	
1.93878	6.34705	
1.94183	6.34644	
1.9397	6.34705	
1.94092	6.34583	
1.94153	6.34735	
1.94092	6.34766	
1.94153	6.34644	
1.93573	6.34674	
1.93573	6.34705	
1.94366	6.34674	
1.94458	6.34705	
1.94061	6.34705	
1.94031	6.34613	
1.93909	6.34583	
1.93634	6.34674	
1.94	6.34644	
1.94061	6.34583	
1.93787	6.34644	
1.94061	6.34583	
1.9397	6.34705	
1.93787	6.34705	
1.93726	6.34583	
1.93665	6.34644	
1.94458	6.34613	
1.94214	6.34644	
1.93878	6.34583	
1.94031	6.34644	
1.93939	6.34644	
1.94	6.34644	
1.9397	6.34644	
1.94	6.34613	
1.93481	6.34644	
1.93665	6.34705	
1.94122	6.34674	
1.94153	6.34674	
1.93909	6.34674	
1.94061	6.34613	
1.93695	6.34674	
1.93848	6.34674	
1.94153	6.34644	
1.94	6.34644	
1.93756	6.34644	
1.94061	6.34644	
1.94061	6.34613	
1.93878	6.34644	
1.93878	6.34644	
1.93695	6.34644	
1.94489	6.34644	
1.94244	6.34674	
1.93848	6.34583	
1.94	6.34583	
1.94031	6.34674	
1.9397	6.34644	
1.93939	6.34644	
1.93909	6.34644	
1.94	6.34705	
1.94031	6.34613	
1.9397	6.34644	
1.93909	6.34644	
1.94061	6.34583	
1.93909	6.34644	
1.94031	6.34644	
1.93726	6.34613	
1.94092	6.34613	
1.94183	6.34705	
1.93878	6.34674	
1.94031	6.34644	
1.94	6.34583	
1.94	6.34552	
1.93665	6.34705	
1.93665	6.34552	
1.94183	6.34552	
1.9397	6.34644	
1.93787	6.34613	
1.94	6.34613	
1.93878	6.34613	
1.94061	6.34613	
1.94	6.34705	
1.9397	6.34613	
1.93604	6.34674	
1.94336	6.34644	
1.94305	6.34644	
1.93634	6.34613	
1.94092	6.34613	
1.94092	6.34613	
1.94	6.34613	
1.93939	6.34552	
1.94	6.34644	
1.93939	6.34644	
1.94	6.34674	
1.93939	6.34644	
1.93573	6.34552	
1.93512	6.34583	
1.93695	6.34613	
1.94336	6.34644	
1.94244	6.34583	
1.94092	6.34521	
1.94061	6.34613	
1.93909	6.34583	
1.94031	6.34583	
1.93939	6.34644	
1.93634	6.34613	
1.93634	6.34613	
1.94031	6.34644	
1.94	6.34613	
1.93726	6.34613	
1.93848	6.34583	
1.94	6.34674	
1.93756	6.34613	
1.93573	6.34644	
1.93542	6.34613	
1.94092	6.34644	
1.94183	6.34644	
1.93878	6.34583	
1.93665	6.34674	
1.93939	6.34613	
1.94	6.34583	
1.94122	6.34583	
1.94031	6.34583	
1.93817	6.34613	
1.93848	6.34644	
1.94	6.34674	
1.94031	6.34644	
1.93848	6.34583	
1.93909	6.34583	
1.93512	6.34583	
1.93573	6.34521	
1.93512	6.34644	
1.93512	6.34583	
1.93604	6.34613	
1.94031	6.34674	
1.94397	6.34583	
1.94366	6.34644	
1.94183	6.34644	
1.93909	6.34644	
1.93939	6.34644	
1.94092	6.34613	
1.94	6.34644	
1.93726	6.34644	
1.93665	6.34674	
1.93604	6.34613	
1.94122	6.34613	
1.9397	6.34583	
1.93695	6.34644	
1.93939	6.34583	
1.94061	6.34644	
1.94092	6.34613	
1.93909	6.34552	
1.93848	6.34613	
1.93604	6.34583	
1.93634	6.34613	
1.94122	6.34644	
1.94336	6.34674	
1.93695	6.34644	
1.93787	6.34583	
1.94092	6.34552	
1.93878	6.34705	
1.94061	6.34613	
1.94031	6.34613	
1.94031	6.34674	
1.93878	6.34613	
1.9397	6.34583	
1.93512	6.34583	
1.9342	6.34613	
1.93573	6.34583	
1.94061	6.34674	
1.94244	6.34613	
1.94214	6.34613	
1.94183	6.34644	
1.93939	6.34644	
1.93878	6.34613	
1.93909	6.34644	
1.93878	6.34613	
1.94031	6.34644	
1.94	6.34644	
1.93756	6.34613	
1.93726	6.34583	
1.93726	6.34583	
1.93573	6.34613	
1.93665	6.34613	
1.93665	6.34613	
1.93573	6.34644	
1.93604	6.34644	
1.94	6.34583	
1.94092	6.34674	
1.94183	6.34613	
1.93756	6.34552	
1.93726	6.34613	
1.93726	6.34674	
1.93756	6.34552	
1.93787	6.34613	
1.93878	6.34613	
1.93939	6.34644	
1.94061	6.34552	
1.93878	6.34644	
1.93756	6.34644	
1.93512	6.34552	
1.93512	6.34552	
1.93573	6.34613	
1.94214	6.34613	
1.94244	6.34583	
1.93787	6.34583	
1.93695	6.34613	
1.93848	6.34674	
1.93756	6.34552	
1.93542	6.34613	
1.93634	6.34644	
1.93573	6.34583	
1.93817	6.34583	
1.94092	6.34613	
1.93909	6.34644	
1.93756	6.34613	
1.93817	6.34583	
1.9397	6.34613	
1.9397	6.34583	
1.93939	6.34644	
1.93909	6.34613	
1.93909	6.34613	
1.9397	6.34583	
1.93634	6.34552	
1.93848	6.34644	
1.94153	6.34583	
1.94366	6.3446	
1.94275	6.34521	
1.93848	6.34521	
1.93878	6.34552	
1.93909	6.34521	
1.9397	6.34583	
1.94061	6.34521	
1.93878	6.34521	
1.93542	6.34521	
1.93848	6.34552	
1.93878	6.34644	
1.94	6.34521	
1.93939	6.34521	
1.93909	6.34521	
1.93542	6.34491	
1.93756	6.34583	
1.93665	6.34552	
1.93817	6.34583	
1.93939	6.34552	
1.93817	6.34583	
1.93695	6.34583	
1.93604	6.34521	
1.93695	6.34552	
1.93695	6.34583	
1.94275	6.34552	
1.94244	6.34613	
1.93939	6.34613	
1.93604	6.34583	
1.93695	6.34613	
1.93481	6.34521	
1.93604	6.34491	
1.93634	6.34552	
1.94	6.34583	
1.93878	6.34583	
1.93787	6.34583	
1.93787	6.34613	
1.93909	6.34583	
1.93848	6.34521	
1.93909	6.34613	
1.93909	6.34521	
1.9339	6.34583	
1.93604	6.34552	
1.94275	6.34644	
1.93878	6.34552	
1.93878	6.34583	
1.93848	6.34521	
1.93878	6.34644	
1.93878	6.34521	
1.94061	6.34613	
1.9397	6.34552	
1.93848	6.34583	
1.93695	6.34613	
1.93634	6.34552	
1.93695	6.34583	
1.93756	6.34583	
1.94031	6.34583	
1.93909	6.34583	
1.93909	6.34491	
1.94	6.34491	
1.9397	6.34491	
1.93909	6.34552	
1.93634	6.34552	
1.93542	6.34583	
1.93634	6.34552	
1.93787	6.34491	
1.93726	6.34491	
1.93909	6.3446	
1.93726	6.34552	
1.93695	6.34521	
1.93756	6.34491	
1.93909	6.34552	
1.9397	6.34552	
1.93909	6.34552	
1.93909	6.34521	
1.93939	6.34583	
1.93787	6.34583	
1.93787	6.34552	
1.93878	6.34552	
1.93909	6.34521	
1.93878	6.34521	
1.93909	6.34583	
1.93756	6.34583	
1.9342	6.34583	
1.93451	6.34583	
1.9342	6.34583	
1.93665	6.34583	
1.93939	6.34552	
1.94244	6.34583	
1.94092	6.34521	
1.93451	6.3446	
1.93695	6.3446	
1.94061	6.34491	
1.93848	6.3446	
1.93787	6.3446	
1.93695	6.34521	
1.93787	6.3446	
1.93909	6.3446	
1.93939	6.3443	
1.93909	6.34521	
1.93909	6.34521	
1.93848	6.3443	
1.93756	6.34369	
1.93787	6.34399	
1.93481	6.34552	
1.93359	6.34583	
1.94122	6.3446	
1.93939	6.34521	
1.94244	6.34521	
1.94244	6.3446	
1.9397	6.3446	
1.94	6.34491	
1.93756	6.3443	
1.93787	6.34491	
1.93939	6.34521	
1.93939	6.34521	
1.93939	6.34521	
1.93878	6.34491	
1.93787	6.34491	
1.93481	6.34521	
1.93451	6.3446	
1.93542	6.34399	
1.93512	6.3446	
1.93512	6.3443	
1.93634	6.34491	
1.93787	6.34491	
1.93909	6.3446	
1.93848	6.34521	
1.93756	6.34491	
1.93909	6.3443	
1.9397	6.3443	
1.94	6.3443	
1.94122	6.3443	
1.93909	6.3446	
1.93787	6.3446	
1.93573	6.34491	
1.93512	6.3446	
1.93695	6.34521	
1.93939	6.34491	
1.94031	6.34552	
1.93848	6.34521	
1.93878	6.3446	
1.93909	6.3446	
1.93878	6.3446	
1.93787	6.34583	
1.93817	6.34552	
1.93787	6.34521	
1.93909	6.34552	
1.93756	6.3446	
1.93756	6.34552	
1.93848	6.34491	
1.93939	6.34552	
1.93756	6.34491	
1.93665	6.34613	
1.93634	6.34552	
1.93451	6.34583	
1.93634	6.34521	
1.9342	6.34521	
1.93604	6.34552	
1.94122	6.34583	
1.94153	6.3443	
1.94092	6.34491	
1.94	6.3446	
1.9342	6.34491	
1.93848	6.34491	
1.93878	6.34491	
1.93604	6.34491	
1.93787	6.34491	
1.93848	6.34491	
1.93634	6.34552	
1.93756	6.3446	
1.93726	6.3446	
1.93726	6.34491	
1.93726	6.3446	
1.93848	6.3446	
1.93787	6.3446	
1.93695	6.34491	
1.93573	6.34491	
1.9339	6.34491	
1.93268	6.34491	
1.93634	6.34552	
1.94214	6.3446	
1.94244	6.34491	
1.94183	6.34583	
1.94183	6.34491	
1.93848	6.34521	
1.93726	6.34521	
1.93787	6.3446	
1.93695	6.3446	
1.93848	6.3443	
1.93787	6.34521	
1.93573	6.34521	
1.93634	6.34491	
1.93512	6.3446	
1.93909	6.34491	
1.94	6.34552	
1.93756	6.34491	
1.93878	6.34521	
1.93909	6.34521	
1.93939	6.3446	
1.93939	6.34491	
1.93756	6.34552	
1.93512	6.3446	
1.93573	6.3446	
1.93634	6.3443	
1.93665	6.34491	
1.93695	6.3446	
1.93695	6.3446	
1.93695	6.3446	
1.93817	6.34521	
1.93604	6.3443	
1.93665	6.34521	
1.93634	6.3446	
1.93573	6.3443	
1.93634	6.3443	
1.93634	6.3446	
1.93512	6.34369	
1.93634	6.34399	
1.93726	6.3446	
1.93695	6.3443	
1.93726	6.3446	
1.93756	6.3446	
1.93848	6.3443	
1.93878	6.34491	
1.93634	6.3446	
1.93665	6.3443	
1.93878	6.3443	
1.93787	6.3443	
1.93756	6.34491	
1.93878	6.34491	
1.93878	6.3446	
1.93848	6.3443	
1.93726	6.34491	
1.93665	6.34399	
1.93481	6.3443	
1.93817	6.3443	
1.93726	6.3443	
1.93848	6.34491	
1.93756	6.3446	
1.93665	6.3446	
1.93695	6.34491	
1.93756	6.3443	
1.93665	6.34338	
1.93542	6.3443	
1.93573	6.3443	
1.93481	6.3443	
1.93481	6.3443	
1.93512	6.3446	
1.93726	6.34491	
1.93756	6.3443	
1.93634	6.3446	
1.93573	6.3446	
1.9339	6.3443	
1.93542	6.3446	
1.93695	6.3443	
1.93665	6.34521	
1.93573	6.3446	
1.93359	6.3446	
1.93481	6.34399	
1.9342	6.3443	
1.93268	6.34338	
1.93298	6.3446	
1.93665	6.34491	
1.93481	6.34399	
1.94031	6.34491	
1.93573	6.3446	
1.93512	6.34399	
1.93634	6.34399	
1.93634	6.34491	
1.93665	6.3443	
1.93848	6.34491	
1.93939	6.34521	
1.94122	6.3446	
1.94122	6.3446	
1.93817	6.3443	
1.93329	6.3446	
1.9339	6.34491	
1.93512	6.3446	
1.93298	6.3443	
1.93481	6.34399	
1.93848	6.3443	
1.93726	6.34491	
1.93878	6.3446	
1.93665	6.3443	
1.93848	6.3446	
1.93848	6.34399	
1.93726	6.3446	
1.93726	6.3446	
1.93665	6.3443	
1.93756	6.34491	
1.93634	6.34399	
1.93787	6.34369	
1.93665	6.34491	
1.93542	6.34491	
1.93329	6.3443	
1.93298	6.3446	
1.93268	6.34369	
1.93451	6.3446	
1.93359	6.3443	
1.93542	6.34491	
1.9339	6.3443	
1.93573	6.3446	
1.93726	6.34491	
1.93695	6.3443	
1.93298	6.34491	
1.9342	6.3446	
1.93359	6.3446	
1.93329	6.3443	
1.93359	6.34491	
1.93909	6.34521	
1.93756	6.3443	
1.93298	6.3446	
1.9339	6.3443	
1.93451	6.34491	
1.93268	6.34399	
1.93695	6.34491	
1.94061	6.34521	
1.93329	6.34491	
1.9339	6.3443	
1.93298	6.3446	
1.93268	6.34399	
1.93634	6.34491	
1.93756	6.34399	
1.93695	6.3446	
1.93634	6.3446	
1.93726	6.34521	
1.93726	6.3446	
1.93542	6.3443	
1.9339	6.3446	
1.93756	6.34399	
1.93787	6.34399	
1.93756	6.3443	
1.9342	6.3446	
1.93268	6.3443	
1.93359	6.3443	
1.93359	6.3446	
1.93604	6.3443	
1.93787	6.3446	
1.93634	6.34399	
1.93634	6.3443	
1.93726	6.3443	
1.94092	6.3446	
1.94122	6.3446	
1.94122	6.34369	
1.94031	6.3443	
1.9397	6.34491	
1.9397	6.3443	
1.93848	6.3443	
1.93695	6.3443	
1.94092	6.3446	
1.93939	6.3446	
1.93573	6.3443	
1.93329	6.34521	
1.93329	6.3446	
1.93542	6.3443	
1.93512	6.34399	
1.93665	6.3446	
1.93512	6.3443	
1.93573	6.3443	
1.93695	6.3443	
1.93756	6.3443	
1.93787	6.34521	
1.93634	6.34491	
1.93695	6.3443	
1.93665	6.3443	
1.93542	6.34399	
1.93542	6.34491	
1.93665	6.34491	
1.93787	6.3446	
1.93756	6.3443	
1.93604	6.34399	
1.93481	6.3443	
1.9342	6.34399	
1.93756	6.34491	
1.93878	6.34491	
1.94061	6.3443	
1.93878	6.3446	
1.93909	6.3443	
1.93359	6.3443	
1.93359	6.34369	
1.9342	6.34338	
1.93359	6.34399	
1.93634	6.3443	
1.93726	6.3446	
1.93695	6.3446	
1.93451	6.34399	
1.9339	6.34369	
1.9342	6.34399	
1.9342	6.34308	
1.93542	6.34369	
1.93726	6.34369	
1.93695	6.3443	
1.93848	6.3443	
1.93512	6.34399	
1.93207	6.34369	
1.93542	6.3446	
1.93542	6.34338	
1.93726	6.3443	
1.93542	6.34399	
1.93817	6.34338	
1.94092	6.3443	
1.93787	6.34399	
1.9397	6.3446	
1.9339	6.34338	
1.93146	6.3443	
1.93207	6.3446	
1.93512	6.34399	
1.93604	6.34369	
1.93512	6.34338	
1.93604	6.34399	
1.93512	6.34338	
1.93665	6.34369	
1.93726	6.34338	
1.93634	6.34399	
1.93542	6.34369	
1.93451	6.34399	
1.93604	6.34369	
1.93665	6.3443	
1.93665	6.34399	
1.93542	6.3443	
1.93298	6.34399	
1.9339	6.34399	
1.9339	6.3446	
1.93634	6.34491	
1.9397	6.3443	
1.9397	6.3446	
1.9397	6.3443	
1.94031	6.3446	
1.9397	6.3443	
1.93237	6.34491	
1.93146	6.3446	
1.93268	6.3443	
1.93604	6.3443	
1.93573	6.34369	
1.93634	6.3443	
1.93665	6.34338	
1.93604	6.34338	
1.93451	6.3443	
1.93542	6.3443	
1.93481	6.34399	
1.93756	6.3443	
1.93634	6.3446	
1.9342	6.34369	
1.93237	6.34399	
1.93207	6.3446	
1.93573	6.34399	
1.93604	6.34399	
1.93512	6.34399	
1.93542	6.3443	
1.93665	6.3443	
1.94061	6.34399	
1.94061	6.3443	
1.94031	6.3446	
1.93939	6.34369	
1.93634	6.34369	
1.93146	6.34399	
1.93115	6.34338	
1.93359	6.34399	
1.93085	6.3443	
1.93085	6.34399	
1.9339	6.34399	
1.93329	6.34369	
1.9342	6.3446	
1.93268	6.34399	
1.93451	6.34399	
1.93542	6.34399	
1.93634	6.34369	
1.93512	6.34369	
1.9342	6.34338	
1.93481	6.34399	
1.93512	6.3443	
1.93604	6.34369	
1.93542	6.3446	
1.93481	6.34399	
1.93573	6.3446	
1.93604	6.34369	
1.93604	6.34369	
1.93573	6.3443	
1.93573	6.34338	
1.93604	6.34399	
1.93634	6.34399	
1.93604	6.3446	
1.93634	6.34369	
1.93604	6.34399	
1.93573	6.3443	
1.93481	6.34491	
1.93451	6.34399	
1.93542	6.34369	
1.93512	6.34369	
1.93512	6.34399	
1.93451	6.34369	
1.93359	6.34399	
1.93512	6.34369	
1.93665	6.3446	
1.93359	6.34399	
1.93787	6.34338	
1.93909	6.34399	
1.94061	6.34369	
1.93695	6.34399	
1.93237	6.34247	
1.93146	6.34369	
1.93268	6.34399	
1.93634	6.34399	
1.93604	6.34369	
1.93512	6.34308	
1.9342	6.34308	
1.93298	6.34277	
1.93542	6.34369	
1.93634	6.34399	
1.93634	6.34338	
1.93146	6.34338	
1.93298	6.34399	
1.93634	6.34369	
1.93604	6.34399	
1.93573	6.34338	
1.93634	6.34399	
1.93573	6.34308	
1.93542	6.34308	
1.93817	6.34369	
1.93939	6.34308	
1.93542	6.34338	
1.93268	6.34338	
1.93359	6.34369	
1.9342	6.3443	
1.93024	6.34308	
1.9342	6.34369	
1.93573	6.34338	
1.93512	6.3443	
1.93542	6.34399	
1.93512	6.34369	
1.93573	6.34369	
1.93573	6.34369	
1.9342	6.34369	
1.93359	6.34338	
1.93512	6.34399	
1.93695	6.34369	
1.93451	6.34338	
1.93573	6.34369	
1.93512	6.3443	
1.9339	6.34338	
1.93604	6.34308	
1.93542	6.34277	
1.9342	6.34369	
1.9342	6.34338	
1.93481	6.34338	
1.93146	6.34277	
1.93604	6.34399	
1.93909	6.34369	
1.93726	6.34338	
1.93909	6.3443	
1.93756	6.34399	
1.93481	6.34308	
1.93787	6.34399	
1.93298	6.34308	
1.93298	6.34399	
1.9339	6.34369	
1.93604	6.34308	
1.93604	6.34369	
1.93665	6.34338	
1.93298	6.34399	
1.93298	6.34369	
1.93298	6.34369	
1.93634	6.34399	
1.93481	6.34399	
1.93268	6.34338	
1.93237	6.34369	
1.93542	6.34369	
1.93237	6.34308	
1.93634	6.34338	
1.93573	6.34308	
1.93512	6.34277	
1.9342	6.34369	
1.93787	6.34338	
1.93512	6.34308	
1.93939	6.34338	
1.93726	6.34308	
1.93451	6.34277	
1.93085	6.34308	
1.93146	6.34338	
1.93085	6.34308	
1.93268	6.34277	
1.93054	6.34308	
1.93207	6.34338	
1.93481	6.34338	
1.93481	6.34247	
1.9342	6.34308	
1.93604	6.34369	
1.93451	6.34338	
1.93481	6.34338	
1.93512	6.34277	
1.93207	6.34338	
1.93542	6.34338	
1.93146	6.34338	
1.93512	6.34308	
1.93604	6.34338	
1.9397	6.34369	
1.93878	6.34277	
1.93115	6.34308	
1.9339	6.34308	
1.93512	6.34338	
1.93512	6.34247	
1.93207	6.34338	
1.93237	6.34308	
1.93268	6.34308	
1.93359	6.34277	
1.93665	6.34338	
1.93634	6.34277	
1.93329	6.34277	
1.93146	6.34308	
1.93115	6.34338	
1.93481	6.34277	
1.93665	6.34308	
1.93481	6.34277	
1.93481	6.34338	
1.93573	6.34399	
1.93726	6.34369	
1.93878	6.34277	
1.93756	6.34247	
1.9339	6.34338	
1.93176	6.34308	
1.93024	6.34277	
1.93298	6.34338	
1.93481	6.34308	
1.93512	6.34308	
1.93542	6.34369	
1.9342	6.34308	
1.93512	6.34308	
1.93329	6.34338	
1.93146	6.34338	
1.93634	6.34308	
1.9342	6.34308	
1.93207	6.34308	
1.93542	6.34308	
1.9342	6.34338	
1.93634	6.34277	
1.93268	6.34308	
1.93359	6.34369	
1.93268	6.34369	
1.93634	6.34308	
1.93268	6.34308	
1.93176	6.34338	
1.9342	6.34308	
1.93604	6.34338	
1.93512	6.34247	
1.93512	6.34308	
1.93573	6.34338	
1.93939	6.34338	
1.93115	6.34277	
1.93146	6.34338	
1.93359	6.34399	
1.9342	6.34369	
1.9342	6.34369	
1.93542	6.34338	
1.93451	6.34308	
1.9342	6.34369	
1.93298	6.34308	
1.9342	6.34338	
1.93512	6.34308	
1.9339	6.34338	
1.93085	6.34369	
1.93329	6.34308	
1.93512	6.34338	
1.93542	6.34308	
1.93817	6.34338	
1.93695	6.34399	
1.93237	6.34338	
1.93146	6.34338	
1.93359	6.34308	
1.93512	6.34308	
1.93451	6.34308	
1.93481	6.34277	
1.93359	6.34277	
1.9342	6.34277	
1.9339	6.34277	
1.93085	6.34308	
1.93451	6.34338	
1.93451	6.34369	
1.93298	6.34247	
1.93359	6.34369	
1.93848	6.34369	
1.93298	6.34338	
1.92932	6.34277	
1.9342	6.34277	
1.9339	6.34369	
1.93512	6.34369	
1.93359	6.34247	
1.93481	6.34338	
1.93085	6.34308	
1.93115	6.34338	
1.93756	6.34369	
1.9339	6.34338	
1.92993	6.34247	
1.93298	6.34338	
1.93298	6.34338	
1.93481	6.34308	
1.93359	6.34338	
1.93207	6.34308	
1.93604	6.34308	
1.93481	6.34308	
1.93207	6.34308	
1.93054	6.34277	
1.93024	6.34277	
1.93329	6.34338	
1.93451	6.34308	
1.93451	6.34308	
1.93512	6.34338	
1.93787	6.34338	
1.93573	6.34338	
1.93024	6.34308	
1.93176	6.34338	
1.93329	6.34277	
1.93359	6.34308	
1.93451	6.34338	
1.93359	6.34308	
1.9342	6.34277	
1.93451	6.34308	
1.93115	6.34277	
1.93054	6.34308	
1.93756	6.34308	
1.93542	6.34308	
1.93024	6.34277	
1.93268	6.34308	
1.93359	6.34308	
1.93359	6.34338	
1.93146	6.34247	
1.93237	6.34338	
1.93542	6.34308	
1.93359	6.34369	
1.93237	6.34338	
1.93115	6.34247	
1.93146	6.34277	
1.93451	6.34277	
1.93542	6.34247	
1.93451	6.34369	
1.93359	6.34338	
1.93726	6.3443	
1.92993	6.34277	
1.9339	6.34338	
1.9339	6.34338	
1.93481	6.34247	
1.93268	6.34247	
1.93329	6.34338	
1.93298	6.34277	
1.93176	6.34308	
1.93237	6.34277	
1.93024	6.34247	
1.93298	6.34277	
1.93512	6.34308	
1.93146	6.34247	
1.93451	6.34247	
1.93298	6.34277	
1.93237	6.34216	
1.93359	6.34277	
1.93481	6.34277	
1.93451	6.34277	
1.93329	6.34277	
1.93787	6.34247	
1.93604	6.34216	
1.92902	6.34247	
1.92902	6.34216	
1.9342	6.34338	
1.9342	6.34277	
1.93481	6.34277	
1.93237	6.34247	
1.93268	6.34308	
1.9342	6.34308	
1.93298	6.34247	
1.93146	6.34277	
1.93451	6.34369	
1.93756	6.34186	
1.9339	6.34247	
1.93024	6.34247	
1.93298	6.34277	
1.93481	6.34277	
1.93329	6.34277	
1.93207	6.34277	
1.93207	6.34308	
1.93359	6.34338	
1.9339	6.34277	
1.93542	6.34277	
1.93542	6.34277	
1.93451	6.34308	
1.93054	6.34277	
1.93024	6.34277	
1.93329	6.34338	
1.93481	6.34247	
1.93512	6.34308	
1.93329	6.34216	
1.9339	6.34277	
1.93695	6.34308	
1.93878	6.34277	
1.93604	6.34216	
1.92932	6.34186	
1.93207	6.34216	
1.93237	6.34277	
1.93298	6.34216	
1.93268	6.34216	
1.9342	6.34277	
1.93329	6.34277	
1.93146	6.34308	
1.93176	6.34216	
1.93207	6.34247	
1.93237	6.34277	
1.93481	6.34216	
1.93359	6.34277	
1.93024	6.34308	
1.93054	6.34216	
1.93024	6.34308	
1.93665	6.34277	
1.93512	6.34308	
1.92963	6.34216	
1.92932	6.34247	
1.93237	6.34277	
1.9339	6.34308	
1.93268	6.34308	
1.93268	6.34247	
1.93115	6.34308	
1.93085	6.34308	
1.93298	6.34247	
1.93298	6.34308	
1.93451	6.34247	
1.93451	6.34308	
1.93451	6.34247	
1.93054	6.34247	
1.92993	6.34277	
1.93207	6.34308	
1.93329	6.34338	
1.9339	6.34216	
1.93268	6.34216	
1.93451	6.34277	
1.93451	6.34338	
1.93695	6.34247	
1.9281	6.34247	
1.92963	6.34216	
1.93298	6.34277	
1.93329	6.34247	
1.93298	6.34338	
1.93176	6.34338	
1.93207	6.34216	
1.9339	6.34308	
1.93359	6.34308	
1.93146	6.34277	
1.93207	6.34308	
1.93054	6.34186	
1.92902	6.34308	
1.93146	6.34277	
1.93481	6.34155	
1.93665	6.34369	
1.93573	6.34247	
1.92932	6.34277	
1.92963	6.34277	
1.93054	6.34247	
1.93115	6.34247	
1.9339	6.34308	
1.93268	6.34338	
1.93085	6.34277	
1.9339	6.34247	
1.93329	6.34277	
1.93054	6.34247	
1.9342	6.34308	
1.93237	6.34277	
1.93695	6.34308	
1.9342	6.34277	
1.92719	6.34216	
1.93268	6.34247	
1.93268	6.34216	
1.93359	6.34216	
1.93207	6.34308	
1.93298	6.34247	
1.92963	6.34277	
1.92963	6.34247	
1.93298	6.34308	
1.93634	6.34277	
1.93665	6.34308	
1.93054	6.34247	
1.92902	6.34216	
1.93268	6.34247	
1.93146	6.34247	
1.93054	6.34308	
1.93451	6.34338	
1.93268	6.34277	
1.92902	6.34277	
1.92902	6.34186	
1.93054	6.34277	
1.92993	6.34216	
1.93237	6.34216	
1.9339	6.34247	
1.9342	6.34247	
1.93146	6.34216	
1.93665	6.34338	
1.93268	6.34186	
1.92719	6.34247	
1.92749	6.34277	
1.92871	6.34155	
1.93207	6.34277	
1.93268	6.34186	
1.93176	6.34155	
1.93359	6.34216	
1.93085	6.34216	
1.93146	6.34186	
1.93359	6.34216	
1.93085	6.34125	
1.93451	6.34247	
1.93604	6.34216	
1.93207	6.34247	
1.92932	6.34186	
1.93176	6.34247	
1.93237	6.34186	
1.93085	6.34216	
1.93085	6.34277	
1.9339	6.34125	
1.93176	6.34094	
1.93085	6.34216	
1.9339	6.34277	
1.9342	6.34155	
1.93237	6.34186	
1.9339	6.34216	
1.9339	6.34186	
1.93573	6.34125	
1.93726	6.34216	
1.92749	6.34094	
1.93359	6.34216	
1.93207	6.34155	
1.93207	6.34155	
1.93268	6.34216	
1.9339	6.34216	
1.93085	6.34155	
1.93298	6.34186	
1.92993	6.34155	
1.93115	6.34125	
1.93634	6.34186	
1.92993	6.34216	
1.93176	6.34216	
1.93329	6.34247	
1.93268	6.34186	
1.93054	6.34186	
1.9339	6.34216	
1.93176	6.34155	
1.92871	6.34155	
1.93146	6.34155	
1.93176	6.34125	
1.9339	6.34186	
1.93268	6.34216	
1.93573	6.34155	
1.92688	6.34155	
1.93146	6.34216	
1.93115	6.34186	
1.93329	6.34186	
1.93176	6.34216	
1.93329	6.34186	
1.93298	6.34155	
1.93054	6.34155	
1.93268	6.34186	
1.92841	6.34125	
1.93115	6.34216	
1.93237	6.34125	
1.93085	6.34155	
1.93054	6.34125	
1.93176	6.34155	
1.93268	6.34125	
1.92993	6.34186	
1.93359	6.34155	
1.93329	6.34216	
1.93207	6.34155	
1.92841	6.34125	
1.93085	6.34186	
1.93268	6.34216	
1.93085	6.34216	
1.93268	6.34186	
1.92993	6.34186	
1.93298	6.34125	
1.93451	6.34216	
1.92932	6.34186	
1.93359	6.34216	
1.92993	6.34247	
1.9342	6.34186	
1.93207	6.34125	
1.92902	6.34125	
1.93176	6.34216	
1.9339	6.34094	
1.93237	6.34186	
1.93726	6.34186	
1.92719	6.34125	
1.93207	6.34155	
1.93268	6.34216	
1.93085	6.34186	
1.9339	6.34155	
1.93085	6.34094	
1.92902	6.34155	
1.93451	6.34186	
1.93665	6.34186	
1.93024	6.34186	
1.93115	6.34186	
1.93298	6.34186	
1.93024	6.34125	
1.93359	6.34155	
1.9339	6.34216	
1.92993	6.34155	
1.92932	6.34125	
1.93329	6.34125	
1.93268	6.34155	
1.93176	6.34186	
1.93665	6.34155	
1.93665	6.34125	
1.92719	6.34155	
1.93176	6.34216	
1.93176	6.34125	
1.93176	6.34186	
1.93207	6.34216	
1.93085	6.34308	
1.93573	6.34186	
1.93451	6.34186	
1.92993	6.34155	
1.9278	6.34125	
1.93176	6.34216	
1.93207	6.34125	
1.92963	6.34125	
1.93115	6.34216	
1.93085	6.34155	
1.9278	6.34186	
1.92963	6.34155	
1.93207	6.34155	
1.93176	6.34186	
1.93268	6.34155	
1.93634	6.34186	
1.93542	6.34186	
1.92688	6.34155	
1.93085	6.34155	
1.93146	6.34094	
1.93207	6.34155	
1.93176	6.34155	
1.93085	6.34216	
1.93298	6.34125	
1.9339	6.34155	
1.93054	6.34155	
1.93024	6.34216	
1.93237	6.34155	
1.93176	6.34155	
1.93024	6.34155	
1.9339	6.34216	
1.9281	6.34186	
1.92963	6.34155	
1.93146	6.34155	
1.93329	6.34155	
1.93634	6.34186	
1.9278	6.34186	
1.93085	6.34247	
1.93146	6.34125	
1.93237	6.34155	
1.93176	6.34277	
1.93207	6.34094	
1.93115	6.34186	
1.9281	6.34155	
1.93481	6.34186	
1.92871	6.34155	
1.92841	6.34155	
1.93115	6.34155	
1.93237	6.34125	
1.92932	6.34186	
1.93451	6.34155	
1.93146	6.34186	
1.92963	6.34247	
1.93237	6.34155	
1.93146	6.34186	
1.93359	6.34186	
1.93604	6.34186	
1.9281	6.34155	
1.93115	6.34216	
1.93146	6.34155	
1.93237	6.34186	
1.93115	6.34155	
1.93237	6.34155	
1.93024	6.34155	
1.93329	6.34094	
1.93512	6.34186	
1.93237	6.34155	
1.9281	6.34186	
1.93085	6.34186	
1.93024	6.34064	
1.93146	6.34155	
1.92932	6.34186	
1.92993	6.34125	
1.93207	6.34186	
1.93207	6.34186	
1.93512	6.34155	
1.92688	6.34155	
1.93146	6.34216	
1.93237	6.34155	
1.93329	6.34216	
1.93085	6.34155	
1.93054	6.34125	
1.93481	6.34216	
1.93024	6.34155	
1.92963	6.34155	
1.93115	6.34186	
1.93115	6.34125	
1.92963	6.34125	
1.92963	6.34155	
1.93359	6.34125	
1.93207	6.34155	
1.93298	6.34125	
1.93207	6.34216	
1.93176	6.34216	
1.93085	6.34155	
1.93268	6.34216	
1.93085	6.34125	
1.93542	6.34125	
1.92932	6.34125	
1.93054	6.34064	
1.93085	6.34094	
1.93207	6.34155	
1.9281	6.34125	
1.93146	6.34094	
1.93329	6.34125	
1.93268	6.34155	
1.92657	6.34064	
1.93115	6.34155	
1.93115	6.34186	
1.93268	6.34094	
1.92841	6.34155	
1.9339	6.34125	
1.9281	6.34094	
1.93237	6.34094	
1.93085	6.34064	
1.93085	6.34125	
1.92902	6.34186	
1.93237	6.34155	
1.93665	6.34216	
1.92657	6.34155	
1.93024	6.34155	
1.93207	6.34064	
1.93024	6.34125	
1.93024	6.34094	
1.9281	6.34155	
1.9339	6.34186	
1.92749	6.34125	
1.93115	6.34155	
1.92993	6.34094	
1.93329	6.34094	
1.9278	6.34125	
1.93115	6.34186	
1.93512	6.34155	
1.92657	6.34155	
1.93146	6.34125	
1.92993	6.34155	
1.93024	6.34125	
1.93542	6.34094	
1.92749	6.34155	
1.93115	6.34064	
1.93085	6.34094	
1.92963	6.34125	
1.93176	6.34094	
1.92902	6.34094	
1.93085	6.34186	
1.93542	6.34216	
1.9278	6.34155	
1.93024	6.34155	
1.93176	6.34186	
1.92993	6.34155	
1.92902	6.34186	
1.93115	6.34125	
1.92963	6.34155	
1.93146	6.34186	
1.92963	6.34155	
1.93115	6.34125	
1.9278	6.34155	
1.93268	6.34155	
1.93512	6.34186	
1.92719	6.34125	
1.93085	6.34155	
1.93176	6.34155	
1.93085	6.34094	
1.93115	6.34125	
1.92871	6.34125	
1.93451	6.34155	
1.92688	6.34186	
1.93115	6.34216	
1.93146	6.34155	
1.92902	6.34125	
1.93085	6.34186	
1.92963	6.34186	
1.93237	6.34186	
1.93054	6.34216	
1.93542	6.34277	
1.9281	6.34247	
1.93054	6.34155	
1.93146	6.34155	
1.93054	6.34125	
1.93207	6.34125	
1.92749	6.34125	
1.93573	6.34094	
1.9278	6.34155	
1.93146	6.34125	
1.92871	6.34064	
1.93115	6.34155	
1.92902	6.34094	
1.93115	6.34125	
1.93054	6.34125	
1.9339	6.34125	
1.92688	6.34125	
1.93085	6.34003	
1.92993	6.34094	
1.93176	6.34125	
1.9342	6.34155	
1.92871	6.34125	
1.93085	6.34064	
1.93207	6.34064	
1.93085	6.34125	
1.93146	6.34125	
1.93146	6.34125	
1.93542	6.34186	
1.92932	6.34064	
1.93024	6.34094	
1.93085	6.34094	
1.92993	6.34094	
1.9278	6.34125	
1.93481	6.34125	
1.92749	6.34125	
1.93207	6.34125	
1.93207	6.34155	
1.92902	6.34125	
1.93207	6.34125	
1.93298	6.34064	
1.92657	6.34125	
1.93024	6.34125	
1.93207	6.34125	
1.92963	6.34155	
1.92841	6.34125	
1.93542	6.34155	
1.9281	6.34094	
1.93085	6.34155	
1.92902	6.34094	
1.93054	6.34155	
1.93115	6.34155	
1.92841	6.34094	
1.92993	6.34155	
1.92902	6.34155	
1.93085	6.34094	
1.92932	6.34094	
1.9281	6.34155	
1.9342	6.34155	
1.9281	6.34125	
1.92932	6.34094	
1.93176	6.34155	
1.92688	6.34125	
1.93024	6.34155	
1.93512	6.34094	
1.92627	6.34125	
1.92963	6.34155	
1.93115	6.34064	
1.93085	6.34094	
1.92688	6.34064	
1.9339	6.34033	
1.92749	6.34094	
1.93146	6.34155	
1.92841	6.34064	
1.93207	6.34125	
1.92719	6.34033	
1.93146	6.34125	
1.93207	6.34064	
1.92566	6.34064	
1.93054	6.34064	
1.93085	6.34094	
1.92932	6.34094	
1.92719	6.34125	
1.93298	6.34094	
1.92871	6.34125	
1.92871	6.34125	
1.93268	6.34003	
1.92719	6.34064	
1.93024	6.34125	
1.93176	6.34033	
1.92963	6.34094	
1.93085	6.34064	
1.93054	6.34064	
1.92932	6.34094	
1.92993	6.34125	
1.9339	6.34125	
1.92932	6.34125	
1.93085	6.34064	
1.93268	6.34094	
1.92719	6.34003	
1.93054	6.34033	
1.93329	6.34033	
1.92627	6.34064	
1.93054	6.34033	
1.93024	6.34155	
1.92932	6.34064	
1.93176	6.34064	
1.92719	6.34064	
1.93115	6.34094	
1.92902	6.34094	
1.92932	6.34064	
1.93207	6.34064	
1.93024	6.34094	
1.92749	6.34094	
1.93024	6.34125	
1.92963	6.34033	
1.92688	6.34033	
1.93481	6.34155	
1.92871	6.34125	
1.93054	6.34094	
1.93115	6.34033	
1.92749	6.34003	
1.93085	6.34064	
1.93298	6.34064	
1.92688	6.34094	
1.93024	6.34033	
1.92932	6.34064	
1.92719	6.34125	
1.92993	6.34094	
1.93085	6.34033	
1.93115	6.34033	
1.92688	6.34033	
1.92932	6.34003	
1.93298	6.34064	
1.92963	6.34064	
1.92993	6.34033	
1.93085	6.34064	
1.9278	6.34155	
1.93298	6.34125	
1.93024	6.34094	
1.92719	6.34125	
1.92932	6.34186	
1.93024	6.34033	
1.9342	6.34094	
1.92688	6.34033	
1.92932	6.34064	
1.92993	6.34064	
1.93329	6.34094	
1.92719	6.34033	
1.9278	6.34033	
1.93085	6.34064	
1.9278	6.34125	
1.93024	6.34033	
1.92474	6.34094	
1.92963	6.34094	
1.92902	6.34064	
1.92627	6.34064	
1.92841	6.34033	
1.93085	6.34094	
1.9278	6.34064	
1.9281	6.34064	
1.93115	6.34064	
1.93268	6.34125	
1.92474	6.34094	
1.92963	6.34094	
1.92932	6.34064	
1.92993	6.34064	
1.93268	6.34125	
1.92993	6.34033	
1.92749	6.34033	
1.92566	6.34033	
1.92932	6.34125	
1.92505	6.34064	
1.92932	6.34064	
1.92902	6.34094	
1.92596	6.34094	
1.92963	6.34155	
1.92993	6.34094	
1.9281	6.34125	
1.92902	6.34033	
1.93024	6.34094	
1.9342	6.34094	
1.92505	6.34064	
1.92871	6.34125	
1.92963	6.34125	
1.92627	6.34064	
1.92871	6.34064	
1.92993	6.34125	
1.9281	6.34033	
1.93085	6.34064	
1.93115	6.34125	
1.93298	6.34033	
1.92535	6.34125	
1.92871	6.34125	
1.9281	6.34094	
1.92719	6.34094	
1.93176	6.34155	
1.92932	6.34125	
1.9281	6.34094	
1.92993	6.34033	
1.9281	6.33972	
1.92963	6.34003	
1.92535	6.33911	
1.92963	6.33942	
1.92932	6.34033	
1.93298	6.34033	
1.92932	6.34003	
1.9278	6.33942	
1.92719	6.34033	
1.92902	6.34003	
1.93481	6.34033	
1.92535	6.34064	
1.92871	6.34064	
1.93085	6.34033	
1.93115	6.34064	
1.93176	6.34064	
1.92627	6.34033	
1.92932	6.34033	
1.93054	6.34033	
1.92627	6.34003	
1.92963	6.34064	
1.92505	6.34033	
1.92871	6.34033	
1.92871	6.34033	
1.92871	6.34094	
1.92535	6.34064	
1.92932	6.34033	
1.93054	6.34064	
1.93085	6.34033	
1.93359	6.34094	
1.92535	6.34033	
1.92963	6.34003	
1.93054	6.34033	
1.93298	6.34033	
1.9281	6.34064	
1.92902	6.34064	
1.92841	6.34064	
1.93085	6.34033	
1.9342	6.34033	
1.92688	6.34003	
1.92963	6.34033	
1.92963	6.34064	
1.92566	6.34094	
1.9278	6.34064	
1.93024	6.34033	
1.92963	6.34033	
1.92719	6.34064	
1.92963	6.34003	
1.92688	6.34033	
1.93024	6.34064	
1.92871	6.34064	
1.92993	6.34033	
1.93207	6.34064	
1.92657	6.34033	
1.92963	6.34064	
1.92963	6.33972	
1.92657	6.34003	
1.92963	6.34033	
1.92902	6.34003	
1.92993	6.34003	
1.92841	6.34003	
1.92657	6.33942	
1.92749	6.33972	
1.92993	6.33972	
1.9278	6.34003	
1.93054	6.34033	
1.9278	6.33972	
1.92902	6.34094	
1.92657	6.34033	
1.92963	6.33972	
1.92627	6.34094	
1.92932	6.34003	
1.93054	6.34003	
1.9278	6.34003	
1.93054	6.34033	
1.92963	6.33942	
1.93298	6.34033	
1.9281	6.34003	
1.92871	6.34064	
1.93207	6.33972	
1.92932	6.33972	
1.92566	6.33942	
1.92993	6.34003	
1.93146	6.34033	
1.92688	6.33942	
1.92902	6.33972	
1.92688	6.34033	
1.92871	6.33972	
1.92902	6.34003	
1.93085	6.34003	
1.93359	6.33972	
1.92871	6.34033	
1.9278	6.34064	
1.93024	6.34003	
1.93085	6.33972	
1.93481	6.34064	
1.92932	6.34064	
1.92871	6.33942	
1.93024	6.33972	
1.93115	6.33972	
1.92841	6.33972	
1.92993	6.33942	
1.93085	6.34003	
1.92657	6.33942	
1.92902	6.34003	
1.92596	6.34033	
1.92657	6.34064	
1.92993	6.34033	
1.92993	6.33972	
1.92932	6.34003	
1.92749	6.33942	
1.9278	6.34033	
1.92657	6.34003	
1.92902	6.34003	
1.93329	6.33972	
1.92871	6.34033	
1.92841	6.33972	
1.92535	6.34003	
1.92566	6.33972	
1.92902	6.34003	
1.93085	6.34003	
1.92719	6.33972	
1.93054	6.34064	
1.92413	6.34033	
1.92902	6.34033	
1.92749	6.34003	
1.92719	6.34003	
1.92535	6.34003	
1.92963	6.34003	
1.93054	6.33972	
1.9281	6.33942	
1.93085	6.34003	
1.92413	6.33972	
1.92932	6.34003	
1.92932	6.34003	
1.93298	6.34033	
1.92719	6.34033	
1.92719	6.33972	
1.93024	6.34033	
1.92963	6.34003	
1.93329	6.33972	
1.92444	6.33911	
1.92902	6.33972	
1.92993	6.34003	
1.93085	6.33972	
1.92749	6.34003	
1.92719	6.34033	
1.9278	6.34003	
1.92963	6.34064	
1.93359	6.34064	
1.92719	6.34003	
1.92749	6.34033	
1.92749	6.33972	
1.93268	6.33972	
1.9281	6.34064	
1.92657	6.34003	
1.92749	6.33942	
1.93024	6.34033	
1.93298	6.34003	
1.92719	6.34003	
1.92902	6.34033	
1.92749	6.34033	
1.92657	6.33942	
1.92444	6.33972	
1.9281	6.33911	
1.93085	6.33942	
1.92688	6.34003	
1.92871	6.33972	
1.92352	6.33972	
1.92902	6.33972	
1.92749	6.33972	
1.92444	6.33911	
1.92474	6.34003	
1.92932	6.33972	
1.93207	6.34064	
1.92749	6.34033	
1.92963	6.34064	
1.92444	6.33942	
1.92993	6.34033	
1.92993	6.34003	
1.93237	6.34033	
1.9278	6.34003	
1.92688	6.34003	
1.92688	6.33972	
1.9281	6.34033	
1.92383	6.33911	
1.92871	6.34003	
1.92902	6.34003	
1.93146	6.33911	
1.92688	6.33881	
1.92657	6.33911	
1.92474	6.33911	
1.92841	6.33972	
1.92566	6.33942	
1.9278	6.34003	
1.92749	6.33972	
1.92566	6.33972	
1.93237	6.33972	
1.92841	6.34003	
1.92902	6.34003	
1.92688	6.33942	
1.92871	6.33942	
1.92352	6.33942	
1.92902	6.34003	
1.92932	6.34033	
1.92719	6.34003	
1.92444	6.34033	
1.92749	6.34033	
1.92993	6.33911	
1.92841	6.33942	
1.93207	6.34033	
1.92535	6.33972	
1.9281	6.33972	
1.92871	6.34003	
1.93207	6.34003	
1.9278	6.34003	
1.92719	6.34094	
1.92596	6.34033	
1.92902	6.33972	
1.93268	6.34003	
1.92841	6.34033	
1.9278	6.33972	
1.92902	6.34003	
1.92932	6.33972	
1.92505	6.33942	
1.92871	6.33972	
1.92719	6.33911	
1.92535	6.34003	
1.92841	6.33972	
1.93207	6.34003	
1.9281	6.33972	
1.9281	6.33942	
1.92932	6.33942	
1.93176	6.34064	
1.92413	6.33972	
1.92841	6.33942	
1.92963	6.34064	
1.92535	6.34003	
1.92749	6.33972	
1.92627	6.34003	
1.92841	6.34003	
1.92688	6.34064	
1.92535	6.33972	
1.93085	6.34033	
1.9281	6.34003	
1.92535	6.33942	
1.92871	6.33942	
1.9278	6.34003	
1.92841	6.33972	
1.92596	6.34003	
1.92841	6.33972	
1.9278	6.34033	
1.92871	6.34033	
1.93207	6.34003	
1.92413	6.34003	
1.92719	6.33972	
1.92993	6.34003	
1.92871	6.34033	
1.92932	6.33881	
1.92413	6.33972	
1.92657	6.33972	
1.92688	6.34033	
1.9281	6.33972	
1.92932	6.33942	
1.92627	6.33942	
1.9278	6.33942	
1.92932	6.33972	
1.92505	6.33942	
1.92902	6.33972	
1.93085	6.34003	
1.9281	6.33972	
1.92841	6.33881	
1.92932	6.33911	
1.92841	6.33942	
1.92383	6.33942	
1.9281	6.33942	
1.92932	6.33972	
1.92657	6.33881	
1.92963	6.33972	
1.92413	6.33942	
1.9278	6.33942	
1.92841	6.33881	
1.92932	6.33942	
1.92505	6.33972	
1.92719	6.33972	
1.92932	6.33911	
1.92474	6.33972	
1.92841	6.33972	
1.93207	6.34003	
1.92627	6.33881	
1.92719	6.33972	
1.92963	6.33942	
1.93176	6.34003	
1.92688	6.33911	
1.92902	6.33972	
1.92444	6.33911	
1.92749	6.34033	
1.92261	6.33942	
1.9281	6.33942	
1.92841	6.33911	
1.93024	6.33942	
1.92474	6.33972	
1.92719	6.33972	
1.92993	6.34003	
1.92505	6.33911	
1.92841	6.34003	
1.92841	6.34003	
1.92688	6.33942	
1.9278	6.33972	
1.9278	6.33942	
1.92352	6.33942	
1.9278	6.33972	
1.92505	6.33942	
1.9281	6.33911	
1.92657	6.33942	
1.9281	6.33942	
1.92627	6.33911	
1.93115	6.33942	
1.92383	6.33911	
1.92749	6.34003	
1.9281	6.34033	
1.92841	6.34064	
1.93237	6.34003	
1.92657	6.33972	
1.9281	6.33911	
1.9278	6.33972	
1.93207	6.33942	
1.92841	6.33911	
1.92932	6.34003	
1.92566	6.33972	
1.9278	6.34064	
1.92993	6.33972	
1.9281	6.33911	
1.92902	6.34003	
1.92871	6.33911	
1.92902	6.33911	
1.92627	6.33972	
1.9278	6.33942	
1.92902	6.33942	
1.92596	6.33942	
1.9281	6.33911	
1.93054	6.33942	
1.92413	6.33972	
1.92902	6.33972	
1.92963	6.33942	
1.93085	6.33942	
1.92444	6.33942	
1.9278	6.33881	
1.92932	6.33972	
1.92841	6.33881	
1.93176	6.33942	
1.9278	6.33911	
1.92871	6.33942	
1.92963	6.33972	
1.93085	6.33942	
1.92413	6.33942	
1.92871	6.33911	
1.92902	6.33881	
1.92657	6.33881	
1.92749	6.33911	
1.92291	6.33942	
1.92902	6.33881	
1.92902	6.33911	
1.92963	6.33911	
1.92444	6.33881	
1.92932	6.33972	
1.93054	6.34003	
1.92444	6.33911	
1.9281	6.33942	
1.93207	6.33942	
1.9278	6.34003	
1.92749	6.33881	
1.92505	6.33942	
1.93146	6.33972	
1.92688	6.33911	
1.92688	6.3385	
1.92749	6.33911	
1.92505	6.33942	
1.92688	6.33911	
1.92688	6.33972	
1.92688	6.33942	
1.92688	6.33972	
1.92535	6.33972	
1.9278	6.33972	
1.9278	6.33972	
1.9281	6.33911	
1.92383	6.33942	
1.92657	6.33972	
1.92474	6.33972	
1.92657	6.33972	
1.92535	6.33911	
1.92444	6.33911	
1.92657	6.33942	
1.92688	6.33972	
1.92932	6.33942	
1.92688	6.34033	
1.93054	6.34003	
1.92719	6.33942	
1.92688	6.33942	
1.92566	6.33911	
1.92383	6.33911	
1.9278	6.33881	
1.92932	6.33972	
1.92596	6.33972	
1.92719	6.33942	
1.92566	6.33942	
1.92719	6.33911	
1.92657	6.33911	
1.92505	6.33972	
1.92413	6.33881	
1.9278	6.33911	
1.92902	6.33881	
1.92749	6.33911	
1.93024	6.33881	
1.92749	6.33942	
1.92688	6.33911	
1.92474	6.33911	
1.9281	6.33972	
1.92871	6.33972	
1.92963	6.33942	
1.92566	6.33881	
1.92749	6.33881	
1.92261	6.33911	
1.92749	6.33911	
1.92871	6.3385	
1.93054	6.33942	
1.92657	6.3385	
1.92505	6.33911	
1.9278	6.33911	
1.92871	6.33911	
1.92566	6.33911	
1.92657	6.33881	
1.92688	6.33911	
1.92474	6.33911	
1.92444	6.33881	
1.92535	6.33942	
1.92566	6.33881	
1.92688	6.33942	
1.92383	6.33911	
1.92749	6.33942	
1.9278	6.33942	
1.92871	6.33911	
1.9281	6.33911	
1.9278	6.33911	
1.92444	6.33881	
1.92719	6.33911	
1.92261	6.3385	
1.92841	6.34003	
1.9278	6.33881	
1.92749	6.33911	
1.92627	6.33972	
1.92474	6.33911	
1.92871	6.33942	
1.92749	6.33942	
1.92993	6.33911	
1.92322	6.33881	
1.9278	6.33942	
1.9278	6.33881	
1.92627	6.33911	
1.92444	6.3385	
1.92535	6.33911	
1.92688	6.33972	
1.92749	6.33881	
1.93085	6.33911	
1.92627	6.33911	
1.92688	6.33972	
1.92413	6.33972	
1.92657	6.33911	
1.9278	6.33911	
1.92871	6.33942	
1.92596	6.33942	
1.92688	6.33911	
1.9278	6.33972	
1.92688	6.33942	
1.92535	6.33972	
1.92383	6.34003	
1.92627	6.33942	
1.9281	6.33881	
1.92871	6.33911	
1.92535	6.33911	
1.92719	6.33881	
1.92261	6.3385	
1.92719	6.33911	
1.92749	6.33972	
1.93085	6.33911	
1.92719	6.34003	
1.92688	6.33972	
1.92535	6.33911	
1.92627	6.33881	
1.92169	6.3382	
1.92535	6.33911	
1.92291	6.33881	
1.9223	6.33789	
1.92444	6.3385	
1.92413	6.33881	
1.92657	6.3382	
1.92169	6.33911	
1.92566	6.33911	
1.92627	6.33881	
1.92841	6.33911	
1.92474	6.3385	
1.92474	6.3385	
1.92566	6.33911	
1.92841	6.3382	
1.93146	6.33911	
1.92505	6.33881	
1.92535	6.33881	
1.9223	6.33911	
1.9223	6.3385	
1.92352	6.33881	
1.92291	6.33911	
1.92657	6.33881	
1.92627	6.3385	
1.92535	6.3385	
1.92749	6.33881	
1.92932	6.33942	
1.92596	6.33881	
1.92413	6.3385	
1.92535	6.33881	
1.92719	6.3385	
1.93115	6.33911	
1.92719	6.33972	
1.92657	6.33911	
1.92963	6.33881	
1.92596	6.33911	
1.92444	6.33881	
1.92322	6.33911	
1.92902	6.33911	
1.92291	6.33942	
1.92688	6.33911	
1.92719	6.33911	
1.92596	6.33911	
1.92688	6.33881	
1.92474	6.33911	
1.92627	6.33911	
1.922	6.33942	
1.92657	6.33911	
1.9281	6.33942	
1.93146	6.33911	
1.92566	6.33881	
1.92566	6.33881	
1.92383	6.33942	
1.92596	6.33972	
1.92413	6.33881	
1.92657	6.33911	
1.9278	6.33942	
1.92932	6.33911	
1.92719	6.34003	
1.92841	6.33881	
1.92657	6.33911	
1.93024	6.34003	
1.92657	6.33881	
1.92505	6.33972	
1.92474	6.3385	
1.92322	6.33911	
1.92413	6.3385	
1.92413	6.33911	
1.92902	6.3382	
1.92627	6.3385	
1.92688	6.3382	
1.92352	6.33881	
1.92261	6.3385	
1.92627	6.3382	
1.92841	6.33911	
1.92596	6.33881	
1.93085	6.33911	
1.92657	6.33911	
1.92505	6.3382	
1.92444	6.33881	
1.9278	6.33942	
1.92749	6.3382	
1.92749	6.3385	
1.9278	6.33881	
1.92474	6.33789	
1.92627	6.33911	
1.92596	6.3385	
1.92749	6.3385	
1.92566	6.3385	
1.92841	6.33911	
1.92719	6.3385	
1.93115	6.33942	
1.92657	6.3382	
1.92596	6.33911	
1.9278	6.33881	
1.92596	6.33911	
1.92719	6.33881	
1.92841	6.3385	
1.92719	6.3385	
1.92352	6.3382	
1.92566	6.3385	
1.92535	6.33881	
1.92413	6.33881	
1.92657	6.33881	
1.92688	6.33881	
1.92474	6.33881	
1.93085	6.33881	
1.92657	6.33881	
1.92535	6.3382	
1.92566	6.3385	
1.92383	6.33881	
1.92413	6.33911	
1.92444	6.33881	
1.92566	6.33881	
1.92139	6.33911	
1.92627	6.3382	
1.92566	6.3382	
1.92291	6.3385	
1.92657	6.33911	
1.9278	6.3382	
1.9278	6.33789	
1.92261	6.3385	
1.92657	6.33789	
1.92749	6.3382	
1.92932	6.3385	
1.92688	6.3382	
1.92535	6.33789	
1.92596	6.3385	
1.93024	6.33789	
1.92596	6.3382	
1.92657	6.3382	
1.93054	6.33942	
1.92291	6.3382	
1.92627	6.3385	
1.92657	6.33881	
1.9278	6.3385	
1.93024	6.33881	
1.92535	6.33881	
1.92566	6.3382	
1.92993	6.3385	
1.92627	6.3385	
1.92719	6.3385	
1.92719	6.33881	
1.92627	6.3382	
1.92596	6.33881	
1.92627	6.33942	
1.92841	6.33881	
1.92566	6.33911	
1.92657	6.33881	
1.92291	6.33911	
1.92627	6.33911	
1.92261	6.3385	
1.92688	6.3385	
1.92535	6.33881	
1.922	6.33911	
1.92566	6.3385	
1.92566	6.33881	
1.92749	6.3385	
1.92719	6.3385	
1.92566	6.3382	
1.92688	6.33881	
1.92841	6.33881	
1.92688	6.33911	
1.92719	6.33881	
1.9278	6.3382	
1.9223	6.33911	
1.92627	6.33911	
1.92596	6.33911	
1.92932	6.3385	
1.92688	6.33911	
1.9281	6.33911	
1.92352	6.33881	
1.93024	6.33881	
1.92505	6.33881	
1.92657	6.33881	
1.93024	6.3385	
1.92566	6.33881	
1.92352	6.3385	
1.92291	6.3385	
1.92749	6.3385	
1.92352	6.33881	
1.92566	6.3385	
1.92413	6.33881	
1.92261	6.33789	
1.92566	6.3385	
1.92261	6.33881	
1.92749	6.33911	
1.92383	6.33911	
1.92657	6.3382	
1.92291	6.33759	
1.92169	6.3385	
1.92719	6.3385	
1.92657	6.3385	
1.92413	6.33789	
1.92902	6.33911	
1.92657	6.33881	
1.92474	6.3385	
1.9278	6.33911	
1.92505	6.33911	
1.92413	6.33881	
1.92291	6.3385	
1.92566	6.3385	
1.92139	6.33972	
1.92657	6.3382	
1.92383	6.33789	
1.92383	6.3385	
1.92566	6.3385	
1.92322	6.3382	
1.92535	6.33881	
1.92535	6.3382	
1.92505	6.3385	
1.92627	6.33789	
1.92902	6.33881	
1.92566	6.33881	
1.92474	6.3385	
1.922	6.3382	
1.92596	6.3382	
1.92108	6.3382	
1.92474	6.33789	
1.92139	6.3382	
1.92352	6.3385	
1.9223	6.33789	
1.92566	6.3385	
1.92596	6.33881	
1.92627	6.3385	
1.92444	6.3385	
1.92627	6.3382	
1.92383	6.33789	
1.92444	6.3382	
1.92566	6.3382	
1.92535	6.33881	
1.92169	6.33789	
1.92474	6.3382	
1.92627	6.33789	
1.92841	6.33789	
1.92627	6.3385	
1.92383	6.33881	
1.92505	6.33789	
1.92688	6.3382	
1.92413	6.3385	
1.92627	6.33911	
1.92474	6.3382	
1.92535	6.33911	
1.92627	6.33881	
1.92505	6.33881	
1.92108	6.3382	
1.92505	6.3382	
1.9223	6.33789	
1.92169	6.33728	
1.92413	6.3382	
1.92291	6.33789	
1.9278	6.3382	
1.92383	6.3385	
1.92383	6.33789	
1.92963	6.3385	
1.92657	6.3382	
1.92719	6.3385	
1.92535	6.3385	
1.92535	6.3385	
1.92413	6.3382	
1.92474	6.3382	
1.92993	6.3385	
1.92505	6.3382	
1.92352	6.3382	
1.92261	6.3385	
1.92871	6.33881	
1.92535	6.33759	
1.92383	6.33789	
1.9281	6.33728	
1.92566	6.33789	
1.92749	6.3382	
1.92383	6.3382	
1.92963	6.33759	
1.92474	6.33759	
1.92413	6.3382	
1.92627	6.33789	
1.92291	6.33789	
1.92474	6.3385	
1.92383	6.3382	
1.92474	6.3382	
1.9223	6.33728	
1.92596	6.33728	
1.922	6.33759	
1.92108	6.33759	
1.92352	6.3382	
1.92596	6.33728	
1.92657	6.3385	
1.92993	6.33667	
1.92383	6.3385	
1.92444	6.3382	
1.92841	6.3382	
1.92505	6.33759	
1.92719	6.33759	
1.92535	6.3385	
1.9223	6.33728	
1.92474	6.33789	
1.92566	6.3385	
1.92657	6.33789	
1.92535	6.3382	
1.92505	6.3382	
1.92657	6.33789	
1.92566	6.3382	
1.92413	6.33759	
1.92535	6.33789	
1.92596	6.33789	
1.92474	6.33728	
1.92352	6.3382	
1.92596	6.33789	
1.92871	6.33789	
1.92505	6.33789	
1.92566	6.3382	
1.9278	6.33881	
1.92535	6.3382	
1.92627	6.3382	
1.92719	6.3382	
1.92322	6.3385	
1.92383	6.33881	
1.92261	6.33789	
1.9223	6.3382	
1.92413	6.3385	
1.92169	6.33789	
1.92871	6.3385	
1.92078	6.3385	
1.92535	6.3385	
1.92261	6.33881	
1.92474	6.33789	
1.92535	6.3385	
1.92535	6.3382	
1.92749	6.33881	
1.92566	6.33759	
1.92596	6.3382	
1.92749	6.3385	
1.92535	6.3382	
1.922	6.3385	
1.92932	6.33789	
1.92413	6.33881	
1.92627	6.33881	
1.922	6.33789	
1.92352	6.33759	
1.9223	6.33789	
1.92444	6.33789	
1.922	6.33789	
1.92444	6.3382	
1.92505	6.3385	
1.92505	6.3382	
1.92444	6.33698	
1.92627	6.33789	
1.92108	6.3382	
1.92535	6.33789	
1.92413	6.33789	
1.92596	6.33789	
1.92657	6.33789	
1.92261	6.33759	
1.92566	6.3382	
1.92139	6.33759	
1.92505	6.33789	
1.92566	6.33789	
1.92444	6.3385	
1.92657	6.3382	
1.92474	6.33728	
1.92657	6.33759	
1.92505	6.3382	
1.92657	6.3382	
1.92383	6.3382	
1.92261	6.3382	
1.92139	6.33759	
1.92535	6.3382	
1.92169	6.33759	
1.92352	6.33789	
1.92932	6.33759	
1.92566	6.33789	
1.92566	6.33759	
1.92413	6.33789	
1.92078	6.33728	
1.92535	6.3382	
1.92169	6.3385	
1.92535	6.3385	
1.9278	6.3382	
1.92535	6.33759	
1.92749	6.33759	
1.92535	6.3382	
1.92627	6.33759	
1.93054	6.33789	
1.92627	6.3385	
1.92322	6.3382	
1.92627	6.33881	
1.92444	6.33789	
1.92322	6.3382	
1.92963	6.3382	
1.92596	6.3382	
1.92352	6.33698	
1.92474	6.33789	
1.92047	6.33759	
1.92505	6.3382	
1.92413	6.3382	
1.92352	6.3382	
1.92596	6.33789	
1.92596	6.3385	
1.92596	6.33789	
1.92505	6.3382	
1.92596	6.33789	
1.92749	6.33789	
1.92474	6.3382	
1.92474	6.33759	
1.92444	6.33789	
1.92474	6.33789	
1.92596	6.33759	
1.92322	6.3382	
1.922	6.33698	
1.92078	6.3382	
1.92657	6.33789	
1.9223	6.33789	
1.92383	6.33789	
1.92139	6.33759	
1.92261	6.3382	
1.92535	6.33636	
1.92352	6.3382	
1.92719	6.33789	
1.92383	6.33728	
1.92413	6.33728	
1.92261	6.33759	
1.92383	6.3382	
1.92566	6.33698	
1.92383	6.33759	
1.92444	6.33789	
1.92322	6.33728	
1.92627	6.33728	
1.92535	6.33759	
1.92139	6.33698	
1.92596	6.33789	
1.92413	6.33698	
1.92505	6.33667	
1.92322	6.33728	
1.9223	6.33636	
1.92291	6.33759	
1.92505	6.33759	
1.92505	6.33789	
1.92139	6.33728	
1.9223	6.33667	
1.92627	6.33728	
1.92444	6.3382	
1.92017	6.33728	
1.92413	6.33759	
1.9281	6.33728	
1.92322	6.33667	
1.92047	6.3382	
1.9281	6.33728	
1.92322	6.3382	
1.92505	6.33759	
1.92596	6.33728	
1.92535	6.33789	
1.92535	6.33759	
1.92383	6.33789	
1.91986	6.33789	
1.92474	6.33759	
1.9223	6.33728	
1.92352	6.33759	
1.92627	6.33789	
1.92535	6.33728	
1.91925	6.33698	
1.92413	6.3385	
1.92108	6.33759	
1.92169	6.33789	
1.92566	6.33789	
1.92444	6.33636	
1.92261	6.33789	
1.92505	6.33759	
1.92169	6.33698	
1.92169	6.33728	
1.92169	6.33698	
1.9281	6.33698	
1.92291	6.33759	
1.92291	6.33698	
1.92139	6.33698	
1.922	6.33728	
1.92322	6.33728	
1.92291	6.33759	
1.92383	6.33728	
1.92108	6.33789	
1.92505	6.33698	
1.92261	6.33789	
1.92383	6.33789	
1.92505	6.33728	
1.92413	6.33789	
1.92719	6.33789	
1.92474	6.33728	
1.92078	6.33728	
1.92749	6.33728	
1.92322	6.33667	
1.92291	6.33698	
1.92108	6.33728	
1.92596	6.33789	
1.92535	6.33759	
1.91986	6.33698	
1.92261	6.33698	
1.92505	6.33789	
1.92352	6.33728	
1.92047	6.33698	
1.92596	6.33698	
1.92383	6.33698	
1.92413	6.3382	
1.92291	6.33698	
1.92078	6.33698	
1.92139	6.33667	
1.9281	6.33728	
1.92291	6.33789	
1.92383	6.33698	
1.92139	6.33759	
1.92383	6.33759	
1.92505	6.33667	
1.91956	6.33789	
1.92413	6.33698	
1.92474	6.3385	
1.9223	6.33728	
1.92535	6.33728	
1.92535	6.33789	
1.91925	6.33759	
1.92474	6.33789	
1.92444	6.33728	
1.92383	6.33698	
1.92444	6.33759	
1.92322	6.33728	
1.92352	6.33728	
1.92505	6.33789	
1.9223	6.33728	
1.92139	6.33759	
1.92047	6.33698	
1.92719	6.33728	
1.92291	6.3382	
1.92322	6.33789	
1.92017	6.33698	
1.92169	6.33789	
1.92108	6.33728	
1.92566	6.33789	
1.92291	6.33728	
1.92413	6.33667	
1.92078	6.33698	
1.922	6.33759	
1.92291	6.33698	
1.92749	6.33728	
1.92383	6.33636	
1.9223	6.33789	
1.92169	6.33789	
1.92566	6.33728	
1.92413	6.33789	
1.91864	6.33759	
1.92261	6.33698	
1.9278	6.33789	
1.92413	6.33698	
1.91986	6.33789	
1.9278	6.33759	
1.92261	6.3382	
1.92474	6.33667	
1.92017	6.33667	
1.9223	6.33759	
1.92383	6.33789	
1.92291	6.33759	
1.92383	6.33728	
1.92108	6.33789	
1.92322	6.33698	
1.92505	6.33789	
1.92352	6.33789	
1.92383	6.33698	
1.92322	6.33759	
1.92505	6.33728	
1.92169	6.33789	
1.92047	6.33698	
1.92657	6.33789	
1.92322	6.33728	
1.92444	6.33789	
1.92322	6.33667	
1.92444	6.33698	
1.92566	6.33698	
1.9223	6.33636	
1.92108	6.33667	
1.92169	6.33667	
1.92261	6.33728	
1.92291	6.33789	
1.91956	6.33728	
1.9223	6.33789	
1.92688	6.33789	
1.92291	6.33667	
1.92169	6.33698	
1.92413	6.33789	
1.92139	6.33759	
1.92413	6.33667	
1.92108	6.33789	
1.92505	6.33698	
1.92413	6.33728	
1.91925	6.33698	
1.9223	6.33759	
1.91956	6.33698	
1.92047	6.33759	
1.92078	6.33789	
1.92139	6.33789	
1.92322	6.33728	
1.92657	6.33728	
1.92291	6.33728	
1.92108	6.3382	
1.92352	6.33728	
1.92352	6.33789	
1.92474	6.33759	
1.92444	6.33759	
1.92047	6.33698	
1.9281	6.33728	
1.92291	6.33759	
1.92017	6.33728	
1.92322	6.33759	
1.92535	6.33789	
1.92261	6.33759	
1.91986	6.33789	
1.92261	6.33789	
1.92078	6.33698	
1.92047	6.33759	
1.92291	6.3382	
1.91864	6.33698	
1.9223	6.3382	
1.92749	6.33789	
1.92505	6.33789	
1.9223	6.33667	
1.92596	6.33728	
1.92261	6.33698	
1.92444	6.33789	
1.91956	6.33789	
1.92535	6.33759	
1.92413	6.33698	
1.92139	6.33728	
1.92413	6.33789	
1.92291	6.33789	
1.92169	6.33698	
1.92444	6.33759	
1.91895	6.33728	
1.92352	6.33759	
1.92108	6.33698	
1.9223	6.33728	
1.92047	6.33698	
1.9278	6.33789	
1.92352	6.33728	
1.91956	6.33698	
1.92413	6.33759	
1.92108	6.33789	
1.9278	6.33698	
1.92413	6.33667	
1.9223	6.33759	
1.92322	6.33759	
1.91986	6.33667	
1.92291	6.33698	
1.92352	6.33667	
1.922	6.33789	
1.92322	6.33728	
1.92047	6.33698	
1.92841	6.33728	
1.92261	6.33667	
1.92413	6.33667	
1.91895	6.33667	
1.92291	6.33698	
1.92413	6.33789	
1.91803	6.33698	
1.922	6.33728	
1.92719	6.33698	
1.92413	6.33636	
1.92047	6.33698	
1.92505	6.33698	
1.92383	6.33698	
1.92596	6.33728	
1.92444	6.33759	
1.92108	6.33698	
1.92566	6.33698	
1.92352	6.33698	
1.91986	6.33728	
1.9223	6.33636	
1.92474	6.33698	
1.92261	6.33667	
1.92291	6.33636	
1.92474	6.33728	
1.92017	6.33667	
1.92169	6.33667	
1.92291	6.3382	
1.91803	6.33636	
1.92291	6.33606	
1.92657	6.33789	
1.92108	6.33667	
1.92108	6.33698	
1.92047	6.33698	
1.9223	6.33667	
1.922	6.33698	
1.92047	6.33667	
1.92108	6.33667	
1.91956	6.33698	
1.92291	6.33636	
1.92535	6.33698	
1.92108	6.33667	
1.92352	6.33698	
1.92261	6.33728	
1.92169	6.33667	
1.92657	6.33759	
1.92169	6.33698	
1.92017	6.33636	
1.92169	6.33698	
1.92352	6.33667	
1.92291	6.33636	
1.92413	6.33667	
1.92169	6.33728	
1.92749	6.33667	
1.92413	6.33667	
1.92047	6.33728	
1.92352	6.33667	
1.92291	6.33667	
1.92749	6.33698	
1.92322	6.33728	
1.92139	6.33698	
1.9223	6.33728	
1.92108	6.33728	
1.92596	6.33667	
1.922	6.33667	
1.91925	6.33728	
1.92383	6.33698	
1.91956	6.33667	
1.92566	6.33667	
1.92352	6.33698	
1.91895	6.33728	
1.9223	6.33698	
1.92474	6.33667	
1.92413	6.33728	
1.92169	6.33698	
1.92444	6.33667	
1.91956	6.33728	
1.92474	6.33728	
1.922	6.33636	
1.92261	6.33667	
1.92078	6.33698	
1.92017	6.33606	
1.92322	6.33667	
1.92444	6.33759	
1.91956	6.33667	
1.9223	6.33606	
1.91864	6.33606	
1.92383	6.33667	
1.92291	6.33636	
1.92291	6.33667	
1.92261	6.33667	
1.92078	6.33636	
1.92505	6.33575	
1.92169	6.33636	
1.922	6.33636	
1.91956	6.33667	
1.92291	6.33636	
1.91986	6.33606	
1.91956	6.33698	
1.92322	6.33667	
1.92596	6.33667	
1.92047	6.33698	
1.91895	6.33667	
1.91956	6.33667	
1.92352	6.33636	
1.92444	6.33636	
1.92169	6.33698	
1.92322	6.33636	
1.91895	6.33636	
1.92383	6.33636	
1.91895	6.33667	
1.92383	6.33606	
1.92413	6.33636	
1.91956	6.33667	
1.92139	6.33698	
1.92139	6.33636	
1.92383	6.33667	
1.92352	6.33636	
1.922	6.33728	
1.92261	6.33667	
1.91925	6.33698	
1.92139	6.33759	
1.9223	6.33789	
1.92169	6.33759	
1.92291	6.33698	
1.92078	6.33606	
1.92291	6.33667	
1.92322	6.33698	
1.91986	6.33728	
1.92322	6.33698	
1.91833	6.33667	
1.92474	6.33698	
1.92169	6.33667	
1.92169	6.33667	
1.92383	6.33698	
1.91803	6.33667	
1.92383	6.33698	
1.9223	6.33759	
1.92261	6.33728	
1.9223	6.33636	
1.91925	6.33667	
1.92352	6.33698	
1.92139	6.33667	
1.922	6.33759	
1.92139	6.33667	
1.922	6.33698	
1.92078	6.33698	
1.92444	6.33759	
1.92169	6.33698	
1.91864	6.33667	
1.92352	6.33698	
1.92017	6.33728	
1.91833	6.33698	
1.92169	6.33728	
1.92078	6.33759	
1.9223	6.33728	
1.92291	6.33667	
1.91772	6.33667	
1.92261	6.33728	
1.91803	6.33606	
1.9223	6.33728	
1.92413	6.33667	
1.922	6.33698	
1.92108	6.33698	
1.92352	6.33698	
1.91895	6.33636	
1.91956	6.33667	
1.922	6.33636	
1.91833	6.33698	
1.92383	6.33667	
1.922	6.33698	
1.92169	6.33667	
1.92047	6.33728	
1.92322	6.33667	
1.91925	6.33698	
1.92719	6.33698	
1.9223	6.33667	
1.92413	6.33636	
1.92322	6.33667	
1.91864	6.33698	
1.92383	6.33636	
1.92291	6.33667	
1.91833	6.33728	
1.9223	6.33698	
1.92078	6.33636	
1.92383	6.33698	
1.922	6.33636	
1.91864	6.33667	
1.922	6.33698	
1.91833	6.33606	
1.92535	6.33667	
1.92139	6.33636	
1.91925	6.33636	
1.9223	6.33698	
1.91833	6.33636	
1.92291	6.33636	
1.922	6.33667	
1.92596	6.33636	
1.922	6.33636	
1.91925	6.33667	
1.92566	6.33698	
1.9223	6.33636	
1.92291	6.33606	
1.92322	6.33636	
1.91925	6.33698	
1.92596	6.33698	
1.92139	6.33667	
1.92474	6.33606	
1.9223	6.33667	
1.92047	6.33636	
1.92535	6.33667	
1.92261	6.33636	
1.92383	6.33667	
1.92047	6.33636	
1.91925	6.33606	
1.92413	6.33606	
1.922	6.33759	
1.92535	6.33636	
1.92017	6.33606	
1.92352	6.33606	
1.92047	6.33698	
1.92261	6.33698	
1.91895	6.33636	
1.9223	6.33667	
1.92169	6.33667	
1.922	6.33698	
1.92017	6.33667	
1.92169	6.33636	
1.9223	6.33698	
1.92719	6.33636	
1.92261	6.33636	
1.92047	6.33667	
1.92291	6.33575	
1.91895	6.33575	
1.92413	6.33606	
1.92078	6.33636	
1.91833	6.33698	
1.92291	6.33606	
1.92413	6.33636	
1.91711	6.33636	
1.92078	6.33667	
1.92139	6.33728	
1.92108	6.33636	
1.92291	6.33636	
1.922	6.33667	
1.92017	6.33667	
1.92108	6.33636	
1.92291	6.33667	
1.92505	6.33667	
1.922	6.33698	
1.9223	6.33636	
1.92078	6.33667	
1.92169	6.33606	
1.91772	6.33698	
1.92078	6.33636	
1.91803	6.33698	
1.92352	6.33606	
1.92139	6.33575	
1.9223	6.33636	
1.92078	6.33606	
1.92169	6.33636	
1.91803	6.33575	
1.92352	6.33606	
1.92047	6.33636	
1.92444	6.33606	
1.91956	6.33636	
1.92017	6.33606	
1.92413	6.33667	
1.9223	6.33636	
1.92383	6.33636	
1.92169	6.33575	
1.91895	6.33606	
1.91986	6.33575	
1.92078	6.33545	
1.92596	6.33667	
1.91895	6.33667	
1.92291	6.33636	
1.9165	6.33606	
1.92108	6.33514	
1.91864	6.33606	
1.91986	6.33667	
1.92261	6.33636	
1.91742	6.33575	
1.92017	6.33667	
1.92444	6.33575	
1.92017	6.33667	
1.9223	6.33636	
1.91895	6.33636	
1.91986	6.33636	
1.92139	6.33636	
1.91956	6.33636	
1.92169	6.33667	
1.91864	6.33606	
1.9223	6.33606	
1.92505	6.33575	
1.922	6.33575	
1.91864	6.33636	
1.92444	6.33667	
1.922	6.33575	
1.92627	6.33667	
1.92078	6.33636	
1.91895	6.33636	
1.91711	6.33667	
1.92139	6.33575	
1.91895	6.33514	
1.92352	6.33636	
1.92261	6.33728	
1.91956	6.33606	
1.9223	6.33636	
1.91803	6.33636	
1.91925	6.33667	
1.9223	6.33667	
1.92047	6.33636	
1.92322	6.33575	
1.91986	6.33698	
1.92444	6.33606	
1.922	6.33636	
1.92078	6.33606	
1.91833	6.33636	
1.92139	6.33667	
1.91772	6.33636	
1.92169	6.33667	
1.92139	6.33698	
1.92535	6.33636	
1.92047	6.33667	
1.92261	6.33606	
1.92139	6.33606	
1.91956	6.33636	
1.92169	6.33667	
1.91803	6.33606	
1.922	6.33636	
1.92139	6.33667	
1.92383	6.33545	
1.91895	6.33667	
1.92261	6.33789	
1.91925	6.33636	
1.9223	6.33667	
1.9223	6.33606	
1.91956	6.33636	
1.92627	6.33606	
1.92261	6.33667	
1.92474	6.33636	
1.92078	6.33636	
1.92139	6.33636	
1.92047	6.33606	
1.92291	6.33636	
1.91956	6.33636	
1.92352	6.33636	
1.92139	6.33667	
1.92108	6.33667	
1.92566	6.33667	
1.91986	6.33636	
1.922	6.33606	
1.91772	6.33667	
1.922	6.33636	
1.92139	6.33606	
1.92139	6.33667	
1.92413	6.33636	
1.92169	6.33606	
1.922	6.33606	
1.92139	6.33636	
1.92108	6.33606	
1.91711	6.33575	
1.91986	6.33636	
1.92169	6.33575	
1.91833	6.33484	
1.91864	6.33606	
1.92078	6.33575	
1.91925	6.33575	
1.92139	6.33606	
1.92627	6.33636	
1.92047	6.33636	
1.92291	6.33698	
1.91895	6.33606	
1.92291	6.33698	
1.91833	6.33636	
1.92139	6.33606	
1.91956	6.33545	
1.92017	6.33667	
1.92444	6.33575	
1.92108	6.33545	
1.92444	6.33606	
1.92169	6.33575	
1.92017	6.33636	
1.91772	6.33606	
1.92108	6.33575	
1.91772	6.33606	
1.9223	6.33636	
1.92474	6.33575	
1.9223	6.33575	
1.92505	6.33545	
1.92017	6.33606	
1.92047	6.33667	
1.92078	6.33667	
1.91772	6.33606	
1.92169	6.33606	
1.91803	6.33606	
1.91956	6.33575	
1.91986	6.33636	
1.91681	6.33606	
1.92261	6.33636	
1.92139	6.33636	
1.92078	6.33545	
1.92078	6.33575	
1.92108	6.33606	
1.91803	6.33606	
1.92169	6.33636	
1.92047	6.33606	
1.91742	6.33575	
1.9223	6.33545	
1.92139	6.33636	
1.92139	6.33606	
1.92169	6.33606	
1.92108	6.33606	
1.92047	6.33606	
1.91925	6.33575	
1.91986	6.33606	
1.92108	6.33575	
1.91833	6.33636	
1.91895	6.33575	
1.92078	6.33606	
1.91864	6.33575	
1.922	6.33606	
1.92047	6.33636	
1.92047	6.33575	
1.91925	6.33667	
1.92169	6.33606	
1.91956	6.33606	
1.9165	6.33606	
1.92047	6.33575	
1.9165	6.33667	
1.92078	6.33545	
1.92535	6.33606	
1.92017	6.33636	
1.91772	6.33545	
1.92047	6.33667	
1.92627	6.33636	
1.92139	6.33606	
1.91772	6.33636	
1.91895	6.33606	
1.92078	6.33575	
1.92108	6.33575	
1.91803	6.33606	
1.92078	6.33606	
1.92108	6.33575	
1.91742	6.33575	
1.92017	6.33698	
1.91711	6.33606	
1.92139	6.33575	
1.91956	6.33545	
1.92108	6.33514	
1.91864	6.33636	
1.92078	6.33575	
1.92047	6.33545	
1.9162	6.33545	
1.92078	6.33575	
1.92078	6.33575	
1.91742	6.33514	
1.92352	6.33575	
1.92047	6.33636	
1.92474	6.33545	
1.91895	6.33606	
1.92108	6.33606	
1.92017	6.33575	
1.91864	6.33667	
1.92139	6.33606	
1.91711	6.33514	
1.91803	6.33514	
1.92078	6.33514	
1.92108	6.33575	
1.91925	6.33636	
1.92169	6.33484	
1.9162	6.33575	
1.92169	6.33545	
1.91681	6.33606	
1.92169	6.33545	
1.91986	6.33575	
1.92047	6.33545	
1.91803	6.33575	
1.91986	6.33545	
1.91803	6.33514	
1.92444	6.33575	
1.92078	6.33606	
1.92535	6.33545	
1.91772	6.33545	
1.922	6.33606	
1.91956	6.33545	
1.91956	6.33606	
1.92078	6.33575	
1.91742	6.33545	
1.92017	6.33606	
1.91956	6.33606	
1.91956	6.33606	
1.92169	6.33575	
1.92017	6.33636	
1.92047	6.33575	
1.92017	6.33667	
1.92108	6.33575	
1.91986	6.33636	
1.9162	6.33545	
1.91956	6.33667	
1.91742	6.33606	
1.92169	6.33636	
1.92078	6.33575	
1.92017	6.33606	
1.91956	6.33636	
1.91864	6.33575	
1.922	6.33606	
1.92108	6.33667	
1.91681	6.33575	
1.92139	6.33636	
1.92017	6.33575	
1.91528	6.33606	
1.92047	6.33636	
1.91681	6.33575	
1.92291	6.33545	
1.91956	6.33575	
1.91986	6.33606	
1.91803	6.33575	
1.92108	6.33667	
1.91864	6.33667	
1.92261	6.33606	
1.92108	6.33606	
1.92352	6.33545	
1.91803	6.33575	
1.92108	6.33545	
1.91986	6.33636	
1.91833	6.33575	
1.92078	6.33545	
1.92108	6.33606	
1.92322	6.33606	
1.91925	6.33575	
1.91681	6.33575	
1.92261	6.33575	
1.92169	6.33545	
1.92078	6.33514	
1.92047	6.33606	
1.91925	6.33636	
1.91956	6.33575	
1.91986	6.33636	
1.91742	6.33606	
1.92017	6.33545	
1.92108	6.33606	
1.91925	6.33606	
1.91956	6.33484	
1.91956	6.33545	
1.92017	6.33514	
1.92596	6.33606	
1.922	6.33606	
1.92108	6.33575	
1.91986	6.33606	
1.92017	6.33606	
1.91986	6.33575	
1.92535	6.33514	
1.91956	6.33606	
1.92017	6.33575	
1.92169	6.33575	
1.92474	6.33606	
1.91895	6.33575	
1.91925	6.33514	
1.92047	6.33575	
1.92413	6.33636	
1.922	6.33606	
1.92017	6.33545	
1.92047	6.33606	
1.92413	6.33545	
1.91864	6.33575	
1.92139	6.33484	
1.91986	6.33575	
1.91742	6.33606	
1.92108	6.33575	
1.92169	6.33575	
1.92047	6.33575	
1.91803	6.33575	
1.92108	6.33545	
1.91833	6.33606	
1.92383	6.33606	
1.91956	6.33575	
1.91742	6.33514	
1.92078	6.33514	
1.92474	6.33606	
1.92047	6.33606	
1.9162	6.33545	
1.92169	6.33514	
1.92139	6.33606	
1.92108	6.33606	
1.92078	6.33606	
1.91833	6.33575	
1.92047	6.33575	
1.91925	6.33636	
1.92169	6.33575	
1.91803	6.33575	
1.92017	6.33514	
1.92078	6.33606	
1.92261	6.33606	
1.92078	6.33575	
1.92505	6.33606	
1.92108	6.33606	
1.91803	6.33575	
1.9223	6.33545	
1.92444	6.33575	
1.91956	6.33514	
1.9162	6.33636	
1.92139	6.33575	
1.92322	6.33636	
1.91986	6.33575	
1.91711	6.33575	
1.92139	6.33575	
1.92322	6.33545	
1.92017	6.33545	
1.91956	6.33575	
1.91803	6.33606	
1.91498	6.33514	
1.92078	6.33545	
1.92017	6.33636	
1.91803	6.33606	
1.91528	6.33575	
1.92047	6.33575	
1.91956	6.33606	
1.91681	6.33575	
1.91498	6.33636	
1.92047	6.33545	
1.91864	6.33545	
1.91742	6.33606	
1.92444	6.33545	
1.91833	6.33575	
1.91681	6.33545	
1.91986	6.33575	
1.92322	6.33575	
1.92047	6.33636	
1.91833	6.33575	
1.91742	6.33575	
1.91772	6.33545	
1.91681	6.33575	
1.92139	6.33667	
1.91986	6.33636	
1.91925	6.33606	
1.91772	6.33606	
1.91742	6.33606	
1.92108	6.33606	
1.91895	6.33606	
1.91833	6.33575	
1.92017	6.33545	
1.92139	6.33575	
1.91956	6.33606	
1.91925	6.33606	
1.91956	6.33545	
1.91986	6.33575	
1.91895	6.33575	
1.91681	6.33575	
1.92078	6.33575	
1.92047	6.33575	
1.91803	6.33606	
1.91681	6.33606	
1.92139	6.33575	
1.91772	6.33545	
1.91711	6.33636	
1.91925	6.33606	
1.92078	6.33575	
1.91681	6.33545	
1.91528	6.33545	
1.92108	6.33636	
1.91803	6.33545	
1.91711	6.33606	
1.92444	6.33484	
1.91986	6.33575	
1.91895	6.33514	
1.92139	6.33606	
1.91986	6.33606	
1.92017	6.33606	
1.92474	6.33636	
1.92108	6.33606	
1.92047	6.33575	
1.92017	6.33575	
1.92108	6.33636	
1.91803	6.33545	
1.92047	6.33636	
1.92017	6.33514	
1.9165	6.33575	
1.91956	6.33545	
1.92017	6.33636	
1.91681	6.33575	
1.92108	6.33545	
1.91925	6.33606	
1.91986	6.33636	
1.92444	6.33606	
1.91986	6.33667	
1.91833	6.33667	
1.9223	6.33575	
1.92474	6.33606	
1.92017	6.33514	
1.91956	6.33545	
1.922	6.33575	
1.92078	6.33514	
1.91986	6.33545	
1.92444	6.33545	
1.92139	6.33545	
1.92047	6.33545	
1.92047	6.33606	
1.91772	6.33575	
1.92017	6.33575	
1.92383	6.33606	
1.92017	6.33606	
1.91925	6.33636	
1.9165	6.33575	
1.91528	6.33575	
1.92108	6.33606	
1.92047	6.33575	
1.92139	6.33545	
1.91864	6.33575	
1.92383	6.33575	
1.91925	6.33606	
1.92169	6.33545	
1.91895	6.33575	
1.91742	6.33545	
1.91803	6.33575	
1.91833	6.33606	
1.92108	6.33575	
1.91895	6.33453	
1.91772	6.33484	
1.91803	6.33575	
1.91833	6.33453	
1.91925	6.33636	
1.91833	6.33545	
1.91742	6.33575	
1.9165	6.33545	
1.91864	6.33545	
1.91925	6.33606	
1.91925	6.33545	
1.92352	6.33484	
1.91803	6.33545	
1.91956	6.33575	
1.92017	6.33545	
1.92047	6.33514	
1.92078	6.33575	
1.92139	6.33545	
1.91956	6.33514	
1.92352	6.33514	
1.91956	6.33545	
1.91895	6.33545	
1.91925	6.33514	
1.92352	6.33514	
1.91803	6.33606	
1.91956	6.33545	
1.91803	6.33545	
1.9223	6.33514	
1.91681	6.33545	
1.91895	6.33606	
1.91986	6.33514	
1.92291	6.33545	
1.91742	6.33514	
1.91864	6.33514	
1.91925	6.33545	
1.91681	6.33514	
1.91864	6.33514	
1.91986	6.33575	
1.91986	6.33484	
1.92139	6.33545	
1.91681	6.33545	
1.92047	6.33514	
1.91864	6.33514	
1.91772	6.33575	
1.91925	6.33514	
1.92078	6.33575	
1.91864	6.33606	
1.91833	6.33575	
1.91742	6.33514	
1.92017	6.33484	
1.91864	6.33545	
1.91986	6.33575	
1.91681	6.33514	
1.92017	6.33545	
1.91895	6.33545	
1.922	6.33575	
1.91803	6.33484	
1.92017	6.33514	
1.91925	6.33545	
1.92322	6.33575	
1.92108	6.33545	
1.92413	6.33514	
1.91895	6.33514	
1.91528	6.33514	
1.91986	6.33575	
1.92169	6.33636	
1.91833	6.33453	
1.9162	6.33514	
1.91895	6.33575	
1.91528	6.33545	
1.92139	6.33514	
1.91956	6.33545	
1.91589	6.33545	
1.91437	6.33514	
1.92017	6.33514	
1.91772	6.33575	
1.91772	6.33453	
1.91528	6.33545	
1.92017	6.33575	
1.91956	6.33575	
1.91559	6.33545	
1.91437	6.33575	
1.91986	6.33484	
1.92017	6.33514	
1.92047	6.33545	
1.92017	6.33545	
1.92322	6.33545	
1.91986	6.33545	
1.9223	6.33636	
1.91956	6.33545	
1.92108	6.33484	
1.92017	6.33575	
1.92261	6.33575	
1.91772	6.33545	
1.9162	6.33575	
1.91895	6.33575	
1.92169	6.33606	
1.91803	6.33606	
1.91559	6.33545	
1.91864	6.33514	
1.9223	6.33636	
1.91742	6.33575	
1.9162	6.33514	
1.91986	6.33514	
1.91956	6.33484	
1.91833	6.33514	
1.91772	6.33545	
1.91681	6.33545	
1.9162	6.33514	
1.92047	6.33514	
1.92017	6.33514	
1.91711	6.33575	
1.91681	6.33514	
1.91559	6.33575	
1.91711	6.33514	
1.92108	6.33575	
1.91864	6.33575	
1.91467	6.33484	
1.92047	6.33514	
1.92322	6.33545	
1.91803	6.33514	
1.91528	6.33545	
1.91711	6.33545	
1.91498	6.33514	
1.92047	6.33514	
1.92017	6.33453	
1.91803	6.33636	
1.91895	6.33545	
1.92047	6.33575	
1.91925	6.33575	
1.92322	6.33514	
1.91742	6.33575	
1.9165	6.33545	
1.9162	6.33484	
1.91437	6.33453	
1.91925	6.33545	
1.91956	6.33514	
1.91925	6.33575	
1.91925	6.33545	
1.9223	6.33545	
1.91803	6.33545	
1.92017	6.33606	
1.91925	6.33575	
1.91589	6.33545	
1.91711	6.33575	
1.91589	6.33484	
1.91925	6.33514	
1.91956	6.33514	
1.91528	6.33545	
1.91406	6.33514	
1.92017	6.33514	
1.91895	6.33484	
1.91711	6.33514	
1.91467	6.33606	
1.91833	6.33575	
1.91986	6.33545	
1.91925	6.33575	
1.91711	6.33484	
1.91864	6.33545	
1.91895	6.33514	
1.92017	6.33484	
1.91895	6.33514	
1.9223	6.33545	
1.92078	6.33514	
1.92291	6.33545	
1.91833	6.33514	
1.91681	6.33514	
1.91833	6.33484	
1.92383	6.33484	
1.91742	6.33545	
1.91803	6.33514	
1.91711	6.33606	
1.91406	6.33514	
1.92047	6.33545	
1.91895	6.33545	
1.92047	6.33575	
1.91742	6.33575	
1.92108	6.33514	
1.91833	6.33545	
1.92078	6.33514	
1.91833	6.33606	
1.91772	6.33545	
1.91559	6.33514	
1.9162	6.33484	
1.91925	6.33453	
1.91956	6.33545	
1.92078	6.33545	
1.91925	6.33545	
1.91986	6.33575	
1.9165	6.33545	
1.91956	6.33606	
1.91772	6.33545	
1.91742	6.33545	
1.91559	6.33484	
1.91345	6.33514	
1.91864	6.33545	
1.91895	6.33453	
1.91956	6.33484	
1.91772	6.33484	
1.92139	6.33575	
1.9165	6.33484	
1.91833	6.33545	
1.91772	6.33514	
1.9223	6.33484	
1.91956	6.33484	
1.91956	6.33514	
1.91956	6.33545	
1.92139	6.33575	
1.91925	6.33514	
1.9223	6.33484	
1.91864	6.33484	
1.91864	6.33484	
1.92078	6.33514	
1.91986	6.33484	
1.91864	6.33453	
1.91956	6.33484	
1.91956	6.33484	
1.92291	6.33453	
1.91711	6.33484	
1.91528	6.33484	
1.91742	6.33484	
1.9162	6.33514	
1.91895	6.33453	
1.91772	6.33514	
1.91589	6.33484	
1.91376	6.33484	
1.91772	6.33484	
1.91803	6.33484	
1.91956	6.33484	
1.91864	6.33514	
1.9162	6.33514	
1.9165	6.33514	
1.91895	6.33545	
1.91772	6.33453	
1.9223	6.33545	
1.91925	6.33484	
1.91895	6.33484	
1.91925	6.33484	
1.91895	6.33484	
1.91925	6.33545	
1.92291	6.33484	
1.91711	6.33514	
1.9165	6.33545	
1.91467	6.33484	
1.91559	6.33484	
1.91467	6.33453	
1.91925	6.33514	
1.91986	6.33514	
1.91772	6.33484	
1.9223	6.33453	
1.91864	6.33514	
1.92078	6.33545	
1.91803	6.33453	
1.91589	6.33514	
1.91467	6.33484	
1.91467	6.33514	
1.91528	6.33484	
1.9165	6.33484	
1.91986	6.33514	
1.91895	6.33484	
1.91467	6.33545	
1.91589	6.33514	
1.91467	6.33484	
1.91498	6.33545	
1.91833	6.33545	
1.91986	6.33453	
1.91833	6.33453	
1.92047	6.33514	
1.9165	6.33545	
1.92261	6.33575	
1.91833	6.33484	
1.91467	6.33484	
1.91986	6.33514	
1.92108	6.33484	
1.91925	6.33423	
1.91925	6.33514	
1.91925	6.33484	
1.91895	6.33484	
1.92108	6.33514	
1.91833	6.33453	
1.92322	6.33514	
1.91895	6.33453	
1.91711	6.33453	
1.91559	6.33453	
1.91406	6.33514	
1.91467	6.33423	
1.91711	6.33453	
1.91772	6.33484	
1.91803	6.33484	
1.92078	6.33453	
1.91925	6.33453	
1.92261	6.33514	
1.91681	6.33514	
1.91711	6.33453	
1.9162	6.33545	
1.91803	6.33545	
1.91498	6.33484	
1.9162	6.33514	
1.92017	6.33545	
1.91833	6.33545	
1.91772	6.33514	
1.91895	6.33453	
1.91803	6.33545	
1.92047	6.33484	
1.91986	6.33484	
1.91895	6.33453	
1.91772	6.33453	
1.91559	6.33514	
1.91833	6.33514	
1.91864	6.33514	
1.91528	6.33484	
1.91895	6.33484	
1.9165	6.33423	
1.91498	6.33514	
1.91589	6.33484	
1.9223	6.33514	
1.9165	6.33514	
1.9165	6.33423	
1.91589	6.33575	
1.91772	6.33514	
1.91467	6.33484	
1.9162	6.33484	
1.91681	6.33453	
1.91864	6.33514	
1.91589	6.33545	
1.91681	6.33514	
1.91833	6.33484	
1.91956	6.33453	
1.91864	6.33484	
1.91895	6.33514	
1.91711	6.33514	
1.91986	6.33545	
1.91803	6.33484	
1.91711	6.33484	
1.91864	6.33453	
1.92017	6.33484	
1.92047	6.33514	
1.9223	6.33484	
1.91681	6.33484	
1.91833	6.33545	
1.91925	6.33453	
1.91711	6.33453	
1.92383	6.33545	
1.92017	6.33545	
1.92291	6.33484	
1.91803	6.33484	
1.9165	6.33514	
1.91528	6.33484	
1.91528	6.33514	
1.9162	6.33545	
1.9162	6.33484	
1.92169	6.33575	
1.91772	6.33514	
1.91742	6.33514	
1.91559	6.33484	
1.91772	6.33514	
1.91956	6.33484	
1.91833	6.33514	
1.92261	6.33606	
1.9162	6.33484	
1.91833	6.33514	
1.91803	6.33453	
1.91711	6.33514	
1.92261	6.33484	
1.91772	6.33484	
1.91986	6.33514	
1.91681	6.33545	
1.91681	6.33545	
1.91498	6.33423	
1.91345	6.33545	
1.91711	6.33453	
1.91711	6.33545	
1.92261	6.33514	
1.91711	6.33514	
1.91711	6.33545	
1.91711	6.33514	
1.9165	6.33484	
1.91589	6.33514	
1.91833	6.33514	
1.91833	6.33545	
1.91864	6.33484	
1.92139	6.33514	
1.91803	6.33545	
1.92291	6.33514	
1.91742	6.33484	
1.91742	6.33453	
1.91467	6.33484	
1.91589	6.33514	
1.91803	6.33545	
1.91711	6.33514	
1.91956	6.33453	
1.91772	6.33484	
1.92078	6.33545	
1.91956	6.33514	
1.91528	6.33484	
1.91803	6.33423	
1.91895	6.33545	
1.91956	6.33453	
1.91864	6.33453	
1.91498	6.33453	
1.91711	6.33484	
1.91711	6.33484	
1.91956	6.33453	
1.91895	6.33484	
1.91498	6.33484	
1.91559	6.33514	
1.91742	6.33484	
1.9162	6.33453	
1.92047	6.33484	
1.91803	6.33545	
1.91345	6.33514	
1.91467	6.33423	
1.91498	6.33453	
1.91559	6.33484	
1.91498	6.33423	
1.92047	6.33514	
1.9165	6.33545	
1.9162	6.33423	
1.91589	6.33484	
1.91406	6.33484	
1.91498	6.33453	
1.91589	6.33514	
1.91742	6.33423	
1.91833	6.33453	
1.91437	6.33484	
1.91681	6.33423	
1.91742	6.33453	
1.91956	6.33514	
1.91711	6.33453	
1.9223	6.33453	
1.91589	6.33453	
1.91711	6.33453	
1.91711	6.33484	
1.91742	6.33514	
1.922	6.33453	
1.91895	6.33514	
1.91589	6.33453	
1.91467	6.33453	
1.9165	6.33453	
1.92017	6.33514	
1.9165	6.33453	
1.91742	6.33453	
1.91559	6.33453	
1.91833	6.33484	
1.92017	6.33453	
1.91772	6.33392	
1.92261	6.33514	
1.9162	6.33423	
1.91772	6.33514	
1.91742	6.33514	
1.91742	6.33484	
1.92169	6.33484	
1.92017	6.33453	
1.92108	6.33453	
1.91803	6.33453	
1.91742	6.33484	
1.91864	6.33453	
1.91803	6.33423	
1.91589	6.33484	
1.91467	6.33484	
1.91254	6.33514	
1.91803	6.33453	
1.91803	6.33453	
1.91864	6.33423	
1.91711	6.33453	
1.92017	6.33514	
1.91681	6.33453	
1.91406	6.33484	
1.91498	6.33453	
1.91528	6.33453	
1.91742	6.33453	
1.91833	6.33484	
1.91528	6.33453	
1.91711	6.33453	
1.91559	6.33484	
1.91833	6.33423	
1.91895	6.33453	
1.91589	6.33362	
1.91772	6.33453	
1.91772	6.33453	
1.91833	6.33453	
1.92261	6.33545	
1.91681	6.33453	
1.91833	6.33484	
1.91833	6.33453	
1.91711	6.33392	
1.91986	6.33484	
1.91589	6.33484	
1.91315	6.33423	
1.91589	6.33514	
1.91528	6.33392	
1.91925	6.33423	
1.91681	6.33514	
1.91406	6.33484	
1.91498	6.33423	
1.91559	6.33453	
1.91437	6.33514	
1.9165	6.33484	
1.922	6.33453	
1.91772	6.33392	
1.91833	6.33484	
1.91803	6.33453	
1.91772	6.33484	
1.91345	6.33453	
1.91437	6.33484	
1.91772	6.33453	
1.9165	6.33453	
1.91467	6.33453	
1.91284	6.33453	
1.92139	6.33423	
1.91681	6.33453	
1.91589	6.33453	
1.91925	6.33392	
1.91833	6.33453	
1.92047	6.33423	
1.91589	6.33423	
1.91833	6.33362	
1.91742	6.33453	
1.91895	6.33514	
1.91681	6.33453	
1.91528	6.33514	
1.91589	6.33453	
1.9223	6.33514	
1.91895	6.33423	
1.9162	6.33423	
1.91833	6.33423	
1.91864	6.33423	
1.91803	6.33484	
1.91803	6.33484	
1.91589	6.33484	
1.91467	6.33453	
1.9165	6.33514	
1.91589	6.33423	
1.91498	6.33484	
1.92139	6.33484	
1.91742	6.33514	
1.91772	6.33453	
1.91925	6.33484	
1.91742	6.33514	
1.9162	6.33392	
1.9162	6.33423	
1.9162	6.33423	
1.92047	6.33423	
1.91895	6.33392	
1.91376	6.33392	
1.91345	6.33423	
1.91528	6.33484	
1.9223	6.33484	
1.91772	6.33453	
1.91803	6.33453	
1.91803	6.33453	
1.91742	6.33484	
1.92047	6.33484	
1.91864	6.33453	
1.922	6.33545	
1.91833	6.33545	
1.91681	6.33423	
1.91528	6.33514	
1.91406	6.33423	
1.91437	6.33514	
1.91559	6.33514	
1.92108	6.33453	
1.91742	6.33423	
1.91803	6.33453	
1.91711	6.33484	
1.91742	6.33453	
1.91376	6.33392	
1.91437	6.33484	
1.91589	6.33484	
1.9162	6.33453	
1.91925	6.33453	
1.92169	6.33484	
1.91559	6.33484	
1.9165	6.33484	
1.91681	6.33392	
1.91772	6.33514	
1.91284	6.33453	
1.91406	6.33453	
1.91742	6.33423	
1.92139	6.33514	
1.91742	6.33453	
1.91193	6.33453	
1.91437	6.33423	
1.91589	6.33484	
1.92169	6.33453	
1.91711	6.33484	
1.9162	6.33514	
1.91803	6.33484	
1.91711	6.33514	
1.91925	6.33453	
1.91833	6.33423	
1.91315	6.33392	
1.91406	6.33423	
1.91589	6.33423	
1.92017	6.33453	
1.91681	6.33484	
1.91772	6.33423	
1.91711	6.33423	
1.91772	6.33423	
1.91406	6.33392	
1.91376	6.33392	
1.9162	6.33423	
1.92078	6.33453	
1.91803	6.33362	
1.91223	6.33453	
1.91803	6.33484	
1.91864	6.33392	
1.91803	6.33453	
1.91772	6.33331	
1.91284	6.33392	
1.91437	6.33484	
1.9162	6.33484	
1.91956	6.33362	
1.91559	6.33423	
1.922	6.33514	
1.91711	6.33453	
1.91772	6.33453	
1.91895	6.33423	
1.91772	6.33392	
1.91437	6.33392	
1.91498	6.33453	
1.91254	6.33362	
1.91681	6.33453	
1.91742	6.33453	
1.91772	6.33423	
1.91559	6.33453	
1.91437	6.33392	
1.92047	6.33423	
1.91895	6.33453	
1.91772	6.33423	
1.91711	6.33392	
1.91772	6.33453	
1.91589	6.33453	
1.91589	6.33453	
1.91681	6.33392	
1.91956	6.33484	
1.91833	6.33484	
1.922	6.33423	
1.91803	6.33423	
1.91803	6.33453	
1.91711	6.33453	
1.9165	6.33453	
1.91467	6.33392	
1.91589	6.33453	
1.91681	6.33423	
1.91864	6.33392	
1.91895	6.33423	
1.92017	6.33453	
1.9165	6.33453	
1.91559	6.33392	
1.91711	6.33423	
1.9165	6.33423	
1.91498	6.33453	
1.91559	6.33484	
1.9162	6.33423	
1.92047	6.33453	
1.91803	6.33514	
1.91162	6.33453	
1.91528	6.33453	
1.91437	6.33453	
1.91711	6.33484	
1.91803	6.33484	
1.91315	6.33453	
1.91559	6.33453	
1.9162	6.33484	
1.91498	6.33484	
1.91376	6.33484	
1.9162	6.33514	
1.91437	6.33423	
1.91742	6.33423	
1.91681	6.33453	
1.91803	6.33453	
1.91681	6.33453	
1.91772	6.33545	
1.91681	6.33453	
1.91254	6.33423	
1.91376	6.33453	
1.91681	6.33545	
1.91833	6.33514	
1.91406	6.33514	
1.91681	6.33484	
1.92017	6.33453	
1.91589	6.33514	
1.91742	6.33514	
1.92047	6.33423	
1.91498	6.33514	
1.91254	6.33423	
1.91956	6.33392	
1.9162	6.33453	
1.91193	6.33392	
1.92047	6.33423	
1.91742	6.33514	
1.91284	6.33423	
1.91498	6.33514	
1.9165	6.33484	
1.91315	6.33453	
1.91376	6.33484	
1.91589	6.33453	
1.92017	6.33362	
1.91833	6.33392	
1.91528	6.33423	
1.91895	6.33423	
1.91711	6.33453	
1.91559	6.33453	
1.91986	6.33453	
1.91559	6.33423	
1.91742	6.33453	
1.91742	6.33453	
1.91742	6.33392	
1.91345	6.33423	
1.91284	6.33423	
1.9165	6.33453	
1.92047	6.33453	
1.9162	6.33484	
1.9223	6.33392	
1.91498	6.33392	
1.9162	6.33392	
1.91742	6.33423	
1.91681	6.33362	
1.91376	6.33362	
1.91559	6.33392	
1.91162	6.33423	
1.91437	6.33423	
1.91376	6.33484	
1.92108	6.33392	
1.91528	6.33423	
1.9165	6.33453	
1.91742	6.33392	
1.91742	6.33423	
1.91467	6.33484	
1.91406	6.33484	
1.91101	6.33392	
1.91345	6.33484	
1.91437	6.33362	
1.91559	6.33423	
1.91559	6.33392	
1.91315	6.33392	
1.91376	6.33453	
1.91467	6.33453	
1.91406	6.33392	
1.91742	6.33453	
1.92047	6.33453	
1.91742	6.33484	
1.91681	6.33392	
1.91589	6.33392	
1.9162	6.33423	
1.9162	6.33423	
1.9165	6.33453	
1.91803	6.33453	
1.91772	6.33423	
1.91681	6.33484	
1.91589	6.33423	
1.91589	6.33453	
1.91345	6.33362	
1.91406	6.33423	
1.91711	6.33423	
1.91895	6.33484	
1.91742	6.33392	
1.91711	6.33392	
1.91803	6.33423	
1.91711	6.33423	
1.91803	6.33392	
1.91711	6.33453	
1.91254	6.33423	
1.91467	6.33453	
1.9162	6.33392	
1.92047	6.33392	
1.91742	6.33392	
1.91772	6.33423	
1.91711	6.33362	
1.91711	6.33362	
1.91681	6.33453	
1.91589	6.33392	
1.91254	6.33301	
1.91467	6.33392	
1.9165	6.33453	
1.91711	6.33423	
1.91589	6.33392	
1.91803	6.33453	
1.91803	6.33453	
1.91528	6.33392	
1.91772	6.33423	
1.9165	6.33392	
1.86798	6.33514	
1.64551	6.34857	
1.32172	6.37695	
0.995178	6.42029	
0.715027	6.47583	
0.502319	6.54297	
0.345459	6.61743	
0.239563	6.6925	
0.163269	6.76422	
0.106201	6.82526	
0.0701904	6.87408	
0.0469971	6.91223	
0.0323486	6.93878	
0.0204468	6.95801	
0.0140381	6.97083	
0.00701904	6.97906	
0.00579834	6.98486	
0.00579834	6.98883	
0.00457764	6.99188	
0.00640869	6.9931	
0.00244141	6.9928	
-0.00213623	6.99493	
-0.000915527	6.99615	
0.00152588	6.99677	
0.00366211	6.99432	
0.00305176	6.99432	
0	6.99585	
0.000915527	6.99585	
0.000610352	6.99677	
0.00183105	6.99585	
0.00244141	6.99615	
0.00213623	6.99615	
-0.00183105	6.99554	
-0.00213623	6.99646	
0.0012207	6.99585	
0.00335693	6.99646	
-0.000915527	6.99554	
-0.0012207	6.99615	
0.000610352	6.99646	
0.00335693	6.99615	
0.00488281	6.99677	
0.00305176	6.99615	
0.0012207	6.99615	
0.00244141	6.99585	
0.000915527	6.99615	
0.00213623	6.99615	
0.00457764	6.99646	
0.00274658	6.99646	
0.00213623	6.99646	
0.00152588	6.99554	
0.000915527	6.99585	
0.000305176	6.99615	
0.00305176	6.99585	
0.00213623	6.99615	
0	6.99615	
0.00183105	6.99585	
0.000915527	6.99554	
0.00335693	6.99554	
0.000305176	6.99585	
0	6.99585	
0.00610352	6.99615	
0.00305176	6.99677	
-0.00244141	6.99677	
-0.00183105	6.99585	
0.00457764	6.99646	
-0.00274658	6.99554	
-0.00183105	6.99615	
0.00152588	6.99615	
0.00640869	6.99615	
0.00274658	6.99615	
0.000915527	6.99646	
0.00213623	6.99585	
0.000305176	6.99554	
0.00335693	6.99646	
0.00305176	6.99585	
0.00213623	6.99615	
0.000305176	6.99524	
0.00244141	6.99554	
0.00152588	6.99585	
-0.00152588	6.99524	
-0.000305176	6.99554	
0.00152588	6.99615	
0.00579834	6.99646	
0.00366211	6.99615	
-0.00244141	6.99585	
0.00610352	6.99554	
0.00396729	6.99707	
-0.00305176	6.99646	
-0.00152588	6.99615	
-0.000305176	6.99554	
0.00396729	6.99677	
0	6.99646	
-0.000610352	6.99615	
0.00427246	6.99707	
0.000305176	6.99585	
0.000305176	6.99646	
0.00610352	6.99615	
0.00335693	6.99615	
0	6.99677	
0.00640869	6.99585	
0.00213623	6.99646	
0.000915527	6.99615	
0.00518799	6.99615	
0.00183105	6.99646	
0.00213623	6.99615	
0.00244141	6.99554	
0.00244141	6.99615	
0.0012207	6.99646	
0.00213623	6.99615	
0.00213623	6.99585	
-0.00183105	6.99524	
0.00244141	6.99707	
0.00213623	6.99615	
-0.0012207	6.99646	
0	6.99646	
0.000915527	6.99615	
-0.000305176	6.99615	
0	6.99585	
0.0012207	6.99554	
0.00305176	6.99707	
0.00274658	6.99615	
-0.00274658	6.99585	
0.00579834	6.99615	
0.00152588	6.99554	
-0.000915527	6.99677	
0.00305176	6.99585	
0.00305176	6.99554	
-0.00274658	6.99585	
-0.00152588	6.99646	
-0.000305176	6.99554	
0.00610352	6.99615	
0.00183105	6.99615	
0.00274658	6.99554	
0.00274658	6.99707	
0.00183105	6.99585	
0.000610352	6.99615	
0.00335693	6.99615	
0.00244141	6.99677	
0.00152588	6.99615	
0.00610352	6.99524	
0.00274658	6.99554	
0.000305176	6.99646	
0.00610352	6.99677	
0.00366211	6.99554	
-0.000610352	6.99585	
0.00396729	6.99585	
0.00152588	6.99646	
0.00183105	6.99615	
0.00366211	6.99615	
0.00244141	6.99615	
0.000915527	6.99585	
0.00335693	6.99677	
0.00244141	6.99677	
0	6.99615	
0.00579834	6.99646	
0.00274658	6.99585	
0.000305176	6.99585	
0.00671387	6.99646	
0.00244141	6.99677	
0.00213623	6.99585	
0.000610352	6.99615	
0.0012207	6.99615	
0.00183105	6.99585	
0.00274658	6.99646	
0.00244141	6.99646	
0.0012207	6.99677	
0.00335693	6.99554	
0.00244141	6.99615	
-0.000915527	6.99615	
0.00152588	6.99615	
0.00305176	6.99615	
-0.000610352	6.99615	
0.00274658	6.99646	
0.00274658	6.99615	
0	6.99646	
0.00274658	6.99585	
0.00244141	6.99615	
-0.000610352	6.99677	
0.000305176	6.99585	
0.0012207	6.99677	
-0.00274658	6.99615	
0.000305176	6.99585	
0.00244141	6.99585	
0.000915527	6.99707	
0.00366211	6.99615	
0.00244141	6.99646	
0.00213623	6.99585	
0.00305176	6.99585	
0.00213623	6.99585	
0	6.99554	
0.00152588	6.99615	
0.00213623	6.99585	
0	6.99615	
0.00152588	6.99585	
0.00213623	6.99615	
0.00274658	6.99615	
0.00366211	6.99585	
0.000915527	6.99585	
0.00244141	6.99585	
0.00488281	6.99615	
0.00152588	6.99585	
0.0012207	6.99554	
0.00549316	6.99615	
0.00335693	6.99615	
-0.000305176	6.99646	
0.00671387	6.99615	
0.00244141	6.99585	
0.000305176	6.99585	
0.00488281	6.99554	
0.00305176	6.99707	
0.0012207	6.99554	
0.00396729	6.99677	
0.00335693	6.99646	
0.00244141	6.99646	
0.00213623	6.99677	
0.00152588	6.99585	
0.00183105	6.99615	
0.00152588	6.99615	
0.000915527	6.99738	
0.00183105	6.99585	
0.00213623	6.99615	
0.00213623	6.99615	
-0.00213623	6.99554	
-0.000610352	6.99585	
0.0012207	6.99677	
0	6.99585	
-0.000305176	6.99646	
-0.00183105	6.99585	
0.00335693	6.99585	
0.00335693	6.99677	
0	6.99585	
0.000610352	6.99646	
0.00366211	6.99615	
-0.000305176	6.99615	
-0.000610352	6.99646	
0.000305176	6.99615	
0.00579834	6.99615	
0.00183105	6.99585	
0	6.99615	
0.00152588	6.99524	
0.00213623	6.99585	
-0.000610352	6.99615	
0.00396729	6.99585	
0.00244141	6.99646	
-0.000305176	6.99646	
0.00549316	6.99646	
0.000915527	6.99554	
-0.000915527	6.99615	
0.00640869	6.99554	
0.00213623	6.99615	
0.000915527	6.99585	
0.00640869	6.99585	
0.00183105	6.99646	
0	6.99554	
0.0012207	6.99646	
-0.000610352	6.99615	
0.00274658	6.99707	
-0.00183105	6.99585	
0.00366211	6.99615	
0.000305176	6.99646	
0.0012207	6.99585	
-0.00183105	6.99585	
0.000305176	6.99707	
0.00183105	6.99585	
-0.00213623	6.99646	
-0.00213623	6.99585	
0.00183105	6.99615	
-0.000915527	6.99585	
-0.00152588	6.99615	
0.0012207	6.99707	
0.00457764	6.99615	
0.000915527	6.99554	
-0.000915527	6.99615	
0.00335693	6.99585	
0.00213623	6.99646	
0.000610352	6.99585	
0.0012207	6.99554	
0.00335693	6.99677	
0.000305176	6.99585	
0.00579834	6.99585	
-0.000915527	6.99615	
0.00183105	6.99585	
0.00518799	6.99677	
0.00213623	6.99646	
0.00213623	6.99585	
0.00335693	6.99585	
-0.000610352	6.99615	
0.00183105	6.99677	
0.00610352	6.99646	
0.00244141	6.99615	
-0.00213623	6.99646	
0.00305176	6.99585	
0.00305176	6.99585	
-0.00213623	6.99646	
-0.00152588	6.99585	
0.00335693	6.99646	
-0.000610352	6.99554	
0.00152588	6.99585	
0.00152588	6.99615	
0.00701904	6.99646	
-0.000610352	6.99585	
0.00213623	6.99585	
-0.00183105	6.99615	
0.00152588	6.99585	
0.00183105	6.99585	
-0.00183105	6.99554	
-0.00152588	6.99646	
0.00396729	6.99615	
-0.00366211	6.99585	
0.00274658	6.99646	
0.00152588	6.99585	
0.00183105	6.99554	
0.00579834	6.99646	
0.000305176	6.99615	
0.00152588	6.99615	
0.00579834	6.99585	
-0.00152588	6.99615	
0.0012207	6.99646	
0.00549316	6.99615	
0.000915527	6.99554	
-0.000305176	6.99585	
0.00366211	6.99677	
-0.000915527	6.99554	
0.00152588	6.99615	
-0.000305176	6.99677	
0.00213623	6.99615	
0.00183105	6.99585	
0	6.99615	
0.00274658	6.99585	
0.00274658	6.99646	
0.00244141	6.99615	
0.00305176	6.99585	
0.00183105	6.99554	
